/*******************************************************************************
 * 中文精简字库(自动生成,勿手改)—— tools/gen_font_cn.swift
 * 苹方 PingFang SC 15px,4bpp,361 字;透明边缘无损裁剪,字距 16px。
 * 作为 unscii/montserrat 的 fallback 挂在 i18n.c;新增中文文案后重跑脚本。
 ******************************************************************************/
#include "lvgl.h"

static LV_ATTRIBUTE_LARGE_CONST const uint8_t glyph_bitmap[] = {
    /* U+4E00 "一" */
    0x11, 0x11, 0x11, 0x11, 0x11, 0x11, 0x10, 0xef, 0xff, 0xff, 0xff, 0xff, 0xff, 0xf9,

    /* U+4E09 "三" */
    0x04, 0x55, 0x55, 0x55, 0x55, 0x55, 0x30, 0x08, 0xaa, 0xaa, 0xaa, 0xaa, 0xaa, 0x50, 0x00, 0x00,
    0x00, 0x00, 0x00, 0x00, 0x00, 0x00, 0x00, 0x00, 0x00, 0x00, 0x00, 0x00, 0x00, 0x00, 0x00, 0x00,
    0x00, 0x00, 0x00, 0x00, 0x00, 0x00, 0x00, 0x00, 0x00, 0x00, 0x00, 0xcf, 0xff, 0xff, 0xff, 0xf7,
    0x00, 0x00, 0x11, 0x11, 0x11, 0x11, 0x10, 0x00, 0x00, 0x00, 0x00, 0x00, 0x00, 0x00, 0x00, 0x00,
    0x00, 0x00, 0x00, 0x00, 0x00, 0x00, 0x00, 0x00, 0x00, 0x00, 0x00, 0x00, 0x00, 0x56, 0x66, 0x66,
    0x66, 0x66, 0x66, 0x63, 0xab, 0xbb, 0xbb, 0xbb, 0xbb, 0xbb, 0xb6,

    /* U+4E0A "上" */
    0x00, 0x00, 0x02, 0x40, 0x00, 0x00, 0x00, 0x00, 0x00, 0x06, 0xa0, 0x00, 0x00, 0x00, 0x00, 0x00,
    0x06, 0xa0, 0x00, 0x00, 0x00, 0x00, 0x00, 0x06, 0xa0, 0x00, 0x00, 0x00, 0x00, 0x00, 0x06, 0xa0,
    0x00, 0x00, 0x00, 0x00, 0x00, 0x06, 0xea, 0xaa, 0xaa, 0x20, 0x00, 0x00, 0x06, 0xc6, 0x66, 0x66,
    0x10, 0x00, 0x00, 0x06, 0xa0, 0x00, 0x00, 0x00, 0x00, 0x00, 0x06, 0xa0, 0x00, 0x00, 0x00, 0x00,
    0x00, 0x06, 0xa0, 0x00, 0x00, 0x00, 0x00, 0x00, 0x06, 0xa0, 0x00, 0x00, 0x00, 0x00, 0x00, 0x06,
    0xa0, 0x00, 0x00, 0x00, 0x12, 0x22, 0x28, 0xb2, 0x22, 0x22, 0x21, 0xbe, 0xee, 0xee, 0xee, 0xee,
    0xee, 0xe7,

    /* U+4E0B "下" */
    0x9b, 0xbb, 0xbb, 0xbb, 0xbb, 0xbb, 0xb5, 0x45, 0x55, 0x56, 0xf5, 0x55, 0x55, 0x52, 0x00, 0x00,
    0x01, 0xf0, 0x00, 0x00, 0x00, 0x00, 0x00, 0x01, 0xf0, 0x00, 0x00, 0x00, 0x00, 0x00, 0x01, 0xfd,
    0x40, 0x00, 0x00, 0x00, 0x00, 0x01, 0xf4, 0xdb, 0x20, 0x00, 0x00, 0x00, 0x01, 0xf0, 0x07, 0xf9,
    0x10, 0x00, 0x00, 0x01, 0xf0, 0x00, 0x2b, 0x50, 0x00, 0x00, 0x01, 0xf0, 0x00, 0x00, 0x00, 0x00,
    0x00, 0x01, 0xf0, 0x00, 0x00, 0x00, 0x00, 0x00, 0x01, 0xf0, 0x00, 0x00, 0x00, 0x00, 0x00, 0x01,
    0xf0, 0x00, 0x00, 0x00, 0x00, 0x00, 0x01, 0xf0, 0x00, 0x00, 0x00, 0x00, 0x00, 0x00, 0x80, 0x00,
    0x00, 0x00,

    /* U+4E0D "不" */
    0x6b, 0xbb, 0xbb, 0xbb, 0xbb, 0xbb, 0xb2, 0x24, 0x44, 0x44, 0x6f, 0x64, 0x44, 0x41, 0x00, 0x00,
    0x00, 0xbb, 0x00, 0x00, 0x00, 0x00, 0x00, 0x05, 0xf6, 0x00, 0x00, 0x00, 0x00, 0x00, 0x1e, 0xf6,
    0x03, 0x00, 0x00, 0x00, 0x01, 0xcb, 0xb6, 0x3f, 0x60, 0x00, 0x00, 0x3e, 0xb0, 0xb6, 0x03, 0xe8,
    0x00, 0x06, 0xfa, 0x00, 0xb6, 0x00, 0x2e, 0x80, 0x9f, 0x60, 0x00, 0xb6, 0x00, 0x02, 0xe5, 0x42,
    0x00, 0x00, 0xb6, 0x00, 0x00, 0x30, 0x00, 0x00, 0x00, 0xb6, 0x00, 0x00, 0x00, 0x00, 0x00, 0x00,
    0xb6, 0x00, 0x00, 0x00, 0x00, 0x00, 0x00, 0xb6, 0x00, 0x00, 0x00, 0x00, 0x00, 0x00, 0x63, 0x00,
    0x00, 0x00,

    /* U+4E13 "专" */
    0x00, 0x00, 0x04, 0x30, 0x00, 0x00, 0x00, 0x00, 0x00, 0x0c, 0x50, 0x00, 0x00, 0x00, 0x0b, 0xdd,
    0xdf, 0xdd, 0xdd, 0xdd, 0x90, 0x02, 0x33, 0x6e, 0x33, 0x33, 0x33, 0x20, 0x00, 0x00, 0x6b, 0x00,
    0x00, 0x00, 0x00, 0xab, 0xbb, 0xee, 0xbb, 0xbb, 0xbb, 0xb6, 0x45, 0x55, 0xf7, 0x55, 0x55, 0x55,
    0x53, 0x00, 0x04, 0xe0, 0x00, 0x00, 0x00, 0x00, 0x00, 0x0a, 0xea, 0xaa, 0xaa, 0xa8, 0x00, 0x00,
    0x04, 0x55, 0x55, 0x55, 0xe8, 0x00, 0x00, 0x00, 0x00, 0x00, 0x0a, 0xb0, 0x00, 0x00, 0x03, 0xa5,
    0x01, 0xca, 0x00, 0x00, 0x00, 0x01, 0x7d, 0xfe, 0xb0, 0x00, 0x00, 0x00, 0x00, 0x00, 0x39, 0xee,
    0x60, 0x00, 0x00, 0x00, 0x00, 0x00, 0x05, 0x50, 0x00,

    /* U+4E24 "两" */
    0xac, 0xcc, 0xcc, 0xcc, 0xcc, 0xcc, 0xc5, 0x23, 0x33, 0xc6, 0x33, 0xb8, 0x33, 0x31, 0x00, 0x00,
    0xc3, 0x00, 0x96, 0x00, 0x00, 0x03, 0x33, 0xd6, 0x33, 0xb8, 0x33, 0x20, 0x1f, 0xdd, 0xfd, 0xdd,
    0xfe, 0xde, 0xb0, 0x1f, 0x00, 0xe2, 0x00, 0xc4, 0x05, 0xb0, 0x1f, 0x02, 0xf3, 0x00, 0xe8, 0x05,
    0xb0, 0x1f, 0x05, 0xdc, 0x01, 0xfc, 0x25, 0xb0, 0x1f, 0x0b, 0x68, 0x86, 0xa4, 0xb5, 0xb0, 0x1f,
    0x4e, 0x11, 0x6e, 0x40, 0xc8, 0xb0, 0x1f, 0x65, 0x00, 0x7a, 0x00, 0x35, 0xb0, 0x1f, 0x00, 0x00,
    0x01, 0x00, 0x06, 0xb0, 0x1f, 0x00, 0x00, 0x00, 0x03, 0xae, 0x80, 0x06, 0x00, 0x00, 0x00, 0x00,
    0x54, 0x00,

    /* U+4E2A "个" */
    0x00, 0x00, 0x00, 0x53, 0x00, 0x00, 0x00, 0x00, 0x00, 0x07, 0xde, 0x20, 0x00, 0x00, 0x00, 0x00,
    0x5e, 0x15, 0xe1, 0x00, 0x00, 0x00, 0x04, 0xe2, 0x00, 0x7d, 0x10, 0x00, 0x00, 0x9f, 0x40, 0x00,
    0x09, 0xf6, 0x00, 0x3d, 0xd2, 0x00, 0x95, 0x00, 0x5e, 0xb1, 0xd8, 0x00, 0x00, 0xb6, 0x00, 0x01,
    0xb8, 0x00, 0x00, 0x00, 0xb6, 0x00, 0x00, 0x00, 0x00, 0x00, 0x00, 0xb6, 0x00, 0x00, 0x00, 0x00,
    0x00, 0x00, 0xb6, 0x00, 0x00, 0x00, 0x00, 0x00, 0x00, 0xb6, 0x00, 0x00, 0x00, 0x00, 0x00, 0x00,
    0xb6, 0x00, 0x00, 0x00, 0x00, 0x00, 0x00, 0xb6, 0x00, 0x00, 0x00, 0x00, 0x00, 0x00, 0xb6, 0x00,
    0x00, 0x00, 0x00, 0x00, 0x00, 0x53, 0x00, 0x00, 0x00,

    /* U+4E2D "中" */
    0x00, 0x00, 0x00, 0x52, 0x00, 0x00, 0x00, 0x00, 0x00, 0x0b, 0x60, 0x00, 0x00, 0x00, 0x00, 0x00,
    0xb6, 0x00, 0x00, 0x01, 0xee, 0xee, 0xef, 0xee, 0xee, 0xea, 0x1f, 0x55, 0x55, 0xc9, 0x55, 0x58,
    0xc1, 0xf0, 0x00, 0x0b, 0x60, 0x00, 0x4c, 0x1f, 0x00, 0x00, 0xb6, 0x00, 0x04, 0xc1, 0xf0, 0x00,
    0x0b, 0x60, 0x00, 0x4c, 0x1f, 0x99, 0x99, 0xeb, 0x99, 0x9b, 0xc1, 0xf7, 0x77, 0x7d, 0xa7, 0x77,
    0xac, 0x06, 0x00, 0x00, 0xb6, 0x00, 0x02, 0x50, 0x00, 0x00, 0x0b, 0x60, 0x00, 0x00, 0x00, 0x00,
    0x00, 0xb6, 0x00, 0x00, 0x00, 0x00, 0x00, 0x0b, 0x60, 0x00, 0x00, 0x00, 0x00, 0x00, 0x63, 0x00,
    0x00, 0x00,

    /* U+4E3A "为" */
    0x00, 0x00, 0x03, 0x30, 0x00, 0x00, 0x00, 0x79, 0x00, 0x89, 0x00, 0x00, 0x00, 0x00, 0xd7, 0x08,
    0x80, 0x00, 0x00, 0x00, 0x02, 0xa0, 0x88, 0x00, 0x00, 0x00, 0x4a, 0xaa, 0xad, 0xda, 0xaa, 0xaa,
    0x62, 0x77, 0x77, 0xea, 0x77, 0x77, 0xba, 0x00, 0x00, 0x0f, 0x20, 0x00, 0x07, 0xa0, 0x00, 0x03,
    0xf1, 0x40, 0x00, 0x89, 0x00, 0x00, 0x7b, 0x2e, 0x40, 0x08, 0x90, 0x00, 0x0c, 0x50, 0x5e, 0x10,
    0x98, 0x00, 0x07, 0xd0, 0x00, 0x99, 0x09, 0x60, 0x04, 0xf3, 0x00, 0x00, 0x00, 0xc4, 0x07, 0xf6,
    0x00, 0x00, 0x00, 0x1f, 0x1a, 0xd3, 0x00, 0x00, 0x0a, 0xae, 0x80, 0x20, 0x00, 0x00, 0x00, 0x56,
    0x30, 0x00,

    /* U+4E45 "久" */
    0x00, 0x00, 0x36, 0x00, 0x00, 0x00, 0x00, 0x00, 0x00, 0xc9, 0x00, 0x00, 0x00, 0x00, 0x00, 0x04,
    0xf7, 0x55, 0x55, 0x10, 0x00, 0x00, 0x0c, 0xed, 0xdd, 0xdf, 0x40, 0x00, 0x00, 0x8e, 0x10, 0x00,
    0x5e, 0x00, 0x00, 0x08, 0xf3, 0x00, 0x00, 0xd8, 0x00, 0x00, 0x7f, 0x50, 0x00, 0x06, 0xe1, 0x00,
    0x00, 0x54, 0x00, 0x00, 0x1e, 0x60, 0x00, 0x00, 0x00, 0x00, 0x00, 0xcf, 0x40, 0x00, 0x00, 0x00,
    0x00, 0x09, 0xe8, 0xe1, 0x00, 0x00, 0x00, 0x00, 0x9e, 0x20, 0xab, 0x00, 0x00, 0x00, 0x0b, 0xe2,
    0x00, 0x0d, 0xb1, 0x00, 0x06, 0xeb, 0x20, 0x00, 0x01, 0xbe, 0x50, 0xce, 0x50, 0x00, 0x00, 0x00,
    0x07, 0xf6, 0x30, 0x00, 0x00, 0x00, 0x00, 0x00, 0x20,

    /* U+4E8C "二" */
    0x06, 0xee, 0xee, 0xee, 0xee, 0xee, 0x20, 0x01, 0x33, 0x33, 0x33, 0x33, 0x33, 0x00, 0x00, 0x00,
    0x00, 0x00, 0x00, 0x00, 0x00, 0x00, 0x00, 0x00, 0x00, 0x00, 0x00, 0x00, 0x00, 0x00, 0x00, 0x00,
    0x00, 0x00, 0x00, 0x00, 0x00, 0x00, 0x00, 0x00, 0x00, 0x00, 0x00, 0x00, 0x00, 0x00, 0x00, 0x00,
    0x00, 0x00, 0x00, 0x00, 0x00, 0x00, 0x00, 0x00, 0x00, 0x00, 0x00, 0x00, 0x00, 0x00, 0x00, 0x22,
    0x22, 0x22, 0x22, 0x22, 0x22, 0x21, 0xdf, 0xff, 0xff, 0xff, 0xff, 0xff, 0xf7,

    /* U+4E8E "于" */
    0x0c, 0xee, 0xee, 0xee, 0xee, 0xee, 0x50, 0x01, 0x11, 0x11, 0x98, 0x11, 0x11, 0x00, 0x00, 0x00,
    0x00, 0x98, 0x00, 0x00, 0x00, 0x00, 0x00, 0x00, 0x98, 0x00, 0x00, 0x00, 0x00, 0x00, 0x00, 0x98,
    0x00, 0x00, 0x00, 0x79, 0x99, 0x99, 0xdc, 0x99, 0x99, 0x94, 0x68, 0x88, 0x88, 0xcc, 0x88, 0x88,
    0x83, 0x00, 0x00, 0x00, 0x98, 0x00, 0x00, 0x00, 0x00, 0x00, 0x00, 0x98, 0x00, 0x00, 0x00, 0x00,
    0x00, 0x00, 0x98, 0x00, 0x00, 0x00, 0x00, 0x00, 0x00, 0x98, 0x00, 0x00, 0x00, 0x00, 0x00, 0x00,
    0x98, 0x00, 0x00, 0x00, 0x00, 0x05, 0xaa, 0xf4, 0x00, 0x00, 0x00, 0x00, 0x02, 0x55, 0x20, 0x00,
    0x00, 0x00,

    /* U+4E91 "云" */
    0x04, 0x99, 0x99, 0x99, 0x99, 0x99, 0x20, 0x02, 0x55, 0x55, 0x55, 0x55, 0x55, 0x10, 0x00, 0x00,
    0x00, 0x00, 0x00, 0x00, 0x00, 0x00, 0x00, 0x00, 0x00, 0x00, 0x00, 0x00, 0x33, 0x33, 0x33, 0x33,
    0x33, 0x33, 0x32, 0xbd, 0xdd, 0xdf, 0xed, 0xdd, 0xdd, 0xd7, 0x00, 0x00, 0x2f, 0x10, 0x00, 0x00,
    0x00, 0x00, 0x00, 0xa8, 0x00, 0x03, 0x00, 0x00, 0x00, 0x03, 0xe0, 0x00, 0x0a, 0x80, 0x00, 0x00,
    0x0c, 0x60, 0x00, 0x01, 0xf2, 0x00, 0x00, 0x8b, 0x00, 0x00, 0x00, 0x7c, 0x00, 0x06, 0xf5, 0x57,
    0x9a, 0xcd, 0xff, 0x50, 0x0a, 0xdc, 0xb9, 0x86, 0x53, 0x16, 0xd0, 0x00, 0x00, 0x00, 0x00, 0x00,
    0x00, 0x50,

    /* U+4EA7 "产" */
    0x00, 0x00, 0x01, 0x80, 0x00, 0x00, 0x00, 0x00, 0x00, 0x00, 0xc5, 0x00, 0x00, 0x00, 0x0f, 0xff,
    0xff, 0xff, 0xff, 0xff, 0xd0, 0x00, 0x03, 0xe0, 0x00, 0x0e, 0x20, 0x00, 0x00, 0x00, 0xe2, 0x00,
    0x3c, 0x00, 0x00, 0x04, 0x66, 0xda, 0x66, 0xbc, 0x66, 0x61, 0x0b, 0xc9, 0x99, 0x99, 0x99, 0x99,
    0x91, 0x0b, 0x60, 0x00, 0x00, 0x00, 0x00, 0x00, 0x0b, 0x60, 0x00, 0x00, 0x00, 0x00, 0x00, 0x0c,
    0x40, 0x00, 0x00, 0x00, 0x00, 0x00, 0x0e, 0x20, 0x00, 0x00, 0x00, 0x00, 0x00, 0x1f, 0x00, 0x00,
    0x00, 0x00, 0x00, 0x00, 0x7b, 0x00, 0x00, 0x00, 0x00, 0x00, 0x00, 0xe3, 0x00, 0x00, 0x00, 0x00,
    0x00, 0x00, 0x30, 0x00, 0x00, 0x00, 0x00, 0x00, 0x00,

    /* U+4EAE "亮" */
    0x00, 0x00, 0x01, 0x70, 0x00, 0x00, 0x00, 0x25, 0x55, 0x55, 0xe8, 0x55, 0x55, 0x51, 0x59, 0x99,
    0x99, 0x99, 0x99, 0x99, 0x92, 0x00, 0x15, 0x55, 0x55, 0x55, 0x50, 0x00, 0x00, 0x4e, 0xaa, 0xaa,
    0xaa, 0xf0, 0x00, 0x00, 0x4c, 0x22, 0x22, 0x23, 0xf0, 0x00, 0x00, 0x3b, 0xbb, 0xbb, 0xbb, 0xa0,
    0x00, 0x15, 0x55, 0x55, 0x55, 0x55, 0x55, 0x40, 0x3f, 0x99, 0x99, 0x99, 0x99, 0x9b, 0xe0, 0x3d,
    0x00, 0x55, 0x55, 0x53, 0x02, 0xe0, 0x14, 0x00, 0xf9, 0x99, 0xca, 0x00, 0x40, 0x00, 0x02, 0xf0,
    0x00, 0x6a, 0x00, 0x41, 0x00, 0x1c, 0x90, 0x00, 0x6a, 0x00, 0xb4, 0x4a, 0xf9, 0x00, 0x00, 0x4f,
    0x99, 0xe1, 0x35, 0x10, 0x00, 0x00, 0x03, 0x55, 0x10,

    /* U+4ECE "从" */
    0x00, 0x04, 0x10, 0x00, 0x05, 0x00, 0x00, 0x00, 0x0d, 0x30, 0x00, 0x0f, 0x10, 0x00, 0x00, 0x0e,
    0x30, 0x00, 0x0f, 0x00, 0x00, 0x00, 0x0e, 0x30, 0x00, 0x1f, 0x00, 0x00, 0x00, 0x0f, 0x20, 0x00,
    0x1f, 0x00, 0x00, 0x00, 0x1f, 0x00, 0x00, 0x3f, 0x20, 0x00, 0x00, 0x3f, 0x00, 0x00, 0x5f, 0x70,
    0x00, 0x00, 0x5f, 0x60, 0x00, 0x7f, 0xc0, 0x00, 0x00, 0x8b, 0xe3, 0x00, 0xb7, 0xf1, 0x00, 0x00,
    0xe4, 0x5e, 0x11, 0xf1, 0xa6, 0x00, 0x03, 0xe0, 0x0a, 0xa6, 0xb0, 0x3e, 0x00, 0x0c, 0x90, 0x00,
    0x3e, 0x60, 0x0c, 0x90, 0x7d, 0x00, 0x00, 0xbb, 0x00, 0x03, 0xf3, 0xe3, 0x00, 0x04, 0xe1, 0x00,
    0x00, 0x89, 0x10, 0x00, 0x00, 0x20, 0x00, 0x00, 0x00,

    /* U+4EEA "仪" */
    0x00, 0x04, 0x00, 0x03, 0x00, 0x00, 0x00, 0x00, 0x1f, 0x20, 0x1e, 0x20, 0x05, 0x60, 0x00, 0x7b,
    0x03, 0x06, 0xc0, 0x0a, 0x70, 0x00, 0xe4, 0x5c, 0x00, 0xc7, 0x0d, 0x30, 0x08, 0xe0, 0x0e, 0x20,
    0x21, 0x1f, 0x00, 0x3f, 0xe0, 0x09, 0x80, 0x00, 0x5c, 0x00, 0xda, 0xe0, 0x03, 0xe0, 0x00, 0xb7,
    0x00, 0x83, 0xe0, 0x00, 0xb8, 0x03, 0xf1, 0x00, 0x03, 0xe0, 0x00, 0x2f, 0x2b, 0x70, 0x00, 0x03,
    0xe0, 0x00, 0x07, 0xde, 0x00, 0x00, 0x03, 0xe0, 0x00, 0x02, 0xfb, 0x00, 0x00, 0x03, 0xe0, 0x00,
    0x2e, 0x9d, 0xa0, 0x00, 0x03, 0xe0, 0x06, 0xe8, 0x00, 0xcc, 0x30, 0x03, 0xe0, 0xce, 0x50, 0x00,
    0x08, 0xf7, 0x01, 0x70, 0x40, 0x00, 0x00, 0x00, 0x22,

    /* U+4EF6 "件" */
    0x00, 0x04, 0x00, 0x00, 0x23, 0x00, 0x00, 0x00, 0x2f, 0x12, 0x60, 0x7a, 0x00, 0x00, 0x00, 0x99,
    0x07, 0xa0, 0x7a, 0x00, 0x00, 0x00, 0xf2, 0x0b, 0x94, 0x9b, 0x44, 0x40, 0x09, 0xd0, 0x1f, 0xee,
    0xff, 0xee, 0xe1, 0x4f, 0xc0, 0x8b, 0x00, 0x7a, 0x00, 0x00, 0xea, 0xc0, 0xe3, 0x00, 0x7a, 0x00,
    0x00, 0x84, 0xc0, 0x30, 0x00, 0x7a, 0x00, 0x00, 0x04, 0xc0, 0x67, 0x77, 0xbc, 0x77, 0x74, 0x04,
    0xc0, 0x89, 0x99, 0xcd, 0x99, 0x96, 0x04, 0xc0, 0x00, 0x00, 0x7a, 0x00, 0x00, 0x04, 0xc0, 0x00,
    0x00, 0x7a, 0x00, 0x00, 0x04, 0xc0, 0x00, 0x00, 0x7a, 0x00, 0x00, 0x04, 0xc0, 0x00, 0x00, 0x7a,
    0x00, 0x00, 0x02, 0x60, 0x00, 0x00, 0x34, 0x00, 0x00,

    /* U+4EFB "任" */
    0x00, 0x03, 0x00, 0x00, 0x00, 0x00, 0x00, 0x00, 0x0f, 0x32, 0x34, 0x56, 0x9c, 0xb0, 0x00, 0x7b,
    0x3d, 0xdc, 0xfa, 0x63, 0x00, 0x00, 0xe4, 0x00, 0x00, 0xd3, 0x00, 0x00, 0x08, 0xe0, 0x00, 0x00,
    0xd3, 0x00, 0x00, 0x3f, 0xe0, 0x00, 0x00, 0xd3, 0x00, 0x00, 0xea, 0xe0, 0x00, 0x00, 0xd3, 0x00,
    0x00, 0x73, 0xe2, 0xdd, 0xdd, 0xfe, 0xdd, 0xd8, 0x03, 0xe0, 0x33, 0x33, 0xd6, 0x33, 0x32, 0x03,
    0xe0, 0x00, 0x00, 0xd3, 0x00, 0x00, 0x03, 0xe0, 0x00, 0x00, 0xd3, 0x00, 0x00, 0x03, 0xe0, 0x00,
    0x00, 0xd3, 0x00, 0x00, 0x03, 0xe0, 0x01, 0x11, 0xd4, 0x11, 0x10, 0x03, 0xe0, 0x7f, 0xff, 0xff,
    0xff, 0xe0, 0x01, 0x70, 0x00, 0x00, 0x00, 0x00, 0x00,

    /* U+4EFD "份" */
    0x00, 0x03, 0x00, 0x10, 0x01, 0x10, 0x00, 0x00, 0x1f, 0x20, 0xb6, 0x08, 0xa0, 0x00, 0x00, 0x7b,
    0x02, 0xf0, 0x01, 0xf1, 0x00, 0x00, 0xe3, 0x09, 0x90, 0x00, 0x99, 0x00, 0x08, 0xe0, 0x3f, 0x20,
    0x00, 0x2e, 0x60, 0x4f, 0xe1, 0xe6, 0x00, 0x00, 0x03, 0xf3, 0xe9, 0xe5, 0xa5, 0x66, 0x66, 0x65,
    0x55, 0x73, 0xe0, 0x08, 0xaf, 0xaa, 0xcb, 0x00, 0x03, 0xe0, 0x00, 0x2e, 0x00, 0x5b, 0x00, 0x03,
    0xe0, 0x00, 0x6a, 0x00, 0x5b, 0x00, 0x03, 0xe0, 0x00, 0xb6, 0x00, 0x6b, 0x00, 0x03, 0xe0, 0x05,
    0xf1, 0x00, 0x7a, 0x00, 0x03, 0xe0, 0x3f, 0x60, 0x00, 0xa7, 0x00, 0x03, 0xe0, 0xd9, 0x00, 0xcc,
    0xf2, 0x00, 0x01, 0x70, 0x20, 0x00, 0x34, 0x00, 0x00,

    /* U+4F20 "传" */
    0x00, 0x03, 0x00, 0x00, 0x50, 0x00, 0x00, 0x00, 0x1f, 0x20, 0x04, 0xc0, 0x00, 0x00, 0x00, 0x7b,
    0x4a, 0xac, 0xda, 0xaa, 0xa1, 0x00, 0xe4, 0x37, 0x7e, 0x97, 0x77, 0x70, 0x08, 0xf0, 0x00, 0x0f,
    0x10, 0x00, 0x00, 0x3f, 0xe0, 0x99, 0xaf, 0x99, 0x99, 0x96, 0xda, 0xe0, 0x77, 0xda, 0x77, 0x77,
    0x75, 0x92, 0xe0, 0x00, 0xe1, 0x00, 0x00, 0x00, 0x02, 0xe0, 0x05, 0xe9, 0x99, 0x99, 0x80, 0x02,
    0xe0, 0x03, 0x66, 0x66, 0x6c, 0xb0, 0x02, 0xe0, 0x00, 0x00, 0x00, 0x7e, 0x10, 0x02, 0xe0, 0x01,
    0xea, 0x38, 0xd2, 0x00, 0x02, 0xe0, 0x00, 0x17, 0xef, 0x30, 0x00, 0x02, 0xe0, 0x00, 0x00, 0x08,
    0xf8, 0x00, 0x01, 0x70, 0x00, 0x00, 0x00, 0x24, 0x00,

    /* U+4F4D "位" */
    0x00, 0x04, 0x00, 0x01, 0x40, 0x00, 0x00, 0x00, 0x1f, 0x20, 0x02, 0xf0, 0x00, 0x00, 0x00, 0x7b,
    0x12, 0x22, 0xd6, 0x22, 0x20, 0x00, 0xe4, 0xbf, 0xff, 0xff, 0xff, 0xf5, 0x08, 0xe0, 0x00, 0x00,
    0x00, 0x00, 0x00, 0x3f, 0xe0, 0x06, 0x20, 0x00, 0x0b, 0x10, 0xd9, 0xe0, 0x0a, 0x70, 0x00, 0x1f,
    0x00, 0x82, 0xe0, 0x06, 0xb0, 0x00, 0x5c, 0x00, 0x02, 0xe0, 0x02, 0xf0, 0x00, 0x88, 0x00, 0x02,
    0xe0, 0x00, 0xe3, 0x00, 0xc4, 0x00, 0x02, 0xe0, 0x00, 0xb6, 0x01, 0xf0, 0x00, 0x02, 0xe0, 0x00,
    0x79, 0x06, 0xb0, 0x00, 0x02, 0xe0, 0x44, 0x55, 0x4c, 0x94, 0x43, 0x02, 0xe0, 0xcc, 0xcc, 0xcc,
    0xcc, 0xc9, 0x01, 0x70, 0x00, 0x00, 0x00, 0x00, 0x00,

    /* U+4F4E "低" */
    0x00, 0x03, 0x00, 0x00, 0x00, 0x00, 0x00, 0x00, 0x1f, 0x10, 0x02, 0x48, 0xce, 0x60, 0x00, 0x7a,
    0x2c, 0xfd, 0xaf, 0x40, 0x00, 0x00, 0xe3, 0x3d, 0x00, 0x0d, 0x20, 0x00, 0x08, 0xe0, 0x3d, 0x00,
    0x0d, 0x20, 0x00, 0x3f, 0xe0, 0x3d, 0x00, 0x0c, 0x30, 0x00, 0xd9, 0xe0, 0x3f, 0xcc, 0xcf, 0xdc,
    0xc5, 0x82, 0xe0, 0x3e, 0x44, 0x4b, 0x84, 0x42, 0x02, 0xe0, 0x3d, 0x00, 0x07, 0x80, 0x00, 0x02,
    0xe0, 0x3d, 0x00, 0x05, 0xb0, 0x00, 0x02, 0xe0, 0x3d, 0x00, 0x01, 0xe0, 0x22, 0x02, 0xe0, 0x3d,
    0x02, 0x70, 0xc4, 0x59, 0x02, 0xe0, 0x4e, 0x94, 0xd4, 0x4c, 0x96, 0x02, 0xe0, 0x8b, 0x50, 0x3e,
    0x1a, 0xf1, 0x01, 0x70, 0x00, 0x00, 0x03, 0x00, 0x10,

    /* U+4F53 "体" */
    0x00, 0x04, 0x00, 0x00, 0x60, 0x00, 0x00, 0x00, 0x1f, 0x10, 0x00, 0xf0, 0x00, 0x00, 0x00, 0x7a,
    0x00, 0x00, 0xf0, 0x00, 0x00, 0x00, 0xd3, 0xff, 0xff, 0xff, 0xff, 0xf2, 0x05, 0xe0, 0x33, 0x6c,
    0xfc, 0x63, 0x30, 0x1e, 0xd0, 0x00, 0x85, 0xf5, 0x90, 0x00, 0x9d, 0xd0, 0x00, 0xd0, 0xf1, 0xd0,
    0x00, 0xc4, 0xd0, 0x04, 0xa0, 0xf0, 0x96, 0x00, 0x04, 0xd0, 0x0c, 0x40, 0xf0, 0x2e, 0x10, 0x04,
    0xd0, 0x8a, 0x00, 0xf0, 0x08, 0xb0, 0x04, 0xd3, 0xe4, 0xaa, 0xfa, 0xa4, 0xd6, 0x04, 0xd6, 0x41,
    0x66, 0xf7, 0x62, 0x35, 0x04, 0xd0, 0x00, 0x00, 0xf0, 0x00, 0x00, 0x04, 0xd0, 0x00, 0x00, 0xf0,
    0x00, 0x00, 0x02, 0x60, 0x00, 0x00, 0x70, 0x00, 0x00,

    /* U+4F5C "作" */
    0x00, 0x03, 0x00, 0x34, 0x00, 0x00, 0x00, 0x00, 0x1f, 0x20, 0xb7, 0x00, 0x00, 0x00, 0x00, 0x7b,
    0x02, 0xf8, 0x66, 0x66, 0x63, 0x00, 0xe4, 0x08, 0xde, 0xdb, 0xbb, 0xb6, 0x08, 0xe0, 0x2f, 0x39,
    0x70, 0x00, 0x00, 0x4f, 0xe0, 0xbb, 0x09, 0x70, 0x00, 0x00, 0xe9, 0xe5, 0xf1, 0x09, 0xda, 0xaa,
    0x80, 0x73, 0xe1, 0x40, 0x09, 0xb6, 0x66, 0x60, 0x03, 0xe0, 0x00, 0x09, 0x70, 0x00, 0x00, 0x03,
    0xe0, 0x00, 0x09, 0x80, 0x00, 0x00, 0x03, 0xe0, 0x00, 0x09, 0xff, 0xff, 0xf0, 0x03, 0xe0, 0x00,
    0x09, 0x80, 0x00, 0x00, 0x03, 0xe0, 0x00, 0x09, 0x70, 0x00, 0x00, 0x03, 0xe0, 0x00, 0x09, 0x70,
    0x00, 0x00, 0x01, 0x70, 0x00, 0x04, 0x40, 0x00, 0x00,

    /* U+4F7F "使" */
    0x00, 0x05, 0x00, 0x00, 0x43, 0x00, 0x00, 0x00, 0x3e, 0x00, 0x00, 0x97, 0x00, 0x00, 0x00, 0xa8,
    0x8f, 0xff, 0xff, 0xff, 0xf9, 0x01, 0xf2, 0x00, 0x00, 0x98, 0x00, 0x00, 0x09, 0xd0, 0x05, 0x55,
    0xba, 0x55, 0x50, 0x4f, 0xc0, 0x0f, 0xaa, 0xdd, 0xaa, 0xf0, 0xdb, 0xc0, 0x0f, 0x00, 0x97, 0x00,
    0xf0, 0x94, 0xc0, 0x0f, 0x00, 0x97, 0x00, 0xf0, 0x04, 0xc0, 0x0f, 0xff, 0xff, 0xff, 0xf0, 0x04,
    0xc0, 0x05, 0x00, 0xc5, 0x00, 0x00, 0x04, 0xc0, 0x0c, 0x90, 0xf2, 0x00, 0x00, 0x04, 0xc0, 0x00,
    0xbc, 0xd0, 0x00, 0x00, 0x04, 0xc0, 0x00, 0x5f, 0xe8, 0x20, 0x00, 0x04, 0xc1, 0x9c, 0xe5, 0x29,
    0xfd, 0xb7, 0x02, 0x60, 0x73, 0x00, 0x00, 0x03, 0x55,

    /* U+4FA7 "侧" */
    0x00, 0x21, 0x00, 0x00, 0x00, 0x00, 0x50, 0x00, 0xa6, 0xbb, 0xbb, 0x80, 0x10, 0xf1, 0x00, 0xf1,
    0xe2, 0x35, 0xc2, 0xc0, 0xf1, 0x05, 0xb0, 0xe0, 0xd2, 0xc2, 0xc0, 0xf1, 0x0d, 0x70, 0xe0, 0xd2,
    0xc2, 0xc0, 0xf1, 0x6f, 0x70, 0xe0, 0xd2, 0xc2, 0xc0, 0xf1, 0xec, 0x70, 0xe0, 0xd2, 0xc2, 0xc0,
    0xf1, 0x78, 0x70, 0xe0, 0xd2, 0xc2, 0xc0, 0xf1, 0x08, 0x70, 0xe1, 0xc2, 0xc2, 0xc0, 0xf1, 0x08,
    0x70, 0xe2, 0xa2, 0xc2, 0xc0, 0xf1, 0x08, 0x70, 0xa5, 0x81, 0x82, 0xc0, 0xf1, 0x08, 0x70, 0x0b,
    0x55, 0x01, 0x50, 0xf1, 0x08, 0x70, 0x5d, 0x2e, 0x40, 0x00, 0xf1, 0x08, 0x77, 0xe2, 0x03, 0xe1,
    0x9b, 0xe0, 0x04, 0x32, 0x10, 0x00, 0x30, 0x55, 0x20,

    /* U+4FDD "保" */
    0x00, 0x05, 0x00, 0x00, 0x00, 0x00, 0x00, 0x00, 0x3f, 0x0b, 0xcc, 0xcc, 0xcc, 0x20, 0x00, 0xa9,
    0x0e, 0x42, 0x22, 0x2e, 0x30, 0x01, 0xf2, 0x0e, 0x20, 0x00, 0x0e, 0x30, 0x0a, 0xe0, 0x0e, 0x20,
    0x00, 0x0e, 0x30, 0x4f, 0xe0, 0x0e, 0xfe, 0xee, 0xef, 0x30, 0xe9, 0xe0, 0x01, 0x11, 0xe4, 0x11,
    0x00, 0x83, 0xe0, 0x33, 0x33, 0xe5, 0x33, 0x31, 0x03, 0xe1, 0xdd, 0xdf, 0xff, 0xdd, 0xd6, 0x03,
    0xe0, 0x00, 0x77, 0xe6, 0xb0, 0x00, 0x03, 0xe0, 0x03, 0xd0, 0xe2, 0x97, 0x00, 0x03, 0xe0, 0x2e,
    0x40, 0xe2, 0x1d, 0x60, 0x03, 0xe3, 0xe5, 0x00, 0xe2, 0x02, 0xe6, 0x03, 0xe1, 0x50, 0x00, 0xe2,
    0x00, 0x23, 0x01, 0x70, 0x00, 0x00, 0x71, 0x00, 0x00,

    /* U+4FE1 "信" */
    0x00, 0x05, 0x00, 0x00, 0x50, 0x00, 0x00, 0x00, 0x6c, 0x00, 0x00, 0xd4, 0x00, 0x00, 0x00, 0xc6,
    0x99, 0x99, 0xcb, 0x99, 0x96, 0x02, 0xf0, 0x88, 0x88, 0x88, 0x88, 0x86, 0x0b, 0xb0, 0x00, 0x11,
    0x11, 0x11, 0x00, 0x5f, 0xb0, 0x09, 0xee, 0xee, 0xee, 0x60, 0xea, 0xb0, 0x00, 0x00, 0x00, 0x00,
    0x00, 0x75, 0xb0, 0x09, 0xff, 0xff, 0xff, 0x60, 0x05, 0xb0, 0x00, 0x00, 0x00, 0x00, 0x00, 0x05,
    0xb0, 0x0a, 0xbb, 0xbb, 0xbb, 0x80, 0x05, 0xb0, 0x0e, 0x54, 0x44, 0x48, 0xb0, 0x05, 0xb0, 0x0e,
    0x10, 0x00, 0x05, 0xb0, 0x05, 0xb0, 0x0e, 0x65, 0x55, 0x58, 0xb0, 0x05, 0xb0, 0x0e, 0xbb, 0xbb,
    0xbc, 0xb0, 0x03, 0x60, 0x07, 0x00, 0x00, 0x02, 0x50,

    /* U+5012 "倒" */
    0x00, 0x30, 0x00, 0x00, 0x00, 0x00, 0x50, 0x00, 0xd7, 0xdd, 0xdd, 0xb0, 0x10, 0xe2, 0x02, 0xe0,
    0x1e, 0x21, 0x15, 0xa0, 0xe2, 0x07, 0x90, 0x3d, 0x2a, 0x05, 0xa0, 0xe2, 0x0e, 0x80, 0x97, 0x0d,
    0x25, 0xa0, 0xe2, 0x7f, 0x82, 0xf6, 0x8d, 0x95, 0xa0, 0xe2, 0xea, 0x85, 0xa8, 0x53, 0xc5, 0xa0,
    0xe2, 0x67, 0x80, 0x04, 0xa0, 0x05, 0xa0, 0xe2, 0x07, 0x80, 0x26, 0xc2, 0x15, 0xa0, 0xe2, 0x07,
    0x84, 0xde, 0xfd, 0xa5, 0xa0, 0xe2, 0x07, 0x80, 0x04, 0xc0, 0x05, 0xa0, 0xe2, 0x07, 0x80, 0x04,
    0xc0, 0x02, 0x40, 0xe2, 0x07, 0x80, 0x06, 0xea, 0xe0, 0x00, 0xe2, 0x07, 0x88, 0xfc, 0x85, 0x10,
    0x9b, 0xf0, 0x04, 0x40, 0x00, 0x00, 0x00, 0x45, 0x20,

    /* U+503C "值" */
    0x00, 0x04, 0x00, 0x00, 0x33, 0x00, 0x00, 0x00, 0x2e, 0x11, 0x11, 0x99, 0x11, 0x10, 0x00, 0x99,
    0x6d, 0xdd, 0xfe, 0xdd, 0xd3, 0x00, 0xe2, 0x00, 0x00, 0xb5, 0x00, 0x00, 0x08, 0xf1, 0x06, 0xaa,
    0xfb, 0xaa, 0x20, 0x3f, 0xf1, 0x09, 0xa6, 0x66, 0x6d, 0x40, 0xc7, 0xf1, 0x09, 0xa6, 0x66, 0x6d,
    0x40, 0x80, 0xf1, 0x09, 0xb7, 0x77, 0x7e, 0x40, 0x00, 0xf1, 0x09, 0x94, 0x44, 0x4d, 0x40, 0x00,
    0xf1, 0x09, 0xc9, 0x99, 0x9e, 0x40, 0x00, 0xf1, 0x09, 0x82, 0x22, 0x2c, 0x40, 0x00, 0xf1, 0x09,
    0xdb, 0xbb, 0xbf, 0x40, 0x00, 0xf1, 0x09, 0x70, 0x00, 0x0c, 0x40, 0x00, 0xf3, 0xff, 0xff, 0xff,
    0xff, 0xfa, 0x00, 0x70, 0x00, 0x00, 0x00, 0x00, 0x00,

    /* U+505C "停" */
    0x00, 0x14, 0x00, 0x02, 0x40, 0x00, 0x00, 0x00, 0x6b, 0x44, 0x47, 0xe4, 0x44, 0x41, 0x00, 0xc5,
    0xaa, 0xaa, 0xaa, 0xaa, 0xa2, 0x03, 0xe0, 0x06, 0x66, 0x66, 0x66, 0x00, 0x0b, 0xb0, 0x0f, 0x88,
    0x88, 0x8f, 0x10, 0x5f, 0xb0, 0x0f, 0x33, 0x33, 0x3f, 0x10, 0xeb, 0xb0, 0x09, 0x99, 0x99, 0x99,
    0x00, 0x76, 0xb1, 0x88, 0x88, 0x88, 0x88, 0x82, 0x06, 0xb2, 0xe6, 0x66, 0x66, 0x66, 0xd4, 0x06,
    0xb2, 0xe3, 0x33, 0x33, 0x33, 0xd4, 0x06, 0xb0, 0x2b, 0xbb, 0xfc, 0xbb, 0x50, 0x06, 0xb0, 0x00,
    0x00, 0xe3, 0x00, 0x00, 0x06, 0xb0, 0x00, 0x00, 0xe3, 0x00, 0x00, 0x06, 0xb0, 0x00, 0x9b, 0xf1,
    0x00, 0x00, 0x03, 0x50, 0x00, 0x56, 0x30, 0x00, 0x00,

    /* U+5148 "先" */
    0x00, 0x01, 0x00, 0x33, 0x00, 0x00, 0x00, 0x00, 0x5d, 0x00, 0x98, 0x00, 0x00, 0x00, 0x00, 0xc9,
    0x44, 0xba, 0x44, 0x44, 0x10, 0x03, 0xfe, 0xee, 0xff, 0xee, 0xee, 0x60, 0x0c, 0x80, 0x00, 0x98,
    0x00, 0x00, 0x00, 0x3e, 0x10, 0x00, 0x98, 0x00, 0x00, 0x00, 0x12, 0x11, 0x11, 0xa9, 0x11, 0x11,
    0x10, 0xbe, 0xee, 0xff, 0xee, 0xff, 0xee, 0xe7, 0x00, 0x00, 0xb6, 0x00, 0xb6, 0x00, 0x00, 0x00,
    0x00, 0xe3, 0x00, 0xb6, 0x00, 0x00, 0x00, 0x03, 0xf0, 0x00, 0xb6, 0x00, 0x32, 0x00, 0x0c, 0x80,
    0x00, 0xb6, 0x00, 0x87, 0x02, 0xdb, 0x00, 0x00, 0xa7, 0x00, 0xb5, 0x8f, 0x90, 0x00, 0x00, 0x6f,
    0xcc, 0xf1, 0x22, 0x00, 0x00, 0x00, 0x02, 0x44, 0x00,

    /* U+514D "免" */
    0x00, 0x00, 0x34, 0x00, 0x00, 0x00, 0x00, 0x00, 0x02, 0xe7, 0x33, 0x33, 0x00, 0x00, 0x00, 0x1d,
    0xcc, 0xcc, 0xdf, 0x20, 0x00, 0x02, 0xd9, 0x00, 0x00, 0xc7, 0x00, 0x00, 0x3e, 0xc3, 0x33, 0x3b,
    0xc3, 0x33, 0x00, 0x87, 0xfd, 0xdd, 0xfe, 0xdd, 0xdf, 0x00, 0x00, 0xf0, 0x00, 0xc4, 0x00, 0x0f,
    0x00, 0x00, 0xf0, 0x00, 0xe2, 0x00, 0x0f, 0x00, 0x00, 0xfa, 0xaa, 0xfa, 0xaa, 0xaf, 0x00, 0x00,
    0x66, 0x6b, 0xca, 0xc6, 0x66, 0x00, 0x00, 0x00, 0x2e, 0x37, 0xa0, 0x00, 0x00, 0x00, 0x02, 0xe5,
    0x07, 0xa0, 0x00, 0x77, 0x01, 0x8e, 0x70, 0x06, 0xc0, 0x00, 0xa6, 0x6e, 0x91, 0x00, 0x03, 0xfd,
    0xcd, 0xf2, 0x22, 0x00, 0x00, 0x00, 0x14, 0x44, 0x10,

    /* U+5165 "入" */
    0x00, 0x00, 0x30, 0x00, 0x00, 0x00, 0x00, 0x00, 0x01, 0xc7, 0x00, 0x00, 0x00, 0x00, 0x00, 0x00,
    0x0d, 0x60, 0x00, 0x00, 0x00, 0x00, 0x00, 0x03, 0xe0, 0x00, 0x00, 0x00, 0x00, 0x00, 0x00, 0xf6,
    0x00, 0x00, 0x00, 0x00, 0x00, 0x04, 0xed, 0x00, 0x00, 0x00, 0x00, 0x00, 0x09, 0x6c, 0x60, 0x00,
    0x00, 0x00, 0x00, 0x1e, 0x15, 0xe0, 0x00, 0x00, 0x00, 0x00, 0x9a, 0x00, 0xe7, 0x00, 0x00, 0x00,
    0x02, 0xf1, 0x00, 0x5e, 0x00, 0x00, 0x00, 0x1d, 0x70, 0x00, 0x0b, 0x90, 0x00, 0x00, 0xca, 0x00,
    0x00, 0x01, 0xe9, 0x00, 0x2d, 0xb0, 0x00, 0x00, 0x00, 0x3f, 0xa0, 0xd8, 0x00, 0x00, 0x00, 0x00,
    0x02, 0xd6, 0x10, 0x00, 0x00, 0x00, 0x00, 0x00, 0x00,

    /* U+5168 "全" */
    0x00, 0x00, 0x00, 0x42, 0x00, 0x00, 0x00, 0x00, 0x00, 0x08, 0xce, 0x40, 0x00, 0x00, 0x00, 0x00,
    0xab, 0x03, 0xe6, 0x00, 0x00, 0x00, 0x2c, 0xa0, 0x00, 0x2e, 0x91, 0x00, 0x08, 0xf7, 0x00, 0x00,
    0x01, 0xbe, 0x50, 0xdc, 0x58, 0x88, 0x88, 0x88, 0x85, 0xe8, 0x30, 0x38, 0x88, 0xdb, 0x88, 0x80,
    0x01, 0x00, 0x00, 0x00, 0xb6, 0x00, 0x00, 0x00, 0x00, 0x00, 0x00, 0xb6, 0x00, 0x00, 0x00, 0x00,
    0xdd, 0xdd, 0xfe, 0xdd, 0xd9, 0x00, 0x00, 0x33, 0x33, 0xc8, 0x33, 0x32, 0x00, 0x00, 0x00, 0x00,
    0xb6, 0x00, 0x00, 0x00, 0x00, 0x00, 0x00, 0xb6, 0x00, 0x00, 0x00, 0x6f, 0xff, 0xff, 0xff, 0xff,
    0xff, 0xf1,

    /* U+5173 "关" */
    0x00, 0x02, 0x00, 0x00, 0x03, 0x30, 0x00, 0x00, 0x0b, 0x90, 0x00, 0x0d, 0x50, 0x00, 0x00, 0x01,
    0xe4, 0x00, 0x5d, 0x00, 0x00, 0x04, 0x55, 0xa8, 0x55, 0xda, 0x55, 0x20, 0x0a, 0xdd, 0xdd, 0xfe,
    0xdd, 0xdd, 0x50, 0x00, 0x00, 0x00, 0xb6, 0x00, 0x00, 0x00, 0x00, 0x00, 0x00, 0xd4, 0x00, 0x00,
    0x00, 0x35, 0x55, 0x55, 0xf7, 0x55, 0x55, 0x51, 0x7b, 0xbb, 0xbc, 0xff, 0xbb, 0xbb, 0xb3, 0x00,
    0x00, 0x09, 0xae, 0x30, 0x00, 0x00, 0x00, 0x00, 0x2f, 0x26, 0xd1, 0x00, 0x00, 0x00, 0x03, 0xe7,
    0x00, 0x9c, 0x20, 0x00, 0x02, 0x9f, 0x50, 0x00, 0x07, 0xf7, 0x00, 0x8f, 0x92, 0x00, 0x00, 0x00,
    0x3c, 0xf5, 0x21, 0x00, 0x00, 0x00, 0x00, 0x00, 0x31,

    /* U+5185 "内" */
    0x00, 0x00, 0x00, 0x34, 0x00, 0x00, 0x00, 0x00, 0x00, 0x08, 0x90, 0x00, 0x00, 0x02, 0x22, 0x22,
    0xa9, 0x22, 0x22, 0x11, 0xff, 0xff, 0xff, 0xff, 0xff, 0xfc, 0x1f, 0x00, 0x00, 0xd5, 0x00, 0x05,
    0xc1, 0xf0, 0x00, 0x0f, 0x20, 0x00, 0x5c, 0x1f, 0x00, 0x05, 0xfb, 0x00, 0x05, 0xc1, 0xf0, 0x00,
    0xd6, 0xaa, 0x00, 0x5c, 0x1f, 0x00, 0x8d, 0x00, 0xb8, 0x05, 0xc1, 0xf0, 0x9e, 0x30, 0x00, 0xd7,
    0x5c, 0x1f, 0x3d, 0x20, 0x00, 0x02, 0xa5, 0xc1, 0xf0, 0x00, 0x00, 0x00, 0x00, 0x5c, 0x1f, 0x00,
    0x00, 0x00, 0x00, 0x06, 0xc1, 0xf0, 0x00, 0x00, 0x02, 0xbb, 0xf8, 0x07, 0x00, 0x00, 0x00, 0x05,
    0x54, 0x00,

    /* U+518D "再" */
    0x5c, 0xcc, 0xcc, 0xcc, 0xcc, 0xcc, 0xc1, 0x12, 0x22, 0x22, 0xc7, 0x22, 0x22, 0x20, 0x00, 0x22,
    0x22, 0xc7, 0x22, 0x22, 0x00, 0x03, 0xff, 0xff, 0xff, 0xff, 0xfd, 0x00, 0x03, 0xd0, 0x00, 0xb5,
    0x00, 0x3d, 0x00, 0x03, 0xe3, 0x33, 0xc8, 0x33, 0x5d, 0x00, 0x03, 0xfc, 0xcc, 0xed, 0xcc, 0xcd,
    0x00, 0x03, 0xd0, 0x00, 0xb5, 0x00, 0x3d, 0x00, 0x47, 0xe5, 0x55, 0xc9, 0x55, 0x7e, 0x53, 0xac,
    0xfb, 0xbb, 0xbb, 0xbb, 0xcf, 0xb6, 0x03, 0xd0, 0x00, 0x00, 0x00, 0x3d, 0x00, 0x03, 0xd0, 0x00,
    0x00, 0x00, 0x3d, 0x00, 0x03, 0xd0, 0x00, 0x00, 0x19, 0xda, 0x00, 0x01, 0x60, 0x00, 0x00, 0x07,
    0x61, 0x00,

    /* U+5199 "写" */
    0x2d, 0xdd, 0xdd, 0xdd, 0xdd, 0xdd, 0xb2, 0xe1, 0x15, 0x11, 0x11, 0x11, 0x5d, 0x2e, 0x03, 0xe0,
    0x00, 0x00, 0x03, 0xd1, 0x70, 0x6e, 0x88, 0x88, 0x87, 0x27, 0x00, 0x0a, 0xc8, 0x88, 0x88, 0x70,
    0x00, 0x00, 0xe3, 0x00, 0x00, 0x00, 0x00, 0x00, 0x2f, 0x77, 0x77, 0x77, 0x77, 0x00, 0x03, 0x88,
    0x88, 0x88, 0x89, 0xf0, 0x00, 0x00, 0x00, 0x00, 0x00, 0x1f, 0x05, 0xaa, 0xaa, 0xaa, 0xaa, 0x42,
    0xe0, 0x36, 0x66, 0x66, 0x66, 0x62, 0x3c, 0x00, 0x00, 0x00, 0x00, 0x00, 0x06, 0xa0, 0x00, 0x00,
    0x00, 0x06, 0x9a, 0xf5, 0x00, 0x00, 0x00, 0x00, 0x36, 0x52, 0x00,

    /* U+51FA "出" */
    0x00, 0x00, 0x05, 0x20, 0x00, 0x00, 0x14, 0x00, 0x0b, 0x60, 0x00, 0x60, 0x4c, 0x00, 0x0b, 0x60,
    0x01, 0xf0, 0x4c, 0x00, 0x0b, 0x60, 0x01, 0xf0, 0x4c, 0x00, 0x0b, 0x60, 0x01, 0xf0, 0x4c, 0x11,
    0x1b, 0x61, 0x12, 0xf0, 0x4f, 0xff, 0xff, 0xff, 0xff, 0xf0, 0x00, 0x00, 0x0b, 0x60, 0x00, 0x00,
    0x90, 0x00, 0x0b, 0x60, 0x00, 0x36, 0xf0, 0x00, 0x0b, 0x60, 0x00, 0x6b, 0xf0, 0x00, 0x0b, 0x60,
    0x00, 0x6b, 0xf0, 0x00, 0x0b, 0x60, 0x00, 0x6b, 0xf8, 0x77, 0x7d, 0xa7, 0x77, 0xab, 0x88, 0x88,
    0x88, 0x88, 0x88, 0xbb, 0x00, 0x00, 0x00, 0x00, 0x00, 0x24,

    /* U+51FB "击" */
    0x00, 0x00, 0x00, 0x32, 0x00, 0x00, 0x00, 0x00, 0x00, 0x00, 0xb6, 0x00, 0x00, 0x00, 0x03, 0x55,
    0x55, 0xc9, 0x55, 0x55, 0x10, 0x08, 0xdd, 0xdd, 0xfe, 0xdd, 0xdd, 0x30, 0x00, 0x00, 0x00, 0xb6,
    0x00, 0x00, 0x00, 0x00, 0x00, 0x00, 0xb6, 0x00, 0x00, 0x00, 0x68, 0x88, 0x88, 0xdb, 0x88, 0x88,
    0x83, 0x68, 0x88, 0x88, 0xdb, 0x88, 0x88, 0x83, 0x00, 0x20, 0x00, 0xb6, 0x00, 0x02, 0x00, 0x04,
    0xc0, 0x00, 0xb6, 0x00, 0x1f, 0x00, 0x04, 0xc0, 0x00, 0xb6, 0x00, 0x1f, 0x00, 0x04, 0xc0, 0x00,
    0xb6, 0x00, 0x1f, 0x00, 0x04, 0xc2, 0x22, 0xc7, 0x22, 0x3f, 0x00, 0x03, 0xdd, 0xdd, 0xdd, 0xdd,
    0xdf, 0x00, 0x00, 0x00, 0x00, 0x00, 0x00, 0x08, 0x00,

    /* U+5206 "分" */
    0x00, 0x00, 0x00, 0x00, 0x10, 0x00, 0x00, 0x00, 0x00, 0xa6, 0x00, 0xb7, 0x00, 0x00, 0x00, 0x05,
    0xe1, 0x00, 0x3e, 0x10, 0x00, 0x00, 0x1e, 0x40, 0x00, 0x09, 0x90, 0x00, 0x00, 0xc9, 0x00, 0x00,
    0x01, 0xe8, 0x00, 0x2c, 0x80, 0x00, 0x00, 0x00, 0x1d, 0xa0, 0xc6, 0x34, 0x44, 0x44, 0x44, 0x41,
    0xc5, 0x00, 0x9b, 0xbf, 0xcb, 0xbb, 0xf2, 0x00, 0x00, 0x00, 0x0f, 0x10, 0x00, 0xf1, 0x00, 0x00,
    0x00, 0x4d, 0x00, 0x00, 0xf0, 0x00, 0x00, 0x00, 0xc6, 0x00, 0x01, 0xf0, 0x00, 0x00, 0x08, 0xd0,
    0x00, 0x04, 0xd0, 0x00, 0x00, 0x9e, 0x20, 0x00, 0x09, 0x90, 0x00, 0x1d, 0xc2, 0x04, 0xaa, 0xce,
    0x30, 0x00, 0x05, 0x00, 0x01, 0x66, 0x50, 0x00, 0x00,

    /* U+5207 "切" */
    0x00, 0x30, 0x00, 0x00, 0x00, 0x00, 0x00, 0x02, 0xf0, 0x04, 0x88, 0x88, 0x88, 0x81, 0x02, 0xf0,
    0x04, 0x77, 0xda, 0x77, 0xe3, 0x02, 0xf0, 0x00, 0x00, 0xa6, 0x00, 0xd3, 0x02, 0xf7, 0xae, 0x20,
    0xb5, 0x00, 0xd3, 0xcf, 0xfb, 0x74, 0x00, 0xc4, 0x00, 0xd3, 0x44, 0xf0, 0x00, 0x00, 0xe2, 0x00,
    0xe3, 0x02, 0xf0, 0x00, 0x01, 0xf0, 0x00, 0xe3, 0x02, 0xf0, 0x00, 0x05, 0xc0, 0x00, 0xe2, 0x02,
    0xf0, 0x36, 0x0b, 0x70, 0x00, 0xf2, 0x04, 0xfb, 0xe5, 0x3f, 0x10, 0x00, 0xf1, 0x0a, 0xd6, 0x00,
    0xd7, 0x00, 0x03, 0xe0, 0x00, 0x00, 0x0a, 0xd0, 0x00, 0x0a, 0x90, 0x00, 0x00, 0xcc, 0x10, 0x3d,
    0xeb, 0x20, 0x00, 0x00, 0x50, 0x00, 0x01, 0x10, 0x00,

    /* U+5217 "列" */
    0x00, 0x00, 0x00, 0x00, 0x00, 0x00, 0x50, 0x7d, 0xdd, 0xdd, 0xd9, 0x03, 0x00, 0xf1, 0x12, 0x7c,
    0x22, 0x21, 0x3d, 0x00, 0xf1, 0x00, 0x98, 0x00, 0x00, 0x3d, 0x00, 0xf1, 0x00, 0xdc, 0x99, 0x90,
    0x3d, 0x00, 0xf1, 0x02, 0xf7, 0x79, 0xe0, 0x3d, 0x00, 0xf1, 0x0b, 0x80, 0x06, 0xa0, 0x3d, 0x00,
    0xf1, 0x7f, 0xb1, 0x0c, 0x60, 0x3d, 0x00, 0xf1, 0xb4, 0x8e, 0x7f, 0x10, 0x3d, 0x00, 0xf1, 0x00,
    0x03, 0xe9, 0x00, 0x3d, 0x00, 0xf1, 0x00, 0x05, 0xf1, 0x00, 0x3d, 0x00, 0xf1, 0x00, 0x3f, 0x40,
    0x00, 0x16, 0x00, 0xf1, 0x06, 0xf6, 0x00, 0x00, 0x00, 0x00, 0xf1, 0x7d, 0x30, 0x00, 0x00, 0x06,
    0x9b, 0xd0, 0x10, 0x00, 0x00, 0x00, 0x03, 0x55, 0x00,

    /* U+5219 "则" */
    0x00, 0x00, 0x00, 0x00, 0x00, 0x00, 0x62, 0xdd, 0xdd, 0xdd, 0x20, 0x30, 0x0f, 0x2e, 0x11, 0x11,
    0xd3, 0x1f, 0x00, 0xf2, 0xd0, 0x77, 0x0d, 0x31, 0xf0, 0x0f, 0x2d, 0x08, 0x80, 0xd3, 0x1f, 0x00,
    0xf2, 0xd0, 0x88, 0x0d, 0x31, 0xf0, 0x0f, 0x2d, 0x08, 0x80, 0xd3, 0x1f, 0x00, 0xf2, 0xd0, 0x88,
    0x0d, 0x31, 0xf0, 0x0f, 0x2d, 0x08, 0x70, 0xd3, 0x1f, 0x00, 0xf2, 0xd0, 0xa5, 0x0d, 0x31, 0xf0,
    0x0f, 0x2a, 0x0e, 0x30, 0x71, 0x1f, 0x00, 0xf0, 0x05, 0xd4, 0xa0, 0x00, 0x60, 0x0f, 0x04, 0xf5,
    0x0c, 0xa0, 0x00, 0x01, 0xfb, 0xf6, 0x00, 0x0c, 0x90, 0x6a, 0xdd, 0x51, 0x00, 0x00, 0x11, 0x02,
    0x55, 0x10,

    /* U+5230 "到" */
    0x00, 0x00, 0x00, 0x00, 0x00, 0x00, 0x60, 0x9d, 0xdd, 0xdd, 0xd9, 0x02, 0x00, 0xf1, 0x12, 0x8b,
    0x22, 0x21, 0x0f, 0x00, 0xf1, 0x00, 0xe3, 0x0c, 0x40, 0x0f, 0x00, 0xf1, 0x08, 0xb0, 0x05, 0xd0,
    0x0f, 0x00, 0xf1, 0x4f, 0x66, 0x9b, 0xf7, 0x0f, 0x00, 0xf1, 0x9b, 0x97, 0x42, 0x3e, 0x0f, 0x00,
    0xf1, 0x00, 0x05, 0x90, 0x00, 0x0f, 0x00, 0xf1, 0x01, 0x17, 0xb1, 0x10, 0x0f, 0x00, 0xf1, 0x4f,
    0xff, 0xff, 0xf5, 0x0f, 0x00, 0xf1, 0x00, 0x06, 0xb0, 0x00, 0x0f, 0x00, 0xf1, 0x00, 0x06, 0xb0,
    0x00, 0x06, 0x00, 0xf1, 0x00, 0x17, 0xd8, 0xbb, 0x00, 0x00, 0xf1, 0xae, 0xec, 0x97, 0x41, 0x07,
    0xac, 0xe0, 0x21, 0x00, 0x00, 0x00, 0x03, 0x55, 0x10,

    /* U+5236 "制" */
    0x00, 0x01, 0x50, 0x00, 0x00, 0x00, 0x50, 0x0d, 0x33, 0xd0, 0x00, 0x02, 0x00, 0xf1, 0x2f, 0xab,
    0xfa, 0xa6, 0x0f, 0x00, 0xf1, 0x9b, 0x68, 0xe6, 0x64, 0x0f, 0x00, 0xf1, 0xc1, 0x03, 0xd0, 0x00,
    0x0f, 0x00, 0xf1, 0x67, 0x79, 0xe7, 0x77, 0x1f, 0x00, 0xf1, 0x79, 0x9a, 0xe9, 0x99, 0x1f, 0x00,
    0xf1, 0x00, 0x03, 0xd0, 0x00, 0x0f, 0x00, 0xf1, 0x2d, 0xde, 0xfd, 0xda, 0x0f, 0x00, 0xf1, 0x2e,
    0x25, 0xe2, 0x6c, 0x0f, 0x00, 0xf1, 0x2d, 0x03, 0xd0, 0x4c, 0x0f, 0x00, 0xf1, 0x2d, 0x03, 0xd0,
    0x4c, 0x06, 0x00, 0xf1, 0x2d, 0x03, 0xd4, 0xda, 0x00, 0x00, 0xf1, 0x17, 0x03, 0xd3, 0x61, 0x06,
    0xac, 0xe0, 0x00, 0x01, 0x70, 0x00, 0x03, 0x55, 0x10,

    /* U+5237 "刷" */
    0x00, 0x00, 0x00, 0x00, 0x00, 0x00, 0x50, 0x0d, 0xdd, 0xdd, 0xdd, 0x31, 0x10, 0xf1, 0x0f, 0x10,
    0x00, 0x0c, 0x39, 0x60, 0xf1, 0x0f, 0x22, 0x22, 0x2c, 0x39, 0x60, 0xf1, 0x0f, 0xff, 0xff, 0xff,
    0x39, 0x60, 0xf1, 0x0f, 0x00, 0x06, 0x00, 0x09, 0x60, 0xf1, 0x0f, 0x00, 0x1e, 0x00, 0x09, 0x60,
    0xf1, 0x0f, 0x6f, 0xff, 0xff, 0x49, 0x60, 0xf1, 0x2d, 0x69, 0x1e, 0x0b, 0x49, 0x60, 0xf1, 0x3c,
    0x69, 0x1e, 0x0b, 0x49, 0x60, 0xf1, 0x4b, 0x69, 0x1e, 0x0b, 0x49, 0x60, 0xf1, 0x87, 0x69, 0x1e,
    0x0c, 0x43, 0x20, 0xf1, 0xc3, 0x69, 0x1e, 0xae, 0x00, 0x00, 0xf1, 0xe0, 0x00, 0x1e, 0x00, 0x06,
    0x9c, 0xe0, 0x20, 0x00, 0x05, 0x00, 0x02, 0x55, 0x10,

    /* U+524D "前" */
    0x00, 0x03, 0x30, 0x00, 0x05, 0x10, 0x00, 0x00, 0x04, 0xe0, 0x00, 0x3e, 0x10, 0x00, 0x9a, 0xaa,
    0xfc, 0xaa, 0xdd, 0xaa, 0xa5, 0x67, 0x77, 0x77, 0x77, 0x77, 0x77, 0x73, 0x02, 0x22, 0x22, 0x10,
    0x00, 0x06, 0x50, 0x0d, 0xed, 0xde, 0x90, 0x52, 0x09, 0x70, 0x0d, 0x30, 0x07, 0x90, 0xb5, 0x09,
    0x70, 0x0d, 0x86, 0x6a, 0x90, 0xb5, 0x09, 0x70, 0x0d, 0xa8, 0x8c, 0x90, 0xb5, 0x09, 0x70, 0x0d,
    0x30, 0x07, 0x90, 0xb5, 0x09, 0x70, 0x0d, 0xcb, 0xbd, 0x90, 0xb5, 0x09, 0x70, 0x0d, 0x63, 0x39,
    0x90, 0xb5, 0x09, 0x70, 0x0d, 0x30, 0x07, 0x90, 0x00, 0x0a, 0x70, 0x0d, 0x30, 0xaf, 0x60, 0x0a,
    0xaf, 0x50, 0x07, 0x10, 0x65, 0x00, 0x05, 0x53, 0x00,

    /* U+529B "力" */
    0x00, 0x00, 0x02, 0x40, 0x00, 0x00, 0x00, 0x00, 0x00, 0x6b, 0x00, 0x00, 0x00, 0x00, 0x00, 0x06,
    0xa0, 0x00, 0x00, 0x00, 0x56, 0x66, 0xac, 0x66, 0x66, 0x62, 0x0c, 0xcc, 0xce, 0xec, 0xcc, 0xcf,
    0x50, 0x00, 0x00, 0xa6, 0x00, 0x00, 0xb5, 0x00, 0x00, 0x0d, 0x40, 0x00, 0x0c, 0x40, 0x00, 0x00,
    0xf1, 0x00, 0x00, 0xc4, 0x00, 0x00, 0x4c, 0x00, 0x00, 0x0d, 0x30, 0x00, 0x0b, 0x70, 0x00, 0x00,
    0xf1, 0x00, 0x05, 0xe1, 0x00, 0x00, 0x0f, 0x00, 0x02, 0xe4, 0x00, 0x00, 0x03, 0xd0, 0x04, 0xe8,
    0x00, 0x00, 0x00, 0x9a, 0x06, 0xe5, 0x00, 0x00, 0x5a, 0xcf, 0x30, 0x11, 0x00, 0x00, 0x02, 0x65,
    0x20, 0x00,

    /* U+52A0 "加" */
    0x00, 0x23, 0x00, 0x00, 0x00, 0x00, 0x00, 0x06, 0xa0, 0x00, 0x00, 0x00, 0x00, 0x00, 0x6a, 0x00,
    0x00, 0x44, 0x44, 0x45, 0x6a, 0xc6, 0x64, 0x0e, 0xdd, 0xdf, 0xac, 0xee, 0xce, 0xb0, 0xe2, 0x00,
    0xf0, 0x07, 0x90, 0x5b, 0x0e, 0x20, 0x0f, 0x00, 0x88, 0x05, 0xb0, 0xe2, 0x00, 0xf0, 0x09, 0x70,
    0x6b, 0x0e, 0x20, 0x0f, 0x00, 0xc5, 0x06, 0xa0, 0xe2, 0x00, 0xf0, 0x0f, 0x10, 0x6a, 0x0e, 0x20,
    0x0f, 0x04, 0xd0, 0x07, 0x90, 0xe2, 0x00, 0xf0, 0xa7, 0x00, 0x79, 0x0e, 0x20, 0x0f, 0x2f, 0x10,
    0x0b, 0x70, 0xec, 0xcc, 0xfd, 0x70, 0xac, 0xe1, 0x0e, 0x54, 0x4f, 0x40, 0x04, 0x40, 0x00, 0x30,
    0x00, 0x40,

    /* U+52A1 "务" */
    0x00, 0x00, 0x42, 0x00, 0x00, 0x00, 0x00, 0x00, 0x03, 0xf6, 0x44, 0x44, 0x42, 0x00, 0x00, 0x1d,
    0xcb, 0xbb, 0xbc, 0xf7, 0x00, 0x03, 0xef, 0xb1, 0x00, 0x2d, 0xa0, 0x00, 0x0e, 0x80, 0xae, 0x36,
    0xf9, 0x00, 0x00, 0x01, 0x00, 0x0b, 0xff, 0x80, 0x00, 0x00, 0x03, 0x6a, 0xfc, 0x68, 0xef, 0xb7,
    0x30, 0xce, 0xa7, 0x20, 0xa0, 0x04, 0x8b, 0xe7, 0x00, 0x00, 0x02, 0xe0, 0x00, 0x00, 0x00, 0x0e,
    0xee, 0xef, 0xfe, 0xee, 0xee, 0x10, 0x00, 0x00, 0x0c, 0x60, 0x00, 0x0f, 0x00, 0x00, 0x00, 0xac,
    0x00, 0x00, 0x0f, 0x00, 0x00, 0x4c, 0xb0, 0x00, 0x00, 0x4d, 0x00, 0x6e, 0xc5, 0x00, 0x07, 0x9a,
    0xe6, 0x00, 0x33, 0x00, 0x00, 0x03, 0x55, 0x20, 0x00,

    /* U+52A8 "动" */
    0x00, 0x00, 0x00, 0x00, 0x06, 0x00, 0x00, 0x27, 0x77, 0x77, 0x00, 0x1f, 0x00, 0x00, 0x28, 0x88,
    0x88, 0x00, 0x1f, 0x00, 0x00, 0x00, 0x00, 0x00, 0x06, 0x6f, 0x66, 0x61, 0x00, 0x00, 0x00, 0x1c,
    0xdf, 0xdc, 0xf4, 0x22, 0x22, 0x22, 0x20, 0x1f, 0x00, 0xc4, 0xcd, 0xfe, 0xdd, 0x90, 0x2e, 0x00,
    0xc4, 0x00, 0xf0, 0x00, 0x00, 0x3d, 0x00, 0xc4, 0x04, 0xc0, 0xa2, 0x00, 0x6b, 0x00, 0xc3, 0x09,
    0x70, 0x7a, 0x00, 0xa7, 0x00, 0xd3, 0x0e, 0x20, 0x1f, 0x20, 0xe3, 0x00, 0xd3, 0x7d, 0x7c, 0xed,
    0x95, 0xc0, 0x00, 0xe2, 0xbb, 0x73, 0x01, 0x8d, 0x50, 0x01, 0xf0, 0x00, 0x00, 0x00, 0xaa, 0x05,
    0x9d, 0x90, 0x00, 0x00, 0x00, 0x30, 0x02, 0x52, 0x00,

    /* U+52FF "勿" */
    0x00, 0x02, 0x40, 0x00, 0x00, 0x00, 0x00, 0x00, 0xb8, 0x00, 0x00, 0x00, 0x00, 0x00, 0x2f, 0x42,
    0x22, 0x22, 0x22, 0x10, 0x0b, 0xff, 0xff, 0xff, 0xff, 0xfa, 0x0a, 0xe1, 0x0d, 0x20, 0x97, 0x06,
    0xa8, 0xe3, 0x06, 0xa0, 0x0d, 0x30, 0x6a, 0x32, 0x00, 0xe3, 0x01, 0xf0, 0x06, 0xa0, 0x00, 0x6b,
    0x00, 0x6a, 0x00, 0x7a, 0x00, 0x6e, 0x30, 0x0e, 0x40, 0x07, 0x90, 0x9d, 0x20, 0x06, 0xc0, 0x00,
    0x79, 0x7c, 0x10, 0x04, 0xe3, 0x00, 0x08, 0x80, 0x00, 0x03, 0xf5, 0x00, 0x00, 0x98, 0x00, 0x07,
    0xf6, 0x00, 0x00, 0x0e, 0x40, 0x0c, 0xd2, 0x00, 0x49, 0x9d, 0xc0, 0x00, 0x40, 0x00, 0x01, 0x66,
    0x30, 0x00,

    /* U+5316 "化" */
    0x00, 0x00, 0x41, 0x05, 0x00, 0x00, 0x00, 0x00, 0x01, 0xf3, 0x0f, 0x10, 0x00, 0x00, 0x00, 0x09,
    0xa0, 0x0f, 0x10, 0x01, 0x50, 0x00, 0x2f, 0x20, 0x0f, 0x10, 0x1d, 0xa0, 0x01, 0xd9, 0x00, 0x0f,
    0x11, 0xca, 0x00, 0x0c, 0xf8, 0x00, 0x0f, 0x4e, 0xa0, 0x00, 0xbc, 0x98, 0x00, 0x0f, 0xf6, 0x00,
    0x00, 0xa0, 0x88, 0x06, 0xef, 0x30, 0x00, 0x00, 0x00, 0x88, 0x3d, 0x5f, 0x10, 0x00, 0x00, 0x00,
    0x88, 0x00, 0x0f, 0x10, 0x00, 0x00, 0x00, 0x88, 0x00, 0x0f, 0x10, 0x00, 0x53, 0x00, 0x88, 0x00,
    0x0f, 0x10, 0x00, 0x96, 0x00, 0x88, 0x00, 0x0f, 0x20, 0x00, 0xc4, 0x00, 0x88, 0x00, 0x0a, 0xec,
    0xce, 0xd0, 0x00, 0x44, 0x00, 0x00, 0x34, 0x43, 0x00,

    /* U+533A "区" */
    0xcd, 0xdd, 0xdd, 0xdd, 0xdd, 0xdd, 0x0e, 0x31, 0x11, 0x11, 0x11, 0x21, 0x10, 0xe2, 0x03, 0x00,
    0x00, 0x0d, 0x20, 0x0e, 0x23, 0xf6, 0x00, 0x06, 0xd0, 0x00, 0xe2, 0x04, 0xf8, 0x01, 0xe5, 0x00,
    0x0e, 0x20, 0x02, 0xda, 0xab, 0x00, 0x00, 0xe2, 0x00, 0x01, 0xdf, 0x20, 0x00, 0x0e, 0x20, 0x00,
    0x7f, 0xcc, 0x00, 0x00, 0xe2, 0x01, 0x9e, 0x30, 0xcc, 0x00, 0x0e, 0x27, 0xfb, 0x20, 0x00, 0xcc,
    0x00, 0xe2, 0x64, 0x00, 0x00, 0x01, 0x60, 0x0e, 0x42, 0x22, 0x22, 0x22, 0x22, 0x21, 0xcd, 0xdd,
    0xdd, 0xdd, 0xdd, 0xdd, 0x60,

    /* U+5343 "千" */
    0x00, 0x12, 0x23, 0x46, 0x8b, 0xee, 0x20, 0x0a, 0xee, 0xdc, 0xec, 0x74, 0x10, 0x00, 0x00, 0x00,
    0x00, 0xa7, 0x00, 0x00, 0x00, 0x00, 0x00, 0x00, 0xa7, 0x00, 0x00, 0x00, 0x00, 0x00, 0x00, 0xa7,
    0x00, 0x00, 0x00, 0x11, 0x11, 0x11, 0xb8, 0x11, 0x11, 0x10, 0xbf, 0xff, 0xff, 0xff, 0xff, 0xff,
    0xf6, 0x00, 0x00, 0x00, 0xa7, 0x00, 0x00, 0x00, 0x00, 0x00, 0x00, 0xa7, 0x00, 0x00, 0x00, 0x00,
    0x00, 0x00, 0xa7, 0x00, 0x00, 0x00, 0x00, 0x00, 0x00, 0xa7, 0x00, 0x00, 0x00, 0x00, 0x00, 0x00,
    0xa7, 0x00, 0x00, 0x00, 0x00, 0x00, 0x00, 0xa7, 0x00, 0x00, 0x00, 0x00, 0x00, 0x00, 0x43, 0x00,
    0x00, 0x00,

    /* U+5355 "单" */
    0x00, 0x02, 0x20, 0x00, 0x05, 0x10, 0x00, 0x00, 0x04, 0xe1, 0x00, 0x3e, 0x10, 0x00, 0x01, 0x33,
    0x97, 0x33, 0xc8, 0x33, 0x00, 0x06, 0xfd, 0xdd, 0xfe, 0xdd, 0xdf, 0x10, 0x06, 0xa0, 0x00, 0xb5,
    0x00, 0x0f, 0x10, 0x06, 0xc5, 0x55, 0xc9, 0x55, 0x5f, 0x10, 0x06, 0xd9, 0x99, 0xeb, 0x99, 0x9f,
    0x10, 0x06, 0xa0, 0x00, 0xb5, 0x00, 0x0f, 0x10, 0x06, 0xeb, 0xbb, 0xed, 0xbb, 0xbf, 0x10, 0x01,
    0x33, 0x33, 0xc8, 0x33, 0x33, 0x00, 0x45, 0x55, 0x55, 0xc9, 0x55, 0x55, 0x52, 0x9b, 0xbb, 0xbb,
    0xec, 0xbb, 0xbb, 0xb5, 0x00, 0x00, 0x00, 0xb5, 0x00, 0x00, 0x00, 0x00, 0x00, 0x00, 0xb5, 0x00,
    0x00, 0x00, 0x00, 0x00, 0x00, 0x63, 0x00, 0x00, 0x00,

    /* U+5361 "卡" */
    0x00, 0x00, 0x02, 0x30, 0x00, 0x00, 0x00, 0x00, 0x00, 0x07, 0xa0, 0x00, 0x00, 0x00, 0x00, 0x00,
    0x07, 0xea, 0xaa, 0xa5, 0x00, 0x00, 0x00, 0x07, 0xd7, 0x77, 0x74, 0x00, 0x00, 0x00, 0x07, 0xa0,
    0x00, 0x00, 0x00, 0x11, 0x11, 0x18, 0xa1, 0x11, 0x11, 0x10, 0xdf, 0xff, 0xff, 0xff, 0xff, 0xff,
    0xf7, 0x00, 0x00, 0x07, 0xa0, 0x00, 0x00, 0x00, 0x00, 0x00, 0x07, 0xc1, 0x00, 0x00, 0x00, 0x00,
    0x00, 0x07, 0xee, 0x81, 0x00, 0x00, 0x00, 0x00, 0x07, 0xa1, 0x8e, 0x70, 0x00, 0x00, 0x00, 0x07,
    0xa0, 0x02, 0xac, 0x00, 0x00, 0x00, 0x07, 0xa0, 0x00, 0x00, 0x00, 0x00, 0x00, 0x07, 0xa0, 0x00,
    0x00, 0x00, 0x00, 0x00, 0x03, 0x50, 0x00, 0x00, 0x00,

    /* U+5373 "即" */
    0x2d, 0xdd, 0xdd, 0x60, 0xad, 0xdd, 0xd1, 0x3d, 0x00, 0x09, 0x70, 0xc5, 0x11, 0xf1, 0x3d, 0x00,
    0x09, 0x70, 0xc4, 0x00, 0xf1, 0x3f, 0xdd, 0xdf, 0x70, 0xc4, 0x00, 0xf1, 0x3e, 0x33, 0x3a, 0x70,
    0xc4, 0x00, 0xf1, 0x3d, 0x00, 0x09, 0x70, 0xc4, 0x00, 0xf1, 0x3f, 0xbb, 0xbd, 0x70, 0xc4, 0x00,
    0xf1, 0x3e, 0x55, 0x55, 0x20, 0xc4, 0x00, 0xf1, 0x3d, 0x00, 0x24, 0x00, 0xc4, 0x00, 0xf1, 0x3d,
    0x00, 0x3d, 0x00, 0xc4, 0x00, 0xf1, 0x3d, 0x00, 0x3d, 0x70, 0xc4, 0x7c, 0xe0, 0x5e, 0x8e, 0xd8,
    0xe1, 0xc4, 0x46, 0x20, 0x8c, 0x72, 0x00, 0x62, 0xc4, 0x00, 0x00, 0x00, 0x00, 0x00, 0x00, 0x52,
    0x00, 0x00,

    /* U+5386 "历" */
    0x08, 0xbb, 0xbb, 0xbb, 0xbb, 0xbb, 0xb3, 0x0b, 0x83, 0x33, 0x33, 0x33, 0x33, 0x31, 0x0b, 0x50,
    0x00, 0x0d, 0x30, 0x00, 0x00, 0x0b, 0x50, 0x00, 0x0d, 0x30, 0x00, 0x00, 0x0b, 0x50, 0x11, 0x1e,
    0x41, 0x11, 0x00, 0x0b, 0x57, 0xee, 0xef, 0xee, 0xee, 0xa0, 0x0c, 0x40, 0x00, 0x2f, 0x00, 0x07,
    0x90, 0x0e, 0x20, 0x00, 0x6c, 0x00, 0x07, 0x90, 0x0f, 0x10, 0x00, 0xa8, 0x00, 0x08, 0x80, 0x1f,
    0x00, 0x01, 0xf2, 0x00, 0x09, 0x70, 0x5c, 0x00, 0x0c, 0x90, 0x00, 0x0a, 0x60, 0xa7, 0x02, 0xbc,
    0x00, 0x00, 0x0e, 0x30, 0xf1, 0x2f, 0x91, 0x00, 0xab, 0xeb, 0x00, 0x20, 0x03, 0x00, 0x00, 0x34,
    0x30, 0x00,

    /* U+538B "压" */
    0x0a, 0xdd, 0xdd, 0xdd, 0xdd, 0xdd, 0xd3, 0x0c, 0x62, 0x22, 0x22, 0x22, 0x22, 0x20, 0x0c, 0x50,
    0x00, 0x07, 0x60, 0x00, 0x00, 0x0c, 0x50, 0x00, 0x09, 0x80, 0x00, 0x00, 0x0c, 0x50, 0x00, 0x09,
    0x80, 0x00, 0x00, 0x0c, 0x46, 0x88, 0x8c, 0xc8, 0x88, 0x70, 0x0e, 0x26, 0x88, 0x8c, 0xc8, 0x88,
    0x60, 0x0f, 0x10, 0x00, 0x09, 0x80, 0x50, 0x00, 0x0f, 0x00, 0x00, 0x09, 0x80, 0xe4, 0x00, 0x2e,
    0x00, 0x00, 0x09, 0x80, 0x5d, 0x00, 0x6a, 0x00, 0x00, 0x09, 0x80, 0x0b, 0x50, 0xb5, 0x12, 0x22,
    0x2a, 0x92, 0x23, 0x21, 0xf0, 0x7d, 0xdd, 0xdd, 0xdd, 0xdd, 0xd8, 0x30, 0x00, 0x00, 0x00, 0x00,
    0x00, 0x00,

    /* U+539F "原" */
    0x0c, 0xdd, 0xdd, 0xdd, 0xdd, 0xdd, 0xd4, 0x0e, 0x52, 0x22, 0x2c, 0x62, 0x22, 0x20, 0x0e, 0x30,
    0x66, 0x6f, 0x76, 0x66, 0x10, 0x0e, 0x31, 0xfb, 0xbb, 0xbb, 0xbf, 0x30, 0x0e, 0x31, 0xe0, 0x00,
    0x00, 0x0d, 0x30, 0x0e, 0x31, 0xfd, 0xdd, 0xdd, 0xdf, 0x30, 0x0e, 0x21, 0xe1, 0x11, 0x11, 0x1d,
    0x30, 0x0f, 0x11, 0xf7, 0x77, 0x77, 0x7e, 0x30, 0x1f, 0x01, 0x88, 0x8b, 0xe8, 0x88, 0x20, 0x2e,
    0x00, 0x36, 0x05, 0xc0, 0x64, 0x00, 0x5b, 0x01, 0xe5, 0x05, 0xc0, 0x4e, 0x10, 0xa6, 0x0b, 0x90,
    0x05, 0xc0, 0x09, 0xb0, 0xe1, 0x2c, 0x01, 0x9c, 0xa0, 0x00, 0xc2, 0x20, 0x00, 0x00, 0x76, 0x10,
    0x00, 0x00,

    /* U+53CA "及" */
    0x0a, 0xdd, 0xdd, 0xdd, 0xdd, 0x10, 0x00, 0x02, 0x25, 0xe2, 0x22, 0x4f, 0x00, 0x00, 0x00, 0x03,
    0xe0, 0x00, 0x5c, 0x00, 0x00, 0x00, 0x04, 0xe0, 0x00, 0x88, 0x00, 0x00, 0x00, 0x05, 0xf4, 0x00,
    0xcb, 0x88, 0x20, 0x00, 0x07, 0xfb, 0x00, 0x66, 0x6f, 0x20, 0x00, 0x09, 0x8e, 0x10, 0x00, 0x4d,
    0x00, 0x00, 0x0e, 0x26, 0xc0, 0x00, 0xb7, 0x00, 0x00, 0x2d, 0x00, 0xba, 0x07, 0xd0, 0x00, 0x00,
    0x98, 0x00, 0x0d, 0xbf, 0x20, 0x00, 0x02, 0xf2, 0x00, 0x0a, 0xfd, 0x20, 0x00, 0x1d, 0x50, 0x06,
    0xec, 0x38, 0xf9, 0x10, 0xb9, 0x07, 0xed, 0x60, 0x00, 0x2b, 0xe3, 0x20, 0x03, 0x40, 0x00, 0x00,
    0x00, 0x40,

    /* U+53CD "反" */
    0x00, 0x00, 0x00, 0x00, 0x00, 0x13, 0x10, 0x00, 0x67, 0x89, 0x9a, 0xce, 0xdb, 0x40, 0x00, 0xf8,
    0x65, 0x43, 0x20, 0x00, 0x00, 0x00, 0xf1, 0x00, 0x00, 0x00, 0x00, 0x00, 0x00, 0xf1, 0x00, 0x00,
    0x00, 0x00, 0x00, 0x00, 0xfc, 0xbb, 0xbb, 0xbb, 0xbb, 0x10, 0x00, 0xf5, 0xc8, 0x44, 0x44, 0x6f,
    0x00, 0x02, 0xf0, 0x4c, 0x00, 0x00, 0x98, 0x00, 0x04, 0xc0, 0x0c, 0x50, 0x02, 0xf1, 0x00, 0x06,
    0xa0, 0x02, 0xe3, 0x1d, 0x60, 0x00, 0x09, 0x80, 0x00, 0x4e, 0xc9, 0x00, 0x00, 0x0e, 0x30, 0x00,
    0x4e, 0xf8, 0x00, 0x00, 0x6b, 0x00, 0x3a, 0xe5, 0x1b, 0xd5, 0x00, 0xc4, 0x2c, 0xe8, 0x00, 0x00,
    0x5c, 0xe5, 0x20, 0x05, 0x00, 0x00, 0x00, 0x00, 0x42,

    /* U+53D6 "取" */
    0xbe, 0xee, 0xee, 0xe6, 0x22, 0x22, 0x20, 0x0a, 0x70, 0x0e, 0x3a, 0xfe, 0xee, 0xf2, 0x0a, 0x60,
    0x0e, 0x20, 0xf0, 0x00, 0xf0, 0x0a, 0xa6, 0x6e, 0x20, 0xc2, 0x02, 0xd0, 0x0a, 0xca, 0xaf, 0x20,
    0xa5, 0x05, 0xa0, 0x0a, 0x60, 0x0e, 0x20, 0x78, 0x09, 0x70, 0x0a, 0x71, 0x1e, 0x20, 0x2e, 0x0e,
    0x20, 0x0a, 0xfe, 0xef, 0x20, 0x0b, 0x9c, 0x00, 0x0a, 0x60, 0x0e, 0x20, 0x05, 0xf5, 0x00, 0x0a,
    0x60, 0x0e, 0x74, 0x06, 0xf5, 0x00, 0x3c, 0xcb, 0xef, 0xb4, 0x4f, 0x8e, 0x20, 0xaa, 0x74, 0x2e,
    0x23, 0xf5, 0x07, 0xd0, 0x00, 0x00, 0x0e, 0x3d, 0x70, 0x00, 0xb8, 0x00, 0x00, 0x07, 0x12, 0x00,
    0x00, 0x11,

    /* U+53D8 "变" */
    0x00, 0x00, 0x00, 0x80, 0x00, 0x00, 0x00, 0x23, 0x33, 0x33, 0xd7, 0x33, 0x33, 0x30, 0x8d, 0xdd,
    0xee, 0xdd, 0xfd, 0xdd, 0xd3, 0x00, 0x00, 0x79, 0x00, 0xe2, 0x10, 0x00, 0x02, 0xd6, 0x79, 0x00,
    0xe2, 0xaa, 0x00, 0x5f, 0x80, 0x79, 0x00, 0xe2, 0x0b, 0xc1, 0x94, 0x00, 0x79, 0x00, 0xe2, 0x00,
    0x94, 0x00, 0x00, 0x22, 0x00, 0x31, 0x00, 0x00, 0x08, 0xff, 0xee, 0xee, 0xee, 0xf9, 0x00, 0x00,
    0x0b, 0x80, 0x00, 0x09, 0xb1, 0x00, 0x00, 0x00, 0xab, 0x12, 0xc9, 0x00, 0x00, 0x00, 0x00, 0x09,
    0xdf, 0x80, 0x00, 0x00, 0x00, 0x15, 0xae, 0xab, 0xe9, 0x30, 0x00, 0x7d, 0xfc, 0x71, 0x00, 0x17,
    0xcf, 0xc6, 0x23, 0x00, 0x00, 0x00, 0x00, 0x00, 0x32,

    /* U+53EA "只" */
    0x00, 0x9a, 0xaa, 0xaa, 0xaa, 0xa6, 0x00, 0x00, 0xf6, 0x55, 0x55, 0x55, 0xaa, 0x00, 0x00, 0xf1,
    0x00, 0x00, 0x00, 0x6a, 0x00, 0x00, 0xf1, 0x00, 0x00, 0x00, 0x6a, 0x00, 0x00, 0xf1, 0x00, 0x00,
    0x00, 0x6a, 0x00, 0x00, 0xf1, 0x00, 0x00, 0x00, 0x6a, 0x00, 0x00, 0xfa, 0xaa, 0xaa, 0xaa, 0xca,
    0x00, 0x00, 0x66, 0x66, 0x66, 0x66, 0x63, 0x00, 0x00, 0x02, 0x90, 0x00, 0x19, 0x00, 0x00, 0x00,
    0x1d, 0x80, 0x00, 0x0a, 0xb0, 0x00, 0x00, 0xbd, 0x00, 0x00, 0x00, 0xc9, 0x00, 0x08, 0xf3, 0x00,
    0x00, 0x00, 0x1e, 0x50, 0x5f, 0x40, 0x00, 0x00, 0x00, 0x04, 0xf2, 0x14, 0x00, 0x00, 0x00, 0x00,
    0x00, 0x50,

    /* U+53EF "可" */
    0x79, 0x99, 0x99, 0x99, 0x99, 0x99, 0x95, 0x56, 0x66, 0x66, 0x66, 0x66, 0xbb, 0x63, 0x00, 0x00,
    0x00, 0x00, 0x00, 0x88, 0x00, 0x00, 0x00, 0x00, 0x00, 0x00, 0x88, 0x00, 0x01, 0xfe, 0xee, 0xfb,
    0x00, 0x88, 0x00, 0x01, 0xf0, 0x00, 0x4b, 0x00, 0x88, 0x00, 0x01, 0xf0, 0x00, 0x4b, 0x00, 0x88,
    0x00, 0x01, 0xf0, 0x00, 0x4b, 0x00, 0x88, 0x00, 0x01, 0xf8, 0x88, 0xab, 0x00, 0x88, 0x00, 0x01,
    0xf7, 0x77, 0x75, 0x00, 0x88, 0x00, 0x01, 0xc0, 0x00, 0x00, 0x00, 0x88, 0x00, 0x00, 0x00, 0x00,
    0x00, 0x00, 0x88, 0x00, 0x00, 0x00, 0x00, 0x05, 0xa9, 0xe5, 0x00, 0x00, 0x00, 0x00, 0x02, 0x66,
    0x40, 0x00,

    /* U+53F0 "台" */
    0x00, 0x00, 0x04, 0x10, 0x00, 0x00, 0x00, 0x00, 0x00, 0x4e, 0x20, 0x00, 0x00, 0x00, 0x00, 0x01,
    0xe5, 0x00, 0x0a, 0x30, 0x00, 0x00, 0x0c, 0x80, 0x00, 0x06, 0xd0, 0x00, 0x00, 0xb9, 0x00, 0x00,
    0x00, 0xb9, 0x00, 0x3d, 0xe7, 0x89, 0xab, 0xcd, 0xff, 0x40, 0x3a, 0x98, 0x87, 0x65, 0x42, 0x16,
    0xe0, 0x00, 0x00, 0x00, 0x00, 0x00, 0x00, 0x93, 0x02, 0xcc, 0xcc, 0xcc, 0xcc, 0xca, 0x00, 0x02,
    0xf4, 0x44, 0x44, 0x44, 0x7d, 0x00, 0x02, 0xe0, 0x00, 0x00, 0x00, 0x4d, 0x00, 0x02, 0xe0, 0x00,
    0x00, 0x00, 0x4d, 0x00, 0x02, 0xf4, 0x44, 0x44, 0x44, 0x7d, 0x00, 0x02, 0xfc, 0xcc, 0xcc, 0xcc,
    0xdd, 0x00, 0x01, 0x70, 0x00, 0x00, 0x00, 0x26, 0x00,

    /* U+53F2 "史" */
    0x00, 0x00, 0x00, 0x33, 0x00, 0x00, 0x00, 0x00, 0x00, 0x00, 0x98, 0x00, 0x00, 0x00, 0x04, 0x99,
    0x99, 0xdc, 0x99, 0x99, 0x20, 0x07, 0xc7, 0x77, 0xcb, 0x77, 0x7e, 0x40, 0x07, 0x90, 0x00, 0x98,
    0x00, 0x0c, 0x40, 0x07, 0x90, 0x00, 0x98, 0x00, 0x0c, 0x40, 0x07, 0xa2, 0x22, 0xa9, 0x22, 0x2c,
    0x40, 0x06, 0xee, 0xee, 0xfe, 0xee, 0xee, 0x40, 0x00, 0x20, 0x00, 0xe5, 0x00, 0x00, 0x00, 0x00,
    0xd9, 0x04, 0xf1, 0x00, 0x00, 0x00, 0x00, 0x1b, 0xba, 0xb0, 0x00, 0x00, 0x00, 0x00, 0x00, 0xdf,
    0x91, 0x00, 0x00, 0x00, 0x00, 0x3c, 0xd6, 0xbf, 0xa4, 0x10, 0x00, 0x6e, 0xe8, 0x00, 0x01, 0x8d,
    0xfe, 0xc5, 0x24, 0x00, 0x00, 0x00, 0x00, 0x02, 0x42,

    /* U+53F3 "右" */
    0x00, 0x00, 0x01, 0x60, 0x00, 0x00, 0x00, 0x00, 0x00, 0x05, 0xc0, 0x00, 0x00, 0x00, 0x35, 0x55,
    0x5b, 0xb5, 0x55, 0x55, 0x53, 0x7c, 0xcc, 0xcf, 0xcc, 0xcc, 0xcc, 0xc6, 0x00, 0x00, 0x6e, 0x00,
    0x00, 0x00, 0x00, 0x00, 0x00, 0xe8, 0x00, 0x00, 0x00, 0x00, 0x00, 0x07, 0xe1, 0x00, 0x00, 0x00,
    0x00, 0x00, 0x1e, 0xeb, 0xbb, 0xbb, 0xbb, 0x10, 0x02, 0xec, 0xe4, 0x44, 0x44, 0x4f, 0x10, 0x3e,
    0x83, 0xd0, 0x00, 0x00, 0x0f, 0x10, 0xe7, 0x03, 0xd0, 0x00, 0x00, 0x0f, 0x10, 0x20, 0x03, 0xd0,
    0x00, 0x00, 0x0f, 0x10, 0x00, 0x03, 0xe5, 0x55, 0x55, 0x5f, 0x10, 0x00, 0x03, 0xfb, 0xbb, 0xbb,
    0xbf, 0x10, 0x00, 0x01, 0x70, 0x00, 0x00, 0x07, 0x00,

    /* U+5404 "各" */
    0x00, 0x00, 0x25, 0x00, 0x00, 0x00, 0x00, 0x00, 0x00, 0xda, 0x44, 0x44, 0x40, 0x00, 0x00, 0x0a,
    0xda, 0xaa, 0xad, 0xe0, 0x00, 0x00, 0x9f, 0xc1, 0x00, 0x4f, 0x30, 0x00, 0x0a, 0xd1, 0x9d, 0x14,
    0xf6, 0x00, 0x00, 0x07, 0x10, 0x09, 0xdf, 0x50, 0x00, 0x00, 0x00, 0x00, 0x6d, 0xcd, 0xb4, 0x00,
    0x00, 0x37, 0xae, 0xb3, 0x00, 0x5d, 0xea, 0x62, 0xaa, 0x63, 0x22, 0x22, 0x22, 0x46, 0xa5, 0x00,
    0x5f, 0xdd, 0xdd, 0xdd, 0xf1, 0x00, 0x00, 0x5b, 0x00, 0x00, 0x00, 0xf1, 0x00, 0x00, 0x5b, 0x00,
    0x00, 0x00, 0xf1, 0x00, 0x00, 0x5c, 0x33, 0x33, 0x33, 0xf1, 0x00, 0x00, 0x5f, 0xcc, 0xcc, 0xcc,
    0xf1, 0x00, 0x00, 0x26, 0x00, 0x00, 0x00, 0x80, 0x00,

    /* U+5408 "合" */
    0x00, 0x00, 0x00, 0x53, 0x00, 0x00, 0x00, 0x00, 0x00, 0x08, 0xce, 0x30, 0x00, 0x00, 0x00, 0x00,
    0x9c, 0x03, 0xe4, 0x00, 0x00, 0x00, 0x0a, 0xc1, 0x00, 0x4e, 0x50, 0x00, 0x03, 0xdc, 0x10, 0x00,
    0x04, 0xea, 0x10, 0x8f, 0x88, 0x88, 0x88, 0x88, 0x7b, 0xe4, 0xb3, 0x08, 0x88, 0x88, 0x88, 0x50,
    0x67, 0x00, 0x00, 0x00, 0x00, 0x00, 0x00, 0x00, 0x00, 0x89, 0x99, 0x99, 0x99, 0x95, 0x00, 0x00,
    0xe8, 0x77, 0x77, 0x77, 0xb9, 0x00, 0x00, 0xe2, 0x00, 0x00, 0x00, 0x79, 0x00, 0x00, 0xe2, 0x00,
    0x00, 0x00, 0x79, 0x00, 0x00, 0xe8, 0x77, 0x77, 0x77, 0xb9, 0x00, 0x00, 0xea, 0x99, 0x99, 0x99,
    0xc9, 0x00, 0x00, 0x71, 0x00, 0x00, 0x00, 0x34, 0x00,

    /* U+540D "名" */
    0x00, 0x00, 0x02, 0x50, 0x00, 0x00, 0x00, 0x00, 0x02, 0xe8, 0x22, 0x22, 0x20, 0x00, 0x02, 0xde,
    0xdd, 0xdd, 0xef, 0x00, 0x07, 0xf8, 0x00, 0x00, 0x0a, 0x80, 0x2d, 0xe5, 0x62, 0x00, 0x06, 0xc0,
    0x00, 0x70, 0x07, 0xe5, 0x08, 0xe1, 0x00, 0x00, 0x00, 0x02, 0xdd, 0xa1, 0x00, 0x00, 0x00, 0x05,
    0xcd, 0x40, 0x00, 0x00, 0x27, 0xbf, 0xff, 0xee, 0xee, 0xee, 0x69, 0xb7, 0x8b, 0x11, 0x11, 0x11,
    0xa7, 0x00, 0x06, 0xa0, 0x00, 0x00, 0x0a, 0x70, 0x00, 0x6a, 0x00, 0x00, 0x00, 0xa7, 0x00, 0x06,
    0xd7, 0x77, 0x77, 0x7c, 0x70, 0x00, 0x6d, 0x99, 0x99, 0x99, 0xd7, 0x00, 0x03, 0x40, 0x00, 0x00,
    0x04, 0x30,

    /* U+540E "后" */
    0x00, 0x00, 0x00, 0x00, 0x00, 0x03, 0x00, 0x01, 0x56, 0x78, 0x9a, 0xce, 0xec, 0x50, 0x04, 0xe8,
    0x76, 0x65, 0x31, 0x00, 0x00, 0x04, 0xc0, 0x00, 0x00, 0x00, 0x00, 0x00, 0x04, 0xc0, 0x00, 0x00,
    0x00, 0x00, 0x00, 0x04, 0xff, 0xff, 0xff, 0xff, 0xff, 0xf8, 0x05, 0xb0, 0x00, 0x00, 0x00, 0x00,
    0x00, 0x07, 0x90, 0x00, 0x00, 0x00, 0x00, 0x00, 0x09, 0x70, 0xce, 0xee, 0xee, 0xee, 0x50, 0x0b,
    0x50, 0xd5, 0x22, 0x22, 0x2c, 0x50, 0x0d, 0x30, 0xd3, 0x00, 0x00, 0x0b, 0x50, 0x3e, 0x00, 0xd3,
    0x00, 0x00, 0x0b, 0x50, 0x98, 0x00, 0xd6, 0x44, 0x44, 0x4c, 0x50, 0xe1, 0x00, 0xdd, 0xcc, 0xcc,
    0xcf, 0x50, 0x20, 0x00, 0x61, 0x00, 0x00, 0x05, 0x20,

    /* U+5411 "向" */
    0x00, 0x00, 0x15, 0x00, 0x00, 0x00, 0x00, 0x00, 0x7a, 0x00, 0x00, 0x00, 0x55, 0x55, 0xd9, 0x55,
    0x55, 0x54, 0xfc, 0xcc, 0xcc, 0xcc, 0xcc, 0xdd, 0xf0, 0x00, 0x00, 0x00, 0x00, 0x3d, 0xf0, 0x00,
    0x00, 0x00, 0x00, 0x3d, 0xf0, 0x0d, 0xff, 0xff, 0x90, 0x3d, 0xf0, 0x0e, 0x31, 0x17, 0x90, 0x3d,
    0xf0, 0x0e, 0x20, 0x06, 0x90, 0x3d, 0xf0, 0x0e, 0x20, 0x06, 0x90, 0x3d, 0xf0, 0x0e, 0xbb, 0xbd,
    0x90, 0x3d, 0xf0, 0x04, 0x55, 0x55, 0x30, 0x3d, 0xf0, 0x00, 0x00, 0x00, 0x00, 0x4d, 0xf0, 0x00,
    0x00, 0x00, 0xaa, 0xea, 0x70, 0x00, 0x00, 0x00, 0x56, 0x51,

    /* U+542B "含" */
    0x00, 0x00, 0x00, 0x42, 0x00, 0x00, 0x00, 0x00, 0x00, 0x09, 0xde, 0x40, 0x00, 0x00, 0x00, 0x01,
    0xbb, 0x03, 0xe6, 0x00, 0x00, 0x00, 0x6e, 0x92, 0x50, 0x2d, 0xc3, 0x00, 0x5d, 0xd5, 0x02, 0xe6,
    0x00, 0x7f, 0xa2, 0xb6, 0x00, 0x00, 0x19, 0x00, 0x01, 0x87, 0x00, 0x7a, 0xaa, 0xaa, 0xaa, 0xa0,
    0x00, 0x00, 0x35, 0x55, 0x55, 0x5b, 0xc0, 0x00, 0x00, 0x00, 0x00, 0x00, 0x8c, 0x00, 0x00, 0x00,
    0x99, 0x99, 0x9b, 0xfa, 0x96, 0x00, 0x00, 0xf6, 0x66, 0x66, 0x66, 0x9b, 0x00, 0x00, 0xf0, 0x00,
    0x00, 0x00, 0x4b, 0x00, 0x00, 0xf3, 0x33, 0x33, 0x33, 0x7b, 0x00, 0x00, 0xfc, 0xcc, 0xcc, 0xcc,
    0xdb, 0x00, 0x00, 0x80, 0x00, 0x00, 0x00, 0x26, 0x00,

    /* U+542C "听" */
    0x00, 0x00, 0x00, 0x00, 0x00, 0x00, 0x20, 0x13, 0x33, 0x20, 0x15, 0x68, 0xbf, 0xc0, 0x4f, 0xcd,
    0xc0, 0x6d, 0x86, 0x41, 0x00, 0x4c, 0x04, 0xc0, 0x69, 0x00, 0x00, 0x00, 0x4c, 0x04, 0xc0, 0x69,
    0x00, 0x00, 0x00, 0x4c, 0x04, 0xc0, 0x6c, 0x66, 0x66, 0x63, 0x4c, 0x04, 0xc0, 0x6d, 0x99, 0xeb,
    0x95, 0x4c, 0x04, 0xc0, 0x78, 0x00, 0xc4, 0x00, 0x4c, 0x04, 0xc0, 0xa6, 0x00, 0xc4, 0x00, 0x4c,
    0x04, 0xc0, 0xd3, 0x00, 0xc4, 0x00, 0x4f, 0xee, 0xc0, 0xf0, 0x00, 0xc4, 0x00, 0x4c, 0x11, 0x18,
    0xb0, 0x00, 0xc4, 0x00, 0x13, 0x00, 0x2f, 0x20, 0x00, 0xc4, 0x00, 0x00, 0x00, 0x88, 0x00, 0x00,
    0xc4, 0x00, 0x00, 0x00, 0x00, 0x00, 0x00, 0x62, 0x00,

    /* U+542F "启" */
    0x00, 0x00, 0x00, 0x61, 0x00, 0x00, 0x00, 0x00, 0x00, 0x09, 0x80, 0x00, 0x00, 0x04, 0xee, 0xee,
    0xff, 0xee, 0xee, 0x80, 0x4c, 0x11, 0x11, 0x11, 0x11, 0x89, 0x04, 0xc0, 0x00, 0x00, 0x00, 0x07,
    0x90, 0x4d, 0x44, 0x44, 0x44, 0x44, 0xa9, 0x04, 0xeb, 0xbb, 0xbb, 0xbb, 0xbb, 0x60, 0x5b, 0x00,
    0x00, 0x00, 0x00, 0x00, 0x07, 0x91, 0x33, 0x33, 0x33, 0x33, 0x10, 0x97, 0x4f, 0xcc, 0xcc, 0xcc,
    0xe6, 0x0b, 0x54, 0xc0, 0x00, 0x00, 0x09, 0x61, 0xf2, 0x4c, 0x00, 0x00, 0x00, 0x96, 0x7a, 0x04,
    0xd3, 0x33, 0x33, 0x3b, 0x6e, 0x30, 0x4f, 0xcc, 0xcc, 0xcc, 0xe6, 0x30, 0x02, 0x60, 0x00, 0x00,
    0x05, 0x30,

    /* U+5448 "呈" */
    0x00, 0xee, 0xee, 0xee, 0xee, 0xe9, 0x00, 0x00, 0xf1, 0x00, 0x00, 0x00, 0x6a, 0x00, 0x00, 0xf0,
    0x00, 0x00, 0x00, 0x6a, 0x00, 0x00, 0xf4, 0x33, 0x33, 0x33, 0x8a, 0x00, 0x00, 0xdd, 0xdd, 0xdd,
    0xdd, 0xd8, 0x00, 0x00, 0x00, 0x00, 0x00, 0x00, 0x00, 0x00, 0x0e, 0xee, 0xee, 0xee, 0xee, 0xee,
    0x90, 0x02, 0x22, 0x22, 0xb7, 0x22, 0x22, 0x10, 0x00, 0x00, 0x00, 0xa6, 0x00, 0x00, 0x00, 0x02,
    0xff, 0xff, 0xff, 0xff, 0xfe, 0x00, 0x00, 0x00, 0x00, 0xa6, 0x00, 0x00, 0x00, 0x00, 0x00, 0x00,
    0xa7, 0x00, 0x00, 0x00, 0xdf, 0xff, 0xff, 0xff, 0xff, 0xff, 0xf7,

    /* U+5468 "周" */
    0x08, 0xdd, 0xdd, 0xdd, 0xdd, 0xdd, 0x90, 0x98, 0x00, 0x04, 0x40, 0x00, 0x7a, 0x09, 0x70, 0x11,
    0x99, 0x11, 0x06, 0xa0, 0x97, 0x3e, 0xef, 0xfe, 0xe3, 0x6a, 0x09, 0x70, 0x00, 0x88, 0x00, 0x06,
    0xa0, 0x97, 0x69, 0x9c, 0xc9, 0x96, 0x6a, 0x09, 0x74, 0x55, 0x55, 0x55, 0x46, 0xa0, 0xb6, 0x07,
    0x77, 0x77, 0x70, 0x6a, 0x0c, 0x41, 0xf6, 0x66, 0x7f, 0x06, 0xa0, 0xe2, 0x1f, 0x00, 0x01, 0xf0,
    0x6a, 0x1f, 0x01, 0xfa, 0xaa, 0xbf, 0x06, 0xa6, 0xa0, 0x04, 0x44, 0x44, 0x40, 0x6a, 0xb5, 0x00,
    0x00, 0x00, 0x08, 0x9e, 0x82, 0x00, 0x00, 0x00, 0x00, 0x46, 0x50,

    /* U+547D "命" */
    0x00, 0x00, 0x00, 0x53, 0x00, 0x00, 0x00, 0x00, 0x00, 0x0a, 0xce, 0x50, 0x00, 0x00, 0x00, 0x01,
    0xba, 0x02, 0xe7, 0x00, 0x00, 0x00, 0x5e, 0x90, 0x00, 0x2d, 0xb2, 0x00, 0x2b, 0xe7, 0x99, 0x99,
    0x99, 0x8f, 0x80, 0xb8, 0x02, 0x77, 0x77, 0x77, 0x02, 0xc6, 0x00, 0x00, 0x00, 0x00, 0x00, 0x00,
    0x00, 0x06, 0xdd, 0xdd, 0x07, 0xee, 0xee, 0x20, 0x07, 0x91, 0x1f, 0x18, 0x91, 0x1d, 0x30, 0x07,
    0x90, 0x0f, 0x18, 0x80, 0x0d, 0x30, 0x07, 0x90, 0x0f, 0x18, 0x80, 0x0d, 0x30, 0x07, 0xff, 0xff,
    0x18, 0x80, 0x2e, 0x20, 0x07, 0x90, 0x0d, 0x08, 0x87, 0xea, 0x00, 0x00, 0x10, 0x00, 0x08, 0x80,
    0x00, 0x00, 0x00, 0x00, 0x00, 0x05, 0x50, 0x00, 0x00,

    /* U+548C "和" */
    0x00, 0x00, 0x02, 0x00, 0x00, 0x00, 0x02, 0x68, 0xae, 0xd3, 0x57, 0x77, 0x77, 0x49, 0x7f, 0x20,
    0x0b, 0xa7, 0x78, 0xf0, 0x00, 0xf1, 0x00, 0xb4, 0x00, 0x1f, 0x13, 0x3f, 0x33, 0x1b, 0x40, 0x01,
    0xf8, 0xdd, 0xfd, 0xd8, 0xb4, 0x00, 0x1f, 0x00, 0x4f, 0x20, 0x0b, 0x40, 0x01, 0xf0, 0x0c, 0xfc,
    0x10, 0xb4, 0x00, 0x1f, 0x05, 0x8f, 0x5d, 0x1b, 0x40, 0x01, 0xf3, 0xc0, 0xf1, 0x77, 0xb4, 0x00,
    0x1f, 0xd3, 0x0f, 0x10, 0x0b, 0x40, 0x01, 0xf3, 0x00, 0xf1, 0x00, 0xb8, 0x44, 0x5f, 0x00, 0x0f,
    0x10, 0x0b, 0xcb, 0xbb, 0xf0, 0x00, 0xf1, 0x00, 0xb4, 0x00, 0x0e, 0x00, 0x06, 0x00, 0x00, 0x00,
    0x00, 0x00,

    /* U+5668 "器" */
    0x08, 0xdd, 0xde, 0x04, 0xed, 0xde, 0x40, 0x09, 0x60, 0x0f, 0x05, 0xa0, 0x0a, 0x50, 0x09, 0x72,
    0x2f, 0x05, 0xb2, 0x2a, 0x50, 0x08, 0xee, 0xee, 0x04, 0xee, 0xee, 0x40, 0x00, 0x00, 0x03, 0x90,
    0x01, 0xa0, 0x00, 0x79, 0x99, 0x9d, 0xc9, 0x99, 0xea, 0x94, 0x46, 0x68, 0xfa, 0x66, 0xae, 0x66,
    0x62, 0x00, 0x6e, 0x70, 0x00, 0x08, 0xd4, 0x00, 0x9f, 0xe5, 0x33, 0x01, 0x33, 0x6e, 0xe6, 0x47,
    0xda, 0xaf, 0x17, 0xda, 0xae, 0x73, 0x05, 0x90, 0x0d, 0x17, 0x80, 0x0a, 0x40, 0x05, 0x90, 0x0d,
    0x17, 0x80, 0x0b, 0x40, 0x05, 0xfd, 0xdf, 0x17, 0xed, 0xdf, 0x40, 0x02, 0x40, 0x06, 0x03, 0x40,
    0x05, 0x20,

    /* U+56CA "囊" */
    0x00, 0x00, 0x00, 0x52, 0x00, 0x00, 0x00, 0x5a, 0xaa, 0xaa, 0xec, 0xaa, 0xaa, 0xa1, 0x01, 0x88,
    0x88, 0xdb, 0x88, 0x87, 0x00, 0x02, 0xd3, 0x33, 0xc8, 0x33, 0x5d, 0x00, 0x01, 0x88, 0x88, 0xdb,
    0x88, 0x87, 0x00, 0x6b, 0xaa, 0xaa, 0xcb, 0xaa, 0xaa, 0xc1, 0x78, 0x78, 0x7a, 0x36, 0x87, 0x93,
    0xd1, 0x11, 0xa9, 0x7c, 0x4a, 0x97, 0xc5, 0x20, 0x05, 0x66, 0xf7, 0x56, 0xac, 0x65, 0x40, 0x04,
    0x55, 0xf6, 0x55, 0xac, 0x55, 0x30, 0x03, 0x77, 0xf8, 0x77, 0xbc, 0x77, 0x00, 0x6b, 0xbb, 0xec,
    0xbd, 0xcc, 0xbb, 0xb3, 0x03, 0x6b, 0xa0, 0x03, 0xb5, 0xa6, 0x00, 0x69, 0x47, 0xa6, 0x9b, 0x07,
    0xbb, 0x82, 0x00, 0x05, 0x64, 0x20, 0x00, 0x00, 0x40,

    /* U+56DE "回" */
    0x19, 0x99, 0x99, 0x99, 0x99, 0x99, 0x82, 0xe5, 0x55, 0x55, 0x55, 0x55, 0x7d, 0x2d, 0x00, 0x00,
    0x00, 0x00, 0x03, 0xd2, 0xd0, 0x01, 0x11, 0x11, 0x10, 0x3d, 0x2d, 0x00, 0xfd, 0xdd, 0xeb, 0x03,
    0xd2, 0xd0, 0x0f, 0x00, 0x04, 0xb0, 0x3d, 0x2d, 0x00, 0xf0, 0x00, 0x4b, 0x03, 0xd2, 0xd0, 0x0f,
    0x00, 0x04, 0xb0, 0x3d, 0x2d, 0x00, 0xfa, 0xaa, 0xcb, 0x03, 0xd2, 0xd0, 0x04, 0x44, 0x44, 0x30,
    0x3d, 0x2d, 0x00, 0x00, 0x00, 0x00, 0x03, 0xd2, 0xe5, 0x55, 0x55, 0x55, 0x55, 0x7d, 0x2f, 0x99,
    0x99, 0x99, 0x99, 0x9b, 0xd0, 0x30, 0x00, 0x00, 0x00, 0x00, 0x03,

    /* U+56FA "固" */
    0x2d, 0xdd, 0xdd, 0xdd, 0xdd, 0xdd, 0xb3, 0xd2, 0x22, 0x24, 0x32, 0x22, 0x4e, 0x3d, 0x00, 0x00,
    0xb5, 0x00, 0x02, 0xe3, 0xd2, 0x55, 0x5c, 0x95, 0x55, 0x3e, 0x3d, 0x3b, 0xbb, 0xed, 0xbb, 0xb3,
    0xe3, 0xd0, 0x00, 0x0b, 0x50, 0x00, 0x2e, 0x3d, 0x02, 0xaa, 0xec, 0xa9, 0x02, 0xe3, 0xd0, 0x4d,
    0x44, 0x45, 0xf0, 0x2e, 0x3d, 0x04, 0xc0, 0x00, 0x1f, 0x02, 0xe3, 0xd0, 0x4d, 0x77, 0x77, 0xf0,
    0x2e, 0x3d, 0x02, 0x77, 0x77, 0x77, 0x02, 0xe3, 0xe3, 0x33, 0x33, 0x33, 0x33, 0x5e, 0x3f, 0xdd,
    0xdd, 0xdd, 0xdd, 0xdd, 0xe1, 0x60, 0x00, 0x00, 0x00, 0x00, 0x17,

    /* U+56FE "图" */
    0x3d, 0xdd, 0xdd, 0xdd, 0xdd, 0xdd, 0xc4, 0xc1, 0x11, 0x83, 0x11, 0x11, 0x2f, 0x4c, 0x00, 0x4f,
    0x99, 0x98, 0x01, 0xf4, 0xc0, 0x3e, 0xa5, 0x5a, 0xb0, 0x1f, 0x4c, 0x2e, 0x7c, 0x86, 0xc0, 0x01,
    0xf4, 0xc0, 0x20, 0x5f, 0xf7, 0x00, 0x1f, 0x4c, 0x4b, 0xfb, 0x42, 0x8e, 0xa3, 0xf4, 0xc2, 0x50,
    0x7b, 0x40, 0x04, 0x2f, 0x4c, 0x00, 0x00, 0x3b, 0xa0, 0x01, 0xf4, 0xc0, 0x1d, 0x94, 0x00, 0x00,
    0x1f, 0x4c, 0x00, 0x15, 0xae, 0xb6, 0x01, 0xf4, 0xc1, 0x11, 0x11, 0x14, 0x61, 0x2f, 0x4f, 0xee,
    0xee, 0xee, 0xee, 0xee, 0xf2, 0x60, 0x00, 0x00, 0x00, 0x00, 0x07,

    /* U+5706 "圆" */
    0x3d, 0xdd, 0xdd, 0xdd, 0xdd, 0xdd, 0xc4, 0xd1, 0x12, 0x22, 0x22, 0x21, 0x3f, 0x4c, 0x00, 0xed,
    0xcc, 0xe9, 0x02, 0xf4, 0xc0, 0x0e, 0x10, 0x06, 0x90, 0x2f, 0x4c, 0x00, 0xcc, 0xcc, 0xc7, 0x02,
    0xf4, 0xc0, 0x35, 0x55, 0x55, 0x51, 0x2f, 0x4c, 0x08, 0xb7, 0x77, 0x7e, 0x22, 0xf4, 0xc0, 0x87,
    0x0b, 0x30, 0xd2, 0x2f, 0x4c, 0x08, 0x73, 0xd0, 0x0d, 0x22, 0xf4, 0xc0, 0x24, 0xc6, 0xa8, 0x50,
    0x2f, 0x4c, 0x1b, 0xe7, 0x01, 0x8e, 0x92, 0xf4, 0xd2, 0x72, 0x11, 0x11, 0x35, 0x3f, 0x4f, 0xdd,
    0xdd, 0xdd, 0xdd, 0xde, 0xf2, 0x60, 0x00, 0x00, 0x00, 0x00, 0x17,

    /* U+5708 "圈" */
    0x4e, 0xdd, 0xdd, 0xdd, 0xdd, 0xdd, 0xd4, 0xb0, 0x13, 0x05, 0x30, 0x40, 0x0f, 0x4b, 0x01, 0xc0,
    0xc3, 0x69, 0x00, 0xf4, 0xb0, 0xdf, 0xef, 0xef, 0xea, 0x0f, 0x4b, 0x01, 0x16, 0xa1, 0x11, 0x00,
    0xf4, 0xb6, 0xdd, 0xfe, 0xde, 0xdd, 0x2f, 0x4b, 0x01, 0xba, 0x11, 0x7a, 0x00, 0xf4, 0xb2, 0xdf,
    0xc9, 0x9f, 0x7b, 0x2f, 0x4b, 0xb7, 0x86, 0x36, 0xe0, 0x47, 0xf4, 0xb0, 0x08, 0x63, 0x63, 0x64,
    0x0f, 0x4b, 0x00, 0x6d, 0x99, 0xae, 0x30, 0xf4, 0xb0, 0x00, 0x23, 0x33, 0x00, 0x0f, 0x4f, 0xee,
    0xee, 0xee, 0xee, 0xee, 0xf2, 0x60, 0x00, 0x00, 0x00, 0x00, 0x08,

    /* U+5728 "在" */
    0x00, 0x00, 0x04, 0x40, 0x00, 0x00, 0x00, 0x00, 0x00, 0x0d, 0x50, 0x00, 0x00, 0x00, 0x48, 0x88,
    0x9f, 0x88, 0x88, 0x88, 0x83, 0x6a, 0xaa, 0xfc, 0xaa, 0xaa, 0xaa, 0xa5, 0x00, 0x04, 0xe0, 0x00,
    0x10, 0x00, 0x00, 0x00, 0x0e, 0x50, 0x00, 0xd3, 0x00, 0x00, 0x00, 0x9c, 0x00, 0x00, 0xd3, 0x00,
    0x00, 0x08, 0xf5, 0x14, 0x44, 0xe7, 0x44, 0x30, 0x8f, 0xd5, 0x3c, 0xcc, 0xfd, 0xcc, 0xa0, 0xb3,
    0xb5, 0x00, 0x00, 0xd3, 0x00, 0x00, 0x00, 0xb5, 0x00, 0x00, 0xd3, 0x00, 0x00, 0x00, 0xb5, 0x00,
    0x00, 0xd3, 0x00, 0x00, 0x00, 0xb5, 0x11, 0x11, 0xd4, 0x11, 0x10, 0x00, 0xb5, 0xef, 0xff, 0xff,
    0xff, 0xf8, 0x00, 0x63, 0x00, 0x00, 0x00, 0x00, 0x00,

    /* U+5730 "地" */
    0x01, 0x40, 0x00, 0x00, 0x06, 0x00, 0x00, 0x03, 0xd0, 0x00, 0x00, 0x1f, 0x00, 0x00, 0x03, 0xd0,
    0x05, 0xb0, 0x1f, 0x00, 0x00, 0x03, 0xd0, 0x05, 0xb0, 0x1f, 0x00, 0x51, 0x57, 0xe5, 0x25, 0xb0,
    0x1f, 0xaf, 0xf2, 0xbc, 0xfc, 0x45, 0xda, 0xff, 0x83, 0xd2, 0x03, 0xd0, 0x7f, 0xe6, 0x3f, 0x00,
    0xe2, 0x03, 0xd0, 0x26, 0xb0, 0x1f, 0x00, 0xe1, 0x03, 0xd0, 0x05, 0xb0, 0x1f, 0x01, 0xf0, 0x03,
    0xd0, 0x05, 0xb0, 0x1f, 0x3f, 0xa0, 0x03, 0xe8, 0x85, 0xb0, 0x1f, 0x00, 0x10, 0x8d, 0xd7, 0x15,
    0xb0, 0x05, 0x00, 0x5a, 0x83, 0x00, 0x05, 0xc0, 0x00, 0x00, 0x88, 0x00, 0x00, 0x01, 0xfd, 0xcc,
    0xcc, 0xf3, 0x00, 0x00, 0x00, 0x03, 0x33, 0x33, 0x00,

    /* U+573A "场" */
    0x00, 0x10, 0x00, 0x00, 0x00, 0x00, 0x00, 0x01, 0xf0, 0x02, 0xaa, 0xaa, 0xaa, 0x10, 0x01, 0xf0,
    0x01, 0x44, 0x45, 0xdc, 0x00, 0x01, 0xf0, 0x00, 0x00, 0x3d, 0x90, 0x00, 0x23, 0xf2, 0x20, 0x07,
    0xe5, 0x00, 0x00, 0xde, 0xfe, 0xc1, 0xbd, 0x30, 0x00, 0x00, 0x01, 0xf0, 0x06, 0xef, 0xfe, 0xfe,
    0xf2, 0x01, 0xf0, 0x00, 0x07, 0x82, 0xe0, 0xe2, 0x01, 0xf0, 0x00, 0x0e, 0x17, 0x90, 0xf1, 0x01,
    0xf0, 0x00, 0xb9, 0x0d, 0x40, 0xf0, 0x01, 0xf0, 0x48, 0xb0, 0x5c, 0x00, 0xf0, 0x37, 0xff, 0xb1,
    0x03, 0xe3, 0x02, 0xe0, 0xda, 0x51, 0x00, 0x6e, 0x40, 0x06, 0xb0, 0x00, 0x00, 0x07, 0xd3, 0x0b,
    0xcf, 0x30, 0x00, 0x00, 0x00, 0x00, 0x03, 0x41, 0x00,

    /* U+5757 "块" */
    0x01, 0x40, 0x00, 0x00, 0x60, 0x00, 0x00, 0x04, 0xd0, 0x00, 0x00, 0xf0, 0x00, 0x00, 0x04, 0xd0,
    0x03, 0x44, 0xf4, 0x44, 0x10, 0x04, 0xd0, 0x0b, 0xee, 0xfe, 0xef, 0x30, 0x58, 0xe5, 0x20, 0x00,
    0xf0, 0x0c, 0x30, 0xbd, 0xfc, 0x60, 0x00, 0xf0, 0x0c, 0x30, 0x04, 0xd0, 0x00, 0x01, 0xe0, 0x0c,
    0x30, 0x04, 0xd0, 0x4a, 0xab, 0xfa, 0xae, 0xb5, 0x04, 0xd0, 0x26, 0x6b, 0xfb, 0x66, 0x63, 0x04,
    0xd0, 0x00, 0x0d, 0x7e, 0x00, 0x00, 0x04, 0xd8, 0xc0, 0x4d, 0x08, 0x90, 0x00, 0x8d, 0xd7, 0x20,
    0xb6, 0x00, 0xe5, 0x00, 0x83, 0x00, 0x1c, 0xb0, 0x00, 0x3e, 0x70, 0x00, 0x00, 0xda, 0x00, 0x00,
    0x02, 0xe6, 0x00, 0x00, 0x30, 0x00, 0x00, 0x00, 0x21,

    /* U+5806 "堆" */
    0x00, 0x50, 0x00, 0x13, 0x04, 0x10, 0x00, 0x00, 0xf1, 0x00, 0x7a, 0x0a, 0x60, 0x00, 0x00, 0xf1,
    0x00, 0xc5, 0x04, 0xc0, 0x00, 0x00, 0xf1, 0x01, 0xff, 0xff, 0xff, 0xf6, 0x45, 0xf5, 0x29, 0xf4,
    0x36, 0xd3, 0x31, 0xbc, 0xfc, 0x8f, 0xf0, 0x04, 0xc0, 0x00, 0x00, 0xf1, 0x88, 0xfa, 0xab, 0xea,
    0xa1, 0x00, 0xf1, 0x30, 0xf6, 0x68, 0xd6, 0x60, 0x00, 0xf1, 0x00, 0xf0, 0x04, 0xc0, 0x00, 0x00,
    0xf1, 0x00, 0xf9, 0x8a, 0xe8, 0x80, 0x00, 0xf8, 0xe0, 0xf7, 0x79, 0xe7, 0x70, 0x8c, 0xd8, 0x20,
    0xf0, 0x04, 0xc0, 0x00, 0x73, 0x00, 0x00, 0xf5, 0x57, 0xd5, 0x53, 0x00, 0x00, 0x00, 0xfb, 0xbb,
    0xbb, 0xb7, 0x00, 0x00, 0x00, 0x80, 0x00, 0x00, 0x00,

    /* U+58F0 "声" */
    0x00, 0x00, 0x00, 0x52, 0x00, 0x00, 0x00, 0x34, 0x44, 0x44, 0xc9, 0x44, 0x44, 0x41, 0x6a, 0xaa,
    0xaa, 0xec, 0xaa, 0xaa, 0xa3, 0x00, 0x00, 0x00, 0xb6, 0x00, 0x00, 0x00, 0x0a, 0xdd, 0xdd, 0xfe,
    0xdd, 0xdd, 0x60, 0x03, 0x44, 0x44, 0x44, 0x44, 0x44, 0x20, 0x04, 0xaa, 0xaa, 0xaa, 0xaa, 0xaa,
    0x20, 0x06, 0xc5, 0x55, 0xba, 0x55, 0x5e, 0x30, 0x07, 0xa0, 0x00, 0x98, 0x00, 0x0d, 0x30, 0x08,
    0xfd, 0xdd, 0xee, 0xdd, 0xdf, 0x30, 0x0b, 0x72, 0x22, 0x22, 0x22, 0x22, 0x00, 0x0e, 0x30, 0x00,
    0x00, 0x00, 0x00, 0x00, 0x5e, 0x00, 0x00, 0x00, 0x00, 0x00, 0x00, 0xd7, 0x00, 0x00, 0x00, 0x00,
    0x00, 0x00, 0x30, 0x00, 0x00, 0x00, 0x00, 0x00, 0x00,

    /* U+5907 "备" */
    0x00, 0x00, 0x35, 0x00, 0x00, 0x00, 0x00, 0x00, 0x03, 0xfa, 0x77, 0x77, 0x72, 0x00, 0x00, 0x2e,
    0x97, 0x77, 0x7a, 0xe2, 0x00, 0x05, 0xfa, 0xd2, 0x00, 0x5d, 0x20, 0x00, 0x1e, 0x40, 0x5e, 0x48,
    0xd2, 0x00, 0x00, 0x00, 0x00, 0x09, 0xff, 0x60, 0x00, 0x00, 0x02, 0x6a, 0xea, 0x45, 0xbe, 0xa6,
    0x30, 0xcd, 0xa6, 0x20, 0x00, 0x02, 0x69, 0xc6, 0x00, 0xed, 0xdd, 0xfe, 0xdd, 0xe9, 0x00, 0x00,
    0xe2, 0x00, 0xa5, 0x00, 0x79, 0x00, 0x00, 0xea, 0x88, 0xdb, 0x88, 0xc9, 0x00, 0x00, 0xe6, 0x55,
    0xc8, 0x55, 0xa9, 0x00, 0x00, 0xe3, 0x11, 0xb6, 0x11, 0x89, 0x00, 0x00, 0xed, 0xdd, 0xdd, 0xdd,
    0xe9, 0x00, 0x00, 0x71, 0x00, 0x00, 0x00, 0x34, 0x00,

    /* U+590D "复" */
    0x00, 0x06, 0x20, 0x00, 0x00, 0x00, 0x00, 0x00, 0x3f, 0x76, 0x66, 0x66, 0x66, 0x40, 0x00, 0xca,
    0x88, 0x88, 0x88, 0x88, 0x60, 0x09, 0xf6, 0x55, 0x55, 0x55, 0x53, 0x00, 0x7e, 0x8d, 0x99, 0x99,
    0x99, 0xc9, 0x00, 0x42, 0x6b, 0x33, 0x33, 0x33, 0x99, 0x00, 0x00, 0x6d, 0x99, 0x99, 0x99, 0xc9,
    0x00, 0x00, 0x6c, 0x55, 0x55, 0x55, 0x99, 0x00, 0x00, 0x38, 0xec, 0x88, 0x88, 0x85, 0x00, 0x00,
    0x07, 0xf7, 0x66, 0x66, 0x64, 0x00, 0x03, 0xbf, 0xc7, 0x77, 0x78, 0xf6, 0x00, 0x1e, 0x72, 0xbb,
    0x30, 0x6d, 0x40, 0x00, 0x00, 0x00, 0x07, 0xfd, 0xf4, 0x00, 0x00, 0x28, 0x9b, 0xed, 0x86, 0xae,
    0xfd, 0xa3, 0x17, 0x53, 0x10, 0x00, 0x00, 0x24, 0x52,

    /* U+591A "多" */
    0x00, 0x00, 0x00, 0x32, 0x00, 0x00, 0x00, 0x00, 0x00, 0x09, 0xf7, 0x33, 0x30, 0x00, 0x00, 0x28,
    0xdc, 0xbb, 0xbc, 0xf2, 0x00, 0x0d, 0xf9, 0x30, 0x00, 0x0b, 0x90, 0x00, 0x04, 0x10, 0xb3, 0x00,
    0x9c, 0x00, 0x00, 0x00, 0x00, 0x4e, 0x6d, 0xa0, 0x00, 0x00, 0x01, 0x58, 0xbf, 0xb4, 0x37, 0x00,
    0x00, 0x00, 0xa8, 0x51, 0x07, 0xf9, 0x11, 0x10, 0x00, 0x00, 0x37, 0xde, 0xdd, 0xde, 0xf1, 0x00,
    0xaf, 0xb6, 0x20, 0x00, 0x0c, 0x70, 0x00, 0x10, 0x06, 0x80, 0x01, 0xca, 0x00, 0x00, 0x00, 0x01,
    0xd7, 0x6e, 0x80, 0x00, 0x00, 0x00, 0x15, 0xaf, 0xc2, 0x00, 0x00, 0x1d, 0xef, 0xeb, 0x61, 0x00,
    0x00, 0x00, 0x03, 0x20, 0x00, 0x00, 0x00, 0x00, 0x00,

    /* U+5927 "大" */
    0x00, 0x00, 0x00, 0x42, 0x00, 0x00, 0x00, 0x00, 0x00, 0x00, 0xb6, 0x00, 0x00, 0x00, 0x00, 0x00,
    0x00, 0xc5, 0x00, 0x00, 0x00, 0x00, 0x00, 0x00, 0xd4, 0x00, 0x00, 0x00, 0x46, 0x66, 0x66, 0xe8,
    0x66, 0x66, 0x62, 0x8b, 0xbb, 0xbc, 0xfe, 0xbb, 0xbb, 0xb4, 0x00, 0x00, 0x05, 0xee, 0x00, 0x00,
    0x00, 0x00, 0x00, 0x0a, 0x7a, 0x60, 0x00, 0x00, 0x00, 0x00, 0x1f, 0x22, 0xe0, 0x00, 0x00, 0x00,
    0x00, 0x9a, 0x00, 0x97, 0x00, 0x00, 0x00, 0x03, 0xf1, 0x00, 0x1e, 0x30, 0x00, 0x00, 0x3e, 0x50,
    0x00, 0x05, 0xf5, 0x00, 0x05, 0xe6, 0x00, 0x00, 0x00, 0x3e, 0x70, 0xae, 0x40, 0x00, 0x00, 0x00,
    0x02, 0xe7, 0x41, 0x00, 0x00, 0x00, 0x00, 0x00, 0x11,

    /* U+5929 "天" */
    0x0a, 0xaa, 0xaa, 0xaa, 0xaa, 0xaa, 0x80, 0x05, 0x55, 0x55, 0xc9, 0x55, 0x55, 0x30, 0x00, 0x00,
    0x00, 0xc5, 0x00, 0x00, 0x00, 0x00, 0x00, 0x00, 0xd3, 0x00, 0x00, 0x00, 0x00, 0x00, 0x00, 0xf1,
    0x00, 0x00, 0x00, 0x7f, 0xff, 0xff, 0xff, 0xff, 0xff, 0xf3, 0x01, 0x11, 0x17, 0xde, 0x11, 0x11,
    0x10, 0x00, 0x00, 0x0d, 0x59, 0x80, 0x00, 0x00, 0x00, 0x00, 0x3e, 0x01, 0xe2, 0x00, 0x00, 0x00,
    0x01, 0xe5, 0x00, 0x7b, 0x00, 0x00, 0x00, 0x1d, 0x80, 0x00, 0x0c, 0xb1, 0x00, 0x05, 0xe9, 0x00,
    0x00, 0x00, 0x9e, 0x30, 0x9e, 0x40, 0x00, 0x00, 0x00, 0x06, 0xf5, 0x41, 0x00, 0x00, 0x00, 0x00,
    0x00, 0x31,

    /* U+5931 "失" */
    0x00, 0x00, 0x00, 0x42, 0x00, 0x00, 0x00, 0x00, 0x3d, 0x00, 0xb6, 0x00, 0x00, 0x00, 0x00, 0xb8,
    0x00, 0xb6, 0x00, 0x00, 0x00, 0x03, 0xfe, 0xee, 0xfe, 0xee, 0xee, 0x60, 0x0d, 0x95, 0x55, 0xc9,
    0x55, 0x55, 0x20, 0xac, 0x00, 0x00, 0xb6, 0x00, 0x00, 0x00, 0x41, 0x00, 0x00, 0xd4, 0x00, 0x00,
    0x00, 0x69, 0x99, 0x99, 0xfa, 0x99, 0x99, 0x93, 0x57, 0x77, 0x79, 0xff, 0x77, 0x77, 0x72, 0x00,
    0x00, 0x09, 0x8b, 0x50, 0x00, 0x00, 0x00, 0x00, 0x2e, 0x13, 0xe2, 0x00, 0x00, 0x00, 0x04, 0xe6,
    0x00, 0x5d, 0x30, 0x00, 0x02, 0x9f, 0x50, 0x00, 0x04, 0xe8, 0x10, 0x9f, 0x92, 0x00, 0x00, 0x00,
    0x2a, 0xf5, 0x31, 0x00, 0x00, 0x00, 0x00, 0x00, 0x21,

    /* U+5934 "头" */
    0x00, 0x00, 0x00, 0x04, 0x20, 0x00, 0x00, 0x00, 0x07, 0x00, 0x0a, 0x70, 0x00, 0x00, 0x00, 0x1a,
    0xe5, 0x0a, 0x70, 0x00, 0x00, 0x00, 0x00, 0x4b, 0x0a, 0x70, 0x00, 0x00, 0x0c, 0xa1, 0x00, 0x0a,
    0x70, 0x00, 0x00, 0x01, 0xae, 0x50, 0x0a, 0x60, 0x00, 0x00, 0x00, 0x04, 0x70, 0x0c, 0x40, 0x00,
    0x00, 0x23, 0x33, 0x33, 0x3e, 0x63, 0x33, 0x31, 0x8d, 0xdd, 0xdd, 0xef, 0xdd, 0xdd, 0xd5, 0x00,
    0x00, 0x00, 0xaa, 0x00, 0x00, 0x00, 0x00, 0x00, 0x04, 0xfd, 0xa1, 0x00, 0x00, 0x00, 0x00, 0x7f,
    0x40, 0x7e, 0x60, 0x00, 0x00, 0x4b, 0xd2, 0x00, 0x02, 0xda, 0x00, 0x4e, 0xd6, 0x00, 0x00, 0x00,
    0x0a, 0xd1, 0x14, 0x00, 0x00, 0x00, 0x00, 0x00, 0x40,

    /* U+597D "好" */
    0x00, 0x44, 0x00, 0x00, 0x00, 0x00, 0x00, 0x00, 0xa6, 0x00, 0x4b, 0xbb, 0xbb, 0xb0, 0x00, 0xd3,
    0x00, 0x14, 0x44, 0x49, 0xd0, 0x8a, 0xfa, 0xa6, 0x00, 0x00, 0x2e, 0x20, 0x7b, 0xe8, 0xc9, 0x00,
    0x01, 0xd6, 0x00, 0x08, 0x90, 0x87, 0x00, 0x07, 0xb0, 0x00, 0x0c, 0x50, 0xb5, 0x00, 0x07, 0xa0,
    0x00, 0x1f, 0x10, 0xe2, 0xdf, 0xff, 0xff, 0xfb, 0x5d, 0x03, 0xd0, 0x11, 0x17, 0xa1, 0x10, 0x0a,
    0xcb, 0x70, 0x00, 0x07, 0xa0, 0x00, 0x00, 0x8f, 0x60, 0x00, 0x07, 0xa0, 0x00, 0x01, 0xda, 0xe7,
    0x00, 0x07, 0xa0, 0x00, 0x0c, 0xa0, 0x2d, 0x10, 0x08, 0xa0, 0x00, 0xab, 0x00, 0x00, 0x09, 0xaf,
    0x70, 0x00, 0x30, 0x00, 0x00, 0x04, 0x54, 0x00, 0x00,

    /* U+5982 "如" */
    0x00, 0x24, 0x00, 0x00, 0x00, 0x00, 0x00, 0x08, 0x80, 0x00, 0x12, 0x22, 0x22, 0x00, 0xb5, 0x00,
    0x05, 0xfd, 0xde, 0xda, 0xcf, 0xdc, 0xc4, 0x5b, 0x00, 0x3d, 0x58, 0xf6, 0x6d, 0x45, 0xb0, 0x03,
    0xd0, 0x6b, 0x00, 0xd1, 0x5b, 0x00, 0x3d, 0x0a, 0x70, 0x0f, 0x05, 0xb0, 0x03, 0xd0, 0xf2, 0x04,
    0xc0, 0x5b, 0x00, 0x3d, 0x3f, 0x20, 0xa6, 0x05, 0xb0, 0x03, 0xd0, 0x6e, 0x7e, 0x00, 0x5b, 0x00,
    0x3d, 0x00, 0x3f, 0xd0, 0x05, 0xb0, 0x03, 0xd0, 0x09, 0xdb, 0xc1, 0x5b, 0x22, 0x5d, 0x0a, 0xd1,
    0x0a, 0x95, 0xfe, 0xef, 0xd8, 0xd1, 0x00, 0x00, 0x49, 0x00, 0x3a, 0x11, 0x00, 0x00, 0x00, 0x00,
    0x00, 0x00,

    /* U+59CB "始" */
    0x01, 0x50, 0x00, 0x00, 0x31, 0x00, 0x00, 0x05, 0xb0, 0x00, 0x01, 0xe2, 0x00, 0x00, 0x07, 0x90,
    0x00, 0x08, 0x90, 0x55, 0x00, 0x9d, 0xca, 0x60, 0x1e, 0x20, 0x4d, 0x00, 0x8e, 0xab, 0xa0, 0xa7,
    0x00, 0x0c, 0x60, 0x0f, 0x18, 0x87, 0xf6, 0x79, 0xbe, 0xd0, 0x3e, 0x0b, 0x68, 0xa8, 0x65, 0x32,
    0xc5, 0x7a, 0x0e, 0x40, 0x00, 0x00, 0x00, 0x10, 0xa9, 0x1f, 0x00, 0xee, 0xee, 0xee, 0x80, 0x2e,
    0xab, 0x01, 0xf1, 0x11, 0x17, 0x90, 0x02, 0xf8, 0x01, 0xf0, 0x00, 0x07, 0x90, 0x05, 0xee, 0x41,
    0xf0, 0x00, 0x07, 0x90, 0x2e, 0x34, 0xe1, 0xf6, 0x66, 0x6a, 0x90, 0xc7, 0x00, 0x11, 0xf9, 0x99,
    0x9c, 0x90, 0x30, 0x00, 0x00, 0x70, 0x00, 0x03, 0x40,

    /* U+5A92 "媒" */
    0x01, 0x40, 0x00, 0x33, 0x00, 0x06, 0x00, 0x06, 0xa0, 0x01, 0x89, 0x22, 0x2f, 0x20, 0x08, 0x80,
    0x0a, 0xee, 0xcc, 0xcf, 0xd4, 0x9d, 0xca, 0x80, 0x78, 0x00, 0x0f, 0x00, 0x8f, 0xaa, 0xc0, 0x7d,
    0xaa, 0xaf, 0x00, 0x0f, 0x15, 0xa0, 0x7b, 0x55, 0x5f, 0x00, 0x3e, 0x07, 0x80, 0x7a, 0x44, 0x4f,
    0x00, 0x7a, 0x09, 0x60, 0x5a, 0xbe, 0xaa, 0x00, 0xa8, 0x0e, 0x10, 0x00, 0x4d, 0x00, 0x00, 0x2d,
    0xac, 0x1f, 0xff, 0xff, 0xff, 0xfa, 0x01, 0xeb, 0x00, 0x09, 0x8d, 0xa3, 0x00, 0x05, 0xec, 0xa0,
    0x7a, 0x4d, 0x1d, 0x20, 0x2f, 0x31, 0x8b, 0xc0, 0x4d, 0x04, 0xe5, 0xd6, 0x00, 0x08, 0x00, 0x4d,
    0x00, 0x45, 0x30, 0x00, 0x00, 0x00, 0x15, 0x00, 0x00,

    /* U+5B50 "子" */
    0x01, 0xdd, 0xdd, 0xdd, 0xdd, 0xd9, 0x00, 0x00, 0x22, 0x22, 0x22, 0x26, 0xf5, 0x00, 0x00, 0x00,
    0x00, 0x00, 0x7e, 0x30, 0x00, 0x00, 0x00, 0x00, 0x0a, 0xd2, 0x00, 0x00, 0x00, 0x00, 0x00, 0x6d,
    0x00, 0x00, 0x00, 0x00, 0x00, 0x00, 0x6b, 0x00, 0x00, 0x00, 0x9d, 0xdd, 0xdd, 0xef, 0xdd, 0xdd,
    0xd5, 0x23, 0x33, 0x33, 0x8c, 0x33, 0x33, 0x31, 0x00, 0x00, 0x00, 0x6b, 0x00, 0x00, 0x00, 0x00,
    0x00, 0x00, 0x6b, 0x00, 0x00, 0x00, 0x00, 0x00, 0x00, 0x6b, 0x00, 0x00, 0x00, 0x00, 0x00, 0x00,
    0x7b, 0x00, 0x00, 0x00, 0x00, 0x04, 0xaa, 0xf8, 0x00, 0x00, 0x00, 0x00, 0x01, 0x66, 0x50, 0x00,
    0x00, 0x00,

    /* U+5B57 "字" */
    0x00, 0x00, 0x01, 0x70, 0x00, 0x00, 0x00, 0x00, 0x00, 0x00, 0xd5, 0x00, 0x00, 0x00, 0x8f, 0xff,
    0xff, 0xff, 0xff, 0xff, 0xf3, 0x89, 0x00, 0x00, 0x00, 0x00, 0x00, 0xe3, 0x88, 0x01, 0x11, 0x11,
    0x11, 0x10, 0xe3, 0x55, 0x3e, 0xee, 0xee, 0xef, 0xd0, 0x81, 0x00, 0x00, 0x00, 0x01, 0xab, 0x20,
    0x00, 0x00, 0x00, 0x00, 0x5e, 0x50, 0x00, 0x00, 0x00, 0x00, 0x00, 0x89, 0x00, 0x00, 0x00, 0xcf,
    0xff, 0xff, 0xff, 0xff, 0xff, 0xf7, 0x00, 0x00, 0x00, 0x89, 0x00, 0x00, 0x00, 0x00, 0x00, 0x00,
    0x89, 0x00, 0x00, 0x00, 0x00, 0x00, 0x00, 0x89, 0x00, 0x00, 0x00, 0x00, 0x00, 0x68, 0xf7, 0x00,
    0x00, 0x00, 0x00, 0x00, 0x47, 0x50, 0x00, 0x00, 0x00,

    /* U+5B58 "存" */
    0x00, 0x00, 0x06, 0x00, 0x00, 0x00, 0x00, 0x00, 0x00, 0x4e, 0x00, 0x00, 0x00, 0x00, 0x8f, 0xff,
    0xff, 0xff, 0xff, 0xff, 0xf6, 0x00, 0x03, 0xf2, 0x00, 0x00, 0x00, 0x00, 0x00, 0x0a, 0x80, 0x00,
    0x00, 0x00, 0x00, 0x00, 0x3e, 0x15, 0xee, 0xee, 0xee, 0x80, 0x00, 0xd7, 0x00, 0x22, 0x22, 0x7e,
    0x30, 0x0c, 0xf4, 0x00, 0x00, 0x0a, 0xc1, 0x00, 0xbc, 0xd4, 0x00, 0x00, 0x3e, 0x00, 0x00, 0x61,
    0xc4, 0x6c, 0xcc, 0xdf, 0xcc, 0xc7, 0x00, 0xc4, 0x24, 0x44, 0x6e, 0x44, 0x42, 0x00, 0xc4, 0x00,
    0x00, 0x3d, 0x00, 0x00, 0x00, 0xc4, 0x00, 0x00, 0x3d, 0x00, 0x00, 0x00, 0xc4, 0x00, 0x48, 0xdb,
    0x00, 0x00, 0x00, 0x62, 0x00, 0x27, 0x61, 0x00, 0x00,

    /* U+5B89 "安" */
    0x00, 0x00, 0x01, 0x60, 0x00, 0x00, 0x00, 0x01, 0x11, 0x11, 0xe5, 0x11, 0x11, 0x10, 0x6f, 0xff,
    0xff, 0xff, 0xff, 0xff, 0xf0, 0x6b, 0x00, 0x01, 0x00, 0x00, 0x00, 0xf0, 0x6b, 0x00, 0x0a, 0x90,
    0x00, 0x00, 0xf0, 0x24, 0x00, 0x2f, 0x20, 0x00, 0x00, 0x60, 0x7a, 0xaa, 0xde, 0xaa, 0xaa, 0xaa,
    0xa4, 0x56, 0x69, 0xf6, 0x66, 0x6e, 0xa6, 0x63, 0x00, 0x0c, 0x70, 0x00, 0x5f, 0x00, 0x00, 0x00,
    0x6f, 0x40, 0x00, 0xe8, 0x00, 0x00, 0x00, 0x06, 0xce, 0x89, 0xd0, 0x00, 0x00, 0x00, 0x00, 0x02,
    0xef, 0xc4, 0x00, 0x00, 0x00, 0x01, 0x7e, 0xa2, 0x7e, 0xc4, 0x00, 0x5c, 0xfe, 0xb3, 0x00, 0x00,
    0x8f, 0xb0, 0x14, 0x10, 0x00, 0x00, 0x00, 0x01, 0x30,

    /* U+5B8C "完" */
    0x00, 0x00, 0x01, 0x50, 0x00, 0x00, 0x00, 0x00, 0x00, 0x01, 0xf3, 0x00, 0x00, 0x00, 0x8f, 0xff,
    0xff, 0xff, 0xff, 0xff, 0xf2, 0x89, 0x22, 0x22, 0x22, 0x22, 0x22, 0xe2, 0x88, 0x00, 0x00, 0x00,
    0x00, 0x00, 0xe2, 0x56, 0x5e, 0xee, 0xee, 0xee, 0xe0, 0x91, 0x00, 0x12, 0x22, 0x22, 0x22, 0x20,
    0x00, 0x00, 0x00, 0x00, 0x00, 0x00, 0x00, 0x00, 0xaf, 0xff, 0xff, 0xff, 0xff, 0xff, 0xf5, 0x00,
    0x00, 0x97, 0x00, 0xf2, 0x00, 0x00, 0x00, 0x00, 0xc4, 0x00, 0xf2, 0x00, 0x00, 0x00, 0x04, 0xe0,
    0x00, 0xf2, 0x00, 0x78, 0x00, 0x5e, 0x50, 0x00, 0xf3, 0x00, 0x97, 0x7e, 0xd4, 0x00, 0x00, 0xbe,
    0xcc, 0xf3, 0x44, 0x00, 0x00, 0x00, 0x03, 0x44, 0x10,

    /* U+5B9E "实" */
    0x00, 0x00, 0x00, 0x60, 0x00, 0x00, 0x00, 0x01, 0x11, 0x11, 0xd5, 0x11, 0x11, 0x10, 0x4f, 0xee,
    0xee, 0xee, 0xee, 0xef, 0xe0, 0x4c, 0x00, 0x00, 0x00, 0x10, 0x02, 0xe0, 0x4c, 0x07, 0xc3, 0x02,
    0xe0, 0x02, 0xe0, 0x00, 0x00, 0x6e, 0x82, 0xe0, 0x00, 0x00, 0x00, 0xa5, 0x01, 0x34, 0xc0, 0x00,
    0x00, 0x00, 0x3c, 0xc2, 0x07, 0x90, 0x00, 0x00, 0x00, 0x00, 0x51, 0x0a, 0x70, 0x00, 0x00, 0x7f,
    0xff, 0xff, 0xff, 0xff, 0xff, 0xf2, 0x00, 0x00, 0x00, 0xab, 0x00, 0x00, 0x00, 0x00, 0x00, 0x2c,
    0xcc, 0xc4, 0x00, 0x00, 0x00, 0x28, 0xe8, 0x00, 0x3a, 0xc4, 0x00, 0x4c, 0xe9, 0x30, 0x00, 0x00,
    0x3c, 0xc2, 0x15, 0x00, 0x00, 0x00, 0x00, 0x00, 0x50,

    /* U+5BAB "宫" */
    0x00, 0x00, 0x01, 0x70, 0x00, 0x00, 0x00, 0x00, 0x00, 0x01, 0xe4, 0x00, 0x00, 0x00, 0x6f, 0xff,
    0xff, 0xff, 0xff, 0xff, 0xf1, 0x6b, 0x00, 0x00, 0x00, 0x00, 0x00, 0xf1, 0x6b, 0x06, 0x66, 0x66,
    0x66, 0x40, 0xf1, 0x35, 0x0f, 0x99, 0x99, 0x9b, 0xb0, 0x70, 0x00, 0x0f, 0x00, 0x00, 0x04, 0xb0,
    0x00, 0x00, 0x0f, 0xaa, 0xaa, 0xab, 0xb0, 0x00, 0x00, 0x04, 0x44, 0x44, 0x44, 0x30, 0x00, 0x01,
    0x33, 0x33, 0x33, 0x33, 0x33, 0x00, 0x04, 0xfc, 0xcc, 0xcc, 0xcc, 0xcf, 0x00, 0x04, 0xc0, 0x00,
    0x00, 0x00, 0x1f, 0x00, 0x04, 0xc1, 0x11, 0x11, 0x11, 0x2f, 0x00, 0x04, 0xfe, 0xee, 0xee, 0xee,
    0xef, 0x00, 0x02, 0x60, 0x00, 0x00, 0x00, 0x08, 0x00,

    /* U+5BB9 "容" */
    0x00, 0x00, 0x00, 0x60, 0x00, 0x00, 0x00, 0x14, 0x44, 0x44, 0xd8, 0x44, 0x44, 0x40, 0x4e, 0xbb,
    0xbb, 0xbb, 0xbb, 0xbb, 0xf0, 0x4b, 0x00, 0x33, 0x00, 0x51, 0x01, 0xf0, 0x38, 0x06, 0xe4, 0x00,
    0x8e, 0x60, 0x90, 0x03, 0xcd, 0x20, 0x75, 0x02, 0xcb, 0x10, 0x4e, 0x60, 0x1c, 0xad, 0x80, 0x07,
    0xd0, 0x00, 0x03, 0xd5, 0x01, 0xda, 0x10, 0x00, 0x03, 0xbc, 0x20, 0x00, 0x08, 0xf9, 0x10, 0x9e,
    0xb8, 0x77, 0x77, 0x77, 0xad, 0xf4, 0x20, 0x7c, 0x77, 0x77, 0x77, 0xd4, 0x20, 0x00, 0x79, 0x00,
    0x00, 0x00, 0xb4, 0x00, 0x00, 0x79, 0x11, 0x11, 0x11, 0xc4, 0x00, 0x00, 0x7f, 0xee, 0xee, 0xee,
    0xf4, 0x00, 0x00, 0x44, 0x00, 0x00, 0x00, 0x62, 0x00,

    /* U+5BBD "宽" */
    0x00, 0x00, 0x02, 0x70, 0x00, 0x00, 0x00, 0x15, 0x55, 0x56, 0xf8, 0x55, 0x55, 0x40, 0x3f, 0xaa,
    0xaa, 0xaa, 0xaa, 0xab, 0xd0, 0x3d, 0x00, 0x92, 0x00, 0x55, 0x03, 0xd0, 0x17, 0xaa, 0xeb, 0xaa,
    0xdd, 0xaa, 0x70, 0x00, 0x66, 0xe8, 0x66, 0xbb, 0x65, 0x00, 0x00, 0x00, 0x71, 0x00, 0x44, 0x00,
    0x00, 0x00, 0x6c, 0xcc, 0xcc, 0xcc, 0xc2, 0x00, 0x00, 0x8a, 0x33, 0x43, 0x33, 0xe3, 0x00, 0x00,
    0x88, 0x00, 0xe2, 0x00, 0xe3, 0x00, 0x00, 0x88, 0x01, 0xf6, 0x20, 0xe3, 0x00, 0x00, 0x77, 0x08,
    0xab, 0x50, 0xc2, 0x31, 0x00, 0x04, 0xbd, 0x1b, 0x50, 0x00, 0xb4, 0x7b, 0xec, 0x50, 0x09, 0xea,
    0xab, 0xf1, 0x44, 0x00, 0x00, 0x00, 0x45, 0x54, 0x10,

    /* U+5BF9 "对" */
    0x00, 0x00, 0x00, 0x00, 0x00, 0x16, 0x00, 0x00, 0x00, 0x00, 0x00, 0x00, 0x2e, 0x00, 0x6f, 0xff,
    0xfb, 0x00, 0x00, 0x2e, 0x00, 0x00, 0x00, 0x59, 0x49, 0x99, 0xaf, 0x95, 0x02, 0x00, 0x78, 0x49,
    0x99, 0xaf, 0x95, 0x5d, 0x10, 0x96, 0x00, 0x00, 0x2e, 0x00, 0x09, 0xb0, 0xe2, 0x14, 0x00, 0x2e,
    0x00, 0x00, 0xbb, 0xc0, 0x3e, 0x10, 0x2e, 0x00, 0x00, 0x1e, 0x80, 0x08, 0xb0, 0x2e, 0x00, 0x00,
    0x4e, 0xe1, 0x00, 0xc6, 0x2e, 0x00, 0x01, 0xe4, 0x8b, 0x00, 0x10, 0x2e, 0x00, 0x1c, 0x90, 0x09,
    0x00, 0x00, 0x2e, 0x00, 0xca, 0x00, 0x00, 0x00, 0x00, 0x2e, 0x00, 0x30, 0x00, 0x00, 0x01, 0x98,
    0xcb, 0x00, 0x00, 0x00, 0x00, 0x00, 0x77, 0x61, 0x00,

    /* U+5C0F "小" */
    0x00, 0x00, 0x00, 0x12, 0x00, 0x00, 0x00, 0x00, 0x00, 0x00, 0x7a, 0x00, 0x00, 0x00, 0x00, 0x00,
    0x00, 0x7a, 0x00, 0x00, 0x00, 0x00, 0x00, 0x00, 0x7a, 0x00, 0x00, 0x00, 0x00, 0x53, 0x00, 0x7a,
    0x00, 0xa4, 0x00, 0x00, 0xd6, 0x00, 0x7a, 0x00, 0x9a, 0x00, 0x01, 0xf1, 0x00, 0x7a, 0x00, 0x2f,
    0x10, 0x06, 0xc0, 0x00, 0x7a, 0x00, 0x0b, 0x70, 0x0d, 0x70, 0x00, 0x7a, 0x00, 0x05, 0xd0, 0x6e,
    0x00, 0x00, 0x7a, 0x00, 0x00, 0xf3, 0xe6, 0x00, 0x00, 0x7a, 0x00, 0x00, 0xa9, 0x60, 0x00, 0x00,
    0x7a, 0x00, 0x00, 0x34, 0x00, 0x00, 0x00, 0x8a, 0x00, 0x00, 0x00, 0x00, 0x04, 0xcb, 0xf6, 0x00,
    0x00, 0x00, 0x00, 0x01, 0x55, 0x30, 0x00, 0x00, 0x00,

    /* U+5C45 "居" */
    0x06, 0xdd, 0xdd, 0xdd, 0xdd, 0xdd, 0x80, 0x07, 0xa0, 0x00, 0x00, 0x00, 0x08, 0x90, 0x07, 0xa2,
    0x22, 0x22, 0x22, 0x28, 0x90, 0x07, 0xff, 0xff, 0xff, 0xff, 0xff, 0x90, 0x07, 0x90, 0x00, 0x0a,
    0x60, 0x00, 0x00, 0x07, 0xb4, 0x44, 0x4b, 0x94, 0x44, 0x41, 0x09, 0xdb, 0xbb, 0xbe, 0xdb, 0xbb,
    0xb2, 0x0a, 0x70, 0x00, 0x0a, 0x60, 0x00, 0x00, 0x0c, 0x41, 0x77, 0x7d, 0xa7, 0x77, 0x10, 0x0e,
    0x13, 0xe8, 0x88, 0x88, 0x8e, 0x30, 0x3e, 0x03, 0xc0, 0x00, 0x00, 0x0d, 0x30, 0x98, 0x03, 0xd2,
    0x22, 0x22, 0x2d, 0x30, 0xe2, 0x03, 0xfc, 0xcc, 0xcc, 0xcf, 0x30, 0x30, 0x02, 0x60, 0x00, 0x00,
    0x07, 0x10,

    /* U+5C49 "屉" */
    0x05, 0xdd, 0xdd, 0xdd, 0xdd, 0xdd, 0x70, 0x6b, 0x11, 0x11, 0x11, 0x11, 0x89, 0x06, 0xb2, 0x22,
    0x22, 0x22, 0x28, 0x90, 0x6f, 0xff, 0xff, 0xff, 0xff, 0xf9, 0x06, 0xa0, 0x00, 0x03, 0x10, 0x32,
    0x00, 0x6a, 0x09, 0x70, 0xb4, 0x08, 0x70, 0x07, 0x83, 0xa9, 0x4c, 0x74, 0xa9, 0x40, 0x97, 0x8e,
    0xdb, 0xed, 0xbe, 0xdb, 0x0b, 0x50, 0x97, 0x0b, 0x40, 0x87, 0x00, 0xd3, 0x09, 0x70, 0xb9, 0x6b,
    0x70, 0x2e, 0x00, 0x97, 0x05, 0x88, 0x83, 0x08, 0x90, 0x09, 0x70, 0x00, 0x00, 0x00, 0xc3, 0x00,
    0x9f, 0xff, 0xff, 0xff, 0xc2, 0x00, 0x00, 0x00, 0x00, 0x00, 0x00,

    /* U+5C4F "屏" */
    0x06, 0xee, 0xee, 0xee, 0xee, 0xee, 0xa0, 0x07, 0x90, 0x00, 0x00, 0x00, 0x05, 0xb0, 0x07, 0xc5,
    0x55, 0x55, 0x55, 0x59, 0xb0, 0x07, 0xec, 0xcc, 0xcc, 0xcc, 0xcc, 0x90, 0x07, 0x90, 0x08, 0x10,
    0x00, 0x93, 0x00, 0x07, 0x90, 0x07, 0xa0, 0x05, 0xc0, 0x00, 0x09, 0x78, 0xff, 0xff, 0xff, 0xff,
    0xe0, 0x0a, 0x60, 0x02, 0xe0, 0x04, 0xb0, 0x00, 0x0c, 0x40, 0x02, 0xe0, 0x04, 0xb0, 0x00, 0x0e,
    0x4f, 0xff, 0xff, 0xff, 0xff, 0xf7, 0x3e, 0x00, 0x0a, 0x80, 0x04, 0xc0, 0x00, 0x99, 0x00, 0x5f,
    0x10, 0x04, 0xb0, 0x00, 0xd4, 0x09, 0xf4, 0x00, 0x04, 0xb0, 0x00, 0x20, 0x04, 0x10, 0x00, 0x01,
    0x40, 0x00,

    /* U+5C55 "展" */
    0x08, 0xee, 0xee, 0xee, 0xee, 0xee, 0x70, 0x09, 0x80, 0x00, 0x00, 0x00, 0x08, 0x80, 0x09, 0xa3,
    0x33, 0x33, 0x33, 0x3a, 0x80, 0x09, 0xfe, 0xef, 0xee, 0xef, 0xee, 0x70, 0x09, 0x80, 0x0a, 0x60,
    0x09, 0x70, 0x00, 0x09, 0x87, 0x9d, 0xb9, 0x9d, 0xc9, 0x70, 0x0b, 0x75, 0x6c, 0x96, 0x6b, 0xa6,
    0x50, 0x0c, 0x60, 0x0a, 0x60, 0x09, 0x70, 0x00, 0x0e, 0xff, 0xff, 0xff, 0xff, 0xff, 0xf4, 0x0f,
    0x00, 0xa6, 0x02, 0xd1, 0x09, 0x50, 0x5b, 0x00, 0xa6, 0x00, 0x5b, 0xbb, 0x00, 0xb6, 0x00, 0xb6,
    0x27, 0x09, 0xf5, 0x00, 0xf1, 0x01, 0xfe, 0xd8, 0x00, 0x4b, 0xe6, 0x20, 0x00, 0x51, 0x00, 0x00,
    0x00, 0x33,

    /* U+5D29 "崩" */
    0x00, 0x00, 0x00, 0x42, 0x00, 0x00, 0x00, 0x94, 0x00, 0x0a, 0x60, 0x00, 0xa4, 0x0b, 0x72, 0x22,
    0xb7, 0x22, 0x2c, 0x40, 0xbf, 0xff, 0xff, 0xff, 0xff, 0xf4, 0x00, 0x00, 0x00, 0x00, 0x00, 0x00,
    0x00, 0x9d, 0xdd, 0xd2, 0x4d, 0xdd, 0xd7, 0x0b, 0x72, 0x2e, 0x34, 0xc2, 0x29, 0x90, 0xb8, 0x33,
    0xe3, 0x4d, 0x33, 0x99, 0x0b, 0xdb, 0xbf, 0x34, 0xeb, 0xbd, 0x90, 0xb6, 0x00, 0xd3, 0x4c, 0x00,
    0x79, 0x0c, 0xdc, 0xcf, 0x35, 0xec, 0xcd, 0x90, 0xe5, 0x33, 0xe3, 0x7a, 0x33, 0x99, 0x3e, 0x00,
    0x0d, 0x3b, 0x30, 0x07, 0x9b, 0x80, 0x6a, 0xf4, 0xe0, 0x29, 0xe7, 0x30, 0x03, 0x63, 0x03, 0x01,
    0x65, 0x00,

    /* U+5DE6 "左" */
    0x00, 0x00, 0x04, 0x20, 0x00, 0x00, 0x00, 0x00, 0x00, 0x0d, 0x40, 0x00, 0x00, 0x00, 0x35, 0x55,
    0x5f, 0x75, 0x55, 0x55, 0x53, 0x7c, 0xcc, 0xdf, 0xcc, 0xcc, 0xcc, 0xc6, 0x00, 0x00, 0x99, 0x00,
    0x00, 0x00, 0x00, 0x00, 0x00, 0xf3, 0x00, 0x00, 0x00, 0x00, 0x00, 0x06, 0xe0, 0x00, 0x00, 0x00,
    0x00, 0x00, 0x0c, 0xe9, 0x99, 0x99, 0x99, 0x30, 0x00, 0x3f, 0x66, 0x6a, 0xc6, 0x66, 0x20, 0x01,
    0xe6, 0x00, 0x07, 0xa0, 0x00, 0x00, 0x0c, 0xc0, 0x00, 0x07, 0xa0, 0x00, 0x00, 0xad, 0x10, 0x00,
    0x07, 0xa0, 0x00, 0x00, 0x71, 0x00, 0x00, 0x07, 0xa0, 0x00, 0x00, 0x00, 0x6f, 0xff, 0xff, 0xff,
    0xff, 0xf8, 0x00, 0x01, 0x11, 0x11, 0x11, 0x11, 0x10,

    /* U+5DEE "差" */
    0x00, 0x03, 0x40, 0x00, 0x05, 0x30, 0x00, 0x00, 0x02, 0xe0, 0x00, 0x0e, 0x20, 0x00, 0x1e, 0xee,
    0xfe, 0xee, 0xef, 0xee, 0xb0, 0x02, 0x22, 0x22, 0xb7, 0x22, 0x22, 0x10, 0x01, 0x55, 0x55, 0xe8,
    0x55, 0x55, 0x00, 0x02, 0xbb, 0xbc, 0xfb, 0xbb, 0xbb, 0x00, 0x00, 0x00, 0x08, 0xa0, 0x00, 0x00,
    0x00, 0x8f, 0xff, 0xff, 0xff, 0xff, 0xff, 0xf5, 0x00, 0x00, 0x9b, 0x00, 0x00, 0x00, 0x00, 0x00,
    0x06, 0xfa, 0x88, 0x88, 0x88, 0x30, 0x00, 0x6e, 0x88, 0x8e, 0xa8, 0x88, 0x30, 0x1a, 0xd2, 0x00,
    0x0d, 0x30, 0x00, 0x00, 0xda, 0x10, 0x00, 0x0d, 0x40, 0x00, 0x00, 0x20, 0xcf, 0xff, 0xff, 0xff,
    0xff, 0xf4,

    /* U+5DF2 "已" */
    0x2b, 0xbb, 0xbb, 0xbb, 0xbb, 0xb9, 0x00, 0x14, 0x44, 0x44, 0x44, 0x44, 0x7d, 0x00, 0x00, 0x00,
    0x00, 0x00, 0x00, 0x3d, 0x00, 0x08, 0x60, 0x00, 0x00, 0x00, 0x3d, 0x00, 0x0a, 0x70, 0x00, 0x00,
    0x00, 0x3d, 0x00, 0x0a, 0xb8, 0x88, 0x88, 0x88, 0xad, 0x00, 0x0a, 0xb8, 0x88, 0x88, 0x88, 0x87,
    0x00, 0x0a, 0x70, 0x00, 0x00, 0x00, 0x00, 0x00, 0x0a, 0x70, 0x00, 0x00, 0x00, 0x00, 0x00, 0x0a,
    0x70, 0x00, 0x00, 0x00, 0x00, 0x97, 0x0a, 0x70, 0x00, 0x00, 0x00, 0x00, 0xb5, 0x08, 0xa1, 0x00,
    0x00, 0x00, 0x03, 0xf2, 0x02, 0xcf, 0xff, 0xff, 0xff, 0xfe, 0x80,

    /* U+5E01 "币" */
    0x00, 0x00, 0x00, 0x00, 0x00, 0x02, 0x22, 0x34, 0x55, 0x67, 0x8b, 0xdf, 0xe9, 0x6c, 0xbb, 0xaa,
    0xeb, 0x53, 0x10, 0x00, 0x00, 0x00, 0x0b, 0x60, 0x00, 0x00, 0x00, 0x00, 0x00, 0xb6, 0x00, 0x00,
    0x00, 0x7c, 0xcc, 0xce, 0xec, 0xcc, 0xc3, 0x09, 0x94, 0x44, 0xc9, 0x44, 0x4d, 0x40, 0x97, 0x00,
    0x0b, 0x60, 0x00, 0xc4, 0x09, 0x70, 0x00, 0xb6, 0x00, 0x0c, 0x40, 0x97, 0x00, 0x0b, 0x60, 0x00,
    0xc4, 0x09, 0x70, 0x00, 0xb6, 0x00, 0x0c, 0x40, 0x97, 0x00, 0x0b, 0x60, 0x36, 0xf3, 0x06, 0x50,
    0x00, 0xb6, 0x04, 0xa8, 0x00, 0x00, 0x00, 0x0b, 0x60, 0x00, 0x00, 0x00, 0x00, 0x00, 0x53, 0x00,
    0x00, 0x00,

    /* U+5E38 "常" */
    0x00, 0x00, 0x00, 0x53, 0x00, 0x20, 0x00, 0x00, 0xb6, 0x00, 0xb6, 0x01, 0xe3, 0x00, 0x25, 0x7e,
    0x55, 0xc9, 0x5a, 0xc5, 0x50, 0x6f, 0xcc, 0xcc, 0xcc, 0xcc, 0xcc, 0xf1, 0x6b, 0x00, 0x00, 0x00,
    0x00, 0x00, 0xf1, 0x6b, 0x0e, 0xee, 0xee, 0xee, 0xa0, 0xf1, 0x00, 0x0f, 0x00, 0x00, 0x05, 0xb0,
    0x00, 0x00, 0x0f, 0x87, 0x77, 0x7a, 0xb0, 0x00, 0x00, 0x06, 0x66, 0xda, 0x66, 0x40, 0x00, 0x02,
    0x55, 0x55, 0xd9, 0x55, 0x55, 0x00, 0x06, 0xd9, 0x99, 0xec, 0x99, 0x9f, 0x20, 0x06, 0xa0, 0x00,
    0xb6, 0x00, 0x0e, 0x20, 0x06, 0xa0, 0x00, 0xb6, 0x03, 0x6f, 0x10, 0x05, 0x80, 0x00, 0xb6, 0x05,
    0xb7, 0x00, 0x00, 0x00, 0x00, 0x63, 0x00, 0x00, 0x00,

    /* U+5E73 "平" */
    0x2c, 0xcc, 0xcc, 0xcc, 0xcc, 0xcc, 0xb0, 0x02, 0x22, 0x22, 0xd7, 0x22, 0x22, 0x20, 0x02, 0x80,
    0x00, 0xc5, 0x00, 0x1b, 0x00, 0x01, 0xf3, 0x00, 0xc5, 0x00, 0x8a, 0x00, 0x00, 0x9a, 0x00, 0xc5,
    0x01, 0xf3, 0x00, 0x00, 0x2f, 0x10, 0xc5, 0x07, 0xb0, 0x00, 0x00, 0x02, 0x00, 0xc5, 0x00, 0x10,
    0x00, 0xbe, 0xee, 0xee, 0xfe, 0xee, 0xee, 0xe6, 0x22, 0x22, 0x22, 0xd6, 0x22, 0x22, 0x21, 0x00,
    0x00, 0x00, 0xc5, 0x00, 0x00, 0x00, 0x00, 0x00, 0x00, 0xc5, 0x00, 0x00, 0x00, 0x00, 0x00, 0x00,
    0xc5, 0x00, 0x00, 0x00, 0x00, 0x00, 0x00, 0xc5, 0x00, 0x00, 0x00, 0x00, 0x00, 0x00, 0x62, 0x00,
    0x00, 0x00,

    /* U+5E93 "库" */
    0x00, 0x00, 0x00, 0x44, 0x00, 0x00, 0x00, 0x02, 0x33, 0x33, 0x7e, 0x33, 0x33, 0x31, 0x0b, 0xed,
    0xdd, 0xdd, 0xdd, 0xdd, 0xd6, 0x0b, 0x60, 0x00, 0x72, 0x00, 0x00, 0x00, 0x0b, 0x60, 0x01, 0xf2,
    0x00, 0x00, 0x00, 0x0b, 0x6b, 0xef, 0xfe, 0xee, 0xee, 0xc0, 0x0b, 0x60, 0x0d, 0x40, 0x50, 0x00,
    0x00, 0x0c, 0x40, 0x7c, 0x00, 0xe2, 0x00, 0x00, 0x0e, 0x30, 0xfb, 0x88, 0xf9, 0x88, 0x40, 0x0f,
    0x10, 0x67, 0x77, 0xf8, 0x77, 0x30, 0x1f, 0x00, 0x00, 0x00, 0xe2, 0x00, 0x00, 0x5d, 0x4d, 0xdd,
    0xdd, 0xfd, 0xdd, 0xd8, 0xa8, 0x02, 0x22, 0x22, 0xe4, 0x22, 0x21, 0xe3, 0x00, 0x00, 0x00, 0xe2,
    0x00, 0x00, 0x20, 0x00, 0x00, 0x00, 0x71, 0x00, 0x00,

    /* U+5E94 "应" */
    0x00, 0x00, 0x00, 0x53, 0x00, 0x00, 0x00, 0x01, 0x11, 0x11, 0x8c, 0x11, 0x11, 0x10, 0x0b, 0xff,
    0xff, 0xff, 0xff, 0xff, 0xf7, 0x0b, 0x60, 0x00, 0x00, 0x00, 0x00, 0x00, 0x0b, 0x60, 0x00, 0x32,
    0x00, 0x00, 0x00, 0x0b, 0x61, 0x20, 0x97, 0x00, 0x0c, 0x40, 0x0b, 0x67, 0x90, 0x5b, 0x00, 0x1f,
    0x10, 0x0c, 0x42, 0xd0, 0x1e, 0x00, 0x5d, 0x00, 0x0e, 0x30, 0xe2, 0x0e, 0x20, 0x99, 0x00, 0x0f,
    0x10, 0x97, 0x0a, 0x60, 0xd4, 0x00, 0x1f, 0x00, 0x5b, 0x03, 0x23, 0xe0, 0x00, 0x5c, 0x00, 0x03,
    0x00, 0x09, 0x90, 0x00, 0xa7, 0x13, 0x33, 0x33, 0x3e, 0x63, 0x30, 0xe2, 0x4d, 0xdd, 0xdd, 0xdd,
    0xdd, 0xd3, 0x20, 0x00, 0x00, 0x00, 0x00, 0x00, 0x00,

    /* U+5EA6 "度" */
    0x00, 0x00, 0x00, 0x25, 0x00, 0x00, 0x00, 0x03, 0x55, 0x55, 0x6f, 0x65, 0x55, 0x51, 0x0b, 0xca,
    0xaa, 0xaa, 0xaa, 0xaa, 0xa3, 0x0b, 0x60, 0x1c, 0x00, 0x01, 0xd0, 0x00, 0x0b, 0xa7, 0x8f, 0x77,
    0x77, 0xf7, 0x72, 0x0b, 0xc9, 0xaf, 0x99, 0x9a, 0xf9, 0x92, 0x0b, 0x60, 0x1f, 0x00, 0x01, 0xf0,
    0x00, 0x0c, 0x40, 0x1f, 0xee, 0xee, 0xe0, 0x00, 0x0d, 0x30, 0x00, 0x00, 0x00, 0x00, 0x00, 0x0f,
    0x1b, 0xff, 0xee, 0xee, 0xff, 0x00, 0x0f, 0x00, 0x4c, 0x30, 0x04, 0xd4, 0x00, 0x4c, 0x00, 0x03,
    0xd6, 0x8d, 0x20, 0x00, 0xa7, 0x00, 0x04, 0xaf, 0xf8, 0x30, 0x00, 0xe1, 0x5b, 0xeb, 0x61, 0x39,
    0xee, 0xa4, 0x20, 0x35, 0x00, 0x00, 0x00, 0x02, 0x62,

    /* U+5EFA "建" */
    0x00, 0x00, 0x00, 0x00, 0x51, 0x00, 0x00, 0x4b, 0xbb, 0x23, 0x77, 0xe9, 0x77, 0x30, 0x14, 0x6f,
    0x12, 0x66, 0xe8, 0x6c, 0x70, 0x00, 0xb7, 0x04, 0x44, 0xd7, 0x4b, 0x92, 0x05, 0xe0, 0x2b, 0xbb,
    0xfc, 0xbe, 0xd5, 0x1e, 0x50, 0x00, 0x00, 0xd4, 0x09, 0x70, 0x5f, 0xff, 0x56, 0xdd, 0xfe, 0xdd,
    0x60, 0x00, 0x0b, 0x40, 0x00, 0xd3, 0x00, 0x00, 0x38, 0x0f, 0x2a, 0xee, 0xfe, 0xee, 0xa0, 0x0e,
    0x4f, 0x00, 0x00, 0xd3, 0x00, 0x00, 0x08, 0xd9, 0x2c, 0xcc, 0xfd, 0xcc, 0xc2, 0x02, 0xf5, 0x02,
    0x22, 0xd5, 0x22, 0x20, 0x1c, 0xce, 0x83, 0x00, 0x82, 0x00, 0x00, 0x9b, 0x01, 0x7c, 0xee, 0xdd,
    0xde, 0xe7, 0x10, 0x00, 0x00, 0x00, 0x11, 0x11, 0x10,

    /* U+5F00 "开" */
    0x09, 0x99, 0x99, 0x99, 0x99, 0x99, 0x60, 0x06, 0x68, 0xe6, 0x66, 0x6f, 0x86, 0x40, 0x00, 0x04,
    0xd0, 0x00, 0x0e, 0x30, 0x00, 0x00, 0x04, 0xd0, 0x00, 0x0e, 0x30, 0x00, 0x00, 0x04, 0xd0, 0x00,
    0x0e, 0x30, 0x00, 0x45, 0x58, 0xe5, 0x55, 0x5e, 0x75, 0x52, 0x8a, 0xac, 0xea, 0xaa, 0xaf, 0xba,
    0xa5, 0x00, 0x08, 0xa0, 0x00, 0x0e, 0x30, 0x00, 0x00, 0x0b, 0x70, 0x00, 0x0e, 0x30, 0x00, 0x00,
    0x0e, 0x30, 0x00, 0x0e, 0x30, 0x00, 0x00, 0x6d, 0x00, 0x00, 0x0e, 0x30, 0x00, 0x04, 0xf4, 0x00,
    0x00, 0x0e, 0x30, 0x00, 0x4f, 0x60, 0x00, 0x00, 0x0e, 0x30, 0x00, 0x02, 0x00, 0x00, 0x00, 0x05,
    0x10, 0x00,

    /* U+5F03 "弃" */
    0x00, 0x00, 0x00, 0x70, 0x00, 0x00, 0x00, 0x13, 0x33, 0x33, 0xc8, 0x33, 0x33, 0x30, 0x4c, 0xcc,
    0xef, 0xcc, 0xcc, 0xcc, 0xc0, 0x00, 0x00, 0xd5, 0x00, 0x16, 0x00, 0x00, 0x00, 0x0a, 0xa0, 0x00,
    0x1e, 0x50, 0x00, 0x00, 0xac, 0x12, 0x34, 0x6a, 0xf3, 0x00, 0x04, 0xfe, 0xcb, 0xa9, 0x76, 0x8d,
    0x00, 0x00, 0x01, 0x50, 0x00, 0x15, 0x08, 0x10, 0x00, 0x03, 0xe0, 0x00, 0x3e, 0x00, 0x00, 0x99,
    0x9b, 0xf9, 0x99, 0xbf, 0x99, 0x95, 0x67, 0x7a, 0xd7, 0x77, 0x9e, 0x77, 0x74, 0x00, 0x0a, 0x70,
    0x00, 0x3e, 0x00, 0x00, 0x00, 0x2f, 0x20, 0x00, 0x3e, 0x00, 0x00, 0x03, 0xe5, 0x00, 0x00, 0x3e,
    0x00, 0x00, 0x00, 0x30, 0x00, 0x00, 0x16, 0x00, 0x00,

    /* U+5F0F "式" */
    0x00, 0x00, 0x00, 0x02, 0x40, 0x20, 0x00, 0x00, 0x00, 0x00, 0x06, 0xb0, 0x99, 0x00, 0x00, 0x00,
    0x00, 0x05, 0xb0, 0x0c, 0x10, 0x9d, 0xdd, 0xdd, 0xde, 0xfd, 0xdd, 0xd5, 0x45, 0x55, 0x55, 0x58,
    0xe5, 0x55, 0x52, 0x00, 0x00, 0x00, 0x03, 0xf0, 0x00, 0x00, 0x00, 0x00, 0x00, 0x01, 0xf1, 0x00,
    0x00, 0x7f, 0xff, 0xff, 0xd0, 0xf3, 0x00, 0x00, 0x00, 0x0d, 0x40, 0x00, 0xc6, 0x00, 0x00, 0x00,
    0x0d, 0x40, 0x00, 0x9a, 0x00, 0x00, 0x00, 0x0d, 0x40, 0x00, 0x4e, 0x00, 0x10, 0x00, 0x0d, 0x66,
    0xa6, 0x0e, 0x50, 0x97, 0x6a, 0xde, 0xc9, 0x61, 0x06, 0xd1, 0xe3, 0x45, 0x20, 0x00, 0x00, 0x00,
    0xbe, 0xc0, 0x00, 0x00, 0x00, 0x00, 0x00, 0x05, 0x10,

    /* U+5F52 "归" */
    0x00, 0x01, 0x50, 0x00, 0x00, 0x00, 0x00, 0x10, 0x3d, 0x15, 0x55, 0x55, 0x55, 0x6a, 0x03, 0xd3,
    0xaa, 0xaa, 0xab, 0xf6, 0xa0, 0x3d, 0x00, 0x00, 0x00, 0x1f, 0x6a, 0x03, 0xd0, 0x00, 0x00, 0x01,
    0xf6, 0xa0, 0x3d, 0x00, 0x00, 0x00, 0x1f, 0x6a, 0x03, 0xd0, 0x11, 0x11, 0x12, 0xf6, 0xa0, 0x4c,
    0x0e, 0xff, 0xff, 0xff, 0x6a, 0x06, 0xb0, 0x00, 0x00, 0x01, 0xf3, 0x50, 0x88, 0x00, 0x00, 0x00,
    0x1f, 0x00, 0x0e, 0x30, 0x00, 0x00, 0x01, 0xf0, 0x06, 0xd0, 0x00, 0x00, 0x00, 0x1f, 0x02, 0xf3,
    0x08, 0xcc, 0xcc, 0xcd, 0xf4, 0xe6, 0x00, 0x24, 0x44, 0x44, 0x5f, 0x13, 0x00, 0x00, 0x00, 0x00,
    0x00, 0x20,

    /* U+5F53 "当" */
    0x00, 0x00, 0x03, 0x10, 0x00, 0x00, 0x23, 0x00, 0x0b, 0x60, 0x00, 0x62, 0x5e, 0x10, 0x0b, 0x60,
    0x02, 0xf1, 0x0b, 0xa0, 0x0b, 0x60, 0x0c, 0x80, 0x01, 0xb0, 0x0b, 0x60, 0x1b, 0x00, 0x56, 0x66,
    0x6d, 0xa6, 0x66, 0x63, 0x8a, 0xaa, 0xaa, 0xaa, 0xaa, 0xd7, 0x00, 0x00, 0x00, 0x00, 0x00, 0x97,
    0x00, 0x00, 0x00, 0x00, 0x00, 0x97, 0x1d, 0xdd, 0xdd, 0xdd, 0xdd, 0xf7, 0x02, 0x22, 0x22, 0x22,
    0x22, 0xa7, 0x00, 0x00, 0x00, 0x00, 0x00, 0x97, 0x33, 0x33, 0x33, 0x33, 0x33, 0xb7, 0xbc, 0xcc,
    0xcc, 0xcc, 0xcc, 0xe7, 0x00, 0x00, 0x00, 0x00, 0x00, 0x33,

    /* U+5F85 "待" */
    0x00, 0x14, 0x00, 0x00, 0x24, 0x00, 0x00, 0x00, 0x99, 0x00, 0x00, 0x5a, 0x00, 0x00, 0x05, 0xe0,
    0x0a, 0xff, 0xff, 0xff, 0xf0, 0x4e, 0x30, 0x00, 0x00, 0x6b, 0x00, 0x00, 0xe3, 0x0b, 0x40, 0x00,
    0x5a, 0x00, 0x00, 0x20, 0x4e, 0x4d, 0xdd, 0xef, 0xdd, 0xd8, 0x01, 0xd5, 0x02, 0x22, 0x22, 0x33,
    0x21, 0x1d, 0xf2, 0x00, 0x00, 0x00, 0x5b, 0x00, 0xc9, 0xd2, 0x3f, 0xff, 0xff, 0xff, 0xf7, 0x40,
    0xd2, 0x00, 0x30, 0x00, 0x6b, 0x00, 0x00, 0xd2, 0x00, 0xd5, 0x00, 0x5b, 0x00, 0x00, 0xd2, 0x00,
    0x2e, 0x30, 0x5b, 0x00, 0x00, 0xd2, 0x00, 0x03, 0x00, 0x6b, 0x00, 0x00, 0xd2, 0x00, 0x00, 0xaa,
    0xe8, 0x00, 0x00, 0x51, 0x00, 0x00, 0x55, 0x40, 0x00,

    /* U+5FBD "徽" */
    0x00, 0x22, 0x00, 0x50, 0x00, 0x40, 0x00, 0x00, 0xd4, 0xb1, 0xd0, 0xc0, 0xf0, 0x00, 0x08, 0xb0,
    0xc1, 0xd0, 0xd3, 0xd2, 0x21, 0x6e, 0x10, 0xce, 0xfe, 0xd6, 0xfe, 0xf7, 0xe2, 0x2c, 0x11, 0x11,
    0x1b, 0x70, 0xd0, 0x10, 0xa7, 0xcc, 0xcc, 0xaf, 0x91, 0xc0, 0x03, 0xe0, 0x27, 0x92, 0x88, 0xb2,
    0xb0, 0x2e, 0xd0, 0x5c, 0x07, 0x30, 0xb5, 0x90, 0xd9, 0xd0, 0xeb, 0xe7, 0x00, 0x9a, 0x60, 0x33,
    0xd0, 0x1b, 0x43, 0x90, 0x6f, 0x20, 0x03, 0xd0, 0xed, 0xdb, 0xd2, 0x3f, 0x00, 0x03, 0xd0, 0x40,
    0xd2, 0x40, 0xaf, 0x60, 0x03, 0xd1, 0xd0, 0xd2, 0xd5, 0xd3, 0xe2, 0x03, 0xd6, 0x57, 0xf0, 0x6e,
    0x20, 0x79, 0x01, 0x60, 0x05, 0x30, 0x01, 0x00, 0x01,

    /* U+5FC3 "心" */
    0x00, 0x00, 0x02, 0x00, 0x00, 0x00, 0x00, 0x00, 0x00, 0x0a, 0xa0, 0x00, 0x00, 0x00, 0x00, 0x00,
    0x00, 0xc9, 0x00, 0x00, 0x00, 0x00, 0x00, 0x40, 0x1e, 0x50, 0x00, 0x00, 0x00, 0x02, 0xe0, 0x05,
    0xd0, 0x00, 0x00, 0x03, 0x42, 0xe0, 0x00, 0x00, 0x87, 0x00, 0x0a, 0x72, 0xe0, 0x00, 0x00, 0x3e,
    0x00, 0x0e, 0x42, 0xe0, 0x00, 0x00, 0x0c, 0x40, 0x3f, 0x12, 0xe0, 0x00, 0x00, 0x05, 0xb0, 0x7d,
    0x02, 0xe0, 0x00, 0x03, 0x50, 0xe1, 0xb7, 0x02, 0xe0, 0x00, 0x05, 0xa0, 0xa7, 0xe2, 0x02, 0xe0,
    0x00, 0x07, 0x80, 0x35, 0x10, 0x01, 0xf2, 0x00, 0x1c, 0x60, 0x00, 0x00, 0x00, 0xaf, 0xff, 0xfa,
    0x10, 0x00,

    /* U+5FD9 "忙" */
    0x00, 0x51, 0x00, 0x00, 0x12, 0x00, 0x00, 0x00, 0xe3, 0x00, 0x00, 0x6c, 0x00, 0x00, 0x00, 0xe3,
    0x00, 0x00, 0x0f, 0x20, 0x00, 0x22, 0xe9, 0x75, 0x99, 0x9e, 0xc9, 0x97, 0x96, 0xe6, 0xb5, 0xbe,
    0x99, 0x99, 0x97, 0xb4, 0xe3, 0xe0, 0x4c, 0x00, 0x00, 0x00, 0xd2, 0xe3, 0xa2, 0x4c, 0x00, 0x00,
    0x00, 0xc0, 0xe3, 0x00, 0x4c, 0x00, 0x00, 0x00, 0x00, 0xe3, 0x00, 0x4c, 0x00, 0x00, 0x00, 0x00,
    0xe3, 0x00, 0x4c, 0x00, 0x00, 0x00, 0x00, 0xe3, 0x00, 0x4c, 0x00, 0x00, 0x00, 0x00, 0xe3, 0x00,
    0x4c, 0x00, 0x00, 0x00, 0x00, 0xe3, 0x00, 0x4d, 0x00, 0x00, 0x00, 0x00, 0xe3, 0x00, 0x4f, 0xff,
    0xff, 0xf4, 0x00, 0x61, 0x00, 0x00, 0x00, 0x00, 0x00,

    /* U+601D "思" */
    0x00, 0xce, 0xee, 0xee, 0xee, 0xe7, 0x00, 0x00, 0xe3, 0x00, 0xb5, 0x00, 0x97, 0x00, 0x00, 0xe2,
    0x00, 0xb4, 0x00, 0x97, 0x00, 0x00, 0xed, 0xdd, 0xfe, 0xdd, 0xe7, 0x00, 0x00, 0xe5, 0x33, 0xc7,
    0x33, 0xa7, 0x00, 0x00, 0xe2, 0x00, 0xb4, 0x00, 0x97, 0x00, 0x00, 0xed, 0xdd, 0xfd, 0xdd, 0xe7,
    0x00, 0x00, 0x33, 0x33, 0x44, 0x33, 0x31, 0x00, 0x03, 0x33, 0x60, 0xa7, 0x00, 0x48, 0x00, 0x0c,
    0x65, 0xb0, 0x2f, 0x10, 0x1e, 0x30, 0x3e, 0x05, 0xb0, 0x07, 0x42, 0x87, 0xc0, 0x98, 0x05, 0xb0,
    0x00, 0x05, 0xc0, 0xe4, 0xc2, 0x01, 0xfc, 0xbb, 0xbf, 0x70, 0x32, 0x00, 0x00, 0x14, 0x44, 0x42,
    0x00, 0x00,

    /* U+603B "总" */
    0x00, 0x04, 0x10, 0x00, 0x05, 0x20, 0x00, 0x00, 0x08, 0xb0, 0x00, 0x2e, 0x10, 0x00, 0x00, 0x00,
    0xb4, 0x00, 0xc6, 0x00, 0x00, 0x00, 0xce, 0xee, 0xee, 0xfe, 0xe7, 0x00, 0x00, 0xe6, 0x44, 0x44,
    0x44, 0xa8, 0x00, 0x00, 0xe3, 0x00, 0x00, 0x00, 0x88, 0x00, 0x00, 0xe3, 0x00, 0x00, 0x00, 0x88,
    0x00, 0x00, 0xed, 0xcc, 0xcc, 0xcc, 0xe8, 0x00, 0x00, 0x34, 0x44, 0x44, 0x44, 0x42, 0x00, 0x04,
    0x21, 0x40, 0x97, 0x00, 0x0a, 0x00, 0x0e, 0x34, 0xd0, 0x2f, 0x10, 0x0b, 0x70, 0x5d, 0x04, 0xd0,
    0x07, 0x33, 0x94, 0xe0, 0xb6, 0x04, 0xe0, 0x00, 0x05, 0xb0, 0xc6, 0x80, 0x00, 0xfd, 0xbb, 0xbf,
    0x60, 0x20, 0x00, 0x00, 0x14, 0x44, 0x42, 0x00, 0x00,

    /* U+606F "息" */
    0x00, 0x00, 0x01, 0x60, 0x00, 0x00, 0x00, 0x00, 0x56, 0x6a, 0xd6, 0x66, 0x63, 0x00, 0x00, 0xca,
    0x88, 0x88, 0x88, 0xb9, 0x00, 0x00, 0xc5, 0x22, 0x22, 0x22, 0x89, 0x00, 0x00, 0xce, 0xdd, 0xdd,
    0xdd, 0xe9, 0x00, 0x00, 0xc3, 0x00, 0x00, 0x00, 0x79, 0x00, 0x00, 0xce, 0xdd, 0xdd, 0xdd, 0xe9,
    0x00, 0x00, 0xc3, 0x00, 0x00, 0x00, 0x79, 0x00, 0x00, 0xcd, 0xcc, 0xcc, 0xcc, 0xd9, 0x00, 0x00,
    0x22, 0x22, 0x62, 0x22, 0x21, 0x00, 0x08, 0x36, 0x80, 0xb7, 0x00, 0x1c, 0x00, 0x2f, 0x07, 0xa0,
    0x1d, 0x45, 0x49, 0x90, 0x89, 0x07, 0xa0, 0x00, 0x0a, 0x70, 0xe4, 0xa2, 0x04, 0xfb, 0xbb, 0xbf,
    0x20, 0x44, 0x00, 0x00, 0x24, 0x44, 0x41, 0x00, 0x00,

    /* U+60A3 "患" */
    0x00, 0x00, 0x00, 0x53, 0x00, 0x00, 0x00, 0x03, 0x99, 0x99, 0xec, 0x99, 0x99, 0x00, 0x05, 0xc3,
    0x33, 0xc8, 0x33, 0x3f, 0x00, 0x05, 0xd8, 0x88, 0xeb, 0x88, 0x9f, 0x00, 0x02, 0x66, 0x66, 0xda,
    0x66, 0x66, 0x00, 0x06, 0x88, 0x88, 0xdb, 0x88, 0x88, 0x30, 0x0c, 0x96, 0x66, 0xda, 0x66, 0x6c,
    0x70, 0x0c, 0x73, 0x33, 0xc8, 0x33, 0x3b, 0x70, 0x08, 0xbb, 0xbb, 0xec, 0xbb, 0xbb, 0x40, 0x00,
    0x00, 0x00, 0x63, 0x00, 0x00, 0x00, 0x09, 0x45, 0xb0, 0xb6, 0x00, 0x3c, 0x00, 0x2f, 0x15, 0xc0,
    0x3f, 0x31, 0x2c, 0x80, 0x99, 0x05, 0xd0, 0x03, 0x05, 0xb2, 0xf4, 0x62, 0x01, 0xfd, 0xbb, 0xbf,
    0x70, 0x42, 0x00, 0x00, 0x14, 0x44, 0x42, 0x00, 0x00,

    /* U+60C5 "情" */
    0x00, 0x50, 0x00, 0x00, 0x15, 0x00, 0x00, 0x01, 0xf0, 0x06, 0x88, 0xae, 0x88, 0x82, 0x01, 0xf0,
    0x03, 0x44, 0x7d, 0x44, 0x41, 0x53, 0xfa, 0x12, 0x99, 0xbe, 0x99, 0x70, 0xb3, 0xf7, 0x61, 0x66,
    0x8e, 0x66, 0x40, 0xd2, 0xf2, 0xd8, 0x88, 0xae, 0x88, 0x86, 0xe1, 0xf0, 0x35, 0x55, 0x55, 0x55,
    0x54, 0xb1, 0xf0, 0x02, 0xbb, 0xbb, 0xbb, 0x60, 0x01, 0xf0, 0x02, 0xd3, 0x33, 0x38, 0x90, 0x01,
    0xf0, 0x02, 0xfa, 0xaa, 0xac, 0x90, 0x01, 0xf0, 0x02, 0xd2, 0x22, 0x28, 0x90, 0x01, 0xf0, 0x02,
    0xfc, 0xcc, 0xcd, 0x90, 0x01, 0xf0, 0x02, 0xd0, 0x00, 0x07, 0x90, 0x01, 0xf0, 0x02, 0xd0, 0x00,
    0x8d, 0x80, 0x00, 0x60, 0x01, 0x60, 0x00, 0x55, 0x00,

    /* U+611F "感" */
    0x00, 0x00, 0x00, 0x00, 0x43, 0x13, 0x00, 0x02, 0x22, 0x22, 0x22, 0xa8, 0x4e, 0x20, 0x0b, 0xdc,
    0xcc, 0xcc, 0xee, 0xcc, 0xc0, 0x0b, 0x50, 0x00, 0x00, 0x79, 0x01, 0x00, 0x0b, 0x5d, 0xdd, 0xdd,
    0x5a, 0x0a, 0x40, 0x0c, 0x42, 0x22, 0x22, 0x3d, 0x1e, 0x00, 0x0e, 0x18, 0xdd, 0xd9, 0x0e, 0xa8,
    0x00, 0x2f, 0x08, 0x70, 0x6a, 0x09, 0xe0, 0x55, 0xa8, 0x08, 0xda, 0xca, 0x4e, 0xe4, 0xb4, 0x71,
    0x01, 0x32, 0x41, 0xb3, 0x3c, 0xa0, 0x06, 0x73, 0xd0, 0xb7, 0x00, 0x05, 0x00, 0x0e, 0x33, 0xd0,
    0x1e, 0x33, 0x3c, 0x70, 0x6b, 0x03, 0xe0, 0x01, 0x09, 0x82, 0xe4, 0x94, 0x00, 0xfd, 0xcc, 0xcf,
    0x30, 0x43, 0x00, 0x00, 0x14, 0x44, 0x41, 0x00, 0x00,

    /* U+6210 "成" */
    0x00, 0x00, 0x00, 0x02, 0x50, 0x30, 0x00, 0x00, 0x00, 0x00, 0x05, 0xc0, 0xba, 0x00, 0x01, 0x44,
    0x44, 0x47, 0xd4, 0x4c, 0x51, 0x07, 0xfe, 0xee, 0xee, 0xfe, 0xee, 0xe6, 0x07, 0x90, 0x00, 0x03,
    0xe0, 0x00, 0x00, 0x07, 0x90, 0x00, 0x01, 0xf0, 0x06, 0x30, 0x07, 0xc7, 0x77, 0x20, 0xf1, 0x0e,
    0x30, 0x07, 0xd9, 0x9e, 0x30, 0xd4, 0x6d, 0x00, 0x08, 0x80, 0x0d, 0x30, 0xa7, 0xd7, 0x00, 0x0a,
    0x60, 0x0d, 0x20, 0x5e, 0xd0, 0x00, 0x0c, 0x40, 0x0f, 0x00, 0x2f, 0x50, 0x00, 0x0f, 0x28, 0xbd,
    0x01, 0xde, 0x90, 0x5a, 0x6b, 0x05, 0x62, 0x3d, 0x91, 0xe4, 0x96, 0xd4, 0x00, 0x08, 0xe6, 0x00,
    0x3f, 0xe1, 0x30, 0x00, 0x02, 0x10, 0x00, 0x00, 0x10,

    /* U+6216 "或" */
    0x00, 0x00, 0x00, 0x01, 0x50, 0x10, 0x00, 0x00, 0x00, 0x00, 0x04, 0xc0, 0x89, 0x00, 0x89, 0x99,
    0x99, 0x9b, 0xe9, 0xaf, 0x94, 0x68, 0x88, 0x88, 0x8a, 0xe8, 0x88, 0x84, 0x00, 0x00, 0x00, 0x03,
    0xd0, 0x00, 0x00, 0x0b, 0xbb, 0xbb, 0x43, 0xe0, 0x09, 0x50, 0x1f, 0x44, 0x4b, 0x62, 0xf0, 0x1f,
    0x30, 0x1f, 0x00, 0x0a, 0x60, 0xf1, 0x7c, 0x00, 0x1f, 0x11, 0x1a, 0x60, 0xd3, 0xe6, 0x00, 0x1d,
    0xdd, 0xdd, 0x50, 0xab, 0xd0, 0x00, 0x00, 0x00, 0x00, 0x20, 0x5f, 0x50, 0x00, 0x02, 0x69, 0xcf,
    0xc0, 0xcf, 0x20, 0x68, 0xbe, 0xb8, 0x41, 0x1c, 0xb8, 0xb0, 0xa5, 0x10, 0x00, 0x00, 0xda, 0x00,
    0xbe, 0xe0, 0x00, 0x00, 0x00, 0x30, 0x00, 0x04, 0x10,

    /* U+6237 "户" */
    0x00, 0x00, 0x01, 0x60, 0x00, 0x00, 0x00, 0x00, 0x00, 0x0d, 0x50, 0x00, 0x00, 0x03, 0xbb, 0xbb,
    0xde, 0xbb, 0xbb, 0x40, 0x4d, 0x66, 0x66, 0x66, 0x66, 0xd6, 0x04, 0xc0, 0x00, 0x00, 0x00, 0x0a,
    0x60, 0x4c, 0x00, 0x00, 0x00, 0x00, 0xa6, 0x04, 0xd7, 0x77, 0x77, 0x77, 0x7d, 0x60, 0x5e, 0x99,
    0x99, 0x99, 0x99, 0x94, 0x07, 0x90, 0x00, 0x00, 0x00, 0x00, 0x00, 0x97, 0x00, 0x00, 0x00, 0x00,
    0x00, 0x0b, 0x40, 0x00, 0x00, 0x00, 0x00, 0x01, 0xf1, 0x00, 0x00, 0x00, 0x00, 0x00, 0x89, 0x00,
    0x00, 0x00, 0x00, 0x00, 0x0e, 0x20, 0x00, 0x00, 0x00, 0x00, 0x00, 0x30, 0x00, 0x00, 0x00, 0x00,
    0x00, 0x00,

    /* U+6240 "所" */
    0x00, 0x00, 0x12, 0x00, 0x00, 0x01, 0x30, 0x04, 0x7b, 0xc7, 0x05, 0x89, 0xcd, 0x90, 0x0e, 0x71,
    0x00, 0x0c, 0x73, 0x00, 0x00, 0x0e, 0x10, 0x00, 0x0c, 0x20, 0x00, 0x00, 0x0e, 0x98, 0x87, 0x0c,
    0x20, 0x00, 0x00, 0x0e, 0x99, 0x9e, 0x0c, 0xba, 0xaa, 0xa6, 0x0e, 0x10, 0x1e, 0x0c, 0x76, 0x7f,
    0x64, 0x0e, 0x10, 0x1e, 0x0c, 0x20, 0x1f, 0x00, 0x0e, 0x76, 0x7e, 0x0c, 0x20, 0x1f, 0x00, 0x0f,
    0x99, 0x98, 0x0d, 0x10, 0x1f, 0x00, 0x2d, 0x00, 0x00, 0x0f, 0x00, 0x1f, 0x00, 0x5a, 0x00, 0x00,
    0x0f, 0x00, 0x1f, 0x00, 0xb6, 0x00, 0x00, 0x5c, 0x00, 0x1f, 0x00, 0xe0, 0x00, 0x00, 0xa7, 0x00,
    0x1f, 0x00, 0x20, 0x00, 0x00, 0x21, 0x00, 0x07, 0x00,

    /* U+624B "手" */
    0x00, 0x00, 0x00, 0x00, 0x00, 0x13, 0x00, 0x04, 0x66, 0x78, 0x8a, 0xce, 0xdb, 0x20, 0x06, 0x98,
    0x77, 0xac, 0x30, 0x00, 0x00, 0x00, 0x00, 0x00, 0x6a, 0x00, 0x00, 0x00, 0x00, 0x00, 0x00, 0x6a,
    0x00, 0x00, 0x00, 0x09, 0xee, 0xee, 0xef, 0xee, 0xee, 0x60, 0x01, 0x22, 0x22, 0x8b, 0x22, 0x22,
    0x10, 0x00, 0x00, 0x00, 0x6a, 0x00, 0x00, 0x00, 0x45, 0x55, 0x55, 0xac, 0x55, 0x55, 0x53, 0x9b,
    0xbb, 0xbb, 0xde, 0xbb, 0xbb, 0xb6, 0x00, 0x00, 0x00, 0x6a, 0x00, 0x00, 0x00, 0x00, 0x00, 0x00,
    0x6a, 0x00, 0x00, 0x00, 0x00, 0x00, 0x00, 0x7a, 0x00, 0x00, 0x00, 0x00, 0x02, 0xaa, 0xf7, 0x00,
    0x00, 0x00, 0x00, 0x00, 0x66, 0x40, 0x00, 0x00, 0x00,

    /* U+624D "才" */
    0x00, 0x00, 0x00, 0x00, 0x33, 0x00, 0x00, 0x00, 0x00, 0x00, 0x00, 0x98, 0x00, 0x00, 0x00, 0x00,
    0x00, 0x00, 0x98, 0x00, 0x00, 0x9b, 0xbb, 0xbb, 0xbb, 0xee, 0xbb, 0xb3, 0x56, 0x66, 0x66, 0xad,
    0xcb, 0x66, 0x61, 0x00, 0x00, 0x00, 0xd3, 0x98, 0x00, 0x00, 0x00, 0x00, 0x0a, 0x80, 0x98, 0x00,
    0x00, 0x00, 0x00, 0x6d, 0x00, 0x98, 0x00, 0x00, 0x00, 0x04, 0xe3, 0x00, 0x98, 0x00, 0x00, 0x00,
    0x9d, 0x30, 0x00, 0x98, 0x00, 0x00, 0x2c, 0xb1, 0x00, 0x00, 0x98, 0x00, 0x00, 0xd7, 0x00, 0x00,
    0x00, 0x98, 0x00, 0x00, 0x00, 0x00, 0x00, 0x00, 0xa8, 0x00, 0x00, 0x00, 0x00, 0x04, 0xaa, 0xf5,
    0x00, 0x00, 0x00, 0x00, 0x01, 0x66, 0x30, 0x00, 0x00,

    /* U+6253 "打" */
    0x00, 0x33, 0x00, 0x00, 0x00, 0x00, 0x00, 0x00, 0x89, 0x00, 0x55, 0x55, 0x55, 0x52, 0x00, 0x89,
    0x00, 0xaa, 0xaa, 0xfb, 0xa5, 0xab, 0xee, 0xb6, 0x00, 0x00, 0xf1, 0x00, 0x66, 0xbc, 0x63, 0x00,
    0x00, 0xf1, 0x00, 0x00, 0x89, 0x00, 0x00, 0x00, 0xf1, 0x00, 0x00, 0x89, 0x02, 0x00, 0x00, 0xf1,
    0x00, 0x00, 0x8c, 0xca, 0x00, 0x00, 0xf1, 0x00, 0x7c, 0xfc, 0x30, 0x00, 0x00, 0xf1, 0x00, 0x84,
    0x99, 0x00, 0x00, 0x00, 0xf1, 0x00, 0x00, 0x89, 0x00, 0x00, 0x00, 0xf1, 0x00, 0x00, 0x89, 0x00,
    0x00, 0x00, 0xf1, 0x00, 0x00, 0x89, 0x00, 0x00, 0x01, 0xf1, 0x00, 0x5a, 0xf6, 0x00, 0x09, 0xac,
    0xe0, 0x00, 0x25, 0x40, 0x00, 0x04, 0x55, 0x10, 0x00,

    /* U+6267 "执" */
    0x00, 0x50, 0x00, 0x05, 0x10, 0x00, 0x00, 0x00, 0xf2, 0x00, 0x0d, 0x40, 0x00, 0x00, 0x00, 0xf2,
    0x00, 0x0d, 0x40, 0x00, 0x00, 0x89, 0xfa, 0x5b, 0xff, 0xff, 0xf6, 0x00, 0x79, 0xfa, 0x52, 0x3d,
    0x63, 0xb7, 0x00, 0x00, 0xf2, 0x00, 0x0d, 0x40, 0xa7, 0x00, 0x00, 0xf2, 0x01, 0x0d, 0x30, 0xa7,
    0x00, 0x00, 0xfa, 0x9b, 0xbf, 0x20, 0xa7, 0x00, 0x8c, 0xf8, 0x10, 0x8f, 0x50, 0x97, 0x00, 0x84,
    0xf2, 0x00, 0x5e, 0xe8, 0x97, 0x00, 0x00, 0xf2, 0x00, 0xa7, 0x29, 0x87, 0x13, 0x00, 0xf2, 0x01,
    0xf1, 0x00, 0x79, 0x3b, 0x00, 0xf2, 0x0b, 0xa0, 0x00, 0x4c, 0x78, 0x8c, 0xf0, 0x8c, 0x00, 0x00,
    0x0e, 0xf3, 0x45, 0x20, 0x21, 0x00, 0x00, 0x01, 0x30,

    /* U+6269 "扩" */
    0x00, 0x41, 0x00, 0x00, 0x15, 0x00, 0x00, 0x00, 0xc4, 0x00, 0x00, 0x0e, 0x20, 0x00, 0x00, 0xc4,
    0x01, 0x77, 0x7c, 0xb7, 0x74, 0xab, 0xfd, 0xb2, 0xfb, 0xbb, 0xbb, 0xb7, 0x56, 0xe9, 0x62, 0xf0,
    0x00, 0x00, 0x00, 0x00, 0xc4, 0x02, 0xf0, 0x00, 0x00, 0x00, 0x00, 0xc4, 0x12, 0xf0, 0x00, 0x00,
    0x00, 0x00, 0xcc, 0xe3, 0xe0, 0x00, 0x00, 0x00, 0x8d, 0xf9, 0x05, 0xb0, 0x00, 0x00, 0x00, 0x84,
    0xc4, 0x07, 0x90, 0x00, 0x00, 0x00, 0x00, 0xc4, 0x09, 0x70, 0x00, 0x00, 0x00, 0x00, 0xc4, 0x0e,
    0x30, 0x00, 0x00, 0x00, 0x00, 0xd4, 0x7b, 0x00, 0x00, 0x00, 0x00, 0x5b, 0xf2, 0xe3, 0x00, 0x00,
    0x00, 0x00, 0x26, 0x30, 0x30, 0x00, 0x00, 0x00, 0x00,

    /* U+62BD "抽" */
    0x00, 0x50, 0x00, 0x00, 0x15, 0x00, 0x00, 0x00, 0xe2, 0x00, 0x00, 0x4d, 0x00, 0x00, 0x00, 0xe2,
    0x00, 0x00, 0x4d, 0x00, 0x00, 0xab, 0xfc, 0x77, 0xdd, 0xef, 0xdd, 0xd2, 0x56, 0xf8, 0x48, 0xb5,
    0x8e, 0x55, 0xe2, 0x00, 0xe2, 0x08, 0x80, 0x4d, 0x00, 0xe2, 0x00, 0xe2, 0x18, 0x80, 0x4d, 0x00,
    0xe2, 0x00, 0xfc, 0xa8, 0x91, 0x5d, 0x11, 0xe2, 0x8d, 0xf7, 0x08, 0xfe, 0xff, 0xee, 0xf2, 0x74,
    0xf2, 0x08, 0x80, 0x4d, 0x00, 0xe2, 0x00, 0xe2, 0x08, 0x80, 0x4d, 0x00, 0xe2, 0x00, 0xe2, 0x08,
    0x80, 0x4d, 0x00, 0xe2, 0x00, 0xf2, 0x08, 0xb6, 0x8e, 0x66, 0xf2, 0x6b, 0xf0, 0x08, 0xda, 0xaa,
    0xaa, 0xf2, 0x26, 0x20, 0x03, 0x30, 0x00, 0x00, 0x50,

    /* U+62D6 "拖" */
    0x00, 0x60, 0x00, 0x15, 0x00, 0x00, 0x00, 0x00, 0xf0, 0x00, 0x79, 0x00, 0x00, 0x00, 0x00, 0xf0,
    0x00, 0xee, 0xdd, 0xdd, 0xd3, 0x89, 0xfa, 0x46, 0xb3, 0x33, 0x33, 0x31, 0x79, 0xf9, 0x6e, 0x20,
    0x2b, 0x00, 0x00, 0x00, 0xf0, 0x77, 0x92, 0x2c, 0x16, 0x80, 0x00, 0xf0, 0x00, 0xc3, 0x7f, 0xeb,
    0xb0, 0x00, 0xf8, 0x95, 0xee, 0xad, 0x03, 0xb0, 0x7b, 0xf9, 0x19, 0xe2, 0x2c, 0x04, 0xa0, 0xa6,
    0xf0, 0x00, 0xc2, 0x2c, 0x18, 0x90, 0x00, 0xf0, 0x00, 0xc2, 0x2c, 0x7a, 0x20, 0x00, 0xf0, 0x00,
    0xc2, 0x2a, 0x00, 0x77, 0x00, 0xf0, 0x00, 0xc3, 0x00, 0x00, 0xa6, 0x6c, 0xd0, 0x00, 0x8d, 0xbb,
    0xbd, 0xe1, 0x35, 0x10, 0x00, 0x02, 0x33, 0x32, 0x00,

    /* U+62E9 "择" */
    0x00, 0x60, 0x00, 0x00, 0x00, 0x00, 0x00, 0x00, 0xf1, 0x06, 0xdd, 0xdd, 0xdd, 0x80, 0x00, 0xf1,
    0x00, 0x7b, 0x00, 0x0d, 0x50, 0x89, 0xfa, 0x70, 0x0e, 0x70, 0x9c, 0x00, 0x79, 0xf9, 0x70, 0x03,
    0xfb, 0xd1, 0x00, 0x00, 0xf1, 0x00, 0x49, 0xee, 0xd8, 0x30, 0x00, 0xf1, 0x0b, 0xc7, 0x11, 0x5a,
    0xe9, 0x00, 0xf9, 0xb0, 0x00, 0x3d, 0x00, 0x00, 0x8c, 0xf9, 0x12, 0xbb, 0xcf, 0xbb, 0x90, 0x95,
    0xf1, 0x00, 0x44, 0x6e, 0x44, 0x30, 0x00, 0xf1, 0x00, 0x00, 0x3d, 0x00, 0x00, 0x00, 0xf1, 0x0f,
    0xff, 0xff, 0xff, 0xf8, 0x00, 0xf1, 0x00, 0x00, 0x3d, 0x00, 0x00, 0x7c, 0xe0, 0x00, 0x00, 0x3d,
    0x00, 0x00, 0x35, 0x10, 0x00, 0x00, 0x14, 0x00, 0x00,

    /* U+62F7 "拷" */
    0x00, 0x60, 0x00, 0x01, 0x50, 0x00, 0x00, 0x00, 0xf0, 0x00, 0x03, 0xd0, 0x00, 0x40, 0x00, 0xf0,
    0x07, 0xff, 0xff, 0xf8, 0xc0, 0xac, 0xfc, 0x70, 0x03, 0xd0, 0x1e, 0x30, 0x57, 0xf7, 0x41, 0x14,
    0xd1, 0x9b, 0x10, 0x00, 0xf0, 0x2e, 0xee, 0xef, 0xfe, 0xe6, 0x00, 0xf0, 0x00, 0x00, 0x8d, 0x10,
    0x00, 0x00, 0xfa, 0x50, 0x2c, 0xf9, 0x88, 0x80, 0x8d, 0xf6, 0x3a, 0xff, 0x77, 0x77, 0x70, 0x84,
    0xf0, 0xd8, 0x3d, 0x11, 0x11, 0x00, 0x00, 0xf0, 0x00, 0x5d, 0xdd, 0xde, 0x70, 0x00, 0xf0, 0x00,
    0x00, 0x00, 0x09, 0x60, 0x01, 0xf0, 0x00, 0x00, 0x00, 0x0c, 0x30, 0x7c, 0xd0, 0x00, 0x03, 0xba,
    0xdd, 0x00, 0x35, 0x10, 0x00, 0x00, 0x34, 0x30, 0x00,

    /* U+62FD "拽" */
    0x00, 0x51, 0x00, 0x00, 0x23, 0x00, 0x00, 0x00, 0xe2, 0x00, 0x00, 0x6a, 0x00, 0x00, 0x00, 0xe2,
    0x06, 0xff, 0xff, 0xff, 0xc0, 0x9b, 0xfc, 0x96, 0x90, 0x69, 0x03, 0xc0, 0x56, 0xe8, 0x56, 0x90,
    0x6a, 0x04, 0xc0, 0x00, 0xe2, 0x06, 0xfe, 0xff, 0xef, 0xc0, 0x00, 0xe2, 0x16, 0x90, 0x69, 0x03,
    0xc0, 0x00, 0xea, 0xd6, 0xb5, 0x9b, 0x57, 0xc0, 0x7c, 0xf8, 0x14, 0xaa, 0xce, 0xaa, 0x70, 0x95,
    0xe2, 0x00, 0x00, 0x3c, 0x06, 0x80, 0x00, 0xe2, 0x00, 0x00, 0x1e, 0xbc, 0x10, 0x00, 0xe2, 0x00,
    0x05, 0xaf, 0x90, 0x55, 0x00, 0xe2, 0x5b, 0xfc, 0x67, 0xb0, 0xb4, 0x6c, 0xf0, 0x56, 0x10, 0x00,
    0xbd, 0xd0, 0x25, 0x10, 0x00, 0x00, 0x00, 0x04, 0x00,

    /* U+6301 "持" */
    0x00, 0x30, 0x00, 0x00, 0x15, 0x00, 0x00, 0x00, 0xe2, 0x00, 0x00, 0x3d, 0x00, 0x00, 0x00, 0xe2,
    0x02, 0xff, 0xff, 0xff, 0xd0, 0x79, 0xfa, 0x60, 0x00, 0x4d, 0x00, 0x00, 0x79, 0xfa, 0x60, 0x00,
    0x3d, 0x00, 0x00, 0x00, 0xe2, 0x0a, 0xff, 0xff, 0xff, 0xf7, 0x00, 0xe2, 0x00, 0x11, 0x11, 0x22,
    0x10, 0x00, 0xe9, 0xa0, 0x00, 0x00, 0x6a, 0x00, 0x6c, 0xf9, 0x1f, 0xff, 0xff, 0xff, 0xf7, 0x85,
    0xf2, 0x00, 0x10, 0x00, 0x7a, 0x00, 0x00, 0xe2, 0x01, 0xe3, 0x00, 0x6a, 0x00, 0x00, 0xe2, 0x00,
    0x5d, 0x00, 0x6a, 0x00, 0x00, 0xf2, 0x00, 0x07, 0x10, 0x7a, 0x00, 0x6b, 0xf0, 0x00, 0x00, 0x89,
    0xf8, 0x00, 0x35, 0x20, 0x00, 0x00, 0x46, 0x50, 0x00,

    /* U+6302 "挂" */
    0x00, 0x60, 0x00, 0x00, 0x24, 0x00, 0x00, 0x01, 0xf0, 0x00, 0x00, 0x5b, 0x00, 0x00, 0x01, 0xf0,
    0x04, 0xbb, 0xde, 0xbb, 0x80, 0x9c, 0xfb, 0x81, 0x55, 0x9d, 0x55, 0x40, 0x57, 0xf6, 0x50, 0x00,
    0x5b, 0x00, 0x00, 0x01, 0xf0, 0x03, 0x33, 0x7c, 0x33, 0x31, 0x01, 0xf0, 0x1d, 0xdd, 0xdd, 0xdd,
    0xd6, 0x01, 0xf9, 0x80, 0x00, 0x36, 0x00, 0x00, 0x7c, 0xf7, 0x00, 0x00, 0x6b, 0x00, 0x00, 0x76,
    0xf0, 0x05, 0xaa, 0xce, 0xaa, 0x90, 0x01, 0xf0, 0x03, 0x55, 0x9c, 0x55, 0x50, 0x01, 0xf0, 0x00,
    0x00, 0x6b, 0x00, 0x00, 0x01, 0xf0, 0x00, 0x00, 0x6b, 0x00, 0x00, 0x7c, 0xd0, 0x7f, 0xff, 0xff,
    0xff, 0xfa, 0x35, 0x10, 0x00, 0x00, 0x00, 0x00, 0x00,

    /* U+6309 "按" */
    0x00, 0x60, 0x00, 0x00, 0x61, 0x00, 0x00, 0x01, 0xf0, 0x00, 0x00, 0xa7, 0x00, 0x00, 0x01, 0xf0,
    0x0b, 0xdd, 0xef, 0xdd, 0xd2, 0x8a, 0xf9, 0x4d, 0x52, 0x22, 0x22, 0xd3, 0x79, 0xf9, 0x3d, 0x31,
    0xa0, 0x00, 0xd3, 0x01, 0xf0, 0x05, 0x16, 0xb0, 0x00, 0x41, 0x01, 0xf0, 0x03, 0x3b, 0x93, 0x33,
    0x32, 0x01, 0xf9, 0x8c, 0xdf, 0xcc, 0xdf, 0xc8, 0x8c, 0xf7, 0x00, 0x6b, 0x00, 0x7b, 0x00, 0x96,
    0xf0, 0x00, 0xd4, 0x00, 0xe6, 0x00, 0x01, 0xf0, 0x00, 0x9e, 0x66, 0xe0, 0x00, 0x01, 0xf0, 0x00,
    0x02, 0xcf, 0x90, 0x00, 0x01, 0xf0, 0x00, 0x3a, 0xe8, 0xdb, 0x20, 0x7c, 0xd0, 0x7e, 0xe9, 0x10,
    0x08, 0xf5, 0x35, 0x10, 0x44, 0x00, 0x00, 0x00, 0x31,

    /* U+6362 "换" */
    0x00, 0x60, 0x00, 0x03, 0x40, 0x00, 0x00, 0x01, 0xf0, 0x00, 0x0e, 0xa6, 0x62, 0x00, 0x01, 0xf0,
    0x00, 0x9b, 0x88, 0xe5, 0x00, 0xac, 0xfb, 0x6a, 0xb0, 0x03, 0xd0, 0x00, 0x67, 0xf6, 0x5d, 0x32,
    0x2c, 0x72, 0x20, 0x01, 0xf0, 0x06, 0xec, 0xde, 0xcd, 0xc0, 0x01, 0xf0, 0x06, 0x90, 0x69, 0x02,
    0xc0, 0x01, 0xfa, 0x86, 0x90, 0x88, 0x02, 0xc0, 0x8d, 0xf6, 0x06, 0x90, 0x97, 0x03, 0xc0, 0x95,
    0xf0, 0x6f, 0xff, 0xff, 0xff, 0xfb, 0x01, 0xf0, 0x00, 0x05, 0xdb, 0x60, 0x00, 0x01, 0xf0, 0x00,
    0x1e, 0x31, 0xe2, 0x00, 0x01, 0xf0, 0x04, 0xe8, 0x00, 0x4e, 0x50, 0x7d, 0xd0, 0x8e, 0x50, 0x00,
    0x03, 0xd8, 0x35, 0x10, 0x31, 0x00, 0x00, 0x00, 0x13,

    /* U+63A5 "接" */
    0x00, 0x60, 0x00, 0x00, 0x52, 0x00, 0x00, 0x00, 0xf1, 0x02, 0x33, 0xaa, 0x33, 0x30, 0x00, 0xf1,
    0x08, 0xcc, 0xcc, 0xcc, 0xc1, 0x89, 0xfa, 0x30, 0x57, 0x00, 0x6b, 0x00, 0x79, 0xf9, 0x30, 0x2e,
    0x00, 0xc5, 0x00, 0x00, 0xf1, 0x08, 0x8e, 0xa9, 0xf8, 0x83, 0x00, 0xf1, 0x08, 0x88, 0x88, 0x88,
    0x83, 0x00, 0xfb, 0x50, 0x05, 0xc0, 0x00, 0x00, 0x8d, 0xf7, 0x2c, 0xce, 0xec, 0xcc, 0xc7, 0x94,
    0xf1, 0x04, 0x9c, 0x44, 0x7d, 0x42, 0x00, 0xf1, 0x00, 0xe5, 0x00, 0xc5, 0x00, 0x00, 0xf1, 0x00,
    0x6c, 0xc8, 0xd0, 0x00, 0x00, 0xf1, 0x00, 0x03, 0xcf, 0xe6, 0x00, 0x7c, 0xe0, 0x19, 0xde, 0x70,
    0x3b, 0xd3, 0x35, 0x10, 0x07, 0x20, 0x00, 0x00, 0x40,

    /* U+63A7 "控" */
    0x00, 0x60, 0x00, 0x00, 0x71, 0x00, 0x00, 0x00, 0xf1, 0x00, 0x00, 0x98, 0x00, 0x00, 0x00, 0xf1,
    0x0e, 0xee, 0xef, 0xee, 0xe4, 0x89, 0xfa, 0x3f, 0x11, 0x11, 0x11, 0xb4, 0x79, 0xf9, 0x3f, 0x07,
    0x42, 0xa0, 0xb4, 0x00, 0xf1, 0x03, 0x2e, 0x10, 0xb8, 0x20, 0x00, 0xf1, 0x01, 0xd6, 0x00, 0x1e,
    0x40, 0x00, 0xfb, 0x69, 0x70, 0x00, 0x04, 0xa0, 0x8d, 0xf7, 0x04, 0x55, 0x55, 0x55, 0x50, 0x84,
    0xf1, 0x09, 0xaa, 0xce, 0xaa, 0xa1, 0x00, 0xf1, 0x00, 0x00, 0x6b, 0x00, 0x00, 0x00, 0xf1, 0x00,
    0x00, 0x6b, 0x00, 0x00, 0x00, 0xf1, 0x00, 0x00, 0x6b, 0x00, 0x00, 0x7c, 0xe0, 0x7f, 0xff, 0xff,
    0xff, 0xfb, 0x35, 0x20, 0x00, 0x00, 0x00, 0x00, 0x00,

    /* U+63B7 "掷" */
    0x02, 0x40, 0x00, 0x00, 0x00, 0x00, 0x00, 0x06, 0x90, 0x96, 0x07, 0x97, 0xdd, 0xd5, 0x06, 0x90,
    0x1e, 0x1d, 0x28, 0x70, 0xb3, 0xad, 0xeb, 0x27, 0x5d, 0x28, 0x70, 0xd0, 0x6a, 0xc6, 0x9e, 0xfe,
    0xa8, 0x74, 0xa0, 0x06, 0x90, 0x00, 0xf0, 0x08, 0x79, 0x50, 0x06, 0x90, 0x00, 0xf0, 0x08, 0x7c,
    0x30, 0x06, 0xb5, 0x56, 0xf6, 0x68, 0x74, 0xb0, 0x8d, 0xe6, 0x9a, 0xe9, 0x98, 0x70, 0xd1, 0x79,
    0x90, 0x06, 0xb0, 0x08, 0x70, 0xa5, 0x06, 0x90, 0x0b, 0xe2, 0x08, 0x70, 0xa4, 0x06, 0x90, 0x1e,
    0x3d, 0x08, 0x75, 0xe1, 0x06, 0x91, 0xd7, 0x06, 0xb8, 0x79, 0x40, 0xae, 0x7b, 0xa0, 0x00, 0x78,
    0x70, 0x00, 0x33, 0x02, 0x00, 0x00, 0x03, 0x20, 0x00,

    /* U+63D0 "提" */
    0x00, 0x60, 0x00, 0x00, 0x00, 0x00, 0x00, 0x00, 0xf1, 0x03, 0xed, 0xdd, 0xde, 0x40, 0x00, 0xf1,
    0x03, 0xd0, 0x00, 0x0b, 0x50, 0x89, 0xfa, 0x63, 0xfc, 0xcc, 0xcf, 0x50, 0x79, 0xf9, 0x53, 0xd2,
    0x22, 0x2c, 0x50, 0x00, 0xf1, 0x03, 0xe7, 0x77, 0x7d, 0x50, 0x00, 0xf1, 0x01, 0x77, 0x77, 0x77,
    0x20, 0x00, 0xfb, 0x87, 0x77, 0x77, 0x77, 0x72, 0x7d, 0xf7, 0x27, 0x77, 0xbc, 0x77, 0x72, 0x85,
    0xf1, 0x04, 0x80, 0x79, 0x00, 0x00, 0x00, 0xf1, 0x08, 0x80, 0x7e, 0xdd, 0x90, 0x00, 0xf1, 0x0c,
    0xe0, 0x7a, 0x22, 0x10, 0x00, 0xf1, 0x5d, 0x6c, 0x99, 0x00, 0x00, 0x7c, 0xe0, 0xe3, 0x06, 0xdf,
    0xdc, 0xc7, 0x35, 0x20, 0x30, 0x00, 0x00, 0x12, 0x31,

    /* U+64AD "播" */
    0x00, 0x50, 0x00, 0x00, 0x00, 0x02, 0x30, 0x01, 0xf0, 0x1a, 0xab, 0xcd, 0xdb, 0x90, 0x01, 0xf0,
    0x03, 0x52, 0x97, 0x06, 0x20, 0x8a, 0xf9, 0x21, 0xd0, 0x87, 0x0e, 0x10, 0x79, 0xf8, 0x57, 0xd9,
    0xcb, 0xad, 0x73, 0x01, 0xf0, 0x28, 0x8e, 0xdc, 0xe8, 0x83, 0x01, 0xf0, 0x00, 0x98, 0x87, 0x6a,
    0x10, 0x01, 0xfb, 0x8d, 0x70, 0x55, 0x05, 0xd7, 0x7c, 0xf5, 0x4c, 0xdd, 0xdd, 0xdd, 0x93, 0x96,
    0xf0, 0x0b, 0x40, 0x87, 0x05, 0xa0, 0x01, 0xf0, 0x0b, 0x96, 0xba, 0x6a, 0xa0, 0x01, 0xf0, 0x0b,
    0x96, 0xba, 0x69, 0xa0, 0x02, 0xf0, 0x0b, 0x52, 0x88, 0x26, 0xa0, 0x7c, 0xd0, 0x0b, 0xdc, 0xcc,
    0xcd, 0xa0, 0x35, 0x10, 0x05, 0x20, 0x00, 0x02, 0x50,

    /* U+64CD "操" */
    0x00, 0x50, 0x00, 0x00, 0x00, 0x00, 0x00, 0x02, 0xe0, 0x00, 0xec, 0xcc, 0xdb, 0x00, 0x02, 0xe0,
    0x00, 0xf0, 0x00, 0x3c, 0x00, 0x8a, 0xf9, 0x40, 0xfc, 0xcc, 0xdc, 0x00, 0x7a, 0xf9, 0x40, 0x33,
    0x33, 0x32, 0x00, 0x02, 0xe0, 0x2c, 0xcc, 0x58, 0xcc, 0xc0, 0x02, 0xe0, 0x3b, 0x06, 0x7a, 0x30,
    0xd0, 0x02, 0xfa, 0x8d, 0x9c, 0x7a, 0xa9, 0xf0, 0x7d, 0xf6, 0x13, 0x33, 0x55, 0x33, 0x30, 0x76,
    0xe0, 0x48, 0x88, 0xdb, 0x88, 0x83, 0x02, 0xe0, 0x36, 0x8e, 0xcb, 0xe6, 0x62, 0x02, 0xe0, 0x00,
    0xc4, 0x96, 0x89, 0x00, 0x02, 0xe0, 0x4d, 0x70, 0x96, 0x0a, 0xc2, 0x6c, 0xc0, 0xa4, 0x00, 0x96,
    0x00, 0x76, 0x35, 0x10, 0x00, 0x00, 0x43, 0x00, 0x00,

    /* U+6539 "改" */
    0x00, 0x00, 0x00, 0x00, 0x50, 0x00, 0x00, 0x57, 0x77, 0x72, 0x04, 0xd0, 0x00, 0x00, 0x78, 0x88,
    0xd5, 0x08, 0xc5, 0x55, 0x51, 0x00, 0x00, 0xb5, 0x0c, 0xdd, 0xdf, 0xd4, 0x00, 0x00, 0xb5, 0x1f,
    0x10, 0x0e, 0x10, 0x00, 0x00, 0xb5, 0x9f, 0x20, 0x0f, 0x00, 0x0a, 0xaa, 0xe7, 0xfb, 0x80, 0x2d,
    0x00, 0x0f, 0x55, 0x52, 0x61, 0xe0, 0x6a, 0x00, 0x0f, 0x00, 0x00, 0x00, 0xa6, 0xc4, 0x00, 0x0f,
    0x00, 0x00, 0x00, 0x3e, 0xd0, 0x00, 0x0f, 0x00, 0x03, 0x00, 0x0e, 0x90, 0x00, 0x0f, 0x06, 0xdc,
    0x00, 0xbb, 0xe5, 0x00, 0x5f, 0xe9, 0x30, 0x2c, 0xb0, 0x4f, 0x50, 0x26, 0x00, 0x06, 0xf8, 0x00,
    0x04, 0xe8, 0x00, 0x00, 0x02, 0x20, 0x00, 0x00, 0x13,

    /* U+653E "放" */
    0x00, 0x51, 0x00, 0x00, 0x41, 0x00, 0x00, 0x00, 0x99, 0x00, 0x00, 0xe3, 0x00, 0x00, 0x34, 0x6f,
    0x44, 0x13, 0xf4, 0x44, 0x41, 0xbe, 0xfd, 0xdd, 0x57, 0xfe, 0xef, 0xe4, 0x04, 0xb0, 0x00, 0x0d,
    0x50, 0x0e, 0x10, 0x04, 0xb0, 0x00, 0x6f, 0x30, 0x0f, 0x00, 0x06, 0xeb, 0xb6, 0xec, 0x90, 0x2d,
    0x00, 0x07, 0xb3, 0x99, 0x31, 0xe0, 0x6a, 0x00, 0x09, 0x70, 0x78, 0x00, 0xa6, 0xc4, 0x00, 0x0a,
    0x50, 0x78, 0x00, 0x3e, 0xd0, 0x00, 0x0d, 0x20, 0x78, 0x00, 0x0e, 0x90, 0x00, 0x3f, 0x00, 0x87,
    0x00, 0xbc, 0xe4, 0x00, 0xa8, 0x00, 0xb6, 0x1b, 0xc0, 0x4e, 0x50, 0xf2, 0x6c, 0xf2, 0xea, 0x10,
    0x04, 0xe7, 0x20, 0x24, 0x00, 0x30, 0x00, 0x00, 0x13,

    /* U+6548 "效" */
    0x00, 0x25, 0x00, 0x00, 0x24, 0x00, 0x00, 0x00, 0x1e, 0x10, 0x00, 0x8a, 0x00, 0x00, 0xdf, 0xff,
    0xff, 0xf1, 0xb8, 0x11, 0x11, 0x11, 0x11, 0x21, 0x10, 0xef, 0xff, 0xf9, 0x03, 0xc0, 0xc5, 0x03,
    0xe1, 0x1c, 0x40, 0x0b, 0x60, 0x2e, 0x39, 0xd0, 0x0d, 0x10, 0x5c, 0x00, 0x04, 0x7f, 0xf2, 0x0f,
    0x00, 0xc3, 0x00, 0x76, 0x3a, 0x88, 0x4c, 0x00, 0x06, 0xd2, 0xd3, 0x00, 0x2d, 0x97, 0x00, 0x00,
    0x8f, 0xd0, 0x00, 0x0c, 0xf1, 0x00, 0x00, 0x1e, 0xe2, 0x00, 0x0b, 0xd0, 0x00, 0x00, 0xca, 0x8e,
    0x10, 0x8d, 0xb9, 0x00, 0x1c, 0xc0, 0x07, 0x19, 0xe1, 0x1e, 0x80, 0xea, 0x00, 0x00, 0xdc, 0x10,
    0x02, 0xd8, 0x20, 0x00, 0x00, 0x40, 0x00, 0x00, 0x12,

    /* U+6570 "数" */
    0x00, 0x04, 0x10, 0x00, 0x24, 0x00, 0x00, 0x2d, 0x0b, 0x46, 0x90, 0x7a, 0x00, 0x00, 0x09, 0x3b,
    0x4b, 0x10, 0xa9, 0x44, 0x41, 0x69, 0x9e, 0xb9, 0x90, 0xce, 0xef, 0xf5, 0x47, 0xde, 0xb7, 0x70,
    0xf1, 0x0a, 0x50, 0x05, 0xab, 0xda, 0x15, 0xf3, 0x0b, 0x30, 0x8c, 0x1b, 0x46, 0x7b, 0xe8, 0x0d,
    0x10, 0x50, 0x08, 0x10, 0x0d, 0x3d, 0x0f, 0x00, 0x35, 0x9c, 0x55, 0x31, 0x0c, 0x7b, 0x00, 0x69,
    0xf9, 0x9c, 0xa0, 0x06, 0xf5, 0x00, 0x06, 0xa0, 0x1d, 0x10, 0x03, 0xf2, 0x00, 0x09, 0xd8, 0xc6,
    0x00, 0x1d, 0xcb, 0x00, 0x01, 0x8f, 0xea, 0x20, 0xc9, 0x0b, 0x90, 0x9e, 0x81, 0x07, 0xb9, 0xa0,
    0x01, 0xc8, 0x30, 0x00, 0x00, 0x02, 0x00, 0x00, 0x02,

    /* U+6574 "整" */
    0x00, 0x06, 0x00, 0x00, 0x33, 0x00, 0x00, 0xac, 0xcf, 0xcc, 0xa0, 0xc7, 0x44, 0x41, 0x02, 0x2e,
    0x32, 0x13, 0xe9, 0x9d, 0xc2, 0x5d, 0xaf, 0xbc, 0x7c, 0xb0, 0x0c, 0x30, 0x59, 0x0e, 0x16, 0x9c,
    0xd6, 0x1e, 0x00, 0x3b, 0xcf, 0xbb, 0x50, 0x2e, 0xc6, 0x00, 0x06, 0xcf, 0xc6, 0x00, 0x5d, 0xf9,
    0x10, 0xc9, 0x0e, 0x19, 0x7c, 0xa3, 0x18, 0xe4, 0x24, 0x47, 0x44, 0x44, 0x44, 0x44, 0x40, 0x0b,
    0xbb, 0xbb, 0xfc, 0xbb, 0xbb, 0x80, 0x00, 0x45, 0x00, 0xc4, 0x00, 0x00, 0x00, 0x00, 0x69, 0x00,
    0xce, 0xee, 0xec, 0x00, 0x00, 0x69, 0x00, 0xc4, 0x00, 0x00, 0x00, 0xac, 0xee, 0xcc, 0xfd, 0xcc,
    0xcc, 0xc6, 0x22, 0x22, 0x22, 0x22, 0x22, 0x22, 0x21,

    /* U+6587 "文" */
    0x00, 0x00, 0x05, 0x10, 0x00, 0x00, 0x00, 0x00, 0x00, 0x08, 0xb0, 0x00, 0x00, 0x00, 0x00, 0x00,
    0x00, 0xd5, 0x00, 0x00, 0x00, 0xbf, 0xff, 0xff, 0xff, 0xff, 0xff, 0xf5, 0x23, 0x6e, 0x33, 0x33,
    0x36, 0xe3, 0x31, 0x00, 0x0d, 0x30, 0x00, 0x09, 0x80, 0x00, 0x00, 0x07, 0xa0, 0x00, 0x0f, 0x10,
    0x00, 0x00, 0x00, 0xe4, 0x00, 0x8a, 0x00, 0x00, 0x00, 0x00, 0x4e, 0x23, 0xe1, 0x00, 0x00, 0x00,
    0x00, 0x07, 0xde, 0x40, 0x00, 0x00, 0x00, 0x00, 0x02, 0xfe, 0x20, 0x00, 0x00, 0x00, 0x00, 0x6e,
    0x67, 0xf7, 0x00, 0x00, 0x00, 0x5c, 0xc2, 0x00, 0x2d, 0xc5, 0x00, 0x8e, 0xc5, 0x00, 0x00, 0x00,
    0x5c, 0xd5, 0x42, 0x00, 0x00, 0x00, 0x00, 0x00, 0x42,

    /* U+65AD "断" */
    0x00, 0x00, 0x41, 0x00, 0x00, 0x00, 0x30, 0x65, 0x40, 0xb4, 0x62, 0x59, 0xac, 0xa2, 0x86, 0xc1,
    0xb4, 0xc1, 0xc6, 0x10, 0x00, 0x86, 0x86, 0xb4, 0xd0, 0xc2, 0x00, 0x00, 0x86, 0x35, 0xb5, 0x60,
    0xc2, 0x00, 0x00, 0x86, 0x78, 0xda, 0x81, 0xcb, 0xaa, 0xa7, 0x86, 0x67, 0xf9, 0x71, 0xc8, 0x6e,
    0x84, 0x86, 0x06, 0xfc, 0x00, 0xc2, 0x0d, 0x30, 0x86, 0x3a, 0xb7, 0xb0, 0xe1, 0x0d, 0x30, 0x87,
    0xd1, 0xb4, 0x82, 0xf0, 0x0d, 0x30, 0x86, 0x30, 0xb4, 0x01, 0xe0, 0x0d, 0x30, 0x86, 0x00, 0x93,
    0x04, 0xc0, 0x0d, 0x30, 0x8b, 0x99, 0x99, 0x4a, 0x60, 0x0d, 0x30, 0x36, 0x66, 0x66, 0x3f, 0x10,
    0x0d, 0x30, 0x00, 0x00, 0x00, 0x02, 0x00, 0x06, 0x10,

    /* U+65B0 "新" */
    0x00, 0x35, 0x00, 0x00, 0x00, 0x00, 0x20, 0x23, 0x5f, 0x43, 0x31, 0x68, 0xad, 0xc1, 0x9b, 0xbb,
    0xbb, 0xb2, 0xf5, 0x20, 0x00, 0x09, 0x10, 0x0b, 0x02, 0xe0, 0x00, 0x00, 0x09, 0x70, 0x4c, 0x02,
    0xe0, 0x00, 0x00, 0x8b, 0xe9, 0xcc, 0x93, 0xf8, 0x88, 0x86, 0x56, 0x6e, 0x86, 0x63, 0xf8, 0x8f,
    0x95, 0x00, 0x0d, 0x30, 0x02, 0xe0, 0x0e, 0x20, 0x9e, 0xef, 0xee, 0xc3, 0xd0, 0x0e, 0x20, 0x01,
    0x1e, 0x42, 0x15, 0xb0, 0x0e, 0x20, 0x0d, 0x3d, 0x4e, 0x07, 0x90, 0x0e, 0x20, 0x4c, 0x0d, 0x3a,
    0x5a, 0x60, 0x0e, 0x20, 0xb6, 0x0d, 0x34, 0x8f, 0x10, 0x0e, 0x20, 0xd1, 0x7f, 0x20, 0x79, 0x00,
    0x0e, 0x20, 0x00, 0x85, 0x00, 0x01, 0x00, 0x07, 0x10,

    /* U+65B9 "方" */
    0x00, 0x00, 0x00, 0x40, 0x00, 0x00, 0x00, 0x00, 0x00, 0x00, 0xe3, 0x00, 0x00, 0x00, 0x35, 0x55,
    0x55, 0x9c, 0x55, 0x55, 0x52, 0x9d, 0xdd, 0xee, 0xdd, 0xdd, 0xdd, 0xd6, 0x00, 0x00, 0x88, 0x00,
    0x00, 0x00, 0x00, 0x00, 0x00, 0x97, 0x00, 0x00, 0x00, 0x00, 0x00, 0x00, 0xaa, 0x55, 0x55, 0x53,
    0x00, 0x00, 0x00, 0xec, 0xbb, 0xbb, 0xda, 0x00, 0x00, 0x01, 0xf1, 0x00, 0x00, 0x7a, 0x00, 0x00,
    0x05, 0xb0, 0x00, 0x00, 0x79, 0x00, 0x00, 0x0c, 0x60, 0x00, 0x00, 0x88, 0x00, 0x00, 0x6d, 0x00,
    0x00, 0x00, 0x97, 0x00, 0x05, 0xf2, 0x00, 0x00, 0x00, 0xe3, 0x00, 0x5f, 0x40, 0x00, 0x08, 0x9d,
    0xb0, 0x00, 0x13, 0x00, 0x00, 0x03, 0x53, 0x00, 0x00,

    /* U+65E0 "无" */
    0x07, 0xaa, 0xaa, 0xaa, 0xaa, 0xaa, 0x10, 0x03, 0x55, 0x59, 0xd5, 0x55, 0x55, 0x00, 0x00, 0x00,
    0x06, 0xb0, 0x00, 0x00, 0x00, 0x00, 0x00, 0x07, 0xa0, 0x00, 0x00, 0x00, 0x00, 0x00, 0x08, 0x90,
    0x00, 0x00, 0x00, 0x8c, 0xcc, 0xce, 0xec, 0xcc, 0xcc, 0xc3, 0x23, 0x33, 0x3e, 0x68, 0xb3, 0x33,
    0x31, 0x00, 0x00, 0x2e, 0x06, 0xa0, 0x00, 0x00, 0x00, 0x00, 0x79, 0x06, 0xa0, 0x00, 0x00, 0x00,
    0x02, 0xf4, 0x06, 0xa0, 0x00, 0x00, 0x00, 0x1d, 0x80, 0x06, 0xa0, 0x00, 0x96, 0x05, 0xea, 0x00,
    0x06, 0xc0, 0x00, 0xc5, 0x9e, 0x60, 0x00, 0x02, 0xfd, 0xcd, 0xe0, 0x21, 0x00, 0x00, 0x00, 0x14,
    0x43, 0x00,

    /* U+65E5 "日" */
    0x9d, 0xdd, 0xdd, 0xdd, 0xd8, 0xa7, 0x11, 0x11, 0x11, 0x89, 0xa6, 0x00, 0x00, 0x00, 0x79, 0xa6,
    0x00, 0x00, 0x00, 0x79, 0xa6, 0x00, 0x00, 0x00, 0x79, 0xaa, 0x55, 0x55, 0x55, 0xa9, 0xad, 0xbb,
    0xbb, 0xbb, 0xd9, 0xa6, 0x00, 0x00, 0x00, 0x79, 0xa6, 0x00, 0x00, 0x00, 0x79, 0xa6, 0x00, 0x00,
    0x00, 0x79, 0xa6, 0x00, 0x00, 0x00, 0x79, 0xad, 0xcc, 0xcc, 0xcc, 0xe9, 0xa9, 0x44, 0x44, 0x44,
    0xa9, 0x43, 0x00, 0x00, 0x00, 0x34,

    /* U+65F6 "时" */
    0x00, 0x00, 0x00, 0x00, 0x00, 0x14, 0x00, 0x26, 0x66, 0x50, 0x00, 0x00, 0x3d, 0x00, 0x6d, 0x9a,
    0xe0, 0x00, 0x00, 0x3d, 0x00, 0x69, 0x02, 0xe5, 0xbb, 0xbb, 0xcf, 0xb8, 0x69, 0x02, 0xe2, 0x66,
    0x66, 0x9e, 0x64, 0x69, 0x02, 0xe0, 0x00, 0x00, 0x3d, 0x00, 0x6e, 0xbc, 0xe0, 0x52, 0x00, 0x3d,
    0x00, 0x6b, 0x46, 0xe0, 0x7b, 0x00, 0x3d, 0x00, 0x69, 0x02, 0xe0, 0x0e, 0x40, 0x3d, 0x00, 0x69,
    0x02, 0xe0, 0x05, 0xd0, 0x3d, 0x00, 0x6a, 0x13, 0xe0, 0x00, 0x60, 0x3d, 0x00, 0x6f, 0xee, 0xe0,
    0x00, 0x00, 0x3d, 0x00, 0x69, 0x02, 0xd0, 0x00, 0x00, 0x4d, 0x00, 0x12, 0x00, 0x00, 0x03, 0xaa,
    0xea, 0x00, 0x00, 0x00, 0x00, 0x01, 0x55, 0x40, 0x00,

    /* U+660E "明" */
    0x3a, 0xaa, 0xa0, 0x4f, 0xff, 0xff, 0xd6, 0xd5, 0x5f, 0x14, 0xc0, 0x00, 0x3d, 0x6b, 0x00, 0xf1,
    0x4c, 0x00, 0x03, 0xd6, 0xb0, 0x0f, 0x14, 0xd2, 0x22, 0x5d, 0x6b, 0x00, 0xf1, 0x4f, 0xee, 0xee,
    0xd6, 0xfd, 0xdf, 0x14, 0xc0, 0x00, 0x3d, 0x6c, 0x22, 0xf1, 0x4c, 0x00, 0x03, 0xd6, 0xb0, 0x0f,
    0x15, 0xe8, 0x88, 0x9d, 0x6b, 0x00, 0xf1, 0x7d, 0x88, 0x89, 0xd6, 0xb1, 0x1f, 0x19, 0x80, 0x00,
    0x3d, 0x6f, 0xff, 0xf1, 0xc5, 0x00, 0x03, 0xd6, 0xb0, 0x00, 0x4f, 0x10, 0x00, 0x4d, 0x01, 0x00,
    0x0b, 0x80, 0x07, 0xae, 0xb0, 0x00, 0x00, 0x31, 0x00, 0x35, 0x50,

    /* U+662F "是" */
    0x00, 0xae, 0xdd, 0xdd, 0xdd, 0xe6, 0x00, 0x00, 0xa6, 0x00, 0x00, 0x00, 0x97, 0x00, 0x00, 0xae,
    0xdd, 0xdd, 0xdd, 0xe7, 0x00, 0x00, 0xa8, 0x22, 0x22, 0x22, 0xa7, 0x00, 0x00, 0xab, 0x77, 0x77,
    0x77, 0xc7, 0x00, 0x00, 0x46, 0x66, 0x66, 0x66, 0x63, 0x00, 0x57, 0x77, 0x77, 0x77, 0x77, 0x77,
    0x73, 0x68, 0x88, 0x88, 0xcc, 0x88, 0x88, 0x84, 0x00, 0x3c, 0x00, 0x88, 0x00, 0x00, 0x00, 0x00,
    0x9a, 0x00, 0x8e, 0xcc, 0xca, 0x00, 0x01, 0xfd, 0x10, 0x8a, 0x33, 0x32, 0x00, 0x0d, 0x74, 0xd4,
    0x88, 0x00, 0x00, 0x00, 0x9a, 0x00, 0x3c, 0xfe, 0xcb, 0xbb, 0xb3, 0x20, 0x00, 0x00, 0x02, 0x23,
    0x44, 0x40,

    /* U+663E "显" */
    0x01, 0xee, 0xee, 0xee, 0xee, 0xeb, 0x00, 0x01, 0xf0, 0x00, 0x00, 0x00, 0x4c, 0x00, 0x01, 0xf4,
    0x44, 0x44, 0x44, 0x7c, 0x00, 0x01, 0xfc, 0xcc, 0xcc, 0xcc, 0xdc, 0x00, 0x01, 0xf0, 0x00, 0x00,
    0x00, 0x4c, 0x00, 0x01, 0xf9, 0x99, 0x99, 0x99, 0xbc, 0x00, 0x00, 0x66, 0x66, 0x66, 0x66, 0x64,
    0x00, 0x02, 0x00, 0x4a, 0x02, 0xc0, 0x03, 0x40, 0x0d, 0x50, 0x4c, 0x02, 0xe0, 0x0c, 0x60, 0x04,
    0xe0, 0x4c, 0x02, 0xe0, 0x5d, 0x00, 0x00, 0xb6, 0x4c, 0x02, 0xe0, 0xd4, 0x00, 0x00, 0x10, 0x4c,
    0x02, 0xe0, 0x10, 0x00, 0xbe, 0xee, 0xff, 0xee, 0xfe, 0xee, 0xe6, 0x11, 0x11, 0x11, 0x11, 0x11,
    0x11, 0x10,

    /* U+6674 "晴" */
    0x00, 0x00, 0x00, 0x00, 0x06, 0x00, 0x00, 0x25, 0x55, 0x32, 0x88, 0x9f, 0x88, 0x82, 0x7d, 0x9b,
    0xb1, 0x44, 0x5f, 0x44, 0x41, 0x79, 0x05, 0xb0, 0x89, 0xaf, 0x99, 0x70, 0x79, 0x05, 0xb0, 0x56,
    0x6f, 0x66, 0x40, 0x79, 0x05, 0xb5, 0x88, 0x8f, 0x88, 0x85, 0x7d, 0xac, 0xb4, 0x66, 0x66, 0x66,
    0x64, 0x7b, 0x58, 0xb0, 0x6a, 0xaa, 0xaa, 0x60, 0x79, 0x05, 0xb0, 0xa8, 0x33, 0x38, 0x90, 0x79,
    0x05, 0xb0, 0xac, 0xaa, 0xac, 0x90, 0x7a, 0x16, 0xb0, 0xa7, 0x22, 0x28, 0x90, 0x7f, 0xee, 0xb0,
    0xad, 0xcc, 0xcd, 0x90, 0x79, 0x04, 0xa0, 0xa6, 0x11, 0x17, 0x90, 0x22, 0x00, 0x00, 0xa5, 0x00,
    0x8d, 0x80, 0x00, 0x00, 0x00, 0x53, 0x00, 0x55, 0x00,

    /* U+6682 "暂" */
    0x00, 0x34, 0x00, 0x00, 0x00, 0x01, 0x20, 0x79, 0xdd, 0x99, 0x90, 0x79, 0xce, 0x90, 0x39, 0xd4,
    0x44, 0x40, 0xf4, 0x10, 0x00, 0x0e, 0x45, 0xa0, 0x00, 0xf0, 0x00, 0x00, 0x4f, 0xde, 0xfd, 0xd0,
    0xfe, 0xee, 0xe7, 0x01, 0x16, 0xa1, 0x12, 0xd2, 0x3f, 0x21, 0x48, 0x9b, 0xec, 0xb7, 0x70, 0x1e,
    0x00, 0x37, 0x68, 0xb2, 0x0d, 0x10, 0x1e, 0x00, 0x00, 0x24, 0x62, 0x24, 0x22, 0x38, 0x00, 0x00,
    0xfc, 0xcc, 0xcc, 0xcc, 0xdd, 0x00, 0x00, 0xf2, 0x00, 0x00, 0x00, 0x4d, 0x00, 0x00, 0xfd, 0xdd,
    0xdd, 0xdd, 0xdd, 0x00, 0x00, 0xf2, 0x00, 0x00, 0x00, 0x4d, 0x00, 0x00, 0xfe, 0xee, 0xee, 0xee,
    0xfd, 0x00, 0x00, 0x70, 0x00, 0x00, 0x00, 0x26, 0x00,

    /* U+6697 "暗" */
    0x00, 0x00, 0x00, 0x00, 0x43, 0x00, 0x00, 0x37, 0x77, 0x40, 0x11, 0x5c, 0x11, 0x10, 0x7c, 0x7b,
    0x94, 0xff, 0xee, 0xef, 0xe4, 0x79, 0x07, 0x90, 0x0f, 0x00, 0x1e, 0x00, 0x79, 0x07, 0x90, 0x0c,
    0x30, 0x5a, 0x00, 0x79, 0x07, 0x93, 0x4b, 0x94, 0xba, 0x42, 0x7d, 0xad, 0x97, 0xbb, 0xbb, 0xbb,
    0xb6, 0x7b, 0x5a, 0x90, 0x11, 0x11, 0x11, 0x10, 0x79, 0x07, 0x90, 0xce, 0xdd, 0xde, 0xa0, 0x79,
    0x07, 0x90, 0xc4, 0x00, 0x05, 0xa0, 0x7a, 0x18, 0x90, 0xcb, 0x99, 0x9b, 0xa0, 0x7f, 0xef, 0x90,
    0xc8, 0x55, 0x59, 0xa0, 0x79, 0x05, 0x60, 0xc5, 0x11, 0x17, 0xa0, 0x00, 0x00, 0x00, 0xce, 0xdd,
    0xde, 0xa0, 0x00, 0x00, 0x00, 0x72, 0x00, 0x03, 0x50,

    /* U+66F4 "更" */
    0x8d, 0xdd, 0xdd, 0xdd, 0xdd, 0xdd, 0xd3, 0x00, 0x00, 0x00, 0xb6, 0x00, 0x00, 0x00, 0x02, 0x99,
    0x99, 0xeb, 0x99, 0x99, 0x00, 0x04, 0xe7, 0x77, 0xda, 0x77, 0x8f, 0x00, 0x04, 0xc0, 0x00, 0xb5,
    0x00, 0x0f, 0x00, 0x04, 0xfd, 0xdd, 0xfe, 0xdd, 0xef, 0x00, 0x04, 0xc0, 0x00, 0xb6, 0x00, 0x1f,
    0x00, 0x04, 0xd5, 0x55, 0xd9, 0x55, 0x6f, 0x00, 0x02, 0x99, 0x99, 0xfa, 0x99, 0x99, 0x00, 0x00,
    0x7a, 0x14, 0xd0, 0x00, 0x00, 0x00, 0x00, 0x07, 0xec, 0x70, 0x00, 0x00, 0x00, 0x00, 0x04, 0xde,
    0xea, 0x51, 0x00, 0x00, 0x8b, 0xed, 0x50, 0x15, 0xbf, 0xec, 0xb6, 0x44, 0x10, 0x00, 0x00, 0x00,
    0x13, 0x54,

    /* U+6700 "最" */
    0x00, 0xcc, 0xbb, 0xbb, 0xbb, 0xd9, 0x00, 0x00, 0xd5, 0x33, 0x33, 0x33, 0x89, 0x00, 0x00, 0xda,
    0x99, 0x99, 0x99, 0xc9, 0x00, 0x00, 0xd5, 0x33, 0x33, 0x33, 0x89, 0x00, 0x00, 0x79, 0x99, 0x99,
    0x99, 0x95, 0x00, 0x56, 0x66, 0x66, 0x66, 0x66, 0x66, 0x63, 0x59, 0xc7, 0x79, 0xd7, 0x77, 0x77,
    0x73, 0x05, 0xc6, 0x69, 0xb4, 0x88, 0x88, 0x50, 0x05, 0xc6, 0x69, 0xb2, 0xe6, 0x5b, 0x70, 0x05,
    0xd7, 0x7a, 0xb0, 0x8a, 0x1e, 0x10, 0x05, 0xc5, 0x58, 0xb0, 0x0d, 0xc8, 0x00, 0x38, 0xc7, 0x8b,
    0xf8, 0x1b, 0xf8, 0x00, 0x69, 0x76, 0x57, 0xb4, 0xe8, 0x2a, 0xe3, 0x00, 0x00, 0x02, 0x62, 0x20,
    0x00, 0x40,

    /* U+6709 "有" */
    0x00, 0x00, 0x04, 0x30, 0x00, 0x00, 0x00, 0x00, 0x00, 0x0e, 0x40, 0x00, 0x00, 0x00, 0x8e, 0xee,
    0xef, 0xee, 0xee, 0xee, 0xe6, 0x23, 0x33, 0xe7, 0x33, 0x33, 0x33, 0x31, 0x00, 0x07, 0xe0, 0x00,
    0x00, 0x00, 0x00, 0x00, 0x2f, 0xfd, 0xdd, 0xdd, 0xd7, 0x00, 0x01, 0xde, 0xa1, 0x11, 0x11, 0x88,
    0x00, 0x1d, 0xa7, 0xa3, 0x33, 0x33, 0x98, 0x00, 0xca, 0x06, 0xeb, 0xbb, 0xbb, 0xd8, 0x00, 0x30,
    0x06, 0x90, 0x00, 0x00, 0x78, 0x00, 0x00, 0x06, 0xdb, 0xbb, 0xbb, 0xd8, 0x00, 0x00, 0x06, 0xb4,
    0x44, 0x44, 0x98, 0x00, 0x00, 0x06, 0x90, 0x00, 0x00, 0x78, 0x00, 0x00, 0x06, 0x90, 0x00, 0x48,
    0xe7, 0x00, 0x00, 0x03, 0x40, 0x00, 0x37, 0x50, 0x00,

    /* U+670D "服" */
    0x0c, 0xdd, 0xd6, 0x3d, 0xdd, 0xdd, 0xa0, 0x0e, 0x21, 0x87, 0x4c, 0x11, 0x15, 0xc0, 0x0e, 0x10,
    0x87, 0x4b, 0x00, 0x05, 0xb0, 0x0e, 0x32, 0x97, 0x4b, 0x00, 0x08, 0x90, 0x0e, 0xdd, 0xe7, 0x4b,
    0x07, 0xed, 0x30, 0x0e, 0x10, 0x87, 0x4c, 0x11, 0x11, 0x10, 0x0e, 0x10, 0x87, 0x4f, 0xfd, 0xdd,
    0xd0, 0x0e, 0xaa, 0xd7, 0x4b, 0xa5, 0x05, 0x90, 0x0f, 0x55, 0xa7, 0x4b, 0x5d, 0x0c, 0x30, 0x1e,
    0x00, 0x87, 0x4b, 0x0c, 0x8d, 0x00, 0x2c, 0x00, 0x87, 0x4b, 0x03, 0xf8, 0x00, 0x79, 0x00, 0x87,
    0x4b, 0x1b, 0xde, 0x60, 0xb4, 0x17, 0xd5, 0x4c, 0xd9, 0x03, 0xd8, 0x20, 0x07, 0x50, 0x26, 0x30,
    0x00, 0x02,

    /* U+671D "朝" */
    0x00, 0x06, 0x10, 0x00, 0x00, 0x00, 0x02, 0x33, 0xe5, 0x33, 0x0e, 0xee, 0xee, 0x8c, 0xcf, 0xdc,
    0xc0, 0xf1, 0x02, 0xf0, 0x00, 0xd3, 0x00, 0x0f, 0x10, 0x1f, 0x1b, 0xbf, 0xcb, 0x50, 0xf1, 0x02,
    0xf2, 0xe4, 0x44, 0xa7, 0x0f, 0xfe, 0xff, 0x2e, 0x66, 0x6b, 0x70, 0xf1, 0x01, 0xf2, 0xe7, 0x77,
    0xb7, 0x0f, 0x10, 0x1f, 0x2e, 0x33, 0x39, 0x70, 0xf6, 0x67, 0xf1, 0xbb, 0xfc, 0xb5, 0x2f, 0x99,
    0xaf, 0x00, 0x0d, 0x30, 0x05, 0xc0, 0x01, 0xfd, 0xff, 0xff, 0xfc, 0x88, 0x00, 0x1f, 0x00, 0x0d,
    0x40, 0x1f, 0x40, 0x02, 0xf0, 0x00, 0xd3, 0x07, 0xc0, 0x0a, 0xdd, 0x00, 0x06, 0x10, 0x12, 0x00,
    0x55, 0x10,

    /* U+671F "期" */
    0x04, 0x10, 0x04, 0x10, 0x00, 0x00, 0x00, 0xc4, 0x00, 0xd3, 0x0d, 0xee, 0xee, 0x9f, 0xdd, 0xdf,
    0xd1, 0xf2, 0x01, 0xf2, 0xd6, 0x33, 0xd6, 0x0f, 0x10, 0x0f, 0x0c, 0x41, 0x1d, 0x30, 0xf3, 0x12,
    0xf0, 0xce, 0xee, 0xf3, 0x0f, 0xee, 0xef, 0x0c, 0x40, 0x0d, 0x30, 0xf1, 0x00, 0xf0, 0xcb, 0x99,
    0xe3, 0x0f, 0x10, 0x0f, 0x0c, 0x85, 0x5e, 0x30, 0xf7, 0x66, 0xf2, 0xd6, 0x33, 0xd6, 0x2f, 0x99,
    0x9f, 0xbd, 0xdd, 0xdd, 0xd6, 0xd0, 0x00, 0xf0, 0x37, 0x07, 0x20, 0x79, 0x00, 0x0f, 0x1e, 0x40,
    0x7c, 0x0e, 0x50, 0x01, 0xfb, 0x80, 0x00, 0xcb, 0xc0, 0x0a, 0xde, 0x30, 0x00, 0x01, 0x02, 0x00,
    0x55, 0x10,

    /* U+672C "本" */
    0x00, 0x00, 0x00, 0x42, 0x00, 0x00, 0x00, 0x00, 0x00, 0x00, 0xb6, 0x00, 0x00, 0x00, 0x00, 0x00,
    0x00, 0xb6, 0x00, 0x00, 0x00, 0x7b, 0xbb, 0xbb, 0xed, 0xbb, 0xbb, 0xb2, 0x46, 0x66, 0x6e, 0xdd,
    0xb6, 0x66, 0x61, 0x00, 0x00, 0x49, 0xb6, 0xc1, 0x00, 0x00, 0x00, 0x00, 0xd1, 0xb6, 0x59, 0x00,
    0x00, 0x00, 0x07, 0x80, 0xb6, 0x0d, 0x30, 0x00, 0x00, 0x5e, 0x10, 0xb6, 0x03, 0xe3, 0x00, 0x06,
    0xe2, 0x00, 0xb6, 0x00, 0x4e, 0x30, 0x8e, 0x28, 0x99, 0xec, 0x99, 0x55, 0xf4, 0xb2, 0x05, 0x66,
    0xda, 0x66, 0x40, 0x54, 0x00, 0x00, 0x00, 0xb6, 0x00, 0x00, 0x00, 0x00, 0x00, 0x00, 0xb6, 0x00,
    0x00, 0x00, 0x00, 0x00, 0x00, 0x53, 0x00, 0x00, 0x00,

    /* U+677E "松" */
    0x00, 0x42, 0x00, 0x00, 0x00, 0x10, 0x00, 0x00, 0xa6, 0x00, 0x09, 0x70, 0xa5, 0x00, 0x00, 0xa6,
    0x00, 0x0e, 0x30, 0x6a, 0x00, 0x78, 0xdb, 0x81, 0x2e, 0x00, 0x1e, 0x00, 0x8a, 0xec, 0xa2, 0x79,
    0x00, 0x0c, 0x50, 0x00, 0xe7, 0x00, 0xe3, 0x00, 0x04, 0xe0, 0x04, 0xfe, 0x17, 0xb0, 0x5b, 0x00,
    0xb7, 0x0a, 0xca, 0xc5, 0x30, 0xb7, 0x00, 0x24, 0x49, 0xa6, 0xa6, 0x01, 0xf1, 0x00, 0x00, 0xd2,
    0xa6, 0x10, 0x06, 0xb0, 0x94, 0x00, 0x60, 0xa6, 0x00, 0x0d, 0x40, 0x6a, 0x00, 0x00, 0xa6, 0x00,
    0x5c, 0x00, 0x0e, 0x10, 0x00, 0xa6, 0x01, 0xd6, 0x47, 0xae, 0x80, 0x00, 0xa6, 0x05, 0xfd, 0xa8,
    0x55, 0xe0, 0x00, 0x43, 0x00, 0x00, 0x00, 0x00, 0x60,

    /* U+6784 "构" */
    0x00, 0x42, 0x00, 0x05, 0x10, 0x00, 0x00, 0x00, 0xa6, 0x00, 0x0f, 0x10, 0x00, 0x00, 0x00, 0xa6,
    0x00, 0x4e, 0x55, 0x55, 0x50, 0x78, 0xdb, 0x82, 0x8d, 0xbb, 0xbb, 0xf1, 0x8a, 0xec, 0xa3, 0xe3,
    0x00, 0x00, 0xe1, 0x00, 0xf7, 0x07, 0xc0, 0x40, 0x00, 0xf1, 0x05, 0xff, 0x36, 0x45, 0xb0, 0x00,
    0xf1, 0x0b, 0xb9, 0xd2, 0x0b, 0x55, 0x00, 0xf0, 0x58, 0xa6, 0x63, 0x2e, 0x0b, 0x40, 0xf0, 0xd1,
    0xa6, 0x00, 0x97, 0x3a, 0x90, 0xf0, 0x60, 0xa6, 0x01, 0xfe, 0xa7, 0xe1, 0xf0, 0x00, 0xa6, 0x00,
    0x20, 0x00, 0x72, 0xe0, 0x00, 0xa6, 0x00, 0x00, 0x00, 0x04, 0xc0, 0x00, 0xa6, 0x00, 0x00, 0x0a,
    0xae, 0x50, 0x00, 0x43, 0x00, 0x00, 0x05, 0x51, 0x00,

    /* U+679A "枚" */
    0x00, 0x32, 0x00, 0x05, 0x00, 0x00, 0x00, 0x00, 0x96, 0x00, 0x1f, 0x00, 0x00, 0x00, 0x00, 0x96,
    0x00, 0x4e, 0x44, 0x44, 0x41, 0x78, 0xdb, 0x82, 0x7f, 0xee, 0xef, 0xe4, 0x89, 0xec, 0x92, 0xb6,
    0x00, 0x1e, 0x00, 0x00, 0xf6, 0x02, 0xf6, 0x00, 0x3c, 0x00, 0x05, 0xfd, 0x08, 0xdd, 0x00, 0x69,
    0x00, 0x0b, 0xab, 0xa8, 0x2c, 0x40, 0xa6, 0x00, 0x58, 0x96, 0xa6, 0x04, 0xc1, 0xe1, 0x00, 0xd1,
    0x96, 0x14, 0x00, 0xcb, 0x80, 0x00, 0x60, 0x96, 0x00, 0x00, 0x6f, 0x30, 0x00, 0x00, 0x96, 0x00,
    0x03, 0xeb, 0xd1, 0x00, 0x00, 0x96, 0x00, 0x5e, 0x50, 0x7d, 0x30, 0x00, 0x96, 0x0c, 0xd4, 0x00,
    0x05, 0xe8, 0x00, 0x43, 0x05, 0x00, 0x00, 0x00, 0x12,

    /* U+67B6 "架" */
    0x00, 0x24, 0x00, 0x00, 0x00, 0x00, 0x00, 0x12, 0x7b, 0x22, 0x10, 0x66, 0x66, 0x40, 0x7c, 0xee,
    0xce, 0x91, 0xf8, 0x8a, 0xb0, 0x00, 0xa6, 0x07, 0x91, 0xe0, 0x04, 0xb0, 0x00, 0xf1, 0x08, 0x81,
    0xe0, 0x04, 0xb0, 0x07, 0xc0, 0x09, 0x61, 0xe0, 0x04, 0xb0, 0x6e, 0x23, 0x9f, 0x31, 0xff, 0xff,
    0xb0, 0x72, 0x02, 0x71, 0x42, 0x00, 0x00, 0x00, 0x12, 0x22, 0x22, 0xc7, 0x22, 0x22, 0x20, 0x9d,
    0xdd, 0xdf, 0xff, 0xed, 0xdd, 0xd4, 0x00, 0x00, 0x79, 0xb7, 0xc3, 0x00, 0x00, 0x00, 0x1a, 0xa0,
    0xb5, 0x1d, 0x60, 0x00, 0x18, 0xe7, 0x00, 0xb5, 0x01, 0xad, 0x60, 0x9a, 0x10, 0x00, 0xb5, 0x00,
    0x04, 0xd3, 0x00, 0x00, 0x00, 0x52, 0x00, 0x00, 0x00,

    /* U+67E5 "查" */
    0x00, 0x00, 0x00, 0x42, 0x00, 0x00, 0x00, 0x02, 0x22, 0x22, 0xb7, 0x22, 0x22, 0x20, 0x3c, 0xcc,
    0xcf, 0xff, 0xec, 0xcc, 0xc0, 0x00, 0x00, 0x98, 0xa6, 0xb6, 0x00, 0x00, 0x00, 0x5d, 0x70, 0xa6,
    0x0b, 0xa3, 0x00, 0x8e, 0xa3, 0x00, 0x95, 0x00, 0x5d, 0xc4, 0x52, 0x6a, 0xaa, 0xaa, 0xaa, 0xa3,
    0x43, 0x00, 0x99, 0x44, 0x44, 0x44, 0xc5, 0x00, 0x00, 0x99, 0x55, 0x55, 0x55, 0xc5, 0x00, 0x00,
    0x9c, 0x99, 0x99, 0x99, 0xe5, 0x00, 0x00, 0x97, 0x11, 0x11, 0x11, 0xb5, 0x00, 0x00, 0x8e, 0xee,
    0xee, 0xee, 0xe4, 0x00, 0x00, 0x00, 0x00, 0x00, 0x00, 0x00, 0x00, 0x9f, 0xff, 0xff, 0xff, 0xff,
    0xff, 0xf4, 0x01, 0x11, 0x11, 0x11, 0x11, 0x11, 0x10,

    /* U+6807 "标" */
    0x00, 0x41, 0x00, 0x00, 0x00, 0x00, 0x00, 0x00, 0xc4, 0x00, 0x89, 0x99, 0x99, 0x80, 0x00, 0xc4,
    0x00, 0x55, 0x55, 0x55, 0x50, 0x69, 0xeb, 0x90, 0x00, 0x00, 0x00, 0x00, 0x59, 0xfa, 0x90, 0x00,
    0x00, 0x00, 0x00, 0x01, 0xf4, 0x08, 0xbb, 0xbb, 0xbb, 0xb8, 0x07, 0xfd, 0x03, 0x44, 0x5f, 0x44,
    0x43, 0x0b, 0xd9, 0xb0, 0x32, 0x1f, 0x05, 0x10, 0x67, 0xc4, 0xa4, 0xc6, 0x1f, 0x0b, 0x50, 0xd1,
    0xc4, 0x02, 0xf1, 0x1f, 0x06, 0xa0, 0x50, 0xc4, 0x08, 0xc0, 0x1f, 0x02, 0xe0, 0x00, 0xc4, 0x0e,
    0x50, 0x1f, 0x00, 0xd4, 0x00, 0xc4, 0x3d, 0x00, 0x1f, 0x00, 0x88, 0x00, 0xc4, 0x00, 0x0a, 0xcd,
    0x00, 0x10, 0x00, 0x62, 0x00, 0x04, 0x51, 0x00, 0x00,

    /* U+6821 "校" */
    0x00, 0x42, 0x00, 0x00, 0x53, 0x00, 0x00, 0x00, 0xb6, 0x00, 0x00, 0x6b, 0x00, 0x00, 0x00, 0xb6,
    0x06, 0x99, 0xaf, 0x99, 0x93, 0x69, 0xeb, 0x85, 0x88, 0x88, 0x88, 0x83, 0x79, 0xec, 0x90, 0x09,
    0x00, 0x55, 0x00, 0x01, 0xf6, 0x00, 0x7a, 0x00, 0x3f, 0x20, 0x06, 0xfc, 0x01, 0xd1, 0x00, 0x08,
    0xc0, 0x0b, 0xba, 0xac, 0x79, 0x00, 0x77, 0xd6, 0x77, 0xb6, 0xb8, 0x0e, 0x10, 0xe5, 0x21, 0xd0,
    0xb6, 0x10, 0x08, 0x94, 0xf0, 0x00, 0x40, 0xb6, 0x00, 0x01, 0xed, 0x80, 0x00, 0x00, 0xb6, 0x00,
    0x00, 0xaf, 0x60, 0x00, 0x00, 0xb6, 0x00, 0x1b, 0xd6, 0xe9, 0x10, 0x00, 0xb6, 0x1b, 0xfa, 0x00,
    0x1a, 0xf6, 0x00, 0x42, 0x05, 0x10, 0x00, 0x00, 0x22,

    /* U+6838 "核" */
    0x00, 0x51, 0x00, 0x00, 0x24, 0x00, 0x00, 0x00, 0xc3, 0x00, 0x00, 0x2e, 0x00, 0x00, 0x00, 0xc3,
    0x08, 0xee, 0xef, 0xee, 0xe7, 0x78, 0xea, 0x81, 0x12, 0xe3, 0x11, 0x10, 0x8a, 0xfb, 0xa0, 0x08,
    0xa0, 0x04, 0x00, 0x01, 0xf4, 0x00, 0x3d, 0x10, 0x79, 0x00, 0x06, 0xfd, 0x01, 0xfc, 0xab, 0xc0,
    0x10, 0x0b, 0xd9, 0xa0, 0x54, 0x5e, 0x21, 0xe2, 0x48, 0xc3, 0xb4, 0x03, 0xe6, 0x09, 0x80, 0xc1,
    0xc3, 0x12, 0x9c, 0x30, 0x6c, 0x00, 0x80, 0xc3, 0x0d, 0x70, 0x06, 0xf2, 0x00, 0x00, 0xc3, 0x00,
    0x00, 0x9e, 0xc8, 0x00, 0x00, 0xc3, 0x00, 0x5d, 0xb1, 0x0d, 0x80, 0x00, 0xc3, 0x2e, 0xc5, 0x00,
    0x01, 0xe5, 0x00, 0x61, 0x03, 0x00, 0x00, 0x00, 0x20,

    /* U+6846 "框" */
    0x00, 0x60, 0x00, 0x00, 0x00, 0x00, 0x00, 0x00, 0xe2, 0x06, 0xfe, 0xee, 0xee, 0xe7, 0x00, 0xe2,
    0x07, 0x90, 0x00, 0x00, 0x00, 0x78, 0xf9, 0x67, 0x93, 0x77, 0x77, 0x70, 0x8a, 0xfa, 0x77, 0x94,
    0xab, 0xea, 0xa0, 0x03, 0xf2, 0x07, 0x90, 0x03, 0xc0, 0x00, 0x08, 0xfc, 0x07, 0x90, 0x03, 0xc0,
    0x00, 0x0b, 0xe9, 0x87, 0x91, 0xdd, 0xfd, 0xa0, 0x67, 0xe2, 0xa7, 0x90, 0x25, 0xd2, 0x10, 0xd0,
    0xe2, 0x07, 0x90, 0x03, 0xc0, 0x00, 0x60, 0xe2, 0x07, 0x91, 0x25, 0xd2, 0x20, 0x00, 0xe2, 0x07,
    0x98, 0xcc, 0xcc, 0xc3, 0x00, 0xe2, 0x07, 0x90, 0x00, 0x00, 0x00, 0x00, 0xe2, 0x07, 0xfe, 0xee,
    0xee, 0xea, 0x00, 0x60, 0x00, 0x22, 0x22, 0x22, 0x21,

    /* U+6848 "案" */
    0x00, 0x00, 0x00, 0x60, 0x00, 0x00, 0x00, 0x15, 0x55, 0x55, 0xe7, 0x55, 0x55, 0x40, 0x3e, 0x88,
    0x89, 0x98, 0x88, 0x89, 0xd0, 0x2b, 0x00, 0x09, 0x80, 0x00, 0x02, 0xb0, 0x1a, 0xaa, 0xbf, 0xba,
    0xaa, 0xaa, 0x80, 0x04, 0x46, 0xe5, 0x44, 0x8e, 0x54, 0x30, 0x00, 0x08, 0xdb, 0x77, 0xe2, 0x00,
    0x00, 0x02, 0x34, 0x6b, 0xeb, 0xeb, 0x62, 0x00, 0x0b, 0xa9, 0x73, 0x53, 0x04, 0x9d, 0x50, 0x35,
    0x55, 0x55, 0xc9, 0x55, 0x55, 0x51, 0x59, 0x99, 0xaf, 0xef, 0xe9, 0x99, 0x92, 0x00, 0x02, 0xc5,
    0xb6, 0x9a, 0x10, 0x00, 0x04, 0xad, 0x40, 0xb6, 0x06, 0xd9, 0x30, 0x8d, 0x50, 0x00, 0xb6, 0x00,
    0x06, 0xd4, 0x00, 0x00, 0x00, 0x53, 0x00, 0x00, 0x00,

    /* U+68C0 "检" */
    0x00, 0x51, 0x00, 0x00, 0x24, 0x00, 0x00, 0x00, 0xe2, 0x00, 0x00, 0xde, 0x30, 0x00, 0x00, 0xe2,
    0x00, 0x08, 0x94, 0xc0, 0x00, 0x68, 0xf9, 0x60, 0x3d, 0x00, 0x99, 0x00, 0x7a, 0xfb, 0x73, 0xf4,
    0x00, 0x0e, 0x90, 0x03, 0xf4, 0x3f, 0x8f, 0xff, 0xfa, 0xe8, 0x08, 0xfd, 0x25, 0x00, 0x10, 0x00,
    0x13, 0x0b, 0xe6, 0xc1, 0x40, 0xd0, 0x05, 0x80, 0x67, 0xe2, 0x42, 0xd0, 0xb4, 0x0a, 0x60, 0xd0,
    0xe2, 0x00, 0xe1, 0x88, 0x0d, 0x20, 0x70, 0xe2, 0x00, 0xa5, 0x4c, 0x1d, 0x00, 0x00, 0xe2, 0x00,
    0x68, 0x03, 0x69, 0x00, 0x00, 0xe2, 0x00, 0x00, 0x00, 0xc4, 0x00, 0x00, 0xe2, 0x1f, 0xff, 0xff,
    0xff, 0xf7, 0x00, 0x61, 0x00, 0x00, 0x00, 0x00, 0x00,

    /* U+6A21 "模" */
    0x00, 0x50, 0x00, 0x14, 0x00, 0x41, 0x00, 0x00, 0xe1, 0x14, 0x7d, 0x44, 0xd6, 0x42, 0x00, 0xe1,
    0x4a, 0xbe, 0xaa, 0xfb, 0xa5, 0x58, 0xf9, 0x50, 0x3b, 0x00, 0xb2, 0x00, 0x69, 0xfa, 0x65, 0x99,
    0x99, 0x99, 0x40, 0x02, 0xf2, 0x0a, 0x96, 0x66, 0x6a, 0x80, 0x08, 0xfb, 0x0a, 0xb9, 0x99, 0x9c,
    0x80, 0x0b, 0xe9, 0x7a, 0x73, 0x33, 0x38, 0x80, 0x76, 0xe2, 0xca, 0xdc, 0xcc, 0xcd, 0x80, 0xd0,
    0xe1, 0x00, 0x11, 0xa6, 0x11, 0x00, 0x40, 0xe1, 0x8c, 0xcc, 0xfd, 0xcc, 0xc6, 0x00, 0xe1, 0x23,
    0x39, 0xce, 0x63, 0x31, 0x00, 0xe1, 0x00, 0x8d, 0x23, 0xe6, 0x00, 0x00, 0xe1, 0x7e, 0xa1, 0x00,
    0x2b, 0xd4, 0x00, 0x60, 0x31, 0x00, 0x00, 0x00, 0x41,

    /* U+6A2A "横" */
    0x00, 0x51, 0x00, 0x05, 0x10, 0x33, 0x00, 0x00, 0xc4, 0x01, 0x2d, 0x52, 0x99, 0x20, 0x00, 0xc4,
    0x06, 0xbf, 0xcb, 0xee, 0xb2, 0x78, 0xea, 0x60, 0x0d, 0x30, 0x88, 0x00, 0x8a, 0xfb, 0x78, 0xaf,
    0xba, 0xdd, 0xa5, 0x01, 0xf6, 0x05, 0x66, 0x7e, 0x66, 0x63, 0x07, 0xfe, 0x21, 0x77, 0x8e, 0x77,
    0x60, 0x0b, 0xc7, 0xd3, 0xe6, 0x8e, 0x67, 0xe0, 0x76, 0xc4, 0x63, 0xe4, 0x6e, 0x45, 0xe0, 0xd0,
    0xc4, 0x02, 0xf9, 0xaf, 0x9a, 0xe0, 0x40, 0xc4, 0x02, 0xe1, 0x3e, 0x13, 0xe0, 0x00, 0xc4, 0x01,
    0xdd, 0xdd, 0xdd, 0xc0, 0x00, 0xc4, 0x00, 0x3a, 0x30, 0x77, 0x00, 0x00, 0xc4, 0x1c, 0xd6, 0x00,
    0x19, 0xe6, 0x00, 0x52, 0x05, 0x00, 0x00, 0x00, 0x23,

    /* U+6B63 "正" */
    0x0a, 0xbb, 0xbb, 0xbb, 0xbb, 0xbb, 0xa0, 0x04, 0x44, 0x44, 0x8d, 0x44, 0x44, 0x40, 0x00, 0x00,
    0x00, 0x4c, 0x00, 0x00, 0x00, 0x00, 0x00, 0x00, 0x4c, 0x00, 0x00, 0x00, 0x00, 0x33, 0x00, 0x4c,
    0x00, 0x00, 0x00, 0x00, 0x79, 0x00, 0x4d, 0x11, 0x11, 0x00, 0x00, 0x79, 0x00, 0x4f, 0xff, 0xff,
    0x10, 0x00, 0x79, 0x00, 0x4c, 0x00, 0x00, 0x00, 0x00, 0x79, 0x00, 0x4c, 0x00, 0x00, 0x00, 0x00,
    0x79, 0x00, 0x4c, 0x00, 0x00, 0x00, 0x00, 0x79, 0x00, 0x4c, 0x00, 0x00, 0x00, 0x23, 0x9a, 0x33,
    0x6d, 0x33, 0x33, 0x31, 0xbd, 0xdd, 0xdd, 0xdd, 0xdd, 0xdd, 0xd7,

    /* U+6BCF "每" */
    0x00, 0x06, 0x10, 0x00, 0x00, 0x00, 0x00, 0x00, 0x4f, 0x43, 0x33, 0x33, 0x33, 0x30, 0x00, 0xdd,
    0xcc, 0xcc, 0xcc, 0xcc, 0xc0, 0x08, 0xc0, 0x00, 0x00, 0x00, 0x00, 0x00, 0x5f, 0x7d, 0xdd, 0xdd,
    0xdd, 0xdc, 0x00, 0x94, 0x6c, 0x46, 0x64, 0x44, 0x5f, 0x00, 0x00, 0x79, 0x05, 0xd9, 0x20, 0x2e,
    0x00, 0x44, 0xaa, 0x44, 0x4a, 0xa4, 0x6e, 0x43, 0xcc, 0xed, 0xcc, 0xcc, 0xcc, 0xdf, 0xc9, 0x00,
    0xb5, 0x08, 0x81, 0x00, 0x3c, 0x00, 0x00, 0xe3, 0x00, 0x7d, 0x50, 0x4b, 0x00, 0x00, 0xfa, 0xaa,
    0xab, 0xba, 0xce, 0xa3, 0x00, 0x55, 0x55, 0x55, 0x55, 0xab, 0x52, 0x00, 0x00, 0x00, 0x07, 0x78,
    0xf4, 0x00, 0x00, 0x00, 0x00, 0x05, 0x76, 0x30, 0x00,

    /* U+6C14 "气" */
    0x00, 0x06, 0x00, 0x00, 0x00, 0x00, 0x00, 0x00, 0x5e, 0x22, 0x22, 0x22, 0x22, 0x10, 0x00, 0xde,
    0xee, 0xee, 0xee, 0xee, 0x60, 0x07, 0xc0, 0x00, 0x00, 0x00, 0x00, 0x00, 0x3f, 0x39, 0x99, 0x99,
    0x99, 0x97, 0x00, 0xc7, 0x07, 0x77, 0x77, 0x77, 0x75, 0x00, 0x12, 0x33, 0x33, 0x33, 0x33, 0x20,
    0x00, 0x08, 0xdd, 0xdd, 0xdd, 0xdd, 0xc0, 0x00, 0x00, 0x00, 0x00, 0x00, 0x02, 0xc0, 0x00, 0x00,
    0x00, 0x00, 0x00, 0x02, 0xd0, 0x00, 0x00, 0x00, 0x00, 0x00, 0x01, 0xd0, 0x00, 0x00, 0x00, 0x00,
    0x00, 0x00, 0xf0, 0x4a, 0x00, 0x00, 0x00, 0x00, 0x00, 0xd3, 0x87, 0x00, 0x00, 0x00, 0x00, 0x00,
    0x7e, 0xe2, 0x00, 0x00, 0x00, 0x00, 0x00, 0x04, 0x30,

    /* U+6C34 "水" */
    0x00, 0x00, 0x00, 0x43, 0x00, 0x00, 0x00, 0x00, 0x00, 0x00, 0x98, 0x00, 0x00, 0x00, 0x00, 0x00,
    0x00, 0x98, 0x00, 0x00, 0x00, 0x00, 0x00, 0x00, 0x98, 0x00, 0x0a, 0x90, 0x58, 0x88, 0x82, 0x9d,
    0x00, 0x8e, 0x10, 0x59, 0x99, 0xf2, 0x9f, 0x36, 0xf3, 0x00, 0x00, 0x03, 0xc0, 0x9c, 0xde, 0x30,
    0x00, 0x00, 0x0a, 0x60, 0x98, 0xb6, 0x00, 0x00, 0x00, 0x2f, 0x00, 0x98, 0x2d, 0x10, 0x00, 0x00,
    0xa9, 0x00, 0x98, 0x07, 0xc0, 0x00, 0x09, 0xc0, 0x00, 0x98, 0x00, 0x9b, 0x00, 0x8d, 0x10, 0x00,
    0x98, 0x00, 0x09, 0xd2, 0xa1, 0x00, 0x00, 0xa8, 0x00, 0x00, 0x88, 0x00, 0x00, 0x99, 0xf5, 0x00,
    0x00, 0x00, 0x00, 0x00, 0x57, 0x50, 0x00, 0x00, 0x00,

    /* U+6D41 "流" */
    0x00, 0x00, 0x00, 0x02, 0x60, 0x00, 0x00, 0x3e, 0x40, 0x00, 0x00, 0xe2, 0x00, 0x00, 0x04, 0xf5,
    0xef, 0xff, 0xff, 0xff, 0xf4, 0x00, 0x20, 0x00, 0xa8, 0x00, 0x31, 0x00, 0x22, 0x00, 0x03, 0xe0,
    0x00, 0x9a, 0x00, 0x8e, 0x20, 0x2e, 0x62, 0x45, 0x7f, 0x60, 0x07, 0xe1, 0x9e, 0xdb, 0xa9, 0x77,
    0xe1, 0x00, 0x30, 0x04, 0x12, 0x30, 0x31, 0x40, 0x00, 0x31, 0x0e, 0x26, 0xa0, 0xb4, 0x00, 0x00,
    0xe3, 0x0f, 0x16, 0xa0, 0xb4, 0x00, 0x04, 0xd0, 0x2f, 0x06, 0xa0, 0xb4, 0x00, 0x0a, 0x70, 0x6b,
    0x06, 0xa0, 0xb4, 0x37, 0x0f, 0x11, 0xe4, 0x06, 0xa0, 0xb4, 0x4a, 0x6c, 0x0a, 0x80, 0x06, 0xa0,
    0x9c, 0xd8, 0x01, 0x02, 0x00, 0x01, 0x20, 0x04, 0x30,

    /* U+6D4B "测" */
    0x00, 0x00, 0x00, 0x00, 0x00, 0x00, 0x40, 0x8a, 0x03, 0xbb, 0xbb, 0x80, 0x20, 0xe1, 0x0b, 0xb5,
    0xa1, 0x15, 0xb1, 0xd0, 0xe1, 0x00, 0x45, 0xa3, 0x84, 0xb1, 0xd0, 0xe1, 0x10, 0x05, 0xa4, 0xa4,
    0xb1, 0xd0, 0xe1, 0xc7, 0x05, 0xa4, 0xa4, 0xb1, 0xd0, 0xe1, 0x1d, 0x65, 0xa4, 0xa4, 0xb1, 0xd0,
    0xe1, 0x02, 0x35, 0xa4, 0xa4, 0xb1, 0xd0, 0xe1, 0x00, 0x15, 0xa4, 0x94, 0xb1, 0xd0, 0xe1, 0x03,
    0xc5, 0xa6, 0x84, 0xb1, 0xd0, 0xe1, 0x0a, 0x73, 0x79, 0x62, 0x61, 0xd0, 0xe1, 0x0f, 0x10, 0x0e,
    0x44, 0x00, 0x50, 0xe1, 0x6b, 0x00, 0xaa, 0x2e, 0x30, 0x00, 0xe1, 0xc5, 0x0c, 0xc0, 0x03, 0xe2,
    0x8a, 0xf0, 0x10, 0x04, 0x00, 0x00, 0x30, 0x46, 0x20,

    /* U+6D88 "消" */
    0x00, 0x00, 0x00, 0x00, 0x42, 0x00, 0x00, 0x2e, 0x40, 0x59, 0x00, 0xb6, 0x01, 0xd1, 0x04, 0xf7,
    0x0d, 0x40, 0xb6, 0x09, 0x80, 0x00, 0x36, 0x04, 0xa0, 0xb6, 0x2d, 0x00, 0x32, 0x00, 0x02, 0x22,
    0xc7, 0x23, 0x10, 0x7e, 0x20, 0x0e, 0xee, 0xee, 0xef, 0x90, 0x07, 0xe2, 0x0e, 0x20, 0x00, 0x07,
    0x90, 0x00, 0x30, 0x0e, 0x76, 0x66, 0x6a, 0x90, 0x00, 0x23, 0x0e, 0x98, 0x88, 0x8c, 0x90, 0x00,
    0xa7, 0x0e, 0x20, 0x00, 0x07, 0x90, 0x01, 0xf1, 0x0e, 0xcb, 0xbb, 0xbd, 0x90, 0x08, 0x90, 0x0e,
    0x53, 0x33, 0x38, 0x90, 0x1f, 0x20, 0x0e, 0x20, 0x00, 0x07, 0x90, 0x7b, 0x00, 0x0e, 0x20, 0x07,
    0xaf, 0x70, 0x01, 0x00, 0x06, 0x00, 0x03, 0x64, 0x00,

    /* U+6DF7 "混" */
    0x4d, 0x30, 0x3e, 0xdd, 0xdd, 0xde, 0x20, 0x04, 0xe7, 0x4c, 0x00, 0x00, 0x0d, 0x30, 0x00, 0x26,
    0x4e, 0x99, 0x99, 0x9f, 0x30, 0x30, 0x00, 0x4d, 0x66, 0x66, 0x6e, 0x30, 0xad, 0x20, 0x4c, 0x11,
    0x11, 0x1d, 0x30, 0x08, 0xe2, 0x3d, 0xdd, 0xdd, 0xdd, 0x20, 0x00, 0x30, 0x24, 0x00, 0x06, 0x00,
    0x00, 0x00, 0x21, 0x5a, 0x00, 0x0f, 0x03, 0x80, 0x00, 0xc5, 0x5e, 0xbb, 0x3f, 0xdc, 0x71, 0x04,
    0xe0, 0x5b, 0x33, 0x1f, 0x10, 0x00, 0x0b, 0x70, 0x5a, 0x00, 0x0f, 0x00, 0x23, 0x2f, 0x10, 0x6a,
    0x03, 0x1f, 0x00, 0x68, 0xa9, 0x00, 0xcf, 0xeb, 0x2d, 0xdb, 0xe4, 0x11, 0x00, 0x22, 0x00, 0x00,
    0x44, 0x20,

    /* U+6E7F "湿" */
    0x01, 0x00, 0x00, 0x00, 0x00, 0x00, 0x00, 0x4e, 0x30, 0x4e, 0xdd, 0xdd, 0xde, 0x60, 0x06, 0xf4,
    0x4b, 0x00, 0x00, 0x08, 0x70, 0x00, 0x54, 0x4c, 0x44, 0x44, 0x4a, 0x70, 0x32, 0x00, 0x4e, 0xcc,
    0xcc, 0xce, 0x70, 0x7e, 0x20, 0x4b, 0x00, 0x00, 0x08, 0x70, 0x08, 0xe1, 0x4d, 0x99, 0x99, 0x9c,
    0x70, 0x00, 0x30, 0x16, 0x66, 0x66, 0x66, 0x20, 0x01, 0x10, 0x10, 0x2c, 0x0a, 0x40, 0x41, 0x07,
    0x91, 0xe1, 0x2d, 0x0b, 0x41, 0xe2, 0x0d, 0x40, 0x7a, 0x2d, 0x0b, 0x49, 0x80, 0x2f, 0x00, 0x0d,
    0x4d, 0x0b, 0x4d, 0x10, 0x7b, 0x00, 0x00, 0x2d, 0x0b, 0x40, 0x00, 0xc7, 0x0b, 0xee, 0xef, 0xef,
    0xee, 0xea, 0x11, 0x01, 0x11, 0x11, 0x11, 0x11, 0x10,

    /* U+6E83 "溃" */
    0x01, 0x00, 0x00, 0x00, 0x61, 0x00, 0x00, 0x1e, 0x60, 0x0a, 0xaa, 0xeb, 0xaa, 0x50, 0x02, 0xd8,
    0x0f, 0x22, 0xd5, 0x29, 0x80, 0x00, 0x11, 0x0f, 0x99, 0xea, 0x9c, 0x80, 0x32, 0x00, 0x06, 0x66,
    0xe8, 0x66, 0x30, 0x7e, 0x30, 0x99, 0x99, 0xeb, 0x99, 0x94, 0x06, 0xf2, 0x55, 0x55, 0x55, 0x55,
    0x52, 0x00, 0x30, 0x1b, 0xbb, 0xbb, 0xbb, 0x60, 0x00, 0x20, 0x1f, 0x33, 0x43, 0x39, 0x90, 0x00,
    0xd3, 0x1f, 0x00, 0xd3, 0x07, 0x90, 0x04, 0xd0, 0x1f, 0x00, 0xe2, 0x07, 0x90, 0x0a, 0x70, 0x1e,
    0x03, 0xf0, 0x07, 0x80, 0x1f, 0x10, 0x00, 0x3d, 0x6b, 0xb4, 0x00, 0x6b, 0x00, 0x8c, 0xe6, 0x00,
    0x5d, 0xd4, 0x01, 0x00, 0x63, 0x00, 0x00, 0x00, 0x41,

    /* U+6E90 "源" */
    0x6c, 0x10, 0x7d, 0xdd, 0xdd, 0xdd, 0xd6, 0x08, 0xe3, 0x97, 0x00, 0x1f, 0x00, 0x00, 0x00, 0x75,
    0x97, 0x37, 0x9e, 0x77, 0x50, 0x10, 0x00, 0x97, 0x7b, 0x77, 0x7a, 0xa0, 0xab, 0x00, 0x97, 0x78,
    0x11, 0x15, 0xa0, 0x0a, 0xc0, 0x97, 0x7e, 0xbb, 0xbd, 0xa0, 0x00, 0x60, 0xa6, 0x78, 0x00, 0x05,
    0xa0, 0x00, 0x10, 0xb4, 0x7e, 0xde, 0xee, 0xa0, 0x00, 0xc4, 0xd2, 0x00, 0x0e, 0x20, 0x00, 0x03,
    0xd0, 0xf1, 0x49, 0x0e, 0x2a, 0x40, 0x0a, 0x73, 0xd0, 0xc4, 0x0e, 0x25, 0xc0, 0x2f, 0x19, 0x74,
    0xd0, 0x0e, 0x20, 0xd3, 0x89, 0x0e, 0x23, 0x43, 0x8f, 0x10, 0x44, 0x22, 0x02, 0x00, 0x02, 0x74,
    0x00, 0x00,

    /* U+6ED1 "滑" */
    0x4d, 0x20, 0x0c, 0xed, 0xdd, 0xde, 0x20, 0x06, 0xe4, 0x0d, 0x30, 0x00, 0x0d, 0x30, 0x00, 0x58,
    0x0d, 0xee, 0xe4, 0x0d, 0x30, 0x01, 0x00, 0x0d, 0x30, 0xa4, 0x0d, 0x30, 0x6d, 0x20, 0xbf, 0xcb,
    0xec, 0xbf, 0xc2, 0x07, 0xe2, 0xf3, 0x33, 0x33, 0x33, 0xd4, 0x00, 0x51, 0xc8, 0xcc, 0xcc, 0xcc,
    0x93, 0x00, 0x00, 0x09, 0x71, 0x11, 0x2f, 0x00, 0x00, 0xb3, 0x09, 0xdc, 0xcc, 0xcf, 0x00, 0x02,
    0xe0, 0x09, 0x71, 0x11, 0x2f, 0x00, 0x09, 0x80, 0x09, 0xdc, 0xcc, 0xcf, 0x00, 0x0e, 0x20, 0x09,
    0x71, 0x11, 0x2f, 0x00, 0x6b, 0x00, 0x09, 0x60, 0x07, 0x9d, 0x00, 0x12, 0x00, 0x04, 0x30, 0x06,
    0x73, 0x00,

    /* U+6F14 "演" */
    0x00, 0x00, 0x00, 0x01, 0x60, 0x00, 0x00, 0x7c, 0x10, 0x56, 0x66, 0xf7, 0x66, 0x62, 0x08, 0xe3,
    0xda, 0x88, 0x88, 0x88, 0xd6, 0x00, 0x63, 0xd5, 0x22, 0x22, 0x22, 0xb6, 0x41, 0x00, 0x6c, 0xee,
    0xff, 0xee, 0xa3, 0xad, 0x10, 0x00, 0x00, 0xb4, 0x00, 0x00, 0x09, 0xd1, 0x3f, 0xee, 0xff, 0xef,
    0xc0, 0x00, 0x40, 0x3d, 0x00, 0xb4, 0x04, 0xc0, 0x00, 0x21, 0x3f, 0xbb, 0xec, 0xbc, 0xc0, 0x00,
    0xb6, 0x3d, 0x22, 0xc6, 0x26, 0xc0, 0x03, 0xe0, 0x3e, 0x77, 0xda, 0x7a, 0xc0, 0x0a, 0x80, 0x17,
    0x77, 0x77, 0x77, 0x50, 0x2f, 0x10, 0x04, 0xc9, 0x00, 0xd8, 0x10, 0x89, 0x02, 0xcd, 0x50, 0x00,
    0x1a, 0xe6, 0x01, 0x00, 0x50, 0x00, 0x00, 0x00, 0x23,

    /* U+70B9 "点" */
    0x00, 0x00, 0x00, 0x50, 0x00, 0x00, 0x00, 0x00, 0x00, 0x00, 0xf2, 0x00, 0x00, 0x00, 0x00, 0x00,
    0x00, 0xff, 0xff, 0xff, 0xe0, 0x00, 0x00, 0x00, 0xf1, 0x00, 0x00, 0x00, 0x00, 0x00, 0x00, 0xf1,
    0x00, 0x00, 0x00, 0x00, 0xee, 0xee, 0xfe, 0xee, 0xec, 0x00, 0x00, 0xf3, 0x22, 0x22, 0x22, 0x4e,
    0x00, 0x00, 0xf0, 0x00, 0x00, 0x00, 0x2e, 0x00, 0x00, 0xf1, 0x00, 0x00, 0x00, 0x3e, 0x00, 0x00,
    0xff, 0xff, 0xff, 0xff, 0xfd, 0x00, 0x01, 0x20, 0x00, 0x00, 0x00, 0x02, 0x00, 0x09, 0x90, 0x94,
    0x08, 0x80, 0x3e, 0x10, 0x3e, 0x10, 0x89, 0x03, 0xe0, 0x09, 0xa0, 0xc7, 0x00, 0x4d, 0x00, 0xe4,
    0x00, 0xe5, 0x20, 0x00, 0x06, 0x00, 0x42, 0x00, 0x31,

    /* U+7236 "父" */
    0x00, 0x00, 0x10, 0x00, 0x21, 0x00, 0x00, 0x00, 0x07, 0xb0, 0x00, 0x7d, 0x10, 0x00, 0x00, 0x1f,
    0x30, 0x00, 0x09, 0xc0, 0x00, 0x00, 0x9a, 0x00, 0x00, 0x00, 0xbb, 0x00, 0x07, 0xe1, 0x00, 0x00,
    0x02, 0x1d, 0x60, 0x5e, 0x26, 0x50, 0x00, 0x0e, 0x53, 0xf2, 0x13, 0x04, 0xe1, 0x00, 0x8d, 0x00,
    0x30, 0x00, 0x00, 0x9a, 0x02, 0xf5, 0x00, 0x00, 0x00, 0x00, 0x0e, 0x4c, 0xa0, 0x00, 0x00, 0x00,
    0x00, 0x04, 0xfe, 0x10, 0x00, 0x00, 0x00, 0x00, 0x08, 0xfe, 0x40, 0x00, 0x00, 0x00, 0x01, 0xcc,
    0x15, 0xe8, 0x00, 0x00, 0x01, 0x8f, 0x90, 0x00, 0x2c, 0xd6, 0x00, 0x9f, 0xa2, 0x00, 0x00, 0x00,
    0x5c, 0xe5, 0x31, 0x00, 0x00, 0x00, 0x00, 0x00, 0x31,

    /* U+7247 "片" */
    0x00, 0x00, 0x00, 0x00, 0x42, 0x00, 0x00, 0x01, 0xf0, 0x00, 0x09, 0x70, 0x00, 0x00, 0x1f, 0x00,
    0x00, 0x97, 0x00, 0x00, 0x01, 0xf0, 0x00, 0x09, 0x70, 0x00, 0x00, 0x1f, 0x55, 0x55, 0xca, 0x55,
    0x40, 0x01, 0xfb, 0xbb, 0xbb, 0xbb, 0xb9, 0x00, 0x1f, 0x00, 0x00, 0x00, 0x00, 0x00, 0x03, 0xf0,
    0x00, 0x00, 0x00, 0x00, 0x00, 0x6f, 0xcc, 0xcc, 0xcc, 0xa0, 0x00, 0x08, 0xc4, 0x44, 0x44, 0x6e,
    0x00, 0x00, 0xa6, 0x00, 0x00, 0x03, 0xe0, 0x00, 0x2f, 0x10, 0x00, 0x00, 0x3e, 0x00, 0x0b, 0xb0,
    0x00, 0x00, 0x03, 0xe0, 0x04, 0xe1, 0x00, 0x00, 0x00, 0x3e, 0x00, 0x03, 0x00, 0x00, 0x00, 0x01,
    0x70, 0x00,

    /* U+7248 "版" */
    0x00, 0x01, 0x30, 0x00, 0x00, 0x02, 0x30, 0x0f, 0x15, 0xb0, 0x49, 0xbd, 0xfd, 0xb2, 0x0f, 0x15,
    0xb0, 0x8a, 0x42, 0x00, 0x00, 0x0f, 0x15, 0xb0, 0x87, 0x00, 0x00, 0x00, 0x0f, 0x36, 0xc1, 0x87,
    0x00, 0x00, 0x00, 0x0f, 0xee, 0xe9, 0x8f, 0xff, 0xff, 0xf0, 0x0f, 0x10, 0x00, 0x88, 0xe2, 0x14,
    0xe0, 0x0f, 0x00, 0x00, 0x87, 0xa6, 0x08, 0x90, 0x1f, 0xff, 0xe0, 0x96, 0x6c, 0x0e, 0x50, 0x2e,
    0x13, 0xe0, 0xb4, 0x1f, 0x6e, 0x00, 0x4c, 0x02, 0xe0, 0xd2, 0x09, 0xf7, 0x00, 0x7a, 0x02, 0xe0,
    0xf0, 0x09, 0xf6, 0x00, 0xc6, 0x02, 0xe5, 0xb1, 0xbd, 0x5e, 0x80, 0xd1, 0x02, 0xe9, 0x5d, 0xa0,
    0x02, 0xd8, 0x00, 0x00, 0x61, 0x03, 0x00, 0x00, 0x12,

    /* U+7259 "牙" */
    0x0c, 0xdd, 0xdd, 0xdd, 0xdd, 0xdd, 0x90, 0x02, 0x42, 0x22, 0x22, 0x2f, 0x32, 0x10, 0x00, 0xd3,
    0x00, 0x00, 0x0f, 0x10, 0x00, 0x00, 0xf0, 0x00, 0x00, 0x0f, 0x10, 0x00, 0x03, 0xd0, 0x00, 0x00,
    0x0f, 0x10, 0x00, 0x06, 0xeb, 0xbb, 0xbb, 0xbf, 0xbb, 0xb4, 0x03, 0x55, 0x55, 0x5c, 0x9f, 0x65,
    0x52, 0x00, 0x00, 0x00, 0x4d, 0x0f, 0x10, 0x00, 0x00, 0x00, 0x04, 0xe2, 0x0f, 0x10, 0x00, 0x00,
    0x00, 0x7e, 0x20, 0x0f, 0x10, 0x00, 0x00, 0x3c, 0xb1, 0x00, 0x0f, 0x10, 0x00, 0x2a, 0xe6, 0x00,
    0x00, 0x0f, 0x10, 0x00, 0x58, 0x00, 0x00, 0x9a, 0xce, 0x00, 0x00, 0x00, 0x00, 0x00, 0x45, 0x51,
    0x00, 0x00,

    /* U+72EC "独" */
    0x00, 0x00, 0x10, 0x00, 0x14, 0x00, 0x00, 0x2d, 0x12, 0xe2, 0x00, 0x5b, 0x00, 0x00, 0x08, 0xcd,
    0x70, 0x00, 0x5c, 0x00, 0x00, 0x01, 0xfb, 0x06, 0xff, 0xff, 0xff, 0xd0, 0x4e, 0xcd, 0x06, 0xb1,
    0x6c, 0x14, 0xd0, 0x86, 0x0f, 0x16, 0xa0, 0x4b, 0x03, 0xd0, 0x00, 0x0d, 0x46, 0xa0, 0x4b, 0x03,
    0xd0, 0x00, 0x9f, 0x66, 0xa0, 0x4b, 0x03, 0xd0, 0x07, 0xb9, 0x76, 0xeb, 0xce, 0xbc, 0xd0, 0x9c,
    0x07, 0x81, 0x44, 0x8d, 0x44, 0x30, 0x30, 0x08, 0x70, 0x00, 0x5c, 0x09, 0x40, 0x00, 0x09, 0x60,
    0x00, 0x5c, 0x05, 0x90, 0x00, 0x0d, 0x40, 0x00, 0x6d, 0x6a, 0xe0, 0x1a, 0xcd, 0x0c, 0xff, 0xec,
    0x96, 0xd3, 0x05, 0x30, 0x02, 0x10, 0x00, 0x00, 0x42,

    /* U+73B0 "现" */
    0x77, 0x77, 0x72, 0xdd, 0xdd, 0xdd, 0x60, 0x77, 0xf8, 0x72, 0xe1, 0x11, 0x1a, 0x80, 0x00, 0xf1,
    0x02, 0xe0, 0x58, 0x09, 0x80, 0x00, 0xf1, 0x02, 0xe0, 0x69, 0x09, 0x80, 0x00, 0xf1, 0x02, 0xe0,
    0x69, 0x09, 0x80, 0x8b, 0xfc, 0x92, 0xe0, 0x69, 0x09, 0x80, 0x35, 0xf6, 0x42, 0xe0, 0x79, 0x09,
    0x80, 0x00, 0xf1, 0x02, 0xe0, 0x97, 0x09, 0x80, 0x00, 0xf1, 0x01, 0x90, 0xb9, 0x35, 0x50, 0x00,
    0xf7, 0xc0, 0x01, 0xea, 0x70, 0x00, 0x8c, 0xd8, 0x30, 0x0a, 0x99, 0x70, 0x25, 0x52, 0x00, 0x01,
    0xac, 0x09, 0x70, 0x5a, 0x00, 0x00, 0x6f, 0xa1, 0x07, 0xfb, 0xe6, 0x00, 0x00, 0x33, 0x00, 0x00,
    0x34, 0x20,

    /* U+751F "生" */
    0x00, 0x00, 0x00, 0x23, 0x00, 0x00, 0x00, 0x00, 0x5c, 0x00, 0x7a, 0x00, 0x00, 0x00, 0x00, 0xa8,
    0x00, 0x7a, 0x00, 0x00, 0x00, 0x00, 0xfd, 0xbb, 0xde, 0xbb, 0xbb, 0x60, 0x05, 0xe7, 0x77, 0xbd,
    0x77, 0x77, 0x40, 0x1e, 0x60, 0x00, 0x7a, 0x00, 0x00, 0x00, 0xad, 0x00, 0x00, 0x7a, 0x00, 0x00,
    0x00, 0xa2, 0x00, 0x00, 0x7a, 0x00, 0x00, 0x00, 0x00, 0xdf, 0xff, 0xff, 0xff, 0xff, 0x40, 0x00,
    0x11, 0x11, 0x7a, 0x11, 0x11, 0x00, 0x00, 0x00, 0x00, 0x7a, 0x00, 0x00, 0x00, 0x00, 0x00, 0x00,
    0x7a, 0x00, 0x00, 0x00, 0x01, 0x11, 0x11, 0x8a, 0x11, 0x11, 0x10, 0xaf, 0xff, 0xff, 0xff, 0xff,
    0xff, 0xf8,

    /* U+7528 "用" */
    0x07, 0xdd, 0xdd, 0xdd, 0xdd, 0xdd, 0x80, 0x89, 0x11, 0x1b, 0x81, 0x11, 0x89, 0x08, 0x80, 0x00,
    0xa7, 0x00, 0x07, 0x90, 0x88, 0x11, 0x1a, 0x71, 0x11, 0x89, 0x08, 0xff, 0xff, 0xff, 0xff, 0xff,
    0x90, 0x88, 0x00, 0x0a, 0x70, 0x00, 0x79, 0x08, 0x80, 0x00, 0xa7, 0x00, 0x07, 0x90, 0x9b, 0x66,
    0x6c, 0xa6, 0x66, 0xb9, 0x0b, 0xc9, 0x99, 0xdc, 0x99, 0x9c, 0x90, 0xd4, 0x00, 0x0a, 0x70, 0x00,
    0x79, 0x1f, 0x10, 0x00, 0xa7, 0x00, 0x07, 0x97, 0xc0, 0x00, 0x0a, 0x70, 0x00, 0x99, 0xd3, 0x00,
    0x00, 0xa7, 0x0b, 0xef, 0x41, 0x00, 0x00, 0x00, 0x00, 0x12, 0x00,

    /* U+7529 "甩" */
    0x06, 0xdd, 0xdd, 0xdd, 0xdd, 0xda, 0x00, 0x07, 0xb1, 0x11, 0xf3, 0x11, 0x6c, 0x00, 0x07, 0xa0,
    0x00, 0xf1, 0x00, 0x4c, 0x00, 0x07, 0xea, 0xaa, 0xfb, 0xaa, 0xcc, 0x00, 0x07, 0xc6, 0x66, 0xf7,
    0x66, 0x9c, 0x00, 0x07, 0xa0, 0x00, 0xf1, 0x00, 0x4c, 0x00, 0x07, 0xd8, 0x88, 0xf9, 0x88, 0xac,
    0x00, 0x07, 0xc7, 0x77, 0xf8, 0x77, 0xac, 0x00, 0x09, 0x70, 0x00, 0xf1, 0x00, 0x5c, 0x00, 0x0b,
    0x50, 0x00, 0xf1, 0x3a, 0xe9, 0x00, 0x0e, 0x30, 0x00, 0xf1, 0x05, 0x40, 0x26, 0x6c, 0x00, 0x00,
    0xe3, 0x00, 0x00, 0x6a, 0xb4, 0x00, 0x00, 0x8f, 0xdd, 0xdd, 0xf5, 0x00, 0x00, 0x00, 0x01, 0x22,
    0x22, 0x00,

    /* U+7535 "电" */
    0x00, 0x00, 0x06, 0x00, 0x00, 0x00, 0x00, 0x00, 0x00, 0xf2, 0x00, 0x00, 0x00, 0x57, 0x77, 0x7f,
    0x87, 0x77, 0x70, 0x0b, 0xca, 0xaa, 0xfb, 0xaa, 0xaf, 0x00, 0xb5, 0x00, 0x0f, 0x20, 0x01, 0xf0,
    0x0b, 0x50, 0x00, 0xf2, 0x00, 0x1f, 0x00, 0xbf, 0xff, 0xff, 0xff, 0xff, 0xf0, 0x0b, 0x50, 0x00,
    0xf2, 0x00, 0x1f, 0x00, 0xb5, 0x00, 0x0f, 0x20, 0x01, 0xf0, 0x0b, 0xdb, 0xbb, 0xfc, 0xbb, 0xbf,
    0x00, 0xb8, 0x44, 0x4f, 0x64, 0x44, 0x40, 0x06, 0x30, 0x00, 0xf2, 0x00, 0x00, 0x46, 0x00, 0x00,
    0x0e, 0x30, 0x00, 0x07, 0x90, 0x00, 0x00, 0x8f, 0xbb, 0xbc, 0xf5, 0x00, 0x00, 0x00, 0x24, 0x44,
    0x41, 0x00,

    /* U+753B "画" */
    0x8a, 0xaa, 0xaa, 0xaa, 0xaa, 0xaa, 0xa4, 0x45, 0x55, 0x55, 0x55, 0x55, 0x55, 0x52, 0x00, 0x00,
    0x00, 0x00, 0x00, 0x00, 0x00, 0x00, 0x0b, 0xff, 0xff, 0xff, 0x70, 0x00, 0x29, 0x0b, 0x61, 0xa6,
    0x1a, 0x71, 0xb0, 0x4c, 0x0b, 0x50, 0xa5, 0x09, 0x71, 0xf0, 0x4c, 0x0b, 0xee, 0xff, 0xef, 0x71,
    0xf0, 0x4c, 0x0b, 0x50, 0xa6, 0x09, 0x71, 0xf0, 0x4c, 0x0b, 0x50, 0xa5, 0x09, 0x71, 0xf0, 0x4c,
    0x0b, 0xfe, 0xff, 0xef, 0x71, 0xf0, 0x4c, 0x00, 0x11, 0x11, 0x11, 0x01, 0xf0, 0x4d, 0x66, 0x66,
    0x66, 0x66, 0x66, 0xf0, 0x2a, 0xaa, 0xaa, 0xaa, 0xaa, 0xab, 0xf0, 0x00, 0x00, 0x00, 0x00, 0x00,
    0x00, 0x70,

    /* U+7559 "留" */
    0x00, 0x00, 0x15, 0x00, 0x00, 0x00, 0x00, 0x69, 0xbf, 0xa3, 0xdd, 0xdd, 0xdb, 0x1f, 0x63, 0x20,
    0x02, 0xa8, 0x25, 0xc1, 0xf0, 0x0b, 0x60, 0x0d, 0x40, 0x4b, 0x1f, 0x00, 0x5c, 0x01, 0xf0, 0x05,
    0xa2, 0xf2, 0x8d, 0xf1, 0x99, 0x00, 0x88, 0x7f, 0xe9, 0x3b, 0x7d, 0x16, 0xce, 0x21, 0x43, 0x33,
    0x54, 0x43, 0x35, 0x30, 0x05, 0xfd, 0xdd, 0xee, 0xdd, 0xdf, 0x10, 0x5b, 0x00, 0x0a, 0x70, 0x00,
    0xf1, 0x05, 0xea, 0xaa, 0xdc, 0xaa, 0xaf, 0x10, 0x5c, 0x55, 0x5b, 0x95, 0x55, 0xf1, 0x05, 0xb2,
    0x22, 0xb8, 0x22, 0x2f, 0x10, 0x5f, 0xdd, 0xdd, 0xdd, 0xdd, 0xf1, 0x03, 0x50, 0x00, 0x00, 0x00,
    0x07, 0x00,

    /* U+7684 "的" */
    0x00, 0x23, 0x00, 0x00, 0x60, 0x00, 0x00, 0x00, 0xa7, 0x00, 0x04, 0xc0, 0x00, 0x00, 0x00, 0xe2,
    0x00, 0x09, 0x80, 0x00, 0x00, 0x6f, 0xfe, 0xe5, 0x0e, 0xfe, 0xee, 0xe2, 0x6b, 0x33, 0xb6, 0x6d,
    0x44, 0x44, 0xf2, 0x69, 0x00, 0xa6, 0xd4, 0x00, 0x00, 0xe2, 0x69, 0x00, 0xa6, 0x80, 0x00, 0x00,
    0xf2, 0x6d, 0x99, 0xd6, 0x09, 0x90, 0x00, 0xf1, 0x6c, 0x66, 0xc6, 0x01, 0xe5, 0x00, 0xf1, 0x69,
    0x00, 0xa6, 0x00, 0x4f, 0x10, 0xf1, 0x69, 0x00, 0xa6, 0x00, 0x06, 0x10, 0xf0, 0x6b, 0x44, 0xc6,
    0x00, 0x00, 0x00, 0xf0, 0x6e, 0xbb, 0xe6, 0x00, 0x00, 0x04, 0xe0, 0x69, 0x00, 0x53, 0x00, 0x09,
    0xbf, 0x70, 0x00, 0x00, 0x00, 0x00, 0x03, 0x41, 0x00,

    /* U+76D6 "盖" */
    0x00, 0x02, 0x40, 0x00, 0x07, 0x00, 0x00, 0x00, 0x02, 0xe0, 0x00, 0x5b, 0x00, 0x00, 0x1d, 0xdd,
    0xfd, 0xdd, 0xee, 0xdd, 0xa0, 0x02, 0x22, 0x22, 0xc8, 0x22, 0x22, 0x20, 0x01, 0x44, 0x44, 0xc8,
    0x44, 0x44, 0x00, 0x03, 0xbb, 0xbb, 0xed, 0xbb, 0xbb, 0x00, 0x00, 0x00, 0x00, 0xb6, 0x00, 0x00,
    0x00, 0xbf, 0xff, 0xff, 0xff, 0xff, 0xff, 0xf5, 0x00, 0x00, 0x00, 0x00, 0x00, 0x00, 0x00, 0x02,
    0xbb, 0xbb, 0xbb, 0xbb, 0xb9, 0x00, 0x03, 0xe3, 0x5e, 0x36, 0xd3, 0x6c, 0x00, 0x03, 0xd0, 0x1d,
    0x03, 0xc0, 0x4c, 0x00, 0x03, 0xd0, 0x2d, 0x03, 0xc0, 0x4c, 0x00, 0xdf, 0xff, 0xff, 0xff, 0xff,
    0xff, 0xf8,

    /* U+76D8 "盘" */
    0x00, 0x00, 0x00, 0x71, 0x00, 0x00, 0x00, 0x00, 0x18, 0x8a, 0xf8, 0x88, 0x82, 0x00, 0x00, 0x2e,
    0x56, 0x85, 0x55, 0xd4, 0x00, 0x00, 0x2e, 0x02, 0xe5, 0x00, 0xc4, 0x00, 0x00, 0x2e, 0x00, 0x2c,
    0x10, 0xc4, 0x00, 0x6f, 0xff, 0xff, 0xff, 0xff, 0xff, 0xf3, 0x01, 0x7a, 0x16, 0x21, 0x11, 0xc4,
    0x10, 0x01, 0xd4, 0x06, 0xe5, 0x00, 0xd4, 0x00, 0x0a, 0xa0, 0x00, 0x29, 0x4e, 0xe1, 0x00, 0x02,
    0x44, 0x44, 0x44, 0x45, 0x44, 0x00, 0x04, 0xeb, 0xce, 0xbb, 0xfb, 0xbf, 0x00, 0x04, 0xb0, 0x4c,
    0x02, 0xd0, 0x1f, 0x00, 0x04, 0xb0, 0x4c, 0x02, 0xd0, 0x1f, 0x00, 0xce, 0xfe, 0xef, 0xee, 0xfe,
    0xef, 0xe8, 0x11, 0x11, 0x11, 0x11, 0x11, 0x11, 0x10,

    /* U+771F "真" */
    0x00, 0x00, 0x00, 0x24, 0x00, 0x00, 0x00, 0x16, 0x66, 0x66, 0xbc, 0x66, 0x66, 0x60, 0x17, 0x77,
    0x77, 0xda, 0x77, 0x77, 0x70, 0x00, 0x47, 0x77, 0xe9, 0x77, 0x73, 0x00, 0x00, 0x9c, 0x88, 0x88,
    0x88, 0xc7, 0x00, 0x00, 0x9b, 0x77, 0x77, 0x77, 0xc7, 0x00, 0x00, 0x9a, 0x66, 0x66, 0x66, 0xb7,
    0x00, 0x00, 0x9d, 0xbb, 0xbb, 0xbb, 0xd7, 0x00, 0x00, 0x98, 0x11, 0x11, 0x11, 0x97, 0x00, 0x00,
    0x9e, 0xdd, 0xdd, 0xdd, 0xe7, 0x00, 0x22, 0xa8, 0x22, 0x22, 0x22, 0xa9, 0x21, 0xad, 0xdd, 0xdd,
    0xdd, 0xdd, 0xdd, 0xd6, 0x00, 0x18, 0xd1, 0x00, 0x4e, 0x81, 0x00, 0x2b, 0xe8, 0x10, 0x00, 0x01,
    0x8e, 0xa0, 0x15, 0x00, 0x00, 0x00, 0x00, 0x00, 0x50,

    /* U+77ED "短" */
    0x01, 0x20, 0x00, 0x00, 0x00, 0x00, 0x00, 0x07, 0xa0, 0x01, 0xaa, 0xaa, 0xaa, 0xa4, 0x0b, 0x94,
    0x44, 0x44, 0x44, 0x44, 0x42, 0x1f, 0xcf, 0xd8, 0x01, 0x11, 0x11, 0x10, 0x8a, 0x0f, 0x10, 0x7f,
    0xff, 0xff, 0xb0, 0x82, 0x0f, 0x00, 0x79, 0x00, 0x05, 0xb0, 0x11, 0x2f, 0x11, 0x79, 0x00, 0x04,
    0xb0, 0xce, 0xef, 0xea, 0x7b, 0x55, 0x58, 0xb0, 0x00, 0x5b, 0x00, 0x4a, 0xaa, 0xaa, 0x70, 0x00,
    0xae, 0x20, 0x08, 0x00, 0x07, 0x40, 0x01, 0xf6, 0xd1, 0x0d, 0x30, 0x0f, 0x20, 0x08, 0xa0, 0x6b,
    0x08, 0x80, 0x5c, 0x00, 0x6e, 0x20, 0x02, 0x13, 0x51, 0xb7, 0x11, 0x93, 0x00, 0x0a, 0xff, 0xff,
    0xff, 0xfa,

    /* U+786C "硬" */
    0x6a, 0xaa, 0xa5, 0xdd, 0xdd, 0xdd, 0xd6, 0x36, 0xf5, 0x51, 0x00, 0x0e, 0x20, 0x00, 0x04, 0xb0,
    0x00, 0x79, 0x9f, 0x99, 0x90, 0x08, 0x70, 0x00, 0xc9, 0x7e, 0x87, 0xf0, 0x0c, 0x40, 0x00, 0xc3,
    0x0d, 0x10, 0xf0, 0x3f, 0xfe, 0xf0, 0xce, 0xdf, 0xed, 0xf0, 0xbf, 0x50, 0xf0, 0xc3, 0x0d, 0x10,
    0xf0, 0xda, 0x50, 0xf0, 0xc8, 0x6e, 0x76, 0xf0, 0x0a, 0x50, 0xf0, 0x68, 0x8f, 0x88, 0x80, 0x0a,
    0x50, 0xf0, 0x76, 0x3b, 0x00, 0x00, 0x0a, 0x72, 0xf0, 0x1d, 0xd6, 0x00, 0x00, 0x0a, 0xdc, 0xc0,
    0x0a, 0xfc, 0x40, 0x00, 0x0a, 0x50, 0x08, 0xea, 0x15, 0xce, 0xb6, 0x00, 0x00, 0x04, 0x20, 0x00,
    0x01, 0x44,

    /* U+793A "示" */
    0x01, 0xaa, 0xaa, 0xaa, 0xaa, 0xa9, 0x00, 0x00, 0x55, 0x55, 0x55, 0x55, 0x54, 0x00, 0x00, 0x00,
    0x00, 0x00, 0x00, 0x00, 0x00, 0x00, 0x00, 0x00, 0x00, 0x00, 0x00, 0x00, 0x5a, 0xaa, 0xaa, 0xaa,
    0xaa, 0xaa, 0xa2, 0x36, 0x66, 0x66, 0xca, 0x66, 0x66, 0x61, 0x00, 0x00, 0x00, 0xa6, 0x00, 0x00,
    0x00, 0x00, 0x68, 0x00, 0xa6, 0x01, 0xe0, 0x00, 0x00, 0xc5, 0x00, 0xa6, 0x00, 0xa7, 0x00, 0x03,
    0xe0, 0x00, 0xa6, 0x00, 0x2e, 0x10, 0x0c, 0x80, 0x00, 0xa6, 0x00, 0x0a, 0x80, 0x6d, 0x00, 0x00,
    0xb6, 0x00, 0x02, 0xf1, 0x33, 0x00, 0xbb, 0xf3, 0x00, 0x00, 0x50, 0x00, 0x00, 0x45, 0x20, 0x00,
    0x00, 0x00,

    /* U+79D2 "秒" */
    0x00, 0x00, 0x10, 0x00, 0x24, 0x00, 0x00, 0x48, 0xbe, 0xf4, 0x00, 0x5c, 0x00, 0x00, 0x68, 0xc8,
    0x00, 0x11, 0x5c, 0x26, 0x00, 0x00, 0x96, 0x00, 0x89, 0x5c, 0x1e, 0x10, 0x46, 0xca, 0x61, 0xc5,
    0x5c, 0x08, 0x90, 0x9b, 0xed, 0xb4, 0xf1, 0x5c, 0x01, 0xe2, 0x00, 0xe7, 0x06, 0xb0, 0x5c, 0x00,
    0x78, 0x06, 0xfe, 0x2b, 0x50, 0x5c, 0x02, 0x60, 0x0c, 0xa8, 0xd3, 0x00, 0x5c, 0x0a, 0x80, 0xa6,
    0x96, 0x48, 0x00, 0x13, 0x3f, 0x10, 0xc0, 0x96, 0x00, 0x00, 0x02, 0xe5, 0x00, 0x10, 0x96, 0x00,
    0x00, 0x5e, 0x70, 0x00, 0x00, 0x96, 0x00, 0x3a, 0xe5, 0x00, 0x00, 0x00, 0x96, 0x3d, 0xe9, 0x10,
    0x00, 0x00, 0x00, 0x43, 0x04, 0x00, 0x00, 0x00, 0x00,

    /* U+7A7A "空" */
    0x00, 0x00, 0x01, 0x60, 0x00, 0x00, 0x00, 0x00, 0x00, 0x01, 0xd5, 0x00, 0x00, 0x00, 0x8f, 0xff,
    0xff, 0xff, 0xff, 0xff, 0xf3, 0x89, 0x00, 0x00, 0x00, 0x00, 0x00, 0xe3, 0x89, 0x00, 0x65, 0x01,
    0xb2, 0x00, 0xe3, 0x11, 0x19, 0xe3, 0x00, 0x8f, 0x80, 0x20, 0x09, 0xfa, 0x10, 0x00, 0x03, 0xcd,
    0x20, 0x06, 0x20, 0x00, 0x00, 0x00, 0x07, 0x10, 0x02, 0x99, 0x99, 0x99, 0x99, 0x99, 0x00, 0x01,
    0x66, 0x66, 0xda, 0x66, 0x66, 0x00, 0x00, 0x00, 0x00, 0xb5, 0x00, 0x00, 0x00, 0x00, 0x00, 0x00,
    0xb5, 0x00, 0x00, 0x00, 0x00, 0x00, 0x00, 0xb6, 0x00, 0x00, 0x00, 0x8f, 0xff, 0xff, 0xff, 0xff,
    0xff, 0xf3,

    /* U+7ACB "立" */
    0x00, 0x00, 0x01, 0x50, 0x00, 0x00, 0x00, 0x00, 0x00, 0x02, 0xf1, 0x00, 0x00, 0x00, 0x02, 0x22,
    0x22, 0xd7, 0x22, 0x22, 0x20, 0x6f, 0xff, 0xff, 0xff, 0xff, 0xff, 0xf2, 0x00, 0x00, 0x00, 0x00,
    0x00, 0x00, 0x00, 0x00, 0x2b, 0x00, 0x00, 0x03, 0xc0, 0x00, 0x00, 0x1f, 0x30, 0x00, 0x07, 0xb0,
    0x00, 0x00, 0x0c, 0x80, 0x00, 0x0c, 0x70, 0x00, 0x00, 0x08, 0xc0, 0x00, 0x0f, 0x30, 0x00, 0x00,
    0x04, 0xf0, 0x00, 0x5e, 0x00, 0x00, 0x00, 0x00, 0xf4, 0x00, 0xb8, 0x00, 0x00, 0x00, 0x00, 0xc6,
    0x01, 0xf2, 0x00, 0x00, 0x66, 0x66, 0x76, 0x6a, 0xe6, 0x66, 0x64, 0x9a, 0xaa, 0xaa, 0xaa, 0xaa,
    0xaa, 0xa6,

    /* U+7AEF "端" */
    0x01, 0x10, 0x00, 0x00, 0x14, 0x00, 0x00, 0x08, 0x80, 0x03, 0xa0, 0x4c, 0x02, 0xb0, 0x03, 0xd0,
    0x04, 0xb0, 0x4c, 0x02, 0xd0, 0xff, 0xff, 0xb4, 0xe9, 0xbe, 0x9a, 0xd0, 0x22, 0x22, 0x12, 0x88,
    0x88, 0x88, 0x60, 0x73, 0x0b, 0x32, 0x22, 0x22, 0x22, 0x21, 0x86, 0x0d, 0x1c, 0xdd, 0xee, 0xdd,
    0xd7, 0x59, 0x0f, 0x00, 0x00, 0x97, 0x00, 0x00, 0x3b, 0x1d, 0x05, 0xbb, 0xfc, 0xbb, 0xb1, 0x1d,
    0x3b, 0x08, 0x96, 0xc4, 0xe3, 0xd2, 0x0e, 0x49, 0x08, 0x73, 0xb1, 0xd0, 0xc2, 0x02, 0x6b, 0x78,
    0x73, 0xb1, 0xd0, 0xc2, 0x9d, 0xe9, 0x38, 0x73, 0xb1, 0xd0, 0xc2, 0x63, 0x00, 0x08, 0x73, 0xb1,
    0xd5, 0xf1, 0x00, 0x00, 0x03, 0x30, 0x20, 0x23, 0x40,

    /* U+7B2C "第" */
    0x00, 0x61, 0x00, 0x00, 0x52, 0x00, 0x00, 0x05, 0xf7, 0x77, 0x63, 0xf9, 0x77, 0x74, 0x2e, 0x8c,
    0xc7, 0x6c, 0xa7, 0xf6, 0x63, 0x88, 0x02, 0xe1, 0x2d, 0x00, 0xa7, 0x00, 0x03, 0x66, 0x76, 0x66,
    0x66, 0x76, 0x20, 0x06, 0xaa, 0xaa, 0xdd, 0xaa, 0xae, 0x50, 0x00, 0x00, 0x00, 0x97, 0x00, 0x0c,
    0x50, 0x04, 0xee, 0xee, 0xff, 0xee, 0xef, 0x50, 0x08, 0xa1, 0x11, 0xa8, 0x11, 0x11, 0x00, 0x0b,
    0xa6, 0x66, 0xca, 0x66, 0x66, 0x50, 0x07, 0x88, 0x9f, 0xdb, 0x88, 0x8a, 0xd0, 0x00, 0x03, 0xd5,
    0x97, 0x00, 0x04, 0xc0, 0x04, 0xbe, 0x40, 0x97, 0x05, 0x4b, 0xa0, 0x8e, 0x60, 0x00, 0x97, 0x0a,
    0xb9, 0x10, 0x00, 0x00, 0x00, 0x43, 0x00, 0x00, 0x00,

    /* U+7B49 "等" */
    0x00, 0x60, 0x00, 0x00, 0x60, 0x00, 0x00, 0x07, 0xf6, 0x66, 0x46, 0xf7, 0x77, 0x71, 0x1f, 0x9f,
    0x97, 0x4d, 0x9b, 0xc6, 0x61, 0x9b, 0x07, 0xb0, 0x1a, 0x01, 0xe2, 0x00, 0x22, 0x00, 0x40, 0xa5,
    0x00, 0x30, 0x00, 0x02, 0xdd, 0xdd, 0xfe, 0xdd, 0xda, 0x00, 0x00, 0x11, 0x11, 0xb6, 0x11, 0x11,
    0x00, 0x67, 0x77, 0x77, 0xda, 0x77, 0x77, 0x73, 0x67, 0x77, 0x77, 0x77, 0x7b, 0xc7, 0x73, 0x00,
    0x00, 0x00, 0x00, 0x08, 0x90, 0x00, 0x0d, 0xee, 0xee, 0xee, 0xef, 0xfe, 0xc0, 0x00, 0x07, 0x00,
    0x00, 0x07, 0x90, 0x00, 0x00, 0x0b, 0x90, 0x00, 0x07, 0x90, 0x00, 0x00, 0x00, 0xb2, 0x07, 0x7e,
    0x70, 0x00, 0x00, 0x00, 0x00, 0x07, 0x76, 0x10, 0x00,

    /* U+7B7E "签" */
    0x00, 0x50, 0x00, 0x00, 0x41, 0x00, 0x00, 0x06, 0xf3, 0x33, 0x21, 0xf6, 0x33, 0x31, 0x0e, 0xcd,
    0xeb, 0x88, 0xeb, 0xfb, 0xb5, 0x7d, 0x03, 0xd0, 0x0e, 0x30, 0xb6, 0x00, 0x95, 0x00, 0x92, 0x88,
    0x00, 0x48, 0x00, 0x00, 0x00, 0x6e, 0x8c, 0xc2, 0x00, 0x00, 0x00, 0x5c, 0xc3, 0x00, 0x6e, 0x93,
    0x00, 0x7e, 0xc9, 0x43, 0x33, 0x35, 0xae, 0xc4, 0x53, 0x0b, 0xbb, 0xbb, 0xbb, 0x80, 0x52, 0x00,
    0x32, 0x02, 0x80, 0x00, 0x72, 0x00, 0x00, 0x89, 0x00, 0xf0, 0x02, 0xf0, 0x00, 0x00, 0x1e, 0x00,
    0xb5, 0x09, 0x90, 0x00, 0x00, 0x06, 0x10, 0x32, 0x1f, 0x20, 0x00, 0x7f, 0xff, 0xff, 0xff, 0xff,
    0xff, 0xf2,

    /* U+7B80 "简" */
    0x00, 0x50, 0x00, 0x00, 0x41, 0x00, 0x00, 0x07, 0xf6, 0x66, 0x52, 0xf8, 0x66, 0x63, 0x1f, 0x8b,
    0xc7, 0x5a, 0xc8, 0xf8, 0x73, 0xaa, 0x02, 0xe1, 0x1e, 0x20, 0x99, 0x00, 0x21, 0xa2, 0x41, 0x33,
    0x33, 0x45, 0x10, 0x00, 0x5d, 0x13, 0xdd, 0xdd, 0xde, 0x90, 0x07, 0x15, 0x10, 0x00, 0x00, 0x07,
    0x90, 0x0d, 0x30, 0xbd, 0xdd, 0xd7, 0x07, 0x90, 0x0d, 0x30, 0xd3, 0x11, 0x79, 0x07, 0x90, 0x0d,
    0x30, 0xd8, 0x77, 0xb9, 0x07, 0x90, 0x0d, 0x30, 0xd8, 0x66, 0xa9, 0x07, 0x90, 0x0d, 0x30, 0xd3,
    0x11, 0x79, 0x07, 0x90, 0x0d, 0x30, 0xbd, 0xdd, 0xd7, 0x07, 0x90, 0x0d, 0x30, 0x00, 0x00, 0x03,
    0x8e, 0x70, 0x07, 0x10, 0x00, 0x00, 0x01, 0x75, 0x00,

    /* U+7BAD "箭" */
    0x00, 0x70, 0x00, 0x00, 0x61, 0x00, 0x00, 0x07, 0xe7, 0x77, 0x44, 0xf8, 0x77, 0x73, 0x2e, 0x7b,
    0xc7, 0x5d, 0xa7, 0xf8, 0x62, 0xb8, 0x01, 0xe2, 0x4c, 0x03, 0x87, 0x00, 0x00, 0x07, 0xa0, 0x00,
    0x4d, 0x00, 0x00, 0x9a, 0xab, 0xfa, 0xaa, 0xdd, 0xaa, 0xa5, 0x44, 0x44, 0x44, 0x44, 0x44, 0x44,
    0x42, 0x08, 0xbb, 0xbb, 0xa0, 0x12, 0x0a, 0x60, 0x0b, 0x62, 0x23, 0xf0, 0x6a, 0x0a, 0x60, 0x0b,
    0xca, 0xaa, 0xf0, 0x6a, 0x0a, 0x60, 0x0b, 0x72, 0x24, 0xf0, 0x6a, 0x0a, 0x60, 0x0b, 0xca, 0xab,
    0xf0, 0x6a, 0x0a, 0x60, 0x0b, 0x62, 0x23, 0xf0, 0x12, 0x0a, 0x60, 0x0b, 0x50, 0x38, 0xd0, 0x04,
    0x8f, 0x40, 0x06, 0x20, 0x27, 0x30, 0x03, 0x75, 0x00,

    /* U+7C7B "类" */
    0x00, 0x00, 0x00, 0x52, 0x00, 0x20, 0x00, 0x00, 0x79, 0x00, 0xb6, 0x01, 0xe1, 0x00, 0x00, 0x0c,
    0x10, 0xb6, 0x07, 0x70, 0x00, 0x37, 0x77, 0x77, 0xdb, 0x77, 0x77, 0x71, 0x5a, 0xaa, 0xaf, 0xec,
    0xaa, 0xaa, 0xa1, 0x00, 0x01, 0xb5, 0xbd, 0x93, 0x00, 0x00, 0x02, 0x8d, 0x50, 0xb6, 0x3b, 0xd7,
    0x10, 0x4e, 0x70, 0x00, 0x53, 0x00, 0x29, 0xa0, 0x00, 0x00, 0x00, 0xc5, 0x00, 0x00, 0x00, 0x6a,
    0xaa, 0xaa, 0xfb, 0xaa, 0xaa, 0xa2, 0x35, 0x55, 0x5c, 0xee, 0x65, 0x55, 0x51, 0x00, 0x00, 0x6e,
    0x16, 0xd3, 0x00, 0x00, 0x00, 0x3b, 0xd3, 0x00, 0x5e, 0x93, 0x00, 0x7e, 0xd7, 0x00, 0x00, 0x01,
    0x7e, 0xd3, 0x33, 0x00, 0x00, 0x00, 0x00, 0x00, 0x40,

    /* U+7CBE "精" */
    0x00, 0x42, 0x00, 0x00, 0x05, 0x10, 0x00, 0x10, 0xb5, 0x32, 0x88, 0x8e, 0x98, 0x82, 0xb2, 0xb5,
    0x93, 0x55, 0x5e, 0x75, 0x51, 0x84, 0xb5, 0xc0, 0x6a, 0xaf, 0xba, 0x80, 0x47, 0xb5, 0xc0, 0x35,
    0x5e, 0x75, 0x50, 0x01, 0xb5, 0x03, 0x88, 0x8e, 0x98, 0x85, 0xdf, 0xff, 0xf4, 0x55, 0x55, 0x55,
    0x54, 0x01, 0xf7, 0x00, 0x6a, 0xaa, 0xaa, 0x90, 0x06, 0xfd, 0x30, 0x99, 0x33, 0x35, 0xd0, 0x1b,
    0xb6, 0xd2, 0x9d, 0xaa, 0xab, 0xd0, 0xa4, 0xb5, 0x64, 0x98, 0x22, 0x25, 0xd0, 0xb0, 0xb5, 0x00,
    0x9d, 0xcc, 0xcc, 0xd0, 0x00, 0xb5, 0x00, 0x97, 0x11, 0x13, 0xd0, 0x00, 0xb5, 0x00, 0x97, 0x00,
    0x5b, 0xc0, 0x00, 0x52, 0x00, 0x43, 0x00, 0x25, 0x10,

    /* U+7CFB "系" */
    0x00, 0x00, 0x00, 0x00, 0x00, 0x13, 0x00, 0x05, 0x67, 0x88, 0x9a, 0xce, 0xeb, 0x20, 0x05, 0x87,
    0x7d, 0xb4, 0x21, 0x00, 0x00, 0x00, 0x00, 0x8a, 0x00, 0x1d, 0x60, 0x00, 0x00, 0x09, 0xa0, 0x02,
    0xd7, 0x00, 0x00, 0x00, 0xcf, 0xdd, 0xef, 0x50, 0x00, 0x00, 0x00, 0x00, 0x07, 0xd3, 0x07, 0x70,
    0x00, 0x00, 0x04, 0xc8, 0x00, 0x01, 0xe4, 0x00, 0x04, 0xcf, 0xca, 0xbc, 0xde, 0xde, 0x10, 0x02,
    0x76, 0x54, 0xa9, 0x00, 0x08, 0xa0, 0x00, 0x07, 0x40, 0x88, 0x0a, 0x30, 0x10, 0x00, 0xac, 0x10,
    0x88, 0x04, 0xe4, 0x00, 0x2d, 0xa0, 0x00, 0x88, 0x00, 0x2d, 0x60, 0x88, 0x00, 0x58, 0xe7, 0x00,
    0x01, 0xd2, 0x00, 0x00, 0x37, 0x50, 0x00, 0x00, 0x00,

    /* U+7E41 "繁" */
    0x00, 0x50, 0x00, 0x00, 0x04, 0x00, 0x00, 0x09, 0xe7, 0x77, 0x71, 0x9a, 0x11, 0x10, 0x7d, 0x44,
    0x44, 0x44, 0xfc, 0xcd, 0xd4, 0x8c, 0xbb, 0xac, 0x8c, 0xe5, 0x0c, 0x40, 0x1c, 0x18, 0x55, 0x97,
    0x2d, 0x4e, 0x00, 0x9f, 0x9a, 0x8b, 0xc4, 0x08, 0xf5, 0x00, 0x0d, 0x49, 0x8a, 0x71, 0x8d, 0xad,
    0x60, 0x05, 0x55, 0x6e, 0x78, 0x70, 0x02, 0xa8, 0x00, 0x27, 0xa5, 0x02, 0xa7, 0x00, 0x00, 0x00,
    0xaa, 0x9c, 0xe8, 0x14, 0x60, 0x00, 0x01, 0x49, 0xa6, 0x22, 0x35, 0xeb, 0x10, 0x08, 0xba, 0xa9,
    0xdb, 0x76, 0x58, 0xd0, 0x00, 0x29, 0x60, 0x96, 0x1c, 0x72, 0x10, 0x6d, 0xc5, 0x24, 0xc6, 0x02,
    0x8d, 0xc1, 0x21, 0x00, 0x28, 0x70, 0x00, 0x00, 0x20,

    /* U+7EA2 "红" */
    0x00, 0x12, 0x00, 0x00, 0x00, 0x00, 0x00, 0x00, 0x8b, 0x00, 0x77, 0x77, 0x77, 0x71, 0x01, 0xf3,
    0x00, 0x88, 0x8f, 0x98, 0x82, 0x08, 0xb0, 0x43, 0x00, 0x0e, 0x30, 0x00, 0x0e, 0x20, 0xd4, 0x00,
    0x0e, 0x30, 0x00, 0x9b, 0x59, 0xb0, 0x00, 0x0e, 0x30, 0x00, 0xab, 0x9f, 0x20, 0x00, 0x0e, 0x30,
    0x00, 0x00, 0x98, 0x00, 0x00, 0x0e, 0x30, 0x00, 0x04, 0xd0, 0x01, 0x00, 0x0e, 0x30, 0x00, 0x3e,
    0x9b, 0xe5, 0x00, 0x0e, 0x30, 0x00, 0x8b, 0x73, 0x00, 0x00, 0x0e, 0x30, 0x00, 0x00, 0x00, 0x31,
    0x00, 0x0e, 0x30, 0x00, 0x26, 0xbe, 0xd3, 0x33, 0x3e, 0x53, 0x32, 0xca, 0x61, 0x05, 0xdd, 0xdd,
    0xdd, 0xd8,

    /* U+7EA7 "级" */
    0x00, 0x22, 0x00, 0x00, 0x00, 0x00, 0x00, 0x00, 0xb7, 0x09, 0xdd, 0xdd, 0xdc, 0x00, 0x03, 0xf1,
    0x00, 0x4e, 0x11, 0x5c, 0x00, 0x0a, 0x80, 0x30, 0x3d, 0x00, 0x79, 0x00, 0x2e, 0x11, 0xe1, 0x4d,
    0x00, 0xa6, 0x00, 0xbb, 0x8c, 0x60, 0x5f, 0x10, 0xda, 0x80, 0x77, 0x9d, 0x00, 0x6f, 0x50, 0x67,
    0xf0, 0x00, 0xd3, 0x00, 0x9b, 0xa0, 0x04, 0xb0, 0x0a, 0x71, 0x50, 0xc3, 0xa2, 0x0a, 0x70, 0x8f,
    0xdd, 0x91, 0xe0, 0x3b, 0x2e, 0x10, 0x34, 0x00, 0x05, 0xb0, 0x0b, 0xd7, 0x00, 0x00, 0x16, 0x5b,
    0x60, 0x0b, 0xf5, 0x00, 0x8d, 0xea, 0x8c, 0x03, 0xdc, 0x5e, 0x70, 0x83, 0x00, 0xe3, 0x4f, 0x70,
    0x02, 0xe7, 0x00, 0x00, 0x20, 0x03, 0x00, 0x00, 0x12,

    /* U+7EB5 "纵" */
    0x00, 0x21, 0x00, 0x21, 0x00, 0x40, 0x00, 0x00, 0xc6, 0x00, 0xa5, 0x00, 0xe1, 0x00, 0x03, 0xe0,
    0x00, 0xb4, 0x00, 0xe0, 0x00, 0x0a, 0x70, 0x50, 0xb4, 0x00, 0xf0, 0x00, 0x1e, 0x06, 0xa0, 0xc3,
    0x00, 0xf0, 0x00, 0xab, 0x8d, 0x20, 0xd2, 0x01, 0xf0, 0x00, 0x78, 0xaa, 0x00, 0xe1, 0x02, 0xf3,
    0x00, 0x01, 0xd1, 0x00, 0xfa, 0x04, 0xf7, 0x00, 0x0a, 0x62, 0x42, 0xd9, 0x86, 0xcb, 0x00, 0x7f,
    0xdc, 0x56, 0x91, 0xbb, 0x5d, 0x00, 0x44, 0x00, 0x0a, 0x50, 0x0e, 0x19, 0x40, 0x00, 0x49, 0x3e,
    0x20, 0x4c, 0x05, 0xc0, 0xaf, 0xc7, 0x8a, 0x00, 0xd5, 0x00, 0xd4, 0x61, 0x00, 0xe2, 0x04, 0xc0,
    0x00, 0x69, 0x00, 0x00, 0x20, 0x00, 0x20, 0x00, 0x01,

    /* U+7EBF "线" */
    0x00, 0x32, 0x00, 0x01, 0x50, 0x40, 0x00, 0x00, 0xc6, 0x00, 0x03, 0xd0, 0xc8, 0x00, 0x03, 0xe0,
    0x00, 0x03, 0xd0, 0x1a, 0x10, 0x0a, 0x80, 0x30, 0x04, 0xe5, 0x8b, 0x80, 0x1e, 0x13, 0xe6, 0xef,
    0xfc, 0x97, 0x30, 0xab, 0x6c, 0x62, 0x34, 0xe0, 0x00, 0x00, 0x99, 0xad, 0x00, 0x01, 0xf2, 0x47,
    0x90, 0x00, 0xc4, 0x06, 0xad, 0xfe, 0xc9, 0x70, 0x07, 0x90, 0x26, 0x63, 0xe3, 0x04, 0x50, 0x5f,
    0xae, 0xc1, 0x00, 0xa7, 0x2e, 0x40, 0x58, 0x40, 0x00, 0x00, 0x5c, 0xd5, 0x00, 0x00, 0x00, 0x42,
    0x00, 0x5f, 0x80, 0x77, 0x37, 0xbf, 0xc2, 0x3c, 0xeb, 0xb0, 0xc3, 0xa9, 0x50, 0x07, 0xe6, 0x00,
    0xbe, 0xd0, 0x00, 0x00, 0x00, 0x00, 0x00, 0x04, 0x00,

    /* U+7EC4 "组" */
    0x00, 0x12, 0x00, 0x00, 0x00, 0x00, 0x00, 0x00, 0x8a, 0x00, 0x8c, 0xcc, 0xcc, 0x40, 0x01, 0xf2,
    0x00, 0xb7, 0x33, 0x3b, 0x60, 0x08, 0xa0, 0x63, 0xb5, 0x00, 0x0a, 0x60, 0x1e, 0x20, 0xe2, 0xb5,
    0x00, 0x0a, 0x60, 0xac, 0x8c, 0x80, 0xbe, 0xdd, 0xdf, 0x60, 0x78, 0x8e, 0x10, 0xb7, 0x33, 0x3b,
    0x60, 0x00, 0xc5, 0x00, 0xb5, 0x00, 0x0a, 0x60, 0x08, 0xa1, 0x52, 0xb5, 0x00, 0x0a, 0x60, 0x6f,
    0xcd, 0x92, 0xbf, 0xff, 0xff, 0x60, 0x46, 0x20, 0x00, 0xb6, 0x11, 0x1b, 0x60, 0x00, 0x05, 0xa3,
    0xb5, 0x00, 0x0a, 0x60, 0x5b, 0xfb, 0x61, 0xb6, 0x11, 0x1b, 0x60, 0x66, 0x10, 0x0f, 0xff, 0xff,
    0xff, 0xfa,

    /* U+7EDC "络" */
    0x00, 0x22, 0x00, 0x02, 0x40, 0x00, 0x00, 0x00, 0xb7, 0x00, 0x0b, 0x92, 0x22, 0x10, 0x02, 0xf1,
    0x00, 0x3f, 0xcc, 0xcf, 0x60, 0x09, 0x90, 0x31, 0xdd, 0x00, 0x4e, 0x00, 0x0e, 0x13, 0xdb, 0xaa,
    0x81, 0xe6, 0x00, 0x8c, 0x7c, 0x53, 0x01, 0xdd, 0x90, 0x00, 0x89, 0xac, 0x00, 0x06, 0xee, 0xa3,
    0x00, 0x00, 0xc4, 0x05, 0xdc, 0x30, 0x6e, 0xb3, 0x07, 0x90, 0x3b, 0x62, 0x22, 0x22, 0x86, 0x4f,
    0xae, 0xc0, 0xbe, 0xdd, 0xdf, 0x70, 0x48, 0x40, 0x00, 0xb5, 0x00, 0x09, 0x70, 0x00, 0x00, 0x42,
    0xb5, 0x00, 0x09, 0x70, 0x37, 0xbf, 0xc3, 0xb7, 0x33, 0x3a, 0x70, 0x99, 0x51, 0x00, 0xbd, 0xcc,
    0xce, 0x70, 0x00, 0x00, 0x00, 0x42, 0x00, 0x03, 0x20,

    /* U+7EDF "统" */
    0x00, 0x22, 0x00, 0x00, 0x52, 0x00, 0x00, 0x00, 0xb7, 0x00, 0x00, 0x79, 0x00, 0x00, 0x02, 0xf1,
    0x0f, 0xff, 0xff, 0xff, 0xf3, 0x09, 0x90, 0x31, 0x1c, 0x71, 0x51, 0x10, 0x1e, 0x13, 0xe0, 0x3e,
    0x00, 0xb7, 0x00, 0x9b, 0x7d, 0x50, 0xc5, 0x02, 0x6f, 0x20, 0x89, 0xad, 0x08, 0xfe, 0xed, 0xbb,
    0xc0, 0x00, 0xd4, 0x01, 0x32, 0x01, 0x20, 0x70, 0x08, 0x91, 0x60, 0x4c, 0x04, 0xc0, 0x00, 0x6f,
    0xbd, 0x90, 0x5a, 0x04, 0xc0, 0x00, 0x67, 0x20, 0x00, 0x88, 0x04, 0xc0, 0x00, 0x00, 0x16, 0xb1,
    0xd4, 0x04, 0xc0, 0x4a, 0x4b, 0xfa, 0x5a, 0xd0, 0x04, 0xc0, 0x5a, 0x76, 0x10, 0x7e, 0x20, 0x01,
    0xfc, 0xe6, 0x00, 0x00, 0x11, 0x00, 0x00, 0x13, 0x10,

    /* U+7EE7 "继" */
    0x00, 0x31, 0x00, 0x00, 0x00, 0x30, 0x00, 0x00, 0xd4, 0x07, 0x92, 0x12, 0xe0, 0x42, 0x04, 0xe0,
    0x07, 0x97, 0x62, 0xe0, 0xd1, 0x0b, 0x70, 0x37, 0x92, 0xc2, 0xe2, 0xc0, 0x2e, 0x03, 0xd7, 0x90,
    0x92, 0xe4, 0x50, 0xab, 0x7d, 0x57, 0x94, 0x78, 0xe7, 0x71, 0x89, 0xac, 0x07, 0x94, 0x8e, 0xf8,
    0x82, 0x00, 0xc3, 0x07, 0x90, 0x1c, 0xf5, 0x00, 0x07, 0x90, 0x27, 0x90, 0x95, 0xea, 0x50, 0x4f,
    0xad, 0xb7, 0x94, 0xc2, 0xe1, 0xd3, 0x58, 0x40, 0x07, 0x9b, 0x22, 0xe0, 0x31, 0x00, 0x01, 0x57,
    0x91, 0x02, 0xe0, 0x00, 0x48, 0xde, 0xa7, 0x90, 0x01, 0x20, 0x00, 0xb8, 0x30, 0x06, 0xff, 0xff,
    0xff, 0xf9,

    /* U+7EED "续" */
    0x00, 0x31, 0x00, 0x00, 0x16, 0x00, 0x00, 0x00, 0xe3, 0x01, 0x88, 0x9e, 0x88, 0x80, 0x05, 0xd0,
    0x01, 0x66, 0x8e, 0x66, 0x60, 0x0b, 0x60, 0x41, 0x22, 0x4e, 0x22, 0x20, 0x2e, 0x06, 0xba, 0xff,
    0xff, 0xff, 0xf4, 0xab, 0x9e, 0x30, 0x32, 0x04, 0x10, 0xe0, 0x77, 0xba, 0x00, 0x4d, 0x6c, 0x45,
    0xb0, 0x01, 0xe1, 0x0a, 0x61, 0x4c, 0x42, 0x30, 0x0c, 0x53, 0x31, 0xa9, 0x0c, 0x40, 0x00, 0x9f,
    0xdb, 0x49, 0x9a, 0x9e, 0xa9, 0x96, 0x33, 0x00, 0x06, 0x66, 0x8f, 0x66, 0x64, 0x00, 0x05, 0x60,
    0x00, 0xaf, 0x60, 0x00, 0x6c, 0xfb, 0x50, 0x1a, 0xd3, 0xbc, 0x30, 0x64, 0x00, 0x09, 0xfa, 0x10,
    0x06, 0xe7, 0x00, 0x00, 0x04, 0x20, 0x00, 0x00, 0x13,

    /* U+7F3A "缺" */
    0x03, 0x20, 0x00, 0x00, 0x06, 0x00, 0x00, 0x0d, 0x40, 0x00, 0x00, 0x0e, 0x10, 0x00, 0x3f, 0xdd,
    0xdd, 0x03, 0x4f, 0x54, 0x20, 0x8a, 0x4d, 0x22, 0x0c, 0xdf, 0xee, 0xb0, 0xc4, 0x2d, 0x00, 0x00,
    0x0e, 0x15, 0xb0, 0x10, 0x2d, 0x00, 0x00, 0x0f, 0x15, 0xb0, 0xdf, 0xff, 0xff, 0x70, 0x0f, 0x05,
    0xb0, 0x00, 0x2d, 0x00, 0x39, 0x9f, 0x9b, 0xe6, 0x46, 0x2d, 0x0a, 0x26, 0x8f, 0xc6, 0x64, 0x69,
    0x2d, 0x0e, 0x00, 0x7b, 0xe0, 0x00, 0x69, 0x2d, 0x0e, 0x00, 0xb4, 0xa6, 0x00, 0x69, 0x2d, 0x0e,
    0x01, 0xe0, 0x3d, 0x10, 0x6c, 0xaf, 0xef, 0x1c, 0x80, 0x09, 0xc0, 0x37, 0x53, 0x1a, 0x7c, 0x00,
    0x00, 0xc8, 0x00, 0x00, 0x00, 0x11, 0x00, 0x00, 0x12,

    /* U+7F51 "网" */
    0x2d, 0xdd, 0xdd, 0xdd, 0xdd, 0xdd, 0xb2, 0xe1, 0x11, 0x11, 0x11, 0x11, 0x5d, 0x2e, 0x00, 0x0a,
    0x20, 0x04, 0x83, 0xd2, 0xe2, 0x00, 0xf1, 0x00, 0x89, 0x3d, 0x2e, 0x99, 0x2e, 0x4c, 0x0b, 0x63,
    0xd2, 0xe0, 0xdb, 0xa0, 0xb8, 0xe2, 0x3d, 0x2e, 0x02, 0xf7, 0x01, 0xed, 0x03, 0xd2, 0xe0, 0x1f,
    0xc0, 0x09, 0xe0, 0x3d, 0x2e, 0x08, 0xaa, 0x81, 0xfb, 0x83, 0xd2, 0xe1, 0xe2, 0x1c, 0xa9, 0x1e,
    0x7d, 0x2e, 0x7a, 0x00, 0x2e, 0x10, 0x56, 0xd2, 0xe3, 0x20, 0x04, 0x70, 0x00, 0x4d, 0x2e, 0x00,
    0x00, 0x00, 0x02, 0x9d, 0xa1, 0x60, 0x00, 0x00, 0x00, 0x06, 0x51,

    /* U+7F6E "置" */
    0x08, 0xcb, 0xcd, 0xbb, 0xeb, 0xbd, 0x30, 0x09, 0x70, 0x5a, 0x00, 0xf0, 0x0c, 0x40, 0x09, 0xed,
    0xee, 0xee, 0xfe, 0xde, 0x40, 0x00, 0x00, 0x00, 0xb6, 0x00, 0x00, 0x00, 0x7c, 0xcc, 0xcc, 0xfd,
    0xcc, 0xcc, 0xc3, 0x00, 0x35, 0x55, 0xf6, 0x55, 0x52, 0x00, 0x00, 0xb9, 0x66, 0x66, 0x66, 0xc6,
    0x00, 0x00, 0xbc, 0xaa, 0xaa, 0xaa, 0xe6, 0x00, 0x00, 0xb6, 0x00, 0x00, 0x00, 0xb6, 0x00, 0x00,
    0xbc, 0xaa, 0xaa, 0xaa, 0xe6, 0x00, 0x00, 0xb9, 0x66, 0x66, 0x66, 0xc6, 0x00, 0x00, 0xb8, 0x44,
    0x44, 0x44, 0xc6, 0x00, 0x9b, 0xed, 0xbb, 0xbb, 0xbb, 0xed, 0xb6, 0x22, 0x22, 0x22, 0x22, 0x22,
    0x22, 0x21,

    /* U+800C "而" */
    0x78, 0x88, 0x88, 0x88, 0x88, 0x88, 0x84, 0x67, 0x77, 0x77, 0xfa, 0x77, 0x77, 0x73, 0x00, 0x00,
    0x03, 0xf1, 0x00, 0x00, 0x00, 0x01, 0x11, 0x18, 0xc1, 0x11, 0x11, 0x10, 0x0c, 0xff, 0xff, 0xff,
    0xff, 0xff, 0xa0, 0x0c, 0x40, 0x69, 0x00, 0xf1, 0x06, 0xa0, 0x0c, 0x40, 0x69, 0x00, 0xf1, 0x06,
    0xa0, 0x0c, 0x40, 0x69, 0x00, 0xf1, 0x06, 0xa0, 0x0c, 0x40, 0x69, 0x00, 0xf1, 0x06, 0xa0, 0x0c,
    0x40, 0x69, 0x00, 0xf1, 0x06, 0xa0, 0x0c, 0x40, 0x69, 0x00, 0xf1, 0x06, 0xa0, 0x0c, 0x40, 0x69,
    0x00, 0xf1, 0x07, 0xa0, 0x0c, 0x40, 0x69, 0x00, 0xf3, 0xaf, 0x70, 0x05, 0x10, 0x00, 0x00, 0x00,
    0x64, 0x00,

    /* U+80F6 "胶" */
    0x00, 0x00, 0x00, 0x00, 0x52, 0x00, 0x00, 0x2d, 0xdd, 0x90, 0x00, 0x7a, 0x00, 0x00, 0x3c, 0x05,
    0xb3, 0x99, 0xaf, 0x99, 0x93, 0x3c, 0x04, 0xb3, 0x88, 0x88, 0x88, 0x82, 0x3d, 0x16, 0xb0, 0x09,
    0x20, 0x58, 0x00, 0x3f, 0xee, 0xb0, 0x3c, 0x00, 0x1e, 0x30, 0x3c, 0x04, 0xb0, 0xc3, 0x00, 0x06,
    0xd0, 0x3c, 0x04, 0xb8, 0xac, 0x10, 0x69, 0xb7, 0x3e, 0x9b, 0xb3, 0x1a, 0x50, 0xc6, 0x10, 0x4d,
    0x79, 0xb0, 0x05, 0xc2, 0xf2, 0x00, 0x5a, 0x04, 0xb0, 0x00, 0xcd, 0xa0, 0x00, 0x78, 0x04, 0xb0,
    0x00, 0x7f, 0x80, 0x00, 0xa6, 0x05, 0xb0, 0x08, 0xe6, 0xdb, 0x20, 0xe1, 0x5d, 0x97, 0xfb, 0x20,
    0x09, 0xf8, 0x30, 0x46, 0x13, 0x20, 0x00, 0x00, 0x12,

    /* U+80FD "能" */
    0x00, 0x13, 0x00, 0x00, 0x60, 0x00, 0x00, 0x00, 0xc7, 0x03, 0x00, 0xf0, 0x00, 0x30, 0x08, 0xb0,
    0x2e, 0x10, 0xfa, 0xcf, 0xc2, 0x4e, 0x22, 0x4b, 0xa0, 0xf6, 0x30, 0x00, 0xcf, 0xfe, 0xb9, 0xe5,
    0xf0, 0x00, 0x53, 0x10, 0x00, 0x00, 0x31, 0xf1, 0x00, 0xa6, 0x0f, 0xff, 0xff, 0x80, 0xdd, 0xbb,
    0xf2, 0x0f, 0x00, 0x08, 0x80, 0x34, 0x44, 0x10, 0x0f, 0x99, 0x9c, 0x80, 0xf0, 0x00, 0x00, 0x0f,
    0x55, 0x5a, 0x80, 0xf6, 0x9c, 0xf3, 0x0f, 0x44, 0x4a, 0x80, 0xf9, 0x63, 0x00, 0x0f, 0xaa, 0xad,
    0x80, 0xf0, 0x00, 0x33, 0x0f, 0x00, 0x08, 0x80, 0xf0, 0x00, 0x87, 0x0f, 0x01, 0x9e, 0x60, 0xed,
    0xbb, 0xf3, 0x08, 0x00, 0x65, 0x00, 0x04, 0x44, 0x10,

    /* U+81EA "自" */
    0x00, 0x00, 0x24, 0x00, 0x00, 0x00, 0x00, 0x0a, 0x70, 0x00, 0x00, 0x2c, 0xcc, 0xfc, 0xcc, 0xcc,
    0xa3, 0xe5, 0x55, 0x55, 0x55, 0x7d, 0x3e, 0x00, 0x00, 0x00, 0x03, 0xd3, 0xe3, 0x33, 0x33, 0x33,
    0x6d, 0x3f, 0xcc, 0xcc, 0xcc, 0xcd, 0xd3, 0xe0, 0x00, 0x00, 0x00, 0x3d, 0x3e, 0x00, 0x00, 0x00,
    0x03, 0xd3, 0xfe, 0xee, 0xee, 0xee, 0xfd, 0x3e, 0x11, 0x11, 0x11, 0x14, 0xd3, 0xe0, 0x00, 0x00,
    0x00, 0x3d, 0x3f, 0x77, 0x77, 0x77, 0x79, 0xd3, 0xf8, 0x88, 0x88, 0x88, 0xad, 0x16, 0x00, 0x00,
    0x00, 0x01, 0x60,

    /* U+8272 "色" */
    0x00, 0x00, 0x34, 0x00, 0x00, 0x00, 0x00, 0x00, 0x02, 0xf6, 0x22, 0x22, 0x00, 0x00, 0x00, 0x1e,
    0xdd, 0xdd, 0xdf, 0x60, 0x00, 0x02, 0xd8, 0x00, 0x00, 0x8c, 0x00, 0x00, 0x5f, 0x90, 0x00, 0x05,
    0xf2, 0x00, 0x00, 0x98, 0xff, 0xff, 0xff, 0xff, 0xff, 0x40, 0x01, 0xf0, 0x00, 0x6a, 0x00, 0x0d,
    0x40, 0x01, 0xf0, 0x00, 0x6a, 0x00, 0x0d, 0x40, 0x01, 0xf4, 0x44, 0x9c, 0x44, 0x4d, 0x40, 0x01,
    0xfb, 0xbb, 0xbb, 0xbb, 0xbb, 0x30, 0x01, 0xf0, 0x00, 0x00, 0x00, 0x00, 0x10, 0x01, 0xf0, 0x00,
    0x00, 0x00, 0x00, 0xb5, 0x01, 0xf1, 0x00, 0x00, 0x00, 0x01, 0xe3, 0x00, 0xee, 0xcc, 0xcc, 0xcc,
    0xcf, 0xc0, 0x00, 0x03, 0x44, 0x44, 0x44, 0x43, 0x00,

    /* U+82F1 "英" */
    0x00, 0x01, 0x50, 0x00, 0x16, 0x00, 0x00, 0x23, 0x36, 0xe3, 0x33, 0x5f, 0x33, 0x31, 0x9c, 0xcd,
    0xfc, 0xcc, 0xcf, 0xcc, 0xc5, 0x00, 0x04, 0xd0, 0x00, 0x2e, 0x00, 0x00, 0x00, 0x01, 0x50, 0xb6,
    0x16, 0x00, 0x00, 0x00, 0x77, 0x77, 0xda, 0x77, 0x74, 0x00, 0x00, 0xf9, 0x88, 0xdb, 0x88, 0xc9,
    0x00, 0x00, 0xf1, 0x00, 0xc5, 0x00, 0x79, 0x00, 0x00, 0xf1, 0x00, 0xf2, 0x00, 0x79, 0x00, 0xac,
    0xfd, 0xcd, 0xfd, 0xcc, 0xee, 0xc6, 0x23, 0x33, 0x3c, 0x9c, 0x93, 0x33, 0x31, 0x00, 0x00, 0x7e,
    0x12, 0xe6, 0x00, 0x00, 0x00, 0x3b, 0xd2, 0x00, 0x2e, 0xa3, 0x00, 0x5d, 0xe8, 0x00, 0x00, 0x00,
    0x8f, 0xd4, 0x35, 0x00, 0x00, 0x00, 0x00, 0x00, 0x62,

    /* U+82F9 "苹" */
    0x00, 0x01, 0x60, 0x00, 0x16, 0x00, 0x00, 0x45, 0x58, 0xe5, 0x55, 0x7f, 0x55, 0x52, 0x79, 0x9a,
    0xe9, 0x99, 0xaf, 0x99, 0x94, 0x00, 0x03, 0xa0, 0x00, 0x2b, 0x00, 0x00, 0x06, 0x99, 0x99, 0x99,
    0x99, 0x99, 0x30, 0x05, 0x88, 0x88, 0xdb, 0x88, 0x88, 0x30, 0x00, 0x90, 0x00, 0xb5, 0x00, 0x5a,
    0x00, 0x00, 0xaa, 0x00, 0xb5, 0x01, 0xe4, 0x00, 0x00, 0x1d, 0x20, 0xb5, 0x07, 0x90, 0x00, 0x46,
    0x67, 0x66, 0xda, 0x66, 0x76, 0x62, 0x69, 0x99, 0x99, 0xec, 0x99, 0x99, 0x92, 0x00, 0x00, 0x00,
    0xb5, 0x00, 0x00, 0x00, 0x00, 0x00, 0x00, 0xb5, 0x00, 0x00, 0x00, 0x00, 0x00, 0x00, 0xb5, 0x00,
    0x00, 0x00, 0x00, 0x00, 0x00, 0x52, 0x00, 0x00, 0x00,

    /* U+83B7 "获" */
    0x00, 0x02, 0x60, 0x00, 0x17, 0x00, 0x00, 0x45, 0x58, 0xe5, 0x55, 0x7f, 0x55, 0x52, 0x79, 0x9b,
    0xf9, 0x99, 0xaf, 0x99, 0x94, 0x00, 0x03, 0xa0, 0x00, 0x2b, 0x00, 0x00, 0x07, 0x00, 0x91, 0x00,
    0x38, 0x3b, 0x00, 0x0a, 0xca, 0xb0, 0x00, 0x4c, 0x0a, 0x90, 0x01, 0xee, 0x00, 0x11, 0x5c, 0x11,
    0x60, 0x7f, 0x8e, 0x16, 0xff, 0xff, 0xff, 0xf3, 0x52, 0x09, 0x70, 0x00, 0x9f, 0x10, 0x00, 0x00,
    0x6f, 0xa0, 0x00, 0xed, 0x80, 0x00, 0x2b, 0xb4, 0xc0, 0x03, 0xe1, 0xe0, 0x00, 0x66, 0x03, 0xd0,
    0x0c, 0x60, 0x98, 0x00, 0x00, 0x04, 0xb0, 0xac, 0x00, 0x1e, 0x70, 0x05, 0x8d, 0x77, 0xd1, 0x00,
    0x02, 0xe5, 0x03, 0x63, 0x01, 0x10, 0x00, 0x00, 0x20,

    /* U+83DC "菜" */
    0x00, 0x01, 0x50, 0x00, 0x15, 0x00, 0x00, 0x58, 0x89, 0xe8, 0x88, 0x9f, 0x88, 0x82, 0x46, 0x68,
    0xe6, 0x66, 0x7e, 0x66, 0x61, 0x00, 0x02, 0x70, 0x00, 0x18, 0x34, 0x00, 0x07, 0xab, 0xbc, 0xcd,
    0xff, 0xeb, 0x10, 0x04, 0x66, 0x55, 0x54, 0x20, 0x24, 0x00, 0x00, 0xc2, 0x00, 0xe1, 0x00, 0xc6,
    0x00, 0x00, 0x79, 0x00, 0x84, 0x08, 0xa0, 0x00, 0x00, 0x06, 0x00, 0x74, 0x01, 0x00, 0x00, 0x5b,
    0xbb, 0xbb, 0xed, 0xbb, 0xbb, 0xb1, 0x14, 0x44, 0x7d, 0xca, 0xd5, 0x44, 0x40, 0x00, 0x06, 0xc1,
    0xb5, 0x4d, 0x30, 0x00, 0x17, 0xda, 0x10, 0xb5, 0x03, 0xcb, 0x40, 0xab, 0x30, 0x00, 0xb5, 0x00,
    0x06, 0xe5, 0x00, 0x00, 0x00, 0x52, 0x00, 0x00, 0x00,

    /* U+84DD "蓝" */
    0x00, 0x01, 0x50, 0x00, 0x15, 0x00, 0x00, 0x57, 0x79, 0xe7, 0x77, 0x8f, 0x77, 0x72, 0x58, 0x8a,
    0xe8, 0x88, 0x9f, 0x88, 0x82, 0x00, 0x02, 0x90, 0x00, 0x2a, 0x00, 0x00, 0x02, 0x00, 0xc1, 0x02,
    0xe0, 0x00, 0x00, 0x0d, 0x30, 0xf1, 0x0a, 0xfb, 0xbb, 0xb0, 0x0d, 0x30, 0xf1, 0x5e, 0x55, 0x44,
    0x40, 0x0d, 0x30, 0xf2, 0xd3, 0x0c, 0x90, 0x00, 0x07, 0x20, 0xf1, 0x00, 0x00, 0x9b, 0x00, 0x01,
    0x66, 0x66, 0x66, 0x66, 0x66, 0x00, 0x04, 0xe9, 0xbe, 0x9a, 0xf9, 0xae, 0x00, 0x04, 0xc0, 0x3c,
    0x02, 0xd0, 0x1e, 0x00, 0x04, 0xc0, 0x3c, 0x02, 0xd0, 0x1e, 0x00, 0xce, 0xfd, 0xef, 0xde, 0xfd,
    0xef, 0xd8, 0x11, 0x11, 0x11, 0x11, 0x11, 0x11, 0x11,

    /* U+85CF "藏" */
    0x00, 0x01, 0x60, 0x00, 0x15, 0x00, 0x00, 0x58, 0x8a, 0xf8, 0x88, 0xaf, 0x88, 0x83, 0x35, 0x57,
    0xf5, 0x55, 0x8e, 0x57, 0x62, 0x23, 0x01, 0x60, 0x00, 0x19, 0x86, 0x80, 0x59, 0x0d, 0xdd, 0xdd,
    0xde, 0xed, 0xf6, 0x59, 0x1e, 0x33, 0x33, 0x36, 0xb3, 0x31, 0x5d, 0xbe, 0x3e, 0xee, 0xd3, 0xb1,
    0x90, 0x13, 0x4e, 0x4a, 0x2b, 0x02, 0xc5, 0xa0, 0x44, 0x5e, 0x4e, 0xce, 0xb0, 0xe8, 0x70, 0xae,
    0xae, 0x4a, 0x11, 0xd0, 0xec, 0x40, 0x39, 0x2d, 0x4e, 0xaa, 0xf0, 0xbe, 0x00, 0x57, 0x3b, 0x4a,
    0x4b, 0x20, 0xa9, 0x15, 0xb4, 0x79, 0x4c, 0x8d, 0x66, 0xdc, 0x58, 0x80, 0xc3, 0x16, 0x66, 0xbc,
    0x19, 0xe4, 0x00, 0x20, 0x00, 0x00, 0x11, 0x00, 0x40,

    /* U+884C "行" */
    0x00, 0x02, 0x00, 0x00, 0x00, 0x00, 0x00, 0x00, 0x3e, 0x12, 0x88, 0x88, 0x88, 0x70, 0x01, 0xd5,
    0x02, 0x77, 0x77, 0x77, 0x60, 0x1d, 0x90, 0x00, 0x00, 0x00, 0x00, 0x00, 0xd9, 0x03, 0x90, 0x00,
    0x00, 0x00, 0x00, 0x50, 0x0d, 0x75, 0x88, 0x88, 0x88, 0x84, 0x00, 0x8c, 0x06, 0x88, 0x88, 0xf9,
    0x84, 0x09, 0xf6, 0x00, 0x00, 0x00, 0xf1, 0x00, 0xad, 0xc6, 0x00, 0x00, 0x00, 0xf1, 0x00, 0x70,
    0xa6, 0x00, 0x00, 0x00, 0xf1, 0x00, 0x00, 0xa6, 0x00, 0x00, 0x00, 0xf1, 0x00, 0x00, 0xa6, 0x00,
    0x00, 0x00, 0xf1, 0x00, 0x00, 0xa6, 0x00, 0x00, 0x00, 0xf1, 0x00, 0x00, 0xa6, 0x00, 0x06, 0x9b,
    0xf0, 0x00, 0x00, 0x53, 0x00, 0x04, 0x76, 0x20, 0x00,

    /* U+8868 "表" */
    0x00, 0x00, 0x00, 0x42, 0x00, 0x00, 0x00, 0x03, 0x33, 0x33, 0xc8, 0x33, 0x33, 0x20, 0x1b, 0xbb,
    0xbb, 0xed, 0xbb, 0xbb, 0x90, 0x00, 0x00, 0x00, 0xb6, 0x00, 0x00, 0x00, 0x02, 0xaa, 0xaa, 0xec,
    0xaa, 0xa9, 0x00, 0x01, 0x66, 0x66, 0xda, 0x66, 0x66, 0x00, 0x12, 0x22, 0x22, 0xc7, 0x22, 0x22,
    0x20, 0x8d, 0xdd, 0xdf, 0xef, 0xdd, 0xdd, 0xd3, 0x00, 0x00, 0x9a, 0x0d, 0x30, 0x02, 0x00, 0x00,
    0x2b, 0xb0, 0x05, 0xc0, 0x7e, 0x30, 0x3a, 0xee, 0x40, 0x00, 0xbd, 0xb1, 0x00, 0xb8, 0x1c, 0x40,
    0x00, 0x1e, 0x60, 0x00, 0x00, 0x0c, 0x54, 0xab, 0x02, 0xd9, 0x10, 0x00, 0x1f, 0xfb, 0x61, 0x00,
    0x1a, 0xf3, 0x00, 0x05, 0x00, 0x00, 0x00, 0x00, 0x30,

    /* U+88AB "被" */
    0x03, 0x20, 0x00, 0x00, 0x16, 0x00, 0x00, 0x07, 0xa0, 0x00, 0x00, 0x2e, 0x00, 0x00, 0x24, 0xe3,
    0x16, 0xbb, 0xcf, 0xbb, 0xb2, 0xbe, 0xef, 0x58, 0xa5, 0x6f, 0x55, 0xf1, 0x00, 0x0d, 0x18, 0x80,
    0x2e, 0x02, 0xd0, 0x00, 0x79, 0x08, 0x80, 0x2e, 0x02, 0x50, 0x00, 0xe2, 0x48, 0xb6, 0x7f, 0x66,
    0x30, 0x0b, 0xf8, 0xa8, 0xcf, 0xa9, 0x9d, 0x70, 0x7e, 0xef, 0x29, 0x69, 0x60, 0x0e, 0x30, 0xc5,
    0xd5, 0xbb, 0x43, 0xd0, 0x7d, 0x00, 0x03, 0xd0, 0x2e, 0x20, 0x9a, 0xe4, 0x00, 0x03, 0xd0, 0x2f,
    0x00, 0x2f, 0xd0, 0x00, 0x03, 0xd0, 0x99, 0x06, 0xe9, 0xad, 0x40, 0x03, 0xd0, 0xe2, 0xcd, 0x30,
    0x05, 0xe7, 0x01, 0x60, 0x20, 0x40, 0x00, 0x00, 0x12,

    /* U+8986 "覆" */
    0x01, 0x11, 0x11, 0x11, 0x11, 0x11, 0x10, 0x5a, 0xaa, 0xce, 0xaa, 0xfa, 0xaa, 0xa2, 0x06, 0x99,
    0xbd, 0x99, 0xf9, 0x99, 0x30, 0x0a, 0x62, 0x6b, 0x22, 0xf2, 0x2a, 0x50, 0x0a, 0xca, 0xce, 0xaa,
    0xfa, 0xad, 0x50, 0x01, 0x3a, 0x15, 0xe4, 0x44, 0x44, 0x30, 0x01, 0xc5, 0x1d, 0x98, 0x88, 0x88,
    0x70, 0x5e, 0x50, 0xbc, 0xba, 0xaa, 0xac, 0x20, 0x31, 0x2d, 0x09, 0xa7, 0x77, 0x7d, 0x30, 0x02,
    0xe4, 0x09, 0x84, 0x44, 0x4c, 0x30, 0x6e, 0xf0, 0x03, 0xcb, 0x66, 0x66, 0x10, 0x51, 0xf0, 0x3a,
    0xfb, 0xbb, 0xce, 0x30, 0x00, 0xf0, 0x64, 0x7c, 0x66, 0xd4, 0x00, 0x00, 0xf0, 0x68, 0xad, 0xdc,
    0xda, 0x83, 0x00, 0x70, 0x56, 0x41, 0x00, 0x02, 0x52,

    /* U+89C1 "见" */
    0x00, 0x8d, 0xdd, 0xdd, 0xdd, 0xd2, 0x00, 0x00, 0xa7, 0x22, 0x22, 0x22, 0xe2, 0x00, 0x00, 0xa6,
    0x00, 0xb2, 0x00, 0xe2, 0x00, 0x00, 0xa6, 0x00, 0xe2, 0x00, 0xe2, 0x00, 0x00, 0xa6, 0x00, 0xe2,
    0x00, 0xe2, 0x00, 0x00, 0xa6, 0x00, 0xe2, 0x00, 0xe2, 0x00, 0x00, 0xa6, 0x01, 0xf0, 0x00, 0xe2,
    0x00, 0x00, 0xa6, 0x03, 0xd6, 0x10, 0xe2, 0x00, 0x00, 0x64, 0x09, 0x9e, 0x20, 0x91, 0x00, 0x00,
    0x00, 0x1f, 0x2e, 0x20, 0x00, 0x00, 0x00, 0x01, 0xd9, 0x0e, 0x20, 0x00, 0xc2, 0x00, 0x6e, 0x80,
    0x0e, 0x30, 0x00, 0xf1, 0x6e, 0xc4, 0x00, 0x09, 0xec, 0xce, 0xb0, 0x33, 0x00, 0x00, 0x00, 0x23,
    0x32, 0x00,

    /* U+89C8 "览" */
    0x00, 0x00, 0x60, 0x00, 0x60, 0x00, 0x00, 0x0b, 0x20, 0xf1, 0x04, 0xf6, 0x55, 0x51, 0x0e, 0x20,
    0xf1, 0x0c, 0xb9, 0x99, 0x92, 0x0e, 0x20, 0xf1, 0x8c, 0x09, 0x50, 0x00, 0x0e, 0x20, 0xf2, 0xb2,
    0x02, 0xe7, 0x00, 0x02, 0x00, 0x81, 0x00, 0x00, 0x1a, 0x00, 0x00, 0x4c, 0xcc, 0xcc, 0xcc, 0x90,
    0x00, 0x00, 0x5c, 0x33, 0x33, 0x37, 0xb0, 0x00, 0x00, 0x5c, 0x00, 0xc1, 0x05, 0xb0, 0x00, 0x00,
    0x5c, 0x00, 0xf1, 0x05, 0xb0, 0x00, 0x00, 0x5c, 0x03, 0xdb, 0x55, 0xb0, 0x00, 0x00, 0x37, 0x0c,
    0x7b, 0x52, 0x70, 0x63, 0x00, 0x04, 0xdb, 0x0b, 0x60, 0x00, 0xb4, 0x3a, 0xed, 0x50, 0x07, 0xfb,
    0xbc, 0xe1, 0x27, 0x20, 0x00, 0x00, 0x24, 0x43, 0x00,

    /* U+89E6 "触" */
    0x00, 0x50, 0x00, 0x00, 0x01, 0x40, 0x00, 0x05, 0xf6, 0x63, 0x00, 0x04, 0xb0, 0x00, 0x0e, 0x97,
    0xd7, 0x00, 0x04, 0xb0, 0x00, 0x9c, 0x02, 0xe0, 0x0a, 0xee, 0xfe, 0xe2, 0xee, 0xde, 0xfd, 0x5b,
    0x76, 0xc3, 0xe2, 0x5b, 0x3e, 0x39, 0x6b, 0x44, 0xb0, 0xd2, 0x4a, 0x0e, 0x08, 0x6b, 0x44, 0xb0,
    0xd2, 0x4f, 0xef, 0xef, 0x6b, 0x44, 0xb0, 0xd2, 0x4a, 0x0e, 0x08, 0x6b, 0xbb, 0xe9, 0xf2, 0x4a,
    0x0e, 0x08, 0x64, 0x69, 0xd6, 0x61, 0x5f, 0xef, 0xef, 0x60, 0x04, 0xb2, 0x70, 0x76, 0x0e, 0x08,
    0x60, 0x04, 0xb1, 0xd0, 0xb2, 0x0e, 0x08, 0x60, 0x05, 0xd7, 0xe3, 0xd0, 0x0e, 0x4d, 0x5c, 0xed,
    0xa6, 0x98, 0x20, 0x03, 0x25, 0x02, 0x00, 0x00, 0x12,

    /* U+8A00 "言" */
    0x00, 0x00, 0x00, 0x60, 0x00, 0x00, 0x00, 0x00, 0x00, 0x00, 0xd5, 0x00, 0x00, 0x00, 0x9a, 0xaa,
    0xaa, 0xdc, 0xaa, 0xaa, 0xa5, 0x67, 0x77, 0x77, 0x77, 0x77, 0x77, 0x74, 0x00, 0x11, 0x11, 0x11,
    0x11, 0x10, 0x00, 0x00, 0xee, 0xee, 0xee, 0xee, 0xe9, 0x00, 0x00, 0x00, 0x00, 0x00, 0x00, 0x00,
    0x00, 0x00, 0xbc, 0xcc, 0xcc, 0xcc, 0xc7, 0x00, 0x00, 0x33, 0x33, 0x33, 0x33, 0x32, 0x00, 0x01,
    0x55, 0x55, 0x55, 0x55, 0x54, 0x00, 0x03, 0xfb, 0xbb, 0xbb, 0xbb, 0xcd, 0x00, 0x03, 0xd0, 0x00,
    0x00, 0x00, 0x2d, 0x00, 0x03, 0xe3, 0x33, 0x33, 0x33, 0x5d, 0x00, 0x03, 0xfc, 0xcc, 0xcc, 0xcc,
    0xdd, 0x00, 0x01, 0x70, 0x00, 0x00, 0x00, 0x17, 0x00,

    /* U+8BA1 "计" */
    0x01, 0x00, 0x00, 0x00, 0x16, 0x00, 0x00, 0x0b, 0xa0, 0x00, 0x00, 0x3e, 0x00, 0x00, 0x00, 0xbc,
    0x10, 0x00, 0x3e, 0x00, 0x00, 0x00, 0x08, 0x00, 0x00, 0x3e, 0x00, 0x00, 0x00, 0x00, 0x00, 0x00,
    0x3e, 0x00, 0x00, 0xbb, 0xb2, 0x3c, 0xcc, 0xdf, 0xcc, 0xc9, 0x55, 0xd3, 0x14, 0x44, 0x7e, 0x44,
    0x43, 0x00, 0xc3, 0x00, 0x00, 0x3e, 0x00, 0x00, 0x00, 0xc3, 0x00, 0x00, 0x3e, 0x00, 0x00, 0x00,
    0xc3, 0x00, 0x00, 0x3e, 0x00, 0x00, 0x00, 0xc3, 0x20, 0x00, 0x3e, 0x00, 0x00, 0x00, 0xc7, 0xe2,
    0x00, 0x3e, 0x00, 0x00, 0x00, 0xee, 0x30, 0x00, 0x3e, 0x00, 0x00, 0x00, 0xa1, 0x00, 0x00, 0x3e,
    0x00, 0x00, 0x00, 0x00, 0x00, 0x00, 0x17, 0x00, 0x00,

    /* U+8BA4 "认" */
    0x01, 0x00, 0x00, 0x00, 0x14, 0x00, 0x00, 0x0b, 0xa0, 0x00, 0x00, 0x4d, 0x00, 0x00, 0x00, 0xbc,
    0x10, 0x00, 0x5c, 0x00, 0x00, 0x00, 0x08, 0x00, 0x00, 0x6b, 0x00, 0x00, 0x00, 0x00, 0x00, 0x00,
    0x6c, 0x00, 0x00, 0xbb, 0xb2, 0x00, 0x00, 0x8f, 0x10, 0x00, 0x55, 0xd3, 0x00, 0x00, 0xbf, 0x60,
    0x00, 0x00, 0xc3, 0x00, 0x00, 0xda, 0xb0, 0x00, 0x00, 0xc3, 0x00, 0x02, 0xf1, 0xe0, 0x00, 0x00,
    0xc3, 0x00, 0x08, 0x90, 0x96, 0x00, 0x00, 0xc3, 0x40, 0x0e, 0x30, 0x3e, 0x10, 0x00, 0xc9, 0xe1,
    0x9c, 0x00, 0x0b, 0x90, 0x00, 0xed, 0x27, 0xe1, 0x00, 0x02, 0xf3, 0x00, 0x80, 0x2f, 0x30, 0x00,
    0x00, 0x7a, 0x00, 0x00, 0x02, 0x00, 0x00, 0x00, 0x01,

    /* U+8BA9 "让" */
    0x01, 0x00, 0x00, 0x00, 0x52, 0x00, 0x00, 0x0b, 0xa0, 0x00, 0x00, 0xc5, 0x00, 0x00, 0x00, 0xbc,
    0x10, 0x00, 0xc5, 0x00, 0x00, 0x00, 0x08, 0x00, 0x00, 0xc5, 0x00, 0x00, 0x00, 0x00, 0x00, 0x00,
    0xc5, 0x00, 0x00, 0xbb, 0xb2, 0x00, 0x00, 0xca, 0x77, 0x71, 0x55, 0xd3, 0x00, 0x00, 0xcb, 0x99,
    0x92, 0x00, 0xc3, 0x00, 0x00, 0xc5, 0x00, 0x00, 0x00, 0xc3, 0x00, 0x00, 0xc5, 0x00, 0x00, 0x00,
    0xc3, 0x00, 0x00, 0xc5, 0x00, 0x00, 0x00, 0xc3, 0x20, 0x00, 0xc5, 0x00, 0x00, 0x00, 0xc7, 0xe2,
    0x00, 0xc5, 0x00, 0x00, 0x00, 0xde, 0x41, 0x11, 0xc6, 0x11, 0x10, 0x00, 0xa1, 0x0f, 0xff, 0xff,
    0xff, 0xfd,

    /* U+8BB0 "记" */
    0x01, 0x00, 0x00, 0x00, 0x00, 0x00, 0x00, 0x0b, 0xa0, 0x05, 0xbb, 0xbb, 0xbb, 0x70, 0x00, 0xbc,
    0x11, 0x33, 0x33, 0x39, 0x90, 0x00, 0x08, 0x00, 0x00, 0x00, 0x07, 0x90, 0x00, 0x00, 0x00, 0x00,
    0x00, 0x07, 0x90, 0xbb, 0xb2, 0x00, 0x00, 0x00, 0x07, 0x90, 0x55, 0xd3, 0x00, 0xcf, 0xff, 0xff,
    0x90, 0x00, 0xc3, 0x00, 0xc4, 0x00, 0x00, 0x00, 0x00, 0xc3, 0x00, 0xc4, 0x00, 0x00, 0x00, 0x00,
    0xc3, 0x00, 0xc4, 0x00, 0x00, 0x00, 0x00, 0xc3, 0x11, 0xc4, 0x00, 0x00, 0x4a, 0x00, 0xc6, 0xe4,
    0xc4, 0x00, 0x00, 0x6a, 0x00, 0xee, 0x40, 0xc9, 0x00, 0x02, 0xc7, 0x00, 0xa2, 0x00, 0x6f, 0xff,
    0xff, 0xc1,

    /* U+8BBE "设" */
    0x0b, 0x70, 0x00, 0x7e, 0xee, 0xe7, 0x00, 0x01, 0xd9, 0x00, 0x88, 0x00, 0x98, 0x00, 0x00, 0x18,
    0x00, 0xb5, 0x00, 0x88, 0x00, 0x00, 0x00, 0x02, 0xf1, 0x00, 0x8a, 0x00, 0xaa, 0xa1, 0x3e, 0x50,
    0x00, 0x4f, 0xe7, 0x55, 0xf2, 0x03, 0x00, 0x00, 0x00, 0x10, 0x00, 0xe2, 0x09, 0xee, 0xee, 0xee,
    0x60, 0x00, 0xe2, 0x01, 0xb7, 0x22, 0x2e, 0x40, 0x00, 0xe2, 0x00, 0x3d, 0x00, 0x9c, 0x00, 0x00,
    0xe2, 0x30, 0x08, 0xb5, 0xf3, 0x00, 0x00, 0xe7, 0xe1, 0x00, 0xcf, 0x60, 0x00, 0x00, 0xfd, 0x30,
    0x3b, 0xd9, 0xf8, 0x10, 0x01, 0xa1, 0x4d, 0xe7, 0x00, 0x2b, 0xf7, 0x00, 0x00, 0x25, 0x00, 0x00,
    0x00, 0x33,

    /* U+8BC6 "识" */
    0x01, 0x00, 0x00, 0x00, 0x00, 0x00, 0x00, 0x0a, 0xa0, 0x01, 0x99, 0x99, 0x99, 0x70, 0x00, 0xbc,
    0x12, 0xf6, 0x66, 0x69, 0xc0, 0x00, 0x07, 0x02, 0xf0, 0x00, 0x04, 0xc0, 0x00, 0x00, 0x02, 0xf0,
    0x00, 0x04, 0xc0, 0xbb, 0xb2, 0x02, 0xf0, 0x00, 0x04, 0xc0, 0x55, 0xe3, 0x02, 0xf0, 0x00, 0x04,
    0xc0, 0x00, 0xd3, 0x02, 0xf6, 0x66, 0x69, 0xc0, 0x00, 0xd3, 0x01, 0xaa, 0xaa, 0xaa, 0x70, 0x00,
    0xd3, 0x00, 0x03, 0x00, 0x21, 0x00, 0x00, 0xd3, 0x20, 0x2f, 0x20, 0x8b, 0x00, 0x00, 0xd8, 0xe0,
    0xb9, 0x00, 0x0e, 0x60, 0x00, 0xed, 0x25, 0xe1, 0x00, 0x05, 0xf1, 0x00, 0x90, 0x0e, 0x60, 0x00,
    0x00, 0xb9, 0x00, 0x00, 0x04, 0x00, 0x00, 0x00, 0x22,

    /* U+8BD5 "试" */
    0x01, 0x00, 0x00, 0x00, 0x04, 0x24, 0x00, 0x0b, 0x90, 0x00, 0x00, 0x0a, 0x6a, 0x70, 0x01, 0xcb,
    0x00, 0x00, 0x0a, 0x60, 0x90, 0x00, 0x07, 0x4d, 0xdd, 0xde, 0xed, 0xd5, 0x00, 0x00, 0x26, 0x66,
    0x6c, 0xa6, 0x62, 0xbb, 0xb1, 0x00, 0x00, 0x09, 0x70, 0x00, 0x55, 0xf1, 0x02, 0x22, 0x28, 0x80,
    0x00, 0x00, 0xe1, 0x0d, 0xee, 0xb7, 0x90, 0x00, 0x00, 0xe1, 0x00, 0x97, 0x05, 0xa0, 0x00, 0x00,
    0xe1, 0x00, 0x97, 0x04, 0xc0, 0x00, 0x00, 0xe1, 0x30, 0x97, 0x01, 0xe0, 0x04, 0x00, 0xea, 0xa0,
    0x98, 0x53, 0xd3, 0x4b, 0x01, 0xfb, 0x0b, 0xed, 0xa3, 0x89, 0x96, 0x01, 0x90, 0x04, 0x10, 0x00,
    0x1e, 0xe0, 0x00, 0x00, 0x00, 0x00, 0x00, 0x01, 0x10,

    /* U+8BE6 "详" */
    0x00, 0x00, 0x00, 0x30, 0x00, 0x05, 0x10, 0x0a, 0x90, 0x00, 0x99, 0x00, 0x2e, 0x10, 0x00, 0xcb,
    0x00, 0x0d, 0x30, 0xa7, 0x00, 0x00, 0x07, 0x08, 0xbc, 0xbb, 0xfb, 0xb3, 0x00, 0x00, 0x05, 0x77,
    0x9e, 0x77, 0x72, 0xbb, 0xb1, 0x00, 0x00, 0x4c, 0x00, 0x00, 0x55, 0xf2, 0x01, 0x44, 0x7d, 0x44,
    0x40, 0x00, 0xe2, 0x04, 0xbb, 0xdf, 0xbb, 0xa0, 0x00, 0xe2, 0x00, 0x00, 0x4c, 0x00, 0x00, 0x00,
    0xe2, 0x00, 0x00, 0x4c, 0x00, 0x00, 0x00, 0xe2, 0x4f, 0xff, 0xff, 0xff, 0xfa, 0x00, 0xeb, 0x70,
    0x00, 0x5d, 0x00, 0x00, 0x01, 0xf9, 0x00, 0x00, 0x4c, 0x00, 0x00, 0x01, 0x90, 0x00, 0x00, 0x4c,
    0x00, 0x00, 0x00, 0x00, 0x00, 0x00, 0x26, 0x00, 0x00,

    /* U+8BED "语" */
    0x0a, 0xa0, 0x0c, 0xdd, 0xdd, 0xdd, 0xd3, 0x00, 0xbc, 0x00, 0x02, 0xf1, 0x00, 0x00, 0x00, 0x06,
    0x01, 0x26, 0xd2, 0x22, 0x00, 0x00, 0x00, 0x08, 0xff, 0xff, 0xff, 0x50, 0xbb, 0xb2, 0x00, 0x0a,
    0x60, 0x0b, 0x50, 0x55, 0xe3, 0x00, 0x0e, 0x40, 0x0c, 0x60, 0x00, 0xd3, 0x4f, 0xff, 0xff, 0xff,
    0xfb, 0x00, 0xd3, 0x00, 0x00, 0x00, 0x00, 0x00, 0x00, 0xd3, 0x01, 0xaa, 0xaa, 0xaa, 0x80, 0x00,
    0xd3, 0x22, 0xe5, 0x55, 0x58, 0xc0, 0x00, 0xd8, 0xe2, 0xe0, 0x00, 0x04, 0xc0, 0x00, 0xed, 0x22,
    0xe3, 0x33, 0x37, 0xc0, 0x00, 0xa1, 0x02, 0xfc, 0xcc, 0xcd, 0xc0, 0x00, 0x00, 0x01, 0x70, 0x00,
    0x02, 0x60,

    /* U+8BEF "误" */
    0x01, 0x00, 0x00, 0x00, 0x00, 0x00, 0x00, 0x0b, 0xa0, 0x03, 0xdd, 0xdd, 0xdd, 0x90, 0x00, 0xbc,
    0x14, 0xc0, 0x00, 0x06, 0xa0, 0x00, 0x07, 0x04, 0xc0, 0x00, 0x06, 0xa0, 0x00, 0x00, 0x04, 0xfd,
    0xdd, 0xde, 0xa0, 0xbb, 0xb2, 0x01, 0x33, 0x33, 0x33, 0x20, 0x55, 0xe3, 0x06, 0x88, 0x88, 0x88,
    0x81, 0x00, 0xd3, 0x05, 0x77, 0xad, 0x77, 0x71, 0x00, 0xd3, 0x00, 0x00, 0x6a, 0x00, 0x00, 0x00,
    0xd3, 0x1d, 0xdd, 0xef, 0xdd, 0xd9, 0x00, 0xd3, 0x22, 0x22, 0xed, 0x72, 0x21, 0x00, 0xd9, 0xb0,
    0x08, 0xc1, 0xe2, 0x00, 0x00, 0xec, 0x10, 0x8e, 0x20, 0x5e, 0x40, 0x00, 0xa0, 0x5e, 0xb2, 0x00,
    0x03, 0xe7, 0x00, 0x00, 0x23, 0x00, 0x00, 0x00, 0x12,

    /* U+8BF4 "说" */
    0x01, 0x00, 0x00, 0x40, 0x00, 0x06, 0x00, 0x0a, 0xa0, 0x00, 0xe4, 0x00, 0x6c, 0x00, 0x00, 0xbc,
    0x10, 0x4e, 0x00, 0xd3, 0x00, 0x00, 0x07, 0x03, 0x46, 0x48, 0xd4, 0x30, 0x00, 0x00, 0x0b, 0xed,
    0xdd, 0xde, 0xb0, 0xbb, 0xb2, 0x0b, 0x40, 0x00, 0x04, 0xb0, 0x55, 0xe3, 0x0b, 0x40, 0x00, 0x04,
    0xb0, 0x00, 0xd3, 0x0b, 0x85, 0x55, 0x58, 0xb0, 0x00, 0xd3, 0x07, 0xaf, 0xbc, 0xea, 0x70, 0x00,
    0xd3, 0x00, 0x0e, 0x05, 0xa0, 0x00, 0x00, 0xd3, 0x20, 0x5a, 0x05, 0xa0, 0x00, 0x00, 0xd8, 0xe0,
    0xb5, 0x05, 0xa0, 0x2b, 0x00, 0xed, 0x2a, 0xc0, 0x05, 0xb0, 0x4b, 0x00, 0xa1, 0xab, 0x00, 0x03,
    0xfb, 0xe6, 0x00, 0x00, 0x30, 0x00, 0x00, 0x24, 0x20,

    /* U+8BF7 "请" */
    0x01, 0x00, 0x00, 0x00, 0x33, 0x00, 0x00, 0x0b, 0xa0, 0x08, 0x88, 0xbc, 0x88, 0x82, 0x00, 0xbc,
    0x15, 0x55, 0xab, 0x55, 0x51, 0x00, 0x07, 0x04, 0xaa, 0xcd, 0xaa, 0x70, 0x00, 0x00, 0x02, 0x55,
    0xab, 0x55, 0x40, 0xbb, 0xb1, 0x48, 0x88, 0xbc, 0x88, 0x85, 0x55, 0xe2, 0x35, 0x55, 0x55, 0x55,
    0x54, 0x00, 0xe2, 0x03, 0xaa, 0xaa, 0xaa, 0x50, 0x00, 0xe2, 0x05, 0xb3, 0x33, 0x39, 0x80, 0x00,
    0xe2, 0x05, 0xea, 0xaa, 0xad, 0x80, 0x00, 0xe2, 0x25, 0xb2, 0x22, 0x29, 0x80, 0x00, 0xe9, 0xb5,
    0xeb, 0xbb, 0xbd, 0x80, 0x00, 0xfc, 0x15, 0xb1, 0x11, 0x18, 0x80, 0x01, 0xa0, 0x05, 0xa0, 0x01,
    0x8e, 0x60, 0x00, 0x00, 0x02, 0x50, 0x00, 0x65, 0x00,

    /* U+8BFB "读" */
    0x01, 0x00, 0x00, 0x00, 0x25, 0x00, 0x00, 0x0a, 0xa0, 0x05, 0x77, 0xad, 0x77, 0x70, 0x00, 0xbc,
    0x14, 0x77, 0xad, 0x77, 0x70, 0x00, 0x07, 0x12, 0x22, 0x6c, 0x22, 0x20, 0x00, 0x00, 0x4f, 0xff,
    0xff, 0xff, 0xf5, 0xbb, 0xb1, 0x00, 0x51, 0x07, 0x10, 0xe1, 0x55, 0xf2, 0x00, 0x7d, 0x4e, 0x25,
    0xb0, 0x00, 0xe2, 0x0c, 0x33, 0x3e, 0x23, 0x30, 0x00, 0xe2, 0x03, 0xd5, 0x0f, 0x10, 0x00, 0x00,
    0xe2, 0x29, 0x99, 0x9f, 0x99, 0x96, 0x00, 0xe2, 0x36, 0x66, 0xbd, 0x66, 0x64, 0x00, 0xea, 0x80,
    0x01, 0xde, 0x60, 0x00, 0x01, 0xfb, 0x00, 0x3d, 0x91, 0xbc, 0x20, 0x01, 0x90, 0x3c, 0xe6, 0x00,
    0x06, 0xe6, 0x00, 0x00, 0x15, 0x00, 0x00, 0x00, 0x23,

    /* U+8C03 "调" */
    0x01, 0x00, 0x00, 0x00, 0x00, 0x00, 0x00, 0x0a, 0x90, 0x0d, 0xdd, 0xdd, 0xdd, 0xd2, 0x00, 0xcb,
    0x0f, 0x10, 0x34, 0x00, 0xe2, 0x00, 0x07, 0x0f, 0x11, 0x79, 0x10, 0xd2, 0x00, 0x00, 0x0f, 0x3e,
    0xff, 0xe4, 0xd2, 0xbb, 0xb1, 0x0f, 0x00, 0x79, 0x00, 0xd2, 0x55, 0xf1, 0x0f, 0x5a, 0xcd, 0xa5,
    0xd2, 0x00, 0xf1, 0x0f, 0x24, 0x44, 0x42, 0xd2, 0x00, 0xf1, 0x0f, 0x09, 0xaa, 0xa0, 0xd2, 0x00,
    0xf1, 0x0f, 0x0e, 0x33, 0xe1, 0xd2, 0x00, 0xf2, 0x3e, 0x0e, 0x00, 0xd1, 0xd2, 0x00, 0xfd, 0x9c,
    0x0e, 0xbb, 0xf1, 0xd2, 0x02, 0xf7, 0x89, 0x02, 0x22, 0x20, 0xe2, 0x00, 0x40, 0xe2, 0x00, 0x00,
    0x7a, 0xf0, 0x00, 0x00, 0x30, 0x00, 0x00, 0x46, 0x20,

    /* U+8C61 "象" */
    0x00, 0x00, 0x26, 0x00, 0x00, 0x00, 0x00, 0x00, 0x04, 0xfd, 0x88, 0x88, 0x10, 0x00, 0x01, 0x9d,
    0x54, 0x44, 0xcb, 0x00, 0x00, 0x7f, 0xf9, 0x88, 0x8b, 0xf8, 0x88, 0x40, 0x46, 0xf8, 0x88, 0xae,
    0x88, 0x8b, 0x90, 0x03, 0xd0, 0x00, 0xa8, 0x00, 0x07, 0x90, 0x03, 0xfd, 0xdd, 0xfe, 0xdd, 0xde,
    0x90, 0x00, 0x04, 0xcd, 0xd2, 0x00, 0x04, 0x30, 0x2a, 0xed, 0x50, 0xac, 0x04, 0xbe, 0x60, 0x05,
    0x10, 0x6d, 0x89, 0xef, 0xc0, 0x00, 0x06, 0xbe, 0x91, 0x4d, 0xf1, 0xe3, 0x00, 0x09, 0x50, 0x2b,
    0xd4, 0xf1, 0x5d, 0x20, 0x02, 0x7d, 0xe6, 0x02, 0xf1, 0x07, 0xe4, 0x3e, 0x93, 0x05, 0x7d, 0xb0,
    0x00, 0x55, 0x00, 0x00, 0x05, 0x85, 0x00, 0x00, 0x00,

    /* U+8C79 "豹" */
    0x00, 0x00, 0x30, 0x00, 0x70, 0x00, 0x00, 0x01, 0x5c, 0xd3, 0x05, 0xc0, 0x00, 0x00, 0xbf, 0xa5,
    0x00, 0x0a, 0xb5, 0x55, 0x50, 0x20, 0x2c, 0x4d, 0x0e, 0xcc, 0xcc, 0xf1, 0x3c, 0x0b, 0xf3, 0x7c,
    0x00, 0x00, 0xf1, 0x0b, 0xbf, 0x51, 0xf5, 0x00, 0x00, 0xf1, 0x7e, 0x99, 0x84, 0xa1, 0x20, 0x00,
    0xf1, 0x21, 0x1b, 0xf1, 0x06, 0xc0, 0x00, 0xf1, 0x06, 0xd7, 0x88, 0x00, 0xc6, 0x00, 0xf1, 0xbb,
    0x32, 0xdb, 0x00, 0x3f, 0x10, 0xf0, 0x00, 0x5e, 0x6e, 0x00, 0x06, 0x01, 0xf0, 0x4c, 0xd3, 0x0f,
    0x00, 0x00, 0x02, 0xf0, 0x76, 0x00, 0x3e, 0x00, 0x00, 0x05, 0xd0, 0x00, 0x7a, 0xe8, 0x00, 0x3a,
    0xbf, 0x60, 0x00, 0x35, 0x20, 0x00, 0x05, 0x52, 0x00,

    /* U+8D25 "败" */
    0x00, 0x00, 0x00, 0x00, 0x42, 0x00, 0x00, 0x6d, 0xdd, 0xdd, 0x10, 0xc5, 0x00, 0x00, 0x69, 0x00,
    0x0e, 0x10, 0xf5, 0x33, 0x31, 0x68, 0x1a, 0x0e, 0x12, 0xfe, 0xef, 0xf7, 0x68, 0x2d, 0x0e, 0x18,
    0xb0, 0x08, 0x70, 0x68, 0x2d, 0x0e, 0x2f, 0xd0, 0x0a, 0x50, 0x68, 0x2d, 0x0e, 0x9b, 0xe0, 0x0c,
    0x30, 0x68, 0x2d, 0x0e, 0x41, 0x84, 0x0f, 0x10, 0x68, 0x2c, 0x0e, 0x10, 0x2b, 0x5c, 0x00, 0x68,
    0x4a, 0x0e, 0x10, 0x0c, 0xc5, 0x00, 0x56, 0x78, 0x0a, 0x10, 0x07, 0xf0, 0x00, 0x00, 0xc5, 0x80,
    0x00, 0x2e, 0xf9, 0x00, 0x08, 0xc0, 0xc8, 0x02, 0xe8, 0x1d, 0xa0, 0xbd, 0x10, 0x1e, 0x4e, 0x70,
    0x01, 0xd8, 0x30, 0x00, 0x02, 0x03, 0x00, 0x00, 0x12,

    /* U+8D39 "费" */
    0x00, 0x00, 0x25, 0x00, 0x60, 0x00, 0x00, 0x8b, 0xbd, 0xeb, 0xcf, 0xbb, 0xb3, 0x01, 0x11, 0x6b,
    0x12, 0xf1, 0x1c, 0x40, 0x6e, 0xef, 0xfe, 0xff, 0xee, 0xf4, 0x0a, 0x60, 0x7a, 0x02, 0xf0, 0x00,
    0x00, 0xcd, 0xdf, 0xed, 0xdf, 0xdd, 0xdd, 0x00, 0x09, 0xd0, 0x01, 0xf0, 0x04, 0xd2, 0xae, 0x80,
    0x00, 0x19, 0x07, 0xa4, 0x05, 0xbf, 0xff, 0xff, 0xff, 0xfb, 0x00, 0x0b, 0x50, 0x04, 0x30, 0x05,
    0xc0, 0x00, 0xb5, 0x00, 0xc5, 0x00, 0x4c, 0x00, 0x0b, 0x50, 0x1f, 0x10, 0x04, 0xc0, 0x00, 0x10,
    0x3c, 0x96, 0xd8, 0x31, 0x02, 0x8a, 0xde, 0x70, 0x02, 0x8d, 0xd8, 0x16, 0x42, 0x00, 0x00, 0x00,
    0x03, 0x60,

    /* U+8EAB "身" */
    0x00, 0x00, 0x02, 0x60, 0x00, 0x00, 0x00, 0x00, 0x24, 0x4a, 0xb4, 0x44, 0x30, 0x00, 0x00, 0xad,
    0xaa, 0xaa, 0xab, 0xe0, 0x00, 0x00, 0xa6, 0x00, 0x00, 0x02, 0xe0, 0x00, 0x00, 0xad, 0xcc, 0xcc,
    0xcc, 0xe0, 0x00, 0x00, 0xa9, 0x44, 0x44, 0x46, 0xe0, 0x00, 0x00, 0xaa, 0x66, 0x66, 0x67, 0xe0,
    0xc4, 0x00, 0xab, 0x88, 0x88, 0x8a, 0xe6, 0xc0, 0x00, 0xa6, 0x00, 0x00, 0x02, 0xfd, 0x10, 0x6e,
    0xff, 0xee, 0xee, 0xef, 0xf4, 0x00, 0x01, 0x11, 0x11, 0x11, 0x7f, 0xe0, 0x00, 0x00, 0x00, 0x00,
    0x5c, 0xb5, 0xe0, 0x00, 0x00, 0x26, 0xae, 0xa3, 0x02, 0xe0, 0x00, 0x2e, 0xd9, 0x51, 0x00, 0x7b,
    0xc0, 0x00, 0x01, 0x00, 0x00, 0x00, 0x88, 0x30, 0x00,

    /* U+8F7B "轻" */
    0x00, 0x41, 0x00, 0x00, 0x00, 0x00, 0x00, 0x00, 0xe2, 0x00, 0x6b, 0xbb, 0xbb, 0x20, 0xab, 0xfa,
    0xa8, 0x24, 0x44, 0x7e, 0x00, 0x6a, 0xc6, 0x65, 0x00, 0x01, 0xd6, 0x00, 0x0a, 0x52, 0x00, 0x00,
    0x0b, 0xe0, 0x00, 0x0e, 0x1f, 0x10, 0x02, 0xcd, 0xda, 0x00, 0x6a, 0x0f, 0x10, 0x8f, 0x70, 0x0a,
    0xd2, 0x9e, 0xdf, 0xd9, 0x82, 0x00, 0x00, 0x74, 0x13, 0x3f, 0x42, 0x58, 0x88, 0x88, 0x80, 0x00,
    0x0f, 0x10, 0x58, 0x8f, 0x88, 0x70, 0x03, 0x5f, 0xbe, 0x10, 0x0f, 0x10, 0x00, 0xdd, 0xbf, 0x51,
    0x00, 0x0f, 0x10, 0x00, 0x00, 0x0f, 0x10, 0x00, 0x0f, 0x20, 0x00, 0x00, 0x0f, 0x17, 0xff, 0xff,
    0xff, 0xf9, 0x00, 0x06, 0x00, 0x00, 0x00, 0x00, 0x00,

    /* U+8F7D "载" */
    0x00, 0x00, 0x70, 0x00, 0x34, 0x01, 0x00, 0x04, 0x45, 0xf4, 0x43, 0x79, 0x7b, 0x00, 0x0a, 0xaa,
    0xfa, 0xa7, 0x79, 0x0a, 0x80, 0x00, 0x00, 0xf0, 0x00, 0x69, 0x00, 0x10, 0x9c, 0xcd, 0xfc, 0xcc,
    0xee, 0xcc, 0xc5, 0x34, 0x49, 0x44, 0x44, 0x7c, 0x44, 0x41, 0x14, 0x5f, 0x44, 0x43, 0x3d, 0x07,
    0x50, 0x3b, 0xec, 0xbb, 0xb8, 0x0f, 0x0d, 0x40, 0x02, 0xe0, 0x73, 0x00, 0x0e, 0x4f, 0x00, 0x0b,
    0xb7, 0xda, 0x74, 0x0b, 0xd9, 0x00, 0x05, 0x77, 0xda, 0x74, 0x07, 0xf1, 0x00, 0x00, 0x02, 0xc9,
    0x65, 0x0b, 0xe0, 0x68, 0x2f, 0xfd, 0xfc, 0x85, 0xab, 0xa6, 0x95, 0x00, 0x00, 0xb5, 0x0c, 0x90,
    0x1d, 0xe1, 0x00, 0x00, 0x52, 0x03, 0x00, 0x00, 0x10,

    /* U+8FD0 "运" */
    0x01, 0x00, 0x00, 0x00, 0x00, 0x00, 0x00, 0x4e, 0x30, 0x05, 0xaa, 0xaa, 0xaa, 0x30, 0x06, 0xf4,
    0x02, 0x44, 0x44, 0x44, 0x10, 0x00, 0x54, 0x00, 0x00, 0x00, 0x00, 0x00, 0x00, 0x00, 0x00, 0x00,
    0x00, 0x00, 0x00, 0x01, 0x10, 0x7f, 0xff, 0xff, 0xff, 0xf6, 0xbe, 0xf6, 0x00, 0x08, 0x80, 0x00,
    0x00, 0x00, 0x96, 0x00, 0x0e, 0x20, 0x83, 0x00, 0x00, 0x96, 0x00, 0x6a, 0x00, 0x4b, 0x00, 0x00,
    0x96, 0x00, 0xd2, 0x00, 0x0d, 0x20, 0x00, 0x96, 0x0a, 0xd8, 0xad, 0xfd, 0x90, 0x00, 0xb7, 0x08,
    0x86, 0x42, 0x00, 0xd0, 0x0b, 0xbd, 0x70, 0x00, 0x00, 0x00, 0x00, 0x7c, 0x00, 0x9f, 0xdc, 0xcc,
    0xcc, 0xc7, 0x22, 0x00, 0x00, 0x13, 0x33, 0x33, 0x31,

    /* U+8FD4 "返" */
    0x00, 0x00, 0x00, 0x00, 0x00, 0x01, 0x10, 0x3e, 0x20, 0x03, 0x89, 0xac, 0xdc, 0x80, 0x06, 0xe3,
    0x07, 0xb4, 0x20, 0x00, 0x00, 0x00, 0x66, 0x07, 0x80, 0x00, 0x00, 0x00, 0x00, 0x00, 0x07, 0xdb,
    0xbb, 0xbb, 0x90, 0x01, 0x10, 0x08, 0xa5, 0x55, 0x59, 0xa0, 0xbe, 0xf6, 0x0a, 0x6a, 0x20, 0x0d,
    0x20, 0x00, 0x96, 0x0c, 0x46, 0xe5, 0x6a, 0x00, 0x00, 0x96, 0x0e, 0x20, 0x3e, 0xf2, 0x00, 0x00,
    0x96, 0x3e, 0x00, 0x2d, 0xe8, 0x00, 0x00, 0x96, 0x98, 0x05, 0xe6, 0x1d, 0x70, 0x00, 0xb7, 0xb2,
    0x6e, 0x30, 0x02, 0xe3, 0x0b, 0xbd, 0x70, 0x21, 0x00, 0x00, 0x10, 0x7c, 0x00, 0x9f, 0xdc, 0xbb,
    0xbb, 0xc7, 0x22, 0x00, 0x00, 0x13, 0x33, 0x33, 0x31,

    /* U+8FDB "进" */
    0x00, 0x00, 0x00, 0x24, 0x00, 0x60, 0x00, 0x3e, 0x20, 0x00, 0x6a, 0x00, 0xf1, 0x00, 0x06, 0xe4,
    0x02, 0x7b, 0x22, 0xf3, 0x20, 0x00, 0x66, 0x2f, 0xff, 0xff, 0xff, 0xe0, 0x00, 0x00, 0x00, 0x6a,
    0x00, 0xf1, 0x00, 0x01, 0x10, 0x00, 0x69, 0x00, 0xf1, 0x00, 0xbe, 0xf6, 0x00, 0x78, 0x00, 0xf1,
    0x00, 0x00, 0x96, 0xae, 0xff, 0xee, 0xfe, 0xe6, 0x00, 0x96, 0x11, 0xe4, 0x11, 0xf2, 0x10, 0x00,
    0x96, 0x04, 0xd0, 0x00, 0xf1, 0x00, 0x00, 0x96, 0x1d, 0x60, 0x00, 0xf1, 0x00, 0x00, 0xb8, 0x69,
    0x00, 0x00, 0xf1, 0x00, 0x0b, 0xbd, 0x70, 0x00, 0x00, 0x60, 0x00, 0x7c, 0x00, 0x9f, 0xdc, 0xcc,
    0xcc, 0xc7, 0x12, 0x00, 0x00, 0x13, 0x33, 0x33, 0x31,

    /* U+8FDE "连" */
    0x00, 0x00, 0x00, 0x04, 0x20, 0x00, 0x00, 0x3e, 0x20, 0x00, 0x0e, 0x20, 0x00, 0x00, 0x06, 0xe4,
    0x9f, 0xff, 0xff, 0xff, 0xf3, 0x00, 0x66, 0x00, 0xd4, 0x00, 0x00, 0x00, 0x00, 0x00, 0x04, 0xc0,
    0x87, 0x00, 0x00, 0x01, 0x10, 0x0e, 0x50, 0x88, 0x00, 0x00, 0xbe, 0xf6, 0x1f, 0xff, 0xff, 0xff,
    0xb0, 0x00, 0x96, 0x00, 0x00, 0x88, 0x00, 0x00, 0x00, 0x96, 0x24, 0x44, 0xaa, 0x44, 0x41, 0x00,
    0x96, 0x8c, 0xcc, 0xee, 0xcc, 0xc5, 0x00, 0x96, 0x00, 0x00, 0x88, 0x00, 0x00, 0x00, 0xb8, 0x00,
    0x00, 0x88, 0x00, 0x00, 0x0b, 0xbd, 0x70, 0x00, 0x44, 0x00, 0x00, 0x7c, 0x00, 0x9f, 0xdc, 0xcc,
    0xcc, 0xc7, 0x12, 0x00, 0x00, 0x13, 0x33, 0x33, 0x31,

    /* U+8FF7 "迷" */
    0x00, 0x00, 0x00, 0x00, 0x23, 0x00, 0x00, 0x4d, 0x20, 0x09, 0x10, 0x78, 0x04, 0x90, 0x07, 0xe3,
    0x08, 0x90, 0x78, 0x0b, 0x60, 0x00, 0x73, 0x01, 0xe1, 0x78, 0x2e, 0x00, 0x00, 0x00, 0x00, 0x41,
    0x78, 0x14, 0x00, 0x01, 0x10, 0x29, 0x99, 0xcd, 0x99, 0x92, 0xbe, 0xf6, 0x16, 0x67, 0xfb, 0x66,
    0x61, 0x00, 0x96, 0x00, 0x0b, 0xdd, 0x30, 0x00, 0x00, 0x96, 0x00, 0x7a, 0x7b, 0xd8, 0x00, 0x00,
    0x96, 0x1a, 0xc0, 0x78, 0x09, 0xc2, 0x00, 0x96, 0xb9, 0x00, 0x78, 0x00, 0x65, 0x00, 0xb7, 0x10,
    0x00, 0x78, 0x00, 0x00, 0x0b, 0xbd, 0x70, 0x00, 0x33, 0x00, 0x00, 0x7c, 0x00, 0x9f, 0xdc, 0xcb,
    0xcc, 0xc7, 0x12, 0x00, 0x00, 0x13, 0x33, 0x33, 0x31,

    /* U+9000 "退" */
    0x3d, 0x20, 0x09, 0xdd, 0xdd, 0xdd, 0x50, 0x07, 0xe3, 0x0b, 0x50, 0x00, 0x0a, 0x60, 0x00, 0x76,
    0x0b, 0xb8, 0x88, 0x8d, 0x60, 0x00, 0x00, 0x0b, 0xa7, 0x77, 0x7d, 0x60, 0x11, 0x10, 0x0b, 0x62,
    0x22, 0x2b, 0x60, 0xce, 0xf4, 0x0b, 0xed, 0xdd, 0xdd, 0x50, 0x00, 0xb4, 0x0b, 0x50, 0x50, 0x02,
    0x30, 0x00, 0xb4, 0x0b, 0x51, 0xcb, 0x3d, 0x60, 0x00, 0xb4, 0x0b, 0x50, 0x06, 0xfa, 0x00, 0x00,
    0xb4, 0x0b, 0x65, 0x94, 0x2e, 0x70, 0x00, 0xd5, 0x0f, 0xea, 0x72, 0x01, 0xc2, 0x0d, 0xad, 0x61,
    0x00, 0x00, 0x00, 0x00, 0x9a, 0x01, 0xaf, 0xdc, 0xcc, 0xcc, 0xc7, 0x21, 0x00, 0x00, 0x13, 0x33,
    0x33, 0x31,

    /* U+9002 "适" */
    0x01, 0x00, 0x00, 0x00, 0x00, 0x02, 0x10, 0x4e, 0x20, 0x14, 0x56, 0x7a, 0xed, 0x60, 0x06, 0xe4,
    0x3a, 0xa9, 0xd9, 0x10, 0x00, 0x00, 0x55, 0x00, 0x00, 0xa6, 0x00, 0x00, 0x00, 0x00, 0x11, 0x11,
    0xa7, 0x11, 0x10, 0x11, 0x10, 0x7e, 0xee, 0xfe, 0xee, 0xe4, 0xce, 0xf4, 0x00, 0x00, 0xa6, 0x00,
    0x00, 0x00, 0xb4, 0x02, 0x44, 0xb8, 0x44, 0x10, 0x00, 0xb4, 0x08, 0xda, 0xaa, 0xae, 0x40, 0x00,
    0xb4, 0x08, 0x70, 0x00, 0x0b, 0x40, 0x00, 0xb4, 0x08, 0x70, 0x00, 0x0b, 0x40, 0x00, 0xd6, 0x08,
    0xed, 0xdd, 0xdf, 0x40, 0x0d, 0xad, 0x61, 0x11, 0x11, 0x11, 0x00, 0x9a, 0x00, 0x9e, 0xdc, 0xcb,
    0xcc, 0xc7, 0x31, 0x00, 0x00, 0x12, 0x22, 0x22, 0x21,

    /* U+9009 "选" */
    0x00, 0x00, 0x00, 0x20, 0x25, 0x00, 0x00, 0x3d, 0x20, 0x03, 0xe0, 0x5b, 0x00, 0x00, 0x06, 0xe3,
    0x0a, 0xea, 0xce, 0xaa, 0x70, 0x00, 0x65, 0x2f, 0x76, 0xad, 0x66, 0x40, 0x00, 0x00, 0x6a, 0x00,
    0x5b, 0x00, 0x00, 0x11, 0x10, 0x04, 0x33, 0x8c, 0x33, 0x30, 0xce, 0xf4, 0x3d, 0xdf, 0xde, 0xfd,
    0xd2, 0x00, 0xb4, 0x00, 0x0f, 0x14, 0xb0, 0x00, 0x00, 0xb4, 0x00, 0x2e, 0x04, 0xb0, 0x00, 0x00,
    0xb4, 0x00, 0x7a, 0x04, 0xb0, 0x43, 0x00, 0xb4, 0x05, 0xf2, 0x04, 0xb0, 0x96, 0x00, 0xd6, 0x6e,
    0x40, 0x02, 0xfb, 0xf2, 0x0d, 0xad, 0x72, 0x00, 0x00, 0x13, 0x10, 0x9a, 0x01, 0xaf, 0xdc, 0xcc,
    0xcc, 0xc7, 0x31, 0x00, 0x00, 0x13, 0x33, 0x33, 0x31,

    /* U+901A "通" */
    0x3d, 0x20, 0x6d, 0xdd, 0xdd, 0xde, 0x90, 0x06, 0xe4, 0x00, 0x1a, 0x11, 0xa9, 0x00, 0x00, 0x56,
    0x00, 0x05, 0xed, 0x50, 0x00, 0x00, 0x00, 0x1d, 0xdd, 0xef, 0xdd, 0xd0, 0x11, 0x10, 0x2e, 0x22,
    0xa7, 0x23, 0xf0, 0xce, 0xf4, 0x2f, 0x88, 0xcb, 0x88, 0xf0, 0x00, 0xb4, 0x2e, 0x66, 0xca, 0x67,
    0xf0, 0x00, 0xb4, 0x2e, 0x44, 0xb9, 0x45, 0xf0, 0x00, 0xb4, 0x2f, 0x99, 0xdc, 0x9a, 0xf0, 0x00,
    0xb4, 0x2e, 0x00, 0x96, 0x01, 0xf0, 0x00, 0xd6, 0x2e, 0x00, 0x96, 0x8d, 0xb0, 0x0d, 0xad, 0x74,
    0x00, 0x11, 0x11, 0x00, 0x9a, 0x00, 0xaf, 0xdc, 0xcc, 0xcc, 0xc7, 0x21, 0x00, 0x00, 0x13, 0x33,
    0x33, 0x31,

    /* U+9053 "道" */
    0x00, 0x00, 0x00, 0x40, 0x00, 0x32, 0x00, 0x3d, 0x20, 0x00, 0x99, 0x00, 0xe4, 0x00, 0x06, 0xe4,
    0x9e, 0xef, 0xee, 0xfe, 0xe6, 0x00, 0x56, 0x12, 0x23, 0xf3, 0x22, 0x21, 0x00, 0x00, 0x05, 0x79,
    0xf7, 0x77, 0x30, 0x11, 0x10, 0x0b, 0xb8, 0x88, 0x8d, 0x60, 0xce, 0xf5, 0x0b, 0x74, 0x44, 0x4b,
    0x60, 0x00, 0xa5, 0x0b, 0xb9, 0x99, 0x9d, 0x60, 0x00, 0xa5, 0x0b, 0x73, 0x33, 0x3b, 0x60, 0x00,
    0xa5, 0x0b, 0xca, 0xaa, 0xad, 0x60, 0x00, 0xa5, 0x0b, 0x61, 0x11, 0x1a, 0x60, 0x00, 0xc7, 0x09,
    0xdd, 0xdd, 0xdd, 0x50, 0x0c, 0xbd, 0x70, 0x00, 0x00, 0x00, 0x00, 0x8b, 0x00, 0x9f, 0xdc, 0xcc,
    0xcc, 0xc7, 0x21, 0x00, 0x00, 0x13, 0x33, 0x33, 0x31,

    /* U+9065 "遥" */
    0x00, 0x00, 0x00, 0x00, 0x01, 0x35, 0x40, 0x5c, 0x10, 0x8d, 0xdd, 0xdc, 0xa8, 0x50, 0x08, 0xd2,
    0x15, 0x02, 0x70, 0x07, 0x90, 0x00, 0x83, 0x0e, 0x20, 0xd3, 0x0e, 0x20, 0x00, 0x00, 0x07, 0x70,
    0x32, 0x17, 0x00, 0x11, 0x10, 0x0d, 0xec, 0xcc, 0xcc, 0x60, 0xce, 0xf4, 0x5d, 0x22, 0xa8, 0x22,
    0x10, 0x00, 0xb4, 0x47, 0x55, 0xba, 0x55, 0x52, 0x00, 0xb4, 0x79, 0x99, 0xdc, 0x99, 0x94, 0x00,
    0xb4, 0x08, 0x10, 0x96, 0x05, 0x60, 0x00, 0xb4, 0x0d, 0x20, 0x96, 0x07, 0x90, 0x00, 0xd5, 0x0d,
    0xff, 0xff, 0xff, 0x90, 0x0c, 0xbe, 0x50, 0x00, 0x00, 0x00, 0x00, 0x8b, 0x01, 0xaf, 0xdc, 0xbb,
    0xbb, 0xc7, 0x21, 0x00, 0x00, 0x23, 0x33, 0x33, 0x31,

    /* U+907F "避" */
    0x00, 0x00, 0x00, 0x00, 0x00, 0x22, 0x00, 0x6b, 0x00, 0x3b, 0xbb, 0x41, 0x5b, 0x10, 0x0a, 0xc0,
    0x5a, 0x2a, 0x6d, 0xdd, 0xd8, 0x00, 0x91, 0x59, 0x08, 0x63, 0x30, 0x80, 0x00, 0x00, 0x5a, 0x3a,
    0x63, 0xa1, 0xd0, 0x11, 0x10, 0x6e, 0xbb, 0x42, 0xa6, 0xa1, 0xce, 0xf0, 0x77, 0x00, 0x0c, 0xdf,
    0xc8, 0x00, 0xf0, 0x8a, 0xed, 0x90, 0x2d, 0x00, 0x00, 0xf0, 0xa8, 0x83, 0x97, 0x9e, 0x83, 0x00,
    0xf0, 0xe5, 0x83, 0x95, 0x7e, 0x62, 0x00, 0xf4, 0xa4, 0x83, 0x90, 0x2d, 0x00, 0x02, 0xf4, 0x44,
    0xed, 0x90, 0x2d, 0x00, 0x1e, 0xad, 0x40, 0x00, 0x00, 0x04, 0x00, 0xa7, 0x02, 0xcf, 0xdc, 0xcc,
    0xcc, 0xc7, 0x30, 0x00, 0x00, 0x23, 0x33, 0x33, 0x31,

    /* U+90E8 "部" */
    0x00, 0x06, 0x00, 0x00, 0x00, 0x00, 0x00, 0x01, 0x1d, 0x51, 0x10, 0x9d, 0xdd, 0xd2, 0x9f, 0xff,
    0xff, 0xf7, 0xb6, 0x12, 0xf1, 0x02, 0x10, 0x02, 0x40, 0xb5, 0x06, 0xb0, 0x0a, 0x70, 0x09, 0x90,
    0xb5, 0x0b, 0x70, 0x03, 0xd0, 0x0e, 0x20, 0xb5, 0x1f, 0x10, 0xab, 0xfb, 0xcf, 0xb6, 0xb5, 0x4d,
    0x00, 0x55, 0x55, 0x55, 0x53, 0xb5, 0x0c, 0x50, 0x04, 0x44, 0x44, 0x40, 0xb5, 0x02, 0xe0, 0x0f,
    0xcb, 0xbc, 0xe0, 0xb5, 0x00, 0xc4, 0x0f, 0x00, 0x02, 0xe0, 0xb5, 0x00, 0xb6, 0x0f, 0x00, 0x02,
    0xe0, 0xb5, 0x7a, 0xf2, 0x0f, 0x77, 0x78, 0xe0, 0xb5, 0x57, 0x20, 0x0f, 0x98, 0x89, 0xe0, 0xb5,
    0x00, 0x00, 0x06, 0x00, 0x00, 0x50, 0x52, 0x00, 0x00,

    /* U+914D "配" */
    0xcd, 0xdd, 0xdd, 0xc7, 0xdd, 0xdd, 0xa0, 0x11, 0xe2, 0xe1, 0x11, 0x11, 0x15, 0xc0, 0x00, 0xe1,
    0xe0, 0x00, 0x00, 0x03, 0xc0, 0x8f, 0xff, 0xff, 0xa0, 0x00, 0x03, 0xc0, 0x87, 0xb2, 0xc5, 0xa0,
    0x00, 0x03, 0xc0, 0x86, 0xb0, 0xb4, 0xa3, 0x99, 0x9b, 0xc0, 0x86, 0xb0, 0xc4, 0xa5, 0xd7, 0x77,
    0x50, 0x8a, 0x90, 0x9e, 0xa5, 0xb0, 0x00, 0x00, 0x89, 0x20, 0x04, 0xa5, 0xb0, 0x00, 0x00, 0x8e,
    0xdd, 0xde, 0xa5, 0xb0, 0x00, 0x56, 0x88, 0x22, 0x26, 0xa5, 0xb0, 0x00, 0x88, 0x8a, 0x66, 0x69,
    0xa5, 0xd0, 0x00, 0xb6, 0x8c, 0xaa, 0xab, 0xa2, 0xfd, 0xde, 0xd1, 0x33, 0x00, 0x02, 0x40, 0x13,
    0x32, 0x00,

    /* U+91CA "释" */
    0x00, 0x01, 0x34, 0x00, 0x00, 0x00, 0x00, 0x8c, 0xef, 0xb7, 0x7d, 0xdd, 0xdd, 0xc0, 0x43, 0x6b,
    0x05, 0x0b, 0x50, 0x09, 0xa0, 0x96, 0x5b, 0x3c, 0x03, 0xd1, 0x5f, 0x20, 0x3c, 0x5b, 0x87, 0x00,
    0x7d, 0xf6, 0x00, 0x08, 0x5b, 0x62, 0x05, 0xbe, 0xea, 0x30, 0x9b, 0xde, 0xba, 0xac, 0x52, 0x26,
    0xd6, 0x34, 0xbc, 0x43, 0x00, 0x09, 0x70, 0x00, 0x01, 0xff, 0x40, 0x4c, 0xce, 0xec, 0xc2, 0x09,
    0xac, 0xd4, 0x13, 0x3b, 0x93, 0x30, 0x5a, 0x5b, 0x3a, 0x11, 0x1a, 0x81, 0x11, 0xd1, 0x5b, 0x00,
    0xce, 0xef, 0xfe, 0xe8, 0x20, 0x5b, 0x00, 0x00, 0x09, 0x70, 0x00, 0x00, 0x5b, 0x00, 0x00, 0x09,
    0x70, 0x00, 0x00, 0x25, 0x00, 0x00, 0x04, 0x30, 0x00,

    /* U+91CC "里" */
    0x06, 0xee, 0xee, 0xee, 0xee, 0xee, 0x00, 0x06, 0x90, 0x00, 0xb6, 0x00, 0x0f, 0x10, 0x06, 0x90,
    0x00, 0xb6, 0x00, 0x0f, 0x10, 0x06, 0xed, 0xdd, 0xfe, 0xdd, 0xdf, 0x10, 0x06, 0xb4, 0x44, 0xc8,
    0x44, 0x4f, 0x10, 0x06, 0x90, 0x00, 0xb6, 0x00, 0x0f, 0x10, 0x06, 0xeb, 0xbb, 0xed, 0xbb, 0xbf,
    0x10, 0x01, 0x44, 0x44, 0xc8, 0x44, 0x44, 0x00, 0x00, 0x00, 0x00, 0xb6, 0x00, 0x00, 0x00, 0x2f,
    0xff, 0xff, 0xff, 0xff, 0xff, 0xc0, 0x01, 0x11, 0x11, 0xb6, 0x11, 0x11, 0x00, 0x00, 0x00, 0x00,
    0xb6, 0x00, 0x00, 0x00, 0xcf, 0xff, 0xff, 0xff, 0xff, 0xff, 0xf6,

    /* U+91CD "重" */
    0x00, 0x00, 0x00, 0x00, 0x12, 0x33, 0x00, 0x06, 0xcc, 0xdd, 0xed, 0xcb, 0x98, 0x00, 0x01, 0x10,
    0x00, 0xb5, 0x00, 0x00, 0x00, 0x9f, 0xff, 0xff, 0xff, 0xff, 0xff, 0xf4, 0x00, 0x00, 0x00, 0xb6,
    0x00, 0x00, 0x00, 0x05, 0xed, 0xdd, 0xfe, 0xdd, 0xde, 0x00, 0x05, 0xa0, 0x00, 0xb5, 0x00, 0x0f,
    0x00, 0x05, 0xfd, 0xdd, 0xfe, 0xdd, 0xdf, 0x00, 0x05, 0xb0, 0x00, 0xb6, 0x00, 0x1f, 0x00, 0x05,
    0xeb, 0xbb, 0xed, 0xbb, 0xcf, 0x00, 0x00, 0x22, 0x22, 0xc7, 0x22, 0x22, 0x00, 0x0d, 0xdd, 0xdd,
    0xfe, 0xdd, 0xdd, 0x90, 0x00, 0x00, 0x00, 0xb6, 0x00, 0x00, 0x00, 0xad, 0xdd, 0xdd, 0xfe, 0xdd,
    0xdd, 0xd6, 0x11, 0x11, 0x11, 0x11, 0x11, 0x11, 0x10,

    /* U+91CF "量" */
    0x00, 0x33, 0x33, 0x33, 0x33, 0x32, 0x00, 0x00, 0xf6, 0x66, 0x66, 0x66, 0x9c, 0x00, 0x00, 0xfa,
    0xaa, 0xaa, 0xaa, 0xcc, 0x00, 0x00, 0xf2, 0x22, 0x22, 0x22, 0x6c, 0x00, 0x00, 0x99, 0x99, 0x99,
    0x99, 0x97, 0x00, 0x79, 0x99, 0x99, 0x99, 0x99, 0x99, 0x94, 0x34, 0x44, 0x44, 0x44, 0x44, 0x44,
    0x42, 0x05, 0xea, 0xaa, 0xec, 0xaa, 0xaf, 0x10, 0x05, 0xc6, 0x66, 0xd9, 0x66, 0x6f, 0x10, 0x05,
    0xb4, 0x44, 0xc8, 0x44, 0x4f, 0x10, 0x05, 0xca, 0xaa, 0xec, 0xaa, 0xad, 0x00, 0x03, 0x44, 0x44,
    0xc8, 0x44, 0x44, 0x20, 0x04, 0x66, 0x66, 0xd9, 0x66, 0x66, 0x20, 0x9b, 0xbb, 0xbb, 0xec, 0xbb,
    0xbb, 0xb6, 0x12, 0x22, 0x22, 0x22, 0x22, 0x22, 0x21,

    /* U+94AE "钮" */
    0x00, 0x40, 0x00, 0x00, 0x00, 0x00, 0x00, 0x06, 0xc0, 0x00, 0x9d, 0xdd, 0xdd, 0xb0, 0x0d, 0xed,
    0xd4, 0x12, 0xe4, 0x25, 0xd0, 0x3f, 0x33, 0x31, 0x00, 0xf1, 0x04, 0xd0, 0x99, 0x00, 0x00, 0x00,
    0xf0, 0x04, 0xc0, 0xe6, 0x99, 0x90, 0x01, 0xf0, 0x05, 0xb0, 0x03, 0xbb, 0x60, 0x24, 0xe2, 0x27,
    0xa0, 0x00, 0x88, 0x01, 0xef, 0xfe, 0xef, 0xa0, 0x7b, 0xed, 0xb6, 0x05, 0xa0, 0x07, 0x90, 0x24,
    0xaa, 0x42, 0x07, 0x90, 0x08, 0x80, 0x00, 0x88, 0x00, 0x08, 0x80, 0x09, 0x70, 0x00, 0x88, 0x00,
    0x0a, 0x60, 0x0a, 0x70, 0x00, 0x9a, 0xb7, 0x0b, 0x50, 0x0a, 0x60, 0x00, 0xca, 0x39, 0xff, 0xff,
    0xff, 0xfb,

    /* U+94C3 "铃" */
    0x01, 0x40, 0x00, 0x00, 0x17, 0x00, 0x00, 0x06, 0xb0, 0x00, 0x00, 0xad, 0x70, 0x00, 0x0d, 0xed,
    0xd1, 0x03, 0xd1, 0xe1, 0x00, 0x3f, 0x33, 0x30, 0x0d, 0x40, 0x7c, 0x00, 0x99, 0x00, 0x00, 0xca,
    0x62, 0x0b, 0xb0, 0xe8, 0xaa, 0x8a, 0xa0, 0x6e, 0x20, 0xb9, 0x12, 0xba, 0x33, 0x00, 0x05, 0x60,
    0x03, 0x00, 0x88, 0x00, 0x9b, 0xbb, 0xbb, 0x80, 0x7b, 0xed, 0xb4, 0x34, 0x44, 0x4d, 0x70, 0x24,
    0xaa, 0x41, 0x00, 0x00, 0x6c, 0x00, 0x00, 0x88, 0x00, 0x3c, 0x23, 0xe2, 0x00, 0x00, 0x88, 0x00,
    0x07, 0xee, 0x50, 0x00, 0x00, 0x9a, 0xa9, 0x00, 0x3e, 0x80, 0x00, 0x00, 0xca, 0x40, 0x00, 0x02,
    0xd9, 0x00, 0x00, 0x00, 0x00, 0x00, 0x00, 0x14, 0x00,

    /* U+952E "键" */
    0x05, 0x20, 0x00, 0x00, 0x01, 0x40, 0x00, 0x0e, 0x30, 0x01, 0x11, 0x37, 0xd5, 0x40, 0x3f, 0xdd,
    0x6c, 0xe8, 0x5a, 0xe9, 0xd0, 0x7b, 0x33, 0x10, 0xb4, 0x14, 0xc2, 0xd0, 0xc5, 0x00, 0x03, 0xd3,
    0xee, 0xfe, 0xf7, 0xf9, 0x88, 0x2a, 0x60, 0x03, 0xb1, 0xd0, 0x36, 0xf6, 0x2f, 0xc7, 0x9e, 0xfd,
    0xd0, 0x00, 0xf0, 0x02, 0x68, 0x03, 0xc0, 0x00, 0x7b, 0xfb, 0x95, 0x77, 0xbd, 0xfd, 0xd0, 0x24,
    0xf4, 0x3c, 0x95, 0x04, 0xc0, 0x00, 0x00, 0xf0, 0x0b, 0xe5, 0xcd, 0xfc, 0xc4, 0x00, 0xf0, 0x15,
    0xf1, 0x25, 0xc2, 0x20, 0x00, 0xf9, 0x8b, 0xdc, 0x32, 0x70, 0x00, 0x03, 0xc4, 0x4d, 0x06, 0xce,
    0xdb, 0xc8, 0x00, 0x00, 0x02, 0x00, 0x00, 0x23, 0x32,

    /* U+957F "长" */
    0x00, 0x03, 0x20, 0x00, 0x00, 0x00, 0x00, 0x00, 0x0b, 0x50, 0x00, 0x00, 0xaa, 0x00, 0x00, 0x0b,
    0x50, 0x00, 0x2d, 0xa0, 0x00, 0x00, 0x0b, 0x50, 0x19, 0xf7, 0x00, 0x00, 0x00, 0x0b, 0x50, 0xdb,
    0x20, 0x00, 0x00, 0x00, 0x0b, 0x50, 0x10, 0x00, 0x00, 0x00, 0x57, 0x7d, 0xa7, 0x77, 0x77, 0x77,
    0x73, 0x79, 0x9e, 0xb9, 0x9c, 0xd9, 0x99, 0x94, 0x00, 0x0b, 0x50, 0x02, 0xe0, 0x00, 0x00, 0x00,
    0x0b, 0x50, 0x00, 0xc5, 0x00, 0x00, 0x00, 0x0b, 0x50, 0x00, 0x3e, 0x20, 0x00, 0x00, 0x0b, 0x50,
    0x00, 0x07, 0xe2, 0x00, 0x00, 0x0b, 0x64, 0x9c, 0x00, 0x7f, 0x60, 0x00, 0x0e, 0xfc, 0x73, 0x00,
    0x04, 0xd6, 0x00, 0x03, 0x00, 0x00, 0x00, 0x00, 0x00,

    /* U+95ED "闭" */
    0x00, 0x41, 0x00, 0x00, 0x00, 0x00, 0x00, 0x09, 0xb0, 0x0b, 0xbb, 0xbb, 0xb9, 0x00, 0x0d, 0x70,
    0x33, 0x33, 0x36, 0xd2, 0xd0, 0x23, 0x00, 0x66, 0x00, 0x3d, 0x2d, 0x00, 0x00, 0x08, 0x80, 0x03,
    0xd2, 0xd0, 0x55, 0x55, 0xab, 0x53, 0x3d, 0x2d, 0x0b, 0xbb, 0xbf, 0xeb, 0x73, 0xd2, 0xd0, 0x00,
    0x05, 0xf8, 0x00, 0x3d, 0x2d, 0x00, 0x02, 0xd9, 0x80, 0x03, 0xd2, 0xd0, 0x04, 0xd3, 0x88, 0x00,
    0x3d, 0x2d, 0x09, 0xe3, 0x08, 0x80, 0x03, 0xd2, 0xd3, 0xb1, 0x00, 0x88, 0x00, 0x3d, 0x2d, 0x00,
    0x04, 0x7f, 0x60, 0x03, 0xd2, 0xd0, 0x00, 0x27, 0x60, 0x19, 0xc9, 0x17, 0x00, 0x00, 0x00, 0x00,
    0x54, 0x00,

    /* U+95F2 "闲" */
    0x00, 0x50, 0x00, 0x00, 0x00, 0x00, 0x00, 0x08, 0xa0, 0x0b, 0xbb, 0xbb, 0xb9, 0x00, 0x0c, 0x30,
    0x22, 0x22, 0x25, 0xd3, 0xd0, 0x00, 0x07, 0x50, 0x00, 0x2d, 0x3d, 0x00, 0x00, 0x96, 0x00, 0x02,
    0xd3, 0xd0, 0x35, 0x5b, 0x95, 0x52, 0x2d, 0x3d, 0x08, 0xaa, 0xfc, 0xaa, 0x42, 0xd3, 0xd0, 0x00,
    0x6f, 0xa0, 0x00, 0x2d, 0x3d, 0x00, 0x1d, 0x9e, 0x90, 0x02, 0xd3, 0xd0, 0x1c, 0x49, 0x6a, 0xa0,
    0x2d, 0x3d, 0x1d, 0x90, 0x96, 0x0a, 0xa2, 0xd3, 0xd3, 0xa0, 0x09, 0x60, 0x03, 0x2d, 0x3d, 0x00,
    0x00, 0x96, 0x00, 0x03, 0xd3, 0xd0, 0x00, 0x06, 0x40, 0x19, 0xca, 0x16, 0x00, 0x00, 0x00, 0x00,
    0x54, 0x00,

    /* U+95F4 "间" */
    0x00, 0x51, 0x00, 0x00, 0x00, 0x00, 0x00, 0x09, 0xb0, 0x0b, 0xbb, 0xbb, 0xb9, 0x00, 0x0d, 0x60,
    0x33, 0x33, 0x36, 0xd2, 0xd0, 0x33, 0x00, 0x00, 0x00, 0x3d, 0x2d, 0x00, 0x44, 0x44, 0x42, 0x03,
    0xd2, 0xd0, 0x1f, 0xbb, 0xbd, 0x90, 0x3d, 0x2d, 0x01, 0xf0, 0x00, 0x69, 0x03, 0xd2, 0xd0, 0x1f,
    0x33, 0x38, 0x90, 0x3d, 0x2d, 0x01, 0xfc, 0xcc, 0xd9, 0x03, 0xd2, 0xd0, 0x1f, 0x00, 0x06, 0x90,
    0x3d, 0x2d, 0x01, 0xf2, 0x22, 0x79, 0x03, 0xd2, 0xd0, 0x0c, 0xcc, 0xcc, 0x70, 0x3d, 0x2d, 0x00,
    0x00, 0x00, 0x00, 0x04, 0xc2, 0xd0, 0x00, 0x00, 0x00, 0x19, 0xd9, 0x17, 0x00, 0x00, 0x00, 0x00,
    0x64, 0x00,

    /* U+9634 "阴" */
    0x5d, 0xdd, 0xd8, 0x4d, 0xdd, 0xdd, 0xb6, 0xa0, 0x0a, 0x65, 0xb1, 0x11, 0x4d, 0x6a, 0x00, 0xe1,
    0x5b, 0x00, 0x03, 0xd6, 0xa0, 0x3b, 0x05, 0xb0, 0x00, 0x3d, 0x6a, 0x09, 0x60, 0x5f, 0xff, 0xff,
    0xd6, 0xa0, 0xe3, 0x05, 0xb0, 0x00, 0x3d, 0x6a, 0x08, 0x90, 0x5b, 0x00, 0x03, 0xd6, 0xa0, 0x1f,
    0x06, 0xc5, 0x55, 0x7d, 0x6a, 0x00, 0xd4, 0x8d, 0xaa, 0xab, 0xd6, 0xa0, 0x2e, 0x3a, 0x60, 0x00,
    0x3d, 0x6a, 0xbe, 0x90, 0xe2, 0x00, 0x03, 0xd6, 0xa0, 0x00, 0x6d, 0x00, 0x00, 0x3d, 0x6a, 0x00,
    0x0d, 0x60, 0x02, 0xad, 0xb3, 0x50, 0x00, 0x40, 0x00, 0x05, 0x51,

    /* U+9635 "阵" */
    0x00, 0x00, 0x00, 0x00, 0x40, 0x00, 0x00, 0x49, 0x99, 0x60, 0x02, 0xe0, 0x00, 0x00, 0x7b, 0x5b,
    0x85, 0x7a, 0xd7, 0x77, 0x71, 0x79, 0x0c, 0x37, 0xaf, 0xba, 0xaa, 0xa2, 0x79, 0x1e, 0x00, 0x2e,
    0x03, 0x00, 0x00, 0x79, 0x69, 0x00, 0x98, 0x0d, 0x20, 0x00, 0x79, 0xa6, 0x02, 0xf1, 0x0d, 0x20,
    0x00, 0x79, 0x5c, 0x05, 0xff, 0xff, 0xff, 0xd0, 0x79, 0x0c, 0x30, 0x00, 0x0d, 0x20, 0x00, 0x79,
    0x08, 0x70, 0x00, 0x0d, 0x30, 0x00, 0x79, 0x1a, 0x7c, 0xff, 0xff, 0xff, 0xf7, 0x79, 0xdc, 0x20,
    0x00, 0x0d, 0x20, 0x00, 0x79, 0x00, 0x00, 0x00, 0x0d, 0x20, 0x00, 0x79, 0x00, 0x00, 0x00, 0x0d,
    0x20, 0x00, 0x34, 0x00, 0x00, 0x00, 0x05, 0x10, 0x00,

    /* U+9690 "隐" */
    0x00, 0x00, 0x00, 0x04, 0x20, 0x00, 0x00, 0x5d, 0xdd, 0xc0, 0x2f, 0x97, 0x74, 0x00, 0x6a, 0x16,
    0xb1, 0xc9, 0x66, 0xd7, 0x00, 0x6a, 0x09, 0x7d, 0x90, 0x04, 0xc0, 0x00, 0x6a, 0x0e, 0x4c, 0xa9,
    0x9e, 0xc9, 0x60, 0x6a, 0x4b, 0x01, 0x66, 0x66, 0x6a, 0x90, 0x6a, 0x97, 0x03, 0x66, 0x66, 0x6a,
    0x90, 0x6a, 0x3d, 0x04, 0x88, 0x88, 0x8b, 0x90, 0x6a, 0x0c, 0x34, 0x55, 0x55, 0x5a, 0x90, 0x6a,
    0x09, 0x77, 0x99, 0x99, 0x99, 0x50, 0x6a, 0x0a, 0x75, 0x1a, 0x3a, 0x03, 0x60, 0x6a, 0xcb, 0x3e,
    0x1e, 0x0b, 0x61, 0xe0, 0x6a, 0x00, 0x79, 0x1f, 0x00, 0x3a, 0x97, 0x6a, 0x00, 0x84, 0x0e, 0xb9,
    0xc8, 0x25, 0x35, 0x00, 0x00, 0x02, 0x66, 0x40, 0x00,

    /* U+96C6 "集" */
    0x00, 0x14, 0x00, 0x51, 0x00, 0x00, 0x00, 0x00, 0x9b, 0x22, 0x99, 0x22, 0x22, 0x10, 0x02, 0xfb,
    0xbb, 0xcf, 0xbb, 0xbb, 0x60, 0x0d, 0xd2, 0x22, 0x5d, 0x22, 0x22, 0x00, 0xbd, 0xfd, 0xdd, 0xdf,
    0xdd, 0xdd, 0x00, 0x63, 0xd2, 0x22, 0x5d, 0x22, 0x22, 0x00, 0x02, 0xfb, 0xbb, 0xcf, 0xbb, 0xbb,
    0x00, 0x02, 0xe3, 0x33, 0x6d, 0x33, 0x33, 0x30, 0x01, 0xaa, 0xaa, 0xaa, 0xaa, 0xaa, 0x90, 0x12,
    0x22, 0x22, 0xa7, 0x22, 0x22, 0x20, 0x8d, 0xdd, 0xdf, 0xff, 0xfd, 0xdd, 0xd4, 0x00, 0x02, 0xc5,
    0xa6, 0x8a, 0x10, 0x00, 0x04, 0xad, 0x40, 0xa6, 0x06, 0xd8, 0x30, 0x8d, 0x50, 0x00, 0xa6, 0x00,
    0x06, 0xd4, 0x00, 0x00, 0x00, 0x53, 0x00, 0x00, 0x00,

    /* U+96E8 "雨" */
    0xbd, 0xdd, 0xdd, 0xdd, 0xdd, 0xdd, 0xd6, 0x12, 0x22, 0x22, 0xb7, 0x22, 0x22, 0x21, 0x00, 0x00,
    0x00, 0xb5, 0x00, 0x00, 0x00, 0x1e, 0xee, 0xee, 0xff, 0xee, 0xee, 0xa0, 0x1f, 0x33, 0x33, 0xc8,
    0x33, 0x37, 0xb0, 0x1f, 0x04, 0x00, 0xb5, 0x30, 0x05, 0xb0, 0x1f, 0x1c, 0xb2, 0xb5, 0xad, 0x35,
    0xb0, 0x1f, 0x00, 0x65, 0xb5, 0x05, 0xa5, 0xb0, 0x1f, 0x03, 0x00, 0xb5, 0x20, 0x05, 0xb0, 0x1f,
    0x2d, 0x91, 0xb5, 0xbb, 0x15, 0xb0, 0x1f, 0x00, 0x95, 0xb5, 0x07, 0xc5, 0xb0, 0x1f, 0x00, 0x00,
    0xb5, 0x00, 0x05, 0xb0, 0x1f, 0x00, 0x00, 0xb5, 0x05, 0x9e, 0x90, 0x08, 0x00, 0x00, 0x31, 0x02,
    0x75, 0x00,

    /* U+96EA "雪" */
    0x09, 0xdd, 0xdd, 0xee, 0xdd, 0xdd, 0x40, 0x01, 0x11, 0x11, 0xb6, 0x11, 0x11, 0x10, 0x6f, 0xee,
    0xee, 0xff, 0xee, 0xee, 0xf1, 0x69, 0x00, 0x00, 0xb5, 0x00, 0x00, 0xf1, 0x69, 0x7c, 0xc6, 0xb5,
    0xac, 0xc3, 0xf1, 0x35, 0x24, 0x42, 0xb5, 0x34, 0x41, 0x80, 0x00, 0x47, 0x73, 0x84, 0x67, 0x72,
    0x00, 0x01, 0x66, 0x66, 0x66, 0x66, 0x65, 0x00, 0x02, 0x88, 0x88, 0x88, 0x88, 0xac, 0x00, 0x00,
    0x23, 0x33, 0x33, 0x33, 0x6c, 0x00, 0x00, 0x9b, 0xbb, 0xbb, 0xbb, 0xcc, 0x00, 0x00, 0x00, 0x00,
    0x00, 0x00, 0x4c, 0x00, 0x04, 0xff, 0xff, 0xff, 0xff, 0xfc, 0x00, 0x00, 0x00, 0x00, 0x00, 0x00,
    0x27, 0x00,

    /* U+96F6 "零" */
    0x08, 0xcc, 0xcc, 0xed, 0xcc, 0xcc, 0x40, 0x14, 0x44, 0x44, 0xc8, 0x44, 0x44, 0x40, 0x4e, 0xaa,
    0xaa, 0xec, 0xaa, 0xaa, 0xf0, 0x4b, 0x36, 0x63, 0xa5, 0x56, 0x62, 0xf0, 0x39, 0x25, 0x52, 0xa5,
    0x45, 0x51, 0xc0, 0x00, 0x6b, 0xb8, 0xc8, 0xab, 0xb2, 0x00, 0x00, 0x00, 0x8d, 0x59, 0xc3, 0x00,
    0x00, 0x03, 0x9e, 0x83, 0x90, 0x3c, 0xc7, 0x10, 0xcc, 0x73, 0x22, 0x8b, 0x22, 0x59, 0xe5, 0x00,
    0x5c, 0xcc, 0xcc, 0xcf, 0xa0, 0x00, 0x00, 0x00, 0x40, 0x01, 0xa9, 0x00, 0x00, 0x00, 0x02, 0xbe,
    0xae, 0x60, 0x00, 0x00, 0x00, 0x00, 0x02, 0x8e, 0xd6, 0x00, 0x00, 0x00, 0x00, 0x00, 0x00, 0x45,
    0x00, 0x00,

    /* U+96F7 "雷" */
    0x0a, 0xdd, 0xdd, 0xed, 0xdd, 0xdd, 0x60, 0x12, 0x22, 0x22, 0xc7, 0x22, 0x22, 0x20, 0x8e, 0xcc,
    0xcc, 0xfd, 0xcc, 0xcc, 0xf2, 0x88, 0x01, 0x10, 0xb5, 0x01, 0x10, 0xd2, 0x88, 0x6a, 0xa5, 0xb5,
    0x9a, 0xa2, 0xd2, 0x00, 0x48, 0x83, 0xb5, 0x68, 0x82, 0x10, 0x00, 0x23, 0x31, 0x31, 0x23, 0x30,
    0x00, 0x06, 0xcc, 0xcc, 0xcc, 0xcc, 0xcc, 0x10, 0x07, 0x91, 0x11, 0xb6, 0x11, 0x1e, 0x10, 0x07,
    0xb6, 0x66, 0xd9, 0x66, 0x6f, 0x10, 0x07, 0xb7, 0x77, 0xda, 0x77, 0x7f, 0x10, 0x07, 0x91, 0x11,
    0xb6, 0x11, 0x1e, 0x10, 0x07, 0xec, 0xcc, 0xcc, 0xcc, 0xcf, 0x10, 0x04, 0x40, 0x00, 0x00, 0x00,
    0x08, 0x00,

    /* U+96FE "雾" */
    0x07, 0xaa, 0xaa, 0xec, 0xaa, 0xaa, 0x20, 0x29, 0x99, 0x99, 0xdb, 0x99, 0x99, 0x80, 0x4c, 0x44,
    0x44, 0xc8, 0x44, 0x44, 0xf0, 0x4b, 0x4a, 0xa5, 0xa5, 0x8a, 0xa1, 0xf0, 0x12, 0x49, 0x95, 0xa5,
    0x89, 0x91, 0x20, 0x00, 0x08, 0xd4, 0x55, 0x44, 0x41, 0x00, 0x03, 0xdf, 0xa7, 0x77, 0x8e, 0xc1,
    0x00, 0x0a, 0x74, 0xac, 0x79, 0xd5, 0x00, 0x00, 0x36, 0x8a, 0xdc, 0x99, 0xcd, 0xca, 0x84, 0x88,
    0x64, 0x10, 0xa1, 0x00, 0x24, 0x63, 0x02, 0xdd, 0xde, 0xfe, 0xdd, 0xea, 0x00, 0x00, 0x00, 0x6e,
    0x30, 0x00, 0x5a, 0x00, 0x06, 0xae, 0xa2, 0x01, 0x77, 0xc5, 0x00, 0x06, 0x51, 0x00, 0x00, 0x66,
    0x30, 0x00,

    /* U+9759 "静" */
    0x00, 0x16, 0x00, 0x00, 0x35, 0x00, 0x00, 0x58, 0xae, 0x88, 0x12, 0xed, 0x99, 0x40, 0x34, 0x7d,
    0x44, 0x1d, 0x94, 0x5f, 0x20, 0x39, 0xbe, 0x97, 0xaa, 0x00, 0xb7, 0x00, 0x26, 0x8e, 0x64, 0x2e,
    0xde, 0xfe, 0xc0, 0x77, 0x9e, 0x77, 0x33, 0x3d, 0x65, 0xe0, 0x66, 0x66, 0x66, 0x20, 0x0d, 0x32,
    0xe0, 0x2a, 0xaa, 0xa8, 0x7f, 0xff, 0xff, 0xfa, 0x3d, 0x33, 0x5d, 0x00, 0x0d, 0x31, 0xe0, 0x3f,
    0xaa, 0xbd, 0x04, 0x4e, 0x65, 0xe0, 0x3d, 0x22, 0x5d, 0x1b, 0xbf, 0xcb, 0xa0, 0x3f, 0xcc, 0xdd,
    0x00, 0x0d, 0x30, 0x00, 0x3d, 0x00, 0x3d, 0x00, 0x0d, 0x30, 0x00, 0x3d, 0x03, 0xab, 0x06, 0xaf,
    0x10, 0x00, 0x16, 0x01, 0x61, 0x03, 0x63, 0x00, 0x00,

    /* U+97F3 "音" */
    0x00, 0x00, 0x01, 0x60, 0x00, 0x00, 0x00, 0x01, 0x11, 0x11, 0xe4, 0x11, 0x11, 0x00, 0x1e, 0xef,
    0xfe, 0xee, 0xef, 0xfe, 0xb0, 0x00, 0x08, 0x90, 0x00, 0x0e, 0x20, 0x00, 0x00, 0x03, 0xd0, 0x00,
    0x3d, 0x00, 0x00, 0x56, 0x67, 0xf7, 0x66, 0xbb, 0x66, 0x63, 0x79, 0x99, 0x99, 0x99, 0x99, 0x99,
    0x94, 0x00, 0x23, 0x33, 0x33, 0x33, 0x31, 0x00, 0x00, 0xcd, 0xcc, 0xcc, 0xcc, 0xe8, 0x00, 0x00,
    0xc4, 0x00, 0x00, 0x00, 0x98, 0x00, 0x00, 0xcc, 0xaa, 0xaa, 0xaa, 0xd8, 0x00, 0x00, 0xc8, 0x44,
    0x44, 0x44, 0xb8, 0x00, 0x00, 0xc6, 0x22, 0x22, 0x22, 0xa8, 0x00, 0x00, 0xcd, 0xcc, 0xcc, 0xcc,
    0xe8, 0x00, 0x00, 0x62, 0x00, 0x00, 0x00, 0x44, 0x00,

    /* U+9875 "页" */
    0xad, 0xdd, 0xdd, 0xdd, 0xdd, 0xdd, 0xd5, 0x11, 0x11, 0x11, 0xd6, 0x11, 0x11, 0x10, 0x00, 0x22,
    0x22, 0xf4, 0x22, 0x21, 0x00, 0x00, 0xdf, 0xff, 0xff, 0xff, 0xf7, 0x00, 0x00, 0xd4, 0x00, 0x11,
    0x00, 0xa7, 0x00, 0x00, 0xd3, 0x00, 0xb6, 0x00, 0x97, 0x00, 0x00, 0xd3, 0x00, 0xb6, 0x00, 0x97,
    0x00, 0x00, 0xd3, 0x00, 0xc5, 0x00, 0x97, 0x00, 0x00, 0xd3, 0x00, 0xf2, 0x00, 0x97, 0x00, 0x00,
    0xd3, 0x04, 0xe0, 0x00, 0x97, 0x00, 0x00, 0x20, 0x2e, 0x56, 0x81, 0x10, 0x00, 0x00, 0x28, 0xf7,
    0x02, 0xaf, 0xa3, 0x00, 0x3d, 0xfa, 0x20, 0x00, 0x02, 0x9f, 0xb0, 0x04, 0x00, 0x00, 0x00, 0x00,
    0x01, 0x40,

    /* U+9876 "顶" */
    0xbd, 0xdd, 0xd6, 0xdd, 0xdd, 0xdd, 0xd6, 0x22, 0x9a, 0x21, 0x22, 0x2f, 0x42, 0x21, 0x00, 0x89,
    0x00, 0x12, 0x3f, 0x32, 0x20, 0x00, 0x89, 0x00, 0xaf, 0xff, 0xff, 0xf0, 0x00, 0x89, 0x00, 0xa6,
    0x01, 0x01, 0xf0, 0x00, 0x89, 0x00, 0xa6, 0x0e, 0x21, 0xf0, 0x00, 0x89, 0x00, 0xa6, 0x0e, 0x21,
    0xf0, 0x00, 0x89, 0x00, 0xa6, 0x0f, 0x11, 0xf0, 0x00, 0x89, 0x00, 0xa6, 0x1f, 0x01, 0xf0, 0x00,
    0x89, 0x00, 0xa6, 0x5d, 0x01, 0xf0, 0x00, 0x89, 0x00, 0x11, 0xc6, 0x64, 0x10, 0x00, 0x99, 0x00,
    0x2c, 0xb0, 0x4e, 0x50, 0x6a, 0xf6, 0x0c, 0xe7, 0x00, 0x04, 0xf4, 0x24, 0x30, 0x04, 0x00, 0x00,
    0x00, 0x30,

    /* U+9879 "项" */
    0x01, 0x11, 0x08, 0xdd, 0xdd, 0xdd, 0xd8, 0xdf, 0xff, 0xc1, 0x22, 0x3f, 0x22, 0x21, 0x00, 0xf0,
    0x00, 0x12, 0x5d, 0x22, 0x20, 0x00, 0xf0, 0x00, 0xff, 0xff, 0xff, 0xf0, 0x00, 0xf0, 0x00, 0xf1,
    0x00, 0x01, 0xf0, 0x00, 0xf0, 0x00, 0xf1, 0x1f, 0x01, 0xf0, 0x00, 0xf0, 0x00, 0xf1, 0x1f, 0x01,
    0xf0, 0x00, 0xf0, 0x00, 0xf1, 0x2f, 0x01, 0xf0, 0x00, 0xf3, 0x70, 0xf1, 0x4c, 0x01, 0xf0, 0x38,
    0xfe, 0x80, 0xf1, 0x8a, 0x01, 0xf0, 0xb9, 0x30, 0x00, 0x11, 0xe3, 0x93, 0x10, 0x00, 0x00, 0x00,
    0x4e, 0x80, 0x4e, 0x50, 0x00, 0x00, 0x5d, 0xe5, 0x00, 0x02, 0xe6, 0x00, 0x00, 0x34, 0x00, 0x00,
    0x00, 0x23,

    /* U+9891 "频" */
    0x00, 0x06, 0x00, 0x00, 0x00, 0x00, 0x00, 0x04, 0x0f, 0x10, 0x6d, 0xdd, 0xdd, 0xd8, 0x2e, 0x0f,
    0xcc, 0x21, 0x19, 0x91, 0x10, 0x2e, 0x0f, 0x54, 0x02, 0x2b, 0x92, 0x20, 0x2e, 0x0f, 0x10, 0x0e,
    0xff, 0xff, 0xf1, 0xcf, 0xcf, 0xcc, 0x3e, 0x20, 0x10, 0xf1, 0x44, 0x46, 0x44, 0x1e, 0x27, 0x90,
    0xf1, 0x03, 0x0f, 0x03, 0x1e, 0x27, 0x90, 0xf1, 0x2f, 0x0f, 0x0c, 0x3e, 0x28, 0x80, 0xf1, 0x8b,
    0x0f, 0x3e, 0x0e, 0x2b, 0x70, 0xf1, 0xd3, 0x0c, 0xc7, 0x0e, 0x2f, 0x40, 0xf1, 0x00, 0x09, 0xc0,
    0x01, 0x4e, 0x37, 0x20, 0x03, 0xcc, 0x10, 0x03, 0xe6, 0x1d, 0x80, 0x9f, 0x80, 0x00, 0xaf, 0x60,
    0x02, 0xe7, 0x21, 0x00, 0x00, 0x31, 0x00, 0x00, 0x22,

    /* U+9897 "颗" */
    0x5d, 0xdd, 0xdd, 0x5d, 0xdd, 0xdd, 0xd7, 0x69, 0x1f, 0x0b, 0x41, 0x17, 0xa1, 0x10, 0x6c, 0x6f,
    0x6d, 0x41, 0x29, 0x92, 0x20, 0x6d, 0xaf, 0x9e, 0x4a, 0xff, 0xff, 0xf1, 0x69, 0x0f, 0x0b, 0x4a,
    0x60, 0x00, 0xf1, 0x6f, 0xef, 0xdf, 0x4a, 0x65, 0xa0, 0xf1, 0x01, 0x2f, 0x11, 0x0a, 0x65, 0xa0,
    0xf1, 0x78, 0x8f, 0x88, 0x6a, 0x65, 0xa0, 0xf1, 0x77, 0xdf, 0x77, 0x5a, 0x68, 0x80, 0xf1, 0x01,
    0xbf, 0x90, 0x0a, 0x6d, 0x60, 0xf1, 0x09, 0x2f, 0x5d, 0x41, 0x2f, 0x36, 0x10, 0x95, 0x0f, 0x03,
    0x62, 0xd7, 0x1e, 0x60, 0x70, 0x0f, 0x00, 0x9e, 0x70, 0x02, 0xe5, 0x00, 0x07, 0x00, 0x41, 0x00,
    0x00, 0x21,

    /* U+9898 "题" */
    0x0e, 0xdd, 0xde, 0x3d, 0xdd, 0xdd, 0xd4, 0x0f, 0x00, 0x0f, 0x10, 0x06, 0x90, 0x00, 0x0f, 0xbb,
    0xbf, 0x17, 0xbd, 0xdb, 0xa0, 0x0f, 0x44, 0x4f, 0x1a, 0x85, 0x56, 0xe0, 0x0f, 0x65, 0x5f, 0x1a,
    0x45, 0x81, 0xe0, 0x08, 0x88, 0x88, 0x0a, 0x46, 0x91, 0xe0, 0x57, 0x77, 0x77, 0x4a, 0x47, 0x91,
    0xe0, 0x68, 0x8e, 0xa8, 0x5a, 0x4a, 0x71, 0xe0, 0x0a, 0x0b, 0x30, 0x06, 0x2e, 0x42, 0x80, 0x0f,
    0x0b, 0xed, 0x30, 0x8d, 0x4e, 0x30, 0x3f, 0xab, 0x41, 0x1c, 0xd2, 0x05, 0xe3, 0x97, 0xaf, 0x50,
    0x05, 0x00, 0x00, 0x40, 0xe1, 0x07, 0xdf, 0xdd, 0xcc, 0xcc, 0xc8, 0x30, 0x00, 0x00, 0x22, 0x33,
    0x44, 0x42,

    /* U+9988 "馈" */
    0x00, 0x30, 0x00, 0x00, 0x16, 0x00, 0x00, 0x05, 0xc0, 0x00, 0xaa, 0xbf, 0xaa, 0x70, 0x08, 0x80,
    0x00, 0xf2, 0x4e, 0x25, 0xb0, 0x0c, 0xff, 0xf3, 0xf9, 0xaf, 0x9a, 0xb0, 0x2f, 0x24, 0xe0, 0x66,
    0x8e, 0x66, 0x40, 0xa9, 0x0a, 0x67, 0x99, 0xaf, 0x99, 0x94, 0xe1, 0xb3, 0x04, 0x55, 0x55, 0x55,
    0x52, 0x10, 0xe1, 0x00, 0x9a, 0xaa, 0xaa, 0x50, 0x00, 0xe1, 0x00, 0xf4, 0x45, 0x49, 0x80, 0x00,
    0xe1, 0x00, 0xf0, 0x4c, 0x07, 0x80, 0x00, 0xe1, 0x00, 0xf0, 0x6b, 0x07, 0x80, 0x00, 0xe1, 0x40,
    0xc0, 0xc8, 0x06, 0x70, 0x00, 0xf9, 0xc1, 0x05, 0xe1, 0xd8, 0x00, 0x02, 0xe6, 0x08, 0xdc, 0x30,
    0x19, 0xe4, 0x00, 0x00, 0x06, 0x30, 0x00, 0x00, 0x31,

    /* U+9996 "首" */
    0x00, 0x02, 0x20, 0x00, 0x05, 0x10, 0x00, 0x00, 0x07, 0xb0, 0x00, 0x2f, 0x10, 0x00, 0x79, 0x99,
    0xf9, 0x99, 0xce, 0x99, 0x94, 0x78, 0x88, 0x88, 0xeb, 0x88, 0x88, 0x84, 0x00, 0x00, 0x00, 0xf2,
    0x00, 0x00, 0x00, 0x01, 0xbb, 0xbc, 0xfc, 0xbb, 0xb9, 0x00, 0x02, 0xf4, 0x44, 0x44, 0x44, 0x7d,
    0x00, 0x02, 0xe2, 0x22, 0x22, 0x22, 0x6d, 0x00, 0x02, 0xfc, 0xcc, 0xcc, 0xcc, 0xdd, 0x00, 0x02,
    0xe0, 0x00, 0x00, 0x00, 0x4d, 0x00, 0x02, 0xfa, 0xaa, 0xaa, 0xaa, 0xbd, 0x00, 0x02, 0xf5, 0x55,
    0x55, 0x55, 0x7d, 0x00, 0x02, 0xe1, 0x11, 0x11, 0x11, 0x4d, 0x00, 0x02, 0xfe, 0xee, 0xee, 0xee,
    0xed, 0x00, 0x01, 0x70, 0x00, 0x00, 0x00, 0x26, 0x00,

    /* U+9A7B "驻" */
    0x00, 0x00, 0x00, 0x00, 0x02, 0x30, 0x00, 0x00, 0xac, 0xcc, 0xc0, 0x00, 0x4d, 0x00, 0x00, 0x01,
    0x22, 0x3e, 0x00, 0x01, 0xd3, 0x00, 0x00, 0x0b, 0x03, 0xc0, 0xff, 0xff, 0xff, 0xf7, 0x01, 0xf0,
    0x5a, 0x01, 0x22, 0xc6, 0x22, 0x00, 0x3c, 0x07, 0x80, 0x00, 0x0b, 0x50, 0x00, 0x05, 0xa0, 0x96,
    0x00, 0x00, 0xb5, 0x00, 0x00, 0x7b, 0x6d, 0x93, 0x12, 0x2c, 0x72, 0x20, 0x05, 0x99, 0x9d, 0x78,
    0xdd, 0xfe, 0xdd, 0x20, 0x00, 0x00, 0x96, 0x00, 0x0b, 0x50, 0x00, 0x17, 0xad, 0x9a, 0x60, 0x00,
    0xb5, 0x00, 0x01, 0x95, 0x20, 0xa5, 0x00, 0x0b, 0x50, 0x00, 0x00, 0x00, 0x0d, 0x30, 0x00, 0xb6,
    0x00, 0x00, 0x03, 0xac, 0xd3, 0xff, 0xff, 0xff, 0xfb, 0x00, 0x04, 0x30, 0x00, 0x00, 0x00, 0x00,
    0x00,

    /* U+9A8C "验" */
    0x00, 0x00, 0x00, 0x00, 0x01, 0x50, 0x00, 0x00, 0xac, 0xcc, 0xa0, 0x00, 0x9e, 0x60, 0x00, 0x01,
    0x22, 0x5b, 0x00, 0x2d, 0x1d, 0x10, 0x00, 0x0b, 0x05, 0xa0, 0x0c, 0x40, 0x6a, 0x00, 0x03, 0xc0,
    0x78, 0x0a, 0xb0, 0x00, 0xd9, 0x00, 0x5a, 0x09, 0x69, 0xdb, 0xff, 0xfa, 0xe8, 0x07, 0x80, 0xb4,
    0x61, 0x00, 0x00, 0x01, 0x50, 0x9a, 0x6e, 0x80, 0x60, 0x94, 0x03, 0xb0, 0x06, 0x88, 0x8f, 0x1d,
    0x26, 0x90, 0x79, 0x00, 0x00, 0x00, 0xe1, 0x87, 0x2d, 0x0a, 0x50, 0x06, 0xae, 0x3f, 0x03, 0xc0,
    0xe1, 0xe1, 0x01, 0xa5, 0x10, 0xf0, 0x0d, 0x02, 0x3c, 0x00, 0x00, 0x00, 0x2e, 0x00, 0x00, 0x08,
    0x80, 0x00, 0x04, 0xad, 0x98, 0xff, 0xff, 0xff, 0xfa, 0x00, 0x14, 0x20, 0x00, 0x00, 0x00, 0x00,
    0x00,

    /* U+9AB0 "骰" */
    0x0f, 0xcc, 0xdb, 0x03, 0xee, 0xee, 0x10, 0x0d, 0x00, 0x2c, 0x03, 0xc0, 0x0f, 0x10, 0x0f, 0xeb,
    0x2c, 0x05, 0xa0, 0x0f, 0x10, 0x0d, 0x1b, 0x2c, 0x09, 0x70, 0x0e, 0x20, 0x9f, 0xce, 0xdf, 0x9d,
    0x00, 0x09, 0xf7, 0xb4, 0x11, 0x18, 0x72, 0x00, 0x00, 0x00, 0x7b, 0xbb, 0xba, 0x5d, 0xdd, 0xdd,
    0xa0, 0x0c, 0x53, 0x88, 0x06, 0xc2, 0x29, 0x80, 0x0c, 0xba, 0xc8, 0x00, 0xe4, 0x1e, 0x00, 0x0c,
    0x42, 0x88, 0x00, 0x6c, 0xa7, 0x00, 0x0c, 0xba, 0xd8, 0x00, 0x0d, 0xf0, 0x00, 0x0c, 0x42, 0x78,
    0x04, 0xdc, 0xbc, 0x30, 0x0c, 0x26, 0xc6, 0xae, 0x50, 0x05, 0xe7, 0x05, 0x15, 0x60, 0x30, 0x00,
    0x00, 0x13,

    /* U+9AD8 "高" */
    0x00, 0x00, 0x00, 0x61, 0x00, 0x00, 0x00, 0x34, 0x44, 0x44, 0xd8, 0x44, 0x44, 0x41, 0x8b, 0xbb,
    0xbb, 0xbb, 0xbb, 0xbb, 0xb5, 0x00, 0x13, 0x33, 0x33, 0x33, 0x30, 0x00, 0x00, 0x5e, 0xbb, 0xbb,
    0xbb, 0xf0, 0x00, 0x00, 0x5b, 0x00, 0x00, 0x00, 0xf0, 0x00, 0x00, 0x4d, 0xdd, 0xdd, 0xdd, 0xd0,
    0x00, 0x03, 0x33, 0x33, 0x33, 0x33, 0x33, 0x20, 0x0f, 0xbb, 0xbb, 0xbb, 0xbb, 0xbc, 0xb0, 0x0f,
    0x00, 0x55, 0x55, 0x54, 0x05, 0xb0, 0x0f, 0x01, 0xe7, 0x77, 0x9c, 0x05, 0xb0, 0x0f, 0x01, 0xe2,
    0x22, 0x4c, 0x05, 0xb0, 0x0f, 0x01, 0xaa, 0xaa, 0xa8, 0x05, 0xb0, 0x0f, 0x00, 0x00, 0x00, 0x03,
    0x7c, 0x80, 0x07, 0x00, 0x00, 0x00, 0x01, 0x75, 0x00,

    /* U+9ED8 "默" */
    0x00, 0x00, 0x00, 0x00, 0x02, 0x40, 0x00, 0x9c, 0xce, 0xcc, 0xd0, 0x05, 0xa8, 0x30, 0xa4, 0x1c,
    0x02, 0xd0, 0x06, 0xa2, 0xd0, 0xa6, 0x7c, 0x36, 0xd0, 0x06, 0xa0, 0x72, 0xa3, 0x9c, 0x72, 0xd1,
    0x48, 0xb4, 0x41, 0xa6, 0x4d, 0x44, 0xe4, 0xde, 0xfd, 0xd3, 0x69, 0x9f, 0xa9, 0x90, 0x09, 0xd0,
    0x00, 0x12, 0x2e, 0x42, 0x20, 0x0b, 0xf1, 0x00, 0x6b, 0xbf, 0xbb, 0x90, 0x0e, 0xc5, 0x00, 0x00,
    0x0d, 0x22, 0x30, 0x1e, 0x49, 0x00, 0xbe, 0xed, 0xcb, 0xa0, 0x6a, 0x0d, 0x00, 0x23, 0x30, 0x52,
    0x50, 0xd5, 0x0a, 0x70, 0x86, 0xa3, 0xd1, 0xc4, 0xd0, 0x02, 0xf1, 0xc2, 0x85, 0x95, 0xac, 0x50,
    0x00, 0x99, 0x60, 0x31, 0x00, 0x03, 0x00, 0x00, 0x12,

    /* U+9F20 "鼠" */
    0x00, 0x00, 0x22, 0x00, 0x00, 0x00, 0x00, 0x1c, 0xdc, 0xa6, 0x0b, 0xdd, 0xde, 0x00, 0x2e, 0x00,
    0x00, 0x00, 0x00, 0x0f, 0x00, 0x2f, 0xcc, 0xc8, 0x09, 0xcc, 0xcf, 0x00, 0x2e, 0x33, 0x32, 0x02,
    0x33, 0x3f, 0x00, 0x2e, 0x77, 0x77, 0x77, 0x77, 0x7f, 0x00, 0x17, 0x77, 0x77, 0x77, 0x77, 0x77,
    0x00, 0x1b, 0x00, 0x02, 0xa1, 0x00, 0x66, 0x00, 0x1f, 0x4d, 0xa5, 0xd7, 0xd8, 0x88, 0x00, 0x1f,
    0x00, 0x43, 0xd0, 0x04, 0x78, 0x00, 0x1f, 0x6b, 0x53, 0xd8, 0xa3, 0x78, 0x00, 0x1f, 0x03, 0x93,
    0xd0, 0x48, 0x5a, 0x26, 0x1f, 0x02, 0x13, 0xd0, 0x24, 0x3d, 0x58, 0x5f, 0xed, 0x37, 0xfe, 0xc7,
    0x0c, 0xe4, 0x14, 0x00, 0x02, 0x40, 0x00, 0x00, 0x30,

};

static const lv_font_fmt_txt_glyph_dsc_t glyph_dsc[] = {
    {.bitmap_index = 0, .adv_w = 0, .box_w = 0, .box_h = 0, .ofs_x = 0, .ofs_y = 0} /* id 0 reserved */,
    {.bitmap_index = 0, .adv_w = 256, .box_w = 14, .box_h = 2, .ofs_x = 1, .ofs_y = 7},
    {.bitmap_index = 14, .adv_w = 256, .box_w = 14, .box_h = 13, .ofs_x = 1, .ofs_y = 1},
    {.bitmap_index = 105, .adv_w = 256, .box_w = 14, .box_h = 14, .ofs_x = 1, .ofs_y = 1},
    {.bitmap_index = 203, .adv_w = 256, .box_w = 14, .box_h = 14, .ofs_x = 1, .ofs_y = 0},
    {.bitmap_index = 301, .adv_w = 256, .box_w = 14, .box_h = 14, .ofs_x = 1, .ofs_y = 0},
    {.bitmap_index = 399, .adv_w = 256, .box_w = 14, .box_h = 15, .ofs_x = 1, .ofs_y = 0},
    {.bitmap_index = 504, .adv_w = 256, .box_w = 14, .box_h = 14, .ofs_x = 1, .ofs_y = 0},
    {.bitmap_index = 602, .adv_w = 256, .box_w = 14, .box_h = 15, .ofs_x = 1, .ofs_y = 0},
    {.bitmap_index = 707, .adv_w = 256, .box_w = 13, .box_h = 15, .ofs_x = 1, .ofs_y = 0},
    {.bitmap_index = 805, .adv_w = 256, .box_w = 13, .box_h = 15, .ofs_x = 1, .ofs_y = 0},
    {.bitmap_index = 903, .adv_w = 256, .box_w = 14, .box_h = 15, .ofs_x = 1, .ofs_y = 0},
    {.bitmap_index = 1008, .adv_w = 256, .box_w = 14, .box_h = 11, .ofs_x = 1, .ofs_y = 2},
    {.bitmap_index = 1085, .adv_w = 256, .box_w = 14, .box_h = 14, .ofs_x = 1, .ofs_y = 0},
    {.bitmap_index = 1183, .adv_w = 256, .box_w = 14, .box_h = 14, .ofs_x = 1, .ofs_y = 0},
    {.bitmap_index = 1281, .adv_w = 256, .box_w = 14, .box_h = 15, .ofs_x = 1, .ofs_y = 0},
    {.bitmap_index = 1386, .adv_w = 256, .box_w = 14, .box_h = 15, .ofs_x = 1, .ofs_y = 0},
    {.bitmap_index = 1491, .adv_w = 256, .box_w = 14, .box_h = 15, .ofs_x = 1, .ofs_y = 0},
    {.bitmap_index = 1596, .adv_w = 256, .box_w = 14, .box_h = 15, .ofs_x = 1, .ofs_y = 0},
    {.bitmap_index = 1701, .adv_w = 256, .box_w = 14, .box_h = 15, .ofs_x = 1, .ofs_y = 0},
    {.bitmap_index = 1806, .adv_w = 256, .box_w = 14, .box_h = 15, .ofs_x = 1, .ofs_y = 0},
    {.bitmap_index = 1911, .adv_w = 256, .box_w = 14, .box_h = 15, .ofs_x = 1, .ofs_y = 0},
    {.bitmap_index = 2016, .adv_w = 256, .box_w = 14, .box_h = 15, .ofs_x = 1, .ofs_y = 0},
    {.bitmap_index = 2121, .adv_w = 256, .box_w = 14, .box_h = 15, .ofs_x = 1, .ofs_y = 0},
    {.bitmap_index = 2226, .adv_w = 256, .box_w = 14, .box_h = 15, .ofs_x = 1, .ofs_y = 0},
    {.bitmap_index = 2331, .adv_w = 256, .box_w = 14, .box_h = 15, .ofs_x = 1, .ofs_y = 0},
    {.bitmap_index = 2436, .adv_w = 256, .box_w = 14, .box_h = 15, .ofs_x = 1, .ofs_y = 0},
    {.bitmap_index = 2541, .adv_w = 256, .box_w = 14, .box_h = 15, .ofs_x = 1, .ofs_y = 0},
    {.bitmap_index = 2646, .adv_w = 256, .box_w = 14, .box_h = 15, .ofs_x = 1, .ofs_y = 0},
    {.bitmap_index = 2751, .adv_w = 256, .box_w = 14, .box_h = 15, .ofs_x = 1, .ofs_y = 0},
    {.bitmap_index = 2856, .adv_w = 256, .box_w = 14, .box_h = 15, .ofs_x = 1, .ofs_y = 0},
    {.bitmap_index = 2961, .adv_w = 256, .box_w = 14, .box_h = 15, .ofs_x = 1, .ofs_y = 0},
    {.bitmap_index = 3066, .adv_w = 256, .box_w = 14, .box_h = 15, .ofs_x = 1, .ofs_y = 0},
    {.bitmap_index = 3171, .adv_w = 256, .box_w = 14, .box_h = 15, .ofs_x = 1, .ofs_y = 0},
    {.bitmap_index = 3276, .adv_w = 256, .box_w = 14, .box_h = 15, .ofs_x = 1, .ofs_y = 0},
    {.bitmap_index = 3381, .adv_w = 256, .box_w = 14, .box_h = 15, .ofs_x = 1, .ofs_y = 0},
    {.bitmap_index = 3486, .adv_w = 256, .box_w = 14, .box_h = 15, .ofs_x = 1, .ofs_y = 0},
    {.bitmap_index = 3591, .adv_w = 256, .box_w = 14, .box_h = 14, .ofs_x = 1, .ofs_y = 1},
    {.bitmap_index = 3689, .adv_w = 256, .box_w = 14, .box_h = 15, .ofs_x = 1, .ofs_y = 0},
    {.bitmap_index = 3794, .adv_w = 256, .box_w = 13, .box_h = 15, .ofs_x = 1, .ofs_y = 0},
    {.bitmap_index = 3892, .adv_w = 256, .box_w = 14, .box_h = 14, .ofs_x = 1, .ofs_y = 0},
    {.bitmap_index = 3990, .adv_w = 256, .box_w = 13, .box_h = 14, .ofs_x = 1, .ofs_y = 0},
    {.bitmap_index = 4081, .adv_w = 256, .box_w = 12, .box_h = 15, .ofs_x = 2, .ofs_y = 0},
    {.bitmap_index = 4171, .adv_w = 256, .box_w = 14, .box_h = 15, .ofs_x = 1, .ofs_y = 0},
    {.bitmap_index = 4276, .adv_w = 256, .box_w = 14, .box_h = 15, .ofs_x = 1, .ofs_y = 0},
    {.bitmap_index = 4381, .adv_w = 256, .box_w = 14, .box_h = 15, .ofs_x = 1, .ofs_y = 0},
    {.bitmap_index = 4486, .adv_w = 256, .box_w = 14, .box_h = 15, .ofs_x = 1, .ofs_y = 0},
    {.bitmap_index = 4591, .adv_w = 256, .box_w = 13, .box_h = 15, .ofs_x = 1, .ofs_y = 0},
    {.bitmap_index = 4689, .adv_w = 256, .box_w = 14, .box_h = 15, .ofs_x = 1, .ofs_y = 0},
    {.bitmap_index = 4794, .adv_w = 256, .box_w = 14, .box_h = 15, .ofs_x = 1, .ofs_y = 0},
    {.bitmap_index = 4899, .adv_w = 256, .box_w = 14, .box_h = 15, .ofs_x = 1, .ofs_y = 0},
    {.bitmap_index = 5004, .adv_w = 256, .box_w = 14, .box_h = 15, .ofs_x = 1, .ofs_y = 0},
    {.bitmap_index = 5109, .adv_w = 256, .box_w = 13, .box_h = 15, .ofs_x = 1, .ofs_y = 0},
    {.bitmap_index = 5207, .adv_w = 256, .box_w = 13, .box_h = 15, .ofs_x = 1, .ofs_y = 0},
    {.bitmap_index = 5305, .adv_w = 256, .box_w = 14, .box_h = 15, .ofs_x = 1, .ofs_y = 0},
    {.bitmap_index = 5410, .adv_w = 256, .box_w = 14, .box_h = 15, .ofs_x = 1, .ofs_y = 0},
    {.bitmap_index = 5515, .adv_w = 256, .box_w = 13, .box_h = 15, .ofs_x = 1, .ofs_y = 0},
    {.bitmap_index = 5613, .adv_w = 256, .box_w = 14, .box_h = 15, .ofs_x = 1, .ofs_y = 0},
    {.bitmap_index = 5718, .adv_w = 256, .box_w = 13, .box_h = 13, .ofs_x = 2, .ofs_y = 1},
    {.bitmap_index = 5803, .adv_w = 256, .box_w = 14, .box_h = 14, .ofs_x = 1, .ofs_y = 0},
    {.bitmap_index = 5901, .adv_w = 256, .box_w = 14, .box_h = 15, .ofs_x = 1, .ofs_y = 0},
    {.bitmap_index = 6006, .adv_w = 256, .box_w = 14, .box_h = 15, .ofs_x = 1, .ofs_y = 0},
    {.bitmap_index = 6111, .adv_w = 256, .box_w = 14, .box_h = 14, .ofs_x = 1, .ofs_y = 0},
    {.bitmap_index = 6209, .adv_w = 256, .box_w = 14, .box_h = 14, .ofs_x = 1, .ofs_y = 0},
    {.bitmap_index = 6307, .adv_w = 256, .box_w = 14, .box_h = 14, .ofs_x = 1, .ofs_y = 0},
    {.bitmap_index = 6405, .adv_w = 256, .box_w = 14, .box_h = 14, .ofs_x = 1, .ofs_y = 0},
    {.bitmap_index = 6503, .adv_w = 256, .box_w = 14, .box_h = 14, .ofs_x = 1, .ofs_y = 0},
    {.bitmap_index = 6601, .adv_w = 256, .box_w = 14, .box_h = 15, .ofs_x = 1, .ofs_y = 0},
    {.bitmap_index = 6706, .adv_w = 256, .box_w = 14, .box_h = 14, .ofs_x = 1, .ofs_y = 0},
    {.bitmap_index = 6804, .adv_w = 256, .box_w = 14, .box_h = 15, .ofs_x = 1, .ofs_y = 0},
    {.bitmap_index = 6909, .adv_w = 256, .box_w = 14, .box_h = 14, .ofs_x = 1, .ofs_y = 0},
    {.bitmap_index = 7007, .adv_w = 256, .box_w = 14, .box_h = 14, .ofs_x = 1, .ofs_y = 0},
    {.bitmap_index = 7105, .adv_w = 256, .box_w = 14, .box_h = 15, .ofs_x = 1, .ofs_y = 0},
    {.bitmap_index = 7210, .adv_w = 256, .box_w = 14, .box_h = 15, .ofs_x = 1, .ofs_y = 0},
    {.bitmap_index = 7315, .adv_w = 256, .box_w = 14, .box_h = 15, .ofs_x = 1, .ofs_y = 0},
    {.bitmap_index = 7420, .adv_w = 256, .box_w = 14, .box_h = 15, .ofs_x = 1, .ofs_y = 0},
    {.bitmap_index = 7525, .adv_w = 256, .box_w = 14, .box_h = 15, .ofs_x = 1, .ofs_y = 0},
    {.bitmap_index = 7630, .adv_w = 256, .box_w = 13, .box_h = 15, .ofs_x = 1, .ofs_y = 0},
    {.bitmap_index = 7728, .adv_w = 256, .box_w = 14, .box_h = 15, .ofs_x = 1, .ofs_y = 0},
    {.bitmap_index = 7833, .adv_w = 256, .box_w = 12, .box_h = 15, .ofs_x = 2, .ofs_y = 0},
    {.bitmap_index = 7923, .adv_w = 256, .box_w = 14, .box_h = 15, .ofs_x = 1, .ofs_y = 0},
    {.bitmap_index = 8028, .adv_w = 256, .box_w = 14, .box_h = 15, .ofs_x = 1, .ofs_y = 0},
    {.bitmap_index = 8133, .adv_w = 256, .box_w = 13, .box_h = 15, .ofs_x = 1, .ofs_y = 0},
    {.bitmap_index = 8231, .adv_w = 256, .box_w = 14, .box_h = 13, .ofs_x = 1, .ofs_y = 1},
    {.bitmap_index = 8322, .adv_w = 256, .box_w = 13, .box_h = 14, .ofs_x = 1, .ofs_y = 0},
    {.bitmap_index = 8413, .adv_w = 256, .box_w = 14, .box_h = 15, .ofs_x = 1, .ofs_y = 0},
    {.bitmap_index = 8518, .adv_w = 256, .box_w = 13, .box_h = 15, .ofs_x = 1, .ofs_y = 0},
    {.bitmap_index = 8616, .adv_w = 256, .box_w = 14, .box_h = 14, .ofs_x = 1, .ofs_y = 0},
    {.bitmap_index = 8714, .adv_w = 256, .box_w = 14, .box_h = 15, .ofs_x = 1, .ofs_y = 0},
    {.bitmap_index = 8819, .adv_w = 256, .box_w = 13, .box_h = 14, .ofs_x = 1, .ofs_y = 0},
    {.bitmap_index = 8910, .adv_w = 256, .box_w = 13, .box_h = 14, .ofs_x = 1, .ofs_y = 0},
    {.bitmap_index = 9001, .adv_w = 256, .box_w = 13, .box_h = 14, .ofs_x = 1, .ofs_y = 0},
    {.bitmap_index = 9092, .adv_w = 256, .box_w = 13, .box_h = 14, .ofs_x = 1, .ofs_y = 0},
    {.bitmap_index = 9183, .adv_w = 256, .box_w = 13, .box_h = 14, .ofs_x = 1, .ofs_y = 0},
    {.bitmap_index = 9274, .adv_w = 256, .box_w = 14, .box_h = 15, .ofs_x = 1, .ofs_y = 0},
    {.bitmap_index = 9379, .adv_w = 256, .box_w = 14, .box_h = 15, .ofs_x = 1, .ofs_y = 0},
    {.bitmap_index = 9484, .adv_w = 256, .box_w = 14, .box_h = 15, .ofs_x = 1, .ofs_y = 0},
    {.bitmap_index = 9589, .adv_w = 256, .box_w = 14, .box_h = 15, .ofs_x = 1, .ofs_y = 0},
    {.bitmap_index = 9694, .adv_w = 256, .box_w = 14, .box_h = 15, .ofs_x = 1, .ofs_y = 0},
    {.bitmap_index = 9799, .adv_w = 256, .box_w = 14, .box_h = 15, .ofs_x = 1, .ofs_y = 0},
    {.bitmap_index = 9904, .adv_w = 256, .box_w = 14, .box_h = 15, .ofs_x = 1, .ofs_y = 0},
    {.bitmap_index = 10009, .adv_w = 256, .box_w = 14, .box_h = 15, .ofs_x = 1, .ofs_y = 0},
    {.bitmap_index = 10114, .adv_w = 256, .box_w = 14, .box_h = 15, .ofs_x = 1, .ofs_y = 0},
    {.bitmap_index = 10219, .adv_w = 256, .box_w = 14, .box_h = 15, .ofs_x = 1, .ofs_y = 0},
    {.bitmap_index = 10324, .adv_w = 256, .box_w = 14, .box_h = 14, .ofs_x = 1, .ofs_y = 0},
    {.bitmap_index = 10422, .adv_w = 256, .box_w = 14, .box_h = 15, .ofs_x = 1, .ofs_y = 0},
    {.bitmap_index = 10527, .adv_w = 256, .box_w = 14, .box_h = 15, .ofs_x = 1, .ofs_y = 0},
    {.bitmap_index = 10632, .adv_w = 256, .box_w = 14, .box_h = 15, .ofs_x = 1, .ofs_y = 0},
    {.bitmap_index = 10737, .adv_w = 256, .box_w = 13, .box_h = 15, .ofs_x = 1, .ofs_y = 0},
    {.bitmap_index = 10835, .adv_w = 256, .box_w = 14, .box_h = 15, .ofs_x = 1, .ofs_y = 0},
    {.bitmap_index = 10940, .adv_w = 256, .box_w = 14, .box_h = 15, .ofs_x = 1, .ofs_y = 0},
    {.bitmap_index = 11045, .adv_w = 256, .box_w = 14, .box_h = 14, .ofs_x = 1, .ofs_y = 0},
    {.bitmap_index = 11143, .adv_w = 256, .box_w = 14, .box_h = 15, .ofs_x = 1, .ofs_y = 0},
    {.bitmap_index = 11248, .adv_w = 256, .box_w = 14, .box_h = 15, .ofs_x = 1, .ofs_y = 0},
    {.bitmap_index = 11353, .adv_w = 256, .box_w = 14, .box_h = 15, .ofs_x = 1, .ofs_y = 0},
    {.bitmap_index = 11458, .adv_w = 256, .box_w = 14, .box_h = 15, .ofs_x = 1, .ofs_y = 0},
    {.bitmap_index = 11563, .adv_w = 256, .box_w = 14, .box_h = 15, .ofs_x = 1, .ofs_y = 0},
    {.bitmap_index = 11668, .adv_w = 256, .box_w = 14, .box_h = 15, .ofs_x = 1, .ofs_y = 0},
    {.bitmap_index = 11773, .adv_w = 256, .box_w = 14, .box_h = 15, .ofs_x = 1, .ofs_y = 0},
    {.bitmap_index = 11878, .adv_w = 256, .box_w = 14, .box_h = 15, .ofs_x = 1, .ofs_y = 0},
    {.bitmap_index = 11983, .adv_w = 256, .box_w = 14, .box_h = 15, .ofs_x = 1, .ofs_y = 0},
    {.bitmap_index = 12088, .adv_w = 256, .box_w = 14, .box_h = 15, .ofs_x = 1, .ofs_y = 0},
    {.bitmap_index = 12193, .adv_w = 256, .box_w = 14, .box_h = 14, .ofs_x = 1, .ofs_y = 0},
    {.bitmap_index = 12291, .adv_w = 256, .box_w = 13, .box_h = 14, .ofs_x = 1, .ofs_y = 0},
    {.bitmap_index = 12382, .adv_w = 256, .box_w = 14, .box_h = 14, .ofs_x = 1, .ofs_y = 0},
    {.bitmap_index = 12480, .adv_w = 256, .box_w = 14, .box_h = 14, .ofs_x = 1, .ofs_y = 0},
    {.bitmap_index = 12578, .adv_w = 256, .box_w = 13, .box_h = 15, .ofs_x = 1, .ofs_y = 0},
    {.bitmap_index = 12676, .adv_w = 256, .box_w = 14, .box_h = 15, .ofs_x = 1, .ofs_y = 0},
    {.bitmap_index = 12781, .adv_w = 256, .box_w = 14, .box_h = 14, .ofs_x = 1, .ofs_y = 1},
    {.bitmap_index = 12879, .adv_w = 256, .box_w = 14, .box_h = 13, .ofs_x = 1, .ofs_y = 1},
    {.bitmap_index = 12970, .adv_w = 256, .box_w = 13, .box_h = 15, .ofs_x = 1, .ofs_y = 0},
    {.bitmap_index = 13068, .adv_w = 256, .box_w = 14, .box_h = 15, .ofs_x = 1, .ofs_y = 0},
    {.bitmap_index = 13173, .adv_w = 256, .box_w = 14, .box_h = 14, .ofs_x = 1, .ofs_y = 0},
    {.bitmap_index = 13271, .adv_w = 256, .box_w = 14, .box_h = 15, .ofs_x = 1, .ofs_y = 0},
    {.bitmap_index = 13376, .adv_w = 256, .box_w = 14, .box_h = 15, .ofs_x = 1, .ofs_y = 0},
    {.bitmap_index = 13481, .adv_w = 256, .box_w = 14, .box_h = 15, .ofs_x = 1, .ofs_y = 0},
    {.bitmap_index = 13586, .adv_w = 256, .box_w = 14, .box_h = 15, .ofs_x = 1, .ofs_y = 0},
    {.bitmap_index = 13691, .adv_w = 256, .box_w = 14, .box_h = 14, .ofs_x = 1, .ofs_y = 0},
    {.bitmap_index = 13789, .adv_w = 256, .box_w = 14, .box_h = 15, .ofs_x = 1, .ofs_y = 0},
    {.bitmap_index = 13894, .adv_w = 256, .box_w = 14, .box_h = 15, .ofs_x = 1, .ofs_y = 0},
    {.bitmap_index = 13999, .adv_w = 256, .box_w = 13, .box_h = 15, .ofs_x = 1, .ofs_y = 0},
    {.bitmap_index = 14097, .adv_w = 256, .box_w = 12, .box_h = 15, .ofs_x = 2, .ofs_y = 0},
    {.bitmap_index = 14187, .adv_w = 256, .box_w = 14, .box_h = 15, .ofs_x = 1, .ofs_y = 0},
    {.bitmap_index = 14292, .adv_w = 256, .box_w = 14, .box_h = 15, .ofs_x = 1, .ofs_y = 0},
    {.bitmap_index = 14397, .adv_w = 256, .box_w = 14, .box_h = 14, .ofs_x = 1, .ofs_y = 1},
    {.bitmap_index = 14495, .adv_w = 256, .box_w = 14, .box_h = 15, .ofs_x = 1, .ofs_y = 0},
    {.bitmap_index = 14600, .adv_w = 256, .box_w = 14, .box_h = 14, .ofs_x = 1, .ofs_y = 0},
    {.bitmap_index = 14698, .adv_w = 256, .box_w = 14, .box_h = 15, .ofs_x = 1, .ofs_y = 0},
    {.bitmap_index = 14803, .adv_w = 256, .box_w = 14, .box_h = 15, .ofs_x = 1, .ofs_y = 0},
    {.bitmap_index = 14908, .adv_w = 256, .box_w = 14, .box_h = 15, .ofs_x = 1, .ofs_y = 0},
    {.bitmap_index = 15013, .adv_w = 256, .box_w = 14, .box_h = 15, .ofs_x = 1, .ofs_y = 0},
    {.bitmap_index = 15118, .adv_w = 256, .box_w = 14, .box_h = 15, .ofs_x = 1, .ofs_y = 0},
    {.bitmap_index = 15223, .adv_w = 256, .box_w = 14, .box_h = 15, .ofs_x = 1, .ofs_y = 0},
    {.bitmap_index = 15328, .adv_w = 256, .box_w = 14, .box_h = 15, .ofs_x = 1, .ofs_y = 0},
    {.bitmap_index = 15433, .adv_w = 256, .box_w = 13, .box_h = 15, .ofs_x = 1, .ofs_y = 0},
    {.bitmap_index = 15531, .adv_w = 256, .box_w = 14, .box_h = 15, .ofs_x = 1, .ofs_y = 0},
    {.bitmap_index = 15636, .adv_w = 256, .box_w = 14, .box_h = 15, .ofs_x = 1, .ofs_y = 0},
    {.bitmap_index = 15741, .adv_w = 256, .box_w = 14, .box_h = 15, .ofs_x = 1, .ofs_y = 0},
    {.bitmap_index = 15846, .adv_w = 256, .box_w = 14, .box_h = 15, .ofs_x = 1, .ofs_y = 0},
    {.bitmap_index = 15951, .adv_w = 256, .box_w = 14, .box_h = 15, .ofs_x = 1, .ofs_y = 0},
    {.bitmap_index = 16056, .adv_w = 256, .box_w = 14, .box_h = 15, .ofs_x = 1, .ofs_y = 0},
    {.bitmap_index = 16161, .adv_w = 256, .box_w = 14, .box_h = 15, .ofs_x = 1, .ofs_y = 0},
    {.bitmap_index = 16266, .adv_w = 256, .box_w = 14, .box_h = 15, .ofs_x = 1, .ofs_y = 0},
    {.bitmap_index = 16371, .adv_w = 256, .box_w = 14, .box_h = 15, .ofs_x = 1, .ofs_y = 0},
    {.bitmap_index = 16476, .adv_w = 256, .box_w = 14, .box_h = 15, .ofs_x = 1, .ofs_y = 0},
    {.bitmap_index = 16581, .adv_w = 256, .box_w = 14, .box_h = 15, .ofs_x = 1, .ofs_y = 0},
    {.bitmap_index = 16686, .adv_w = 256, .box_w = 14, .box_h = 15, .ofs_x = 1, .ofs_y = 0},
    {.bitmap_index = 16791, .adv_w = 256, .box_w = 14, .box_h = 15, .ofs_x = 1, .ofs_y = 0},
    {.bitmap_index = 16896, .adv_w = 256, .box_w = 14, .box_h = 15, .ofs_x = 1, .ofs_y = 0},
    {.bitmap_index = 17001, .adv_w = 256, .box_w = 14, .box_h = 15, .ofs_x = 1, .ofs_y = 0},
    {.bitmap_index = 17106, .adv_w = 256, .box_w = 14, .box_h = 15, .ofs_x = 1, .ofs_y = 0},
    {.bitmap_index = 17211, .adv_w = 256, .box_w = 14, .box_h = 15, .ofs_x = 1, .ofs_y = 0},
    {.bitmap_index = 17316, .adv_w = 256, .box_w = 14, .box_h = 15, .ofs_x = 1, .ofs_y = 0},
    {.bitmap_index = 17421, .adv_w = 256, .box_w = 14, .box_h = 15, .ofs_x = 1, .ofs_y = 0},
    {.bitmap_index = 17526, .adv_w = 256, .box_w = 14, .box_h = 15, .ofs_x = 1, .ofs_y = 0},
    {.bitmap_index = 17631, .adv_w = 256, .box_w = 14, .box_h = 15, .ofs_x = 1, .ofs_y = 0},
    {.bitmap_index = 17736, .adv_w = 256, .box_w = 14, .box_h = 15, .ofs_x = 1, .ofs_y = 0},
    {.bitmap_index = 17841, .adv_w = 256, .box_w = 14, .box_h = 15, .ofs_x = 1, .ofs_y = 0},
    {.bitmap_index = 17946, .adv_w = 256, .box_w = 14, .box_h = 15, .ofs_x = 1, .ofs_y = 0},
    {.bitmap_index = 18051, .adv_w = 256, .box_w = 14, .box_h = 15, .ofs_x = 1, .ofs_y = 0},
    {.bitmap_index = 18156, .adv_w = 256, .box_w = 14, .box_h = 15, .ofs_x = 1, .ofs_y = 0},
    {.bitmap_index = 18261, .adv_w = 256, .box_w = 14, .box_h = 15, .ofs_x = 1, .ofs_y = 0},
    {.bitmap_index = 18366, .adv_w = 256, .box_w = 14, .box_h = 15, .ofs_x = 1, .ofs_y = 0},
    {.bitmap_index = 18471, .adv_w = 256, .box_w = 14, .box_h = 15, .ofs_x = 1, .ofs_y = 0},
    {.bitmap_index = 18576, .adv_w = 256, .box_w = 14, .box_h = 15, .ofs_x = 1, .ofs_y = 0},
    {.bitmap_index = 18681, .adv_w = 256, .box_w = 14, .box_h = 14, .ofs_x = 1, .ofs_y = 0},
    {.bitmap_index = 18779, .adv_w = 256, .box_w = 10, .box_h = 14, .ofs_x = 3, .ofs_y = 0},
    {.bitmap_index = 18849, .adv_w = 256, .box_w = 14, .box_h = 15, .ofs_x = 1, .ofs_y = 0},
    {.bitmap_index = 18954, .adv_w = 256, .box_w = 13, .box_h = 14, .ofs_x = 1, .ofs_y = 0},
    {.bitmap_index = 19045, .adv_w = 256, .box_w = 14, .box_h = 14, .ofs_x = 1, .ofs_y = 0},
    {.bitmap_index = 19143, .adv_w = 256, .box_w = 14, .box_h = 14, .ofs_x = 1, .ofs_y = 0},
    {.bitmap_index = 19241, .adv_w = 256, .box_w = 14, .box_h = 15, .ofs_x = 1, .ofs_y = 0},
    {.bitmap_index = 19346, .adv_w = 256, .box_w = 14, .box_h = 15, .ofs_x = 1, .ofs_y = 0},
    {.bitmap_index = 19451, .adv_w = 256, .box_w = 14, .box_h = 15, .ofs_x = 1, .ofs_y = 0},
    {.bitmap_index = 19556, .adv_w = 256, .box_w = 14, .box_h = 14, .ofs_x = 1, .ofs_y = 0},
    {.bitmap_index = 19654, .adv_w = 256, .box_w = 14, .box_h = 14, .ofs_x = 1, .ofs_y = 0},
    {.bitmap_index = 19752, .adv_w = 256, .box_w = 14, .box_h = 15, .ofs_x = 1, .ofs_y = 0},
    {.bitmap_index = 19857, .adv_w = 256, .box_w = 14, .box_h = 14, .ofs_x = 1, .ofs_y = 0},
    {.bitmap_index = 19955, .adv_w = 256, .box_w = 13, .box_h = 15, .ofs_x = 1, .ofs_y = 0},
    {.bitmap_index = 20053, .adv_w = 256, .box_w = 13, .box_h = 15, .ofs_x = 1, .ofs_y = 0},
    {.bitmap_index = 20151, .adv_w = 256, .box_w = 14, .box_h = 15, .ofs_x = 1, .ofs_y = 0},
    {.bitmap_index = 20256, .adv_w = 256, .box_w = 14, .box_h = 15, .ofs_x = 1, .ofs_y = 0},
    {.bitmap_index = 20361, .adv_w = 256, .box_w = 14, .box_h = 15, .ofs_x = 1, .ofs_y = 0},
    {.bitmap_index = 20466, .adv_w = 256, .box_w = 14, .box_h = 15, .ofs_x = 1, .ofs_y = 0},
    {.bitmap_index = 20571, .adv_w = 256, .box_w = 14, .box_h = 15, .ofs_x = 1, .ofs_y = 0},
    {.bitmap_index = 20676, .adv_w = 256, .box_w = 14, .box_h = 15, .ofs_x = 1, .ofs_y = 0},
    {.bitmap_index = 20781, .adv_w = 256, .box_w = 14, .box_h = 15, .ofs_x = 1, .ofs_y = 0},
    {.bitmap_index = 20886, .adv_w = 256, .box_w = 14, .box_h = 15, .ofs_x = 1, .ofs_y = 0},
    {.bitmap_index = 20991, .adv_w = 256, .box_w = 14, .box_h = 15, .ofs_x = 1, .ofs_y = 0},
    {.bitmap_index = 21096, .adv_w = 256, .box_w = 14, .box_h = 15, .ofs_x = 1, .ofs_y = 0},
    {.bitmap_index = 21201, .adv_w = 256, .box_w = 14, .box_h = 15, .ofs_x = 1, .ofs_y = 0},
    {.bitmap_index = 21306, .adv_w = 256, .box_w = 14, .box_h = 15, .ofs_x = 1, .ofs_y = 0},
    {.bitmap_index = 21411, .adv_w = 256, .box_w = 14, .box_h = 15, .ofs_x = 1, .ofs_y = 0},
    {.bitmap_index = 21516, .adv_w = 256, .box_w = 14, .box_h = 15, .ofs_x = 1, .ofs_y = 0},
    {.bitmap_index = 21621, .adv_w = 256, .box_w = 14, .box_h = 13, .ofs_x = 1, .ofs_y = 1},
    {.bitmap_index = 21712, .adv_w = 256, .box_w = 14, .box_h = 15, .ofs_x = 1, .ofs_y = 0},
    {.bitmap_index = 21817, .adv_w = 256, .box_w = 14, .box_h = 15, .ofs_x = 1, .ofs_y = 0},
    {.bitmap_index = 21922, .adv_w = 256, .box_w = 14, .box_h = 15, .ofs_x = 1, .ofs_y = 0},
    {.bitmap_index = 22027, .adv_w = 256, .box_w = 14, .box_h = 15, .ofs_x = 1, .ofs_y = 0},
    {.bitmap_index = 22132, .adv_w = 256, .box_w = 14, .box_h = 15, .ofs_x = 1, .ofs_y = 0},
    {.bitmap_index = 22237, .adv_w = 256, .box_w = 14, .box_h = 15, .ofs_x = 1, .ofs_y = 0},
    {.bitmap_index = 22342, .adv_w = 256, .box_w = 14, .box_h = 14, .ofs_x = 1, .ofs_y = 0},
    {.bitmap_index = 22440, .adv_w = 256, .box_w = 14, .box_h = 15, .ofs_x = 1, .ofs_y = 0},
    {.bitmap_index = 22545, .adv_w = 256, .box_w = 14, .box_h = 15, .ofs_x = 1, .ofs_y = 0},
    {.bitmap_index = 22650, .adv_w = 256, .box_w = 14, .box_h = 14, .ofs_x = 1, .ofs_y = 0},
    {.bitmap_index = 22748, .adv_w = 256, .box_w = 14, .box_h = 14, .ofs_x = 1, .ofs_y = 0},
    {.bitmap_index = 22846, .adv_w = 256, .box_w = 14, .box_h = 15, .ofs_x = 1, .ofs_y = 0},
    {.bitmap_index = 22951, .adv_w = 256, .box_w = 14, .box_h = 15, .ofs_x = 1, .ofs_y = 0},
    {.bitmap_index = 23056, .adv_w = 256, .box_w = 14, .box_h = 15, .ofs_x = 1, .ofs_y = 0},
    {.bitmap_index = 23161, .adv_w = 256, .box_w = 13, .box_h = 15, .ofs_x = 1, .ofs_y = 0},
    {.bitmap_index = 23259, .adv_w = 256, .box_w = 14, .box_h = 15, .ofs_x = 1, .ofs_y = 0},
    {.bitmap_index = 23364, .adv_w = 256, .box_w = 14, .box_h = 14, .ofs_x = 1, .ofs_y = 0},
    {.bitmap_index = 23462, .adv_w = 256, .box_w = 14, .box_h = 15, .ofs_x = 1, .ofs_y = 0},
    {.bitmap_index = 23567, .adv_w = 256, .box_w = 14, .box_h = 14, .ofs_x = 1, .ofs_y = 0},
    {.bitmap_index = 23665, .adv_w = 256, .box_w = 14, .box_h = 14, .ofs_x = 1, .ofs_y = 1},
    {.bitmap_index = 23763, .adv_w = 256, .box_w = 13, .box_h = 14, .ofs_x = 1, .ofs_y = 0},
    {.bitmap_index = 23854, .adv_w = 256, .box_w = 14, .box_h = 14, .ofs_x = 1, .ofs_y = 0},
    {.bitmap_index = 23952, .adv_w = 256, .box_w = 13, .box_h = 15, .ofs_x = 2, .ofs_y = 0},
    {.bitmap_index = 24050, .adv_w = 256, .box_w = 14, .box_h = 14, .ofs_x = 1, .ofs_y = 0},
    {.bitmap_index = 24148, .adv_w = 256, .box_w = 13, .box_h = 15, .ofs_x = 1, .ofs_y = 0},
    {.bitmap_index = 24246, .adv_w = 256, .box_w = 14, .box_h = 15, .ofs_x = 1, .ofs_y = 0},
    {.bitmap_index = 24351, .adv_w = 256, .box_w = 14, .box_h = 14, .ofs_x = 1, .ofs_y = 1},
    {.bitmap_index = 24449, .adv_w = 256, .box_w = 14, .box_h = 15, .ofs_x = 1, .ofs_y = 0},
    {.bitmap_index = 24554, .adv_w = 256, .box_w = 14, .box_h = 15, .ofs_x = 1, .ofs_y = 0},
    {.bitmap_index = 24659, .adv_w = 256, .box_w = 14, .box_h = 14, .ofs_x = 1, .ofs_y = 1},
    {.bitmap_index = 24757, .adv_w = 256, .box_w = 14, .box_h = 14, .ofs_x = 1, .ofs_y = 0},
    {.bitmap_index = 24855, .adv_w = 256, .box_w = 14, .box_h = 14, .ofs_x = 1, .ofs_y = 0},
    {.bitmap_index = 24953, .adv_w = 256, .box_w = 14, .box_h = 15, .ofs_x = 1, .ofs_y = 0},
    {.bitmap_index = 25058, .adv_w = 256, .box_w = 14, .box_h = 14, .ofs_x = 1, .ofs_y = 1},
    {.bitmap_index = 25156, .adv_w = 256, .box_w = 14, .box_h = 14, .ofs_x = 1, .ofs_y = 1},
    {.bitmap_index = 25254, .adv_w = 256, .box_w = 14, .box_h = 15, .ofs_x = 1, .ofs_y = 0},
    {.bitmap_index = 25359, .adv_w = 256, .box_w = 14, .box_h = 15, .ofs_x = 1, .ofs_y = 0},
    {.bitmap_index = 25464, .adv_w = 256, .box_w = 14, .box_h = 15, .ofs_x = 1, .ofs_y = 0},
    {.bitmap_index = 25569, .adv_w = 256, .box_w = 14, .box_h = 14, .ofs_x = 1, .ofs_y = 1},
    {.bitmap_index = 25667, .adv_w = 256, .box_w = 14, .box_h = 15, .ofs_x = 1, .ofs_y = 0},
    {.bitmap_index = 25772, .adv_w = 256, .box_w = 14, .box_h = 15, .ofs_x = 1, .ofs_y = 0},
    {.bitmap_index = 25877, .adv_w = 256, .box_w = 14, .box_h = 15, .ofs_x = 1, .ofs_y = 0},
    {.bitmap_index = 25982, .adv_w = 256, .box_w = 14, .box_h = 15, .ofs_x = 1, .ofs_y = 0},
    {.bitmap_index = 26087, .adv_w = 256, .box_w = 14, .box_h = 15, .ofs_x = 1, .ofs_y = 0},
    {.bitmap_index = 26192, .adv_w = 256, .box_w = 14, .box_h = 15, .ofs_x = 1, .ofs_y = 0},
    {.bitmap_index = 26297, .adv_w = 256, .box_w = 14, .box_h = 14, .ofs_x = 1, .ofs_y = 1},
    {.bitmap_index = 26395, .adv_w = 256, .box_w = 14, .box_h = 15, .ofs_x = 1, .ofs_y = 0},
    {.bitmap_index = 26500, .adv_w = 256, .box_w = 14, .box_h = 15, .ofs_x = 1, .ofs_y = 0},
    {.bitmap_index = 26605, .adv_w = 256, .box_w = 14, .box_h = 15, .ofs_x = 1, .ofs_y = 0},
    {.bitmap_index = 26710, .adv_w = 256, .box_w = 14, .box_h = 14, .ofs_x = 1, .ofs_y = 1},
    {.bitmap_index = 26808, .adv_w = 256, .box_w = 14, .box_h = 15, .ofs_x = 1, .ofs_y = 0},
    {.bitmap_index = 26913, .adv_w = 256, .box_w = 14, .box_h = 15, .ofs_x = 1, .ofs_y = 0},
    {.bitmap_index = 27018, .adv_w = 256, .box_w = 14, .box_h = 14, .ofs_x = 1, .ofs_y = 1},
    {.bitmap_index = 27116, .adv_w = 256, .box_w = 14, .box_h = 15, .ofs_x = 1, .ofs_y = 0},
    {.bitmap_index = 27221, .adv_w = 256, .box_w = 14, .box_h = 15, .ofs_x = 1, .ofs_y = 0},
    {.bitmap_index = 27326, .adv_w = 256, .box_w = 13, .box_h = 14, .ofs_x = 1, .ofs_y = 0},
    {.bitmap_index = 27417, .adv_w = 256, .box_w = 14, .box_h = 14, .ofs_x = 1, .ofs_y = 0},
    {.bitmap_index = 27515, .adv_w = 256, .box_w = 14, .box_h = 14, .ofs_x = 1, .ofs_y = 0},
    {.bitmap_index = 27613, .adv_w = 256, .box_w = 14, .box_h = 15, .ofs_x = 1, .ofs_y = 0},
    {.bitmap_index = 27718, .adv_w = 256, .box_w = 14, .box_h = 15, .ofs_x = 1, .ofs_y = 0},
    {.bitmap_index = 27823, .adv_w = 256, .box_w = 11, .box_h = 15, .ofs_x = 2, .ofs_y = 0},
    {.bitmap_index = 27906, .adv_w = 256, .box_w = 14, .box_h = 15, .ofs_x = 1, .ofs_y = 0},
    {.bitmap_index = 28011, .adv_w = 256, .box_w = 14, .box_h = 15, .ofs_x = 1, .ofs_y = 0},
    {.bitmap_index = 28116, .adv_w = 256, .box_w = 14, .box_h = 15, .ofs_x = 1, .ofs_y = 0},
    {.bitmap_index = 28221, .adv_w = 256, .box_w = 14, .box_h = 15, .ofs_x = 1, .ofs_y = 0},
    {.bitmap_index = 28326, .adv_w = 256, .box_w = 14, .box_h = 15, .ofs_x = 1, .ofs_y = 0},
    {.bitmap_index = 28431, .adv_w = 256, .box_w = 14, .box_h = 15, .ofs_x = 1, .ofs_y = 0},
    {.bitmap_index = 28536, .adv_w = 256, .box_w = 14, .box_h = 15, .ofs_x = 1, .ofs_y = 0},
    {.bitmap_index = 28641, .adv_w = 256, .box_w = 14, .box_h = 15, .ofs_x = 1, .ofs_y = 0},
    {.bitmap_index = 28746, .adv_w = 256, .box_w = 14, .box_h = 15, .ofs_x = 1, .ofs_y = 0},
    {.bitmap_index = 28851, .adv_w = 256, .box_w = 14, .box_h = 15, .ofs_x = 1, .ofs_y = 0},
    {.bitmap_index = 28956, .adv_w = 256, .box_w = 14, .box_h = 15, .ofs_x = 1, .ofs_y = 0},
    {.bitmap_index = 29061, .adv_w = 256, .box_w = 14, .box_h = 14, .ofs_x = 1, .ofs_y = 0},
    {.bitmap_index = 29159, .adv_w = 256, .box_w = 14, .box_h = 15, .ofs_x = 1, .ofs_y = 0},
    {.bitmap_index = 29264, .adv_w = 256, .box_w = 14, .box_h = 15, .ofs_x = 1, .ofs_y = 0},
    {.bitmap_index = 29369, .adv_w = 256, .box_w = 14, .box_h = 15, .ofs_x = 1, .ofs_y = 0},
    {.bitmap_index = 29474, .adv_w = 256, .box_w = 14, .box_h = 15, .ofs_x = 1, .ofs_y = 0},
    {.bitmap_index = 29579, .adv_w = 256, .box_w = 14, .box_h = 15, .ofs_x = 1, .ofs_y = 0},
    {.bitmap_index = 29684, .adv_w = 256, .box_w = 14, .box_h = 14, .ofs_x = 1, .ofs_y = 1},
    {.bitmap_index = 29782, .adv_w = 256, .box_w = 14, .box_h = 14, .ofs_x = 1, .ofs_y = 1},
    {.bitmap_index = 29880, .adv_w = 256, .box_w = 14, .box_h = 14, .ofs_x = 1, .ofs_y = 0},
    {.bitmap_index = 29978, .adv_w = 256, .box_w = 14, .box_h = 15, .ofs_x = 1, .ofs_y = 0},
    {.bitmap_index = 30083, .adv_w = 256, .box_w = 14, .box_h = 15, .ofs_x = 1, .ofs_y = 0},
    {.bitmap_index = 30188, .adv_w = 256, .box_w = 14, .box_h = 15, .ofs_x = 1, .ofs_y = 0},
    {.bitmap_index = 30293, .adv_w = 256, .box_w = 14, .box_h = 14, .ofs_x = 1, .ofs_y = 0},
    {.bitmap_index = 30391, .adv_w = 256, .box_w = 14, .box_h = 15, .ofs_x = 1, .ofs_y = 0},
    {.bitmap_index = 30496, .adv_w = 256, .box_w = 14, .box_h = 15, .ofs_x = 1, .ofs_y = 0},
    {.bitmap_index = 30601, .adv_w = 256, .box_w = 14, .box_h = 15, .ofs_x = 1, .ofs_y = 0},
    {.bitmap_index = 30706, .adv_w = 256, .box_w = 14, .box_h = 15, .ofs_x = 1, .ofs_y = 0},
    {.bitmap_index = 30811, .adv_w = 256, .box_w = 14, .box_h = 15, .ofs_x = 1, .ofs_y = 0},
    {.bitmap_index = 30916, .adv_w = 256, .box_w = 14, .box_h = 15, .ofs_x = 1, .ofs_y = 0},
    {.bitmap_index = 31021, .adv_w = 256, .box_w = 14, .box_h = 15, .ofs_x = 1, .ofs_y = 0},
    {.bitmap_index = 31126, .adv_w = 256, .box_w = 14, .box_h = 15, .ofs_x = 1, .ofs_y = 0},
    {.bitmap_index = 31231, .adv_w = 256, .box_w = 13, .box_h = 15, .ofs_x = 1, .ofs_y = 0},
    {.bitmap_index = 31329, .adv_w = 256, .box_w = 14, .box_h = 15, .ofs_x = 1, .ofs_y = 0},
    {.bitmap_index = 31434, .adv_w = 256, .box_w = 14, .box_h = 15, .ofs_x = 1, .ofs_y = 0},
    {.bitmap_index = 31539, .adv_w = 256, .box_w = 14, .box_h = 15, .ofs_x = 1, .ofs_y = 0},
    {.bitmap_index = 31644, .adv_w = 256, .box_w = 14, .box_h = 15, .ofs_x = 1, .ofs_y = 0},
    {.bitmap_index = 31749, .adv_w = 256, .box_w = 14, .box_h = 15, .ofs_x = 1, .ofs_y = 0},
    {.bitmap_index = 31854, .adv_w = 256, .box_w = 14, .box_h = 15, .ofs_x = 1, .ofs_y = 0},
    {.bitmap_index = 31959, .adv_w = 256, .box_w = 14, .box_h = 15, .ofs_x = 1, .ofs_y = 0},
    {.bitmap_index = 32064, .adv_w = 256, .box_w = 14, .box_h = 15, .ofs_x = 1, .ofs_y = 0},
    {.bitmap_index = 32169, .adv_w = 256, .box_w = 14, .box_h = 14, .ofs_x = 1, .ofs_y = 0},
    {.bitmap_index = 32267, .adv_w = 256, .box_w = 14, .box_h = 15, .ofs_x = 1, .ofs_y = 0},
    {.bitmap_index = 32372, .adv_w = 256, .box_w = 14, .box_h = 15, .ofs_x = 1, .ofs_y = 0},
    {.bitmap_index = 32477, .adv_w = 256, .box_w = 14, .box_h = 14, .ofs_x = 1, .ofs_y = 0},
    {.bitmap_index = 32575, .adv_w = 256, .box_w = 14, .box_h = 15, .ofs_x = 1, .ofs_y = 0},
    {.bitmap_index = 32680, .adv_w = 256, .box_w = 14, .box_h = 15, .ofs_x = 1, .ofs_y = 0},
    {.bitmap_index = 32785, .adv_w = 256, .box_w = 14, .box_h = 15, .ofs_x = 1, .ofs_y = 0},
    {.bitmap_index = 32890, .adv_w = 256, .box_w = 14, .box_h = 15, .ofs_x = 1, .ofs_y = 0},
    {.bitmap_index = 32995, .adv_w = 256, .box_w = 14, .box_h = 14, .ofs_x = 1, .ofs_y = 0},
    {.bitmap_index = 33093, .adv_w = 256, .box_w = 14, .box_h = 15, .ofs_x = 1, .ofs_y = 0},
    {.bitmap_index = 33198, .adv_w = 256, .box_w = 14, .box_h = 13, .ofs_x = 1, .ofs_y = 1},
    {.bitmap_index = 33289, .adv_w = 256, .box_w = 14, .box_h = 15, .ofs_x = 1, .ofs_y = 0},
    {.bitmap_index = 33394, .adv_w = 256, .box_w = 14, .box_h = 15, .ofs_x = 1, .ofs_y = 0},
    {.bitmap_index = 33499, .adv_w = 256, .box_w = 14, .box_h = 14, .ofs_x = 1, .ofs_y = 1},
    {.bitmap_index = 33597, .adv_w = 256, .box_w = 14, .box_h = 15, .ofs_x = 1, .ofs_y = 0},
    {.bitmap_index = 33702, .adv_w = 256, .box_w = 14, .box_h = 15, .ofs_x = 1, .ofs_y = 0},
    {.bitmap_index = 33807, .adv_w = 256, .box_w = 14, .box_h = 15, .ofs_x = 1, .ofs_y = 0},
    {.bitmap_index = 33912, .adv_w = 256, .box_w = 13, .box_h = 15, .ofs_x = 1, .ofs_y = 0},
    {.bitmap_index = 34010, .adv_w = 256, .box_w = 13, .box_h = 15, .ofs_x = 1, .ofs_y = 0},
    {.bitmap_index = 34108, .adv_w = 256, .box_w = 13, .box_h = 15, .ofs_x = 1, .ofs_y = 0},
    {.bitmap_index = 34206, .adv_w = 256, .box_w = 13, .box_h = 14, .ofs_x = 1, .ofs_y = 0},
    {.bitmap_index = 34297, .adv_w = 256, .box_w = 14, .box_h = 15, .ofs_x = 1, .ofs_y = 0},
    {.bitmap_index = 34402, .adv_w = 256, .box_w = 14, .box_h = 15, .ofs_x = 1, .ofs_y = 0},
    {.bitmap_index = 34507, .adv_w = 256, .box_w = 14, .box_h = 15, .ofs_x = 1, .ofs_y = 0},
    {.bitmap_index = 34612, .adv_w = 256, .box_w = 14, .box_h = 14, .ofs_x = 1, .ofs_y = 0},
    {.bitmap_index = 34710, .adv_w = 256, .box_w = 14, .box_h = 14, .ofs_x = 1, .ofs_y = 0},
    {.bitmap_index = 34808, .adv_w = 256, .box_w = 14, .box_h = 14, .ofs_x = 1, .ofs_y = 0},
    {.bitmap_index = 34906, .adv_w = 256, .box_w = 14, .box_h = 14, .ofs_x = 1, .ofs_y = 0},
    {.bitmap_index = 35004, .adv_w = 256, .box_w = 14, .box_h = 14, .ofs_x = 1, .ofs_y = 0},
    {.bitmap_index = 35102, .adv_w = 256, .box_w = 14, .box_h = 15, .ofs_x = 1, .ofs_y = 0},
    {.bitmap_index = 35207, .adv_w = 256, .box_w = 14, .box_h = 15, .ofs_x = 1, .ofs_y = 0},
    {.bitmap_index = 35312, .adv_w = 256, .box_w = 14, .box_h = 14, .ofs_x = 1, .ofs_y = 0},
    {.bitmap_index = 35410, .adv_w = 256, .box_w = 14, .box_h = 14, .ofs_x = 1, .ofs_y = 0},
    {.bitmap_index = 35508, .adv_w = 256, .box_w = 14, .box_h = 14, .ofs_x = 1, .ofs_y = 0},
    {.bitmap_index = 35606, .adv_w = 256, .box_w = 14, .box_h = 15, .ofs_x = 1, .ofs_y = 0},
    {.bitmap_index = 35711, .adv_w = 256, .box_w = 14, .box_h = 14, .ofs_x = 1, .ofs_y = 0},
    {.bitmap_index = 35809, .adv_w = 256, .box_w = 14, .box_h = 14, .ofs_x = 1, .ofs_y = 0},
    {.bitmap_index = 35907, .adv_w = 256, .box_w = 14, .box_h = 15, .ofs_x = 1, .ofs_y = 0},
    {.bitmap_index = 36012, .adv_w = 256, .box_w = 14, .box_h = 15, .ofs_x = 1, .ofs_y = 0},
    {.bitmap_index = 36117, .adv_w = 256, .box_w = 15, .box_h = 15, .ofs_x = 0, .ofs_y = 0},
    {.bitmap_index = 36230, .adv_w = 256, .box_w = 15, .box_h = 15, .ofs_x = 0, .ofs_y = 0},
    {.bitmap_index = 36343, .adv_w = 256, .box_w = 14, .box_h = 14, .ofs_x = 1, .ofs_y = 0},
    {.bitmap_index = 36441, .adv_w = 256, .box_w = 14, .box_h = 15, .ofs_x = 1, .ofs_y = 0},
    {.bitmap_index = 36546, .adv_w = 256, .box_w = 14, .box_h = 15, .ofs_x = 1, .ofs_y = 0},
    {.bitmap_index = 36651, .adv_w = 256, .box_w = 14, .box_h = 15, .ofs_x = 1, .ofs_y = 0},
};

static const uint16_t unicode_list_0[] = { 0, 9, 10, 11, 13, 19, 36, 42, 45, 58, 69, 140, 142, 145, 167, 174, 206, 234, 246, 251, 253, 288, 333, 334, 339, 348, 383, 423, 477, 481, 530, 572, 604, 840, 845, 869, 872, 883, 901, 909, 921, 1018, 1019, 1030, 1031, 1047, 1049, 1072, 1078, 1079, 1101, 1179, 1184, 1185, 1192, 1279, 1302, 1338, 1347, 1365, 1377, 1395, 1414, 1419, 1439, 1482, 1485, 1494, 1496, 1514, 1519, 1520, 1522, 1523, 1540, 1544, 1549, 1550, 1553, 1579, 1580, 1583, 1608, 1640, 1661, 1676, 2152, 2250, 2270, 2298, 2302, 2310, 2312, 2344, 2352, 2362, 2391, 2566, 2800, 2823, 2829, 2842, 2855, 2857, 2865, 2868, 2941, 2946, 3019, 3218, 3408, 3415, 3416, 3465, 3468, 3486, 3499, 3513, 3517, 3577, 3599, 3653, 3657, 3663, 3669, 3881, 4070, 4078, 4082, 4097, 4152, 4211, 4243, 4244, 4262, 4346, 4352, 4355, 4367, 4434, 4435, 4485, 4541, 4547, 4569, 4637, 4667, 4719, 4771, 4805, 4895, 5136, 5142, 5175, 5184, 5195, 5197, 5203, 5223, 5225, 5309, 5334, 5353, 5367, 5373, 5377, 5378, 5385, 5474, 5541, 5543, 5559, 5584, 5805, 5837, 5945, 5950, 5960, 6000, 6004, 6023, 6061, 6064, 6073, 6112, 6117, 6134, 6158, 6191, 6206, 6260, 6274, 6295, 6388, 6400, 6409, 6413, 6429, 6431, 6444, 6526, 6532, 6554, 6582, 6629, 6663, 6689, 6712, 6726, 6728, 6848, 7201, 7210, 7523, 7631, 7700, 7732, 8001, 8011, 8072, 8183, 8319, 8323, 8336, 8401, 8468, 8889, 9270, 9287, 9288, 9305, 9452, 9648, 10015, 10024, 10025, 10037, 10043, 10073, 10372, 10454, 10456, 10527, 10733, 10860, 11066, 11218, 11386, 11467, 11503, 11564, 11593, 11646, 11648, 11693, 11899, 11966, 12027, 12353, 12450, 12455, 12469, 12479, 12484, 12508, 12511, 12519, 12525, 12602, 12625, 12654, 12812, 13046, 13053, 13290, 13426, 13553, 13561, 13751, 13788, 14045, 14287, 14924, 14952, 15019, 15238, 15297, 15304, 15334, 15360, 15777, 15780, 15785, 15792, 15806, 15814, 15829, 15846, 15853, 15855, 15860, 15863, 15867, 15875, 15969, 15993, 16165, 16185, 16555, 16763, 16765, 16848, 16852, 16859, 16862, 16887, 16896, 16898, 16905, 16922, 16979, 16997, 17023, 17128, 17229, 17354, 17356, 17357, 17359, 18094, 18115, 18222, 18303, 18413, 18418, 18420, 18484, 18485, 18576, 18630, 18664, 18666, 18678, 18679, 18686, 18777, 18931, 19061, 19062, 19065, 19089, 19095, 19096, 19336, 19350, 19579, 19596, 19632, 19672, 20696, 20768 };

static const lv_font_fmt_txt_cmap_t cmaps[] = {
    {
        .range_start = 19968, .range_length = 20769, .glyph_id_start = 1,
        .unicode_list = unicode_list_0, .glyph_id_ofs_list = NULL,
        .list_length = 361, .type = LV_FONT_FMT_TXT_CMAP_SPARSE_TINY
    }
};

static const lv_font_fmt_txt_dsc_t font_dsc = {
    .glyph_bitmap = glyph_bitmap,
    .glyph_dsc = glyph_dsc,
    .cmaps = cmaps,
    .kern_dsc = NULL,
    .kern_scale = 0,
    .cmap_num = 1,
    .bpp = 4,
    .kern_classes = 0,
    .bitmap_format = 0,
};

const lv_font_t font_cn16 = {
    .get_glyph_dsc = lv_font_get_glyph_dsc_fmt_txt,
    .get_glyph_bitmap = lv_font_get_bitmap_fmt_txt,
    .line_height = 17,          /* 与 unscii_16 对齐,混排基线一致 */
    .base_line = 0,
    .subpx = LV_FONT_SUBPX_NONE,
    .underline_position = 0,
    .underline_thickness = 0,
    .dsc = &font_dsc,
};