// Generated by tools/gen_answer_font.swift; original answer-book subset, 32px, cropped 4bpp.
#include "lvgl.h"
LV_FONT_DECLARE(font_answer_cjk_32);
static const uint8_t bitmap[]={
/* U+0020 */

/* U+0021 */
0x5d,0xd9,0x6f,0xfa,0x6f,0xfa,0x6f,0xfa,0x6f,0xfa,0x6f,0xfa,0x6f,0xfa,0x5f,0xfa,0x4f,0xf8,0x3f,0xf7,0x1f,0xf6,0x0f,0xf5,
0x0f,0xf3,0x0d,0xf2,0x0c,0xf1,0x0b,0xf0,0x0a,0xe0,0x01,0x20,0x00,0x00,0x58,0x88,0xaf,0xfe,0xaf,0xfe,0xaf,0xfe,
/* U+0022 */
0x6d,0x90,0x0d,0xd1,0x8f,0xa0,0x0f,0xf2,0x8f,0xa0,0x0f,0xf2,0x8f,0xa0,0x0f,0xf2,0x8f,0xa0,0x0f,0xf2,0x8f,0xa0,0x0f,0xf2,
0x8f,0xa0,0x0f,0xf2,0x8f,0xa0,0x0f,0xf2,0x36,0x40,0x06,0x60,
/* U+0023 */
0x00,0x00,0x03,0x42,0x00,0x02,0x43,0x00,0x00,0x00,0x0b,0xf7,0x00,0x08,0xfa,0x00,0x00,0x00,0x0d,0xf5,0x00,0x0a,0xf8,0x00,
0x00,0x00,0x0f,0xf3,0x00,0x0d,0xf6,0x00,0x00,0x00,0x2f,0xf1,0x00,0x0f,0xf3,0x00,0x00,0x00,0x4f,0xe0,0x00,0x1f,0xf1,0x00,
0x00,0x00,0x6f,0xc0,0x00,0x3f,0xf0,0x00,0x0b,0xbb,0xdf,0xeb,0xbb,0xdf,0xfb,0xb8,0x1f,0xff,0xff,0xff,0xff,0xff,0xff,0xfb,
0x06,0x66,0xef,0xa6,0x66,0xdf,0xb6,0x64,0x00,0x00,0xff,0x30,0x00,0xcf,0x60,0x00,0x00,0x01,0xff,0x10,0x00,0xef,0x40,0x00,
0x00,0x03,0xff,0x00,0x01,0xff,0x20,0x00,0x00,0x06,0xfd,0x00,0x03,0xff,0x00,0x00,0xbc,0xce,0xff,0xcc,0xcd,0xff,0xcc,0x90,
0xef,0xff,0xff,0xff,0xff,0xff,0xff,0xc0,0x56,0x6e,0xf9,0x66,0x6c,0xfb,0x66,0x50,0x00,0x0f,0xf3,0x00,0x0c,0xf6,0x00,0x00,
0x00,0x1f,0xf1,0x00,0x0e,0xf4,0x00,0x00,0x00,0x3f,0xf0,0x00,0x1f,0xf2,0x00,0x00,0x00,0x6f,0xd0,0x00,0x3f,0xf0,0x00,0x00,
0x00,0x8f,0xa0,0x00,0x5f,0xd0,0x00,0x00,0x00,0xaf,0x80,0x00,0x7f,0xb0,0x00,0x00,
/* U+0024 */
0x00,0x00,0x00,0x00,0x76,0x00,0x00,0x00,0x00,0x00,0x00,0x00,0x0f,0xc0,0x00,0x00,0x00,0x00,0x00,0x00,0x04,0xfd,0x20,0x00,
0x00,0x00,0x00,0x02,0xbf,0xff,0xff,0xe7,0x00,0x00,0x00,0x06,0xff,0xff,0xff,0xff,0xfb,0x00,0x00,0x03,0xff,0xfd,0x6f,0xd9,
0xff,0xf9,0x00,0x00,0xdf,0xf5,0x00,0xfc,0x02,0xdf,0xf3,0x00,0x2f,0xfa,0x00,0x0f,0xc0,0x05,0xff,0x90,0x05,0xff,0x70,0x00,
0xfc,0x00,0x0d,0xfe,0x00,0x7f,0xf7,0x00,0x0f,0xc0,0x00,0x00,0x00,0x05,0xff,0xb0,0x00,0xfc,0x00,0x00,0x00,0x00,0x2f,0xff,
0x80,0x0f,0xc0,0x00,0x00,0x00,0x00,0x9f,0xff,0xe8,0xfc,0x00,0x00,0x00,0x00,0x00,0xaf,0xff,0xff,0xfa,0x61,0x00,0x00,0x00,
0x00,0x3b,0xff,0xff,0xff,0xf9,0x00,0x00,0x00,0x00,0x00,0x5f,0xff,0xff,0xfe,0x10,0x00,0x00,0x00,0x00,0xfc,0x39,0xff,0xfc,
0x00,0x00,0x00,0x00,0x0f,0xc0,0x02,0xef,0xf5,0x00,0x00,0x00,0x00,0xfc,0x00,0x06,0xff,0x81,0xff,0x90,0x00,0x0f,0xc0,0x00,
0x2f,0xfb,0x0d,0xfc,0x00,0x00,0xfc,0x00,0x02,0xff,0xa0,0xaf,0xf4,0x00,0x0f,0xc0,0x00,0x6f,0xf7,0x03,0xff,0xd2,0x00,0xfc,
0x00,0x1e,0xff,0x20,0x09,0xff,0xf8,0x2f,0xc2,0x6e,0xff,0x70,0x00,0x0a,0xff,0xff,0xff,0xff,0xff,0xa0,0x00,0x00,0x05,0xef,
0xff,0xff,0xfd,0x40,0x00,0x00,0x00,0x00,0x26,0xfe,0x51,0x00,0x00,0x00,0x00,0x00,0x00,0x0f,0xc0,0x00,0x00,0x00,0x00,0x00,
0x00,0x00,0xfc,0x00,0x00,0x00,0x00,0x00,0x00,0x00,0x02,0x10,0x00,0x00,0x00,
/* U+0025 */
0x00,0x00,0x00,0x00,0x00,0x00,0x00,0x00,0x00,0x00,0x11,0x10,0x00,0x00,0x15,0x89,0x62,0x00,0x00,0x00,0x00,0x00,0x03,0xff,
0x80,0x00,0x02,0xef,0xff,0xff,0x60,0x00,0x00,0x00,0x00,0x0d,0xfc,0x00,0x00,0x1f,0xfc,0x43,0x9f,0xf4,0x00,0x00,0x00,0x00,
0xaf,0xf2,0x00,0x00,0x7f,0xe1,0x00,0x0c,0xfb,0x00,0x00,0x00,0x06,0xff,0x50,0x00,0x00,0xcf,0x90,0x00,0x06,0xff,0x00,0x00,
0x00,0x2f,0xf9,0x00,0x00,0x00,0xef,0x60,0x00,0x03,0xff,0x20,0x00,0x00,0xcf,0xd0,0x00,0x00,0x00,0xff,0x50,0x00,0x02,0xff,
0x30,0x00,0x08,0xff,0x30,0x00,0x00,0x00,0xff,0x60,0x00,0x03,0xff,0x20,0x00,0x4f,0xf7,0x00,0x00,0x00,0x00,0xdf,0x70,0x00,
0x05,0xff,0x00,0x01,0xef,0xb0,0x00,0x00,0x00,0x00,0xaf,0xb0,0x00,0x09,0xfc,0x00,0x0b,0xfe,0x10,0x00,0x00,0x00,0x00,0x3f,
0xf5,0x00,0x3f,0xf6,0x00,0x7f,0xf4,0x00,0x02,0x55,0x20,0x00,0x09,0xff,0xcc,0xff,0xa0,0x03,0xff,0x90,0x02,0xdf,0xff,0xfc,
0x10,0x00,0x7c,0xff,0xd8,0x00,0x0d,0xfd,0x00,0x1e,0xfd,0x77,0xdf,0xe0,0x00,0x00,0x00,0x00,0x00,0x9f,0xf2,0x00,0x8f,0xe1,
0x00,0x2f,0xf6,0x00,0x00,0x00,0x00,0x05,0xff,0x60,0x00,0xef,0x70,0x00,0x0a,0xfc,0x00,0x00,0x00,0x00,0x2f,0xfa,0x00,0x01,
0xff,0x40,0x00,0x07,0xfe,0x00,0x00,0x00,0x00,0xcf,0xe1,0x00,0x03,0xff,0x20,0x00,0x05,0xff,0x00,0x00,0x00,0x08,0xff,0x30,
0x00,0x03,0xff,0x20,0x00,0x06,0xff,0x00,0x00,0x00,0x3f,0xf8,0x00,0x00,0x01,0xff,0x40,0x00,0x07,0xfe,0x00,0x00,0x01,0xef,
0xc0,0x00,0x00,0x00,0xef,0x70,0x00,0x0b,0xfb,0x00,0x00,0x0a,0xff,0x10,0x00,0x00,0x00,0x8f,0xe1,0x00,0x3f,0xf4,0x00,0x00,
0x6f,0xf5,0x00,0x00,0x00,0x00,0x1e,0xfd,0x79,0xef,0xb0,0x00,0x02,0xff,0x90,0x00,0x00,0x00,0x00,0x01,0xcf,0xff,0xf9,0x00,
0x00,0x07,0xaa,0x00,0x00,0x00,0x00,0x00,0x00,0x01,0x43,0x00,0x00,
/* U+0026 */
0x00,0x00,0x04,0x9c,0xca,0x50,0x00,0x00,0x00,0x00,0x00,0x00,0x9f,0xff,0xff,0xfd,0x10,0x00,0x00,0x00,0x00,0x06,0xff,0xfc,
0xaf,0xff,0xc0,0x00,0x00,0x00,0x00,0x0d,0xff,0x30,0x01,0xcf,0xf4,0x00,0x00,0x00,0x00,0x0f,0xfa,0x00,0x00,0x5f,0xf7,0x00,
0x00,0x00,0x00,0x0f,0xfb,0x00,0x00,0x4f,0xf6,0x00,0x00,0x00,0x00,0x0d,0xff,0x10,0x00,0x9f,0xf3,0x00,0x00,0x00,0x00,0x06,
0xff,0xa0,0x05,0xff,0xb0,0x00,0x00,0x00,0x00,0x00,0xcf,0xf7,0x8f,0xfe,0x20,0x00,0x00,0x00,0x00,0x00,0x2f,0xff,0xff,0xd2,
0x00,0x00,0x00,0x00,0x00,0x00,0x3e,0xff,0xfa,0x00,0x00,0x00,0x00,0x00,0x00,0x09,0xff,0xff,0xfd,0x00,0x00,0x00,0x00,0x00,
0x01,0xcf,0xfc,0x3a,0xff,0xb0,0x00,0xbc,0x80,0x00,0x0b,0xff,0xa0,0x00,0xcf,0xf8,0x02,0xff,0x90,0x00,0x5f,0xfc,0x00,0x00,
0x1e,0xff,0x55,0xff,0x60,0x00,0xaf,0xf4,0x00,0x00,0x03,0xff,0xfb,0xff,0x20,0x00,0xdf,0xf0,0x00,0x00,0x00,0x5f,0xff,0xfc,
0x00,0x00,0xef,0xf0,0x00,0x00,0x00,0x07,0xff,0xf5,0x00,0x00,0xcf,0xf4,0x00,0x00,0x00,0x02,0xff,0xfb,0x00,0x00,0x6f,0xfd,
0x10,0x00,0x00,0x3e,0xff,0xff,0x90,0x00,0x0e,0xff,0xe6,0x21,0x59,0xff,0xf7,0xef,0xf7,0x00,0x02,0xdf,0xff,0xff,0xff,0xff,
0x70,0x3f,0xff,0x50,0x00,0x09,0xff,0xff,0xff,0xa2,0x00,0x05,0xff,0xf3,0x00,0x00,0x03,0x45,0x30,0x00,0x00,0x00,0x00,0x00,

/* U+0027 */
0x8d,0x7a,0xf8,0xaf,0x8a,0xf8,0xaf,0x8a,0xf8,0xaf,0x8a,0xf8,0x46,0x30,
/* U+0028 */
0x00,0x00,0x03,0x63,0x00,0x00,0x1f,0xf2,0x00,0x00,0xaf,0x90,0x00,0x05,0xff,0x10,0x00,0x0d,0xf8,0x00,0x00,0x4f,0xf2,0x00,
0x00,0xbf,0xd0,0x00,0x02,0xff,0x70,0x00,0x06,0xff,0x30,0x00,0x0a,0xff,0x00,0x00,0x0e,0xfd,0x00,0x00,0x2f,0xfa,0x00,0x00,
0x4f,0xf8,0x00,0x00,0x5f,0xf8,0x00,0x00,0x6f,0xf7,0x00,0x00,0x7f,0xf6,0x00,0x00,0x6f,0xf7,0x00,0x00,0x4f,0xf8,0x00,0x00,
0x3f,0xf9,0x00,0x00,0x1f,0xfa,0x00,0x00,0x0d,0xfd,0x00,0x00,0x09,0xff,0x10,0x00,0x04,0xff,0x40,0x00,0x00,0xef,0x80,0x00,
0x00,0x8f,0xe0,0x00,0x00,0x1f,0xf4,0x00,0x00,0x0a,0xf9,0x00,0x00,0x02,0xff,0x20,0x00,0x00,0x8f,0xa0,0x00,0x00,0x0e,0xf2,
0x00,0x00,0x02,0x42,
/* U+0029 */
0x16,0x50,0x00,0x00,0x0d,0xf4,0x00,0x00,0x04,0xfd,0x00,0x00,0x00,0xcf,0x70,0x00,0x00,0x4f,0xe0,0x00,0x00,0x0e,0xf6,0x00,
0x00,0x09,0xfd,0x00,0x00,0x03,0xff,0x40,0x00,0x00,0xff,0x90,0x00,0x00,0xcf,0xe0,0x00,0x00,0x9f,0xf2,0x00,0x00,0x6f,0xf6,
0x00,0x00,0x4f,0xf8,0x00,0x00,0x3f,0xf9,0x00,0x00,0x2f,0xfb,0x00,0x00,0x1f,0xfc,0x00,0x00,0x2f,0xfb,0x00,0x00,0x3f,0xf9,
0x00,0x00,0x4f,0xf8,0x00,0x00,0x5f,0xf6,0x00,0x00,0x8f,0xf2,0x00,0x00,0xbf,0xe0,0x00,0x00,0xef,0xb0,0x00,0x03,0xff,0x60,
0x00,0x08,0xfe,0x00,0x00,0x0e,0xf8,0x00,0x00,0x4f,0xf1,0x00,0x00,0xcf,0x80,0x00,0x05,0xfd,0x00,0x00,0x0d,0xf4,0x00,0x00,
0x14,0x40,0x00,0x00,
/* U+002A */
0x00,0x00,0x3d,0x50,0x00,0x00,0x00,0x04,0xf6,0x00,0x00,0x04,0x10,0x4f,0x60,0x05,0x01,0xff,0xb8,0xf9,0xaf,0xf4,0x04,0xaf,
0xff,0xff,0xb5,0x00,0x00,0x2f,0xff,0x40,0x00,0x00,0x0b,0xf7,0xfd,0x00,0x00,0x07,0xfa,0x05,0xfa,0x00,0x00,0x6d,0x10,0x0a,
0x90,0x00,
/* U+002B */
0x00,0x00,0x00,0x01,0x32,0x00,0x00,0x00,0x00,0x00,0x00,0x00,0x7f,0xb0,0x00,0x00,0x00,0x00,0x00,0x00,0x07,0xfb,0x00,0x00,
0x00,0x00,0x00,0x00,0x00,0x7f,0xb0,0x00,0x00,0x00,0x00,0x00,0x00,0x07,0xfb,0x00,0x00,0x00,0x00,0x00,0x00,0x00,0x7f,0xb0,
0x00,0x00,0x00,0x00,0x00,0x00,0x07,0xfb,0x00,0x00,0x00,0x01,0x22,0x22,0x22,0x9f,0xb2,0x22,0x22,0x21,0x7f,0xff,0xff,0xff,
0xff,0xff,0xff,0xff,0xa7,0xff,0xff,0xff,0xff,0xff,0xff,0xff,0xfa,0x00,0x00,0x00,0x07,0xfb,0x00,0x00,0x00,0x00,0x00,0x00,
0x00,0x7f,0xb0,0x00,0x00,0x00,0x00,0x00,0x00,0x07,0xfb,0x00,0x00,0x00,0x00,0x00,0x00,0x00,0x7f,0xb0,0x00,0x00,0x00,0x00,
0x00,0x00,0x07,0xfb,0x00,0x00,0x00,0x00,0x00,0x00,0x00,0x7f,0xb0,0x00,0x00,0x00,0x00,0x00,0x00,0x07,0xfb,0x00,0x00,0x00,
0x00,
/* U+002C */
0x38,0x88,0x15,0xff,0xf3,0x5f,0xff,0x35,0xff,0xf3,0x00,0x7f,0x10,0x0c,0xe0,0x07,0xf8,0x04,0xfb,0x00,0x34,0x00,0x00,
/* U+002D */
0x12,0x22,0x22,0x22,0x22,0x6f,0xff,0xff,0xff,0xfd,0x6f,0xff,0xff,0xff,0xfd,0x26,0x66,0x66,0x66,0x65,
/* U+002E */
0x38,0x88,0x15,0xff,0xf3,0x5f,0xff,0x35,0xff,0xf3,
/* U+002F */
0x00,0x00,0x00,0x00,0x01,0x66,0x00,0x00,0x00,0x00,0x07,0xfd,0x00,0x00,0x00,0x00,0x0d,0xf7,0x00,0x00,0x00,0x00,0x3f,0xf1,
0x00,0x00,0x00,0x00,0xaf,0xb0,0x00,0x00,0x00,0x01,0xff,0x40,0x00,0x00,0x00,0x06,0xfe,0x00,0x00,0x00,0x00,0x0d,0xf8,0x00,
0x00,0x00,0x00,0x3f,0xf1,0x00,0x00,0x00,0x00,0x9f,0xb0,0x00,0x00,0x00,0x00,0xff,0x40,0x00,0x00,0x00,0x06,0xfe,0x00,0x00,
0x00,0x00,0x0c,0xf8,0x00,0x00,0x00,0x00,0x3f,0xf2,0x00,0x00,0x00,0x00,0x9f,0xb0,0x00,0x00,0x00,0x00,0xff,0x50,0x00,0x00,
0x00,0x06,0xfe,0x00,0x00,0x00,0x00,0x0c,0xf8,0x00,0x00,0x00,0x00,0x2f,0xf2,0x00,0x00,0x00,0x00,0x9f,0xb0,0x00,0x00,0x00,
0x00,0xef,0x50,0x00,0x00,0x00,0x05,0xfe,0x00,0x00,0x00,0x00,0x0b,0xf8,0x00,0x00,0x00,0x00,0x2f,0xf2,0x00,0x00,0x00,0x00,
0x38,0x70,0x00,0x00,0x00,0x00,
/* U+0030 */
0x00,0x00,0x04,0x79,0x96,0x30,0x00,0x00,0x00,0x04,0xef,0xff,0xff,0xfc,0x20,0x00,0x00,0x6f,0xff,0xfc,0xdf,0xff,0xf3,0x00,
0x01,0xff,0xf8,0x00,0x01,0xbf,0xfd,0x00,0x09,0xff,0x90,0x00,0x00,0x0c,0xff,0x60,0x0e,0xff,0x10,0x00,0x00,0x04,0xff,0xb0,
0x3f,0xfb,0x00,0x00,0x00,0x00,0xef,0xf0,0x6f,0xf8,0x00,0x00,0x00,0x00,0xbf,0xf2,0x7f,0xf5,0x00,0x00,0x00,0x00,0x9f,0xf4,
0x9f,0xf4,0x00,0x00,0x00,0x00,0x7f,0xf6,0x9f,0xf3,0x00,0x00,0x00,0x00,0x7f,0xf6,0xaf,0xf3,0x00,0x00,0x00,0x00,0x6f,0xf7,
0xaf,0xf3,0x00,0x00,0x00,0x00,0x7f,0xf6,0x9f,0xf4,0x00,0x00,0x00,0x00,0x7f,0xf6,0x9f,0xf4,0x00,0x00,0x00,0x00,0x8f,0xf5,
0x7f,0xf7,0x00,0x00,0x00,0x00,0xaf,0xf4,0x5f,0xf9,0x00,0x00,0x00,0x00,0xdf,0xf2,0x2f,0xfc,0x00,0x00,0x00,0x00,0xff,0xe0,
0x0d,0xff,0x40,0x00,0x00,0x08,0xff,0xa0,0x07,0xff,0xd0,0x00,0x00,0x2f,0xff,0x40,0x00,0xdf,0xfc,0x41,0x15,0xef,0xfa,0x00,
0x00,0x3e,0xff,0xff,0xff,0xff,0xd1,0x00,0x00,0x01,0x9f,0xff,0xff,0xe7,0x00,0x00,0x00,0x00,0x00,0x14,0x41,0x00,0x00,0x00,

/* U+0031 */
0x00,0x00,0x00,0x09,0xb4,0x00,0x00,0x00,0x2f,0xf6,0x00,0x00,0x00,0xaf,0xf6,0x00,0x00,0x1b,0xff,0xf6,0x17,0x9c,0xff,0xff,
0xf6,0x3f,0xff,0xff,0xff,0xf6,0x2b,0xbb,0xbb,0xdf,0xf6,0x00,0x00,0x00,0x5f,0xf6,0x00,0x00,0x00,0x5f,0xf6,0x00,0x00,0x00,
0x5f,0xf6,0x00,0x00,0x00,0x5f,0xf6,0x00,0x00,0x00,0x5f,0xf6,0x00,0x00,0x00,0x5f,0xf6,0x00,0x00,0x00,0x5f,0xf6,0x00,0x00,
0x00,0x5f,0xf6,0x00,0x00,0x00,0x5f,0xf6,0x00,0x00,0x00,0x5f,0xf6,0x00,0x00,0x00,0x5f,0xf6,0x00,0x00,0x00,0x5f,0xf6,0x00,
0x00,0x00,0x5f,0xf6,0x00,0x00,0x00,0x5f,0xf6,0x00,0x00,0x00,0x5f,0xf6,0x00,0x00,0x00,0x5f,0xf6,
/* U+0032 */
0x00,0x00,0x01,0x47,0xa9,0x63,0x00,0x00,0x00,0x00,0x5f,0xff,0xff,0xff,0xb2,0x00,0x00,0x0a,0xff,0xff,0xcd,0xff,0xff,0x20,
0x00,0x5f,0xff,0x40,0x00,0x2c,0xff,0xd0,0x00,0xdf,0xf3,0x00,0x00,0x00,0xdf,0xf5,0x04,0xff,0xb0,0x00,0x00,0x00,0x5f,0xf8,
0x06,0xff,0x50,0x00,0x00,0x00,0x2f,0xfb,0x07,0xff,0x30,0x00,0x00,0x00,0x3f,0xfb,0x03,0x55,0x00,0x00,0x00,0x00,0x5f,0xf8,
0x00,0x00,0x00,0x00,0x00,0x00,0xdf,0xf4,0x00,0x00,0x00,0x00,0x00,0x08,0xff,0xb0,0x00,0x00,0x00,0x00,0x00,0xaf,0xff,0x20,
0x00,0x00,0x00,0x00,0x3c,0xff,0xe3,0x00,0x00,0x00,0x00,0x08,0xff,0xfc,0x20,0x00,0x00,0x00,0x03,0xdf,0xff,0x70,0x00,0x00,
0x00,0x00,0x6f,0xff,0xb2,0x00,0x00,0x00,0x00,0x07,0xff,0xe5,0x00,0x00,0x00,0x00,0x00,0x5f,0xfd,0x10,0x00,0x00,0x00,0x00,
0x00,0xdf,0xe1,0x00,0x00,0x00,0x00,0x00,0x07,0xff,0x60,0x00,0x00,0x00,0x00,0x00,0x0b,0xff,0x76,0x66,0x66,0x66,0x66,0x63,
0x0e,0xff,0xff,0xff,0xff,0xff,0xff,0xf9,0x2f,0xff,0xff,0xff,0xff,0xff,0xff,0xf9,
/* U+0033 */
0x00,0x00,0x15,0x8a,0x86,0x20,0x00,0x00,0x00,0x07,0xff,0xff,0xff,0xfa,0x20,0x00,0x00,0xbf,0xff,0xec,0xdf,0xff,0xd1,0x00,
0x05,0xff,0xd3,0x00,0x03,0xcf,0xfa,0x00,0x0e,0xff,0x10,0x00,0x00,0x1e,0xff,0x00,0x2f,0xf8,0x00,0x00,0x00,0x0a,0xff,0x20,
0x5f,0xf5,0x00,0x00,0x00,0x09,0xff,0x50,0x5a,0xa2,0x00,0x00,0x00,0x0c,0xff,0x20,0x00,0x00,0x00,0x00,0x00,0x5f,0xfc,0x00,
0x00,0x00,0x00,0x00,0x28,0xff,0xd2,0x00,0x00,0x00,0x00,0xef,0xff,0xfa,0x00,0x00,0x00,0x00,0x00,0xff,0xff,0xfe,0x81,0x00,
0x00,0x00,0x00,0x54,0x69,0xff,0xfc,0x10,0x00,0x00,0x00,0x00,0x00,0x1d,0xff,0x90,0x00,0x00,0x00,0x00,0x00,0x02,0xff,0xf0,
0x00,0x00,0x00,0x00,0x00,0x00,0xcf,0xf3,0xff,0xc0,0x00,0x00,0x00,0x00,0x9f,0xf4,0xcf,0xf0,0x00,0x00,0x00,0x00,0xcf,0xf1,
0xaf,0xf5,0x00,0x00,0x00,0x01,0xff,0xe0,0x4f,0xfd,0x10,0x00,0x00,0x0c,0xff,0x90,0x0a,0xff,0xe6,0x30,0x26,0xef,0xfd,0x00,
0x01,0xcf,0xff,0xff,0xff,0xff,0xd2,0x00,0x00,0x05,0xdf,0xff,0xff,0xe6,0x00,0x00,0x00,0x00,0x00,0x35,0x31,0x00,0x00,0x00,

/* U+0034 */
0x00,0x00,0x00,0x00,0x00,0x0a,0xb4,0x00,0x00,0x00,0x00,0x00,0x00,0x09,0xff,0x60,0x00,0x00,0x00,0x00,0x00,0x04,0xff,0xf6,
0x00,0x00,0x00,0x00,0x00,0x01,0xef,0xff,0x60,0x00,0x00,0x00,0x00,0x00,0xbf,0xbf,0xf6,0x00,0x00,0x00,0x00,0x00,0x6f,0xd3,
0xff,0x60,0x00,0x00,0x00,0x00,0x2f,0xf3,0x2f,0xf6,0x00,0x00,0x00,0x00,0x0c,0xf8,0x02,0xff,0x60,0x00,0x00,0x00,0x08,0xfd,
0x00,0x2f,0xf6,0x00,0x00,0x00,0x03,0xff,0x30,0x02,0xff,0x60,0x00,0x00,0x00,0xdf,0x70,0x00,0x2f,0xf6,0x00,0x00,0x00,0x9f,
0xc0,0x00,0x02,0xff,0x60,0x00,0x00,0x4f,0xf2,0x00,0x00,0x2f,0xf6,0x00,0x00,0x1e,0xf7,0x00,0x00,0x02,0xff,0x60,0x00,0x0b,
0xfc,0x00,0x00,0x00,0x2f,0xf6,0x00,0x01,0xff,0xcb,0xbb,0xbb,0xbc,0xff,0xdb,0xb5,0x1f,0xff,0xff,0xff,0xff,0xff,0xff,0xff,
0x71,0xbb,0xbb,0xbb,0xbb,0xbb,0xff,0xdb,0xb5,0x00,0x00,0x00,0x00,0x00,0x2f,0xf6,0x00,0x00,0x00,0x00,0x00,0x00,0x02,0xff,
0x60,0x00,0x00,0x00,0x00,0x00,0x00,0x2f,0xf6,0x00,0x00,0x00,0x00,0x00,0x00,0x02,0xff,0x60,0x00,0x00,0x00,0x00,0x00,0x00,
0x2f,0xf6,0x00,0x00,
/* U+0035 */
0x00,0x04,0x44,0x44,0x44,0x44,0x44,0x00,0x00,0x4f,0xff,0xff,0xff,0xff,0xff,0x00,0x00,0x7f,0xff,0xff,0xff,0xff,0xff,0x00,
0x00,0xaf,0xd1,0x11,0x11,0x11,0x11,0x00,0x00,0xdf,0xa0,0x00,0x00,0x00,0x00,0x00,0x00,0xff,0x70,0x00,0x00,0x00,0x00,0x00,
0x03,0xff,0x40,0x00,0x00,0x00,0x00,0x00,0x06,0xff,0x10,0x00,0x00,0x00,0x00,0x00,0x08,0xfe,0x06,0xbd,0xda,0x81,0x00,0x00,
0x0b,0xfd,0xcf,0xff,0xff,0xff,0x60,0x00,0x0e,0xff,0xfe,0xa8,0xae,0xff,0xf7,0x00,0x1f,0xff,0x60,0x00,0x00,0x9f,0xff,0x20,
0x18,0x94,0x00,0x00,0x00,0x0a,0xff,0xa0,0x00,0x00,0x00,0x00,0x00,0x01,0xff,0xe0,0x00,0x00,0x00,0x00,0x00,0x00,0xcf,0xf1,
0x00,0x00,0x00,0x00,0x00,0x00,0xaf,0xf3,0x11,0x10,0x00,0x00,0x00,0x00,0xbf,0xf2,0xbf,0xf0,0x00,0x00,0x00,0x00,0xef,0xf0,
0x8f,0xf5,0x00,0x00,0x00,0x04,0xff,0xc0,0x4f,0xfe,0x10,0x00,0x00,0x1e,0xff,0x40,0x09,0xff,0xf7,0x30,0x26,0xff,0xfa,0x00,
0x00,0xbf,0xff,0xff,0xff,0xff,0x90,0x00,0x00,0x05,0xdf,0xff,0xff,0xc4,0x00,0x00,0x00,0x00,0x01,0x34,0x20,0x00,0x00,0x00,

/* U+0036 */
0x00,0x00,0x01,0x69,0xa8,0x61,0x00,0x00,0x00,0x00,0x8f,0xff,0xff,0xff,0x80,0x00,0x00,0x08,0xff,0xfd,0xce,0xff,0xf8,0x00,
0x00,0x8f,0xfb,0x20,0x00,0x4f,0xff,0x30,0x02,0xff,0xd1,0x00,0x00,0x08,0xff,0x90,0x08,0xff,0x30,0x00,0x00,0x01,0xff,0xd0,
0x0d,0xfc,0x00,0x00,0x00,0x00,0x11,0x10,0x3f,0xf7,0x00,0x00,0x00,0x00,0x00,0x00,0x6f,0xf3,0x00,0x25,0x86,0x30,0x00,0x00,
0x8f,0xf1,0x4e,0xff,0xff,0xff,0x60,0x00,0x9f,0xf5,0xff,0xfe,0xef,0xff,0xfa,0x00,0xbf,0xff,0xfa,0x20,0x01,0x7f,0xff,0x50,
0xcf,0xff,0x90,0x00,0x00,0x05,0xff,0xe0,0xbf,0xfe,0x10,0x00,0x00,0x00,0xcf,0xf3,0xaf,0xfa,0x00,0x00,0x00,0x00,0x7f,0xf6,
0x8f,0xf8,0x00,0x00,0x00,0x00,0x5f,0xf8,0x6f,0xf8,0x00,0x00,0x00,0x00,0x5f,0xf7,0x1f,0xfb,0x00,0x00,0x00,0x00,0x8f,0xf5,
0x0c,0xff,0x20,0x00,0x00,0x00,0xef,0xf2,0x07,0xff,0xb0,0x00,0x00,0x08,0xff,0xa0,0x00,0xaf,0xfd,0x52,0x14,0xbf,0xff,0x20,
0x00,0x0c,0xff,0xff,0xff,0xff,0xd3,0x00,0x00,0x00,0x8f,0xff,0xff,0xd9,0x10,0x00,0x00,0x00,0x00,0x24,0x40,0x00,0x00,0x00,

/* U+0037 */
0x14,0x44,0x44,0x44,0x44,0x44,0x44,0x41,0x6f,0xff,0xff,0xff,0xff,0xff,0xff,0xf4,0x6f,0xff,0xff,0xff,0xff,0xff,0xff,0xf4,
0x14,0x44,0x44,0x44,0x44,0x44,0xdf,0xd0,0x00,0x00,0x00,0x00,0x00,0x08,0xff,0x20,0x00,0x00,0x00,0x00,0x00,0x5f,0xf5,0x00,
0x00,0x00,0x00,0x00,0x02,0xff,0x80,0x00,0x00,0x00,0x00,0x00,0x0d,0xfd,0x00,0x00,0x00,0x00,0x00,0x00,0x7f,0xf4,0x00,0x00,
0x00,0x00,0x00,0x01,0xff,0xc0,0x00,0x00,0x00,0x00,0x00,0x0a,0xff,0x30,0x00,0x00,0x00,0x00,0x00,0x3f,0xfa,0x00,0x00,0x00,
0x00,0x00,0x00,0xbf,0xf3,0x00,0x00,0x00,0x00,0x00,0x01,0xff,0xe0,0x00,0x00,0x00,0x00,0x00,0x07,0xff,0x80,0x00,0x00,0x00,
0x00,0x00,0x0d,0xff,0x20,0x00,0x00,0x00,0x00,0x00,0x2f,0xfd,0x00,0x00,0x00,0x00,0x00,0x00,0x8f,0xf8,0x00,0x00,0x00,0x00,
0x00,0x00,0xbf,0xf5,0x00,0x00,0x00,0x00,0x00,0x00,0xdf,0xf2,0x00,0x00,0x00,0x00,0x00,0x00,0xff,0xf0,0x00,0x00,0x00,0x00,
0x00,0x03,0xff,0xd0,0x00,0x00,0x00,0x00,0x00,0x05,0xff,0xa0,0x00,0x00,0x00,0x00,
/* U+0038 */
0x00,0x00,0x05,0x7a,0x96,0x40,0x00,0x00,0x00,0x06,0xef,0xff,0xff,0xfc,0x30,0x00,0x00,0x7f,0xff,0xec,0xcf,0xff,0xf4,0x00,
0x03,0xff,0xf6,0x00,0x00,0x8f,0xfe,0x00,0x09,0xff,0x70,0x00,0x00,0x0b,0xff,0x50,0x0c,0xff,0x10,0x00,0x00,0x06,0xff,0x80,
0x0d,0xff,0x00,0x00,0x00,0x05,0xff,0x80,0x0a,0xff,0x30,0x00,0x00,0x08,0xff,0x60,0x04,0xff,0xc0,0x00,0x00,0x1f,0xfe,0x00,
0x00,0x6f,0xfd,0x63,0x37,0xef,0xd2,0x00,0x00,0x03,0xff,0xff,0xff,0xfd,0x10,0x00,0x00,0x3c,0xff,0xff,0xff,0xff,0xb2,0x00,
0x04,0xff,0xfd,0x75,0x58,0xff,0xfe,0x20,0x0e,0xff,0x90,0x00,0x00,0x1c,0xff,0xc0,0x6f,0xfc,0x00,0x00,0x00,0x01,0xef,0xf3,
0x9f,0xf6,0x00,0x00,0x00,0x00,0x9f,0xf6,0xaf,0xf3,0x00,0x00,0x00,0x00,0x6f,0xf7,0x8f,0xf5,0x00,0x00,0x00,0x00,0x8f,0xf4,
0x5f,0xf9,0x00,0x00,0x00,0x00,0xdf,0xf1,0x1f,0xff,0x40,0x00,0x00,0x08,0xff,0xc0,0x05,0xff,0xfa,0x31,0x14,0xbf,0xff,0x20,
0x00,0x8f,0xff,0xff,0xff,0xff,0xf5,0x00,0x00,0x02,0xbf,0xff,0xff,0xf9,0x10,0x00,0x00,0x00,0x00,0x24,0x41,0x00,0x00,0x00,

/* U+0039 */
0x00,0x00,0x15,0x7a,0x85,0x20,0x00,0x00,0x00,0x07,0xff,0xff,0xff,0xf8,0x00,0x00,0x00,0xcf,0xff,0xec,0xef,0xff,0xd1,0x00,
0x09,0xff,0xd2,0x00,0x03,0xef,0xfa,0x00,0x3f,0xfe,0x10,0x00,0x00,0x1e,0xff,0x20,0x8f,0xf7,0x00,0x00,0x00,0x07,0xff,0x90,
0xbf,0xf2,0x00,0x00,0x00,0x02,0xff,0xd0,0xdf,0xf0,0x00,0x00,0x00,0x00,0xff,0xf0,0xcf,0xf0,0x00,0x00,0x00,0x00,0xff,0xf2,
0xaf,0xf3,0x00,0x00,0x00,0x03,0xff,0xf3,0x7f,0xfa,0x00,0x00,0x00,0x0a,0xff,0xf4,0x1f,0xff,0x60,0x00,0x00,0x5f,0xff,0xf4,
0x07,0xff,0xfa,0x52,0x5a,0xff,0xaf,0xf3,0x00,0x9f,0xff,0xff,0xff,0xf4,0x9f,0xf1,0x00,0x04,0xcf,0xff,0xfc,0x40,0xaf,0xf0,
0x00,0x00,0x00,0x23,0x10,0x00,0xcf,0xe0,0x00,0x00,0x00,0x00,0x00,0x00,0xff,0xc0,0x27,0x72,0x00,0x00,0x00,0x05,0xff,0x60,
0x2f,0xf9,0x00,0x00,0x00,0x0b,0xff,0x10,0x0e,0xff,0x20,0x00,0x00,0x7f,0xfb,0x00,0x06,0xff,0xe7,0x21,0x49,0xff,0xe3,0x00,
0x00,0x9f,0xff,0xff,0xff,0xfe,0x30,0x00,0x00,0x04,0xdf,0xff,0xfe,0xa2,0x00,0x00,0x00,0x00,0x01,0x34,0x10,0x00,0x00,0x00,

/* U+003A */
0x28,0x88,0x15,0xff,0xf3,0x5f,0xff,0x35,0xff,0xf3,0x00,0x00,0x00,0x00,0x00,0x00,0x00,0x00,0x00,0x00,0x00,0x00,0x00,0x00,
0x00,0x00,0x00,0x00,0x00,0x00,0x00,0x00,0x03,0x88,0x81,0x5f,0xff,0x35,0xff,0xf3,0x5f,0xff,0x30,
/* U+003B */
0x28,0x88,0x15,0xff,0xf3,0x5f,0xff,0x35,0xff,0xf3,0x00,0x00,0x00,0x00,0x00,0x00,0x00,0x00,0x00,0x00,0x00,0x00,0x00,0x00,
0x00,0x00,0x00,0x00,0x00,0x00,0x00,0x00,0x03,0x88,0x81,0x5f,0xff,0x35,0xff,0xf3,0x5f,0xff,0x30,0x07,0xf1,0x00,0xce,0x00,
0x7f,0x80,0x4f,0xb0,0x03,0x40,0x00,
/* U+003C */
0x00,0x00,0x00,0x00,0x00,0x00,0x00,0x00,0x30,0x00,0x00,0x00,0x00,0x00,0x00,0x07,0xeb,0x00,0x00,0x00,0x00,0x00,0x01,0x8e,
0xff,0xa0,0x00,0x00,0x00,0x00,0x2a,0xff,0xfb,0x40,0x00,0x00,0x00,0x04,0xbf,0xff,0xa3,0x00,0x00,0x00,0x00,0x5d,0xff,0xf8,
0x10,0x00,0x00,0x00,0x07,0xef,0xfe,0x70,0x00,0x00,0x00,0x01,0x8f,0xff,0xd5,0x00,0x00,0x00,0x00,0x00,0x8f,0xfc,0x40,0x00,
0x00,0x00,0x00,0x00,0x08,0xff,0xe7,0x10,0x00,0x00,0x00,0x00,0x00,0x05,0xcf,0xff,0x92,0x00,0x00,0x00,0x00,0x00,0x00,0x4b,
0xff,0xfa,0x30,0x00,0x00,0x00,0x00,0x00,0x02,0x9f,0xff,0xb4,0x00,0x00,0x00,0x00,0x00,0x00,0x18,0xef,0xfd,0x60,0x00,0x00,
0x00,0x00,0x00,0x00,0x6d,0xff,0xe7,0x10,0x00,0x00,0x00,0x00,0x00,0x05,0xcf,0xfb,0x00,0x00,0x00,0x00,0x00,0x00,0x00,0x3a,
0xb0,
/* U+003D */
0x36,0x66,0x66,0x66,0x66,0x66,0x66,0x66,0x47,0xff,0xff,0xff,0xff,0xff,0xff,0xff,0xfa,0x5c,0xcc,0xcc,0xcc,0xcc,0xcc,0xcc,
0xcc,0x80,0x00,0x00,0x00,0x00,0x00,0x00,0x00,0x00,0x00,0x00,0x00,0x00,0x00,0x00,0x00,0x00,0x00,0x00,0x00,0x00,0x00,0x00,
0x00,0x00,0x00,0x00,0x00,0x00,0x00,0x00,0x00,0x00,0x00,0x07,0xff,0xff,0xff,0xff,0xff,0xff,0xff,0xfa,0x7f,0xff,0xff,0xff,
0xff,0xff,0xff,0xff,0xa1,0x33,0x33,0x33,0x33,0x33,0x33,0x33,0x32,
/* U+003E */
0x20,0x00,0x00,0x00,0x00,0x00,0x00,0x00,0x08,0xe8,0x10,0x00,0x00,0x00,0x00,0x00,0x00,0x7f,0xff,0x92,0x00,0x00,0x00,0x00,
0x00,0x00,0x3a,0xff,0xfb,0x40,0x00,0x00,0x00,0x00,0x00,0x01,0x8f,0xff,0xc5,0x00,0x00,0x00,0x00,0x00,0x00,0x17,0xef,0xfe,
0x70,0x00,0x00,0x00,0x00,0x00,0x00,0x5d,0xff,0xf8,0x10,0x00,0x00,0x00,0x00,0x00,0x04,0xbf,0xff,0xa2,0x00,0x00,0x00,0x00,
0x00,0x00,0x3a,0xff,0xb0,0x00,0x00,0x00,0x00,0x00,0x06,0xdf,0xfb,0x00,0x00,0x00,0x00,0x01,0x7e,0xff,0xe7,0x00,0x00,0x00,
0x00,0x29,0xff,0xfc,0x50,0x00,0x00,0x00,0x03,0xaf,0xff,0xb4,0x00,0x00,0x00,0x00,0x4b,0xff,0xf9,0x20,0x00,0x00,0x00,0x06,
0xdf,0xfe,0x81,0x00,0x00,0x00,0x00,0x08,0xff,0xd6,0x00,0x00,0x00,0x00,0x00,0x00,0x8c,0x40,0x00,0x00,0x00,0x00,0x00,0x00,
0x00,
/* U+003F */
0x00,0x00,0x00,0x14,0x42,0x00,0x00,0x00,0x00,0x08,0xef,0xff,0xff,0x70,0x00,0x00,0x2c,0xff,0xff,0xff,0xff,0xd0,0x00,0x0c,
0xff,0xc4,0x11,0x5d,0xff,0xa0,0x05,0xff,0xa0,0x00,0x00,0x1e,0xff,0x30,0xcf,0xf1,0x00,0x00,0x00,0x7f,0xf6,0x0f,0xfb,0x00,
0x00,0x00,0x04,0xff,0x91,0xff,0x90,0x00,0x00,0x00,0x4f,0xf9,0x14,0x42,0x00,0x00,0x00,0x07,0xff,0x70,0x00,0x00,0x00,0x00,
0x00,0xef,0xf2,0x00,0x00,0x00,0x00,0x00,0xaf,0xf9,0x00,0x00,0x00,0x00,0x00,0x9f,0xfc,0x00,0x00,0x00,0x00,0x00,0x9f,0xfc,
0x10,0x00,0x00,0x00,0x00,0x5f,0xfc,0x00,0x00,0x00,0x00,0x00,0x0e,0xff,0x10,0x00,0x00,0x00,0x00,0x04,0xff,0x80,0x00,0x00,
0x00,0x00,0x00,0x7f,0xf4,0x00,0x00,0x00,0x00,0x00,0x09,0xff,0x20,0x00,0x00,0x00,0x00,0x00,0x36,0x60,0x00,0x00,0x00,0x00,
0x00,0x00,0x00,0x00,0x00,0x00,0x00,0x00,0x00,0x88,0x84,0x00,0x00,0x00,0x00,0x00,0x0f,0xff,0x80,0x00,0x00,0x00,0x00,0x00,
0xff,0xf8,0x00,0x00,0x00,0x00,0x00,0x0f,0xff,0x80,0x00,0x00,
/* U+0040 */
0x00,0x00,0x00,0x00,0x01,0x35,0x52,0x00,0x00,0x00,0x00,0x00,0x00,0x00,0x00,0x5b,0xff,0xff,0xff,0xd9,0x10,0x00,0x00,0x00,
0x00,0x01,0xbf,0xfd,0x87,0x69,0xcf,0xfe,0x60,0x00,0x00,0x00,0x05,0xef,0xd3,0x00,0x00,0x00,0x08,0xff,0xd1,0x00,0x00,0x06,
0xff,0x90,0x00,0x00,0x00,0x00,0x02,0xcf,0xb0,0x00,0x02,0xff,0x50,0x00,0x00,0x34,0x00,0x00,0x02,0xef,0x70,0x00,0xcf,0xa0,
0x00,0x09,0xff,0xff,0xa0,0x4b,0x75,0xff,0x30,0x7f,0xe1,0x00,0x1c,0xff,0xfe,0xff,0x9b,0xf6,0x0b,0xf9,0x0e,0xf6,0x00,0x0d,
0xff,0x82,0x03,0xef,0xff,0x10,0x8f,0xe3,0xff,0x10,0x08,0xff,0x60,0x00,0x05,0xff,0xd0,0x05,0xff,0x7f,0xe0,0x01,0xff,0x90,
0x00,0x00,0x0f,0xf8,0x00,0x2f,0xf8,0xfb,0x00,0x8f,0xf1,0x00,0x00,0x01,0xff,0x30,0x03,0xfe,0xaf,0x90,0x0b,0xfa,0x00,0x00,
0x00,0x4f,0xe0,0x00,0x6f,0xb8,0xfb,0x00,0xdf,0x70,0x00,0x00,0x09,0xfa,0x00,0x0a,0xf7,0x7f,0xe0,0x0f,0xf6,0x00,0x00,0x01,
0xff,0x50,0x01,0xff,0x24,0xff,0x10,0xff,0xa0,0x00,0x00,0xaf,0xf1,0x00,0x8f,0x80,0x0e,0xf4,0x0c,0xff,0x10,0x00,0x9f,0xfc,
0x00,0x5f,0xd0,0x00,0x8f,0xd0,0x4f,0xfd,0x78,0xdf,0xef,0xe2,0x7f,0xd2,0x00,0x00,0xdf,0x80,0x8f,0xff,0xff,0x71,0xff,0xff,
0xb1,0x11,0x00,0x03,0xff,0x30,0x49,0xb8,0x30,0x05,0xa7,0x30,0x6f,0xd0,0x00,0x08,0xff,0x60,0x00,0x00,0x00,0x00,0x00,0x9f,
0xf2,0x00,0x00,0x07,0xff,0xb1,0x00,0x00,0x00,0x02,0xcf,0xe4,0x00,0x00,0x00,0x02,0xcf,0xfd,0x96,0x45,0x7c,0xff,0xc1,0x00,
0x00,0x00,0x00,0x00,0x7d,0xff,0xff,0xff,0xfb,0x40,0x00,0x00,0x00,0x00,0x00,0x00,0x02,0x56,0x75,0x31,0x00,0x00,0x00,0x00,

/* U+0041 */
0x00,0x00,0x00,0x00,0x6d,0xdd,0x30,0x00,0x00,0x00,0x00,0x00,0x00,0x00,0x0d,0xff,0xf9,0x00,0x00,0x00,0x00,0x00,0x00,0x00,
0x03,0xff,0xff,0xf0,0x00,0x00,0x00,0x00,0x00,0x00,0x00,0x9f,0xf8,0xff,0x50,0x00,0x00,0x00,0x00,0x00,0x00,0x0f,0xfb,0x1f,
0xfc,0x00,0x00,0x00,0x00,0x00,0x00,0x06,0xff,0x50,0xbf,0xf2,0x00,0x00,0x00,0x00,0x00,0x00,0xcf,0xf0,0x05,0xff,0x80,0x00,
0x00,0x00,0x00,0x00,0x2f,0xfa,0x00,0x0f,0xfe,0x00,0x00,0x00,0x00,0x00,0x08,0xff,0x40,0x00,0xaf,0xf5,0x00,0x00,0x00,0x00,
0x00,0xef,0xe0,0x00,0x04,0xff,0xb0,0x00,0x00,0x00,0x00,0x5f,0xf8,0x00,0x00,0x0e,0xff,0x10,0x00,0x00,0x00,0x0b,0xff,0x20,
0x00,0x00,0x8f,0xf7,0x00,0x00,0x00,0x01,0xff,0xd0,0x00,0x00,0x03,0xff,0xe0,0x00,0x00,0x00,0x7f,0xfb,0x77,0x77,0x77,0x7f,
0xff,0x40,0x00,0x00,0x0d,0xff,0xff,0xff,0xff,0xff,0xff,0xfa,0x00,0x00,0x04,0xff,0xff,0xff,0xff,0xff,0xff,0xff,0xf1,0x00,
0x00,0xaf,0xf6,0x11,0x11,0x11,0x11,0x1b,0xff,0x70,0x00,0x1f,0xfe,0x00,0x00,0x00,0x00,0x00,0x5f,0xfd,0x00,0x07,0xff,0x90,
0x00,0x00,0x00,0x00,0x00,0xff,0xf3,0x00,0xdf,0xf3,0x00,0x00,0x00,0x00,0x00,0x0a,0xff,0x90,0x3f,0xfd,0x00,0x00,0x00,0x00,
0x00,0x00,0x4f,0xff,0x09,0xff,0x70,0x00,0x00,0x00,0x00,0x00,0x00,0xef,0xf6,0xff,0xf1,0x00,0x00,0x00,0x00,0x00,0x00,0x08,
0xff,0xc0,
/* U+0042 */
0x6d,0xdd,0xdd,0xdd,0xdd,0xdc,0xa7,0x20,0x00,0x08,0xff,0xff,0xff,0xff,0xff,0xff,0xff,0x50,0x00,0x8f,0xfd,0xbb,0xbb,0xbb,
0xcd,0xff,0xff,0x60,0x08,0xff,0x80,0x00,0x00,0x00,0x02,0xbf,0xfe,0x00,0x8f,0xf8,0x00,0x00,0x00,0x00,0x00,0xef,0xf2,0x08,
0xff,0x80,0x00,0x00,0x00,0x00,0x0a,0xff,0x70,0x8f,0xf8,0x00,0x00,0x00,0x00,0x00,0x9f,0xf6,0x08,0xff,0x80,0x00,0x00,0x00,
0x00,0x0b,0xff,0x30,0x8f,0xf8,0x00,0x00,0x00,0x00,0x03,0xff,0xd0,0x08,0xff,0x80,0x00,0x00,0x01,0x38,0xff,0xc1,0x00,0x8f,
0xff,0xff,0xff,0xff,0xff,0xff,0x90,0x00,0x08,0xff,0xff,0xff,0xff,0xff,0xff,0xfe,0x81,0x00,0x8f,0xfc,0x88,0x88,0x88,0x8a,
0xcf,0xff,0xd1,0x08,0xff,0x80,0x00,0x00,0x00,0x00,0x2d,0xff,0xb0,0x8f,0xf8,0x00,0x00,0x00,0x00,0x00,0x1f,0xff,0x28,0xff,
0x80,0x00,0x00,0x00,0x00,0x00,0xbf,0xf5,0x8f,0xf8,0x00,0x00,0x00,0x00,0x00,0x09,0xff,0x68,0xff,0x80,0x00,0x00,0x00,0x00,
0x00,0xcf,0xf4,0x8f,0xf8,0x00,0x00,0x00,0x00,0x00,0x2f,0xff,0x18,0xff,0x80,0x00,0x00,0x00,0x00,0x2d,0xff,0xa0,0x8f,0xfc,
0x88,0x88,0x88,0x89,0xcf,0xff,0xe1,0x08,0xff,0xff,0xff,0xff,0xff,0xff,0xff,0xc2,0x00,0x8f,0xff,0xff,0xff,0xff,0xff,0xda,
0x60,0x00,0x00,
/* U+0043 */
0x00,0x00,0x00,0x00,0x13,0x55,0x31,0x00,0x00,0x00,0x00,0x00,0x00,0x05,0xcf,0xff,0xff,0xfe,0x70,0x00,0x00,0x00,0x00,0x0a,
0xff,0xff,0xff,0xff,0xff,0xe6,0x00,0x00,0x00,0x2d,0xff,0xfc,0x85,0x35,0x8f,0xff,0xf5,0x00,0x00,0x1f,0xff,0xd2,0x00,0x00,
0x00,0x09,0xff,0xf3,0x00,0x09,0xff,0xc1,0x00,0x00,0x00,0x00,0x0a,0xff,0xb0,0x02,0xff,0xf1,0x00,0x00,0x00,0x00,0x00,0x1f,
0xff,0x10,0xaf,0xf8,0x00,0x00,0x00,0x00,0x00,0x00,0xaf,0xf6,0x0f,0xff,0x10,0x00,0x00,0x00,0x00,0x00,0x00,0x00,0x02,0xff,
0xc0,0x00,0x00,0x00,0x00,0x00,0x00,0x00,0x00,0x4f,0xfa,0x00,0x00,0x00,0x00,0x00,0x00,0x00,0x00,0x07,0xff,0x80,0x00,0x00,
0x00,0x00,0x00,0x00,0x00,0x00,0x9f,0xf7,0x00,0x00,0x00,0x00,0x00,0x00,0x00,0x00,0x08,0xff,0x80,0x00,0x00,0x00,0x00,0x00,
0x00,0x00,0x00,0x5f,0xfa,0x00,0x00,0x00,0x00,0x00,0x00,0x00,0x00,0x03,0xff,0xc0,0x00,0x00,0x00,0x00,0x00,0x00,0x29,0x97,
0x1f,0xff,0x10,0x00,0x00,0x00,0x00,0x00,0x07,0xff,0x80,0xdf,0xf7,0x00,0x00,0x00,0x00,0x00,0x00,0xaf,0xf4,0x05,0xff,0xe0,
0x00,0x00,0x00,0x00,0x00,0x2f,0xff,0x00,0x0d,0xff,0xa0,0x00,0x00,0x00,0x00,0x0b,0xff,0xa0,0x00,0x4f,0xff,0xc1,0x00,0x00,
0x00,0x0a,0xff,0xe1,0x00,0x00,0x7f,0xff,0xe9,0x62,0x14,0x7e,0xff,0xf4,0x00,0x00,0x00,0x3e,0xff,0xff,0xff,0xff,0xff,0xe5,
0x00,0x00,0x00,0x00,0x1a,0xff,0xff,0xff,0xff,0x80,0x00,0x00,0x00,0x00,0x00,0x00,0x46,0x76,0x41,0x00,0x00,0x00,0x00,
/* U+0044 */
0x6d,0xdd,0xdd,0xdd,0xda,0x86,0x30,0x00,0x00,0x00,0x8f,0xff,0xff,0xff,0xff,0xff,0xfd,0x40,0x00,0x00,0x8f,0xfd,0xbb,0xbb,
0xbd,0xff,0xff,0xfb,0x20,0x00,0x8f,0xf8,0x00,0x00,0x00,0x02,0x8f,0xff,0xd0,0x00,0x8f,0xf8,0x00,0x00,0x00,0x00,0x04,0xef,
0xf8,0x00,0x8f,0xf8,0x00,0x00,0x00,0x00,0x00,0x3f,0xff,0x20,0x8f,0xf8,0x00,0x00,0x00,0x00,0x00,0x0b,0xff,0xa0,0x8f,0xf8,
0x00,0x00,0x00,0x00,0x00,0x04,0xff,0xc0,0x8f,0xf8,0x00,0x00,0x00,0x00,0x00,0x00,0xff,0xe0,0x8f,0xf8,0x00,0x00,0x00,0x00,
0x00,0x00,0xff,0xf1,0x8f,0xf8,0x00,0x00,0x00,0x00,0x00,0x00,0xdf,0xf3,0x8f,0xf8,0x00,0x00,0x00,0x00,0x00,0x00,0xcf,0xf4,
0x8f,0xf8,0x00,0x00,0x00,0x00,0x00,0x00,0xdf,0xf2,0x8f,0xf8,0x00,0x00,0x00,0x00,0x00,0x00,0xff,0xf0,0x8f,0xf8,0x00,0x00,
0x00,0x00,0x00,0x01,0xff,0xe0,0x8f,0xf8,0x00,0x00,0x00,0x00,0x00,0x05,0xff,0xc0,0x8f,0xf8,0x00,0x00,0x00,0x00,0x00,0x0c,
0xff,0x70,0x8f,0xf8,0x00,0x00,0x00,0x00,0x00,0x4f,0xfe,0x00,0x8f,0xf8,0x00,0x00,0x00,0x00,0x03,0xff,0xf6,0x00,0x8f,0xf8,
0x00,0x00,0x00,0x01,0x8f,0xff,0xd0,0x00,0x8f,0xfc,0x88,0x88,0x99,0xcf,0xff,0xfa,0x10,0x00,0x8f,0xff,0xff,0xff,0xff,0xff,
0xfe,0x50,0x00,0x00,0x8f,0xff,0xff,0xff,0xfe,0xda,0x61,0x00,0x00,0x00,
/* U+0045 */
0x6d,0xdd,0xdd,0xdd,0xdd,0xdd,0xdd,0xdd,0x38,0xff,0xff,0xff,0xff,0xff,0xff,0xff,0xf4,0x8f,0xfd,0xbb,0xbb,0xbb,0xbb,0xbb,
0xbb,0x38,0xff,0x80,0x00,0x00,0x00,0x00,0x00,0x00,0x8f,0xf8,0x00,0x00,0x00,0x00,0x00,0x00,0x08,0xff,0x80,0x00,0x00,0x00,
0x00,0x00,0x00,0x8f,0xf8,0x00,0x00,0x00,0x00,0x00,0x00,0x08,0xff,0x80,0x00,0x00,0x00,0x00,0x00,0x00,0x8f,0xf8,0x00,0x00,
0x00,0x00,0x00,0x00,0x08,0xff,0x80,0x00,0x00,0x00,0x00,0x00,0x00,0x8f,0xff,0xff,0xff,0xff,0xff,0xff,0xf6,0x08,0xff,0xff,
0xff,0xff,0xff,0xff,0xff,0x60,0x8f,0xfc,0x88,0x88,0x88,0x88,0x88,0x83,0x08,0xff,0x80,0x00,0x00,0x00,0x00,0x00,0x00,0x8f,
0xf8,0x00,0x00,0x00,0x00,0x00,0x00,0x08,0xff,0x80,0x00,0x00,0x00,0x00,0x00,0x00,0x8f,0xf8,0x00,0x00,0x00,0x00,0x00,0x00,
0x08,0xff,0x80,0x00,0x00,0x00,0x00,0x00,0x00,0x8f,0xf8,0x00,0x00,0x00,0x00,0x00,0x00,0x08,0xff,0x80,0x00,0x00,0x00,0x00,
0x00,0x00,0x8f,0xfc,0x88,0x88,0x88,0x88,0x88,0x88,0x38,0xff,0xff,0xff,0xff,0xff,0xff,0xff,0xf5,0x8f,0xff,0xff,0xff,0xff,
0xff,0xff,0xff,0x50,
/* U+0046 */
0x6d,0xdd,0xdd,0xdd,0xdd,0xdd,0xdd,0xd6,0x8f,0xff,0xff,0xff,0xff,0xff,0xff,0xf8,0x8f,0xfd,0xbb,0xbb,0xbb,0xbb,0xbb,0xb5,
0x8f,0xf8,0x00,0x00,0x00,0x00,0x00,0x00,0x8f,0xf8,0x00,0x00,0x00,0x00,0x00,0x00,0x8f,0xf8,0x00,0x00,0x00,0x00,0x00,0x00,
0x8f,0xf8,0x00,0x00,0x00,0x00,0x00,0x00,0x8f,0xf8,0x00,0x00,0x00,0x00,0x00,0x00,0x8f,0xf8,0x00,0x00,0x00,0x00,0x00,0x00,
0x8f,0xf8,0x00,0x00,0x00,0x00,0x00,0x00,0x8f,0xff,0xff,0xff,0xff,0xff,0xff,0x00,0x8f,0xff,0xff,0xff,0xff,0xff,0xff,0x00,
0x8f,0xfc,0x88,0x88,0x88,0x88,0x88,0x00,0x8f,0xf8,0x00,0x00,0x00,0x00,0x00,0x00,0x8f,0xf8,0x00,0x00,0x00,0x00,0x00,0x00,
0x8f,0xf8,0x00,0x00,0x00,0x00,0x00,0x00,0x8f,0xf8,0x00,0x00,0x00,0x00,0x00,0x00,0x8f,0xf8,0x00,0x00,0x00,0x00,0x00,0x00,
0x8f,0xf8,0x00,0x00,0x00,0x00,0x00,0x00,0x8f,0xf8,0x00,0x00,0x00,0x00,0x00,0x00,0x8f,0xf8,0x00,0x00,0x00,0x00,0x00,0x00,
0x8f,0xf8,0x00,0x00,0x00,0x00,0x00,0x00,0x8f,0xf8,0x00,0x00,0x00,0x00,0x00,0x00,
/* U+0047 */
0x00,0x00,0x00,0x00,0x13,0x55,0x31,0x00,0x00,0x00,0x00,0x00,0x00,0x00,0x5b,0xff,0xff,0xff,0xf9,0x20,0x00,0x00,0x00,0x00,
0x09,0xff,0xff,0xff,0xff,0xff,0xfa,0x00,0x00,0x00,0x01,0xcf,0xff,0xb5,0x33,0x57,0xdf,0xff,0xb0,0x00,0x00,0x0e,0xff,0xe3,
0x00,0x00,0x00,0x05,0xff,0xfa,0x00,0x00,0x7f,0xfd,0x20,0x00,0x00,0x00,0x00,0x4f,0xff,0x20,0x01,0xff,0xf2,0x00,0x00,0x00,
0x00,0x00,0x09,0xff,0x70,0x08,0xff,0xa0,0x00,0x00,0x00,0x00,0x00,0x03,0xff,0xd0,0x0f,0xff,0x30,0x00,0x00,0x00,0x00,0x00,
0x00,0x33,0x30,0x1f,0xfd,0x00,0x00,0x00,0x00,0x00,0x00,0x00,0x00,0x00,0x4f,0xfb,0x00,0x00,0x00,0x00,0x00,0x00,0x00,0x00,
0x00,0x6f,0xf9,0x00,0x00,0x00,0x00,0x00,0x00,0x00,0x00,0x00,0x8f,0xf7,0x00,0x00,0x00,0x0b,0xff,0xff,0xff,0xff,0xf4,0x8f,
0xf8,0x00,0x00,0x00,0x0b,0xff,0xff,0xff,0xff,0xf4,0x5f,0xfa,0x00,0x00,0x00,0x06,0x88,0x88,0x88,0xbf,0xf4,0x3f,0xfc,0x00,
0x00,0x00,0x00,0x00,0x00,0x00,0x8f,0xf4,0x0f,0xff,0x10,0x00,0x00,0x00,0x00,0x00,0x00,0xbf,0xf4,0x0c,0xff,0x80,0x00,0x00,
0x00,0x00,0x00,0x00,0xef,0xf4,0x03,0xff,0xf1,0x00,0x00,0x00,0x00,0x00,0x07,0xff,0xf4,0x00,0xaf,0xfb,0x00,0x00,0x00,0x00,
0x00,0x1f,0xff,0xf4,0x00,0x1f,0xff,0xd2,0x00,0x00,0x00,0x05,0xef,0xff,0xf4,0x00,0x03,0xef,0xff,0xa6,0x21,0x36,0xbf,0xff,
0x9f,0xf4,0x00,0x00,0x1b,0xff,0xff,0xff,0xff,0xff,0xf4,0x0f,0xf4,0x00,0x00,0x00,0x6d,0xff,0xff,0xff,0xe9,0x10,0x0c,0xf4,
0x00,0x00,0x00,0x00,0x25,0x77,0x41,0x00,0x00,0x00,0x00,
/* U+0048 */
0x6d,0xd7,0x00,0x00,0x00,0x00,0x00,0x05,0xdd,0x88,0xff,0x80,0x00,0x00,0x00,0x00,0x00,0x6f,0xf9,0x8f,0xf8,0x00,0x00,0x00,
0x00,0x00,0x06,0xff,0x98,0xff,0x80,0x00,0x00,0x00,0x00,0x00,0x6f,0xf9,0x8f,0xf8,0x00,0x00,0x00,0x00,0x00,0x06,0xff,0x98,
0xff,0x80,0x00,0x00,0x00,0x00,0x00,0x6f,0xf9,0x8f,0xf8,0x00,0x00,0x00,0x00,0x00,0x06,0xff,0x98,0xff,0x80,0x00,0x00,0x00,
0x00,0x00,0x6f,0xf9,0x8f,0xf8,0x00,0x00,0x00,0x00,0x00,0x06,0xff,0x98,0xff,0x80,0x00,0x00,0x00,0x00,0x00,0x7f,0xf9,0x8f,
0xff,0xff,0xff,0xff,0xff,0xff,0xff,0xff,0x98,0xff,0xff,0xff,0xff,0xff,0xff,0xff,0xff,0xf9,0x8f,0xfc,0x88,0x88,0x88,0x88,
0x88,0x8b,0xff,0x98,0xff,0x80,0x00,0x00,0x00,0x00,0x00,0x6f,0xf9,0x8f,0xf8,0x00,0x00,0x00,0x00,0x00,0x06,0xff,0x98,0xff,
0x80,0x00,0x00,0x00,0x00,0x00,0x6f,0xf9,0x8f,0xf8,0x00,0x00,0x00,0x00,0x00,0x06,0xff,0x98,0xff,0x80,0x00,0x00,0x00,0x00,
0x00,0x6f,0xf9,0x8f,0xf8,0x00,0x00,0x00,0x00,0x00,0x06,0xff,0x98,0xff,0x80,0x00,0x00,0x00,0x00,0x00,0x6f,0xf9,0x8f,0xf8,
0x00,0x00,0x00,0x00,0x00,0x06,0xff,0x98,0xff,0x80,0x00,0x00,0x00,0x00,0x00,0x6f,0xf9,0x8f,0xf8,0x00,0x00,0x00,0x00,0x00,
0x06,0xff,0x90,
/* U+0049 */
0x5d,0xd9,0x6f,0xfa,0x6f,0xfa,0x6f,0xfa,0x6f,0xfa,0x6f,0xfa,0x6f,0xfa,0x6f,0xfa,0x6f,0xfa,0x6f,0xfa,0x6f,0xfa,0x6f,0xfa,
0x6f,0xfa,0x6f,0xfa,0x6f,0xfa,0x6f,0xfa,0x6f,0xfa,0x6f,0xfa,0x6f,0xfa,0x6f,0xfa,0x6f,0xfa,0x6f,0xfa,0x6f,0xfa,
/* U+004A */
0x00,0x00,0x00,0x00,0x00,0x0c,0xdd,0x10,0x00,0x00,0x00,0x00,0x00,0xef,0xf1,0x00,0x00,0x00,0x00,0x00,0x0e,0xff,0x10,0x00,
0x00,0x00,0x00,0x00,0xef,0xf1,0x00,0x00,0x00,0x00,0x00,0x0e,0xff,0x10,0x00,0x00,0x00,0x00,0x00,0xef,0xf1,0x00,0x00,0x00,
0x00,0x00,0x0e,0xff,0x10,0x00,0x00,0x00,0x00,0x00,0xef,0xf1,0x00,0x00,0x00,0x00,0x00,0x0e,0xff,0x10,0x00,0x00,0x00,0x00,
0x00,0xef,0xf1,0x00,0x00,0x00,0x00,0x00,0x0e,0xff,0x10,0x00,0x00,0x00,0x00,0x00,0xef,0xf1,0x00,0x00,0x00,0x00,0x00,0x0e,
0xff,0x10,0x00,0x00,0x00,0x00,0x00,0xef,0xf1,0x00,0x00,0x00,0x00,0x00,0x0e,0xff,0x12,0x88,0x60,0x00,0x00,0x00,0xef,0xf1,
0x4f,0xfc,0x00,0x00,0x00,0x0e,0xff,0x13,0xff,0xd0,0x00,0x00,0x01,0xff,0xf1,0x0f,0xff,0x00,0x00,0x00,0x5f,0xfe,0x00,0xef,
0xf6,0x00,0x00,0x0a,0xff,0xc0,0x06,0xff,0xf7,0x20,0x38,0xff,0xf4,0x00,0x0c,0xff,0xff,0xff,0xff,0xf9,0x00,0x00,0x07,0xff,
0xff,0xff,0xe5,0x00,0x00,0x00,0x01,0x36,0x75,0x20,0x00,0x00,
/* U+004B */
0x6d,0xd7,0x00,0x00,0x00,0x00,0x00,0x4d,0xdd,0x80,0x8f,0xf8,0x00,0x00,0x00,0x00,0x04,0xff,0xfa,0x00,0x8f,0xf8,0x00,0x00,
0x00,0x00,0x4f,0xff,0x90,0x00,0x8f,0xf8,0x00,0x00,0x00,0x04,0xff,0xf8,0x00,0x00,0x8f,0xf8,0x00,0x00,0x00,0x5f,0xff,0x80,
0x00,0x00,0x8f,0xf8,0x00,0x00,0x05,0xff,0xf7,0x00,0x00,0x00,0x8f,0xf8,0x00,0x00,0x5f,0xff,0x60,0x00,0x00,0x00,0x8f,0xf8,
0x00,0x05,0xff,0xf6,0x00,0x00,0x00,0x00,0x8f,0xf8,0x00,0x6f,0xff,0x50,0x00,0x00,0x00,0x00,0x8f,0xf8,0x06,0xff,0xfa,0x00,
0x00,0x00,0x00,0x00,0x8f,0xf8,0x6f,0xff,0xff,0x40,0x00,0x00,0x00,0x00,0x8f,0xfd,0xff,0xfc,0xff,0xe1,0x00,0x00,0x00,0x00,
0x8f,0xff,0xff,0x40,0xdf,0xfb,0x00,0x00,0x00,0x00,0x8f,0xff,0xe3,0x00,0x3f,0xff,0x70,0x00,0x00,0x00,0x8f,0xfe,0x20,0x00,
0x07,0xff,0xf3,0x00,0x00,0x00,0x8f,0xf8,0x00,0x00,0x00,0xcf,0xfd,0x00,0x00,0x00,0x8f,0xf8,0x00,0x00,0x00,0x1e,0xff,0xa0,
0x00,0x00,0x8f,0xf8,0x00,0x00,0x00,0x05,0xff,0xf6,0x00,0x00,0x8f,0xf8,0x00,0x00,0x00,0x00,0x9f,0xff,0x20,0x00,0x8f,0xf8,
0x00,0x00,0x00,0x00,0x0d,0xff,0xd0,0x00,0x8f,0xf8,0x00,0x00,0x00,0x00,0x03,0xff,0xf9,0x00,0x8f,0xf8,0x00,0x00,0x00,0x00,
0x00,0x7f,0xff,0x50,0x8f,0xf8,0x00,0x00,0x00,0x00,0x00,0x0b,0xff,0xf2,
/* U+004C */
0x6d,0xd7,0x00,0x00,0x00,0x00,0x00,0x00,0x8f,0xf8,0x00,0x00,0x00,0x00,0x00,0x00,0x8f,0xf8,0x00,0x00,0x00,0x00,0x00,0x00,
0x8f,0xf8,0x00,0x00,0x00,0x00,0x00,0x00,0x8f,0xf8,0x00,0x00,0x00,0x00,0x00,0x00,0x8f,0xf8,0x00,0x00,0x00,0x00,0x00,0x00,
0x8f,0xf8,0x00,0x00,0x00,0x00,0x00,0x00,0x8f,0xf8,0x00,0x00,0x00,0x00,0x00,0x00,0x8f,0xf8,0x00,0x00,0x00,0x00,0x00,0x00,
0x8f,0xf8,0x00,0x00,0x00,0x00,0x00,0x00,0x8f,0xf8,0x00,0x00,0x00,0x00,0x00,0x00,0x8f,0xf8,0x00,0x00,0x00,0x00,0x00,0x00,
0x8f,0xf8,0x00,0x00,0x00,0x00,0x00,0x00,0x8f,0xf8,0x00,0x00,0x00,0x00,0x00,0x00,0x8f,0xf8,0x00,0x00,0x00,0x00,0x00,0x00,
0x8f,0xf8,0x00,0x00,0x00,0x00,0x00,0x00,0x8f,0xf8,0x00,0x00,0x00,0x00,0x00,0x00,0x8f,0xf8,0x00,0x00,0x00,0x00,0x00,0x00,
0x8f,0xf8,0x00,0x00,0x00,0x00,0x00,0x00,0x8f,0xf8,0x00,0x00,0x00,0x00,0x00,0x00,0x8f,0xfc,0x88,0x88,0x88,0x88,0x88,0x85,
0x8f,0xff,0xff,0xff,0xff,0xff,0xff,0xfa,0x8f,0xff,0xff,0xff,0xff,0xff,0xff,0xfa,
/* U+004D */
0x5d,0xdd,0xb0,0x00,0x00,0x00,0x00,0x00,0x00,0x0d,0xdd,0xd4,0x7f,0xff,0xf3,0x00,0x00,0x00,0x00,0x00,0x00,0x5f,0xff,0xf4,
0x7f,0xff,0xf9,0x00,0x00,0x00,0x00,0x00,0x00,0xbf,0xff,0xf4,0x7f,0xff,0xff,0x00,0x00,0x00,0x00,0x00,0x01,0xff,0xff,0xf4,
0x7f,0xfb,0xff,0x50,0x00,0x00,0x00,0x00,0x07,0xff,0xbf,0xf4,0x7f,0xf7,0xef,0xb0,0x00,0x00,0x00,0x00,0x0d,0xfc,0x9f,0xf4,
0x7f,0xf7,0x8f,0xf1,0x00,0x00,0x00,0x00,0x3f,0xf6,0x9f,0xf4,0x7f,0xf7,0x2f,0xf7,0x00,0x00,0x00,0x00,0x9f,0xf1,0x9f,0xf4,
0x7f,0xf7,0x0c,0xfd,0x00,0x00,0x00,0x00,0xff,0xa0,0x9f,0xf4,0x7f,0xf7,0x06,0xff,0x30,0x00,0x00,0x05,0xff,0x40,0x9f,0xf4,
0x7f,0xf7,0x01,0xff,0x90,0x00,0x00,0x0b,0xfe,0x00,0x9f,0xf4,0x7f,0xf7,0x00,0xaf,0xf0,0x00,0x00,0x2f,0xf8,0x00,0x9f,0xf4,
0x7f,0xf7,0x00,0x4f,0xf5,0x00,0x00,0x7f,0xf2,0x00,0x9f,0xf4,0x7f,0xf7,0x00,0x0e,0xfb,0x00,0x00,0xdf,0xc0,0x00,0x9f,0xf4,
0x7f,0xf7,0x00,0x08,0xff,0x10,0x04,0xff,0x60,0x00,0x9f,0xf4,0x7f,0xf7,0x00,0x02,0xff,0x70,0x0a,0xff,0x10,0x00,0x9f,0xf4,
0x7f,0xf7,0x00,0x00,0xcf,0xd0,0x0f,0xfa,0x00,0x00,0x9f,0xf4,0x7f,0xf7,0x00,0x00,0x6f,0xf3,0x6f,0xf4,0x00,0x00,0x9f,0xf4,
0x7f,0xf7,0x00,0x00,0x1f,0xf9,0xcf,0xe0,0x00,0x00,0x9f,0xf4,0x7f,0xf7,0x00,0x00,0x0a,0xff,0xff,0x80,0x00,0x00,0x9f,0xf4,
0x7f,0xf7,0x00,0x00,0x04,0xff,0xff,0x20,0x00,0x00,0x9f,0xf4,0x7f,0xf7,0x00,0x00,0x00,0xef,0xfc,0x00,0x00,0x00,0x9f,0xf4,
0x7f,0xf7,0x00,0x00,0x00,0x8f,0xf6,0x00,0x00,0x00,0x9f,0xf4,
/* U+004E */
0x7d,0xdc,0x00,0x00,0x00,0x00,0x00,0x02,0xdd,0x98,0xff,0xf9,0x00,0x00,0x00,0x00,0x00,0x3f,0xfa,0x8f,0xff,0xf3,0x00,0x00,
0x00,0x00,0x03,0xff,0xa8,0xff,0xff,0xd0,0x00,0x00,0x00,0x00,0x3f,0xfa,0x8f,0xff,0xff,0x80,0x00,0x00,0x00,0x03,0xff,0xa8,
0xff,0x7f,0xff,0x20,0x00,0x00,0x00,0x3f,0xfa,0x8f,0xf5,0x6f,0xfc,0x00,0x00,0x00,0x03,0xff,0xa8,0xff,0x50,0xbf,0xf7,0x00,
0x00,0x00,0x3f,0xfa,0x8f,0xf5,0x02,0xff,0xf2,0x00,0x00,0x03,0xff,0xa8,0xff,0x50,0x07,0xff,0xc0,0x00,0x00,0x3f,0xfa,0x8f,
0xf5,0x00,0x0c,0xff,0x60,0x00,0x03,0xff,0xa8,0xff,0x50,0x00,0x2f,0xff,0x10,0x00,0x3f,0xfa,0x8f,0xf5,0x00,0x00,0x7f,0xfb,
0x00,0x03,0xff,0xa8,0xff,0x50,0x00,0x00,0xdf,0xf5,0x00,0x3f,0xfa,0x8f,0xf5,0x00,0x00,0x03,0xff,0xe1,0x03,0xff,0xa8,0xff,
0x50,0x00,0x00,0x08,0xff,0xa0,0x3f,0xfa,0x8f,0xf5,0x00,0x00,0x00,0x0d,0xff,0x43,0xff,0xa8,0xff,0x50,0x00,0x00,0x00,0x3f,
0xfe,0x4f,0xfa,0x8f,0xf5,0x00,0x00,0x00,0x00,0x9f,0xfc,0xff,0xa8,0xff,0x50,0x00,0x00,0x00,0x00,0xef,0xff,0xfa,0x8f,0xf5,
0x00,0x00,0x00,0x00,0x04,0xff,0xff,0xa8,0xff,0x50,0x00,0x00,0x00,0x00,0x0a,0xff,0xfa,0x8f,0xf5,0x00,0x00,0x00,0x00,0x00,
0x1e,0xff,0xa0,
/* U+004F */
0x00,0x00,0x00,0x00,0x13,0x55,0x42,0x00,0x00,0x00,0x00,0x00,0x00,0x00,0x06,0xcf,0xff,0xff,0xfe,0x81,0x00,0x00,0x00,0x00,
0x00,0x1b,0xff,0xff,0xff,0xff,0xff,0xe3,0x00,0x00,0x00,0x00,0x3d,0xff,0xfa,0x53,0x34,0x8e,0xff,0xf6,0x00,0x00,0x00,0x2f,
0xff,0xd2,0x00,0x00,0x00,0x0a,0xff,0xf7,0x00,0x00,0x0b,0xff,0xc1,0x00,0x00,0x00,0x00,0x08,0xff,0xf1,0x00,0x03,0xff,0xe0,
0x00,0x00,0x00,0x00,0x00,0x0a,0xff,0x90,0x00,0xcf,0xf7,0x00,0x00,0x00,0x00,0x00,0x00,0x2f,0xff,0x20,0x2f,0xff,0x10,0x00,
0x00,0x00,0x00,0x00,0x00,0xbf,0xf7,0x05,0xff,0xa0,0x00,0x00,0x00,0x00,0x00,0x00,0x05,0xff,0xa0,0x7f,0xf8,0x00,0x00,0x00,
0x00,0x00,0x00,0x00,0x3f,0xfc,0x09,0xff,0x60,0x00,0x00,0x00,0x00,0x00,0x00,0x01,0xff,0xf0,0xbf,0xf4,0x00,0x00,0x00,0x00,
0x00,0x00,0x00,0x0f,0xff,0x1a,0xff,0x60,0x00,0x00,0x00,0x00,0x00,0x00,0x00,0xff,0xf0,0x7f,0xf8,0x00,0x00,0x00,0x00,0x00,
0x00,0x00,0x3f,0xfc,0x05,0xff,0xa0,0x00,0x00,0x00,0x00,0x00,0x00,0x05,0xff,0xa0,0x2f,0xfe,0x00,0x00,0x00,0x00,0x00,0x00,
0x00,0x9f,0xf8,0x00,0xdf,0xf6,0x00,0x00,0x00,0x00,0x00,0x00,0x1f,0xff,0x30,0x05,0xff,0xd0,0x00,0x00,0x00,0x00,0x00,0x08,
0xff,0xa0,0x00,0x0c,0xff,0xa0,0x00,0x00,0x00,0x00,0x05,0xff,0xf2,0x00,0x00,0x3f,0xff,0xb1,0x00,0x00,0x00,0x07,0xff,0xf8,
0x00,0x00,0x00,0x4f,0xff,0xe7,0x31,0x02,0x5c,0xff,0xf8,0x00,0x00,0x00,0x00,0x2d,0xff,0xff,0xff,0xff,0xff,0xf5,0x00,0x00,
0x00,0x00,0x00,0x08,0xef,0xff,0xff,0xff,0xa2,0x00,0x00,0x00,0x00,0x00,0x00,0x00,0x35,0x77,0x64,0x00,0x00,0x00,0x00,0x00,

/* U+0050 */
0x6d,0xdd,0xdd,0xdd,0xdd,0xdb,0x85,0x00,0x00,0x8f,0xff,0xff,0xff,0xff,0xff,0xff,0xd3,0x00,0x8f,0xfd,0xbb,0xbb,0xbb,0xdf,
0xff,0xff,0x20,0x8f,0xf8,0x00,0x00,0x00,0x00,0x6e,0xff,0xb0,0x8f,0xf8,0x00,0x00,0x00,0x00,0x03,0xff,0xf2,0x8f,0xf8,0x00,
0x00,0x00,0x00,0x00,0xcf,0xf4,0x8f,0xf8,0x00,0x00,0x00,0x00,0x00,0x9f,0xf7,0x8f,0xf8,0x00,0x00,0x00,0x00,0x00,0x9f,0xf6,
0x8f,0xf8,0x00,0x00,0x00,0x00,0x00,0xcf,0xf4,0x8f,0xf8,0x00,0x00,0x00,0x00,0x05,0xff,0xf1,0x8f,0xf8,0x00,0x00,0x00,0x02,
0x8f,0xff,0x90,0x8f,0xff,0xee,0xee,0xee,0xff,0xff,0xfe,0x10,0x8f,0xff,0xff,0xff,0xff,0xff,0xff,0xa1,0x00,0x8f,0xfd,0xaa,
0xaa,0xaa,0xa8,0x63,0x00,0x00,0x8f,0xf8,0x00,0x00,0x00,0x00,0x00,0x00,0x00,0x8f,0xf8,0x00,0x00,0x00,0x00,0x00,0x00,0x00,
0x8f,0xf8,0x00,0x00,0x00,0x00,0x00,0x00,0x00,0x8f,0xf8,0x00,0x00,0x00,0x00,0x00,0x00,0x00,0x8f,0xf8,0x00,0x00,0x00,0x00,
0x00,0x00,0x00,0x8f,0xf8,0x00,0x00,0x00,0x00,0x00,0x00,0x00,0x8f,0xf8,0x00,0x00,0x00,0x00,0x00,0x00,0x00,0x8f,0xf8,0x00,
0x00,0x00,0x00,0x00,0x00,0x00,0x8f,0xf8,0x00,0x00,0x00,0x00,0x00,0x00,0x00,
/* U+0051 */
0x00,0x00,0x00,0x00,0x13,0x55,0x42,0x00,0x00,0x00,0x00,0x00,0x00,0x00,0x06,0xcf,0xff,0xff,0xfe,0x81,0x00,0x00,0x00,0x00,
0x00,0x1b,0xff,0xff,0xff,0xff,0xff,0xe3,0x00,0x00,0x00,0x00,0x3d,0xff,0xfa,0x53,0x34,0x8e,0xff,0xf6,0x00,0x00,0x00,0x2f,
0xff,0xd2,0x00,0x00,0x00,0x0a,0xff,0xf7,0x00,0x00,0x0b,0xff,0xc1,0x00,0x00,0x00,0x00,0x08,0xff,0xf1,0x00,0x03,0xff,0xe0,
0x00,0x00,0x00,0x00,0x00,0x0a,0xff,0x90,0x00,0xcf,0xf7,0x00,0x00,0x00,0x00,0x00,0x00,0x2f,0xff,0x20,0x2f,0xff,0x10,0x00,
0x00,0x00,0x00,0x00,0x00,0xbf,0xf7,0x05,0xff,0xa0,0x00,0x00,0x00,0x00,0x00,0x00,0x05,0xff,0xa0,0x7f,0xf8,0x00,0x00,0x00,
0x00,0x00,0x00,0x00,0x3f,0xfc,0x09,0xff,0x60,0x00,0x00,0x00,0x00,0x00,0x00,0x01,0xff,0xf0,0xbf,0xf4,0x00,0x00,0x00,0x00,
0x00,0x00,0x00,0x0f,0xff,0x1a,0xff,0x60,0x00,0x00,0x00,0x00,0x00,0x00,0x01,0xff,0xf0,0x7f,0xf8,0x00,0x00,0x00,0x00,0x00,
0x00,0x00,0x3f,0xff,0x05,0xff,0xa0,0x00,0x00,0x00,0x00,0x00,0x00,0x06,0xff,0xc0,0x2f,0xfe,0x00,0x00,0x00,0x00,0x00,0x00,
0x00,0x9f,0xf8,0x00,0xdf,0xf6,0x00,0x00,0x00,0x00,0x40,0x00,0x2f,0xff,0x30,0x05,0xff,0xd0,0x00,0x00,0x00,0x7f,0xa0,0x0b,
0xff,0xc0,0x00,0x0c,0xff,0xa0,0x00,0x00,0x0d,0xff,0xc6,0xff,0xf4,0x00,0x00,0x3f,0xff,0xb1,0x00,0x00,0x0a,0xff,0xff,0xf9,
0x00,0x00,0x00,0x4f,0xff,0xe7,0x31,0x14,0x7f,0xff,0xfd,0x00,0x00,0x00,0x00,0x2d,0xff,0xff,0xff,0xff,0xff,0xff,0xfa,0x00,
0x00,0x00,0x00,0x08,0xef,0xff,0xff,0xff,0x94,0xdf,0xfd,0x20,0x00,0x00,0x00,0x00,0x35,0x77,0x53,0x00,0x00,0xaf,0xf4,0x00,
0x00,0x00,0x00,0x00,0x00,0x00,0x00,0x00,0x00,0x77,0x00,
/* U+0052 */
0x6d,0xdd,0xdd,0xdd,0xdd,0xdc,0xa8,0x40,0x00,0x08,0xff,0xff,0xff,0xff,0xff,0xff,0xff,0xb2,0x00,0x8f,0xfd,0xbb,0xbb,0xbb,
0xbc,0xef,0xff,0xd0,0x08,0xff,0x80,0x00,0x00,0x00,0x00,0x5f,0xff,0x90,0x8f,0xf8,0x00,0x00,0x00,0x00,0x00,0x6f,0xfe,0x08,
0xff,0x80,0x00,0x00,0x00,0x00,0x00,0xff,0xf1,0x8f,0xf8,0x00,0x00,0x00,0x00,0x00,0x0e,0xff,0x28,0xff,0x80,0x00,0x00,0x00,
0x00,0x00,0xff,0xf0,0x8f,0xf8,0x00,0x00,0x00,0x00,0x00,0x4f,0xfc,0x08,0xff,0x80,0x00,0x00,0x00,0x00,0x2e,0xff,0x50,0x8f,
0xfa,0x55,0x55,0x55,0x57,0xbf,0xff,0x90,0x08,0xff,0xff,0xff,0xff,0xff,0xff,0xfc,0x50,0x00,0x8f,0xff,0xff,0xff,0xff,0xff,
0xff,0xe7,0x00,0x08,0xff,0xa3,0x33,0x33,0x33,0x58,0xff,0xf9,0x00,0x8f,0xf8,0x00,0x00,0x00,0x00,0x03,0xff,0xf2,0x08,0xff,
0x80,0x00,0x00,0x00,0x00,0x0b,0xff,0x70,0x8f,0xf8,0x00,0x00,0x00,0x00,0x00,0x6f,0xf9,0x08,0xff,0x80,0x00,0x00,0x00,0x00,
0x03,0xff,0xb0,0x8f,0xf8,0x00,0x00,0x00,0x00,0x00,0x1f,0xfc,0x08,0xff,0x80,0x00,0x00,0x00,0x00,0x00,0xff,0xd0,0x8f,0xf8,
0x00,0x00,0x00,0x00,0x00,0x0f,0xff,0x08,0xff,0x80,0x00,0x00,0x00,0x00,0x00,0xef,0xf3,0x8f,0xf8,0x00,0x00,0x00,0x00,0x00,
0x09,0xff,0xb0,
/* U+0053 */
0x00,0x00,0x00,0x02,0x45,0x31,0x00,0x00,0x00,0x00,0x00,0x04,0xbf,0xff,0xff,0xfe,0x70,0x00,0x00,0x00,0x0b,0xff,0xff,0xff,
0xff,0xff,0xe3,0x00,0x00,0x0a,0xff,0xf9,0x53,0x35,0x9f,0xff,0xe1,0x00,0x06,0xff,0xe2,0x00,0x00,0x00,0x1d,0xff,0xc0,0x00,
0xbf,0xf4,0x00,0x00,0x00,0x00,0x2f,0xff,0x10,0x0e,0xff,0x10,0x00,0x00,0x00,0x00,0xaf,0xf4,0x00,0xff,0xf1,0x00,0x00,0x00,
0x00,0x05,0xdd,0x60,0x0d,0xff,0x70,0x00,0x00,0x00,0x00,0x00,0x00,0x00,0x9f,0xff,0x91,0x00,0x00,0x00,0x00,0x00,0x00,0x01,
0xdf,0xff,0xfc,0x74,0x00,0x00,0x00,0x00,0x00,0x01,0xbf,0xff,0xff,0xff,0xc8,0x30,0x00,0x00,0x00,0x00,0x39,0xef,0xff,0xff,
0xff,0xd5,0x00,0x00,0x00,0x00,0x00,0x26,0xad,0xff,0xff,0xfa,0x00,0x00,0x00,0x00,0x00,0x00,0x02,0x7d,0xff,0xf8,0x00,0x00,
0x00,0x00,0x00,0x00,0x00,0x0a,0xff,0xf1,0x68,0x81,0x00,0x00,0x00,0x00,0x00,0x0e,0xff,0x49,0xff,0x40,0x00,0x00,0x00,0x00,
0x00,0x9f,0xf7,0x6f,0xf8,0x00,0x00,0x00,0x00,0x00,0x0a,0xff,0x72,0xff,0xe2,0x00,0x00,0x00,0x00,0x00,0xef,0xf4,0x0b,0xff,
0xd2,0x00,0x00,0x00,0x00,0xaf,0xfd,0x00,0x0d,0xff,0xfa,0x42,0x01,0x37,0xdf,0xfe,0x20,0x00,0x2d,0xff,0xff,0xff,0xff,0xff,
0xfe,0x20,0x00,0x00,0x04,0xcf,0xff,0xff,0xff,0xd6,0x00,0x00,0x00,0x00,0x00,0x13,0x57,0x64,0x20,0x00,0x00,0x00,
/* U+0054 */
0xcd,0xdd,0xdd,0xdd,0xdd,0xdd,0xdd,0xdd,0xdd,0x4e,0xff,0xff,0xff,0xff,0xff,0xff,0xff,0xff,0xf5,0xab,0xbb,0xbb,0xbc,0xff,
0xeb,0xbb,0xbb,0xbb,0x30,0x00,0x00,0x00,0x5f,0xfb,0x00,0x00,0x00,0x00,0x00,0x00,0x00,0x05,0xff,0xb0,0x00,0x00,0x00,0x00,
0x00,0x00,0x00,0x5f,0xfb,0x00,0x00,0x00,0x00,0x00,0x00,0x00,0x05,0xff,0xb0,0x00,0x00,0x00,0x00,0x00,0x00,0x00,0x5f,0xfb,
0x00,0x00,0x00,0x00,0x00,0x00,0x00,0x05,0xff,0xb0,0x00,0x00,0x00,0x00,0x00,0x00,0x00,0x5f,0xfb,0x00,0x00,0x00,0x00,0x00,
0x00,0x00,0x05,0xff,0xb0,0x00,0x00,0x00,0x00,0x00,0x00,0x00,0x5f,0xfb,0x00,0x00,0x00,0x00,0x00,0x00,0x00,0x05,0xff,0xb0,
0x00,0x00,0x00,0x00,0x00,0x00,0x00,0x5f,0xfb,0x00,0x00,0x00,0x00,0x00,0x00,0x00,0x05,0xff,0xb0,0x00,0x00,0x00,0x00,0x00,
0x00,0x00,0x5f,0xfb,0x00,0x00,0x00,0x00,0x00,0x00,0x00,0x05,0xff,0xb0,0x00,0x00,0x00,0x00,0x00,0x00,0x00,0x5f,0xfb,0x00,
0x00,0x00,0x00,0x00,0x00,0x00,0x05,0xff,0xb0,0x00,0x00,0x00,0x00,0x00,0x00,0x00,0x5f,0xfb,0x00,0x00,0x00,0x00,0x00,0x00,
0x00,0x05,0xff,0xb0,0x00,0x00,0x00,0x00,0x00,0x00,0x00,0x5f,0xfb,0x00,0x00,0x00,0x00,0x00,0x00,0x00,0x05,0xff,0xb0,0x00,
0x00,0x00,0x00,
/* U+0055 */
0x8d,0xd5,0x00,0x00,0x00,0x00,0x00,0x04,0xdd,0x9a,0xff,0x60,0x00,0x00,0x00,0x00,0x00,0x4f,0xfb,0xaf,0xf6,0x00,0x00,0x00,
0x00,0x00,0x04,0xff,0xba,0xff,0x60,0x00,0x00,0x00,0x00,0x00,0x4f,0xfb,0xaf,0xf6,0x00,0x00,0x00,0x00,0x00,0x04,0xff,0xba,
0xff,0x60,0x00,0x00,0x00,0x00,0x00,0x4f,0xfb,0xaf,0xf6,0x00,0x00,0x00,0x00,0x00,0x04,0xff,0xba,0xff,0x60,0x00,0x00,0x00,
0x00,0x00,0x4f,0xfb,0xaf,0xf6,0x00,0x00,0x00,0x00,0x00,0x04,0xff,0xba,0xff,0x60,0x00,0x00,0x00,0x00,0x00,0x4f,0xfb,0xaf,
0xf6,0x00,0x00,0x00,0x00,0x00,0x04,0xff,0xba,0xff,0x60,0x00,0x00,0x00,0x00,0x00,0x4f,0xfb,0xaf,0xf6,0x00,0x00,0x00,0x00,
0x00,0x04,0xff,0xba,0xff,0x60,0x00,0x00,0x00,0x00,0x00,0x4f,0xfb,0xaf,0xf6,0x00,0x00,0x00,0x00,0x00,0x04,0xff,0xb8,0xff,
0x80,0x00,0x00,0x00,0x00,0x00,0x6f,0xf9,0x5f,0xfa,0x00,0x00,0x00,0x00,0x00,0x08,0xff,0x73,0xff,0xe0,0x00,0x00,0x00,0x00,
0x00,0xcf,0xf5,0x0f,0xff,0x70,0x00,0x00,0x00,0x00,0x4f,0xff,0x20,0x7f,0xff,0x50,0x00,0x00,0x00,0x3d,0xff,0x90,0x00,0xcf,
0xff,0xb5,0x30,0x24,0x8f,0xff,0xe0,0x00,0x02,0xcf,0xff,0xff,0xff,0xff,0xff,0xd3,0x00,0x00,0x00,0x4d,0xff,0xff,0xff,0xfe,
0x60,0x00,0x00,0x00,0x00,0x01,0x35,0x76,0x41,0x00,0x00,0x00,
/* U+0056 */
0xbd,0xd5,0x00,0x00,0x00,0x00,0x00,0x00,0x9d,0xd6,0x8f,0xfb,0x00,0x00,0x00,0x00,0x00,0x00,0xff,0xf2,0x2f,0xff,0x00,0x00,
0x00,0x00,0x00,0x05,0xff,0xc0,0x0d,0xff,0x50,0x00,0x00,0x00,0x00,0x0a,0xff,0x60,0x07,0xff,0xb0,0x00,0x00,0x00,0x00,0x0f,
0xff,0x10,0x02,0xff,0xf0,0x00,0x00,0x00,0x00,0x5f,0xfb,0x00,0x00,0xcf,0xf5,0x00,0x00,0x00,0x00,0xaf,0xf5,0x00,0x00,0x6f,
0xfa,0x00,0x00,0x00,0x00,0xff,0xf0,0x00,0x00,0x1f,0xff,0x00,0x00,0x00,0x05,0xff,0xa0,0x00,0x00,0x0b,0xff,0x50,0x00,0x00,
0x0a,0xff,0x40,0x00,0x00,0x05,0xff,0xa0,0x00,0x00,0x0f,0xfe,0x00,0x00,0x00,0x00,0xff,0xf0,0x00,0x00,0x5f,0xf9,0x00,0x00,
0x00,0x00,0xaf,0xf5,0x00,0x00,0xaf,0xf3,0x00,0x00,0x00,0x00,0x4f,0xfa,0x00,0x00,0xff,0xd0,0x00,0x00,0x00,0x00,0x0e,0xff,
0x00,0x05,0xff,0x80,0x00,0x00,0x00,0x00,0x09,0xff,0x50,0x0a,0xff,0x20,0x00,0x00,0x00,0x00,0x04,0xff,0xa0,0x0f,0xfc,0x00,
0x00,0x00,0x00,0x00,0x00,0xef,0xf0,0x5f,0xf7,0x00,0x00,0x00,0x00,0x00,0x00,0x8f,0xf4,0xaf,0xf1,0x00,0x00,0x00,0x00,0x00,
0x00,0x3f,0xfa,0xff,0xb0,0x00,0x00,0x00,0x00,0x00,0x00,0x0d,0xff,0xff,0x60,0x00,0x00,0x00,0x00,0x00,0x00,0x07,0xff,0xff,
0x00,0x00,0x00,0x00,0x00,0x00,0x00,0x02,0xff,0xfa,0x00,0x00,0x00,0x00,
/* U+0057 */
0x6d,0xd7,0x00,0x00,0x00,0x00,0x0c,0xdd,0x70,0x00,0x00,0x00,0x00,0xcd,0xd1,0x4f,0xfc,0x00,0x00,0x00,0x00,0x3f,0xff,0xc0,
0x00,0x00,0x00,0x01,0xff,0xe0,0x0f,0xff,0x00,0x00,0x00,0x00,0x7f,0xff,0xf1,0x00,0x00,0x00,0x05,0xff,0x90,0x0c,0xff,0x40,
0x00,0x00,0x00,0xcf,0xff,0xf5,0x00,0x00,0x00,0x09,0xff,0x50,0x08,0xff,0x80,0x00,0x00,0x00,0xff,0x9f,0xf9,0x00,0x00,0x00,
0x0d,0xff,0x10,0x03,0xff,0xb0,0x00,0x00,0x04,0xff,0x3c,0xfd,0x00,0x00,0x00,0x1f,0xfd,0x00,0x00,0xff,0xf0,0x00,0x00,0x08,
0xfe,0x08,0xff,0x20,0x00,0x00,0x5f,0xf8,0x00,0x00,0xbf,0xf3,0x00,0x00,0x0d,0xfa,0x03,0xff,0x60,0x00,0x00,0x9f,0xf4,0x00,
0x00,0x7f,0xf7,0x00,0x00,0x1f,0xf6,0x00,0xff,0xa0,0x00,0x00,0xdf,0xf0,0x00,0x00,0x3f,0xfb,0x00,0x00,0x5f,0xf1,0x00,0xbf,
0xe0,0x00,0x01,0xff,0xb0,0x00,0x00,0x0f,0xfe,0x00,0x00,0xaf,0xd0,0x00,0x6f,0xf3,0x00,0x05,0xff,0x70,0x00,0x00,0x0b,0xff,
0x20,0x00,0xef,0x90,0x00,0x2f,0xf7,0x00,0x09,0xff,0x30,0x00,0x00,0x07,0xff,0x60,0x02,0xff,0x40,0x00,0x0e,0xfb,0x00,0x0c,
0xfe,0x00,0x00,0x00,0x03,0xff,0xa0,0x07,0xff,0x00,0x00,0x09,0xff,0x00,0x0f,0xfa,0x00,0x00,0x00,0x00,0xef,0xd0,0x0b,0xfb,
0x00,0x00,0x05,0xff,0x40,0x4f,0xf6,0x00,0x00,0x00,0x00,0xaf,0xf1,0x0f,0xf7,0x00,0x00,0x01,0xff,0x80,0x8f,0xf2,0x00,0x00,
0x00,0x00,0x6f,0xf5,0x4f,0xf3,0x00,0x00,0x00,0xcf,0xc0,0xcf,0xe0,0x00,0x00,0x00,0x00,0x2f,0xf9,0x8f,0xe0,0x00,0x00,0x00,
0x8f,0xf1,0xff,0x90,0x00,0x00,0x00,0x00,0x0e,0xfc,0xcf,0xa0,0x00,0x00,0x00,0x4f,0xf9,0xff,0x50,0x00,0x00,0x00,0x00,0x0a,
0xff,0xff,0x50,0x00,0x00,0x00,0x0f,0xff,0xff,0x10,0x00,0x00,0x00,0x00,0x06,0xff,0xff,0x10,0x00,0x00,0x00,0x0b,0xff,0xfc,
0x00,0x00,0x00,0x00,0x00,0x02,0xff,0xfd,0x00,0x00,0x00,0x00,0x07,0xff,0xf8,0x00,0x00,0x00,0x00,0x00,0x00,0xef,0xf8,0x00,
0x00,0x00,0x00,0x02,0xff,0xf4,0x00,0x00,0x00,
/* U+0058 */
0x4d,0xdd,0x40,0x00,0x00,0x00,0x00,0x07,0xdd,0xa0,0x0a,0xff,0xe0,0x00,0x00,0x00,0x00,0x3f,0xff,0x30,0x01,0xef,0xf8,0x00,
0x00,0x00,0x00,0xdf,0xf8,0x00,0x00,0x5f,0xff,0x30,0x00,0x00,0x08,0xff,0xc0,0x00,0x00,0x0a,0xff,0xd0,0x00,0x00,0x3f,0xff,
0x20,0x00,0x00,0x01,0xef,0xf7,0x00,0x00,0xdf,0xf7,0x00,0x00,0x00,0x00,0x4f,0xff,0x20,0x08,0xff,0xc0,0x00,0x00,0x00,0x00,
0x09,0xff,0xb0,0x3f,0xff,0x20,0x00,0x00,0x00,0x00,0x00,0xef,0xf6,0xdf,0xf6,0x00,0x00,0x00,0x00,0x00,0x00,0x4f,0xff,0xff,
0xb0,0x00,0x00,0x00,0x00,0x00,0x00,0x09,0xff,0xff,0x10,0x00,0x00,0x00,0x00,0x00,0x00,0x04,0xff,0xfc,0x00,0x00,0x00,0x00,
0x00,0x00,0x00,0x0d,0xff,0xff,0x60,0x00,0x00,0x00,0x00,0x00,0x00,0x9f,0xfd,0xff,0xf2,0x00,0x00,0x00,0x00,0x00,0x04,0xff,
0xf2,0xaf,0xfc,0x00,0x00,0x00,0x00,0x00,0x0e,0xff,0x60,0x1e,0xff,0x70,0x00,0x00,0x00,0x00,0x9f,0xfb,0x00,0x05,0xff,0xf2,
0x00,0x00,0x00,0x04,0xff,0xf2,0x00,0x00,0xbf,0xfc,0x00,0x00,0x00,0x1e,0xff,0x60,0x00,0x00,0x1f,0xff,0x80,0x00,0x00,0xaf,
0xfb,0x00,0x00,0x00,0x06,0xff,0xf3,0x00,0x04,0xff,0xf1,0x00,0x00,0x00,0x00,0xcf,0xfd,0x00,0x1e,0xff,0x60,0x00,0x00,0x00,
0x00,0x2f,0xff,0x80,0xaf,0xfb,0x00,0x00,0x00,0x00,0x00,0x07,0xff,0xf3,
/* U+0059 */
0x8d,0xdc,0x00,0x00,0x00,0x00,0x00,0x00,0x1c,0xdd,0x51,0xff,0xf8,0x00,0x00,0x00,0x00,0x00,0x09,0xff,0xc0,0x06,0xff,0xf2,
0x00,0x00,0x00,0x00,0x03,0xff,0xf2,0x00,0x0b,0xff,0xc0,0x00,0x00,0x00,0x00,0xdf,0xf8,0x00,0x00,0x2f,0xff,0x60,0x00,0x00,
0x00,0x7f,0xfd,0x00,0x00,0x00,0x7f,0xff,0x10,0x00,0x00,0x1f,0xff,0x30,0x00,0x00,0x00,0xcf,0xfa,0x00,0x00,0x0a,0xff,0x90,
0x00,0x00,0x00,0x02,0xff,0xf4,0x00,0x04,0xff,0xd0,0x00,0x00,0x00,0x00,0x07,0xff,0xe0,0x00,0xef,0xf4,0x00,0x00,0x00,0x00,
0x00,0x0c,0xff,0x90,0x8f,0xf9,0x00,0x00,0x00,0x00,0x00,0x00,0x3f,0xff,0x5f,0xfe,0x10,0x00,0x00,0x00,0x00,0x00,0x00,0x8f,
0xff,0xff,0x50,0x00,0x00,0x00,0x00,0x00,0x00,0x00,0xdf,0xff,0xa0,0x00,0x00,0x00,0x00,0x00,0x00,0x00,0x03,0xff,0xf1,0x00,
0x00,0x00,0x00,0x00,0x00,0x00,0x00,0x1f,0xfe,0x00,0x00,0x00,0x00,0x00,0x00,0x00,0x00,0x01,0xff,0xe0,0x00,0x00,0x00,0x00,
0x00,0x00,0x00,0x00,0x1f,0xfe,0x00,0x00,0x00,0x00,0x00,0x00,0x00,0x00,0x01,0xff,0xe0,0x00,0x00,0x00,0x00,0x00,0x00,0x00,
0x00,0x1f,0xfe,0x00,0x00,0x00,0x00,0x00,0x00,0x00,0x00,0x01,0xff,0xe0,0x00,0x00,0x00,0x00,0x00,0x00,0x00,0x00,0x1f,0xfe,
0x00,0x00,0x00,0x00,0x00,0x00,0x00,0x00,0x01,0xff,0xe0,0x00,0x00,0x00,0x00,0x00,0x00,0x00,0x00,0x1f,0xfe,0x00,0x00,0x00,
0x00,0x00,
/* U+005A */
0x02,0xdd,0xdd,0xdd,0xdd,0xdd,0xdd,0xdd,0xdd,0x60,0x3f,0xff,0xff,0xff,0xff,0xff,0xff,0xff,0xf7,0x02,0xbb,0xbb,0xbb,0xbb,
0xbb,0xbb,0xcf,0xff,0x70,0x00,0x00,0x00,0x00,0x00,0x00,0x0b,0xff,0xd0,0x00,0x00,0x00,0x00,0x00,0x00,0x08,0xff,0xe2,0x00,
0x00,0x00,0x00,0x00,0x00,0x05,0xff,0xf4,0x00,0x00,0x00,0x00,0x00,0x00,0x02,0xff,0xf7,0x00,0x00,0x00,0x00,0x00,0x00,0x01,
0xdf,0xfa,0x00,0x00,0x00,0x00,0x00,0x00,0x00,0xbf,0xfd,0x00,0x00,0x00,0x00,0x00,0x00,0x00,0x8f,0xfe,0x20,0x00,0x00,0x00,
0x00,0x00,0x00,0x5f,0xff,0x40,0x00,0x00,0x00,0x00,0x00,0x00,0x2f,0xff,0x70,0x00,0x00,0x00,0x00,0x00,0x00,0x1d,0xff,0xa0,
0x00,0x00,0x00,0x00,0x00,0x00,0x0b,0xff,0xd0,0x00,0x00,0x00,0x00,0x00,0x00,0x08,0xff,0xe2,0x00,0x00,0x00,0x00,0x00,0x00,
0x05,0xff,0xf4,0x00,0x00,0x00,0x00,0x00,0x00,0x02,0xff,0xf7,0x00,0x00,0x00,0x00,0x00,0x00,0x01,0xdf,0xfa,0x00,0x00,0x00,
0x00,0x00,0x00,0x00,0xbf,0xfd,0x00,0x00,0x00,0x00,0x00,0x00,0x00,0x8f,0xfe,0x20,0x00,0x00,0x00,0x00,0x00,0x00,0x3f,0xff,
0xc8,0x88,0x88,0x88,0x88,0x88,0x88,0x74,0xff,0xff,0xff,0xff,0xff,0xff,0xff,0xff,0xfe,0x4f,0xff,0xff,0xff,0xff,0xff,0xff,
0xff,0xff,0xe0,
/* U+005B */
0x46,0x66,0x66,0x1b,0xff,0xff,0xf4,0xbf,0xfc,0xcc,0x3b,0xfd,0x00,0x00,0xbf,0xd0,0x00,0x0b,0xfd,0x00,0x00,0xbf,0xd0,0x00,
0x0b,0xfd,0x00,0x00,0xbf,0xd0,0x00,0x0b,0xfd,0x00,0x00,0xbf,0xd0,0x00,0x0b,0xfd,0x00,0x00,0xbf,0xd0,0x00,0x0b,0xfd,0x00,
0x00,0xbf,0xd0,0x00,0x0b,0xfd,0x00,0x00,0xbf,0xd0,0x00,0x0b,0xfd,0x00,0x00,0xbf,0xd0,0x00,0x0b,0xfd,0x00,0x00,0xbf,0xd0,
0x00,0x0b,0xfd,0x00,0x00,0xbf,0xd0,0x00,0x0b,0xfd,0x00,0x00,0xbf,0xd0,0x00,0x0b,0xfd,0x00,0x00,0xbf,0xd0,0x00,0x0b,0xfd,
0x00,0x00,0xbf,0xfd,0xdd,0x4b,0xff,0xff,0xf4,0x34,0x44,0x44,0x10,
/* U+005C */
0x26,0x50,0x00,0x00,0x00,0x00,0x03,0xff,0x10,0x00,0x00,0x00,0x00,0x0c,0xf8,0x00,0x00,0x00,0x00,0x00,0x6f,0xe0,0x00,0x00,
0x00,0x00,0x00,0xff,0x40,0x00,0x00,0x00,0x00,0x09,0xfb,0x00,0x00,0x00,0x00,0x00,0x3f,0xf1,0x00,0x00,0x00,0x00,0x00,0xdf,
0x70,0x00,0x00,0x00,0x00,0x06,0xfe,0x00,0x00,0x00,0x00,0x00,0x1f,0xf4,0x00,0x00,0x00,0x00,0x00,0xaf,0xa0,0x00,0x00,0x00,
0x00,0x03,0xff,0x10,0x00,0x00,0x00,0x00,0x0d,0xf7,0x00,0x00,0x00,0x00,0x00,0x7f,0xd0,0x00,0x00,0x00,0x00,0x01,0xff,0x40,
0x00,0x00,0x00,0x00,0x0a,0xfa,0x00,0x00,0x00,0x00,0x00,0x4f,0xf1,0x00,0x00,0x00,0x00,0x00,0xdf,0x70,0x00,0x00,0x00,0x00,
0x07,0xfd,0x00,0x00,0x00,0x00,0x00,0x1f,0xf3,0x00,0x00,0x00,0x00,0x00,0xbf,0xa0,0x00,0x00,0x00,0x00,0x04,0xff,0x10,0x00,
0x00,0x00,0x00,0x0e,0xf6,0x00,0x00,0x00,0x00,0x00,0x8f,0xd0,0x00,0x00,0x00,0x00,0x01,0x88,0x10,
/* U+005D */
0x66,0x66,0x66,0xff,0xff,0xff,0xcc,0xce,0xff,0x00,0x09,0xff,0x00,0x09,0xff,0x00,0x09,0xff,0x00,0x09,0xff,0x00,0x09,0xff,
0x00,0x09,0xff,0x00,0x09,0xff,0x00,0x09,0xff,0x00,0x09,0xff,0x00,0x09,0xff,0x00,0x09,0xff,0x00,0x09,0xff,0x00,0x09,0xff,
0x00,0x09,0xff,0x00,0x09,0xff,0x00,0x09,0xff,0x00,0x09,0xff,0x00,0x09,0xff,0x00,0x09,0xff,0x00,0x09,0xff,0x00,0x09,0xff,
0x00,0x09,0xff,0x00,0x09,0xff,0x00,0x09,0xff,0x00,0x09,0xff,0xdd,0xdf,0xff,0xff,0xff,0xff,0x44,0x44,0x44,
/* U+005E */
0x00,0x00,0x00,0x02,0x43,0x00,0x00,0x00,0x00,0x00,0x00,0x00,0xdf,0xf1,0x00,0x00,0x00,0x00,0x00,0x00,0x5f,0xff,0x80,0x00,
0x00,0x00,0x00,0x00,0x0d,0xf8,0xff,0x10,0x00,0x00,0x00,0x00,0x05,0xfd,0x0b,0xf8,0x00,0x00,0x00,0x00,0x00,0xdf,0x50,0x3f,
0xf1,0x00,0x00,0x00,0x00,0x5f,0xd0,0x00,0xbf,0x80,0x00,0x00,0x00,0x0d,0xf5,0x00,0x03,0xff,0x10,0x00,0x00,0x05,0xfd,0x00,
0x00,0x0a,0xf8,0x00,0x00,0x00,0xdf,0x50,0x00,0x00,0x2f,0xf1,0x00,0x00,0x5f,0xd0,0x00,0x00,0x00,0xaf,0x80,0x00,0x0d,0xf6,
0x00,0x00,0x00,0x02,0xff,0x10,0x05,0xfd,0x00,0x00,0x00,0x00,0x0a,0xf9,0x00,0xdf,0x60,0x00,0x00,0x00,0x00,0x2f,0xf1,0x28,
0x80,0x00,0x00,0x00,0x00,0x00,0x68,0x40,
/* U+005F */
0xaa,0xaa,0xaa,0xaa,0xaa,0xaa,0xaa,0xaa,0xff,0xff,0xff,0xff,0xff,0xff,0xff,0xff,
/* U+0060 */
0x7a,0xa6,0x00,0x02,0xef,0xf2,0x00,0x03,0xff,0xb0,0x00,0x05,0xff,0x40,0x00,0x07,0xfd,0x00,0x00,0x06,0x82,
/* U+0061 */
0x00,0x00,0x5a,0xce,0xec,0x94,0x00,0x00,0x00,0x3e,0xff,0xff,0xff,0xff,0xa0,0x00,0x02,0xef,0xff,0xb8,0x8c,0xff,0xf7,0x00,
0x0b,0xff,0x60,0x00,0x00,0x5f,0xfb,0x00,0x0e,0xfc,0x00,0x00,0x00,0x0d,0xff,0x00,0x19,0x95,0x00,0x00,0x00,0x0c,0xff,0x00,
0x00,0x00,0x00,0x00,0x00,0x7f,0xff,0x00,0x00,0x00,0x04,0x79,0xcf,0xff,0xff,0x00,0x00,0x4c,0xff,0xff,0xff,0xcd,0xff,0x00,
0x08,0xff,0xfc,0x86,0x41,0x0b,0xff,0x00,0x5f,0xfd,0x30,0x00,0x00,0x0b,0xff,0x00,0x9f,0xf5,0x00,0x00,0x00,0x0c,0xff,0x00,
0xcf,0xf1,0x00,0x00,0x00,0x1f,0xff,0x00,0xbf,0xf4,0x00,0x00,0x00,0xcf,0xff,0x00,0x7f,0xfe,0x51,0x13,0x6e,0xff,0xff,0x41,
0x0d,0xff,0xff,0xff,0xff,0x85,0xff,0xfb,0x01,0xaf,0xff,0xff,0xd4,0x00,0xef,0xfb,0x00,0x01,0x35,0x30,0x00,0x00,0x03,0x30,

/* U+0062 */
0xbd,0xb0,0x00,0x00,0x00,0x00,0x00,0x00,0xdf,0xd0,0x00,0x00,0x00,0x00,0x00,0x00,0xdf,0xd0,0x00,0x00,0x00,0x00,0x00,0x00,
0xdf,0xd0,0x00,0x00,0x00,0x00,0x00,0x00,0xdf,0xd0,0x00,0x00,0x00,0x00,0x00,0x00,0xdf,0xd0,0x00,0x00,0x00,0x00,0x00,0x00,
0xdf,0xd0,0x06,0x9c,0xda,0x72,0x00,0x00,0xdf,0xd0,0xcf,0xff,0xff,0xff,0x70,0x00,0xdf,0xec,0xff,0xc8,0x9d,0xff,0xfa,0x00,
0xdf,0xff,0xd1,0x00,0x00,0x5f,0xff,0x50,0xdf,0xfe,0x10,0x00,0x00,0x04,0xff,0xd0,0xdf,0xf7,0x00,0x00,0x00,0x00,0xcf,0xf5,
0xdf,0xf1,0x00,0x00,0x00,0x00,0x5f,0xf7,0xdf,0xe0,0x00,0x00,0x00,0x00,0x3f,0xfa,0xdf,0xc0,0x00,0x00,0x00,0x00,0x1f,0xfc,
0xdf,0xd0,0x00,0x00,0x00,0x00,0x2f,0xfb,0xdf,0xf0,0x00,0x00,0x00,0x00,0x4f,0xf9,0xdf,0xf4,0x00,0x00,0x00,0x00,0x8f,0xf7,
0xdf,0xfb,0x00,0x00,0x00,0x00,0xef,0xf2,0xdf,0xff,0x70,0x00,0x00,0x0a,0xff,0xa0,0xdf,0xff,0xfa,0x51,0x25,0xbf,0xff,0x20,
0xdf,0xd7,0xff,0xff,0xff,0xff,0xe3,0x00,0xdf,0xd0,0x4c,0xff,0xff,0xea,0x10,0x00,0x00,0x00,0x00,0x14,0x41,0x00,0x00,0x00,

/* U+0063 */
0x00,0x00,0x26,0xad,0xdb,0x92,0x00,0x00,0x00,0x7f,0xff,0xff,0xff,0xfa,0x00,0x00,0xaf,0xff,0xd9,0x8a,0xff,0xfa,0x00,0x5f,
0xff,0x30,0x00,0x02,0xef,0xf6,0x0d,0xff,0x30,0x00,0x00,0x06,0xff,0xb5,0xff,0xb0,0x00,0x00,0x00,0x0b,0xcb,0x8f,0xf5,0x00,
0x00,0x00,0x00,0x00,0x0a,0xff,0x20,0x00,0x00,0x00,0x00,0x00,0xcf,0xf1,0x00,0x00,0x00,0x00,0x00,0x0c,0xff,0x10,0x00,0x00,
0x00,0x00,0x00,0x9f,0xf3,0x00,0x00,0x00,0x00,0x00,0x07,0xff,0x70,0x00,0x00,0x00,0x0b,0xff,0x3f,0xfd,0x00,0x00,0x00,0x01,
0xff,0xb0,0xbf,0xf9,0x00,0x00,0x00,0xaf,0xf6,0x02,0xff,0xfb,0x51,0x14,0xcf,0xfc,0x00,0x04,0xef,0xff,0xff,0xff,0xfe,0x10,
0x00,0x01,0xae,0xff,0xff,0xf7,0x00,0x00,0x00,0x00,0x01,0x44,0x10,0x00,0x00,
/* U+0064 */
0x00,0x00,0x00,0x00,0x00,0x00,0x0c,0xdb,0x00,0x00,0x00,0x00,0x00,0x00,0x0e,0xfd,0x00,0x00,0x00,0x00,0x00,0x00,0x0e,0xfd,
0x00,0x00,0x00,0x00,0x00,0x00,0x0e,0xfd,0x00,0x00,0x00,0x00,0x00,0x00,0x0e,0xfd,0x00,0x00,0x00,0x00,0x00,0x00,0x0e,0xfd,
0x00,0x00,0x37,0xad,0xda,0x50,0x0e,0xfd,0x00,0x08,0xff,0xff,0xff,0xfc,0x1e,0xfd,0x00,0xbf,0xff,0xd9,0x9c,0xff,0xde,0xfd,
0x06,0xff,0xe3,0x00,0x00,0x2d,0xff,0xfd,0x0e,0xff,0x20,0x00,0x00,0x01,0xef,0xfd,0x6f,0xfb,0x00,0x00,0x00,0x00,0x7f,0xfd,
0x8f,0xf5,0x00,0x00,0x00,0x00,0x1f,0xfd,0xaf,0xf2,0x00,0x00,0x00,0x00,0x0f,0xfd,0xcf,0xf1,0x00,0x00,0x00,0x00,0x0d,0xfd,
0xbf,0xf1,0x00,0x00,0x00,0x00,0x0e,0xfd,0x9f,0xf4,0x00,0x00,0x00,0x00,0x0f,0xfd,0x7f,0xf8,0x00,0x00,0x00,0x00,0x4f,0xfd,
0x2f,0xfe,0x00,0x00,0x00,0x00,0xbf,0xfd,0x09,0xff,0xb0,0x00,0x00,0x07,0xff,0xfd,0x01,0xff,0xfc,0x62,0x15,0xaf,0xff,0xfd,
0x00,0x2d,0xff,0xff,0xff,0xff,0x4e,0xfd,0x00,0x00,0x9d,0xff,0xff,0xd3,0x0e,0xfd,0x00,0x00,0x00,0x14,0x30,0x00,0x00,0x00,

/* U+0065 */
0x00,0x00,0x16,0xad,0xdc,0x71,0x00,0x00,0x00,0x05,0xff,0xff,0xff,0xfe,0x30,0x00,0x00,0x8f,0xff,0xb8,0x9d,0xff,0xe3,0x00,
0x04,0xff,0xc2,0x00,0x00,0x6f,0xfe,0x00,0x0d,0xfe,0x10,0x00,0x00,0x07,0xff,0x60,0x4f,0xf6,0x00,0x00,0x00,0x00,0xdf,0xc0,
0x7f,0xf2,0x00,0x00,0x00,0x00,0x9f,0xf2,0xaf,0xfd,0xdd,0xdd,0xdd,0xdd,0xef,0xf3,0xcf,0xff,0xff,0xff,0xff,0xff,0xff,0xf5,
0xbf,0xf9,0x88,0x88,0x88,0x88,0x88,0x83,0x8f,0xf2,0x00,0x00,0x00,0x00,0x00,0x00,0x6f,0xf4,0x00,0x00,0x00,0x00,0x23,0x30,
0x2f,0xfc,0x00,0x00,0x00,0x00,0xcf,0xe0,0x09,0xff,0x70,0x00,0x00,0x05,0xff,0x80,0x01,0xff,0xfb,0x52,0x16,0xaf,0xfe,0x10,
0x00,0x2d,0xff,0xff,0xff,0xff,0xf3,0x00,0x00,0x00,0x9d,0xff,0xff,0xf9,0x10,0x00,0x00,0x00,0x00,0x03,0x42,0x00,0x00,0x00,

/* U+0066 */
0x00,0x00,0x00,0x01,0x00,0x00,0x00,0x2a,0xff,0xf7,0x00,0x01,0xef,0xff,0xf8,0x00,0x09,0xff,0xc6,0x53,0x00,0x0c,0xff,0x20,
0x00,0x00,0x0d,0xfe,0x00,0x00,0x00,0x0d,0xfe,0x00,0x00,0x58,0x8e,0xff,0x88,0x80,0x9f,0xff,0xff,0xff,0xf1,0x8d,0xdf,0xff,
0xdd,0xd1,0x00,0x0d,0xfe,0x00,0x00,0x00,0x0d,0xfe,0x00,0x00,0x00,0x0d,0xfe,0x00,0x00,0x00,0x0d,0xfe,0x00,0x00,0x00,0x0d,
0xfe,0x00,0x00,0x00,0x0d,0xfe,0x00,0x00,0x00,0x0d,0xfe,0x00,0x00,0x00,0x0d,0xfe,0x00,0x00,0x00,0x0d,0xfe,0x00,0x00,0x00,
0x0d,0xfe,0x00,0x00,0x00,0x0d,0xfe,0x00,0x00,0x00,0x0d,0xfe,0x00,0x00,0x00,0x0d,0xfe,0x00,0x00,0x00,0x0d,0xfe,0x00,0x00,

/* U+0067 */
0x00,0x00,0x39,0xce,0xc8,0x30,0x28,0x82,0x00,0x08,0xff,0xff,0xff,0xf6,0x3f,0xf5,0x00,0xaf,0xff,0xc9,0x9d,0xff,0xaf,0xf5,
0x06,0xff,0xe2,0x00,0x00,0x5f,0xff,0xf5,0x0d,0xff,0x20,0x00,0x00,0x06,0xff,0xf5,0x5f,0xfa,0x00,0x00,0x00,0x00,0xef,0xf5,
0x8f,0xf4,0x00,0x00,0x00,0x00,0x9f,0xf5,0xaf,0xf2,0x00,0x00,0x00,0x00,0x7f,0xf5,0xcf,0xf0,0x00,0x00,0x00,0x00,0x6f,0xf5,
0xbf,0xf2,0x00,0x00,0x00,0x00,0x7f,0xf5,0x9f,0xf3,0x00,0x00,0x00,0x00,0xaf,0xf5,0x7f,0xf8,0x00,0x00,0x00,0x00,0xef,0xf5,
0x2f,0xfe,0x00,0x00,0x00,0x06,0xff,0xf5,0x09,0xff,0xb0,0x00,0x00,0x4f,0xff,0xf5,0x01,0xef,0xfd,0x84,0x6a,0xff,0xbf,0xf5,
0x00,0x2d,0xff,0xff,0xff,0xfb,0x4f,0xf4,0x00,0x00,0x7b,0xff,0xeb,0x60,0x5f,0xf3,0x00,0x00,0x00,0x01,0x00,0x00,0x7f,0xf1,
0x02,0x21,0x00,0x00,0x00,0x00,0xdf,0xf0,0x0f,0xfc,0x00,0x00,0x00,0x04,0xff,0xa0,0x0b,0xff,0x80,0x00,0x00,0x5f,0xff,0x20,
0x02,0xef,0xfe,0xa8,0xad,0xff,0xf8,0x00,0x00,0x2b,0xff,0xff,0xff,0xfd,0x40,0x00,0x00,0x00,0x27,0x9a,0x86,0x40,0x00,0x00,

/* U+0068 */
0xcd,0xa0,0x00,0x00,0x00,0x00,0x00,0xff,0xc0,0x00,0x00,0x00,0x00,0x00,0xff,0xc0,0x00,0x00,0x00,0x00,0x00,0xff,0xc0,0x00,
0x00,0x00,0x00,0x00,0xff,0xc0,0x00,0x00,0x00,0x00,0x00,0xff,0xc0,0x00,0x00,0x00,0x00,0x00,0xff,0xc0,0x06,0xbd,0xdb,0x81,
0x00,0xff,0xc3,0xdf,0xff,0xff,0xfe,0x30,0xff,0xdd,0xfe,0xa8,0x9e,0xff,0xd0,0xff,0xff,0x90,0x00,0x01,0xcf,0xf5,0xff,0xfa,
0x00,0x00,0x00,0x3f,0xf9,0xff,0xf2,0x00,0x00,0x00,0x0f,0xfa,0xff,0xf0,0x00,0x00,0x00,0x0f,0xfb,0xff,0xc0,0x00,0x00,0x00,
0x0f,0xfb,0xff,0xc0,0x00,0x00,0x00,0x0f,0xfb,0xff,0xc0,0x00,0x00,0x00,0x0f,0xfb,0xff,0xc0,0x00,0x00,0x00,0x0f,0xfb,0xff,
0xc0,0x00,0x00,0x00,0x0f,0xfb,0xff,0xc0,0x00,0x00,0x00,0x0f,0xfb,0xff,0xc0,0x00,0x00,0x00,0x0f,0xfb,0xff,0xc0,0x00,0x00,
0x00,0x0f,0xfb,0xff,0xc0,0x00,0x00,0x00,0x0f,0xfb,0xff,0xc0,0x00,0x00,0x00,0x0f,0xfb,
/* U+0069 */
0xad,0xcc,0xfe,0xcf,0xe6,0x77,0x00,0x00,0x00,0x68,0x8c,0xfe,0xcf,0xec,0xfe,0xcf,0xec,0xfe,0xcf,0xec,0xfe,0xcf,0xec,0xfe,
0xcf,0xec,0xfe,0xcf,0xec,0xfe,0xcf,0xec,0xfe,0xcf,0xe0,
/* U+006A */
0x00,0x0a,0xdc,0x00,0x0c,0xfe,0x00,0x0c,0xfe,0x00,0x06,0x77,0x00,0x00,0x00,0x00,0x00,0x00,0x00,0x06,0x88,0x00,0x0c,0xfe,
0x00,0x0c,0xfe,0x00,0x0c,0xfe,0x00,0x0c,0xfe,0x00,0x0c,0xfe,0x00,0x0c,0xfe,0x00,0x0c,0xfe,0x00,0x0c,0xfe,0x00,0x0c,0xfe,
0x00,0x0c,0xfe,0x00,0x0c,0xfe,0x00,0x0c,0xfe,0x00,0x0c,0xfe,0x00,0x0c,0xfe,0x00,0x0c,0xfe,0x00,0x0c,0xfe,0x00,0x0c,0xfe,
0x00,0x0c,0xfe,0x00,0x0f,0xfd,0x01,0x7f,0xfb,0x6f,0xff,0xf5,0x6f,0xff,0x70,0x14,0x30,0x00,
/* U+006B */
0xad,0xc0,0x00,0x00,0x00,0x00,0x00,0x0c,0xfe,0x00,0x00,0x00,0x00,0x00,0x00,0xcf,0xe0,0x00,0x00,0x00,0x00,0x00,0x0c,0xfe,
0x00,0x00,0x00,0x00,0x00,0x00,0xcf,0xe0,0x00,0x00,0x00,0x00,0x00,0x0c,0xfe,0x00,0x00,0x00,0x00,0x00,0x00,0xcf,0xe0,0x00,
0x00,0x00,0x68,0x87,0x0c,0xfe,0x00,0x00,0x00,0x9f,0xfd,0x20,0xcf,0xe0,0x00,0x00,0xaf,0xfc,0x10,0x0c,0xfe,0x00,0x00,0xaf,
0xfc,0x00,0x00,0xcf,0xe0,0x00,0xbf,0xfa,0x00,0x00,0x0c,0xfe,0x00,0xbf,0xf9,0x00,0x00,0x00,0xcf,0xe0,0xcf,0xfc,0x00,0x00,
0x00,0x0c,0xff,0xcf,0xff,0xf4,0x00,0x00,0x00,0xcf,0xff,0xfa,0xff,0xd0,0x00,0x00,0x0c,0xff,0xf4,0x0c,0xff,0x90,0x00,0x00,
0xcf,0xf3,0x00,0x2f,0xff,0x40,0x00,0x0c,0xfe,0x00,0x00,0x7f,0xfe,0x00,0x00,0xcf,0xe0,0x00,0x00,0xcf,0xf9,0x00,0x0c,0xfe,
0x00,0x00,0x02,0xff,0xf4,0x00,0xcf,0xe0,0x00,0x00,0x07,0xff,0xe0,0x0c,0xfe,0x00,0x00,0x00,0x0c,0xff,0x90,0xcf,0xe0,0x00,
0x00,0x00,0x3f,0xff,0x40,
/* U+006C */
0xad,0xcc,0xfe,0xcf,0xec,0xfe,0xcf,0xec,0xfe,0xcf,0xec,0xfe,0xcf,0xec,0xfe,0xcf,0xec,0xfe,0xcf,0xec,0xfe,0xcf,0xec,0xfe,
0xcf,0xec,0xfe,0xcf,0xec,0xfe,0xcf,0xec,0xfe,0xcf,0xe0,
/* U+006D */
0x88,0x50,0x05,0x9c,0xd9,0x50,0x00,0x16,0x9d,0xdb,0x60,0x00,0xff,0x91,0xcf,0xff,0xff,0xfb,0x01,0xdf,0xff,0xff,0xfd,0x10,
0xff,0xbd,0xfd,0xa8,0xbf,0xff,0x7e,0xfd,0x98,0xaf,0xff,0xa0,0xff,0xff,0x70,0x00,0x07,0xff,0xff,0x60,0x00,0x03,0xff,0xf0,
0xff,0xf8,0x00,0x00,0x00,0xef,0xf9,0x00,0x00,0x00,0xbf,0xf2,0xff,0xf1,0x00,0x00,0x00,0xcf,0xf3,0x00,0x00,0x00,0x8f,0xf3,
0xff,0xd0,0x00,0x00,0x00,0xbf,0xf0,0x00,0x00,0x00,0x7f,0xf3,0xff,0xc0,0x00,0x00,0x00,0xbf,0xf0,0x00,0x00,0x00,0x7f,0xf3,
0xff,0xc0,0x00,0x00,0x00,0xbf,0xf0,0x00,0x00,0x00,0x7f,0xf3,0xff,0xc0,0x00,0x00,0x00,0xbf,0xf0,0x00,0x00,0x00,0x7f,0xf3,
0xff,0xc0,0x00,0x00,0x00,0xbf,0xf0,0x00,0x00,0x00,0x7f,0xf3,0xff,0xc0,0x00,0x00,0x00,0xbf,0xf0,0x00,0x00,0x00,0x7f,0xf3,
0xff,0xc0,0x00,0x00,0x00,0xbf,0xf0,0x00,0x00,0x00,0x7f,0xf3,0xff,0xc0,0x00,0x00,0x00,0xbf,0xf0,0x00,0x00,0x00,0x7f,0xf3,
0xff,0xc0,0x00,0x00,0x00,0xbf,0xf0,0x00,0x00,0x00,0x7f,0xf3,0xff,0xc0,0x00,0x00,0x00,0xbf,0xf0,0x00,0x00,0x00,0x7f,0xf3,
0xff,0xc0,0x00,0x00,0x00,0xbf,0xf0,0x00,0x00,0x00,0x7f,0xf3,
/* U+006E */
0x88,0x50,0x05,0x9c,0xdb,0x81,0x00,0xff,0x90,0xcf,0xff,0xff,0xfe,0x30,0xff,0xab,0xfe,0xa8,0x9e,0xff,0xd0,0xff,0xff,0x90,
0x00,0x01,0xcf,0xf5,0xff,0xfa,0x00,0x00,0x00,0x3f,0xf9,0xff,0xf2,0x00,0x00,0x00,0x0f,0xfa,0xff,0xf0,0x00,0x00,0x00,0x0f,
0xfb,0xff,0xc0,0x00,0x00,0x00,0x0f,0xfb,0xff,0xc0,0x00,0x00,0x00,0x0f,0xfb,0xff,0xc0,0x00,0x00,0x00,0x0f,0xfb,0xff,0xc0,
0x00,0x00,0x00,0x0f,0xfb,0xff,0xc0,0x00,0x00,0x00,0x0f,0xfb,0xff,0xc0,0x00,0x00,0x00,0x0f,0xfb,0xff,0xc0,0x00,0x00,0x00,
0x0f,0xfb,0xff,0xc0,0x00,0x00,0x00,0x0f,0xfb,0xff,0xc0,0x00,0x00,0x00,0x0f,0xfb,0xff,0xc0,0x00,0x00,0x00,0x0f,0xfb,
/* U+006F */
0x00,0x00,0x16,0x9c,0xda,0x74,0x00,0x00,0x00,0x00,0x5f,0xff,0xff,0xff,0xfa,0x00,0x00,0x00,0x9f,0xff,0xd9,0x8b,0xff,0xfd,
0x20,0x00,0x4f,0xff,0x60,0x00,0x02,0xdf,0xfa,0x00,0x0d,0xff,0x50,0x00,0x00,0x00,0xef,0xf3,0x05,0xff,0xc0,0x00,0x00,0x00,
0x06,0xff,0xb0,0x8f,0xf5,0x00,0x00,0x00,0x00,0x0f,0xfe,0x0a,0xff,0x30,0x00,0x00,0x00,0x00,0xdf,0xf0,0xcf,0xf1,0x00,0x00,
0x00,0x00,0x0b,0xff,0x2b,0xff,0x20,0x00,0x00,0x00,0x00,0xcf,0xf1,0x9f,0xf4,0x00,0x00,0x00,0x00,0x0e,0xff,0x06,0xff,0x80,
0x00,0x00,0x00,0x02,0xff,0xc0,0x2f,0xff,0x10,0x00,0x00,0x00,0xaf,0xf7,0x00,0x9f,0xfb,0x00,0x00,0x00,0x6f,0xfe,0x00,0x01,
0xef,0xfd,0x62,0x14,0xaf,0xff,0x50,0x00,0x02,0xcf,0xff,0xff,0xff,0xff,0x50,0x00,0x00,0x00,0x8d,0xff,0xff,0xeb,0x20,0x00,
0x00,0x00,0x00,0x00,0x34,0x10,0x00,0x00,0x00,
/* U+0070 */
0x78,0x70,0x06,0x9c,0xda,0x72,0x00,0x00,0xdf,0xd0,0xcf,0xff,0xff,0xff,0x70,0x00,0xdf,0xec,0xff,0xc8,0x9d,0xff,0xfa,0x00,
0xdf,0xff,0xd1,0x00,0x00,0x5f,0xff,0x50,0xdf,0xfe,0x10,0x00,0x00,0x04,0xff,0xd0,0xdf,0xf7,0x00,0x00,0x00,0x00,0xcf,0xf5,
0xdf,0xf1,0x00,0x00,0x00,0x00,0x5f,0xf7,0xdf,0xe0,0x00,0x00,0x00,0x00,0x3f,0xfa,0xdf,0xc0,0x00,0x00,0x00,0x00,0x1f,0xfc,
0xdf,0xd0,0x00,0x00,0x00,0x00,0x2f,0xfb,0xdf,0xf0,0x00,0x00,0x00,0x00,0x4f,0xf9,0xdf,0xf4,0x00,0x00,0x00,0x00,0x8f,0xf7,
0xdf,0xfb,0x00,0x00,0x00,0x00,0xef,0xf2,0xdf,0xff,0x70,0x00,0x00,0x0a,0xff,0xa0,0xdf,0xff,0xfa,0x51,0x25,0xbf,0xff,0x20,
0xdf,0xd7,0xff,0xff,0xff,0xff,0xe3,0x00,0xdf,0xd0,0x4c,0xff,0xff,0xea,0x10,0x00,0xdf,0xd0,0x00,0x14,0x41,0x00,0x00,0x00,
0xdf,0xd0,0x00,0x00,0x00,0x00,0x00,0x00,0xdf,0xd0,0x00,0x00,0x00,0x00,0x00,0x00,0xdf,0xd0,0x00,0x00,0x00,0x00,0x00,0x00,
0xdf,0xd0,0x00,0x00,0x00,0x00,0x00,0x00,0xdf,0xd0,0x00,0x00,0x00,0x00,0x00,0x00,0x44,0x40,0x00,0x00,0x00,0x00,0x00,0x00,

/* U+0071 */
0x00,0x00,0x37,0xad,0xda,0x50,0x07,0x87,0x00,0x08,0xff,0xff,0xff,0xfc,0x1e,0xfd,0x00,0xbf,0xff,0xd9,0x9c,0xff,0xde,0xfd,
0x06,0xff,0xe3,0x00,0x00,0x2d,0xff,0xfd,0x0e,0xff,0x20,0x00,0x00,0x01,0xef,0xfd,0x6f,0xfb,0x00,0x00,0x00,0x00,0x7f,0xfd,
0x8f,0xf5,0x00,0x00,0x00,0x00,0x1f,0xfd,0xaf,0xf2,0x00,0x00,0x00,0x00,0x0f,0xfd,0xcf,0xf1,0x00,0x00,0x00,0x00,0x0d,0xfd,
0xbf,0xf1,0x00,0x00,0x00,0x00,0x0e,0xfd,0x9f,0xf4,0x00,0x00,0x00,0x00,0x0f,0xfd,0x7f,0xf8,0x00,0x00,0x00,0x00,0x4f,0xfd,
0x2f,0xfe,0x00,0x00,0x00,0x00,0xbf,0xfd,0x09,0xff,0xb0,0x00,0x00,0x07,0xff,0xfd,0x01,0xff,0xfc,0x62,0x15,0xaf,0xff,0xfd,
0x00,0x2d,0xff,0xff,0xff,0xff,0x4e,0xfd,0x00,0x00,0x9d,0xff,0xff,0xd3,0x0e,0xfd,0x00,0x00,0x00,0x14,0x30,0x00,0x0e,0xfd,
0x00,0x00,0x00,0x00,0x00,0x00,0x0e,0xfd,0x00,0x00,0x00,0x00,0x00,0x00,0x0e,0xfd,0x00,0x00,0x00,0x00,0x00,0x00,0x0e,0xfd,
0x00,0x00,0x00,0x00,0x00,0x00,0x0e,0xfd,0x00,0x00,0x00,0x00,0x00,0x00,0x0e,0xfd,0x00,0x00,0x00,0x00,0x00,0x00,0x04,0x44,

/* U+0072 */
0x88,0x40,0x03,0xad,0x9f,0xf8,0x09,0xff,0xfa,0xff,0x88,0xff,0xff,0xaf,0xfa,0xff,0xa4,0x20,0xff,0xff,0x50,0x00,0x0f,0xff,
0xa0,0x00,0x00,0xff,0xf2,0x00,0x00,0x0f,0xfe,0x00,0x00,0x00,0xff,0xc0,0x00,0x00,0x0f,0xfb,0x00,0x00,0x00,0xff,0xa0,0x00,
0x00,0x0f,0xfa,0x00,0x00,0x00,0xff,0xa0,0x00,0x00,0x0f,0xfa,0x00,0x00,0x00,0xff,0xa0,0x00,0x00,0x0f,0xfa,0x00,0x00,0x00,
0xff,0xa0,0x00,0x00,0x00,
/* U+0073 */
0x00,0x04,0xac,0xed,0xb8,0x20,0x00,0x01,0xdf,0xff,0xff,0xff,0xf8,0x00,0x0d,0xff,0xe9,0x78,0xcf,0xff,0x60,0x5f,0xfa,0x00,
0x00,0x05,0xff,0xd0,0x9f,0xf5,0x00,0x00,0x00,0xaf,0xf1,0x8f,0xfa,0x00,0x00,0x00,0x14,0x41,0x4f,0xff,0xc5,0x00,0x00,0x00,
0x00,0x08,0xff,0xff,0xfc,0x94,0x00,0x00,0x00,0x3c,0xff,0xff,0xff,0xf9,0x10,0x00,0x00,0x15,0x9d,0xff,0xff,0xd1,0x00,0x00,
0x00,0x00,0x18,0xff,0xfa,0x33,0x20,0x00,0x00,0x00,0x2f,0xfe,0xdf,0xe0,0x00,0x00,0x00,0x0e,0xff,0x9f,0xf5,0x00,0x00,0x00,
0x2f,0xfb,0x3f,0xff,0x93,0x10,0x26,0xef,0xf6,0x06,0xff,0xff,0xff,0xff,0xff,0x80,0x00,0x4b,0xff,0xff,0xff,0xb5,0x00,0x00,
0x00,0x12,0x44,0x31,0x00,0x00,
/* U+0074 */
0x00,0x07,0x86,0x00,0x00,0x00,0x0e,0xfd,0x00,0x00,0x00,0x0e,0xfd,0x00,0x00,0x00,0x0e,0xfd,0x00,0x00,0x00,0x0e,0xfd,0x00,
0x00,0x68,0x8f,0xfe,0x88,0x81,0xbf,0xff,0xff,0xff,0xf1,0x9d,0xdf,0xff,0xdd,0xd1,0x00,0x0e,0xfd,0x00,0x00,0x00,0x0e,0xfd,
0x00,0x00,0x00,0x0e,0xfd,0x00,0x00,0x00,0x0e,0xfd,0x00,0x00,0x00,0x0e,0xfd,0x00,0x00,0x00,0x0e,0xfd,0x00,0x00,0x00,0x0e,
0xfd,0x00,0x00,0x00,0x0e,0xfd,0x00,0x00,0x00,0x0e,0xfd,0x00,0x00,0x00,0x0e,0xfd,0x00,0x00,0x00,0x0d,0xfd,0x00,0x00,0x00,
0x0c,0xff,0x96,0x60,0x00,0x07,0xff,0xff,0xf1,0x00,0x00,0x8d,0xff,0xf1,
/* U+0075 */
0x88,0x60,0x00,0x00,0x00,0x08,0x86,0xff,0xc0,0x00,0x00,0x00,0x0f,0xfb,0xff,0xc0,0x00,0x00,0x00,0x0f,0xfb,0xff,0xc0,0x00,
0x00,0x00,0x0f,0xfb,0xff,0xc0,0x00,0x00,0x00,0x0f,0xfb,0xff,0xc0,0x00,0x00,0x00,0x0f,0xfb,0xff,0xc0,0x00,0x00,0x00,0x0f,
0xfb,0xff,0xc0,0x00,0x00,0x00,0x0f,0xfb,0xff,0xc0,0x00,0x00,0x00,0x0f,0xfb,0xff,0xc0,0x00,0x00,0x00,0x0f,0xfb,0xff,0xc0,
0x00,0x00,0x00,0x1f,0xfb,0xef,0xc0,0x00,0x00,0x00,0x3f,0xfb,0xdf,0xe0,0x00,0x00,0x00,0xaf,0xfb,0xbf,0xf4,0x00,0x00,0x04,
0xff,0xfb,0x5f,0xfe,0x61,0x14,0x9f,0xee,0xfb,0x0c,0xff,0xff,0xff,0xff,0x4d,0xfb,0x00,0x8f,0xff,0xff,0xb3,0x0d,0xfb,0x00,
0x00,0x24,0x20,0x00,0x00,0x00,
/* U+0076 */
0x38,0x85,0x00,0x00,0x00,0x00,0x38,0x83,0x2f,0xfd,0x00,0x00,0x00,0x00,0xaf,0xf2,0x0c,0xff,0x20,0x00,0x00,0x00,0xff,0xc0,
0x06,0xff,0x80,0x00,0x00,0x04,0xff,0x70,0x01,0xff,0xd0,0x00,0x00,0x09,0xff,0x10,0x00,0xaf,0xf2,0x00,0x00,0x0e,0xfb,0x00,
0x00,0x4f,0xf8,0x00,0x00,0x4f,0xf5,0x00,0x00,0x0e,0xfd,0x00,0x00,0x9f,0xf0,0x00,0x00,0x09,0xff,0x30,0x00,0xef,0x90,0x00,
0x00,0x03,0xff,0x80,0x04,0xff,0x30,0x00,0x00,0x00,0xdf,0xd0,0x09,0xfd,0x00,0x00,0x00,0x00,0x7f,0xf3,0x0e,0xf8,0x00,0x00,
0x00,0x00,0x1f,0xf8,0x3f,0xf2,0x00,0x00,0x00,0x00,0x0b,0xfd,0x9f,0xc0,0x00,0x00,0x00,0x00,0x05,0xff,0xff,0x60,0x00,0x00,
0x00,0x00,0x00,0xef,0xff,0x10,0x00,0x00,0x00,0x00,0x00,0x9f,0xfb,0x00,0x00,0x00,
/* U+0077 */
0x38,0x85,0x00,0x00,0x00,0x38,0x86,0x00,0x00,0x00,0x18,0x85,0x1f,0xfd,0x00,0x00,0x00,0x9f,0xfe,0x00,0x00,0x00,0x6f,0xf6,
0x0c,0xff,0x10,0x00,0x00,0xdf,0xff,0x20,0x00,0x00,0xaf,0xf1,0x07,0xff,0x60,0x00,0x01,0xff,0xff,0x70,0x00,0x00,0xef,0xb0,
0x02,0xff,0xa0,0x00,0x04,0xff,0xaf,0xb0,0x00,0x03,0xff,0x60,0x00,0xdf,0xe0,0x00,0x08,0xfb,0x6f,0xf0,0x00,0x07,0xff,0x10,
0x00,0x8f,0xf3,0x00,0x0c,0xf7,0x2f,0xf3,0x00,0x0c,0xfc,0x00,0x00,0x3f,0xf8,0x00,0x0f,0xf3,0x0d,0xf7,0x00,0x0f,0xf7,0x00,
0x00,0x0d,0xfc,0x00,0x4f,0xf0,0x09,0xfb,0x00,0x4f,0xf2,0x00,0x00,0x08,0xff,0x10,0x8f,0xb0,0x05,0xff,0x00,0x9f,0xd0,0x00,
0x00,0x03,0xff,0x50,0xcf,0x70,0x01,0xff,0x30,0xdf,0x80,0x00,0x00,0x00,0xef,0x90,0xff,0x30,0x00,0xdf,0x72,0xff,0x20,0x00,
0x00,0x00,0x9f,0xe4,0xfe,0x00,0x00,0x9f,0xb6,0xfd,0x00,0x00,0x00,0x00,0x4f,0xfa,0xfa,0x00,0x00,0x5f,0xfb,0xf8,0x00,0x00,
0x00,0x00,0x0e,0xff,0xf6,0x00,0x00,0x1f,0xff,0xf3,0x00,0x00,0x00,0x00,0x0a,0xff,0xf2,0x00,0x00,0x0d,0xff,0xe0,0x00,0x00,
0x00,0x00,0x04,0xff,0xe0,0x00,0x00,0x09,0xff,0x90,0x00,0x00,
/* U+0078 */
0x08,0x88,0x30,0x00,0x00,0x00,0x78,0x83,0x07,0xff,0xe0,0x00,0x00,0x06,0xff,0xc0,0x00,0xcf,0xf9,0x00,0x00,0x2f,0xfe,0x10,
0x00,0x1e,0xff,0x40,0x00,0xdf,0xf4,0x00,0x00,0x04,0xff,0xe1,0x08,0xff,0x80,0x00,0x00,0x00,0x8f,0xfa,0x4f,0xfc,0x00,0x00,
0x00,0x00,0x0c,0xff,0xff,0xe2,0x00,0x00,0x00,0x00,0x02,0xff,0xff,0x50,0x00,0x00,0x00,0x00,0x00,0xbf,0xff,0x30,0x00,0x00,
0x00,0x00,0x05,0xff,0xff,0xd0,0x00,0x00,0x00,0x00,0x2f,0xfe,0x9f,0xfa,0x00,0x00,0x00,0x00,0xcf,0xf4,0x0d,0xff,0x50,0x00,
0x00,0x08,0xff,0x90,0x03,0xff,0xf1,0x00,0x00,0x3f,0xfe,0x00,0x00,0x8f,0xfc,0x00,0x00,0xdf,0xf4,0x00,0x00,0x0d,0xff,0x70,
0x0a,0xff,0x90,0x00,0x00,0x03,0xff,0xf3,0x5f,0xfd,0x00,0x00,0x00,0x00,0x8f,0xfd,
/* U+0079 */
0x58,0x83,0x00,0x00,0x00,0x00,0x28,0x85,0x5f,0xfb,0x00,0x00,0x00,0x00,0x7f,0xf5,0x0e,0xff,0x10,0x00,0x00,0x00,0xdf,0xe0,
0x08,0xff,0x60,0x00,0x00,0x02,0xff,0x90,0x02,0xff,0xc0,0x00,0x00,0x08,0xff,0x30,0x00,0xbf,0xf2,0x00,0x00,0x0d,0xfc,0x00,
0x00,0x5f,0xf7,0x00,0x00,0x3f,0xf6,0x00,0x00,0x0e,0xfd,0x00,0x00,0x8f,0xf1,0x00,0x00,0x08,0xff,0x30,0x00,0xef,0xa0,0x00,
0x00,0x02,0xff,0x80,0x03,0xff,0x40,0x00,0x00,0x00,0xbf,0xe0,0x09,0xfe,0x00,0x00,0x00,0x00,0x5f,0xf4,0x0e,0xf8,0x00,0x00,
0x00,0x00,0x0e,0xfa,0x4f,0xf2,0x00,0x00,0x00,0x00,0x08,0xff,0xaf,0xb0,0x00,0x00,0x00,0x00,0x02,0xff,0xff,0x50,0x00,0x00,
0x00,0x00,0x00,0xbf,0xfe,0x00,0x00,0x00,0x00,0x00,0x00,0x5f,0xf9,0x00,0x00,0x00,0x00,0x00,0x00,0x6f,0xf3,0x00,0x00,0x00,
0x00,0x00,0x00,0xdf,0xd0,0x00,0x00,0x00,0x00,0x00,0x03,0xff,0x60,0x00,0x00,0x00,0x00,0x00,0x1d,0xfe,0x00,0x00,0x00,0x00,
0x02,0xed,0xff,0xf6,0x00,0x00,0x00,0x00,0x02,0xff,0xff,0x90,0x00,0x00,0x00,0x00,0x00,0x79,0x84,0x00,0x00,0x00,0x00,0x00,

/* U+007A */
0x05,0x88,0x88,0x88,0x88,0x88,0x88,0x10,0xaf,0xff,0xff,0xff,0xff,0xff,0xf3,0x08,0xdd,0xdd,0xdd,0xdd,0xef,0xfe,0x10,0x00,
0x00,0x00,0x00,0x0c,0xff,0x30,0x00,0x00,0x00,0x00,0x0a,0xff,0x60,0x00,0x00,0x00,0x00,0x08,0xff,0x90,0x00,0x00,0x00,0x00,
0x05,0xff,0xb0,0x00,0x00,0x00,0x00,0x03,0xff,0xd1,0x00,0x00,0x00,0x00,0x01,0xef,0xf2,0x00,0x00,0x00,0x00,0x00,0xcf,0xf4,
0x00,0x00,0x00,0x00,0x00,0xaf,0xf7,0x00,0x00,0x00,0x00,0x00,0x7f,0xfa,0x00,0x00,0x00,0x00,0x00,0x4f,0xfc,0x00,0x00,0x00,
0x00,0x00,0x2f,0xfe,0x10,0x00,0x00,0x00,0x00,0x1d,0xff,0x96,0x66,0x66,0x66,0x66,0x44,0xff,0xff,0xff,0xff,0xff,0xff,0xfa,
0x4f,0xff,0xff,0xff,0xff,0xff,0xff,0xa0,
/* U+007B */
0x00,0x00,0x01,0x56,0x50,0x00,0x06,0xff,0xfe,0x00,0x03,0xff,0xd8,0x70,0x00,0x9f,0xf1,0x00,0x00,0x0c,0xfc,0x00,0x00,0x00,
0xcf,0xc0,0x00,0x00,0x0c,0xfc,0x00,0x00,0x00,0xcf,0xc0,0x00,0x00,0x0c,0xfc,0x00,0x00,0x00,0xcf,0xc0,0x00,0x00,0x0d,0xfc,
0x00,0x00,0x00,0xef,0xa0,0x00,0x00,0x3f,0xf8,0x00,0x00,0x0c,0xff,0x20,0x00,0x4e,0xff,0x60,0x00,0x07,0xff,0x70,0x00,0x00,
0x4d,0xff,0x80,0x00,0x00,0x0b,0xff,0x30,0x00,0x00,0x2f,0xf8,0x00,0x00,0x00,0xef,0xb0,0x00,0x00,0x0d,0xfc,0x00,0x00,0x00,
0xcf,0xc0,0x00,0x00,0x0c,0xfc,0x00,0x00,0x00,0xcf,0xc0,0x00,0x00,0x0c,0xfc,0x00,0x00,0x00,0xcf,0xc0,0x00,0x00,0x0b,0xfd,
0x00,0x00,0x00,0x8f,0xf1,0x00,0x00,0x02,0xff,0xea,0x80,0x00,0x05,0xff,0xfe,0x00,0x00,0x00,0x44,0x40,
/* U+007C */
0x12,0x18,0xfa,0x8f,0xa8,0xfa,0x8f,0xa8,0xfa,0x8f,0xa8,0xfa,0x8f,0xa8,0xfa,0x8f,0xa8,0xfa,0x8f,0xa8,0xfa,0x8f,0xa8,0xfa,
0x8f,0xa8,0xfa,0x8f,0xa8,0xfa,0x8f,0xa8,0xfa,0x8f,0xa8,0xfa,0x8f,0xa8,0xfa,0x8f,0xa8,0xfa,0x8f,0xa8,0xfa,0x8f,0xa8,0xfa,
0x6d,0x80,
/* U+007D */
0x16,0x64,0x00,0x00,0x00,0x3f,0xff,0xd2,0x00,0x00,0x18,0x9f,0xfd,0x00,0x00,0x00,0x06,0xff,0x30,0x00,0x00,0x02,0xff,0x60,
0x00,0x00,0x01,0xff,0x70,0x00,0x00,0x01,0xff,0x70,0x00,0x00,0x01,0xff,0x70,0x00,0x00,0x01,0xff,0x70,0x00,0x00,0x01,0xff,
0x70,0x00,0x00,0x01,0xff,0x70,0x00,0x00,0x00,0xff,0x90,0x00,0x00,0x00,0xdf,0xd0,0x00,0x00,0x00,0x8f,0xf7,0x00,0x00,0x00,
0x0c,0xff,0xc1,0x00,0x00,0x00,0xcf,0xf1,0x00,0x00,0x0c,0xff,0xc1,0x00,0x00,0x8f,0xf7,0x00,0x00,0x00,0xdf,0xd0,0x00,0x00,
0x00,0xff,0x90,0x00,0x00,0x01,0xff,0x70,0x00,0x00,0x01,0xff,0x70,0x00,0x00,0x01,0xff,0x70,0x00,0x00,0x01,0xff,0x70,0x00,
0x00,0x01,0xff,0x70,0x00,0x00,0x01,0xff,0x70,0x00,0x00,0x02,0xff,0x60,0x00,0x00,0x07,0xff,0x30,0x00,0x29,0xaf,0xfc,0x00,
0x00,0x3f,0xff,0xc2,0x00,0x00,0x14,0x43,0x00,0x00,0x00,
/* U+007E */
0x00,0x00,0x34,0x10,0x00,0x00,0x00,0x10,0x00,0x06,0xff,0xff,0xc4,0x00,0x00,0x0c,0xc1,0x07,0xff,0xff,0xff,0xfc,0x51,0x1a,
0xff,0x52,0xff,0xe7,0x59,0xff,0xff,0xff,0xff,0xa0,0x2e,0xe1,0x00,0x01,0x8f,0xff,0xff,0xb0,0x00,0x14,0x00,0x00,0x00,0x16,
0x99,0x50,0x00,
/* U+00A0 */

/* U+00B7 */
0x09,0xe8,0x05,0xff,0xf4,0x6f,0xff,0x40,0xaf,0x90,
/* U+2013 */
0x22,0x22,0x22,0x22,0x22,0x22,0x22,0x22,0xff,0xff,0xff,0xff,0xff,0xff,0xff,0xff,0xff,0xff,0xff,0xff,0xff,0xff,0xff,0xff,
0x66,0x66,0x66,0x66,0x66,0x66,0x66,0x66,
/* U+2014 */
0x22,0x22,0x22,0x22,0x22,0x22,0x22,0x22,0x22,0x22,0x22,0x22,0xdf,0xff,0xff,0xff,0xff,0xff,0xff,0xff,0xff,0xff,0xff,0xfd,
0xdf,0xff,0xff,0xff,0xff,0xff,0xff,0xff,0xff,0xff,0xff,0xfd,0x56,0x66,0x66,0x66,0x66,0x66,0x66,0x66,0x66,0x66,0x66,0x65,

/* U+2018 */
0x00,0x4a,0x20,0x5f,0xf2,0x0d,0xe1,0x02,0xf8,0x00,0x4f,0x72,0x04,0xff,0xf3,0x4f,0xff,0x34,0xff,0xf3,0x26,0x66,0x10,
/* U+2019 */
0x4d,0xdd,0x25,0xff,0xf3,0x5f,0xff,0x33,0xbd,0xf3,0x00,0x8f,0x10,0x0c,0xf0,0x18,0xf9,0x04,0xfc,0x00,0x13,0x00,0x00,
/* U+201C */
0x01,0x97,0x00,0x02,0x96,0x0d,0xf8,0x00,0x2e,0xf6,0x7f,0x50,0x00,0x9f,0x30,0xbe,0x00,0x00,0xec,0x00,0xdd,0x21,0x00,0xfb,
0x21,0xef,0xfa,0x00,0xff,0xf8,0xef,0xfa,0x00,0xff,0xf8,0xef,0xfa,0x00,0xff,0xf8,0x56,0x64,0x00,0x66,0x63,
/* U+201D */
0xcd,0xd9,0x00,0xdd,0xd7,0xef,0xfa,0x00,0xff,0xf8,0xef,0xfa,0x00,0xff,0xf8,0xab,0xfa,0x00,0xbb,0xf8,0x00,0xf9,0x00,0x03,
0xf6,0x04,0xf6,0x00,0x07,0xf4,0x4d,0xf1,0x00,0x5e,0xe0,0xdf,0x50,0x00,0xfe,0x30,0x41,0x00,0x00,0x40,0x00,
/* U+2026 */
0x38,0x88,0x00,0x00,0x00,0x06,0x88,0x60,0x00,0x00,0x01,0x88,0x83,0x7f,0xff,0x10,0x00,0x00,0x0c,0xff,0xc0,0x00,0x00,0x02,
0xff,0xf6,0x7f,0xff,0x10,0x00,0x00,0x0c,0xff,0xc0,0x00,0x00,0x02,0xff,0xf6,0x7f,0xff,0x10,0x00,0x00,0x0c,0xff,0xc0,0x00,
0x00,0x02,0xff,0xf6,
/* U+3000 */

/* U+3001 */
0x04,0x00,0x00,0x00,0x7f,0xa0,0x00,0x00,0x4f,0xfb,0x10,0x00,0x03,0xef,0xd1,0x00,0x00,0x2d,0xfd,0x00,0x00,0x01,0xef,0xb0,
0x00,0x00,0x3f,0xf8,0x00,0x00,0x05,0xf6,0x00,0x00,0x00,0x20,
/* U+3002 */
0x00,0x03,0x77,0x30,0x00,0x00,0xaf,0xff,0xfa,0x00,0x09,0xfc,0x55,0xcf,0x90,0x0f,0xd0,0x00,0x0f,0xf0,0x1f,0x90,0x00,0x0a,
0xf1,0x0f,0xd0,0x00,0x1f,0xf0,0x08,0xfc,0x66,0xdf,0x80,0x00,0xaf,0xff,0xf9,0x00,0x00,0x03,0x66,0x20,0x00,
/* U+4E00 */
0x5e,0xee,0xee,0xee,0xee,0xee,0xee,0xee,0xee,0xee,0xee,0xee,0xee,0xee,0xe5,0x6f,0xff,0xff,0xff,0xff,0xff,0xff,0xff,0xff,
0xff,0xff,0xff,0xff,0xff,0xf5,0x26,0x66,0x66,0x66,0x66,0x66,0x66,0x66,0x66,0x66,0x66,0x66,0x66,0x66,0x62,
/* U+4E0A */
0x00,0x00,0x00,0x00,0x00,0x00,0x12,0x10,0x00,0x00,0x00,0x00,0x00,0x00,0x00,0x00,0x00,0x00,0x00,0x00,0x00,0xbf,0xa0,0x00,
0x00,0x00,0x00,0x00,0x00,0x00,0x00,0x00,0x00,0x00,0x00,0x00,0xbf,0xa0,0x00,0x00,0x00,0x00,0x00,0x00,0x00,0x00,0x00,0x00,
0x00,0x00,0x00,0xbf,0xa0,0x00,0x00,0x00,0x00,0x00,0x00,0x00,0x00,0x00,0x00,0x00,0x00,0x00,0xbf,0xa0,0x00,0x00,0x00,0x00,
0x00,0x00,0x00,0x00,0x00,0x00,0x00,0x00,0x00,0xbf,0xa0,0x00,0x00,0x00,0x00,0x00,0x00,0x00,0x00,0x00,0x00,0x00,0x00,0x00,
0xbf,0xa0,0x00,0x00,0x00,0x00,0x00,0x00,0x00,0x00,0x00,0x00,0x00,0x00,0x00,0xbf,0xa0,0x00,0x00,0x00,0x00,0x00,0x00,0x00,
0x00,0x00,0x00,0x00,0x00,0x00,0xbf,0xa0,0x00,0x00,0x00,0x00,0x00,0x00,0x00,0x00,0x00,0x00,0x00,0x00,0x00,0xbf,0xa0,0x00,
0x00,0x00,0x00,0x00,0x00,0x00,0x00,0x00,0x00,0x00,0x00,0x00,0xbf,0xc4,0x44,0x44,0x44,0x44,0x44,0x20,0x00,0x00,0x00,0x00,
0x00,0x00,0x00,0xbf,0xff,0xff,0xff,0xff,0xff,0xff,0x80,0x00,0x00,0x00,0x00,0x00,0x00,0x00,0xbf,0xff,0xff,0xff,0xff,0xff,
0xff,0x80,0x00,0x00,0x00,0x00,0x00,0x00,0x00,0xbf,0xa0,0x00,0x00,0x00,0x00,0x00,0x00,0x00,0x00,0x00,0x00,0x00,0x00,0x00,
0xbf,0xa0,0x00,0x00,0x00,0x00,0x00,0x00,0x00,0x00,0x00,0x00,0x00,0x00,0x00,0xbf,0xa0,0x00,0x00,0x00,0x00,0x00,0x00,0x00,
0x00,0x00,0x00,0x00,0x00,0x00,0xbf,0xa0,0x00,0x00,0x00,0x00,0x00,0x00,0x00,0x00,0x00,0x00,0x00,0x00,0x00,0xbf,0xa0,0x00,
0x00,0x00,0x00,0x00,0x00,0x00,0x00,0x00,0x00,0x00,0x00,0x00,0xbf,0xa0,0x00,0x00,0x00,0x00,0x00,0x00,0x00,0x00,0x00,0x00,
0x00,0x00,0x00,0xbf,0xa0,0x00,0x00,0x00,0x00,0x00,0x00,0x00,0x00,0x00,0x00,0x00,0x00,0x00,0xbf,0xa0,0x00,0x00,0x00,0x00,
0x00,0x00,0x00,0x00,0x00,0x00,0x00,0x00,0x00,0xbf,0xa0,0x00,0x00,0x00,0x00,0x00,0x00,0x00,0x00,0x00,0x00,0x00,0x00,0x00,
0xbf,0xa0,0x00,0x00,0x00,0x00,0x00,0x00,0x00,0x00,0x00,0x00,0x00,0x00,0x00,0xbf,0xa0,0x00,0x00,0x00,0x00,0x00,0x00,0x00,
0x00,0x00,0x00,0x00,0x00,0x00,0xbf,0xa0,0x00,0x00,0x00,0x00,0x00,0x00,0x00,0x00,0x00,0x00,0x00,0x00,0x00,0xbf,0xa0,0x00,
0x00,0x00,0x00,0x00,0x00,0x00,0x15,0x55,0x55,0x55,0x55,0x55,0xcf,0xc5,0x55,0x55,0x55,0x55,0x55,0x55,0x51,0x3f,0xff,0xff,
0xff,0xff,0xff,0xff,0xff,0xff,0xff,0xff,0xff,0xff,0xff,0xf4,0x3e,0xee,0xee,0xee,0xee,0xee,0xee,0xee,0xee,0xee,0xee,0xee,
0xee,0xee,0xe4,
/* U+4E0B */
0x17,0x77,0x77,0x77,0x77,0x77,0x77,0x77,0x77,0x77,0x77,0x77,0x77,0x77,0x71,0x3f,0xff,0xff,0xff,0xff,0xff,0xff,0xff,0xff,
0xff,0xff,0xff,0xff,0xff,0xf3,0x3d,0xdd,0xdd,0xdd,0xdd,0xdd,0xdf,0xfe,0xdd,0xdd,0xdd,0xdd,0xdd,0xdd,0xd2,0x00,0x00,0x00,
0x00,0x00,0x00,0x0f,0xf5,0x00,0x00,0x00,0x00,0x00,0x00,0x00,0x00,0x00,0x00,0x00,0x00,0x00,0x0f,0xf5,0x00,0x00,0x00,0x00,
0x00,0x00,0x00,0x00,0x00,0x00,0x00,0x00,0x00,0x0f,0xf5,0x00,0x00,0x00,0x00,0x00,0x00,0x00,0x00,0x00,0x00,0x00,0x00,0x00,
0x0f,0xf5,0x00,0x00,0x00,0x00,0x00,0x00,0x00,0x00,0x00,0x00,0x00,0x00,0x00,0x0f,0xf6,0x00,0x00,0x00,0x00,0x00,0x00,0x00,
0x00,0x00,0x00,0x00,0x00,0x00,0x0f,0xff,0xb2,0x00,0x00,0x00,0x00,0x00,0x00,0x00,0x00,0x00,0x00,0x00,0x00,0x0f,0xff,0xff,
0xa2,0x00,0x00,0x00,0x00,0x00,0x00,0x00,0x00,0x00,0x00,0x00,0x0f,0xf8,0xcf,0xff,0x91,0x00,0x00,0x00,0x00,0x00,0x00,0x00,
0x00,0x00,0x00,0x0f,0xf5,0x05,0xef,0xfe,0x60,0x00,0x00,0x00,0x00,0x00,0x00,0x00,0x00,0x00,0x0f,0xf5,0x00,0x07,0xff,0xfc,
0x30,0x00,0x00,0x00,0x00,0x00,0x00,0x00,0x00,0x0f,0xf5,0x00,0x00,0x2b,0xff,0xf9,0x10,0x00,0x00,0x00,0x00,0x00,0x00,0x00,
0x0f,0xf5,0x00,0x00,0x00,0x5e,0xff,0xe2,0x00,0x00,0x00,0x00,0x00,0x00,0x00,0x0f,0xf5,0x00,0x00,0x00,0x01,0xaf,0xc0,0x00,
0x00,0x00,0x00,0x00,0x00,0x00,0x0f,0xf5,0x00,0x00,0x00,0x00,0x04,0x20,0x00,0x00,0x00,0x00,0x00,0x00,0x00,0x0f,0xf5,0x00,
0x00,0x00,0x00,0x00,0x00,0x00,0x00,0x00,0x00,0x00,0x00,0x00,0x0f,0xf5,0x00,0x00,0x00,0x00,0x00,0x00,0x00,0x00,0x00,0x00,
0x00,0x00,0x00,0x0f,0xf5,0x00,0x00,0x00,0x00,0x00,0x00,0x00,0x00,0x00,0x00,0x00,0x00,0x00,0x0f,0xf5,0x00,0x00,0x00,0x00,
0x00,0x00,0x00,0x00,0x00,0x00,0x00,0x00,0x00,0x0f,0xf5,0x00,0x00,0x00,0x00,0x00,0x00,0x00,0x00,0x00,0x00,0x00,0x00,0x00,
0x0f,0xf5,0x00,0x00,0x00,0x00,0x00,0x00,0x00,0x00,0x00,0x00,0x00,0x00,0x00,0x0f,0xf5,0x00,0x00,0x00,0x00,0x00,0x00,0x00,
0x00,0x00,0x00,0x00,0x00,0x00,0x0f,0xf5,0x00,0x00,0x00,0x00,0x00,0x00,0x00,0x00,0x00,0x00,0x00,0x00,0x00,0x0f,0xf5,0x00,
0x00,0x00,0x00,0x00,0x00,0x00,0x00,0x00,0x00,0x00,0x00,0x00,0x0f,0xf5,0x00,0x00,0x00,0x00,0x00,0x00,0x00,0x00,0x00,0x00,
0x00,0x00,0x00,0x0f,0xf5,0x00,0x00,0x00,0x00,0x00,0x00,0x00,0x00,0x00,0x00,0x00,0x00,0x00,0x04,0x41,0x00,0x00,0x00,0x00,
0x00,0x00,0x00,
/* U+4E0D */
0x04,0x77,0x77,0x77,0x77,0x77,0x77,0x77,0x77,0x77,0x77,0x77,0x77,0x77,0x40,0x09,0xff,0xff,0xff,0xff,0xff,0xff,0xff,0xff,
0xff,0xff,0xff,0xff,0xff,0x90,0x07,0xcc,0xcc,0xcc,0xcc,0xcc,0xcc,0xce,0xff,0xdc,0xcc,0xcc,0xcc,0xcc,0x70,0x00,0x00,0x00,
0x00,0x00,0x00,0x00,0x0c,0xfc,0x00,0x00,0x00,0x00,0x00,0x00,0x00,0x00,0x00,0x00,0x00,0x00,0x00,0x6f,0xf4,0x00,0x00,0x00,
0x00,0x00,0x00,0x00,0x00,0x00,0x00,0x00,0x00,0x01,0xef,0xc0,0x00,0x00,0x00,0x00,0x00,0x00,0x00,0x00,0x00,0x00,0x00,0x00,
0x09,0xff,0x40,0x00,0x00,0x00,0x00,0x00,0x00,0x00,0x00,0x00,0x00,0x00,0x00,0x4f,0xff,0x20,0x00,0x00,0x00,0x00,0x00,0x00,
0x00,0x00,0x00,0x00,0x00,0x02,0xff,0xff,0x20,0x00,0x00,0x00,0x00,0x00,0x00,0x00,0x00,0x00,0x00,0x00,0x1e,0xff,0xff,0x20,
0x03,0x90,0x00,0x00,0x00,0x00,0x00,0x00,0x00,0x00,0x00,0xcf,0xf8,0xff,0x20,0x2f,0xfb,0x10,0x00,0x00,0x00,0x00,0x00,0x00,
0x00,0x1b,0xff,0x52,0xff,0x20,0x08,0xff,0xd2,0x00,0x00,0x00,0x00,0x00,0x00,0x02,0xdf,0xf5,0x02,0xff,0x20,0x00,0x6f,0xfe,
0x30,0x00,0x00,0x00,0x00,0x00,0x3e,0xff,0x60,0x02,0xff,0x20,0x00,0x05,0xff,0xf4,0x00,0x00,0x00,0x00,0x05,0xff,0xf6,0x00,
0x02,0xff,0x20,0x00,0x00,0x3e,0xff,0x40,0x00,0x00,0x01,0xaf,0xff,0x50,0x00,0x02,0xff,0x20,0x00,0x00,0x02,0xef,0xf3,0x00,
0x00,0x5e,0xff,0xc2,0x00,0x00,0x02,0xff,0x20,0x00,0x00,0x00,0x3f,0xff,0x30,0x1b,0xff,0xf8,0x00,0x00,0x00,0x02,0xff,0x20,
0x00,0x00,0x00,0x04,0xff,0xe2,0x2f,0xfd,0x30,0x00,0x00,0x00,0x02,0xff,0x20,0x00,0x00,0x00,0x00,0x5f,0xc0,0x05,0xa0,0x00,
0x00,0x00,0x00,0x02,0xff,0x20,0x00,0x00,0x00,0x00,0x05,0x00,0x00,0x00,0x00,0x00,0x00,0x00,0x02,0xff,0x20,0x00,0x00,0x00,
0x00,0x00,0x00,0x00,0x00,0x00,0x00,0x00,0x00,0x02,0xff,0x20,0x00,0x00,0x00,0x00,0x00,0x00,0x00,0x00,0x00,0x00,0x00,0x00,
0x02,0xff,0x20,0x00,0x00,0x00,0x00,0x00,0x00,0x00,0x00,0x00,0x00,0x00,0x00,0x02,0xff,0x20,0x00,0x00,0x00,0x00,0x00,0x00,
0x00,0x00,0x00,0x00,0x00,0x00,0x02,0xff,0x20,0x00,0x00,0x00,0x00,0x00,0x00,0x00,0x00,0x00,0x00,0x00,0x00,0x02,0xff,0x20,
0x00,0x00,0x00,0x00,0x00,0x00,0x00,0x00,0x00,0x00,0x00,0x00,0x02,0xff,0x20,0x00,0x00,0x00,0x00,0x00,0x00,0x00,0x00,0x00,
0x00,0x00,0x00,0x02,0xff,0x20,0x00,0x00,0x00,0x00,0x00,0x00,0x00,0x00,0x00,0x00,0x00,0x00,0x00,0x44,0x00,0x00,0x00,0x00,
0x00,0x00,0x00,
/* U+4E1C */
0x00,0x00,0x00,0x00,0x00,0x05,0x20,0x00,0x00,0x00,0x00,0x00,0x00,0x00,0x00,0x00,0x00,0x00,0x00,0x00,0x3f,0xf3,0x00,0x00,
0x00,0x00,0x00,0x00,0x00,0x00,0x00,0x00,0x00,0x00,0x00,0xaf,0xd0,0x00,0x00,0x00,0x00,0x00,0x00,0x00,0x00,0x00,0x00,0x00,
0x00,0x01,0xff,0x60,0x00,0x00,0x00,0x00,0x00,0x00,0x00,0x00,0x02,0x44,0x44,0x44,0x49,0xff,0x54,0x44,0x44,0x44,0x44,0x44,
0x44,0x44,0x00,0x08,0xff,0xff,0xff,0xff,0xff,0xff,0xff,0xff,0xff,0xff,0xff,0xff,0xff,0x30,0x07,0xff,0xff,0xff,0xff,0xff,
0xff,0xff,0xff,0xff,0xff,0xff,0xff,0xff,0x30,0x00,0x00,0x00,0x00,0xef,0x90,0x00,0x00,0x00,0x00,0x00,0x00,0x00,0x00,0x00,
0x00,0x00,0x00,0x09,0xfe,0x10,0x00,0x00,0x00,0x00,0x00,0x00,0x00,0x00,0x00,0x00,0x00,0x00,0x2f,0xf6,0x00,0x00,0x00,0x00,
0x00,0x00,0x00,0x00,0x00,0x00,0x00,0x00,0x00,0xcf,0xd0,0x00,0x00,0x7d,0xb0,0x00,0x00,0x00,0x00,0x00,0x00,0x00,0x00,0x06,
0xff,0x40,0x00,0x00,0x8f,0xd0,0x00,0x00,0x00,0x00,0x00,0x00,0x00,0x00,0x3f,0xf8,0x00,0x00,0x00,0x8f,0xd0,0x00,0x00,0x00,
0x00,0x00,0x00,0x00,0x01,0xdf,0xc0,0x00,0x00,0x00,0x8f,0xd0,0x00,0x00,0x00,0x00,0x00,0x00,0x00,0x0b,0xff,0x42,0x22,0x22,
0x22,0x9f,0xd2,0x22,0x22,0x22,0x22,0x10,0x00,0x00,0x0f,0xff,0xff,0xff,0xff,0xff,0xff,0xff,0xff,0xff,0xff,0xff,0xe0,0x00,
0x00,0x0b,0xff,0xff,0xff,0xff,0xff,0xff,0xff,0xff,0xff,0xff,0xff,0xe0,0x00,0x00,0x00,0x00,0x00,0x00,0x00,0x00,0x8f,0xd0,
0x00,0x00,0x00,0x00,0x00,0x00,0x00,0x00,0x00,0x00,0x00,0x00,0x00,0x8f,0xd0,0x00,0x00,0x00,0x00,0x00,0x00,0x00,0x00,0x00,
0x00,0x30,0x00,0x00,0x8f,0xd0,0x00,0x01,0x20,0x00,0x00,0x00,0x00,0x00,0x00,0x0a,0xf5,0x00,0x00,0x8f,0xd0,0x00,0x1d,0xe3,
0x00,0x00,0x00,0x00,0x00,0x00,0x9f,0xf5,0x00,0x00,0x8f,0xd0,0x00,0x1d,0xff,0x30,0x00,0x00,0x00,0x00,0x07,0xff,0x70,0x00,
0x00,0x8f,0xd0,0x00,0x01,0xdf,0xf4,0x00,0x00,0x00,0x00,0x7f,0xf9,0x00,0x00,0x00,0x8f,0xd0,0x00,0x00,0x1d,0xff,0x40,0x00,
0x00,0x0a,0xff,0xb0,0x00,0x00,0x00,0x8f,0xd0,0x00,0x00,0x01,0xcf,0xf3,0x00,0x02,0xdf,0xfa,0x00,0x00,0x00,0x00,0x8f,0xd0,
0x00,0x00,0x00,0x1d,0xfe,0x20,0x3f,0xff,0x80,0x00,0x00,0x00,0x00,0x8f,0xd0,0x00,0x00,0x00,0x02,0xff,0xd1,0x0c,0xf5,0x00,
0x00,0x00,0x10,0x02,0xdf,0xb0,0x00,0x00,0x00,0x00,0x5f,0xd1,0x02,0x30,0x00,0x00,0x00,0xef,0xff,0xff,0x50,0x00,0x00,0x00,
0x00,0x06,0x10,0x00,0x00,0x00,0x00,0x00,0xaf,0xff,0xe9,0x00,0x00,0x00,0x00,0x00,0x00,0x00,0x00,0x00,0x00,0x00,0x00,0x12,
0x22,0x00,0x00,0x00,0x00,0x00,0x00,0x00,0x00,
/* U+4E2A */
0x00,0x00,0x00,0x00,0x00,0x00,0x00,0x11,0x00,0x00,0x00,0x00,0x00,0x00,0x00,0x00,0x00,0x00,0x00,0x00,0x00,0x08,0xff,0x70,
0x00,0x00,0x00,0x00,0x00,0x00,0x00,0x00,0x00,0x00,0x00,0x00,0x4f,0xff,0xf3,0x00,0x00,0x00,0x00,0x00,0x00,0x00,0x00,0x00,
0x00,0x00,0x02,0xef,0xaa,0xfe,0x10,0x00,0x00,0x00,0x00,0x00,0x00,0x00,0x00,0x00,0x00,0x1d,0xfc,0x00,0xdf,0xc0,0x00,0x00,
0x00,0x00,0x00,0x00,0x00,0x00,0x00,0x01,0xdf,0xe1,0x00,0x2f,0xfc,0x00,0x00,0x00,0x00,0x00,0x00,0x00,0x00,0x00,0x1d,0xff,
0x40,0x00,0x05,0xff,0xc1,0x00,0x00,0x00,0x00,0x00,0x00,0x00,0x02,0xdf,0xf4,0x00,0x00,0x00,0x5f,0xfd,0x20,0x00,0x00,0x00,
0x00,0x00,0x00,0x5f,0xff,0x40,0x00,0x00,0x00,0x05,0xff,0xf6,0x00,0x00,0x00,0x00,0x00,0x09,0xff,0xf4,0x00,0x00,0x00,0x00,
0x00,0x4e,0xff,0xa1,0x00,0x00,0x00,0x04,0xdf,0xfd,0x20,0x00,0x01,0xaa,0x10,0x00,0x02,0xcf,0xfe,0x60,0x00,0x02,0xbf,0xff,
0xa0,0x00,0x00,0x02,0xff,0x20,0x00,0x00,0x09,0xff,0xfc,0x30,0x7f,0xff,0xe6,0x00,0x00,0x00,0x02,0xff,0x20,0x00,0x00,0x00,
0x4d,0xff,0xf8,0x4f,0xf9,0x10,0x00,0x00,0x00,0x02,0xff,0x20,0x00,0x00,0x00,0x00,0x7f,0xf3,0x07,0x20,0x00,0x00,0x00,0x00,
0x02,0xff,0x20,0x00,0x00,0x00,0x00,0x01,0x50,0x00,0x00,0x00,0x00,0x00,0x00,0x02,0xff,0x20,0x00,0x00,0x00,0x00,0x00,0x00,
0x00,0x00,0x00,0x00,0x00,0x00,0x02,0xff,0x20,0x00,0x00,0x00,0x00,0x00,0x00,0x00,0x00,0x00,0x00,0x00,0x00,0x02,0xff,0x20,
0x00,0x00,0x00,0x00,0x00,0x00,0x00,0x00,0x00,0x00,0x00,0x00,0x02,0xff,0x20,0x00,0x00,0x00,0x00,0x00,0x00,0x00,0x00,0x00,
0x00,0x00,0x00,0x02,0xff,0x20,0x00,0x00,0x00,0x00,0x00,0x00,0x00,0x00,0x00,0x00,0x00,0x00,0x02,0xff,0x20,0x00,0x00,0x00,
0x00,0x00,0x00,0x00,0x00,0x00,0x00,0x00,0x00,0x02,0xff,0x20,0x00,0x00,0x00,0x00,0x00,0x00,0x00,0x00,0x00,0x00,0x00,0x00,
0x02,0xff,0x20,0x00,0x00,0x00,0x00,0x00,0x00,0x00,0x00,0x00,0x00,0x00,0x00,0x02,0xff,0x20,0x00,0x00,0x00,0x00,0x00,0x00,
0x00,0x00,0x00,0x00,0x00,0x00,0x02,0xff,0x20,0x00,0x00,0x00,0x00,0x00,0x00,0x00,0x00,0x00,0x00,0x00,0x00,0x02,0xff,0x20,
0x00,0x00,0x00,0x00,0x00,0x00,0x00,0x00,0x00,0x00,0x00,0x00,0x02,0xff,0x20,0x00,0x00,0x00,0x00,0x00,0x00,0x00,0x00,0x00,
0x00,0x00,0x00,0x02,0xff,0x20,0x00,0x00,0x00,0x00,0x00,0x00,0x00,0x00,0x00,0x00,0x00,0x00,0x02,0xff,0x20,0x00,0x00,0x00,
0x00,0x00,0x00,0x00,0x00,0x00,0x00,0x00,0x00,0x02,0xff,0x20,0x00,0x00,0x00,0x00,0x00,0x00,0x00,0x00,0x00,0x00,0x00,0x00,
0x00,0x22,0x00,0x00,0x00,0x00,0x00,0x00,0x00,
/* U+4E2D */
0x00,0x00,0x00,0x00,0x00,0x00,0x44,0x00,0x00,0x00,0x00,0x00,0x00,0x00,0x00,0x00,0x00,0x00,0x02,0xff,0x20,0x00,0x00,0x00,
0x00,0x00,0x00,0x00,0x00,0x00,0x00,0x02,0xff,0x20,0x00,0x00,0x00,0x00,0x00,0x00,0x00,0x00,0x00,0x00,0x02,0xff,0x20,0x00,
0x00,0x00,0x00,0x00,0x00,0x00,0x00,0x00,0x00,0x02,0xff,0x20,0x00,0x00,0x00,0x00,0x00,0x00,0x00,0x00,0x00,0x00,0x02,0xff,
0x20,0x00,0x00,0x00,0x00,0x00,0x58,0x88,0x88,0x88,0x88,0x89,0xff,0x98,0x88,0x88,0x88,0x88,0x85,0xaf,0xff,0xff,0xff,0xff,
0xff,0xff,0xff,0xff,0xff,0xff,0xff,0xfa,0xaf,0xeb,0xbb,0xbb,0xbb,0xbc,0xff,0xcb,0xbb,0xbb,0xbb,0xbe,0xfa,0xaf,0xa0,0x00,
0x00,0x00,0x02,0xff,0x20,0x00,0x00,0x00,0x0a,0xfa,0xaf,0xa0,0x00,0x00,0x00,0x02,0xff,0x20,0x00,0x00,0x00,0x0a,0xfa,0xaf,
0xa0,0x00,0x00,0x00,0x02,0xff,0x20,0x00,0x00,0x00,0x0a,0xfa,0xaf,0xa0,0x00,0x00,0x00,0x02,0xff,0x20,0x00,0x00,0x00,0x0a,
0xfa,0xaf,0xa0,0x00,0x00,0x00,0x02,0xff,0x20,0x00,0x00,0x00,0x0a,0xfa,0xaf,0xa0,0x00,0x00,0x00,0x02,0xff,0x20,0x00,0x00,
0x00,0x0a,0xfa,0xaf,0xa0,0x00,0x00,0x00,0x02,0xff,0x20,0x00,0x00,0x00,0x0a,0xfa,0xaf,0xa0,0x00,0x00,0x00,0x02,0xff,0x20,
0x00,0x00,0x00,0x0a,0xfa,0xaf,0xeb,0xbb,0xbb,0xbb,0xbc,0xff,0xcb,0xbb,0xbb,0xbb,0xbe,0xfa,0xaf,0xff,0xff,0xff,0xff,0xff,
0xff,0xff,0xff,0xff,0xff,0xff,0xfa,0xaf,0xd8,0x88,0x88,0x88,0x89,0xff,0x98,0x88,0x88,0x88,0x8d,0xfa,0xaf,0xa0,0x00,0x00,
0x00,0x02,0xff,0x20,0x00,0x00,0x00,0x0a,0xfa,0x58,0x50,0x00,0x00,0x00,0x02,0xff,0x20,0x00,0x00,0x00,0x05,0x85,0x00,0x00,
0x00,0x00,0x00,0x02,0xff,0x20,0x00,0x00,0x00,0x00,0x00,0x00,0x00,0x00,0x00,0x00,0x02,0xff,0x20,0x00,0x00,0x00,0x00,0x00,
0x00,0x00,0x00,0x00,0x00,0x02,0xff,0x20,0x00,0x00,0x00,0x00,0x00,0x00,0x00,0x00,0x00,0x00,0x02,0xff,0x20,0x00,0x00,0x00,
0x00,0x00,0x00,0x00,0x00,0x00,0x00,0x02,0xff,0x20,0x00,0x00,0x00,0x00,0x00,0x00,0x00,0x00,0x00,0x00,0x02,0xff,0x20,0x00,
0x00,0x00,0x00,0x00,0x00,0x00,0x00,0x00,0x00,0x02,0xff,0x20,0x00,0x00,0x00,0x00,0x00,0x00,0x00,0x00,0x00,0x00,0x02,0xff,
0x20,0x00,0x00,0x00,0x00,0x00,0x00,0x00,0x00,0x00,0x00,0x01,0x66,0x10,0x00,0x00,0x00,0x00,0x00,
/* U+4E3B */
0x00,0x00,0x00,0x00,0x00,0x00,0x9f,0x80,0x00,0x00,0x00,0x00,0x00,0x00,0x00,0x00,0x00,0x00,0x00,0x00,0x00,0x7f,0xe0,0x00,
0x00,0x00,0x00,0x00,0x00,0x00,0x00,0x00,0x00,0x00,0x00,0x00,0x1f,0xf4,0x00,0x00,0x00,0x00,0x00,0x00,0x00,0x00,0x00,0x00,
0x00,0x00,0x00,0x0b,0xfa,0x00,0x00,0x00,0x00,0x00,0x00,0x00,0x00,0x00,0x00,0x00,0x00,0x00,0x04,0xff,0x00,0x00,0x00,0x00,
0x00,0x00,0x00,0x00,0xbb,0xbb,0xbb,0xbb,0xbb,0xbb,0xfc,0xbb,0xbb,0xbb,0xbb,0xbb,0xbb,0x00,0x00,0xff,0xff,0xff,0xff,0xff,
0xff,0xff,0xff,0xff,0xff,0xff,0xff,0xff,0x10,0x00,0x99,0x99,0x99,0x99,0x99,0x9a,0xff,0xa9,0x99,0x99,0x99,0x99,0x99,0x00,
0x00,0x00,0x00,0x00,0x00,0x00,0x02,0xff,0x20,0x00,0x00,0x00,0x00,0x00,0x00,0x00,0x00,0x00,0x00,0x00,0x00,0x02,0xff,0x20,
0x00,0x00,0x00,0x00,0x00,0x00,0x00,0x00,0x00,0x00,0x00,0x00,0x02,0xff,0x20,0x00,0x00,0x00,0x00,0x00,0x00,0x00,0x00,0x00,
0x00,0x00,0x00,0x02,0xff,0x20,0x00,0x00,0x00,0x00,0x00,0x00,0x00,0x00,0x00,0x00,0x00,0x00,0x02,0xff,0x20,0x00,0x00,0x00,
0x00,0x00,0x00,0x00,0x00,0x00,0x00,0x00,0x00,0x02,0xff,0x20,0x00,0x00,0x00,0x00,0x00,0x00,0x00,0x00,0x00,0x00,0x00,0x00,
0x02,0xff,0x20,0x00,0x00,0x00,0x00,0x00,0x00,0x00,0x07,0xee,0xee,0xee,0xee,0xee,0xff,0xee,0xee,0xee,0xee,0xee,0x70,0x00,
0x00,0x08,0xff,0xff,0xff,0xff,0xff,0xff,0xff,0xff,0xff,0xff,0xff,0x80,0x00,0x00,0x02,0x44,0x44,0x44,0x44,0x46,0xff,0x64,
0x44,0x44,0x44,0x44,0x20,0x00,0x00,0x00,0x00,0x00,0x00,0x00,0x02,0xff,0x20,0x00,0x00,0x00,0x00,0x00,0x00,0x00,0x00,0x00,
0x00,0x00,0x00,0x02,0xff,0x20,0x00,0x00,0x00,0x00,0x00,0x00,0x00,0x00,0x00,0x00,0x00,0x00,0x02,0xff,0x20,0x00,0x00,0x00,
0x00,0x00,0x00,0x00,0x00,0x00,0x00,0x00,0x00,0x02,0xff,0x20,0x00,0x00,0x00,0x00,0x00,0x00,0x00,0x00,0x00,0x00,0x00,0x00,
0x02,0xff,0x20,0x00,0x00,0x00,0x00,0x00,0x00,0x00,0x00,0x00,0x00,0x00,0x00,0x02,0xff,0x20,0x00,0x00,0x00,0x00,0x00,0x00,
0x00,0x00,0x00,0x00,0x00,0x00,0x02,0xff,0x20,0x00,0x00,0x00,0x00,0x00,0x00,0x02,0x22,0x22,0x22,0x22,0x22,0x24,0xff,0x52,
0x22,0x22,0x22,0x22,0x22,0x20,0x2f,0xff,0xff,0xff,0xff,0xff,0xff,0xff,0xff,0xff,0xff,0xff,0xff,0xff,0xf3,0x2f,0xff,0xff,
0xff,0xff,0xff,0xff,0xff,0xff,0xff,0xff,0xff,0xff,0xff,0xf3,0x01,0x11,0x11,0x11,0x11,0x11,0x11,0x11,0x11,0x11,0x11,0x11,
0x11,0x11,0x10,
/* U+4E4B */
0x00,0x00,0x00,0x00,0x00,0x01,0x20,0x00,0x00,0x00,0x00,0x00,0x00,0x00,0x00,0x00,0x00,0x00,0x00,0xaf,0xf1,0x00,0x00,0x00,
0x00,0x00,0x00,0x00,0x00,0x00,0x00,0x00,0x00,0x3f,0xf8,0x00,0x00,0x00,0x00,0x00,0x00,0x00,0x00,0x00,0x00,0x00,0x00,0x0a,
0xff,0x10,0x00,0x00,0x00,0x00,0x00,0x00,0x00,0x00,0x00,0x00,0x00,0x01,0xff,0x80,0x00,0x00,0x00,0x00,0x00,0x00,0x00,0x00,
0x00,0x00,0x00,0x00,0x8f,0xf1,0x00,0x00,0x00,0x00,0x00,0x00,0x00,0x88,0x88,0x88,0x88,0x88,0x9f,0xfb,0x88,0x88,0x88,0x88,
0x84,0x00,0x00,0xff,0xff,0xff,0xff,0xff,0xff,0xff,0xff,0xff,0xff,0xff,0xf8,0x00,0x00,0xab,0xbb,0xbb,0xbb,0xbb,0xbb,0xbb,
0xbb,0xbb,0xbb,0xdf,0xf4,0x00,0x00,0x00,0x00,0x00,0x00,0x00,0x00,0x00,0x00,0x00,0x00,0xdf,0xb0,0x00,0x00,0x00,0x00,0x00,
0x00,0x00,0x00,0x00,0x00,0x00,0x08,0xff,0x10,0x00,0x00,0x00,0x00,0x00,0x00,0x00,0x00,0x00,0x00,0x00,0x3f,0xf7,0x00,0x00,
0x00,0x00,0x00,0x00,0x00,0x00,0x00,0x00,0x00,0x00,0xef,0xd0,0x00,0x00,0x00,0x00,0x00,0x00,0x00,0x00,0x00,0x00,0x00,0x0b,
0xff,0x20,0x00,0x00,0x00,0x00,0x00,0x00,0x00,0x00,0x00,0x00,0x00,0xaf,0xf4,0x00,0x00,0x00,0x00,0x00,0x00,0x00,0x00,0x00,
0x00,0x00,0x0a,0xff,0x60,0x00,0x00,0x00,0x00,0x00,0x00,0x00,0x00,0x00,0x00,0x00,0x9f,0xf8,0x00,0x00,0x00,0x00,0x00,0x00,
0x00,0x00,0x00,0x00,0x00,0x0b,0xff,0xa0,0x00,0x00,0x00,0x00,0x00,0x00,0x00,0x00,0x00,0x00,0x02,0xdf,0xf7,0x00,0x00,0x00,
0x00,0x00,0x00,0x00,0x00,0x00,0x00,0x00,0x4f,0xff,0x50,0x00,0x00,0x00,0x00,0x00,0x00,0x00,0x00,0x00,0x00,0x19,0xff,0xe3,
0x00,0x00,0x00,0x00,0x00,0x00,0x00,0x00,0x00,0x00,0x06,0xef,0xfb,0x10,0x00,0x00,0x00,0x00,0x00,0x00,0x00,0x00,0x27,0x84,
0xcf,0xfe,0x50,0x00,0x00,0x00,0x00,0x00,0x00,0x00,0x00,0x04,0xff,0xff,0xff,0x80,0x00,0x00,0x00,0x00,0x00,0x00,0x00,0x00,
0x00,0x3f,0xfe,0xef,0xf7,0x00,0x00,0x00,0x00,0x00,0x00,0x00,0x00,0x00,0x01,0xef,0xc0,0x0b,0xff,0x80,0x00,0x00,0x00,0x00,
0x00,0x00,0x00,0x00,0x09,0xff,0x10,0x00,0xbf,0xfc,0x62,0x00,0x00,0x00,0x00,0x00,0x00,0x00,0x2f,0xf6,0x00,0x00,0x09,0xff,
0xff,0xec,0xcb,0xbb,0xbb,0xbb,0xcc,0xdd,0xaf,0xd0,0x00,0x00,0x00,0x39,0xef,0xff,0xff,0xff,0xff,0xff,0xff,0xfd,0x2c,0x40,
0x00,0x00,0x00,0x00,0x02,0x35,0x56,0x66,0x66,0x66,0x66,0x64,
/* U+4E5F */
0x00,0x00,0x00,0x00,0x00,0x00,0x00,0x24,0x30,0x00,0x00,0x00,0x00,0x00,0x00,0x00,0x00,0x00,0x00,0x00,0x00,0x00,0x8f,0xc0,
0x00,0x00,0x00,0x00,0x00,0x00,0x00,0x00,0x00,0x00,0x00,0x00,0x00,0x8f,0xc0,0x00,0x00,0x00,0x00,0x00,0x00,0x00,0x00,0x07,
0xb7,0x00,0x00,0x00,0x8f,0xc0,0x00,0x00,0x00,0x00,0x00,0x00,0x00,0x00,0x0a,0xfa,0x00,0x00,0x00,0x8f,0xc0,0x00,0x00,0x00,
0x00,0x00,0x00,0x00,0x00,0x0a,0xfa,0x00,0x00,0x00,0x8f,0xc0,0x00,0x00,0x00,0x00,0x00,0x00,0x00,0x00,0x0a,0xfa,0x00,0x00,
0x00,0x8f,0xc0,0x00,0x00,0x03,0x7a,0x40,0x00,0x00,0x00,0x0a,0xfa,0x00,0x00,0x00,0x8f,0xc0,0x15,0x8c,0xff,0xff,0x50,0x00,
0x00,0x00,0x0a,0xfa,0x00,0x00,0x00,0x9f,0xfe,0xff,0xff,0xff,0xff,0x50,0x00,0x00,0x00,0x0a,0xfa,0x01,0x58,0xcf,0xff,0xff,
0xff,0xc9,0x52,0xdf,0x50,0x00,0x00,0x00,0x0a,0xfe,0xdf,0xff,0xff,0xff,0xe7,0x30,0x00,0x00,0xdf,0x50,0x00,0x14,0x8b,0xff,
0xff,0xff,0xfc,0x95,0x9f,0xc0,0x00,0x00,0x00,0xdf,0x50,0x00,0xbf,0xff,0xff,0xfd,0x73,0x00,0x00,0x8f,0xc0,0x00,0x00,0x00,
0xdf,0x40,0x00,0xbf,0xb8,0x4b,0xfa,0x00,0x00,0x00,0x8f,0xc0,0x00,0x00,0x00,0xef,0x40,0x00,0x10,0x00,0x0a,0xfa,0x00,0x00,
0x00,0x8f,0xc0,0x00,0x00,0x00,0xef,0x30,0x00,0x00,0x00,0x0a,0xfa,0x00,0x00,0x00,0x8f,0xc0,0x00,0x00,0x00,0xef,0x30,0x00,
0x00,0x00,0x0a,0xfa,0x00,0x00,0x00,0x8f,0xc0,0x00,0x00,0x00,0xff,0x20,0x00,0x00,0x00,0x0a,0xfa,0x00,0x00,0x00,0x8f,0xc0,
0x00,0x00,0x03,0xff,0x00,0x00,0x00,0x00,0x0a,0xfa,0x00,0x00,0x00,0x8f,0xc0,0x00,0x00,0x2b,0xfd,0x00,0x00,0x00,0x00,0x0a,
0xfa,0x00,0x00,0x00,0x8f,0xc0,0x01,0xff,0xff,0xf6,0x00,0x00,0x00,0x00,0x0a,0xfa,0x00,0x00,0x00,0x8f,0xc0,0x00,0xcf,0xfd,
0x60,0x00,0x00,0x00,0x00,0x0a,0xfa,0x00,0x00,0x00,0x8f,0xc0,0x00,0x01,0x00,0x00,0x04,0x61,0x00,0x00,0x0a,0xfa,0x00,0x00,
0x00,0x37,0x50,0x00,0x00,0x00,0x00,0x07,0xfb,0x00,0x00,0x0a,0xfa,0x00,0x00,0x00,0x00,0x00,0x00,0x00,0x00,0x00,0x09,0xf9,
0x00,0x00,0x0a,0xfa,0x00,0x00,0x00,0x00,0x00,0x00,0x00,0x00,0x00,0x0b,0xf7,0x00,0x00,0x09,0xfd,0x00,0x00,0x00,0x00,0x00,
0x00,0x00,0x00,0x00,0x0f,0xf4,0x00,0x00,0x07,0xff,0x82,0x00,0x00,0x00,0x00,0x00,0x00,0x00,0x14,0xbf,0xf1,0x00,0x00,0x01,
0xff,0xff,0xff,0xff,0xff,0xff,0xff,0xff,0xff,0xff,0xff,0xb0,0x00,0x00,0x00,0x4d,0xff,0xff,0xff,0xff,0xff,0xff,0xff,0xff,
0xff,0xe8,0x10,0x00,0x00,0x00,0x00,0x12,0x22,0x22,0x22,0x22,0x22,0x22,0x22,0x20,0x00,0x00,
/* U+4E66 */
0x00,0x00,0x00,0x00,0x00,0x00,0x34,0x10,0x00,0x00,0x00,0x00,0x00,0x00,0x00,0x00,0x00,0x00,0x00,0x00,0x0e,0xf6,0x00,0x00,
0x00,0x1d,0x70,0x00,0x00,0x00,0x00,0x00,0x00,0x00,0x00,0xef,0x60,0x00,0x00,0x07,0xff,0xc2,0x00,0x00,0x00,0x00,0x00,0x00,
0x00,0x0e,0xf6,0x00,0x00,0x00,0x05,0xdf,0xf7,0x00,0x00,0x00,0x00,0x00,0x00,0x00,0xef,0x60,0x00,0x00,0x00,0x00,0x8f,0xfc,
0x20,0x00,0x00,0x00,0x00,0x00,0x0e,0xf6,0x00,0x00,0x00,0x00,0x00,0x4f,0xfb,0x00,0x4a,0xaa,0xaa,0xaa,0xaa,0xff,0xca,0xaa,
0xaa,0xaa,0xa8,0x00,0x2d,0x20,0x07,0xff,0xff,0xff,0xff,0xff,0xff,0xff,0xff,0xff,0xff,0xc0,0x00,0x00,0x00,0x38,0x88,0x88,
0x88,0x88,0xff,0xb8,0x88,0x88,0x8c,0xfa,0x00,0x00,0x00,0x00,0x00,0x00,0x00,0x00,0x0e,0xf6,0x00,0x00,0x00,0x9f,0x90,0x00,
0x00,0x00,0x00,0x00,0x00,0x00,0x00,0xef,0x60,0x00,0x00,0x0b,0xf8,0x00,0x00,0x00,0x00,0x00,0x00,0x00,0x00,0x0e,0xf6,0x00,
0x00,0x00,0xcf,0x60,0x00,0x00,0x00,0x00,0x00,0x00,0x00,0x00,0xef,0x60,0x00,0x00,0x0e,0xf5,0x00,0x00,0x00,0x00,0x00,0x00,
0x00,0x00,0x0e,0xf6,0x00,0x00,0x00,0xff,0x40,0x00,0x00,0x01,0x11,0x11,0x11,0x11,0x11,0xef,0x61,0x11,0x11,0x2f,0xf3,0x11,
0x10,0x04,0xff,0xff,0xff,0xff,0xff,0xff,0xff,0xff,0xff,0xff,0xff,0xff,0xff,0xa0,0x4f,0xff,0xff,0xff,0xff,0xff,0xff,0xff,
0xff,0xff,0xff,0xff,0xff,0xfa,0x00,0x22,0x22,0x22,0x22,0x22,0x2e,0xf7,0x22,0x22,0x22,0x22,0x22,0xaf,0x90,0x00,0x00,0x00,
0x00,0x00,0x00,0xef,0x60,0x00,0x00,0x00,0x00,0x0a,0xf9,0x00,0x00,0x00,0x00,0x00,0x00,0x0e,0xf6,0x00,0x00,0x00,0x00,0x00,
0xbf,0x80,0x00,0x00,0x00,0x00,0x00,0x00,0xef,0x60,0x00,0x00,0x00,0x00,0x0c,0xf6,0x00,0x00,0x00,0x00,0x00,0x00,0x0e,0xf6,
0x00,0x00,0x00,0x00,0x00,0xdf,0x50,0x00,0x00,0x00,0x00,0x00,0x00,0xef,0x60,0x00,0x00,0x00,0x00,0x0f,0xf3,0x00,0x00,0x00,
0x00,0x00,0x00,0x0e,0xf6,0x00,0x00,0x00,0x00,0x03,0xff,0x00,0x00,0x00,0x00,0x00,0x00,0x00,0xef,0x60,0x00,0x01,0x33,0x36,
0xef,0xc0,0x00,0x00,0x00,0x00,0x00,0x00,0x0e,0xf6,0x00,0x00,0x5f,0xff,0xff,0xf4,0x00,0x00,0x00,0x00,0x00,0x00,0x00,0xef,
0x60,0x00,0x01,0xee,0xec,0x91,0x00,0x00,0x00,0x00,0x00,0x00,0x00,0x0e,0xf6,0x00,0x00,0x00,0x00,0x00,0x00,0x00,0x00,0x00,
0x00,0x00,0x00,0x00,0xef,0x60,0x00,0x00,0x00,0x00,0x00,0x00,0x00,0x00,0x00,0x00,0x00,0x00,0x0e,0xf6,0x00,0x00,0x00,0x00,
0x00,0x00,0x00,0x00,0x00,0x00,0x00,0x00,0x00,0x33,0x10,0x00,0x00,0x00,0x00,0x00,0x00,0x00,
/* U+4E8B */
0x00,0x00,0x00,0x00,0x00,0x00,0x00,0x33,0x00,0x00,0x00,0x00,0x00,0x00,0x00,0x00,0x00,0x00,0x00,0x00,0x00,0x02,0xff,0x20,
0x00,0x00,0x00,0x00,0x00,0x00,0x03,0x55,0x55,0x55,0x55,0x55,0x56,0xff,0x65,0x55,0x55,0x55,0x55,0x55,0x30,0x0b,0xff,0xff,
0xff,0xff,0xff,0xff,0xff,0xff,0xff,0xff,0xff,0xff,0xff,0xb0,0x07,0xaa,0xaa,0xaa,0xaa,0xaa,0xab,0xff,0xba,0xaa,0xaa,0xaa,
0xaa,0xaa,0x70,0x00,0x00,0x00,0x00,0x00,0x00,0x02,0xff,0x20,0x00,0x00,0x00,0x00,0x00,0x00,0x00,0x00,0x35,0x55,0x55,0x55,
0x57,0xff,0x75,0x55,0x55,0x55,0x53,0x00,0x00,0x00,0x00,0x9f,0xff,0xff,0xff,0xff,0xff,0xff,0xff,0xff,0xff,0xf9,0x00,0x00,
0x00,0x00,0x9f,0xc6,0x66,0x66,0x67,0xff,0x76,0x66,0x66,0x6c,0xf9,0x00,0x00,0x00,0x00,0x9f,0xa0,0x00,0x00,0x02,0xff,0x20,
0x00,0x00,0x0a,0xf9,0x00,0x00,0x00,0x00,0x9f,0xa0,0x00,0x00,0x02,0xff,0x20,0x00,0x00,0x0a,0xf9,0x00,0x00,0x00,0x00,0x9f,
0xfd,0xdd,0xdd,0xde,0xff,0xed,0xdd,0xdd,0xdf,0xf9,0x00,0x00,0x00,0x00,0x8e,0xee,0xee,0xee,0xee,0xff,0xee,0xee,0xee,0xee,
0xe8,0x00,0x00,0x00,0x00,0x00,0x00,0x00,0x00,0x02,0xff,0x20,0x00,0x00,0x00,0x00,0x00,0x00,0x00,0x01,0x22,0x22,0x22,0x22,
0x24,0xff,0x42,0x22,0x22,0x22,0x22,0x00,0x00,0x00,0x0a,0xff,0xff,0xff,0xff,0xff,0xff,0xff,0xff,0xff,0xff,0xff,0x10,0x00,
0x00,0x07,0xbb,0xbb,0xbb,0xbb,0xbc,0xff,0xcb,0xbb,0xbb,0xbc,0xff,0x10,0x00,0x00,0x00,0x00,0x00,0x00,0x00,0x02,0xff,0x20,
0x00,0x00,0x02,0xff,0x10,0x00,0x00,0x00,0x00,0x00,0x00,0x00,0x02,0xff,0x20,0x00,0x00,0x02,0xff,0x10,0x00,0x7c,0xcc,0xcc,
0xcc,0xcc,0xcc,0xcd,0xff,0xdc,0xcc,0xcc,0xcd,0xff,0xdc,0xc7,0x8f,0xff,0xff,0xff,0xff,0xff,0xff,0xff,0xff,0xff,0xff,0xff,
0xff,0xff,0xf8,0x01,0x11,0x11,0x11,0x11,0x11,0x13,0xff,0x31,0x11,0x11,0x13,0xff,0x21,0x10,0x00,0x00,0x00,0x00,0x00,0x00,
0x02,0xff,0x20,0x00,0x00,0x02,0xff,0x10,0x00,0x00,0x06,0x99,0x99,0x99,0x99,0x9a,0xff,0xa9,0x99,0x99,0x9a,0xff,0x10,0x00,
0x00,0x0a,0xff,0xff,0xff,0xff,0xff,0xff,0xff,0xff,0xff,0xff,0xff,0x10,0x00,0x00,0x02,0x44,0x44,0x44,0x44,0x46,0xff,0x64,
0x44,0x44,0x44,0x44,0x00,0x00,0x00,0x00,0x00,0x00,0x00,0x00,0x02,0xff,0x20,0x00,0x00,0x00,0x00,0x00,0x00,0x00,0x00,0x00,
0x00,0x01,0x00,0x07,0xff,0x10,0x00,0x00,0x00,0x00,0x00,0x00,0x00,0x00,0x00,0x00,0x0f,0xff,0xff,0xfc,0x00,0x00,0x00,0x00,
0x00,0x00,0x00,0x00,0x00,0x00,0x00,0x0c,0xff,0xff,0xb3,0x00,0x00,0x00,0x00,0x00,0x00,0x00,0x00,0x00,0x00,0x00,0x00,0x11,
0x10,0x00,0x00,0x00,0x00,0x00,0x00,0x00,0x00,
/* U+4E8E */
0x00,0x1e,0xee,0xee,0xee,0xee,0xee,0xee,0xee,0xee,0xee,0xee,0xee,0xc0,0x00,0x00,0x2f,0xff,0xff,0xff,0xff,0xff,0xff,0xff,
0xff,0xff,0xff,0xff,0xe0,0x00,0x00,0x05,0x55,0x55,0x55,0x55,0x55,0xef,0xa5,0x55,0x55,0x55,0x55,0x40,0x00,0x00,0x00,0x00,
0x00,0x00,0x00,0x00,0xef,0x70,0x00,0x00,0x00,0x00,0x00,0x00,0x00,0x00,0x00,0x00,0x00,0x00,0x00,0xef,0x70,0x00,0x00,0x00,
0x00,0x00,0x00,0x00,0x00,0x00,0x00,0x00,0x00,0x00,0xef,0x70,0x00,0x00,0x00,0x00,0x00,0x00,0x00,0x00,0x00,0x00,0x00,0x00,
0x00,0xef,0x70,0x00,0x00,0x00,0x00,0x00,0x00,0x00,0x00,0x00,0x00,0x00,0x00,0x00,0xef,0x70,0x00,0x00,0x00,0x00,0x00,0x00,
0x00,0x00,0x00,0x00,0x00,0x00,0x00,0xef,0x70,0x00,0x00,0x00,0x00,0x00,0x00,0x00,0x00,0x00,0x00,0x00,0x00,0x00,0xef,0x70,
0x00,0x00,0x00,0x00,0x00,0x00,0x00,0x00,0x00,0x00,0x00,0x00,0x00,0xef,0x70,0x00,0x00,0x00,0x00,0x00,0x00,0x2f,0xff,0xff,
0xff,0xff,0xff,0xff,0xff,0xff,0xff,0xff,0xff,0xff,0xff,0xf2,0x2f,0xff,0xff,0xff,0xff,0xff,0xff,0xff,0xff,0xff,0xff,0xff,
0xff,0xff,0xf2,0x05,0x55,0x55,0x55,0x55,0x55,0x55,0xef,0xa5,0x55,0x55,0x55,0x55,0x55,0x50,0x00,0x00,0x00,0x00,0x00,0x00,
0x00,0xef,0x70,0x00,0x00,0x00,0x00,0x00,0x00,0x00,0x00,0x00,0x00,0x00,0x00,0x00,0xef,0x70,0x00,0x00,0x00,0x00,0x00,0x00,
0x00,0x00,0x00,0x00,0x00,0x00,0x00,0xef,0x70,0x00,0x00,0x00,0x00,0x00,0x00,0x00,0x00,0x00,0x00,0x00,0x00,0x00,0xef,0x70,
0x00,0x00,0x00,0x00,0x00,0x00,0x00,0x00,0x00,0x00,0x00,0x00,0x00,0xef,0x70,0x00,0x00,0x00,0x00,0x00,0x00,0x00,0x00,0x00,
0x00,0x00,0x00,0x00,0xef,0x70,0x00,0x00,0x00,0x00,0x00,0x00,0x00,0x00,0x00,0x00,0x00,0x00,0x00,0xef,0x70,0x00,0x00,0x00,
0x00,0x00,0x00,0x00,0x00,0x00,0x00,0x00,0x00,0x00,0xef,0x70,0x00,0x00,0x00,0x00,0x00,0x00,0x00,0x00,0x00,0x00,0x00,0x00,
0x00,0xef,0x70,0x00,0x00,0x00,0x00,0x00,0x00,0x00,0x00,0x00,0x00,0x00,0x00,0x00,0xef,0x70,0x00,0x00,0x00,0x00,0x00,0x00,
0x00,0x00,0x00,0x00,0x00,0x00,0x00,0xff,0x60,0x00,0x00,0x00,0x00,0x00,0x00,0x00,0x00,0x00,0x01,0x54,0x44,0x4a,0xff,0x50,
0x00,0x00,0x00,0x00,0x00,0x00,0x00,0x00,0x00,0x01,0xff,0xff,0xff,0xfe,0x10,0x00,0x00,0x00,0x00,0x00,0x00,0x00,0x00,0x00,
0x00,0xbd,0xdd,0xdc,0xa2,0x00,0x00,0x00,0x00,0x00,0x00,0x00,
/* U+4E9B */
0x00,0x00,0x00,0x00,0x6f,0xc0,0x00,0x00,0x0c,0xf8,0x00,0x00,0x00,0x00,0x00,0x00,0x00,0x00,0x00,0x6f,0xc0,0x00,0x00,0x0c,
0xf8,0x00,0x00,0x00,0x00,0x00,0x00,0x00,0x00,0x00,0x6f,0xc0,0x00,0x00,0x0c,0xf8,0x00,0x00,0x00,0x13,0x00,0x00,0x0d,0xe4,
0x00,0x6f,0xc0,0x00,0x00,0x0c,0xf8,0x00,0x00,0x3a,0xfe,0x10,0x00,0x0e,0xf4,0x00,0x6f,0xc0,0x00,0x00,0x0c,0xf8,0x00,0x6d,
0xff,0xfe,0x50,0x00,0x0e,0xf4,0x00,0x6f,0xea,0xaa,0xa5,0x0c,0xfa,0x9f,0xff,0xfd,0x60,0x00,0x00,0x0e,0xf4,0x00,0x6f,0xff,
0xff,0xf8,0x0c,0xff,0xff,0xfa,0x50,0x00,0x00,0x00,0x0e,0xf4,0x00,0x6f,0xe8,0x88,0x84,0x0c,0xff,0xa4,0x00,0x00,0x00,0x00,
0x00,0x0e,0xf4,0x00,0x6f,0xc0,0x00,0x00,0x0c,0xf8,0x00,0x00,0x00,0x00,0x00,0x00,0x0e,0xf4,0x00,0x6f,0xc0,0x00,0x00,0x0c,
0xf8,0x00,0x00,0x00,0x00,0x00,0x00,0x0e,0xf4,0x00,0x6f,0xc0,0x00,0x00,0x0c,0xf8,0x00,0x00,0x00,0x0d,0x80,0x00,0x0e,0xf4,
0x00,0x6f,0xc0,0x00,0x00,0x0c,0xf8,0x00,0x00,0x00,0x1f,0xf1,0x00,0x0e,0xf4,0x00,0x6f,0xc0,0x00,0x34,0x0c,0xf8,0x00,0x00,
0x00,0x4f,0xf0,0x00,0x0e,0xf4,0x00,0x7f,0xe9,0xdf,0xfc,0x0b,0xfa,0x00,0x00,0x00,0xbf,0xb0,0x02,0x4f,0xfc,0xcf,0xff,0xff,
0xff,0xf9,0x06,0xff,0xca,0xaa,0xbf,0xff,0x70,0x9f,0xff,0xff,0xff,0xfd,0xa8,0x52,0x00,0x02,0xef,0xff,0xff,0xff,0xfd,0x10,
0x5f,0xec,0xa7,0x53,0x00,0x00,0x00,0x00,0x00,0x04,0x77,0x77,0x76,0x40,0x00,0x01,0x00,0x00,0x00,0x00,0x00,0x00,0x00,0x00,
0x00,0x00,0x00,0x00,0x00,0x00,0x00,0x00,0x00,0x00,0x00,0x00,0x00,0x00,0x00,0x00,0x00,0x00,0x00,0x00,0x00,0x00,0x00,0x49,
0x99,0x99,0x99,0x99,0x99,0x99,0x99,0x99,0x99,0x94,0x00,0x00,0x00,0x00,0x7f,0xff,0xff,0xff,0xff,0xff,0xff,0xff,0xff,0xff,
0xf6,0x00,0x00,0x00,0x00,0x49,0x99,0x99,0x99,0x99,0x99,0x99,0x99,0x99,0x99,0x94,0x00,0x00,0x00,0x00,0x00,0x00,0x00,0x00,
0x00,0x00,0x00,0x00,0x00,0x00,0x00,0x00,0x00,0x00,0x00,0x00,0x00,0x00,0x00,0x00,0x00,0x00,0x00,0x00,0x00,0x00,0x00,0x00,
0x00,0x00,0x00,0x00,0x00,0x00,0x00,0x00,0x00,0x00,0x00,0x00,0x00,0x00,0x00,0x02,0x22,0x22,0x22,0x22,0x22,0x22,0x22,0x22,
0x22,0x22,0x22,0x22,0x22,0x20,0x0f,0xff,0xff,0xff,0xff,0xff,0xff,0xff,0xff,0xff,0xff,0xff,0xff,0xff,0xf0,0x0f,0xff,0xff,
0xff,0xff,0xff,0xff,0xff,0xff,0xff,0xff,0xff,0xff,0xff,0xf0,0x01,0x11,0x11,0x11,0x11,0x11,0x11,0x11,0x11,0x11,0x11,0x11,
0x11,0x11,0x10,
/* U+4EBA */
0x00,0x00,0x00,0x00,0x00,0x00,0x00,0x11,0x00,0x00,0x00,0x00,0x00,0x00,0x00,0x00,0x00,0x00,0x00,0x00,0x00,0x03,0xff,0x20,
0x00,0x00,0x00,0x00,0x00,0x00,0x00,0x00,0x00,0x00,0x00,0x00,0x03,0xff,0x20,0x00,0x00,0x00,0x00,0x00,0x00,0x00,0x00,0x00,
0x00,0x00,0x00,0x03,0xff,0x10,0x00,0x00,0x00,0x00,0x00,0x00,0x00,0x00,0x00,0x00,0x00,0x00,0x03,0xff,0x10,0x00,0x00,0x00,
0x00,0x00,0x00,0x00,0x00,0x00,0x00,0x00,0x00,0x03,0xff,0x00,0x00,0x00,0x00,0x00,0x00,0x00,0x00,0x00,0x00,0x00,0x00,0x00,
0x05,0xff,0x00,0x00,0x00,0x00,0x00,0x00,0x00,0x00,0x00,0x00,0x00,0x00,0x00,0x07,0xff,0x00,0x00,0x00,0x00,0x00,0x00,0x00,
0x00,0x00,0x00,0x00,0x00,0x00,0x0a,0xff,0x10,0x00,0x00,0x00,0x00,0x00,0x00,0x00,0x00,0x00,0x00,0x00,0x00,0x0c,0xff,0x60,
0x00,0x00,0x00,0x00,0x00,0x00,0x00,0x00,0x00,0x00,0x00,0x00,0x0f,0xff,0xa0,0x00,0x00,0x00,0x00,0x00,0x00,0x00,0x00,0x00,
0x00,0x00,0x00,0x1f,0xff,0xf0,0x00,0x00,0x00,0x00,0x00,0x00,0x00,0x00,0x00,0x00,0x00,0x00,0x4f,0xff,0xf4,0x00,0x00,0x00,
0x00,0x00,0x00,0x00,0x00,0x00,0x00,0x00,0x00,0xaf,0xc9,0xf9,0x00,0x00,0x00,0x00,0x00,0x00,0x00,0x00,0x00,0x00,0x00,0x02,
0xff,0x62,0xfe,0x00,0x00,0x00,0x00,0x00,0x00,0x00,0x00,0x00,0x00,0x00,0x09,0xff,0x00,0xcf,0x80,0x00,0x00,0x00,0x00,0x00,
0x00,0x00,0x00,0x00,0x00,0x1f,0xfa,0x00,0x5f,0xf1,0x00,0x00,0x00,0x00,0x00,0x00,0x00,0x00,0x00,0x00,0x7f,0xf3,0x00,0x0e,
0xfa,0x00,0x00,0x00,0x00,0x00,0x00,0x00,0x00,0x00,0x01,0xef,0xa0,0x00,0x06,0xff,0x20,0x00,0x00,0x00,0x00,0x00,0x00,0x00,
0x00,0x0b,0xfe,0x10,0x00,0x00,0xbf,0xb0,0x00,0x00,0x00,0x00,0x00,0x00,0x00,0x00,0x9f,0xf6,0x00,0x00,0x00,0x2f,0xf9,0x00,
0x00,0x00,0x00,0x00,0x00,0x00,0x06,0xff,0xb0,0x00,0x00,0x00,0x07,0xff,0x70,0x00,0x00,0x00,0x00,0x00,0x00,0x3f,0xfe,0x10,
0x00,0x00,0x00,0x00,0xcf,0xf5,0x00,0x00,0x00,0x00,0x00,0x02,0xef,0xe2,0x00,0x00,0x00,0x00,0x00,0x1d,0xff,0x30,0x00,0x00,
0x00,0x00,0x5f,0xff,0x30,0x00,0x00,0x00,0x00,0x00,0x01,0xef,0xe4,0x00,0x00,0x00,0x09,0xff,0xf3,0x00,0x00,0x00,0x00,0x00,
0x00,0x00,0x2e,0xff,0x80,0x00,0x02,0xdf,0xfe,0x30,0x00,0x00,0x00,0x00,0x00,0x00,0x00,0x03,0xef,0xfc,0x10,0x5f,0xff,0xc1,
0x00,0x00,0x00,0x00,0x00,0x00,0x00,0x00,0x00,0x1c,0xff,0xe4,0x8f,0xf8,0x00,0x00,0x00,0x00,0x00,0x00,0x00,0x00,0x00,0x00,
0x00,0x9f,0xf6,0x0b,0x40,0x00,0x00,0x00,0x00,0x00,0x00,0x00,0x00,0x00,0x00,0x00,0x05,0x90,
/* U+4ECA */
0x00,0x00,0x00,0x00,0x00,0x00,0x00,0x11,0x00,0x00,0x00,0x00,0x00,0x00,0x00,0x00,0x00,0x00,0x00,0x00,0x00,0x07,0xff,0x80,
0x00,0x00,0x00,0x00,0x00,0x00,0x00,0x00,0x00,0x00,0x00,0x00,0x8f,0xff,0xf9,0x00,0x00,0x00,0x00,0x00,0x00,0x00,0x00,0x00,
0x00,0x00,0x09,0xff,0x98,0xff,0xa0,0x00,0x00,0x00,0x00,0x00,0x00,0x00,0x00,0x00,0x00,0xaf,0xfa,0x00,0x7f,0xfb,0x00,0x00,
0x00,0x00,0x00,0x00,0x00,0x00,0x00,0x0b,0xff,0xb0,0x00,0x06,0xff,0xc1,0x00,0x00,0x00,0x00,0x00,0x00,0x00,0x01,0xcf,0xfa,
0x00,0x00,0x00,0x6f,0xfd,0x10,0x00,0x00,0x00,0x00,0x00,0x00,0x6e,0xff,0x80,0x00,0x00,0x00,0x05,0xff,0xe6,0x00,0x00,0x00,
0x00,0x00,0x2c,0xff,0xf6,0x00,0x00,0x00,0x00,0x00,0x4f,0xff,0xc2,0x00,0x00,0x00,0x08,0xff,0xfd,0x30,0x02,0xc4,0x00,0x00,
0x00,0x02,0xcf,0xff,0x80,0x00,0x04,0xdf,0xff,0x90,0x00,0x0c,0xff,0xc4,0x00,0x00,0x00,0x06,0xff,0xfe,0x50,0x8f,0xff,0xd4,
0x00,0x00,0x02,0xaf,0xff,0xb1,0x00,0x00,0x00,0x1a,0xff,0xf9,0x3f,0xf7,0x00,0x00,0x00,0x00,0x02,0xbf,0xfe,0x50,0x00,0x00,
0x00,0x4e,0xf4,0x06,0x10,0x00,0x00,0x00,0x00,0x00,0x05,0xef,0xf6,0x00,0x00,0x00,0x00,0x60,0x00,0x00,0x00,0x00,0x00,0x00,
0x00,0x00,0x1b,0xd0,0x00,0x00,0x00,0x00,0x00,0x00,0x00,0x00,0x00,0x00,0x00,0x00,0x00,0x00,0x10,0x00,0x00,0x00,0x00,0x00,
0x00,0x01,0x55,0x55,0x55,0x55,0x55,0x55,0x55,0x55,0x55,0x55,0x55,0x00,0x00,0x00,0x05,0xff,0xff,0xff,0xff,0xff,0xff,0xff,
0xff,0xff,0xff,0xff,0x20,0x00,0x00,0x04,0xcc,0xcc,0xcc,0xcc,0xcc,0xcc,0xcc,0xcc,0xcc,0xce,0xff,0x10,0x00,0x00,0x00,0x00,
0x00,0x00,0x00,0x00,0x00,0x00,0x00,0x00,0x1e,0xf8,0x00,0x00,0x00,0x00,0x00,0x00,0x00,0x00,0x00,0x00,0x00,0x00,0x00,0xaf,
0xf1,0x00,0x00,0x00,0x00,0x00,0x00,0x00,0x00,0x00,0x00,0x00,0x00,0x05,0xff,0x70,0x00,0x00,0x00,0x00,0x00,0x00,0x00,0x00,
0x00,0x00,0x00,0x00,0x4f,0xfc,0x00,0x00,0x00,0x00,0x00,0x00,0x00,0x00,0x00,0x00,0x00,0x00,0x04,0xff,0xd1,0x00,0x00,0x00,
0x00,0x00,0x00,0x00,0x00,0x00,0x00,0x00,0x00,0x6f,0xfe,0x20,0x00,0x00,0x00,0x00,0x00,0x00,0x00,0x00,0x00,0x00,0x00,0x1b,
0xff,0xe3,0x00,0x00,0x00,0x00,0x00,0x00,0x00,0x00,0x00,0x00,0x00,0x06,0xef,0xfb,0x10,0x00,0x00,0x00,0x00,0x00,0x00,0x00,
0x00,0x00,0x00,0x07,0xef,0xff,0x80,0x00,0x00,0x00,0x00,0x00,0x00,0x00,0x00,0x00,0x00,0x00,0xaf,0xff,0xb3,0x00,0x00,0x00,
0x00,0x00,0x00,0x00,0x00,0x00,0x00,0x00,0x00,0x1d,0xc4,0x00,0x00,0x00,0x00,0x00,0x00,0x00,0x00,0x00,0x00,0x00,0x00,0x00,
0x01,0x00,0x00,0x00,0x00,0x00,0x00,0x00,0x00,
/* U+4ECE */
0x00,0x00,0x00,0x0c,0xe7,0x00,0x00,0x00,0x00,0x04,0xff,0x00,0x00,0x00,0x00,0x00,0x00,0x00,0x0d,0xf7,0x00,0x00,0x00,0x00,
0x05,0xff,0x00,0x00,0x00,0x00,0x00,0x00,0x00,0x0d,0xf7,0x00,0x00,0x00,0x00,0x05,0xff,0x00,0x00,0x00,0x00,0x00,0x00,0x00,
0x0d,0xf6,0x00,0x00,0x00,0x00,0x05,0xff,0x00,0x00,0x00,0x00,0x00,0x00,0x00,0x0e,0xf6,0x00,0x00,0x00,0x00,0x06,0xfe,0x00,
0x00,0x00,0x00,0x00,0x00,0x00,0x0e,0xf6,0x00,0x00,0x00,0x00,0x07,0xfd,0x00,0x00,0x00,0x00,0x00,0x00,0x00,0x0f,0xf5,0x00,
0x00,0x00,0x00,0x08,0xfc,0x00,0x00,0x00,0x00,0x00,0x00,0x00,0x0f,0xf4,0x00,0x00,0x00,0x00,0x09,0xfb,0x00,0x00,0x00,0x00,
0x00,0x00,0x00,0x1f,0xf3,0x00,0x00,0x00,0x00,0x0a,0xfa,0x00,0x00,0x00,0x00,0x00,0x00,0x00,0x3f,0xf1,0x00,0x00,0x00,0x00,
0x0b,0xfc,0x00,0x00,0x00,0x00,0x00,0x00,0x00,0x4f,0xf0,0x00,0x00,0x00,0x00,0x0d,0xff,0x10,0x00,0x00,0x00,0x00,0x00,0x00,
0x6f,0xe0,0x00,0x00,0x00,0x00,0x0e,0xff,0x50,0x00,0x00,0x00,0x00,0x00,0x00,0x8f,0xc0,0x00,0x00,0x00,0x00,0x0f,0xff,0x90,
0x00,0x00,0x00,0x00,0x00,0x00,0xaf,0xf3,0x00,0x00,0x00,0x00,0x3f,0xff,0xd0,0x00,0x00,0x00,0x00,0x00,0x00,0xdf,0xfe,0x10,
0x00,0x00,0x00,0x6f,0xff,0xf1,0x00,0x00,0x00,0x00,0x00,0x01,0xff,0xff,0xd0,0x00,0x00,0x00,0x9f,0xda,0xf7,0x00,0x00,0x00,
0x00,0x00,0x06,0xff,0x3e,0xfb,0x00,0x00,0x00,0xdf,0x94,0xfd,0x00,0x00,0x00,0x00,0x00,0x0b,0xfd,0x04,0xff,0x80,0x00,0x02,
0xff,0x50,0xdf,0x30,0x00,0x00,0x00,0x00,0x1f,0xf9,0x00,0x8f,0xf4,0x00,0x06,0xff,0x10,0x7f,0xa0,0x00,0x00,0x00,0x00,0x6f,
0xf5,0x00,0x0c,0xfe,0x10,0x0d,0xfc,0x00,0x1f,0xf1,0x00,0x00,0x00,0x00,0xcf,0xe0,0x00,0x02,0xff,0xb0,0x4f,0xf5,0x00,0x0b,
0xf9,0x00,0x00,0x00,0x02,0xff,0x80,0x00,0x00,0x7f,0x80,0xbf,0xe0,0x00,0x05,0xff,0x20,0x00,0x00,0x0b,0xff,0x20,0x00,0x00,
0x06,0x04,0xff,0x80,0x00,0x00,0xdf,0xb0,0x00,0x00,0x7f,0xf9,0x00,0x00,0x00,0x00,0x0d,0xfe,0x10,0x00,0x00,0x4f,0xf4,0x00,
0x03,0xff,0xe1,0x00,0x00,0x00,0x00,0x8f,0xf6,0x00,0x00,0x00,0x09,0xfe,0x10,0x0d,0xff,0x60,0x00,0x00,0x00,0x06,0xff,0xc0,
0x00,0x00,0x00,0x01,0xef,0xc0,0x9f,0xfb,0x00,0x00,0x00,0x00,0x4f,0xfe,0x20,0x00,0x00,0x00,0x00,0x5f,0xf8,0x8f,0xc0,0x00,
0x00,0x00,0x00,0x8f,0xf3,0x00,0x00,0x00,0x00,0x00,0x0b,0xf5,0x09,0x10,0x00,0x00,0x00,0x00,0x0b,0x50,0x00,0x00,0x00,0x00,
0x00,0x01,0x70,
/* U+4EE5 */
0x02,0x32,0x00,0x00,0x00,0x00,0x00,0x00,0x00,0x00,0x0c,0xf9,0x00,0x00,0x0c,0xf9,0x00,0x00,0x00,0x00,0x00,0x00,0x00,0x00,
0x0d,0xf8,0x00,0x00,0x0c,0xf9,0x00,0x00,0x00,0x00,0x00,0x00,0x00,0x00,0x0d,0xf7,0x00,0x00,0x0c,0xf9,0x00,0x00,0x43,0x00,
0x00,0x00,0x00,0x00,0x0e,0xf6,0x00,0x00,0x0c,0xf9,0x00,0x08,0xfe,0x10,0x00,0x00,0x00,0x00,0x0e,0xf5,0x00,0x00,0x0c,0xf9,
0x00,0x02,0xef,0xc0,0x00,0x00,0x00,0x00,0x0f,0xf4,0x00,0x00,0x0c,0xf9,0x00,0x00,0x4f,0xfa,0x00,0x00,0x00,0x00,0x2f,0xf3,
0x00,0x00,0x0c,0xf9,0x00,0x00,0x07,0xff,0x70,0x00,0x00,0x00,0x3f,0xf2,0x00,0x00,0x0c,0xf9,0x00,0x00,0x00,0xaf,0xf3,0x00,
0x00,0x00,0x5f,0xf1,0x00,0x00,0x0c,0xf9,0x00,0x00,0x00,0x0d,0xfd,0x00,0x00,0x00,0x8f,0xd0,0x00,0x00,0x0c,0xf9,0x00,0x00,
0x00,0x03,0xff,0x90,0x00,0x00,0xaf,0xa0,0x00,0x00,0x0c,0xf9,0x00,0x00,0x00,0x00,0x8f,0xf4,0x00,0x00,0xdf,0x70,0x00,0x00,
0x0c,0xf9,0x00,0x00,0x00,0x00,0x0d,0xe4,0x00,0x01,0xff,0x30,0x00,0x00,0x0c,0xf9,0x00,0x00,0x00,0x00,0x02,0x10,0x00,0x05,
0xff,0x00,0x00,0x00,0x0c,0xf9,0x00,0x00,0x00,0x00,0x00,0x00,0x00,0x0a,0xfc,0x00,0x00,0x00,0x0c,0xf9,0x00,0x00,0x00,0x00,
0x00,0x00,0x00,0x0e,0xf8,0x00,0x00,0x00,0x0c,0xf9,0x00,0x00,0x00,0x00,0x00,0x00,0x00,0x7f,0xf3,0x00,0x00,0x00,0x0c,0xf9,
0x00,0x00,0x00,0x00,0x00,0x00,0x00,0xef,0xf9,0x00,0x00,0x00,0x0c,0xf9,0x00,0x00,0x00,0x50,0x00,0x00,0x07,0xff,0xff,0x50,
0x00,0x00,0x0c,0xf9,0x00,0x00,0x5d,0xf5,0x00,0x00,0x3f,0xfc,0x9f,0xe1,0x00,0x00,0x0c,0xf9,0x00,0x4c,0xff,0xf7,0x00,0x01,
0xdf,0xf2,0x0e,0xfc,0x00,0x00,0x0c,0xf9,0x4c,0xff,0xfa,0x30,0x00,0x0b,0xff,0x70,0x04,0xff,0x70,0x00,0x1f,0xff,0xff,0xf9,
0x20,0x00,0x00,0xbf,0xfa,0x00,0x00,0x9f,0xf2,0x00,0x8f,0xff,0xe8,0x10,0x00,0x00,0x0c,0xff,0xb0,0x00,0x00,0x0d,0xfb,0x00,
0x3f,0xe7,0x00,0x00,0x00,0x02,0xdf,0xfb,0x00,0x00,0x00,0x05,0xff,0x50,0x05,0x00,0x00,0x00,0x00,0x7f,0xff,0x90,0x00,0x00,
0x00,0x00,0xcf,0xe0,0x00,0x00,0x00,0x00,0x2c,0xff,0xf7,0x00,0x00,0x00,0x00,0x00,0x3f,0xf8,0x00,0x00,0x00,0x00,0x3f,0xfd,
0x30,0x00,0x00,0x00,0x00,0x00,0x0a,0xe2,0x00,0x00,0x00,0x00,0x06,0x70,0x00,0x00,0x00,0x00,0x00,0x00,0x01,0x20,
/* U+4EF6 */
0x00,0x00,0x00,0x02,0x00,0x00,0x00,0x00,0x00,0x00,0x00,0x00,0x00,0x00,0x00,0x00,0x00,0x00,0x0e,0xd3,0x00,0x00,0x00,0x00,
0x5f,0xf0,0x00,0x00,0x00,0x00,0x00,0x00,0x00,0x6f,0xf3,0x00,0x02,0x00,0x00,0x5f,0xf0,0x00,0x00,0x00,0x00,0x00,0x00,0x00,
0xcf,0xb0,0x00,0x6f,0xe0,0x00,0x5f,0xf0,0x00,0x00,0x00,0x00,0x00,0x00,0x03,0xff,0x40,0x00,0xaf,0xb0,0x00,0x5f,0xf0,0x00,
0x00,0x00,0x00,0x00,0x00,0x0a,0xfd,0x00,0x00,0xef,0x70,0x00,0x5f,0xf0,0x00,0x00,0x00,0x00,0x00,0x00,0x1f,0xf6,0x00,0x03,
0xff,0x30,0x00,0x5f,0xf0,0x00,0x00,0x00,0x00,0x00,0x00,0x8f,0xf0,0x00,0x07,0xff,0x66,0x66,0x9f,0xf6,0x66,0x66,0x66,0x20,
0x00,0x02,0xff,0x80,0x00,0x0b,0xff,0xff,0xff,0xff,0xff,0xff,0xff,0xff,0x50,0x00,0x0d,0xff,0x60,0x00,0x2f,0xfe,0xdd,0xdd,
0xef,0xfd,0xdd,0xdd,0xdd,0x40,0x00,0x8f,0xff,0x60,0x00,0xaf,0xd0,0x00,0x00,0x5f,0xf0,0x00,0x00,0x00,0x00,0x04,0xff,0xff,
0x60,0x02,0xff,0x50,0x00,0x00,0x5f,0xf0,0x00,0x00,0x00,0x00,0x1e,0xfe,0xef,0x60,0x0a,0xfd,0x00,0x00,0x00,0x5f,0xf0,0x00,
0x00,0x00,0x00,0xaf,0xf3,0xef,0x60,0x1f,0xf5,0x00,0x00,0x00,0x5f,0xf0,0x00,0x00,0x00,0x00,0xcf,0x50,0xef,0x60,0x08,0xc0,
0x00,0x00,0x00,0x5f,0xf0,0x00,0x00,0x00,0x00,0x88,0x00,0xef,0x60,0x00,0x20,0x00,0x00,0x00,0x5f,0xf0,0x00,0x00,0x00,0x00,
0x10,0x00,0xef,0x60,0x00,0x00,0x00,0x00,0x00,0x5f,0xf0,0x00,0x00,0x00,0x00,0x00,0x00,0xef,0x60,0x05,0x77,0x77,0x77,0x77,
0x9f,0xf7,0x77,0x77,0x77,0x73,0x00,0x00,0xef,0x60,0x0b,0xff,0xff,0xff,0xff,0xff,0xff,0xff,0xff,0xff,0xf8,0x00,0x00,0xef,
0x60,0x08,0xcc,0xcc,0xcc,0xcc,0xdf,0xfc,0xcc,0xcc,0xcc,0xc6,0x00,0x00,0xef,0x60,0x00,0x00,0x00,0x00,0x00,0x5f,0xf0,0x00,
0x00,0x00,0x00,0x00,0x00,0xef,0x60,0x00,0x00,0x00,0x00,0x00,0x5f,0xf0,0x00,0x00,0x00,0x00,0x00,0x00,0xef,0x60,0x00,0x00,
0x00,0x00,0x00,0x5f,0xf0,0x00,0x00,0x00,0x00,0x00,0x00,0xef,0x60,0x00,0x00,0x00,0x00,0x00,0x5f,0xf0,0x00,0x00,0x00,0x00,
0x00,0x00,0xef,0x60,0x00,0x00,0x00,0x00,0x00,0x5f,0xf0,0x00,0x00,0x00,0x00,0x00,0x00,0xef,0x60,0x00,0x00,0x00,0x00,0x00,
0x5f,0xf0,0x00,0x00,0x00,0x00,0x00,0x00,0xef,0x60,0x00,0x00,0x00,0x00,0x00,0x5f,0xf0,0x00,0x00,0x00,0x00,0x00,0x00,0xef,
0x60,0x00,0x00,0x00,0x00,0x00,0x5f,0xf0,0x00,0x00,0x00,0x00,0x00,0x00,0xef,0x60,0x00,0x00,0x00,0x00,0x00,0x5f,0xf0,0x00,
0x00,0x00,0x00,0x00,0x00,0xef,0x60,0x00,0x00,0x00,0x00,0x00,0x5f,0xf0,0x00,0x00,0x00,0x00,0x00,0x00,0x33,0x10,0x00,0x00,
0x00,0x00,0x00,0x01,0x10,0x00,0x00,0x00,0x00,
/* U+4EFB */
0x00,0x00,0x00,0x09,0xa3,0x00,0x00,0x00,0x00,0x00,0x00,0x00,0x00,0x00,0x00,0x00,0x00,0x00,0x1f,0xf8,0x00,0x00,0x00,0x00,
0x00,0x00,0x13,0x7b,0xf6,0x00,0x00,0x00,0x00,0x8f,0xf1,0x12,0x33,0x34,0x67,0x8a,0xce,0xff,0xff,0xfe,0x00,0x00,0x00,0x00,
0xef,0x90,0x9f,0xff,0xff,0xff,0xff,0xff,0xff,0xd9,0x51,0x00,0x00,0x00,0x06,0xff,0x20,0x3f,0xff,0xed,0xdd,0xff,0x95,0x20,
0x00,0x00,0x00,0x00,0x00,0x0d,0xfa,0x00,0x00,0x00,0x00,0x02,0xff,0x20,0x00,0x00,0x00,0x00,0x00,0x00,0x4f,0xf3,0x00,0x00,
0x00,0x00,0x02,0xff,0x20,0x00,0x00,0x00,0x00,0x00,0x01,0xef,0xc0,0x00,0x00,0x00,0x00,0x02,0xff,0x20,0x00,0x00,0x00,0x00,
0x00,0x0b,0xff,0x90,0x00,0x00,0x00,0x00,0x02,0xff,0x20,0x00,0x00,0x00,0x00,0x00,0x7f,0xff,0x90,0x00,0x00,0x00,0x00,0x02,
0xff,0x20,0x00,0x00,0x00,0x00,0x03,0xff,0xff,0x90,0x00,0x00,0x00,0x00,0x02,0xff,0x20,0x00,0x00,0x00,0x00,0x1e,0xff,0xdf,
0x90,0x00,0x00,0x00,0x00,0x02,0xff,0x20,0x00,0x00,0x00,0x00,0xaf,0xf4,0xbf,0x90,0x00,0x00,0x00,0x00,0x02,0xff,0x20,0x00,
0x00,0x00,0x00,0xaf,0x50,0xbf,0x90,0x37,0x77,0x77,0x77,0x78,0xff,0x87,0x77,0x77,0x77,0x73,0x57,0x00,0xbf,0x90,0x7f,0xff,
0xff,0xff,0xff,0xff,0xff,0xff,0xff,0xff,0xf8,0x00,0x00,0xbf,0x90,0x5c,0xcc,0xcc,0xcc,0xcd,0xff,0xdc,0xcc,0xcc,0xcc,0xc6,
0x00,0x00,0xbf,0x90,0x00,0x00,0x00,0x00,0x02,0xff,0x20,0x00,0x00,0x00,0x00,0x00,0x00,0xbf,0x90,0x00,0x00,0x00,0x00,0x02,
0xff,0x20,0x00,0x00,0x00,0x00,0x00,0x00,0xbf,0x90,0x00,0x00,0x00,0x00,0x02,0xff,0x20,0x00,0x00,0x00,0x00,0x00,0x00,0xbf,
0x90,0x00,0x00,0x00,0x00,0x02,0xff,0x20,0x00,0x00,0x00,0x00,0x00,0x00,0xbf,0x90,0x00,0x00,0x00,0x00,0x02,0xff,0x20,0x00,
0x00,0x00,0x00,0x00,0x00,0xbf,0x90,0x00,0x00,0x00,0x00,0x02,0xff,0x20,0x00,0x00,0x00,0x00,0x00,0x00,0xbf,0x90,0x00,0x00,
0x00,0x00,0x02,0xff,0x20,0x00,0x00,0x00,0x00,0x00,0x00,0xbf,0x90,0x00,0x00,0x00,0x00,0x02,0xff,0x20,0x00,0x00,0x00,0x00,
0x00,0x00,0xbf,0x90,0x00,0x00,0x00,0x00,0x02,0xff,0x20,0x00,0x00,0x00,0x00,0x00,0x00,0xbf,0x90,0x00,0x22,0x22,0x22,0x24,
0xff,0x42,0x22,0x22,0x22,0x00,0x00,0x00,0xbf,0x90,0x00,0xdf,0xff,0xff,0xff,0xff,0xff,0xff,0xff,0xfe,0x00,0x00,0x00,0xbf,
0x90,0x00,0xdf,0xff,0xff,0xff,0xff,0xff,0xff,0xff,0xfe,0x00,0x00,0x00,0xbf,0x90,0x00,0x11,0x11,0x11,0x11,0x11,0x11,0x11,
0x11,0x11,0x00,0x00,0x00,0x34,0x20,0x00,0x00,0x00,0x00,0x00,0x00,0x00,0x00,0x00,0x00,0x00,
/* U+4F1A */
0x00,0x00,0x00,0x00,0x00,0x00,0x00,0x22,0x00,0x00,0x00,0x00,0x00,0x00,0x00,0x00,0x00,0x00,0x00,0x00,0x00,0x08,0xff,0x80,
0x00,0x00,0x00,0x00,0x00,0x00,0x00,0x00,0x00,0x00,0x00,0x00,0x9f,0xff,0xf9,0x00,0x00,0x00,0x00,0x00,0x00,0x00,0x00,0x00,
0x00,0x00,0x0a,0xff,0x76,0xff,0xa0,0x00,0x00,0x00,0x00,0x00,0x00,0x00,0x00,0x00,0x00,0xbf,0xf8,0x00,0x6f,0xfb,0x00,0x00,
0x00,0x00,0x00,0x00,0x00,0x00,0x00,0x0c,0xff,0x90,0x00,0x05,0xff,0xc0,0x00,0x00,0x00,0x00,0x00,0x00,0x00,0x01,0xcf,0xf9,
0x00,0x00,0x00,0x5f,0xfc,0x10,0x00,0x00,0x00,0x00,0x00,0x00,0x6e,0xff,0x70,0x00,0x00,0x00,0x05,0xff,0xe5,0x00,0x00,0x00,
0x00,0x00,0x2c,0xff,0xf5,0x00,0x00,0x00,0x00,0x00,0x4f,0xff,0xb2,0x00,0x00,0x00,0x08,0xff,0xfd,0x20,0x00,0x00,0x00,0x00,
0x00,0x03,0xcf,0xff,0x70,0x00,0x04,0xdf,0xff,0x94,0x55,0x55,0x55,0x55,0x55,0x55,0x55,0x47,0xff,0xfd,0x30,0x9f,0xff,0xe4,
0x0c,0xff,0xff,0xff,0xff,0xff,0xff,0xff,0xe0,0x2c,0xff,0xf8,0x7f,0xf8,0x00,0x0b,0xdd,0xdd,0xdd,0xdd,0xdd,0xdd,0xdd,0xc0,
0x00,0x7f,0xf5,0x09,0x20,0x00,0x00,0x00,0x00,0x00,0x00,0x00,0x00,0x00,0x00,0x00,0x02,0x80,0x00,0x00,0x00,0x00,0x00,0x00,
0x00,0x00,0x00,0x00,0x00,0x00,0x00,0x00,0x00,0x00,0x00,0x00,0x00,0x00,0x00,0x00,0x00,0x00,0x00,0x00,0x00,0x00,0x00,0x00,
0x00,0x00,0x00,0x00,0x00,0x00,0x00,0x00,0x00,0x00,0x00,0x00,0x00,0x00,0x00,0x00,0xbe,0xee,0xee,0xee,0xee,0xee,0xee,0xee,
0xee,0xee,0xee,0xee,0xec,0x00,0x00,0xdf,0xff,0xff,0xff,0xff,0xff,0xff,0xff,0xff,0xff,0xff,0xff,0xfe,0x00,0x00,0x45,0x55,
0x55,0x56,0xff,0xc5,0x55,0x55,0x55,0x55,0x55,0x55,0x55,0x00,0x00,0x00,0x00,0x00,0x07,0xff,0x20,0x00,0x00,0x02,0x60,0x00,
0x00,0x00,0x00,0x00,0x00,0x00,0x00,0x2f,0xf8,0x00,0x00,0x00,0x2f,0xf5,0x00,0x00,0x00,0x00,0x00,0x00,0x00,0x00,0xbf,0xe0,
0x00,0x00,0x00,0x09,0xff,0x30,0x00,0x00,0x00,0x00,0x00,0x00,0x06,0xff,0x40,0x00,0x00,0x00,0x00,0xbf,0xe2,0x00,0x00,0x00,
0x00,0x00,0x00,0x3f,0xf8,0x00,0x00,0x00,0x00,0x00,0x1d,0xfd,0x00,0x00,0x00,0x00,0x00,0x01,0xdf,0xb0,0x00,0x00,0x00,0x00,
0x00,0x04,0xff,0xa0,0x00,0x00,0x00,0x00,0x0b,0xfd,0x00,0x02,0x35,0x68,0x9b,0xce,0xff,0xff,0xf6,0x00,0x00,0x00,0x00,0xef,
0xfd,0xdf,0xff,0xff,0xff,0xff,0xff,0xfd,0xac,0xff,0x20,0x00,0x00,0x00,0xdf,0xff,0xff,0xfe,0xdb,0xa8,0x75,0x31,0x00,0x00,
0xef,0xd0,0x00,0x00,0x00,0x35,0x43,0x21,0x00,0x00,0x00,0x00,0x00,0x00,0x00,0x4e,0x30,0x00,
/* U+4F4F */
0x00,0x00,0x00,0x01,0x00,0x00,0x00,0x00,0x00,0x00,0x00,0x00,0x00,0x00,0x00,0x00,0x00,0x00,0x0d,0xd4,0x00,0x00,0x00,0x5d,
0xd0,0x00,0x00,0x00,0x00,0x00,0x00,0x00,0x00,0x4f,0xf4,0x00,0x00,0x00,0x3f,0xf3,0x00,0x00,0x00,0x00,0x00,0x00,0x00,0x00,
0xbf,0xd0,0x00,0x00,0x00,0x0d,0xf9,0x00,0x00,0x00,0x00,0x00,0x00,0x00,0x02,0xff,0x60,0x00,0x00,0x00,0x07,0xfe,0x00,0x00,
0x00,0x00,0x00,0x00,0x00,0x08,0xfe,0x00,0x00,0x00,0x00,0x01,0xff,0x40,0x00,0x00,0x00,0x00,0x00,0x00,0x0e,0xf8,0x06,0xaa,
0xaa,0xaa,0xaa,0xee,0xaa,0xaa,0xaa,0xaa,0x80,0x00,0x00,0x6f,0xf1,0x09,0xff,0xff,0xff,0xff,0xff,0xff,0xff,0xff,0xff,0xd0,
0x00,0x02,0xff,0xa0,0x05,0x99,0x99,0x99,0x99,0xff,0xc9,0x99,0x99,0x99,0x70,0x00,0x0c,0xff,0x70,0x00,0x00,0x00,0x00,0x00,
0xff,0x60,0x00,0x00,0x00,0x00,0x00,0x8f,0xff,0x70,0x00,0x00,0x00,0x00,0x00,0xff,0x60,0x00,0x00,0x00,0x00,0x03,0xff,0xff,
0x70,0x00,0x00,0x00,0x00,0x00,0xff,0x60,0x00,0x00,0x00,0x00,0x0e,0xfe,0xdf,0x70,0x00,0x00,0x00,0x00,0x00,0xff,0x60,0x00,
0x00,0x00,0x00,0xaf,0xf3,0xcf,0x70,0x00,0x00,0x00,0x00,0x00,0xff,0x60,0x00,0x00,0x00,0x00,0xaf,0x50,0xcf,0x70,0x00,0x00,
0x00,0x00,0x00,0xff,0x60,0x00,0x00,0x00,0x00,0x57,0x00,0xcf,0x70,0x00,0x00,0x00,0x00,0x00,0xff,0x60,0x00,0x00,0x00,0x00,
0x00,0x00,0xcf,0x70,0x00,0x7c,0xcc,0xcc,0xcc,0xff,0xdc,0xcc,0xcc,0xcb,0x00,0x00,0x00,0xcf,0x70,0x00,0x9f,0xff,0xff,0xff,
0xff,0xff,0xff,0xff,0xfe,0x00,0x00,0x00,0xcf,0x70,0x00,0x47,0x77,0x77,0x77,0xff,0xa7,0x77,0x77,0x76,0x00,0x00,0x00,0xcf,
0x70,0x00,0x00,0x00,0x00,0x00,0xff,0x60,0x00,0x00,0x00,0x00,0x00,0x00,0xcf,0x70,0x00,0x00,0x00,0x00,0x00,0xff,0x60,0x00,
0x00,0x00,0x00,0x00,0x00,0xcf,0x70,0x00,0x00,0x00,0x00,0x00,0xff,0x60,0x00,0x00,0x00,0x00,0x00,0x00,0xcf,0x70,0x00,0x00,
0x00,0x00,0x00,0xff,0x60,0x00,0x00,0x00,0x00,0x00,0x00,0xcf,0x70,0x00,0x00,0x00,0x00,0x00,0xff,0x60,0x00,0x00,0x00,0x00,
0x00,0x00,0xcf,0x70,0x00,0x00,0x00,0x00,0x00,0xff,0x60,0x00,0x00,0x00,0x00,0x00,0x00,0xcf,0x70,0x00,0x00,0x00,0x00,0x00,
0xff,0x60,0x00,0x00,0x00,0x00,0x00,0x00,0xcf,0x70,0x02,0x22,0x22,0x22,0x22,0xff,0x72,0x22,0x22,0x22,0x21,0x00,0x00,0xcf,
0x70,0x1f,0xff,0xff,0xff,0xff,0xff,0xff,0xff,0xff,0xff,0xf7,0x00,0x00,0xcf,0x70,0x1f,0xff,0xff,0xff,0xff,0xff,0xff,0xff,
0xff,0xff,0xf7,0x00,0x00,0xcf,0x70,0x02,0x22,0x22,0x22,0x22,0x22,0x22,0x22,0x22,0x22,0x21,0x00,0x00,0x34,0x20,0x00,0x00,
0x00,0x00,0x00,0x00,0x00,0x00,0x00,0x00,0x00,
/* U+4F5C */
0x00,0x00,0x00,0x01,0x00,0x00,0x00,0x12,0x00,0x00,0x00,0x00,0x00,0x00,0x00,0x00,0x00,0x00,0x0a,0xd5,0x00,0x00,0xaf,0xd0,
0x00,0x00,0x00,0x00,0x00,0x00,0x00,0x00,0x00,0x1f,0xf8,0x00,0x01,0xff,0x80,0x00,0x00,0x00,0x00,0x00,0x00,0x00,0x00,0x00,
0x8f,0xf1,0x00,0x07,0xff,0x20,0x00,0x00,0x00,0x00,0x00,0x00,0x00,0x00,0x00,0xff,0x90,0x00,0x0e,0xfc,0x00,0x00,0x00,0x00,
0x00,0x00,0x00,0x00,0x00,0x07,0xff,0x20,0x00,0x5f,0xfd,0xaa,0xaa,0xaa,0xaa,0xaa,0xaa,0xa3,0x00,0x00,0x0e,0xfa,0x00,0x00,
0xbf,0xff,0xff,0xff,0xff,0xff,0xff,0xff,0xf4,0x00,0x00,0x5f,0xf3,0x00,0x02,0xff,0xca,0xef,0xda,0xaa,0xaa,0xaa,0xaa,0xa3,
0x00,0x01,0xef,0xc0,0x00,0x0b,0xff,0x10,0xcf,0x80,0x00,0x00,0x00,0x00,0x00,0x00,0x0c,0xff,0x90,0x00,0x5f,0xf7,0x00,0xcf,
0x80,0x00,0x00,0x00,0x00,0x00,0x00,0x8f,0xff,0x90,0x01,0xef,0xe0,0x00,0xcf,0x80,0x00,0x00,0x00,0x00,0x00,0x04,0xff,0xff,
0x90,0x0b,0xff,0x60,0x00,0xcf,0x80,0x00,0x00,0x00,0x00,0x00,0x1e,0xfe,0xdf,0x90,0x6f,0xfb,0x00,0x00,0xcf,0x91,0x11,0x11,
0x11,0x11,0x00,0xbf,0xf3,0xcf,0x91,0xef,0xe1,0x00,0x00,0xcf,0xff,0xff,0xff,0xff,0xfe,0x00,0x9f,0x40,0xcf,0x90,0xaf,0x40,
0x00,0x00,0xcf,0xff,0xff,0xff,0xff,0xfe,0x00,0x46,0x00,0xcf,0x90,0x06,0x00,0x00,0x00,0xcf,0x92,0x22,0x22,0x22,0x22,0x00,
0x00,0x00,0xcf,0x90,0x00,0x00,0x00,0x00,0xcf,0x80,0x00,0x00,0x00,0x00,0x00,0x00,0x00,0xcf,0x90,0x00,0x00,0x00,0x00,0xcf,
0x80,0x00,0x00,0x00,0x00,0x00,0x00,0x00,0xcf,0x90,0x00,0x00,0x00,0x00,0xcf,0x80,0x00,0x00,0x00,0x00,0x00,0x00,0x00,0xcf,
0x90,0x00,0x00,0x00,0x00,0xcf,0x80,0x00,0x00,0x00,0x00,0x00,0x00,0x00,0xcf,0x90,0x00,0x00,0x00,0x00,0xcf,0xb6,0x66,0x66,
0x66,0x66,0x00,0x00,0x00,0xcf,0x90,0x00,0x00,0x00,0x00,0xcf,0xff,0xff,0xff,0xff,0xff,0x10,0x00,0x00,0xcf,0x90,0x00,0x00,
0x00,0x00,0xcf,0xec,0xcc,0xcc,0xcc,0xcc,0x10,0x00,0x00,0xcf,0x90,0x00,0x00,0x00,0x00,0xcf,0x80,0x00,0x00,0x00,0x00,0x00,
0x00,0x00,0xcf,0x90,0x00,0x00,0x00,0x00,0xcf,0x80,0x00,0x00,0x00,0x00,0x00,0x00,0x00,0xcf,0x90,0x00,0x00,0x00,0x00,0xcf,
0x80,0x00,0x00,0x00,0x00,0x00,0x00,0x00,0xcf,0x90,0x00,0x00,0x00,0x00,0xcf,0x80,0x00,0x00,0x00,0x00,0x00,0x00,0x00,0xcf,
0x90,0x00,0x00,0x00,0x00,0xcf,0x80,0x00,0x00,0x00,0x00,0x00,0x00,0x00,0xcf,0x90,0x00,0x00,0x00,0x00,0xcf,0x80,0x00,0x00,
0x00,0x00,0x00,0x00,0x00,0xcf,0x90,0x00,0x00,0x00,0x00,0xcf,0x80,0x00,0x00,0x00,0x00,0x00,0x00,0x00,0x23,0x20,0x00,0x00,
0x00,0x00,0x23,0x20,0x00,0x00,0x00,0x00,0x00,
/* U+4F60 */
0x00,0x00,0x00,0x01,0x00,0x00,0x01,0x10,0x00,0x00,0x00,0x00,0x00,0x00,0x00,0x00,0x00,0x00,0xbe,0x50,0x00,0x9f,0xa0,0x00,
0x00,0x00,0x00,0x00,0x00,0x00,0x00,0x00,0x2f,0xf7,0x00,0x0e,0xf6,0x00,0x00,0x00,0x00,0x00,0x00,0x00,0x00,0x00,0x08,0xff,
0x00,0x04,0xff,0x20,0x00,0x00,0x00,0x00,0x00,0x00,0x00,0x00,0x00,0xff,0x80,0x00,0xaf,0xe3,0x33,0x33,0x33,0x33,0x33,0x33,
0x10,0x00,0x00,0x6f,0xf2,0x00,0x0f,0xff,0xff,0xff,0xff,0xff,0xff,0xff,0xf6,0x00,0x00,0x0d,0xfa,0x00,0x05,0xff,0xff,0xff,
0xff,0xff,0xff,0xff,0xff,0x40,0x00,0x04,0xff,0x30,0x00,0xcf,0xa0,0x00,0x00,0x00,0x00,0x00,0x2f,0xf0,0x00,0x00,0xdf,0xc0,
0x00,0x5f,0xf2,0x00,0x00,0x00,0x00,0x00,0x09,0xfa,0x00,0x00,0x9f,0xf9,0x00,0x0e,0xf9,0x00,0x00,0x03,0x42,0x00,0x00,0xff,
0x40,0x00,0x4f,0xff,0x90,0x07,0xff,0x10,0x00,0x00,0xaf,0x90,0x00,0x6f,0xf0,0x00,0x1e,0xff,0xf9,0x01,0xff,0x80,0x00,0x00,
0x0a,0xf9,0x00,0x06,0xda,0x00,0x0b,0xff,0xef,0x90,0x6f,0xf1,0x00,0x00,0x00,0xaf,0x90,0x00,0x00,0x00,0x06,0xff,0x6b,0xf9,
0x00,0x46,0x00,0x00,0x00,0x0a,0xf9,0x00,0x04,0x00,0x00,0xcf,0x90,0xbf,0x90,0x00,0x00,0x1f,0xc1,0x00,0xaf,0x90,0x0e,0xf4,
0x00,0x08,0xb0,0x0b,0xf9,0x00,0x00,0x07,0xfd,0x00,0x0a,0xf9,0x00,0xaf,0xa0,0x00,0x21,0x00,0xbf,0x90,0x00,0x00,0xcf,0x80,
0x00,0xaf,0x90,0x04,0xff,0x10,0x00,0x00,0x0b,0xf9,0x00,0x00,0x1f,0xf3,0x00,0x0a,0xf9,0x00,0x0d,0xf7,0x00,0x00,0x00,0xbf,
0x90,0x00,0x07,0xfe,0x00,0x00,0xaf,0x90,0x00,0x7f,0xd0,0x00,0x00,0x0b,0xf9,0x00,0x00,0xcf,0x90,0x00,0x0a,0xf9,0x00,0x01,
0xff,0x30,0x00,0x00,0xbf,0x90,0x00,0x2f,0xf4,0x00,0x00,0xaf,0x90,0x00,0x0b,0xf8,0x00,0x00,0x0b,0xf9,0x00,0x09,0xfd,0x00,
0x00,0x0a,0xf9,0x00,0x00,0x6f,0xd0,0x00,0x00,0xbf,0x90,0x01,0xff,0x50,0x00,0x00,0xaf,0x90,0x00,0x02,0xff,0x20,0x00,0x0b,
0xf9,0x00,0x9f,0xe0,0x00,0x00,0x0a,0xf9,0x00,0x00,0x0d,0xf7,0x00,0x00,0xbf,0x90,0x1f,0xf6,0x00,0x00,0x00,0xaf,0x90,0x00,
0x00,0x8f,0xc0,0x00,0x0b,0xf9,0x02,0xbe,0x00,0x00,0x00,0x0a,0xf9,0x00,0x00,0x03,0xff,0x00,0x00,0xbf,0x90,0x00,0x00,0x00,
0x00,0x00,0xaf,0x90,0x00,0x00,0x07,0x10,0x00,0x0b,0xf9,0x00,0x00,0x00,0x22,0x11,0x2e,0xf7,0x00,0x00,0x00,0x00,0x00,0x00,
0xbf,0x90,0x00,0x00,0x09,0xff,0xff,0xff,0x20,0x00,0x00,0x00,0x00,0x00,0x0b,0xf9,0x00,0x00,0x00,0x6f,0xff,0xfc,0x60,0x00,
0x00,0x00,0x00,0x00,0x00,0x23,0x10,0x00,0x00,0x00,0x00,0x00,0x00,0x00,0x00,0x00,0x00,0x00,
/* U+4FE1 */
0x00,0x00,0x00,0x12,0x00,0x00,0x00,0x00,0x00,0x01,0x00,0x00,0x00,0x00,0x00,0x00,0x00,0x00,0x7f,0xa0,0x00,0x00,0x00,0x09,
0xf9,0x00,0x00,0x00,0x00,0x00,0x00,0x00,0x00,0xef,0xa0,0x00,0x00,0x00,0x06,0xff,0x00,0x00,0x00,0x00,0x00,0x00,0x00,0x04,
0xff,0x30,0x00,0x00,0x00,0x00,0xef,0x60,0x00,0x00,0x00,0x00,0x00,0x00,0x0a,0xfd,0x00,0x00,0x00,0x00,0x00,0x8f,0x90,0x00,
0x00,0x00,0x00,0x00,0x00,0x1f,0xf6,0x1e,0xee,0xee,0xee,0xee,0xff,0xee,0xee,0xee,0xee,0xea,0x00,0x00,0x7f,0xf0,0x1f,0xff,
0xff,0xff,0xff,0xff,0xff,0xff,0xff,0xff,0xfb,0x00,0x00,0xdf,0x90,0x04,0x44,0x44,0x44,0x44,0x44,0x44,0x44,0x44,0x44,0x42,
0x00,0x07,0xff,0x40,0x00,0x00,0x00,0x00,0x00,0x00,0x00,0x00,0x00,0x00,0x00,0x00,0x2f,0xff,0x30,0x00,0x00,0x22,0x22,0x22,
0x22,0x22,0x22,0x22,0x20,0x00,0x00,0xcf,0xff,0x30,0x00,0x02,0xff,0xff,0xff,0xff,0xff,0xff,0xff,0xf0,0x00,0x06,0xff,0xff,
0x30,0x00,0x02,0xee,0xee,0xee,0xee,0xee,0xee,0xee,0xe0,0x00,0x2f,0xfc,0xff,0x30,0x00,0x00,0x00,0x00,0x00,0x00,0x00,0x00,
0x00,0x00,0x00,0xbf,0xe2,0xff,0x30,0x00,0x00,0x00,0x00,0x00,0x00,0x00,0x00,0x00,0x00,0x00,0xcf,0x31,0xff,0x30,0x00,0x01,
0xaa,0xaa,0xaa,0xaa,0xaa,0xaa,0xaa,0x90,0x00,0x76,0x01,0xff,0x30,0x00,0x02,0xff,0xff,0xff,0xff,0xff,0xff,0xff,0xf0,0x00,
0x10,0x01,0xff,0x30,0x00,0x01,0x77,0x77,0x77,0x77,0x77,0x77,0x77,0x70,0x00,0x00,0x01,0xff,0x30,0x00,0x00,0x00,0x00,0x00,
0x00,0x00,0x00,0x00,0x00,0x00,0x00,0x01,0xff,0x30,0x00,0x00,0x00,0x00,0x00,0x00,0x00,0x00,0x00,0x00,0x00,0x00,0x01,0xff,
0x30,0x00,0x0b,0xee,0xee,0xee,0xee,0xee,0xee,0xee,0xe7,0x00,0x00,0x01,0xff,0x30,0x00,0x0c,0xff,0xff,0xff,0xff,0xff,0xff,
0xff,0xf8,0x00,0x00,0x01,0xff,0x30,0x00,0x0c,0xf9,0x33,0x33,0x33,0x33,0x33,0x3c,0xf8,0x00,0x00,0x01,0xff,0x30,0x00,0x0c,
0xf7,0x00,0x00,0x00,0x00,0x00,0x0b,0xf8,0x00,0x00,0x01,0xff,0x30,0x00,0x0c,0xf7,0x00,0x00,0x00,0x00,0x00,0x0b,0xf8,0x00,
0x00,0x01,0xff,0x30,0x00,0x0c,0xf7,0x00,0x00,0x00,0x00,0x00,0x0b,0xf8,0x00,0x00,0x01,0xff,0x30,0x00,0x0c,0xf7,0x00,0x00,
0x00,0x00,0x00,0x0b,0xf8,0x00,0x00,0x01,0xff,0x30,0x00,0x0c,0xfd,0xbb,0xbb,0xbb,0xbb,0xbb,0xbe,0xf8,0x00,0x00,0x01,0xff,
0x30,0x00,0x0c,0xff,0xff,0xff,0xff,0xff,0xff,0xff,0xf8,0x00,0x00,0x01,0xff,0x30,0x00,0x0c,0xfb,0x77,0x77,0x77,0x77,0x77,
0x7d,0xf8,0x00,0x00,0x01,0xff,0x30,0x00,0x0c,0xf7,0x00,0x00,0x00,0x00,0x00,0x0b,0xf8,0x00,0x00,0x00,0x44,0x00,0x00,0x02,
0x31,0x00,0x00,0x00,0x00,0x00,0x02,0x31,0x00,
/* U+503C */
0x00,0x00,0x00,0x01,0x00,0x00,0x00,0x00,0x00,0x12,0x00,0x00,0x00,0x00,0x00,0x00,0x00,0x00,0x1f,0xa1,0x00,0x00,0x00,0x00,
0x5f,0xf0,0x00,0x00,0x00,0x00,0x00,0x00,0x00,0x6f,0xf1,0x00,0x00,0x00,0x00,0x6f,0xd0,0x00,0x00,0x00,0x00,0x00,0x00,0x00,
0xdf,0xa0,0x22,0x22,0x22,0x22,0x9f,0xd2,0x22,0x22,0x22,0x10,0x00,0x00,0x03,0xff,0x30,0xff,0xff,0xff,0xff,0xff,0xff,0xff,
0xff,0xff,0xb0,0x00,0x00,0x0a,0xfd,0x00,0xef,0xff,0xff,0xff,0xff,0xff,0xff,0xff,0xff,0xa0,0x00,0x00,0x1f,0xf6,0x00,0x00,
0x00,0x00,0x00,0xdf,0x60,0x00,0x00,0x00,0x00,0x00,0x00,0x7f,0xf1,0x00,0x00,0x00,0x00,0x00,0xff,0x40,0x00,0x00,0x00,0x00,
0x00,0x01,0xef,0xf0,0x00,0x00,0x33,0x33,0x35,0xff,0x53,0x33,0x33,0x20,0x00,0x00,0x0b,0xff,0xf0,0x00,0x00,0xff,0xff,0xff,
0xff,0xff,0xff,0xff,0x90,0x00,0x00,0x5f,0xff,0xf0,0x00,0x00,0xff,0xdd,0xdd,0xdd,0xdd,0xdd,0xff,0x90,0x00,0x01,0xef,0xff,
0xf0,0x00,0x00,0xff,0x20,0x00,0x00,0x00,0x00,0x9f,0x90,0x00,0x0b,0xfe,0x6f,0xf0,0x00,0x00,0xff,0x20,0x00,0x00,0x00,0x00,
0x9f,0x90,0x00,0x5f,0xf4,0x4f,0xf0,0x00,0x00,0xff,0xa9,0x99,0x99,0x99,0x99,0xdf,0x90,0x00,0x6f,0x80,0x4f,0xf0,0x00,0x00,
0xff,0xff,0xff,0xff,0xff,0xff,0xff,0x90,0x00,0x1b,0x00,0x4f,0xf0,0x00,0x00,0xff,0x64,0x44,0x44,0x44,0x44,0xbf,0x90,0x00,
0x00,0x00,0x4f,0xf0,0x00,0x00,0xff,0x20,0x00,0x00,0x00,0x00,0x9f,0x90,0x00,0x00,0x00,0x4f,0xf0,0x00,0x00,0xff,0x31,0x11,
0x11,0x11,0x11,0xaf,0x90,0x00,0x00,0x00,0x4f,0xf0,0x00,0x00,0xff,0xff,0xff,0xff,0xff,0xff,0xff,0x90,0x00,0x00,0x00,0x4f,
0xf0,0x00,0x00,0xff,0xcc,0xcc,0xcc,0xcc,0xcc,0xef,0x90,0x00,0x00,0x00,0x4f,0xf0,0x00,0x00,0xff,0x20,0x00,0x00,0x00,0x00,
0x9f,0x90,0x00,0x00,0x00,0x4f,0xf0,0x00,0x00,0xff,0x20,0x00,0x00,0x00,0x00,0x9f,0x90,0x00,0x00,0x00,0x4f,0xf0,0x00,0x00,
0xff,0x98,0x88,0x88,0x88,0x88,0xdf,0x90,0x00,0x00,0x00,0x4f,0xf0,0x00,0x00,0xff,0xff,0xff,0xff,0xff,0xff,0xff,0x90,0x00,
0x00,0x00,0x4f,0xf0,0x00,0x00,0xff,0x64,0x44,0x44,0x44,0x44,0xbf,0x90,0x00,0x00,0x00,0x4f,0xf0,0x00,0x00,0xff,0x20,0x00,
0x00,0x00,0x00,0x9f,0x90,0x00,0x00,0x00,0x4f,0xf0,0x00,0x00,0xff,0x20,0x00,0x00,0x00,0x00,0x9f,0x90,0x00,0x00,0x00,0x4f,
0xf0,0x4d,0xde,0xff,0xed,0xdd,0xdd,0xdd,0xdd,0xff,0xfd,0xd8,0x00,0x00,0x4f,0xf0,0x5f,0xff,0xff,0xff,0xff,0xff,0xff,0xff,
0xff,0xff,0xf9,0x00,0x00,0x4f,0xf0,0x13,0x33,0x33,0x33,0x33,0x33,0x33,0x33,0x33,0x33,0x32,0x00,0x00,0x03,0x30,0x00,0x00,
0x00,0x00,0x00,0x00,0x00,0x00,0x00,0x00,0x00,
/* U+503E */
0x00,0x00,0x00,0xcb,0x26,0xb7,0x00,0x00,0x00,0x00,0x00,0x00,0x00,0x00,0x00,0x00,0x00,0x03,0xff,0x28,0xfa,0x00,0x05,0xee,
0xee,0xee,0xee,0xee,0xee,0xe8,0x00,0x00,0x09,0xfb,0x08,0xfa,0x00,0x06,0xff,0xff,0xff,0xff,0xff,0xff,0xf9,0x00,0x00,0x1f,
0xf4,0x08,0xfa,0x00,0x00,0x22,0x22,0x2b,0xfa,0x22,0x22,0x21,0x00,0x00,0x6f,0xe0,0x08,0xfa,0x00,0x00,0x00,0x00,0x0d,0xf6,
0x00,0x00,0x00,0x00,0x00,0xdf,0x70,0x08,0xfa,0x00,0x00,0x00,0x00,0x0f,0xf3,0x00,0x00,0x00,0x00,0x05,0xff,0x10,0x08,0xfa,
0x00,0x00,0x13,0x33,0x5f,0xf4,0x33,0x33,0x10,0x00,0x1e,0xff,0x00,0x08,0xfa,0x00,0x00,0x5f,0xff,0xff,0xff,0xff,0xff,0x80,
0x00,0xaf,0xff,0x00,0x08,0xfa,0x00,0x00,0x5f,0xfd,0xdd,0xdd,0xdd,0xff,0x80,0x05,0xff,0xff,0x00,0x08,0xfd,0xac,0xe4,0x5f,
0xc0,0x00,0x00,0x00,0xaf,0x80,0x1e,0xfd,0xff,0x00,0x08,0xff,0xff,0xf4,0x5f,0xc0,0x01,0x32,0x00,0xaf,0x80,0x9f,0xd4,0xff,
0x00,0x08,0xfd,0x64,0x20,0x5f,0xc0,0x08,0xfa,0x00,0xaf,0x80,0x8f,0x23,0xff,0x00,0x08,0xfa,0x00,0x00,0x5f,0xc0,0x08,0xfa,
0x00,0xaf,0x80,0x45,0x03,0xff,0x00,0x08,0xfa,0x00,0x00,0x5f,0xc0,0x08,0xfa,0x00,0xaf,0x80,0x00,0x03,0xff,0x00,0x08,0xfa,
0x00,0x00,0x5f,0xc0,0x08,0xfa,0x00,0xaf,0x80,0x00,0x03,0xff,0x00,0x08,0xfa,0x00,0x00,0x5f,0xc0,0x08,0xfa,0x00,0xaf,0x80,
0x00,0x03,0xff,0x00,0x08,0xfa,0x00,0x00,0x5f,0xc0,0x08,0xfa,0x00,0xaf,0x80,0x00,0x03,0xff,0x00,0x08,0xfa,0x00,0x00,0x5f,
0xc0,0x08,0xfa,0x00,0xaf,0x80,0x00,0x03,0xff,0x00,0x08,0xfa,0x00,0x00,0x5f,0xc0,0x09,0xf8,0x00,0xaf,0x80,0x00,0x03,0xff,
0x00,0x08,0xfa,0x00,0x00,0x5f,0xc0,0x0b,0xf6,0x00,0xaf,0x80,0x00,0x03,0xff,0x00,0x08,0xfa,0x04,0xd5,0x5f,0xc0,0x0e,0xf3,
0x00,0xaf,0x80,0x00,0x03,0xff,0x00,0x09,0xfb,0xbf,0xf7,0x5f,0xc0,0x2f,0xf1,0x00,0xaf,0x80,0x00,0x03,0xff,0x00,0x1e,0xff,
0xfc,0x40,0x01,0x10,0x9f,0xc0,0x00,0x11,0x00,0x00,0x03,0xff,0x00,0x4f,0xfc,0x40,0x00,0x00,0x01,0xff,0x52,0xd8,0x00,0x00,
0x00,0x03,0xff,0x00,0x0c,0x40,0x00,0x00,0x00,0x2d,0xfd,0x04,0xff,0xa0,0x00,0x00,0x03,0xff,0x00,0x00,0x00,0x00,0x00,0x03,
0xef,0xf3,0x00,0x3f,0xfb,0x00,0x00,0x03,0xff,0x00,0x00,0x00,0x00,0x04,0xbf,0xfe,0x20,0x00,0x03,0xff,0xa0,0x00,0x03,0xff,
0x00,0x00,0x00,0x00,0xaf,0xff,0xb1,0x00,0x00,0x00,0x4f,0xf7,0x00,0x03,0xff,0x00,0x00,0x00,0x00,0x3f,0x92,0x00,0x00,0x00,
0x00,0x06,0xe2,0x00,0x00,0x22,0x00,0x00,0x00,0x00,0x00,0x00,0x00,0x00,0x00,0x00,0x00,0x10,
/* U+505A */
0x00,0x00,0x00,0x99,0x20,0x00,0xab,0x20,0x00,0x00,0x0b,0x91,0x00,0x00,0x00,0x00,0x00,0x00,0xff,0x70,0x00,0xff,0x30,0x00,
0x00,0x2f,0xf0,0x00,0x00,0x00,0x00,0x00,0x06,0xff,0x10,0x00,0xff,0x30,0x00,0x00,0x4f,0xd0,0x00,0x00,0x00,0x00,0x00,0x0c,
0xfa,0x00,0x00,0xff,0x30,0x00,0x00,0x7f,0xa0,0x00,0x00,0x00,0x00,0x00,0x2f,0xf4,0x00,0x00,0xff,0x30,0x00,0x00,0xbf,0x92,
0x22,0x22,0x20,0x00,0x00,0x8f,0xd0,0x00,0x00,0xff,0x30,0x00,0x00,0xff,0xff,0xff,0xff,0xf5,0x00,0x00,0xef,0x72,0xff,0xff,
0xff,0xff,0xff,0x43,0xff,0xff,0xff,0xff,0xf5,0x00,0x07,0xff,0x22,0xff,0xff,0xff,0xff,0xff,0x48,0xfb,0x00,0x03,0xfc,0x00,
0x00,0x2f,0xff,0x10,0x22,0x22,0xff,0x52,0x22,0x0e,0xfc,0x00,0x04,0xfa,0x00,0x00,0xbf,0xff,0x10,0x00,0x00,0xff,0x30,0x00,
0x4f,0xfe,0x00,0x06,0xf9,0x00,0x05,0xff,0xff,0x10,0x00,0x00,0xff,0x30,0x00,0xbf,0xff,0x00,0x07,0xf7,0x00,0x1e,0xfd,0xff,
0x10,0x00,0x00,0xff,0x30,0x04,0xff,0xdf,0x20,0x08,0xf6,0x00,0x9f,0xe3,0xff,0x10,0x00,0x00,0xff,0x30,0x09,0xf8,0x8f,0x40,
0x0a,0xf4,0x00,0xbf,0x42,0xff,0x10,0x00,0x00,0xff,0x30,0x01,0xc0,0x5f,0x60,0x0b,0xf3,0x00,0x68,0x02,0xff,0x10,0x39,0x99,
0xff,0xa9,0x96,0x00,0x2f,0xb0,0x0f,0xf1,0x00,0x00,0x02,0xff,0x10,0x6f,0xff,0xff,0xff,0xfa,0x00,0x0f,0xf0,0x3f,0xe0,0x00,
0x00,0x02,0xff,0x10,0x6f,0xe7,0x77,0x7b,0xfa,0x00,0x0c,0xf4,0x7f,0x90,0x00,0x00,0x02,0xff,0x10,0x6f,0xc0,0x00,0x08,0xfa,
0x00,0x07,0xf9,0xbf,0x40,0x00,0x00,0x02,0xff,0x10,0x6f,0xc0,0x00,0x08,0xfa,0x00,0x01,0xfe,0xff,0x00,0x00,0x00,0x02,0xff,
0x10,0x6f,0xc0,0x00,0x08,0xfa,0x00,0x00,0xcf,0xfb,0x00,0x00,0x00,0x02,0xff,0x10,0x6f,0xc0,0x00,0x08,0xfa,0x00,0x00,0x6f,
0xf6,0x00,0x00,0x00,0x02,0xff,0x10,0x6f,0xc0,0x00,0x08,0xfa,0x00,0x00,0x5f,0xf5,0x00,0x00,0x00,0x02,0xff,0x10,0x6f,0xc0,
0x00,0x08,0xfa,0x00,0x01,0xef,0xfd,0x00,0x00,0x00,0x02,0xff,0x10,0x6f,0xe8,0x88,0x8c,0xfa,0x00,0x0a,0xfe,0xef,0x80,0x00,
0x00,0x02,0xff,0x10,0x6f,0xff,0xff,0xff,0xfa,0x00,0x5f,0xf3,0x5f,0xf3,0x00,0x00,0x02,0xff,0x10,0x6f,0xe7,0x77,0x77,0x75,
0x06,0xff,0x70,0x0a,0xfe,0x10,0x00,0x02,0xff,0x10,0x6f,0xc0,0x00,0x00,0x00,0x8f,0xfb,0x00,0x01,0xef,0xd1,0x00,0x02,0xff,
0x10,0x39,0x70,0x00,0x00,0x05,0xff,0xa0,0x00,0x00,0x2f,0xfa,0x00,0x02,0xff,0x10,0x00,0x00,0x00,0x00,0x00,0xc8,0x00,0x00,
0x00,0x04,0xc1,0x00,0x00,0x44,0x00,0x00,0x00,0x00,0x00,0x00,0x00,0x00,0x00,0x00,0x00,0x00,
/* U+505C */
0x00,0x00,0x00,0x10,0x00,0x00,0x00,0x00,0x01,0x20,0x00,0x00,0x00,0x00,0x00,0x00,0x00,0x09,0xe6,0x00,0x00,0x00,0x08,0xfe,
0x00,0x00,0x00,0x00,0x00,0x00,0x00,0x00,0xff,0x80,0x00,0x00,0x00,0x2f,0xf3,0x00,0x00,0x00,0x00,0x00,0x00,0x00,0x5f,0xf3,
0x88,0x88,0x88,0x88,0xef,0xc8,0x88,0x88,0x88,0x85,0x00,0x00,0x0b,0xfb,0x2f,0xff,0xff,0xff,0xff,0xff,0xff,0xff,0xff,0xff,
0xa0,0x00,0x02,0xff,0x51,0x77,0x77,0x77,0x77,0x77,0x77,0x77,0x77,0x77,0x75,0x00,0x00,0x8f,0xe0,0x00,0x00,0x00,0x00,0x00,
0x00,0x00,0x00,0x00,0x00,0x00,0x00,0x0e,0xf8,0x00,0x00,0xaa,0xaa,0xaa,0xaa,0xaa,0xaa,0xaa,0xa2,0x00,0x00,0x07,0xff,0x30,
0x00,0x0f,0xff,0xff,0xff,0xff,0xff,0xff,0xff,0x30,0x00,0x02,0xff,0xf2,0x00,0x00,0xff,0x41,0x11,0x11,0x11,0x11,0x2f,0xf3,
0x00,0x00,0xbf,0xff,0x20,0x00,0x0f,0xf3,0x00,0x00,0x00,0x00,0x00,0xff,0x30,0x00,0x6f,0xff,0xf2,0x00,0x00,0xff,0x75,0x55,
0x55,0x55,0x55,0x6f,0xf3,0x00,0x1e,0xfe,0xff,0x20,0x00,0x0f,0xff,0xff,0xff,0xff,0xff,0xff,0xff,0x30,0x0a,0xfe,0x4f,0xf2,
0x00,0x00,0x66,0x66,0x66,0x66,0x66,0x66,0x66,0x61,0x00,0xaf,0x42,0xff,0x20,0x00,0x00,0x00,0x00,0x00,0x00,0x00,0x00,0x00,
0x00,0x05,0x80,0x2f,0xf2,0x05,0xbb,0xbb,0xbb,0xbb,0xbb,0xbb,0xbb,0xbb,0xbb,0xb8,0x00,0x02,0xff,0x20,0x6f,0xff,0xff,0xff,
0xff,0xff,0xff,0xff,0xff,0xff,0xb0,0x00,0x2f,0xf2,0x06,0xfd,0x44,0x44,0x44,0x44,0x44,0x44,0x44,0x49,0xfb,0x00,0x02,0xff,
0x20,0x6f,0xc0,0x00,0x00,0x00,0x00,0x00,0x00,0x00,0x7f,0xb0,0x00,0x2f,0xf2,0x06,0xfc,0x00,0x00,0x00,0x00,0x00,0x00,0x00,
0x07,0xfb,0x00,0x02,0xff,0x20,0x5b,0xcd,0xdd,0xdd,0xdd,0xdd,0xdd,0xdd,0xdd,0xeb,0x80,0x00,0x2f,0xf2,0x00,0x04,0xff,0xff,
0xff,0xff,0xff,0xff,0xff,0xff,0x00,0x00,0x02,0xff,0x20,0x00,0x02,0x22,0x22,0x26,0xff,0x32,0x22,0x22,0x20,0x00,0x00,0x2f,
0xf2,0x00,0x00,0x00,0x00,0x00,0x4f,0xf1,0x00,0x00,0x00,0x00,0x00,0x02,0xff,0x20,0x00,0x00,0x00,0x00,0x04,0xff,0x10,0x00,
0x00,0x00,0x00,0x00,0x2f,0xf2,0x00,0x00,0x00,0x00,0x00,0x4f,0xf1,0x00,0x00,0x00,0x00,0x00,0x02,0xff,0x20,0x00,0x00,0x00,
0x00,0x04,0xff,0x10,0x00,0x00,0x00,0x00,0x00,0x2f,0xf2,0x00,0x00,0x00,0x33,0x22,0xaf,0xf0,0x00,0x00,0x00,0x00,0x00,0x02,
0xff,0x20,0x00,0x00,0x0a,0xff,0xff,0xfa,0x00,0x00,0x00,0x00,0x00,0x00,0x2f,0xf2,0x00,0x00,0x00,0x7f,0xff,0xe9,0x20,0x00,
0x00,0x00,0x00,0x00,0x00,0x33,0x00,0x00,0x00,0x00,0x00,0x00,0x00,0x00,0x00,0x00,0x00,0x00,
/* U+513F */
0x00,0x00,0x00,0x04,0x42,0x00,0x00,0x00,0x26,0x50,0x00,0x00,0x00,0x00,0x00,0x00,0x00,0x00,0xef,0x70,0x00,0x00,0x07,0xfd,
0x00,0x00,0x00,0x00,0x00,0x00,0x00,0x00,0x0e,0xf7,0x00,0x00,0x00,0x7f,0xd0,0x00,0x00,0x00,0x00,0x00,0x00,0x00,0x00,0xef,
0x70,0x00,0x00,0x07,0xfd,0x00,0x00,0x00,0x00,0x00,0x00,0x00,0x00,0x0e,0xf7,0x00,0x00,0x00,0x7f,0xd0,0x00,0x00,0x00,0x00,
0x00,0x00,0x00,0x00,0xef,0x70,0x00,0x00,0x07,0xfd,0x00,0x00,0x00,0x00,0x00,0x00,0x00,0x00,0x0e,0xf7,0x00,0x00,0x00,0x7f,
0xd0,0x00,0x00,0x00,0x00,0x00,0x00,0x00,0x00,0xef,0x70,0x00,0x00,0x07,0xfd,0x00,0x00,0x00,0x00,0x00,0x00,0x00,0x00,0x0e,
0xf7,0x00,0x00,0x00,0x7f,0xd0,0x00,0x00,0x00,0x00,0x00,0x00,0x00,0x00,0xef,0x70,0x00,0x00,0x07,0xfd,0x00,0x00,0x00,0x00,
0x00,0x00,0x00,0x00,0x0e,0xf7,0x00,0x00,0x00,0x7f,0xd0,0x00,0x00,0x00,0x00,0x00,0x00,0x00,0x00,0xef,0x70,0x00,0x00,0x07,
0xfd,0x00,0x00,0x00,0x00,0x00,0x00,0x00,0x00,0x0f,0xf5,0x00,0x00,0x00,0x7f,0xd0,0x00,0x00,0x00,0x00,0x00,0x00,0x00,0x01,
0xff,0x40,0x00,0x00,0x07,0xfd,0x00,0x00,0x00,0x00,0x00,0x00,0x00,0x00,0x2f,0xf2,0x00,0x00,0x00,0x7f,0xd0,0x00,0x00,0x00,
0x00,0x00,0x00,0x00,0x04,0xff,0x10,0x00,0x00,0x07,0xfd,0x00,0x00,0x00,0x00,0x00,0x00,0x00,0x00,0x5f,0xf0,0x00,0x00,0x00,
0x7f,0xd0,0x00,0x00,0x00,0x00,0x00,0x00,0x00,0x09,0xfc,0x00,0x00,0x00,0x07,0xfd,0x00,0x00,0x00,0x00,0x00,0x00,0x00,0x00,
0xef,0x70,0x00,0x00,0x00,0x7f,0xd0,0x00,0x00,0x00,0x00,0x00,0x00,0x00,0x3f,0xf2,0x00,0x00,0x00,0x07,0xfd,0x00,0x00,0x00,
0x00,0x00,0x00,0x00,0x08,0xfd,0x00,0x00,0x00,0x00,0x7f,0xd0,0x00,0x00,0x00,0x97,0x10,0x00,0x01,0xef,0x90,0x00,0x00,0x00,
0x07,0xfd,0x00,0x00,0x00,0x0d,0xf5,0x00,0x00,0x9f,0xf2,0x00,0x00,0x00,0x00,0x7f,0xd0,0x00,0x00,0x00,0xef,0x40,0x00,0x3f,
0xf7,0x00,0x00,0x00,0x00,0x07,0xfd,0x00,0x00,0x00,0x0f,0xf2,0x00,0x0d,0xfd,0x00,0x00,0x00,0x00,0x00,0x6f,0xe0,0x00,0x00,
0x04,0xff,0x00,0x1c,0xff,0x40,0x00,0x00,0x00,0x00,0x05,0xff,0x70,0x00,0x05,0xdf,0xc0,0x1d,0xff,0x70,0x00,0x00,0x00,0x00,
0x00,0x1f,0xff,0xff,0xff,0xff,0xf6,0x0d,0xff,0x60,0x00,0x00,0x00,0x00,0x00,0x00,0x6f,0xff,0xff,0xff,0xf9,0x00,0x3e,0x50,
0x00,0x00,0x00,0x00,0x00,0x00,0x00,0x03,0x33,0x33,0x30,0x00,0x00,
/* U+5148 */
0x00,0x00,0x00,0x00,0x00,0x00,0x00,0x11,0x00,0x00,0x00,0x00,0x00,0x00,0x00,0x00,0x00,0x00,0x58,0x40,0x00,0x00,0xef,0x70,
0x00,0x00,0x00,0x00,0x00,0x00,0x00,0x00,0x00,0xdf,0xb0,0x00,0x00,0xef,0x70,0x00,0x00,0x00,0x00,0x00,0x00,0x00,0x00,0x03,
0xff,0x60,0x00,0x00,0xef,0x70,0x00,0x00,0x00,0x00,0x00,0x00,0x00,0x00,0x09,0xff,0x00,0x00,0x00,0xef,0x70,0x00,0x00,0x00,
0x00,0x00,0x00,0x00,0x00,0x0f,0xfc,0x33,0x33,0x33,0xef,0x93,0x33,0x33,0x33,0x33,0x30,0x00,0x00,0x00,0x6f,0xff,0xff,0xff,
0xff,0xff,0xff,0xff,0xff,0xff,0xff,0xf0,0x00,0x00,0x01,0xef,0xff,0xff,0xff,0xff,0xff,0xff,0xff,0xff,0xff,0xff,0xf0,0x00,
0x00,0x0a,0xff,0x40,0x00,0x00,0x00,0xef,0x70,0x00,0x00,0x00,0x00,0x00,0x00,0x00,0x4f,0xfa,0x00,0x00,0x00,0x00,0xef,0x70,
0x00,0x00,0x00,0x00,0x00,0x00,0x00,0xef,0xf1,0x00,0x00,0x00,0x00,0xef,0x70,0x00,0x00,0x00,0x00,0x00,0x00,0x02,0xcf,0x70,
0x00,0x00,0x00,0x00,0xef,0x70,0x00,0x00,0x00,0x00,0x00,0x00,0x00,0x05,0x00,0x00,0x00,0x00,0x00,0xef,0x70,0x00,0x00,0x00,
0x00,0x00,0x00,0x00,0x00,0x00,0x00,0x00,0x00,0x00,0xef,0x70,0x00,0x00,0x00,0x00,0x00,0x00,0x0f,0xff,0xff,0xff,0xff,0xff,
0xff,0xff,0xff,0xff,0xff,0xff,0xff,0xff,0xf3,0x0f,0xff,0xff,0xff,0xff,0xff,0xff,0xff,0xff,0xff,0xff,0xff,0xff,0xff,0xf3,
0x03,0x33,0x33,0x33,0x37,0xff,0x43,0x33,0x33,0xef,0x93,0x33,0x33,0x33,0x30,0x00,0x00,0x00,0x00,0x07,0xfe,0x00,0x00,0x00,
0xef,0x70,0x00,0x00,0x00,0x00,0x00,0x00,0x00,0x00,0x0a,0xfc,0x00,0x00,0x00,0xef,0x70,0x00,0x00,0x00,0x00,0x00,0x00,0x00,
0x00,0x0c,0xf9,0x00,0x00,0x00,0xef,0x70,0x00,0x00,0x00,0x00,0x00,0x00,0x00,0x00,0x0f,0xf6,0x00,0x00,0x00,0xef,0x70,0x00,
0x00,0x00,0x00,0x00,0x00,0x00,0x00,0x7f,0xf2,0x00,0x00,0x00,0xef,0x70,0x00,0x00,0x02,0x00,0x00,0x00,0x00,0x00,0xef,0xb0,
0x00,0x00,0x00,0xef,0x70,0x00,0x00,0x0e,0xe3,0x00,0x00,0x00,0x08,0xff,0x40,0x00,0x00,0x00,0xef,0x70,0x00,0x00,0x0f,0xf4,
0x00,0x00,0x00,0x8f,0xfc,0x00,0x00,0x00,0x00,0xef,0x70,0x00,0x00,0x0f,0xf2,0x00,0x00,0x0a,0xff,0xc1,0x00,0x00,0x00,0x00,
0xef,0x70,0x00,0x00,0x2f,0xf0,0x00,0x05,0xdf,0xfc,0x10,0x00,0x00,0x00,0x00,0xdf,0xb0,0x00,0x00,0x7f,0xd0,0x04,0xcf,0xff,
0xc1,0x00,0x00,0x00,0x00,0x00,0xaf,0xfb,0x77,0x7a,0xff,0x90,0x2f,0xff,0xe5,0x00,0x00,0x00,0x00,0x00,0x00,0x3f,0xff,0xff,
0xff,0xff,0x30,0x05,0xf7,0x00,0x00,0x00,0x00,0x00,0x00,0x00,0x03,0x9b,0xbb,0xbb,0x93,0x00,
/* U+5173 */
0x00,0x00,0x00,0x00,0x00,0x00,0x00,0x00,0x00,0x00,0x02,0x00,0x00,0x00,0x00,0x00,0x00,0x00,0x05,0xc4,0x00,0x00,0x00,0x00,
0x00,0x6f,0xd0,0x00,0x00,0x00,0x00,0x00,0x00,0x0d,0xfe,0x00,0x00,0x00,0x00,0x00,0xcf,0x90,0x00,0x00,0x00,0x00,0x00,0x00,
0x03,0xff,0x90,0x00,0x00,0x00,0x03,0xff,0x20,0x00,0x00,0x00,0x00,0x00,0x00,0x00,0x8f,0xf4,0x00,0x00,0x00,0x0a,0xfa,0x00,
0x00,0x00,0x00,0x00,0x00,0x00,0x00,0x0d,0xfe,0x00,0x00,0x00,0x2f,0xf3,0x00,0x00,0x00,0x00,0x00,0x00,0x00,0x00,0x03,0xfe,
0x40,0x00,0x00,0xbf,0xb0,0x00,0x00,0x00,0x00,0x00,0x07,0x77,0x77,0x77,0xb8,0x77,0x77,0x78,0xff,0xb7,0x77,0x77,0x60,0x00,
0x00,0x0e,0xff,0xff,0xff,0xff,0xff,0xff,0xff,0xff,0xff,0xff,0xff,0xd0,0x00,0x00,0x0a,0xcc,0xcc,0xcc,0xcc,0xcc,0xff,0xcc,
0xcc,0xcc,0xcc,0xcc,0xa0,0x00,0x00,0x00,0x00,0x00,0x00,0x00,0x02,0xff,0x20,0x00,0x00,0x00,0x00,0x00,0x00,0x00,0x00,0x00,
0x00,0x00,0x00,0x03,0xff,0x20,0x00,0x00,0x00,0x00,0x00,0x00,0x00,0x00,0x00,0x00,0x00,0x00,0x05,0xff,0x00,0x00,0x00,0x00,
0x00,0x00,0x00,0x00,0x00,0x00,0x00,0x00,0x00,0x06,0xff,0x00,0x00,0x00,0x00,0x00,0x00,0x00,0x00,0x00,0x00,0x00,0x00,0x00,
0x08,0xfd,0x00,0x00,0x00,0x00,0x00,0x00,0x00,0x03,0x44,0x44,0x44,0x44,0x44,0x4b,0xfd,0x44,0x44,0x44,0x44,0x44,0x44,0x30,
0x0b,0xff,0xff,0xff,0xff,0xff,0xff,0xff,0xff,0xff,0xff,0xff,0xff,0xff,0xb0,0x0a,0xff,0xff,0xff,0xff,0xff,0xff,0xff,0xff,
0xff,0xff,0xff,0xff,0xff,0xa0,0x00,0x00,0x00,0x00,0x00,0x00,0x8f,0xff,0xf6,0x00,0x00,0x00,0x00,0x00,0x00,0x00,0x00,0x00,
0x00,0x00,0x00,0xef,0x97,0xfe,0x00,0x00,0x00,0x00,0x00,0x00,0x00,0x00,0x00,0x00,0x00,0x07,0xff,0x10,0xef,0x70,0x00,0x00,
0x00,0x00,0x00,0x00,0x00,0x00,0x00,0x00,0x0e,0xf8,0x00,0x7f,0xf4,0x00,0x00,0x00,0x00,0x00,0x00,0x00,0x00,0x00,0x00,0xbf,
0xf1,0x00,0x0b,0xff,0x30,0x00,0x00,0x00,0x00,0x00,0x00,0x00,0x00,0x0b,0xff,0x70,0x00,0x00,0xdf,0xf3,0x00,0x00,0x00,0x00,
0x00,0x00,0x00,0x03,0xdf,0xf8,0x00,0x00,0x00,0x1d,0xff,0x80,0x00,0x00,0x00,0x00,0x00,0x01,0x8f,0xff,0x80,0x00,0x00,0x00,
0x01,0xcf,0xfd,0x30,0x00,0x00,0x00,0x01,0x8f,0xff,0xe4,0x00,0x00,0x00,0x00,0x00,0x07,0xff,0xfb,0x40,0x00,0x05,0xbf,0xff,
0xf9,0x10,0x00,0x00,0x00,0x00,0x00,0x00,0x3d,0xff,0xfd,0x60,0x1e,0xff,0xf9,0x10,0x00,0x00,0x00,0x00,0x00,0x00,0x00,0x00,
0x6d,0xff,0xf3,0x05,0xc6,0x00,0x00,0x00,0x00,0x00,0x00,0x00,0x00,0x00,0x00,0x00,0x5d,0x90,
/* U+5185 */
0x00,0x00,0x00,0x00,0x00,0x00,0x23,0x20,0x00,0x00,0x00,0x00,0x00,0x00,0x00,0x00,0x00,0x00,0x00,0xbf,0xa0,0x00,0x00,0x00,
0x00,0x00,0x00,0x00,0x00,0x00,0x00,0x00,0xcf,0x90,0x00,0x00,0x00,0x00,0x00,0x00,0x00,0x00,0x00,0x00,0x00,0xcf,0x80,0x00,
0x00,0x00,0x00,0x00,0x00,0x00,0x00,0x00,0x00,0x00,0xdf,0x80,0x00,0x00,0x00,0x00,0x00,0x00,0x00,0x00,0x00,0x00,0x00,0xef,
0x70,0x00,0x00,0x00,0x00,0x00,0xaf,0xff,0xff,0xff,0xff,0xff,0xff,0xff,0xff,0xff,0xff,0xff,0xfa,0xaf,0xff,0xff,0xff,0xff,
0xff,0xff,0xff,0xff,0xff,0xff,0xff,0xfa,0xaf,0xc3,0x33,0x33,0x33,0x37,0xff,0x53,0x33,0x33,0x33,0x3b,0xfa,0xaf,0xb0,0x00,
0x00,0x00,0x07,0xff,0x00,0x00,0x00,0x00,0x0a,0xfa,0xaf,0xb0,0x00,0x00,0x00,0x0a,0xfc,0x00,0x00,0x00,0x00,0x0a,0xfa,0xaf,
0xb0,0x00,0x00,0x00,0x0e,0xfa,0x00,0x00,0x00,0x00,0x0a,0xfa,0xaf,0xb0,0x00,0x00,0x00,0x2f,0xff,0x60,0x00,0x00,0x00,0x0a,
0xfa,0xaf,0xb0,0x00,0x00,0x00,0x8f,0xff,0xf6,0x00,0x00,0x00,0x0a,0xfa,0xaf,0xb0,0x00,0x00,0x00,0xff,0xa9,0xff,0x50,0x00,
0x00,0x0a,0xfa,0xaf,0xb0,0x00,0x00,0x09,0xff,0x30,0xbf,0xf5,0x00,0x00,0x0a,0xfa,0xaf,0xb0,0x00,0x00,0x3f,0xfb,0x00,0x0c,
0xff,0x40,0x00,0x0a,0xfa,0xaf,0xb0,0x00,0x01,0xef,0xf1,0x00,0x00,0xdf,0xf2,0x00,0x0a,0xfa,0xaf,0xb0,0x00,0x1d,0xff,0x50,
0x00,0x00,0x1e,0xfd,0x10,0x0a,0xfa,0xaf,0xb0,0x02,0xdf,0xf8,0x00,0x00,0x00,0x03,0xff,0xb0,0x0a,0xfa,0xaf,0xb0,0x5f,0xff,
0x80,0x00,0x00,0x00,0x00,0x7f,0xf9,0x0a,0xfa,0xaf,0xb0,0xdf,0xf7,0x00,0x00,0x00,0x00,0x00,0x0a,0xf6,0x0a,0xfa,0xaf,0xb0,
0x2d,0x30,0x00,0x00,0x00,0x00,0x00,0x01,0x60,0x0a,0xfa,0xaf,0xb0,0x00,0x00,0x00,0x00,0x00,0x00,0x00,0x00,0x00,0x0a,0xfa,
0xaf,0xb0,0x00,0x00,0x00,0x00,0x00,0x00,0x00,0x00,0x00,0x0a,0xfa,0xaf,0xb0,0x00,0x00,0x00,0x00,0x00,0x00,0x00,0x00,0x00,
0x0a,0xfa,0xaf,0xb0,0x00,0x00,0x00,0x00,0x00,0x00,0x00,0x00,0x00,0x0c,0xfa,0xaf,0xb0,0x00,0x00,0x00,0x00,0x00,0x00,0x07,
0x66,0x55,0x9f,0xf8,0xaf,0xb0,0x00,0x00,0x00,0x00,0x00,0x00,0x0d,0xff,0xff,0xff,0xf3,0xaf,0xb0,0x00,0x00,0x00,0x00,0x00,
0x00,0x07,0xdd,0xdd,0xdb,0x40,0x12,0x10,0x00,0x00,0x00,0x00,0x00,0x00,0x00,0x00,0x00,0x00,0x00,
/* U+518D */
0x04,0xaa,0xaa,0xaa,0xaa,0xaa,0xaa,0xaa,0xaa,0xaa,0xaa,0xaa,0xaa,0xaa,0x50,0x07,0xff,0xff,0xff,0xff,0xff,0xff,0xff,0xff,
0xff,0xff,0xff,0xff,0xff,0x70,0x03,0x88,0x88,0x88,0x88,0x88,0x89,0xff,0x98,0x88,0x88,0x88,0x88,0x88,0x30,0x00,0x00,0x00,
0x00,0x00,0x00,0x02,0xff,0x20,0x00,0x00,0x00,0x00,0x00,0x00,0x00,0x00,0x00,0x00,0x00,0x00,0x02,0xff,0x20,0x00,0x00,0x00,
0x00,0x00,0x00,0x00,0x00,0x23,0x33,0x33,0x33,0x35,0xff,0x53,0x33,0x33,0x33,0x32,0x00,0x00,0x00,0x00,0xbf,0xff,0xff,0xff,
0xff,0xff,0xff,0xff,0xff,0xff,0xfb,0x00,0x00,0x00,0x00,0xbf,0xfe,0xee,0xee,0xee,0xff,0xee,0xee,0xee,0xef,0xfb,0x00,0x00,
0x00,0x00,0xbf,0x80,0x00,0x00,0x02,0xff,0x20,0x00,0x00,0x08,0xfb,0x00,0x00,0x00,0x00,0xbf,0x80,0x00,0x00,0x02,0xff,0x20,
0x00,0x00,0x08,0xfb,0x00,0x00,0x00,0x00,0xbf,0x80,0x00,0x00,0x02,0xff,0x20,0x00,0x00,0x08,0xfb,0x00,0x00,0x00,0x00,0xbf,
0x92,0x22,0x22,0x24,0xff,0x42,0x22,0x22,0x29,0xfb,0x00,0x00,0x00,0x00,0xbf,0xff,0xff,0xff,0xff,0xff,0xff,0xff,0xff,0xff,
0xfb,0x00,0x00,0x00,0x00,0xbf,0xed,0xdd,0xdd,0xde,0xff,0xed,0xdd,0xdd,0xde,0xfb,0x00,0x00,0x00,0x00,0xbf,0x80,0x00,0x00,
0x02,0xff,0x20,0x00,0x00,0x08,0xfb,0x00,0x00,0x00,0x00,0xbf,0x80,0x00,0x00,0x02,0xff,0x20,0x00,0x00,0x08,0xfb,0x00,0x00,
0x00,0x00,0xbf,0x80,0x00,0x00,0x02,0xff,0x20,0x00,0x00,0x08,0xfb,0x00,0x00,0x01,0x11,0xbf,0x81,0x11,0x11,0x13,0xff,0x31,
0x11,0x11,0x18,0xfb,0x11,0x10,0x6f,0xff,0xff,0xff,0xff,0xff,0xff,0xff,0xff,0xff,0xff,0xff,0xff,0xff,0xf6,0x6f,0xff,0xff,
0xff,0xff,0xff,0xff,0xff,0xff,0xff,0xff,0xff,0xff,0xff,0xf6,0x01,0x11,0xbf,0x91,0x11,0x11,0x11,0x11,0x11,0x11,0x11,0x19,
0xfb,0x11,0x10,0x00,0x00,0xbf,0x80,0x00,0x00,0x00,0x00,0x00,0x00,0x00,0x08,0xfb,0x00,0x00,0x00,0x00,0xbf,0x80,0x00,0x00,
0x00,0x00,0x00,0x00,0x00,0x08,0xfb,0x00,0x00,0x00,0x00,0xbf,0x80,0x00,0x00,0x00,0x00,0x00,0x00,0x00,0x08,0xfb,0x00,0x00,
0x00,0x00,0xbf,0x80,0x00,0x00,0x00,0x00,0x00,0x00,0x00,0x09,0xfb,0x00,0x00,0x00,0x00,0xbf,0x80,0x00,0x00,0x00,0x00,0x00,
0x01,0x10,0x3e,0xfa,0x00,0x00,0x00,0x00,0xbf,0x80,0x00,0x00,0x00,0x00,0x00,0x0c,0xff,0xff,0xf6,0x00,0x00,0x00,0x00,0xbf,
0x80,0x00,0x00,0x00,0x00,0x00,0x07,0xff,0xff,0x90,0x00,0x00,0x00,0x00,0x23,0x10,0x00,0x00,0x00,0x00,0x00,0x00,0x11,0x10,
0x00,0x00,0x00,
/* U+51B3 */
0x00,0x00,0x00,0x00,0x00,0x00,0x00,0x00,0x01,0x10,0x00,0x00,0x00,0x00,0x00,0x00,0x00,0x00,0x00,0x00,0x00,0x00,0x00,0x1f,
0xf2,0x00,0x00,0x00,0x00,0x00,0x05,0xd1,0x00,0x00,0x00,0x00,0x00,0x00,0x1f,0xf2,0x00,0x00,0x00,0x00,0x00,0x0e,0xfc,0x00,
0x00,0x00,0x00,0x00,0x00,0x1f,0xf2,0x00,0x00,0x00,0x00,0x00,0x04,0xff,0x70,0x00,0x00,0x00,0x00,0x00,0x1f,0xf2,0x00,0x00,
0x00,0x00,0x00,0x00,0x8f,0xf3,0x00,0x00,0x25,0x55,0x55,0x6f,0xf6,0x55,0x55,0x55,0x20,0x00,0x00,0x0d,0xfd,0x00,0x00,0x8f,
0xff,0xff,0xff,0xff,0xff,0xff,0xff,0x70,0x00,0x00,0x03,0xff,0x70,0x00,0x7d,0xdd,0xdd,0xdf,0xfe,0xdd,0xdd,0xff,0x70,0x00,
0x00,0x00,0x9f,0xf2,0x00,0x00,0x00,0x00,0x1f,0xf2,0x00,0x00,0xcf,0x70,0x00,0x00,0x00,0x0e,0xe3,0x00,0x00,0x00,0x00,0x1f,
0xf2,0x00,0x00,0xcf,0x70,0x00,0x00,0x00,0x04,0x10,0x00,0x00,0x00,0x00,0x1f,0xf1,0x00,0x00,0xcf,0x70,0x00,0x00,0x00,0x00,
0x00,0x00,0x00,0x00,0x00,0x2f,0xf0,0x00,0x00,0xcf,0x70,0x00,0x00,0x00,0x00,0x00,0x00,0x00,0x00,0x00,0x3f,0xf0,0x00,0x00,
0xcf,0x70,0x00,0x00,0x00,0x00,0x00,0x00,0x00,0x00,0x00,0x5f,0xe0,0x00,0x00,0xcf,0x70,0x00,0x00,0x00,0x00,0x00,0x00,0x00,
0x00,0x00,0x6f,0xd0,0x00,0x00,0xcf,0x70,0x00,0x00,0x00,0x03,0x92,0x0c,0xee,0xee,0xee,0xff,0xfe,0xee,0xee,0xff,0xfe,0xe4,
0x00,0x00,0x09,0xfb,0x0d,0xff,0xff,0xff,0xff,0xff,0xff,0xff,0xff,0xff,0xf4,0x00,0x00,0x0e,0xf6,0x03,0x33,0x33,0x34,0xff,
0xff,0x43,0x33,0x33,0x33,0x31,0x00,0x00,0x5f,0xf1,0x00,0x00,0x00,0x06,0xfe,0xaf,0x70,0x00,0x00,0x00,0x00,0x00,0x00,0xaf,
0xa0,0x00,0x00,0x00,0x0c,0xf9,0x2f,0xf1,0x00,0x00,0x00,0x00,0x00,0x01,0xff,0x50,0x00,0x00,0x00,0x2f,0xf3,0x09,0xf9,0x00,
0x00,0x00,0x00,0x00,0x06,0xff,0x00,0x00,0x00,0x00,0xbf,0xd0,0x01,0xff,0x50,0x00,0x00,0x00,0x00,0x0d,0xf9,0x00,0x00,0x00,
0x06,0xff,0x40,0x00,0x5f,0xf2,0x00,0x00,0x00,0x00,0x4f,0xf3,0x00,0x00,0x00,0x1f,0xfa,0x00,0x00,0x0a,0xfd,0x10,0x00,0x00,
0x00,0xbf,0xc0,0x00,0x00,0x01,0xdf,0xe1,0x00,0x00,0x00,0xdf,0xd1,0x00,0x00,0x02,0xff,0x50,0x00,0x00,0x2e,0xff,0x40,0x00,
0x00,0x00,0x1e,0xfd,0x10,0x00,0x09,0xfe,0x00,0x00,0x05,0xef,0xf4,0x00,0x00,0x00,0x00,0x02,0xef,0xe4,0x00,0x1f,0xf8,0x00,
0x02,0xbf,0xff,0x40,0x00,0x00,0x00,0x00,0x00,0x2d,0xff,0x90,0x2c,0xf1,0x00,0x0d,0xff,0xc2,0x00,0x00,0x00,0x00,0x00,0x00,
0x01,0xbf,0xf8,0x00,0x20,0x00,0x03,0xe6,0x00,0x00,0x00,0x00,0x00,0x00,0x00,0x00,0x07,0xb0,
/* U+51FA */
0x00,0x00,0x00,0x00,0x00,0x00,0x22,0x00,0x00,0x00,0x00,0x00,0x00,0x00,0x00,0x00,0x00,0x00,0x02,0xff,0x20,0x00,0x00,0x00,
0x00,0x00,0x00,0x00,0x00,0x00,0x00,0x02,0xff,0x20,0x00,0x00,0x00,0x00,0x00,0x00,0xbb,0x30,0x00,0x00,0x02,0xff,0x20,0x00,
0x00,0x03,0xbb,0x00,0x00,0xff,0x50,0x00,0x00,0x02,0xff,0x20,0x00,0x00,0x05,0xff,0x00,0x00,0xff,0x50,0x00,0x00,0x02,0xff,
0x20,0x00,0x00,0x05,0xff,0x00,0x00,0xff,0x50,0x00,0x00,0x02,0xff,0x20,0x00,0x00,0x05,0xff,0x00,0x00,0xff,0x50,0x00,0x00,
0x02,0xff,0x20,0x00,0x00,0x05,0xff,0x00,0x00,0xff,0x50,0x00,0x00,0x02,0xff,0x20,0x00,0x00,0x05,0xff,0x00,0x00,0xff,0x50,
0x00,0x00,0x02,0xff,0x20,0x00,0x00,0x05,0xff,0x00,0x00,0xff,0x50,0x00,0x00,0x02,0xff,0x20,0x00,0x00,0x05,0xff,0x00,0x00,
0xff,0x50,0x00,0x00,0x03,0xff,0x30,0x00,0x00,0x05,0xff,0x00,0x00,0xff,0xff,0xff,0xff,0xff,0xff,0xff,0xff,0xff,0xff,0xff,
0x00,0x00,0xff,0xff,0xff,0xff,0xff,0xff,0xff,0xff,0xff,0xff,0xff,0x00,0x00,0x33,0x33,0x33,0x33,0x35,0xff,0x53,0x33,0x33,
0x33,0x33,0x00,0x00,0x00,0x00,0x00,0x00,0x02,0xff,0x20,0x00,0x00,0x00,0x00,0x00,0x00,0x00,0x00,0x00,0x00,0x02,0xff,0x20,
0x00,0x00,0x00,0x00,0x00,0x6c,0x90,0x00,0x00,0x00,0x02,0xff,0x20,0x00,0x00,0x00,0x09,0xc6,0x8f,0xc0,0x00,0x00,0x00,0x02,
0xff,0x20,0x00,0x00,0x00,0x0c,0xf8,0x8f,0xc0,0x00,0x00,0x00,0x02,0xff,0x20,0x00,0x00,0x00,0x0c,0xf8,0x8f,0xc0,0x00,0x00,
0x00,0x02,0xff,0x20,0x00,0x00,0x00,0x0c,0xf8,0x8f,0xc0,0x00,0x00,0x00,0x02,0xff,0x20,0x00,0x00,0x00,0x0c,0xf8,0x8f,0xc0,
0x00,0x00,0x00,0x02,0xff,0x20,0x00,0x00,0x00,0x0c,0xf8,0x8f,0xc0,0x00,0x00,0x00,0x02,0xff,0x20,0x00,0x00,0x00,0x0c,0xf8,
0x8f,0xc0,0x00,0x00,0x00,0x02,0xff,0x20,0x00,0x00,0x00,0x0c,0xf8,0x8f,0xc0,0x00,0x00,0x00,0x03,0xff,0x30,0x00,0x00,0x00,
0x0c,0xf8,0x8f,0xff,0xff,0xff,0xff,0xff,0xff,0xff,0xff,0xff,0xff,0xff,0xf8,0x8f,0xff,0xff,0xff,0xff,0xff,0xff,0xff,0xff,
0xff,0xff,0xff,0xf8,0x12,0x22,0x22,0x22,0x22,0x22,0x22,0x22,0x22,0x22,0x22,0x2d,0xf8,0x00,0x00,0x00,0x00,0x00,0x00,0x00,
0x00,0x00,0x00,0x00,0x0c,0xf8,
/* U+5212 */
0x00,0x00,0x01,0x10,0x00,0x00,0x00,0x00,0x00,0x00,0x00,0x00,0x00,0x00,0x00,0x00,0x06,0xff,0x00,0x4d,0xb0,0x00,0x00,0x00,
0x00,0x00,0x00,0x0f,0xf4,0x00,0x00,0x5f,0xf0,0x02,0xff,0x60,0x00,0x00,0x00,0x00,0x00,0x00,0xff,0x40,0x00,0x05,0xff,0x00,
0x06,0xff,0x30,0x00,0x00,0x25,0x40,0x00,0x0f,0xf4,0x00,0x00,0x5f,0xf0,0x00,0x0b,0xfd,0x00,0x00,0x06,0xfd,0x00,0x00,0xff,
0x40,0x00,0x04,0xff,0x00,0x00,0x1e,0xf4,0x00,0x00,0x6f,0xd0,0x00,0x0f,0xf4,0x00,0x00,0x3f,0xf1,0x00,0x00,0x31,0x00,0x00,
0x06,0xfd,0x00,0x00,0xff,0x40,0x00,0x02,0xff,0x20,0x00,0x00,0x00,0x00,0x00,0x6f,0xd0,0x00,0x0f,0xf4,0x00,0x00,0x1f,0xf3,
0x00,0x14,0x69,0xbd,0x70,0x06,0xfd,0x00,0x00,0xff,0x40,0x00,0x03,0xff,0xbc,0xff,0xff,0xff,0xf9,0x00,0x6f,0xd0,0x00,0x0f,
0xf4,0x2b,0xdf,0xff,0xff,0xff,0xff,0xeb,0x96,0x30,0x06,0xfd,0x00,0x00,0xff,0x42,0xff,0xff,0xff,0xc8,0x53,0x00,0x00,0x00,
0x00,0x6f,0xd0,0x00,0x0f,0xf4,0x09,0x74,0x2b,0xf9,0x00,0x00,0x02,0x40,0x00,0x06,0xfd,0x00,0x00,0xff,0x40,0x00,0x00,0x9f,
0xb0,0x00,0x00,0xaf,0x90,0x00,0x6f,0xd0,0x00,0x0f,0xf4,0x00,0x00,0x07,0xfd,0x00,0x00,0x3f,0xf6,0x00,0x06,0xfd,0x00,0x00,
0xff,0x40,0x00,0x00,0x4f,0xf0,0x00,0x0b,0xfd,0x00,0x00,0x6f,0xd0,0x00,0x0f,0xf4,0x00,0x00,0x01,0xff,0x30,0x04,0xff,0x40,
0x00,0x06,0xfd,0x00,0x00,0xff,0x40,0x00,0x00,0x0d,0xf7,0x01,0xef,0xc0,0x00,0x00,0x6f,0xd0,0x00,0x0f,0xf4,0x00,0x00,0x00,
0x9f,0xb0,0xbf,0xf3,0x00,0x00,0x06,0xfd,0x00,0x00,0xff,0x40,0x00,0x00,0x04,0xff,0x8f,0xf6,0x00,0x00,0x00,0x6f,0xd0,0x00,
0x0f,0xf4,0x00,0x00,0x00,0x0f,0xff,0xfa,0x00,0x00,0x00,0x06,0xfd,0x00,0x00,0xff,0x40,0x00,0x00,0x00,0xbf,0xfc,0x00,0x00,
0x00,0x00,0x6f,0xd0,0x00,0x0f,0xf4,0x00,0x00,0x00,0x8f,0xff,0x20,0x00,0x00,0x20,0x06,0xfd,0x00,0x00,0xff,0x40,0x00,0x01,
0xcf,0xff,0xf7,0x00,0x00,0x2f,0x80,0x49,0x70,0x00,0x0f,0xf4,0x00,0x06,0xef,0xfb,0x8f,0xe0,0x00,0x05,0xfc,0x00,0x00,0x00,
0x00,0xff,0x40,0x6e,0xff,0xf7,0x00,0xdf,0xa0,0x00,0xaf,0x70,0x00,0x00,0x00,0x0f,0xf4,0x8f,0xff,0xc3,0x00,0x04,0xff,0x70,
0x0e,0xf2,0x00,0x00,0x00,0x01,0xff,0x40,0xdd,0x50,0x00,0x00,0x07,0xff,0xca,0xfc,0x00,0x03,0x33,0x23,0x9f,0xf1,0x01,0x00,
0x00,0x00,0x00,0x08,0xff,0xff,0x30,0x00,0xaf,0xff,0xff,0xfb,0x00,0x00,0x00,0x00,0x00,0x00,0x05,0xbe,0x60,0x00,0x06,0xee,
0xee,0xd8,0x20,
/* U+522B */
0x00,0x00,0x00,0x00,0x00,0x00,0x00,0x00,0x00,0x00,0x00,0x00,0x00,0xff,0x40,0x0c,0xdd,0xdd,0xdd,0xdd,0xdd,0xdd,0x90,0x00,
0x00,0x00,0x00,0x0f,0xf4,0x00,0xef,0xff,0xff,0xff,0xff,0xff,0xfb,0x00,0x03,0x52,0x00,0x00,0xff,0x40,0x0e,0xf7,0x33,0x33,
0x33,0x33,0x9f,0xb0,0x00,0xaf,0x80,0x00,0x0f,0xf4,0x00,0xef,0x40,0x00,0x00,0x00,0x08,0xfb,0x00,0x0a,0xf8,0x00,0x00,0xff,
0x40,0x0e,0xf4,0x00,0x00,0x00,0x00,0x8f,0xb0,0x00,0xaf,0x80,0x00,0x0f,0xf4,0x00,0xef,0x40,0x00,0x00,0x00,0x08,0xfb,0x00,
0x0a,0xf8,0x00,0x00,0xff,0x40,0x0e,0xf4,0x00,0x00,0x00,0x00,0x8f,0xb0,0x00,0xaf,0x80,0x00,0x0f,0xf4,0x00,0xef,0x40,0x00,
0x00,0x00,0x08,0xfb,0x00,0x0a,0xf8,0x00,0x00,0xff,0x40,0x0e,0xfd,0xcc,0xcc,0xcc,0xcc,0xef,0xb0,0x00,0xaf,0x80,0x00,0x0f,
0xf4,0x00,0xef,0xff,0xff,0xff,0xff,0xff,0xfb,0x00,0x0a,0xf8,0x00,0x00,0xff,0x40,0x04,0x44,0x44,0xef,0x94,0x44,0x44,0x30,
0x00,0xaf,0x80,0x00,0x0f,0xf4,0x00,0x00,0x00,0x0e,0xf5,0x00,0x00,0x00,0x00,0x0a,0xf8,0x00,0x00,0xff,0x40,0x00,0x00,0x00,
0xff,0x40,0x00,0x00,0x00,0x00,0xaf,0x80,0x00,0x0f,0xf4,0x00,0x00,0x00,0x1f,0xf3,0x00,0x00,0x00,0x00,0x0a,0xf8,0x00,0x00,
0xff,0x41,0xcc,0xcc,0xcc,0xff,0xdc,0xcc,0xcc,0xc0,0x00,0xaf,0x80,0x00,0x0f,0xf4,0x1f,0xff,0xff,0xff,0xff,0xff,0xff,0xff,
0x00,0x0a,0xf8,0x00,0x00,0xff,0x40,0x55,0x55,0x5a,0xfd,0x55,0x55,0x8f,0xf0,0x00,0xaf,0x80,0x00,0x0f,0xf4,0x00,0x00,0x00,
0xaf,0x90,0x00,0x04,0xff,0x00,0x0a,0xf8,0x00,0x00,0xff,0x40,0x00,0x00,0x0e,0xf6,0x00,0x00,0x4f,0xf0,0x00,0xaf,0x80,0x00,
0x0f,0xf4,0x00,0x00,0x04,0xff,0x20,0x00,0x05,0xff,0x00,0x0a,0xf8,0x00,0x00,0xff,0x40,0x00,0x00,0xaf,0xc0,0x00,0x00,0x5f,
0xe0,0x00,0xaf,0x80,0x00,0x0f,0xf4,0x00,0x00,0x4f,0xf5,0x00,0x00,0x06,0xfd,0x00,0x06,0x95,0x00,0x00,0xff,0x40,0x00,0x0e,
0xfb,0x00,0x00,0x00,0x7f,0xc0,0x00,0x00,0x00,0x00,0x0f,0xf4,0x00,0x09,0xff,0x20,0x00,0x00,0x09,0xfb,0x00,0x00,0x00,0x00,
0x00,0xff,0x40,0x0a,0xff,0x70,0x00,0x00,0x02,0xff,0x80,0x00,0x00,0x00,0x00,0x2f,0xf4,0x1c,0xff,0x90,0x00,0x45,0x48,0xdf,
0xf3,0x00,0x00,0x33,0x32,0x3a,0xff,0x08,0xff,0x80,0x00,0x09,0xff,0xff,0xf8,0x00,0x00,0x09,0xff,0xff,0xff,0xb0,0x0c,0x60,
0x00,0x00,0x3b,0xba,0x93,0x00,0x00,0x00,0x5e,0xee,0xed,0xa2,0x00,
/* U+5230 */
0x00,0x00,0x00,0x00,0x00,0x00,0x00,0x00,0x00,0x00,0x00,0x00,0x00,0xff,0x40,0xbb,0xbb,0xbb,0xbb,0xbb,0xbb,0xbb,0xbb,0x00,
0x00,0x00,0x00,0x0f,0xf4,0x0f,0xff,0xff,0xff,0xff,0xff,0xff,0xff,0xf0,0x01,0x22,0x00,0x00,0xff,0x40,0x67,0x77,0x7e,0xfc,
0x77,0x77,0x77,0x76,0x00,0x6f,0xd0,0x00,0x0f,0xf4,0x00,0x00,0x04,0xff,0x20,0x00,0x00,0x00,0x00,0x06,0xfd,0x00,0x00,0xff,
0x40,0x00,0x00,0xcf,0xa0,0x00,0x4e,0x50,0x00,0x00,0x6f,0xd0,0x00,0x0f,0xf4,0x00,0x00,0x5f,0xf2,0x00,0x08,0xfe,0x10,0x00,
0x06,0xfd,0x00,0x00,0xff,0x40,0x00,0x0e,0xf9,0x00,0x00,0x0d,0xfb,0x00,0x00,0x6f,0xd0,0x00,0x0f,0xf4,0x00,0x09,0xfd,0x00,
0x00,0x00,0x3f,0xf6,0x00,0x06,0xfd,0x00,0x00,0xff,0x40,0x05,0xff,0x30,0x00,0x02,0x46,0xdf,0xf1,0x00,0x6f,0xd0,0x00,0x0f,
0xf4,0x05,0xff,0xc7,0x9b,0xef,0xff,0xff,0xff,0xa0,0x06,0xfd,0x00,0x00,0xff,0x42,0xff,0xff,0xff,0xff,0xfc,0xa7,0x57,0xff,
0x40,0x6f,0xd0,0x00,0x0f,0xf4,0x0d,0xdb,0x97,0x53,0x10,0x00,0x00,0x0c,0xf7,0x06,0xfd,0x00,0x00,0xff,0x40,0x00,0x00,0x00,
0x06,0x73,0x00,0x00,0x34,0x00,0x6f,0xd0,0x00,0x0f,0xf4,0x00,0x00,0x00,0x00,0xef,0x60,0x00,0x00,0x00,0x06,0xfd,0x00,0x00,
0xff,0x40,0x00,0x00,0x00,0x0e,0xf6,0x00,0x00,0x00,0x00,0x6f,0xd0,0x00,0x0f,0xf4,0x00,0x00,0x00,0x00,0xef,0x60,0x00,0x00,
0x00,0x06,0xfd,0x00,0x00,0xff,0x40,0x1b,0xbb,0xbb,0xbf,0xfd,0xbb,0xbb,0xb2,0x00,0x6f,0xd0,0x00,0x0f,0xf4,0x01,0xff,0xff,
0xff,0xff,0xff,0xff,0xff,0x20,0x06,0xfd,0x00,0x00,0xff,0x40,0x08,0x88,0x88,0x8f,0xfb,0x88,0x88,0x81,0x00,0x6f,0xd0,0x00,
0x0f,0xf4,0x00,0x00,0x00,0x00,0xef,0x60,0x00,0x00,0x00,0x06,0xfd,0x00,0x00,0xff,0x40,0x00,0x00,0x00,0x0e,0xf6,0x00,0x00,
0x00,0x00,0x6f,0xd0,0x00,0x0f,0xf4,0x00,0x00,0x00,0x00,0xef,0x60,0x00,0x00,0x00,0x04,0xa8,0x00,0x00,0xff,0x40,0x00,0x00,
0x00,0x0e,0xf6,0x00,0x00,0x00,0x00,0x00,0x00,0x00,0x0f,0xf4,0x00,0x00,0x00,0x00,0xef,0x60,0x37,0xad,0xf1,0x00,0x00,0x00,
0x00,0xff,0x40,0x00,0x00,0x13,0x5e,0xfe,0xff,0xff,0xff,0x10,0x00,0x00,0x00,0x1f,0xf4,0x29,0xbd,0xff,0xff,0xff,0xff,0xfc,
0x96,0x30,0x00,0x34,0x43,0x39,0xff,0x22,0xff,0xff,0xff,0xdb,0x85,0x20,0x00,0x00,0x00,0x0a,0xff,0xff,0xff,0xc0,0x0a,0x86,
0x41,0x00,0x00,0x00,0x00,0x00,0x00,0x00,0x5e,0xee,0xed,0x82,0x00,
/* U+524D */
0x00,0x00,0x00,0x00,0x01,0x00,0x00,0x00,0x00,0x00,0x21,0x00,0x00,0x00,0x00,0x00,0x00,0x00,0x05,0xff,0x20,0x00,0x00,0x00,
0x00,0xdf,0x80,0x00,0x00,0x00,0x00,0x00,0x00,0x00,0xef,0xa0,0x00,0x00,0x00,0x07,0xff,0x20,0x00,0x00,0x00,0x00,0x00,0x00,
0x00,0x5f,0xf3,0x00,0x00,0x00,0x1f,0xf8,0x00,0x00,0x00,0x00,0x02,0x22,0x22,0x22,0x2d,0xfb,0x22,0x22,0x22,0xaf,0xe2,0x22,
0x22,0x22,0x20,0x5f,0xff,0xff,0xff,0xff,0xff,0xff,0xff,0xff,0xff,0xff,0xff,0xff,0xff,0xf4,0x5f,0xff,0xff,0xff,0xff,0xff,
0xff,0xff,0xff,0xff,0xff,0xff,0xff,0xff,0xf4,0x01,0x11,0x11,0x11,0x11,0x11,0x11,0x11,0x11,0x11,0x11,0x11,0x11,0x11,0x10,
0x00,0x00,0x00,0x00,0x00,0x00,0x00,0x00,0x00,0x00,0x00,0x00,0x03,0x30,0x00,0x00,0x04,0x44,0x44,0x44,0x44,0x44,0x20,0x00,
0x00,0x00,0x00,0x3f,0xf1,0x00,0x00,0x1f,0xff,0xff,0xff,0xff,0xff,0x80,0x00,0x00,0x00,0x00,0x3f,0xf1,0x00,0x00,0x1f,0xfd,
0xdd,0xdd,0xdd,0xff,0x80,0x00,0xbc,0x40,0x00,0x3f,0xf1,0x00,0x00,0x1f,0xf2,0x00,0x00,0x00,0xbf,0x80,0x00,0xef,0x50,0x00,
0x3f,0xf1,0x00,0x00,0x1f,0xf2,0x00,0x00,0x00,0xbf,0x80,0x00,0xef,0x50,0x00,0x3f,0xf1,0x00,0x00,0x1f,0xf2,0x00,0x00,0x00,
0xbf,0x80,0x00,0xef,0x50,0x00,0x3f,0xf1,0x00,0x00,0x1f,0xf8,0x77,0x77,0x77,0xdf,0x80,0x00,0xef,0x50,0x00,0x3f,0xf1,0x00,
0x00,0x1f,0xff,0xff,0xff,0xff,0xff,0x80,0x00,0xef,0x50,0x00,0x3f,0xf1,0x00,0x00,0x1f,0xf9,0x88,0x88,0x88,0xef,0x80,0x00,
0xef,0x50,0x00,0x3f,0xf1,0x00,0x00,0x1f,0xf2,0x00,0x00,0x00,0xbf,0x80,0x00,0xef,0x50,0x00,0x3f,0xf1,0x00,0x00,0x1f,0xf2,
0x00,0x00,0x00,0xbf,0x80,0x00,0xef,0x50,0x00,0x3f,0xf1,0x00,0x00,0x1f,0xf2,0x00,0x00,0x00,0xbf,0x80,0x00,0xef,0x50,0x00,
0x3f,0xf1,0x00,0x00,0x1f,0xfd,0xcc,0xcc,0xcc,0xff,0x80,0x00,0xef,0x50,0x00,0x3f,0xf1,0x00,0x00,0x1f,0xff,0xff,0xff,0xff,
0xff,0x80,0x00,0xef,0x50,0x00,0x3f,0xf1,0x00,0x00,0x1f,0xf5,0x44,0x44,0x44,0xcf,0x80,0x00,0xef,0x50,0x00,0x3f,0xf1,0x00,
0x00,0x1f,0xf2,0x00,0x00,0x00,0xbf,0x80,0x00,0xef,0x50,0x00,0x3f,0xf1,0x00,0x00,0x1f,0xf2,0x00,0x00,0x00,0xbf,0x80,0x00,
0x00,0x00,0x00,0x3f,0xf1,0x00,0x00,0x1f,0xf2,0x00,0x00,0x00,0xcf,0x80,0x00,0x00,0x00,0x00,0x4f,0xf1,0x00,0x00,0x1f,0xf2,
0x00,0x13,0x35,0xff,0x60,0x00,0x02,0x43,0x23,0xbf,0xe0,0x00,0x00,0x1f,0xf2,0x00,0x2f,0xff,0xff,0x20,0x00,0x05,0xff,0xff,
0xff,0x90,0x00,0x00,0x1f,0xf2,0x00,0x0e,0xff,0xe6,0x00,0x00,0x02,0xee,0xee,0xc7,0x10,0x00,0x00,0x04,0x40,0x00,0x00,0x00,
0x00,0x00,0x00,0x00,0x00,0x00,0x00,0x00,0x00,
/* U+529B */
0x00,0x00,0x00,0x00,0x00,0x0a,0xfb,0x00,0x00,0x00,0x00,0x00,0x00,0x00,0x00,0x00,0x00,0x00,0x0a,0xfb,0x00,0x00,0x00,0x00,
0x00,0x00,0x00,0x00,0x00,0x00,0x00,0x0a,0xfb,0x00,0x00,0x00,0x00,0x00,0x00,0x00,0x00,0x00,0x00,0x00,0x0a,0xfb,0x00,0x00,
0x00,0x00,0x00,0x00,0x00,0x00,0x00,0x00,0x00,0x0b,0xfa,0x00,0x00,0x00,0x00,0x00,0x00,0x00,0x00,0x00,0x00,0x00,0x0b,0xf9,
0x00,0x00,0x00,0x00,0x00,0x00,0x02,0x99,0x99,0x99,0x99,0x9e,0xfd,0x99,0x99,0x99,0x99,0x99,0x97,0x04,0xff,0xff,0xff,0xff,
0xff,0xff,0xff,0xff,0xff,0xff,0xff,0xfc,0x03,0xaa,0xaa,0xaa,0xaa,0xaf,0xfc,0xaa,0xaa,0xaa,0xaa,0xad,0xfc,0x00,0x00,0x00,
0x00,0x00,0x1f,0xf3,0x00,0x00,0x00,0x00,0x08,0xfb,0x00,0x00,0x00,0x00,0x00,0x4f,0xf1,0x00,0x00,0x00,0x00,0x08,0xfb,0x00,
0x00,0x00,0x00,0x00,0x6f,0xe0,0x00,0x00,0x00,0x00,0x09,0xfa,0x00,0x00,0x00,0x00,0x00,0x9f,0xb0,0x00,0x00,0x00,0x00,0x0a,
0xfa,0x00,0x00,0x00,0x00,0x00,0xbf,0x90,0x00,0x00,0x00,0x00,0x0a,0xf9,0x00,0x00,0x00,0x00,0x00,0xff,0x60,0x00,0x00,0x00,
0x00,0x0b,0xf8,0x00,0x00,0x00,0x00,0x04,0xff,0x20,0x00,0x00,0x00,0x00,0x0c,0xf7,0x00,0x00,0x00,0x00,0x09,0xfc,0x00,0x00,
0x00,0x00,0x00,0x0d,0xf6,0x00,0x00,0x00,0x00,0x0e,0xf7,0x00,0x00,0x00,0x00,0x00,0x0e,0xf5,0x00,0x00,0x00,0x00,0x4f,0xf2,
0x00,0x00,0x00,0x00,0x00,0x0f,0xf4,0x00,0x00,0x00,0x00,0xcf,0xc0,0x00,0x00,0x00,0x00,0x00,0x1f,0xf3,0x00,0x00,0x00,0x06,
0xff,0x50,0x00,0x00,0x00,0x00,0x00,0x2f,0xf1,0x00,0x00,0x00,0x2f,0xfb,0x00,0x00,0x00,0x00,0x00,0x00,0x4f,0xf0,0x00,0x00,
0x01,0xdf,0xf2,0x00,0x00,0x00,0x00,0x00,0x00,0x7f,0xc0,0x00,0x00,0x1c,0xff,0x50,0x00,0x00,0x00,0x00,0x00,0x00,0xaf,0xa0,
0x00,0x02,0xdf,0xf8,0x00,0x00,0x00,0x00,0x00,0x00,0x00,0xff,0x60,0x00,0x4e,0xff,0x80,0x00,0x00,0x00,0x00,0x00,0x00,0x09,
0xff,0x10,0x1a,0xff,0xf6,0x00,0x00,0x00,0x00,0x03,0x33,0x24,0xaf,0xfb,0x00,0xaf,0xfd,0x30,0x00,0x00,0x00,0x00,0x0b,0xff,
0xff,0xff,0xd1,0x00,0x2e,0x70,0x00,0x00,0x00,0x00,0x00,0x06,0xff,0xff,0xd8,0x10,0x00,
/* U+529E */
0x00,0x00,0x00,0x00,0x00,0x1f,0xf4,0x00,0x00,0x00,0x00,0x00,0x00,0x00,0x00,0x00,0x00,0x00,0x00,0x00,0x1f,0xf4,0x00,0x00,
0x00,0x00,0x00,0x00,0x00,0x00,0x00,0x00,0x00,0x00,0x00,0x1f,0xf4,0x00,0x00,0x00,0x00,0x00,0x00,0x00,0x00,0x00,0x00,0x00,
0x00,0x00,0x1f,0xf4,0x00,0x00,0x00,0x00,0x00,0x00,0x00,0x00,0x00,0x00,0x00,0x00,0x00,0x1f,0xf4,0x00,0x00,0x00,0x00,0x00,
0x00,0x00,0x00,0x00,0x00,0x00,0x00,0x00,0x1f,0xf4,0x00,0x00,0x00,0x00,0x00,0x00,0x00,0x00,0x00,0x1c,0xcc,0xcc,0xcc,0xcf,
0xfd,0xcc,0xcc,0xcc,0xcc,0xc5,0x00,0x00,0x00,0x00,0x1f,0xff,0xff,0xff,0xff,0xff,0xff,0xff,0xff,0xff,0xf7,0x00,0x00,0x00,
0x00,0x07,0x77,0x77,0x77,0x9f,0xf8,0x77,0x77,0x77,0x7e,0xf6,0x00,0x00,0x00,0x00,0x00,0x00,0x00,0x00,0x5f,0xf0,0x00,0x00,
0x00,0x0e,0xf6,0x00,0x00,0x00,0x00,0x00,0x00,0x00,0x00,0x6f,0xe0,0x00,0x00,0x00,0x0e,0xf5,0x00,0x00,0x00,0x00,0x00,0x73,
0x00,0x00,0x8f,0xc0,0x00,0x00,0x00,0x0f,0xf5,0x66,0x00,0x00,0x00,0x01,0xff,0x40,0x00,0xaf,0xa0,0x00,0x00,0x00,0x0f,0xfc,
0xff,0x10,0x00,0x00,0x06,0xfe,0x00,0x00,0xcf,0x80,0x00,0x00,0x00,0x0f,0xf5,0xff,0x70,0x00,0x00,0x0c,0xf8,0x00,0x00,0xef,
0x60,0x00,0x00,0x00,0x1f,0xf3,0x8f,0xe0,0x00,0x00,0x2f,0xf2,0x00,0x03,0xff,0x30,0x00,0x00,0x00,0x2f,0xf2,0x1f,0xf7,0x00,
0x00,0xbf,0xc0,0x00,0x07,0xfe,0x00,0x00,0x00,0x00,0x2f,0xf1,0x08,0xfe,0x00,0x05,0xff,0x50,0x00,0x0c,0xf9,0x00,0x00,0x00,
0x00,0x3f,0xf0,0x02,0xff,0x50,0x1e,0xfa,0x00,0x00,0x1f,0xf4,0x00,0x00,0x00,0x00,0x5f,0xf0,0x00,0xbf,0xc0,0x5f,0xe1,0x00,
0x00,0x6f,0xf0,0x00,0x00,0x00,0x00,0x6f,0xe0,0x00,0x4f,0xf3,0x06,0x50,0x00,0x00,0xef,0xa0,0x00,0x00,0x00,0x00,0x7f,0xc0,
0x00,0x0d,0xf9,0x00,0x00,0x00,0x08,0xff,0x30,0x00,0x00,0x00,0x00,0x9f,0x90,0x00,0x06,0x60,0x00,0x00,0x00,0x5f,0xf9,0x00,
0x00,0x00,0x00,0x00,0xcf,0x70,0x00,0x00,0x00,0x00,0x00,0x03,0xff,0xe1,0x00,0x00,0x00,0x00,0x00,0xef,0x50,0x00,0x00,0x00,
0x00,0x00,0x4f,0xff,0x30,0x00,0x00,0x00,0x00,0x04,0xff,0x10,0x00,0x00,0x00,0x00,0x06,0xff,0xf5,0x00,0x00,0x00,0x00,0x00,
0x0d,0xfc,0x00,0x00,0x00,0x00,0x02,0xcf,0xfe,0x40,0x00,0x00,0x01,0x33,0x25,0xcf,0xf7,0x00,0x00,0x00,0x00,0x0b,0xff,0xc2,
0x00,0x00,0x00,0x02,0xff,0xff,0xff,0xb0,0x00,0x00,0x00,0x00,0x02,0xe6,0x00,0x00,0x00,0x00,0x00,0xdf,0xff,0xc7,0x00,0x00,
0x00,0x00,0x00,
/* U+52C7 */
0x00,0x6f,0xff,0xff,0xff,0xff,0xff,0xff,0xff,0xff,0xff,0xff,0x00,0x00,0x05,0xdd,0xdd,0xdd,0xdd,0xdd,0xdd,0xdd,0xdd,0xdf,
0xff,0xe0,0x00,0x00,0x00,0x00,0x02,0xcc,0x40,0x00,0x00,0x00,0x6e,0xfe,0x70,0x00,0x00,0x00,0x00,0x00,0x2a,0xff,0xb2,0x00,
0x05,0xdf,0xf8,0x10,0x00,0x00,0x00,0x00,0x00,0x00,0x03,0xbf,0xf9,0x5d,0xff,0x81,0x00,0x00,0x00,0x00,0x09,0xdd,0xdd,0xdd,
0xdd,0xff,0xff,0xff,0xed,0xdd,0xdd,0xdd,0xc0,0x00,0xaf,0xff,0xff,0xff,0xff,0xff,0xff,0xff,0xff,0xff,0xff,0xfe,0x00,0x0a,
0xf9,0x00,0x00,0x00,0x02,0xff,0x10,0x00,0x00,0x00,0x6f,0xe0,0x00,0xaf,0x90,0x00,0x00,0x00,0x2f,0xf1,0x00,0x00,0x00,0x05,
0xfe,0x00,0x0a,0xfe,0xbb,0xbb,0xbb,0xbc,0xff,0xcb,0xbb,0xbb,0xbb,0xdf,0xe0,0x00,0xaf,0xff,0xff,0xff,0xff,0xff,0xff,0xff,
0xff,0xff,0xff,0xfe,0x00,0x0a,0xf9,0x00,0x00,0x00,0x02,0xff,0x10,0x00,0x00,0x00,0x5f,0xe0,0x00,0xaf,0x90,0x00,0x00,0x00,
0x2f,0xf1,0x00,0x00,0x00,0x05,0xfe,0x00,0x0a,0xfe,0xbb,0xbb,0xbb,0xbc,0xff,0xcb,0xbb,0xbb,0xbb,0xdf,0xe0,0x00,0xaf,0xff,
0xff,0xff,0xff,0xff,0xff,0xff,0xff,0xff,0xff,0xfe,0x00,0x0a,0xf9,0x00,0x00,0x00,0x02,0xff,0x10,0x00,0x00,0x00,0x5f,0xe0,
0x00,0xaf,0x90,0x00,0x00,0x00,0x1b,0xb1,0x00,0x00,0x00,0x05,0xfe,0x00,0x06,0x95,0x00,0x00,0x00,0x02,0x88,0x00,0x00,0x00,
0x00,0x38,0x70,0x00,0x00,0x00,0x00,0x00,0x00,0x8f,0xe0,0x00,0x00,0x00,0x00,0x00,0x01,0xee,0xee,0xee,0xee,0xee,0xef,0xff,
0xee,0xee,0xee,0xee,0xee,0xe9,0x1f,0xff,0xff,0xff,0xff,0xff,0xff,0xff,0xff,0xff,0xff,0xff,0xff,0xa0,0x22,0x22,0x22,0x22,
0x24,0xff,0xa2,0x22,0x22,0x22,0x22,0x2b,0xf9,0x00,0x00,0x00,0x00,0x02,0xef,0xc0,0x00,0x00,0x00,0x00,0x00,0xbf,0x80,0x00,
0x00,0x00,0x06,0xef,0xe1,0x00,0x00,0x00,0x00,0x00,0x0d,0xf6,0x00,0x00,0x02,0x8e,0xff,0xe3,0x00,0x00,0x00,0x00,0x00,0x02,
0xff,0x30,0x25,0x9d,0xff,0xff,0x90,0x00,0x00,0x00,0x33,0x21,0x25,0xdf,0xe0,0xef,0xff,0xff,0xd7,0x10,0x00,0x00,0x00,0x0c,
0xff,0xff,0xff,0xf5,0x09,0xff,0xb7,0x20,0x00,0x00,0x00,0x00,0x00,0x7e,0xff,0xec,0xa2,0x00,0x12,0x00,0x00,0x00,0x00,0x00,
0x00,0x00,0x00,0x00,0x00,0x00,0x00,0x00,
/* U+5355 */
0x00,0x00,0x00,0x00,0x00,0x00,0x00,0x00,0x00,0x00,0x30,0x00,0x00,0x00,0x00,0x00,0x00,0x00,0x02,0xbe,0x10,0x00,0x00,0x00,
0x01,0xfe,0x50,0x00,0x00,0x00,0x00,0x00,0x00,0x00,0xdf,0xb0,0x00,0x00,0x00,0x09,0xfe,0x10,0x00,0x00,0x00,0x00,0x00,0x00,
0x00,0x2f,0xf8,0x00,0x00,0x00,0x2f,0xf6,0x00,0x00,0x00,0x00,0x00,0x00,0x00,0x00,0x06,0xff,0x30,0x00,0x00,0xaf,0xc0,0x00,
0x00,0x00,0x00,0x00,0x00,0x22,0x22,0x22,0xb8,0x22,0x22,0x24,0xff,0x62,0x22,0x22,0x00,0x00,0x00,0x02,0xff,0xff,0xff,0xff,
0xff,0xff,0xff,0xff,0xff,0xff,0xff,0x20,0x00,0x00,0x02,0xff,0xdd,0xdd,0xdd,0xde,0xff,0xed,0xdd,0xdd,0xdd,0xff,0x20,0x00,
0x00,0x02,0xff,0x10,0x00,0x00,0x02,0xff,0x20,0x00,0x00,0x01,0xff,0x20,0x00,0x00,0x02,0xff,0x10,0x00,0x00,0x02,0xff,0x20,
0x00,0x00,0x01,0xff,0x20,0x00,0x00,0x02,0xff,0x10,0x00,0x00,0x02,0xff,0x20,0x00,0x00,0x01,0xff,0x20,0x00,0x00,0x02,0xff,
0xa9,0x99,0x99,0x9a,0xff,0xa9,0x99,0x99,0x9a,0xff,0x20,0x00,0x00,0x02,0xff,0xff,0xff,0xff,0xff,0xff,0xff,0xff,0xff,0xff,
0xff,0x20,0x00,0x00,0x02,0xff,0x65,0x55,0x55,0x57,0xff,0x75,0x55,0x55,0x56,0xff,0x20,0x00,0x00,0x02,0xff,0x10,0x00,0x00,
0x02,0xff,0x20,0x00,0x00,0x01,0xff,0x20,0x00,0x00,0x02,0xff,0x10,0x00,0x00,0x02,0xff,0x20,0x00,0x00,0x01,0xff,0x20,0x00,
0x00,0x02,0xff,0x10,0x00,0x00,0x03,0xff,0x30,0x00,0x00,0x01,0xff,0x20,0x00,0x00,0x02,0xff,0xff,0xff,0xff,0xff,0xff,0xff,
0xff,0xff,0xff,0xff,0x20,0x00,0x00,0x02,0xff,0xff,0xff,0xff,0xff,0xff,0xff,0xff,0xff,0xff,0xff,0x20,0x00,0x00,0x00,0x00,
0x00,0x00,0x00,0x02,0xff,0x20,0x00,0x00,0x00,0x00,0x00,0x00,0x00,0x00,0x00,0x00,0x00,0x00,0x02,0xff,0x20,0x00,0x00,0x00,
0x00,0x00,0x00,0x00,0x00,0x00,0x00,0x00,0x00,0x02,0xff,0x20,0x00,0x00,0x00,0x00,0x00,0x00,0x3f,0xff,0xff,0xff,0xff,0xff,
0xff,0xff,0xff,0xff,0xff,0xff,0xff,0xff,0xf3,0x3f,0xff,0xff,0xff,0xff,0xff,0xff,0xff,0xff,0xff,0xff,0xff,0xff,0xff,0xf3,
0x03,0x33,0x33,0x33,0x33,0x33,0x35,0xff,0x53,0x33,0x33,0x33,0x33,0x33,0x30,0x00,0x00,0x00,0x00,0x00,0x00,0x02,0xff,0x20,
0x00,0x00,0x00,0x00,0x00,0x00,0x00,0x00,0x00,0x00,0x00,0x00,0x02,0xff,0x20,0x00,0x00,0x00,0x00,0x00,0x00,0x00,0x00,0x00,
0x00,0x00,0x00,0x02,0xff,0x20,0x00,0x00,0x00,0x00,0x00,0x00,0x00,0x00,0x00,0x00,0x00,0x00,0x02,0xff,0x20,0x00,0x00,0x00,
0x00,0x00,0x00,0x00,0x00,0x00,0x00,0x00,0x00,0x02,0xff,0x20,0x00,0x00,0x00,0x00,0x00,0x00,0x00,0x00,0x00,0x00,0x00,0x00,
0x00,0x44,0x00,0x00,0x00,0x00,0x00,0x00,0x00,
/* U+53BB */
0x00,0x00,0x00,0x00,0x00,0x00,0x00,0x11,0x00,0x00,0x00,0x00,0x00,0x00,0x00,0x00,0x00,0x00,0x00,0x00,0x00,0x02,0xff,0x20,
0x00,0x00,0x00,0x00,0x00,0x00,0x00,0x00,0x00,0x00,0x00,0x00,0x02,0xff,0x20,0x00,0x00,0x00,0x00,0x00,0x00,0x00,0x00,0x00,
0x00,0x00,0x00,0x02,0xff,0x20,0x00,0x00,0x00,0x00,0x00,0x00,0x00,0x00,0x00,0x00,0x00,0x00,0x02,0xff,0x20,0x00,0x00,0x00,
0x00,0x00,0x00,0x00,0x00,0x00,0x00,0x00,0x00,0x02,0xff,0x20,0x00,0x00,0x00,0x00,0x00,0x00,0x00,0x3f,0xff,0xff,0xff,0xff,
0xff,0xff,0xff,0xff,0xff,0xff,0xff,0xf2,0x00,0x00,0x3f,0xff,0xff,0xff,0xff,0xff,0xff,0xff,0xff,0xff,0xff,0xff,0xf2,0x00,
0x00,0x03,0x33,0x33,0x33,0x33,0x36,0xff,0x63,0x33,0x33,0x33,0x33,0x30,0x00,0x00,0x00,0x00,0x00,0x00,0x00,0x02,0xff,0x20,
0x00,0x00,0x00,0x00,0x00,0x00,0x00,0x00,0x00,0x00,0x00,0x00,0x02,0xff,0x20,0x00,0x00,0x00,0x00,0x00,0x00,0x00,0x00,0x00,
0x00,0x00,0x00,0x02,0xff,0x20,0x00,0x00,0x00,0x00,0x00,0x00,0x00,0x00,0x00,0x00,0x00,0x00,0x02,0xff,0x20,0x00,0x00,0x00,
0x00,0x00,0x00,0x00,0x00,0x00,0x00,0x00,0x00,0x02,0xff,0x20,0x00,0x00,0x00,0x00,0x00,0x00,0x2b,0xbb,0xbb,0xbb,0xbb,0xbb,
0xbc,0xff,0xcb,0xbb,0xbb,0xbb,0xbb,0xbb,0xb2,0x3f,0xff,0xff,0xff,0xff,0xff,0xff,0xff,0xff,0xff,0xff,0xff,0xff,0xff,0xf3,
0x28,0x88,0x88,0x88,0x88,0x8e,0xfe,0x88,0x88,0x88,0x88,0x88,0x88,0x88,0x81,0x00,0x00,0x00,0x00,0x00,0x2f,0xf7,0x00,0x00,
0x00,0x00,0x00,0x00,0x00,0x00,0x00,0x00,0x00,0x00,0x00,0xbf,0xe0,0x00,0x00,0x04,0xb0,0x00,0x00,0x00,0x00,0x00,0x00,0x00,
0x00,0x03,0xff,0x60,0x00,0x00,0x1f,0xfa,0x00,0x00,0x00,0x00,0x00,0x00,0x00,0x00,0x0c,0xfd,0x00,0x00,0x00,0x06,0xff,0x50,
0x00,0x00,0x00,0x00,0x00,0x00,0x00,0x7f,0xf4,0x00,0x00,0x00,0x00,0xaf,0xf2,0x00,0x00,0x00,0x00,0x00,0x00,0x02,0xff,0xa0,
0x00,0x00,0x00,0x00,0x1e,0xfc,0x00,0x00,0x00,0x00,0x00,0x00,0x0d,0xfe,0x10,0x00,0x00,0x00,0x00,0x04,0xff,0x80,0x00,0x00,
0x00,0x00,0x00,0xbf,0xf4,0x00,0x00,0x00,0x00,0x00,0x00,0x8f,0xf3,0x00,0x00,0x00,0x00,0x0a,0xff,0x70,0x00,0x00,0x00,0x00,
0x00,0x02,0x4e,0xfd,0x00,0x00,0x00,0x01,0xbf,0xf9,0x01,0x23,0x56,0x79,0xab,0xdf,0xff,0xff,0xff,0x70,0x00,0x00,0x0e,0xff,
0xfe,0xff,0xff,0xff,0xff,0xff,0xff,0xfd,0xca,0xcf,0xf2,0x00,0x00,0x0d,0xff,0xff,0xfd,0xcb,0xa9,0x86,0x53,0x20,0x00,0x00,
0x1e,0xfb,0x00,0x00,0x03,0x32,0x10,0x00,0x00,0x00,0x00,0x00,0x00,0x00,0x00,0x06,0xf7,0x00,0x00,0x00,0x00,0x00,0x00,0x00,
0x00,0x00,0x00,0x00,0x00,0x00,0x00,0x20,0x00,
/* U+53CD */
0x00,0x00,0x00,0x00,0x00,0x00,0x00,0x00,0x00,0x00,0x02,0x46,0x9b,0x70,0x00,0x00,0x00,0x00,0x00,0x00,0x12,0x34,0x45,0x69,
0xbd,0xff,0xff,0xff,0xf1,0x00,0x00,0x00,0x3d,0xef,0xff,0xff,0xff,0xff,0xff,0xff,0xff,0xdb,0x96,0x41,0x00,0x00,0x00,0x4f,
0xff,0xff,0xfe,0xdc,0xba,0x98,0x64,0x20,0x00,0x00,0x00,0x00,0x00,0x00,0x4f,0xf2,0x10,0x00,0x00,0x00,0x00,0x00,0x00,0x00,
0x00,0x00,0x00,0x00,0x00,0x4f,0xf0,0x00,0x00,0x00,0x00,0x00,0x00,0x00,0x00,0x00,0x00,0x00,0x00,0x00,0x4f,0xf0,0x00,0x00,
0x00,0x00,0x00,0x00,0x00,0x00,0x00,0x00,0x00,0x00,0x00,0x4f,0xf0,0x00,0x00,0x00,0x00,0x00,0x00,0x00,0x00,0x00,0x00,0x00,
0x00,0x00,0x4f,0xf0,0x00,0x00,0x00,0x00,0x00,0x00,0x00,0x00,0x00,0x00,0x00,0x00,0x00,0x4f,0xf6,0x66,0x66,0x66,0x66,0x66,
0x66,0x66,0x66,0x66,0x10,0x00,0x00,0x00,0x4f,0xff,0xff,0xff,0xff,0xff,0xff,0xff,0xff,0xff,0xff,0x40,0x00,0x00,0x00,0x4f,
0xfc,0xce,0xfe,0xcc,0xcc,0xcc,0xcc,0xcc,0xcc,0xff,0x40,0x00,0x00,0x00,0x4f,0xf0,0x06,0xfd,0x00,0x00,0x00,0x00,0x00,0x06,
0xfe,0x00,0x00,0x00,0x00,0x6f,0xe0,0x01,0xff,0x50,0x00,0x00,0x00,0x00,0x0e,0xf7,0x00,0x00,0x00,0x00,0x7f,0xd0,0x00,0xaf,
0xd0,0x00,0x00,0x00,0x00,0x6f,0xf0,0x00,0x00,0x00,0x00,0x8f,0xb0,0x00,0x2f,0xf5,0x00,0x00,0x00,0x00,0xef,0x80,0x00,0x00,
0x00,0x00,0xaf,0xa0,0x00,0x08,0xfd,0x00,0x00,0x00,0x07,0xff,0x10,0x00,0x00,0x00,0x00,0xcf,0x80,0x00,0x00,0xdf,0xb0,0x00,
0x00,0x4f,0xf8,0x00,0x00,0x00,0x00,0x00,0xff,0x40,0x00,0x00,0x3f,0xfa,0x00,0x03,0xff,0xb0,0x00,0x00,0x00,0x00,0x03,0xff,
0x10,0x00,0x00,0x06,0xff,0x90,0x2e,0xfd,0x00,0x00,0x00,0x00,0x00,0x06,0xfe,0x00,0x00,0x00,0x00,0x7f,0xf9,0xdf,0xe2,0x00,
0x00,0x00,0x00,0x00,0x0b,0xfa,0x00,0x00,0x00,0x00,0x08,0xff,0xff,0x30,0x00,0x00,0x00,0x00,0x00,0x1f,0xf5,0x00,0x00,0x00,
0x00,0x07,0xff,0xfe,0x40,0x00,0x00,0x00,0x00,0x00,0x7f,0xe0,0x00,0x00,0x00,0x04,0xdf,0xfd,0xef,0xfa,0x10,0x00,0x00,0x00,
0x00,0xdf,0x90,0x00,0x00,0x01,0xaf,0xff,0x80,0x09,0xff,0xf7,0x00,0x00,0x00,0x06,0xff,0x30,0x00,0x03,0xaf,0xff,0xc2,0x00,
0x00,0x4d,0xff,0xe8,0x10,0x00,0x0e,0xfa,0x00,0x05,0xcf,0xff,0xe6,0x00,0x00,0x00,0x00,0x8f,0xff,0xfa,0x30,0x4f,0xf1,0x00,
0xef,0xff,0xc6,0x00,0x00,0x00,0x00,0x00,0x01,0x7e,0xff,0xf5,0x07,0x70,0x00,0x7f,0xa3,0x00,0x00,0x00,0x00,0x00,0x00,0x00,
0x00,0x6e,0xd0,0x00,0x00,0x00,0x01,0x00,0x00,0x00,0x00,0x00,0x00,0x00,0x00,0x00,0x00,0x10,
/* U+53D6 */
0x2e,0xee,0xee,0xee,0xee,0xee,0xee,0xee,0x00,0x00,0x00,0x00,0x00,0x00,0x00,0x2f,0xff,0xff,0xff,0xff,0xff,0xff,0xff,0x32,
0x22,0x22,0x22,0x22,0x22,0x10,0x04,0x4b,0xfb,0x44,0x44,0x4b,0xfb,0x44,0xff,0xff,0xff,0xff,0xff,0xff,0x70,0x00,0x0a,0xf9,
0x00,0x00,0x0a,0xf9,0x00,0xff,0xff,0xff,0xff,0xff,0xff,0x70,0x00,0x0a,0xf9,0x00,0x00,0x0a,0xf9,0x00,0x19,0xf8,0x11,0x11,
0x11,0xdf,0x50,0x00,0x0a,0xf9,0x00,0x00,0x0a,0xf9,0x00,0x06,0xfb,0x00,0x00,0x00,0xff,0x20,0x00,0x0a,0xf9,0x00,0x00,0x0a,
0xf9,0x00,0x03,0xfd,0x00,0x00,0x03,0xfe,0x00,0x00,0x0a,0xfe,0xcc,0xcc,0xce,0xf9,0x00,0x00,0xff,0x00,0x00,0x06,0xfb,0x00,
0x00,0x0a,0xff,0xff,0xff,0xff,0xf9,0x00,0x00,0xdf,0x30,0x00,0x09,0xf8,0x00,0x00,0x0a,0xfb,0x55,0x55,0x5c,0xf9,0x00,0x00,
0xbf,0x50,0x00,0x0c,0xf5,0x00,0x00,0x0a,0xf9,0x00,0x00,0x0a,0xf9,0x00,0x00,0x8f,0x80,0x00,0x0f,0xf2,0x00,0x00,0x0a,0xf9,
0x00,0x00,0x0a,0xf9,0x00,0x00,0x5f,0xd0,0x00,0x4f,0xf0,0x00,0x00,0x0a,0xf9,0x00,0x00,0x0a,0xf9,0x00,0x00,0x0f,0xf3,0x00,
0xaf,0xa0,0x00,0x00,0x0a,0xf9,0x00,0x00,0x0a,0xf9,0x00,0x00,0x09,0xf9,0x01,0xff,0x40,0x00,0x00,0x0a,0xfe,0xcc,0xcc,0xce,
0xf9,0x00,0x00,0x03,0xff,0x06,0xfe,0x00,0x00,0x00,0x0a,0xff,0xff,0xff,0xff,0xf9,0x00,0x00,0x00,0xcf,0x5c,0xf7,0x00,0x00,
0x00,0x0a,0xfb,0x44,0x44,0x4c,0xf9,0x00,0x00,0x00,0x6f,0xdf,0xf1,0x00,0x00,0x00,0x0a,0xf9,0x00,0x00,0x0a,0xf9,0x00,0x00,
0x00,0x0f,0xff,0xb0,0x00,0x00,0x00,0x0a,0xf9,0x00,0x00,0x0a,0xf9,0x00,0x00,0x00,0x09,0xff,0x40,0x00,0x00,0x00,0x0a,0xf9,
0x00,0x00,0x0a,0xf9,0x15,0x40,0x00,0x0c,0xff,0x50,0x00,0x00,0x00,0x0a,0xf9,0x00,0x00,0x3c,0xff,0xff,0x80,0x00,0x9f,0xff,
0xe1,0x00,0x00,0x00,0x0a,0xfb,0x69,0xdf,0xff,0xff,0xff,0x60,0x04,0xff,0xae,0xfa,0x00,0x00,0x4a,0xcf,0xff,0xff,0xff,0xff,
0xfb,0x30,0x00,0x1e,0xfd,0x04,0xff,0x50,0x00,0x4f,0xff,0xff,0xc9,0x63,0x1a,0xf9,0x00,0x01,0xdf,0xf2,0x00,0x9f,0xf3,0x00,
0x0a,0x74,0x20,0x00,0x00,0x0a,0xf9,0x00,0x2d,0xff,0x50,0x00,0x0d,0xfe,0x20,0x00,0x00,0x00,0x00,0x00,0x0a,0xf9,0x02,0xef,
0xf7,0x00,0x00,0x02,0xef,0xe1,0x00,0x00,0x00,0x00,0x00,0x0a,0xf9,0x0a,0xff,0x60,0x00,0x00,0x00,0x3f,0xf8,0x00,0x00,0x00,
0x00,0x00,0x0a,0xf9,0x00,0xc5,0x00,0x00,0x00,0x00,0x05,0xc0,0x00,0x00,0x00,0x00,0x00,0x02,0x31,0x00,0x00,0x00,0x00,0x00,
0x00,0x00,0x00,
/* U+53D8 */
0x00,0x00,0x00,0x00,0x00,0x00,0x03,0x63,0x00,0x00,0x00,0x00,0x00,0x00,0x00,0x00,0x00,0x00,0x00,0x00,0x00,0x0e,0xfa,0x00,
0x00,0x00,0x00,0x00,0x00,0x00,0x00,0x00,0x00,0x00,0x00,0x00,0x07,0xff,0x00,0x00,0x00,0x00,0x00,0x00,0x00,0x03,0x55,0x55,
0x55,0x55,0x55,0x56,0xff,0x85,0x55,0x55,0x55,0x55,0x55,0x30,0x0c,0xff,0xff,0xff,0xff,0xff,0xff,0xff,0xff,0xff,0xff,0xff,
0xff,0xff,0xc0,0x0b,0xee,0xee,0xee,0xee,0xff,0xfe,0xee,0xef,0xff,0xee,0xee,0xee,0xee,0xb0,0x00,0x00,0x00,0x00,0x00,0xef,
0x60,0x00,0x06,0xfe,0x00,0x00,0x00,0x00,0x00,0x00,0x00,0x00,0x00,0x00,0xef,0x60,0x00,0x06,0xfe,0x00,0x02,0x00,0x00,0x00,
0x00,0x00,0x04,0xf6,0x00,0xef,0x60,0x00,0x06,0xfe,0x00,0x6f,0x90,0x00,0x00,0x00,0x00,0x6f,0xfd,0x10,0xef,0x60,0x00,0x06,
0xfe,0x00,0x9f,0xfd,0x20,0x00,0x00,0x19,0xff,0xc1,0x00,0xef,0x60,0x00,0x06,0xfe,0x00,0x05,0xef,0xf5,0x00,0x05,0xef,0xfb,
0x00,0x00,0xef,0x60,0x00,0x06,0xfe,0x00,0x00,0x1c,0xff,0x70,0x4f,0xff,0x60,0x00,0x00,0xef,0x60,0x00,0x06,0xfe,0x00,0x00,
0x00,0xbf,0xf4,0x09,0xb2,0x00,0x00,0x00,0xef,0x60,0x00,0x06,0xfe,0x00,0x00,0x00,0x0a,0x80,0x00,0x00,0x00,0x00,0x00,0x78,
0x30,0x00,0x03,0x88,0x00,0x00,0x00,0x00,0x00,0x00,0x00,0x00,0x00,0x00,0x00,0x00,0x00,0x00,0x00,0x00,0x00,0x00,0x00,0x00,
0x00,0x07,0xcc,0xcc,0xcc,0xcc,0xcc,0xcc,0xcc,0xcc,0xcc,0xcc,0xc3,0x00,0x00,0x00,0x09,0xff,0xff,0xff,0xff,0xff,0xff,0xff,
0xff,0xff,0xff,0xf4,0x00,0x00,0x00,0x02,0x44,0xdf,0xe5,0x44,0x44,0x44,0x44,0x44,0x47,0xff,0xc0,0x00,0x00,0x00,0x00,0x00,
0x1d,0xfb,0x00,0x00,0x00,0x00,0x00,0x4f,0xfc,0x00,0x00,0x00,0x00,0x00,0x00,0x02,0xef,0xb0,0x00,0x00,0x00,0x06,0xff,0xc0,
0x00,0x00,0x00,0x00,0x00,0x00,0x00,0x3e,0xfc,0x20,0x00,0x01,0x9f,0xfc,0x10,0x00,0x00,0x00,0x00,0x00,0x00,0x00,0x01,0xcf,
0xf8,0x00,0x5e,0xff,0x80,0x00,0x00,0x00,0x00,0x00,0x00,0x00,0x00,0x00,0x08,0xff,0xdb,0xff,0xe4,0x00,0x00,0x00,0x00,0x00,
0x00,0x00,0x00,0x00,0x00,0x00,0x9f,0xff,0xfd,0x10,0x00,0x00,0x00,0x00,0x00,0x00,0x00,0x00,0x00,0x03,0x9e,0xff,0xff,0xff,
0xe9,0x40,0x00,0x00,0x00,0x00,0x00,0x00,0x01,0x48,0xef,0xff,0xf9,0x30,0x6c,0xff,0xfe,0x94,0x10,0x00,0x00,0x04,0x7b,0xef,
0xff,0xff,0xc6,0x00,0x00,0x00,0x39,0xff,0xff,0xfe,0xb8,0x51,0x0e,0xff,0xff,0xeb,0x72,0x00,0x00,0x00,0x00,0x00,0x05,0x9d,
0xff,0xff,0xf7,0x07,0xda,0x62,0x00,0x00,0x00,0x00,0x00,0x00,0x00,0x00,0x00,0x14,0x8c,0xe0,
/* U+53E6 */
0x00,0x00,0x5c,0xcc,0xcc,0xcc,0xcc,0xcc,0xcc,0xcc,0xcc,0xcc,0x50,0x00,0x00,0x06,0xff,0xff,0xff,0xff,0xff,0xff,0xff,0xff,
0xff,0xf7,0x00,0x00,0x00,0x6f,0xf4,0x44,0x44,0x44,0x44,0x44,0x44,0x44,0xef,0x70,0x00,0x00,0x06,0xfe,0x00,0x00,0x00,0x00,
0x00,0x00,0x00,0x0d,0xf7,0x00,0x00,0x00,0x6f,0xe0,0x00,0x00,0x00,0x00,0x00,0x00,0x00,0xdf,0x70,0x00,0x00,0x06,0xfe,0x00,
0x00,0x00,0x00,0x00,0x00,0x00,0x0d,0xf7,0x00,0x00,0x00,0x6f,0xe0,0x00,0x00,0x00,0x00,0x00,0x00,0x00,0xdf,0x70,0x00,0x00,
0x06,0xfe,0x00,0x00,0x00,0x00,0x00,0x00,0x00,0x0d,0xf7,0x00,0x00,0x00,0x6f,0xe0,0x00,0x00,0x00,0x00,0x00,0x00,0x00,0xdf,
0x70,0x00,0x00,0x06,0xff,0xee,0xee,0xee,0xee,0xee,0xee,0xee,0xef,0xf7,0x00,0x00,0x00,0x6f,0xff,0xff,0xff,0xff,0xff,0xff,
0xff,0xff,0xff,0x70,0x00,0x00,0x00,0x22,0x22,0x22,0x27,0xff,0x22,0x22,0x22,0x22,0x21,0x00,0x00,0x00,0x00,0x00,0x00,0x00,
0x8f,0xc0,0x00,0x00,0x00,0x00,0x00,0x00,0x00,0x00,0x00,0x00,0x00,0x0c,0xf9,0x00,0x00,0x00,0x00,0x00,0x00,0x00,0x00,0x00,
0x00,0x00,0x00,0xff,0x60,0x00,0x00,0x00,0x00,0x00,0x00,0x9e,0xee,0xee,0xee,0xee,0xef,0xff,0xee,0xee,0xee,0xee,0xee,0xe8,
0x0a,0xff,0xff,0xff,0xff,0xff,0xff,0xff,0xff,0xff,0xff,0xff,0xff,0x80,0x24,0x44,0x44,0x44,0x45,0xff,0x94,0x44,0x44,0x44,
0x44,0x4d,0xf8,0x00,0x00,0x00,0x00,0x00,0x9f,0xe0,0x00,0x00,0x00,0x00,0x00,0xdf,0x70,0x00,0x00,0x00,0x00,0x2f,0xf6,0x00,
0x00,0x00,0x00,0x00,0x0e,0xf6,0x00,0x00,0x00,0x00,0x0c,0xfe,0x00,0x00,0x00,0x00,0x00,0x00,0xff,0x50,0x00,0x00,0x00,0x0b,
0xff,0x50,0x00,0x00,0x00,0x00,0x00,0x0f,0xf4,0x00,0x00,0x00,0x1c,0xff,0x90,0x00,0x00,0x00,0x00,0x00,0x01,0xff,0x10,0x00,
0x00,0x6f,0xff,0x90,0x00,0x00,0x00,0x00,0x00,0x00,0x6f,0xf0,0x00,0x05,0xdf,0xff,0x60,0x00,0x00,0x00,0x00,0x00,0x00,0x0e,
0xfa,0x02,0x8e,0xff,0xfb,0x20,0x00,0x00,0x00,0x06,0x76,0x55,0xae,0xff,0x40,0xff,0xff,0xc4,0x00,0x00,0x00,0x00,0x00,0x8f,
0xff,0xff,0xff,0x40,0x09,0xe8,0x30,0x00,0x00,0x00,0x00,0x00,0x03,0xbb,0xcc,0x96,0x20,0x00,0x10,0x00,0x00,0x00,0x00,0x00,
0x00,0x00,0x00,0x00,0x00,0x00,0x00,0x00,
/* U+53EF */
0x03,0x33,0x33,0x33,0x33,0x33,0x33,0x33,0x33,0x33,0x33,0x33,0x33,0x33,0x31,0x3f,0xff,0xff,0xff,0xff,0xff,0xff,0xff,0xff,
0xff,0xff,0xff,0xff,0xff,0xf4,0x3f,0xff,0xff,0xff,0xff,0xff,0xff,0xff,0xff,0xff,0xff,0xff,0xff,0xff,0xf4,0x00,0x00,0x00,
0x00,0x00,0x00,0x00,0x00,0x00,0x00,0x00,0x3f,0xf1,0x00,0x00,0x00,0x00,0x00,0x00,0x00,0x00,0x00,0x00,0x00,0x00,0x00,0x3f,
0xf1,0x00,0x00,0x00,0x00,0x00,0x00,0x00,0x00,0x00,0x00,0x00,0x00,0x00,0x3f,0xf1,0x00,0x00,0x00,0x00,0x00,0x00,0x00,0x00,
0x00,0x00,0x00,0x00,0x00,0x3f,0xf1,0x00,0x00,0x00,0x00,0x01,0x11,0x11,0x11,0x11,0x11,0x10,0x00,0x00,0x3f,0xf1,0x00,0x00,
0x00,0x00,0x8f,0xff,0xff,0xff,0xff,0xff,0xe0,0x00,0x00,0x3f,0xf1,0x00,0x00,0x00,0x00,0x8f,0xff,0xff,0xff,0xff,0xff,0xe0,
0x00,0x00,0x3f,0xf1,0x00,0x00,0x00,0x00,0x8f,0xb0,0x00,0x00,0x00,0x4f,0xe0,0x00,0x00,0x3f,0xf1,0x00,0x00,0x00,0x00,0x8f,
0xb0,0x00,0x00,0x00,0x4f,0xe0,0x00,0x00,0x3f,0xf1,0x00,0x00,0x00,0x00,0x8f,0xb0,0x00,0x00,0x00,0x4f,0xe0,0x00,0x00,0x3f,
0xf1,0x00,0x00,0x00,0x00,0x8f,0xb0,0x00,0x00,0x00,0x4f,0xe0,0x00,0x00,0x3f,0xf1,0x00,0x00,0x00,0x00,0x8f,0xb0,0x00,0x00,
0x00,0x4f,0xe0,0x00,0x00,0x3f,0xf1,0x00,0x00,0x00,0x00,0x8f,0xb0,0x00,0x00,0x00,0x4f,0xe0,0x00,0x00,0x3f,0xf1,0x00,0x00,
0x00,0x00,0x8f,0xb0,0x00,0x00,0x00,0x4f,0xe0,0x00,0x00,0x3f,0xf1,0x00,0x00,0x00,0x00,0x8f,0xd7,0x77,0x77,0x77,0x9f,0xe0,
0x00,0x00,0x3f,0xf1,0x00,0x00,0x00,0x00,0x8f,0xff,0xff,0xff,0xff,0xff,0xe0,0x00,0x00,0x3f,0xf1,0x00,0x00,0x00,0x00,0x8f,
0xea,0xaa,0xaa,0xaa,0xaa,0x90,0x00,0x00,0x3f,0xf1,0x00,0x00,0x00,0x00,0x8f,0xb0,0x00,0x00,0x00,0x00,0x00,0x00,0x00,0x3f,
0xf1,0x00,0x00,0x00,0x00,0x8f,0xb0,0x00,0x00,0x00,0x00,0x00,0x00,0x00,0x3f,0xf1,0x00,0x00,0x00,0x00,0x37,0x50,0x00,0x00,
0x00,0x00,0x00,0x00,0x00,0x3f,0xf1,0x00,0x00,0x00,0x00,0x00,0x00,0x00,0x00,0x00,0x00,0x00,0x00,0x00,0x3f,0xf1,0x00,0x00,
0x00,0x00,0x00,0x00,0x00,0x00,0x00,0x00,0x00,0x00,0x00,0x5f,0xf1,0x00,0x00,0x00,0x00,0x00,0x00,0x00,0x00,0x00,0x00,0x33,
0x32,0x24,0xcf,0xd0,0x00,0x00,0x00,0x00,0x00,0x00,0x00,0x00,0x00,0x00,0xaf,0xff,0xff,0xff,0x80,0x00,0x00,0x00,0x00,0x00,
0x00,0x00,0x00,0x00,0x00,0x6f,0xff,0xff,0xea,0x10,0x00,0x00,
/* U+53F7 */
0x00,0x00,0x05,0xff,0xff,0xff,0xff,0xff,0xff,0xff,0xff,0xff,0x50,0x00,0x00,0x00,0x00,0x06,0xff,0xff,0xff,0xff,0xff,0xff,
0xff,0xff,0xff,0x60,0x00,0x00,0x00,0x00,0x06,0xff,0x11,0x11,0x11,0x11,0x11,0x11,0x11,0xff,0x60,0x00,0x00,0x00,0x00,0x06,
0xff,0x00,0x00,0x00,0x00,0x00,0x00,0x00,0xff,0x60,0x00,0x00,0x00,0x00,0x06,0xff,0x00,0x00,0x00,0x00,0x00,0x00,0x00,0xff,
0x60,0x00,0x00,0x00,0x00,0x06,0xff,0x00,0x00,0x00,0x00,0x00,0x00,0x00,0xff,0x60,0x00,0x00,0x00,0x00,0x06,0xff,0x66,0x66,
0x66,0x66,0x66,0x66,0x66,0xff,0x60,0x00,0x00,0x00,0x00,0x06,0xff,0xff,0xff,0xff,0xff,0xff,0xff,0xff,0xff,0x60,0x00,0x00,
0x00,0x00,0x03,0xaa,0xaa,0xaa,0xaa,0xaa,0xaa,0xaa,0xaa,0xaa,0x30,0x00,0x00,0x00,0x00,0x00,0x00,0x00,0x00,0x00,0x00,0x00,
0x00,0x00,0x00,0x00,0x00,0x00,0x00,0x00,0x00,0x00,0x00,0x00,0x00,0x00,0x00,0x00,0x00,0x00,0x00,0x00,0x00,0x39,0x99,0x99,
0x99,0x99,0x99,0x99,0x99,0x99,0x99,0x99,0x99,0x99,0x99,0x93,0x6f,0xff,0xff,0xff,0xff,0xff,0xff,0xff,0xff,0xff,0xff,0xff,
0xff,0xff,0xf5,0x39,0x99,0x99,0x9a,0xff,0xb9,0x99,0x99,0x99,0x99,0x99,0x99,0x99,0x99,0x93,0x00,0x00,0x00,0x04,0xff,0x00,
0x00,0x00,0x00,0x00,0x00,0x00,0x00,0x00,0x00,0x00,0x00,0x00,0x08,0xfb,0x00,0x00,0x00,0x00,0x00,0x00,0x00,0x00,0x00,0x00,
0x00,0x00,0x00,0x0d,0xf6,0x00,0x00,0x00,0x00,0x00,0x00,0x00,0x00,0x00,0x00,0x00,0x00,0x00,0x1f,0xfb,0xaa,0xaa,0xaa,0xaa,
0xaa,0xaa,0xaa,0x80,0x00,0x00,0x00,0x00,0x00,0x5f,0xff,0xff,0xff,0xff,0xff,0xff,0xff,0xff,0xc0,0x00,0x00,0x00,0x00,0x00,
0x36,0x66,0x66,0x66,0x66,0x66,0x66,0x66,0xbf,0xb0,0x00,0x00,0x00,0x00,0x00,0x00,0x00,0x00,0x00,0x00,0x00,0x00,0x00,0x9f,
0xa0,0x00,0x00,0x00,0x00,0x00,0x00,0x00,0x00,0x00,0x00,0x00,0x00,0x00,0xbf,0x80,0x00,0x00,0x00,0x00,0x00,0x00,0x00,0x00,
0x00,0x00,0x00,0x00,0x00,0xdf,0x60,0x00,0x00,0x00,0x00,0x00,0x00,0x00,0x00,0x00,0x00,0x00,0x00,0x00,0xff,0x40,0x00,0x00,
0x00,0x00,0x00,0x00,0x00,0x00,0x00,0x00,0x00,0x00,0x04,0xff,0x10,0x00,0x00,0x00,0x00,0x00,0x00,0x00,0x00,0x00,0x44,0x32,
0x24,0x7f,0xfd,0x00,0x00,0x00,0x00,0x00,0x00,0x00,0x00,0x00,0x00,0xcf,0xff,0xff,0xff,0xf4,0x00,0x00,0x00,0x00,0x00,0x00,
0x00,0x00,0x00,0x00,0x5d,0xde,0xfe,0xc9,0x20,0x00,0x00,0x00,
/* U+5411 */
0x00,0x00,0x00,0x00,0x00,0x02,0x00,0x00,0x00,0x00,0x00,0x00,0x00,0x00,0x00,0x00,0x00,0x00,0x5f,0xf2,0x00,0x00,0x00,0x00,
0x00,0x00,0x00,0x00,0x00,0x00,0x00,0xbf,0xc0,0x00,0x00,0x00,0x00,0x00,0x00,0x00,0x00,0x00,0x00,0x01,0xff,0x60,0x00,0x00,
0x00,0x00,0x00,0x00,0x00,0x00,0x00,0x00,0x06,0xff,0x10,0x00,0x00,0x00,0x00,0x00,0x00,0x47,0x77,0x77,0x77,0x7d,0xfe,0x77,
0x77,0x77,0x77,0x77,0x77,0x76,0x8f,0xff,0xff,0xff,0xff,0xff,0xff,0xff,0xff,0xff,0xff,0xff,0xfc,0x8f,0xeb,0xbb,0xbb,0xbb,
0xbb,0xbb,0xbb,0xbb,0xbb,0xbb,0xbd,0xfc,0x8f,0xc0,0x00,0x00,0x00,0x00,0x00,0x00,0x00,0x00,0x00,0x08,0xfc,0x8f,0xc0,0x00,
0x00,0x00,0x00,0x00,0x00,0x00,0x00,0x00,0x08,0xfc,0x8f,0xc0,0x00,0x00,0x00,0x00,0x00,0x00,0x00,0x00,0x00,0x08,0xfc,0x8f,
0xc0,0x00,0x00,0x00,0x00,0x00,0x00,0x00,0x00,0x00,0x08,0xfc,0x8f,0xc0,0x00,0x0a,0xcc,0xcc,0xcc,0xcc,0xcc,0xb0,0x00,0x08,
0xfc,0x8f,0xc0,0x00,0x0d,0xff,0xff,0xff,0xff,0xff,0xf0,0x00,0x08,0xfc,0x8f,0xc0,0x00,0x0d,0xfa,0x66,0x66,0x66,0x9f,0xf0,
0x00,0x08,0xfc,0x8f,0xc0,0x00,0x0d,0xf6,0x00,0x00,0x00,0x4f,0xf0,0x00,0x08,0xfc,0x8f,0xc0,0x00,0x0d,0xf6,0x00,0x00,0x00,
0x4f,0xf0,0x00,0x08,0xfc,0x8f,0xc0,0x00,0x0d,0xf6,0x00,0x00,0x00,0x4f,0xf0,0x00,0x08,0xfc,0x8f,0xc0,0x00,0x0d,0xf6,0x00,
0x00,0x00,0x4f,0xf0,0x00,0x08,0xfc,0x8f,0xc0,0x00,0x0d,0xf6,0x00,0x00,0x00,0x4f,0xf0,0x00,0x08,0xfc,0x8f,0xc0,0x00,0x0d,
0xf6,0x00,0x00,0x00,0x4f,0xf0,0x00,0x08,0xfc,0x8f,0xc0,0x00,0x0d,0xfd,0xbb,0xbb,0xbb,0xcf,0xf0,0x00,0x08,0xfc,0x8f,0xc0,
0x00,0x0d,0xff,0xff,0xff,0xff,0xff,0xf0,0x00,0x08,0xfc,0x8f,0xc0,0x00,0x06,0x77,0x77,0x77,0x77,0x77,0x60,0x00,0x08,0xfc,
0x8f,0xc0,0x00,0x00,0x00,0x00,0x00,0x00,0x00,0x00,0x00,0x08,0xfc,0x8f,0xc0,0x00,0x00,0x00,0x00,0x00,0x00,0x00,0x00,0x00,
0x08,0xfc,0x8f,0xc0,0x00,0x00,0x00,0x00,0x00,0x00,0x00,0x00,0x00,0x09,0xfc,0x8f,0xc0,0x00,0x00,0x00,0x00,0x00,0x00,0x02,
0x44,0x43,0x5e,0xf9,0x8f,0xc0,0x00,0x00,0x00,0x00,0x00,0x00,0x05,0xff,0xff,0xff,0xf4,0x8f,0xc0,0x00,0x00,0x00,0x00,0x00,
0x00,0x01,0xff,0xff,0xfc,0x60,0x12,0x10,0x00,0x00,0x00,0x00,0x00,0x00,0x00,0x00,0x00,0x00,0x00,
/* U+542C */
0x00,0x00,0x00,0x00,0x00,0x00,0x00,0x00,0x00,0x00,0x00,0x00,0x48,0x90,0x00,0x00,0x00,0x00,0x00,0x00,0x00,0x00,0x00,0x00,
0x02,0x7b,0xff,0xff,0x40,0x05,0x55,0x55,0x55,0x53,0x00,0x04,0x8a,0xcd,0xff,0xff,0xff,0xfd,0x93,0x01,0xff,0xff,0xff,0xff,
0xa0,0x00,0x9f,0xff,0xff,0xff,0xda,0x61,0x00,0x00,0x1f,0xfd,0xdd,0xde,0xfa,0x00,0x09,0xfd,0x64,0x21,0x00,0x00,0x00,0x00,
0x01,0xff,0x30,0x00,0x9f,0xa0,0x00,0x9f,0xa0,0x00,0x00,0x00,0x00,0x00,0x00,0x1f,0xf3,0x00,0x09,0xfa,0x00,0x09,0xfa,0x00,
0x00,0x00,0x00,0x00,0x00,0x01,0xff,0x30,0x00,0x9f,0xa0,0x00,0x9f,0xa0,0x00,0x00,0x00,0x00,0x00,0x00,0x1f,0xf3,0x00,0x09,
0xfa,0x00,0x09,0xfa,0x00,0x00,0x00,0x00,0x00,0x00,0x01,0xff,0x30,0x00,0x9f,0xa0,0x00,0x9f,0xa0,0x00,0x00,0x00,0x00,0x00,
0x00,0x1f,0xf3,0x00,0x09,0xfa,0x00,0x09,0xfe,0xbb,0xbb,0xbb,0xbb,0xbb,0xbb,0x51,0xff,0x30,0x00,0x9f,0xa0,0x00,0x9f,0xff,
0xff,0xff,0xff,0xff,0xff,0xf6,0x1f,0xf3,0x00,0x09,0xfa,0x00,0x09,0xfc,0x66,0x66,0x6d,0xfb,0x66,0x66,0x21,0xff,0x30,0x00,
0x9f,0xa0,0x00,0x9f,0xa0,0x00,0x00,0xbf,0x80,0x00,0x00,0x1f,0xf3,0x00,0x09,0xfa,0x00,0x0a,0xf9,0x00,0x00,0x0b,0xf8,0x00,
0x00,0x01,0xff,0x30,0x00,0x9f,0xa0,0x00,0xcf,0x70,0x00,0x00,0xbf,0x80,0x00,0x00,0x1f,0xf3,0x00,0x09,0xfa,0x00,0x0e,0xf5,
0x00,0x00,0x0b,0xf8,0x00,0x00,0x01,0xff,0x30,0x00,0x9f,0xa0,0x00,0xff,0x40,0x00,0x00,0xbf,0x80,0x00,0x00,0x1f,0xf3,0x00,
0x09,0xfa,0x00,0x3f,0xf1,0x00,0x00,0x0b,0xf8,0x00,0x00,0x01,0xff,0x52,0x22,0xaf,0xa0,0x07,0xfd,0x00,0x00,0x00,0xbf,0x80,
0x00,0x00,0x1f,0xff,0xff,0xff,0xfa,0x00,0xcf,0x90,0x00,0x00,0x0b,0xf8,0x00,0x00,0x01,0xff,0xff,0xff,0xff,0xa0,0x1f,0xf5,
0x00,0x00,0x00,0xbf,0x80,0x00,0x00,0x1f,0xf3,0x00,0x00,0x00,0x08,0xff,0x00,0x00,0x00,0x0b,0xf8,0x00,0x00,0x01,0xff,0x30,
0x00,0x00,0x00,0xef,0x80,0x00,0x00,0x00,0xbf,0x80,0x00,0x00,0x06,0x61,0x00,0x00,0x00,0x7f,0xf1,0x00,0x00,0x00,0x0b,0xf8,
0x00,0x00,0x00,0x00,0x00,0x00,0x00,0x3f,0xf9,0x00,0x00,0x00,0x00,0xbf,0x80,0x00,0x00,0x00,0x00,0x00,0x00,0x1d,0xfe,0x10,
0x00,0x00,0x00,0x0b,0xf8,0x00,0x00,0x00,0x00,0x00,0x00,0x03,0xff,0x30,0x00,0x00,0x00,0x00,0xbf,0x80,0x00,0x00,0x00,0x00,
0x00,0x00,0x04,0x70,0x00,0x00,0x00,0x00,0x0b,0xf8,0x00,0x00,0x00,0x00,0x00,0x00,0x00,0x00,0x00,0x00,0x00,0x00,0x00,0x23,
0x10,0x00,0x00,
/* U+559C */
0x00,0x00,0x00,0x00,0x00,0x00,0x00,0x22,0x00,0x00,0x00,0x00,0x00,0x00,0x00,0x00,0x00,0x00,0x00,0x00,0x00,0x01,0xff,0x10,
0x00,0x00,0x00,0x00,0x00,0x00,0x00,0x12,0x22,0x22,0x22,0x22,0x23,0xff,0x32,0x22,0x22,0x22,0x22,0x21,0x00,0x00,0xef,0xff,
0xff,0xff,0xff,0xff,0xff,0xff,0xff,0xff,0xff,0xff,0xff,0x00,0x00,0xbc,0xcc,0xcc,0xcc,0xcc,0xcc,0xff,0xcc,0xcc,0xcc,0xcc,
0xcc,0xcb,0x00,0x00,0x00,0x00,0x00,0x00,0x00,0x01,0xff,0x10,0x00,0x00,0x00,0x00,0x00,0x00,0x00,0x02,0x22,0x22,0x22,0x22,
0x24,0xff,0x42,0x22,0x22,0x22,0x22,0x20,0x00,0x00,0x0e,0xff,0xff,0xff,0xff,0xff,0xff,0xff,0xff,0xff,0xff,0xff,0xe0,0x00,
0x00,0x0a,0xbb,0xbb,0xbb,0xbb,0xbb,0xbb,0xbb,0xbb,0xbb,0xbb,0xbb,0xa0,0x00,0x00,0x00,0x00,0x00,0x00,0x00,0x00,0x00,0x00,
0x00,0x00,0x00,0x00,0x00,0x00,0x00,0x00,0x09,0x99,0x99,0x99,0x99,0x99,0x99,0x99,0x99,0x99,0x90,0x00,0x00,0x00,0x00,0x0f,
0xff,0xff,0xff,0xff,0xff,0xff,0xff,0xff,0xff,0xf0,0x00,0x00,0x00,0x00,0x0f,0xf4,0x11,0x11,0x11,0x11,0x11,0x11,0x11,0x4f,
0xf0,0x00,0x00,0x00,0x00,0x0f,0xf3,0x00,0x00,0x00,0x00,0x00,0x00,0x00,0x3f,0xf0,0x00,0x00,0x00,0x00,0x0f,0xfa,0x88,0x88,
0x88,0x88,0x88,0x88,0x88,0xaf,0xf0,0x00,0x00,0x00,0x00,0x0f,0xff,0xff,0xff,0xff,0xff,0xff,0xff,0xff,0xff,0xf0,0x00,0x00,
0x00,0x00,0x02,0x22,0xdf,0xa2,0x22,0x22,0x22,0x26,0xff,0x32,0x20,0x00,0x00,0x00,0x00,0x00,0x00,0x6f,0xf0,0x00,0x00,0x00,
0x0d,0xf9,0x00,0x00,0x00,0x00,0x28,0x88,0x88,0x88,0x8f,0xfa,0x88,0x88,0x88,0xaf,0xf9,0x88,0x88,0x88,0x82,0x4f,0xff,0xff,
0xff,0xff,0xff,0xff,0xff,0xff,0xff,0xff,0xff,0xff,0xff,0xf4,0x16,0x66,0x66,0x66,0x66,0x66,0x66,0x66,0x66,0x66,0x66,0x66,
0x66,0x66,0x61,0x00,0x00,0x00,0x00,0x00,0x00,0x00,0x00,0x00,0x00,0x00,0x00,0x00,0x00,0x00,0x00,0x00,0x5b,0xbb,0xbb,0xbb,
0xbb,0xbb,0xbb,0xbb,0xbb,0xbb,0xb5,0x00,0x00,0x00,0x00,0x7f,0xff,0xff,0xff,0xff,0xff,0xff,0xff,0xff,0xff,0xf7,0x00,0x00,
0x00,0x00,0x7f,0xc2,0x22,0x22,0x22,0x22,0x22,0x22,0x22,0x2c,0xf7,0x00,0x00,0x00,0x00,0x7f,0xb0,0x00,0x00,0x00,0x00,0x00,
0x00,0x00,0x0b,0xf7,0x00,0x00,0x00,0x00,0x7f,0xb0,0x00,0x00,0x00,0x00,0x00,0x00,0x00,0x0b,0xf7,0x00,0x00,0x00,0x00,0x7f,
0xff,0xff,0xff,0xff,0xff,0xff,0xff,0xff,0xff,0xf7,0x00,0x00,0x00,0x00,0x7f,0xfe,0xee,0xee,0xee,0xee,0xee,0xee,0xee,0xef,
0xf7,0x00,0x00,0x00,0x00,0x7f,0xb0,0x00,0x00,0x00,0x00,0x00,0x00,0x00,0x0b,0xf7,0x00,0x00,0x00,0x00,0x13,0x20,0x00,0x00,
0x00,0x00,0x00,0x00,0x00,0x02,0x31,0x00,0x00,
/* U+5728 */
0x00,0x00,0x00,0x00,0x00,0x00,0x43,0x10,0x00,0x00,0x00,0x00,0x00,0x00,0x00,0x00,0x00,0x00,0x00,0x00,0x01,0xff,0x60,0x00,
0x00,0x00,0x00,0x00,0x00,0x00,0x00,0x00,0x00,0x00,0x00,0x07,0xff,0x10,0x00,0x00,0x00,0x00,0x00,0x00,0x00,0x00,0x00,0x00,
0x00,0x00,0x0d,0xfb,0x00,0x00,0x00,0x00,0x00,0x00,0x00,0x00,0x00,0x00,0x00,0x00,0x00,0x3f,0xf5,0x00,0x00,0x00,0x00,0x00,
0x00,0x00,0x00,0x09,0xcc,0xcc,0xcc,0xcc,0xef,0xfd,0xcc,0xcc,0xcc,0xcc,0xcc,0xcc,0xcc,0xc2,0x0c,0xff,0xff,0xff,0xff,0xff,
0xff,0xff,0xff,0xff,0xff,0xff,0xff,0xff,0xf3,0x05,0x77,0x77,0x77,0x7d,0xff,0x77,0x77,0x77,0x77,0x77,0x77,0x77,0x77,0x71,
0x00,0x00,0x00,0x00,0x3f,0xf7,0x00,0x00,0x00,0x00,0x00,0x00,0x00,0x00,0x00,0x00,0x00,0x00,0x00,0xdf,0xc0,0x00,0x00,0x00,
0x22,0x00,0x00,0x00,0x00,0x00,0x00,0x00,0x00,0x08,0xff,0x30,0x00,0x00,0x02,0xff,0x20,0x00,0x00,0x00,0x00,0x00,0x00,0x00,
0x3f,0xf8,0x00,0x00,0x00,0x02,0xff,0x20,0x00,0x00,0x00,0x00,0x00,0x00,0x00,0xdf,0xd0,0x00,0x00,0x00,0x02,0xff,0x20,0x00,
0x00,0x00,0x00,0x00,0x00,0x09,0xff,0x40,0x00,0x00,0x00,0x02,0xff,0x20,0x00,0x00,0x00,0x00,0x00,0x00,0x8f,0xfb,0x00,0x00,
0x00,0x00,0x02,0xff,0x20,0x00,0x00,0x00,0x00,0x00,0x08,0xff,0xf9,0x00,0x13,0x33,0x33,0x35,0xff,0x53,0x33,0x33,0x32,0x00,
0x00,0x8f,0xff,0xf9,0x00,0x8f,0xff,0xff,0xff,0xff,0xff,0xff,0xff,0xfc,0x00,0x09,0xff,0xdc,0xf9,0x00,0x8f,0xff,0xff,0xff,
0xff,0xff,0xff,0xff,0xfc,0x00,0x8f,0xfd,0x1a,0xf9,0x00,0x00,0x00,0x00,0x03,0xff,0x20,0x00,0x00,0x00,0x00,0x5f,0xc1,0x0a,
0xf9,0x00,0x00,0x00,0x00,0x02,0xff,0x20,0x00,0x00,0x00,0x00,0x06,0x00,0x0a,0xf9,0x00,0x00,0x00,0x00,0x02,0xff,0x20,0x00,
0x00,0x00,0x00,0x00,0x00,0x0a,0xf9,0x00,0x00,0x00,0x00,0x02,0xff,0x20,0x00,0x00,0x00,0x00,0x00,0x00,0x0a,0xf9,0x00,0x00,
0x00,0x00,0x02,0xff,0x20,0x00,0x00,0x00,0x00,0x00,0x00,0x0a,0xf9,0x00,0x00,0x00,0x00,0x02,0xff,0x20,0x00,0x00,0x00,0x00,
0x00,0x00,0x0a,0xf9,0x00,0x00,0x00,0x00,0x02,0xff,0x20,0x00,0x00,0x00,0x00,0x00,0x00,0x0a,0xf9,0x00,0x00,0x00,0x00,0x02,
0xff,0x20,0x00,0x00,0x00,0x00,0x00,0x00,0x0a,0xf9,0x02,0x22,0x22,0x22,0x25,0xff,0x42,0x22,0x22,0x22,0x20,0x00,0x00,0x0a,
0xf9,0x0d,0xff,0xff,0xff,0xff,0xff,0xff,0xff,0xff,0xff,0xf3,0x00,0x00,0x0a,0xf9,0x0d,0xff,0xff,0xff,0xff,0xff,0xff,0xff,
0xff,0xff,0xf3,0x00,0x00,0x0a,0xf9,0x01,0x11,0x11,0x11,0x11,0x11,0x11,0x11,0x11,0x11,0x10,0x00,0x00,0x03,0x42,0x00,0x00,
0x00,0x00,0x00,0x00,0x00,0x00,0x00,0x00,0x00,
/* U+5730 */
0x00,0x00,0x00,0x00,0x00,0x00,0x00,0x00,0x00,0x01,0x21,0x00,0x00,0x00,0x00,0x00,0x00,0xbe,0x60,0x00,0x00,0x00,0x00,0x00,
0x09,0xfa,0x00,0x00,0x00,0x00,0x00,0x00,0xdf,0x70,0x00,0x00,0x00,0x00,0x00,0x09,0xfa,0x00,0x00,0x00,0x00,0x00,0x00,0xdf,
0x70,0x00,0x00,0x00,0x00,0x00,0x09,0xfa,0x00,0x00,0x00,0x00,0x00,0x00,0xdf,0x70,0x00,0x00,0x6e,0xa0,0x00,0x09,0xfa,0x00,
0x00,0x00,0x00,0x00,0x00,0xdf,0x70,0x00,0x00,0x7f,0xb0,0x00,0x09,0xfa,0x00,0x00,0x00,0x00,0x00,0x00,0xdf,0x70,0x00,0x00,
0x7f,0xb0,0x00,0x09,0xfa,0x00,0x00,0x00,0x00,0x00,0x00,0xdf,0x70,0x00,0x00,0x7f,0xb0,0x00,0x09,0xfa,0x00,0x00,0x5a,0x70,
0x00,0x00,0xdf,0x70,0x00,0x00,0x7f,0xb0,0x00,0x09,0xfa,0x16,0xbf,0xff,0x80,0x4a,0xaa,0xef,0xca,0xa7,0x00,0x7f,0xb0,0x00,
0x09,0xff,0xff,0xff,0xff,0x80,0x7f,0xff,0xff,0xff,0xfc,0x00,0x7f,0xb0,0x48,0xdf,0xff,0xfe,0x95,0xbf,0x80,0x49,0x99,0xef,
0xc9,0x97,0x00,0x7f,0xee,0xff,0xff,0xfc,0x30,0x00,0xbf,0x80,0x00,0x00,0xdf,0x70,0x00,0x6b,0xff,0xff,0xfb,0x6a,0xfa,0x00,
0x00,0xbf,0x70,0x00,0x00,0xdf,0x70,0x02,0xff,0xff,0xe5,0x00,0x09,0xfa,0x00,0x00,0xbf,0x70,0x00,0x00,0xdf,0x70,0x02,0xd8,
0xaf,0xb0,0x00,0x09,0xfa,0x00,0x00,0xbf,0x60,0x00,0x00,0xdf,0x70,0x00,0x00,0x7f,0xb0,0x00,0x09,0xfa,0x00,0x00,0xcf,0x60,
0x00,0x00,0xdf,0x70,0x00,0x00,0x7f,0xb0,0x00,0x09,0xfa,0x00,0x00,0xdf,0x50,0x00,0x00,0xdf,0x70,0x00,0x00,0x7f,0xb0,0x00,
0x09,0xfa,0x00,0x00,0xff,0x30,0x00,0x00,0xdf,0x70,0x00,0x00,0x7f,0xb0,0x00,0x09,0xfa,0x04,0x5b,0xff,0x10,0x00,0x00,0xdf,
0x70,0x00,0x00,0x7f,0xb0,0x00,0x09,0xfa,0x09,0xff,0xf8,0x00,0x00,0x00,0xdf,0x70,0x01,0x10,0x7f,0xb0,0x00,0x09,0xfa,0x05,
0xc9,0x60,0x00,0x00,0x00,0xdf,0x73,0xaf,0x30,0x7f,0xb0,0x00,0x09,0xfa,0x00,0x00,0x00,0x00,0x00,0x00,0xdf,0xef,0xff,0x30,
0x7f,0xb0,0x00,0x09,0xfa,0x00,0x00,0x06,0x93,0x15,0x9d,0xff,0xfe,0x82,0x00,0x7f,0xb0,0x00,0x05,0x96,0x00,0x00,0x09,0xf9,
0xbf,0xff,0xf9,0x30,0x00,0x00,0x7f,0xb0,0x00,0x00,0x00,0x00,0x00,0x0a,0xf8,0x7f,0xb5,0x00,0x00,0x00,0x00,0x7f,0xb0,0x00,
0x00,0x00,0x00,0x00,0x0d,0xf6,0x11,0x00,0x00,0x00,0x00,0x00,0x7f,0xe0,0x00,0x00,0x00,0x00,0x00,0x2f,0xf3,0x00,0x00,0x00,
0x00,0x00,0x00,0x5f,0xfd,0x98,0x88,0x88,0x88,0x8a,0xff,0xf0,0x00,0x00,0x00,0x00,0x00,0x00,0x0d,0xff,0xff,0xff,0xff,0xff,
0xff,0xff,0x70,0x00,0x00,0x00,0x00,0x00,0x00,0x00,0x69,0x99,0x99,0x99,0x99,0x99,0x84,0x00,
/* U+5766 */
0x00,0x00,0x6f,0xe0,0x00,0x00,0x00,0x00,0x00,0x00,0x00,0x00,0x00,0x00,0x00,0x00,0x00,0x6f,0xe0,0x00,0x00,0x03,0x33,0x33,
0x33,0x33,0x33,0x33,0x31,0x00,0x00,0x00,0x6f,0xe0,0x00,0x00,0x3f,0xff,0xff,0xff,0xff,0xff,0xff,0xf7,0x00,0x00,0x00,0x6f,
0xe0,0x00,0x00,0x3f,0xff,0xff,0xff,0xff,0xff,0xff,0xf7,0x00,0x00,0x00,0x6f,0xe0,0x00,0x00,0x3f,0xf0,0x00,0x00,0x00,0x00,
0x0c,0xf7,0x00,0x00,0x00,0x6f,0xe0,0x00,0x00,0x3f,0xf0,0x00,0x00,0x00,0x00,0x0c,0xf7,0x00,0x00,0x00,0x6f,0xe0,0x00,0x00,
0x3f,0xf0,0x00,0x00,0x00,0x00,0x0c,0xf7,0x00,0x00,0x00,0x6f,0xe0,0x00,0x00,0x3f,0xf0,0x00,0x00,0x00,0x00,0x0c,0xf7,0x00,
0x2a,0xaa,0xcf,0xfa,0xaa,0x70,0x3f,0xf0,0x00,0x00,0x00,0x00,0x0c,0xf7,0x00,0x3f,0xff,0xff,0xff,0xff,0xb0,0x3f,0xf0,0x00,
0x00,0x00,0x00,0x0c,0xf7,0x00,0x29,0x99,0xcf,0xf9,0x99,0x60,0x3f,0xf7,0x77,0x77,0x77,0x77,0x7d,0xf7,0x00,0x00,0x00,0x6f,
0xe0,0x00,0x00,0x3f,0xff,0xff,0xff,0xff,0xff,0xff,0xf7,0x00,0x00,0x00,0x6f,0xe0,0x00,0x00,0x3f,0xfb,0xbb,0xbb,0xbb,0xbb,
0xbe,0xf7,0x00,0x00,0x00,0x6f,0xe0,0x00,0x00,0x3f,0xf0,0x00,0x00,0x00,0x00,0x0c,0xf7,0x00,0x00,0x00,0x6f,0xe0,0x00,0x00,
0x3f,0xf0,0x00,0x00,0x00,0x00,0x0c,0xf7,0x00,0x00,0x00,0x6f,0xe0,0x00,0x00,0x3f,0xf0,0x00,0x00,0x00,0x00,0x0c,0xf7,0x00,
0x00,0x00,0x6f,0xe0,0x00,0x00,0x3f,0xf0,0x00,0x00,0x00,0x00,0x0c,0xf7,0x00,0x00,0x00,0x6f,0xe0,0x00,0x00,0x3f,0xf0,0x00,
0x00,0x00,0x00,0x0c,0xf7,0x00,0x00,0x00,0x6f,0xe0,0x00,0x00,0x3f,0xf0,0x00,0x00,0x00,0x00,0x0c,0xf7,0x00,0x00,0x00,0x6f,
0xe0,0x00,0x30,0x3f,0xfc,0xcc,0xcc,0xcc,0xcc,0xcf,0xf7,0x00,0x00,0x00,0x6f,0xe0,0x5c,0xf2,0x3f,0xff,0xff,0xff,0xff,0xff,
0xff,0xf7,0x00,0x00,0x00,0x6f,0xfe,0xff,0xf1,0x15,0x55,0x55,0x55,0x55,0x55,0x55,0x52,0x00,0x02,0x6a,0xef,0xff,0xc6,0x10,
0x00,0x00,0x00,0x00,0x00,0x00,0x00,0x00,0x00,0x5f,0xff,0xfd,0x72,0x00,0x00,0x00,0x00,0x00,0x00,0x00,0x00,0x00,0x00,0x00,
0x1f,0xe8,0x30,0x00,0x00,0x00,0x00,0x00,0x00,0x00,0x00,0x00,0x00,0x00,0x00,0x03,0x00,0x00,0x00,0x01,0x22,0x22,0x22,0x22,
0x22,0x22,0x22,0x22,0x22,0x21,0x00,0x00,0x00,0x00,0x0a,0xff,0xff,0xff,0xff,0xff,0xff,0xff,0xff,0xff,0xfa,0x00,0x00,0x00,
0x00,0x0a,0xff,0xff,0xff,0xff,0xff,0xff,0xff,0xff,0xff,0xfa,0x00,0x00,0x00,0x00,0x00,0x11,0x11,0x11,0x11,0x11,0x11,0x11,
0x11,0x11,0x10,
/* U+5907 */
0x00,0x00,0x00,0x00,0x00,0x35,0x20,0x00,0x00,0x00,0x00,0x00,0x00,0x00,0x00,0x00,0x00,0x00,0x00,0x03,0xff,0xa0,0x00,0x00,
0x00,0x00,0x00,0x00,0x00,0x00,0x00,0x00,0x00,0x00,0x1e,0xfe,0x10,0x00,0x00,0x00,0x00,0x00,0x00,0x00,0x00,0x00,0x00,0x00,
0x00,0xcf,0xff,0xdd,0xdd,0xdd,0xdd,0xdd,0xdd,0x70,0x00,0x00,0x00,0x00,0x00,0x0b,0xff,0xff,0xff,0xff,0xff,0xff,0xff,0xff,
0x80,0x00,0x00,0x00,0x00,0x01,0xbf,0xf8,0x22,0x22,0x22,0x22,0x22,0x2c,0xfd,0x10,0x00,0x00,0x00,0x00,0x3e,0xff,0xfe,0x20,
0x00,0x00,0x00,0x01,0xcf,0xd1,0x00,0x00,0x00,0x00,0x07,0xff,0xf5,0x9f,0xf4,0x00,0x00,0x00,0x3e,0xfd,0x10,0x00,0x00,0x00,
0x00,0xbf,0xfd,0x20,0x06,0xff,0x80,0x00,0x08,0xff,0xc1,0x00,0x00,0x00,0x00,0x00,0x8f,0x90,0x00,0x00,0x3e,0xfe,0x43,0xdf,
0xf8,0x00,0x00,0x00,0x00,0x00,0x00,0x04,0x00,0x00,0x00,0x01,0xbf,0xff,0xfe,0x40,0x00,0x00,0x00,0x00,0x00,0x00,0x00,0x00,
0x00,0x00,0x16,0xcf,0xff,0xfd,0x82,0x00,0x00,0x00,0x00,0x00,0x00,0x00,0x00,0x00,0x5b,0xff,0xfe,0x97,0xdf,0xff,0xd8,0x20,
0x00,0x00,0x00,0x00,0x01,0x58,0xbf,0xff,0xfc,0x50,0x00,0x03,0x9f,0xff,0xfe,0xb8,0x52,0x00,0x4b,0xef,0xff,0xff,0xe8,0x20,
0x00,0x00,0x00,0x00,0x6b,0xff,0xff,0xff,0xf5,0x2f,0xff,0xd9,0x52,0x00,0x00,0x00,0x00,0x00,0x00,0x00,0x02,0x69,0xdf,0xe0,
0x05,0x40,0x0c,0xcc,0xcc,0xcc,0xcc,0xcc,0xcc,0xcc,0xcc,0xcc,0xc1,0x00,0x20,0x00,0x00,0x0f,0xff,0xff,0xff,0xff,0xff,0xff,
0xff,0xff,0xff,0xf1,0x00,0x00,0x00,0x00,0x0f,0xf4,0x22,0x22,0x23,0xff,0x32,0x22,0x22,0x3f,0xf1,0x00,0x00,0x00,0x00,0x0f,
0xf2,0x00,0x00,0x01,0xff,0x10,0x00,0x00,0x1f,0xf1,0x00,0x00,0x00,0x00,0x0f,0xf2,0x00,0x00,0x01,0xff,0x10,0x00,0x00,0x1f,
0xf1,0x00,0x00,0x00,0x00,0x0f,0xf8,0x77,0x77,0x77,0xff,0x77,0x77,0x77,0x7f,0xf1,0x00,0x00,0x00,0x00,0x0f,0xff,0xff,0xff,
0xff,0xff,0xff,0xff,0xff,0xff,0xf1,0x00,0x00,0x00,0x00,0x0f,0xf8,0x66,0x66,0x67,0xff,0x76,0x66,0x66,0x7f,0xf1,0x00,0x00,
0x00,0x00,0x0f,0xf2,0x00,0x00,0x01,0xff,0x10,0x00,0x00,0x1f,0xf1,0x00,0x00,0x00,0x00,0x0f,0xf2,0x00,0x00,0x01,0xff,0x10,
0x00,0x00,0x1f,0xf1,0x00,0x00,0x00,0x00,0x0f,0xf5,0x33,0x33,0x34,0xff,0x43,0x33,0x33,0x4f,0xf1,0x00,0x00,0x00,0x00,0x0f,
0xff,0xff,0xff,0xff,0xff,0xff,0xff,0xff,0xff,0xf1,0x00,0x00,0x00,0x00,0x0f,0xfd,0xcc,0xcc,0xcc,0xcc,0xcc,0xcc,0xcc,0xcf,
0xf1,0x00,0x00,0x00,0x00,0x0f,0xf2,0x00,0x00,0x00,0x00,0x00,0x00,0x00,0x1f,0xf1,0x00,0x00,0x00,0x00,0x03,0x30,0x00,0x00,
0x00,0x00,0x00,0x00,0x00,0x03,0x30,0x00,0x00,
/* U+590D */
0x00,0x00,0x00,0x34,0x10,0x00,0x00,0x00,0x00,0x00,0x00,0x00,0x00,0x00,0x00,0x00,0x00,0x0e,0xf9,0x00,0x00,0x00,0x00,0x00,
0x00,0x00,0x00,0x00,0x00,0x00,0x00,0x07,0xff,0x30,0x00,0x00,0x00,0x00,0x00,0x00,0x00,0x00,0x00,0x00,0x00,0x00,0xef,0xfc,
0xcc,0xcc,0xcc,0xcc,0xcc,0xcc,0xcc,0xcc,0xc8,0x00,0x00,0x00,0x7f,0xff,0xff,0xff,0xff,0xff,0xff,0xff,0xff,0xff,0xff,0xa0,
0x00,0x00,0x2f,0xfb,0x33,0x33,0x33,0x33,0x33,0x33,0x33,0x33,0x33,0x32,0x00,0x00,0x2e,0xfe,0x10,0x00,0x00,0x00,0x00,0x00,
0x00,0x00,0x00,0x00,0x00,0x00,0x2e,0xff,0xc8,0x88,0x88,0x88,0x88,0x88,0x88,0x88,0x88,0x81,0x00,0x00,0x2e,0xff,0x7f,0xff,
0xff,0xff,0xff,0xff,0xff,0xff,0xff,0xff,0x20,0x00,0x0e,0xff,0x51,0xff,0x64,0x44,0x44,0x44,0x44,0x44,0x44,0x5f,0xf2,0x00,
0x00,0x8f,0x40,0x1f,0xf2,0x00,0x00,0x00,0x00,0x00,0x00,0x01,0xff,0x20,0x00,0x00,0x20,0x01,0xff,0x86,0x66,0x66,0x66,0x66,
0x66,0x66,0x6f,0xf2,0x00,0x00,0x00,0x00,0x1f,0xff,0xff,0xff,0xff,0xff,0xff,0xff,0xff,0xff,0x20,0x00,0x00,0x00,0x01,0xff,
0x75,0x55,0x55,0x55,0x55,0x55,0x55,0x6f,0xf2,0x00,0x00,0x00,0x00,0x1f,0xf2,0x00,0x00,0x00,0x00,0x00,0x00,0x01,0xff,0x20,
0x00,0x00,0x00,0x01,0xff,0x64,0x44,0x44,0x44,0x44,0x44,0x44,0x5f,0xf2,0x00,0x00,0x00,0x00,0x1f,0xff,0xff,0xff,0xff,0xff,
0xff,0xff,0xff,0xff,0x20,0x00,0x00,0x00,0x00,0x88,0x8a,0xff,0xb8,0x88,0x88,0x88,0x88,0x88,0x81,0x00,0x00,0x00,0x00,0x00,
0x01,0xdf,0xc0,0x00,0x00,0x00,0x00,0x00,0x00,0x00,0x00,0x00,0x00,0x00,0x02,0xef,0xf6,0x44,0x44,0x44,0x44,0x44,0x44,0x41,
0x00,0x00,0x00,0x00,0x03,0xef,0xff,0xff,0xff,0xff,0xff,0xff,0xff,0xff,0x30,0x00,0x00,0x00,0x2a,0xff,0xfd,0x99,0x99,0x99,
0x99,0x99,0x9a,0xff,0xe2,0x00,0x00,0x01,0x9f,0xff,0xcf,0xf8,0x00,0x00,0x00,0x00,0x00,0xaf,0xe3,0x00,0x00,0x00,0xdf,0xfc,
0x40,0x4d,0xfd,0x30,0x00,0x00,0x02,0xdf,0xf3,0x00,0x00,0x00,0x05,0xe6,0x00,0x00,0x09,0xff,0xb3,0x00,0x29,0xff,0xc2,0x00,
0x00,0x00,0x00,0x00,0x00,0x00,0x00,0x03,0xdf,0xfc,0x9f,0xff,0x70,0x00,0x00,0x00,0x00,0x00,0x00,0x00,0x00,0x00,0x15,0xef,
0xff,0xff,0x83,0x00,0x00,0x00,0x00,0x00,0x00,0x02,0x35,0x7a,0xef,0xff,0xfd,0xcf,0xff,0xff,0xc8,0x65,0x32,0x10,0x3d,0xff,
0xff,0xff,0xff,0xea,0x61,0x00,0x15,0x9e,0xff,0xff,0xff,0xff,0x10,0xdf,0xfe,0xca,0x86,0x30,0x00,0x00,0x00,0x00,0x02,0x68,
0x9b,0xdf,0xd0,0x01,0x10,0x00,0x00,0x00,0x00,0x00,0x00,0x00,0x00,0x00,0x00,0x00,0x00,0x00,
/* U+5929 */
0x00,0x46,0x66,0x66,0x66,0x66,0x66,0x66,0x66,0x66,0x66,0x66,0x66,0x64,0x00,0x00,0xaf,0xff,0xff,0xff,0xff,0xff,0xff,0xff,
0xff,0xff,0xff,0xff,0xfa,0x00,0x00,0x8d,0xdd,0xdd,0xdd,0xdd,0xdd,0xff,0xdd,0xdd,0xdd,0xdd,0xdd,0xd8,0x00,0x00,0x00,0x00,
0x00,0x00,0x00,0x01,0xff,0x30,0x00,0x00,0x00,0x00,0x00,0x00,0x00,0x00,0x00,0x00,0x00,0x00,0x03,0xff,0x20,0x00,0x00,0x00,
0x00,0x00,0x00,0x00,0x00,0x00,0x00,0x00,0x00,0x04,0xff,0x00,0x00,0x00,0x00,0x00,0x00,0x00,0x00,0x00,0x00,0x00,0x00,0x00,
0x05,0xff,0x00,0x00,0x00,0x00,0x00,0x00,0x00,0x00,0x00,0x00,0x00,0x00,0x00,0x07,0xfd,0x00,0x00,0x00,0x00,0x00,0x00,0x00,
0x00,0x00,0x00,0x00,0x00,0x00,0x09,0xfa,0x00,0x00,0x00,0x00,0x00,0x00,0x00,0x00,0x00,0x00,0x00,0x00,0x00,0x0c,0xf8,0x00,
0x00,0x00,0x00,0x00,0x00,0x00,0x06,0xdd,0xdd,0xdd,0xdd,0xdd,0xdf,0xfe,0xdd,0xdd,0xdd,0xdd,0xdd,0xdd,0x70,0x07,0xff,0xff,
0xff,0xff,0xff,0xff,0xff,0xff,0xff,0xff,0xff,0xff,0xff,0x90,0x02,0x66,0x66,0x66,0x66,0x66,0xaf,0xff,0xf6,0x66,0x66,0x66,
0x66,0x66,0x30,0x00,0x00,0x00,0x00,0x00,0x00,0xaf,0xbe,0xf5,0x00,0x00,0x00,0x00,0x00,0x00,0x00,0x00,0x00,0x00,0x00,0x00,
0xff,0x67,0xfc,0x00,0x00,0x00,0x00,0x00,0x00,0x00,0x00,0x00,0x00,0x00,0x05,0xff,0x11,0xff,0x40,0x00,0x00,0x00,0x00,0x00,
0x00,0x00,0x00,0x00,0x00,0x0d,0xfb,0x00,0x9f,0xc0,0x00,0x00,0x00,0x00,0x00,0x00,0x00,0x00,0x00,0x00,0x5f,0xf4,0x00,0x2f,
0xf7,0x00,0x00,0x00,0x00,0x00,0x00,0x00,0x00,0x00,0x01,0xef,0xc0,0x00,0x07,0xff,0x30,0x00,0x00,0x00,0x00,0x00,0x00,0x00,
0x00,0x0b,0xff,0x20,0x00,0x00,0xcf,0xd1,0x00,0x00,0x00,0x00,0x00,0x00,0x00,0x00,0x8f,0xf6,0x00,0x00,0x00,0x1f,0xfb,0x00,
0x00,0x00,0x00,0x00,0x00,0x00,0x08,0xff,0xa0,0x00,0x00,0x00,0x05,0xff,0xb0,0x00,0x00,0x00,0x00,0x00,0x00,0x9f,0xfa,0x00,
0x00,0x00,0x00,0x00,0x6f,0xfc,0x10,0x00,0x00,0x00,0x00,0x2c,0xff,0xb0,0x00,0x00,0x00,0x00,0x00,0x05,0xff,0xd2,0x00,0x00,
0x00,0x05,0xef,0xf8,0x00,0x00,0x00,0x00,0x00,0x00,0x00,0x5f,0xff,0x70,0x00,0x03,0xcf,0xff,0x50,0x00,0x00,0x00,0x00,0x00,
0x00,0x00,0x03,0xef,0xfd,0x30,0x4f,0xff,0xb2,0x00,0x00,0x00,0x00,0x00,0x00,0x00,0x00,0x00,0x09,0xff,0xf4,0x0b,0xe5,0x00,
0x00,0x00,0x00,0x00,0x00,0x00,0x00,0x00,0x00,0x00,0x3d,0xb0,0x01,0x00,0x00,0x00,0x00,0x00,0x00,0x00,0x00,0x00,0x00,0x00,
0x00,0x00,0x10,
/* U+5931 */
0x00,0x00,0x00,0x00,0x00,0x00,0x00,0x11,0x00,0x00,0x00,0x00,0x00,0x00,0x00,0x00,0x00,0x00,0x14,0x00,0x00,0x02,0xff,0x30,
0x00,0x00,0x00,0x00,0x00,0x00,0x00,0x00,0x00,0x8f,0xd0,0x00,0x02,0xff,0x30,0x00,0x00,0x00,0x00,0x00,0x00,0x00,0x00,0x00,
0xef,0x90,0x00,0x02,0xff,0x30,0x00,0x00,0x00,0x00,0x00,0x00,0x00,0x00,0x07,0xff,0x30,0x00,0x02,0xff,0x30,0x00,0x00,0x00,
0x00,0x00,0x00,0x00,0x00,0x0e,0xfc,0x00,0x00,0x02,0xff,0x30,0x00,0x00,0x00,0x00,0x00,0x00,0x00,0x00,0x6f,0xfb,0x88,0x88,
0x89,0xff,0x98,0x88,0x88,0x88,0x88,0x70,0x00,0x00,0x01,0xdf,0xff,0xff,0xff,0xff,0xff,0xff,0xff,0xff,0xff,0xff,0xe0,0x00,
0x00,0x0b,0xff,0xcb,0xbb,0xbb,0xbc,0xff,0xcb,0xbb,0xbb,0xbb,0xbb,0xa0,0x00,0x00,0x9f,0xfa,0x00,0x00,0x00,0x02,0xff,0x30,
0x00,0x00,0x00,0x00,0x00,0x00,0x06,0xff,0xe1,0x00,0x00,0x00,0x02,0xff,0x30,0x00,0x00,0x00,0x00,0x00,0x00,0x3f,0xff,0x40,
0x00,0x00,0x00,0x03,0xff,0x20,0x00,0x00,0x00,0x00,0x00,0x00,0x0a,0xf5,0x00,0x00,0x00,0x00,0x05,0xff,0x00,0x00,0x00,0x00,
0x00,0x00,0x00,0x00,0x30,0x00,0x00,0x00,0x00,0x06,0xff,0x00,0x00,0x00,0x00,0x00,0x00,0x00,0x00,0x00,0x00,0x00,0x00,0x00,
0x08,0xfd,0x00,0x00,0x00,0x00,0x00,0x00,0x00,0x0d,0xdd,0xdd,0xdd,0xdd,0xdd,0xdf,0xff,0xdd,0xdd,0xdd,0xdd,0xdd,0xdd,0xd0,
0x0f,0xff,0xff,0xff,0xff,0xff,0xff,0xff,0xff,0xff,0xff,0xff,0xff,0xff,0xf0,0x05,0x55,0x55,0x55,0x55,0x55,0x7f,0xff,0xf8,
0x55,0x55,0x55,0x55,0x55,0x50,0x00,0x00,0x00,0x00,0x00,0x00,0x9f,0xe8,0xfb,0x00,0x00,0x00,0x00,0x00,0x00,0x00,0x00,0x00,
0x00,0x00,0x01,0xff,0x81,0xff,0x30,0x00,0x00,0x00,0x00,0x00,0x00,0x00,0x00,0x00,0x00,0x08,0xff,0x20,0x8f,0xb0,0x00,0x00,
0x00,0x00,0x00,0x00,0x00,0x00,0x00,0x00,0x0e,0xfa,0x00,0x1e,0xf9,0x00,0x00,0x00,0x00,0x00,0x00,0x00,0x00,0x00,0x00,0xcf,
0xf1,0x00,0x03,0xff,0x70,0x00,0x00,0x00,0x00,0x00,0x00,0x00,0x00,0x0b,0xff,0x60,0x00,0x00,0x6f,0xf7,0x00,0x00,0x00,0x00,
0x00,0x00,0x00,0x03,0xdf,0xf7,0x00,0x00,0x00,0x08,0xff,0xb1,0x00,0x00,0x00,0x00,0x00,0x00,0x8f,0xff,0x70,0x00,0x00,0x00,
0x00,0x6f,0xfe,0x50,0x00,0x00,0x00,0x00,0x7e,0xff,0xe3,0x00,0x00,0x00,0x00,0x00,0x02,0xdf,0xfc,0x40,0x00,0x03,0x9f,0xff,
0xf9,0x10,0x00,0x00,0x00,0x00,0x00,0x00,0x0a,0xff,0xfd,0x60,0x4f,0xff,0xfa,0x20,0x00,0x00,0x00,0x00,0x00,0x00,0x00,0x00,
0x2b,0xff,0xf3,0x0b,0xd7,0x10,0x00,0x00,0x00,0x00,0x00,0x00,0x00,0x00,0x00,0x00,0x3b,0x90,
/* U+5934 */
0x00,0x00,0x00,0x00,0x00,0x00,0x00,0x01,0x10,0x00,0x00,0x00,0x00,0x00,0x00,0x00,0x00,0x00,0x00,0x00,0x00,0x0e,0xf7,0x00,
0x00,0x00,0x00,0x00,0x00,0x00,0x00,0x20,0x00,0x00,0x00,0x0e,0xf7,0x00,0x00,0x00,0x00,0x00,0x00,0x00,0x04,0xfa,0x20,0x00,
0x00,0x0e,0xf7,0x00,0x00,0x00,0x00,0x00,0x00,0x00,0x08,0xff,0xf8,0x00,0x00,0x0e,0xf7,0x00,0x00,0x00,0x00,0x00,0x00,0x00,
0x00,0x2a,0xff,0xe5,0x00,0x0e,0xf7,0x00,0x00,0x00,0x00,0x00,0x00,0x00,0x00,0x00,0x3d,0xff,0x40,0x0e,0xf7,0x00,0x00,0x00,
0x00,0x00,0x00,0x00,0x00,0x00,0x00,0x9a,0x00,0x0e,0xf7,0x00,0x00,0x00,0x00,0x00,0x00,0xbd,0x60,0x00,0x00,0x00,0x00,0x0e,
0xf7,0x00,0x00,0x00,0x00,0x00,0x02,0xff,0xfd,0x50,0x00,0x00,0x00,0x0e,0xf7,0x00,0x00,0x00,0x00,0x00,0x00,0x18,0xff,0xfb,
0x10,0x00,0x00,0x0e,0xf7,0x00,0x00,0x00,0x00,0x00,0x00,0x00,0x19,0xff,0xf6,0x00,0x00,0x0f,0xf5,0x00,0x00,0x00,0x00,0x00,
0x00,0x00,0x00,0x4e,0xfa,0x00,0x00,0x1f,0xf3,0x00,0x00,0x00,0x00,0x00,0x00,0x00,0x00,0x01,0x91,0x00,0x00,0x3f,0xf1,0x00,
0x00,0x00,0x00,0x00,0x00,0x00,0x00,0x00,0x00,0x00,0x00,0x6f,0xf0,0x00,0x00,0x00,0x00,0x00,0x12,0x22,0x22,0x22,0x22,0x22,
0x22,0x9f,0xe2,0x22,0x22,0x22,0x22,0x22,0xcf,0xff,0xff,0xff,0xff,0xff,0xff,0xff,0xff,0xff,0xff,0xff,0xff,0xff,0xcf,0xff,
0xff,0xff,0xff,0xff,0xff,0xff,0xff,0xff,0xff,0xff,0xff,0xff,0x11,0x11,0x11,0x11,0x11,0x11,0x18,0xff,0x21,0x11,0x11,0x11,
0x11,0x11,0x00,0x00,0x00,0x00,0x00,0x00,0x1f,0xfa,0x00,0x00,0x00,0x00,0x00,0x00,0x00,0x00,0x00,0x00,0x00,0x00,0x8f,0xfe,
0x40,0x00,0x00,0x00,0x00,0x00,0x00,0x00,0x00,0x00,0x00,0x02,0xff,0xff,0xfa,0x10,0x00,0x00,0x00,0x00,0x00,0x00,0x00,0x00,
0x00,0x2e,0xfe,0x17,0xff,0xf6,0x00,0x00,0x00,0x00,0x00,0x00,0x00,0x00,0x02,0xef,0xf4,0x00,0x2b,0xff,0xc2,0x00,0x00,0x00,
0x00,0x00,0x00,0x00,0x7f,0xff,0x40,0x00,0x00,0x6f,0xff,0x70,0x00,0x00,0x00,0x00,0x00,0x4c,0xff,0xd3,0x00,0x00,0x00,0x01,
0xbf,0xfb,0x10,0x00,0x00,0x00,0x5d,0xff,0xf9,0x00,0x00,0x00,0x00,0x00,0x06,0xff,0xe3,0x00,0x03,0x9e,0xff,0xfb,0x30,0x00,
0x00,0x00,0x00,0x00,0x00,0x3e,0xff,0x70,0x8f,0xff,0xfb,0x30,0x00,0x00,0x00,0x00,0x00,0x00,0x00,0x01,0xcf,0xf8,0x1e,0xc7,
0x10,0x00,0x00,0x00,0x00,0x00,0x00,0x00,0x00,0x00,0x0a,0xc0,
/* U+5947 */
0x00,0x00,0x00,0x00,0x00,0x00,0x00,0xdf,0x70,0x00,0x00,0x00,0x00,0x00,0x00,0x00,0x00,0x00,0x00,0x00,0x00,0x00,0xef,0x60,
0x00,0x00,0x00,0x00,0x00,0x00,0x00,0x5b,0xbb,0xbb,0xbb,0xbb,0xbb,0xff,0xdb,0xbb,0xbb,0xbb,0xbb,0xb6,0x00,0x00,0x7f,0xff,
0xff,0xff,0xff,0xff,0xff,0xff,0xff,0xff,0xff,0xff,0xf9,0x00,0x00,0x37,0x77,0x77,0x77,0x77,0x7e,0xfc,0x77,0x77,0x77,0x77,
0x77,0x74,0x00,0x00,0x00,0x00,0x00,0x00,0x00,0x7f,0xf3,0x00,0x00,0x00,0x00,0x00,0x00,0x00,0x00,0x00,0x00,0x00,0x00,0x19,
0xff,0xff,0xc7,0x30,0x00,0x00,0x00,0x00,0x00,0x00,0x00,0x00,0x00,0x16,0xef,0xe7,0xae,0xff,0xff,0xb6,0x10,0x00,0x00,0x00,
0x00,0x00,0x02,0x6b,0xff,0xfa,0x10,0x00,0x37,0xcf,0xff,0xfc,0x71,0x00,0x00,0x00,0x0b,0xff,0xff,0xfc,0x40,0x00,0x00,0x00,
0x00,0x5b,0xff,0xff,0xb0,0x00,0x00,0x06,0xff,0xb6,0x10,0x00,0x00,0x00,0x00,0x00,0x00,0x17,0xdf,0x60,0x00,0x00,0x00,0x40,
0x00,0x00,0x00,0x00,0x00,0x00,0x00,0x00,0x00,0x03,0x00,0x00,0x1c,0xcc,0xcc,0xcc,0xcc,0xcc,0xcc,0xcc,0xcc,0xcc,0xcc,0xcc,
0xcc,0xcc,0xc1,0x1f,0xff,0xff,0xff,0xff,0xff,0xff,0xff,0xff,0xff,0xff,0xff,0xff,0xff,0xf1,0x07,0x77,0x77,0x77,0x77,0x77,
0x77,0x77,0x77,0x77,0x77,0xbf,0xf7,0x77,0x70,0x00,0x00,0x00,0x00,0x00,0x00,0x00,0x00,0x00,0x00,0x00,0x6f,0xe0,0x00,0x00,
0x00,0x00,0x00,0x00,0x00,0x00,0x00,0x00,0x00,0x00,0x00,0x6f,0xe0,0x00,0x00,0x00,0x00,0x1d,0xdd,0xdd,0xdd,0xdd,0xdd,0xd3,
0x00,0x00,0x6f,0xe0,0x00,0x00,0x00,0x00,0x1f,0xff,0xff,0xff,0xff,0xff,0xf3,0x00,0x00,0x6f,0xe0,0x00,0x00,0x00,0x00,0x1f,
0xf2,0x11,0x11,0x11,0x1f,0xf3,0x00,0x00,0x6f,0xe0,0x00,0x00,0x00,0x00,0x1f,0xf1,0x00,0x00,0x00,0x0e,0xf3,0x00,0x00,0x6f,
0xe0,0x00,0x00,0x00,0x00,0x1f,0xf1,0x00,0x00,0x00,0x0e,0xf3,0x00,0x00,0x6f,0xe0,0x00,0x00,0x00,0x00,0x1f,0xf1,0x00,0x00,
0x00,0x0e,0xf3,0x00,0x00,0x6f,0xe0,0x00,0x00,0x00,0x00,0x1f,0xfd,0xdd,0xdd,0xdd,0xdf,0xf3,0x00,0x00,0x6f,0xe0,0x00,0x00,
0x00,0x00,0x1f,0xff,0xff,0xff,0xff,0xff,0xf3,0x00,0x00,0x6f,0xe0,0x00,0x00,0x00,0x00,0x03,0x33,0x33,0x33,0x33,0x33,0x30,
0x00,0x00,0x7f,0xe0,0x00,0x00,0x00,0x00,0x00,0x00,0x00,0x00,0x00,0x00,0x00,0x00,0x01,0xcf,0xd0,0x00,0x00,0x00,0x00,0x00,
0x00,0x00,0x00,0x00,0x00,0x01,0xff,0xef,0xff,0x90,0x00,0x00,0x00,0x00,0x00,0x00,0x00,0x00,0x00,0x00,0x00,0xef,0xff,0xfb,
0x10,0x00,0x00,0x00,0x00,0x00,0x00,0x00,0x00,0x00,0x00,0x00,0x12,0x21,0x00,0x00,0x00,0x00,
/* U+594F */
0x00,0x00,0x00,0x00,0x00,0x00,0x00,0x55,0x20,0x00,0x00,0x00,0x00,0x00,0x00,0x00,0x00,0x00,0x00,0x00,0x00,0x00,0xff,0x60,
0x00,0x00,0x00,0x00,0x00,0x00,0x00,0x03,0x44,0x44,0x44,0x44,0x45,0xff,0x74,0x44,0x44,0x44,0x44,0x42,0x00,0x00,0x0b,0xff,
0xff,0xff,0xff,0xff,0xff,0xff,0xff,0xff,0xff,0xff,0xf9,0x00,0x00,0x08,0xbb,0xbb,0xbb,0xbb,0xbe,0xfe,0xbb,0xbb,0xbb,0xbb,
0xbb,0xb6,0x00,0x00,0x00,0x00,0x00,0x00,0x00,0x0e,0xf6,0x00,0x00,0x00,0x00,0x00,0x00,0x00,0x00,0x00,0x00,0x00,0x00,0x00,
0x4f,0xf1,0x00,0x00,0x00,0x00,0x00,0x00,0x00,0x00,0x00,0x4c,0xcc,0xcc,0xcc,0xef,0xfc,0xcc,0xcc,0xcc,0xcc,0xcb,0x00,0x00,
0x00,0x00,0x5f,0xff,0xff,0xff,0xff,0xff,0xff,0xff,0xff,0xff,0xfe,0x00,0x00,0x00,0x00,0x01,0x11,0x11,0x1b,0xfc,0x11,0x11,
0x11,0x11,0x11,0x11,0x00,0x00,0x00,0x00,0x00,0x00,0x00,0x3f,0xf4,0x00,0x00,0x00,0x00,0x00,0x00,0x00,0x00,0x05,0x88,0x88,
0x88,0x88,0xdf,0xf8,0x88,0x88,0x88,0x88,0x88,0x88,0x88,0x60,0x0b,0xff,0xff,0xff,0xff,0xff,0xff,0xff,0xff,0xff,0xff,0xff,
0xff,0xff,0xb0,0x05,0x88,0x88,0x88,0xdf,0xf9,0x88,0x88,0x88,0x8b,0xfe,0x88,0x88,0x88,0x60,0x00,0x00,0x00,0x07,0xff,0x70,
0x00,0x00,0x00,0x00,0xdf,0x90,0x00,0x00,0x00,0x00,0x00,0x00,0x8f,0xf9,0x00,0x00,0x00,0x00,0x00,0x2f,0xfa,0x00,0x00,0x00,
0x00,0x00,0x0a,0xff,0xbc,0xcc,0xcc,0xcc,0xcc,0xcc,0xcb,0xff,0xb1,0x00,0x00,0x00,0x06,0xef,0xf7,0x1f,0xff,0xff,0xff,0xff,
0xff,0xf9,0x2d,0xff,0x91,0x00,0x04,0xdf,0xfe,0x40,0x02,0x22,0x23,0xff,0x52,0x22,0x21,0x01,0xbf,0xff,0x91,0x2f,0xff,0xa1,
0x00,0x00,0x00,0x00,0xff,0x30,0x00,0x00,0x00,0x05,0xdf,0xf5,0x08,0xc3,0x00,0x00,0x00,0x00,0x00,0xff,0x30,0x00,0x00,0x00,
0x00,0x06,0xc0,0x00,0x00,0x1f,0xff,0xff,0xff,0xff,0xff,0xff,0xff,0xff,0xff,0xfd,0x00,0x00,0x00,0x00,0x1f,0xff,0xff,0xff,
0xff,0xff,0xff,0xff,0xff,0xff,0xfd,0x00,0x00,0x00,0x00,0x01,0x11,0x11,0x11,0x1d,0xf9,0x11,0x11,0x11,0x11,0x10,0x00,0x00,
0x00,0x00,0x00,0x00,0x00,0x00,0x9f,0xf2,0x37,0x20,0x00,0x00,0x00,0x00,0x00,0x00,0x00,0x00,0x00,0x00,0x06,0xff,0x80,0xdf,
0xfc,0x61,0x00,0x00,0x00,0x00,0x00,0x00,0x00,0x00,0x05,0xcf,0xfa,0x00,0x38,0xef,0xff,0xb4,0x00,0x00,0x00,0x00,0x00,0x00,
0x49,0xef,0xff,0x70,0x00,0x00,0x04,0xaf,0xff,0xc5,0x00,0x00,0x00,0x04,0xdf,0xff,0xff,0x81,0x00,0x00,0x00,0x00,0x01,0x8f,
0xff,0xd3,0x00,0x00,0x00,0xef,0xea,0x40,0x00,0x00,0x00,0x00,0x00,0x00,0x01,0x8f,0xd0,0x00,0x00,0x00,0x22,0x00,0x00,0x00,
0x00,0x00,0x00,0x00,0x00,0x00,0x01,0x20,0x00,
/* U+597D */
0x00,0x00,0x01,0x75,0x00,0x00,0x00,0x00,0x00,0x00,0x00,0x00,0x00,0x00,0x00,0x00,0x00,0x05,0xfe,0x00,0x00,0x00,0x00,0x00,
0x00,0x00,0x00,0x00,0x00,0x00,0x00,0x00,0x08,0xfc,0x00,0x00,0x00,0x37,0x77,0x77,0x77,0x77,0x77,0x77,0x20,0x00,0x00,0x0b,
0xf9,0x00,0x00,0x00,0x8f,0xff,0xff,0xff,0xff,0xff,0xff,0x50,0x00,0x00,0x0e,0xf6,0x00,0x00,0x00,0x6c,0xcc,0xcc,0xcc,0xcc,
0xcd,0xff,0x50,0x00,0x00,0x1f,0xf3,0x00,0x00,0x00,0x00,0x00,0x00,0x00,0x00,0x0d,0xfb,0x00,0x00,0x00,0x4f,0xf1,0x00,0x00,
0x00,0x00,0x00,0x00,0x00,0x00,0xaf,0xd0,0x00,0x3f,0xff,0xff,0xff,0xff,0xff,0x70,0x00,0x00,0x00,0x00,0x07,0xfe,0x20,0x00,
0x3f,0xff,0xff,0xff,0xff,0xff,0x60,0x00,0x00,0x00,0x00,0x6f,0xf3,0x00,0x00,0x02,0x23,0xff,0x72,0x22,0xef,0x40,0x00,0x00,
0x00,0x07,0xff,0x50,0x00,0x00,0x00,0x03,0xff,0x10,0x00,0xff,0x20,0x00,0x00,0x00,0x2f,0xf8,0x00,0x00,0x00,0x00,0x08,0xfd,
0x00,0x02,0xff,0x00,0x00,0x00,0x00,0x3f,0xf2,0x00,0x00,0x00,0x00,0x0c,0xf9,0x00,0x04,0xfe,0x00,0x00,0x00,0x00,0x3f,0xf2,
0x00,0x00,0x00,0x00,0x1f,0xf5,0x00,0x07,0xfb,0x00,0x00,0x00,0x00,0x3f,0xf2,0x00,0x00,0x00,0x00,0x6f,0xf1,0x00,0x09,0xf9,
0x04,0xbb,0xbb,0xbb,0xcf,0xfb,0xbb,0xbb,0xb7,0x00,0xaf,0xb0,0x00,0x0d,0xf6,0x07,0xff,0xff,0xff,0xff,0xff,0xff,0xff,0xfa,
0x00,0xff,0x60,0x00,0x3f,0xf1,0x03,0x88,0x88,0x88,0xaf,0xf9,0x88,0x88,0x85,0x03,0xff,0x30,0x00,0x9f,0xb0,0x00,0x00,0x00,
0x00,0x3f,0xf2,0x00,0x00,0x00,0x03,0xef,0xe5,0x00,0xef,0x60,0x00,0x00,0x00,0x00,0x3f,0xf2,0x00,0x00,0x00,0x00,0x1c,0xff,
0x95,0xff,0x00,0x00,0x00,0x00,0x00,0x3f,0xf2,0x00,0x00,0x00,0x00,0x00,0x8f,0xff,0xfa,0x00,0x00,0x00,0x00,0x00,0x3f,0xf2,
0x00,0x00,0x00,0x00,0x00,0x05,0xff,0xf8,0x00,0x00,0x00,0x00,0x00,0x3f,0xf2,0x00,0x00,0x00,0x00,0x00,0x00,0xdf,0xff,0x80,
0x00,0x00,0x00,0x00,0x3f,0xf2,0x00,0x00,0x00,0x00,0x00,0x0a,0xff,0xcf,0xfb,0x00,0x00,0x00,0x00,0x3f,0xf2,0x00,0x00,0x00,
0x00,0x00,0x6f,0xf8,0x09,0xff,0xc1,0x00,0x00,0x00,0x3f,0xf2,0x00,0x00,0x00,0x00,0x03,0xff,0xc0,0x00,0x7f,0xfa,0x00,0x00,
0x00,0x3f,0xf2,0x00,0x00,0x00,0x00,0x4f,0xfe,0x10,0x00,0x07,0xd1,0x00,0x00,0x00,0x4f,0xf1,0x00,0x00,0x00,0x06,0xff,0xf3,
0x00,0x00,0x00,0x00,0x02,0x55,0x45,0xcf,0xe0,0x00,0x00,0x00,0x3f,0xfe,0x30,0x00,0x00,0x00,0x00,0x06,0xff,0xff,0xff,0xa0,
0x00,0x00,0x00,0x08,0xe2,0x00,0x00,0x00,0x00,0x00,0x01,0xdd,0xdd,0xd7,0x10,0x00,0x00,0x00,0x00,0x10,0x00,0x00,0x00,0x00,
0x00,0x00,0x00,0x00,0x00,0x00,0x00,0x00,0x00,
/* U+59CB */
0x00,0x00,0x22,0x00,0x00,0x00,0x00,0x00,0x00,0x00,0x00,0x00,0x00,0x00,0x00,0x00,0x00,0xdf,0x60,0x00,0x00,0x00,0x00,0x00,
0xec,0x40,0x00,0x00,0x00,0x00,0x00,0x00,0xff,0x40,0x00,0x00,0x00,0x00,0x06,0xff,0x10,0x00,0x00,0x00,0x00,0x00,0x02,0xff,
0x20,0x00,0x00,0x00,0x00,0x0d,0xf9,0x00,0x00,0x00,0x00,0x00,0x00,0x04,0xff,0x00,0x00,0x00,0x00,0x00,0x5f,0xf1,0x00,0x01,
0x30,0x00,0x00,0x00,0x06,0xfd,0x00,0x00,0x00,0x00,0x00,0xdf,0x80,0x00,0x5f,0xd0,0x00,0x00,0x00,0x09,0xfb,0x00,0x00,0x00,
0x00,0x06,0xff,0x10,0x00,0x1f,0xf7,0x00,0x00,0x8f,0xff,0xff,0xff,0xff,0x60,0x00,0x1e,0xf7,0x00,0x00,0x08,0xff,0x10,0x00,
0x8f,0xff,0xff,0xff,0xff,0x50,0x00,0x9f,0xc0,0x00,0x00,0x00,0xef,0xa0,0x00,0x12,0x4f,0xf5,0x22,0xdf,0x30,0x05,0xff,0x20,
0x00,0x00,0x00,0x6f,0xf2,0x00,0x00,0x4f,0xf0,0x00,0xff,0x20,0x3f,0xf7,0x00,0x00,0x23,0x57,0x9f,0xfa,0x00,0x00,0x8f,0xd0,
0x01,0xff,0x04,0xff,0xf9,0xbc,0xef,0xff,0xff,0xff,0xff,0x20,0x00,0xbf,0xa0,0x03,0xfe,0x05,0xff,0xff,0xff,0xff,0xfd,0xb9,
0x76,0xdf,0xa0,0x00,0xff,0x70,0x04,0xfc,0x02,0xa9,0x86,0x54,0x31,0x00,0x00,0x00,0x6f,0xf1,0x03,0xff,0x30,0x06,0xfa,0x00,
0x00,0x00,0x00,0x00,0x00,0x00,0x00,0x09,0x20,0x06,0xff,0x00,0x0a,0xf8,0x00,0x00,0x00,0x00,0x00,0x00,0x00,0x00,0x00,0x00,
0x0a,0xfb,0x00,0x0e,0xf3,0x00,0x05,0x66,0x66,0x66,0x66,0x66,0x66,0x61,0x00,0x0d,0xf9,0x00,0x3f,0xe0,0x00,0x0e,0xff,0xff,
0xff,0xff,0xff,0xff,0xf4,0x00,0x0a,0xff,0x70,0x7f,0xa0,0x00,0x0e,0xfc,0xbb,0xbb,0xbb,0xbb,0xbf,0xf4,0x00,0x00,0xaf,0xf7,
0xcf,0x50,0x00,0x0e,0xf4,0x00,0x00,0x00,0x00,0x0e,0xf4,0x00,0x00,0x0a,0xff,0xff,0x10,0x00,0x0e,0xf4,0x00,0x00,0x00,0x00,
0x0e,0xf4,0x00,0x00,0x00,0xaf,0xfd,0x00,0x00,0x0e,0xf4,0x00,0x00,0x00,0x00,0x0e,0xf4,0x00,0x00,0x00,0x1f,0xff,0x60,0x00,
0x0e,0xf4,0x00,0x00,0x00,0x00,0x0e,0xf4,0x00,0x00,0x00,0xaf,0xff,0xf5,0x00,0x0e,0xf4,0x00,0x00,0x00,0x00,0x0e,0xf4,0x00,
0x00,0x04,0xff,0x6d,0xff,0x30,0x0e,0xf4,0x00,0x00,0x00,0x00,0x0e,0xf4,0x00,0x00,0x0d,0xfb,0x01,0xef,0xe1,0x0e,0xf4,0x00,
0x00,0x00,0x00,0x0e,0xf4,0x00,0x00,0xbf,0xf1,0x00,0x3f,0xe1,0x0e,0xfe,0xdd,0xdd,0xdd,0xdd,0xdf,0xf4,0x00,0x0a,0xff,0x60,
0x00,0x05,0x20,0x0e,0xff,0xff,0xff,0xff,0xff,0xff,0xf4,0x00,0x5f,0xf8,0x00,0x00,0x00,0x00,0x0e,0xf8,0x44,0x44,0x44,0x44,
0x4f,0xf4,0x00,0x0b,0x90,0x00,0x00,0x00,0x00,0x0e,0xf4,0x00,0x00,0x00,0x00,0x0e,0xf4,0x00,0x00,0x00,0x00,0x00,0x00,0x00,
0x03,0x31,0x00,0x00,0x00,0x00,0x03,0x31,0x00,
/* U+5B83 */
0x00,0x00,0x00,0x00,0x00,0x00,0x02,0x10,0x00,0x00,0x00,0x00,0x00,0x00,0x00,0x00,0x00,0x00,0x00,0x00,0xff,0x90,0x00,0x00,
0x00,0x00,0x00,0x00,0x00,0x00,0x00,0x00,0x00,0x00,0x9f,0xe0,0x00,0x00,0x00,0x00,0x00,0x00,0x00,0x00,0x00,0x00,0x00,0x00,
0x2f,0xf4,0x00,0x00,0x00,0x00,0x00,0x00,0x5b,0xbb,0xbb,0xbb,0xbb,0xbb,0xbf,0xfd,0xbb,0xbb,0xbb,0xbb,0xbb,0xb5,0x8f,0xff,
0xff,0xff,0xff,0xff,0xff,0xff,0xff,0xff,0xff,0xff,0xff,0xf8,0x8f,0xe8,0x88,0x88,0x88,0x88,0x88,0x88,0x88,0x88,0x88,0x88,
0x8e,0xf8,0x8f,0xc0,0x00,0x00,0x00,0x00,0x00,0x00,0x00,0x00,0x00,0x00,0x0c,0xf8,0x8f,0xc0,0x00,0x00,0x00,0x00,0x00,0x00,
0x00,0x00,0x00,0x00,0x0c,0xf8,0x8f,0xc0,0x03,0x98,0x00,0x00,0x00,0x00,0x00,0x00,0x00,0x00,0x0c,0xf8,0x48,0x60,0x06,0xfe,
0x00,0x00,0x00,0x00,0x00,0x00,0x00,0x00,0x06,0x84,0x00,0x00,0x06,0xfe,0x00,0x00,0x00,0x00,0x00,0x00,0x00,0x00,0x00,0x00,
0x00,0x00,0x06,0xfe,0x00,0x00,0x00,0x00,0x00,0x00,0x00,0x30,0x00,0x00,0x00,0x00,0x06,0xfe,0x00,0x00,0x00,0x00,0x00,0x02,
0x9e,0xf4,0x00,0x00,0x00,0x00,0x06,0xfe,0x00,0x00,0x00,0x00,0x06,0xcf,0xff,0xfa,0x00,0x00,0x00,0x00,0x06,0xfe,0x00,0x00,
0x02,0x6a,0xff,0xff,0xd7,0x10,0x00,0x00,0x00,0x00,0x06,0xfe,0x01,0x59,0xef,0xff,0xff,0xa3,0x00,0x00,0x00,0x00,0x00,0x00,
0x06,0xff,0xdf,0xff,0xff,0xe9,0x50,0x00,0x00,0x00,0x00,0x00,0x00,0x00,0x06,0xff,0xff,0xea,0x62,0x00,0x00,0x00,0x00,0x00,
0x00,0x00,0x00,0x00,0x06,0xff,0x73,0x00,0x00,0x00,0x00,0x00,0x00,0x00,0x00,0x00,0x00,0x00,0x06,0xfe,0x00,0x00,0x00,0x00,
0x00,0x00,0x00,0x00,0x00,0x00,0x00,0x00,0x06,0xfe,0x00,0x00,0x00,0x00,0x00,0x00,0x00,0x00,0x24,0x00,0x00,0x00,0x06,0xfe,
0x00,0x00,0x00,0x00,0x00,0x00,0x00,0x00,0x6f,0xd0,0x00,0x00,0x06,0xfe,0x00,0x00,0x00,0x00,0x00,0x00,0x00,0x00,0x9f,0xc0,
0x00,0x00,0x06,0xfe,0x00,0x00,0x00,0x00,0x00,0x00,0x00,0x00,0xbf,0x90,0x00,0x00,0x06,0xff,0x00,0x00,0x00,0x00,0x00,0x00,
0x00,0x02,0xff,0x60,0x00,0x00,0x05,0xff,0x60,0x00,0x00,0x00,0x00,0x00,0x00,0x2c,0xff,0x10,0x00,0x00,0x01,0xff,0xff,0xee,
0xee,0xee,0xee,0xee,0xef,0xff,0xfa,0x00,0x00,0x00,0x00,0x6f,0xff,0xff,0xff,0xff,0xff,0xff,0xff,0xff,0x91,0x00,0x00,0x00,
0x00,0x01,0x44,0x44,0x44,0x44,0x44,0x44,0x44,0x20,0x00,0x00,
/* U+5B88 */
0x00,0x00,0x00,0x00,0x00,0x01,0x46,0x00,0x00,0x00,0x00,0x00,0x00,0x00,0x00,0x00,0x00,0x00,0x00,0x04,0xff,0x50,0x00,0x00,
0x00,0x00,0x00,0x00,0x00,0x00,0x00,0x00,0x00,0x00,0xcf,0xc0,0x00,0x00,0x00,0x00,0x00,0x00,0x00,0x00,0x00,0x00,0x00,0x00,
0x3f,0xf3,0x00,0x00,0x00,0x00,0x00,0x00,0x0d,0xff,0xff,0xff,0xff,0xff,0xff,0xff,0xff,0xff,0xff,0xff,0xff,0xd0,0x0e,0xff,
0xff,0xff,0xff,0xff,0xff,0xff,0xff,0xff,0xff,0xff,0xff,0xd0,0x0e,0xf9,0x44,0x44,0x44,0x44,0x44,0x44,0x44,0x44,0x44,0x44,
0x9f,0xd0,0x0e,0xf7,0x00,0x00,0x00,0x00,0x00,0x00,0x00,0x00,0x00,0x00,0x7f,0xd0,0x0e,0xf7,0x00,0x00,0x00,0x00,0x00,0x00,
0x00,0x24,0x40,0x00,0x7f,0xd0,0x0e,0xf7,0x00,0x00,0x00,0x00,0x00,0x00,0x00,0x7f,0xe0,0x00,0x7f,0xd0,0x0c,0xd5,0x00,0x00,
0x00,0x00,0x00,0x00,0x00,0x7f,0xe0,0x00,0x6d,0xc0,0x00,0x00,0x00,0x00,0x00,0x00,0x00,0x00,0x00,0x7f,0xe0,0x00,0x00,0x00,
0x00,0x00,0x00,0x00,0x00,0x00,0x00,0x00,0x00,0x7f,0xe0,0x00,0x00,0x00,0x48,0x88,0x88,0x88,0x88,0x88,0x88,0x88,0x88,0xbf,
0xf8,0x88,0x88,0x84,0x9f,0xff,0xff,0xff,0xff,0xff,0xff,0xff,0xff,0xff,0xff,0xff,0xff,0xf9,0x6b,0xbb,0xbb,0xbb,0xbb,0xbb,
0xbb,0xbb,0xbb,0xdf,0xfb,0xbb,0xbb,0xb6,0x00,0x00,0x00,0x00,0x00,0x00,0x00,0x00,0x00,0x7f,0xe0,0x00,0x00,0x00,0x00,0x00,
0x00,0x30,0x00,0x00,0x00,0x00,0x00,0x7f,0xe0,0x00,0x00,0x00,0x00,0x00,0x06,0xf9,0x00,0x00,0x00,0x00,0x00,0x7f,0xe0,0x00,
0x00,0x00,0x00,0x00,0x09,0xff,0xc1,0x00,0x00,0x00,0x00,0x7f,0xe0,0x00,0x00,0x00,0x00,0x00,0x00,0x7f,0xfe,0x20,0x00,0x00,
0x00,0x7f,0xe0,0x00,0x00,0x00,0x00,0x00,0x00,0x05,0xff,0xe2,0x00,0x00,0x00,0x7f,0xe0,0x00,0x00,0x00,0x00,0x00,0x00,0x00,
0x3f,0xfe,0x20,0x00,0x00,0x7f,0xe0,0x00,0x00,0x00,0x00,0x00,0x00,0x00,0x04,0xff,0x60,0x00,0x00,0x7f,0xe0,0x00,0x00,0x00,
0x00,0x00,0x00,0x00,0x00,0x56,0x00,0x00,0x00,0x7f,0xe0,0x00,0x00,0x00,0x00,0x00,0x00,0x00,0x00,0x00,0x00,0x00,0x00,0x7f,
0xe0,0x00,0x00,0x00,0x00,0x00,0x00,0x00,0x00,0x00,0x00,0x00,0x00,0x8f,0xe0,0x00,0x00,0x00,0x00,0x00,0x00,0x00,0x00,0x00,
0x03,0x22,0x15,0xef,0xc0,0x00,0x00,0x00,0x00,0x00,0x00,0x00,0x00,0x00,0x0f,0xff,0xff,0xff,0x70,0x00,0x00,0x00,0x00,0x00,
0x00,0x00,0x00,0x00,0x0b,0xff,0xff,0xd8,0x00,0x00,0x00,0x00,
/* U+5B89 */
0x00,0x00,0x00,0x00,0x00,0x00,0x02,0x50,0x00,0x00,0x00,0x00,0x00,0x00,0x00,0x00,0x00,0x00,0x00,0x00,0x00,0x6f,0xf5,0x00,
0x00,0x00,0x00,0x00,0x00,0x00,0x00,0x00,0x00,0x00,0x00,0x00,0x0e,0xfb,0x00,0x00,0x00,0x00,0x00,0x00,0x00,0x00,0x00,0x00,
0x00,0x00,0x00,0x06,0xff,0x20,0x00,0x00,0x00,0x00,0x00,0x00,0x04,0xff,0xff,0xff,0xff,0xff,0xff,0xff,0xff,0xff,0xff,0xff,
0xff,0xff,0x40,0x04,0xff,0xff,0xff,0xff,0xff,0xff,0xff,0xff,0xff,0xff,0xff,0xff,0xff,0x40,0x04,0xff,0x43,0x33,0x33,0x33,
0x33,0x33,0x33,0x33,0x33,0x33,0x34,0xff,0x40,0x04,0xff,0x00,0x00,0x00,0x00,0x21,0x00,0x00,0x00,0x00,0x00,0x01,0xff,0x40,
0x04,0xff,0x00,0x00,0x00,0x00,0xcf,0xa0,0x00,0x00,0x00,0x00,0x01,0xff,0x40,0x04,0xff,0x00,0x00,0x00,0x05,0xff,0x60,0x00,
0x00,0x00,0x00,0x01,0xff,0x40,0x04,0xdd,0x00,0x00,0x00,0x0d,0xfd,0x00,0x00,0x00,0x00,0x00,0x01,0xdd,0x30,0x00,0x00,0x00,
0x00,0x00,0x6f,0xf5,0x00,0x00,0x00,0x00,0x00,0x00,0x00,0x00,0x01,0x11,0x11,0x11,0x12,0xef,0xd1,0x11,0x11,0x11,0x11,0x11,
0x11,0x11,0x10,0x1f,0xff,0xff,0xff,0xff,0xff,0xff,0xff,0xff,0xff,0xff,0xff,0xff,0xff,0xf2,0x1f,0xff,0xff,0xff,0xff,0xff,
0xff,0xff,0xff,0xff,0xff,0xff,0xff,0xff,0xf2,0x02,0x22,0x22,0x22,0xaf,0xf3,0x22,0x22,0x22,0x22,0xef,0xa2,0x22,0x22,0x20,
0x00,0x00,0x00,0x03,0xff,0x80,0x00,0x00,0x00,0x05,0xff,0x30,0x00,0x00,0x00,0x00,0x00,0x00,0x0c,0xfd,0x00,0x00,0x00,0x00,
0x0d,0xfb,0x00,0x00,0x00,0x00,0x00,0x00,0x00,0x6f,0xf4,0x00,0x00,0x00,0x00,0x5f,0xf4,0x00,0x00,0x00,0x00,0x00,0x00,0x01,
0xff,0xe2,0x00,0x00,0x00,0x00,0xdf,0xc0,0x00,0x00,0x00,0x00,0x00,0x00,0x04,0xef,0xff,0xc7,0x10,0x00,0x0a,0xff,0x20,0x00,
0x00,0x00,0x00,0x00,0x00,0x00,0x04,0xaf,0xff,0xfb,0x50,0x6f,0xf7,0x00,0x00,0x00,0x00,0x00,0x00,0x00,0x00,0x00,0x00,0x6c,
0xff,0xff,0xff,0xc0,0x00,0x00,0x00,0x00,0x00,0x00,0x00,0x00,0x00,0x00,0x00,0x28,0xff,0xff,0xc4,0x00,0x00,0x00,0x00,0x00,
0x00,0x00,0x00,0x00,0x00,0x00,0x1a,0xff,0xff,0xff,0xc4,0x00,0x00,0x00,0x00,0x00,0x00,0x00,0x00,0x00,0x17,0xef,0xfb,0x14,
0xcf,0xff,0xc4,0x00,0x00,0x00,0x00,0x00,0x00,0x00,0x4a,0xff,0xff,0x60,0x00,0x05,0xdf,0xff,0xc4,0x00,0x00,0x03,0x56,0x79,
0xdf,0xff,0xff,0x81,0x00,0x00,0x00,0x06,0xef,0xff,0xc4,0x00,0x07,0xff,0xff,0xff,0xfb,0x71,0x00,0x00,0x00,0x00,0x00,0x06,
0xef,0xff,0x20,0x00,0xcc,0xb9,0x74,0x00,0x00,0x00,0x00,0x00,0x00,0x00,0x00,0x07,0xe5,0x00,
/* U+5B8C */
0x00,0x00,0x00,0x00,0x00,0x00,0x4d,0xf4,0x00,0x00,0x00,0x00,0x00,0x00,0x00,0x00,0x00,0x00,0x00,0x00,0x00,0x1f,0xfa,0x00,
0x00,0x00,0x00,0x00,0x00,0x00,0x00,0x00,0x00,0x00,0x00,0x00,0x0a,0xff,0x00,0x00,0x00,0x00,0x00,0x00,0x00,0x06,0xbb,0xbb,
0xbb,0xbb,0xbb,0xbd,0xff,0xcb,0xbb,0xbb,0xbb,0xbb,0xbb,0x60,0x09,0xff,0xff,0xff,0xff,0xff,0xff,0xff,0xff,0xff,0xff,0xff,
0xff,0xff,0x80,0x09,0xfd,0x88,0x88,0x88,0x88,0x88,0x88,0x88,0x88,0x88,0x88,0x88,0xef,0x80,0x09,0xfb,0x00,0x00,0x00,0x00,
0x00,0x00,0x00,0x00,0x00,0x00,0x00,0xcf,0x80,0x09,0xfb,0x00,0x00,0x00,0x00,0x00,0x00,0x00,0x00,0x00,0x00,0x00,0xcf,0x80,
0x09,0xfb,0x00,0x00,0x00,0x00,0x00,0x00,0x00,0x00,0x00,0x00,0x00,0xcf,0x80,0x09,0xfb,0x00,0xcc,0xcc,0xcc,0xcc,0xcc,0xcc,
0xcc,0xcc,0xcb,0x00,0xcf,0x80,0x04,0x75,0x00,0xff,0xff,0xff,0xff,0xff,0xff,0xff,0xff,0xfe,0x00,0x57,0x30,0x00,0x00,0x00,
0x77,0x77,0x77,0x77,0x77,0x77,0x77,0x77,0x76,0x00,0x00,0x00,0x00,0x00,0x00,0x00,0x00,0x00,0x00,0x00,0x00,0x00,0x00,0x00,
0x00,0x00,0x00,0x00,0x00,0x00,0x00,0x00,0x00,0x00,0x00,0x00,0x00,0x00,0x00,0x00,0x00,0x00,0x00,0x00,0x00,0x00,0x00,0x00,
0x00,0x00,0x00,0x00,0x00,0x00,0x00,0x00,0x00,0x0b,0xcc,0xcc,0xcc,0xcc,0xcc,0xcc,0xcc,0xcc,0xcc,0xcc,0xcc,0xcc,0xcc,0xb0,
0x0e,0xff,0xff,0xff,0xff,0xff,0xff,0xff,0xff,0xff,0xff,0xff,0xff,0xff,0xf0,0x06,0x77,0x77,0x77,0x77,0xff,0x97,0x77,0x7a,
0xff,0x77,0x77,0x77,0x77,0x60,0x00,0x00,0x00,0x00,0x03,0xff,0x10,0x00,0x06,0xfe,0x00,0x00,0x00,0x00,0x00,0x00,0x00,0x00,
0x00,0x05,0xfe,0x00,0x00,0x06,0xfe,0x00,0x00,0x00,0x00,0x00,0x00,0x00,0x00,0x00,0x08,0xfb,0x00,0x00,0x06,0xfe,0x00,0x00,
0x00,0x00,0x00,0x00,0x00,0x00,0x00,0x0d,0xf9,0x00,0x00,0x06,0xfe,0x00,0x00,0x00,0x04,0x10,0x00,0x00,0x00,0x00,0x6f,0xf3,
0x00,0x00,0x06,0xfe,0x00,0x00,0x00,0x0c,0xf5,0x00,0x00,0x00,0x01,0xef,0xa0,0x00,0x00,0x06,0xfe,0x00,0x00,0x00,0x0e,0xf5,
0x00,0x00,0x00,0x4e,0xff,0x10,0x00,0x00,0x06,0xfe,0x00,0x00,0x00,0x0f,0xf4,0x00,0x00,0x19,0xff,0xf5,0x00,0x00,0x00,0x05,
0xff,0x00,0x00,0x00,0x3f,0xf1,0x00,0x5b,0xff,0xfd,0x20,0x00,0x00,0x00,0x01,0xff,0xc8,0x77,0x78,0xff,0xe0,0x2f,0xff,0xff,
0x80,0x00,0x00,0x00,0x00,0x00,0xcf,0xff,0xff,0xff,0xff,0x70,0x0a,0xfb,0x50,0x00,0x00,0x00,0x00,0x00,0x00,0x18,0xbb,0xbb,
0xbb,0xa5,0x00,0x01,0x20,0x00,0x00,0x00,0x00,0x00,0x00,0x00,0x00,0x00,0x00,0x00,0x00,0x00,
/* U+5B9A */
0x00,0x00,0x00,0x00,0x00,0x00,0x03,0x50,0x00,0x00,0x00,0x00,0x00,0x00,0x00,0x00,0x00,0x00,0x00,0x00,0x00,0x3f,0xf6,0x00,
0x00,0x00,0x00,0x00,0x00,0x00,0x00,0x00,0x00,0x00,0x00,0x00,0x0a,0xfc,0x00,0x00,0x00,0x00,0x00,0x00,0x00,0x00,0x00,0x00,
0x00,0x00,0x00,0x02,0xff,0x30,0x00,0x00,0x00,0x00,0x00,0x00,0x01,0xee,0xee,0xee,0xee,0xee,0xee,0xff,0xee,0xee,0xee,0xee,
0xee,0xee,0x10,0x01,0xff,0xff,0xff,0xff,0xff,0xff,0xff,0xff,0xff,0xff,0xff,0xff,0xff,0x10,0x01,0xff,0x53,0x33,0x33,0x33,
0x33,0x33,0x33,0x33,0x33,0x33,0x35,0xff,0x10,0x01,0xff,0x20,0x00,0x00,0x00,0x00,0x00,0x00,0x00,0x00,0x00,0x02,0xff,0x10,
0x01,0xff,0x20,0x00,0x00,0x00,0x00,0x00,0x00,0x00,0x00,0x00,0x02,0xff,0x10,0x01,0xff,0x20,0x00,0x00,0x00,0x00,0x00,0x00,
0x00,0x00,0x00,0x02,0xff,0x10,0x01,0xff,0x23,0xaa,0xaa,0xaa,0xaa,0xaa,0xaa,0xaa,0xaa,0xaa,0x42,0xee,0x10,0x00,0x11,0x06,
0xff,0xff,0xff,0xff,0xff,0xff,0xff,0xff,0xff,0x70,0x00,0x00,0x00,0x00,0x03,0x88,0x88,0x88,0x88,0xff,0xa8,0x88,0x88,0x88,
0x30,0x00,0x00,0x00,0x00,0x00,0x00,0x00,0x00,0x00,0xff,0x40,0x00,0x00,0x00,0x00,0x00,0x00,0x00,0x00,0x00,0x00,0x00,0x00,
0x00,0xff,0x40,0x00,0x00,0x00,0x00,0x00,0x00,0x00,0x00,0x00,0x7a,0x60,0x00,0x00,0xff,0x40,0x00,0x00,0x00,0x00,0x00,0x00,
0x00,0x00,0x00,0xcf,0x80,0x00,0x00,0xff,0x40,0x00,0x00,0x00,0x00,0x00,0x00,0x00,0x00,0x00,0xff,0x40,0x00,0x00,0xff,0x40,
0x00,0x00,0x00,0x00,0x00,0x00,0x00,0x00,0x04,0xff,0x00,0x00,0x00,0xff,0xed,0xdd,0xdd,0xdd,0xdb,0x00,0x00,0x00,0x00,0x09,
0xfb,0x00,0x00,0x00,0xff,0xff,0xff,0xff,0xff,0xfd,0x00,0x00,0x00,0x00,0x0f,0xf7,0x00,0x00,0x00,0xff,0x85,0x55,0x55,0x55,
0x54,0x00,0x00,0x00,0x00,0x6f,0xfb,0x00,0x00,0x00,0xff,0x40,0x00,0x00,0x00,0x00,0x00,0x00,0x00,0x00,0xcf,0xff,0x70,0x00,
0x00,0xff,0x40,0x00,0x00,0x00,0x00,0x00,0x00,0x00,0x05,0xff,0x9f,0xf3,0x00,0x00,0xff,0x40,0x00,0x00,0x00,0x00,0x00,0x00,
0x00,0x0d,0xfb,0x08,0xfe,0x40,0x00,0xff,0x40,0x00,0x00,0x00,0x00,0x00,0x00,0x00,0x7f,0xf2,0x00,0xaf,0xfb,0x20,0xff,0x40,
0x00,0x00,0x00,0x00,0x00,0x00,0x03,0xff,0x90,0x00,0x07,0xff,0xfa,0xff,0x50,0x00,0x00,0x00,0x00,0x00,0x00,0x1e,0xfd,0x10,
0x00,0x00,0x2c,0xff,0xff,0xfe,0xcb,0xa9,0x88,0x78,0x99,0xa4,0x6f,0xf2,0x00,0x00,0x00,0x00,0x27,0xbe,0xff,0xff,0xff,0xff,
0xff,0xff,0xf4,0x0b,0x50,0x00,0x00,0x00,0x00,0x00,0x00,0x03,0x46,0x78,0x89,0x99,0x99,0x91,
/* U+5B9E */
0x00,0x00,0x00,0x00,0x00,0x00,0x13,0x10,0x00,0x00,0x00,0x00,0x00,0x00,0x00,0x00,0x00,0x00,0x00,0x00,0xff,0x70,0x00,0x00,
0x00,0x00,0x00,0x00,0x00,0x00,0x00,0x00,0x00,0x00,0x8f,0xd0,0x00,0x00,0x00,0x00,0x00,0x00,0x00,0x00,0x00,0x00,0x00,0x00,
0x2f,0xf3,0x00,0x00,0x00,0x00,0x00,0x00,0x0f,0xff,0xff,0xff,0xff,0xff,0xff,0xff,0xff,0xff,0xff,0xff,0xff,0xf0,0x0f,0xff,
0xff,0xff,0xff,0xff,0xff,0xff,0xff,0xff,0xff,0xff,0xff,0xf0,0x0f,0xf4,0x22,0x22,0x22,0x22,0x22,0x22,0x22,0x22,0x22,0x22,
0x5f,0xf0,0x0f,0xf2,0x00,0x01,0x00,0x00,0x00,0x00,0x01,0x00,0x00,0x00,0x3f,0xf0,0x0f,0xf2,0x00,0x0d,0xc3,0x00,0x00,0x00,
0xcf,0x70,0x00,0x00,0x3f,0xf0,0x0f,0xf2,0x00,0x4e,0xff,0xa2,0x00,0x00,0xcf,0x70,0x00,0x00,0x3f,0xf0,0x02,0x20,0x00,0x00,
0x7e,0xff,0x91,0x00,0xcf,0x70,0x00,0x00,0x02,0x20,0x00,0x00,0x00,0x00,0x00,0x8f,0xfe,0x00,0xcf,0x70,0x00,0x00,0x00,0x00,
0x00,0x00,0x44,0x00,0x00,0x03,0xd7,0x00,0xef,0x50,0x00,0x00,0x00,0x00,0x00,0x01,0xef,0xb2,0x00,0x00,0x00,0x00,0xff,0x40,
0x00,0x00,0x00,0x00,0x00,0x00,0x7e,0xff,0xa1,0x00,0x00,0x01,0xff,0x20,0x00,0x00,0x00,0x00,0x00,0x00,0x00,0x7e,0xff,0x80,
0x00,0x04,0xff,0x00,0x00,0x00,0x00,0x00,0x00,0x00,0x00,0x01,0xbf,0xb0,0x00,0x09,0xfc,0x00,0x00,0x00,0x00,0x00,0x00,0x00,
0x00,0x00,0x05,0x10,0x00,0x0d,0xf8,0x00,0x00,0x00,0x00,0x00,0x48,0x88,0x88,0x88,0x88,0x88,0x88,0x8f,0xfa,0x88,0x88,0x88,
0x88,0x84,0x8f,0xff,0xff,0xff,0xff,0xff,0xff,0xff,0xff,0xff,0xff,0xff,0xff,0xf8,0x5a,0xaa,0xaa,0xaa,0xaa,0xaa,0xac,0xff,
0xba,0xaa,0xaa,0xaa,0xaa,0xa5,0x00,0x00,0x00,0x00,0x00,0x00,0x0d,0xfc,0x00,0x00,0x00,0x00,0x00,0x00,0x00,0x00,0x00,0x00,
0x00,0x00,0xbf,0xfe,0x60,0x00,0x00,0x00,0x00,0x00,0x00,0x00,0x00,0x00,0x00,0x1d,0xff,0xef,0xfe,0x81,0x00,0x00,0x00,0x00,
0x00,0x00,0x00,0x00,0x06,0xef,0xf5,0x06,0xdf,0xff,0xa3,0x00,0x00,0x00,0x00,0x00,0x00,0x04,0xdf,0xfe,0x40,0x00,0x05,0xcf,
0xff,0xb2,0x00,0x00,0x00,0x00,0x17,0xdf,0xff,0x91,0x00,0x00,0x00,0x03,0xbf,0xff,0x81,0x00,0x01,0x6b,0xff,0xff,0xb3,0x00,
0x00,0x00,0x00,0x00,0x04,0xdf,0xfe,0x60,0x7f,0xff,0xff,0x92,0x00,0x00,0x00,0x00,0x00,0x00,0x00,0x07,0xff,0xfb,0x1e,0xe9,
0x40,0x00,0x00,0x00,0x00,0x00,0x00,0x00,0x00,0x00,0x1a,0xf4,0x01,0x00,0x00,0x00,0x00,0x00,0x00,0x00,0x00,0x00,0x00,0x00,
0x00,0x20,
/* U+5BB9 */
0x00,0x00,0x00,0x00,0x00,0x00,0x00,0x21,0x00,0x00,0x00,0x00,0x00,0x00,0x00,0x00,0x00,0x00,0x00,0x00,0x00,0x0d,0xfb,0x00,
0x00,0x00,0x00,0x00,0x00,0x00,0x00,0x00,0x00,0x00,0x00,0x00,0x06,0xff,0x10,0x00,0x00,0x00,0x00,0x00,0x00,0x00,0x77,0x77,
0x77,0x77,0x77,0x77,0xff,0xa7,0x77,0x77,0x77,0x77,0x77,0x00,0x01,0xff,0xff,0xff,0xff,0xff,0xff,0xff,0xff,0xff,0xff,0xff,
0xff,0xff,0x10,0x01,0xff,0xbb,0xbb,0xbb,0xbb,0xbb,0xbb,0xbb,0xbb,0xbb,0xbb,0xbb,0xff,0x10,0x01,0xff,0x20,0x00,0x00,0x00,
0x00,0x00,0x00,0x00,0x00,0x00,0x02,0xff,0x10,0x01,0xff,0x20,0x00,0x00,0x8a,0x00,0x00,0x00,0xa8,0x10,0x00,0x02,0xff,0x10,
0x01,0xff,0x20,0x00,0x2d,0xff,0x50,0x00,0x06,0xff,0xe6,0x00,0x02,0xff,0x10,0x00,0x66,0x00,0x07,0xff,0xe4,0x00,0x00,0x00,
0x2b,0xff,0xd4,0x00,0x33,0x00,0x00,0x00,0x04,0xcf,0xfb,0x10,0x00,0x00,0x00,0x00,0x5d,0xff,0xb1,0x00,0x00,0x00,0x04,0xcf,
0xff,0x70,0x00,0x06,0xff,0x70,0x00,0x00,0x7f,0xfe,0x50,0x00,0x03,0xcf,0xff,0x91,0x00,0x00,0x7f,0xff,0xf7,0x00,0x00,0x02,
0xdf,0xfa,0x10,0x03,0xff,0xa2,0x00,0x00,0x09,0xff,0x66,0xff,0x80,0x00,0x00,0x09,0xfd,0x10,0x00,0x53,0x00,0x00,0x02,0xcf,
0xf4,0x00,0x4f,0xfc,0x10,0x00,0x00,0x41,0x00,0x00,0x00,0x00,0x00,0x6f,0xfe,0x30,0x00,0x03,0xef,0xe6,0x00,0x00,0x00,0x00,
0x00,0x00,0x00,0x4c,0xff,0xc1,0x00,0x00,0x00,0x2c,0xff,0xd4,0x00,0x00,0x00,0x00,0x00,0x3b,0xff,0xe6,0x00,0x00,0x00,0x00,
0x00,0x6e,0xff,0xb3,0x00,0x00,0x00,0x5c,0xff,0xf9,0x10,0x00,0x00,0x00,0x00,0x00,0x01,0x9f,0xff,0xc5,0x00,0x2e,0xff,0xfd,
0x96,0x66,0x66,0x66,0x66,0x66,0x66,0x66,0x69,0xef,0xff,0xe1,0x0b,0xf9,0x33,0xff,0xff,0xff,0xff,0xff,0xff,0xff,0xff,0xff,
0x82,0x9f,0x90,0x01,0x10,0x03,0xff,0xaa,0xaa,0xaa,0xaa,0xaa,0xaa,0xaa,0xef,0x80,0x01,0x00,0x00,0x00,0x03,0xff,0x00,0x00,
0x00,0x00,0x00,0x00,0x00,0xaf,0x80,0x00,0x00,0x00,0x00,0x03,0xff,0x00,0x00,0x00,0x00,0x00,0x00,0x00,0xaf,0x80,0x00,0x00,
0x00,0x00,0x03,0xff,0x00,0x00,0x00,0x00,0x00,0x00,0x00,0xaf,0x80,0x00,0x00,0x00,0x00,0x03,0xff,0x00,0x00,0x00,0x00,0x00,
0x00,0x00,0xaf,0x80,0x00,0x00,0x00,0x00,0x03,0xff,0x33,0x33,0x33,0x33,0x33,0x33,0x33,0xbf,0x80,0x00,0x00,0x00,0x00,0x03,
0xff,0xff,0xff,0xff,0xff,0xff,0xff,0xff,0xff,0x80,0x00,0x00,0x00,0x00,0x03,0xff,0xee,0xee,0xee,0xee,0xee,0xee,0xee,0xff,
0x80,0x00,0x00,0x00,0x00,0x03,0xff,0x00,0x00,0x00,0x00,0x00,0x00,0x00,0xaf,0x80,0x00,0x00,0x00,0x00,0x00,0x33,0x00,0x00,
0x00,0x00,0x00,0x00,0x00,0x23,0x10,0x00,0x00,
/* U+5C0F */
0x00,0x00,0x00,0x00,0x00,0x00,0x00,0x6a,0x80,0x00,0x00,0x00,0x00,0x00,0x00,0x00,0x00,0x00,0x00,0x00,0x00,0x00,0x9f,0xc0,
0x00,0x00,0x00,0x00,0x00,0x00,0x00,0x00,0x00,0x00,0x00,0x00,0x00,0x9f,0xc0,0x00,0x00,0x00,0x00,0x00,0x00,0x00,0x00,0x00,
0x00,0x00,0x00,0x00,0x9f,0xc0,0x00,0x00,0x00,0x00,0x00,0x00,0x00,0x00,0x00,0x00,0x00,0x00,0x00,0x9f,0xc0,0x00,0x00,0x00,
0x00,0x00,0x00,0x00,0x00,0x00,0x00,0x00,0x00,0x00,0x9f,0xc0,0x00,0x00,0x00,0x00,0x00,0x00,0x00,0x00,0x00,0x00,0x00,0x00,
0x00,0x9f,0xc0,0x00,0x00,0x00,0x00,0x00,0x00,0x00,0x00,0x00,0x00,0x00,0x00,0x00,0x9f,0xc0,0x00,0x00,0x1b,0x30,0x00,0x00,
0x00,0x00,0x06,0xf9,0x00,0x00,0x00,0x9f,0xc0,0x00,0x00,0xef,0x90,0x00,0x00,0x00,0x00,0x0a,0xfe,0x00,0x00,0x00,0x9f,0xc0,
0x00,0x00,0x9f,0xf1,0x00,0x00,0x00,0x00,0x0e,0xf9,0x00,0x00,0x00,0x9f,0xc0,0x00,0x00,0x2f,0xf7,0x00,0x00,0x00,0x00,0x2f,
0xf5,0x00,0x00,0x00,0x9f,0xc0,0x00,0x00,0x0c,0xfd,0x00,0x00,0x00,0x00,0x7f,0xf1,0x00,0x00,0x00,0x9f,0xc0,0x00,0x00,0x05,
0xff,0x40,0x00,0x00,0x00,0xdf,0xc0,0x00,0x00,0x00,0x9f,0xc0,0x00,0x00,0x00,0xef,0xb0,0x00,0x00,0x03,0xff,0x60,0x00,0x00,
0x00,0x9f,0xc0,0x00,0x00,0x00,0x7f,0xf2,0x00,0x00,0x09,0xff,0x10,0x00,0x00,0x00,0x9f,0xc0,0x00,0x00,0x00,0x1f,0xf8,0x00,
0x00,0x1f,0xfa,0x00,0x00,0x00,0x00,0x9f,0xc0,0x00,0x00,0x00,0x0a,0xfd,0x00,0x00,0x8f,0xf4,0x00,0x00,0x00,0x00,0x9f,0xc0,
0x00,0x00,0x00,0x05,0xff,0x30,0x01,0xff,0xc0,0x00,0x00,0x00,0x00,0x9f,0xc0,0x00,0x00,0x00,0x00,0xff,0x90,0x09,0xff,0x50,
0x00,0x00,0x00,0x00,0x9f,0xc0,0x00,0x00,0x00,0x00,0x9f,0xe0,0x4f,0xfc,0x00,0x00,0x00,0x00,0x00,0x9f,0xc0,0x00,0x00,0x00,
0x00,0x4f,0xf4,0xaf,0xf3,0x00,0x00,0x00,0x00,0x00,0x9f,0xc0,0x00,0x00,0x00,0x00,0x0e,0xfa,0x0b,0x80,0x00,0x00,0x00,0x00,
0x00,0x9f,0xc0,0x00,0x00,0x00,0x00,0x08,0xd3,0x00,0x00,0x00,0x00,0x00,0x00,0x00,0x9f,0xc0,0x00,0x00,0x00,0x00,0x01,0x00,
0x00,0x00,0x00,0x00,0x00,0x00,0x00,0x9f,0xc0,0x00,0x00,0x00,0x00,0x00,0x00,0x00,0x00,0x00,0x00,0x00,0x00,0x00,0xdf,0xb0,
0x00,0x00,0x00,0x00,0x00,0x00,0x00,0x00,0x00,0x00,0x77,0x76,0x6a,0xff,0x90,0x00,0x00,0x00,0x00,0x00,0x00,0x00,0x00,0x00,
0x00,0xbf,0xff,0xff,0xff,0x30,0x00,0x00,0x00,0x00,0x00,0x00,0x00,0x00,0x00,0x00,0x7d,0xdd,0xdd,0xb4,0x00,0x00,0x00,0x00,
0x00,0x00,0x00,
/* U+5C31 */
0x00,0x00,0x00,0x01,0x00,0x00,0x00,0x00,0x00,0x01,0x10,0x00,0x00,0x00,0x00,0x00,0x00,0x01,0xef,0x60,0x00,0x00,0x00,0x00,
0x8f,0x90,0x02,0x60,0x00,0x00,0x00,0x00,0x00,0xaf,0xd0,0x00,0x00,0x00,0x00,0x8f,0x90,0x1f,0xf5,0x00,0x00,0x00,0x00,0x00,
0x2f,0xf4,0x00,0x00,0x00,0x00,0x8f,0x90,0x07,0xff,0x20,0x00,0x2e,0xee,0xee,0xef,0xff,0xee,0xee,0xe5,0x00,0x8f,0x90,0x00,
0xaf,0xd0,0x00,0x2f,0xff,0xff,0xff,0xff,0xff,0xff,0xf6,0x00,0x8f,0x90,0x00,0x0e,0xf8,0x00,0x03,0x33,0x33,0x33,0x33,0x33,
0x33,0x31,0x00,0x8f,0x90,0x00,0x04,0xe4,0x00,0x00,0x00,0x00,0x00,0x00,0x00,0x00,0x00,0x00,0x8f,0x90,0x00,0x00,0x00,0x00,
0x00,0x12,0x22,0x22,0x22,0x22,0x21,0x06,0x99,0xdf,0xd9,0x99,0x99,0x99,0x70,0x00,0xcf,0xff,0xff,0xff,0xff,0xfc,0x0a,0xff,
0xff,0xff,0xff,0xff,0xff,0xb0,0x00,0xcf,0xed,0xdd,0xdd,0xde,0xfc,0x05,0x88,0xcf,0xc8,0xdf,0xb8,0x88,0x60,0x00,0xcf,0x50,
0x00,0x00,0x06,0xfc,0x00,0x00,0xaf,0x70,0xaf,0x70,0x00,0x00,0x00,0xcf,0x50,0x00,0x00,0x06,0xfc,0x00,0x00,0xbf,0x60,0xaf,
0x70,0x00,0x00,0x00,0xcf,0x50,0x00,0x00,0x06,0xfc,0x00,0x00,0xcf,0x50,0xaf,0x70,0x00,0x00,0x00,0xcf,0x62,0x22,0x22,0x27,
0xfc,0x00,0x00,0xef,0x40,0xaf,0x70,0x00,0x00,0x00,0xcf,0xff,0xff,0xff,0xff,0xfc,0x00,0x00,0xff,0x20,0xaf,0x70,0x00,0x00,
0x00,0xad,0xdd,0xdf,0xfe,0xdd,0xda,0x00,0x01,0xff,0x10,0xaf,0x70,0x00,0x00,0x00,0x00,0x00,0x0f,0xf2,0x00,0x00,0x00,0x04,
0xfe,0x00,0xaf,0x70,0x00,0x00,0x00,0x03,0x00,0x0f,0xf2,0x02,0x40,0x00,0x08,0xfb,0x00,0xaf,0x70,0x00,0x00,0x00,0x4f,0xb0,
0x0f,0xf2,0x1f,0xf0,0x00,0x0b,0xf7,0x00,0xaf,0x70,0x00,0x00,0x00,0x9f,0x70,0x0f,0xf2,0x0b,0xf5,0x00,0x0e,0xf4,0x00,0xaf,
0x70,0x00,0x00,0x00,0xef,0x20,0x0f,0xf2,0x05,0xfb,0x00,0x3f,0xf0,0x00,0xaf,0x70,0x02,0x20,0x03,0xfd,0x00,0x0f,0xf2,0x00,
0xff,0x10,0x9f,0xb0,0x00,0xaf,0x70,0x07,0xf7,0x0a,0xf8,0x00,0x0f,0xf2,0x00,0xaf,0x61,0xff,0x40,0x00,0xaf,0x70,0x08,0xf7,
0x1f,0xf1,0x00,0x0f,0xf2,0x00,0x5e,0x76,0xfe,0x00,0x00,0xaf,0x70,0x09,0xf6,0x7f,0xa0,0x00,0x0f,0xf2,0x00,0x00,0x0e,0xf7,
0x00,0x00,0xaf,0x70,0x0a,0xf4,0x17,0x30,0x00,0x0f,0xf2,0x00,0x00,0x9f,0xe1,0x00,0x00,0xaf,0x70,0x0d,0xf2,0x00,0x00,0x10,
0x4f,0xf1,0x00,0x04,0xff,0x50,0x00,0x00,0x9f,0xd6,0xaf,0xf0,0x00,0x00,0xff,0xff,0xc0,0x00,0x09,0xfa,0x00,0x00,0x00,0x4f,
0xff,0xff,0x90,0x00,0x00,0xbe,0xea,0x30,0x00,0x00,0x70,0x00,0x00,0x00,0x04,0x9b,0xa7,0x00,
/* U+5C55 */
0x00,0x07,0xee,0xee,0xee,0xee,0xee,0xee,0xee,0xee,0xee,0xee,0xee,0xe2,0x00,0x00,0x08,0xff,0xff,0xff,0xff,0xff,0xff,0xff,
0xff,0xff,0xff,0xff,0xf3,0x00,0x00,0x08,0xfd,0x33,0x33,0x33,0x33,0x33,0x33,0x33,0x33,0x33,0x4f,0xf3,0x00,0x00,0x08,0xfc,
0x00,0x00,0x00,0x00,0x00,0x00,0x00,0x00,0x00,0x1f,0xf3,0x00,0x00,0x08,0xfc,0x00,0x00,0x00,0x00,0x00,0x00,0x00,0x00,0x00,
0x1f,0xf3,0x00,0x00,0x08,0xfd,0x44,0x44,0x44,0x44,0x44,0x44,0x44,0x44,0x44,0x6f,0xf3,0x00,0x00,0x08,0xff,0xff,0xff,0xff,
0xff,0xff,0xff,0xff,0xff,0xff,0xff,0xf3,0x00,0x00,0x08,0xff,0xcc,0xcc,0xcd,0xff,0xcc,0xcc,0xcc,0xef,0xfc,0xcc,0xc2,0x00,
0x00,0x08,0xfc,0x00,0x00,0x02,0xff,0x00,0x00,0x00,0x7f,0xb0,0x00,0x00,0x00,0x00,0x08,0xfc,0x00,0x00,0x02,0xff,0x00,0x00,
0x00,0x7f,0xb0,0x00,0x00,0x00,0x00,0x08,0xfc,0x00,0x00,0x02,0xff,0x00,0x00,0x00,0x7f,0xb0,0x00,0x00,0x00,0x00,0x09,0xfc,
0x0d,0xff,0xff,0xff,0xff,0xff,0xff,0xff,0xff,0xff,0xfc,0x00,0x00,0x0a,0xfb,0x0d,0xff,0xff,0xff,0xff,0xff,0xff,0xff,0xff,
0xff,0xfc,0x00,0x00,0x0a,0xfa,0x00,0x11,0x13,0xff,0x11,0x11,0x11,0x8f,0xc1,0x11,0x10,0x00,0x00,0x0b,0xf9,0x00,0x00,0x02,
0xff,0x00,0x00,0x00,0x7f,0xb0,0x00,0x00,0x00,0x00,0x0c,0xf8,0x00,0x00,0x02,0xff,0x00,0x00,0x00,0x7f,0xb0,0x00,0x00,0x00,
0x00,0x0e,0xfc,0x99,0x99,0x9a,0xff,0x99,0x99,0x99,0xcf,0xe9,0x99,0x99,0x80,0x00,0x1f,0xff,0xff,0xff,0xff,0xff,0xff,0xff,
0xff,0xff,0xff,0xff,0xff,0xd0,0x00,0x3f,0xf8,0x88,0x8b,0xff,0x88,0x88,0xcf,0xe8,0x88,0x88,0x89,0x88,0x60,0x00,0x6f,0xe0,
0x00,0x06,0xfe,0x00,0x00,0x2f,0xf5,0x00,0x00,0x1d,0x90,0x00,0x00,0xaf,0xa0,0x00,0x06,0xfe,0x00,0x00,0x08,0xff,0x30,0x01,
0xdf,0xf2,0x00,0x00,0xef,0x60,0x00,0x06,0xfe,0x00,0x00,0x00,0xdf,0xe1,0x4e,0xff,0x30,0x00,0x03,0xff,0x20,0x00,0x06,0xfe,
0x00,0x00,0x00,0x2e,0xfe,0xff,0xd3,0x00,0x00,0x08,0xfe,0x00,0x00,0x06,0xfe,0x00,0x00,0x01,0x02,0xef,0xfd,0x00,0x00,0x00,
0x0e,0xf8,0x00,0x00,0x06,0xfe,0x00,0x39,0xf7,0x00,0x2e,0xff,0xc4,0x00,0x00,0x6f,0xf1,0x00,0x00,0x0b,0xff,0xae,0xff,0xfa,
0x00,0x01,0x9f,0xff,0xd8,0x30,0xbf,0xa0,0x00,0x00,0x6f,0xff,0xff,0xd8,0x30,0x00,0x00,0x03,0xcf,0xff,0xf9,0x0b,0x40,0x00,
0x00,0x1f,0xd9,0x62,0x00,0x00,0x00,0x00,0x00,0x03,0x9e,0xf2,0x00,0x00,0x00,0x00,0x01,0x00,0x00,0x00,0x00,0x00,0x00,0x00,
0x00,0x00,0x30,
/* U+5C5E */
0x00,0x05,0xee,0xee,0xee,0xee,0xee,0xee,0xee,0xee,0xee,0xee,0xee,0xea,0x00,0x00,0x6f,0xfe,0xee,0xee,0xee,0xee,0xee,0xee,
0xee,0xee,0xee,0xff,0xb0,0x00,0x06,0xfd,0x00,0x00,0x00,0x00,0x00,0x00,0x00,0x00,0x00,0x08,0xfb,0x00,0x00,0x6f,0xd0,0x00,
0x00,0x00,0x00,0x00,0x00,0x00,0x00,0x00,0x8f,0xb0,0x00,0x06,0xff,0xbb,0xbb,0xbb,0xbb,0xbb,0xbb,0xbb,0xbb,0xbb,0xbd,0xfb,
0x00,0x00,0x6f,0xff,0xff,0xff,0xff,0xff,0xff,0xff,0xff,0xff,0xff,0xff,0xb0,0x00,0x06,0xfd,0x00,0x00,0x00,0x00,0x00,0x00,
0x00,0x00,0x00,0x00,0x00,0x00,0x00,0x6f,0xd0,0x01,0x11,0x11,0x22,0x33,0x45,0x56,0x78,0xab,0xd9,0x00,0x00,0x06,0xfd,0x08,
0xff,0xff,0xff,0xff,0xff,0xff,0xff,0xff,0xfe,0xd1,0x00,0x00,0x6f,0xd0,0x2a,0xaa,0x99,0x99,0x8d,0xfb,0x65,0x43,0x20,0x00,
0x00,0x00,0x07,0xfc,0x00,0x00,0x00,0x00,0x00,0xaf,0x80,0x00,0x00,0x00,0x00,0x00,0x00,0x7f,0xb0,0x02,0xcc,0xcc,0xcc,0xce,
0xfe,0xcc,0xcc,0xcc,0xc2,0x00,0x00,0x08,0xfb,0x00,0x3f,0xfe,0xee,0xee,0xff,0xfe,0xee,0xee,0xff,0x30,0x00,0x00,0x9f,0xa0,
0x03,0xfe,0x00,0x00,0x0a,0xf8,0x00,0x00,0x0e,0xf3,0x00,0x00,0x0a,0xf9,0x00,0x3f,0xe0,0x00,0x00,0xaf,0x80,0x00,0x00,0xef,
0x30,0x00,0x00,0xcf,0x70,0x03,0xff,0xee,0xee,0xef,0xff,0xee,0xee,0xef,0xf3,0x00,0x00,0x0e,0xf5,0x00,0x2c,0xcc,0xcc,0xcc,
0xef,0xec,0xcc,0xcc,0xcc,0x20,0x00,0x00,0xff,0x20,0x00,0x00,0x00,0x00,0x0a,0xf8,0x00,0x00,0x00,0x00,0x00,0x00,0x2f,0xf0,
0x04,0x66,0x66,0x66,0x66,0xcf,0xb6,0x66,0x66,0x66,0x66,0x20,0x06,0xfd,0x00,0xbf,0xff,0xff,0xff,0xff,0xff,0xff,0xff,0xff,
0xff,0xf6,0x00,0xaf,0x90,0x0b,0xfa,0x77,0x77,0x77,0xdf,0xa7,0x9f,0xc7,0x77,0xdf,0x60,0x0e,0xf5,0x00,0xbf,0x60,0x00,0x00,
0x0a,0xf6,0x00,0xde,0x00,0x0b,0xf6,0x02,0xff,0x10,0x0b,0xf6,0x00,0x00,0x00,0xaf,0x60,0x08,0xf5,0x00,0xbf,0x60,0x7f,0xc0,
0x00,0xbf,0x60,0x25,0x67,0x8d,0xfe,0xef,0xff,0xc0,0x0b,0xf6,0x0e,0xf6,0x00,0x0b,0xf6,0x07,0xff,0xff,0xff,0xec,0xa8,0xbf,
0x30,0xbf,0x64,0xff,0x10,0x00,0xbf,0x60,0x39,0x75,0x32,0x00,0x00,0x03,0xa2,0x0d,0xf5,0x4f,0xa0,0x00,0x0b,0xf6,0x00,0x00,
0x00,0x00,0x00,0x00,0xcc,0xcd,0xff,0x00,0x33,0x00,0x00,0xbf,0x60,0x00,0x00,0x00,0x00,0x00,0x0a,0xff,0xfd,0x70,0x00,0x00,
0x00,0x02,0x31,0x00,0x00,0x00,0x00,0x00,0x00,0x01,0x11,0x00,0x00,
/* U+5DF1 */
0x17,0x77,0x77,0x77,0x77,0x77,0x77,0x77,0x77,0x77,0x77,0x75,0x00,0x00,0x4f,0xff,0xff,0xff,0xff,0xff,0xff,0xff,0xff,0xff,
0xff,0xfb,0x00,0x00,0x3c,0xcc,0xcc,0xcc,0xcc,0xcc,0xcc,0xcc,0xcc,0xcc,0xce,0xfb,0x00,0x00,0x00,0x00,0x00,0x00,0x00,0x00,
0x00,0x00,0x00,0x00,0x09,0xfb,0x00,0x00,0x00,0x00,0x00,0x00,0x00,0x00,0x00,0x00,0x00,0x00,0x09,0xfb,0x00,0x00,0x00,0x00,
0x00,0x00,0x00,0x00,0x00,0x00,0x00,0x00,0x09,0xfb,0x00,0x00,0x00,0x00,0x00,0x00,0x00,0x00,0x00,0x00,0x00,0x00,0x09,0xfb,
0x00,0x00,0x00,0x00,0x00,0x00,0x00,0x00,0x00,0x00,0x00,0x00,0x09,0xfb,0x00,0x00,0x00,0x00,0x00,0x00,0x00,0x00,0x00,0x00,
0x00,0x00,0x09,0xfb,0x00,0x00,0x00,0x00,0x00,0x00,0x00,0x00,0x00,0x00,0x00,0x00,0x09,0xfb,0x00,0x00,0x00,0x00,0x00,0x00,
0x00,0x00,0x00,0x00,0x00,0x00,0x09,0xfb,0x00,0x00,0x0b,0xee,0xee,0xee,0xee,0xee,0xee,0xee,0xee,0xee,0xef,0xfb,0x00,0x00,
0x0d,0xff,0xff,0xff,0xff,0xff,0xff,0xff,0xff,0xff,0xff,0xfb,0x00,0x00,0x0d,0xfa,0x55,0x55,0x55,0x55,0x55,0x55,0x55,0x55,
0x55,0x54,0x00,0x00,0x0d,0xf7,0x00,0x00,0x00,0x00,0x00,0x00,0x00,0x00,0x00,0x00,0x00,0x00,0x0d,0xf7,0x00,0x00,0x00,0x00,
0x00,0x00,0x00,0x00,0x00,0x00,0x00,0x00,0x0d,0xf7,0x00,0x00,0x00,0x00,0x00,0x00,0x00,0x00,0x00,0x00,0x00,0x00,0x0d,0xf7,
0x00,0x00,0x00,0x00,0x00,0x00,0x00,0x00,0x00,0x00,0x00,0x00,0x0d,0xf7,0x00,0x00,0x00,0x00,0x00,0x00,0x00,0x00,0x00,0x00,
0x0a,0x40,0x0d,0xf7,0x00,0x00,0x00,0x00,0x00,0x00,0x00,0x00,0x00,0x00,0x1f,0xf3,0x0d,0xf7,0x00,0x00,0x00,0x00,0x00,0x00,
0x00,0x00,0x00,0x00,0x3f,0xf1,0x0d,0xf7,0x00,0x00,0x00,0x00,0x00,0x00,0x00,0x00,0x00,0x00,0x5f,0xf0,0x0d,0xf8,0x00,0x00,
0x00,0x00,0x00,0x00,0x00,0x00,0x00,0x00,0x8f,0xc0,0x0d,0xfc,0x00,0x00,0x00,0x00,0x00,0x00,0x00,0x00,0x00,0x00,0xdf,0x90,
0x0a,0xff,0x93,0x11,0x11,0x11,0x11,0x11,0x11,0x11,0x11,0x4b,0xff,0x40,0x05,0xff,0xff,0xff,0xff,0xff,0xff,0xff,0xff,0xff,
0xff,0xff,0xfc,0x00,0x00,0x6e,0xff,0xff,0xff,0xff,0xff,0xff,0xff,0xff,0xff,0xfd,0x80,0x00,0x00,0x00,0x12,0x22,0x22,0x22,
0x22,0x22,0x22,0x22,0x22,0x00,0x00,0x00,
/* U+5DF2 */
0x67,0x77,0x77,0x77,0x77,0x77,0x77,0x77,0x77,0x77,0x77,0x75,0x00,0x00,0xff,0xff,0xff,0xff,0xff,0xff,0xff,0xff,0xff,0xff,
0xff,0xfb,0x00,0x00,0xcc,0xcc,0xcc,0xcc,0xcc,0xcc,0xcc,0xcc,0xcc,0xcc,0xce,0xfb,0x00,0x00,0x00,0x00,0x00,0x00,0x00,0x00,
0x00,0x00,0x00,0x00,0x09,0xfb,0x00,0x00,0x00,0x00,0x00,0x00,0x00,0x00,0x00,0x00,0x00,0x00,0x09,0xfb,0x00,0x00,0x00,0x00,
0x00,0x00,0x00,0x00,0x00,0x00,0x00,0x00,0x09,0xfb,0x00,0x00,0x06,0x95,0x00,0x00,0x00,0x00,0x00,0x00,0x00,0x00,0x09,0xfb,
0x00,0x00,0x0a,0xf9,0x00,0x00,0x00,0x00,0x00,0x00,0x00,0x00,0x09,0xfb,0x00,0x00,0x0a,0xf9,0x00,0x00,0x00,0x00,0x00,0x00,
0x00,0x00,0x09,0xfb,0x00,0x00,0x0a,0xf9,0x00,0x00,0x00,0x00,0x00,0x00,0x00,0x00,0x09,0xfb,0x00,0x00,0x0a,0xf9,0x00,0x00,
0x00,0x00,0x00,0x00,0x00,0x00,0x09,0xfb,0x00,0x00,0x0a,0xff,0xdd,0xdd,0xdd,0xdd,0xdd,0xdd,0xdd,0xdd,0xdf,0xfb,0x00,0x00,
0x0a,0xff,0xff,0xff,0xff,0xff,0xff,0xff,0xff,0xff,0xff,0xfb,0x00,0x00,0x0a,0xfc,0x55,0x55,0x55,0x55,0x55,0x55,0x55,0x55,
0x55,0x54,0x00,0x00,0x0a,0xf9,0x00,0x00,0x00,0x00,0x00,0x00,0x00,0x00,0x00,0x00,0x00,0x00,0x0a,0xf9,0x00,0x00,0x00,0x00,
0x00,0x00,0x00,0x00,0x00,0x00,0x00,0x00,0x0a,0xf9,0x00,0x00,0x00,0x00,0x00,0x00,0x00,0x00,0x00,0x00,0x00,0x00,0x0a,0xf9,
0x00,0x00,0x00,0x00,0x00,0x00,0x00,0x00,0x00,0x00,0x00,0x00,0x0a,0xf9,0x00,0x00,0x00,0x00,0x00,0x00,0x00,0x00,0x00,0x00,
0x0a,0x50,0x0a,0xf9,0x00,0x00,0x00,0x00,0x00,0x00,0x00,0x00,0x00,0x00,0x1f,0xf3,0x0a,0xf9,0x00,0x00,0x00,0x00,0x00,0x00,
0x00,0x00,0x00,0x00,0x2f,0xf1,0x0a,0xf9,0x00,0x00,0x00,0x00,0x00,0x00,0x00,0x00,0x00,0x00,0x4f,0xf0,0x0a,0xfa,0x00,0x00,
0x00,0x00,0x00,0x00,0x00,0x00,0x00,0x00,0x7f,0xd0,0x0a,0xfd,0x00,0x00,0x00,0x00,0x00,0x00,0x00,0x00,0x00,0x00,0xcf,0xa0,
0x07,0xff,0x82,0x11,0x11,0x11,0x11,0x11,0x11,0x11,0x11,0x39,0xff,0x60,0x02,0xff,0xff,0xff,0xff,0xff,0xff,0xff,0xff,0xff,
0xff,0xff,0xfe,0x00,0x00,0x4d,0xff,0xff,0xff,0xff,0xff,0xff,0xff,0xff,0xff,0xff,0xb2,0x00,0x00,0x00,0x12,0x22,0x22,0x22,
0x22,0x22,0x22,0x22,0x22,0x20,0x00,0x00,
/* U+5E26 */
0x00,0x00,0x06,0xe9,0x00,0x00,0x03,0xff,0x00,0x00,0x00,0xbe,0x40,0x00,0x00,0x00,0x00,0x07,0xfa,0x00,0x00,0x03,0xff,0x00,
0x00,0x00,0xdf,0x50,0x00,0x00,0x00,0x00,0x07,0xfa,0x00,0x00,0x03,0xff,0x00,0x00,0x00,0xdf,0x50,0x00,0x00,0x29,0x99,0x9c,
0xfe,0x99,0x99,0x9b,0xff,0x99,0x99,0x99,0xef,0xc9,0x99,0x92,0x3f,0xff,0xff,0xff,0xff,0xff,0xff,0xff,0xff,0xff,0xff,0xff,
0xff,0xff,0xf3,0x29,0x99,0x9c,0xfd,0x99,0x99,0x9a,0xff,0x99,0x99,0x99,0xef,0xb9,0x99,0x92,0x00,0x00,0x07,0xfa,0x00,0x00,
0x03,0xff,0x00,0x00,0x00,0xdf,0x50,0x00,0x00,0x00,0x00,0x07,0xfa,0x00,0x00,0x03,0xff,0x00,0x00,0x00,0xdf,0x50,0x00,0x00,
0x00,0x00,0x07,0xfa,0x00,0x00,0x03,0xff,0x00,0x00,0x00,0xcf,0x50,0x00,0x00,0x00,0x00,0x00,0x00,0x00,0x00,0x00,0x11,0x00,
0x00,0x00,0x00,0x00,0x00,0x00,0x00,0x00,0x00,0x00,0x00,0x00,0x00,0x00,0x00,0x00,0x00,0x00,0x00,0x00,0x00,0x02,0xff,0xff,
0xff,0xff,0xff,0xff,0xff,0xff,0xff,0xff,0xff,0xff,0xff,0x20,0x02,0xff,0xff,0xff,0xff,0xff,0xff,0xff,0xff,0xff,0xff,0xff,
0xff,0xff,0x20,0x02,0xff,0x22,0x22,0x22,0x22,0x25,0xff,0x32,0x22,0x22,0x22,0x23,0xff,0x20,0x02,0xff,0x00,0x00,0x00,0x00,
0x03,0xff,0x10,0x00,0x00,0x00,0x01,0xff,0x20,0x02,0xff,0x00,0x00,0x00,0x00,0x03,0xff,0x10,0x00,0x00,0x00,0x01,0xff,0x20,
0x02,0xff,0x01,0x66,0x66,0x66,0x68,0xff,0x66,0x66,0x66,0x66,0x21,0xff,0x20,0x00,0x33,0x03,0xff,0xff,0xff,0xff,0xff,0xff,
0xff,0xff,0xff,0x60,0x22,0x00,0x00,0x00,0x03,0xff,0xcc,0xcc,0xcd,0xff,0xcc,0xcc,0xcc,0xff,0x60,0x00,0x00,0x00,0x00,0x03,
0xff,0x00,0x00,0x03,0xff,0x10,0x00,0x00,0xdf,0x60,0x00,0x00,0x00,0x00,0x03,0xff,0x00,0x00,0x03,0xff,0x10,0x00,0x00,0xdf,
0x60,0x00,0x00,0x00,0x00,0x03,0xff,0x00,0x00,0x03,0xff,0x10,0x00,0x00,0xdf,0x60,0x00,0x00,0x00,0x00,0x03,0xff,0x00,0x00,
0x03,0xff,0x10,0x00,0x00,0xdf,0x60,0x00,0x00,0x00,0x00,0x03,0xff,0x00,0x00,0x03,0xff,0x10,0x00,0x00,0xef,0x60,0x00,0x00,
0x00,0x00,0x03,0xff,0x00,0x00,0x03,0xff,0x10,0x22,0x14,0xff,0x40,0x00,0x00,0x00,0x00,0x03,0xff,0x00,0x00,0x03,0xff,0x10,
0x8f,0xff,0xff,0x00,0x00,0x00,0x00,0x00,0x03,0xff,0x00,0x00,0x03,0xff,0x10,0x4f,0xff,0xc5,0x00,0x00,0x00,0x00,0x00,0x00,
0x00,0x00,0x00,0x03,0xff,0x10,0x00,0x00,0x00,0x00,0x00,0x00,0x00,0x00,0x00,0x00,0x00,0x00,0x03,0xff,0x10,0x00,0x00,0x00,
0x00,0x00,0x00,0x00,0x00,0x00,0x00,0x00,0x00,0x00,0x33,0x00,0x00,0x00,0x00,0x00,0x00,0x00,
/* U+5F00 */
0x00,0x13,0x33,0x33,0x33,0x33,0x33,0x33,0x33,0x33,0x33,0x33,0x33,0x31,0x00,0x00,0x6f,0xff,0xff,0xff,0xff,0xff,0xff,0xff,
0xff,0xff,0xff,0xff,0xf8,0x00,0x00,0x6f,0xff,0xff,0xff,0xff,0xff,0xff,0xff,0xff,0xff,0xff,0xff,0xf8,0x00,0x00,0x00,0x00,
0x00,0x9f,0xc0,0x00,0x00,0x00,0x02,0xff,0x20,0x00,0x00,0x00,0x00,0x00,0x00,0x00,0x9f,0xc0,0x00,0x00,0x00,0x02,0xff,0x20,
0x00,0x00,0x00,0x00,0x00,0x00,0x00,0x9f,0xc0,0x00,0x00,0x00,0x02,0xff,0x20,0x00,0x00,0x00,0x00,0x00,0x00,0x00,0x9f,0xc0,
0x00,0x00,0x00,0x02,0xff,0x20,0x00,0x00,0x00,0x00,0x00,0x00,0x00,0x9f,0xc0,0x00,0x00,0x00,0x02,0xff,0x20,0x00,0x00,0x00,
0x00,0x00,0x00,0x00,0x9f,0xc0,0x00,0x00,0x00,0x02,0xff,0x20,0x00,0x00,0x00,0x00,0x00,0x00,0x00,0x9f,0xc0,0x00,0x00,0x00,
0x02,0xff,0x20,0x00,0x00,0x00,0x00,0x00,0x00,0x00,0x9f,0xc0,0x00,0x00,0x00,0x02,0xff,0x20,0x00,0x00,0x00,0x18,0x88,0x88,
0x88,0xcf,0xe8,0x88,0x88,0x88,0x89,0xff,0x98,0x88,0x88,0x81,0x2f,0xff,0xff,0xff,0xff,0xff,0xff,0xff,0xff,0xff,0xff,0xff,
0xff,0xff,0xf2,0x1b,0xbb,0xbb,0xbb,0xef,0xdb,0xbb,0xbb,0xbb,0xbc,0xff,0xcb,0xbb,0xbb,0xb1,0x00,0x00,0x00,0x00,0xdf,0x70,
0x00,0x00,0x00,0x02,0xff,0x20,0x00,0x00,0x00,0x00,0x00,0x00,0x00,0xff,0x50,0x00,0x00,0x00,0x02,0xff,0x20,0x00,0x00,0x00,
0x00,0x00,0x00,0x02,0xff,0x20,0x00,0x00,0x00,0x02,0xff,0x20,0x00,0x00,0x00,0x00,0x00,0x00,0x05,0xff,0x00,0x00,0x00,0x00,
0x02,0xff,0x20,0x00,0x00,0x00,0x00,0x00,0x00,0x0a,0xfd,0x00,0x00,0x00,0x00,0x02,0xff,0x20,0x00,0x00,0x00,0x00,0x00,0x00,
0x0e,0xf7,0x00,0x00,0x00,0x00,0x02,0xff,0x20,0x00,0x00,0x00,0x00,0x00,0x00,0x4f,0xf2,0x00,0x00,0x00,0x00,0x02,0xff,0x20,
0x00,0x00,0x00,0x00,0x00,0x00,0xdf,0xd0,0x00,0x00,0x00,0x00,0x02,0xff,0x20,0x00,0x00,0x00,0x00,0x00,0x08,0xff,0x50,0x00,
0x00,0x00,0x00,0x02,0xff,0x20,0x00,0x00,0x00,0x00,0x00,0x4f,0xfa,0x00,0x00,0x00,0x00,0x00,0x02,0xff,0x20,0x00,0x00,0x00,
0x00,0x07,0xff,0xe1,0x00,0x00,0x00,0x00,0x00,0x02,0xff,0x20,0x00,0x00,0x00,0x00,0xaf,0xfe,0x40,0x00,0x00,0x00,0x00,0x00,
0x02,0xff,0x20,0x00,0x00,0x00,0x05,0xff,0xc2,0x00,0x00,0x00,0x00,0x00,0x00,0x02,0xff,0x20,0x00,0x00,0x00,0x00,0xb8,0x00,
0x00,0x00,0x00,0x00,0x00,0x00,0x02,0xee,0x20,0x00,0x00,0x00,
/* U+5F04 */
0x06,0xff,0xff,0xff,0xff,0xff,0xff,0xff,0xff,0xff,0xff,0xff,0xff,0x70,0x07,0xff,0xff,0xff,0xff,0xff,0xff,0xff,0xff,0xff,
0xff,0xff,0xff,0x70,0x01,0x22,0x22,0x22,0x22,0x22,0x4f,0xf4,0x22,0x22,0x22,0x22,0x22,0x10,0x00,0x00,0x00,0x00,0x00,0x00,
0x2f,0xf2,0x00,0x00,0x00,0x00,0x00,0x00,0x00,0x00,0x00,0x00,0x00,0x00,0x2f,0xf2,0x00,0x00,0x00,0x00,0x00,0x00,0x00,0x09,
0xcc,0xcc,0xcc,0xcc,0xdf,0xfd,0xcc,0xcc,0xcc,0xcc,0x90,0x00,0x00,0x0c,0xff,0xff,0xff,0xff,0xff,0xff,0xff,0xff,0xff,0xff,
0xc0,0x00,0x00,0x02,0x33,0x33,0x33,0x33,0x5f,0xf5,0x33,0x33,0x33,0x33,0x20,0x00,0x00,0x00,0x00,0x00,0x00,0x00,0x2f,0xf2,
0x00,0x00,0x00,0x00,0x00,0x00,0x00,0x00,0x00,0x00,0x00,0x00,0x2f,0xf2,0x00,0x00,0x00,0x00,0x00,0x00,0x6a,0xaa,0xaa,0xaa,
0xaa,0xaa,0xbf,0xfb,0xaa,0xaa,0xaa,0xaa,0xaa,0xa7,0xaf,0xff,0xff,0xff,0xff,0xff,0xff,0xff,0xff,0xff,0xff,0xff,0xff,0xfb,
0x47,0x77,0x77,0x77,0x77,0x77,0x77,0x77,0x77,0x77,0x77,0x77,0x77,0x75,0x00,0x00,0x00,0x07,0x72,0x00,0x00,0x00,0x00,0x07,
0x71,0x00,0x00,0x00,0x00,0x00,0x00,0x0f,0xf4,0x00,0x00,0x00,0x00,0x0f,0xf4,0x00,0x00,0x00,0x00,0x00,0x00,0x0f,0xf4,0x00,
0x00,0x00,0x00,0x0f,0xf4,0x00,0x00,0x00,0x00,0x00,0x00,0x0f,0xf4,0x00,0x00,0x00,0x00,0x0f,0xf4,0x00,0x00,0x00,0x1d,0xdd,
0xdd,0xdf,0xfe,0xdd,0xdd,0xdd,0xdd,0xdf,0xfe,0xdd,0xdd,0xd2,0x1f,0xff,0xff,0xff,0xff,0xff,0xff,0xff,0xff,0xff,0xff,0xff,
0xff,0xf2,0x04,0x44,0x44,0x8f,0xf5,0x44,0x44,0x44,0x44,0x4f,0xf7,0x44,0x44,0x40,0x00,0x00,0x00,0x9f,0xd0,0x00,0x00,0x00,
0x00,0x0f,0xf4,0x00,0x00,0x00,0x00,0x00,0x00,0xff,0x90,0x00,0x00,0x00,0x00,0x0f,0xf4,0x00,0x00,0x00,0x00,0x00,0x05,0xff,
0x30,0x00,0x00,0x00,0x00,0x0f,0xf4,0x00,0x00,0x00,0x00,0x00,0x3e,0xfb,0x00,0x00,0x00,0x00,0x00,0x0f,0xf4,0x00,0x00,0x00,
0x00,0x04,0xff,0xf3,0x00,0x00,0x00,0x00,0x00,0x0f,0xf4,0x00,0x00,0x00,0x04,0xcf,0xfe,0x30,0x00,0x00,0x00,0x00,0x00,0x0f,
0xf4,0x00,0x00,0x00,0xbf,0xff,0xc2,0x00,0x00,0x00,0x00,0x00,0x00,0x0f,0xf4,0x00,0x00,0x00,0x4f,0xb4,0x00,0x00,0x00,0x00,
0x00,0x00,0x00,0x0f,0xf4,0x00,0x00,0x00,0x02,0x00,0x00,0x00,0x00,0x00,0x00,0x00,0x00,0x02,0x20,0x00,0x00,0x00,
/* U+5F0F */
0x00,0x00,0x00,0x00,0x00,0x00,0x00,0x00,0x11,0x00,0x00,0x00,0x00,0x00,0x00,0x00,0x00,0x00,0x00,0x00,0x00,0x00,0x6f,0xf0,
0x00,0x4b,0x20,0x00,0x00,0x00,0x00,0x00,0x00,0x00,0x00,0x00,0x05,0xff,0x00,0x0c,0xfc,0x00,0x00,0x00,0x00,0x00,0x00,0x00,
0x00,0x00,0x00,0x5f,0xf0,0x00,0x1f,0xf8,0x00,0x00,0x00,0x00,0x00,0x00,0x00,0x00,0x00,0x05,0xff,0x00,0x00,0x5f,0xf3,0x00,
0x00,0x00,0x00,0x00,0x00,0x00,0x00,0x00,0x4f,0xf1,0x00,0x00,0xae,0x60,0x00,0x66,0x66,0x66,0x66,0x66,0x66,0x66,0x69,0xff,
0x76,0x66,0x67,0x76,0x66,0x0e,0xff,0xff,0xff,0xff,0xff,0xff,0xff,0xff,0xff,0xff,0xff,0xff,0xff,0xf0,0xcd,0xdd,0xdd,0xdd,
0xdd,0xdd,0xdd,0xdd,0xff,0xdd,0xdd,0xdd,0xdd,0xdc,0x00,0x00,0x00,0x00,0x00,0x00,0x00,0x00,0x1f,0xf4,0x00,0x00,0x00,0x00,
0x00,0x00,0x00,0x00,0x00,0x00,0x00,0x00,0x00,0xff,0x60,0x00,0x00,0x00,0x00,0x00,0x00,0x00,0x00,0x00,0x00,0x00,0x00,0x0e,
0xf8,0x00,0x00,0x00,0x00,0x00,0x00,0x00,0x00,0x00,0x00,0x00,0x00,0x00,0xcf,0xa0,0x00,0x00,0x00,0x00,0x00,0x00,0x00,0x00,
0x00,0x00,0x00,0x00,0x0a,0xfc,0x00,0x00,0x00,0x00,0x00,0x6d,0xdd,0xdd,0xdd,0xdd,0xdd,0xdd,0x10,0x9f,0xe0,0x00,0x00,0x00,
0x00,0x07,0xff,0xff,0xff,0xff,0xff,0xff,0xf2,0x06,0xff,0x00,0x00,0x00,0x00,0x00,0x24,0x44,0x44,0xdf,0xa4,0x44,0x44,0x00,
0x3f,0xf3,0x00,0x00,0x00,0x00,0x00,0x00,0x00,0x0c,0xf7,0x00,0x00,0x00,0x00,0xff,0x70,0x00,0x00,0x00,0x00,0x00,0x00,0x00,
0xcf,0x70,0x00,0x00,0x00,0x0d,0xfb,0x00,0x00,0x00,0x00,0x00,0x00,0x00,0x0c,0xf7,0x00,0x00,0x00,0x00,0xaf,0xf0,0x00,0x00,
0x00,0x00,0x00,0x00,0x00,0xcf,0x70,0x00,0x00,0x00,0x05,0xff,0x30,0x00,0x00,0x00,0x00,0x00,0x00,0x0c,0xf7,0x00,0x00,0x00,
0x00,0x0f,0xf7,0x00,0x00,0x00,0x00,0x00,0x00,0x00,0xcf,0x70,0x00,0x00,0x00,0x00,0xaf,0xc0,0x00,0x00,0xa5,0x00,0x00,0x00,
0x0c,0xf7,0x00,0x04,0x8b,0x50,0x05,0xff,0x30,0x00,0x0f,0xf4,0x00,0x00,0x00,0xcf,0xb9,0xdf,0xff,0xf6,0x00,0x0d,0xfa,0x00,
0x04,0xff,0x02,0x46,0x9b,0xdf,0xff,0xff,0xfe,0xb7,0x20,0x00,0x6f,0xf3,0x00,0x8f,0xc0,0xef,0xff,0xff,0xff,0xc9,0x52,0x00,
0x00,0x00,0x00,0xdf,0xd0,0x0e,0xf6,0x0b,0xfc,0x97,0x41,0x00,0x00,0x00,0x00,0x00,0x00,0x04,0xff,0xda,0xff,0x00,0x00,0x00,
0x00,0x00,0x00,0x00,0x00,0x00,0x00,0x00,0x06,0xff,0xff,0x80,0x00,0x00,0x00,0x00,0x00,0x00,0x00,0x00,0x00,0x00,0x00,0x05,
0xcf,0xa0,0x00,
/* U+5F88 */
0x00,0x00,0x00,0x10,0x00,0x00,0x00,0x00,0x00,0x00,0x00,0x00,0x00,0x00,0x00,0x00,0x00,0x00,0xae,0x60,0x00,0x00,0x00,0x00,
0x00,0x00,0x00,0x00,0x00,0x00,0x00,0x00,0x04,0xff,0x30,0x08,0xcc,0xcc,0xcc,0xcc,0xcc,0xcc,0xcc,0x80,0x00,0x00,0x00,0x0e,
0xf9,0x00,0x0a,0xff,0xff,0xff,0xff,0xff,0xff,0xff,0xa0,0x00,0x00,0x00,0x8f,0xe0,0x00,0x0a,0xfb,0x44,0x44,0x44,0x44,0x44,
0xbf,0xa0,0x00,0x00,0x06,0xff,0x40,0x00,0x0a,0xf9,0x00,0x00,0x00,0x00,0x00,0x9f,0xa0,0x00,0x00,0x7f,0xf9,0x00,0x00,0x0a,
0xf9,0x00,0x00,0x00,0x00,0x00,0x9f,0xa0,0x00,0x07,0xff,0x90,0x00,0x00,0x0a,0xf9,0x11,0x11,0x11,0x11,0x11,0xaf,0xa0,0x00,
0x7f,0xf8,0x00,0x00,0x00,0x0a,0xff,0xff,0xff,0xff,0xff,0xff,0xff,0xa0,0x00,0x8f,0x70,0x00,0x08,0xb3,0x0a,0xff,0xff,0xff,
0xff,0xff,0xff,0xff,0xa0,0x00,0x36,0x00,0x00,0x3f,0xf6,0x0a,0xf9,0x00,0x00,0x00,0x00,0x00,0x9f,0xa0,0x00,0x00,0x00,0x00,
0xdf,0xc0,0x0a,0xf9,0x00,0x00,0x00,0x00,0x00,0x9f,0xa0,0x00,0x00,0x00,0x07,0xff,0x20,0x0a,0xf9,0x00,0x00,0x00,0x00,0x00,
0x9f,0xa0,0x00,0x00,0x00,0x3f,0xf8,0x00,0x0a,0xfb,0x66,0x66,0x66,0x66,0x66,0xcf,0xa0,0x00,0x00,0x03,0xff,0xf0,0x00,0x0a,
0xff,0xff,0xff,0xff,0xff,0xff,0xff,0xa0,0x00,0x00,0x4f,0xff,0xf0,0x00,0x0a,0xfe,0xbb,0xbb,0xff,0xcb,0xbb,0xbb,0x70,0x00,
0x05,0xff,0xff,0xf0,0x00,0x0a,0xf9,0x00,0x00,0xbf,0x60,0x00,0x00,0x00,0x00,0x4f,0xfc,0x6f,0xf0,0x00,0x0a,0xf9,0x00,0x00,
0x6f,0xb0,0x00,0x00,0x1a,0x10,0x2f,0xa0,0x4f,0xf0,0x00,0x0a,0xf9,0x00,0x00,0x1f,0xf0,0x00,0x01,0xcf,0xc0,0x06,0x00,0x4f,
0xf0,0x00,0x0a,0xf9,0x00,0x00,0x0c,0xf8,0x00,0x2d,0xfe,0x30,0x00,0x00,0x4f,0xf0,0x00,0x0a,0xf9,0x00,0x00,0x05,0xff,0x16,
0xff,0xe2,0x00,0x00,0x00,0x4f,0xf0,0x00,0x0a,0xf9,0x00,0x00,0x00,0xbf,0xef,0xfa,0x10,0x00,0x00,0x00,0x4f,0xf0,0x00,0x0a,
0xf9,0x00,0x00,0x00,0x2f,0xfe,0x40,0x00,0x00,0x00,0x00,0x4f,0xf0,0x00,0x0a,0xf9,0x00,0x00,0x00,0x09,0xff,0x40,0x00,0x00,
0x00,0x00,0x4f,0xf0,0x00,0x0a,0xf9,0x00,0x00,0x04,0x00,0xbf,0xf4,0x00,0x00,0x00,0x00,0x4f,0xf0,0x00,0x0a,0xf9,0x00,0x4a,
0xff,0x00,0x0c,0xff,0x40,0x00,0x00,0x00,0x4f,0xf0,0x00,0x0a,0xfb,0x9e,0xff,0xfe,0x20,0x01,0xdf,0xfa,0x10,0x00,0x00,0x4f,
0xf0,0x00,0x4f,0xff,0xff,0xfa,0x50,0x00,0x00,0x1b,0xff,0xe4,0x00,0x00,0x4f,0xf0,0x00,0x5f,0xfe,0xa5,0x10,0x00,0x00,0x00,
0x00,0x6f,0xf5,0x00,0x00,0x4f,0xf0,0x00,0x17,0x20,0x00,0x00,0x00,0x00,0x00,0x00,0x02,0x80,0x00,0x00,0x14,0x40,0x00,0x00,
0x00,0x00,0x00,0x00,0x00,0x00,0x00,0x00,0x00,
/* U+5F97 */
0x00,0x00,0x00,0x0d,0xc3,0x00,0x00,0x00,0x00,0x00,0x00,0x00,0x00,0x00,0x00,0x00,0x00,0x00,0x9f,0xf2,0x02,0xff,0xff,0xff,
0xff,0xff,0xff,0xff,0xf0,0x00,0x00,0x00,0x04,0xff,0x70,0x02,0xff,0xdd,0xdd,0xdd,0xdd,0xdd,0xdf,0xf0,0x00,0x00,0x00,0x1e,
0xfc,0x00,0x02,0xff,0x00,0x00,0x00,0x00,0x00,0x3f,0xf0,0x00,0x00,0x02,0xdf,0xe1,0x00,0x02,0xff,0x00,0x00,0x00,0x00,0x00,
0x3f,0xf0,0x00,0x00,0x3e,0xff,0x30,0x00,0x02,0xff,0xcc,0xcc,0xcc,0xcc,0xcc,0xdf,0xf0,0x00,0x05,0xff,0xe3,0x00,0x00,0x02,
0xff,0xff,0xff,0xff,0xff,0xff,0xff,0xf0,0x00,0x7f,0xfe,0x20,0x00,0x00,0x02,0xff,0x00,0x00,0x00,0x00,0x00,0x3f,0xf0,0x00,
0x8f,0xb1,0x00,0x09,0xa3,0x02,0xff,0x00,0x00,0x00,0x00,0x00,0x3f,0xf0,0x00,0x38,0x00,0x00,0x3f,0xf5,0x02,0xff,0xaa,0xaa,
0xaa,0xaa,0xaa,0xcf,0xf0,0x00,0x00,0x00,0x00,0xdf,0xb0,0x02,0xff,0xff,0xff,0xff,0xff,0xff,0xff,0xf0,0x00,0x00,0x00,0x08,
0xff,0x20,0x00,0x22,0x22,0x22,0x22,0x22,0x22,0x22,0x20,0x00,0x00,0x00,0x4f,0xf7,0x00,0x00,0x00,0x00,0x00,0x00,0x00,0x00,
0x00,0x00,0x00,0x00,0x05,0xff,0xf0,0x00,0x58,0x88,0x88,0x88,0x88,0x88,0x88,0x88,0x88,0x70,0x00,0x6f,0xff,0xe0,0x00,0x9f,
0xff,0xff,0xff,0xff,0xff,0xff,0xff,0xff,0xe0,0x07,0xff,0xff,0xe0,0x00,0x47,0x77,0x77,0x77,0x77,0x77,0x9f,0xf7,0x77,0x60,
0x7f,0xfb,0x5f,0xe0,0x00,0x00,0x00,0x00,0x00,0x00,0x00,0x4f,0xf0,0x00,0x00,0x6f,0x90,0x4f,0xe0,0x00,0x00,0x00,0x00,0x00,
0x00,0x00,0x4f,0xf0,0x00,0x00,0x16,0x00,0x4f,0xe0,0x09,0xcc,0xcc,0xcc,0xcc,0xcc,0xcc,0xdf,0xfc,0xcc,0xc8,0x00,0x00,0x4f,
0xe0,0x0b,0xff,0xff,0xff,0xff,0xff,0xff,0xff,0xff,0xff,0xf9,0x00,0x00,0x4f,0xe0,0x02,0x33,0x33,0x33,0x33,0x33,0x33,0x6f,
0xf3,0x33,0x32,0x00,0x00,0x4f,0xe0,0x00,0x00,0x09,0x20,0x00,0x00,0x00,0x4f,0xf0,0x00,0x00,0x00,0x00,0x4f,0xe0,0x00,0x00,
0x9f,0xe2,0x00,0x00,0x00,0x4f,0xf0,0x00,0x00,0x00,0x00,0x4f,0xe0,0x00,0x00,0x0c,0xfe,0x20,0x00,0x00,0x4f,0xf0,0x00,0x00,
0x00,0x00,0x4f,0xe0,0x00,0x00,0x01,0xdf,0xd0,0x00,0x00,0x4f,0xf0,0x00,0x00,0x00,0x00,0x4f,0xe0,0x00,0x00,0x00,0x1e,0xfa,
0x00,0x00,0x4f,0xf0,0x00,0x00,0x00,0x00,0x4f,0xe0,0x00,0x00,0x00,0x04,0xd3,0x11,0x01,0x9f,0xe0,0x00,0x00,0x00,0x00,0x4f,
0xe0,0x00,0x00,0x00,0x00,0x00,0xaf,0xff,0xff,0x90,0x00,0x00,0x00,0x00,0x4f,0xe0,0x00,0x00,0x00,0x00,0x00,0x6f,0xff,0xe9,
0x20,0x00,0x00,0x00,0x00,0x03,0x20,0x00,0x00,0x00,0x00,0x00,0x00,0x00,0x00,0x00,0x00,0x00,
/* U+5FC3 */
0x00,0x00,0x00,0x00,0x00,0x02,0xb7,0x00,0x00,0x00,0x00,0x00,0x00,0x00,0x00,0x00,0x00,0x00,0x00,0x00,0x09,0xff,0x50,0x00,
0x00,0x00,0x00,0x00,0x00,0x00,0x00,0x00,0x00,0x00,0x00,0x00,0xbf,0xf4,0x00,0x00,0x00,0x00,0x00,0x00,0x00,0x00,0x00,0x00,
0x00,0x00,0x00,0x0c,0xff,0x20,0x00,0x00,0x00,0x00,0x00,0x00,0x00,0x00,0x00,0x00,0x00,0x00,0x01,0xef,0xe1,0x00,0x00,0x00,
0x00,0x00,0x00,0x00,0x00,0x00,0x00,0x00,0x00,0x00,0x2f,0xfb,0x00,0x00,0x00,0x00,0x00,0x00,0x00,0x00,0x00,0x00,0x27,0x60,
0x00,0x05,0xff,0x80,0x00,0x00,0x00,0x00,0x00,0x00,0x00,0x00,0x00,0x5f,0xe0,0x00,0x00,0x9f,0xf4,0x00,0x00,0x00,0x00,0x00,
0x00,0x00,0x00,0x00,0x5f,0xe0,0x00,0x00,0x0d,0xe4,0x00,0x00,0x00,0x00,0x00,0x00,0x00,0x00,0x00,0x5f,0xe0,0x00,0x00,0x02,
0x10,0x00,0x4b,0xb0,0x00,0x00,0x00,0x03,0xeb,0x00,0x5f,0xe0,0x00,0x00,0x00,0x00,0x00,0x6f,0xf2,0x00,0x00,0x00,0x06,0xfd,
0x00,0x5f,0xe0,0x00,0x00,0x00,0x00,0x00,0x0e,0xfa,0x00,0x00,0x00,0x0a,0xfa,0x00,0x5f,0xe0,0x00,0x00,0x00,0x00,0x00,0x07,
0xff,0x10,0x00,0x00,0x0d,0xf7,0x00,0x5f,0xe0,0x00,0x00,0x00,0x00,0x00,0x01,0xff,0x80,0x00,0x00,0x1f,0xf3,0x00,0x5f,0xe0,
0x00,0x00,0x00,0x00,0x00,0x00,0x9f,0xe0,0x00,0x00,0x4f,0xf0,0x00,0x5f,0xe0,0x00,0x00,0x00,0x00,0x00,0x00,0x2f,0xf6,0x00,
0x00,0x7f,0xc0,0x00,0x5f,0xe0,0x00,0x00,0x00,0x00,0x00,0x00,0x0b,0xfc,0x00,0x00,0xcf,0x90,0x00,0x5f,0xe0,0x00,0x00,0x00,
0x00,0x00,0x00,0x05,0xff,0x20,0x01,0xff,0x50,0x00,0x5f,0xe0,0x00,0x00,0x00,0x00,0x09,0x50,0x00,0xff,0x70,0x06,0xff,0x00,
0x00,0x5f,0xe0,0x00,0x00,0x00,0x00,0x0e,0xf4,0x00,0x9f,0xd0,0x0c,0xfa,0x00,0x00,0x5f,0xe0,0x00,0x00,0x00,0x00,0x0f,0xf3,
0x00,0x4f,0xf3,0x1f,0xf5,0x00,0x00,0x5f,0xe0,0x00,0x00,0x00,0x00,0x1f,0xf1,0x00,0x0e,0xf9,0x6f,0xf0,0x00,0x00,0x5f,0xe0,
0x00,0x00,0x00,0x00,0x2f,0xf0,0x00,0x08,0xd5,0x6f,0xa0,0x00,0x00,0x5f,0xe0,0x00,0x00,0x00,0x00,0x5f,0xe0,0x00,0x00,0x00,
0x02,0x30,0x00,0x00,0x5f,0xf0,0x00,0x00,0x00,0x00,0x8f,0xb0,0x00,0x00,0x00,0x00,0x00,0x00,0x00,0x4f,0xf9,0x32,0x22,0x22,
0x25,0xff,0x70,0x00,0x00,0x00,0x00,0x00,0x00,0x00,0x1f,0xff,0xff,0xff,0xff,0xff,0xff,0x20,0x00,0x00,0x00,0x00,0x00,0x00,
0x00,0x04,0xef,0xff,0xff,0xff,0xff,0xd4,0x00,0x00,0x00,0x00,0x00,0x00,0x00,0x00,0x00,0x01,0x22,0x22,0x22,0x21,0x00,0x00,
0x00,0x00,0x00,
/* U+5FC5 */
0x00,0x00,0x00,0x00,0x00,0x4c,0x10,0x00,0x00,0x00,0x00,0x00,0x00,0x00,0x00,0x00,0x00,0x00,0x00,0x00,0xef,0xe3,0x00,0x00,
0x00,0x08,0xb3,0x00,0x00,0x00,0x00,0x00,0x00,0x00,0x00,0x2e,0xff,0x40,0x00,0x00,0x0d,0xf8,0x00,0x00,0x00,0x00,0x00,0x00,
0x00,0x00,0x01,0xdf,0xf5,0x00,0x00,0x3f,0xf2,0x00,0x00,0x00,0x00,0x00,0x00,0x00,0x00,0x00,0x0b,0xff,0x40,0x00,0x8f,0xd0,
0x00,0x00,0x00,0x00,0x00,0x00,0x00,0x00,0x00,0x00,0xcf,0xf4,0x00,0xdf,0x70,0x00,0x00,0x00,0x00,0x00,0x00,0x00,0x17,0x70,
0x00,0x1d,0xf3,0x02,0xff,0x20,0x00,0x00,0x00,0x00,0x00,0x00,0x00,0x3f,0xf1,0x00,0x01,0x30,0x09,0xfc,0x00,0x00,0x00,0x00,
0x00,0x00,0x00,0x00,0x3f,0xf1,0x00,0x00,0x00,0x1f,0xf6,0x00,0x00,0x00,0x00,0x00,0x00,0x53,0x00,0x3f,0xf1,0x00,0x00,0x00,
0x8f,0xe0,0x00,0x00,0x00,0x00,0x00,0x01,0xff,0x30,0x3f,0xf1,0x00,0x00,0x00,0xef,0x70,0x3a,0xd0,0x00,0x00,0x00,0x05,0xff,
0x00,0x3f,0xf1,0x00,0x00,0x06,0xfe,0x00,0x2f,0xf5,0x00,0x00,0x00,0x09,0xfb,0x00,0x3f,0xf1,0x00,0x00,0x0e,0xf8,0x00,0x0a,
0xfd,0x00,0x00,0x00,0x0d,0xf7,0x00,0x3f,0xf1,0x00,0x00,0x8f,0xf1,0x00,0x03,0xff,0x50,0x00,0x00,0x1f,0xf3,0x00,0x3f,0xf1,
0x00,0x03,0xff,0x80,0x00,0x00,0xbf,0xc0,0x00,0x00,0x5f,0xf0,0x00,0x3f,0xf1,0x00,0x0c,0xfd,0x00,0x00,0x00,0x3f,0xf4,0x00,
0x00,0xaf,0xb0,0x00,0x3f,0xf1,0x00,0x6f,0xf3,0x00,0x00,0x00,0x0c,0xfa,0x00,0x00,0xff,0x60,0x00,0x3f,0xf1,0x03,0xff,0x80,
0x00,0x00,0x00,0x05,0xff,0x10,0x06,0xff,0x10,0x00,0x3f,0xf1,0x2e,0xfd,0x00,0x00,0x07,0x40,0x00,0xff,0x70,0x0c,0xfa,0x00,
0x00,0x3f,0xf2,0xdf,0xf3,0x00,0x00,0x0d,0xf6,0x00,0x9f,0xd0,0x2f,0xf4,0x00,0x00,0x3f,0xfc,0xff,0x50,0x00,0x00,0x0e,0xf4,
0x00,0x3f,0xf3,0x8f,0xe0,0x00,0x00,0x3f,0xff,0xf6,0x00,0x00,0x00,0x0f,0xf3,0x00,0x0d,0xf9,0x1a,0x80,0x00,0x00,0x3f,0xff,
0x70,0x00,0x00,0x00,0x2f,0xf1,0x00,0x07,0xb4,0x00,0x00,0x00,0x03,0xef,0xf8,0x00,0x00,0x00,0x00,0x5f,0xf0,0x00,0x00,0x00,
0x00,0x00,0x00,0x7f,0xff,0xf2,0x00,0x00,0x00,0x00,0xaf,0xc0,0x00,0x00,0x00,0x00,0x00,0x3c,0xff,0xff,0xfb,0x43,0x33,0x33,
0x38,0xff,0x70,0x00,0x00,0x00,0x00,0x2b,0xff,0xf9,0x1b,0xff,0xff,0xff,0xff,0xff,0xff,0x10,0x00,0x00,0x00,0x00,0xcf,0xfc,
0x30,0x01,0x9e,0xff,0xff,0xff,0xfe,0xa2,0x00,0x00,0x00,0x00,0x00,0x2d,0x50,0x00,0x00,0x00,0x00,0x00,0x00,0x00,0x00,0x00,
0x00,0x00,0x00,
/* U+5FF5 */
0x00,0x00,0x00,0x00,0x00,0x00,0x01,0x10,0x00,0x00,0x00,0x00,0x00,0x00,0x00,0x00,0x00,0x00,0x00,0x01,0xbf,0xfa,0x00,0x00,
0x00,0x00,0x00,0x00,0x00,0x00,0x00,0x00,0x00,0x3e,0xff,0xff,0xb0,0x00,0x00,0x00,0x00,0x00,0x00,0x00,0x00,0x00,0x07,0xff,
0xe4,0x4e,0xfd,0x30,0x00,0x00,0x00,0x00,0x00,0x00,0x00,0x01,0xbf,0xfb,0x10,0x01,0xcf,0xf8,0x00,0x00,0x00,0x00,0x00,0x00,
0x00,0x6e,0xff,0x70,0x00,0x00,0x08,0xff,0xd5,0x00,0x00,0x00,0x00,0x00,0x6e,0xff,0xe4,0x00,0xcb,0x10,0x00,0x4e,0xff,0xc4,
0x00,0x00,0x00,0x7e,0xff,0xf9,0x10,0x03,0xef,0xd2,0x00,0x01,0x9f,0xff,0xd6,0x10,0x8e,0xff,0xf9,0x10,0x00,0x00,0x1b,0xff,
0x40,0x00,0x01,0x7e,0xff,0xf9,0xaf,0xf9,0x10,0x00,0x00,0x00,0x00,0xae,0x30,0x00,0x00,0x00,0x6d,0xf8,0x08,0x10,0x01,0x22,
0x22,0x22,0x22,0x24,0x22,0x22,0x22,0x10,0x00,0x50,0x00,0x00,0x09,0xff,0xff,0xff,0xff,0xff,0xff,0xff,0xff,0x70,0x00,0x00,
0x00,0x00,0x08,0xdd,0xdd,0xdd,0xdd,0xdd,0xdd,0xde,0xff,0x70,0x00,0x00,0x00,0x00,0x00,0x00,0x00,0x00,0x00,0x00,0x00,0x1c,
0xfc,0x00,0x00,0x00,0x00,0x00,0x00,0x00,0x00,0x00,0x00,0x00,0x03,0xdf,0xe1,0x00,0x00,0x00,0x00,0x00,0x00,0x00,0x00,0x00,
0x00,0x02,0xaf,0xfb,0x10,0x00,0x00,0x00,0x00,0x00,0x00,0x00,0x00,0x00,0x15,0xcf,0xff,0x70,0x00,0x00,0x00,0x00,0x00,0x00,
0x00,0x00,0x00,0x9d,0xff,0xfe,0x71,0x00,0x00,0x00,0x00,0x00,0x00,0x00,0x00,0x00,0x00,0xbf,0xfb,0x60,0x00,0x00,0x00,0x50,
0x00,0x00,0x00,0x01,0xfc,0x20,0x00,0x35,0x00,0x10,0x00,0x00,0x0b,0xf8,0x00,0x00,0x00,0x07,0xfe,0x01,0x33,0x00,0x0a,0xf8,
0x00,0x00,0x04,0xff,0x40,0x00,0x00,0x0d,0xf8,0x06,0xfe,0x00,0x05,0xff,0x20,0x00,0x00,0x9f,0xe1,0x00,0x00,0x3f,0xf3,0x06,
0xfe,0x00,0x00,0xdf,0xa0,0x00,0x00,0x0e,0xfc,0x00,0x00,0xaf,0xd0,0x06,0xfe,0x00,0x00,0x5f,0xf4,0x00,0x42,0x04,0xff,0x60,
0x04,0xff,0x60,0x06,0xfe,0x00,0x00,0x0b,0x91,0x00,0xcf,0x50,0xaf,0xf1,0x0d,0xfd,0x00,0x06,0xfe,0x00,0x00,0x00,0x00,0x00,
0xff,0x30,0x1f,0xfa,0x7f,0xf3,0x00,0x06,0xff,0x00,0x00,0x00,0x00,0x06,0xff,0x00,0x07,0xfb,0xbf,0xa0,0x00,0x02,0xff,0xb6,
0x66,0x66,0x67,0x9f,0xfc,0x00,0x00,0x50,0x05,0x10,0x00,0x00,0xdf,0xff,0xff,0xff,0xff,0xff,0xf2,0x00,0x00,0x00,0x00,0x00,
0x00,0x00,0x05,0x9a,0xaa,0xaa,0xaa,0x97,0x10,0x00,0x00,0x00,
/* U+6025 */
0x00,0x00,0x00,0x00,0x00,0x74,0x10,0x00,0x00,0x00,0x00,0x00,0x00,0x00,0x00,0x00,0x00,0x00,0x00,0x08,0xff,0x40,0x00,0x00,
0x00,0x00,0x00,0x00,0x00,0x00,0x00,0x00,0x00,0x00,0x6f,0xfa,0x00,0x00,0x00,0x00,0x00,0x00,0x00,0x00,0x00,0x00,0x00,0x00,
0x03,0xff,0xff,0xee,0xee,0xee,0xee,0xea,0x00,0x00,0x00,0x00,0x00,0x00,0x00,0x1e,0xff,0xff,0xff,0xff,0xff,0xff,0xfa,0x00,
0x00,0x00,0x00,0x00,0x00,0x01,0xcf,0xf4,0x00,0x00,0x00,0x00,0xaf,0xd1,0x00,0x00,0x00,0x00,0x00,0x00,0x3e,0xff,0x40,0x00,
0x00,0x00,0x09,0xfe,0x20,0x00,0x00,0x00,0x00,0x00,0x06,0xff,0xf4,0x00,0x00,0x00,0x00,0x9f,0xf3,0x00,0x00,0x00,0x00,0x00,
0x00,0xaf,0xff,0xfd,0xdd,0xdd,0xdd,0xdd,0xff,0xfd,0xdd,0xdd,0xc0,0x00,0x00,0x1d,0xff,0xef,0xff,0xff,0xff,0xff,0xff,0xff,
0xff,0xff,0xff,0xf0,0x00,0x00,0x0b,0xf8,0x13,0x33,0x33,0x33,0x33,0x33,0x33,0x33,0x33,0x6f,0xf0,0x00,0x00,0x01,0x40,0x00,
0x00,0x00,0x00,0x00,0x00,0x00,0x00,0x00,0x4f,0xf0,0x00,0x00,0x00,0x00,0x01,0x33,0x33,0x33,0x33,0x33,0x33,0x33,0x33,0x6f,
0xf0,0x00,0x00,0x00,0x00,0x04,0xff,0xff,0xff,0xff,0xff,0xff,0xff,0xff,0xff,0xf0,0x00,0x00,0x00,0x00,0x03,0xcc,0xcc,0xcc,
0xcc,0xcc,0xcc,0xcc,0xcc,0xdf,0xf0,0x00,0x00,0x00,0x00,0x00,0x00,0x00,0x00,0x00,0x00,0x00,0x00,0x00,0x4f,0xf0,0x00,0x00,
0x00,0x00,0x00,0x00,0x00,0x00,0x00,0x00,0x00,0x00,0x00,0x4f,0xf0,0x00,0x00,0x00,0x00,0x6a,0xaa,0xaa,0xaa,0xaa,0xaa,0xaa,
0xaa,0xaa,0xcf,0xf0,0x00,0x00,0x00,0x00,0x9f,0xff,0xff,0xff,0xff,0xff,0xff,0xff,0xff,0xff,0xf0,0x00,0x00,0x00,0x00,0x36,
0x66,0x66,0x66,0x66,0x66,0x66,0x66,0x66,0x66,0x50,0x00,0x00,0x00,0x00,0x00,0x00,0x00,0x00,0x00,0x68,0x00,0x00,0x00,0x00,
0x10,0x00,0x00,0x00,0x00,0x75,0x10,0x5f,0xe0,0x05,0xff,0x80,0x00,0x00,0x05,0xe8,0x00,0x00,0x00,0x03,0xff,0x20,0x5f,0xe0,
0x00,0x8f,0xf7,0x00,0x00,0x06,0xff,0x40,0x00,0x00,0x09,0xfd,0x00,0x5f,0xe0,0x00,0x0a,0xff,0x40,0x00,0x00,0xbf,0xe1,0x00,
0x00,0x0e,0xf7,0x00,0x5f,0xe0,0x00,0x00,0xcf,0x60,0x0f,0xb2,0x1e,0xfa,0x00,0x00,0x6f,0xf2,0x00,0x5f,0xe0,0x00,0x00,0x22,
0x00,0x1f,0xf1,0x05,0xff,0x40,0x00,0xef,0xa0,0x00,0x5f,0xf0,0x00,0x00,0x00,0x00,0x6f,0xf0,0x00,0xbf,0xe0,0x07,0xff,0x20,
0x00,0x2f,0xfa,0x55,0x55,0x55,0x59,0xef,0xb0,0x00,0x2f,0xf5,0x05,0xe9,0x00,0x00,0x0c,0xff,0xff,0xff,0xff,0xff,0xff,0x30,
0x00,0x07,0x40,0x00,0x11,0x00,0x00,0x00,0x6a,0xbb,0xbb,0xbb,0xba,0x93,0x00,0x00,0x00,0x00,
/* U+60CA */
0x00,0x00,0x00,0x00,0x00,0x00,0x00,0x00,0x00,0x03,0x00,0x00,0x00,0x00,0x00,0x00,0x00,0x2f,0xf2,0x00,0x00,0x00,0x00,0x01,
0xff,0x40,0x00,0x00,0x00,0x00,0x00,0x00,0x2f,0xf2,0x00,0x00,0x00,0x00,0x00,0xbf,0xa0,0x00,0x00,0x00,0x00,0x00,0x00,0x2f,
0xf2,0x00,0x00,0x00,0x00,0x00,0x4f,0xf0,0x00,0x00,0x00,0x00,0x00,0x00,0x2f,0xf2,0x00,0x3d,0xdd,0xdd,0xdd,0xdf,0xfd,0xdd,
0xdd,0xdd,0xd5,0x00,0x00,0x2f,0xf2,0x00,0x4f,0xff,0xff,0xff,0xff,0xff,0xff,0xff,0xff,0xf6,0x00,0x00,0x2f,0xf2,0x45,0x15,
0x55,0x55,0x55,0x55,0x55,0x55,0x55,0x55,0x52,0x09,0xd2,0x2f,0xf2,0xff,0x00,0x00,0x00,0x00,0x00,0x00,0x00,0x00,0x00,0x00,
0x0b,0xf2,0x2f,0xf2,0xaf,0x50,0x00,0x00,0x00,0x00,0x00,0x00,0x00,0x00,0x00,0x0c,0xf0,0x2f,0xf2,0x6f,0xb0,0x09,0xbb,0xbb,
0xbb,0xbb,0xbb,0xbb,0xb0,0x00,0x0d,0xf0,0x2f,0xf2,0x1f,0xf0,0x0c,0xff,0xff,0xff,0xff,0xff,0xff,0xf0,0x00,0x0f,0xe0,0x2f,
0xf2,0x0c,0xf4,0x0c,0xfa,0x66,0x66,0x66,0x66,0x8f,0xf0,0x00,0x2f,0xc0,0x2f,0xf2,0x07,0xf8,0x0c,0xf6,0x00,0x00,0x00,0x00,
0x3f,0xf0,0x00,0x4f,0x90,0x2f,0xf2,0x02,0xb5,0x0c,0xf6,0x00,0x00,0x00,0x00,0x3f,0xf0,0x00,0x7f,0x60,0x2f,0xf2,0x00,0x00,
0x0c,0xf6,0x00,0x00,0x00,0x00,0x3f,0xf0,0x00,0x9f,0x30,0x2f,0xf2,0x00,0x00,0x0c,0xf6,0x00,0x00,0x00,0x00,0x3f,0xf0,0x00,
0x01,0x00,0x2f,0xf2,0x00,0x00,0x0c,0xff,0xee,0xee,0xee,0xee,0xef,0xf0,0x00,0x00,0x00,0x2f,0xf2,0x00,0x00,0x0c,0xff,0xff,
0xff,0xff,0xff,0xff,0xf0,0x00,0x00,0x00,0x2f,0xf2,0x00,0x00,0x02,0x33,0x33,0x4f,0xf6,0x33,0x33,0x30,0x00,0x00,0x00,0x2f,
0xf2,0x00,0x00,0x00,0x00,0x00,0x1f,0xf3,0x00,0x00,0x00,0x00,0x00,0x00,0x2f,0xf2,0x00,0x00,0x00,0x73,0x00,0x1f,0xf3,0x00,
0x55,0x00,0x00,0x00,0x00,0x2f,0xf2,0x00,0x00,0x05,0xff,0x20,0x1f,0xf3,0x05,0xff,0x10,0x00,0x00,0x00,0x2f,0xf2,0x00,0x00,
0x1e,0xf9,0x00,0x1f,0xf3,0x00,0xbf,0xb0,0x00,0x00,0x00,0x2f,0xf2,0x00,0x00,0xaf,0xe0,0x00,0x1f,0xf3,0x00,0x2f,0xf6,0x00,
0x00,0x00,0x2f,0xf2,0x00,0x05,0xff,0x40,0x00,0x1f,0xf3,0x00,0x06,0xff,0x10,0x00,0x00,0x2f,0xf2,0x00,0x4f,0xf9,0x00,0x00,
0x1f,0xf3,0x00,0x00,0xcf,0xa0,0x00,0x00,0x2f,0xf2,0x03,0xff,0xb0,0x00,0x00,0x1f,0xf3,0x00,0x00,0x3f,0xf3,0x00,0x00,0x2f,
0xf2,0x0a,0xfd,0x00,0x01,0x00,0x5f,0xf3,0x00,0x00,0x09,0xf7,0x00,0x00,0x2f,0xf2,0x00,0x71,0x00,0x0d,0xff,0xff,0xe0,0x00,
0x00,0x01,0x40,0x00,0x00,0x2f,0xf2,0x00,0x00,0x00,0x09,0xff,0xfc,0x50,0x00,0x00,0x00,0x00,0x00,0x00,0x01,0x10,0x00,0x00,
0x00,0x00,0x11,0x00,0x00,0x00,0x00,0x00,0x00,
/* U+60F3 */
0x00,0x00,0x00,0xac,0x50,0x00,0x00,0x00,0x00,0x00,0x00,0x00,0x00,0x00,0x00,0x00,0x00,0x00,0xdf,0x70,0x00,0x00,0x2d,0xdd,
0xdd,0xdd,0xdd,0xdd,0xd1,0x00,0x00,0x00,0x00,0xdf,0x70,0x00,0x00,0x2f,0xff,0xff,0xff,0xff,0xff,0xf2,0x00,0x03,0x33,0x33,
0xdf,0x93,0x33,0x20,0x2f,0xf3,0x22,0x22,0x22,0x4f,0xf2,0x00,0x1f,0xff,0xff,0xff,0xff,0xff,0xb0,0x2f,0xf1,0x00,0x00,0x00,
0x1f,0xf2,0x00,0x1e,0xee,0xee,0xff,0xfe,0xee,0xa0,0x2f,0xf3,0x22,0x22,0x22,0x3f,0xf2,0x00,0x00,0x00,0x04,0xff,0x70,0x00,
0x00,0x2f,0xff,0xff,0xff,0xff,0xff,0xf2,0x00,0x00,0x00,0x0d,0xff,0xa0,0x00,0x00,0x2f,0xfc,0xcc,0xcc,0xcc,0xdf,0xf2,0x00,
0x00,0x00,0x7f,0xff,0xfc,0x10,0x00,0x2f,0xf1,0x00,0x00,0x00,0x1f,0xf2,0x00,0x00,0x01,0xfc,0xdf,0xdf,0xe3,0x00,0x2f,0xf1,
0x00,0x00,0x00,0x1f,0xf2,0x00,0x00,0x0b,0xf3,0xdf,0x76,0xff,0x60,0x2f,0xfa,0x99,0x99,0x99,0xaf,0xf2,0x00,0x00,0xaf,0x80,
0xdf,0x70,0x6f,0xf5,0x2f,0xff,0xff,0xff,0xff,0xff,0xf2,0x00,0x09,0xfd,0x00,0xdf,0x70,0x07,0xc0,0x2f,0xf5,0x44,0x44,0x44,
0x5f,0xf2,0x00,0x7f,0xf2,0x00,0xdf,0x70,0x00,0x10,0x2f,0xf1,0x00,0x00,0x00,0x1f,0xf2,0x00,0x8f,0x40,0x00,0xdf,0x70,0x00,
0x00,0x2f,0xf1,0x00,0x00,0x00,0x2f,0xf2,0x00,0x27,0x00,0x00,0xdf,0x70,0x00,0x00,0x2f,0xff,0xff,0xff,0xff,0xff,0xf2,0x00,
0x00,0x00,0x00,0xdf,0x70,0x00,0x00,0x2f,0xff,0xff,0xff,0xff,0xff,0xf2,0x00,0x00,0x00,0x00,0x67,0x30,0x00,0x00,0x00,0x00,
0x00,0x00,0x00,0x00,0x00,0x00,0x00,0x00,0x00,0x00,0x11,0x00,0x00,0x71,0x00,0x00,0x00,0x00,0x50,0x00,0x00,0x00,0x04,0x84,
0x00,0xcf,0x80,0x0b,0xfd,0x10,0x00,0x00,0x0b,0xf9,0x00,0x00,0x00,0x0a,0xfc,0x00,0xcf,0x80,0x02,0xef,0xc0,0x00,0x00,0x07,
0xff,0x50,0x00,0x00,0x0f,0xf6,0x00,0xcf,0x80,0x00,0x3f,0xf9,0x00,0x00,0x00,0xbf,0xe1,0x00,0x00,0x5f,0xf1,0x00,0xcf,0x80,
0x00,0x06,0xff,0x20,0x09,0x61,0x1e,0xfc,0x00,0x00,0xcf,0xb0,0x00,0xcf,0x80,0x00,0x00,0x93,0x00,0x0f,0xf4,0x05,0xff,0x60,
0x04,0xff,0x40,0x00,0xcf,0x80,0x00,0x00,0x00,0x00,0x1f,0xf2,0x00,0xbf,0xf1,0x0d,0xfc,0x00,0x00,0xbf,0xc0,0x00,0x00,0x00,
0x00,0x8f,0xf0,0x00,0x2f,0xf7,0x3f,0xf3,0x00,0x00,0x6f,0xfd,0xbb,0xbb,0xbb,0xbe,0xff,0xa0,0x00,0x07,0x70,0x02,0x80,0x00,
0x00,0x1f,0xff,0xff,0xff,0xff,0xff,0xff,0x20,0x00,0x00,0x00,0x00,0x00,0x00,0x00,0x01,0x68,0x88,0x88,0x88,0x87,0x61,0x00,
0x00,0x00,0x00,
/* U+610F */
0x00,0x00,0x00,0x00,0x00,0x00,0x02,0x51,0x00,0x00,0x00,0x00,0x00,0x00,0x00,0x00,0x00,0x00,0x00,0x00,0x00,0x1f,0xf8,0x00,
0x00,0x00,0x00,0x00,0x00,0x00,0x00,0x13,0x33,0x33,0x33,0x33,0x3a,0xfe,0x33,0x33,0x33,0x33,0x33,0x31,0x00,0x00,0x6f,0xff,
0xff,0xff,0xff,0xff,0xff,0xff,0xff,0xff,0xff,0xff,0xf6,0x00,0x00,0x4c,0xcc,0xcd,0xff,0xdc,0xcc,0xcc,0xcc,0xcd,0xff,0xdc,
0xcc,0xc4,0x00,0x00,0x00,0x00,0x00,0xef,0x70,0x00,0x00,0x00,0x09,0xfd,0x00,0x00,0x00,0x00,0x00,0x00,0x00,0x00,0x8f,0xd0,
0x00,0x00,0x00,0x1f,0xf5,0x00,0x00,0x00,0x00,0x09,0xaa,0xaa,0xaa,0xcf,0xfb,0xaa,0xaa,0xaa,0xcf,0xfa,0xaa,0xaa,0xaa,0x90,
0x0e,0xff,0xff,0xff,0xff,0xff,0xff,0xff,0xff,0xff,0xff,0xff,0xff,0xff,0xe0,0x04,0x55,0x55,0x55,0x55,0x55,0x55,0x55,0x55,
0x55,0x55,0x55,0x55,0x55,0x40,0x00,0x00,0x00,0x00,0x00,0x00,0x00,0x00,0x00,0x00,0x00,0x00,0x00,0x00,0x00,0x00,0x00,0x2c,
0xcc,0xcc,0xcc,0xcc,0xcc,0xcc,0xcc,0xcc,0xcc,0xc2,0x00,0x00,0x00,0x00,0x3f,0xff,0xff,0xff,0xff,0xff,0xff,0xff,0xff,0xff,
0xf3,0x00,0x00,0x00,0x00,0x3f,0xf0,0x00,0x00,0x00,0x00,0x00,0x00,0x00,0x0f,0xf3,0x00,0x00,0x00,0x00,0x3f,0xf0,0x00,0x00,
0x00,0x00,0x00,0x00,0x00,0x0f,0xf3,0x00,0x00,0x00,0x00,0x3f,0xfe,0xee,0xee,0xee,0xee,0xee,0xee,0xee,0xef,0xf3,0x00,0x00,
0x00,0x00,0x3f,0xfc,0xcc,0xcc,0xcc,0xcc,0xcc,0xcc,0xcc,0xcf,0xf3,0x00,0x00,0x00,0x00,0x3f,0xf0,0x00,0x00,0x00,0x00,0x00,
0x00,0x00,0x0f,0xf3,0x00,0x00,0x00,0x00,0x3f,0xf1,0x11,0x11,0x11,0x11,0x11,0x11,0x11,0x1f,0xf3,0x00,0x00,0x00,0x00,0x3f,
0xff,0xff,0xff,0xff,0xff,0xff,0xff,0xff,0xff,0xf3,0x00,0x00,0x00,0x00,0x2b,0xbb,0xbb,0xbb,0xbb,0xbb,0xbb,0xbb,0xbb,0xbb,
0xb2,0x00,0x00,0x00,0x00,0x00,0x00,0x00,0x00,0x00,0x26,0x00,0x00,0x00,0x00,0x00,0x00,0x00,0x00,0x08,0x94,0x00,0x58,0x50,
0x04,0xff,0x70,0x00,0x00,0x00,0x8c,0x00,0x00,0x00,0x0f,0xf6,0x00,0xaf,0xb0,0x00,0xaf,0xf5,0x00,0x00,0x02,0xff,0xa0,0x00,
0x00,0x6f,0xf0,0x00,0xaf,0xb0,0x00,0x0c,0xff,0x20,0x07,0x40,0x5f,0xf7,0x00,0x00,0xdf,0xa0,0x00,0xaf,0xb0,0x00,0x01,0xe9,
0x00,0x0f,0xf4,0x09,0xff,0x30,0x07,0xff,0x30,0x00,0xaf,0xd0,0x00,0x00,0x10,0x00,0x3f,0xf1,0x00,0xdf,0xd0,0x1f,0xf9,0x00,
0x00,0x8f,0xfa,0x66,0x66,0x66,0x68,0xdf,0xd0,0x00,0x3f,0xf4,0x09,0xe1,0x00,0x00,0x2f,0xff,0xff,0xff,0xff,0xff,0xff,0x60,
0x00,0x07,0x40,0x00,0x10,0x00,0x00,0x02,0x8a,0xbb,0xbb,0xbb,0xba,0x94,0x00,0x00,0x00,0x00,
/* U+6210 */
0x00,0x00,0x00,0x00,0x00,0x00,0x00,0x00,0x03,0x30,0x00,0x00,0x00,0x00,0x00,0x00,0x00,0x00,0x00,0x00,0x00,0x00,0x00,0x3f,
0xf2,0x01,0xd9,0x00,0x00,0x00,0x00,0x00,0x00,0x00,0x00,0x00,0x00,0x00,0x3f,0xf2,0x04,0xff,0xb0,0x00,0x00,0x00,0x00,0x00,
0x00,0x00,0x00,0x00,0x00,0x3f,0xf2,0x00,0x2e,0xfc,0x10,0x00,0x00,0x00,0x00,0x00,0x00,0x00,0x00,0x00,0x2f,0xf3,0x00,0x01,
0xef,0x70,0x00,0x00,0x01,0x33,0x33,0x33,0x33,0x33,0x33,0x5f,0xf6,0x33,0x33,0x6b,0x33,0x30,0x00,0x05,0xff,0xff,0xff,0xff,
0xff,0xff,0xff,0xff,0xff,0xff,0xff,0xff,0xf2,0x00,0x05,0xff,0xff,0xff,0xff,0xff,0xff,0xff,0xff,0xff,0xff,0xff,0xff,0xf2,
0x00,0x05,0xff,0x00,0x00,0x00,0x00,0x00,0x0f,0xf5,0x00,0x00,0x00,0x00,0x00,0x00,0x05,0xff,0x00,0x00,0x00,0x00,0x00,0x0e,
0xf7,0x00,0x00,0x00,0x00,0x00,0x00,0x05,0xff,0x00,0x00,0x00,0x00,0x00,0x0c,0xf8,0x00,0x00,0x02,0x00,0x00,0x00,0x05,0xff,
0x00,0x00,0x00,0x00,0x00,0x0b,0xfa,0x00,0x00,0x4f,0xc0,0x00,0x00,0x05,0xff,0x00,0x00,0x00,0x00,0x00,0x09,0xfb,0x00,0x00,
0x9f,0xc0,0x00,0x00,0x05,0xff,0xbb,0xbb,0xbb,0xb9,0x00,0x07,0xfd,0x00,0x00,0xff,0x60,0x00,0x00,0x05,0xff,0xff,0xff,0xff,
0xfc,0x00,0x05,0xff,0x00,0x05,0xff,0x00,0x00,0x00,0x05,0xff,0x77,0x77,0x7b,0xfc,0x00,0x01,0xff,0x30,0x0b,0xf9,0x00,0x00,
0x00,0x05,0xff,0x00,0x00,0x08,0xfb,0x00,0x00,0xef,0x60,0x3f,0xf3,0x00,0x00,0x00,0x06,0xfe,0x00,0x00,0x08,0xfb,0x00,0x00,
0xbf,0x90,0xbf,0xd0,0x00,0x00,0x00,0x08,0xfd,0x00,0x00,0x09,0xfa,0x00,0x00,0x7f,0xd3,0xff,0x40,0x00,0x00,0x00,0x09,0xfb,
0x00,0x00,0x09,0xf9,0x00,0x00,0x2f,0xfd,0xfb,0x00,0x00,0x00,0x00,0x0b,0xfa,0x00,0x00,0x0a,0xf8,0x00,0x00,0x0d,0xff,0xf2,
0x00,0x00,0x00,0x00,0x0e,0xf7,0x00,0x00,0x0b,0xf6,0x00,0x00,0x08,0xff,0x80,0x00,0x00,0x00,0x00,0x1f,0xf4,0x00,0x00,0x0e,
0xf4,0x00,0x00,0x2e,0xff,0x50,0x00,0x04,0x60,0x00,0x4f,0xf1,0x14,0x43,0x9f,0xf1,0x00,0x02,0xef,0xff,0xd0,0x00,0x07,0xfa,
0x00,0x9f,0xc0,0x1f,0xff,0xff,0x80,0x00,0x2e,0xff,0x7f,0xf6,0x00,0x0a,0xf8,0x00,0xef,0x70,0x09,0xcd,0xc7,0x00,0x04,0xef,
0xf4,0x09,0xff,0x20,0x0e,0xf5,0x05,0xff,0x10,0x00,0x00,0x00,0x01,0xaf,0xfe,0x30,0x01,0xef,0xd2,0x4f,0xf1,0x0e,0xfb,0x00,
0x00,0x00,0x00,0x7f,0xff,0xd2,0x00,0x00,0x3e,0xff,0xff,0xa0,0x5f,0xf2,0x00,0x00,0x00,0x04,0xff,0xf7,0x00,0x00,0x00,0x02,
0xef,0xff,0x20,0x09,0x90,0x00,0x00,0x00,0x00,0xaa,0x10,0x00,0x00,0x00,0x00,0x05,0xa4,0x00,
/* U+627E */
0x00,0x00,0x00,0x00,0x00,0x00,0x00,0x01,0x21,0x00,0x00,0x00,0x00,0x00,0x00,0x00,0x00,0x0f,0xf4,0x00,0x00,0x00,0x09,0xfb,
0x00,0x2a,0xd1,0x00,0x00,0x00,0x00,0x00,0x0f,0xf4,0x00,0x00,0x00,0x09,0xfb,0x00,0x1f,0xfb,0x00,0x00,0x00,0x00,0x00,0x0f,
0xf4,0x00,0x00,0x00,0x09,0xfc,0x00,0x05,0xff,0x60,0x00,0x00,0x00,0x00,0x0f,0xf4,0x00,0x00,0x00,0x08,0xfc,0x00,0x00,0xaf,
0xf3,0x00,0x00,0x00,0x00,0x0f,0xf4,0x00,0x00,0x00,0x08,0xfc,0x00,0x00,0x0d,0x91,0x00,0x00,0x14,0x44,0x4f,0xf7,0x44,0x40,
0x00,0x07,0xfd,0x00,0x00,0x00,0x00,0x00,0x00,0x6f,0xff,0xff,0xff,0xff,0xf1,0x00,0x06,0xfe,0x00,0x00,0x00,0x25,0x88,0x00,
0x6f,0xff,0xff,0xff,0xff,0xf1,0x00,0x05,0xff,0x03,0x69,0xcf,0xff,0xfe,0x00,0x00,0x00,0x0f,0xf4,0x00,0x00,0x02,0x49,0xff,
0xff,0xff,0xff,0xff,0xc9,0x00,0x00,0x00,0x0f,0xf4,0x00,0x07,0xff,0xff,0xff,0xff,0xda,0x74,0x20,0x00,0x00,0x00,0x00,0x0f,
0xf4,0x00,0x06,0xff,0xfc,0xff,0x60,0x00,0x00,0x00,0x00,0x00,0x00,0x00,0x0f,0xf4,0x00,0x02,0x52,0x00,0xef,0x60,0x00,0x00,
0x05,0x00,0x00,0x00,0x00,0x0f,0xf4,0x00,0x21,0x00,0x00,0xcf,0x80,0x00,0x00,0x5f,0xe1,0x00,0x00,0x00,0x0f,0xf4,0x2a,0xf3,
0x00,0x00,0xaf,0xa0,0x00,0x00,0xef,0xa0,0x00,0x00,0x00,0x0f,0xfd,0xff,0xf2,0x00,0x00,0x7f,0xd0,0x00,0x08,0xff,0x10,0x00,
0x00,0x03,0x8f,0xff,0xfa,0x30,0x00,0x00,0x4f,0xf0,0x00,0x3f,0xf6,0x00,0x00,0x39,0xef,0xff,0xfb,0x20,0x00,0x00,0x00,0x0f,
0xf4,0x02,0xef,0xc0,0x00,0x00,0xaf,0xff,0xef,0xf4,0x00,0x00,0x00,0x00,0x0c,0xf8,0x1d,0xfe,0x20,0x00,0x00,0x6e,0x94,0x0f,
0xf4,0x00,0x00,0x00,0x00,0x07,0xfd,0xcf,0xf3,0x00,0x00,0x00,0x00,0x00,0x0f,0xf4,0x00,0x00,0x00,0x00,0x02,0xff,0xff,0x40,
0x00,0x00,0x00,0x00,0x00,0x0f,0xf4,0x00,0x00,0x00,0x00,0x03,0xff,0xf5,0x00,0x00,0x01,0x00,0x00,0x00,0x0f,0xf4,0x00,0x00,
0x00,0x00,0x9f,0xff,0xd0,0x00,0x00,0x0d,0x91,0x00,0x00,0x0f,0xf4,0x00,0x00,0x00,0x4d,0xff,0xdf,0xf5,0x00,0x00,0x1f,0xf3,
0x00,0x00,0x0f,0xf4,0x00,0x00,0x6d,0xff,0xf7,0x07,0xfd,0x00,0x00,0x6f,0xd0,0x00,0x00,0x0f,0xf4,0x00,0x1e,0xff,0xfb,0x20,
0x00,0xef,0x90,0x00,0xbf,0x80,0x00,0x00,0x1f,0xf4,0x00,0x09,0xfa,0x20,0x00,0x00,0x5f,0xf7,0x02,0xff,0x20,0x02,0x22,0x8f,
0xf2,0x00,0x00,0x10,0x00,0x00,0x00,0x08,0xff,0xee,0xfb,0x00,0x09,0xff,0xff,0xd0,0x00,0x00,0x00,0x00,0x00,0x00,0x00,0x9f,
0xff,0xf2,0x00,0x06,0xff,0xfa,0x30,0x00,0x00,0x00,0x00,0x00,0x00,0x00,0x04,0xab,0x40,0x00,
/* U+627F */
0x00,0x00,0x05,0xff,0xff,0xff,0xff,0xff,0xff,0xff,0xff,0xff,0x20,0x00,0x00,0x00,0x00,0x06,0xff,0xff,0xff,0xff,0xff,0xff,
0xff,0xff,0xff,0x20,0x00,0x00,0x00,0x00,0x01,0x22,0x22,0x22,0x22,0x22,0x22,0x25,0xdf,0xf9,0x00,0x00,0x00,0x00,0x00,0x00,
0x00,0x00,0x00,0x00,0x00,0x02,0xaf,0xfc,0x30,0x00,0x00,0x00,0x00,0x00,0x00,0x00,0x00,0x00,0x00,0x02,0xaf,0xfe,0x60,0x00,
0x00,0x00,0x00,0x00,0x00,0x00,0x00,0x00,0x00,0x00,0x9f,0xfe,0x70,0x00,0x00,0x00,0x00,0x00,0x00,0x00,0x00,0x00,0x00,0x00,
0x00,0xcf,0xb0,0x00,0x00,0x77,0x00,0x00,0x00,0x04,0x44,0x44,0x44,0x10,0x00,0x00,0xcf,0x80,0x00,0x00,0xff,0x20,0x09,0xc3,
0x1f,0xff,0xff,0xff,0x30,0x66,0x66,0xef,0xb6,0x66,0x20,0xef,0x30,0x3f,0xf6,0x1d,0xdd,0xdd,0xff,0x32,0xff,0xff,0xff,0xff,
0xff,0x70,0xdf,0x40,0xdf,0xc0,0x00,0x00,0x00,0xef,0x21,0xcc,0xcc,0xff,0xec,0xcc,0x50,0xbf,0x59,0xff,0x20,0x00,0x00,0x00,
0xff,0x00,0x00,0x00,0xcf,0x80,0x00,0x00,0xaf,0xdf,0xf4,0x00,0x00,0x00,0x03,0xfe,0x00,0x00,0x00,0xcf,0x80,0x00,0x00,0x9f,
0xff,0x30,0x00,0x00,0x00,0x05,0xfc,0x03,0x33,0x33,0xdf,0xa3,0x33,0x30,0x5f,0xf2,0x00,0x00,0x00,0x00,0x08,0xfa,0x0d,0xff,
0xff,0xff,0xff,0xff,0xf1,0x2f,0xf0,0x00,0x00,0x00,0x00,0x0d,0xf6,0x0c,0xee,0xee,0xff,0xfe,0xee,0xe1,0x0e,0xf5,0x00,0x00,
0x00,0x00,0x2f,0xf1,0x00,0x00,0x00,0xcf,0x80,0x00,0x00,0x0b,0xfa,0x00,0x00,0x00,0x00,0x7f,0xc0,0x00,0x00,0x00,0xcf,0x80,
0x00,0x00,0x07,0xfe,0x00,0x00,0x00,0x00,0xdf,0x80,0x11,0x11,0x11,0xdf,0x91,0x11,0x11,0x01,0xff,0x40,0x00,0x00,0x05,0xff,
0x20,0xff,0xff,0xff,0xff,0xff,0xff,0xff,0x70,0xaf,0x90,0x00,0x00,0x0d,0xfa,0x00,0xff,0xff,0xff,0xff,0xff,0xff,0xff,0x70,
0x4f,0xf2,0x00,0x00,0x6f,0xf2,0x00,0x11,0x11,0x11,0xdf,0x91,0x11,0x11,0x00,0x0d,0xfb,0x00,0x02,0xff,0xa0,0x00,0x00,0x00,
0x00,0xcf,0x80,0x00,0x00,0x00,0x06,0xff,0x50,0x0d,0xfe,0x10,0x00,0x00,0x00,0x00,0xcf,0x80,0x00,0x00,0x00,0x00,0xcf,0xe0,
0x9f,0xf3,0x00,0x00,0x00,0x00,0x00,0xcf,0x80,0x00,0x00,0x00,0x00,0x2f,0xf7,0x2e,0x60,0x00,0x00,0x00,0x00,0x01,0xff,0x80,
0x00,0x00,0x00,0x00,0x08,0xd1,0x02,0x00,0x00,0x00,0x01,0xee,0xef,0xff,0x30,0x00,0x00,0x00,0x00,0x00,0x10,0x00,0x00,0x00,
0x00,0x00,0xdf,0xff,0xfa,0x00,0x00,0x00,0x00,0x00,0x00,0x00,0x00,0x00,0x00,0x00,0x00,0x23,0x33,0x10,0x00,0x00,0x00,0x00,
0x00,0x00,0x00,
/* U+628A */
0x00,0x00,0x6f,0xe0,0x00,0x00,0x00,0x00,0x00,0x00,0x00,0x00,0x00,0x00,0x00,0x00,0x00,0x6f,0xe0,0x00,0x05,0x77,0x77,0x77,
0x77,0x77,0x77,0x77,0x75,0x00,0x00,0x00,0x6f,0xe0,0x00,0x0c,0xff,0xff,0xff,0xff,0xff,0xff,0xff,0xfb,0x00,0x00,0x00,0x6f,
0xe0,0x00,0x0c,0xfe,0xcc,0xcc,0xef,0xec,0xcc,0xcd,0xfb,0x00,0x00,0x00,0x6f,0xe0,0x00,0x0c,0xf7,0x00,0x00,0x9f,0x80,0x00,
0x07,0xfb,0x00,0x04,0x44,0x8f,0xe4,0x43,0x0c,0xf7,0x00,0x00,0x9f,0x80,0x00,0x07,0xfb,0x00,0x2f,0xff,0xff,0xff,0xfc,0x0c,
0xf7,0x00,0x00,0x9f,0x80,0x00,0x07,0xfb,0x00,0x2f,0xff,0xff,0xff,0xfb,0x0c,0xf7,0x00,0x00,0x9f,0x80,0x00,0x07,0xfb,0x00,
0x00,0x00,0x6f,0xe0,0x00,0x0c,0xf7,0x00,0x00,0x9f,0x80,0x00,0x07,0xfb,0x00,0x00,0x00,0x6f,0xe0,0x00,0x0c,0xf7,0x00,0x00,
0x9f,0x80,0x00,0x07,0xfb,0x00,0x00,0x00,0x6f,0xe0,0x00,0x0c,0xf7,0x00,0x00,0x9f,0x80,0x00,0x07,0xfb,0x00,0x00,0x00,0x6f,
0xe0,0x00,0x0c,0xf7,0x00,0x00,0x9f,0x80,0x00,0x07,0xfb,0x00,0x00,0x00,0x6f,0xe0,0x00,0x0c,0xf9,0x22,0x22,0xaf,0x92,0x22,
0x28,0xfb,0x00,0x00,0x00,0x6f,0xe1,0x8a,0x0c,0xff,0xff,0xff,0xff,0xff,0xff,0xff,0xfb,0x00,0x00,0x00,0x6f,0xfe,0xfb,0x0c,
0xff,0xff,0xff,0xff,0xff,0xff,0xff,0xfb,0x00,0x00,0x05,0xcf,0xff,0xb3,0x0c,0xf7,0x00,0x00,0x00,0x00,0x00,0x00,0x00,0x00,
0x3a,0xff,0xff,0xf4,0x00,0x0c,0xf7,0x00,0x00,0x00,0x00,0x00,0x00,0x00,0x00,0x5f,0xff,0xdf,0xe0,0x00,0x0c,0xf7,0x00,0x00,
0x00,0x00,0x00,0x00,0x00,0x00,0x1b,0x50,0x6f,0xe0,0x00,0x0c,0xf7,0x00,0x00,0x00,0x00,0x00,0x00,0x00,0x00,0x00,0x00,0x6f,
0xe0,0x00,0x0c,0xf7,0x00,0x00,0x00,0x00,0x00,0x00,0x00,0x00,0x00,0x00,0x6f,0xe0,0x00,0x0c,0xf7,0x00,0x00,0x00,0x00,0x00,
0x00,0x01,0x00,0x00,0x00,0x6f,0xe0,0x00,0x0c,0xf7,0x00,0x00,0x00,0x00,0x00,0x00,0x09,0xe6,0x00,0x00,0x6f,0xe0,0x00,0x0c,
0xf7,0x00,0x00,0x00,0x00,0x00,0x00,0x0b,0xf7,0x00,0x00,0x6f,0xe0,0x00,0x0c,0xf7,0x00,0x00,0x00,0x00,0x00,0x00,0x0d,0xf5,
0x00,0x00,0x6f,0xe0,0x00,0x0c,0xf7,0x00,0x00,0x00,0x00,0x00,0x00,0x1f,0xf3,0x00,0x00,0x6f,0xe0,0x00,0x0c,0xfb,0x00,0x00,
0x00,0x00,0x00,0x00,0x9f,0xf0,0x02,0x11,0xbf,0xd0,0x00,0x08,0xff,0xec,0xcc,0xcc,0xcc,0xcc,0xce,0xff,0x80,0x0d,0xff,0xff,
0x80,0x00,0x02,0xef,0xff,0xff,0xff,0xff,0xff,0xff,0xfb,0x00,0x0a,0xff,0xfa,0x20,0x00,0x00,0x03,0x66,0x66,0x66,0x66,0x66,
0x65,0x10,0x00,0x00,0x11,0x00,0x00,0x00,0x00,0x00,0x00,0x00,0x00,0x00,0x00,0x00,0x00,0x00,
/* U+62C5 */
0x00,0x00,0x00,0x10,0x00,0x00,0x00,0x00,0x00,0x00,0x00,0x00,0x00,0x00,0x00,0x00,0x00,0x0a,0xf9,0x00,0x00,0x00,0x00,0x00,
0x00,0x00,0x00,0x00,0x00,0x00,0x00,0x00,0x0a,0xf9,0x00,0x00,0x00,0x00,0x00,0x00,0x00,0x00,0x00,0x00,0x00,0x00,0x00,0x0a,
0xf9,0x00,0x00,0x08,0xee,0xee,0xee,0xee,0xee,0xee,0xe5,0x00,0x00,0x00,0x0a,0xf9,0x00,0x00,0x09,0xff,0xff,0xff,0xff,0xff,
0xff,0xf5,0x00,0x00,0x00,0x0a,0xf9,0x00,0x00,0x09,0xfb,0x22,0x22,0x22,0x22,0x2e,0xf5,0x00,0x05,0x55,0x5b,0xfb,0x55,0x53,
0x09,0xfa,0x00,0x00,0x00,0x00,0x0d,0xf5,0x00,0x1f,0xff,0xff,0xff,0xff,0xf9,0x09,0xfa,0x00,0x00,0x00,0x00,0x0d,0xf5,0x00,
0x1e,0xee,0xef,0xff,0xee,0xe8,0x09,0xfa,0x00,0x00,0x00,0x00,0x0d,0xf5,0x00,0x00,0x00,0x0a,0xf9,0x00,0x00,0x09,0xfa,0x00,
0x00,0x00,0x00,0x0d,0xf5,0x00,0x00,0x00,0x0a,0xf9,0x00,0x00,0x09,0xfa,0x00,0x00,0x00,0x00,0x0d,0xf5,0x00,0x00,0x00,0x0a,
0xf9,0x00,0x00,0x09,0xfb,0x33,0x33,0x33,0x33,0x3e,0xf5,0x00,0x00,0x00,0x0a,0xf9,0x00,0x00,0x09,0xff,0xff,0xff,0xff,0xff,
0xff,0xf5,0x00,0x00,0x00,0x0a,0xf9,0x00,0x01,0x09,0xff,0xdd,0xdd,0xdd,0xdd,0xdf,0xf5,0x00,0x00,0x00,0x0a,0xf9,0x03,0xbc,
0x09,0xfa,0x00,0x00,0x00,0x00,0x0d,0xf5,0x00,0x00,0x00,0x0a,0xfc,0xcf,0xfc,0x09,0xfa,0x00,0x00,0x00,0x00,0x0d,0xf5,0x00,
0x00,0x00,0x3c,0xff,0xff,0x81,0x09,0xfa,0x00,0x00,0x00,0x00,0x0d,0xf5,0x00,0x15,0xae,0xff,0xfe,0x70,0x00,0x09,0xfa,0x00,
0x00,0x00,0x00,0x0d,0xf5,0x00,0x8f,0xff,0xfe,0xf9,0x00,0x00,0x09,0xfa,0x00,0x00,0x00,0x00,0x0d,0xf5,0x00,0x5f,0xa5,0x0a,
0xf9,0x00,0x00,0x09,0xfa,0x00,0x00,0x00,0x00,0x0d,0xf5,0x00,0x00,0x00,0x0a,0xf9,0x00,0x00,0x09,0xfd,0x99,0x99,0x99,0x99,
0x9f,0xf5,0x00,0x00,0x00,0x0a,0xf9,0x00,0x00,0x09,0xff,0xff,0xff,0xff,0xff,0xff,0xf5,0x00,0x00,0x00,0x0a,0xf9,0x00,0x00,
0x04,0x77,0x77,0x77,0x77,0x77,0x77,0x72,0x00,0x00,0x00,0x0a,0xf9,0x00,0x00,0x00,0x00,0x00,0x00,0x00,0x00,0x00,0x00,0x00,
0x00,0x00,0x0a,0xf9,0x00,0x00,0x00,0x00,0x00,0x00,0x00,0x00,0x00,0x00,0x00,0x00,0x00,0x0a,0xf9,0x00,0x00,0x00,0x00,0x00,
0x00,0x00,0x00,0x00,0x00,0x00,0x00,0x00,0x0c,0xf8,0x00,0x46,0x66,0x66,0x66,0x66,0x66,0x66,0x66,0x66,0x64,0x05,0x65,0x8f,
0xf5,0x00,0xaf,0xff,0xff,0xff,0xff,0xff,0xff,0xff,0xff,0xf9,0x09,0xff,0xff,0xf0,0x00,0x7c,0xcc,0xcc,0xcc,0xcc,0xcc,0xcc,
0xcc,0xcc,0xc7,0x04,0xbb,0xb7,0x10,0x00,0x00,0x00,0x00,0x00,0x00,0x00,0x00,0x00,0x00,0x00,
/* U+62D2 */
0x00,0x00,0x0c,0xf7,0x00,0x00,0x00,0x00,0x00,0x00,0x00,0x00,0x00,0x00,0x00,0x00,0x00,0x0c,0xf7,0x00,0x00,0x2d,0xdd,0xdd,
0xdd,0xdd,0xdd,0xdd,0xdd,0xc0,0x00,0x00,0x0c,0xf7,0x00,0x00,0x2f,0xff,0xff,0xff,0xff,0xff,0xff,0xff,0xe0,0x00,0x00,0x0c,
0xf7,0x00,0x00,0x2f,0xf7,0x66,0x66,0x66,0x66,0x66,0x66,0x50,0x00,0x00,0x0c,0xf7,0x00,0x00,0x2f,0xf2,0x00,0x00,0x00,0x00,
0x00,0x00,0x00,0x04,0x44,0x4d,0xf9,0x44,0x41,0x2f,0xf2,0x00,0x00,0x00,0x00,0x00,0x00,0x00,0x3f,0xff,0xff,0xff,0xff,0xf5,
0x2f,0xf2,0x00,0x00,0x00,0x00,0x00,0x00,0x00,0x3f,0xff,0xff,0xff,0xff,0xf5,0x2f,0xf2,0x00,0x00,0x00,0x00,0x00,0x00,0x00,
0x00,0x00,0x0c,0xf7,0x00,0x00,0x2f,0xf6,0x44,0x44,0x44,0x44,0x44,0x42,0x00,0x00,0x00,0x0c,0xf7,0x00,0x00,0x2f,0xff,0xff,
0xff,0xff,0xff,0xff,0xf9,0x00,0x00,0x00,0x0c,0xf7,0x00,0x00,0x2f,0xfd,0xdd,0xdd,0xdd,0xdd,0xdf,0xf9,0x00,0x00,0x00,0x0c,
0xf7,0x00,0x00,0x2f,0xf2,0x00,0x00,0x00,0x00,0x0a,0xf9,0x00,0x00,0x00,0x0c,0xf7,0x00,0x01,0x2f,0xf2,0x00,0x00,0x00,0x00,
0x0a,0xf9,0x00,0x00,0x00,0x0c,0xf7,0x06,0xe6,0x2f,0xf2,0x00,0x00,0x00,0x00,0x0a,0xf9,0x00,0x00,0x00,0x0c,0xfc,0xef,0xf6,
0x2f,0xf2,0x00,0x00,0x00,0x00,0x0a,0xf9,0x00,0x00,0x01,0x6e,0xff,0xfd,0x60,0x2f,0xf2,0x00,0x00,0x00,0x00,0x0a,0xf9,0x00,
0x38,0xdf,0xff,0xfd,0x50,0x00,0x2f,0xf2,0x00,0x00,0x00,0x00,0x0a,0xf9,0x00,0x9f,0xff,0xee,0xf7,0x00,0x00,0x2f,0xf8,0x77,
0x77,0x77,0x77,0x7c,0xf9,0x00,0x5e,0x94,0x0c,0xf7,0x00,0x00,0x2f,0xff,0xff,0xff,0xff,0xff,0xff,0xf9,0x00,0x00,0x00,0x0c,
0xf7,0x00,0x00,0x2f,0xfc,0xbb,0xbb,0xbb,0xbb,0xbb,0xb6,0x00,0x00,0x00,0x0c,0xf7,0x00,0x00,0x2f,0xf2,0x00,0x00,0x00,0x00,
0x00,0x00,0x00,0x00,0x00,0x0c,0xf7,0x00,0x00,0x2f,0xf2,0x00,0x00,0x00,0x00,0x00,0x00,0x00,0x00,0x00,0x0c,0xf7,0x00,0x00,
0x2f,0xf2,0x00,0x00,0x00,0x00,0x00,0x00,0x00,0x00,0x00,0x0c,0xf7,0x00,0x00,0x2f,0xf2,0x00,0x00,0x00,0x00,0x00,0x00,0x00,
0x00,0x00,0x0c,0xf7,0x00,0x00,0x2f,0xf2,0x00,0x00,0x00,0x00,0x00,0x00,0x00,0x00,0x00,0x0c,0xf7,0x00,0x00,0x2f,0xf2,0x00,
0x00,0x00,0x00,0x00,0x00,0x00,0x02,0x21,0x2e,0xf6,0x00,0x00,0x2f,0xff,0xff,0xff,0xff,0xff,0xff,0xff,0xf7,0x07,0xff,0xff,
0xf1,0x00,0x00,0x2f,0xff,0xff,0xff,0xff,0xff,0xff,0xff,0xf7,0x03,0xff,0xfc,0x60,0x00,0x00,0x03,0x33,0x33,0x33,0x33,0x33,
0x33,0x33,0x31,
/* U+62E9 */
0x00,0x00,0x5f,0xf0,0x00,0x00,0x00,0x00,0x00,0x00,0x00,0x00,0x00,0x00,0x00,0x00,0x00,0x5f,0xf0,0x00,0x00,0xad,0xdd,0xdd,
0xdd,0xdd,0xdd,0xdd,0xd5,0x00,0x00,0x00,0x5f,0xf0,0x00,0x00,0xcf,0xff,0xff,0xff,0xff,0xff,0xff,0xf6,0x00,0x00,0x00,0x5f,
0xf0,0x00,0x00,0x23,0xff,0x73,0x33,0x33,0x33,0x7f,0xf2,0x00,0x00,0x00,0x5f,0xf0,0x00,0x00,0x00,0x8f,0xd0,0x00,0x00,0x01,
0xef,0x90,0x00,0x00,0x00,0x5f,0xf0,0x00,0x00,0x00,0x0e,0xf7,0x00,0x00,0x0b,0xfe,0x10,0x00,0x3f,0xff,0xff,0xff,0xff,0x90,
0x00,0x06,0xff,0x60,0x00,0xaf,0xf5,0x00,0x00,0x3f,0xff,0xff,0xff,0xff,0x90,0x00,0x00,0x8f,0xf7,0x2d,0xff,0x50,0x00,0x00,
0x03,0x33,0x7f,0xf3,0x33,0x20,0x00,0x00,0x09,0xff,0xff,0xf5,0x00,0x00,0x00,0x00,0x00,0x5f,0xf0,0x00,0x00,0x00,0x00,0x17,
0xff,0xff,0xc3,0x00,0x00,0x00,0x00,0x00,0x5f,0xf0,0x00,0x00,0x00,0x4a,0xff,0xff,0xdf,0xff,0xd8,0x41,0x00,0x00,0x00,0x5f,
0xf0,0x00,0x06,0xbf,0xff,0xfd,0x60,0x03,0xaf,0xff,0xff,0xe7,0x00,0x00,0x5f,0xf0,0x00,0x07,0xff,0xe9,0x40,0x00,0x00,0x01,
0x7a,0xef,0xf5,0x00,0x00,0x5f,0xf0,0x17,0x90,0x73,0x00,0x00,0x0c,0xe5,0x00,0x00,0x01,0x50,0x00,0x00,0x5f,0xf9,0xff,0xa0,
0x00,0x00,0x00,0x0d,0xf6,0x00,0x00,0x00,0x00,0x00,0x02,0x9f,0xff,0xfd,0x50,0x01,0x11,0x11,0x1d,0xf7,0x11,0x11,0x10,0x00,
0x39,0xdf,0xff,0xfb,0x40,0x00,0x3f,0xff,0xff,0xff,0xff,0xff,0xff,0xfb,0x00,0x9f,0xff,0xff,0xf0,0x00,0x00,0x3f,0xff,0xff,
0xff,0xff,0xff,0xff,0xfb,0x00,0x5d,0x83,0x5f,0xf0,0x00,0x00,0x00,0x00,0x00,0x0d,0xf6,0x00,0x00,0x00,0x00,0x00,0x00,0x5f,
0xf0,0x00,0x00,0x00,0x00,0x00,0x0d,0xf6,0x00,0x00,0x00,0x00,0x00,0x00,0x5f,0xf0,0x00,0x00,0x00,0x00,0x00,0x0d,0xf6,0x00,
0x00,0x00,0x00,0x00,0x00,0x5f,0xf0,0x00,0x04,0x55,0x55,0x55,0x5e,0xf9,0x55,0x55,0x55,0x51,0x00,0x00,0x5f,0xf0,0x00,0x0d,
0xff,0xff,0xff,0xff,0xff,0xff,0xff,0xff,0xf5,0x00,0x00,0x5f,0xf0,0x00,0x0b,0xdd,0xdd,0xdd,0xdf,0xfe,0xdd,0xdd,0xdd,0xd4,
0x00,0x00,0x5f,0xf0,0x00,0x00,0x00,0x00,0x00,0x0d,0xf6,0x00,0x00,0x00,0x00,0x00,0x00,0x6f,0xf0,0x00,0x00,0x00,0x00,0x00,
0x0d,0xf6,0x00,0x00,0x00,0x00,0x04,0x34,0xcf,0xe0,0x00,0x00,0x00,0x00,0x00,0x0d,0xf6,0x00,0x00,0x00,0x00,0x0e,0xff,0xff,
0x80,0x00,0x00,0x00,0x00,0x00,0x0d,0xf6,0x00,0x00,0x00,0x00,0x0a,0xee,0xc7,0x10,0x00,0x00,0x00,0x00,0x00,0x0b,0xe5,0x00,
0x00,0x00,0x00,
/* U+6309 */
0x00,0x00,0x00,0x00,0x00,0x00,0x00,0x00,0x00,0x34,0x00,0x00,0x00,0x00,0x00,0x00,0x00,0x8f,0xd0,0x00,0x00,0x00,0x00,0x06,
0xff,0x10,0x00,0x00,0x00,0x00,0x00,0x00,0x8f,0xd0,0x00,0x00,0x00,0x00,0x00,0xff,0x60,0x00,0x00,0x00,0x00,0x00,0x00,0x8f,
0xd0,0x00,0x00,0x00,0x00,0x00,0x9f,0xc0,0x00,0x00,0x00,0x00,0x00,0x00,0x8f,0xd0,0x00,0x04,0x77,0x77,0x77,0xaf,0xf8,0x77,
0x77,0x77,0x40,0x00,0x00,0x8f,0xd0,0x00,0x08,0xff,0xff,0xff,0xff,0xff,0xff,0xff,0xff,0x90,0x00,0x00,0x8f,0xd0,0x00,0x08,
0xfd,0x99,0x99,0x99,0x99,0x99,0x99,0xdf,0x90,0x4f,0xff,0xff,0xff,0xfd,0x08,0xf9,0x00,0x00,0x00,0x00,0x00,0x00,0x9f,0x90,
0x4f,0xff,0xff,0xff,0xfd,0x08,0xf9,0x00,0x03,0x42,0x00,0x00,0x00,0x9f,0x90,0x03,0x33,0xaf,0xd3,0x32,0x08,0xf9,0x00,0x0d,
0xf7,0x00,0x00,0x00,0x9f,0x90,0x00,0x00,0x8f,0xd0,0x00,0x08,0xe9,0x00,0x2f,0xf2,0x00,0x00,0x00,0x7c,0x70,0x00,0x00,0x8f,
0xd0,0x00,0x00,0x00,0x00,0x6f,0xe0,0x00,0x00,0x00,0x00,0x00,0x00,0x00,0x8f,0xd0,0x00,0x00,0x00,0x00,0xbf,0x90,0x00,0x00,
0x00,0x00,0x00,0x00,0x00,0x8f,0xd0,0x00,0x13,0x33,0x34,0xff,0x83,0x33,0x33,0x33,0x33,0x32,0x00,0x00,0x8f,0xd0,0x38,0x5f,
0xff,0xff,0xff,0xff,0xff,0xff,0xff,0xff,0xf9,0x00,0x00,0x8f,0xeb,0xfd,0x4f,0xff,0xff,0xff,0xff,0xff,0xff,0xff,0xff,0xf9,
0x00,0x02,0xbf,0xff,0xf9,0x00,0x00,0x1f,0xf4,0x00,0x00,0x09,0xfa,0x00,0x00,0x49,0xdf,0xff,0xf9,0x20,0x00,0x00,0x8f,0xc0,
0x00,0x00,0x0e,0xf5,0x00,0x00,0xbf,0xff,0xff,0xd0,0x00,0x00,0x00,0xff,0x50,0x00,0x00,0x3f,0xf1,0x00,0x00,0x7d,0x82,0x8f,
0xd0,0x00,0x00,0x07,0xfe,0x00,0x00,0x00,0x8f,0xc0,0x00,0x00,0x00,0x00,0x8f,0xd0,0x00,0x00,0x0e,0xfd,0x30,0x00,0x02,0xff,
0x70,0x00,0x00,0x00,0x00,0x8f,0xd0,0x00,0x00,0x06,0xef,0xfa,0x20,0x0b,0xfd,0x00,0x00,0x00,0x00,0x00,0x8f,0xd0,0x00,0x00,
0x00,0x08,0xff,0xfa,0x7f,0xf5,0x00,0x00,0x00,0x00,0x00,0x8f,0xd0,0x00,0x00,0x00,0x00,0x19,0xff,0xff,0xb0,0x00,0x00,0x00,
0x00,0x00,0x8f,0xd0,0x00,0x00,0x00,0x00,0x01,0xaf,0xff,0xe6,0x00,0x00,0x00,0x00,0x00,0x8f,0xd0,0x00,0x00,0x00,0x00,0x7e,
0xff,0xde,0xff,0xd4,0x00,0x00,0x00,0x00,0x8f,0xd0,0x00,0x00,0x02,0x7e,0xff,0xfa,0x00,0x8f,0xff,0xa1,0x00,0x04,0x34,0xdf,
0xb0,0x00,0x38,0xdf,0xff,0xfc,0x40,0x00,0x02,0xcf,0xfe,0x60,0x0e,0xff,0xff,0x60,0x09,0xff,0xff,0xfa,0x40,0x00,0x00,0x00,
0x06,0xff,0xf7,0x0a,0xee,0xc6,0x00,0x03,0xfe,0xa6,0x10,0x00,0x00,0x00,0x00,0x00,0x2c,0xc0,0x00,0x00,0x00,0x00,0x00,0x30,
0x00,0x00,0x00,0x00,0x00,0x00,0x00,0x00,0x00,
/* U+6362 */
0x00,0x00,0x01,0x10,0x00,0x00,0x00,0x00,0x14,0x20,0x00,0x00,0x00,0x00,0x00,0x00,0x00,0x7f,0xc0,0x00,0x00,0x00,0x00,0xaf,
0xd0,0x00,0x00,0x00,0x00,0x00,0x00,0x00,0x7f,0xc0,0x00,0x00,0x00,0x03,0xff,0x60,0x00,0x00,0x00,0x00,0x00,0x00,0x00,0x7f,
0xc0,0x00,0x00,0x00,0x0c,0xff,0xcb,0xbb,0xbb,0xa0,0x00,0x00,0x00,0x00,0x7f,0xc0,0x00,0x00,0x00,0x6f,0xff,0xff,0xff,0xff,
0xe0,0x00,0x00,0x00,0x00,0x7f,0xc0,0x00,0x00,0x05,0xff,0xa3,0x33,0x33,0xdf,0x90,0x00,0x00,0x14,0x44,0xaf,0xd4,0x44,0x00,
0x7f,0xfc,0x00,0x00,0x05,0xff,0x10,0x00,0x00,0x4f,0xff,0xff,0xff,0xff,0x19,0xff,0xd1,0x00,0x00,0x0e,0xf7,0x00,0x00,0x00,
0x4f,0xff,0xff,0xff,0xff,0x8f,0xfb,0x10,0x00,0x00,0x8f,0xc0,0x00,0x00,0x00,0x00,0x00,0x7f,0xc0,0x00,0x0d,0xb5,0x44,0x44,
0x46,0xff,0x74,0x44,0x43,0x00,0x00,0x00,0x7f,0xc0,0x00,0x00,0x9f,0xff,0xff,0xff,0xff,0xff,0xff,0xfb,0x00,0x00,0x00,0x7f,
0xc0,0x00,0x00,0x9f,0xdb,0xbb,0xbf,0xfb,0xbb,0xbc,0xfb,0x00,0x00,0x00,0x7f,0xc0,0x00,0x00,0x9f,0x70,0x00,0x2f,0xf0,0x00,
0x05,0xfb,0x00,0x00,0x00,0x7f,0xc0,0x00,0x00,0x9f,0x70,0x00,0x3f,0xe0,0x00,0x05,0xfb,0x00,0x00,0x00,0x7f,0xc0,0x6d,0x30,
0x9f,0x70,0x00,0x4f,0xd0,0x00,0x05,0xfb,0x00,0x00,0x00,0x7f,0xed,0xff,0x30,0x9f,0x70,0x00,0x5f,0xc0,0x00,0x05,0xfb,0x00,
0x00,0x04,0xcf,0xff,0xe6,0x00,0x9f,0x70,0x00,0x7f,0xa0,0x00,0x05,0xfb,0x00,0x5a,0xff,0xff,0xf6,0x00,0x00,0x9f,0x70,0x00,
0xaf,0x80,0x00,0x05,0xfb,0x00,0xbf,0xff,0xef,0xc0,0x00,0x89,0xdf,0xc9,0x99,0xef,0xc9,0x99,0x9b,0xfe,0x97,0x7c,0x61,0x7f,
0xc0,0x00,0xdf,0xff,0xff,0xff,0xff,0xff,0xff,0xff,0xff,0xfb,0x00,0x00,0x7f,0xc0,0x00,0x68,0x88,0x88,0x8c,0xff,0xfe,0x88,
0x88,0x88,0x85,0x00,0x00,0x7f,0xc0,0x00,0x00,0x00,0x00,0x0e,0xf8,0xef,0x60,0x00,0x00,0x00,0x00,0x00,0x7f,0xc0,0x00,0x00,
0x00,0x00,0x8f,0xf1,0x5f,0xf3,0x00,0x00,0x00,0x00,0x00,0x7f,0xc0,0x00,0x00,0x00,0x04,0xff,0x80,0x0c,0xfe,0x10,0x00,0x00,
0x00,0x00,0x7f,0xc0,0x00,0x00,0x00,0x3f,0xfb,0x00,0x01,0xef,0xb0,0x00,0x00,0x00,0x00,0x7f,0xc0,0x00,0x00,0x05,0xff,0xe1,
0x00,0x00,0x3f,0xfc,0x20,0x00,0x00,0x00,0x8f,0xc0,0x00,0x00,0x9f,0xfd,0x20,0x00,0x00,0x05,0xff,0xf7,0x00,0x05,0x35,0xef,
0xa0,0x00,0x5e,0xff,0xc1,0x00,0x00,0x00,0x00,0x3e,0xff,0xc2,0x0f,0xff,0xff,0x50,0x09,0xff,0xf8,0x00,0x00,0x00,0x00,0x00,
0x02,0xcf,0xfb,0x0a,0xdd,0xa5,0x00,0x01,0xec,0x20,0x00,0x00,0x00,0x00,0x00,0x00,0x07,0xf3,0x00,0x00,0x00,0x00,0x00,0x10,
0x00,0x00,0x00,0x00,0x00,0x00,0x00,0x00,0x10,
/* U+6539 */
0x00,0x00,0x00,0x00,0x00,0x00,0x00,0x00,0x01,0x00,0x00,0x00,0x00,0x00,0x00,0x00,0x00,0x00,0x00,0x00,0x00,0x00,0x00,0x0c,
0xf7,0x00,0x00,0x00,0x00,0x00,0x00,0x00,0x00,0x00,0x00,0x00,0x00,0x00,0x0f,0xf5,0x00,0x00,0x00,0x00,0x00,0x2d,0xdd,0xdd,
0xdd,0xdd,0xdb,0x00,0x00,0x2f,0xf2,0x00,0x00,0x00,0x00,0x00,0x2f,0xff,0xff,0xff,0xff,0xfd,0x00,0x00,0x5f,0xe0,0x00,0x00,
0x00,0x00,0x00,0x05,0x55,0x55,0x55,0x59,0xfd,0x00,0x00,0x9f,0xd6,0x66,0x66,0x66,0x66,0x60,0x00,0x00,0x00,0x00,0x06,0xfd,
0x00,0x00,0xef,0xff,0xff,0xff,0xff,0xff,0xe0,0x00,0x00,0x00,0x00,0x06,0xfd,0x00,0x02,0xff,0xcc,0xcc,0xcc,0xff,0xec,0xb0,
0x00,0x00,0x00,0x00,0x06,0xfd,0x00,0x08,0xfd,0x00,0x00,0x00,0xdf,0x50,0x00,0x00,0x00,0x00,0x00,0x06,0xfd,0x00,0x0e,0xf7,
0x00,0x00,0x00,0xff,0x40,0x00,0x00,0x00,0x00,0x00,0x06,0xfd,0x00,0x5f,0xf7,0x00,0x00,0x01,0xff,0x30,0x00,0x00,0x00,0x00,
0x00,0x06,0xfd,0x00,0xcf,0xfd,0x00,0x00,0x03,0xff,0x20,0x00,0x00,0x01,0x11,0x11,0x17,0xfd,0x06,0xff,0xff,0x20,0x00,0x05,
0xff,0x00,0x00,0x00,0x9f,0xff,0xff,0xff,0xfd,0x1e,0xf9,0x9f,0x80,0x00,0x07,0xfc,0x00,0x00,0x00,0x9f,0xff,0xff,0xff,0xfd,
0x2f,0xe0,0x3f,0xd0,0x00,0x0a,0xf9,0x00,0x00,0x00,0x9f,0xa0,0x00,0x00,0x00,0x04,0x40,0x0d,0xf4,0x00,0x1f,0xf5,0x00,0x00,
0x00,0x9f,0xa0,0x00,0x00,0x00,0x00,0x00,0x07,0xfc,0x00,0x6f,0xf0,0x00,0x00,0x00,0x9f,0xa0,0x00,0x00,0x00,0x00,0x00,0x01,
0xff,0x40,0xcf,0xa0,0x00,0x00,0x00,0x9f,0xa0,0x00,0x00,0x00,0x00,0x00,0x00,0x9f,0xc2,0xff,0x50,0x00,0x00,0x00,0x9f,0xa0,
0x00,0x00,0x00,0x00,0x00,0x00,0x1f,0xfc,0xfd,0x00,0x00,0x00,0x00,0x9f,0xa0,0x00,0x00,0x00,0x00,0x00,0x00,0x08,0xff,0xf5,
0x00,0x00,0x00,0x00,0x9f,0xa0,0x00,0x00,0x00,0x00,0x00,0x00,0x01,0xff,0xd0,0x00,0x00,0x00,0x00,0x9f,0xa0,0x00,0x00,0x18,
0xe0,0x00,0x00,0x0b,0xff,0xf6,0x00,0x00,0x00,0x00,0x9f,0xa0,0x00,0x4a,0xff,0xf3,0x00,0x00,0xaf,0xfe,0xff,0x40,0x00,0x00,
0x00,0x9f,0xa0,0x6d,0xff,0xfc,0x50,0x00,0x0a,0xff,0x80,0xdf,0xf3,0x00,0x00,0x00,0xbf,0xef,0xff,0xfa,0x30,0x00,0x01,0xaf,
0xf7,0x00,0x1e,0xfe,0x30,0x00,0x04,0xff,0xff,0xd8,0x10,0x00,0x00,0x7f,0xff,0x70,0x00,0x02,0xef,0xf7,0x00,0x01,0xfe,0x93,
0x00,0x00,0x00,0x4d,0xff,0xf6,0x00,0x00,0x00,0x3e,0xff,0xb1,0x00,0x40,0x00,0x00,0x00,0x03,0xff,0xfa,0x10,0x00,0x00,0x00,
0x01,0xbf,0xfb,0x00,0x00,0x00,0x00,0x00,0x00,0x8d,0x30,0x00,0x00,0x00,0x00,0x00,0x07,0xf2,0x00,0x00,0x00,0x00,0x00,0x00,
0x00,0x00,0x00,0x00,0x00,0x00,0x00,0x00,0x10,
/* U+653E */
0x00,0x00,0x00,0x30,0x00,0x00,0x00,0x00,0x00,0x20,0x00,0x00,0x00,0x00,0x00,0x00,0x00,0x0e,0xf7,0x00,0x00,0x00,0x00,0x00,
0xff,0x40,0x00,0x00,0x00,0x00,0x00,0x00,0x09,0xfd,0x00,0x00,0x00,0x00,0x03,0xff,0x20,0x00,0x00,0x00,0x00,0x00,0x00,0x02,
0xff,0x40,0x00,0x00,0x00,0x06,0xfe,0x00,0x00,0x00,0x00,0x00,0x00,0x00,0x00,0xaf,0xb0,0x00,0x00,0x00,0x0a,0xfa,0x00,0x00,
0x00,0x00,0x00,0x14,0x44,0x44,0x8f,0xf5,0x44,0x44,0x00,0x0e,0xf9,0x44,0x44,0x44,0x44,0x30,0x3f,0xff,0xff,0xff,0xff,0xff,
0xff,0x00,0x4f,0xff,0xff,0xff,0xff,0xff,0xd0,0x3e,0xee,0xff,0xee,0xee,0xee,0xee,0x00,0x9f,0xfe,0xee,0xee,0xff,0xfe,0xc0,
0x00,0x00,0xef,0x30,0x00,0x00,0x00,0x00,0xef,0x70,0x00,0x00,0xdf,0x50,0x00,0x00,0x00,0xef,0x30,0x00,0x00,0x00,0x07,0xff,
0x10,0x00,0x00,0xff,0x30,0x00,0x00,0x00,0xef,0x30,0x00,0x00,0x00,0x0e,0xfb,0x00,0x00,0x01,0xff,0x10,0x00,0x00,0x00,0xff,
0x30,0x00,0x00,0x00,0x7f,0xff,0x00,0x00,0x03,0xff,0x00,0x00,0x00,0x00,0xff,0x75,0x55,0x55,0x12,0xff,0xff,0x40,0x00,0x05,
0xfc,0x00,0x00,0x00,0x00,0xff,0xff,0xff,0xff,0x4b,0xfd,0x8f,0xa0,0x00,0x08,0xfa,0x00,0x00,0x00,0x01,0xff,0xcc,0xcc,0xff,
0x44,0xf2,0x1f,0xf0,0x00,0x0b,0xf8,0x00,0x00,0x00,0x02,0xff,0x00,0x00,0xdf,0x40,0x10,0x0b,0xf5,0x00,0x1f,0xf5,0x00,0x00,
0x00,0x03,0xfe,0x00,0x00,0xef,0x40,0x00,0x05,0xfd,0x00,0x7f,0xe0,0x00,0x00,0x00,0x05,0xfc,0x00,0x00,0xef,0x40,0x00,0x00,
0xff,0x40,0xdf,0x70,0x00,0x00,0x00,0x08,0xfb,0x00,0x00,0xef,0x40,0x00,0x00,0x8f,0xc3,0xff,0x10,0x00,0x00,0x00,0x0a,0xf9,
0x00,0x00,0xef,0x30,0x00,0x00,0x0e,0xfd,0xfa,0x00,0x00,0x00,0x00,0x0d,0xf6,0x00,0x00,0xff,0x30,0x00,0x00,0x07,0xff,0xf3,
0x00,0x00,0x00,0x00,0x0f,0xf2,0x00,0x00,0xff,0x30,0x00,0x00,0x01,0xff,0xd0,0x00,0x00,0x00,0x00,0x4f,0xf0,0x00,0x00,0xff,
0x20,0x00,0x00,0x0a,0xff,0xf6,0x00,0x00,0x00,0x00,0x9f,0xc0,0x00,0x00,0xff,0x20,0x00,0x00,0x9f,0xfe,0xff,0x40,0x00,0x00,
0x00,0xef,0x70,0x00,0x01,0xff,0x10,0x00,0x08,0xff,0xa0,0xdf,0xf2,0x00,0x00,0x04,0xff,0x10,0x00,0x02,0xff,0x00,0x00,0x9f,
0xfb,0x00,0x1e,0xfe,0x20,0x00,0x0c,0xfb,0x00,0x00,0x07,0xfe,0x00,0x3d,0xff,0xb0,0x00,0x02,0xff,0xf6,0x00,0x5f,0xf5,0x03,
0x44,0x8f,0xf9,0x08,0xff,0xfa,0x00,0x00,0x00,0x4e,0xff,0xa0,0xbf,0xc0,0x08,0xff,0xff,0xe1,0x1e,0xff,0x50,0x00,0x00,0x00,
0x01,0xcf,0xfa,0x1c,0x30,0x02,0xab,0x95,0x10,0x05,0xc2,0x00,0x00,0x00,0x00,0x00,0x08,0xf2,0x00,0x00,0x00,0x00,0x00,0x00,
0x00,0x00,0x00,0x00,0x00,0x00,0x00,0x00,0x10,
/* U+65B0 */
0x00,0x00,0x01,0x47,0x00,0x00,0x00,0x00,0x00,0x00,0x00,0x00,0x00,0x00,0x00,0x00,0x00,0x01,0xff,0x60,0x00,0x00,0x00,0x00,
0x00,0x00,0x00,0x02,0x7a,0x00,0x00,0x00,0x00,0x8f,0xd0,0x00,0x00,0x00,0x00,0x00,0x02,0x48,0xdf,0xff,0x50,0x05,0x55,0x55,
0x6f,0xf7,0x55,0x55,0x52,0x09,0xde,0xff,0xff,0xff,0xe9,0x30,0x0f,0xff,0xff,0xff,0xff,0xff,0xff,0xf6,0x0d,0xff,0xfe,0xca,
0x72,0x00,0x00,0x0c,0xcc,0xcc,0xcc,0xcc,0xcc,0xcc,0xc4,0x0d,0xf7,0x00,0x00,0x00,0x00,0x00,0x00,0x00,0x40,0x00,0x00,0x03,
0x30,0x00,0x0d,0xf6,0x00,0x00,0x00,0x00,0x00,0x00,0x2f,0xf1,0x00,0x00,0x0d,0xf6,0x00,0x0d,0xf6,0x00,0x00,0x00,0x00,0x00,
0x00,0x0d,0xf8,0x00,0x00,0x3f,0xf1,0x00,0x0d,0xf6,0x00,0x00,0x00,0x00,0x00,0x00,0x05,0xfe,0x00,0x00,0x9f,0x90,0x00,0x0d,
0xf6,0x00,0x00,0x00,0x00,0x00,0x01,0x11,0xef,0x41,0x11,0xef,0x31,0x10,0x0d,0xf6,0x00,0x00,0x00,0x00,0x00,0x5f,0xff,0xff,
0xff,0xff,0xff,0xff,0xf9,0x0d,0xff,0xff,0xff,0xff,0xff,0xfb,0x5f,0xff,0xff,0xff,0xff,0xff,0xff,0xf9,0x0d,0xff,0xff,0xff,
0xff,0xff,0xfb,0x00,0x00,0x00,0x0e,0xf6,0x00,0x00,0x00,0x0d,0xf8,0x33,0x33,0xef,0x83,0x32,0x00,0x00,0x00,0x0e,0xf6,0x00,
0x00,0x00,0x0d,0xf6,0x00,0x00,0xef,0x60,0x00,0x00,0x00,0x00,0x0e,0xf6,0x00,0x00,0x00,0x0d,0xf6,0x00,0x00,0xef,0x60,0x00,
0x05,0x66,0x66,0x6f,0xfa,0x66,0x66,0x60,0x0d,0xf6,0x00,0x00,0xef,0x60,0x00,0x0d,0xff,0xff,0xff,0xff,0xff,0xff,0xf0,0x0e,
0xf5,0x00,0x00,0xef,0x60,0x00,0x09,0xaa,0xaa,0xaf,0xfc,0xaa,0xaa,0xa0,0x0f,0xf4,0x00,0x00,0xef,0x60,0x00,0x00,0x00,0x00,
0x0e,0xf6,0x00,0x00,0x00,0x3f,0xf2,0x00,0x00,0xef,0x60,0x00,0x00,0x06,0x51,0x0e,0xf6,0x18,0x80,0x00,0x5f,0xf1,0x00,0x00,
0xef,0x60,0x00,0x00,0x0f,0xf4,0x0e,0xf6,0x1f,0xf1,0x00,0x7f,0xf0,0x00,0x00,0xef,0x60,0x00,0x00,0x5f,0xe0,0x0e,0xf6,0x0a,
0xf7,0x00,0x9f,0xb0,0x00,0x00,0xef,0x60,0x00,0x00,0xaf,0x90,0x0e,0xf6,0x04,0xfd,0x00,0xcf,0x80,0x00,0x00,0xef,0x60,0x00,
0x01,0xff,0x40,0x0e,0xf6,0x00,0xef,0x42,0xff,0x40,0x00,0x00,0xef,0x60,0x00,0x08,0xfe,0x00,0x0e,0xf6,0x00,0x8f,0xa9,0xfe,
0x00,0x00,0x00,0xef,0x60,0x00,0x1f,0xf6,0x00,0x0e,0xf6,0x00,0x26,0x2f,0xf9,0x00,0x00,0x00,0xef,0x60,0x00,0x9f,0xe0,0x00,
0x0f,0xf6,0x00,0x00,0x8f,0xf3,0x00,0x00,0x00,0xef,0x60,0x00,0x5e,0x60,0x6b,0xdf,0xf2,0x00,0x00,0xbf,0xa0,0x00,0x00,0x00,
0xef,0x60,0x00,0x01,0x00,0x4f,0xff,0xa0,0x00,0x00,0x1c,0x10,0x00,0x00,0x00,0xef,0x60,0x00,0x00,0x00,0x05,0x41,0x00,0x00,
0x00,0x00,0x00,0x00,0x00,0x00,0x44,0x10,0x00,
/* U+65B9 */
0x00,0x00,0x00,0x00,0x00,0x00,0x01,0x00,0x00,0x00,0x00,0x00,0x00,0x00,0x00,0x00,0x00,0x00,0x00,0x00,0x3d,0xf2,0x00,0x00,
0x00,0x00,0x00,0x00,0x00,0x00,0x00,0x00,0x00,0x00,0x00,0xdf,0xb0,0x00,0x00,0x00,0x00,0x00,0x00,0x00,0x00,0x00,0x00,0x00,
0x00,0x05,0xff,0x40,0x00,0x00,0x00,0x00,0x00,0x00,0x00,0x00,0x00,0x00,0x00,0x00,0x0c,0xfb,0x00,0x00,0x00,0x00,0x00,0x00,
0x06,0x66,0x66,0x66,0x66,0x66,0x66,0x9f,0xf7,0x66,0x66,0x66,0x66,0x66,0x61,0xef,0xff,0xff,0xff,0xff,0xff,0xff,0xff,0xff,
0xff,0xff,0xff,0xff,0xff,0x2b,0xcc,0xcc,0xcc,0xcc,0xff,0xdc,0xcc,0xcc,0xcc,0xcc,0xcc,0xcc,0xcc,0xc2,0x00,0x00,0x00,0x00,
0x0f,0xf4,0x00,0x00,0x00,0x00,0x00,0x00,0x00,0x00,0x00,0x00,0x00,0x00,0x00,0xff,0x30,0x00,0x00,0x00,0x00,0x00,0x00,0x00,
0x00,0x00,0x00,0x00,0x00,0x1f,0xf2,0x00,0x00,0x00,0x00,0x00,0x00,0x00,0x00,0x00,0x00,0x00,0x00,0x02,0xff,0x10,0x00,0x00,
0x00,0x00,0x00,0x00,0x00,0x00,0x00,0x00,0x00,0x00,0x3f,0xf1,0x00,0x00,0x00,0x00,0x00,0x00,0x00,0x00,0x00,0x00,0x00,0x00,
0x05,0xff,0x77,0x77,0x77,0x77,0x77,0x77,0x72,0x00,0x00,0x00,0x00,0x00,0x00,0x7f,0xff,0xff,0xff,0xff,0xff,0xff,0xff,0x40,
0x00,0x00,0x00,0x00,0x00,0x09,0xfe,0xbb,0xbb,0xbb,0xbb,0xbb,0xbf,0xf4,0x00,0x00,0x00,0x00,0x00,0x00,0xbf,0x90,0x00,0x00,
0x00,0x00,0x00,0xff,0x30,0x00,0x00,0x00,0x00,0x00,0x0f,0xf5,0x00,0x00,0x00,0x00,0x00,0x1f,0xf3,0x00,0x00,0x00,0x00,0x00,
0x05,0xff,0x10,0x00,0x00,0x00,0x00,0x01,0xff,0x30,0x00,0x00,0x00,0x00,0x00,0xaf,0xd0,0x00,0x00,0x00,0x00,0x00,0x1f,0xf2,
0x00,0x00,0x00,0x00,0x00,0x0f,0xf6,0x00,0x00,0x00,0x00,0x00,0x02,0xff,0x10,0x00,0x00,0x00,0x00,0x07,0xfe,0x00,0x00,0x00,
0x00,0x00,0x00,0x2f,0xf0,0x00,0x00,0x00,0x00,0x01,0xff,0x80,0x00,0x00,0x00,0x00,0x00,0x03,0xff,0x00,0x00,0x00,0x00,0x00,
0xcf,0xd0,0x00,0x00,0x00,0x00,0x00,0x00,0x4f,0xe0,0x00,0x00,0x00,0x00,0x9f,0xf3,0x00,0x00,0x00,0x00,0x00,0x00,0x06,0xfc,
0x00,0x00,0x00,0x00,0x7f,0xf7,0x00,0x00,0x00,0x00,0x00,0x00,0x00,0xaf,0x90,0x00,0x00,0x00,0x6f,0xfb,0x00,0x00,0x00,0x00,
0x00,0x00,0x00,0x2f,0xf4,0x00,0x00,0x00,0x8f,0xfb,0x00,0x00,0x00,0x00,0x01,0x32,0x22,0x5e,0xfd,0x00,0x00,0x00,0x8f,0xfb,
0x00,0x00,0x00,0x00,0x00,0x4f,0xff,0xff,0xff,0x30,0x00,0x00,0x01,0xda,0x00,0x00,0x00,0x00,0x00,0x00,0xde,0xef,0xda,0x20,
0x00,0x00,0x00,0x01,0x00,0x00,0x00,0x00,0x00,0x00,0x00,0x00,0x00,0x00,0x00,0x00,0x00,0x00,
/* U+65E0 */
0x00,0x04,0x66,0x66,0x66,0x66,0x66,0x66,0x66,0x66,0x66,0x66,0x66,0x10,0x00,0x00,0x0b,0xff,0xff,0xff,0xff,0xff,0xff,0xff,
0xff,0xff,0xff,0xff,0x30,0x00,0x00,0x09,0xdd,0xdd,0xdd,0xdd,0xef,0xfd,0xdd,0xdd,0xdd,0xdd,0xdd,0x30,0x00,0x00,0x00,0x00,
0x00,0x00,0x00,0x8f,0xc0,0x00,0x00,0x00,0x00,0x00,0x00,0x00,0x00,0x00,0x00,0x00,0x00,0x00,0x8f,0xc0,0x00,0x00,0x00,0x00,
0x00,0x00,0x00,0x00,0x00,0x00,0x00,0x00,0x00,0x9f,0xb0,0x00,0x00,0x00,0x00,0x00,0x00,0x00,0x00,0x00,0x00,0x00,0x00,0x00,
0xaf,0xa0,0x00,0x00,0x00,0x00,0x00,0x00,0x00,0x00,0x00,0x00,0x00,0x00,0x00,0xbf,0x90,0x00,0x00,0x00,0x00,0x00,0x00,0x00,
0x00,0x00,0x00,0x00,0x00,0x00,0xdf,0x80,0x00,0x00,0x00,0x00,0x00,0x00,0x00,0x00,0x00,0x00,0x00,0x00,0x00,0xef,0x70,0x00,
0x00,0x00,0x00,0x00,0x00,0x00,0x06,0x66,0x66,0x66,0x66,0x66,0xff,0xa6,0x66,0x66,0x66,0x66,0x66,0x66,0x50,0x0e,0xff,0xff,
0xff,0xff,0xff,0xff,0xff,0xff,0xff,0xff,0xff,0xff,0xff,0xd0,0x0b,0xcc,0xcc,0xcc,0xcc,0xcd,0xff,0xcc,0xdf,0xfc,0xcc,0xcc,
0xcc,0xcc,0xa0,0x00,0x00,0x00,0x00,0x00,0x09,0xfd,0x00,0x6f,0xe0,0x00,0x00,0x00,0x00,0x00,0x00,0x00,0x00,0x00,0x00,0x0e,
0xf9,0x00,0x6f,0xe0,0x00,0x00,0x00,0x00,0x00,0x00,0x00,0x00,0x00,0x00,0x3f,0xf5,0x00,0x6f,0xe0,0x00,0x00,0x00,0x00,0x00,
0x00,0x00,0x00,0x00,0x00,0x9f,0xf1,0x00,0x6f,0xe0,0x00,0x00,0x00,0x00,0x00,0x00,0x00,0x00,0x00,0x00,0xef,0xa0,0x00,0x6f,
0xe0,0x00,0x00,0x00,0x00,0x00,0x00,0x00,0x00,0x00,0x05,0xff,0x30,0x00,0x6f,0xe0,0x00,0x00,0x00,0x00,0x00,0x00,0x00,0x00,
0x00,0x1e,0xfd,0x00,0x00,0x6f,0xe0,0x00,0x00,0x00,0x00,0x00,0x00,0x00,0x00,0x00,0xaf,0xf4,0x00,0x00,0x6f,0xe0,0x00,0x00,
0x00,0x07,0x20,0x00,0x00,0x00,0x09,0xff,0x90,0x00,0x00,0x6f,0xe0,0x00,0x00,0x00,0x0f,0xf3,0x00,0x00,0x00,0x9f,0xfc,0x00,
0x00,0x00,0x6f,0xe0,0x00,0x00,0x00,0x2f,0xf1,0x00,0x00,0x2c,0xff,0xc0,0x00,0x00,0x00,0x6f,0xe0,0x00,0x00,0x00,0x4f,0xf0,
0x00,0x06,0xff,0xfc,0x00,0x00,0x00,0x00,0x6f,0xf1,0x00,0x00,0x00,0xaf,0xc0,0x05,0xdf,0xff,0x80,0x00,0x00,0x00,0x00,0x4f,
0xfd,0x87,0x77,0x8d,0xff,0x80,0x1e,0xff,0xc3,0x00,0x00,0x00,0x00,0x00,0x0d,0xff,0xff,0xff,0xff,0xfe,0x10,0x06,0xd5,0x00,
0x00,0x00,0x00,0x00,0x00,0x00,0x7a,0xbb,0xbb,0xb9,0x71,0x00,
/* U+65E7 */
0xcf,0x70,0x00,0x00,0x00,0x00,0x00,0x00,0x00,0x00,0x00,0x00,0x0c,0xf7,0x00,0x00,0x06,0x88,0x88,0x88,0x88,0x88,0x88,0x88,
0x86,0xcf,0x70,0x00,0x00,0xbf,0xff,0xff,0xff,0xff,0xff,0xff,0xff,0xcc,0xf7,0x00,0x00,0x0b,0xfd,0xaa,0xaa,0xaa,0xaa,0xaa,
0xac,0xfc,0xcf,0x70,0x00,0x00,0xbf,0x80,0x00,0x00,0x00,0x00,0x00,0x7f,0xcc,0xf7,0x00,0x00,0x0b,0xf8,0x00,0x00,0x00,0x00,
0x00,0x07,0xfc,0xcf,0x70,0x00,0x00,0xbf,0x80,0x00,0x00,0x00,0x00,0x00,0x7f,0xcc,0xf7,0x00,0x00,0x0b,0xf8,0x00,0x00,0x00,
0x00,0x00,0x07,0xfc,0xcf,0x70,0x00,0x00,0xbf,0x80,0x00,0x00,0x00,0x00,0x00,0x7f,0xcc,0xf7,0x00,0x00,0x0b,0xf8,0x00,0x00,
0x00,0x00,0x00,0x07,0xfc,0xcf,0x70,0x00,0x00,0xbf,0x80,0x00,0x00,0x00,0x00,0x00,0x7f,0xcc,0xf7,0x00,0x00,0x0b,0xf8,0x00,
0x00,0x00,0x00,0x00,0x07,0xfc,0xcf,0x70,0x00,0x00,0xbf,0x80,0x00,0x00,0x00,0x00,0x00,0x7f,0xcc,0xf7,0x00,0x00,0x0b,0xfc,
0x88,0x88,0x88,0x88,0x88,0x8c,0xfc,0xcf,0x70,0x00,0x00,0xbf,0xff,0xff,0xff,0xff,0xff,0xff,0xff,0xcc,0xf7,0x00,0x00,0x0b,
0xfc,0x99,0x99,0x99,0x99,0x99,0x9c,0xfc,0xcf,0x70,0x00,0x00,0xbf,0x80,0x00,0x00,0x00,0x00,0x00,0x7f,0xcc,0xf7,0x00,0x00,
0x0b,0xf8,0x00,0x00,0x00,0x00,0x00,0x07,0xfc,0xcf,0x70,0x00,0x00,0xbf,0x80,0x00,0x00,0x00,0x00,0x00,0x7f,0xcc,0xf7,0x00,
0x00,0x0b,0xf8,0x00,0x00,0x00,0x00,0x00,0x07,0xfc,0xcf,0x70,0x00,0x00,0xbf,0x80,0x00,0x00,0x00,0x00,0x00,0x7f,0xcc,0xf7,
0x00,0x00,0x0b,0xf8,0x00,0x00,0x00,0x00,0x00,0x07,0xfc,0xcf,0x70,0x00,0x00,0xbf,0x80,0x00,0x00,0x00,0x00,0x00,0x7f,0xcc,
0xf7,0x00,0x00,0x0b,0xf8,0x00,0x00,0x00,0x00,0x00,0x07,0xfc,0xcf,0x70,0x00,0x00,0xbf,0x80,0x00,0x00,0x00,0x00,0x00,0x7f,
0xcc,0xf7,0x00,0x00,0x0b,0xfe,0xcc,0xcc,0xcc,0xcc,0xcc,0xce,0xfc,0xcf,0x70,0x00,0x00,0xbf,0xff,0xff,0xff,0xff,0xff,0xff,
0xff,0xcc,0xf7,0x00,0x00,0x0b,0xfb,0x66,0x66,0x66,0x66,0x66,0x6a,0xfc,0xcf,0x70,0x00,0x00,0xae,0x70,0x00,0x00,0x00,0x00,
0x00,0x6e,0xb0,
/* U+65F6 */
0x00,0x00,0x00,0x00,0x00,0x00,0x00,0x00,0x00,0x00,0x00,0x8e,0xa0,0x00,0x00,0x00,0x00,0x00,0x00,0x00,0x00,0x00,0x00,0x00,
0x00,0x09,0xfb,0x00,0x00,0x4b,0xbb,0xbb,0xbb,0xba,0x00,0x00,0x00,0x00,0x00,0x00,0x9f,0xb0,0x00,0x06,0xff,0xff,0xff,0xff,
0xd0,0x00,0x00,0x00,0x00,0x00,0x09,0xfb,0x00,0x00,0x6f,0xe5,0x55,0x59,0xfd,0x00,0x00,0x00,0x00,0x00,0x00,0x9f,0xb0,0x00,
0x06,0xfd,0x00,0x00,0x6f,0xd0,0x24,0x44,0x44,0x44,0x44,0x4b,0xfc,0x44,0x42,0x6f,0xd0,0x00,0x06,0xfd,0x0b,0xff,0xff,0xff,
0xff,0xff,0xff,0xff,0xff,0xa6,0xfd,0x00,0x00,0x6f,0xd0,0xaf,0xff,0xff,0xff,0xff,0xff,0xff,0xff,0xf9,0x6f,0xd0,0x00,0x06,
0xfd,0x00,0x00,0x00,0x00,0x00,0x00,0x9f,0xb0,0x00,0x06,0xfd,0x00,0x00,0x6f,0xd0,0x00,0x00,0x00,0x00,0x00,0x09,0xfb,0x00,
0x00,0x6f,0xd0,0x00,0x06,0xfd,0x00,0x00,0x00,0x00,0x00,0x00,0x9f,0xb0,0x00,0x06,0xfe,0x44,0x44,0x9f,0xd0,0x00,0x00,0x00,
0x00,0x00,0x09,0xfb,0x00,0x00,0x6f,0xff,0xff,0xff,0xfd,0x00,0x19,0xd0,0x00,0x00,0x00,0x9f,0xb0,0x00,0x06,0xff,0xdd,0xdd,
0xef,0xd0,0x02,0xff,0x80,0x00,0x00,0x09,0xfb,0x00,0x00,0x6f,0xd0,0x00,0x06,0xfd,0x00,0x08,0xff,0x20,0x00,0x00,0x9f,0xb0,
0x00,0x06,0xfd,0x00,0x00,0x6f,0xd0,0x00,0x0d,0xfc,0x00,0x00,0x09,0xfb,0x00,0x00,0x6f,0xd0,0x00,0x06,0xfd,0x00,0x00,0x4f,
0xf5,0x00,0x00,0x9f,0xb0,0x00,0x06,0xfd,0x00,0x00,0x6f,0xd0,0x00,0x00,0xbf,0xd0,0x00,0x09,0xfb,0x00,0x00,0x6f,0xd0,0x00,
0x06,0xfd,0x00,0x00,0x03,0xff,0x60,0x00,0x9f,0xb0,0x00,0x06,0xfd,0x00,0x00,0x6f,0xd0,0x00,0x00,0x0a,0xfd,0x00,0x09,0xfb,
0x00,0x00,0x6f,0xd0,0x00,0x06,0xfd,0x00,0x00,0x00,0x2b,0x10,0x00,0x9f,0xb0,0x00,0x06,0xfe,0x77,0x77,0xaf,0xd0,0x00,0x00,
0x00,0x00,0x00,0x09,0xfb,0x00,0x00,0x6f,0xff,0xff,0xff,0xfd,0x00,0x00,0x00,0x00,0x00,0x00,0x9f,0xb0,0x00,0x06,0xff,0xbb,
0xbb,0xdf,0xd0,0x00,0x00,0x00,0x00,0x00,0x09,0xfb,0x00,0x00,0x6f,0xd0,0x00,0x06,0xfd,0x00,0x00,0x00,0x00,0x00,0x00,0x9f,
0xb0,0x00,0x06,0xfd,0x00,0x00,0x5d,0xb0,0x00,0x00,0x00,0x00,0x00,0x0b,0xfb,0x00,0x00,0x39,0x80,0x00,0x00,0x00,0x00,0x00,
0x01,0x55,0x44,0x36,0xff,0x80,0x00,0x00,0x00,0x00,0x00,0x00,0x00,0x00,0x00,0x2f,0xff,0xff,0xff,0xf2,0x00,0x00,0x00,0x00,
0x00,0x00,0x00,0x00,0x00,0x00,0xde,0xee,0xed,0x94,0x00,0x00,0x00,
/* U+662F */
0x00,0x00,0x09,0xff,0xff,0xff,0xff,0xff,0xff,0xff,0xff,0xff,0xd0,0x00,0x00,0x00,0x00,0x09,0xff,0xee,0xee,0xee,0xee,0xee,
0xee,0xee,0xff,0xd0,0x00,0x00,0x00,0x00,0x09,0xfa,0x00,0x00,0x00,0x00,0x00,0x00,0x00,0x6f,0xd0,0x00,0x00,0x00,0x00,0x09,
0xfa,0x00,0x00,0x00,0x00,0x00,0x00,0x00,0x6f,0xd0,0x00,0x00,0x00,0x00,0x09,0xfc,0x66,0x66,0x66,0x66,0x66,0x66,0x66,0xaf,
0xd0,0x00,0x00,0x00,0x00,0x09,0xff,0xff,0xff,0xff,0xff,0xff,0xff,0xff,0xff,0xd0,0x00,0x00,0x00,0x00,0x09,0xfd,0x77,0x77,
0x77,0x77,0x77,0x77,0x77,0xbf,0xd0,0x00,0x00,0x00,0x00,0x09,0xfa,0x00,0x00,0x00,0x00,0x00,0x00,0x00,0x6f,0xd0,0x00,0x00,
0x00,0x00,0x09,0xfa,0x00,0x00,0x00,0x00,0x00,0x00,0x00,0x6f,0xd0,0x00,0x00,0x00,0x00,0x09,0xff,0xee,0xee,0xee,0xee,0xee,
0xee,0xee,0xff,0xd0,0x00,0x00,0x00,0x00,0x09,0xff,0xff,0xff,0xff,0xff,0xff,0xff,0xff,0xff,0xd0,0x00,0x00,0x00,0x00,0x00,
0x00,0x00,0x00,0x00,0x00,0x00,0x00,0x00,0x00,0x00,0x00,0x00,0x00,0x00,0x00,0x00,0x00,0x00,0x00,0x00,0x00,0x00,0x00,0x00,
0x00,0x00,0x00,0x19,0x99,0x99,0x99,0x99,0x99,0x99,0x99,0x99,0x99,0x99,0x99,0x99,0x99,0x91,0x2f,0xff,0xff,0xff,0xff,0xff,
0xff,0xff,0xff,0xff,0xff,0xff,0xff,0xff,0xf2,0x18,0x88,0x88,0x88,0x88,0x88,0x88,0xef,0xc8,0x88,0x88,0x88,0x88,0x88,0x81,
0x00,0x00,0x00,0x13,0x00,0x00,0x00,0xcf,0x80,0x00,0x00,0x00,0x00,0x00,0x00,0x00,0x00,0x00,0x8f,0xd0,0x00,0x00,0xcf,0x80,
0x00,0x00,0x00,0x00,0x00,0x00,0x00,0x00,0x00,0xef,0x80,0x00,0x00,0xcf,0x80,0x00,0x00,0x00,0x00,0x00,0x00,0x00,0x00,0x06,
0xff,0x20,0x00,0x00,0xcf,0xed,0xdd,0xdd,0xdd,0xda,0x00,0x00,0x00,0x00,0x0d,0xff,0x10,0x00,0x00,0xcf,0xff,0xff,0xff,0xff,
0xfc,0x00,0x00,0x00,0x00,0x4f,0xff,0xc0,0x00,0x00,0xcf,0x93,0x33,0x33,0x33,0x32,0x00,0x00,0x00,0x01,0xdf,0xdb,0xf8,0x00,
0x00,0xcf,0x80,0x00,0x00,0x00,0x00,0x00,0x00,0x00,0x0c,0xff,0x31,0xdf,0x90,0x00,0xcf,0x80,0x00,0x00,0x00,0x00,0x00,0x00,
0x00,0xaf,0xf9,0x00,0x3f,0xfe,0x51,0xcf,0x80,0x00,0x00,0x00,0x00,0x00,0x00,0x09,0xff,0xd0,0x00,0x02,0xcf,0xff,0xff,0xc7,
0x66,0x55,0x55,0x55,0x56,0x60,0x0e,0xfd,0x10,0x00,0x00,0x07,0xcf,0xff,0xff,0xff,0xff,0xff,0xff,0xff,0xb0,0x03,0xc1,0x00,
0x00,0x00,0x00,0x00,0x35,0x78,0x9a,0xaa,0xbb,0xbb,0xbb,0x50,
/* U+6682 */
0x00,0x00,0x00,0x52,0x00,0x00,0x00,0x00,0x00,0x00,0x00,0x00,0x00,0x00,0x00,0x00,0x00,0x03,0xff,0x30,0x00,0x00,0x00,0x00,
0x00,0x00,0x00,0x27,0xc4,0x00,0x04,0x44,0x4a,0xfe,0x44,0x44,0x44,0x42,0x00,0x01,0x46,0x9d,0xff,0xfe,0x10,0x2f,0xff,0xff,
0xff,0xff,0xff,0xff,0xf8,0x05,0xff,0xff,0xff,0xfc,0x61,0x00,0x1c,0xcc,0xff,0xec,0xcc,0xcc,0xcc,0xc6,0x07,0xff,0xca,0x74,
0x10,0x00,0x00,0x00,0x03,0xff,0x40,0x00,0x00,0x00,0x00,0x07,0xfa,0x00,0x00,0x00,0x00,0x00,0x00,0x0d,0xfa,0x00,0x9b,0x30,
0x00,0x00,0x07,0xfa,0x00,0x00,0x00,0x00,0x00,0x00,0x9f,0xf1,0x00,0xcf,0x50,0x00,0x00,0x07,0xfa,0x00,0x00,0x00,0x00,0x00,
0x02,0xff,0xd9,0x99,0xef,0xb9,0x99,0x93,0x07,0xfe,0xbb,0xbb,0xbb,0xbb,0xb3,0x00,0xef,0xff,0xff,0xff,0xff,0xff,0xf5,0x0a,
0xff,0xff,0xff,0xff,0xff,0xf4,0x00,0x34,0x44,0x44,0xdf,0x84,0x44,0x41,0x0c,0xf9,0x44,0x48,0xfe,0x44,0x41,0x00,0x00,0x00,
0x00,0xcf,0x50,0x00,0x00,0x0f,0xf3,0x00,0x05,0xfe,0x00,0x00,0x00,0x00,0x00,0x00,0xcf,0x74,0x67,0x80,0x3f,0xf0,0x00,0x05,
0xfe,0x00,0x00,0x08,0xcd,0xef,0xff,0xff,0xff,0xff,0xf0,0xaf,0xb0,0x00,0x05,0xfe,0x00,0x00,0x08,0xff,0xff,0xff,0xff,0xca,
0x87,0x52,0xff,0x50,0x00,0x05,0xfe,0x00,0x00,0x02,0x43,0x21,0x00,0xcf,0x50,0x00,0x08,0xfd,0x00,0x00,0x05,0xfe,0x00,0x00,
0x00,0x00,0x00,0x00,0xcf,0x50,0x00,0x00,0xc5,0x00,0x00,0x05,0xfe,0x00,0x00,0x00,0x00,0x00,0x00,0x23,0x10,0x00,0x00,0x10,
0x00,0x00,0x01,0x33,0x00,0x00,0x00,0x00,0x4d,0xdd,0xdd,0xdd,0xdd,0xdd,0xdd,0xdd,0xdd,0xdd,0xd9,0x00,0x00,0x00,0x00,0x4f,
0xff,0xff,0xff,0xff,0xff,0xff,0xff,0xff,0xff,0xfb,0x00,0x00,0x00,0x00,0x4f,0xf2,0x11,0x11,0x11,0x11,0x11,0x11,0x11,0x1b,
0xfb,0x00,0x00,0x00,0x00,0x4f,0xf1,0x00,0x00,0x00,0x00,0x00,0x00,0x00,0x0a,0xfb,0x00,0x00,0x00,0x00,0x4f,0xf6,0x66,0x66,
0x66,0x66,0x66,0x66,0x66,0x6c,0xfb,0x00,0x00,0x00,0x00,0x4f,0xff,0xff,0xff,0xff,0xff,0xff,0xff,0xff,0xff,0xfb,0x00,0x00,
0x00,0x00,0x4f,0xf8,0x77,0x77,0x77,0x77,0x77,0x77,0x77,0x7d,0xfb,0x00,0x00,0x00,0x00,0x4f,0xf1,0x00,0x00,0x00,0x00,0x00,
0x00,0x00,0x0a,0xfb,0x00,0x00,0x00,0x00,0x4f,0xf1,0x00,0x00,0x00,0x00,0x00,0x00,0x00,0x0b,0xfb,0x00,0x00,0x00,0x00,0x4f,
0xff,0xff,0xff,0xff,0xff,0xff,0xff,0xff,0xff,0xfb,0x00,0x00,0x00,0x00,0x4f,0xff,0xff,0xff,0xff,0xff,0xff,0xff,0xff,0xff,
0xfb,0x00,0x00,0x00,0x00,0x4f,0xf1,0x00,0x00,0x00,0x00,0x00,0x00,0x00,0x0a,0xfb,0x00,0x00,0x00,0x00,0x03,0x30,0x00,0x00,
0x00,0x00,0x00,0x00,0x00,0x02,0x32,0x00,0x00,
/* U+66F4 */
0x09,0xdd,0xdd,0xdd,0xdd,0xdd,0xdd,0xdd,0xdd,0xdd,0xdd,0xdd,0xdd,0xdd,0xa0,0x0b,0xff,0xff,0xff,0xff,0xff,0xff,0xff,0xff,
0xff,0xff,0xff,0xff,0xff,0xb0,0x03,0x44,0x44,0x44,0x44,0x44,0x46,0xff,0x64,0x44,0x44,0x44,0x44,0x44,0x30,0x00,0x00,0x00,
0x00,0x00,0x00,0x02,0xff,0x20,0x00,0x00,0x00,0x00,0x00,0x00,0x00,0x00,0x00,0x00,0x00,0x00,0x02,0xff,0x20,0x00,0x00,0x00,
0x00,0x00,0x00,0x00,0x00,0xee,0xee,0xee,0xee,0xef,0xff,0xfe,0xee,0xee,0xee,0xee,0x10,0x00,0x00,0x00,0xff,0xff,0xff,0xff,
0xff,0xff,0xff,0xff,0xff,0xff,0xff,0x10,0x00,0x00,0x00,0xff,0x50,0x00,0x00,0x03,0xff,0x30,0x00,0x00,0x03,0xff,0x10,0x00,
0x00,0x00,0xff,0x50,0x00,0x00,0x02,0xff,0x20,0x00,0x00,0x03,0xff,0x10,0x00,0x00,0x00,0xff,0x50,0x00,0x00,0x02,0xff,0x20,
0x00,0x00,0x03,0xff,0x10,0x00,0x00,0x00,0xff,0xb9,0x99,0x99,0x9a,0xff,0xa9,0x99,0x99,0x9a,0xff,0x10,0x00,0x00,0x00,0xff,
0xff,0xff,0xff,0xff,0xff,0xff,0xff,0xff,0xff,0xff,0x10,0x00,0x00,0x00,0xff,0x85,0x55,0x55,0x56,0xff,0x65,0x55,0x55,0x57,
0xff,0x10,0x00,0x00,0x00,0xff,0x50,0x00,0x00,0x02,0xff,0x20,0x00,0x00,0x03,0xff,0x10,0x00,0x00,0x00,0xff,0x50,0x00,0x00,
0x03,0xff,0x10,0x00,0x00,0x03,0xff,0x10,0x00,0x00,0x00,0xff,0x84,0x44,0x44,0x47,0xff,0x54,0x44,0x44,0x46,0xff,0x10,0x00,
0x00,0x00,0xff,0xff,0xff,0xff,0xff,0xff,0xff,0xff,0xff,0xff,0xff,0x10,0x00,0x00,0x00,0xbb,0xbb,0xbb,0xbb,0xbe,0xfe,0xbb,
0xbb,0xbb,0xbb,0xbb,0x00,0x00,0x00,0x00,0x00,0x20,0x00,0x00,0x0c,0xf9,0x00,0x00,0x00,0x00,0x00,0x00,0x00,0x00,0x00,0x07,
0xfe,0x40,0x00,0x1f,0xf4,0x00,0x00,0x00,0x00,0x00,0x00,0x00,0x00,0x00,0x02,0xcf,0xfa,0x10,0x7f,0xf0,0x00,0x00,0x00,0x00,
0x00,0x00,0x00,0x00,0x00,0x00,0x08,0xff,0xe6,0xff,0x80,0x00,0x00,0x00,0x00,0x00,0x00,0x00,0x00,0x00,0x00,0x00,0x3d,0xff,
0xff,0x10,0x00,0x00,0x00,0x00,0x00,0x00,0x00,0x00,0x00,0x00,0x00,0x04,0xff,0xff,0xfb,0x61,0x00,0x00,0x00,0x00,0x00,0x00,
0x00,0x00,0x00,0x04,0xbf,0xff,0x9d,0xff,0xff,0xc7,0x30,0x00,0x00,0x00,0x00,0x00,0x24,0x7b,0xef,0xff,0xc2,0x00,0x27,0xdf,
0xff,0xff,0xdb,0x98,0x64,0x21,0x5f,0xff,0xff,0xff,0xa3,0x00,0x00,0x00,0x02,0x7c,0xff,0xff,0xff,0xff,0xfa,0x0e,0xfe,0xb8,
0x30,0x00,0x00,0x00,0x00,0x00,0x00,0x13,0x57,0x9b,0xdf,0xf6,0x01,0x00,0x00,0x00,0x00,0x00,0x00,0x00,0x00,0x00,0x00,0x00,
0x00,0x00,0x10,
/* U+6709 */
0x00,0x00,0x00,0x00,0x00,0x00,0x42,0x00,0x00,0x00,0x00,0x00,0x00,0x00,0x00,0x00,0x00,0x00,0x00,0x00,0x02,0xff,0x40,0x00,
0x00,0x00,0x00,0x00,0x00,0x00,0x00,0x00,0x00,0x00,0x00,0x08,0xfe,0x00,0x00,0x00,0x00,0x00,0x00,0x00,0x00,0x00,0x00,0x00,
0x00,0x00,0x0e,0xf9,0x00,0x00,0x00,0x00,0x00,0x00,0x00,0x00,0x07,0x99,0x99,0x99,0x99,0xaf,0xfb,0x99,0x99,0x99,0x99,0x99,
0x99,0x99,0x91,0x0c,0xff,0xff,0xff,0xff,0xff,0xff,0xff,0xff,0xff,0xff,0xff,0xff,0xff,0xf2,0x08,0xaa,0xaa,0xaa,0xac,0xff,
0xba,0xaa,0xaa,0xaa,0xaa,0xaa,0xaa,0xaa,0xa1,0x00,0x00,0x00,0x00,0x0d,0xfd,0x00,0x00,0x00,0x00,0x00,0x00,0x00,0x00,0x00,
0x00,0x00,0x00,0x00,0x9f,0xf4,0x00,0x00,0x00,0x00,0x00,0x00,0x00,0x00,0x00,0x00,0x00,0x00,0x04,0xff,0xb0,0x00,0x00,0x00,
0x00,0x00,0x00,0x00,0x00,0x00,0x00,0x00,0x00,0x0e,0xff,0xca,0xaa,0xaa,0xaa,0xaa,0xaa,0xaa,0xa0,0x00,0x00,0x00,0x00,0x00,
0xaf,0xff,0xff,0xff,0xff,0xff,0xff,0xff,0xff,0xf1,0x00,0x00,0x00,0x00,0x05,0xff,0xff,0x86,0x66,0x66,0x66,0x66,0x66,0x6f,
0xf1,0x00,0x00,0x00,0x00,0x5f,0xfd,0xff,0x30,0x00,0x00,0x00,0x00,0x00,0x1f,0xf1,0x00,0x00,0x00,0x06,0xff,0xe2,0xff,0x30,
0x00,0x00,0x00,0x00,0x00,0x1f,0xf1,0x00,0x00,0x00,0x7f,0xff,0x30,0xff,0x42,0x22,0x22,0x22,0x22,0x22,0x3f,0xf1,0x00,0x00,
0x07,0xff,0xf4,0x00,0xff,0xff,0xff,0xff,0xff,0xff,0xff,0xff,0xf1,0x00,0x00,0x6f,0xfe,0x30,0x00,0xff,0xee,0xee,0xee,0xee,
0xee,0xee,0xef,0xf1,0x00,0x00,0x1e,0xe2,0x00,0x00,0xff,0x30,0x00,0x00,0x00,0x00,0x00,0x1f,0xf1,0x00,0x00,0x03,0x10,0x00,
0x00,0xff,0x30,0x00,0x00,0x00,0x00,0x00,0x1f,0xf1,0x00,0x00,0x00,0x00,0x00,0x00,0xff,0x30,0x00,0x00,0x00,0x00,0x00,0x1f,
0xf1,0x00,0x00,0x00,0x00,0x00,0x00,0xff,0xcb,0xbb,0xbb,0xbb,0xbb,0xbb,0xcf,0xf1,0x00,0x00,0x00,0x00,0x00,0x00,0xff,0xff,
0xff,0xff,0xff,0xff,0xff,0xff,0xf1,0x00,0x00,0x00,0x00,0x00,0x00,0xff,0x64,0x44,0x44,0x44,0x44,0x44,0x5f,0xf1,0x00,0x00,
0x00,0x00,0x00,0x00,0xff,0x30,0x00,0x00,0x00,0x00,0x00,0x1f,0xf1,0x00,0x00,0x00,0x00,0x00,0x00,0xff,0x30,0x00,0x00,0x00,
0x00,0x00,0x1f,0xf1,0x00,0x00,0x00,0x00,0x00,0x00,0xff,0x30,0x00,0x00,0x00,0x00,0x00,0x1f,0xf1,0x00,0x00,0x00,0x00,0x00,
0x00,0xff,0x30,0x00,0x00,0x00,0x00,0x00,0x5f,0xf0,0x00,0x00,0x00,0x00,0x00,0x00,0xff,0x30,0x00,0x00,0x00,0x9f,0xff,0xff,
0xc0,0x00,0x00,0x00,0x00,0x00,0x00,0xff,0x30,0x00,0x00,0x00,0x5f,0xff,0xfb,0x30,0x00,0x00,0x00,0x00,0x00,0x00,0x22,0x00,
0x00,0x00,0x00,0x01,0x11,0x00,0x00,0x00,0x00,
/* U+6761 */
0x00,0x00,0x00,0x00,0x00,0x35,0x10,0x00,0x00,0x00,0x00,0x00,0x00,0x00,0x00,0x00,0x00,0x00,0x00,0x02,0xff,0xa0,0x00,0x00,
0x00,0x00,0x00,0x00,0x00,0x00,0x00,0x00,0x00,0x00,0x0d,0xfe,0x10,0x00,0x00,0x00,0x00,0x00,0x00,0x00,0x00,0x00,0x00,0x00,
0x00,0xbf,0xfd,0xbb,0xbb,0xbb,0xbb,0xbb,0xba,0x00,0x00,0x00,0x00,0x00,0x00,0x08,0xff,0xff,0xff,0xff,0xff,0xff,0xff,0xfe,
0x00,0x00,0x00,0x00,0x00,0x00,0x8f,0xfb,0x55,0x55,0x55,0x55,0x55,0x8f,0xf8,0x00,0x00,0x00,0x00,0x00,0x1b,0xff,0xff,0x40,
0x00,0x00,0x00,0x05,0xff,0x80,0x00,0x00,0x00,0x00,0x02,0xdf,0xf9,0x9f,0xf6,0x00,0x00,0x00,0x7f,0xf9,0x00,0x00,0x00,0x00,
0x00,0x4f,0xff,0x60,0x06,0xff,0xb2,0x00,0x2b,0xff,0x80,0x00,0x00,0x00,0x00,0x00,0x2e,0xe3,0x00,0x00,0x3d,0xff,0x77,0xff,
0xe4,0x00,0x00,0x00,0x00,0x00,0x00,0x03,0x10,0x00,0x00,0x01,0xbf,0xff,0xfc,0x10,0x00,0x00,0x00,0x00,0x00,0x00,0x00,0x00,
0x00,0x00,0x38,0xef,0xff,0xff,0xb6,0x10,0x00,0x00,0x00,0x00,0x00,0x00,0x00,0x02,0x7d,0xff,0xfc,0x65,0xbf,0xff,0xfc,0x62,
0x00,0x00,0x00,0x00,0x14,0x7a,0xdf,0xff,0xf9,0x30,0x00,0x02,0x8e,0xff,0xff,0xfd,0xa7,0x41,0x4d,0xff,0xff,0xff,0xc6,0x10,
0x00,0x44,0x10,0x00,0x49,0xcf,0xff,0xff,0xf5,0x1f,0xff,0xb7,0x40,0x00,0x00,0x01,0xff,0x40,0x00,0x00,0x00,0x37,0xad,0xd0,
0x04,0x30,0x00,0x00,0x00,0x00,0x01,0xff,0x40,0x00,0x00,0x00,0x00,0x00,0x00,0x00,0x01,0x11,0x11,0x11,0x11,0x13,0xff,0x51,
0x11,0x11,0x11,0x11,0x10,0x00,0x00,0x0f,0xff,0xff,0xff,0xff,0xff,0xff,0xff,0xff,0xff,0xff,0xff,0xe0,0x00,0x00,0x0f,0xff,
0xff,0xff,0xff,0xff,0xff,0xff,0xff,0xff,0xff,0xff,0xe0,0x00,0x00,0x01,0x11,0x11,0x11,0x11,0x12,0xff,0x51,0x11,0x11,0x11,
0x11,0x10,0x00,0x00,0x00,0x00,0x00,0x00,0x00,0x01,0xff,0x40,0x00,0x00,0x00,0x00,0x00,0x00,0x00,0x00,0x00,0x04,0xa0,0x00,
0x01,0xff,0x40,0x00,0x8c,0x20,0x00,0x00,0x00,0x00,0x00,0x00,0x5f,0xf9,0x00,0x01,0xff,0x40,0x02,0xef,0xf5,0x00,0x00,0x00,
0x00,0x00,0x06,0xff,0xc0,0x00,0x01,0xff,0x40,0x00,0x1c,0xff,0x90,0x00,0x00,0x00,0x01,0xaf,0xfb,0x00,0x00,0x01,0xff,0x40,
0x00,0x00,0x9f,0xfb,0x10,0x00,0x00,0x6f,0xff,0xb0,0x00,0x00,0x01,0xff,0x40,0x00,0x00,0x07,0xff,0xd2,0x00,0x09,0xff,0xf6,
0x00,0x01,0x00,0x07,0xff,0x20,0x00,0x00,0x00,0x5f,0xfe,0x10,0x02,0xfc,0x20,0x00,0x0a,0xff,0xff,0xfd,0x00,0x00,0x00,0x00,
0x04,0xf8,0x00,0x00,0x30,0x00,0x00,0x06,0xff,0xff,0xb4,0x00,0x00,0x00,0x00,0x00,0x20,0x00,0x00,0x00,0x00,0x00,0x00,0x11,
0x10,0x00,0x00,0x00,0x00,0x00,0x00,0x00,0x00,
/* U+677E */
0x00,0x00,0x00,0x11,0x00,0x00,0x00,0x00,0x00,0x00,0x00,0x00,0x00,0x00,0x00,0x00,0x00,0x08,0xfb,0x00,0x00,0x00,0x00,0x33,
0x00,0x00,0x19,0x30,0x00,0x00,0x00,0x00,0x08,0xfb,0x00,0x00,0x00,0x00,0xaf,0x90,0x00,0xbf,0x80,0x00,0x00,0x00,0x00,0x08,
0xfb,0x00,0x00,0x00,0x00,0xef,0x60,0x00,0x6f,0xd0,0x00,0x00,0x00,0x00,0x08,0xfb,0x00,0x00,0x00,0x01,0xff,0x20,0x00,0x1f,
0xf2,0x00,0x00,0x00,0x00,0x08,0xfb,0x00,0x00,0x00,0x06,0xfe,0x00,0x00,0x0c,0xf6,0x00,0x00,0x00,0x00,0x08,0xfb,0x00,0x00,
0x00,0x0b,0xf9,0x00,0x00,0x07,0xfb,0x00,0x00,0x2d,0xdd,0xdf,0xff,0xdd,0xd8,0x00,0x1f,0xf4,0x00,0x00,0x02,0xff,0x10,0x00,
0x3f,0xff,0xff,0xff,0xff,0xf9,0x00,0x6f,0xe0,0x00,0x00,0x00,0xdf,0x60,0x00,0x15,0x55,0x5c,0xfd,0x55,0x53,0x00,0xdf,0x90,
0x00,0x00,0x00,0x8f,0xe1,0x00,0x00,0x00,0x0f,0xfb,0x00,0x00,0x04,0xff,0x30,0x00,0x00,0x00,0x1f,0xf9,0x00,0x00,0x00,0x5f,
0xfc,0x00,0x00,0x0b,0xfb,0x00,0x00,0x00,0x00,0x07,0xff,0x30,0x00,0x00,0xbf,0xff,0x70,0x00,0x4f,0xf4,0x00,0x0e,0xb3,0x00,
0x00,0xdf,0xc0,0x00,0x01,0xff,0xff,0xf3,0x00,0xdf,0xc0,0x00,0x4f,0xf4,0x00,0x00,0x4f,0xf5,0x00,0x06,0xfd,0xfd,0xee,0x13,
0xff,0x30,0x00,0x9f,0xe0,0x00,0x00,0x0a,0xf6,0x00,0x0d,0xe8,0xfb,0x6f,0xc0,0x37,0x00,0x00,0xef,0x80,0x00,0x00,0x01,0x80,
0x00,0x7f,0x78,0xfb,0x0c,0xf8,0x00,0x00,0x04,0xff,0x30,0x00,0x00,0x00,0x00,0x02,0xff,0x18,0xfb,0x03,0xff,0x20,0x00,0x09,
0xfd,0x00,0x00,0x00,0x00,0x00,0x0b,0xfa,0x08,0xfb,0x00,0x9a,0x00,0x00,0x0f,0xf6,0x00,0x02,0x00,0x00,0x00,0x5f,0xf2,0x08,
0xfb,0x00,0x11,0x00,0x00,0x6f,0xf1,0x00,0xcf,0x60,0x00,0x00,0x9f,0x80,0x08,0xfb,0x00,0x00,0x00,0x00,0xcf,0xa0,0x00,0x8f,
0xd0,0x00,0x00,0x2e,0x00,0x08,0xfb,0x00,0x00,0x00,0x03,0xff,0x30,0x00,0x1f,0xf4,0x00,0x00,0x03,0x00,0x08,0xfb,0x00,0x00,
0x00,0x0a,0xfb,0x00,0x00,0x0a,0xfa,0x00,0x00,0x00,0x00,0x08,0xfb,0x00,0x00,0x00,0x2f,0xf4,0x00,0x00,0x03,0xff,0x10,0x00,
0x00,0x00,0x08,0xfb,0x00,0x00,0x00,0xaf,0xc0,0x00,0x00,0x00,0xbf,0x80,0x00,0x00,0x00,0x08,0xfb,0x00,0x00,0x04,0xff,0x40,
0x00,0x02,0x47,0xcf,0xe0,0x00,0x00,0x00,0x08,0xfb,0x00,0x00,0x2e,0xfd,0x47,0xac,0xff,0xff,0xff,0xf5,0x00,0x00,0x00,0x08,
0xfb,0x00,0x00,0x9f,0xff,0xff,0xff,0xff,0xeb,0x7a,0xfc,0x00,0x00,0x00,0x08,0xfb,0x00,0x00,0x6f,0xff,0xec,0xa7,0x41,0x00,
0x03,0xff,0x30,0x00,0x00,0x08,0xfb,0x00,0x00,0x14,0x20,0x00,0x00,0x00,0x00,0x00,0xde,0x40,0x00,0x00,0x00,0x10,0x00,0x00,
0x00,0x00,0x00,0x00,0x00,0x00,0x00,0x20,0x00,
/* U+67D4 */
0x00,0x00,0x2e,0xee,0xee,0xee,0xee,0xee,0xee,0xee,0xee,0xee,0x40,0x00,0x00,0x00,0x00,0x2f,0xff,0xff,0xff,0xff,0xff,0xff,
0xff,0xff,0xff,0x40,0x00,0x00,0x00,0x00,0x01,0x11,0x14,0xe7,0x21,0x11,0x11,0x13,0xbf,0xe5,0x00,0x00,0x00,0x00,0x00,0x00,
0x00,0x09,0xff,0xd4,0x00,0x00,0x6e,0xfa,0x10,0x00,0x00,0x00,0x00,0x00,0x00,0x00,0x00,0x3b,0xff,0xa1,0x4d,0xfe,0x50,0x00,
0x00,0x00,0x00,0x00,0x12,0x22,0x22,0x22,0x22,0x6e,0xff,0xff,0xc3,0x22,0x22,0x22,0x21,0x00,0x00,0xbf,0xff,0xff,0xff,0xff,
0xff,0xff,0xff,0xff,0xff,0xff,0xff,0xfb,0x00,0x00,0xaf,0xff,0xff,0xff,0xff,0xff,0xff,0xff,0xff,0xff,0xff,0xff,0xfa,0x00,
0x00,0x00,0x00,0x00,0x00,0x09,0xfc,0x1a,0xf8,0x00,0x00,0x00,0xaf,0xe2,0x00,0x00,0x00,0x00,0x00,0x05,0xdf,0xc0,0x0a,0xf8,
0x00,0x00,0x0b,0xff,0x40,0x00,0x00,0x00,0x00,0x05,0xcf,0xf8,0x00,0x0a,0xf8,0x00,0x01,0xcf,0xf6,0x00,0x00,0x00,0x00,0x38,
0xef,0xfc,0x30,0x00,0x0a,0xf8,0x00,0x0d,0xff,0x50,0x00,0x00,0x04,0x9e,0xff,0xfc,0x40,0x14,0x32,0x5f,0xf6,0x00,0x06,0xf4,
0x00,0x00,0x00,0x0a,0xff,0xfa,0x40,0x00,0x4f,0xff,0xff,0xf1,0x00,0x00,0x00,0x00,0x00,0x00,0x01,0xb6,0x00,0x00,0x00,0x0c,
0xcc,0xb8,0x20,0x00,0x00,0x00,0x00,0x00,0x00,0x00,0x00,0x00,0x00,0x00,0x00,0x00,0x88,0x20,0x00,0x00,0x00,0x00,0x00,0x00,
0x00,0x00,0x00,0x00,0x00,0x00,0x01,0xff,0x30,0x00,0x00,0x00,0x00,0x00,0x00,0x01,0x22,0x22,0x22,0x22,0x22,0x24,0xff,0x52,
0x22,0x22,0x22,0x22,0x22,0x20,0x0a,0xff,0xff,0xff,0xff,0xff,0xff,0xff,0xff,0xff,0xff,0xff,0xff,0xff,0xc0,0x0a,0xff,0xff,
0xff,0xff,0xff,0xff,0xff,0xff,0xff,0xff,0xff,0xff,0xff,0xb0,0x00,0x00,0x00,0x00,0x00,0x2d,0xe4,0xff,0x5d,0xf4,0x00,0x00,
0x00,0x00,0x00,0x00,0x00,0x00,0x00,0x05,0xff,0x31,0xff,0x31,0xef,0x70,0x00,0x00,0x00,0x00,0x00,0x00,0x00,0x02,0xbf,0xe4,
0x01,0xff,0x30,0x2d,0xfc,0x30,0x00,0x00,0x00,0x00,0x00,0x03,0xaf,0xfc,0x10,0x01,0xff,0x30,0x00,0xaf,0xfa,0x30,0x00,0x00,
0x00,0x06,0xcf,0xff,0x70,0x00,0x01,0xff,0x30,0x00,0x05,0xdf,0xfc,0x61,0x00,0x2a,0xff,0xff,0x91,0x00,0x00,0x01,0xff,0x30,
0x00,0x00,0x07,0xef,0xff,0xc2,0x1e,0xfe,0x82,0x00,0x00,0x00,0x01,0xff,0x30,0x00,0x00,0x00,0x06,0xdf,0xe0,0x04,0x60,0x00,
0x00,0x00,0x00,0x01,0xff,0x30,0x00,0x00,0x00,0x00,0x03,0x40,0x00,0x00,0x00,0x00,0x00,0x00,0x00,0x33,0x00,0x00,0x00,0x00,
0x00,0x00,0x00,
/* U+6848 */
0x00,0x00,0x00,0x00,0x00,0x00,0x02,0x00,0x00,0x00,0x00,0x00,0x00,0x00,0x00,0x00,0x00,0x00,0x00,0x02,0xff,0x60,0x00,0x00,
0x00,0x00,0x00,0x00,0x00,0x00,0x00,0x00,0x00,0x00,0x8f,0xd0,0x00,0x00,0x00,0x00,0x00,0x00,0x08,0x99,0x99,0x99,0x99,0x99,
0xaf,0xfa,0x99,0x99,0x99,0x99,0x99,0x80,0x0d,0xff,0xff,0xff,0xff,0xff,0xff,0xff,0xff,0xff,0xff,0xff,0xff,0xd0,0x0d,0xf8,
0x55,0x55,0x55,0x55,0x55,0x55,0x55,0x55,0x55,0x55,0x8f,0xd0,0x0d,0xf4,0x00,0x00,0x00,0x09,0xd6,0x00,0x00,0x00,0x00,0x00,
0x4f,0xd0,0x0c,0xe4,0x00,0x00,0x00,0x5f,0xf3,0x00,0x00,0x00,0x00,0x00,0x4e,0xc0,0x03,0x44,0x44,0x44,0x45,0xff,0xa4,0x44,
0x44,0x44,0x44,0x44,0x44,0x30,0x0b,0xff,0xff,0xff,0xff,0xff,0xff,0xff,0xff,0xff,0xff,0xff,0xff,0xc0,0x06,0x99,0x99,0x99,
0xff,0xd9,0x99,0x99,0x99,0xbf,0xfa,0x99,0x99,0x70,0x00,0x00,0x00,0x08,0xfe,0x10,0x00,0x00,0x02,0xef,0x90,0x00,0x00,0x00,
0x00,0x00,0x00,0x6f,0xfb,0x52,0x00,0x00,0x4e,0xfb,0x00,0x00,0x00,0x00,0x00,0x00,0x00,0x7b,0xef,0xff,0xeb,0x89,0xff,0x90,
0x00,0x00,0x00,0x00,0x00,0x00,0x00,0x00,0x02,0x59,0xff,0xff,0xff,0x83,0x00,0x00,0x00,0x00,0x00,0x00,0x01,0x23,0x69,0xcf,
0xff,0xda,0xef,0xff,0xe9,0x50,0x00,0x00,0x0a,0xef,0xff,0xff,0xff,0xfc,0x72,0x00,0x03,0x8d,0xff,0xff,0xb7,0x10,0x02,0xfe,
0xdb,0xa9,0x75,0x10,0x19,0x92,0x00,0x00,0x27,0xcf,0xfd,0x00,0x00,0x00,0x00,0x00,0x00,0x00,0x1f,0xf3,0x00,0x00,0x00,0x01,
0x62,0x00,0x11,0x11,0x11,0x11,0x11,0x11,0x3f,0xf5,0x11,0x11,0x11,0x11,0x11,0x11,0xbf,0xff,0xff,0xff,0xff,0xff,0xff,0xff,
0xff,0xff,0xff,0xff,0xff,0xfb,0xaf,0xff,0xff,0xff,0xff,0xff,0xff,0xff,0xff,0xff,0xff,0xff,0xff,0xfa,0x00,0x00,0x00,0x00,
0x01,0xcf,0x8f,0xf9,0xfd,0x20,0x00,0x00,0x00,0x00,0x00,0x00,0x00,0x00,0x4d,0xf8,0x1f,0xf3,0x5f,0xf6,0x00,0x00,0x00,0x00,
0x00,0x00,0x00,0x2a,0xff,0x70,0x1f,0xf3,0x04,0xef,0xc3,0x00,0x00,0x00,0x00,0x00,0x3a,0xff,0xe3,0x00,0x1f,0xf3,0x00,0x1b,
0xff,0xc5,0x00,0x00,0x02,0x7d,0xff,0xf8,0x00,0x00,0x1f,0xf3,0x00,0x00,0x5d,0xff,0xe9,0x40,0xbf,0xff,0xf9,0x10,0x00,0x00,
0x1f,0xf3,0x00,0x00,0x00,0x5d,0xff,0xfe,0x6f,0xe7,0x10,0x00,0x00,0x00,0x1f,0xf3,0x00,0x00,0x00,0x00,0x39,0xf8,0x04,0x00,
0x00,0x00,0x00,0x00,0x1f,0xf3,0x00,0x00,0x00,0x00,0x00,0x00,0x00,0x00,0x00,0x00,0x00,0x00,0x02,0x20,0x00,0x00,0x00,0x00,
0x00,0x00,
/* U+695A */
0x00,0x00,0x00,0x01,0x21,0x00,0x00,0x00,0x00,0x00,0x12,0x10,0x00,0x00,0x00,0x00,0x00,0x00,0x08,0xfb,0x00,0x00,0x00,0x00,
0x00,0xcf,0x70,0x00,0x00,0x00,0x00,0x00,0x00,0x08,0xfb,0x00,0x00,0x00,0x00,0x00,0xcf,0x70,0x00,0x00,0x00,0x00,0x11,0x11,
0x19,0xfb,0x11,0x11,0x00,0x11,0x11,0xcf,0x81,0x11,0x11,0x00,0x04,0xff,0xff,0xff,0xff,0xff,0xff,0x04,0xff,0xff,0xff,0xff,
0xff,0xff,0x00,0x04,0xff,0xff,0xff,0xff,0xff,0xff,0x04,0xff,0xff,0xff,0xff,0xff,0xfe,0x00,0x00,0x00,0x00,0xdf,0xfb,0x00,
0x00,0x00,0x00,0x0a,0xff,0xa0,0x00,0x00,0x00,0x00,0x00,0x0a,0xfa,0xfe,0x50,0x00,0x00,0x00,0x6f,0xff,0xfb,0x10,0x00,0x00,
0x00,0x00,0x5f,0x88,0xff,0xf9,0x00,0x00,0x02,0xfc,0xcf,0xdf,0xd2,0x00,0x00,0x00,0x04,0xfe,0x08,0xfb,0x8f,0xd3,0x00,0x1d,
0xf3,0xcf,0x78,0xff,0x30,0x00,0x00,0x5f,0xf4,0x08,0xfb,0x08,0xff,0x11,0xdf,0x80,0xcf,0x70,0x9f,0xf4,0x00,0x06,0xff,0x70,
0x08,0xfb,0x00,0x99,0x2e,0xfc,0x00,0xcf,0x70,0x0a,0xff,0x50,0x05,0xf9,0x00,0x08,0xfb,0x00,0x00,0x3f,0xd1,0x00,0xcf,0x70,
0x00,0xbf,0x40,0x00,0x70,0x00,0x08,0xfb,0x00,0x00,0x07,0x10,0x00,0xae,0x60,0x00,0x03,0x00,0x00,0x00,0x00,0x00,0x00,0x00,
0x00,0x00,0x00,0x00,0x00,0x00,0x00,0x00,0x00,0x00,0x7b,0xbb,0xbb,0xbb,0xbb,0xbb,0xbb,0xbb,0xbb,0xbb,0xbb,0xbb,0xb9,0x00,
0x00,0xaf,0xff,0xff,0xff,0xff,0xff,0xff,0xff,0xff,0xff,0xff,0xff,0xfc,0x00,0x00,0x35,0x55,0x55,0x55,0x55,0x58,0xff,0x55,
0x55,0x55,0x55,0x5c,0xf8,0x00,0x00,0x00,0x00,0x00,0x00,0x00,0x03,0xff,0x00,0x00,0x00,0x00,0x0f,0xf3,0x00,0x00,0x00,0x00,
0x47,0x30,0x00,0x03,0xff,0x00,0x00,0x00,0x00,0x5f,0xe0,0x00,0x00,0x00,0x00,0xdf,0x80,0x00,0x03,0xff,0x00,0x00,0x00,0x00,
0x39,0x70,0x00,0x00,0x00,0x04,0xff,0x20,0x00,0x03,0xff,0xdd,0xdd,0xdd,0xdd,0x20,0x00,0x00,0x00,0x00,0x0b,0xfd,0x00,0x00,
0x03,0xff,0xff,0xff,0xff,0xff,0x30,0x00,0x00,0x00,0x00,0x3f,0xfc,0x00,0x00,0x03,0xff,0x33,0x33,0x33,0x33,0x00,0x00,0x00,
0x00,0x00,0xaf,0xff,0xc0,0x00,0x03,0xff,0x00,0x00,0x00,0x00,0x00,0x00,0x00,0x00,0x08,0xff,0x8e,0xfc,0x30,0x03,0xff,0x00,
0x00,0x00,0x00,0x00,0x00,0x00,0x00,0x7f,0xfa,0x02,0xef,0xfb,0x44,0xff,0x00,0x00,0x00,0x00,0x00,0x00,0x00,0x06,0xff,0xd0,
0x00,0x2b,0xff,0xff,0xff,0xaa,0x98,0x88,0x78,0x88,0x89,0x93,0x2f,0xfe,0x20,0x00,0x00,0x3b,0xef,0xff,0xff,0xff,0xff,0xff,
0xff,0xff,0xf1,0x09,0xd1,0x00,0x00,0x00,0x00,0x01,0x35,0x67,0x88,0x99,0x9a,0xaa,0xaa,0x80,0x00,0x10,0x00,0x00,0x00,0x00,
0x00,0x00,0x00,0x00,0x00,0x00,0x00,0x00,0x00,
/* U+6B21 */
0x00,0x00,0x00,0x00,0x00,0x00,0x01,0x10,0x00,0x00,0x00,0x00,0x00,0x00,0x00,0x00,0x00,0x00,0x00,0x00,0x00,0x07,0xfd,0x00,
0x00,0x00,0x00,0x00,0x00,0x00,0x03,0x80,0x00,0x00,0x00,0x00,0x0a,0xfb,0x00,0x00,0x00,0x00,0x00,0x00,0x00,0x2f,0xfa,0x00,
0x00,0x00,0x00,0x0d,0xf8,0x00,0x00,0x00,0x00,0x00,0x00,0x00,0x05,0xff,0x90,0x00,0x00,0x00,0x0f,0xf5,0x00,0x00,0x00,0x00,
0x00,0x00,0x00,0x00,0x6f,0xf8,0x00,0x00,0x00,0x4f,0xf6,0x44,0x44,0x44,0x44,0x44,0x44,0x20,0x00,0x07,0xff,0x60,0x00,0x00,
0x9f,0xff,0xff,0xff,0xff,0xff,0xff,0xff,0x80,0x00,0x00,0x9f,0xf3,0x00,0x00,0xef,0xfe,0xee,0xee,0xee,0xee,0xee,0xff,0x70,
0x00,0x00,0x0c,0xfe,0x00,0x04,0xff,0x30,0x00,0x00,0x00,0x00,0x02,0xff,0x10,0x00,0x00,0x01,0xc4,0x00,0x0c,0xfc,0x00,0x00,
0x00,0x00,0x00,0x07,0xfc,0x00,0x00,0x00,0x00,0x00,0x00,0x3f,0xf5,0x00,0x04,0xed,0x00,0x00,0x0d,0xf7,0x00,0x00,0x00,0x00,
0x00,0x00,0xcf,0xe0,0x00,0x05,0xfe,0x00,0x00,0x3f,0xf2,0x00,0x00,0x00,0x00,0x00,0x07,0xff,0x50,0x00,0x07,0xfd,0x00,0x00,
0x9f,0xd0,0x00,0x00,0x00,0x00,0x00,0x2f,0xfa,0x00,0x00,0x08,0xfc,0x00,0x00,0xef,0x70,0x00,0x00,0x00,0x00,0x00,0x07,0xe1,
0x00,0x00,0x09,0xfc,0x00,0x02,0xef,0x20,0x00,0x00,0x00,0x00,0x00,0x00,0x00,0x00,0x00,0x0a,0xff,0x00,0x00,0x02,0x00,0x00,
0x00,0x00,0x00,0xd9,0x10,0x00,0x00,0x00,0x0e,0xff,0x60,0x00,0x00,0x00,0x00,0x00,0x00,0x05,0xff,0x10,0x00,0x00,0x00,0x2f,
0xff,0xd0,0x00,0x00,0x00,0x00,0x00,0x00,0x0c,0xf9,0x00,0x00,0x00,0x00,0x6f,0xfe,0xf4,0x00,0x00,0x00,0x00,0x00,0x00,0x4f,
0xf2,0x00,0x00,0x00,0x00,0xaf,0xc6,0xfc,0x00,0x00,0x00,0x00,0x00,0x00,0xbf,0xb0,0x00,0x00,0x00,0x00,0xef,0x70,0xcf,0x60,
0x00,0x00,0x00,0x00,0x02,0xff,0x40,0x00,0x00,0x00,0x08,0xff,0x10,0x3f,0xf1,0x00,0x00,0x00,0x00,0x0a,0xfd,0x00,0x00,0x00,
0x00,0x2f,0xf9,0x00,0x09,0xfa,0x00,0x00,0x00,0x00,0x3f,0xf5,0x00,0x00,0x00,0x01,0xdf,0xf1,0x00,0x01,0xef,0x80,0x00,0x00,
0x00,0xbf,0xd0,0x00,0x00,0x00,0x0c,0xff,0x40,0x00,0x00,0x5f,0xf6,0x00,0x00,0x04,0xff,0x50,0x00,0x00,0x02,0xdf,0xf7,0x00,
0x00,0x00,0x09,0xff,0x50,0x00,0x0c,0xfc,0x00,0x00,0x00,0x5f,0xff,0x80,0x00,0x00,0x00,0x00,0xaf,0xf7,0x00,0x5f,0xf4,0x00,
0x00,0x2b,0xff,0xf5,0x00,0x00,0x00,0x00,0x00,0x0b,0xff,0xa0,0x4c,0xb0,0x00,0x04,0xff,0xfc,0x20,0x00,0x00,0x00,0x00,0x00,
0x00,0xaf,0xf9,0x00,0x00,0x00,0x00,0xae,0x50,0x00,0x00,0x00,0x00,0x00,0x00,0x00,0x07,0xd1,
/* U+6B62 */
0x00,0x00,0x00,0x00,0x00,0x00,0x00,0x0c,0xf9,0x00,0x00,0x00,0x00,0x00,0x00,0x00,0x00,0x00,0x00,0x00,0x00,0x00,0x0c,0xf9,
0x00,0x00,0x00,0x00,0x00,0x00,0x00,0x00,0x00,0x00,0x00,0x00,0x00,0x0c,0xf9,0x00,0x00,0x00,0x00,0x00,0x00,0x00,0x00,0x00,
0x00,0x00,0x00,0x00,0x0c,0xf9,0x00,0x00,0x00,0x00,0x00,0x00,0x00,0x00,0x00,0x00,0x00,0x00,0x00,0x0c,0xf9,0x00,0x00,0x00,
0x00,0x00,0x00,0x00,0x00,0x00,0x46,0x30,0x00,0x00,0x0c,0xf9,0x00,0x00,0x00,0x00,0x00,0x00,0x00,0x00,0x00,0xcf,0x80,0x00,
0x00,0x0c,0xf9,0x00,0x00,0x00,0x00,0x00,0x00,0x00,0x00,0x00,0xcf,0x80,0x00,0x00,0x0c,0xf9,0x00,0x00,0x00,0x00,0x00,0x00,
0x00,0x00,0x00,0xcf,0x80,0x00,0x00,0x0c,0xf9,0x00,0x00,0x00,0x00,0x00,0x00,0x00,0x00,0x00,0xcf,0x80,0x00,0x00,0x0c,0xf9,
0x00,0x00,0x00,0x00,0x00,0x00,0x00,0x00,0x00,0xcf,0x80,0x00,0x00,0x0c,0xfd,0x99,0x99,0x99,0x99,0x94,0x00,0x00,0x00,0x00,
0xcf,0x80,0x00,0x00,0x0c,0xff,0xff,0xff,0xff,0xff,0xf7,0x00,0x00,0x00,0x00,0xcf,0x80,0x00,0x00,0x0c,0xfd,0xaa,0xaa,0xaa,
0xaa,0xa4,0x00,0x00,0x00,0x00,0xcf,0x80,0x00,0x00,0x0c,0xf9,0x00,0x00,0x00,0x00,0x00,0x00,0x00,0x00,0x00,0xcf,0x80,0x00,
0x00,0x0c,0xf9,0x00,0x00,0x00,0x00,0x00,0x00,0x00,0x00,0x00,0xcf,0x80,0x00,0x00,0x0c,0xf9,0x00,0x00,0x00,0x00,0x00,0x00,
0x00,0x00,0x00,0xcf,0x80,0x00,0x00,0x0c,0xf9,0x00,0x00,0x00,0x00,0x00,0x00,0x00,0x00,0x00,0xcf,0x80,0x00,0x00,0x0c,0xf9,
0x00,0x00,0x00,0x00,0x00,0x00,0x00,0x00,0x00,0xcf,0x80,0x00,0x00,0x0c,0xf9,0x00,0x00,0x00,0x00,0x00,0x00,0x00,0x00,0x00,
0xcf,0x80,0x00,0x00,0x0c,0xf9,0x00,0x00,0x00,0x00,0x00,0x00,0x00,0x00,0x00,0xcf,0x80,0x00,0x00,0x0c,0xf9,0x00,0x00,0x00,
0x00,0x00,0x00,0x00,0x00,0x00,0xcf,0x80,0x00,0x00,0x0c,0xf9,0x00,0x00,0x00,0x00,0x00,0x00,0x00,0x00,0x00,0xcf,0x80,0x00,
0x00,0x0c,0xf9,0x00,0x00,0x00,0x00,0x00,0x00,0x00,0x00,0x00,0xcf,0x80,0x00,0x00,0x0c,0xf9,0x00,0x00,0x00,0x00,0x00,0x00,
0x00,0x00,0x00,0xcf,0x80,0x00,0x00,0x0c,0xf9,0x00,0x00,0x00,0x00,0x00,0x00,0x16,0x66,0x66,0xdf,0xb6,0x66,0x66,0x6d,0xfc,
0x66,0x66,0x66,0x66,0x66,0x61,0x3f,0xff,0xff,0xff,0xff,0xff,0xff,0xff,0xff,0xff,0xff,0xff,0xff,0xff,0xf3,0x2d,0xdd,0xdd,
0xdd,0xdd,0xdd,0xdd,0xdd,0xdd,0xdd,0xdd,0xdd,0xdd,0xdd,0xd2,
/* U+6B63 */
0x00,0x27,0x77,0x77,0x77,0x77,0x77,0x77,0x77,0x77,0x77,0x77,0x77,0x77,0x00,0x00,0x5f,0xff,0xff,0xff,0xff,0xff,0xff,0xff,
0xff,0xff,0xff,0xff,0xfe,0x00,0x00,0x4c,0xcc,0xcc,0xcc,0xcc,0xcc,0xdf,0xfc,0xcc,0xcc,0xcc,0xcc,0xcb,0x00,0x00,0x00,0x00,
0x00,0x00,0x00,0x00,0x4f,0xf1,0x00,0x00,0x00,0x00,0x00,0x00,0x00,0x00,0x00,0x00,0x00,0x00,0x00,0x4f,0xf1,0x00,0x00,0x00,
0x00,0x00,0x00,0x00,0x00,0x00,0x00,0x00,0x00,0x00,0x4f,0xf1,0x00,0x00,0x00,0x00,0x00,0x00,0x00,0x00,0x00,0x00,0x00,0x00,
0x00,0x4f,0xf1,0x00,0x00,0x00,0x00,0x00,0x00,0x00,0x00,0x00,0x00,0x00,0x00,0x00,0x4f,0xf1,0x00,0x00,0x00,0x00,0x00,0x00,
0x00,0x00,0x00,0x00,0x00,0x00,0x00,0x4f,0xf1,0x00,0x00,0x00,0x00,0x00,0x00,0x00,0x00,0x02,0xcc,0x00,0x00,0x00,0x4f,0xf1,
0x00,0x00,0x00,0x00,0x00,0x00,0x00,0x00,0x03,0xff,0x00,0x00,0x00,0x4f,0xf1,0x00,0x00,0x00,0x00,0x00,0x00,0x00,0x00,0x03,
0xff,0x00,0x00,0x00,0x4f,0xf1,0x00,0x00,0x00,0x00,0x00,0x00,0x00,0x00,0x03,0xff,0x00,0x00,0x00,0x4f,0xfe,0xee,0xee,0xee,
0xee,0x40,0x00,0x00,0x00,0x03,0xff,0x00,0x00,0x00,0x4f,0xff,0xff,0xff,0xff,0xff,0x40,0x00,0x00,0x00,0x03,0xff,0x00,0x00,
0x00,0x4f,0xf5,0x44,0x44,0x44,0x44,0x10,0x00,0x00,0x00,0x03,0xff,0x00,0x00,0x00,0x4f,0xf1,0x00,0x00,0x00,0x00,0x00,0x00,
0x00,0x00,0x03,0xff,0x00,0x00,0x00,0x4f,0xf1,0x00,0x00,0x00,0x00,0x00,0x00,0x00,0x00,0x03,0xff,0x00,0x00,0x00,0x4f,0xf1,
0x00,0x00,0x00,0x00,0x00,0x00,0x00,0x00,0x03,0xff,0x00,0x00,0x00,0x4f,0xf1,0x00,0x00,0x00,0x00,0x00,0x00,0x00,0x00,0x03,
0xff,0x00,0x00,0x00,0x4f,0xf1,0x00,0x00,0x00,0x00,0x00,0x00,0x00,0x00,0x03,0xff,0x00,0x00,0x00,0x4f,0xf1,0x00,0x00,0x00,
0x00,0x00,0x00,0x00,0x00,0x03,0xff,0x00,0x00,0x00,0x4f,0xf1,0x00,0x00,0x00,0x00,0x00,0x00,0x00,0x00,0x03,0xff,0x00,0x00,
0x00,0x4f,0xf1,0x00,0x00,0x00,0x00,0x00,0x00,0x00,0x00,0x03,0xff,0x00,0x00,0x00,0x4f,0xf1,0x00,0x00,0x00,0x00,0x00,0x00,
0x17,0x77,0x79,0xff,0x77,0x77,0x77,0x9f,0xf7,0x77,0x77,0x77,0x77,0x77,0x71,0x3f,0xff,0xff,0xff,0xff,0xff,0xff,0xff,0xff,
0xff,0xff,0xff,0xff,0xff,0xf4,0x3c,0xcc,0xcc,0xcc,0xcc,0xcc,0xcc,0xcc,0xcc,0xcc,0xcc,0xcc,0xcc,0xcc,0xc3,
/* U+6B65 */
0x00,0x00,0x00,0x00,0x00,0x00,0x00,0x33,0x10,0x00,0x00,0x00,0x00,0x00,0x00,0x00,0x00,0x00,0x00,0x00,0x00,0x00,0xff,0x50,
0x00,0x00,0x00,0x00,0x00,0x00,0x00,0x00,0x00,0x00,0x00,0x00,0x00,0xff,0x50,0x00,0x00,0x00,0x00,0x00,0x00,0x00,0x00,0x03,
0xbb,0x00,0x00,0x00,0xff,0x50,0x00,0x00,0x00,0x00,0x00,0x00,0x00,0x00,0x04,0xff,0x00,0x00,0x00,0xff,0x95,0x55,0x55,0x55,
0x55,0x00,0x00,0x00,0x00,0x04,0xff,0x00,0x00,0x00,0xff,0xff,0xff,0xff,0xff,0xff,0x00,0x00,0x00,0x00,0x04,0xff,0x00,0x00,
0x00,0xff,0xed,0xdd,0xdd,0xdd,0xdd,0x00,0x00,0x00,0x00,0x04,0xff,0x00,0x00,0x00,0xff,0x50,0x00,0x00,0x00,0x00,0x00,0x00,
0x00,0x00,0x04,0xff,0x00,0x00,0x00,0xff,0x50,0x00,0x00,0x00,0x00,0x00,0x00,0x00,0x00,0x04,0xff,0x00,0x00,0x00,0xff,0x50,
0x00,0x00,0x00,0x00,0x00,0x00,0x00,0x00,0x04,0xff,0x00,0x00,0x00,0xff,0x50,0x00,0x00,0x00,0x00,0x00,0x00,0x2b,0xbb,0xbc,
0xff,0xbb,0xbb,0xbb,0xff,0xcb,0xbb,0xbb,0xbb,0xbb,0xbb,0xb2,0x3f,0xff,0xff,0xff,0xff,0xff,0xff,0xff,0xff,0xff,0xff,0xff,
0xff,0xff,0xf3,0x18,0x88,0x88,0x88,0x88,0x88,0x88,0xef,0xc8,0x88,0x88,0x88,0x88,0x88,0x81,0x00,0x00,0x00,0x00,0x00,0x00,
0x00,0xcf,0x80,0x00,0x00,0x00,0x00,0x00,0x00,0x00,0x00,0x00,0x01,0xc2,0x00,0x00,0xcf,0x80,0x00,0x00,0x00,0x00,0x00,0x00,
0x00,0x00,0x00,0x0b,0xfd,0x00,0x00,0xcf,0x80,0x00,0x00,0x00,0xd9,0x10,0x00,0x00,0x00,0x00,0x8f,0xf4,0x00,0x00,0xcf,0x80,
0x00,0x00,0x09,0xff,0x40,0x00,0x00,0x00,0x05,0xff,0x80,0x00,0x00,0xcf,0x80,0x00,0x00,0x3f,0xfb,0x00,0x00,0x00,0x00,0x4f,
0xfb,0x00,0x00,0x00,0xcf,0x80,0x00,0x00,0xdf,0xf3,0x00,0x00,0x00,0x06,0xff,0xe1,0x00,0x00,0x00,0xcf,0x80,0x00,0x07,0xff,
0x90,0x00,0x00,0x00,0x7f,0xfd,0x10,0x00,0x00,0x00,0xcf,0x80,0x00,0x4f,0xfc,0x00,0x00,0x00,0x02,0xff,0xc1,0x00,0x00,0x00,
0x00,0xcf,0x80,0x07,0xff,0xe2,0x00,0x00,0x00,0x00,0x8b,0x00,0x00,0x00,0x00,0x00,0x23,0x10,0xbf,0xfe,0x30,0x00,0x00,0x00,
0x00,0x00,0x00,0x00,0x00,0x00,0x00,0x00,0x2d,0xff,0xe2,0x00,0x00,0x00,0x00,0x00,0x00,0x00,0x00,0x00,0x00,0x00,0x4a,0xff,
0xfb,0x10,0x00,0x00,0x00,0x00,0x00,0x00,0x00,0x00,0x00,0x02,0x8e,0xff,0xff,0x60,0x00,0x00,0x00,0x00,0x00,0x00,0x00,0x12,
0x46,0x79,0xcf,0xff,0xff,0x81,0x00,0x00,0x00,0x00,0x00,0x00,0x00,0x4f,0xff,0xff,0xff,0xff,0xfc,0x71,0x00,0x00,0x00,0x00,
0x00,0x00,0x00,0x00,0x0e,0xff,0xff,0xec,0x96,0x10,0x00,0x00,0x00,0x00,0x00,0x00,0x00,0x00,0x00,0x03,0x43,0x21,0x00,0x00,
0x00,0x00,0x00,0x00,0x00,0x00,0x00,0x00,0x00,
/* U+6C14 */
0x00,0x00,0x00,0x03,0x00,0x00,0x00,0x00,0x00,0x00,0x00,0x00,0x00,0x00,0x00,0x00,0x00,0x00,0x4f,0xf4,0x00,0x00,0x00,0x00,
0x00,0x00,0x00,0x00,0x00,0x00,0x00,0x00,0x00,0xcf,0xe0,0x00,0x00,0x00,0x00,0x00,0x00,0x00,0x00,0x00,0x00,0x00,0x00,0x04,
0xff,0xa3,0x33,0x33,0x33,0x33,0x33,0x33,0x33,0x33,0x30,0x00,0x00,0x00,0x0c,0xff,0xff,0xff,0xff,0xff,0xff,0xff,0xff,0xff,
0xff,0xf0,0x00,0x00,0x00,0x4f,0xff,0xff,0xff,0xff,0xff,0xff,0xff,0xff,0xff,0xff,0xf0,0x00,0x00,0x00,0xcf,0xd1,0x00,0x00,
0x00,0x00,0x00,0x00,0x00,0x00,0x00,0x00,0x00,0x00,0x09,0xff,0x30,0x00,0x00,0x00,0x00,0x00,0x00,0x00,0x00,0x00,0x00,0x00,
0x00,0x6f,0xf9,0x02,0x22,0x22,0x22,0x22,0x22,0x22,0x22,0x22,0x21,0x00,0x00,0x03,0xff,0xd0,0x3f,0xff,0xff,0xff,0xff,0xff,
0xff,0xff,0xff,0xf7,0x00,0x00,0x1e,0xfe,0x20,0x3f,0xff,0xff,0xff,0xff,0xff,0xff,0xff,0xff,0xf7,0x00,0x00,0x2f,0xf3,0x00,
0x00,0x00,0x00,0x00,0x00,0x00,0x00,0x00,0x00,0x00,0x00,0x00,0x05,0x50,0x00,0x00,0x00,0x00,0x00,0x00,0x00,0x00,0x00,0x00,
0x00,0x00,0x00,0x00,0x02,0x33,0x33,0x33,0x33,0x33,0x33,0x33,0x33,0x33,0x31,0x00,0x00,0x00,0x00,0x0b,0xff,0xff,0xff,0xff,
0xff,0xff,0xff,0xff,0xff,0xf7,0x00,0x00,0x00,0x00,0x0b,0xff,0xff,0xff,0xff,0xff,0xff,0xff,0xff,0xff,0xf7,0x00,0x00,0x00,
0x00,0x00,0x00,0x00,0x00,0x00,0x00,0x00,0x00,0x00,0x09,0xf7,0x00,0x00,0x00,0x00,0x00,0x00,0x00,0x00,0x00,0x00,0x00,0x00,
0x00,0x09,0xf7,0x00,0x00,0x00,0x00,0x00,0x00,0x00,0x00,0x00,0x00,0x00,0x00,0x00,0x09,0xf7,0x00,0x00,0x00,0x00,0x00,0x00,
0x00,0x00,0x00,0x00,0x00,0x00,0x00,0x09,0xf8,0x00,0x00,0x00,0x00,0x00,0x00,0x00,0x00,0x00,0x00,0x00,0x00,0x00,0x08,0xf8,
0x00,0x00,0x00,0x00,0x00,0x00,0x00,0x00,0x00,0x00,0x00,0x00,0x00,0x08,0xf9,0x00,0x00,0x00,0x00,0x00,0x00,0x00,0x00,0x00,
0x00,0x00,0x00,0x00,0x06,0xf9,0x00,0x01,0x70,0x00,0x00,0x00,0x00,0x00,0x00,0x00,0x00,0x00,0x00,0x05,0xfb,0x00,0x05,0xfb,
0x00,0x00,0x00,0x00,0x00,0x00,0x00,0x00,0x00,0x00,0x03,0xfd,0x00,0x09,0xf8,0x00,0x00,0x00,0x00,0x00,0x00,0x00,0x00,0x00,
0x00,0x01,0xff,0x10,0x0c,0xf5,0x00,0x00,0x00,0x00,0x00,0x00,0x00,0x00,0x00,0x00,0x00,0xdf,0x80,0x2f,0xf1,0x00,0x00,0x00,
0x00,0x00,0x00,0x00,0x00,0x00,0x00,0x00,0x7f,0xf9,0xcf,0xb0,0x00,0x00,0x00,0x00,0x00,0x00,0x00,0x00,0x00,0x00,0x00,0x0c,
0xff,0xff,0x40,0x00,0x00,0x00,0x00,0x00,0x00,0x00,0x00,0x00,0x00,0x00,0x01,0xae,0xf7,0x00,
/* U+6CD5 */
0x00,0x00,0x00,0x00,0x00,0x00,0x00,0x00,0x00,0x22,0x00,0x00,0x00,0x00,0x00,0x00,0x24,0x00,0x00,0x00,0x00,0x00,0x00,0x06,
0xff,0x00,0x00,0x00,0x00,0x00,0x02,0xef,0x70,0x00,0x00,0x00,0x00,0x00,0x06,0xff,0x00,0x00,0x00,0x00,0x00,0x01,0xcf,0xfa,
0x00,0x00,0x00,0x00,0x00,0x06,0xff,0x00,0x00,0x00,0x00,0x00,0x00,0x09,0xff,0xb0,0x00,0x00,0x00,0x00,0x06,0xff,0x00,0x00,
0x00,0x00,0x00,0x00,0x00,0x7f,0xfb,0x00,0x00,0x00,0x00,0x06,0xff,0x00,0x00,0x00,0x00,0x00,0x00,0x00,0x08,0xfd,0x10,0xff,
0xff,0xff,0xff,0xff,0xff,0xff,0xff,0xff,0x30,0x00,0x00,0x00,0x71,0x00,0xff,0xff,0xff,0xff,0xff,0xff,0xff,0xff,0xff,0x30,
0x00,0x00,0x00,0x00,0x00,0x33,0x33,0x33,0x38,0xff,0x33,0x33,0x33,0x33,0x00,0x05,0xd2,0x00,0x00,0x00,0x00,0x00,0x00,0x06,
0xff,0x00,0x00,0x00,0x00,0x00,0x1f,0xfe,0x30,0x00,0x00,0x00,0x00,0x00,0x06,0xff,0x00,0x00,0x00,0x00,0x00,0x03,0xef,0xf4,
0x00,0x00,0x00,0x00,0x00,0x06,0xff,0x00,0x00,0x00,0x00,0x00,0x00,0x2e,0xff,0x30,0x00,0x00,0x00,0x00,0x06,0xff,0x00,0x00,
0x00,0x00,0x00,0x00,0x02,0xef,0xe0,0x00,0x00,0x00,0x00,0x06,0xff,0x00,0x00,0x00,0x00,0x00,0x00,0x00,0x3e,0x40,0x6c,0xcc,
0xcc,0xcc,0xcd,0xff,0xcc,0xcc,0xcc,0xcc,0xc0,0x00,0x00,0x01,0x00,0x7f,0xff,0xff,0xff,0xff,0xff,0xff,0xff,0xff,0xff,0xf1,
0x00,0x00,0x00,0x00,0x37,0x77,0x77,0x77,0xff,0xb7,0x77,0x77,0x77,0x77,0x70,0x00,0x00,0x00,0x10,0x00,0x00,0x00,0x05,0xff,
0x20,0x00,0x00,0x00,0x00,0x00,0x00,0x00,0x04,0xfa,0x00,0x00,0x00,0x0d,0xfb,0x00,0x00,0x00,0x00,0x00,0x00,0x00,0x00,0x0b,
0xfb,0x00,0x00,0x00,0x4f,0xf4,0x00,0x00,0x4a,0x90,0x00,0x00,0x00,0x00,0x1f,0xf4,0x00,0x00,0x00,0xbf,0xc0,0x00,0x00,0x6f,
0xf2,0x00,0x00,0x00,0x00,0x7f,0xe0,0x00,0x00,0x03,0xff,0x40,0x00,0x00,0x0d,0xf9,0x00,0x00,0x00,0x00,0xdf,0x70,0x00,0x00,
0x0c,0xfd,0x00,0x00,0x00,0x05,0xff,0x20,0x00,0x00,0x04,0xff,0x10,0x00,0x00,0x4f,0xf4,0x00,0x00,0x00,0x00,0xcf,0x90,0x00,
0x00,0x0b,0xfa,0x00,0x00,0x00,0xdf,0xb0,0x00,0x00,0x00,0x00,0x3f,0xf1,0x00,0x00,0x3f,0xf4,0x00,0x00,0x08,0xff,0x20,0x00,
0x01,0x46,0x9b,0xdf,0xf9,0x00,0x00,0xaf,0xd0,0x00,0x00,0x5f,0xf9,0x58,0xac,0xff,0xff,0xff,0xff,0xff,0x10,0x02,0xff,0x70,
0x00,0x02,0xff,0xff,0xff,0xff,0xff,0xfd,0xa7,0x52,0xdf,0x90,0x09,0xff,0x10,0x00,0x00,0xff,0xfe,0xca,0x86,0x42,0x00,0x00,
0x00,0x7f,0xf1,0x01,0x89,0x00,0x00,0x00,0x21,0x00,0x00,0x00,0x00,0x00,0x00,0x00,0x1f,0xc2,0x00,0x00,0x00,0x00,0x00,0x00,
0x00,0x00,0x00,0x00,0x00,0x00,0x00,0x01,0x00,
/* U+6E05 */
0x00,0x00,0x00,0x00,0x00,0x00,0x00,0x00,0x02,0x20,0x00,0x00,0x00,0x00,0x00,0x08,0x10,0x00,0x00,0x00,0x00,0x00,0x01,0xff,
0x10,0x00,0x00,0x00,0x00,0x0b,0xfd,0x30,0x00,0x02,0x22,0x22,0x22,0x3f,0xf3,0x22,0x22,0x22,0x21,0x00,0x6f,0xff,0x50,0x06,
0xff,0xff,0xff,0xff,0xff,0xff,0xff,0xff,0xff,0xa0,0x00,0x3d,0xff,0x50,0x5c,0xcc,0xcc,0xcc,0xdf,0xfd,0xcc,0xcc,0xcc,0xc8,
0x00,0x00,0x1d,0xff,0x10,0x00,0x00,0x00,0x01,0xff,0x10,0x00,0x00,0x00,0x00,0x00,0x00,0x1c,0x40,0x00,0x11,0x11,0x11,0x3f,
0xf3,0x11,0x11,0x11,0x00,0x00,0x00,0x00,0x00,0x00,0x1f,0xff,0xff,0xff,0xff,0xff,0xff,0xff,0xf6,0x00,0x00,0x00,0x00,0x00,
0x01,0xcc,0xcc,0xcc,0xcf,0xfc,0xcc,0xcc,0xcc,0x50,0x02,0xd3,0x00,0x00,0x00,0x00,0x00,0x00,0x01,0xff,0x10,0x00,0x00,0x00,
0x00,0xdf,0xf5,0x00,0x00,0x11,0x11,0x11,0x11,0x2f,0xf2,0x11,0x11,0x11,0x11,0x02,0xdf,0xf7,0x00,0x6f,0xff,0xff,0xff,0xff,
0xff,0xff,0xff,0xff,0xff,0xf8,0x01,0xbf,0xf7,0x05,0xdd,0xdd,0xdd,0xdd,0xdd,0xdd,0xdd,0xdd,0xdd,0xdd,0x70,0x00,0xbf,0xf5,
0x00,0x00,0x00,0x00,0x00,0x00,0x00,0x00,0x00,0x00,0x00,0x00,0x00,0xbb,0x00,0x00,0x01,0x11,0x11,0x11,0x11,0x11,0x11,0x10,
0x00,0x00,0x00,0x00,0x00,0x00,0x08,0xff,0xff,0xff,0xff,0xff,0xff,0xff,0xa0,0x00,0x00,0x00,0x00,0x00,0x00,0x8f,0xfd,0xdd,
0xdd,0xdd,0xdd,0xde,0xfa,0x00,0x00,0x00,0x00,0x00,0x00,0x08,0xfa,0x00,0x00,0x00,0x00,0x00,0x8f,0xa0,0x00,0x00,0x00,0x9d,
0x40,0x00,0x8f,0xa0,0x00,0x00,0x00,0x00,0x08,0xfa,0x00,0x00,0x00,0x0f,0xf5,0x00,0x08,0xfe,0xcc,0xcc,0xcc,0xcc,0xcc,0xef,
0xa0,0x00,0x00,0x06,0xfe,0x00,0x00,0x8f,0xff,0xff,0xff,0xff,0xff,0xff,0xfa,0x00,0x00,0x00,0xcf,0x90,0x00,0x08,0xfa,0x00,
0x00,0x00,0x00,0x00,0x8f,0xa0,0x00,0x00,0x3f,0xf3,0x00,0x00,0x8f,0xa0,0x00,0x00,0x00,0x00,0x08,0xfa,0x00,0x00,0x09,0xfc,
0x00,0x00,0x08,0xfe,0xbb,0xbb,0xbb,0xbb,0xbb,0xef,0xa0,0x00,0x00,0xff,0x60,0x00,0x00,0x8f,0xff,0xff,0xff,0xff,0xff,0xff,
0xfa,0x00,0x00,0x6f,0xf1,0x00,0x00,0x08,0xfa,0x00,0x00,0x00,0x00,0x00,0x9f,0xa0,0x00,0x0c,0xfa,0x00,0x00,0x00,0x8f,0xa0,
0x00,0x00,0x00,0x00,0x08,0xfa,0x00,0x02,0xff,0x40,0x00,0x00,0x08,0xfa,0x00,0x00,0x00,0x00,0x00,0xcf,0x90,0x00,0x8f,0xe0,
0x00,0x00,0x00,0x8f,0xa0,0x00,0x00,0x06,0xff,0xff,0xf5,0x00,0x00,0x66,0x00,0x00,0x00,0x08,0xfa,0x00,0x00,0x00,0x1f,0xff,
0xd8,0x00,0x00,0x00,0x00,0x00,0x00,0x00,0x13,0x20,0x00,0x00,0x00,0x00,0x00,0x00,0x00,0x00,
/* U+6E29 */
0x00,0x70,0x00,0x00,0x00,0x00,0x00,0x00,0x00,0x00,0x00,0x00,0x00,0x00,0x00,0xbf,0xd3,0x00,0x00,0x0a,0xdd,0xdd,0xdd,0xdd,
0xdd,0xdd,0xdd,0x30,0x00,0x06,0xff,0xf6,0x00,0x00,0xbf,0xff,0xff,0xff,0xff,0xff,0xff,0xf3,0x00,0x00,0x02,0xdf,0xf8,0x00,
0x0b,0xf9,0x33,0x33,0x33,0x33,0x33,0xff,0x30,0x00,0x00,0x00,0xbf,0xf5,0x00,0xbf,0x70,0x00,0x00,0x00,0x00,0x0f,0xf3,0x00,
0x00,0x00,0x00,0xa9,0x00,0x0b,0xf7,0x00,0x00,0x00,0x00,0x00,0xff,0x30,0x00,0x00,0x00,0x00,0x00,0x00,0xbf,0xda,0xaa,0xaa,
0xaa,0xaa,0xaf,0xf3,0x00,0x00,0x00,0x00,0x00,0x00,0x0b,0xff,0xff,0xff,0xff,0xff,0xff,0xff,0x30,0x00,0x2c,0x30,0x00,0x00,
0x00,0xbf,0xa5,0x55,0x55,0x55,0x55,0x5f,0xf3,0x00,0x0d,0xff,0x60,0x00,0x00,0x0b,0xf7,0x00,0x00,0x00,0x00,0x00,0xff,0x30,
0x00,0x2d,0xff,0x80,0x00,0x00,0xbf,0x70,0x00,0x00,0x00,0x00,0x0f,0xf3,0x00,0x00,0x0b,0xff,0x90,0x00,0x0b,0xfc,0x99,0x99,
0x99,0x99,0x99,0xff,0x30,0x00,0x00,0x0a,0xff,0x70,0x00,0xbf,0xff,0xff,0xff,0xff,0xff,0xff,0xf3,0x00,0x00,0x00,0x0a,0xc0,
0x00,0x05,0x66,0x66,0x66,0x66,0x66,0x66,0x66,0x10,0x00,0x00,0x00,0x00,0x00,0x00,0x00,0x00,0x00,0x00,0x00,0x00,0x00,0x00,
0x00,0x00,0x00,0x00,0x00,0x00,0x00,0x00,0x00,0x00,0x00,0x00,0x00,0x00,0x00,0x00,0x00,0x00,0x00,0x00,0x1e,0xee,0xee,0xee,
0xee,0xee,0xee,0xee,0xee,0xb0,0x00,0x00,0x08,0xc5,0x01,0xff,0xff,0xff,0xff,0xff,0xff,0xff,0xff,0xfc,0x00,0x00,0x00,0xef,
0x60,0x1f,0xf5,0x33,0xcf,0x73,0x3c,0xf8,0x33,0x9f,0xc0,0x00,0x00,0x5f,0xf0,0x01,0xff,0x20,0x0b,0xf5,0x00,0xbf,0x60,0x07,
0xfc,0x00,0x00,0x0b,0xfa,0x00,0x1f,0xf2,0x00,0xbf,0x50,0x0b,0xf6,0x00,0x7f,0xc0,0x00,0x02,0xff,0x30,0x01,0xff,0x20,0x0b,
0xf5,0x00,0xbf,0x60,0x07,0xfc,0x00,0x00,0x8f,0xd0,0x00,0x1f,0xf2,0x00,0xbf,0x50,0x0b,0xf6,0x00,0x7f,0xc0,0x00,0x0e,0xf7,
0x00,0x01,0xff,0x20,0x0b,0xf5,0x00,0xbf,0x60,0x07,0xfc,0x00,0x05,0xff,0x10,0x00,0x1f,0xf2,0x00,0xbf,0x50,0x0b,0xf6,0x00,
0x7f,0xc0,0x00,0xcf,0xa0,0x00,0x01,0xff,0x20,0x0b,0xf5,0x00,0xbf,0x60,0x07,0xfc,0x00,0x3f,0xf4,0x00,0x2b,0xcf,0xfc,0xbb,
0xef,0xdb,0xbe,0xfd,0xbb,0xdf,0xfb,0x68,0xfd,0x00,0x03,0xff,0xff,0xff,0xff,0xff,0xff,0xff,0xff,0xff,0xff,0xf8,0x05,0x50,
0x00,0x16,0x66,0x66,0x66,0x66,0x66,0x66,0x66,0x66,0x66,0x66,0x30,
/* U+70B9 */
0x00,0x00,0x00,0x00,0x00,0x00,0x00,0x10,0x00,0x00,0x00,0x00,0x00,0x00,0x00,0x00,0x00,0x00,0x00,0x00,0x00,0x0a,0xf9,0x00,
0x00,0x00,0x00,0x00,0x00,0x00,0x00,0x00,0x00,0x00,0x00,0x00,0x0a,0xf9,0x00,0x00,0x00,0x00,0x00,0x00,0x00,0x00,0x00,0x00,
0x00,0x00,0x00,0x0a,0xf9,0x00,0x00,0x00,0x00,0x00,0x00,0x00,0x00,0x00,0x00,0x00,0x00,0x00,0x0a,0xff,0xff,0xff,0xff,0xff,
0xff,0xff,0x00,0x00,0x00,0x00,0x00,0x00,0x00,0x0a,0xff,0xff,0xff,0xff,0xff,0xff,0xff,0x00,0x00,0x00,0x00,0x00,0x00,0x00,
0x0a,0xfa,0x33,0x33,0x33,0x33,0x33,0x33,0x00,0x00,0x00,0x00,0x00,0x00,0x00,0x0a,0xf9,0x00,0x00,0x00,0x00,0x00,0x00,0x00,
0x00,0x00,0x00,0x00,0x00,0x00,0x0a,0xf9,0x00,0x00,0x00,0x00,0x00,0x00,0x00,0x00,0x00,0x00,0x00,0x00,0x00,0x0a,0xf9,0x00,
0x00,0x00,0x00,0x00,0x00,0x00,0x00,0x00,0x4b,0xbb,0xbb,0xbb,0xbe,0xfe,0xbb,0xbb,0xbb,0xbb,0xb9,0x00,0x00,0x00,0x00,0x5f,
0xff,0xff,0xff,0xff,0xff,0xff,0xff,0xff,0xff,0xfd,0x00,0x00,0x00,0x00,0x5f,0xf7,0x77,0x77,0x77,0x77,0x77,0x77,0x77,0x7b,
0xfd,0x00,0x00,0x00,0x00,0x5f,0xe0,0x00,0x00,0x00,0x00,0x00,0x00,0x00,0x07,0xfd,0x00,0x00,0x00,0x00,0x5f,0xe0,0x00,0x00,
0x00,0x00,0x00,0x00,0x00,0x07,0xfd,0x00,0x00,0x00,0x00,0x5f,0xe0,0x00,0x00,0x00,0x00,0x00,0x00,0x00,0x07,0xfd,0x00,0x00,
0x00,0x00,0x5f,0xe0,0x00,0x00,0x00,0x00,0x00,0x00,0x00,0x07,0xfd,0x00,0x00,0x00,0x00,0x5f,0xe0,0x00,0x00,0x00,0x00,0x00,
0x00,0x00,0x07,0xfd,0x00,0x00,0x00,0x00,0x5f,0xf9,0x99,0x99,0x99,0x99,0x99,0x99,0x99,0x9c,0xfd,0x00,0x00,0x00,0x00,0x5f,
0xff,0xff,0xff,0xff,0xff,0xff,0xff,0xff,0xff,0xfd,0x00,0x00,0x00,0x00,0x38,0x88,0x88,0x88,0x88,0x88,0x88,0x88,0x88,0x88,
0x86,0x00,0x00,0x00,0x00,0x00,0x00,0x00,0x00,0x00,0x00,0x00,0x00,0x00,0x00,0x00,0x00,0x00,0x00,0x00,0xb9,0x20,0x00,0x00,
0x00,0x00,0x14,0x20,0x00,0x04,0xd3,0x00,0x00,0x00,0x03,0xff,0x30,0x06,0xeb,0x00,0x00,0xbf,0x90,0x00,0x0c,0xfd,0x00,0x00,
0x00,0x0c,0xfb,0x00,0x04,0xff,0x00,0x00,0x5f,0xe0,0x00,0x02,0xff,0xa0,0x00,0x00,0x4f,0xf3,0x00,0x00,0xff,0x30,0x00,0x0e,
0xf4,0x00,0x00,0x6f,0xf5,0x00,0x01,0xef,0xb0,0x00,0x00,0xcf,0x70,0x00,0x09,0xf9,0x00,0x00,0x0b,0xfe,0x10,0x0a,0xff,0x20,
0x00,0x00,0x9f,0xb0,0x00,0x04,0xfe,0x00,0x00,0x01,0xff,0x90,0x5f,0xf6,0x00,0x00,0x00,0x6f,0xf0,0x00,0x00,0xff,0x40,0x00,
0x00,0x7f,0xf3,0x08,0xb0,0x00,0x00,0x00,0x2f,0xe2,0x00,0x00,0xbf,0x70,0x00,0x00,0x0d,0x90,0x00,0x00,0x00,0x00,0x00,0x02,
0x00,0x00,0x00,0x10,0x00,0x00,0x00,0x01,0x00,
/* U+7136 */
0x00,0x00,0x00,0x01,0x10,0x00,0x00,0x00,0x00,0x00,0x00,0x00,0x00,0x00,0x00,0x00,0x00,0x00,0x0c,0xf9,0x00,0x00,0x00,0x00,
0x02,0xff,0x00,0x76,0x00,0x00,0x00,0x00,0x00,0x2f,0xf5,0x11,0x11,0x11,0x00,0x02,0xff,0x03,0xff,0x40,0x00,0x00,0x00,0x00,
0x7f,0xff,0xff,0xff,0xfb,0x00,0x02,0xff,0x00,0x6f,0xf2,0x00,0x00,0x00,0x00,0xef,0xff,0xff,0xff,0xfb,0x00,0x02,0xff,0x00,
0x09,0xfd,0x00,0x00,0x00,0x06,0xff,0x20,0x00,0x0d,0xf7,0x00,0x02,0xff,0x00,0x00,0xdf,0x50,0x00,0x00,0x0e,0xf9,0x00,0x00,
0x2f,0xf1,0x00,0x03,0xfe,0x00,0x00,0x33,0x00,0x00,0x00,0x8f,0xfd,0x60,0x00,0x8f,0xc4,0x55,0x58,0xfe,0x55,0x55,0x55,0x30,
0x00,0x04,0xff,0xef,0xff,0x92,0xdf,0x6c,0xff,0xff,0xff,0xff,0xff,0xff,0xc0,0x00,0x1e,0xfc,0x04,0xbf,0xff,0xff,0x1b,0xee,
0xef,0xff,0xfe,0xee,0xee,0xb0,0x01,0xdf,0xe1,0x00,0x02,0x8f,0xfa,0x00,0x00,0x0c,0xff,0xc0,0x00,0x00,0x00,0x1d,0xff,0xd3,
0x00,0x00,0x5f,0xf1,0x00,0x00,0x2f,0xff,0xf1,0x00,0x00,0x00,0x8f,0xfd,0xff,0xb3,0x01,0xef,0x60,0x00,0x00,0x7f,0xe9,0xf7,
0x00,0x00,0x00,0x0d,0x60,0x6e,0xff,0xbc,0xfc,0x00,0x00,0x00,0xcf,0x82,0xfe,0x10,0x00,0x00,0x00,0x00,0x00,0x7e,0xff,0xf2,
0x00,0x00,0x05,0xff,0x20,0xbf,0xa0,0x00,0x00,0x00,0x00,0x00,0x09,0xff,0x50,0x00,0x00,0x3f,0xfb,0x00,0x2f,0xf5,0x00,0x00,
0x00,0x00,0x01,0xbf,0xf5,0x00,0x00,0x01,0xef,0xd1,0x00,0x07,0xff,0x50,0x00,0x00,0x00,0x3d,0xff,0x40,0x00,0x00,0x5e,0xfe,
0x20,0x00,0x00,0xbf,0xf5,0x00,0x00,0x2a,0xff,0xf4,0x00,0x00,0x2b,0xff,0xf4,0x00,0x00,0x00,0x0b,0xff,0xa1,0x07,0xff,0xfa,
0x10,0x00,0x00,0xdf,0xfa,0x10,0x00,0x00,0x00,0x00,0xbf,0xf9,0x06,0xfd,0x40,0x00,0x00,0x00,0x5d,0x40,0x00,0x00,0x00,0x00,
0x00,0x07,0xe1,0x00,0x60,0x00,0x00,0x00,0x00,0x00,0x00,0x00,0x00,0x00,0x00,0x52,0x00,0x00,0x00,0x00,0x2e,0xa0,0x00,0x37,
0x30,0x00,0x0a,0xe2,0x00,0x09,0xfb,0x00,0x00,0x00,0x00,0x8f,0xc0,0x00,0xaf,0x80,0x00,0x0d,0xf7,0x00,0x02,0xff,0x30,0x00,
0x00,0x00,0xdf,0x70,0x00,0x8f,0xb0,0x00,0x07,0xfc,0x00,0x00,0x9f,0xc0,0x00,0x00,0x02,0xff,0x20,0x00,0x5f,0xd0,0x00,0x02,
0xff,0x10,0x00,0x1f,0xf4,0x00,0x00,0x09,0xfd,0x00,0x00,0x2f,0xf0,0x00,0x00,0xef,0x50,0x00,0x08,0xfd,0x00,0x00,0x1f,0xf6,
0x00,0x00,0x0f,0xf3,0x00,0x00,0xaf,0xa0,0x00,0x01,0xff,0x50,0x00,0x8f,0xf0,0x00,0x00,0x0e,0xf5,0x00,0x00,0x7f,0xe0,0x00,
0x00,0xaf,0xd0,0x00,0xcf,0x80,0x00,0x00,0x0c,0xe6,0x00,0x00,0x3f,0xc1,0x00,0x00,0x2d,0x60,0x00,0x03,0x10,0x00,0x00,0x01,
0x00,0x00,0x00,0x00,0x00,0x00,0x00,0x00,0x00,
/* U+7167 */
0x0b,0xdd,0xdd,0xdd,0xdd,0x40,0xad,0xdd,0xdd,0xdd,0xdd,0xdd,0xdd,0xd0,0x0d,0xff,0xff,0xff,0xff,0x50,0xbf,0xff,0xff,0xff,
0xff,0xff,0xff,0xf0,0x0d,0xf8,0x33,0x33,0xef,0x50,0x34,0x44,0x7f,0xf4,0x44,0x44,0x8f,0xe0,0x0d,0xf6,0x00,0x00,0xef,0x50,
0x00,0x00,0x8f,0xb0,0x00,0x00,0x6f,0xd0,0x0d,0xf6,0x00,0x00,0xef,0x50,0x00,0x01,0xef,0x70,0x00,0x00,0x7f,0xc0,0x0d,0xf6,
0x00,0x00,0xef,0x50,0x00,0x0b,0xfd,0x00,0x00,0x00,0x9f,0xa0,0x0d,0xf6,0x00,0x00,0xef,0x50,0x02,0xcf,0xf4,0x00,0x00,0x00,
0xef,0x70,0x0d,0xf6,0x00,0x00,0xef,0x52,0x9f,0xff,0x50,0x01,0x98,0x8d,0xfe,0x10,0x0d,0xf9,0x66,0x66,0xef,0x57,0xff,0xd3,
0x00,0x00,0xef,0xff,0xf5,0x00,0x0d,0xff,0xff,0xff,0xff,0x50,0xa6,0x00,0x00,0x00,0x46,0x74,0x00,0x00,0x0d,0xfc,0xbb,0xbb,
0xff,0x50,0x01,0x11,0x11,0x11,0x11,0x11,0x11,0x00,0x0d,0xf6,0x00,0x00,0xef,0x50,0x1f,0xff,0xff,0xff,0xff,0xff,0xff,0x50,
0x0d,0xf6,0x00,0x00,0xef,0x50,0x1f,0xff,0xee,0xee,0xee,0xee,0xff,0x50,0x0d,0xf6,0x00,0x00,0xef,0x50,0x1f,0xf2,0x00,0x00,
0x00,0x00,0xef,0x50,0x0d,0xf6,0x00,0x00,0xef,0x50,0x1f,0xf2,0x00,0x00,0x00,0x00,0xef,0x50,0x0d,0xf6,0x00,0x00,0xef,0x50,
0x1f,0xf2,0x00,0x00,0x00,0x00,0xef,0x50,0x0d,0xf6,0x00,0x00,0xef,0x50,0x1f,0xf2,0x00,0x00,0x00,0x00,0xef,0x50,0x0d,0xfd,
0xcc,0xcc,0xff,0x50,0x1f,0xfc,0xbb,0xbb,0xbb,0xbb,0xff,0x50,0x0d,0xff,0xff,0xff,0xff,0x50,0x1f,0xff,0xff,0xff,0xff,0xff,
0xff,0x50,0x03,0x44,0x44,0x44,0x44,0x10,0x04,0x44,0x44,0x44,0x44,0x44,0x44,0x10,0x00,0x01,0x00,0x00,0x00,0x00,0x00,0x00,
0x00,0x00,0x00,0x05,0x10,0x00,0x00,0x6f,0xa0,0x00,0x38,0x70,0x00,0x07,0xd8,0x00,0x00,0x9f,0xa0,0x00,0x00,0xbf,0x80,0x00,
0x6f,0xd0,0x00,0x06,0xfd,0x00,0x00,0x3f,0xf5,0x00,0x01,0xff,0x30,0x00,0x2f,0xf0,0x00,0x01,0xff,0x20,0x00,0x09,0xfe,0x10,
0x06,0xfe,0x00,0x00,0x0e,0xf4,0x00,0x00,0xaf,0x80,0x00,0x00,0xdf,0xa0,0x0d,0xf8,0x00,0x00,0x0b,0xf8,0x00,0x00,0x5f,0xd0,
0x00,0x00,0x4f,0xf3,0x4f,0xf1,0x00,0x00,0x07,0xfc,0x00,0x00,0x1f,0xf3,0x00,0x00,0x0b,0xfd,0x8f,0xa0,0x00,0x00,0x04,0xfd,
0x00,0x00,0x0c,0xe5,0x00,0x00,0x03,0xf6,0x01,0x10,0x00,0x00,0x00,0x10,0x00,0x00,0x01,0x00,0x00,0x00,0x00,0x10,
/* U+72EC */
0x00,0x02,0x00,0x00,0x01,0x60,0x00,0x00,0x00,0x1f,0xf3,0x00,0x00,0x00,0x00,0x09,0xf4,0x00,0x00,0xcf,0xb0,0x00,0x00,0x01,
0xff,0x30,0x00,0x00,0x00,0x00,0xcf,0xe2,0x00,0x9f,0xf4,0x00,0x00,0x00,0x1f,0xf3,0x00,0x00,0x00,0x00,0x01,0xef,0xd0,0x5f,
0xf8,0x00,0x00,0x00,0x01,0xff,0x30,0x00,0x00,0x00,0x00,0x03,0xff,0xcf,0xfc,0x00,0x00,0x00,0x00,0x1f,0xf3,0x00,0x00,0x00,
0x00,0x00,0x04,0xff,0xfd,0x10,0x07,0xcc,0xcc,0xcd,0xff,0xdc,0xcc,0xcc,0xa0,0x00,0x00,0x7f,0xff,0x20,0x00,0x9f,0xff,0xff,
0xff,0xff,0xff,0xff,0xfc,0x00,0x02,0xcf,0xff,0xf6,0x00,0x09,0xfc,0x55,0x55,0xff,0x75,0x55,0xaf,0xc0,0x07,0xff,0xf9,0xaf,
0xb0,0x00,0x9f,0xa0,0x00,0x0f,0xf3,0x00,0x07,0xfc,0x01,0xef,0xe4,0x04,0xff,0x00,0x09,0xfa,0x00,0x00,0xff,0x30,0x00,0x7f,
0xc0,0x05,0xa1,0x00,0x0f,0xf4,0x00,0x9f,0xa0,0x00,0x0f,0xf3,0x00,0x07,0xfc,0x00,0x00,0x00,0x00,0xbf,0x70,0x09,0xfa,0x00,
0x00,0xff,0x30,0x00,0x7f,0xc0,0x00,0x00,0x00,0x1e,0xfa,0x00,0x9f,0xa0,0x00,0x0f,0xf3,0x00,0x07,0xfc,0x00,0x00,0x00,0x0c,
0xff,0xb0,0x09,0xfa,0x00,0x00,0xff,0x30,0x00,0x7f,0xc0,0x00,0x00,0x08,0xff,0xfd,0x00,0x9f,0xa0,0x00,0x0f,0xf3,0x00,0x07,
0xfc,0x00,0x00,0x04,0xff,0x9f,0xf0,0x09,0xfb,0x00,0x01,0xff,0x30,0x00,0x7f,0xc0,0x00,0x06,0xff,0x82,0xff,0x00,0x9f,0xff,
0xff,0xff,0xff,0xff,0xff,0xfc,0x00,0x09,0xff,0xb0,0x2f,0xf0,0x09,0xff,0xff,0xff,0xff,0xff,0xff,0xff,0xc0,0x0b,0xff,0xb0,
0x01,0xff,0x10,0x01,0x11,0x11,0x2f,0xf5,0x11,0x11,0x11,0x01,0xef,0x90,0x00,0x1f,0xf1,0x00,0x00,0x00,0x01,0xff,0x30,0x00,
0x42,0x00,0x04,0x60,0x00,0x01,0xff,0x00,0x00,0x00,0x00,0x1f,0xf3,0x00,0x8f,0x90,0x00,0x00,0x00,0x00,0x2f,0xf0,0x00,0x00,
0x00,0x01,0xff,0x30,0x03,0xfe,0x00,0x00,0x00,0x00,0x03,0xff,0x00,0x00,0x00,0x00,0x1f,0xf3,0x00,0x0d,0xf4,0x00,0x00,0x00,
0x00,0x5f,0xd0,0x00,0x00,0x00,0x01,0xff,0x30,0x00,0x8f,0xa0,0x00,0x00,0x00,0x08,0xfa,0x00,0x00,0x00,0x00,0x1f,0xf3,0x00,
0x27,0xff,0x00,0x00,0x00,0x00,0xdf,0x70,0x00,0x00,0x01,0x24,0xff,0xbc,0xff,0xff,0xf4,0x00,0x44,0x34,0xaf,0xf2,0x09,0xcd,
0xff,0xff,0xff,0xff,0xff,0xfd,0xdf,0x80,0x0a,0xff,0xff,0xf8,0x00,0xaf,0xff,0xff,0xfe,0xca,0x85,0x30,0x06,0xfc,0x00,0x5d,
0xdc,0xa5,0x00,0x05,0x87,0x54,0x20,0x00,0x00,0x00,0x00,0x2f,0xf0,0x00,0x00,0x00,0x00,0x00,0x00,0x00,0x00,0x00,0x00,0x00,
0x00,0x00,0x30,
/* U+73B0 */
0x00,0x00,0x00,0x00,0x00,0x00,0x1d,0xdd,0xdd,0xdd,0xdd,0xdd,0xdd,0xd1,0x00,0x6f,0xff,0xff,0xff,0xff,0xf1,0x1f,0xff,0xff,
0xff,0xff,0xff,0xff,0xf1,0x00,0x6f,0xff,0xff,0xff,0xff,0xf1,0x1f,0xf7,0x55,0x55,0x55,0x55,0x8f,0xf1,0x00,0x13,0x33,0x7f,
0xf4,0x33,0x30,0x1f,0xf2,0x00,0x00,0x00,0x00,0x3f,0xf1,0x00,0x00,0x00,0x4f,0xf1,0x00,0x00,0x1f,0xf2,0x00,0x16,0x50,0x00,
0x3f,0xf1,0x00,0x00,0x00,0x4f,0xf1,0x00,0x00,0x1f,0xf2,0x00,0x4f,0xf0,0x00,0x3f,0xf1,0x00,0x00,0x00,0x4f,0xf1,0x00,0x00,
0x1f,0xf2,0x00,0x4f,0xf0,0x00,0x3f,0xf1,0x00,0x00,0x00,0x4f,0xf1,0x00,0x00,0x1f,0xf2,0x00,0x4f,0xf0,0x00,0x3f,0xf1,0x00,
0x00,0x00,0x4f,0xf1,0x00,0x00,0x1f,0xf2,0x00,0x4f,0xf0,0x00,0x3f,0xf1,0x00,0x00,0x00,0x4f,0xf1,0x00,0x00,0x1f,0xf2,0x00,
0x4f,0xf0,0x00,0x3f,0xf1,0x00,0x04,0x44,0x8f,0xf5,0x44,0x30,0x1f,0xf2,0x00,0x4f,0xf0,0x00,0x3f,0xf1,0x00,0x0f,0xff,0xff,
0xff,0xff,0xa0,0x1f,0xf2,0x00,0x4f,0xf0,0x00,0x3f,0xf1,0x00,0x0e,0xee,0xff,0xff,0xee,0x90,0x1f,0xf2,0x00,0x4f,0xe0,0x00,
0x3f,0xf1,0x00,0x00,0x00,0x4f,0xf1,0x00,0x00,0x1f,0xf2,0x00,0x6f,0xd0,0x00,0x3f,0xf1,0x00,0x00,0x00,0x4f,0xf1,0x00,0x00,
0x1f,0xf2,0x00,0x7f,0xa0,0x00,0x3f,0xf1,0x00,0x00,0x00,0x4f,0xf1,0x00,0x00,0x1f,0xf2,0x00,0x9f,0x80,0x00,0x3f,0xf1,0x00,
0x00,0x00,0x4f,0xf1,0x00,0x00,0x1f,0xf2,0x00,0xbf,0x60,0x00,0x3f,0xf1,0x00,0x00,0x00,0x4f,0xf1,0x00,0x00,0x1d,0xd2,0x00,
0xef,0x74,0x30,0x3d,0xd1,0x00,0x00,0x00,0x4f,0xf1,0x00,0x10,0x00,0x00,0x04,0xff,0xaf,0xb0,0x00,0x00,0x00,0x00,0x00,0x4f,
0xf1,0x5b,0xf2,0x00,0x00,0x0a,0xfa,0x8f,0xb0,0x00,0x00,0x00,0x00,0x00,0x5f,0xff,0xff,0xf2,0x00,0x00,0x1f,0xf4,0x8f,0xb0,
0x00,0x00,0x00,0x16,0x9d,0xff,0xff,0xb6,0x10,0x00,0x00,0xaf,0xd0,0x8f,0xb0,0x00,0x02,0x40,0x6f,0xff,0xfa,0x50,0x00,0x00,
0x00,0x09,0xff,0x60,0x8f,0xb0,0x00,0x06,0xfb,0x2e,0x94,0x00,0x00,0x00,0x00,0x00,0x9f,0xf9,0x00,0x8f,0xb0,0x00,0x08,0xfa,
0x00,0x00,0x00,0x00,0x00,0x00,0x4c,0xff,0x90,0x00,0x8f,0xc0,0x00,0x0b,0xf7,0x00,0x00,0x00,0x00,0x00,0x3b,0xff,0xfa,0x00,
0x00,0x6f,0xf8,0x66,0xaf,0xf4,0x00,0x00,0x00,0x00,0x05,0xff,0xfc,0x40,0x00,0x00,0x1f,0xff,0xff,0xff,0xd0,0x00,0x00,0x00,
0x00,0x00,0xcd,0x50,0x00,0x00,0x00,0x02,0x7a,0xbb,0xa5,0x00,0x00,0x00,0x00,0x00,0x00,0x10,0x00,0x00,0x00,0x00,0x00,0x00,
0x00,0x00,0x00,
/* U+7528 */
0x00,0x06,0xdd,0xdd,0xdd,0xdd,0xdd,0xdd,0xdd,0xdd,0xdd,0xdd,0xdd,0xd4,0x00,0x07,0xff,0xff,0xff,0xff,0xff,0xff,0xff,0xff,
0xff,0xff,0xff,0xf5,0x00,0x07,0xfe,0x66,0x66,0x66,0x66,0xff,0x96,0x66,0x66,0x66,0x6f,0xf5,0x00,0x07,0xfd,0x00,0x00,0x00,
0x00,0xff,0x40,0x00,0x00,0x00,0x0f,0xf5,0x00,0x07,0xfd,0x00,0x00,0x00,0x00,0xff,0x40,0x00,0x00,0x00,0x0f,0xf5,0x00,0x07,
0xfd,0x00,0x00,0x00,0x00,0xff,0x40,0x00,0x00,0x00,0x0f,0xf5,0x00,0x07,0xfd,0x00,0x00,0x00,0x00,0xff,0x40,0x00,0x00,0x00,
0x0f,0xf5,0x00,0x07,0xfd,0x11,0x11,0x11,0x12,0xff,0x61,0x11,0x11,0x11,0x1f,0xf5,0x00,0x07,0xff,0xff,0xff,0xff,0xff,0xff,
0xff,0xff,0xff,0xff,0xff,0xf5,0x00,0x07,0xff,0xff,0xff,0xff,0xff,0xff,0xff,0xff,0xff,0xff,0xff,0xf5,0x00,0x07,0xfd,0x00,
0x00,0x00,0x01,0xff,0x50,0x00,0x00,0x00,0x0f,0xf5,0x00,0x07,0xfd,0x00,0x00,0x00,0x00,0xff,0x40,0x00,0x00,0x00,0x0f,0xf5,
0x00,0x07,0xfd,0x00,0x00,0x00,0x00,0xff,0x40,0x00,0x00,0x00,0x0f,0xf5,0x00,0x07,0xfd,0x00,0x00,0x00,0x00,0xff,0x40,0x00,
0x00,0x00,0x0f,0xf5,0x00,0x07,0xfd,0x00,0x00,0x00,0x00,0xff,0x40,0x00,0x00,0x00,0x0f,0xf5,0x00,0x08,0xfe,0x66,0x66,0x66,
0x66,0xff,0x96,0x66,0x66,0x66,0x6f,0xf5,0x00,0x0a,0xff,0xff,0xff,0xff,0xff,0xff,0xff,0xff,0xff,0xff,0xff,0xf5,0x00,0x0c,
0xfe,0xbb,0xbb,0xbb,0xbc,0xff,0xdb,0xbb,0xbb,0xbb,0xbf,0xf5,0x00,0x0e,0xf8,0x00,0x00,0x00,0x00,0xff,0x40,0x00,0x00,0x00,
0x0f,0xf5,0x00,0x0f,0xf5,0x00,0x00,0x00,0x00,0xff,0x40,0x00,0x00,0x00,0x0f,0xf5,0x00,0x3f,0xf1,0x00,0x00,0x00,0x00,0xff,
0x40,0x00,0x00,0x00,0x0f,0xf5,0x00,0x5f,0xe0,0x00,0x00,0x00,0x00,0xff,0x40,0x00,0x00,0x00,0x0f,0xf5,0x00,0xcf,0xb0,0x00,
0x00,0x00,0x00,0xff,0x40,0x00,0x00,0x00,0x0f,0xf5,0x04,0xff,0x60,0x00,0x00,0x00,0x00,0xff,0x40,0x00,0x00,0x00,0x0f,0xf5,
0x0c,0xfe,0x00,0x00,0x00,0x00,0x00,0xff,0x40,0x00,0x00,0x00,0x6f,0xf4,0x4f,0xf6,0x00,0x00,0x00,0x00,0x00,0xff,0x40,0x02,
0xcb,0xbc,0xff,0xf1,0x6f,0xd0,0x00,0x00,0x00,0x00,0x00,0xff,0x40,0x00,0xef,0xff,0xff,0x80,0x06,0x40,0x00,0x00,0x00,0x00,
0x00,0x11,0x00,0x00,0x57,0x77,0x62,0x00,
/* U+754C */
0x00,0x00,0xde,0xee,0xee,0xee,0xee,0xee,0xee,0xee,0xee,0xee,0xee,0x10,0x00,0x00,0x00,0xff,0xff,0xff,0xff,0xff,0xff,0xff,
0xff,0xff,0xff,0xff,0x10,0x00,0x00,0x00,0xff,0x52,0x22,0x22,0x24,0xff,0x42,0x22,0x22,0x23,0xff,0x10,0x00,0x00,0x00,0xff,
0x30,0x00,0x00,0x01,0xff,0x10,0x00,0x00,0x01,0xff,0x10,0x00,0x00,0x00,0xff,0x30,0x00,0x00,0x01,0xff,0x10,0x00,0x00,0x01,
0xff,0x10,0x00,0x00,0x00,0xff,0xa8,0x88,0x88,0x89,0xff,0x98,0x88,0x88,0x89,0xff,0x10,0x00,0x00,0x00,0xff,0xff,0xff,0xff,
0xff,0xff,0xff,0xff,0xff,0xff,0xff,0x10,0x00,0x00,0x00,0xff,0x85,0x55,0x55,0x57,0xff,0x75,0x55,0x55,0x56,0xff,0x10,0x00,
0x00,0x00,0xff,0x30,0x00,0x00,0x01,0xff,0x10,0x00,0x00,0x01,0xff,0x10,0x00,0x00,0x00,0xff,0x30,0x00,0x00,0x01,0xff,0x10,
0x00,0x00,0x01,0xff,0x10,0x00,0x00,0x00,0xff,0x63,0x33,0x33,0x35,0xff,0x53,0x33,0x33,0x35,0xff,0x10,0x00,0x00,0x00,0xff,
0xff,0xff,0xff,0xff,0xff,0xff,0xff,0xff,0xff,0xff,0x10,0x00,0x00,0x00,0xcc,0xcc,0xcd,0xff,0xdc,0xcc,0xce,0xff,0xdc,0xcc,
0xcc,0x10,0x00,0x00,0x00,0x00,0x00,0x0b,0xfc,0x00,0x00,0x00,0xdf,0xa0,0x00,0x00,0x00,0x00,0x00,0x00,0x00,0x02,0xcf,0xd1,
0x00,0x00,0x00,0x2e,0xfb,0x00,0x00,0x00,0x00,0x00,0x00,0x00,0x7f,0xfc,0x10,0x00,0x00,0x00,0x02,0xef,0xd3,0x00,0x00,0x00,
0x00,0x00,0x5d,0xff,0x99,0xc7,0x00,0x00,0x00,0x1c,0xdd,0xff,0xa2,0x00,0x00,0x01,0x7d,0xff,0xd4,0x0c,0xf8,0x00,0x00,0x00,
0x2f,0xf2,0x7f,0xff,0x93,0x00,0x8f,0xff,0xf7,0x00,0x0e,0xf7,0x00,0x00,0x00,0x2f,0xf2,0x02,0xbf,0xff,0xd5,0x3f,0xe7,0x10,
0x00,0x0f,0xf5,0x00,0x00,0x00,0x2f,0xf2,0x00,0x03,0xaf,0xf6,0x03,0x00,0x00,0x00,0x5f,0xf2,0x00,0x00,0x00,0x2f,0xf2,0x00,
0x00,0x01,0x70,0x00,0x00,0x00,0x00,0xaf,0xd0,0x00,0x00,0x00,0x2f,0xf2,0x00,0x00,0x00,0x00,0x00,0x00,0x00,0x04,0xff,0x80,
0x00,0x00,0x00,0x2f,0xf2,0x00,0x00,0x00,0x00,0x00,0x00,0x00,0x2f,0xfe,0x10,0x00,0x00,0x00,0x2f,0xf2,0x00,0x00,0x00,0x00,
0x00,0x00,0x04,0xef,0xf5,0x00,0x00,0x00,0x00,0x2f,0xf2,0x00,0x00,0x00,0x00,0x00,0x02,0xbf,0xff,0x60,0x00,0x00,0x00,0x00,
0x2f,0xf2,0x00,0x00,0x00,0x00,0x00,0x4f,0xff,0xe4,0x00,0x00,0x00,0x00,0x00,0x2f,0xf2,0x00,0x00,0x00,0x00,0x00,0x0b,0xf8,
0x00,0x00,0x00,0x00,0x00,0x00,0x2f,0xf2,0x00,0x00,0x00,0x00,0x00,0x00,0x10,0x00,0x00,0x00,0x00,0x00,0x00,0x04,0x40,0x00,
0x00,0x00,0x00,
/* U+7559 */
0x00,0x00,0x00,0x00,0x00,0x01,0x00,0x00,0x00,0x00,0x00,0x00,0x00,0x00,0x00,0x00,0x00,0x01,0x7d,0xf2,0x00,0x00,0x00,0x00,
0x00,0x00,0x00,0x00,0x00,0x25,0x7b,0xff,0xff,0x80,0xcc,0xcc,0xcc,0xcc,0xcc,0xcc,0xa0,0x7c,0xff,0xff,0xff,0xe9,0x20,0x0f,
0xff,0xff,0xff,0xff,0xff,0xfc,0x0a,0xff,0xfd,0xa7,0x40,0x00,0x00,0x77,0x7c,0xfc,0x77,0x77,0xbf,0xb0,0xaf,0xa1,0x00,0x00,
0x22,0x00,0x00,0x00,0xbf,0x70,0x00,0x08,0xfb,0x0a,0xf9,0x00,0x00,0x8f,0xb0,0x00,0x00,0x0e,0xf5,0x00,0x00,0x8f,0xa0,0xaf,
0x90,0x00,0x04,0xff,0x20,0x00,0x01,0xff,0x20,0x00,0x09,0xf9,0x0a,0xf9,0x00,0x00,0x0e,0xf8,0x00,0x00,0x6f,0xe0,0x00,0x00,
0x9f,0x80,0xaf,0x90,0x00,0x00,0x8f,0xe0,0x00,0x0c,0xf9,0x00,0x00,0x0b,0xf7,0x0a,0xf9,0x00,0x01,0x7e,0xff,0x40,0x06,0xff,
0x30,0x00,0x00,0xdf,0x50,0xbf,0x91,0x6b,0xff,0xff,0xf9,0x01,0xef,0xb0,0x00,0x00,0x3f,0xf2,0x4f,0xff,0xff,0xff,0xc6,0x8f,
0xe0,0xaf,0xf2,0x04,0x76,0x8e,0xfb,0x08,0xff,0xff,0xd8,0x20,0x03,0xff,0x3b,0xf6,0x00,0x5f,0xff,0xff,0x10,0x2e,0xa6,0x10,
0x00,0x00,0x0d,0x92,0x17,0x00,0x00,0x89,0x95,0x00,0x00,0x00,0x00,0x00,0x00,0x00,0x00,0x00,0x00,0x00,0x00,0x00,0x00,0x00,
0x00,0x1f,0xff,0xff,0xff,0xff,0xff,0xff,0xff,0xff,0xff,0xff,0xf3,0x00,0x01,0xff,0xff,0xff,0xff,0xff,0xff,0xff,0xff,0xff,
0xff,0xff,0x30,0x00,0x1f,0xf4,0x11,0x11,0x11,0x1f,0xf6,0x11,0x11,0x11,0x2f,0xf3,0x00,0x01,0xff,0x20,0x00,0x00,0x00,0xff,
0x40,0x00,0x00,0x00,0xff,0x30,0x00,0x1f,0xf2,0x00,0x00,0x00,0x0f,0xf4,0x00,0x00,0x00,0x0f,0xf3,0x00,0x01,0xff,0xba,0xaa,
0xaa,0xaa,0xff,0xba,0xaa,0xaa,0xaa,0xff,0x30,0x00,0x1f,0xff,0xff,0xff,0xff,0xff,0xff,0xff,0xff,0xff,0xff,0xf3,0x00,0x01,
0xff,0x86,0x66,0x66,0x66,0xff,0x96,0x66,0x66,0x67,0xff,0x30,0x00,0x1f,0xf2,0x00,0x00,0x00,0x0f,0xf4,0x00,0x00,0x00,0x0f,
0xf3,0x00,0x01,0xff,0x20,0x00,0x00,0x00,0xff,0x40,0x00,0x00,0x00,0xff,0x30,0x00,0x1f,0xf7,0x66,0x66,0x66,0x6f,0xf9,0x66,
0x66,0x66,0x6f,0xf3,0x00,0x01,0xff,0xff,0xff,0xff,0xff,0xff,0xff,0xff,0xff,0xff,0xff,0x30,0x00,0x1f,0xfc,0xcc,0xcc,0xcc,
0xcc,0xcc,0xcc,0xcc,0xcc,0xcf,0xf3,0x00,0x01,0xff,0x20,0x00,0x00,0x00,0x00,0x00,0x00,0x00,0x00,0xff,0x30,0x00,0x03,0x30,
0x00,0x00,0x00,0x00,0x00,0x00,0x00,0x00,0x03,0x30,0x00,
/* U+7684 */
0x00,0x00,0x01,0x00,0x00,0x00,0x00,0x00,0x11,0x00,0x00,0x00,0x00,0x00,0x00,0x00,0x3f,0xf2,0x00,0x00,0x00,0x00,0xcf,0x80,
0x00,0x00,0x00,0x00,0x00,0x00,0x7f,0xe0,0x00,0x00,0x00,0x01,0xff,0x40,0x00,0x00,0x00,0x00,0x00,0x00,0xaf,0x90,0x00,0x00,
0x00,0x05,0xff,0x00,0x00,0x00,0x00,0x00,0x00,0x00,0xef,0x50,0x00,0x00,0x00,0x0a,0xfc,0x00,0x00,0x00,0x00,0x00,0x00,0x02,
0xff,0x00,0x00,0x00,0x00,0x0e,0xf8,0x00,0x00,0x00,0x00,0x00,0x39,0x9b,0xfe,0x99,0x99,0x90,0x00,0x3f,0xfb,0x99,0x99,0x99,
0x99,0x94,0x6f,0xff,0xff,0xff,0xff,0xe0,0x00,0x9f,0xff,0xff,0xff,0xff,0xff,0xf7,0x6f,0xf9,0x99,0x99,0xbf,0xe0,0x02,0xff,
0xca,0xaa,0xaa,0xaa,0xae,0xf7,0x6f,0xd0,0x00,0x00,0x4f,0xe0,0x0a,0xfe,0x00,0x00,0x00,0x00,0x0c,0xf7,0x6f,0xd0,0x00,0x00,
0x4f,0xe0,0x3f,0xf5,0x00,0x00,0x00,0x00,0x0d,0xf7,0x6f,0xd0,0x00,0x00,0x4f,0xe0,0xbf,0xb0,0x00,0x00,0x00,0x00,0x0d,0xf7,
0x6f,0xd0,0x00,0x00,0x4f,0xe0,0xef,0x20,0x00,0x00,0x00,0x00,0x0d,0xf7,0x6f,0xd0,0x00,0x00,0x4f,0xe0,0x49,0x00,0x00,0x00,
0x00,0x00,0x0d,0xf7,0x6f,0xd0,0x00,0x00,0x4f,0xe0,0x00,0x09,0xe2,0x00,0x00,0x00,0x0d,0xf6,0x6f,0xfd,0xdd,0xdd,0xef,0xe0,
0x00,0x1d,0xfd,0x00,0x00,0x00,0x0d,0xf6,0x6f,0xff,0xff,0xff,0xff,0xe0,0x00,0x02,0xff,0xa0,0x00,0x00,0x0e,0xf6,0x6f,0xe3,
0x33,0x33,0x7f,0xe0,0x00,0x00,0x5f,0xf7,0x00,0x00,0x0e,0xf6,0x6f,0xd0,0x00,0x00,0x4f,0xe0,0x00,0x00,0x08,0xff,0x30,0x00,
0x0e,0xf5,0x6f,0xd0,0x00,0x00,0x4f,0xe0,0x00,0x00,0x00,0xdf,0xd0,0x00,0x0f,0xf5,0x6f,0xd0,0x00,0x00,0x4f,0xe0,0x00,0x00,
0x00,0x2f,0xf7,0x00,0x0f,0xf4,0x6f,0xd0,0x00,0x00,0x4f,0xe0,0x00,0x00,0x00,0x07,0xa1,0x00,0x0f,0xf4,0x6f,0xd0,0x00,0x00,
0x4f,0xe0,0x00,0x00,0x00,0x00,0x00,0x00,0x0f,0xf3,0x6f,0xd0,0x00,0x00,0x4f,0xe0,0x00,0x00,0x00,0x00,0x00,0x00,0x1f,0xf3,
0x6f,0xfc,0xcc,0xcc,0xdf,0xe0,0x00,0x00,0x00,0x00,0x00,0x00,0x2f,0xf1,0x6f,0xff,0xff,0xff,0xff,0xe0,0x00,0x00,0x00,0x00,
0x00,0x00,0x5f,0xf0,0x6f,0xe6,0x66,0x66,0x9f,0xe0,0x00,0x00,0x00,0x00,0x00,0x00,0xcf,0xe0,0x6f,0xd0,0x00,0x00,0x4f,0xe0,
0x00,0x00,0x00,0x16,0x65,0x7c,0xff,0x90,0x6f,0xd0,0x00,0x00,0x13,0x30,0x00,0x00,0x00,0x1f,0xff,0xff,0xfd,0x10,0x02,0x10,
0x00,0x00,0x00,0x00,0x00,0x00,0x00,0x09,0xbc,0xca,0x70,0x00,
/* U+770B */
0x00,0x00,0x00,0x00,0x00,0x00,0x00,0x00,0x00,0x01,0x35,0x7a,0xdf,0x20,0x00,0x00,0x02,0x34,0x44,0x55,0x67,0x78,0x9a,0xce,
0xff,0xff,0xff,0xff,0x80,0x00,0x00,0x08,0xff,0xff,0xff,0xff,0xff,0xff,0xff,0xfe,0xcb,0x85,0x30,0x00,0x00,0x00,0x02,0xaa,
0x99,0x98,0x87,0x77,0xff,0x41,0x00,0x00,0x00,0x00,0x00,0x00,0x00,0x00,0x00,0x00,0x00,0x00,0x06,0xfc,0x00,0x00,0x00,0x00,
0x00,0x00,0x00,0x00,0x04,0x44,0x44,0x44,0x44,0x4d,0xf9,0x44,0x44,0x44,0x44,0x44,0x40,0x00,0x00,0x1f,0xff,0xff,0xff,0xff,
0xff,0xff,0xff,0xff,0xff,0xff,0xff,0xf3,0x00,0x00,0x1b,0xbb,0xbb,0xbb,0xbc,0xff,0xdb,0xbb,0xbb,0xbb,0xbb,0xbb,0xb2,0x00,
0x00,0x00,0x00,0x00,0x00,0x08,0xfe,0x00,0x00,0x00,0x00,0x00,0x00,0x00,0x00,0x01,0x11,0x11,0x11,0x11,0x3f,0xf7,0x11,0x11,
0x11,0x11,0x11,0x11,0x11,0x10,0x0d,0xff,0xff,0xff,0xff,0xff,0xff,0xff,0xff,0xff,0xff,0xff,0xff,0xff,0xf1,0x0c,0xff,0xff,
0xff,0xff,0xff,0xff,0xff,0xff,0xff,0xff,0xff,0xff,0xff,0xf1,0x00,0x00,0x00,0x00,0x8f,0xf5,0x00,0x00,0x00,0x00,0x00,0x00,
0x00,0x00,0x00,0x00,0x00,0x00,0x08,0xff,0x80,0x00,0x00,0x00,0x00,0x00,0x00,0x00,0x00,0x00,0x00,0x00,0x00,0x8f,0xff,0xdd,
0xdd,0xdd,0xdd,0xdd,0xdd,0xdd,0xdb,0x00,0x00,0x00,0x00,0x08,0xff,0xff,0xff,0xff,0xff,0xff,0xff,0xff,0xff,0xfe,0x00,0x00,
0x00,0x00,0xaf,0xff,0xf3,0x00,0x00,0x00,0x00,0x00,0x00,0x05,0xfe,0x00,0x00,0x00,0x2d,0xff,0xaf,0xf3,0x00,0x00,0x00,0x00,
0x00,0x00,0x05,0xfe,0x00,0x00,0x06,0xff,0xf6,0x0f,0xfd,0xcc,0xcc,0xcc,0xcc,0xcc,0xcc,0xcd,0xfe,0x00,0x00,0x6f,0xfe,0x30,
0x0f,0xff,0xff,0xff,0xff,0xff,0xff,0xff,0xff,0xfe,0x00,0x00,0x1e,0xc1,0x00,0x0f,0xf3,0x00,0x00,0x00,0x00,0x00,0x00,0x05,
0xfe,0x00,0x00,0x03,0x00,0x00,0x0f,0xf3,0x00,0x00,0x00,0x00,0x00,0x00,0x05,0xfe,0x00,0x00,0x00,0x00,0x00,0x0f,0xff,0xff,
0xff,0xff,0xff,0xff,0xff,0xff,0xfe,0x00,0x00,0x00,0x00,0x00,0x0f,0xfd,0xcc,0xcc,0xcc,0xcc,0xcc,0xcc,0xcd,0xfe,0x00,0x00,
0x00,0x00,0x00,0x0f,0xf3,0x00,0x00,0x00,0x00,0x00,0x00,0x05,0xfe,0x00,0x00,0x00,0x00,0x00,0x0f,0xf3,0x00,0x00,0x00,0x00,
0x00,0x00,0x05,0xfe,0x00,0x00,0x00,0x00,0x00,0x0f,0xff,0xff,0xff,0xff,0xff,0xff,0xff,0xff,0xfe,0x00,0x00,0x00,0x00,0x00,
0x0f,0xfe,0xdd,0xdd,0xdd,0xdd,0xdd,0xdd,0xde,0xfe,0x00,0x00,0x00,0x00,0x00,0x0f,0xf3,0x00,0x00,0x00,0x00,0x00,0x00,0x05,
0xfe,0x00,0x00,0x00,0x00,0x00,0x03,0x30,0x00,0x00,0x00,0x00,0x00,0x00,0x01,0x33,0x00,0x00,
/* U+771F */
0x00,0x00,0x00,0x00,0x00,0x00,0x00,0x11,0x00,0x00,0x00,0x00,0x00,0x00,0x00,0x00,0x00,0x00,0x00,0x00,0x00,0x00,0x9f,0xc0,
0x00,0x00,0x00,0x00,0x00,0x00,0x00,0x00,0x00,0x00,0x00,0x00,0x00,0xaf,0xa0,0x00,0x00,0x00,0x00,0x00,0x00,0x00,0xcc,0xcc,
0xcc,0xcc,0xcc,0xcc,0xff,0xec,0xcc,0xcc,0xcc,0xcc,0xcc,0x00,0x00,0xff,0xff,0xff,0xff,0xff,0xff,0xff,0xff,0xff,0xff,0xff,
0xff,0xff,0x00,0x00,0x33,0x33,0x33,0x33,0x33,0x35,0xff,0x53,0x33,0x33,0x33,0x33,0x33,0x00,0x00,0x00,0x00,0x00,0x00,0x00,
0x05,0xff,0x00,0x00,0x00,0x00,0x00,0x00,0x00,0x00,0x00,0x04,0xaa,0xaa,0xaa,0xad,0xff,0xaa,0xaa,0xaa,0xaa,0xa0,0x00,0x00,
0x00,0x00,0x06,0xff,0xff,0xff,0xff,0xff,0xff,0xff,0xff,0xff,0xe0,0x00,0x00,0x00,0x00,0x06,0xfd,0x22,0x22,0x22,0x22,0x22,
0x22,0x22,0x6f,0xe0,0x00,0x00,0x00,0x00,0x06,0xfc,0x00,0x00,0x00,0x00,0x00,0x00,0x00,0x4f,0xe0,0x00,0x00,0x00,0x00,0x06,
0xff,0xcc,0xcc,0xcc,0xcc,0xcc,0xcc,0xcc,0xdf,0xe0,0x00,0x00,0x00,0x00,0x06,0xff,0xff,0xff,0xff,0xff,0xff,0xff,0xff,0xff,
0xe0,0x00,0x00,0x00,0x00,0x06,0xfc,0x00,0x00,0x00,0x00,0x00,0x00,0x00,0x4f,0xe0,0x00,0x00,0x00,0x00,0x06,0xfd,0x11,0x11,
0x11,0x11,0x11,0x11,0x11,0x5f,0xe0,0x00,0x00,0x00,0x00,0x06,0xff,0xff,0xff,0xff,0xff,0xff,0xff,0xff,0xff,0xe0,0x00,0x00,
0x00,0x00,0x06,0xfe,0xaa,0xaa,0xaa,0xaa,0xaa,0xaa,0xaa,0xbf,0xe0,0x00,0x00,0x00,0x00,0x06,0xfc,0x00,0x00,0x00,0x00,0x00,
0x00,0x00,0x4f,0xe0,0x00,0x00,0x00,0x00,0x06,0xfe,0x66,0x66,0x66,0x66,0x66,0x66,0x66,0x9f,0xe0,0x00,0x00,0x00,0x00,0x06,
0xff,0xff,0xff,0xff,0xff,0xff,0xff,0xff,0xff,0xe0,0x00,0x00,0x00,0x00,0x06,0xfd,0x55,0x55,0x55,0x55,0x55,0x55,0x55,0x8f,
0xe0,0x00,0x00,0x00,0x00,0x06,0xfc,0x00,0x00,0x00,0x00,0x00,0x00,0x00,0x4f,0xe0,0x00,0x00,0x19,0x99,0x9c,0xfe,0x99,0x99,
0x99,0x99,0x99,0x99,0x99,0xbf,0xf9,0x99,0x91,0x2f,0xff,0xff,0xff,0xff,0xff,0xff,0xff,0xff,0xff,0xff,0xff,0xff,0xff,0xf2,
0x17,0x77,0x77,0x77,0x79,0xb7,0x77,0x77,0x77,0x7c,0xa7,0x77,0x77,0x77,0x71,0x00,0x00,0x00,0x00,0x8f,0xf4,0x00,0x00,0x00,
0x3f,0xfc,0x60,0x00,0x00,0x00,0x00,0x00,0x01,0x6e,0xff,0xb2,0x00,0x00,0x00,0x16,0xdf,0xff,0x92,0x00,0x00,0x00,0x05,0xaf,
0xff,0xd4,0x00,0x00,0x00,0x00,0x00,0x03,0xaf,0xff,0x91,0x00,0x02,0xff,0xff,0xc6,0x00,0x00,0x00,0x00,0x00,0x00,0x00,0x02,
0xaf,0xff,0x60,0x00,0xce,0x82,0x00,0x00,0x00,0x00,0x00,0x00,0x00,0x00,0x00,0x03,0xcf,0x10,0x00,0x10,0x00,0x00,0x00,0x00,
0x00,0x00,0x00,0x00,0x00,0x00,0x00,0x02,0x00,
/* U+773C */
0x36,0x66,0x66,0x66,0x65,0x00,0x4d,0xdd,0xdd,0xdd,0xdd,0xdd,0xdd,0x10,0x07,0xff,0xff,0xff,0xff,0xc0,0x04,0xff,0xff,0xff,
0xff,0xff,0xff,0xf1,0x00,0x7f,0xec,0xcc,0xcd,0xfc,0x00,0x4f,0xf3,0x33,0x33,0x33,0x35,0xff,0x10,0x07,0xfb,0x00,0x00,0x6f,
0xc0,0x04,0xfe,0x00,0x00,0x00,0x00,0x2f,0xf1,0x00,0x7f,0xb0,0x00,0x06,0xfc,0x00,0x4f,0xe0,0x00,0x00,0x00,0x02,0xff,0x10,
0x07,0xfb,0x00,0x00,0x6f,0xc0,0x04,0xfe,0x00,0x00,0x00,0x00,0x2f,0xf1,0x00,0x7f,0xb0,0x00,0x06,0xfc,0x00,0x4f,0xff,0xff,
0xff,0xff,0xff,0xff,0x10,0x07,0xfd,0x77,0x77,0xaf,0xc0,0x04,0xff,0xff,0xff,0xff,0xff,0xff,0xf1,0x00,0x7f,0xff,0xff,0xff,
0xfc,0x00,0x4f,0xe0,0x00,0x00,0x00,0x02,0xff,0x10,0x07,0xfe,0xaa,0xaa,0xdf,0xc0,0x04,0xfe,0x00,0x00,0x00,0x00,0x2f,0xf1,
0x00,0x7f,0xb0,0x00,0x06,0xfc,0x00,0x4f,0xe0,0x00,0x00,0x00,0x02,0xff,0x10,0x07,0xfb,0x00,0x00,0x6f,0xc0,0x04,0xff,0x55,
0x55,0x55,0x55,0x7f,0xf1,0x00,0x7f,0xb0,0x00,0x06,0xfc,0x00,0x4f,0xff,0xff,0xff,0xff,0xff,0xff,0x10,0x07,0xfb,0x00,0x00,
0x6f,0xc0,0x04,0xff,0xbb,0xbd,0xfd,0xbb,0xbb,0xb1,0x00,0x7f,0xd7,0x77,0x7b,0xfc,0x00,0x4f,0xe0,0x00,0x6f,0xa0,0x00,0x00,
0x00,0x07,0xff,0xff,0xff,0xff,0xc0,0x04,0xfe,0x00,0x02,0xfe,0x00,0x00,0x06,0x00,0x7f,0xe9,0x99,0x9c,0xfc,0x00,0x4f,0xe0,
0x00,0x0d,0xf3,0x00,0x08,0xfa,0x07,0xfb,0x00,0x00,0x6f,0xc0,0x04,0xfe,0x00,0x00,0x9f,0x90,0x08,0xff,0x40,0x7f,0xb0,0x00,
0x06,0xfc,0x00,0x4f,0xe0,0x00,0x03,0xff,0x2b,0xff,0x50,0x07,0xfb,0x00,0x00,0x6f,0xc0,0x04,0xfe,0x00,0x00,0x0b,0xff,0xfe,
0x40,0x00,0x7f,0xb0,0x00,0x06,0xfc,0x00,0x4f,0xe0,0x00,0x00,0x3f,0xfb,0x10,0x00,0x07,0xfe,0x99,0x99,0xcf,0xc0,0x04,0xfe,
0x00,0x00,0x00,0xbf,0xe1,0x00,0x00,0x7f,0xff,0xff,0xff,0xfc,0x00,0x4f,0xe0,0x00,0x00,0x01,0xef,0xc0,0x00,0x07,0xfe,0x99,
0x99,0xcf,0xc0,0x04,0xfe,0x00,0x27,0xd4,0x03,0xff,0xb0,0x00,0x7f,0xb0,0x00,0x06,0xfc,0x00,0x5f,0xf6,0xcf,0xff,0x80,0x06,
0xff,0xd2,0x07,0xfb,0x00,0x00,0x6f,0xc0,0x0c,0xff,0xff,0xfb,0x50,0x00,0x06,0xff,0xf5,0x5c,0x80,0x00,0x00,0x00,0x00,0xdf,
0xfb,0x71,0x00,0x00,0x00,0x04,0xef,0x50,0x00,0x00,0x00,0x00,0x00,0x05,0x50,0x00,0x00,0x00,0x00,0x00,0x02,0x90,
/* U+7740 */
0x00,0x00,0x00,0x00,0x46,0x00,0x00,0x00,0x00,0x00,0x86,0x10,0x00,0x00,0x00,0x00,0x00,0x00,0x01,0xef,0x60,0x00,0x00,0x00,
0x07,0xfe,0x00,0x00,0x00,0x00,0x00,0x00,0x00,0x00,0x5f,0xe0,0x00,0x00,0x00,0x0e,0xf6,0x00,0x00,0x00,0x00,0x00,0x7b,0xbb,
0xbb,0xbf,0xfc,0xbb,0xbb,0xbb,0xcf,0xfb,0xbb,0xbb,0xb7,0x00,0x00,0xaf,0xff,0xff,0xff,0xff,0xff,0xff,0xff,0xff,0xff,0xff,
0xff,0xfa,0x00,0x00,0x23,0x33,0x33,0x33,0x33,0x3d,0xf8,0x33,0x33,0x33,0x33,0x33,0x32,0x00,0x00,0x00,0x00,0x00,0x00,0x00,
0x1f,0xf2,0x00,0x00,0x00,0x00,0x00,0x00,0x00,0x00,0x00,0x89,0x99,0x99,0x99,0xbf,0xf9,0x99,0x99,0x99,0x99,0x99,0x00,0x00,
0x00,0x00,0xef,0xff,0xff,0xff,0xff,0xff,0xff,0xff,0xff,0xff,0xff,0x00,0x00,0x00,0x00,0x34,0x44,0x44,0x47,0xff,0x54,0x44,
0x44,0x44,0x44,0x44,0x00,0x00,0x00,0x00,0x00,0x00,0x00,0x0c,0xf9,0x00,0x00,0x00,0x00,0x00,0x00,0x00,0x00,0x38,0x88,0x88,
0x88,0x88,0x9f,0xfa,0x88,0x88,0x88,0x88,0x88,0x88,0x88,0x83,0x5f,0xff,0xff,0xff,0xff,0xff,0xff,0xff,0xff,0xff,0xff,0xff,
0xff,0xff,0xf5,0x25,0x55,0x55,0x55,0x6e,0xfd,0x55,0x55,0x55,0x55,0x55,0x55,0x55,0x55,0x52,0x00,0x00,0x00,0x00,0xbf,0xe2,
0x00,0x00,0x00,0x00,0x00,0x00,0x00,0x00,0x00,0x00,0x00,0x00,0x0b,0xff,0xa6,0x66,0x66,0x66,0x66,0x66,0x66,0x65,0x00,0x00,
0x00,0x00,0x00,0xcf,0xff,0xff,0xff,0xff,0xff,0xff,0xff,0xff,0xfd,0x00,0x00,0x00,0x00,0x3c,0xff,0xf7,0x66,0x66,0x66,0x66,
0x66,0x66,0x6a,0xfd,0x00,0x00,0x00,0x19,0xff,0xff,0xf1,0x00,0x00,0x00,0x00,0x00,0x00,0x06,0xfd,0x00,0x00,0x07,0xff,0xfa,
0x3f,0xf9,0x88,0x88,0x88,0x88,0x88,0x88,0x8b,0xfd,0x00,0x00,0xbf,0xfd,0x40,0x2f,0xff,0xff,0xff,0xff,0xff,0xff,0xff,0xff,
0xfd,0x00,0x00,0x5f,0x80,0x00,0x2f,0xf3,0x22,0x22,0x22,0x22,0x22,0x22,0x28,0xfd,0x00,0x00,0x02,0x00,0x00,0x2f,0xf1,0x00,
0x00,0x00,0x00,0x00,0x00,0x06,0xfd,0x00,0x00,0x00,0x00,0x00,0x2f,0xfc,0xcc,0xcc,0xcc,0xcc,0xcc,0xcc,0xcd,0xfd,0x00,0x00,
0x00,0x00,0x00,0x2f,0xfe,0xee,0xee,0xee,0xee,0xee,0xee,0xef,0xfd,0x00,0x00,0x00,0x00,0x00,0x2f,0xf1,0x00,0x00,0x00,0x00,
0x00,0x00,0x06,0xfd,0x00,0x00,0x00,0x00,0x00,0x2f,0xf1,0x00,0x00,0x00,0x00,0x00,0x00,0x06,0xfd,0x00,0x00,0x00,0x00,0x00,
0x2f,0xfd,0xdd,0xdd,0xdd,0xdd,0xdd,0xdd,0xde,0xfd,0x00,0x00,0x00,0x00,0x00,0x2f,0xff,0xff,0xff,0xff,0xff,0xff,0xff,0xff,
0xfd,0x00,0x00,0x00,0x00,0x00,0x2f,0xf1,0x00,0x00,0x00,0x00,0x00,0x00,0x06,0xfd,0x00,0x00,0x00,0x00,0x00,0x03,0x30,0x00,
0x00,0x00,0x00,0x00,0x00,0x01,0x33,0x00,0x00,
/* U+7761 */
0x00,0x00,0x00,0x00,0x00,0x00,0x00,0x00,0x00,0x00,0x00,0x24,0x8c,0xe0,0x04,0x99,0x99,0x99,0x95,0x01,0x23,0x33,0x46,0x78,
0xac,0xff,0xff,0xff,0x60,0x7f,0xff,0xff,0xff,0x90,0x4f,0xff,0xff,0xff,0xff,0xff,0xfc,0x95,0x10,0x07,0xfe,0x88,0x8c,0xf9,
0x00,0xcc,0xba,0xa9,0x9e,0xf8,0x10,0x00,0x00,0x00,0x7f,0xb0,0x00,0x8f,0x90,0x00,0x00,0x00,0x00,0xdf,0x50,0x00,0x00,0x00,
0x07,0xfb,0x00,0x08,0xf9,0x00,0x00,0x00,0x00,0x0d,0xf5,0x00,0x00,0x00,0x00,0x7f,0xb0,0x00,0x8f,0x90,0x58,0x88,0x88,0x88,
0xef,0xa8,0x88,0x88,0x88,0x17,0xfb,0x00,0x08,0xf9,0x0a,0xff,0xff,0xff,0xff,0xff,0xff,0xff,0xff,0xf2,0x7f,0xb0,0x00,0x8f,
0x90,0x69,0xaf,0xf9,0x99,0xef,0xb9,0x9b,0xfe,0x99,0x17,0xff,0xff,0xff,0xf9,0x00,0x01,0xfe,0x00,0x0d,0xf5,0x00,0x4f,0xb0,
0x00,0x7f,0xff,0xff,0xff,0x90,0x00,0x1f,0xe0,0x00,0xdf,0x50,0x04,0xfb,0x00,0x07,0xfb,0x00,0x08,0xf9,0x00,0x01,0xfe,0x00,
0x0d,0xf5,0x00,0x4f,0xb0,0x00,0x7f,0xb0,0x00,0x8f,0x90,0x00,0x1f,0xe0,0x00,0xdf,0x50,0x04,0xfb,0x00,0x07,0xfb,0x00,0x08,
0xf9,0x05,0x9a,0xff,0x99,0x9e,0xfb,0x99,0xbf,0xe9,0x91,0x7f,0xb0,0x00,0x8f,0x90,0xaf,0xff,0xff,0xff,0xff,0xff,0xff,0xff,
0xff,0x27,0xfb,0x00,0x08,0xf9,0x03,0x56,0xff,0x55,0x5e,0xf9,0x55,0x8f,0xd5,0x50,0x7f,0xeb,0xbb,0xdf,0x90,0x00,0x1f,0xe0,
0x00,0xdf,0x50,0x04,0xfb,0x00,0x07,0xff,0xff,0xff,0xf9,0x00,0x01,0xfe,0x00,0x0d,0xf5,0x00,0x4f,0xb0,0x00,0x7f,0xd5,0x55,
0xbf,0x90,0x00,0x1f,0xe0,0x00,0xdf,0x50,0x04,0xfb,0x00,0x07,0xfb,0x00,0x08,0xf9,0x00,0x13,0xfe,0x11,0x1d,0xf6,0x11,0x5f,
0xc1,0x10,0x7f,0xb0,0x00,0x8f,0x90,0x7f,0xff,0xff,0xff,0xff,0xff,0xff,0xff,0xff,0x27,0xfb,0x00,0x08,0xf9,0x07,0xff,0xff,
0xff,0xff,0xff,0xff,0xff,0xff,0xf2,0x7f,0xb0,0x00,0x8f,0x90,0x00,0x00,0x00,0x00,0xdf,0x50,0x00,0x00,0x00,0x07,0xfd,0x77,
0x7c,0xf9,0x00,0x00,0x00,0x00,0x0d,0xf5,0x00,0x00,0x00,0x00,0x7f,0xff,0xff,0xff,0x90,0x00,0x00,0x00,0x00,0xdf,0x50,0x00,
0x00,0x00,0x07,0xfe,0x99,0x9c,0xf9,0x00,0x01,0x11,0x11,0x1d,0xf6,0x11,0x11,0x11,0x00,0x7f,0xb0,0x00,0x8f,0x90,0x0a,0xff,
0xff,0xff,0xff,0xff,0xff,0xff,0xf4,0x06,0xda,0x00,0x00,0x10,0x00,0xaf,0xff,0xff,0xff,0xff,0xff,0xff,0xff,0x40,0x00,0x00,
0x00,0x00,0x00,0x01,0x11,0x11,0x11,0x11,0x11,0x11,0x11,0x10,0x00,
/* U+77E5 */
0x00,0x00,0x02,0x00,0x00,0x00,0x00,0x00,0x00,0x00,0x00,0x00,0x00,0x00,0x00,0x00,0x01,0xff,0x40,0x00,0x00,0x00,0x00,0x00,
0x00,0x00,0x00,0x00,0x00,0x00,0x00,0x6f,0xf1,0x00,0x00,0x00,0x00,0x00,0x00,0x00,0x00,0x00,0x00,0x00,0x00,0x0c,0xfb,0x00,
0x00,0x00,0x00,0x00,0x00,0x00,0x00,0x00,0x00,0x00,0x00,0x02,0xff,0x60,0x00,0x00,0x00,0x00,0x07,0xcc,0xcc,0xcc,0xcc,0xcc,
0x10,0x00,0x7f,0xfe,0xdd,0xdd,0xdd,0xdd,0x60,0x9f,0xff,0xff,0xff,0xff,0xf1,0x00,0x0e,0xff,0xff,0xff,0xff,0xff,0xf7,0x09,
0xfc,0x66,0x66,0x67,0xff,0x10,0x08,0xff,0x65,0x5b,0xfd,0x55,0x55,0x20,0x9f,0x90,0x00,0x00,0x1f,0xf1,0x01,0xff,0xa0,0x00,
0xaf,0xb0,0x00,0x00,0x09,0xf9,0x00,0x00,0x01,0xff,0x10,0xaf,0xf2,0x00,0x0b,0xfa,0x00,0x00,0x00,0x9f,0x90,0x00,0x00,0x1f,
0xf1,0x2f,0xf8,0x00,0x00,0xcf,0x90,0x00,0x00,0x09,0xf9,0x00,0x00,0x01,0xff,0x10,0x7e,0x00,0x00,0x0d,0xf8,0x00,0x00,0x00,
0x9f,0x90,0x00,0x00,0x1f,0xf1,0x00,0x00,0x00,0x00,0xef,0x70,0x00,0x00,0x09,0xf9,0x00,0x00,0x01,0xff,0x10,0x44,0x44,0x44,
0x4f,0xf9,0x44,0x44,0x30,0x9f,0x90,0x00,0x00,0x1f,0xf1,0x0f,0xff,0xff,0xff,0xff,0xff,0xff,0xfb,0x09,0xf9,0x00,0x00,0x01,
0xff,0x10,0xee,0xee,0xee,0xff,0xfe,0xee,0xee,0xa0,0x9f,0x90,0x00,0x00,0x1f,0xf1,0x00,0x00,0x00,0x07,0xff,0x00,0x00,0x00,
0x09,0xf9,0x00,0x00,0x01,0xff,0x10,0x00,0x00,0x00,0xaf,0xb0,0x00,0x00,0x00,0x9f,0x90,0x00,0x00,0x1f,0xf1,0x00,0x00,0x00,
0x0e,0xfc,0x00,0x00,0x00,0x09,0xf9,0x00,0x00,0x01,0xff,0x10,0x00,0x00,0x05,0xff,0xf9,0x00,0x00,0x00,0x9f,0x90,0x00,0x00,
0x1f,0xf1,0x00,0x00,0x00,0xbf,0xee,0xf8,0x00,0x00,0x09,0xf9,0x00,0x00,0x01,0xff,0x10,0x00,0x00,0x3f,0xf6,0x3f,0xf7,0x00,
0x00,0x9f,0x90,0x00,0x00,0x1f,0xf1,0x00,0x00,0x0c,0xfd,0x00,0x5f,0xf5,0x00,0x09,0xf9,0x00,0x00,0x01,0xff,0x10,0x00,0x06,
0xff,0x40,0x00,0x8f,0xf3,0x00,0x9f,0x90,0x00,0x00,0x1f,0xf1,0x00,0x04,0xff,0xb0,0x00,0x00,0xcf,0xe2,0x09,0xfc,0x77,0x77,
0x78,0xff,0x10,0x03,0xff,0xe2,0x00,0x00,0x01,0xef,0xa0,0x9f,0xff,0xff,0xff,0xff,0xf1,0x04,0xff,0xe2,0x00,0x00,0x00,0x05,
0xf2,0x09,0xfd,0xaa,0xaa,0xab,0xff,0x14,0xff,0xe2,0x00,0x00,0x00,0x00,0x03,0x00,0x9f,0x90,0x00,0x00,0x1f,0xf1,0x0d,0xd1,
0x00,0x00,0x00,0x00,0x00,0x00,0x07,0xc7,0x00,0x00,0x01,0xbb,0x10,0x21,0x00,0x00,0x00,0x00,0x00,0x00,0x00,0x00,0x00,0x00,
0x00,0x00,0x00,
/* U+786E */
0x00,0x00,0x00,0x00,0x00,0x00,0x00,0x00,0x01,0x00,0x00,0x00,0x00,0x00,0x00,0x00,0x00,0x00,0x00,0x00,0x00,0x00,0x06,0xfd,
0x00,0x00,0x00,0x00,0x00,0x04,0x55,0x55,0x55,0x55,0x54,0x00,0x01,0xff,0x90,0x00,0x00,0x00,0x00,0x00,0xdf,0xff,0xff,0xff,
0xff,0xd0,0x00,0xaf,0xfd,0xcc,0xcc,0xcc,0xb0,0x00,0x0c,0xee,0xef,0xfe,0xee,0xeb,0x00,0x4f,0xff,0xff,0xff,0xff,0xfe,0x00,
0x00,0x00,0x06,0xfd,0x00,0x00,0x00,0x1d,0xfc,0x22,0x22,0x24,0xff,0x60,0x00,0x00,0x00,0xaf,0x90,0x00,0x00,0x1d,0xfe,0x10,
0x00,0x00,0xcf,0x90,0x00,0x00,0x00,0x0e,0xf5,0x00,0x00,0x0c,0xff,0x30,0x00,0x00,0xaf,0xc0,0x00,0x00,0x00,0x02,0xff,0x10,
0x00,0x0c,0xff,0xd8,0x88,0x88,0xaf,0xfa,0x88,0x88,0x30,0x00,0x6f,0xd0,0x00,0x00,0xbf,0xcf,0xff,0xff,0xff,0xff,0xff,0xff,
0xf7,0x00,0x0a,0xf9,0x00,0x00,0x00,0x56,0xfe,0x77,0x78,0xff,0x77,0x77,0xdf,0x70,0x00,0xef,0x50,0x00,0x00,0x00,0x6f,0xc0,
0x00,0x1f,0xf0,0x00,0x0b,0xf7,0x00,0x6f,0xfe,0xdd,0xdd,0xd0,0x06,0xfc,0x00,0x01,0xff,0x00,0x00,0xbf,0x70,0x0e,0xff,0xff,
0xff,0xff,0x00,0x6f,0xc0,0x00,0x1f,0xf0,0x00,0x0b,0xf7,0x06,0xff,0xf9,0x44,0x5f,0xf0,0x06,0xfe,0x99,0x9a,0xff,0x99,0x99,
0xef,0x70,0xef,0xff,0x60,0x01,0xff,0x00,0x6f,0xff,0xff,0xff,0xff,0xff,0xff,0xf7,0x6f,0xff,0xf6,0x00,0x1f,0xf0,0x06,0xfd,
0x77,0x77,0xff,0x77,0x77,0xdf,0x79,0xfb,0xbf,0x60,0x01,0xff,0x00,0x6f,0xc0,0x00,0x1f,0xf0,0x00,0x0b,0xf7,0x1e,0x2b,0xf6,
0x00,0x1f,0xf0,0x06,0xfc,0x00,0x01,0xff,0x00,0x00,0xbf,0x70,0x10,0xbf,0x60,0x01,0xff,0x00,0x6f,0xc0,0x00,0x1f,0xf0,0x00,
0x0b,0xf7,0x00,0x0b,0xf6,0x00,0x1f,0xf0,0x07,0xfd,0x77,0x78,0xff,0x77,0x77,0xdf,0x70,0x00,0xbf,0x60,0x01,0xff,0x00,0x9f,
0xff,0xff,0xff,0xff,0xff,0xff,0xf7,0x00,0x0b,0xf6,0x00,0x1f,0xf0,0x0b,0xfc,0x88,0x89,0xff,0x88,0x88,0xef,0x70,0x00,0xbf,
0x60,0x01,0xff,0x00,0xdf,0x50,0x00,0x1f,0xf0,0x00,0x0b,0xf7,0x00,0x0b,0xfa,0x55,0x6f,0xf0,0x0f,0xf1,0x00,0x01,0xff,0x00,
0x00,0xbf,0x70,0x00,0xbf,0xff,0xff,0xff,0x06,0xfe,0x00,0x00,0x1f,0xf0,0x00,0x0b,0xf7,0x00,0x0b,0xfd,0xbb,0xbb,0xb0,0xdf,
0xa0,0x00,0x01,0xff,0x00,0x00,0xbf,0x70,0x00,0xbf,0x60,0x00,0x00,0x5f,0xf3,0x00,0x00,0x1f,0xf0,0x33,0x4e,0xf6,0x00,0x0b,
0xf6,0x00,0x00,0x0a,0xfa,0x00,0x00,0x01,0xff,0x0b,0xff,0xff,0x10,0x00,0x12,0x00,0x00,0x00,0x1c,0x20,0x00,0x00,0x19,0x90,
0x6c,0xca,0x40,
/* U+7A7A */
0x00,0x00,0x00,0x00,0x00,0x00,0x13,0x00,0x00,0x00,0x00,0x00,0x00,0x00,0x00,0x00,0x00,0x00,0x00,0x02,0xff,0x60,0x00,0x00,
0x00,0x00,0x00,0x00,0x00,0x00,0x00,0x00,0x00,0x00,0xbf,0xc0,0x00,0x00,0x00,0x00,0x00,0x00,0x00,0x00,0x00,0x00,0x00,0x00,
0x4f,0xf2,0x00,0x00,0x00,0x00,0x00,0x00,0x8f,0xff,0xff,0xff,0xff,0xff,0xff,0xff,0xff,0xff,0xff,0xff,0xff,0xf9,0x9f,0xff,
0xff,0xff,0xff,0xff,0xff,0xff,0xff,0xff,0xff,0xff,0xff,0xf9,0x9f,0xc2,0x22,0x22,0x22,0x22,0x22,0x22,0x22,0x22,0x22,0x22,
0x2c,0xf9,0x9f,0xc0,0x00,0x00,0x00,0x00,0x00,0x00,0x00,0x00,0x00,0x00,0x0b,0xf9,0x9f,0xc0,0x00,0x00,0x01,0x40,0x00,0x00,
0x38,0x10,0x00,0x00,0x0b,0xf9,0x9f,0xc0,0x00,0x00,0x4e,0xf4,0x00,0x00,0xdf,0xe7,0x00,0x00,0x0b,0xf9,0x36,0x50,0x00,0x08,
0xff,0xe3,0x00,0x00,0x6e,0xff,0xe6,0x00,0x05,0x74,0x00,0x00,0x04,0xcf,0xfb,0x10,0x00,0x00,0x00,0x7f,0xff,0xb1,0x00,0x00,
0x00,0x05,0xdf,0xff,0x70,0x00,0x00,0x00,0x00,0x01,0x9f,0xfe,0x50,0x00,0x04,0xef,0xff,0xa2,0x00,0x00,0x00,0x00,0x00,0x00,
0x05,0xef,0xfa,0x00,0x02,0xff,0xa2,0x00,0x00,0x00,0x00,0x00,0x00,0x00,0x00,0x1c,0xfb,0x00,0x00,0x72,0x00,0x00,0x00,0x00,
0x00,0x00,0x00,0x00,0x00,0x00,0x71,0x00,0x00,0x00,0x00,0x00,0x00,0x00,0x00,0x00,0x00,0x00,0x00,0x00,0x00,0x00,0x00,0x0c,
0xdd,0xdd,0xdd,0xdd,0xdd,0xdd,0xdd,0xdd,0xdd,0xdd,0xc0,0x00,0x00,0x0f,0xff,0xff,0xff,0xff,0xff,0xff,0xff,0xff,0xff,0xff,
0xf0,0x00,0x00,0x05,0x55,0x55,0x55,0x55,0x7f,0xf7,0x55,0x55,0x55,0x55,0x50,0x00,0x00,0x00,0x00,0x00,0x00,0x00,0x2f,0xf2,
0x00,0x00,0x00,0x00,0x00,0x00,0x00,0x00,0x00,0x00,0x00,0x00,0x2f,0xf2,0x00,0x00,0x00,0x00,0x00,0x00,0x00,0x00,0x00,0x00,
0x00,0x00,0x2f,0xf2,0x00,0x00,0x00,0x00,0x00,0x00,0x00,0x00,0x00,0x00,0x00,0x00,0x2f,0xf2,0x00,0x00,0x00,0x00,0x00,0x00,
0x00,0x00,0x00,0x00,0x00,0x00,0x2f,0xf2,0x00,0x00,0x00,0x00,0x00,0x00,0x00,0x00,0x00,0x00,0x00,0x00,0x2f,0xf2,0x00,0x00,
0x00,0x00,0x00,0x00,0x01,0x11,0x11,0x11,0x11,0x11,0x3f,0xf3,0x11,0x11,0x11,0x11,0x11,0x10,0xaf,0xff,0xff,0xff,0xff,0xff,
0xff,0xff,0xff,0xff,0xff,0xff,0xff,0xfa,0xaf,0xff,0xff,0xff,0xff,0xff,0xff,0xff,0xff,0xff,0xff,0xff,0xff,0xfa,0x12,0x22,
0x22,0x22,0x22,0x22,0x22,0x22,0x22,0x22,0x22,0x22,0x22,0x21,
/* U+7AD9 */
0x00,0x00,0x00,0x00,0x00,0x00,0x00,0x00,0x00,0x02,0x20,0x00,0x00,0x00,0x00,0x00,0x00,0x2a,0xd0,0x00,0x00,0x00,0x00,0x00,
0x1f,0xf4,0x00,0x00,0x00,0x00,0x00,0x00,0x1f,0xf4,0x00,0x00,0x00,0x00,0x00,0x1f,0xf4,0x00,0x00,0x00,0x00,0x00,0x00,0x0c,
0xf8,0x00,0x00,0x00,0x00,0x00,0x1f,0xf4,0x00,0x00,0x00,0x00,0x00,0x00,0x08,0xfc,0x00,0x00,0x00,0x00,0x00,0x1f,0xf4,0x00,
0x00,0x00,0x00,0x00,0x00,0x03,0xff,0x00,0x00,0x00,0x00,0x00,0x1f,0xf4,0x00,0x00,0x00,0x00,0x2d,0xdd,0xdd,0xff,0xdd,0xdd,
0xd4,0x00,0x00,0x1f,0xfa,0x88,0x88,0x88,0x82,0x3f,0xff,0xff,0xff,0xff,0xff,0xf5,0x00,0x00,0x1f,0xff,0xff,0xff,0xff,0xf5,
0x16,0x66,0x66,0x66,0x66,0x66,0x62,0x00,0x00,0x1f,0xfc,0xbb,0xbb,0xbb,0xb3,0x00,0x00,0x00,0x00,0x00,0x00,0x00,0x00,0x00,
0x1f,0xf4,0x00,0x00,0x00,0x00,0x00,0x46,0x00,0x00,0x05,0xc9,0x00,0x00,0x00,0x1f,0xf4,0x00,0x00,0x00,0x00,0x03,0xfe,0x00,
0x00,0x07,0xfc,0x00,0x00,0x00,0x1f,0xf4,0x00,0x00,0x00,0x00,0x00,0xff,0x10,0x00,0x09,0xfa,0x00,0x00,0x00,0x1f,0xf4,0x00,
0x00,0x00,0x00,0x00,0xef,0x40,0x00,0x0b,0xf8,0x00,0x00,0x00,0x1f,0xf4,0x00,0x00,0x00,0x00,0x00,0xbf,0x70,0x00,0x0d,0xf6,
0x00,0x01,0x11,0x1f,0xf5,0x11,0x11,0x10,0x00,0x00,0x8f,0xa0,0x00,0x0f,0xf3,0x00,0xbf,0xff,0xff,0xff,0xff,0xff,0xfc,0x00,
0x00,0x5f,0xd0,0x00,0x1f,0xf1,0x00,0xbf,0xff,0xff,0xff,0xff,0xff,0xfc,0x00,0x00,0x3f,0xf0,0x00,0x3f,0xf0,0x00,0xbf,0x80,
0x00,0x00,0x00,0x07,0xfc,0x00,0x00,0x0f,0xf1,0x00,0x5f,0xc0,0x00,0xbf,0x80,0x00,0x00,0x00,0x07,0xfc,0x00,0x00,0x0d,0xf4,
0x00,0x8f,0x90,0x00,0xbf,0x80,0x00,0x00,0x00,0x07,0xfc,0x00,0x00,0x0a,0xf6,0x00,0xbf,0x60,0x00,0xbf,0x80,0x00,0x00,0x00,
0x07,0xfc,0x00,0x00,0x07,0xf8,0x00,0xef,0x20,0x00,0xbf,0x80,0x00,0x00,0x00,0x07,0xfc,0x00,0x00,0x05,0xfb,0x01,0xff,0x00,
0x00,0xbf,0x80,0x00,0x00,0x00,0x07,0xfc,0x00,0x00,0x01,0x72,0x04,0xfc,0x27,0x90,0xbf,0x80,0x00,0x00,0x00,0x07,0xfc,0x00,
0x00,0x00,0x01,0x4a,0xff,0xff,0xd0,0xbf,0x80,0x00,0x00,0x00,0x07,0xfc,0x00,0x15,0x8b,0xef,0xff,0xff,0xfb,0x60,0xbf,0xa3,
0x33,0x33,0x33,0x39,0xfc,0x00,0x4f,0xff,0xff,0xfc,0x84,0x00,0x00,0xbf,0xff,0xff,0xff,0xff,0xff,0xfc,0x00,0x0e,0xc8,0x52,
0x00,0x00,0x00,0x00,0xbf,0xfe,0xee,0xee,0xee,0xef,0xfc,0x00,0x00,0x00,0x00,0x00,0x00,0x00,0x00,0xbf,0x80,0x00,0x00,0x00,
0x07,0xfc,0x00,0x00,0x00,0x00,0x00,0x00,0x00,0x00,0xbf,0x80,0x00,0x00,0x00,0x07,0xfc,0x00,
/* U+7B2C */
0x00,0x00,0x41,0x00,0x00,0x00,0x00,0x00,0x03,0x20,0x00,0x00,0x00,0x00,0x00,0x00,0x4f,0xf2,0x00,0x00,0x00,0x00,0x01,0xff,
0x60,0x00,0x00,0x00,0x00,0x00,0x0c,0xfc,0x00,0x00,0x00,0x00,0x00,0x7f,0xf1,0x00,0x00,0x00,0x00,0x00,0x05,0xff,0xfe,0xee,
0xee,0xee,0xe0,0x0e,0xff,0xff,0xff,0xff,0xff,0xf4,0x02,0xef,0xff,0xff,0xff,0xff,0xff,0x08,0xff,0xff,0xff,0xff,0xff,0xff,
0x41,0xdf,0xe2,0x17,0xff,0x31,0x11,0x14,0xff,0x80,0x0a,0xfd,0x00,0x00,0x00,0xbf,0xf3,0x00,0x0c,0xfb,0x00,0x01,0xef,0xc0,
0x00,0x1e,0xf8,0x00,0x00,0x09,0xf6,0x00,0x00,0x2f,0xf6,0x00,0x2c,0xf2,0x00,0x00,0x5f,0xf2,0x00,0x00,0x02,0x00,0x00,0x00,
0x43,0x00,0x00,0x02,0x00,0x00,0x00,0x62,0x00,0x00,0x00,0x06,0xbb,0xbb,0xbb,0xbb,0xbb,0xbb,0xbb,0xbb,0xbb,0xbb,0xbb,0x80,
0x00,0x00,0x8f,0xff,0xff,0xff,0xff,0xff,0xff,0xff,0xff,0xff,0xff,0xfc,0x00,0x00,0x03,0x66,0x66,0x66,0x66,0x66,0xff,0x96,
0x66,0x66,0x66,0xcf,0xc0,0x00,0x00,0x00,0x00,0x00,0x00,0x00,0x0e,0xf5,0x00,0x00,0x00,0x09,0xfc,0x00,0x00,0x00,0x00,0x00,
0x00,0x00,0x00,0xef,0x50,0x00,0x00,0x00,0x9f,0xc0,0x00,0x00,0x07,0x88,0x88,0x88,0x88,0x8f,0xfa,0x88,0x88,0x88,0x8c,0xfc,
0x00,0x00,0x00,0xff,0xff,0xff,0xff,0xff,0xff,0xff,0xff,0xff,0xff,0xff,0xc0,0x00,0x00,0x3f,0xfa,0x99,0x99,0x99,0x9f,0xfb,
0x99,0x99,0x99,0x99,0x97,0x00,0x00,0x06,0xff,0x00,0x00,0x00,0x00,0xef,0x50,0x00,0x00,0x00,0x00,0x00,0x00,0x00,0xaf,0xb0,
0x00,0x00,0x00,0x0e,0xf5,0x00,0x00,0x00,0x00,0x00,0x00,0x00,0x0d,0xfa,0x44,0x44,0x44,0x44,0xef,0x84,0x44,0x44,0x44,0x44,
0x43,0x00,0x00,0xff,0xff,0xff,0xff,0xff,0xff,0xff,0xff,0xff,0xff,0xff,0xff,0xe0,0x00,0x2c,0xcc,0xcc,0xcc,0xce,0xff,0xff,
0xdc,0xcc,0xcc,0xcc,0xcd,0xfd,0x00,0x00,0x00,0x00,0x00,0x05,0xff,0x5e,0xf5,0x00,0x00,0x00,0x00,0x7f,0xd0,0x00,0x00,0x00,
0x00,0x08,0xff,0x70,0xef,0x50,0x00,0x00,0x00,0x07,0xfc,0x00,0x00,0x00,0x00,0x4d,0xff,0x60,0x0e,0xf5,0x00,0x00,0x00,0x00,
0x9f,0xa0,0x00,0x00,0x04,0xcf,0xfe,0x30,0x00,0xef,0x50,0x00,0x00,0x00,0x0d,0xf8,0x00,0x01,0x7d,0xff,0xf9,0x10,0x00,0x0e,
0xf5,0x00,0x6a,0xaa,0xae,0xff,0x40,0x0a,0xff,0xff,0xb2,0x00,0x00,0x00,0xef,0x50,0x06,0xff,0xff,0xff,0x80,0x00,0x7f,0xfa,
0x30,0x00,0x00,0x00,0x0e,0xf5,0x00,0x17,0x78,0x86,0x30,0x00,0x00,0x71,0x00,0x00,0x00,0x00,0x00,0xef,0x50,0x00,0x00,0x00,
0x00,0x00,0x00,0x00,0x00,0x00,0x00,0x00,0x00,0x03,0x31,0x00,0x00,0x00,0x00,0x00,0x00,0x00,
/* U+7B49 */
0x00,0x00,0x02,0x00,0x00,0x00,0x00,0x00,0x01,0x30,0x00,0x00,0x00,0x00,0x00,0x00,0x00,0x6f,0xe0,0x00,0x00,0x00,0x00,0x08,
0xfc,0x00,0x00,0x00,0x00,0x00,0x00,0x00,0xdf,0x90,0x00,0x00,0x00,0x00,0x0e,0xf8,0x00,0x00,0x00,0x00,0x00,0x00,0x05,0xff,
0xec,0xcc,0xcc,0xcc,0x70,0x4f,0xfe,0xee,0xee,0xee,0xee,0x70,0x00,0x0c,0xff,0xff,0xff,0xff,0xff,0x80,0xdf,0xff,0xff,0xff,
0xff,0xff,0x80,0x00,0x7f,0xf4,0x3f,0xf8,0x22,0x22,0x17,0xff,0x30,0x6f,0xf2,0x00,0x00,0x00,0x02,0xff,0x90,0x07,0xfe,0x10,
0x00,0x1f,0xf9,0x00,0x0b,0xfa,0x00,0x00,0x00,0x0d,0xfe,0x00,0x00,0xdf,0xa0,0x00,0x04,0xc0,0x00,0x02,0xff,0x50,0x00,0x00,
0x06,0xe4,0x00,0x00,0x3d,0x70,0x01,0xbb,0x10,0x00,0x00,0x7a,0x30,0x00,0x00,0x00,0x00,0x00,0x00,0x00,0x00,0x02,0xff,0x20,
0x00,0x00,0x00,0x00,0x00,0x00,0x00,0x00,0x7b,0xbb,0xbb,0xbb,0xbb,0xff,0xbb,0xbb,0xbb,0xbb,0xb6,0x00,0x00,0x00,0x00,0xbf,
0xff,0xff,0xff,0xff,0xff,0xff,0xff,0xff,0xff,0xf8,0x00,0x00,0x00,0x00,0x34,0x44,0x44,0x44,0x46,0xff,0x64,0x44,0x44,0x44,
0x42,0x00,0x00,0x00,0x00,0x00,0x00,0x00,0x00,0x02,0xff,0x20,0x00,0x00,0x00,0x00,0x00,0x00,0x00,0x00,0x00,0x00,0x00,0x00,
0x02,0xff,0x20,0x00,0x00,0x00,0x00,0x00,0x00,0x29,0x99,0x99,0x99,0x99,0x99,0x9a,0xff,0xa9,0x99,0x99,0x99,0x99,0x99,0x91,
0x3f,0xff,0xff,0xff,0xff,0xff,0xff,0xff,0xff,0xff,0xff,0xff,0xff,0xff,0xf3,0x16,0x66,0x66,0x66,0x66,0x66,0x66,0x66,0x66,
0x66,0x9f,0xf7,0x66,0x66,0x61,0x00,0x00,0x00,0x00,0x00,0x00,0x00,0x00,0x00,0x00,0x4f,0xf0,0x00,0x00,0x00,0x00,0x00,0x00,
0x00,0x00,0x00,0x00,0x00,0x00,0x00,0x4f,0xf0,0x00,0x00,0x00,0x00,0x27,0x77,0x77,0x77,0x77,0x77,0x77,0x77,0x77,0xaf,0xf8,
0x77,0x76,0x00,0x00,0x5f,0xff,0xff,0xff,0xff,0xff,0xff,0xff,0xff,0xff,0xff,0xff,0xfd,0x00,0x00,0x28,0x88,0x88,0x88,0x88,
0x88,0x88,0x88,0x88,0xaf,0xf8,0x88,0x86,0x00,0x00,0x00,0x00,0x03,0x30,0x00,0x00,0x00,0x00,0x00,0x4f,0xf0,0x00,0x00,0x00,
0x00,0x00,0x00,0x7f,0xe2,0x00,0x00,0x00,0x00,0x00,0x4f,0xf0,0x00,0x00,0x00,0x00,0x00,0x00,0x1d,0xfe,0x20,0x00,0x00,0x00,
0x00,0x4f,0xf0,0x00,0x00,0x00,0x00,0x00,0x00,0x01,0xdf,0xd0,0x00,0x00,0x00,0x00,0x4f,0xf0,0x00,0x00,0x00,0x00,0x00,0x00,
0x00,0x2f,0xfa,0x00,0x00,0x00,0x00,0x7f,0xf0,0x00,0x00,0x00,0x00,0x00,0x00,0x00,0x04,0xd3,0x00,0x0c,0xee,0xde,0xff,0xb0,
0x00,0x00,0x00,0x00,0x00,0x00,0x00,0x00,0x00,0x00,0x09,0xff,0xff,0xfc,0x30,0x00,0x00,0x00,0x00,0x00,0x00,0x00,0x00,0x00,
0x00,0x01,0x33,0x33,0x10,0x00,0x00,0x00,0x00,
/* U+7B54 */
0x00,0x00,0x05,0x20,0x00,0x00,0x00,0x00,0x00,0x42,0x00,0x00,0x00,0x00,0x00,0x00,0x00,0x6f,0xf1,0x00,0x00,0x00,0x00,0x01,
0xff,0x50,0x00,0x00,0x00,0x00,0x00,0x00,0xdf,0xa0,0x00,0x00,0x00,0x00,0x07,0xfe,0x00,0x00,0x00,0x00,0x00,0x00,0x03,0xff,
0xa7,0x77,0x77,0x77,0x60,0x0e,0xfd,0x77,0x77,0x77,0x77,0x71,0x00,0x0a,0xff,0xff,0xff,0xff,0xff,0xe0,0x6f,0xff,0xff,0xff,
0xff,0xff,0xf2,0x00,0x4f,0xfb,0xaa,0xff,0xda,0xaa,0x92,0xff,0xca,0xac,0xff,0xaa,0xaa,0xa1,0x01,0xef,0xb0,0x00,0x8f,0xd0,
0x00,0x0c,0xfe,0x00,0x00,0xef,0x70,0x00,0x00,0x0a,0xff,0x20,0x00,0x1f,0xf5,0x00,0x1c,0xf4,0x00,0x00,0x6f,0xf1,0x00,0x00,
0x2f,0xf6,0x00,0x00,0x09,0xf8,0x00,0x33,0x40,0x00,0x00,0x0d,0xf9,0x00,0x00,0x02,0x80,0x00,0x00,0x01,0x10,0x2c,0xff,0xb1,
0x00,0x00,0x05,0x82,0x00,0x00,0x00,0x00,0x00,0x00,0x00,0x06,0xff,0xdd,0xff,0x60,0x00,0x00,0x00,0x00,0x00,0x00,0x00,0x00,
0x00,0x01,0xbf,0xfb,0x10,0xaf,0xfb,0x10,0x00,0x00,0x00,0x00,0x00,0x00,0x00,0x00,0x5e,0xff,0x80,0x00,0x05,0xef,0xe5,0x00,
0x00,0x00,0x00,0x00,0x00,0x00,0x5c,0xff,0xd3,0x00,0x00,0x00,0x1b,0xff,0xc4,0x00,0x00,0x00,0x00,0x00,0x6d,0xff,0xf9,0x11,
0x11,0x11,0x11,0x11,0x8f,0xff,0xd6,0x00,0x00,0x01,0x7e,0xff,0xfd,0xff,0xff,0xff,0xff,0xff,0xff,0xff,0xdf,0xff,0xe7,0x10,
0x3f,0xff,0xfa,0x25,0xff,0xff,0xff,0xff,0xff,0xff,0xff,0x62,0x9f,0xff,0xf5,0x0d,0xf8,0x10,0x00,0x11,0x11,0x11,0x11,0x11,
0x11,0x11,0x00,0x01,0x8e,0xf1,0x02,0x10,0x00,0x00,0x00,0x00,0x00,0x00,0x00,0x00,0x00,0x00,0x00,0x00,0x30,0x00,0x00,0x00,
0x00,0x00,0x00,0x00,0x00,0x00,0x00,0x00,0x00,0x00,0x00,0x00,0x00,0x00,0x08,0xff,0xff,0xff,0xff,0xff,0xff,0xff,0xff,0xff,
0x80,0x00,0x00,0x00,0x00,0x09,0xff,0xff,0xff,0xff,0xff,0xff,0xff,0xff,0xff,0x90,0x00,0x00,0x00,0x00,0x09,0xfb,0x22,0x22,
0x22,0x22,0x22,0x22,0x22,0xbf,0x90,0x00,0x00,0x00,0x00,0x09,0xfa,0x00,0x00,0x00,0x00,0x00,0x00,0x00,0xaf,0x90,0x00,0x00,
0x00,0x00,0x09,0xfa,0x00,0x00,0x00,0x00,0x00,0x00,0x00,0xaf,0x90,0x00,0x00,0x00,0x00,0x09,0xfa,0x00,0x00,0x00,0x00,0x00,
0x00,0x00,0xaf,0x90,0x00,0x00,0x00,0x00,0x09,0xfc,0x66,0x66,0x66,0x66,0x66,0x66,0x66,0xcf,0x90,0x00,0x00,0x00,0x00,0x09,
0xff,0xff,0xff,0xff,0xff,0xff,0xff,0xff,0xff,0x90,0x00,0x00,0x00,0x00,0x09,0xfe,0xbb,0xbb,0xbb,0xbb,0xbb,0xbb,0xbb,0xef,
0x90,0x00,0x00,0x00,0x00,0x09,0xfa,0x00,0x00,0x00,0x00,0x00,0x00,0x00,0xaf,0x90,0x00,0x00,0x00,0x00,0x01,0x21,0x00,0x00,
0x00,0x00,0x00,0x00,0x00,0x12,0x10,0x00,0x00,
/* U+7B80 */
0x00,0x00,0x01,0x00,0x00,0x00,0x00,0x00,0x00,0x10,0x00,0x00,0x00,0x00,0x00,0x00,0x00,0x7f,0xd0,0x00,0x00,0x00,0x00,0x00,
0xef,0x50,0x00,0x00,0x00,0x00,0x00,0x00,0xef,0x90,0x00,0x00,0x00,0x00,0x05,0xff,0x10,0x00,0x00,0x00,0x00,0x00,0x06,0xff,
0xed,0xdd,0xdd,0xdd,0xa0,0x0c,0xff,0xdd,0xdd,0xdd,0xdd,0xd2,0x00,0x0d,0xff,0xff,0xff,0xff,0xff,0xc0,0x4f,0xff,0xff,0xff,
0xff,0xff,0xf3,0x00,0x9f,0xf4,0x25,0xff,0x62,0x22,0x20,0xef,0xc2,0x27,0xff,0x42,0x22,0x20,0x05,0xff,0x60,0x00,0xaf,0xc0,
0x00,0x09,0xff,0x20,0x00,0xcf,0xb0,0x00,0x00,0x1f,0xfb,0x00,0x00,0x1f,0xf6,0x00,0x0a,0xf7,0x00,0x00,0x2f,0xf5,0x00,0x00,
0x05,0xd1,0x04,0x40,0x08,0xd6,0x00,0x00,0x40,0x00,0x00,0x07,0x82,0x00,0x00,0x00,0x00,0x4f,0xf6,0x00,0x00,0x25,0x55,0x55,
0x55,0x55,0x55,0x55,0x51,0x00,0x00,0x00,0x07,0xff,0x60,0x00,0x6f,0xff,0xff,0xff,0xff,0xff,0xff,0xf4,0x00,0x00,0x00,0x00,
0x6f,0xf5,0x00,0x4c,0xcc,0xcc,0xcc,0xcc,0xcc,0xcf,0xf4,0x00,0x00,0x00,0x00,0x07,0xf8,0x00,0x00,0x00,0x00,0x00,0x00,0x00,
0x0f,0xf4,0x00,0x00,0x1e,0xe2,0x00,0x20,0x00,0x00,0x00,0x00,0x00,0x00,0x00,0x0f,0xf4,0x00,0x00,0x2f,0xf2,0x00,0x04,0x66,
0x66,0x66,0x66,0x66,0x50,0x00,0x0f,0xf4,0x00,0x00,0x2f,0xf2,0x00,0x0b,0xff,0xff,0xff,0xff,0xff,0xd0,0x00,0x0f,0xf4,0x00,
0x00,0x2f,0xf2,0x00,0x0b,0xfc,0x88,0x88,0x88,0xaf,0xd0,0x00,0x0f,0xf4,0x00,0x00,0x2f,0xf2,0x00,0x0b,0xf7,0x00,0x00,0x00,
0x5f,0xd0,0x00,0x0f,0xf4,0x00,0x00,0x2f,0xf2,0x00,0x0b,0xf7,0x00,0x00,0x00,0x5f,0xd0,0x00,0x0f,0xf4,0x00,0x00,0x2f,0xf2,
0x00,0x0b,0xfa,0x55,0x55,0x55,0x8f,0xd0,0x00,0x0f,0xf4,0x00,0x00,0x2f,0xf2,0x00,0x0b,0xff,0xff,0xff,0xff,0xff,0xd0,0x00,
0x0f,0xf4,0x00,0x00,0x2f,0xf2,0x00,0x0b,0xfc,0x88,0x88,0x88,0xaf,0xd0,0x00,0x0f,0xf4,0x00,0x00,0x2f,0xf2,0x00,0x0b,0xf7,
0x00,0x00,0x00,0x5f,0xd0,0x00,0x0f,0xf4,0x00,0x00,0x2f,0xf2,0x00,0x0b,0xf7,0x00,0x00,0x00,0x5f,0xd0,0x00,0x0f,0xf4,0x00,
0x00,0x2f,0xf2,0x00,0x0b,0xf9,0x44,0x44,0x44,0x8f,0xd0,0x00,0x0f,0xf4,0x00,0x00,0x2f,0xf2,0x00,0x0b,0xff,0xff,0xff,0xff,
0xff,0xd0,0x00,0x0f,0xf4,0x00,0x00,0x2f,0xf2,0x00,0x07,0xaa,0xaa,0xaa,0xaa,0xaa,0x80,0x00,0x0f,0xf4,0x00,0x00,0x2f,0xf2,
0x00,0x00,0x00,0x00,0x00,0x00,0x00,0x00,0x00,0x4f,0xf3,0x00,0x00,0x2f,0xf2,0x00,0x00,0x00,0x00,0x00,0x00,0x00,0x1f,0xfe,
0xff,0xd0,0x00,0x00,0x2f,0xf2,0x00,0x00,0x00,0x00,0x00,0x00,0x00,0x0d,0xff,0xfb,0x40,0x00,0x00,0x03,0x30,0x00,0x00,0x00,
0x00,0x00,0x00,0x00,0x01,0x11,0x00,0x00,0x00,
/* U+7B97 */
0x00,0x00,0x04,0x10,0x00,0x00,0x00,0x00,0x00,0x30,0x00,0x00,0x00,0x00,0x00,0x00,0x00,0x2f,0xf4,0x00,0x00,0x00,0x00,0x02,
0xff,0x40,0x00,0x00,0x00,0x00,0x00,0x00,0xaf,0xd0,0x00,0x00,0x00,0x00,0x09,0xfe,0x11,0x11,0x11,0x11,0x10,0x00,0x02,0xff,
0xff,0xff,0xff,0xff,0x90,0x1f,0xff,0xff,0xff,0xff,0xff,0xe0,0x00,0x0b,0xff,0xff,0xff,0xff,0xff,0x80,0xaf,0xfd,0xdf,0xff,
0xdd,0xdd,0xc0,0x00,0x8f,0xf3,0x00,0x8f,0xc0,0x00,0x06,0xff,0x50,0x05,0xfe,0x10,0x00,0x00,0x05,0xff,0x70,0x00,0x0d,0xf7,
0x00,0x1f,0xf9,0x00,0x00,0xbf,0xa0,0x00,0x00,0x09,0xfb,0x00,0x00,0x03,0x50,0x00,0x02,0xa0,0x00,0x00,0x17,0x10,0x00,0x00,
0x00,0x41,0x4e,0xee,0xee,0xee,0xee,0xee,0xee,0xee,0xee,0xee,0xea,0x00,0x00,0x00,0x00,0x5f,0xfe,0xee,0xee,0xee,0xee,0xee,
0xee,0xee,0xef,0xfb,0x00,0x00,0x00,0x00,0x5f,0xe0,0x00,0x00,0x00,0x00,0x00,0x00,0x00,0x08,0xfb,0x00,0x00,0x00,0x00,0x5f,
0xe3,0x33,0x33,0x33,0x33,0x33,0x33,0x33,0x39,0xfb,0x00,0x00,0x00,0x00,0x5f,0xff,0xff,0xff,0xff,0xff,0xff,0xff,0xff,0xff,
0xfb,0x00,0x00,0x00,0x00,0x5f,0xf6,0x66,0x66,0x66,0x66,0x66,0x66,0x66,0x6b,0xfb,0x00,0x00,0x00,0x00,0x5f,0xe0,0x00,0x00,
0x00,0x00,0x00,0x00,0x00,0x08,0xfb,0x00,0x00,0x00,0x00,0x5f,0xfc,0xcc,0xcc,0xcc,0xcc,0xcc,0xcc,0xcc,0xce,0xfb,0x00,0x00,
0x00,0x00,0x5f,0xfe,0xee,0xee,0xee,0xee,0xee,0xee,0xee,0xef,0xfb,0x00,0x00,0x00,0x00,0x5f,0xe0,0x00,0x00,0x00,0x00,0x00,
0x00,0x00,0x08,0xfb,0x00,0x00,0x00,0x00,0x5f,0xe2,0x22,0x22,0x22,0x22,0x22,0x22,0x22,0x29,0xfb,0x00,0x00,0x00,0x00,0x5f,
0xff,0xff,0xff,0xff,0xff,0xff,0xff,0xff,0xff,0xfb,0x00,0x00,0x00,0x00,0x3a,0xaa,0xcf,0xfa,0xaa,0xaa,0xaa,0xac,0xff,0xaa,
0xa7,0x00,0x00,0x00,0x00,0x00,0x00,0x4f,0xf0,0x00,0x00,0x00,0x05,0xfe,0x00,0x00,0x00,0x00,0x03,0x33,0x33,0x33,0x7f,0xf3,
0x33,0x33,0x33,0x37,0xfe,0x33,0x33,0x33,0x30,0x2f,0xff,0xff,0xff,0xff,0xff,0xff,0xff,0xff,0xff,0xff,0xff,0xff,0xff,0xf2,
0x2d,0xdd,0xdd,0xdd,0xff,0xed,0xdd,0xdd,0xdd,0xde,0xff,0xdd,0xdd,0xdd,0xd2,0x00,0x00,0x00,0x04,0xff,0x30,0x00,0x00,0x00,
0x05,0xfe,0x00,0x00,0x00,0x00,0x00,0x00,0x00,0x6f,0xfa,0x00,0x00,0x00,0x00,0x05,0xfe,0x00,0x00,0x00,0x00,0x00,0x00,0x5b,
0xff,0xc1,0x00,0x00,0x00,0x00,0x05,0xfe,0x00,0x00,0x00,0x00,0x00,0x1e,0xff,0xf9,0x00,0x00,0x00,0x00,0x00,0x05,0xfe,0x00,
0x00,0x00,0x00,0x00,0x08,0xe8,0x20,0x00,0x00,0x00,0x00,0x00,0x05,0xfe,0x00,0x00,0x00,0x00,0x00,0x00,0x00,0x00,0x00,0x00,
0x00,0x00,0x00,0x01,0x43,0x00,0x00,0x00,0x00,
/* U+7CBE */
0x00,0x00,0x00,0x10,0x00,0x00,0x00,0x00,0x00,0x00,0x22,0x00,0x00,0x00,0x00,0x00,0x00,0x0b,0xf8,0x00,0x00,0x00,0x00,0x00,
0x00,0xff,0x20,0x00,0x00,0x00,0x00,0x00,0x0b,0xf8,0x00,0x00,0x00,0x11,0x11,0x11,0xff,0x31,0x11,0x11,0x00,0x02,0x30,0x0b,
0xf8,0x00,0xea,0x0e,0xff,0xff,0xff,0xff,0xff,0xff,0xff,0xd0,0x1f,0xb0,0x0b,0xf8,0x00,0xfb,0x0b,0xdd,0xdd,0xdd,0xff,0xdd,
0xdd,0xdd,0xa0,0x0d,0xf0,0x0b,0xf8,0x02,0xf8,0x00,0x00,0x00,0x00,0xff,0x20,0x00,0x00,0x00,0x0a,0xf2,0x0b,0xf8,0x05,0xf6,
0x00,0x00,0x00,0x01,0xff,0x30,0x00,0x00,0x00,0x06,0xf5,0x0b,0xf8,0x08,0xf3,0x00,0xff,0xff,0xff,0xff,0xff,0xff,0xfe,0x00,
0x03,0xf8,0x0b,0xf8,0x0c,0xe0,0x00,0xdd,0xdd,0xdd,0xff,0xdd,0xdd,0xdc,0x00,0x00,0xfb,0x0b,0xf8,0x1f,0xa0,0x00,0x00,0x00,
0x00,0xff,0x20,0x00,0x00,0x00,0x00,0x74,0x0b,0xf8,0x02,0x20,0x00,0x00,0x00,0x00,0xff,0x20,0x00,0x00,0x00,0x00,0x00,0x0b,
0xf8,0x00,0x00,0x9f,0xff,0xff,0xff,0xff,0xff,0xff,0xff,0xfa,0x3c,0xcc,0xce,0xfe,0xcc,0xc4,0x9e,0xee,0xee,0xee,0xee,0xee,
0xee,0xee,0xe9,0x4f,0xff,0xff,0xff,0xff,0xf5,0x00,0x00,0x00,0x00,0x00,0x00,0x00,0x00,0x00,0x14,0x44,0x5f,0xfa,0x44,0x41,
0x00,0x01,0x11,0x11,0x11,0x11,0x11,0x10,0x00,0x00,0x00,0x5f,0xfb,0x00,0x00,0x00,0xdf,0xff,0xff,0xff,0xff,0xff,0xfd,0x00,
0x00,0x00,0xcf,0xff,0x80,0x00,0x00,0xdf,0xed,0xdd,0xdd,0xdd,0xde,0xfd,0x00,0x00,0x03,0xff,0xfd,0xf6,0x00,0x00,0xdf,0x40,
0x00,0x00,0x00,0x06,0xfd,0x00,0x00,0x0a,0xfc,0xf8,0xbf,0x40,0x00,0xdf,0x40,0x00,0x00,0x00,0x06,0xfd,0x00,0x00,0x4f,0x9b,
0xf8,0x1f,0xf2,0x00,0xdf,0xdc,0xcc,0xcc,0xcc,0xce,0xfd,0x00,0x01,0xef,0x1b,0xf8,0x06,0xfe,0x10,0xdf,0xff,0xff,0xff,0xff,
0xff,0xfd,0x00,0x0c,0xfa,0x0b,0xf8,0x00,0xdd,0x00,0xdf,0x40,0x00,0x00,0x00,0x06,0xfd,0x00,0x8f,0xf1,0x0b,0xf8,0x00,0x33,
0x00,0xdf,0x40,0x00,0x00,0x00,0x06,0xfd,0x00,0xcf,0x60,0x0b,0xf8,0x00,0x00,0x00,0xdf,0xdb,0xbb,0xbb,0xbb,0xbd,0xfd,0x00,
0x6c,0x00,0x0b,0xf8,0x00,0x00,0x00,0xdf,0xff,0xff,0xff,0xff,0xff,0xfd,0x00,0x02,0x00,0x0b,0xf8,0x00,0x00,0x00,0xdf,0x50,
0x00,0x00,0x00,0x06,0xfd,0x00,0x00,0x00,0x0b,0xf8,0x00,0x00,0x00,0xdf,0x40,0x00,0x00,0x00,0x06,0xfd,0x00,0x00,0x00,0x0b,
0xf8,0x00,0x00,0x00,0xdf,0x40,0x00,0x00,0x00,0x09,0xfc,0x00,0x00,0x00,0x0b,0xf8,0x00,0x00,0x00,0xdf,0x40,0x00,0x00,0x6f,
0xff,0xf7,0x00,0x00,0x00,0x0b,0xf8,0x00,0x00,0x00,0xdf,0x40,0x00,0x00,0x2f,0xfe,0x81,0x00,0x00,0x00,0x02,0x31,0x00,0x00,
0x00,0x12,0x00,0x00,0x00,0x00,0x00,0x00,0x00,
/* U+7ECF */
0x00,0x00,0x05,0xe9,0x00,0x00,0x00,0x00,0x00,0x00,0x00,0x00,0x00,0x00,0x00,0x00,0x00,0x0b,0xfc,0x00,0x00,0x5b,0xbb,0xbb,
0xbb,0xbb,0xbb,0xbb,0x20,0x00,0x00,0x00,0x1f,0xf5,0x00,0x00,0x7f,0xff,0xff,0xff,0xff,0xff,0xff,0x30,0x00,0x00,0x00,0x7f,
0xe0,0x00,0x00,0x38,0x88,0x88,0x88,0x88,0x8d,0xff,0x10,0x00,0x00,0x00,0xdf,0x70,0x00,0x00,0x00,0x00,0x00,0x00,0x00,0x3f,
0xf7,0x00,0x00,0x00,0x04,0xff,0x10,0x00,0x00,0x00,0x00,0x00,0x00,0x01,0xef,0xe0,0x00,0x00,0x00,0x0c,0xf9,0x00,0x05,0x50,
0x00,0x00,0x00,0x00,0x0b,0xff,0x40,0x00,0x00,0x00,0x5f,0xe1,0x00,0x0e,0xf8,0x00,0x00,0x00,0x00,0xbf,0xf7,0x00,0x00,0x00,
0x00,0xdf,0x60,0x00,0x8f,0xe1,0x00,0x00,0x00,0x1c,0xff,0xf3,0x00,0x00,0x00,0x05,0xfd,0x00,0x02,0xff,0x60,0x00,0x00,0x04,
0xef,0xfe,0xff,0x70,0x00,0x00,0x3f,0xfc,0xbd,0xff,0xfd,0x00,0x00,0x01,0xaf,0xfe,0x51,0xaf,0xfc,0x20,0x00,0x3f,0xff,0xff,
0xff,0xf4,0x00,0x01,0x8e,0xff,0xb1,0x00,0x06,0xff,0xf5,0x00,0x0a,0x86,0x31,0xbf,0xa0,0x02,0x9f,0xff,0xf7,0x00,0x00,0x00,
0x2d,0xff,0x70,0x00,0x00,0x06,0xff,0x10,0x09,0xff,0xe7,0x00,0x00,0x00,0x00,0x01,0xcf,0xf5,0x00,0x00,0x1e,0xf6,0x00,0x00,
0xb6,0x00,0x00,0x00,0x00,0x00,0x00,0x0b,0x80,0x00,0x00,0xaf,0xb0,0x00,0x00,0x00,0x00,0x00,0x00,0x00,0x00,0x00,0x00,0x00,
0x00,0x06,0xff,0x10,0x00,0x10,0x17,0x77,0x77,0x77,0x77,0x77,0x77,0x75,0x00,0x00,0x3f,0xf5,0x03,0x8c,0xf1,0x3f,0xff,0xff,
0xff,0xff,0xff,0xff,0xfb,0x00,0x03,0xef,0xda,0xef,0xff,0xf1,0x2c,0xcc,0xcc,0xcf,0xfe,0xcc,0xcc,0xc9,0x00,0x0e,0xff,0xff,
0xfe,0xa5,0x00,0x00,0x00,0x00,0x0e,0xf6,0x00,0x00,0x00,0x00,0x09,0xfd,0xa7,0x30,0x00,0x00,0x00,0x00,0x00,0x0e,0xf6,0x00,
0x00,0x00,0x00,0x01,0x00,0x00,0x00,0x00,0x00,0x00,0x00,0x00,0x0e,0xf6,0x00,0x00,0x00,0x00,0x00,0x00,0x00,0x00,0x04,0xa0,
0x00,0x00,0x00,0x0e,0xf6,0x00,0x00,0x00,0x00,0x00,0x00,0x00,0x06,0xdf,0xf0,0x00,0x00,0x00,0x0e,0xf6,0x00,0x00,0x00,0x00,
0x00,0x01,0x5a,0xef,0xfe,0x80,0x00,0x00,0x00,0x0e,0xf6,0x00,0x00,0x00,0x00,0x27,0xcf,0xff,0xfc,0x50,0x01,0x22,0x22,0x22,
0x2f,0xf8,0x22,0x22,0x22,0x20,0x6f,0xff,0xe9,0x30,0x00,0x0a,0xff,0xff,0xff,0xff,0xff,0xff,0xff,0xff,0xf3,0x3c,0x83,0x00,
0x00,0x00,0x0a,0xff,0xff,0xff,0xff,0xff,0xff,0xff,0xff,0xf3,0x00,0x00,0x00,0x00,0x00,0x01,0x11,0x11,0x11,0x11,0x11,0x11,
0x11,0x11,0x10,
/* U+7ED3 */
0x00,0x00,0x00,0x10,0x00,0x00,0x00,0x00,0x00,0x00,0x00,0x00,0x00,0x00,0x00,0x00,0x00,0x01,0xfc,0x20,0x00,0x00,0x00,0x00,
0x08,0xfc,0x00,0x00,0x00,0x00,0x00,0x00,0x06,0xff,0x00,0x00,0x00,0x00,0x00,0x08,0xfc,0x00,0x00,0x00,0x00,0x00,0x00,0x0c,
0xf9,0x00,0x00,0x00,0x00,0x00,0x08,0xfc,0x00,0x00,0x00,0x00,0x00,0x00,0x3f,0xf2,0x00,0x00,0x22,0x22,0x22,0x2a,0xfd,0x22,
0x22,0x22,0x21,0x00,0x00,0x9f,0xb0,0x00,0x03,0xff,0xff,0xff,0xff,0xff,0xff,0xff,0xff,0xf6,0x00,0x01,0xff,0x40,0x00,0x03,
0xff,0xff,0xff,0xff,0xff,0xff,0xff,0xff,0xf6,0x00,0x09,0xfc,0x00,0x02,0x61,0x11,0x11,0x11,0x19,0xfc,0x11,0x11,0x11,0x10,
0x00,0x1f,0xf3,0x00,0x0b,0xfa,0x00,0x00,0x00,0x08,0xfc,0x00,0x00,0x00,0x00,0x00,0x9f,0xa0,0x00,0x4f,0xf2,0x00,0x00,0x00,
0x08,0xfc,0x00,0x00,0x00,0x00,0x02,0xff,0x10,0x00,0xcf,0x80,0x00,0x00,0x00,0x08,0xfc,0x00,0x00,0x00,0x00,0x1e,0xfc,0x9b,
0xef,0xfe,0x10,0x03,0x33,0x33,0x3a,0xfd,0x33,0x33,0x33,0x10,0x1f,0xff,0xff,0xff,0xf6,0x00,0x2f,0xff,0xff,0xff,0xff,0xff,
0xff,0xff,0x70,0x0a,0xa8,0x63,0x9f,0xc0,0x00,0x2f,0xff,0xff,0xff,0xff,0xff,0xff,0xff,0x70,0x00,0x00,0x02,0xff,0x30,0x00,
0x00,0x00,0x00,0x00,0x00,0x00,0x00,0x00,0x00,0x00,0x00,0x0c,0xf9,0x00,0x00,0x00,0x00,0x00,0x00,0x00,0x00,0x00,0x00,0x00,
0x00,0x00,0x7f,0xd0,0x00,0x00,0x00,0x00,0x00,0x00,0x00,0x00,0x00,0x00,0x00,0x00,0x03,0xff,0x30,0x00,0x02,0x01,0xcc,0xcc,
0xcc,0xcc,0xcc,0xcc,0xc6,0x00,0x00,0x1e,0xf7,0x02,0x6a,0xec,0x01,0xff,0xff,0xff,0xff,0xff,0xff,0xf8,0x00,0x02,0xcf,0xe9,
0xdf,0xff,0xfb,0x01,0xff,0x86,0x66,0x66,0x66,0x6d,0xf8,0x00,0x0a,0xff,0xff,0xff,0xb7,0x20,0x01,0xff,0x20,0x00,0x00,0x00,
0x0b,0xf8,0x00,0x06,0xfd,0xa7,0x40,0x00,0x00,0x01,0xff,0x20,0x00,0x00,0x00,0x0b,0xf8,0x00,0x00,0x00,0x00,0x00,0x00,0x00,
0x01,0xff,0x20,0x00,0x00,0x00,0x0b,0xf8,0x00,0x00,0x00,0x00,0x00,0x00,0x00,0x01,0xff,0x20,0x00,0x00,0x00,0x0b,0xf8,0x00,
0x00,0x00,0x00,0x00,0x16,0xbf,0x21,0xff,0x20,0x00,0x00,0x00,0x0b,0xf8,0x00,0x00,0x00,0x14,0x8c,0xff,0xff,0x21,0xff,0x20,
0x00,0x00,0x00,0x0b,0xf8,0x00,0x17,0xbe,0xff,0xff,0xfc,0x73,0x01,0xff,0xa9,0x99,0x99,0x99,0x9e,0xf8,0x00,0x1f,0xff,0xfe,
0xb6,0x10,0x00,0x01,0xff,0xff,0xff,0xff,0xff,0xff,0xf8,0x00,0x0c,0x95,0x20,0x00,0x00,0x00,0x01,0xff,0xa9,0x99,0x99,0x99,
0x9d,0xf8,0x00,0x00,0x00,0x00,0x00,0x00,0x00,0x01,0xff,0x20,0x00,0x00,0x00,0x0b,0xf8,0x00,0x00,0x00,0x00,0x00,0x00,0x00,
0x00,0x11,0x00,0x00,0x00,0x00,0x01,0x10,0x00,
/* U+7ED9 */
0x00,0x00,0x03,0xfa,0x10,0x00,0x00,0x00,0x00,0x1d,0xfc,0x00,0x00,0x00,0x00,0x00,0x00,0x09,0xfd,0x00,0x00,0x00,0x00,0x00,
0xaf,0xff,0x70,0x00,0x00,0x00,0x00,0x00,0x0e,0xf7,0x00,0x00,0x00,0x00,0x05,0xff,0x9f,0xf2,0x00,0x00,0x00,0x00,0x00,0x5f,
0xf0,0x00,0x00,0x00,0x00,0x1e,0xf8,0x0a,0xfc,0x00,0x00,0x00,0x00,0x00,0xcf,0x90,0x00,0x00,0x00,0x00,0xbf,0xc0,0x01,0xef,
0x60,0x00,0x00,0x00,0x02,0xff,0x20,0x00,0x00,0x00,0x06,0xff,0x20,0x00,0x5f,0xf3,0x00,0x00,0x00,0x0b,0xfa,0x00,0x07,0x30,
0x00,0x6f,0xf7,0x00,0x00,0x0a,0xff,0x40,0x00,0x00,0x3f,0xf2,0x00,0x4f,0xf2,0x07,0xff,0xb0,0x00,0x00,0x01,0xef,0xf6,0x00,
0x00,0xbf,0x80,0x00,0xcf,0xa0,0x8f,0xfb,0x00,0x00,0x00,0x00,0x1d,0xff,0x70,0x03,0xfe,0x00,0x04,0xff,0x29,0xff,0xa1,0x11,
0x11,0x11,0x11,0x11,0xcf,0xf9,0x2e,0xfb,0x9c,0xef,0xf9,0x0c,0xfa,0x0c,0xff,0xff,0xff,0xff,0xf7,0x0b,0xf7,0x4f,0xff,0xff,
0xff,0xf1,0x01,0x80,0x0c,0xff,0xff,0xff,0xff,0xf7,0x00,0x70,0x0d,0xa8,0x53,0xdf,0x70,0x00,0x00,0x00,0x00,0x00,0x00,0x00,
0x00,0x00,0x00,0x00,0x00,0x07,0xfd,0x00,0x00,0x00,0x00,0x00,0x00,0x00,0x00,0x00,0x00,0x00,0x00,0x00,0x1f,0xf4,0x00,0x00,
0x00,0x00,0x00,0x00,0x00,0x00,0x00,0x00,0x00,0x00,0x00,0xaf,0xa0,0x00,0x00,0x00,0x00,0x00,0x00,0x00,0x00,0x00,0x00,0x00,
0x00,0x05,0xff,0x10,0x00,0x01,0x02,0xff,0xff,0xff,0xff,0xff,0xff,0xf0,0x00,0x00,0x2f,0xf5,0x02,0x6b,0xf6,0x02,0xff,0xff,
0xff,0xff,0xff,0xff,0xf0,0x00,0x02,0xdf,0xd9,0xdf,0xff,0xf5,0x02,0xff,0x43,0x33,0x33,0x33,0x6f,0xf0,0x00,0x0b,0xff,0xff,
0xff,0xa6,0x10,0x02,0xff,0x00,0x00,0x00,0x00,0x3f,0xf0,0x00,0x06,0xfd,0xa7,0x40,0x00,0x00,0x02,0xff,0x00,0x00,0x00,0x00,
0x3f,0xf0,0x00,0x00,0x10,0x00,0x00,0x00,0x00,0x02,0xff,0x00,0x00,0x00,0x00,0x3f,0xf0,0x00,0x00,0x00,0x00,0x00,0x00,0x01,
0x02,0xff,0x00,0x00,0x00,0x00,0x3f,0xf0,0x00,0x00,0x00,0x00,0x00,0x16,0xbf,0x02,0xff,0x00,0x00,0x00,0x00,0x3f,0xf0,0x00,
0x00,0x00,0x15,0x8c,0xff,0xff,0x02,0xff,0x32,0x22,0x22,0x22,0x5f,0xf0,0x00,0x17,0xbe,0xff,0xff,0xfc,0x72,0x02,0xff,0xff,
0xff,0xff,0xff,0xff,0xf0,0x00,0x1f,0xff,0xfe,0xb6,0x10,0x00,0x02,0xff,0xff,0xff,0xff,0xff,0xff,0xf0,0x00,0x0c,0x95,0x20,
0x00,0x00,0x00,0x02,0xff,0x10,0x00,0x00,0x00,0x4f,0xf0,0x00,0x00,0x00,0x00,0x00,0x00,0x00,0x01,0xdd,0x00,0x00,0x00,0x00,
0x3d,0xd0,0x00,
/* U+7EDC */
0x00,0x00,0x00,0x10,0x00,0x00,0x00,0x00,0x01,0x00,0x00,0x00,0x00,0x00,0x00,0x00,0x00,0x01,0xfb,0x10,0x00,0x00,0x00,0x5f,
0xe0,0x00,0x00,0x00,0x00,0x00,0x00,0x00,0x07,0xfe,0x00,0x00,0x00,0x00,0xdf,0xb0,0x00,0x00,0x00,0x00,0x00,0x00,0x00,0x0d,
0xf8,0x00,0x00,0x00,0x04,0xff,0x94,0x44,0x44,0x44,0x40,0x00,0x00,0x00,0x4f,0xf1,0x00,0x00,0x00,0x0c,0xff,0xff,0xff,0xff,
0xff,0xf0,0x00,0x00,0x00,0xaf,0xa0,0x00,0x00,0x00,0x4f,0xfd,0xcc,0xcc,0xcc,0xef,0xd0,0x00,0x00,0x01,0xff,0x30,0x00,0x00,
0x03,0xff,0xd0,0x00,0x00,0x01,0xef,0x50,0x00,0x00,0x09,0xfb,0x00,0x06,0x30,0x2e,0xff,0xf4,0x00,0x00,0x0b,0xfc,0x00,0x00,
0x00,0x2f,0xf2,0x00,0x3f,0xf3,0xef,0xfa,0xff,0x20,0x00,0x6f,0xf3,0x00,0x00,0x00,0x9f,0x90,0x00,0xaf,0xa9,0xff,0x40,0xaf,
0xd1,0x05,0xff,0x70,0x00,0x00,0x02,0xff,0x10,0x04,0xff,0x21,0xd4,0x00,0x0d,0xfb,0x6f,0xf9,0x00,0x00,0x00,0x1e,0xfd,0xad,
0xff,0xf9,0x00,0x00,0x00,0x02,0xff,0xff,0xa0,0x00,0x00,0x00,0x0f,0xff,0xff,0xff,0xf1,0x00,0x00,0x00,0x01,0xcf,0xff,0x40,
0x00,0x00,0x00,0x09,0x96,0x41,0xcf,0x70,0x00,0x00,0x00,0x7f,0xff,0xff,0xfa,0x10,0x00,0x00,0x00,0x00,0x06,0xfd,0x00,0x00,
0x00,0x4d,0xff,0xd4,0x1a,0xff,0xf7,0x10,0x00,0x00,0x00,0x1e,0xf4,0x00,0x00,0x6d,0xff,0xf8,0x00,0x00,0x4e,0xff,0xfb,0x50,
0x00,0x00,0x9f,0xb0,0x00,0x2f,0xff,0xfa,0x20,0x00,0x00,0x00,0x7d,0xff,0xfb,0x00,0x04,0xff,0x10,0x00,0x1a,0xf9,0x10,0x00,
0x00,0x00,0x00,0x00,0x3a,0xe2,0x00,0x1e,0xf5,0x02,0x7c,0xf5,0x12,0xcc,0xcc,0xcc,0xcc,0xcc,0xcc,0xc0,0x00,0x02,0xcf,0xe9,
0xef,0xff,0xf3,0x02,0xff,0xff,0xff,0xff,0xff,0xff,0xf0,0x00,0x0a,0xff,0xff,0xfe,0xa5,0x00,0x02,0xff,0x54,0x44,0x44,0x44,
0x7f,0xf0,0x00,0x05,0xfd,0xa7,0x30,0x00,0x00,0x02,0xff,0x00,0x00,0x00,0x00,0x3f,0xf0,0x00,0x00,0x00,0x00,0x00,0x00,0x00,
0x02,0xff,0x00,0x00,0x00,0x00,0x3f,0xf0,0x00,0x00,0x00,0x00,0x00,0x00,0x00,0x02,0xff,0x00,0x00,0x00,0x00,0x3f,0xf0,0x00,
0x00,0x00,0x00,0x00,0x16,0xbe,0x02,0xff,0x00,0x00,0x00,0x00,0x3f,0xf0,0x00,0x00,0x00,0x14,0x8c,0xff,0xfe,0x02,0xff,0x00,
0x00,0x00,0x00,0x3f,0xf0,0x00,0x07,0xad,0xff,0xff,0xfc,0x72,0x02,0xff,0x77,0x77,0x77,0x77,0x9f,0xf0,0x00,0x0f,0xff,0xff,
0xb7,0x10,0x00,0x02,0xff,0xff,0xff,0xff,0xff,0xff,0xf0,0x00,0x0c,0xa6,0x30,0x00,0x00,0x00,0x02,0xff,0xaa,0xaa,0xaa,0xaa,
0xbf,0xf0,0x00,0x00,0x00,0x00,0x00,0x00,0x00,0x02,0xff,0x00,0x00,0x00,0x00,0x3f,0xf0,0x00,
/* U+7EDD */
0x00,0x00,0x01,0x00,0x00,0x00,0x00,0x00,0x00,0x00,0x00,0x00,0x00,0x00,0x00,0x00,0x00,0x0a,0xe6,0x00,0x00,0x00,0x00,0x8e,
0xa0,0x00,0x00,0x00,0x00,0x00,0x00,0x00,0x0f,0xf6,0x00,0x00,0x00,0x01,0xff,0x70,0x00,0x00,0x00,0x00,0x00,0x00,0x00,0x5f,
0xf0,0x00,0x00,0x00,0x08,0xff,0x10,0x00,0x00,0x00,0x00,0x00,0x00,0x00,0xbf,0x90,0x00,0x00,0x00,0x1f,0xff,0xff,0xff,0xff,
0xf4,0x00,0x00,0x00,0x01,0xff,0x20,0x00,0x00,0x00,0x9f,0xff,0xff,0xff,0xff,0xf4,0x00,0x00,0x00,0x07,0xfb,0x00,0x00,0x00,
0x03,0xff,0x60,0x00,0x00,0xaf,0xc0,0x00,0x00,0x00,0x0e,0xf4,0x00,0x66,0x10,0x1e,0xfa,0x00,0x00,0x05,0xff,0x30,0x00,0x00,
0x00,0x6f,0xc0,0x01,0xff,0x50,0xcf,0xe0,0x00,0x00,0x1e,0xf9,0x00,0x00,0x00,0x00,0xdf,0x30,0x07,0xfd,0x0a,0xff,0x30,0x00,
0x00,0xbf,0xd0,0x00,0x00,0x00,0x05,0xfb,0x00,0x0e,0xf5,0x6f,0xff,0xdd,0xdd,0xdd,0xff,0xed,0xdd,0xd7,0x00,0x3f,0xfb,0xbd,
0xff,0xd0,0x1e,0xef,0xff,0xff,0xff,0xff,0xff,0xff,0xf9,0x00,0x3f,0xff,0xff,0xff,0x50,0x01,0x6f,0xd4,0x44,0x4f,0xf5,0x44,
0x4b,0xf9,0x00,0x0b,0x86,0x38,0xfc,0x00,0x00,0x6f,0xb0,0x00,0x0f,0xf0,0x00,0x09,0xf9,0x00,0x00,0x00,0x1f,0xf3,0x00,0x00,
0x6f,0xb0,0x00,0x0f,0xf0,0x00,0x09,0xf9,0x00,0x00,0x00,0x9f,0xb0,0x00,0x00,0x6f,0xb0,0x00,0x0f,0xf0,0x00,0x09,0xf9,0x00,
0x00,0x02,0xff,0x20,0x00,0x00,0x6f,0xb0,0x00,0x0f,0xf0,0x00,0x09,0xf9,0x00,0x00,0x0b,0xf7,0x00,0x00,0x00,0x6f,0xc1,0x11,
0x1f,0xf2,0x11,0x1a,0xf9,0x00,0x00,0x7f,0xd0,0x04,0x9e,0x70,0x6f,0xff,0xff,0xff,0xff,0xff,0xff,0xf9,0x00,0x04,0xff,0x9b,
0xff,0xff,0x70,0x6f,0xff,0xff,0xff,0xff,0xff,0xff,0xf8,0x00,0x1f,0xff,0xff,0xfc,0x72,0x00,0x6f,0xb0,0x00,0x00,0x00,0x00,
0x00,0x00,0x00,0x0c,0xfc,0x96,0x20,0x00,0x00,0x6f,0xb0,0x00,0x00,0x00,0x00,0x00,0x00,0x00,0x01,0x00,0x00,0x00,0x00,0x00,
0x6f,0xb0,0x00,0x00,0x00,0x00,0x00,0x06,0x40,0x00,0x00,0x00,0x00,0x00,0x30,0x6f,0xb0,0x00,0x00,0x00,0x00,0x00,0x0d,0xf5,
0x00,0x00,0x00,0x02,0x8e,0xc0,0x6f,0xb0,0x00,0x00,0x00,0x00,0x00,0x0f,0xf3,0x00,0x00,0x37,0xcf,0xff,0xb0,0x6f,0xb0,0x00,
0x00,0x00,0x00,0x00,0x2f,0xf1,0x17,0xbf,0xff,0xff,0xa4,0x00,0x6f,0xe0,0x00,0x00,0x00,0x00,0x00,0x9f,0xd0,0x3f,0xff,0xfb,
0x71,0x00,0x00,0x3f,0xfc,0x88,0x88,0x88,0x88,0x9c,0xff,0x80,0x1d,0x94,0x00,0x00,0x00,0x00,0x0d,0xff,0xff,0xff,0xff,0xff,
0xff,0xfb,0x00,0x00,0x00,0x00,0x00,0x00,0x00,0x00,0x48,0x88,0x88,0x88,0x88,0x87,0x30,0x00,
/* U+7EE7 */
0x00,0x00,0x06,0xf9,0x00,0x00,0x23,0x10,0x00,0x00,0x06,0xb7,0x00,0x00,0x00,0x00,0x00,0x0c,0xfa,0x00,0x00,0xbf,0x70,0x00,
0x00,0x09,0xfa,0x00,0x00,0x00,0x00,0x00,0x2f,0xf3,0x00,0x00,0xbf,0x70,0x37,0x00,0x09,0xfa,0x00,0x1f,0xa0,0x00,0x00,0x8f,
0xc0,0x00,0x00,0xbf,0x70,0xcf,0x40,0x09,0xfa,0x00,0x6f,0x90,0x00,0x00,0xef,0x50,0x00,0x00,0xbf,0x70,0x6f,0xa0,0x09,0xfa,
0x00,0xaf,0x40,0x00,0x05,0xfe,0x00,0x00,0x00,0xbf,0x70,0x1f,0xf0,0x09,0xfa,0x00,0xff,0x00,0x00,0x0d,0xf7,0x00,0x06,0x30,
0xbf,0x70,0x0a,0xf5,0x09,0xfa,0x06,0xf9,0x00,0x00,0x5f,0xe0,0x00,0x2f,0xf2,0xbf,0x70,0x04,0xfa,0x09,0xfa,0x0d,0xf2,0x00,
0x00,0xdf,0x60,0x00,0xaf,0xa0,0xbf,0x70,0x00,0x85,0x09,0xfa,0x03,0x70,0x00,0x05,0xfd,0x00,0x04,0xff,0x20,0xbf,0x70,0x00,
0x00,0x09,0xfa,0x00,0x00,0x00,0x3f,0xfc,0xbe,0xff,0xf9,0x00,0xbf,0x70,0x9c,0xcc,0xce,0xfe,0xcc,0xcc,0x90,0x3f,0xff,0xff,
0xff,0xf1,0x00,0xbf,0x70,0xbf,0xff,0xff,0xff,0xff,0xff,0xb0,0x0a,0x86,0x31,0xcf,0x70,0x00,0xbf,0x70,0x34,0x44,0xef,0xfb,
0x44,0x44,0x30,0x00,0x00,0x06,0xfd,0x00,0x00,0xbf,0x70,0x00,0x03,0xfd,0xfd,0x10,0x00,0x00,0x00,0x00,0x1f,0xf4,0x00,0x00,
0xbf,0x70,0x00,0x0a,0xd9,0xff,0xc0,0x00,0x00,0x00,0x00,0xaf,0xa0,0x00,0x00,0xbf,0x70,0x00,0x2f,0x79,0xfc,0xfc,0x00,0x00,
0x00,0x05,0xfe,0x10,0x00,0x00,0xbf,0x70,0x00,0x9f,0x19,0xfa,0x5f,0xb0,0x00,0x00,0x2f,0xf4,0x02,0x7b,0xe0,0xbf,0x70,0x04,
0xfa,0x09,0xfa,0x09,0xfa,0x00,0x02,0xdf,0xd9,0xef,0xff,0xe0,0xbf,0x70,0x1e,0xf3,0x09,0xfa,0x00,0xcf,0xa0,0x0b,0xff,0xff,
0xfe,0xa5,0x10,0xbf,0x70,0xbf,0x80,0x09,0xfa,0x00,0x2f,0xe0,0x06,0xfd,0xa7,0x30,0x00,0x00,0xbf,0x74,0xfd,0x00,0x09,0xfa,
0x00,0x06,0x40,0x00,0x00,0x00,0x00,0x00,0x00,0xbf,0x70,0xe4,0x00,0x09,0xfa,0x00,0x00,0x00,0x00,0x00,0x00,0x00,0x00,0x00,
0xbf,0x70,0x30,0x00,0x09,0xfa,0x00,0x00,0x00,0x00,0x00,0x00,0x00,0x5a,0xf1,0xbf,0x70,0x00,0x00,0x09,0xfa,0x00,0x00,0x00,
0x00,0x00,0x36,0xaf,0xff,0xf1,0xbf,0x70,0x00,0x00,0x01,0x21,0x00,0x00,0x00,0x28,0xcf,0xff,0xff,0xe8,0x30,0xbf,0x81,0x11,
0x11,0x11,0x11,0x11,0x11,0x10,0x5f,0xff,0xfd,0x83,0x00,0x00,0xbf,0xff,0xff,0xff,0xff,0xff,0xff,0xff,0xf7,0x3c,0x84,0x10,
0x00,0x00,0x00,0xbf,0xff,0xff,0xff,0xff,0xff,0xff,0xff,0xf7,0x00,0x00,0x00,0x00,0x00,0x00,0x11,0x11,0x11,0x11,0x11,0x11,
0x11,0x11,0x10,
/* U+7EED */
0x00,0x00,0x00,0x00,0x00,0x00,0x00,0x00,0x00,0x02,0x31,0x00,0x00,0x00,0x00,0x00,0x00,0x09,0xc5,0x00,0x00,0x00,0x00,0x00,
0x0c,0xf7,0x00,0x00,0x00,0x00,0x00,0x00,0x0e,0xf8,0x00,0x00,0x01,0x11,0x11,0x1c,0xf8,0x11,0x11,0x11,0x00,0x00,0x00,0x4f,
0xf1,0x00,0x00,0x3f,0xff,0xff,0xff,0xff,0xff,0xff,0xff,0x50,0x00,0x00,0xaf,0xa0,0x00,0x00,0x3f,0xff,0xff,0xff,0xff,0xff,
0xff,0xff,0x50,0x00,0x01,0xff,0x40,0x00,0x00,0x00,0x00,0x00,0x0c,0xf7,0x00,0x00,0x00,0x00,0x00,0x07,0xfd,0x00,0x00,0x00,
0x00,0x00,0x00,0x0c,0xf7,0x00,0x00,0x00,0x00,0x00,0x0e,0xf6,0x00,0x18,0x20,0x11,0x11,0x11,0x1c,0xf8,0x11,0x11,0x11,0x10,
0x00,0x6f,0xd0,0x00,0x9f,0xe3,0xff,0xff,0xff,0xff,0xff,0xff,0xff,0xff,0xc0,0x00,0xef,0x40,0x02,0xff,0x53,0xff,0xff,0xff,
0xff,0xff,0xff,0xff,0xff,0xb0,0x06,0xfb,0x01,0x3b,0xfc,0x00,0x00,0x00,0x00,0x00,0x00,0x00,0x00,0xcf,0x70,0x3f,0xfd,0xef,
0xff,0xf3,0x00,0x00,0x9a,0x10,0x00,0x9a,0x40,0x01,0xff,0x20,0x1f,0xff,0xfd,0xff,0xa0,0x00,0x00,0xdf,0xe5,0x00,0xdf,0x60,
0x07,0xfd,0x00,0x07,0x52,0x05,0xff,0x10,0x00,0x00,0x06,0xff,0xb1,0xdf,0x60,0x0c,0xf8,0x00,0x00,0x00,0x0e,0xf7,0x00,0x00,
0x91,0x00,0x2d,0xd0,0xdf,0x60,0x1f,0xf3,0x00,0x00,0x00,0x9f,0xc0,0x00,0x07,0xff,0x60,0x00,0x20,0xdf,0x60,0x00,0x30,0x00,
0x00,0x04,0xff,0x20,0x00,0x00,0x7f,0xfc,0x20,0x00,0xdf,0x60,0x00,0x00,0x00,0x00,0x1e,0xf7,0x00,0x26,0x00,0x01,0xcf,0xe0,
0x00,0xdf,0x50,0x00,0x00,0x00,0x00,0xcf,0xb4,0x8d,0xff,0x10,0x00,0x08,0x60,0x00,0xff,0x40,0x00,0x00,0x00,0x0d,0xff,0xff,
0xff,0xfa,0x08,0x99,0x99,0x99,0x99,0xff,0xa9,0x99,0x99,0x96,0x0d,0xff,0xfd,0x84,0x00,0x0e,0xff,0xff,0xff,0xff,0xff,0xff,
0xff,0xff,0xfb,0x05,0x63,0x00,0x00,0x00,0x07,0x88,0x88,0x88,0x8d,0xfe,0x88,0x88,0x88,0x85,0x00,0x00,0x00,0x00,0x00,0x00,
0x00,0x00,0x00,0x1f,0xf8,0x00,0x00,0x00,0x00,0x00,0x00,0x00,0x00,0x03,0x30,0x00,0x00,0x00,0x8f,0xfc,0x30,0x00,0x00,0x00,
0x00,0x00,0x00,0x28,0xdf,0x80,0x00,0x00,0x05,0xff,0xff,0xfb,0x20,0x00,0x00,0x00,0x37,0xae,0xff,0xff,0x50,0x00,0x00,0x7f,
0xfe,0x16,0xef,0xfa,0x10,0x00,0x2f,0xff,0xff,0xfa,0x50,0x00,0x00,0x2a,0xff,0xd1,0x00,0x19,0xff,0xe5,0x00,0x0f,0xfd,0x95,
0x10,0x00,0x00,0x5b,0xff,0xfb,0x00,0x00,0x00,0x3d,0xff,0xa1,0x04,0x10,0x00,0x00,0x00,0x0c,0xff,0xfe,0x70,0x00,0x00,0x00,
0x01,0xbf,0xfb,0x00,0x00,0x00,0x00,0x00,0x04,0xfc,0x50,0x00,0x00,0x00,0x00,0x00,0x07,0xf2,0x00,0x00,0x00,0x00,0x00,0x00,
0x20,0x00,0x00,0x00,0x00,0x00,0x00,0x00,0x10,
/* U+7F51 */
0xad,0xdd,0xdd,0xdd,0xdd,0xdd,0xdd,0xdd,0xdd,0xdd,0xdd,0xdd,0xda,0xcf,0xff,0xff,0xff,0xff,0xff,0xff,0xff,0xff,0xff,0xff,
0xff,0xfc,0xcf,0xb6,0x66,0x66,0x66,0x66,0x66,0x66,0x66,0x66,0x66,0x6b,0xfc,0xcf,0x80,0x00,0x00,0x00,0x00,0x00,0x00,0x00,
0x00,0x00,0x08,0xfc,0xcf,0x80,0x00,0x00,0x02,0x52,0x00,0x00,0x00,0x04,0x20,0x08,0xfc,0xcf,0x80,0x00,0x00,0x07,0xfb,0x00,
0x00,0x00,0x0f,0xf5,0x08,0xfc,0xcf,0x80,0x00,0x00,0x0a,0xf8,0x00,0x00,0x00,0x2f,0xf1,0x08,0xfc,0xcf,0x81,0x80,0x00,0x0e,
0xf5,0x03,0x00,0x00,0x6f,0xe0,0x08,0xfc,0xcf,0x8c,0xf9,0x00,0x1f,0xf2,0x4f,0x90,0x00,0x9f,0xb0,0x08,0xfc,0xcf,0x84,0xff,
0x70,0x4f,0xf0,0x3f,0xf6,0x00,0xdf,0x80,0x08,0xfc,0xcf,0x80,0x7f,0xf4,0x8f,0xb0,0x07,0xff,0x30,0xff,0x40,0x08,0xfc,0xcf,
0x80,0x0a,0xfe,0xcf,0x70,0x00,0xbf,0xd5,0xff,0x00,0x08,0xfc,0xcf,0x80,0x00,0xdf,0xff,0x30,0x00,0x1e,0xff,0xfb,0x00,0x08,
0xfc,0xcf,0x80,0x00,0x2e,0xfe,0x00,0x00,0x04,0xff,0xf6,0x00,0x08,0xfc,0xcf,0x80,0x00,0x0a,0xff,0x30,0x00,0x00,0x9f,0xf3,
0x00,0x08,0xfc,0xcf,0x80,0x00,0x1f,0xff,0xd0,0x00,0x00,0x9f,0xfa,0x00,0x08,0xfc,0xcf,0x80,0x00,0x7f,0xed,0xf9,0x00,0x00,
0xff,0xff,0x40,0x08,0xfc,0xcf,0x80,0x00,0xdf,0x83,0xff,0x40,0x07,0xff,0x9f,0xd0,0x08,0xfc,0xcf,0x80,0x04,0xff,0x10,0x8f,
0xe1,0x0d,0xf8,0x0e,0xf8,0x08,0xfc,0xcf,0x80,0x0c,0xfa,0x00,0x0d,0xf5,0x5f,0xf1,0x05,0xff,0x28,0xfc,0xcf,0x80,0x6f,0xf3,
0x00,0x03,0x80,0xef,0x90,0x00,0xbf,0xc8,0xfc,0xcf,0x81,0xef,0x90,0x00,0x00,0x09,0xff,0x10,0x00,0x2f,0x68,0xfc,0xcf,0x87,
0xfe,0x10,0x00,0x00,0x3f,0xf7,0x00,0x00,0x02,0x08,0xfc,0xcf,0x80,0xd6,0x00,0x00,0x00,0x9f,0xc0,0x00,0x00,0x00,0x08,0xfc,
0xcf,0x80,0x10,0x00,0x00,0x00,0x0c,0x20,0x00,0x00,0x00,0x08,0xfc,0xcf,0x80,0x00,0x00,0x00,0x00,0x00,0x00,0x00,0x03,0x32,
0x4d,0xfa,0xcf,0x80,0x00,0x00,0x00,0x00,0x00,0x00,0x00,0x0b,0xff,0xff,0xf4,0xcf,0x80,0x00,0x00,0x00,0x00,0x00,0x00,0x00,
0x07,0xff,0xfc,0x70,0x12,0x10,0x00,0x00,0x00,0x00,0x00,0x00,0x00,0x00,0x00,0x00,0x00,
/* U+7FFB */
0x00,0x00,0x00,0x00,0x01,0x58,0xc6,0x00,0x00,0x00,0x00,0x00,0x00,0x00,0x00,0x37,0x89,0xaa,0xbe,0xff,0xff,0xe0,0x7a,0xaa,
0xaa,0x42,0xaa,0xaa,0xa8,0x04,0xff,0xff,0xff,0xff,0xb7,0x40,0x0b,0xff,0xff,0xf6,0x4f,0xff,0xff,0xc0,0x07,0x76,0x54,0xdf,
0x20,0x00,0x00,0x34,0x44,0xbf,0x61,0x66,0x68,0xfc,0x00,0x01,0x00,0x0c,0xf2,0x00,0xc7,0x00,0x00,0x09,0xf6,0x00,0x00,0x4f,
0xc0,0x04,0xf7,0x00,0xcf,0x20,0x4f,0x90,0x00,0x00,0x9f,0x60,0x00,0x04,0xfc,0x00,0x1f,0xd0,0x0c,0xf2,0x0a,0xf2,0x04,0x60,
0x09,0xf6,0x7e,0x00,0x4f,0xc0,0x00,0x8f,0x30,0xcf,0x21,0xfc,0x00,0xbe,0x00,0x9f,0x67,0xf3,0x04,0xfc,0x08,0xab,0xfc,0xae,
0xfb,0xbf,0xca,0x66,0xf3,0x09,0xf6,0x2f,0x70,0x4f,0xc0,0xcf,0xff,0xff,0xff,0xff,0xff,0xfa,0x1f,0x70,0x9f,0x60,0xdb,0x04,
0xfc,0x04,0x55,0x6f,0xde,0xf7,0x55,0x55,0x30,0xdb,0x09,0xf6,0x09,0xf0,0x4f,0xc0,0x00,0x0b,0xf2,0xcf,0x21,0x40,0x00,0x09,
0xf0,0x9f,0x60,0x5f,0x34,0xfc,0x00,0x09,0xf7,0x0c,0xf2,0x9f,0xa1,0x00,0x5f,0x49,0xf6,0x02,0xf7,0x4f,0xc0,0x2c,0xfc,0x00,
0xcf,0x21,0x9f,0xf7,0x01,0xe4,0x9f,0x60,0x07,0x14,0xfc,0x5f,0xfb,0x00,0x0c,0xf2,0x00,0x3d,0xf4,0x00,0x09,0xf6,0x00,0x00,
0x7f,0xc5,0xf9,0x00,0x00,0x00,0x00,0x00,0x17,0x00,0x00,0xdf,0x60,0x00,0x2f,0xfc,0x04,0xaf,0xff,0xff,0xff,0xff,0xfe,0x00,
0x00,0xaf,0xf6,0x00,0x0c,0xff,0xc0,0x0a,0xfd,0xcc,0xff,0xcc,0xcf,0xe0,0x00,0x6f,0xff,0x60,0x08,0xfd,0xfc,0x00,0xaf,0x50,
0x0c,0xf1,0x01,0xfe,0x00,0x5f,0xfb,0xf6,0x07,0xfd,0x4f,0xc0,0x0a,0xf5,0x00,0xcf,0x10,0x1f,0xe0,0x6f,0xf4,0x9f,0x64,0xff,
0x24,0xfc,0x00,0xaf,0x72,0x2c,0xf3,0x23,0xfe,0x2f,0xf5,0x09,0xf6,0x3f,0x50,0x4f,0xc0,0x0a,0xff,0xff,0xff,0xff,0xff,0xe0,
0xc7,0x00,0x9f,0x60,0x60,0x04,0xfc,0x00,0xaf,0xb8,0x8e,0xf9,0x89,0xfe,0x02,0x00,0x09,0xf6,0x00,0x00,0x4f,0xc0,0x0a,0xf5,
0x00,0xcf,0x10,0x1f,0xe0,0x00,0x00,0x9f,0x60,0x00,0x04,0xfc,0x00,0xaf,0x50,0x0c,0xf1,0x01,0xfe,0x00,0x00,0x09,0xf6,0x00,
0x00,0x4f,0xc0,0x0a,0xf6,0x11,0xcf,0x31,0x3f,0xe0,0x00,0x00,0x9f,0x60,0x00,0x04,0xfc,0x00,0xaf,0xff,0xff,0xff,0xff,0xfe,
0x00,0x65,0x6e,0xf5,0x05,0x55,0xcf,0xa0,0x0a,0xfd,0xbb,0xbb,0xbb,0xcf,0xe0,0x0e,0xff,0xff,0x00,0xbf,0xff,0xf5,0x00,0xaf,
0x50,0x00,0x00,0x01,0xfe,0x00,0x7b,0xb8,0x30,0x05,0xbb,0xa4,0x00,0x00,0x10,0x00,0x00,0x00,0x00,0x00,0x00,0x00,0x00,0x00,
0x00,0x00,0x00,
/* U+8054 */
0x00,0x00,0x00,0x00,0x00,0x00,0x00,0x01,0xa2,0x00,0x00,0x00,0x7d,0x60,0x00,0x7d,0xdd,0xdd,0xdd,0xdd,0xdd,0xd2,0x0a,0xfc,
0x00,0x00,0x00,0xef,0x90,0x00,0x8f,0xff,0xff,0xff,0xff,0xff,0xf3,0x01,0xff,0x60,0x00,0x05,0xff,0x20,0x00,0x24,0xbf,0xb4,
0x44,0x5f,0xf6,0x41,0x00,0x6f,0xe0,0x00,0x0c,0xfb,0x00,0x00,0x00,0x9f,0xa0,0x00,0x1f,0xf2,0x00,0x00,0x0d,0xf8,0x00,0x4f,
0xf4,0x00,0x00,0x00,0x9f,0xa0,0x00,0x1f,0xf2,0x00,0x00,0x04,0xe5,0x00,0xbf,0xb0,0x00,0x00,0x00,0x9f,0xa0,0x00,0x1f,0xf2,
0x00,0x22,0x22,0x42,0x24,0xff,0x52,0x22,0x20,0x00,0x9f,0xa0,0x00,0x1f,0xf2,0x04,0xff,0xff,0xff,0xff,0xff,0xff,0xff,0xc0,
0x00,0x9f,0xff,0xff,0xff,0xf2,0x04,0xff,0xff,0xff,0xff,0xff,0xff,0xff,0xc0,0x00,0x9f,0xff,0xff,0xff,0xf2,0x00,0x00,0x00,
0x00,0xff,0x30,0x00,0x00,0x00,0x00,0x9f,0xa1,0x11,0x2f,0xf2,0x00,0x00,0x00,0x00,0xff,0x20,0x00,0x00,0x00,0x00,0x9f,0xa0,
0x00,0x1f,0xf2,0x00,0x00,0x00,0x01,0xff,0x10,0x00,0x00,0x00,0x00,0x9f,0xa0,0x00,0x1f,0xf2,0x00,0x00,0x00,0x02,0xff,0x00,
0x00,0x00,0x00,0x00,0x9f,0xa0,0x00,0x1f,0xf2,0x00,0x00,0x00,0x03,0xff,0x00,0x00,0x00,0x00,0x00,0x9f,0xc5,0x55,0x6f,0xf2,
0x05,0x77,0x77,0x79,0xff,0x77,0x77,0x77,0x72,0x00,0x9f,0xff,0xff,0xff,0xf2,0x0c,0xff,0xff,0xff,0xff,0xff,0xff,0xff,0xf4,
0x00,0x9f,0xec,0xcc,0xcf,0xf2,0x08,0xbb,0xbb,0xbe,0xff,0xeb,0xbb,0xbb,0xb3,0x00,0x9f,0xa0,0x00,0x1f,0xf2,0x00,0x00,0x00,
0x0c,0xff,0xe0,0x00,0x00,0x00,0x00,0x9f,0xa0,0x00,0x1f,0xf2,0x00,0x00,0x00,0x1f,0xfd,0xf4,0x00,0x00,0x00,0x00,0x9f,0xa0,
0x00,0x1f,0xf2,0x00,0x00,0x00,0x5f,0xe5,0xfa,0x00,0x00,0x00,0x00,0x9f,0xa0,0x00,0x1f,0xf5,0x93,0x00,0x00,0xbf,0x80,0xef,
0x20,0x00,0x00,0x00,0x9f,0xa0,0x02,0x6f,0xff,0xf4,0x00,0x03,0xff,0x30,0x8f,0xb0,0x00,0x00,0x00,0x9f,0xdb,0xef,0xff,0xfe,
0xa1,0x00,0x0b,0xfb,0x00,0x0e,0xf6,0x00,0x00,0x6e,0xff,0xff,0xff,0xcf,0xf2,0x00,0x00,0x5f,0xf3,0x00,0x06,0xff,0x20,0x00,
0x4f,0xfd,0xa6,0x30,0x1f,0xf2,0x00,0x02,0xff,0xa0,0x00,0x00,0xbf,0xd1,0x00,0x04,0x10,0x00,0x00,0x1f,0xf2,0x00,0x1d,0xfd,
0x00,0x00,0x00,0x1e,0xfc,0x00,0x00,0x00,0x00,0x00,0x1f,0xf2,0x04,0xef,0xe2,0x00,0x00,0x00,0x04,0xff,0xc0,0x00,0x00,0x00,
0x00,0x1f,0xf2,0x3f,0xfe,0x30,0x00,0x00,0x00,0x00,0x5f,0xf8,0x00,0x00,0x00,0x00,0x1f,0xf2,0x0a,0xc1,0x00,0x00,0x00,0x00,
0x00,0x06,0xc0,0x00,0x00,0x00,0x00,0x05,0x50,0x00,0x00,0x00,0x00,0x00,0x00,0x00,0x00,0x00,
/* U+81EA */
0x00,0x00,0x00,0x00,0x12,0x00,0x00,0x00,0x00,0x00,0x00,0x00,0x00,0x00,0x00,0xaf,0xc0,0x00,0x00,0x00,0x00,0x00,0x00,0x00,
0x00,0x01,0xff,0x60,0x00,0x00,0x00,0x00,0x00,0x00,0x00,0x00,0x06,0xff,0x00,0x00,0x00,0x00,0x00,0x00,0x45,0x55,0x55,0x5d,
0xfc,0x55,0x55,0x55,0x55,0x55,0x54,0xcf,0xff,0xff,0xff,0xff,0xff,0xff,0xff,0xff,0xff,0xfc,0xcf,0xfd,0xdd,0xdd,0xdd,0xdd,
0xdd,0xdd,0xdd,0xdf,0xfc,0xcf,0x90,0x00,0x00,0x00,0x00,0x00,0x00,0x00,0x09,0xfc,0xcf,0x90,0x00,0x00,0x00,0x00,0x00,0x00,
0x00,0x09,0xfc,0xcf,0x90,0x00,0x00,0x00,0x00,0x00,0x00,0x00,0x09,0xfc,0xcf,0x90,0x00,0x00,0x00,0x00,0x00,0x00,0x00,0x09,
0xfc,0xcf,0xb5,0x55,0x55,0x55,0x55,0x55,0x55,0x55,0x5b,0xfc,0xcf,0xff,0xff,0xff,0xff,0xff,0xff,0xff,0xff,0xff,0xfc,0xcf,
0xec,0xcc,0xcc,0xcc,0xcc,0xcc,0xcc,0xcc,0xce,0xfc,0xcf,0x90,0x00,0x00,0x00,0x00,0x00,0x00,0x00,0x09,0xfc,0xcf,0x90,0x00,
0x00,0x00,0x00,0x00,0x00,0x00,0x09,0xfc,0xcf,0x90,0x00,0x00,0x00,0x00,0x00,0x00,0x00,0x09,0xfc,0xcf,0x90,0x00,0x00,0x00,
0x00,0x00,0x00,0x00,0x09,0xfc,0xcf,0xb5,0x55,0x55,0x55,0x55,0x55,0x55,0x55,0x5b,0xfc,0xcf,0xff,0xff,0xff,0xff,0xff,0xff,
0xff,0xff,0xff,0xfc,0xcf,0xec,0xcc,0xcc,0xcc,0xcc,0xcc,0xcc,0xcc,0xce,0xfc,0xcf,0x90,0x00,0x00,0x00,0x00,0x00,0x00,0x00,
0x09,0xfc,0xcf,0x90,0x00,0x00,0x00,0x00,0x00,0x00,0x00,0x09,0xfc,0xcf,0x90,0x00,0x00,0x00,0x00,0x00,0x00,0x00,0x09,0xfc,
0xcf,0x90,0x00,0x00,0x00,0x00,0x00,0x00,0x00,0x09,0xfc,0xcf,0x90,0x00,0x00,0x00,0x00,0x00,0x00,0x00,0x09,0xfc,0xcf,0xff,
0xff,0xff,0xff,0xff,0xff,0xff,0xff,0xff,0xfc,0xcf,0xff,0xff,0xff,0xff,0xff,0xff,0xff,0xff,0xff,0xfc,0xcf,0xa2,0x22,0x22,
0x22,0x22,0x22,0x22,0x22,0x2a,0xfc,0xcf,0x90,0x00,0x00,0x00,0x00,0x00,0x00,0x00,0x09,0xfc,0x22,0x10,0x00,0x00,0x00,0x00,
0x00,0x00,0x00,0x01,0x22,
/* U+8282 */
0x00,0x00,0x00,0x00,0x11,0x00,0x00,0x00,0x00,0x11,0x00,0x00,0x00,0x00,0x00,0x00,0x00,0x08,0xfc,0x00,0x00,0x00,0x00,0xcf,
0x80,0x00,0x00,0x00,0x00,0x00,0x00,0x08,0xfc,0x00,0x00,0x00,0x00,0xcf,0x80,0x00,0x00,0x00,0x00,0x00,0x00,0x08,0xfc,0x00,
0x00,0x00,0x00,0xcf,0x80,0x00,0x00,0x00,0xef,0xff,0xff,0xff,0xff,0xff,0xff,0xff,0xff,0xff,0xff,0xff,0xff,0xfe,0xef,0xff,
0xff,0xff,0xff,0xff,0xff,0xff,0xff,0xff,0xff,0xff,0xff,0xfe,0x33,0x33,0x33,0x3a,0xfd,0x33,0x33,0x33,0x33,0xdf,0xa3,0x33,
0x33,0x33,0x00,0x00,0x00,0x08,0xfc,0x00,0x00,0x00,0x00,0xcf,0x80,0x00,0x00,0x00,0x00,0x00,0x00,0x08,0xfc,0x00,0x00,0x00,
0x00,0xcf,0x80,0x00,0x00,0x00,0x00,0x00,0x00,0x02,0x33,0x00,0x00,0x00,0x00,0x34,0x20,0x00,0x00,0x00,0x00,0x11,0x11,0x11,
0x11,0x11,0x11,0x11,0x11,0x11,0x11,0x11,0x10,0x00,0x08,0xff,0xff,0xff,0xff,0xff,0xff,0xff,0xff,0xff,0xff,0xff,0xf4,0x00,
0x08,0xff,0xff,0xff,0xff,0xff,0xff,0xff,0xff,0xff,0xff,0xff,0xf4,0x00,0x00,0x11,0x11,0x11,0x11,0x7f,0xe1,0x11,0x11,0x11,
0x11,0x1f,0xf3,0x00,0x00,0x00,0x00,0x00,0x00,0x6f,0xe0,0x00,0x00,0x00,0x00,0x0f,0xf3,0x00,0x00,0x00,0x00,0x00,0x00,0x6f,
0xe0,0x00,0x00,0x00,0x00,0x0f,0xf2,0x00,0x00,0x00,0x00,0x00,0x00,0x6f,0xe0,0x00,0x00,0x00,0x00,0x0f,0xf2,0x00,0x00,0x00,
0x00,0x00,0x00,0x6f,0xe0,0x00,0x00,0x00,0x00,0x1f,0xf1,0x00,0x00,0x00,0x00,0x00,0x00,0x6f,0xe0,0x00,0x00,0x00,0x00,0x1f,
0xf0,0x00,0x00,0x00,0x00,0x00,0x00,0x6f,0xe0,0x00,0x00,0x00,0x00,0x3f,0xf0,0x00,0x00,0x00,0x00,0x00,0x00,0x6f,0xe0,0x00,
0x00,0x00,0x00,0x5f,0xe0,0x00,0x00,0x00,0x00,0x00,0x00,0x6f,0xe0,0x00,0x00,0x00,0x00,0xaf,0xc0,0x00,0x00,0x00,0x00,0x00,
0x00,0x6f,0xe0,0x00,0x05,0x44,0x5b,0xff,0x90,0x00,0x00,0x00,0x00,0x00,0x00,0x6f,0xe0,0x00,0x0f,0xff,0xff,0xff,0x20,0x00,
0x00,0x00,0x00,0x00,0x00,0x6f,0xe0,0x00,0x0a,0xff,0xed,0xb3,0x00,0x00,0x00,0x00,0x00,0x00,0x00,0x6f,0xe0,0x00,0x00,0x00,
0x00,0x00,0x00,0x00,0x00,0x00,0x00,0x00,0x00,0x6f,0xe0,0x00,0x00,0x00,0x00,0x00,0x00,0x00,0x00,0x00,0x00,0x00,0x00,0x6f,
0xe0,0x00,0x00,0x00,0x00,0x00,0x00,0x00,0x00,0x00,0x00,0x00,0x00,0x6f,0xe0,0x00,0x00,0x00,0x00,0x00,0x00,0x00,0x00,0x00,
0x00,0x00,0x00,0x6f,0xe0,0x00,0x00,0x00,0x00,0x00,0x00,0x00,0x00,0x00,0x00,0x00,0x00,0x01,0x10,0x00,0x00,0x00,0x00,0x00,
0x00,0x00,
/* U+83B7 */
0x00,0x00,0x00,0x00,0x24,0x30,0x00,0x00,0x00,0x03,0x42,0x00,0x00,0x00,0x00,0x00,0x00,0x00,0x00,0x9f,0xc0,0x00,0x00,0x00,
0x0c,0xf9,0x00,0x00,0x00,0x00,0x00,0x00,0x00,0x00,0x9f,0xc0,0x00,0x00,0x00,0x0c,0xf9,0x00,0x00,0x00,0x00,0x0a,0xaa,0xaa,
0xaa,0xdf,0xea,0xaa,0xaa,0xaa,0xae,0xfd,0xaa,0xaa,0xaa,0xa0,0x1f,0xff,0xff,0xff,0xff,0xff,0xff,0xff,0xff,0xff,0xff,0xff,
0xff,0xff,0xf1,0x06,0x66,0x66,0x66,0xcf,0xd6,0x66,0x66,0x66,0x6d,0xfc,0x66,0x66,0x66,0x60,0x00,0x00,0x00,0x00,0x9f,0xc0,
0x00,0x00,0x00,0x0c,0xf9,0x00,0x00,0x00,0x00,0x00,0x00,0x00,0x00,0x6b,0x90,0x00,0x00,0x00,0x09,0xb6,0x00,0x00,0x00,0x00,
0x00,0x02,0x00,0x00,0x02,0x20,0x00,0x00,0x00,0x03,0x31,0x04,0xb1,0x00,0x00,0x00,0x5f,0xb0,0x00,0x1d,0xf6,0x00,0x00,0x00,
0x0f,0xf5,0x0c,0xfd,0x10,0x00,0x00,0x7f,0xfc,0x10,0xcf,0xe2,0x00,0x00,0x00,0x0f,0xf5,0x01,0xdf,0xc0,0x00,0x00,0x04,0xff,
0xdc,0xff,0x30,0x00,0x00,0x00,0x0f,0xf4,0x00,0x1e,0xfb,0x00,0x00,0x00,0x2e,0xff,0xf4,0x00,0x00,0x00,0x00,0x0f,0xf4,0x00,
0x03,0xf9,0x00,0x00,0x00,0x6e,0xff,0x80,0x00,0x00,0x00,0x00,0x0f,0xf4,0x00,0x00,0x20,0x00,0x00,0x4d,0xff,0xff,0xd0,0x00,
0x9e,0xee,0xee,0xef,0xfe,0xee,0xee,0xee,0x90,0x2b,0xff,0xf9,0x1e,0xf3,0x00,0xaf,0xff,0xff,0xff,0xff,0xff,0xff,0xff,0xa0,
0x1f,0xfc,0x40,0x09,0xfa,0x00,0x24,0x44,0x44,0x7f,0xfb,0x44,0x44,0x44,0x20,0x05,0x50,0x00,0x03,0xff,0x10,0x00,0x00,0x00,
0x7f,0xfd,0x00,0x00,0x00,0x00,0x00,0x00,0x00,0x0b,0xff,0x30,0x00,0x00,0x00,0xbf,0xff,0x30,0x00,0x00,0x00,0x00,0x00,0x01,
0xdf,0xff,0x50,0x00,0x00,0x00,0xef,0xdf,0x80,0x00,0x00,0x00,0x00,0x00,0x4e,0xfd,0xbf,0x70,0x00,0x00,0x05,0xff,0x2f,0xe0,
0x00,0x00,0x00,0x00,0x2a,0xff,0xc1,0x8f,0x90,0x00,0x00,0x0c,0xfb,0x0b,0xf8,0x00,0x00,0x00,0x08,0xff,0xf9,0x00,0x7f,0xb0,
0x00,0x00,0x4f,0xf4,0x04,0xff,0x10,0x00,0x00,0x08,0xfd,0x40,0x00,0x6f,0xb0,0x00,0x00,0xdf,0xb0,0x00,0xcf,0xa0,0x00,0x00,
0x00,0x60,0x00,0x00,0x7f,0xa0,0x00,0x09,0xff,0x20,0x00,0x3f,0xf7,0x00,0x00,0x00,0x00,0x00,0x00,0x9f,0x90,0x00,0x5f,0xf8,
0x00,0x00,0x08,0xff,0x40,0x00,0x00,0x00,0x00,0x00,0xcf,0x70,0x04,0xff,0xc0,0x00,0x00,0x00,0xbf,0xf4,0x00,0x00,0x01,0x10,
0x06,0xff,0x20,0x4f,0xfe,0x10,0x00,0x00,0x00,0x1d,0xff,0x70,0x00,0x0a,0xff,0xff,0xfc,0x01,0xff,0xe2,0x00,0x00,0x00,0x00,
0x01,0xcf,0xf2,0x00,0x05,0xff,0xff,0xb2,0x00,0x6d,0x10,0x00,0x00,0x00,0x00,0x00,0x0b,0x50,
/* U+897F */
0x3c,0xcc,0xcc,0xcc,0xcc,0xcc,0xcc,0xcc,0xcc,0xcc,0xcc,0xcc,0xcc,0xcc,0xc3,0x4f,0xff,0xff,0xff,0xff,0xff,0xff,0xff,0xff,
0xff,0xff,0xff,0xff,0xff,0xf4,0x27,0x77,0x77,0x77,0x77,0xdf,0xc7,0x77,0x7d,0xfc,0x77,0x77,0x77,0x77,0x72,0x00,0x00,0x00,
0x00,0x00,0xbf,0x80,0x00,0x0a,0xf9,0x00,0x00,0x00,0x00,0x00,0x00,0x00,0x00,0x00,0x00,0xbf,0x80,0x00,0x0a,0xf9,0x00,0x00,
0x00,0x00,0x00,0x00,0x00,0x00,0x00,0x00,0xbf,0x80,0x00,0x0a,0xf9,0x00,0x00,0x00,0x00,0x00,0x00,0x00,0x00,0x00,0x00,0xbf,
0x80,0x00,0x0a,0xf9,0x00,0x00,0x00,0x00,0x00,0x00,0x3a,0xaa,0xaa,0xaa,0xef,0xda,0xaa,0xae,0xfd,0xaa,0xaa,0xaa,0xa4,0x00,
0x00,0x5f,0xff,0xff,0xff,0xff,0xff,0xff,0xff,0xff,0xff,0xff,0xff,0xf6,0x00,0x00,0x5f,0xf8,0x88,0x88,0xef,0xc8,0x88,0x8d,
0xfd,0x88,0x88,0x8f,0xf6,0x00,0x00,0x5f,0xf0,0x00,0x00,0xcf,0x80,0x00,0x0a,0xf9,0x00,0x00,0x0e,0xf6,0x00,0x00,0x5f,0xf0,
0x00,0x00,0xef,0x60,0x00,0x0a,0xf9,0x00,0x00,0x0e,0xf6,0x00,0x00,0x5f,0xf0,0x00,0x00,0xff,0x40,0x00,0x0a,0xf9,0x00,0x00,
0x0e,0xf6,0x00,0x00,0x5f,0xf0,0x00,0x02,0xff,0x20,0x00,0x0a,0xf9,0x00,0x00,0x0e,0xf6,0x00,0x00,0x5f,0xf0,0x00,0x08,0xfe,
0x00,0x00,0x0a,0xf9,0x00,0x00,0x0e,0xf6,0x00,0x00,0x5f,0xf0,0x00,0x0d,0xf9,0x00,0x00,0x0a,0xf9,0x00,0x00,0x0e,0xf6,0x00,
0x00,0x5f,0xf0,0x00,0x7f,0xf3,0x00,0x00,0x08,0xfd,0x00,0x00,0x0e,0xf6,0x00,0x00,0x5f,0xf0,0x02,0xff,0xa0,0x00,0x00,0x03,
0xff,0xfc,0xcc,0xcf,0xf6,0x00,0x00,0x5f,0xf0,0x3e,0xfe,0x10,0x00,0x00,0x00,0xbf,0xff,0xff,0xff,0xf6,0x00,0x00,0x5f,0xf3,
0xff,0xf4,0x00,0x00,0x00,0x00,0x02,0x44,0x44,0x4e,0xf6,0x00,0x00,0x5f,0xf0,0x9e,0x30,0x00,0x00,0x00,0x00,0x00,0x00,0x00,
0x0e,0xf6,0x00,0x00,0x5f,0xf0,0x01,0x00,0x00,0x00,0x00,0x00,0x00,0x00,0x00,0x0e,0xf6,0x00,0x00,0x5f,0xf0,0x00,0x00,0x00,
0x00,0x00,0x00,0x00,0x00,0x00,0x0e,0xf6,0x00,0x00,0x5f,0xf0,0x00,0x00,0x00,0x00,0x00,0x00,0x00,0x00,0x00,0x0e,0xf6,0x00,
0x00,0x5f,0xf9,0x99,0x99,0x99,0x99,0x99,0x99,0x99,0x99,0x99,0x9f,0xf6,0x00,0x00,0x5f,0xff,0xff,0xff,0xff,0xff,0xff,0xff,
0xff,0xff,0xff,0xff,0xf6,0x00,0x00,0x5f,0xf9,0x99,0x99,0x99,0x99,0x99,0x99,0x99,0x99,0x99,0x9f,0xf6,0x00,0x00,0x5f,0xf0,
0x00,0x00,0x00,0x00,0x00,0x00,0x00,0x00,0x00,0x0e,0xf6,0x00,
/* U+8981 */
0x1d,0xdd,0xdd,0xdd,0xdd,0xdd,0xdd,0xdd,0xdd,0xdd,0xdd,0xdd,0xdd,0xdd,0xd1,0x2f,0xff,0xff,0xff,0xff,0xff,0xff,0xff,0xff,
0xff,0xff,0xff,0xff,0xff,0xf2,0x03,0x33,0x33,0x33,0x33,0xcf,0x93,0x33,0x39,0xfc,0x33,0x33,0x33,0x33,0x30,0x00,0x00,0x00,
0x00,0x00,0xbf,0x80,0x00,0x08,0xfb,0x00,0x00,0x00,0x00,0x00,0x00,0x00,0x00,0x00,0x00,0xbf,0x80,0x00,0x08,0xfb,0x00,0x00,
0x00,0x00,0x00,0x00,0x2e,0xee,0xee,0xee,0xff,0xfe,0xee,0xef,0xff,0xee,0xee,0xee,0xe2,0x00,0x00,0x2f,0xff,0xff,0xff,0xff,
0xff,0xff,0xff,0xff,0xff,0xff,0xff,0xf2,0x00,0x00,0x2f,0xf1,0x11,0x11,0xbf,0x81,0x11,0x18,0xfb,0x11,0x11,0x1f,0xf2,0x00,
0x00,0x2f,0xf0,0x00,0x00,0xbf,0x80,0x00,0x08,0xfb,0x00,0x00,0x0f,0xf2,0x00,0x00,0x2f,0xf0,0x00,0x00,0xbf,0x80,0x00,0x08,
0xfb,0x00,0x00,0x0f,0xf2,0x00,0x00,0x2f,0xf0,0x00,0x00,0xbf,0x80,0x00,0x08,0xfb,0x00,0x00,0x0f,0xf2,0x00,0x00,0x2f,0xfd,
0xdd,0xdd,0xff,0xed,0xdd,0xde,0xff,0xdd,0xdd,0xdf,0xf2,0x00,0x00,0x2f,0xff,0xff,0xff,0xff,0xff,0xff,0xff,0xff,0xff,0xff,
0xff,0xf2,0x00,0x00,0x02,0x22,0x22,0x22,0x2f,0xfa,0x22,0x22,0x22,0x22,0x22,0x22,0x20,0x00,0x00,0x00,0x00,0x00,0x00,0x8f,
0xf1,0x00,0x00,0x00,0x00,0x00,0x00,0x00,0x00,0x00,0x00,0x00,0x00,0x02,0xff,0x80,0x00,0x00,0x00,0x00,0x00,0x00,0x00,0x00,
0x8f,0xff,0xff,0xff,0xff,0xff,0xff,0xff,0xff,0xff,0xff,0xff,0xff,0xff,0xf8,0x8f,0xff,0xff,0xff,0xff,0xff,0xff,0xff,0xff,
0xff,0xff,0xff,0xff,0xff,0xf8,0x01,0x11,0x11,0x12,0xef,0xb1,0x11,0x11,0x11,0x12,0xef,0x71,0x11,0x11,0x10,0x00,0x00,0x00,
0x09,0xff,0x10,0x00,0x00,0x00,0x08,0xfe,0x00,0x00,0x00,0x00,0x00,0x00,0x00,0x3f,0xfc,0x40,0x00,0x00,0x00,0x4f,0xf6,0x00,
0x00,0x00,0x00,0x00,0x00,0x00,0x6c,0xff,0xff,0xc8,0x40,0x06,0xff,0x90,0x00,0x00,0x00,0x00,0x00,0x00,0x00,0x00,0x04,0x9d,
0xff,0xff,0xdf,0xf9,0x00,0x00,0x00,0x00,0x00,0x00,0x00,0x00,0x00,0x00,0x00,0x19,0xff,0xff,0xfd,0x82,0x00,0x00,0x00,0x00,
0x00,0x00,0x00,0x00,0x02,0x6a,0xef,0xff,0xa9,0xef,0xff,0xc7,0x10,0x00,0x00,0x00,0x01,0x36,0x8b,0xef,0xff,0xfd,0x81,0x00,
0x05,0xbf,0xff,0xfc,0x61,0x00,0x08,0xff,0xff,0xff,0xfe,0xb7,0x20,0x00,0x00,0x00,0x01,0x7d,0xff,0xff,0xa0,0x03,0xff,0xeb,
0x96,0x20,0x00,0x00,0x00,0x00,0x00,0x00,0x00,0x39,0xef,0x50,0x00,0x30,0x00,0x00,0x00,0x00,0x00,0x00,0x00,0x00,0x00,0x00,
0x00,0x03,0x00,
/* U+89C9 */
0x00,0x00,0x30,0x00,0x00,0x07,0xe5,0x00,0x00,0x00,0x02,0xd8,0x10,0x00,0x00,0x0b,0xf8,0x00,0x00,0x0a,0xfe,0x00,0x00,0x00,
0x0b,0xff,0x10,0x00,0x00,0x08,0xff,0x20,0x00,0x02,0xff,0x70,0x00,0x00,0x4f,0xf7,0x00,0x00,0x00,0x00,0xef,0xb0,0x00,0x00,
0x9f,0xe1,0x00,0x00,0xdf,0xd0,0x00,0x00,0x00,0x00,0x4f,0xf5,0x00,0x00,0x1f,0xf4,0x00,0x06,0xff,0x40,0x00,0x00,0x01,0x11,
0x1b,0xf6,0x11,0x11,0x15,0x21,0x11,0x1e,0xfa,0x11,0x11,0x10,0x6f,0xff,0xff,0xff,0xff,0xff,0xff,0xff,0xff,0xff,0xff,0xff,
0xff,0xf6,0x6f,0xff,0xff,0xff,0xff,0xff,0xff,0xff,0xff,0xff,0xff,0xff,0xff,0xf6,0x6f,0xf2,0x22,0x22,0x22,0x22,0x22,0x22,
0x22,0x22,0x22,0x22,0x2f,0xf6,0x6f,0xf0,0x00,0x00,0x00,0x00,0x00,0x00,0x00,0x00,0x00,0x00,0x0e,0xf6,0x6f,0xf0,0x00,0x00,
0x00,0x00,0x00,0x00,0x00,0x00,0x00,0x00,0x0e,0xf6,0x6f,0xf0,0x05,0x77,0x77,0x77,0x77,0x77,0x77,0x77,0x77,0x50,0x0e,0xf6,
0x25,0x50,0x0a,0xff,0xff,0xff,0xff,0xff,0xff,0xff,0xff,0xa0,0x05,0x52,0x00,0x00,0x0a,0xfd,0xaa,0xaa,0xaa,0xaa,0xaa,0xaa,
0xdf,0xa0,0x00,0x00,0x00,0x00,0x0a,0xf9,0x00,0x00,0x00,0x00,0x00,0x00,0x9f,0xa0,0x00,0x00,0x00,0x00,0x0a,0xf9,0x00,0x00,
0x23,0x20,0x00,0x00,0x9f,0xa0,0x00,0x00,0x00,0x00,0x0a,0xf9,0x00,0x00,0xaf,0xa0,0x00,0x00,0x9f,0xa0,0x00,0x00,0x00,0x00,
0x0a,0xf9,0x00,0x00,0xaf,0xa0,0x00,0x00,0x9f,0xa0,0x00,0x00,0x00,0x00,0x0a,0xf9,0x00,0x00,0xaf,0xa0,0x00,0x00,0x9f,0xa0,
0x00,0x00,0x00,0x00,0x0a,0xf9,0x00,0x00,0xbf,0x95,0x50,0x00,0x9f,0xa0,0x00,0x00,0x00,0x00,0x0a,0xf9,0x00,0x00,0xff,0x7f,
0xf1,0x00,0x9f,0xa0,0x00,0x00,0x00,0x00,0x0a,0xf9,0x00,0x03,0xff,0x3f,0xf1,0x00,0x9f,0xa0,0x00,0x00,0x00,0x00,0x09,0xe8,
0x00,0x0b,0xfd,0x1f,0xf1,0x00,0x8e,0x90,0x01,0x94,0x00,0x00,0x00,0x00,0x00,0x8f,0xf5,0x1f,0xf1,0x00,0x00,0x00,0x03,0xfe,
0x00,0x00,0x00,0x00,0x08,0xff,0x80,0x1f,0xf1,0x00,0x00,0x00,0x05,0xfc,0x00,0x00,0x00,0x17,0xef,0xfb,0x00,0x1f,0xf4,0x00,
0x00,0x00,0x09,0xfa,0x00,0x03,0x7c,0xff,0xff,0x70,0x00,0x0c,0xfe,0x98,0x88,0x88,0xcf,0xf6,0x4c,0xff,0xff,0xfe,0x71,0x00,
0x00,0x07,0xff,0xff,0xff,0xff,0xff,0xe0,0x0d,0xff,0xd8,0x30,0x00,0x00,0x00,0x00,0x59,0xaa,0xaa,0xaa,0x97,0x10,0x02,0x41,
0x00,0x00,0x00,0x00,0x00,0x00,0x00,0x00,0x00,0x00,0x00,0x00,
/* U+8BA4 */
0x00,0x03,0x80,0x00,0x00,0x00,0x00,0x00,0x00,0x0e,0xf6,0x00,0x00,0x00,0x00,0x00,0x2f,0xfb,0x10,0x00,0x00,0x00,0x00,0x00,
0x0f,0xf5,0x00,0x00,0x00,0x00,0x00,0x07,0xff,0xd2,0x00,0x00,0x00,0x00,0x00,0x0f,0xf5,0x00,0x00,0x00,0x00,0x00,0x00,0x5f,
0xfe,0x20,0x00,0x00,0x00,0x00,0x0f,0xf4,0x00,0x00,0x00,0x00,0x00,0x00,0x02,0xef,0xe2,0x00,0x00,0x00,0x00,0x0f,0xf4,0x00,
0x00,0x00,0x00,0x00,0x00,0x00,0x2e,0xf4,0x00,0x00,0x00,0x00,0x1f,0xf3,0x00,0x00,0x00,0x00,0x00,0x00,0x00,0x02,0x40,0x00,
0x00,0x00,0x00,0x2f,0xf2,0x00,0x00,0x00,0x00,0x00,0x00,0x00,0x00,0x00,0x00,0x00,0x00,0x00,0x3f,0xf2,0x00,0x00,0x00,0x00,
0x00,0x00,0x00,0x00,0x00,0x00,0x00,0x00,0x00,0x4f,0xf6,0x00,0x00,0x00,0x00,0x35,0x55,0x55,0x51,0x00,0x00,0x00,0x00,0x00,
0x6f,0xfa,0x00,0x00,0x00,0x00,0x8f,0xff,0xff,0xf5,0x00,0x00,0x00,0x00,0x00,0x8f,0xfe,0x00,0x00,0x00,0x00,0x7d,0xdd,0xdf,
0xf5,0x00,0x00,0x00,0x00,0x00,0xaf,0xff,0x20,0x00,0x00,0x00,0x00,0x00,0x0d,0xf5,0x00,0x00,0x00,0x00,0x00,0xcf,0xff,0x60,
0x00,0x00,0x00,0x00,0x00,0x0d,0xf5,0x00,0x00,0x00,0x00,0x00,0xff,0xaf,0xb0,0x00,0x00,0x00,0x00,0x00,0x0d,0xf5,0x00,0x00,
0x00,0x00,0x02,0xff,0x3e,0xf1,0x00,0x00,0x00,0x00,0x00,0x0d,0xf5,0x00,0x00,0x00,0x00,0x06,0xff,0x08,0xf7,0x00,0x00,0x00,
0x00,0x00,0x0d,0xf5,0x00,0x00,0x00,0x00,0x0b,0xfb,0x02,0xfd,0x00,0x00,0x00,0x00,0x00,0x0d,0xf5,0x00,0x00,0x00,0x00,0x1f,
0xf6,0x00,0xcf,0x30,0x00,0x00,0x00,0x00,0x0d,0xf5,0x00,0x00,0x00,0x00,0x6f,0xf1,0x00,0x6f,0x90,0x00,0x00,0x00,0x00,0x0d,
0xf5,0x00,0x00,0x00,0x00,0xdf,0xc0,0x00,0x0f,0xf2,0x00,0x00,0x00,0x00,0x0d,0xf5,0x00,0x31,0x00,0x06,0xff,0x40,0x00,0x0a,
0xfa,0x00,0x00,0x00,0x00,0x0d,0xf5,0x04,0xf5,0x00,0x0e,0xfc,0x00,0x00,0x04,0xff,0x30,0x00,0x00,0x00,0x0d,0xf5,0x6f,0xf8,
0x00,0x9f,0xf5,0x00,0x00,0x00,0xbf,0xb0,0x00,0x00,0x00,0x0d,0xfc,0xff,0x90,0x05,0xff,0xb0,0x00,0x00,0x00,0x1f,0xf5,0x00,
0x00,0x00,0x0e,0xff,0xf6,0x00,0x2f,0xfe,0x10,0x00,0x00,0x00,0x07,0xff,0x20,0x00,0x00,0x7f,0xfe,0x30,0x02,0xef,0xf4,0x00,
0x00,0x00,0x00,0x00,0xdf,0xc0,0x00,0x00,0x3f,0xc1,0x00,0x2e,0xff,0x60,0x00,0x00,0x00,0x00,0x00,0x3f,0xf9,0x00,0x00,0x07,
0x00,0x00,0x6f,0xf6,0x00,0x00,0x00,0x00,0x00,0x00,0x09,0xf9,0x00,0x00,0x00,0x00,0x00,0x09,0x60,0x00,0x00,0x00,0x00,0x00,
0x00,0x01,0x90,
/* U+8BA9 */
0x00,0x00,0x00,0x00,0x00,0x00,0x00,0x00,0x00,0x22,0x00,0x00,0x00,0x00,0x00,0x00,0x04,0x90,0x00,0x00,0x00,0x00,0x00,0x00,
0xff,0x60,0x00,0x00,0x00,0x00,0x00,0x2f,0xfc,0x10,0x00,0x00,0x00,0x00,0x00,0xff,0x60,0x00,0x00,0x00,0x00,0x00,0x06,0xff,
0xe2,0x00,0x00,0x00,0x00,0x00,0xff,0x60,0x00,0x00,0x00,0x00,0x00,0x00,0x4e,0xfe,0x20,0x00,0x00,0x00,0x00,0xff,0x60,0x00,
0x00,0x00,0x00,0x00,0x00,0x02,0xef,0xe2,0x00,0x00,0x00,0x00,0xff,0x60,0x00,0x00,0x00,0x00,0x00,0x00,0x00,0x2e,0xf4,0x00,
0x00,0x00,0x00,0xff,0x60,0x00,0x00,0x00,0x00,0x00,0x00,0x00,0x02,0x40,0x00,0x00,0x00,0x00,0xff,0x60,0x00,0x00,0x00,0x00,
0x00,0x00,0x00,0x00,0x00,0x00,0x00,0x00,0x00,0xff,0x60,0x00,0x00,0x00,0x00,0x00,0x00,0x00,0x00,0x00,0x00,0x00,0x00,0x00,
0xff,0x60,0x00,0x00,0x00,0x00,0x35,0x55,0x55,0x51,0x00,0x00,0x00,0x00,0x00,0xff,0x60,0x00,0x00,0x00,0x00,0x8f,0xff,0xff,
0xf5,0x00,0x00,0x00,0x00,0x00,0xff,0xec,0xcc,0xcc,0xcc,0x90,0x7d,0xdd,0xdf,0xf5,0x00,0x00,0x00,0x00,0x00,0xff,0xff,0xff,
0xff,0xff,0xb0,0x00,0x00,0x0d,0xf5,0x00,0x00,0x00,0x00,0x00,0xff,0xa6,0x66,0x66,0x66,0x40,0x00,0x00,0x0d,0xf5,0x00,0x00,
0x00,0x00,0x00,0xff,0x60,0x00,0x00,0x00,0x00,0x00,0x00,0x0d,0xf5,0x00,0x00,0x00,0x00,0x00,0xff,0x60,0x00,0x00,0x00,0x00,
0x00,0x00,0x0d,0xf5,0x00,0x00,0x00,0x00,0x00,0xff,0x60,0x00,0x00,0x00,0x00,0x00,0x00,0x0d,0xf5,0x00,0x00,0x00,0x00,0x00,
0xff,0x60,0x00,0x00,0x00,0x00,0x00,0x00,0x0d,0xf5,0x00,0x00,0x00,0x00,0x00,0xff,0x60,0x00,0x00,0x00,0x00,0x00,0x00,0x0d,
0xf5,0x00,0x00,0x00,0x00,0x00,0xff,0x60,0x00,0x00,0x00,0x00,0x00,0x00,0x0d,0xf5,0x00,0x00,0x00,0x00,0x00,0xff,0x60,0x00,
0x00,0x00,0x00,0x00,0x00,0x0d,0xf5,0x00,0x00,0x00,0x00,0x00,0xff,0x60,0x00,0x00,0x00,0x00,0x00,0x00,0x0d,0xf5,0x01,0xc3,
0x00,0x00,0x00,0xff,0x60,0x00,0x00,0x00,0x00,0x00,0x00,0x0d,0xf5,0x2d,0xf7,0x00,0x00,0x00,0xff,0x60,0x00,0x00,0x00,0x00,
0x00,0x00,0x0d,0xf9,0xef,0xe3,0x00,0x00,0x00,0xff,0x60,0x00,0x00,0x00,0x00,0x00,0x00,0x0d,0xff,0xfc,0x10,0x00,0x00,0x00,
0xff,0x60,0x00,0x00,0x00,0x00,0x00,0x00,0x4f,0xff,0x90,0x02,0x22,0x22,0x22,0xff,0x72,0x22,0x22,0x22,0x22,0x00,0x00,0x6f,
0xf5,0x00,0x0e,0xff,0xff,0xff,0xff,0xff,0xff,0xff,0xff,0xfe,0x00,0x00,0x0c,0x20,0x00,0x0e,0xff,0xff,0xff,0xff,0xff,0xff,
0xff,0xff,0xfe,0x00,0x00,0x00,0x00,0x00,0x01,0x11,0x11,0x11,0x11,0x11,0x11,0x11,0x11,0x11,
/* U+8BB8 */
0x00,0x00,0x00,0x00,0x00,0x00,0x00,0x02,0x00,0x00,0x00,0x00,0x00,0x00,0x00,0x00,0x05,0x60,0x00,0x00,0x00,0x00,0x6f,0xe0,
0x00,0x00,0x00,0x00,0x00,0x00,0x00,0x4f,0xf9,0x00,0x00,0x00,0x00,0xcf,0xa0,0x00,0x00,0x00,0x00,0x00,0x00,0x00,0x09,0xff,
0xc1,0x00,0x00,0x02,0xff,0x50,0x00,0x00,0x00,0x00,0x00,0x00,0x00,0x00,0x7f,0xfd,0x10,0x00,0x07,0xff,0x10,0x00,0x00,0x00,
0x00,0x00,0x00,0x00,0x00,0x04,0xff,0xd1,0x00,0x0d,0xff,0xee,0xee,0xee,0xee,0xee,0xee,0x90,0x00,0x00,0x00,0x4f,0xe2,0x00,
0x3f,0xff,0xff,0xff,0xff,0xff,0xff,0xff,0xa0,0x00,0x00,0x00,0x04,0x30,0x00,0xdf,0xd5,0x55,0x59,0xff,0x55,0x55,0x55,0x30,
0x00,0x00,0x00,0x00,0x00,0x0a,0xff,0x30,0x00,0x06,0xff,0x00,0x00,0x00,0x00,0x00,0x00,0x00,0x00,0x00,0x6f,0xfa,0x00,0x00,
0x06,0xff,0x00,0x00,0x00,0x00,0x25,0x55,0x55,0x51,0x02,0xff,0xe1,0x00,0x00,0x06,0xff,0x00,0x00,0x00,0x00,0x8f,0xff,0xff,
0xf3,0x07,0xff,0x30,0x00,0x00,0x06,0xff,0x00,0x00,0x00,0x00,0x7d,0xdd,0xdf,0xf3,0x00,0xa4,0x00,0x00,0x00,0x06,0xff,0x00,
0x00,0x00,0x00,0x00,0x00,0x0f,0xf3,0x00,0x00,0x00,0x00,0x00,0x06,0xff,0x00,0x00,0x00,0x00,0x00,0x00,0x0f,0xf3,0x00,0x00,
0x00,0x00,0x00,0x06,0xff,0x00,0x00,0x00,0x00,0x00,0x00,0x0f,0xf3,0x00,0xde,0xee,0xee,0xee,0xef,0xff,0xee,0xee,0xee,0xec,
0x00,0x00,0x0f,0xf3,0x00,0xef,0xff,0xff,0xff,0xff,0xff,0xff,0xff,0xff,0xfd,0x00,0x00,0x0f,0xf3,0x00,0x34,0x44,0x44,0x44,
0x48,0xff,0x44,0x44,0x44,0x43,0x00,0x00,0x0f,0xf3,0x00,0x00,0x00,0x00,0x00,0x06,0xff,0x00,0x00,0x00,0x00,0x00,0x00,0x0f,
0xf3,0x00,0x00,0x00,0x00,0x00,0x06,0xff,0x00,0x00,0x00,0x00,0x00,0x00,0x0f,0xf3,0x00,0x00,0x00,0x00,0x00,0x06,0xff,0x00,
0x00,0x00,0x00,0x00,0x00,0x0f,0xf3,0x00,0x20,0x00,0x00,0x00,0x06,0xff,0x00,0x00,0x00,0x00,0x00,0x00,0x0f,0xf3,0x04,0xf2,
0x00,0x00,0x00,0x06,0xff,0x00,0x00,0x00,0x00,0x00,0x00,0x0f,0xf3,0x5f,0xf6,0x00,0x00,0x00,0x06,0xff,0x00,0x00,0x00,0x00,
0x00,0x00,0x0f,0xfa,0xff,0xb0,0x00,0x00,0x00,0x06,0xff,0x00,0x00,0x00,0x00,0x00,0x00,0x1f,0xff,0xf8,0x00,0x00,0x00,0x00,
0x06,0xff,0x00,0x00,0x00,0x00,0x00,0x00,0x8f,0xff,0x40,0x00,0x00,0x00,0x00,0x06,0xff,0x00,0x00,0x00,0x00,0x00,0x00,0x7f,
0xd2,0x00,0x00,0x00,0x00,0x00,0x06,0xff,0x00,0x00,0x00,0x00,0x00,0x00,0x1a,0x00,0x00,0x00,0x00,0x00,0x00,0x06,0xff,0x00,
0x00,0x00,0x00,0x00,0x00,0x00,0x00,0x00,0x00,0x00,0x00,0x00,0x06,0xff,0x00,0x00,0x00,0x00,0x00,0x00,0x00,0x00,0x00,0x00,
0x00,0x00,0x00,0x01,0x33,0x00,0x00,0x00,0x00,
/* U+8BBA */
0x00,0x00,0x00,0x00,0x00,0x00,0x00,0x00,0x00,0x12,0x10,0x00,0x00,0x00,0x00,0x00,0x05,0x60,0x00,0x00,0x00,0x00,0x00,0x00,
0xdf,0xe0,0x00,0x00,0x00,0x00,0x00,0x4f,0xf9,0x00,0x00,0x00,0x00,0x00,0x08,0xff,0xf8,0x00,0x00,0x00,0x00,0x00,0x09,0xff,
0xc1,0x00,0x00,0x00,0x00,0x3f,0xf6,0xff,0x10,0x00,0x00,0x00,0x00,0x00,0x7f,0xfd,0x10,0x00,0x00,0x00,0xdf,0x90,0x9f,0xc0,
0x00,0x00,0x00,0x00,0x00,0x04,0xff,0xd1,0x00,0x00,0x08,0xfe,0x00,0x1e,0xf8,0x00,0x00,0x00,0x00,0x00,0x00,0x4f,0xe2,0x00,
0x00,0x3f,0xf4,0x00,0x05,0xff,0x50,0x00,0x00,0x00,0x00,0x00,0x04,0x30,0x00,0x03,0xef,0x90,0x00,0x00,0x8f,0xf5,0x00,0x00,
0x00,0x00,0x00,0x00,0x00,0x00,0x4f,0xfd,0x00,0x00,0x00,0x0b,0xff,0x60,0x00,0x00,0x00,0x00,0x00,0x00,0x05,0xff,0xe2,0x00,
0x00,0x00,0x00,0xbf,0xf8,0x00,0x35,0x55,0x55,0x50,0x00,0x7f,0xfd,0x20,0x00,0x00,0x00,0x00,0x0b,0xff,0xc1,0x9f,0xff,0xff,
0xf2,0x07,0xff,0xc1,0x00,0x00,0x00,0x00,0x00,0x00,0x9f,0xfd,0x8d,0xdd,0xdf,0xf2,0x03,0xfb,0x00,0xbb,0x20,0x00,0x00,0x00,
0x00,0x05,0xf5,0x00,0x00,0x1f,0xf2,0x00,0x50,0x00,0xff,0x30,0x00,0x00,0x00,0x7b,0x00,0x10,0x00,0x00,0x1f,0xf2,0x00,0x00,
0x00,0xff,0x30,0x00,0x00,0x3d,0xff,0x60,0x00,0x00,0x00,0x1f,0xf2,0x00,0x00,0x00,0xff,0x30,0x00,0x09,0xff,0xf8,0x00,0x00,
0x00,0x00,0x1f,0xf2,0x00,0x00,0x00,0xff,0x30,0x18,0xef,0xfb,0x20,0x00,0x00,0x00,0x00,0x1f,0xf2,0x00,0x00,0x00,0xff,0x69,
0xff,0xfd,0x40,0x00,0x00,0x00,0x00,0x00,0x1f,0xf2,0x00,0x00,0x00,0xff,0xff,0xfc,0x50,0x00,0x00,0x00,0x00,0x00,0x00,0x1f,
0xf2,0x00,0x00,0x00,0xff,0xfb,0x30,0x00,0x00,0x00,0x00,0x00,0x00,0x00,0x1f,0xf2,0x00,0x00,0x00,0xff,0x50,0x00,0x00,0x00,
0x00,0x00,0x00,0x00,0x00,0x1f,0xf2,0x00,0x20,0x00,0xff,0x30,0x00,0x00,0x00,0x00,0x01,0x00,0x00,0x00,0x1f,0xf2,0x05,0xf1,
0x00,0xff,0x30,0x00,0x00,0x00,0x00,0x1f,0xb0,0x00,0x00,0x1f,0xf2,0x6f,0xf4,0x00,0xff,0x30,0x00,0x00,0x00,0x00,0x3f,0xf0,
0x00,0x00,0x1f,0xf9,0xff,0x80,0x00,0xff,0x30,0x00,0x00,0x00,0x00,0x5f,0xe0,0x00,0x00,0x2f,0xff,0xf5,0x00,0x00,0xff,0x40,
0x00,0x00,0x00,0x00,0x9f,0xb0,0x00,0x00,0x9f,0xfe,0x30,0x00,0x00,0xff,0x70,0x00,0x00,0x00,0x01,0xef,0x80,0x00,0x00,0xaf,
0xd2,0x00,0x00,0x00,0xdf,0xfa,0x88,0x88,0x88,0xae,0xff,0x30,0x00,0x00,0x4b,0x00,0x00,0x00,0x00,0x6f,0xff,0xff,0xff,0xff,
0xff,0xf9,0x00,0x00,0x00,0x00,0x00,0x00,0x00,0x00,0x04,0x8a,0xaa,0xaa,0xaa,0x97,0x30,0x00,
/* U+8BD5 */
0x00,0x00,0x00,0x00,0x00,0x00,0x00,0x00,0x00,0x00,0x23,0x20,0x01,0x00,0x00,0x00,0x03,0x80,0x00,0x00,0x00,0x00,0x00,0x00,
0x00,0xaf,0x81,0xcd,0x10,0x00,0x00,0x2f,0xfa,0x00,0x00,0x00,0x00,0x00,0x00,0x00,0xaf,0x90,0xaf,0xc0,0x00,0x00,0x08,0xff,
0xc1,0x00,0x00,0x00,0x00,0x00,0x00,0xaf,0x90,0x0c,0xf9,0x00,0x00,0x00,0x6f,0xfc,0x00,0x00,0x00,0x00,0x00,0x00,0xaf,0x90,
0x02,0xff,0x40,0x00,0x00,0x05,0xff,0xb0,0x00,0x00,0x00,0x00,0x00,0xaf,0x90,0x00,0x57,0x00,0x00,0x00,0x00,0x5f,0xd1,0x46,
0x66,0x66,0x66,0x66,0xcf,0xc6,0x66,0x66,0x60,0x00,0x00,0x00,0x05,0x10,0xbf,0xff,0xff,0xff,0xff,0xff,0xff,0xff,0xff,0xf0,
0x00,0x00,0x00,0x00,0x00,0x9d,0xdd,0xdd,0xdd,0xdd,0xef,0xfd,0xdd,0xdd,0xd0,0x00,0x00,0x00,0x00,0x00,0x00,0x00,0x00,0x00,
0x00,0x8f,0xa0,0x00,0x00,0x00,0x35,0x55,0x55,0x50,0x00,0x00,0x00,0x00,0x00,0x00,0x7f,0xb0,0x00,0x00,0x00,0xaf,0xff,0xff,
0xf1,0x00,0x00,0x00,0x00,0x00,0x00,0x7f,0xc0,0x00,0x00,0x00,0x8d,0xdd,0xef,0xf1,0x00,0x00,0x00,0x00,0x00,0x00,0x6f,0xc0,
0x00,0x00,0x00,0x00,0x00,0x2f,0xf1,0x00,0x01,0x11,0x11,0x11,0x10,0x5f,0xd0,0x00,0x00,0x00,0x00,0x00,0x2f,0xf1,0x00,0x0f,
0xff,0xff,0xff,0xf5,0x4f,0xe0,0x00,0x00,0x00,0x00,0x00,0x2f,0xf1,0x00,0x0f,0xff,0xff,0xff,0xf5,0x3f,0xf0,0x00,0x00,0x00,
0x00,0x00,0x2f,0xf1,0x00,0x00,0x00,0xff,0x50,0x00,0x1f,0xf0,0x00,0x00,0x00,0x00,0x00,0x2f,0xf1,0x00,0x00,0x00,0xff,0x40,
0x00,0x0f,0xf2,0x00,0x00,0x00,0x00,0x00,0x2f,0xf1,0x00,0x00,0x00,0xff,0x40,0x00,0x0f,0xf4,0x00,0x00,0x00,0x00,0x00,0x2f,
0xf1,0x00,0x00,0x00,0xff,0x40,0x00,0x0d,0xf6,0x00,0x00,0x00,0x00,0x00,0x2f,0xf1,0x00,0x00,0x00,0xff,0x40,0x00,0x0a,0xf8,
0x00,0x00,0x00,0x00,0x00,0x2f,0xf1,0x01,0x00,0x00,0xff,0x40,0x00,0x07,0xfa,0x00,0x00,0x50,0x00,0x00,0x2f,0xf1,0x1d,0x40,
0x00,0xff,0x40,0x00,0x04,0xfe,0x00,0x01,0xf8,0x00,0x00,0x2f,0xf2,0xdf,0x80,0x00,0xff,0x40,0x01,0x20,0xff,0x10,0x04,0xfc,
0x00,0x00,0x2f,0xfd,0xfd,0x20,0x00,0xff,0x99,0xdf,0x70,0xbf,0x60,0x08,0xf7,0x00,0x00,0x3f,0xff,0xd1,0x07,0x9c,0xff,0xff,
0xff,0x60,0x6f,0xc0,0x0d,0xf3,0x00,0x00,0x9f,0xfc,0x00,0x0d,0xff,0xfe,0xa7,0x30,0x00,0x0f,0xf4,0x3f,0xd0,0x00,0x00,0xaf,
0xa0,0x00,0x07,0x95,0x10,0x00,0x00,0x00,0x08,0xff,0xff,0x60,0x00,0x00,0x39,0x00,0x00,0x00,0x00,0x00,0x00,0x00,0x00,0x00,
0xcf,0xfc,0x00,0x00,0x00,0x00,0x00,0x00,0x00,0x00,0x00,0x00,0x00,0x00,0x00,0x17,0x91,0x00,
/* U+8BF4 */
0x00,0x00,0x00,0x00,0x00,0x00,0x00,0x10,0x00,0x00,0x00,0x00,0x40,0x00,0x00,0x00,0x02,0x70,0x00,0x00,0x00,0x2c,0xf1,0x00,
0x00,0x00,0x04,0xfe,0x20,0x00,0x00,0x1e,0xfb,0x00,0x00,0x00,0x0e,0xfb,0x00,0x00,0x00,0x0c,0xfc,0x00,0x00,0x00,0x08,0xff,
0xd2,0x00,0x00,0x04,0xff,0x50,0x00,0x00,0x4f,0xf5,0x00,0x00,0x00,0x00,0x5f,0xfe,0x20,0x00,0x00,0x9f,0xe1,0x00,0x00,0xcf,
0xd0,0x00,0x00,0x00,0x00,0x02,0xef,0xe2,0x00,0x00,0x0e,0xf9,0x00,0x04,0xff,0x40,0x00,0x00,0x00,0x00,0x00,0x2e,0xf3,0x00,
0x00,0x04,0xa2,0x00,0x0c,0xfa,0x00,0x00,0x00,0x00,0x00,0x00,0x03,0x30,0x01,0x55,0x55,0x55,0x55,0x7f,0xf7,0x55,0x52,0x00,
0x00,0x00,0x00,0x00,0x00,0x05,0xff,0xff,0xff,0xff,0xff,0xff,0xff,0xf8,0x00,0x00,0x00,0x00,0x00,0x00,0x05,0xff,0xcc,0xcc,
0xcc,0xcc,0xcc,0xce,0xf8,0x00,0x35,0x55,0x55,0x51,0x00,0x05,0xfd,0x00,0x00,0x00,0x00,0x00,0x0a,0xf8,0x00,0xaf,0xff,0xff,
0xf4,0x00,0x05,0xfd,0x00,0x00,0x00,0x00,0x00,0x0a,0xf8,0x00,0x8d,0xdd,0xdf,0xf4,0x00,0x05,0xfd,0x00,0x00,0x00,0x00,0x00,
0x0a,0xf8,0x00,0x00,0x00,0x0f,0xf4,0x00,0x05,0xfd,0x00,0x00,0x00,0x00,0x00,0x0a,0xf8,0x00,0x00,0x00,0x0f,0xf4,0x00,0x05,
0xfd,0x00,0x00,0x00,0x00,0x00,0x0a,0xf8,0x00,0x00,0x00,0x0f,0xf4,0x00,0x05,0xfe,0x55,0x55,0x55,0x55,0x55,0x5c,0xf8,0x00,
0x00,0x00,0x0f,0xf4,0x00,0x05,0xff,0xff,0xff,0xff,0xff,0xff,0xff,0xf8,0x00,0x00,0x00,0x0f,0xf4,0x00,0x03,0xcc,0xcc,0xff,
0xcc,0xcf,0xfc,0xcc,0xc6,0x00,0x00,0x00,0x0f,0xf4,0x00,0x00,0x00,0x04,0xfc,0x00,0x0f,0xf3,0x00,0x00,0x00,0x00,0x00,0x0f,
0xf4,0x00,0x00,0x00,0x07,0xf9,0x00,0x0f,0xf3,0x00,0x00,0x00,0x00,0x00,0x0f,0xf4,0x00,0x00,0x00,0x0a,0xf7,0x00,0x0f,0xf3,
0x00,0x00,0x00,0x00,0x00,0x0f,0xf4,0x00,0x10,0x00,0x0e,0xf4,0x00,0x0f,0xf3,0x00,0x00,0x00,0x00,0x00,0x0f,0xf4,0x05,0xc0,
0x00,0x5f,0xe0,0x00,0x0f,0xf3,0x00,0x00,0x30,0x00,0x00,0x0f,0xf4,0x6f,0xf0,0x00,0xdf,0x70,0x00,0x0f,0xf3,0x00,0x02,0xfd,
0x00,0x00,0x0f,0xfa,0xff,0xa0,0x07,0xff,0x10,0x00,0x0f,0xf3,0x00,0x03,0xfd,0x00,0x00,0x0f,0xff,0xf7,0x00,0x4f,0xf7,0x00,
0x00,0x0f,0xf3,0x00,0x05,0xfc,0x00,0x00,0x7f,0xff,0x50,0x04,0xff,0xa0,0x00,0x00,0x0f,0xf3,0x00,0x09,0xf9,0x00,0x00,0x6f,
0xe3,0x00,0x9f,0xfd,0x00,0x00,0x00,0x0d,0xfc,0x66,0x9f,0xf6,0x00,0x00,0x0b,0x10,0x09,0xff,0xb1,0x00,0x00,0x00,0x08,0xff,
0xff,0xff,0xe1,0x00,0x00,0x00,0x00,0x01,0xe7,0x00,0x00,0x00,0x00,0x00,0x49,0xbb,0xa8,0x10,
/* U+8D25 */
0x00,0x00,0x00,0x00,0x00,0x00,0x00,0x00,0x00,0x22,0x00,0x00,0x00,0x00,0x00,0x00,0x00,0x00,0x00,0x00,0x00,0x00,0x00,0x00,
0xaf,0xa0,0x00,0x00,0x00,0x00,0x05,0xdd,0xdd,0xdd,0xdd,0xdd,0xd5,0x00,0x00,0xdf,0x70,0x00,0x00,0x00,0x00,0x06,0xff,0xff,
0xff,0xff,0xff,0xf6,0x00,0x00,0xff,0x30,0x00,0x00,0x00,0x00,0x06,0xfc,0x44,0x44,0x44,0x4c,0xf6,0x00,0x02,0xff,0x00,0x00,
0x00,0x00,0x00,0x06,0xfb,0x00,0x00,0x00,0x0a,0xf6,0x00,0x06,0xfe,0x22,0x22,0x22,0x22,0x20,0x06,0xfb,0x00,0x25,0x20,0x0a,
0xf6,0x00,0x0a,0xff,0xff,0xff,0xff,0xff,0xf2,0x06,0xfb,0x00,0x7f,0x90,0x0a,0xf6,0x00,0x0e,0xff,0xff,0xff,0xff,0xff,0xf2,
0x06,0xfb,0x00,0x7f,0x90,0x0a,0xf6,0x00,0x4f,0xf1,0x00,0x00,0x1f,0xf1,0x00,0x06,0xfb,0x00,0x7f,0x90,0x0a,0xf6,0x00,0xaf,
0xe0,0x00,0x00,0x3f,0xf0,0x00,0x06,0xfb,0x00,0x7f,0x90,0x0a,0xf6,0x01,0xff,0xf2,0x00,0x00,0x4f,0xd0,0x00,0x06,0xfb,0x00,
0x7f,0x90,0x0a,0xf6,0x09,0xff,0xf5,0x00,0x00,0x6f,0xa0,0x00,0x06,0xfb,0x00,0x7f,0x90,0x0a,0xf6,0x3f,0xfd,0xf8,0x00,0x00,
0x8f,0x80,0x00,0x06,0xfb,0x00,0x7f,0x90,0x0a,0xf6,0xcf,0xb5,0xfb,0x00,0x00,0xaf,0x60,0x00,0x06,0xfb,0x00,0x7f,0x90,0x0a,
0xf6,0x8e,0x10,0xff,0x00,0x00,0xcf,0x40,0x00,0x06,0xfb,0x00,0x7f,0x90,0x0a,0xf6,0x03,0x00,0xcf,0x40,0x01,0xff,0x20,0x00,
0x06,0xfb,0x00,0x7f,0x80,0x0a,0xf6,0x00,0x00,0x8f,0xa0,0x07,0xfd,0x00,0x00,0x06,0xfb,0x00,0x8f,0x70,0x0a,0xf6,0x00,0x00,
0x3f,0xf1,0x0c,0xf7,0x00,0x00,0x06,0xfb,0x00,0xaf,0x60,0x0a,0xf6,0x00,0x00,0x0c,0xf8,0x2f,0xf1,0x00,0x00,0x06,0xfb,0x00,
0xbf,0x40,0x0a,0xf6,0x00,0x00,0x05,0xfe,0x8f,0xb0,0x00,0x00,0x06,0xfb,0x00,0xdf,0x30,0x0a,0xf6,0x00,0x00,0x00,0xdf,0xff,
0x50,0x00,0x00,0x06,0xfb,0x01,0xff,0x10,0x0a,0xf6,0x00,0x00,0x00,0x6f,0xfe,0x00,0x00,0x00,0x01,0x21,0x06,0xfc,0x00,0x01,
0x21,0x00,0x00,0x00,0x2f,0xfd,0x00,0x00,0x00,0x00,0x00,0x0b,0xf7,0x09,0x30,0x00,0x00,0x00,0x00,0xdf,0xff,0xb0,0x00,0x00,
0x00,0x00,0x5f,0xf2,0x8f,0xe2,0x00,0x00,0x00,0x0b,0xff,0xaf,0xf9,0x00,0x00,0x00,0x02,0xff,0xb0,0x1d,0xfe,0x20,0x00,0x00,
0x8f,0xf6,0x0a,0xff,0x80,0x00,0x00,0x3d,0xfe,0x10,0x02,0xef,0xd0,0x00,0x1b,0xff,0x80,0x00,0xbf,0xfb,0x10,0x08,0xff,0xf3,
0x00,0x00,0x3f,0xfa,0x02,0xdf,0xfa,0x00,0x00,0x1c,0xff,0xd2,0x4f,0xfe,0x40,0x00,0x00,0x07,0xff,0x2a,0xff,0x70,0x00,0x00,
0x00,0xaf,0xf7,0x0a,0x90,0x00,0x00,0x00,0x00,0xb4,0x02,0xe4,0x00,0x00,0x00,0x00,0x06,0xd0,
/* U+8DEF */
0x00,0x00,0x00,0x00,0x00,0x00,0x00,0x00,0x00,0x10,0x00,0x00,0x00,0x00,0x00,0x00,0x00,0x00,0x00,0x00,0x00,0x00,0x00,0x08,
0xfc,0x00,0x00,0x00,0x00,0x00,0x01,0xdd,0xdd,0xdd,0xdd,0xda,0x00,0x00,0x1f,0xf8,0x00,0x00,0x00,0x00,0x00,0x01,0xff,0xff,
0xff,0xff,0xfc,0x00,0x00,0x8f,0xf9,0x77,0x77,0x77,0x70,0x00,0x01,0xff,0x53,0x33,0x39,0xfc,0x00,0x01,0xff,0xff,0xff,0xff,
0xff,0xf1,0x00,0x01,0xff,0x20,0x00,0x07,0xfc,0x00,0x09,0xff,0x99,0x99,0x99,0xcf,0xe0,0x00,0x01,0xff,0x20,0x00,0x07,0xfc,
0x00,0x8f,0xfb,0x00,0x00,0x00,0xdf,0x60,0x00,0x01,0xff,0x20,0x00,0x07,0xfc,0x08,0xff,0xff,0x50,0x00,0x08,0xfd,0x00,0x00,
0x01,0xff,0x20,0x00,0x07,0xfc,0x7f,0xfc,0x9f,0xe1,0x00,0x3f,0xf5,0x00,0x00,0x01,0xff,0x20,0x00,0x07,0xfc,0x8f,0xc0,0x0c,
0xfc,0x02,0xef,0xa0,0x00,0x00,0x01,0xff,0xfe,0xee,0xef,0xfc,0x08,0x00,0x02,0xff,0x8e,0xfc,0x00,0x00,0x00,0x01,0xff,0xff,
0xff,0xff,0xfc,0x00,0x00,0x00,0x6f,0xff,0xe1,0x00,0x00,0x00,0x00,0x22,0x22,0xaf,0xa2,0x22,0x00,0x00,0x00,0x5f,0xff,0xa0,
0x00,0x00,0x00,0x00,0x00,0x00,0x9f,0x90,0x00,0x00,0x00,0x1b,0xff,0xef,0xfd,0x40,0x00,0x00,0x00,0x00,0x00,0x9f,0x90,0x00,
0x00,0x06,0xef,0xf9,0x05,0xff,0xf9,0x10,0x00,0x00,0x66,0x00,0x9f,0x90,0x00,0x07,0xef,0xfe,0x40,0x00,0x1c,0xff,0xfb,0x40,
0x00,0xff,0x00,0x9f,0x90,0x02,0xef,0xff,0x81,0x00,0x00,0x00,0x6d,0xff,0xfb,0x00,0xff,0x00,0x9f,0xda,0xa9,0xaf,0x81,0x00,
0x00,0x00,0x00,0x00,0x4b,0xf2,0x00,0xff,0x00,0x9f,0xff,0xfe,0x01,0x5c,0xcc,0xcc,0xcc,0xcc,0xcc,0xc0,0x00,0x00,0xff,0x00,
0x9f,0xc8,0x87,0x00,0x7f,0xff,0xff,0xff,0xff,0xff,0xf0,0x00,0x00,0xff,0x00,0x9f,0x90,0x00,0x00,0x7f,0xd4,0x44,0x44,0x44,
0x6f,0xf0,0x00,0x00,0xff,0x00,0x9f,0x90,0x00,0x00,0x7f,0xc0,0x00,0x00,0x00,0x2f,0xf0,0x00,0x00,0xff,0x00,0x9f,0x90,0x00,
0x00,0x7f,0xc0,0x00,0x00,0x00,0x2f,0xf0,0x00,0x00,0xff,0x00,0x9f,0x90,0x00,0x00,0x7f,0xc0,0x00,0x00,0x00,0x2f,0xf0,0x00,
0x00,0xff,0x00,0x9f,0x90,0x38,0x80,0x7f,0xc0,0x00,0x00,0x00,0x2f,0xf0,0x00,0x00,0xff,0x00,0x9f,0xdd,0xff,0xa0,0x7f,0xc0,
0x00,0x00,0x00,0x2f,0xf0,0x00,0x00,0xff,0x7a,0xef,0xff,0xfc,0x50,0x7f,0xd6,0x66,0x66,0x66,0x8f,0xf0,0x00,0x4a,0xff,0xff,
0xff,0xc6,0x10,0x00,0x7f,0xff,0xff,0xff,0xff,0xff,0xf0,0x00,0x6f,0xff,0xea,0x61,0x00,0x00,0x00,0x7f,0xeb,0xbb,0xbb,0xbb,
0xbf,0xf0,0x00,0x2b,0x72,0x00,0x00,0x00,0x00,0x00,0x7f,0xc0,0x00,0x00,0x00,0x2f,0xf0,0x00,0x00,0x00,0x00,0x00,0x00,0x00,
0x00,0x01,0x10,0x00,0x00,0x00,0x01,0x10,0x00,
/* U+8EAB */
0x00,0x00,0x00,0x00,0x00,0x01,0x53,0x00,0x00,0x00,0x00,0x00,0x00,0x00,0x00,0x00,0x00,0x00,0x00,0x00,0x7f,0xf0,0x00,0x00,
0x00,0x00,0x00,0x00,0x00,0x00,0x00,0x00,0x00,0x00,0x0c,0xfa,0x00,0x00,0x00,0x00,0x00,0x00,0x00,0x00,0x00,0x04,0x77,0x77,
0x77,0xff,0xa7,0x77,0x77,0x77,0x74,0x00,0x00,0x00,0x00,0x00,0x9f,0xff,0xff,0xff,0xff,0xff,0xff,0xff,0xff,0xa0,0x00,0x00,
0x00,0x00,0x09,0xfe,0x99,0x99,0x99,0x99,0x99,0x99,0x9d,0xfa,0x00,0x00,0x00,0x00,0x00,0x9f,0xb0,0x00,0x00,0x00,0x00,0x00,
0x00,0xaf,0xa0,0x00,0x00,0x00,0x00,0x09,0xfb,0x00,0x00,0x00,0x00,0x00,0x00,0x0a,0xfa,0x00,0x00,0x00,0x00,0x00,0x9f,0xd6,
0x66,0x66,0x66,0x66,0x66,0x66,0xcf,0xa0,0x00,0x00,0x00,0x00,0x09,0xff,0xff,0xff,0xff,0xff,0xff,0xff,0xff,0xfa,0x00,0x00,
0x00,0x00,0x00,0x9f,0xe8,0x88,0x88,0x88,0x88,0x88,0x88,0xdf,0xa0,0x00,0x00,0x00,0x00,0x09,0xfb,0x00,0x00,0x00,0x00,0x00,
0x00,0x0a,0xfa,0x00,0x00,0x00,0x00,0x00,0x9f,0xb0,0x00,0x00,0x00,0x00,0x00,0x00,0xaf,0xa0,0x01,0xd6,0x00,0x00,0x09,0xfe,
0x99,0x99,0x99,0x99,0x99,0x99,0x9d,0xfa,0x00,0x8f,0xf1,0x00,0x00,0x9f,0xff,0xff,0xff,0xff,0xff,0xff,0xff,0xff,0xa0,0x1f,
0xf6,0x00,0x00,0x09,0xfd,0x66,0x66,0x66,0x66,0x66,0x66,0x6c,0xfa,0x0b,0xfc,0x00,0x00,0x00,0x9f,0xb0,0x00,0x00,0x00,0x00,
0x00,0x00,0xaf,0xa7,0xff,0x30,0x00,0x00,0x09,0xfb,0x00,0x00,0x00,0x00,0x00,0x00,0x0a,0xfd,0xff,0x70,0x00,0x25,0x55,0xbf,
0xd5,0x55,0x55,0x55,0x55,0x55,0x55,0xcf,0xff,0x90,0x00,0x06,0xff,0xff,0xff,0xff,0xff,0xff,0xff,0xff,0xff,0xff,0xff,0xa0,
0x00,0x00,0x4c,0xcc,0xcc,0xcc,0xcc,0xcc,0xcc,0xcc,0xcc,0xcf,0xff,0xc0,0x00,0x00,0x00,0x00,0x00,0x00,0x00,0x00,0x00,0x00,
0x00,0x1a,0xff,0xfa,0x00,0x00,0x00,0x00,0x00,0x00,0x00,0x00,0x00,0x00,0x00,0x7f,0xff,0xef,0xa0,0x00,0x00,0x00,0x00,0x00,
0x00,0x00,0x00,0x00,0x06,0xdf,0xfd,0x2a,0xfa,0x00,0x00,0x00,0x00,0x00,0x00,0x00,0x00,0x03,0x9f,0xff,0xe6,0x00,0xaf,0xa0,
0x00,0x00,0x00,0x00,0x00,0x00,0x04,0x9e,0xff,0xfe,0x60,0x00,0x0a,0xfa,0x00,0x00,0x00,0x00,0x01,0x47,0xbf,0xff,0xff,0xb4,
0x00,0x00,0x00,0xaf,0xa0,0x00,0x00,0x00,0xad,0xff,0xff,0xff,0xb7,0x10,0x00,0x00,0x00,0x0c,0xf9,0x00,0x00,0x00,0x0b,0xff,
0xfd,0x95,0x00,0x00,0x00,0x00,0xbe,0xde,0xff,0x50,0x00,0x00,0x00,0x37,0x30,0x00,0x00,0x00,0x00,0x00,0x08,0xff,0xff,0xc0,
0x00,0x00,0x00,0x00,0x00,0x00,0x00,0x00,0x00,0x00,0x00,0x14,0x44,0x10,0x00,0x00,0x00,0x00,
/* U+8F7B */
0x00,0x00,0x01,0x00,0x00,0x00,0x00,0x00,0x00,0x00,0x00,0x00,0x00,0x00,0x00,0x00,0x00,0x0c,0xf6,0x00,0x00,0x00,0x00,0x00,
0x00,0x00,0x00,0x00,0x00,0x00,0x00,0x00,0x0f,0xf4,0x00,0x00,0x00,0x77,0x77,0x77,0x77,0x77,0x77,0x30,0x00,0x00,0x00,0x3f,
0xf0,0x00,0x00,0x00,0xff,0xff,0xff,0xff,0xff,0xff,0x70,0x00,0x12,0x22,0x8f,0xd2,0x22,0x22,0x20,0xbb,0xbb,0xbb,0xbb,0xbc,
0xff,0x50,0x00,0x7f,0xff,0xff,0xff,0xff,0xff,0xc0,0x00,0x00,0x00,0x00,0x0a,0xfd,0x00,0x00,0x7f,0xff,0xff,0xff,0xff,0xff,
0xc0,0x00,0x00,0x00,0x00,0x4f,0xf6,0x00,0x00,0x01,0x14,0xff,0x11,0x11,0x11,0x00,0x00,0x00,0x00,0x01,0xef,0xc0,0x00,0x00,
0x00,0x08,0xfa,0x00,0x00,0x00,0x00,0x00,0x00,0x00,0x1d,0xff,0x20,0x00,0x00,0x00,0x0d,0xf5,0x04,0x40,0x00,0x00,0x00,0x00,
0x01,0xdf,0xf9,0x00,0x00,0x00,0x00,0x3f,0xf0,0x1f,0xf2,0x00,0x00,0x00,0x00,0x3e,0xff,0xff,0x90,0x00,0x00,0x00,0x8f,0xa0,
0x1f,0xf2,0x00,0x00,0x00,0x08,0xff,0xf5,0x8f,0xfd,0x30,0x00,0x00,0xef,0x30,0x1f,0xf2,0x00,0x00,0x05,0xdf,0xfd,0x20,0x04,
0xef,0xf6,0x00,0x06,0xfd,0x00,0x1f,0xf2,0x00,0x05,0xdf,0xff,0x90,0x00,0x00,0x1b,0xff,0x90,0x0d,0xfa,0x55,0x6f,0xf7,0x55,
0x3d,0xff,0xb2,0x00,0x00,0x00,0x00,0x9f,0xf4,0x0c,0xff,0xff,0xff,0xff,0xff,0x92,0xb3,0x00,0x00,0x00,0x00,0x00,0x08,0x70,
0x07,0xdd,0xdd,0xdf,0xfd,0xdd,0x70,0x00,0x00,0x00,0x00,0x00,0x00,0x00,0x00,0x00,0x00,0x00,0x1f,0xf2,0x00,0x00,0xaa,0xaa,
0xaa,0xaa,0xaa,0xaa,0xaa,0x00,0x00,0x00,0x00,0x1f,0xf2,0x00,0x00,0xff,0xff,0xff,0xff,0xff,0xff,0xff,0x00,0x00,0x00,0x00,
0x1f,0xf2,0x00,0x00,0x99,0x99,0x9b,0xff,0x99,0x99,0x99,0x00,0x00,0x00,0x00,0x1f,0xf2,0x01,0x43,0x00,0x00,0x04,0xff,0x00,
0x00,0x00,0x00,0x00,0x00,0x00,0x2f,0xfb,0xdf,0xf7,0x00,0x00,0x04,0xff,0x00,0x00,0x00,0x00,0x16,0x8a,0xcf,0xff,0xff,0xff,
0xd5,0x00,0x00,0x04,0xff,0x00,0x00,0x00,0x00,0x4f,0xff,0xff,0xff,0xf9,0x41,0x00,0x00,0x00,0x04,0xff,0x00,0x00,0x00,0x00,
0x2e,0xb9,0x64,0x2f,0xf2,0x00,0x00,0x00,0x00,0x04,0xff,0x00,0x00,0x00,0x00,0x00,0x00,0x00,0x1f,0xf2,0x00,0x00,0x00,0x00,
0x04,0xff,0x00,0x00,0x00,0x00,0x00,0x00,0x00,0x1f,0xf2,0x00,0x11,0x11,0x11,0x15,0xff,0x11,0x11,0x11,0x10,0x00,0x00,0x00,
0x1f,0xf2,0x00,0xdf,0xff,0xff,0xff,0xff,0xff,0xff,0xff,0xf6,0x00,0x00,0x00,0x1f,0xf2,0x00,0xdf,0xff,0xff,0xff,0xff,0xff,
0xff,0xff,0xf6,0x00,0x00,0x00,0x1f,0xf2,0x00,0x11,0x11,0x11,0x11,0x11,0x11,0x11,0x11,0x10,0x00,0x00,0x00,0x01,0x10,0x00,
0x00,0x00,0x00,0x00,0x00,0x00,0x00,0x00,0x00,
/* U+8FB9 */
0x00,0x00,0x00,0x00,0x00,0x00,0x00,0x00,0x11,0x10,0x00,0x00,0x00,0x00,0x00,0x00,0x43,0x00,0x00,0x00,0x00,0x00,0x00,0x8f,
0xc0,0x00,0x00,0x00,0x00,0x00,0x04,0xff,0x50,0x00,0x00,0x00,0x00,0x00,0x8f,0xc0,0x00,0x00,0x00,0x00,0x00,0x01,0xdf,0xf8,
0x00,0x00,0x00,0x00,0x00,0x8f,0xc0,0x00,0x00,0x00,0x00,0x00,0x00,0x0b,0xff,0x90,0x00,0x00,0x00,0x00,0x8f,0xc0,0x00,0x00,
0x00,0x00,0x00,0x00,0x00,0x9f,0xf9,0x00,0x00,0x00,0x00,0x9f,0xc0,0x00,0x00,0x00,0x00,0x00,0x00,0x00,0x0a,0xff,0x20,0xaf,
0xff,0xff,0xff,0xff,0xff,0xff,0xff,0xff,0x00,0x00,0x00,0x00,0xa4,0x00,0xaf,0xff,0xff,0xff,0xff,0xff,0xff,0xff,0xff,0x00,
0x00,0x00,0x00,0x00,0x00,0x12,0x22,0x22,0xbf,0xc2,0x22,0x22,0x26,0xff,0x00,0x00,0x00,0x00,0x00,0x00,0x00,0x00,0x00,0xbf,
0x90,0x00,0x00,0x05,0xff,0x00,0x00,0x00,0x00,0x00,0x00,0x00,0x00,0x00,0xdf,0x70,0x00,0x00,0x05,0xfe,0x00,0x01,0x11,0x11,
0x10,0x00,0x00,0x00,0x00,0xff,0x50,0x00,0x00,0x05,0xfe,0x00,0x4f,0xff,0xff,0xf8,0x00,0x00,0x00,0x01,0xff,0x30,0x00,0x00,
0x06,0xfd,0x00,0x4f,0xff,0xff,0xf8,0x00,0x00,0x00,0x05,0xff,0x10,0x00,0x00,0x07,0xfc,0x00,0x02,0x22,0x2b,0xf8,0x00,0x00,
0x00,0x0a,0xfc,0x00,0x00,0x00,0x07,0xfb,0x00,0x00,0x00,0x0b,0xf8,0x00,0x00,0x00,0x0f,0xf7,0x00,0x00,0x00,0x08,0xfa,0x00,
0x00,0x00,0x0b,0xf8,0x00,0x00,0x00,0x4f,0xf1,0x00,0x00,0x00,0x09,0xf9,0x00,0x00,0x00,0x0b,0xf8,0x00,0x00,0x00,0xcf,0xc0,
0x00,0x00,0x00,0x0b,0xf7,0x00,0x00,0x00,0x0b,0xf8,0x00,0x00,0x06,0xff,0x50,0x00,0x00,0x00,0x0d,0xf5,0x00,0x00,0x00,0x0b,
0xf8,0x00,0x00,0x1e,0xfb,0x00,0x00,0x00,0x00,0x0f,0xf3,0x00,0x00,0x00,0x0b,0xf8,0x00,0x00,0xaf,0xf2,0x00,0x00,0x00,0x00,
0x8f,0xf0,0x00,0x00,0x00,0x0b,0xf8,0x00,0x0a,0xff,0x80,0x00,0x00,0x00,0x05,0xff,0xa0,0x00,0x00,0x00,0x0b,0xf8,0x00,0xbf,
0xf9,0x00,0x00,0x0c,0xbc,0xff,0xfd,0x10,0x00,0x00,0x00,0x0b,0xf8,0x01,0xcf,0x90,0x00,0x00,0x0b,0xff,0xff,0xc1,0x00,0x00,
0x00,0x00,0xbf,0xfe,0x30,0x06,0x00,0x00,0x00,0x02,0x66,0x40,0x00,0x00,0x00,0x00,0x0c,0xff,0xef,0xf7,0x00,0x00,0x00,0x00,
0x00,0x00,0x00,0x00,0x00,0x00,0x00,0xaf,0xf4,0x08,0xff,0xa2,0x00,0x00,0x00,0x00,0x00,0x00,0x00,0x00,0x00,0x06,0xff,0x50,
0x00,0x6f,0xff,0xec,0xba,0x99,0x99,0x88,0x89,0x99,0x99,0xa6,0x1f,0xfa,0x00,0x00,0x03,0xaf,0xff,0xff,0xff,0xff,0xff,0xff,
0xff,0xff,0xf6,0x07,0xe1,0x00,0x00,0x00,0x00,0x36,0x78,0x89,0x99,0x99,0x99,0x99,0x99,0x92,0x00,0x10,0x00,0x00,0x00,0x00,
0x00,0x00,0x00,0x00,0x00,0x00,0x00,0x00,0x00,
/* U+8FC8 */
0x00,0x43,0x00,0x00,0x00,0x00,0x00,0x00,0x00,0x00,0x00,0x00,0x00,0x00,0x00,0x04,0xff,0x50,0x00,0x00,0x45,0x55,0x55,0x55,
0x55,0x55,0x55,0x55,0x55,0x50,0x01,0xdf,0xf8,0x00,0x00,0xef,0xff,0xff,0xff,0xff,0xff,0xff,0xff,0xff,0xf2,0x00,0x0b,0xff,
0x90,0x00,0xcd,0xdd,0xdf,0xfe,0xdd,0xdd,0xdd,0xdd,0xdd,0xd1,0x00,0x00,0x9f,0xf9,0x00,0x00,0x00,0x0a,0xf8,0x00,0x00,0x00,
0x00,0x00,0x00,0x00,0x00,0x0a,0xff,0x20,0x00,0x00,0x0a,0xf8,0x00,0x00,0x00,0x00,0x00,0x00,0x00,0x00,0x00,0xa4,0x00,0x00,
0x00,0x0b,0xf8,0x00,0x00,0x00,0x00,0x00,0x00,0x00,0x00,0x00,0x00,0x00,0x00,0x00,0x0c,0xf8,0x00,0x00,0x00,0x00,0x00,0x00,
0x00,0x00,0x00,0x00,0x00,0x00,0x00,0x0d,0xf9,0x44,0x44,0x44,0x44,0x40,0x00,0x00,0x00,0x00,0x00,0x00,0x00,0x00,0x0e,0xff,
0xff,0xff,0xff,0xff,0xf0,0x00,0x01,0x11,0x11,0x10,0x00,0x00,0x00,0x0f,0xfe,0xdd,0xdd,0xdd,0xef,0xe0,0x00,0x4f,0xff,0xff,
0xf8,0x00,0x00,0x00,0x1f,0xf2,0x00,0x00,0x00,0x4f,0xe0,0x00,0x4f,0xff,0xff,0xf8,0x00,0x00,0x00,0x5f,0xf0,0x00,0x00,0x00,
0x5f,0xe0,0x00,0x02,0x22,0x2b,0xf8,0x00,0x00,0x00,0x9f,0xc0,0x00,0x00,0x00,0x5f,0xd0,0x00,0x00,0x00,0x0b,0xf8,0x00,0x00,
0x00,0xdf,0x90,0x00,0x00,0x00,0x6f,0xd0,0x00,0x00,0x00,0x0b,0xf8,0x00,0x00,0x01,0xff,0x40,0x00,0x00,0x00,0x6f,0xc0,0x00,
0x00,0x00,0x0b,0xf8,0x00,0x00,0x07,0xfe,0x00,0x00,0x00,0x00,0x7f,0xb0,0x00,0x00,0x00,0x0b,0xf8,0x00,0x00,0x0e,0xf9,0x00,
0x00,0x00,0x00,0x7f,0xb0,0x00,0x00,0x00,0x0b,0xf8,0x00,0x00,0x6f,0xf3,0x00,0x00,0x00,0x00,0x8f,0xa0,0x00,0x00,0x00,0x0b,
0xf8,0x00,0x00,0xdf,0xa0,0x00,0x00,0x00,0x00,0xaf,0x80,0x00,0x00,0x00,0x0b,0xf8,0x00,0x0a,0xff,0x10,0x00,0x00,0x00,0x01,
0xff,0x60,0x00,0x00,0x00,0x0b,0xf8,0x00,0x7f,0xf7,0x00,0x00,0x04,0x34,0x6c,0xff,0x10,0x00,0x00,0x00,0x0b,0xf8,0x00,0xbf,
0xa0,0x00,0x00,0x0e,0xff,0xff,0xf8,0x00,0x00,0x00,0x00,0xbf,0xfe,0x30,0x07,0x00,0x00,0x00,0x07,0xbb,0xa8,0x30,0x00,0x00,
0x00,0x0c,0xff,0xef,0xf6,0x00,0x00,0x00,0x00,0x00,0x00,0x00,0x00,0x00,0x00,0x00,0xaf,0xf4,0x08,0xff,0xa2,0x00,0x00,0x00,
0x00,0x00,0x00,0x00,0x00,0x00,0x06,0xff,0x60,0x00,0x6f,0xff,0xec,0xb9,0x99,0x99,0x88,0x89,0x99,0x99,0xa6,0x1f,0xfa,0x00,
0x00,0x03,0xaf,0xff,0xff,0xff,0xff,0xff,0xff,0xff,0xff,0xf6,0x08,0xe1,0x00,0x00,0x00,0x00,0x36,0x78,0x89,0x99,0x99,0x99,
0x99,0x99,0x92,0x00,0x20,0x00,0x00,0x00,0x00,0x00,0x00,0x00,0x00,0x00,0x00,0x00,0x00,0x00,
/* U+8FD1 */
0x03,0x50,0x00,0x00,0x00,0x00,0x00,0x00,0x00,0x00,0x03,0x69,0xc1,0x00,0x02,0xef,0x70,0x00,0x00,0x00,0x13,0x45,0x67,0x8a,
0xdf,0xff,0xff,0x90,0x00,0x0a,0xff,0x90,0x00,0x00,0x07,0xff,0xff,0xff,0xff,0xff,0xc9,0x63,0x00,0x00,0x09,0xff,0xa0,0x00,
0x00,0x7f,0xfc,0xa9,0x86,0x53,0x00,0x00,0x00,0x00,0x00,0x08,0xff,0x90,0x00,0x07,0xfa,0x00,0x00,0x00,0x00,0x00,0x00,0x00,
0x00,0x00,0x09,0xff,0x30,0x00,0x7f,0xa0,0x00,0x00,0x00,0x00,0x00,0x00,0x00,0x00,0x00,0x0a,0x50,0x00,0x07,0xfa,0x00,0x00,
0x00,0x00,0x00,0x00,0x00,0x00,0x00,0x00,0x00,0x00,0x00,0x7f,0xa0,0x00,0x00,0x00,0x00,0x00,0x00,0x00,0x00,0x00,0x00,0x00,
0x00,0x07,0xfb,0x22,0x22,0x22,0x22,0x22,0x22,0x22,0x00,0x00,0x00,0x00,0x00,0x00,0x7f,0xff,0xff,0xff,0xff,0xff,0xff,0xff,
0xb0,0x00,0x00,0x00,0x00,0x00,0x07,0xff,0xff,0xff,0xff,0xff,0xff,0xff,0xfb,0x0f,0xff,0xff,0xfa,0x00,0x00,0x9f,0x80,0x00,
0x00,0x2f,0xf2,0x00,0x00,0x00,0xff,0xff,0xff,0xa0,0x00,0x0a,0xf6,0x00,0x00,0x01,0xff,0x20,0x00,0x00,0x01,0x11,0x18,0xfa,
0x00,0x00,0xbf,0x30,0x00,0x00,0x1f,0xf2,0x00,0x00,0x00,0x00,0x00,0x7f,0xa0,0x00,0x0e,0xf1,0x00,0x00,0x01,0xff,0x20,0x00,
0x00,0x00,0x00,0x07,0xfa,0x00,0x01,0xfe,0x00,0x00,0x00,0x1f,0xf2,0x00,0x00,0x00,0x00,0x00,0x7f,0xa0,0x00,0x5f,0xb0,0x00,
0x00,0x01,0xff,0x20,0x00,0x00,0x00,0x00,0x07,0xfa,0x00,0x09,0xf9,0x00,0x00,0x00,0x1f,0xf2,0x00,0x00,0x00,0x00,0x00,0x7f,
0xa0,0x00,0xff,0x40,0x00,0x00,0x01,0xff,0x20,0x00,0x00,0x00,0x00,0x07,0xfa,0x00,0x5f,0xd0,0x00,0x00,0x00,0x1f,0xf2,0x00,
0x00,0x00,0x00,0x00,0x7f,0xa0,0x0d,0xf5,0x00,0x00,0x00,0x01,0xff,0x20,0x00,0x00,0x00,0x00,0x07,0xfa,0x07,0xfd,0x00,0x00,
0x00,0x00,0x1f,0xf2,0x00,0x00,0x00,0x00,0x00,0x7f,0xa0,0x2e,0x60,0x00,0x00,0x00,0x01,0xff,0x20,0x00,0x00,0x00,0x00,0x6f,
0xff,0x40,0x20,0x00,0x00,0x00,0x00,0x1f,0xf2,0x00,0x00,0x00,0x00,0x8f,0xfe,0xff,0x60,0x00,0x00,0x00,0x00,0x00,0x77,0x10,
0x00,0x00,0x00,0x5f,0xf7,0x06,0xff,0x91,0x00,0x00,0x00,0x00,0x00,0x00,0x00,0x00,0x00,0x2f,0xf9,0x00,0x05,0xff,0xfd,0xb9,
0x88,0x88,0x77,0x77,0x88,0x88,0x89,0x5c,0xfd,0x00,0x00,0x03,0xbf,0xff,0xff,0xff,0xff,0xff,0xff,0xff,0xff,0xf5,0x3e,0x30,
0x00,0x00,0x00,0x14,0x67,0x89,0x99,0xaa,0xaa,0xaa,0xaa,0xaa,0x10,
/* U+8FD9 */
0x00,0x00,0x00,0x00,0x00,0x00,0x00,0x00,0x01,0x00,0x00,0x00,0x00,0x00,0x00,0x34,0x00,0x00,0x00,0x00,0x00,0x00,0x0e,0xf5,
0x00,0x00,0x00,0x00,0x00,0x3e,0xf6,0x00,0x00,0x00,0x00,0x00,0x00,0xbf,0xa0,0x00,0x00,0x00,0x00,0x01,0xbf,0xf9,0x00,0x00,
0x00,0x00,0x00,0x06,0xff,0x00,0x00,0x00,0x00,0x00,0x00,0x9f,0xfb,0x00,0x00,0x00,0x00,0x00,0x1f,0xf4,0x00,0x00,0x00,0x00,
0x00,0x00,0x7f,0xfb,0x00,0x47,0x77,0x77,0x77,0xef,0xb7,0x77,0x77,0x77,0x50,0x00,0x00,0x7f,0xf3,0x09,0xff,0xff,0xff,0xff,
0xff,0xff,0xff,0xff,0xfb,0x00,0x00,0x00,0x74,0x00,0x7c,0xcc,0xcc,0xcc,0xcc,0xcc,0xcd,0xff,0xcc,0x80,0x00,0x00,0x00,0x00,
0x00,0x00,0x00,0x00,0x00,0x00,0x00,0xaf,0xa0,0x00,0x00,0x00,0x00,0x00,0x00,0x00,0x00,0x00,0x00,0x00,0x00,0x0f,0xf4,0x00,
0x00,0x00,0x00,0x00,0x00,0x00,0x07,0xd2,0x00,0x00,0x00,0x05,0xfe,0x00,0x00,0x00,0x00,0x00,0x00,0x00,0x01,0xef,0xf5,0x00,
0x00,0x00,0xaf,0x90,0x00,0x00,0xff,0xff,0xff,0xa0,0x00,0x02,0xdf,0xf8,0x00,0x00,0x2f,0xf4,0x00,0x00,0x0f,0xff,0xff,0xfa,
0x00,0x00,0x00,0xaf,0xfb,0x10,0x0a,0xfc,0x00,0x00,0x00,0x11,0x11,0x8f,0xa0,0x00,0x00,0x00,0x7f,0xfe,0x33,0xff,0x40,0x00,
0x00,0x00,0x00,0x07,0xfa,0x00,0x00,0x00,0x00,0x4f,0xff,0xdf,0xb0,0x00,0x00,0x00,0x00,0x00,0x7f,0xa0,0x00,0x00,0x00,0x00,
0x2d,0xff,0xf3,0x00,0x00,0x00,0x00,0x00,0x07,0xfa,0x00,0x00,0x00,0x00,0x00,0x6f,0xff,0x90,0x00,0x00,0x00,0x00,0x00,0x7f,
0xa0,0x00,0x00,0x00,0x00,0x7f,0xfe,0xff,0x90,0x00,0x00,0x00,0x00,0x07,0xfa,0x00,0x00,0x00,0x00,0x9f,0xfb,0x09,0xff,0xa0,
0x00,0x00,0x00,0x00,0x7f,0xa0,0x00,0x00,0x01,0xbf,0xfa,0x00,0x08,0xff,0xb0,0x00,0x00,0x00,0x07,0xfa,0x00,0x00,0x18,0xff,
0xf9,0x00,0x00,0x07,0xff,0xb0,0x00,0x00,0x00,0x7f,0xa0,0x02,0x9f,0xff,0xf7,0x00,0x00,0x00,0x07,0xff,0xc0,0x00,0x00,0x07,
0xfa,0x01,0xff,0xff,0x91,0x00,0x00,0x00,0x00,0x09,0xff,0x70,0x00,0x06,0xff,0xf4,0x07,0xf9,0x10,0x00,0x00,0x00,0x00,0x00,
0x0a,0x90,0x00,0x08,0xff,0xef,0xf7,0x01,0x00,0x00,0x00,0x00,0x00,0x00,0x00,0x00,0x00,0x05,0xff,0x70,0x6f,0xfa,0x20,0x00,
0x00,0x00,0x00,0x00,0x00,0x00,0x00,0x02,0xff,0x90,0x00,0x5f,0xff,0xdb,0x98,0x88,0x87,0x77,0x88,0x88,0x99,0xa5,0xcf,0xd0,
0x00,0x00,0x3b,0xff,0xff,0xff,0xff,0xff,0xff,0xff,0xff,0xff,0x43,0xe3,0x00,0x00,0x00,0x00,0x36,0x78,0x99,0x99,0x99,0x99,
0x99,0x99,0x90,
/* U+8FDB */
0x00,0x00,0x00,0x00,0x00,0x00,0x01,0x22,0x00,0x00,0x02,0x20,0x00,0x00,0x00,0x24,0x00,0x00,0x00,0x00,0x00,0x7f,0xb0,0x00,
0x03,0xff,0x00,0x00,0x00,0x2e,0xf7,0x00,0x00,0x00,0x00,0x07,0xfb,0x00,0x00,0x3f,0xf0,0x00,0x00,0x00,0xbf,0xfa,0x00,0x00,
0x00,0x00,0x7f,0xb0,0x00,0x03,0xff,0x00,0x00,0x00,0x00,0x9f,0xfb,0x00,0x00,0x00,0x07,0xfb,0x00,0x00,0x3f,0xf0,0x00,0x00,
0x00,0x00,0x7f,0xfb,0x00,0x01,0x11,0x8f,0xc1,0x11,0x14,0xff,0x11,0x11,0x00,0x00,0x00,0x7f,0xf4,0x04,0xff,0xff,0xff,0xff,
0xff,0xff,0xff,0xff,0xf1,0x00,0x00,0x00,0x85,0x00,0x4f,0xff,0xff,0xff,0xff,0xff,0xff,0xff,0xff,0x10,0x00,0x00,0x00,0x00,
0x00,0x00,0x08,0xfb,0x00,0x00,0x4f,0xf1,0x00,0x00,0x00,0x00,0x00,0x00,0x00,0x00,0x00,0x7f,0xb0,0x00,0x03,0xff,0x00,0x00,
0x00,0x00,0x00,0x00,0x00,0x00,0x00,0x07,0xfb,0x00,0x00,0x3f,0xf0,0x00,0x00,0x00,0x00,0x00,0x00,0x00,0x00,0x00,0x8f,0xa0,
0x00,0x03,0xff,0x00,0x00,0x00,0xff,0xff,0xff,0xa0,0x00,0x00,0x09,0xf9,0x00,0x00,0x3f,0xf0,0x00,0x00,0x0f,0xff,0xff,0xfa,
0x00,0x00,0x00,0xaf,0x80,0x00,0x03,0xff,0x00,0x00,0x00,0x11,0x11,0x8f,0xa0,0x39,0x99,0x9e,0xfc,0x99,0x99,0xaf,0xf9,0x99,
0x99,0x10,0x00,0x07,0xfa,0x06,0xff,0xff,0xff,0xff,0xff,0xff,0xff,0xff,0xff,0xf1,0x00,0x00,0x7f,0xa0,0x39,0x99,0xbf,0xf9,
0x99,0x99,0xaf,0xf9,0x99,0x99,0x10,0x00,0x07,0xfa,0x00,0x00,0x08,0xfc,0x00,0x00,0x03,0xff,0x00,0x00,0x00,0x00,0x00,0x7f,
0xa0,0x00,0x00,0xef,0x60,0x00,0x00,0x3f,0xf0,0x00,0x00,0x00,0x00,0x07,0xfa,0x00,0x00,0x4f,0xf0,0x00,0x00,0x03,0xff,0x00,
0x00,0x00,0x00,0x00,0x7f,0xa0,0x00,0x0b,0xfa,0x00,0x00,0x00,0x3f,0xf0,0x00,0x00,0x00,0x00,0x07,0xfa,0x00,0x09,0xff,0x30,
0x00,0x00,0x03,0xff,0x00,0x00,0x00,0x00,0x00,0x7f,0xa0,0x08,0xff,0x70,0x00,0x00,0x00,0x3f,0xf0,0x00,0x00,0x00,0x00,0x07,
0xfa,0x01,0xff,0x90,0x00,0x00,0x00,0x03,0xff,0x00,0x00,0x00,0x00,0x06,0xff,0xf4,0x05,0xa0,0x00,0x00,0x00,0x00,0x3f,0xf0,
0x00,0x00,0x00,0x08,0xff,0xef,0xf7,0x00,0x00,0x00,0x00,0x00,0x02,0xcc,0x00,0x00,0x00,0x05,0xff,0x70,0x6f,0xfa,0x20,0x00,
0x00,0x00,0x00,0x00,0x00,0x00,0x00,0x02,0xff,0x90,0x00,0x5f,0xff,0xdb,0x98,0x88,0x87,0x77,0x88,0x88,0x99,0xa5,0xcf,0xd0,
0x00,0x00,0x3b,0xff,0xff,0xff,0xff,0xff,0xff,0xff,0xff,0xff,0x43,0xe3,0x00,0x00,0x00,0x00,0x36,0x78,0x99,0x99,0x99,0x99,
0x99,0x99,0x90,
/* U+9002 */
0x00,0x55,0x00,0x00,0x00,0x00,0x00,0x00,0x00,0x00,0x00,0x00,0x49,0xb0,0x00,0x04,0xff,0x80,0x00,0x00,0x00,0x00,0x00,0x00,
0x01,0x48,0xbe,0xff,0xf6,0x00,0x00,0xaf,0xfa,0x00,0x00,0x67,0x78,0x8a,0xbd,0xff,0xff,0xff,0xfb,0x50,0x00,0x00,0x07,0xff,
0xb0,0x00,0xbf,0xff,0xff,0xff,0xff,0xfb,0x84,0x10,0x00,0x00,0x00,0x00,0x5f,0xfa,0x00,0x4a,0x98,0x76,0x55,0xcf,0x70,0x00,
0x00,0x00,0x00,0x00,0x00,0x06,0xff,0x20,0x00,0x00,0x00,0x00,0xbf,0x70,0x00,0x00,0x00,0x00,0x00,0x00,0x00,0x63,0x00,0x00,
0x00,0x00,0x00,0xbf,0x70,0x00,0x00,0x00,0x00,0x00,0x00,0x00,0x00,0x00,0x00,0x00,0x00,0x00,0xbf,0x70,0x00,0x00,0x00,0x00,
0x00,0x00,0x00,0x00,0x00,0x33,0x33,0x33,0x33,0xcf,0x93,0x33,0x33,0x33,0x30,0x00,0x00,0x00,0x00,0x00,0xff,0xff,0xff,0xff,
0xff,0xff,0xff,0xff,0xff,0xe0,0x00,0x00,0x00,0x00,0x00,0xee,0xee,0xee,0xee,0xff,0xfe,0xee,0xee,0xee,0xc0,0x4f,0xff,0xff,
0xf6,0x00,0x00,0x00,0x00,0x00,0xbf,0x70,0x00,0x00,0x00,0x00,0x4f,0xff,0xff,0xf6,0x00,0x00,0x00,0x00,0x00,0xbf,0x70,0x00,
0x00,0x00,0x00,0x01,0x11,0x1b,0xf6,0x00,0x00,0x00,0x00,0x00,0xbf,0x70,0x00,0x00,0x00,0x00,0x00,0x00,0x0b,0xf6,0x00,0x00,
0x23,0x33,0x33,0xcf,0x93,0x33,0x33,0x20,0x00,0x00,0x00,0x0b,0xf6,0x00,0x00,0xef,0xff,0xff,0xff,0xff,0xff,0xff,0xa0,0x00,
0x00,0x00,0x0b,0xf6,0x00,0x00,0xef,0xdd,0xdd,0xdd,0xdd,0xdd,0xef,0xa0,0x00,0x00,0x00,0x0b,0xf6,0x00,0x00,0xef,0x40,0x00,
0x00,0x00,0x00,0x8f,0xa0,0x00,0x00,0x00,0x0b,0xf6,0x00,0x00,0xef,0x40,0x00,0x00,0x00,0x00,0x8f,0xa0,0x00,0x00,0x00,0x0b,
0xf6,0x00,0x00,0xef,0x40,0x00,0x00,0x00,0x00,0x8f,0xa0,0x00,0x00,0x00,0x0b,0xf6,0x00,0x00,0xef,0x40,0x00,0x00,0x00,0x00,
0x8f,0xa0,0x00,0x00,0x00,0x0b,0xf6,0x00,0x00,0xef,0x40,0x00,0x00,0x00,0x00,0x8f,0xa0,0x00,0x00,0x00,0x0c,0xf6,0x00,0x00,
0xef,0xfe,0xee,0xee,0xee,0xee,0xff,0xa0,0x00,0x00,0x01,0xbf,0xfe,0x20,0x00,0xef,0xff,0xff,0xff,0xff,0xff,0xff,0xa0,0x00,
0x00,0x0d,0xff,0xef,0xe1,0x00,0x11,0x11,0x11,0x11,0x11,0x11,0x11,0x00,0x00,0x00,0xbf,0xf4,0x09,0xfe,0x60,0x00,0x00,0x00,
0x00,0x00,0x00,0x00,0x00,0x00,0x07,0xff,0x50,0x00,0x7f,0xff,0xca,0x98,0x77,0x77,0x77,0x77,0x77,0x88,0x85,0x1f,0xf9,0x00,
0x00,0x03,0xbf,0xff,0xff,0xff,0xff,0xff,0xff,0xff,0xff,0xf5,0x07,0xe0,0x00,0x00,0x00,0x00,0x25,0x67,0x77,0x78,0x88,0x88,
0x88,0x88,0x81,0x00,0x10,0x00,0x00,0x00,0x00,0x00,0x00,0x00,0x00,0x00,0x00,0x00,0x00,0x00,
/* U+9009 */
0x00,0x00,0x00,0x00,0x00,0x00,0x00,0x00,0x00,0x03,0x30,0x00,0x00,0x00,0x00,0x00,0x34,0x00,0x00,0x00,0x00,0x07,0x94,0x00,
0x2f,0xf1,0x00,0x00,0x00,0x00,0x03,0xef,0x60,0x00,0x00,0x00,0x0f,0xf6,0x00,0x2f,0xf1,0x00,0x00,0x00,0x00,0x01,0xbf,0xf8,
0x00,0x00,0x00,0x5f,0xf1,0x00,0x2f,0xf1,0x00,0x00,0x00,0x00,0x00,0x09,0xff,0x90,0x00,0x00,0xbf,0xd2,0x22,0x4f,0xf3,0x22,
0x22,0x21,0x00,0x00,0x00,0x8f,0xf9,0x00,0x02,0xff,0xff,0xff,0xff,0xff,0xff,0xff,0xf8,0x00,0x00,0x00,0x08,0xff,0x30,0x0b,
0xff,0xff,0xff,0xff,0xff,0xff,0xff,0xf8,0x00,0x00,0x00,0x00,0x95,0x00,0x4f,0xf7,0x11,0x11,0x2f,0xf2,0x11,0x11,0x10,0x00,
0x00,0x00,0x00,0x00,0x00,0xdf,0xd0,0x00,0x00,0x2f,0xf1,0x00,0x00,0x00,0x00,0x00,0x00,0x00,0x00,0x00,0x9f,0x40,0x00,0x00,
0x2f,0xf1,0x00,0x00,0x00,0x00,0x00,0x00,0x00,0x00,0x00,0x02,0x00,0x00,0x00,0x2f,0xf1,0x00,0x00,0x00,0x00,0x00,0x00,0x00,
0x00,0x00,0x25,0x55,0x55,0x55,0x7f,0xf6,0x55,0x55,0x55,0x30,0x4f,0xff,0xff,0xf6,0x00,0x7f,0xff,0xff,0xff,0xff,0xff,0xff,
0xff,0xff,0xa0,0x4f,0xff,0xff,0xf6,0x00,0x6e,0xee,0xee,0xff,0xee,0xef,0xfe,0xee,0xee,0x80,0x01,0x11,0x1b,0xf6,0x00,0x00,
0x00,0x05,0xfd,0x00,0x0e,0xf4,0x00,0x00,0x00,0x00,0x00,0x0b,0xf6,0x00,0x00,0x00,0x07,0xfb,0x00,0x0e,0xf4,0x00,0x00,0x00,
0x00,0x00,0x0b,0xf6,0x00,0x00,0x00,0x09,0xf9,0x00,0x0e,0xf4,0x00,0x00,0x00,0x00,0x00,0x0b,0xf6,0x00,0x00,0x00,0x0d,0xf7,
0x00,0x0e,0xf4,0x00,0x00,0x00,0x00,0x00,0x0b,0xf6,0x00,0x00,0x00,0x1f,0xf3,0x00,0x0e,0xf4,0x00,0x00,0x00,0x00,0x00,0x0b,
0xf6,0x00,0x00,0x00,0x9f,0xe0,0x00,0x0e,0xf4,0x00,0x08,0x50,0x00,0x00,0x0b,0xf6,0x00,0x00,0x05,0xff,0x70,0x00,0x0e,0xf4,
0x00,0x0e,0xf2,0x00,0x00,0x0b,0xf6,0x00,0x00,0x2e,0xfe,0x10,0x00,0x0e,0xf4,0x00,0x0f,0xf1,0x00,0x00,0x0b,0xf6,0x00,0x07,
0xff,0xf3,0x00,0x00,0x0e,0xf4,0x00,0x5f,0xe0,0x00,0x00,0x0c,0xf6,0x01,0xcf,0xfe,0x40,0x00,0x00,0x0b,0xfe,0xab,0xff,0xb0,
0x00,0x01,0xbf,0xfe,0x20,0xcf,0xc2,0x00,0x00,0x00,0x04,0xef,0xff,0xff,0x40,0x00,0x0c,0xff,0xef,0xe4,0x16,0x00,0x00,0x00,
0x00,0x00,0x04,0x55,0x41,0x00,0x00,0xbf,0xf4,0x09,0xff,0x71,0x00,0x00,0x00,0x00,0x00,0x00,0x00,0x00,0x00,0x07,0xff,0x50,
0x00,0x8f,0xff,0xdb,0x98,0x88,0x87,0x77,0x88,0x88,0x99,0xa5,0x1f,0xf9,0x00,0x00,0x04,0xcf,0xff,0xff,0xff,0xff,0xff,0xff,
0xff,0xff,0xf5,0x07,0xe0,0x00,0x00,0x00,0x01,0x46,0x78,0x99,0x99,0x99,0x99,0x99,0x99,0x91,0x00,0x10,0x00,0x00,0x00,0x00,
0x00,0x00,0x00,0x00,0x00,0x00,0x00,0x00,0x00,
/* U+9053 */
0x00,0x00,0x00,0x00,0x00,0x00,0x00,0x00,0x00,0x00,0x00,0x01,0x00,0x00,0x00,0x00,0x34,0x00,0x00,0x00,0x00,0x05,0xdc,0x00,
0x00,0x00,0x4f,0xc2,0x00,0x00,0x03,0xef,0x60,0x00,0x00,0x00,0x03,0xff,0x40,0x00,0x00,0xcf,0xc0,0x00,0x00,0x00,0xbf,0xf9,
0x00,0x00,0x00,0x00,0x9f,0xd0,0x00,0x06,0xff,0x30,0x00,0x00,0x00,0x09,0xff,0xb0,0x03,0x99,0x99,0xaf,0xfa,0x99,0x9e,0xfe,
0x99,0x99,0x90,0x00,0x00,0x6f,0xfb,0x05,0xff,0xff,0xff,0xff,0xff,0xff,0xff,0xff,0xff,0xf1,0x00,0x00,0x07,0xff,0x53,0x88,
0x88,0x88,0x8b,0xff,0x98,0x88,0x88,0x88,0x80,0x00,0x00,0x00,0x77,0x00,0x00,0x00,0x00,0x0a,0xfd,0x00,0x00,0x00,0x00,0x00,
0x00,0x00,0x00,0x00,0x00,0x00,0x00,0x00,0x0e,0xf7,0x00,0x00,0x00,0x00,0x00,0x00,0x00,0x00,0x00,0x00,0x03,0xdd,0xdd,0xdf,
0xfe,0xdd,0xdd,0xdd,0xc0,0x00,0x00,0x00,0x00,0x00,0x00,0x04,0xff,0xff,0xff,0xff,0xff,0xff,0xff,0xe0,0x00,0x00,0x00,0x00,
0x00,0x00,0x04,0xfe,0x33,0x33,0x33,0x33,0x33,0x6f,0xe0,0x00,0x4f,0xff,0xff,0xf9,0x00,0x04,0xfe,0x00,0x00,0x00,0x00,0x00,
0x4f,0xe0,0x00,0x4f,0xff,0xff,0xf9,0x00,0x04,0xfe,0x44,0x44,0x44,0x44,0x44,0x7f,0xe0,0x00,0x01,0x11,0x19,0xf9,0x00,0x04,
0xff,0xff,0xff,0xff,0xff,0xff,0xff,0xe0,0x00,0x00,0x00,0x09,0xf9,0x00,0x04,0xff,0x99,0x99,0x99,0x99,0x99,0xbf,0xe0,0x00,
0x00,0x00,0x09,0xf9,0x00,0x04,0xfe,0x00,0x00,0x00,0x00,0x00,0x4f,0xe0,0x00,0x00,0x00,0x09,0xf9,0x00,0x04,0xfe,0x00,0x00,
0x00,0x00,0x00,0x4f,0xe0,0x00,0x00,0x00,0x09,0xf9,0x00,0x04,0xff,0xff,0xff,0xff,0xff,0xff,0xff,0xe0,0x00,0x00,0x00,0x09,
0xf9,0x00,0x04,0xff,0xdd,0xdd,0xdd,0xdd,0xdd,0xef,0xe0,0x00,0x00,0x00,0x09,0xf9,0x00,0x04,0xfe,0x00,0x00,0x00,0x00,0x00,
0x4f,0xe0,0x00,0x00,0x00,0x09,0xf9,0x00,0x04,0xfe,0x00,0x00,0x00,0x00,0x00,0x4f,0xe0,0x00,0x00,0x00,0x09,0xf9,0x00,0x04,
0xff,0x77,0x77,0x77,0x77,0x77,0x9f,0xe0,0x00,0x00,0x00,0x09,0xf9,0x00,0x04,0xff,0xff,0xff,0xff,0xff,0xff,0xff,0xe0,0x00,
0x00,0x00,0xaf,0xff,0x30,0x02,0x99,0x99,0x99,0x99,0x99,0x99,0x99,0x80,0x00,0x00,0x0b,0xff,0xef,0xf6,0x00,0x00,0x00,0x00,
0x00,0x00,0x00,0x00,0x00,0x00,0x00,0x9f,0xf5,0x07,0xff,0x91,0x00,0x00,0x00,0x00,0x00,0x00,0x00,0x00,0x00,0x05,0xff,0x70,
0x00,0x6f,0xff,0xdb,0x98,0x88,0x87,0x77,0x88,0x88,0x99,0xa5,0x0e,0xfb,0x00,0x00,0x03,0xbf,0xff,0xff,0xff,0xff,0xff,0xff,
0xff,0xff,0xf4,0x04,0xe1,0x00,0x00,0x00,0x01,0x46,0x78,0x99,0x99,0x99,0x99,0x99,0x99,0x90,
/* U+90A3 */
0x08,0xbb,0xbb,0xbb,0xbb,0xbb,0xbb,0xa0,0x00,0xbb,0xbb,0xbb,0xbb,0xbb,0x80,0xbf,0xff,0xff,0xff,0xff,0xff,0xfe,0x00,0x0f,
0xff,0xff,0xff,0xff,0xfb,0x06,0x88,0x89,0xff,0x88,0x88,0xbf,0xe0,0x00,0xff,0x97,0x77,0x77,0xef,0x90,0x00,0x00,0x2f,0xf0,
0x00,0x05,0xfe,0x00,0x0f,0xf2,0x00,0x00,0x1f,0xf3,0x00,0x00,0x02,0xff,0x00,0x00,0x5f,0xe0,0x00,0xff,0x20,0x00,0x07,0xfd,
0x00,0x00,0x00,0x2f,0xf0,0x00,0x05,0xfe,0x00,0x0f,0xf2,0x00,0x00,0xcf,0x70,0x00,0x00,0x02,0xff,0x00,0x00,0x5f,0xe0,0x00,
0xff,0x20,0x00,0x2f,0xf1,0x00,0x58,0x88,0x9f,0xf8,0x88,0x8b,0xfe,0x00,0x0f,0xf2,0x00,0x08,0xfb,0x00,0x0a,0xff,0xff,0xff,
0xff,0xff,0xff,0xd0,0x00,0xff,0x20,0x00,0xef,0x50,0x00,0x6a,0xaa,0xbf,0xfa,0xaa,0xac,0xfd,0x00,0x0f,0xf2,0x00,0x5f,0xe0,
0x00,0x00,0x00,0x02,0xff,0x00,0x00,0x6f,0xd0,0x00,0xff,0x20,0x0c,0xf9,0x00,0x00,0x00,0x00,0x3f,0xf0,0x00,0x06,0xfd,0x00,
0x0f,0xf2,0x00,0xff,0x60,0x00,0x00,0x00,0x04,0xfe,0x00,0x00,0x6f,0xd0,0x00,0xff,0x20,0x05,0xfe,0x20,0x00,0x00,0x00,0x5f,
0xd0,0x00,0x07,0xfc,0x00,0x0f,0xf2,0x00,0x08,0xfc,0x00,0x02,0x33,0x38,0xfd,0x33,0x33,0x9f,0xc0,0x00,0xff,0x20,0x00,0x0d,
0xf7,0x00,0xaf,0xff,0xff,0xff,0xff,0xff,0xfc,0x00,0x0f,0xf2,0x00,0x00,0x4f,0xf1,0x09,0xee,0xef,0xff,0xee,0xee,0xff,0xb0,
0x00,0xff,0x20,0x00,0x00,0xdf,0x70,0x00,0x00,0xff,0x40,0x00,0x08,0xfb,0x00,0x0f,0xf2,0x00,0x00,0x07,0xfc,0x00,0x00,0x5f,
0xf0,0x00,0x00,0x8f,0xa0,0x00,0xff,0x20,0x00,0x00,0x4f,0xf0,0x00,0x0a,0xfc,0x00,0x00,0x09,0xf9,0x00,0x0f,0xf2,0x00,0x00,
0x05,0xfe,0x00,0x00,0xff,0x80,0x00,0x00,0x9f,0x90,0x00,0xff,0x20,0x00,0x00,0x8f,0xc0,0x00,0x5f,0xf2,0x00,0x00,0x0b,0xf8,
0x00,0x0f,0xf2,0x15,0x45,0x9f,0xf8,0x00,0x0b,0xfb,0x00,0x00,0x00,0xcf,0x60,0x00,0xff,0x20,0xff,0xff,0xfd,0x00,0x07,0xff,
0x40,0x00,0x00,0x1f,0xf4,0x00,0x0f,0xf2,0x0b,0xed,0xb5,0x00,0x03,0xff,0xb0,0x00,0x00,0x08,0xff,0x10,0x00,0xff,0x20,0x00,
0x00,0x00,0x00,0xdf,0xf2,0x02,0x88,0x7c,0xff,0xb0,0x00,0x0f,0xf2,0x00,0x00,0x00,0x00,0x5f,0xf5,0x00,0x1f,0xff,0xff,0xd1,
0x00,0x00,0xff,0x20,0x00,0x00,0x00,0x00,0x67,0x00,0x00,0x79,0xa9,0x60,0x00,0x00,0x0f,0xf2,0x00,0x00,0x00,0x00,0x00,0x00,
0x00,0x00,0x00,0x00,0x00,0x00,0x00,0x33,0x00,0x00,0x00,0x00,0x00,
/* U+91CC */
0x00,0x03,0xff,0xff,0xff,0xff,0xff,0xff,0xff,0xff,0xff,0xff,0xff,0x20,0x00,0x00,0x03,0xff,0xff,0xff,0xff,0xff,0xff,0xff,
0xff,0xff,0xff,0xff,0x20,0x00,0x00,0x03,0xff,0x22,0x22,0x22,0x24,0xff,0x42,0x22,0x22,0x23,0xff,0x20,0x00,0x00,0x03,0xff,
0x00,0x00,0x00,0x02,0xff,0x20,0x00,0x00,0x01,0xff,0x20,0x00,0x00,0x03,0xff,0x00,0x00,0x00,0x02,0xff,0x20,0x00,0x00,0x01,
0xff,0x20,0x00,0x00,0x03,0xff,0x00,0x00,0x00,0x02,0xff,0x20,0x00,0x00,0x01,0xff,0x20,0x00,0x00,0x03,0xff,0x88,0x88,0x88,
0x89,0xff,0x98,0x88,0x88,0x89,0xff,0x20,0x00,0x00,0x03,0xff,0xff,0xff,0xff,0xff,0xff,0xff,0xff,0xff,0xff,0xff,0x20,0x00,
0x00,0x03,0xff,0x99,0x99,0x99,0x9a,0xff,0xa9,0x99,0x99,0x9a,0xff,0x20,0x00,0x00,0x03,0xff,0x00,0x00,0x00,0x02,0xff,0x20,
0x00,0x00,0x01,0xff,0x20,0x00,0x00,0x03,0xff,0x00,0x00,0x00,0x02,0xff,0x20,0x00,0x00,0x01,0xff,0x20,0x00,0x00,0x03,0xff,
0x00,0x00,0x00,0x02,0xff,0x20,0x00,0x00,0x01,0xff,0x20,0x00,0x00,0x03,0xff,0x22,0x22,0x22,0x25,0xff,0x52,0x22,0x22,0x23,
0xff,0x20,0x00,0x00,0x03,0xff,0xff,0xff,0xff,0xff,0xff,0xff,0xff,0xff,0xff,0xff,0x20,0x00,0x00,0x03,0xff,0xff,0xff,0xff,
0xff,0xff,0xff,0xff,0xff,0xff,0xff,0x20,0x00,0x00,0x00,0x00,0x00,0x00,0x00,0x02,0xff,0x20,0x00,0x00,0x00,0x00,0x00,0x00,
0x00,0x00,0x00,0x00,0x00,0x00,0x02,0xff,0x20,0x00,0x00,0x00,0x00,0x00,0x00,0x00,0x00,0x00,0x00,0x00,0x00,0x02,0xff,0x20,
0x00,0x00,0x00,0x00,0x00,0x00,0x00,0x34,0x44,0x44,0x44,0x44,0x46,0xff,0x64,0x44,0x44,0x44,0x44,0x43,0x00,0x00,0xbf,0xff,
0xff,0xff,0xff,0xff,0xff,0xff,0xff,0xff,0xff,0xff,0xfb,0x00,0x00,0xae,0xee,0xee,0xee,0xee,0xee,0xff,0xee,0xee,0xee,0xee,
0xee,0xea,0x00,0x00,0x00,0x00,0x00,0x00,0x00,0x02,0xff,0x20,0x00,0x00,0x00,0x00,0x00,0x00,0x00,0x00,0x00,0x00,0x00,0x00,
0x02,0xff,0x20,0x00,0x00,0x00,0x00,0x00,0x00,0x00,0x00,0x00,0x00,0x00,0x00,0x02,0xff,0x20,0x00,0x00,0x00,0x00,0x00,0x00,
0x02,0x22,0x22,0x22,0x22,0x22,0x24,0xff,0x42,0x22,0x22,0x22,0x22,0x22,0x20,0x1f,0xff,0xff,0xff,0xff,0xff,0xff,0xff,0xff,
0xff,0xff,0xff,0xff,0xff,0xf1,0x1f,0xff,0xff,0xff,0xff,0xff,0xff,0xff,0xff,0xff,0xff,0xff,0xff,0xff,0xf1,0x01,0x11,0x11,
0x11,0x11,0x11,0x11,0x11,0x11,0x11,0x11,0x11,0x11,0x11,0x10,
/* U+91CD */
0x00,0x00,0x00,0x00,0x00,0x00,0x00,0x01,0x23,0x56,0x79,0xac,0xd7,0x00,0x00,0x00,0x05,0x89,0xaa,0xbc,0xdd,0xef,0xff,0xff,
0xff,0xff,0xff,0xfe,0x00,0x00,0x00,0x07,0xff,0xff,0xff,0xff,0xff,0xff,0xcb,0x98,0x75,0x43,0x20,0x00,0x00,0x00,0x02,0x55,
0x43,0x22,0x10,0x02,0xff,0x10,0x00,0x00,0x00,0x00,0x00,0x00,0x00,0x00,0x00,0x00,0x00,0x00,0x02,0xff,0x10,0x00,0x00,0x00,
0x00,0x00,0x00,0x08,0xcc,0xcc,0xcc,0xcc,0xcc,0xcc,0xff,0xcc,0xcc,0xcc,0xcc,0xcc,0xcc,0x80,0x0b,0xff,0xff,0xff,0xff,0xff,
0xff,0xff,0xff,0xff,0xff,0xff,0xff,0xff,0xb0,0x02,0x33,0x33,0x33,0x33,0x33,0x35,0xff,0x43,0x33,0x33,0x33,0x33,0x33,0x20,
0x00,0x00,0x00,0x00,0x00,0x00,0x02,0xff,0x10,0x00,0x00,0x00,0x00,0x00,0x00,0x00,0x00,0xbb,0xbb,0xbb,0xbb,0xbc,0xff,0xcb,
0xbb,0xbb,0xbb,0xbb,0x00,0x00,0x00,0x01,0xff,0xff,0xff,0xff,0xff,0xff,0xff,0xff,0xff,0xff,0xff,0x00,0x00,0x00,0x01,0xff,
0x31,0x11,0x11,0x14,0xff,0x31,0x11,0x11,0x14,0xff,0x00,0x00,0x00,0x01,0xff,0x20,0x00,0x00,0x02,0xff,0x10,0x00,0x00,0x03,
0xff,0x00,0x00,0x00,0x01,0xff,0x75,0x55,0x55,0x57,0xff,0x65,0x55,0x55,0x57,0xff,0x00,0x00,0x00,0x01,0xff,0xff,0xff,0xff,
0xff,0xff,0xff,0xff,0xff,0xff,0xff,0x00,0x00,0x00,0x01,0xff,0x87,0x77,0x77,0x78,0xff,0x87,0x77,0x77,0x78,0xff,0x00,0x00,
0x00,0x01,0xff,0x20,0x00,0x00,0x02,0xff,0x10,0x00,0x00,0x03,0xff,0x00,0x00,0x00,0x01,0xff,0x20,0x00,0x00,0x02,0xff,0x10,
0x00,0x00,0x03,0xff,0x00,0x00,0x00,0x01,0xff,0xff,0xff,0xff,0xff,0xff,0xff,0xff,0xff,0xff,0xff,0x00,0x00,0x00,0x01,0xee,
0xee,0xee,0xee,0xee,0xff,0xee,0xee,0xee,0xee,0xee,0x00,0x00,0x00,0x00,0x00,0x00,0x00,0x00,0x02,0xff,0x10,0x00,0x00,0x00,
0x00,0x00,0x00,0x00,0x00,0x00,0x00,0x00,0x00,0x02,0xff,0x10,0x00,0x00,0x00,0x00,0x00,0x00,0x00,0x7e,0xee,0xee,0xee,0xee,
0xee,0xff,0xee,0xee,0xee,0xee,0xee,0xe8,0x00,0x00,0x8f,0xff,0xff,0xff,0xff,0xff,0xff,0xff,0xff,0xff,0xff,0xff,0xf8,0x00,
0x00,0x00,0x00,0x00,0x00,0x00,0x02,0xff,0x10,0x00,0x00,0x00,0x00,0x00,0x00,0x00,0x00,0x00,0x00,0x00,0x00,0x02,0xff,0x10,
0x00,0x00,0x00,0x00,0x00,0x00,0x1a,0xaa,0xaa,0xaa,0xaa,0xaa,0xab,0xff,0xba,0xaa,0xaa,0xaa,0xaa,0xaa,0xa1,0x2f,0xff,0xff,
0xff,0xff,0xff,0xff,0xff,0xff,0xff,0xff,0xff,0xff,0xff,0xf2,0x05,0x55,0x55,0x55,0x55,0x55,0x55,0x55,0x55,0x55,0x55,0x55,
0x55,0x55,0x50,
/* U+952E */
0x00,0x03,0x20,0x00,0x00,0x00,0x00,0x00,0x00,0x00,0x00,0x00,0x00,0x00,0x00,0x00,0x0d,0xf7,0x00,0x00,0x00,0x00,0x00,0x00,
0x00,0x0b,0xf5,0x00,0x00,0x00,0x00,0x0f,0xf4,0x00,0x00,0x00,0x00,0x00,0x00,0x00,0x0b,0xf5,0x00,0x00,0x00,0x00,0x4f,0xf0,
0x00,0x00,0x02,0x22,0x22,0x10,0x89,0x9e,0xfb,0x99,0x97,0x00,0x00,0x8f,0xf8,0x88,0x85,0x3f,0xff,0xff,0x90,0xef,0xff,0xff,
0xff,0xfc,0x00,0x00,0xcf,0xff,0xff,0xfb,0x3d,0xdd,0xef,0x80,0x34,0x4c,0xf8,0x46,0xfc,0x00,0x00,0xff,0xba,0xaa,0xa7,0x00,
0x00,0xdf,0x30,0x00,0x0b,0xf5,0x02,0xfc,0x00,0x05,0xfe,0x00,0x00,0x00,0x00,0x05,0xfc,0x00,0x00,0x0b,0xf5,0x02,0xfc,0x00,
0x0b,0xf9,0x00,0x00,0x00,0x00,0x0d,0xf6,0x0f,0xff,0xff,0xff,0xff,0xff,0xf4,0x1f,0xf3,0x00,0x00,0x00,0x00,0x5f,0xe0,0x0d,
0xdd,0xdf,0xfe,0xdd,0xff,0xd4,0x7f,0xe0,0x00,0x00,0x00,0x00,0xcf,0x70,0x00,0x00,0x0b,0xf5,0x02,0xfc,0x00,0xbf,0xff,0xff,
0xff,0xf9,0x04,0xfe,0x00,0x00,0x00,0x0b,0xf5,0x02,0xfc,0x00,0x08,0xff,0xff,0xff,0xf9,0x0c,0xfb,0x55,0x30,0x88,0x8e,0xfb,
0x8a,0xfc,0x00,0x00,0x00,0x5f,0xc0,0x00,0x0f,0xff,0xff,0xa0,0xef,0xff,0xff,0xff,0xfc,0x00,0x00,0x00,0x4f,0xc0,0x00,0x08,
0x88,0x9f,0x90,0x44,0x4c,0xf8,0x44,0x43,0x00,0x00,0x00,0x4f,0xc0,0x00,0x00,0x00,0x4f,0x80,0x00,0x0b,0xf5,0x00,0x00,0x00,
0x00,0x00,0x5f,0xc0,0x00,0x00,0x00,0x6f,0x70,0x33,0x3c,0xf8,0x33,0x33,0x00,0x0e,0xff,0xff,0xff,0xff,0x8d,0x10,0x7f,0x53,
0xff,0xff,0xff,0xff,0xff,0x20,0x0e,0xff,0xff,0xff,0xff,0xaf,0x60,0x9f,0x42,0x99,0x9e,0xfb,0x99,0x99,0x10,0x00,0x11,0x5f,
0xc1,0x11,0x4f,0xc0,0xcf,0x20,0x00,0x0b,0xf5,0x00,0x00,0x00,0x00,0x00,0x4f,0xc0,0x00,0x0f,0xf2,0xff,0x00,0x00,0x0b,0xf5,
0x00,0x00,0x00,0x00,0x00,0x4f,0xc0,0x00,0x09,0xfb,0xfb,0x0e,0xee,0xef,0xfe,0xee,0xee,0xd0,0x00,0x00,0x4f,0xc0,0x00,0x02,
0xff,0xf7,0x0f,0xff,0xff,0xff,0xff,0xff,0xf0,0x00,0x00,0x4f,0xc0,0x00,0x00,0xaf,0xf3,0x00,0x00,0x0b,0xf5,0x00,0x00,0x00,
0x00,0x00,0x4f,0xc0,0x06,0x00,0x6f,0xf7,0x00,0x00,0x0b,0xf5,0x00,0x00,0x00,0x00,0x00,0x4f,0xc1,0xbf,0x41,0xef,0xff,0x80,
0x00,0x0b,0xf5,0x00,0x00,0x00,0x00,0x00,0x6f,0xef,0xfb,0x2a,0xfe,0x8f,0xfd,0x72,0x01,0x20,0x00,0x00,0x00,0x00,0x00,0xef,
0xfc,0x40,0x4f,0xf5,0x05,0xff,0xff,0xeb,0xa8,0x76,0x77,0x86,0x00,0x00,0x9d,0x50,0x00,0xbf,0xa0,0x00,0x18,0xdf,0xff,0xff,
0xff,0xff,0xf8,0x00,0x00,0x10,0x00,0x00,0x1b,0x10,0x00,0x00,0x01,0x46,0x78,0x9a,0xaa,0xa4,
/* U+957F */
0x00,0x00,0x00,0x8f,0xb0,0x00,0x00,0x00,0x00,0x00,0x00,0x16,0x00,0x00,0x00,0x00,0x00,0x08,0xfc,0x00,0x00,0x00,0x00,0x00,
0x00,0x2d,0xf7,0x00,0x00,0x00,0x00,0x00,0x8f,0xc0,0x00,0x00,0x00,0x00,0x00,0x3e,0xff,0x30,0x00,0x00,0x00,0x00,0x08,0xfc,
0x00,0x00,0x00,0x00,0x00,0x7f,0xfe,0x30,0x00,0x00,0x00,0x00,0x00,0x8f,0xc0,0x00,0x00,0x00,0x02,0xbf,0xfc,0x20,0x00,0x00,
0x00,0x00,0x00,0x08,0xfc,0x00,0x00,0x00,0x08,0xff,0xf9,0x00,0x00,0x00,0x00,0x00,0x00,0x00,0x8f,0xc0,0x00,0x00,0x7e,0xff,
0xd4,0x00,0x00,0x00,0x00,0x00,0x00,0x00,0x08,0xfc,0x00,0x07,0xef,0xff,0x70,0x00,0x00,0x00,0x00,0x00,0x00,0x00,0x00,0x8f,
0xc0,0x00,0x8f,0xf8,0x10,0x00,0x00,0x00,0x00,0x00,0x00,0x00,0x00,0x08,0xfc,0x00,0x00,0x61,0x00,0x00,0x00,0x00,0x00,0x00,
0x00,0x00,0x00,0x00,0x8f,0xc0,0x00,0x00,0x00,0x00,0x00,0x00,0x00,0x00,0x00,0x00,0x00,0x00,0x08,0xfc,0x00,0x00,0x00,0x00,
0x00,0x00,0x00,0x00,0x00,0x00,0xbb,0xbb,0xbb,0xef,0xeb,0xbb,0xbb,0xbb,0xbb,0xbb,0xbb,0xbb,0xbb,0xbb,0x1f,0xff,0xff,0xff,
0xff,0xff,0xff,0xff,0xff,0xff,0xff,0xff,0xff,0xff,0xf2,0x88,0x88,0x88,0xcf,0xe8,0x88,0x88,0x8c,0xfd,0x88,0x88,0x88,0x88,
0x88,0x10,0x00,0x00,0x08,0xfc,0x00,0x00,0x00,0x3f,0xf0,0x00,0x00,0x00,0x00,0x00,0x00,0x00,0x00,0x8f,0xc0,0x00,0x00,0x00,
0xef,0x60,0x00,0x00,0x00,0x00,0x00,0x00,0x00,0x08,0xfc,0x00,0x00,0x00,0x08,0xfc,0x00,0x00,0x00,0x00,0x00,0x00,0x00,0x00,
0x8f,0xc0,0x00,0x00,0x00,0x2f,0xf5,0x00,0x00,0x00,0x00,0x00,0x00,0x00,0x08,0xfc,0x00,0x00,0x00,0x00,0x9f,0xe1,0x00,0x00,
0x00,0x00,0x00,0x00,0x00,0x8f,0xc0,0x00,0x00,0x00,0x00,0xef,0xb0,0x00,0x00,0x00,0x00,0x00,0x00,0x08,0xfc,0x00,0x00,0x00,
0x00,0x04,0xff,0x80,0x00,0x00,0x00,0x00,0x00,0x00,0x8f,0xc0,0x00,0x00,0x00,0x00,0x09,0xff,0xa0,0x00,0x00,0x00,0x00,0x00,
0x08,0xfc,0x00,0x00,0x00,0x00,0x00,0x09,0xff,0xb0,0x00,0x00,0x00,0x00,0x00,0x8f,0xc0,0x00,0x15,0xaf,0x10,0x00,0x09,0xff,
0xd4,0x00,0x00,0x00,0x00,0x09,0xfc,0x27,0xcf,0xff,0xf5,0x00,0x00,0x08,0xff,0xfa,0x20,0x00,0x00,0x01,0xff,0xff,0xff,0xfe,
0xa6,0x10,0x00,0x00,0x04,0xef,0xff,0x40,0x00,0x00,0x1f,0xff,0xfc,0x83,0x00,0x00,0x00,0x00,0x00,0x00,0x9f,0xd0,0x00,0x00,
0x00,0xaa,0x51,0x00,0x00,0x00,0x00,0x00,0x00,0x00,0x00,0x33,0x00,
/* U+95E8 */
0x00,0x00,0x40,0x00,0x00,0x00,0x00,0x00,0x00,0x00,0x00,0x00,0x00,0x00,0x1d,0xf7,0x00,0x00,0x00,0x00,0x00,0x00,0x00,0x00,
0x00,0x00,0x00,0x0a,0xff,0x20,0x00,0x05,0x77,0x77,0x77,0x77,0x77,0x77,0x75,0x00,0x01,0xef,0xc0,0x00,0x0c,0xff,0xff,0xff,
0xff,0xff,0xff,0xfc,0x00,0x00,0x4f,0xf8,0x00,0x07,0xaa,0xaa,0xaa,0xaa,0xaa,0xac,0xfc,0x00,0x00,0x09,0xff,0x30,0x00,0x00,
0x00,0x00,0x00,0x00,0x07,0xfc,0xbd,0x50,0x00,0xef,0x60,0x00,0x00,0x00,0x00,0x00,0x00,0x07,0xfc,0xdf,0x60,0x00,0x21,0x00,
0x00,0x00,0x00,0x00,0x00,0x00,0x07,0xfc,0xdf,0x60,0x00,0x00,0x00,0x00,0x00,0x00,0x00,0x00,0x00,0x07,0xfc,0xdf,0x60,0x00,
0x00,0x00,0x00,0x00,0x00,0x00,0x00,0x00,0x07,0xfc,0xdf,0x60,0x00,0x00,0x00,0x00,0x00,0x00,0x00,0x00,0x00,0x07,0xfc,0xdf,
0x60,0x00,0x00,0x00,0x00,0x00,0x00,0x00,0x00,0x00,0x07,0xfc,0xdf,0x60,0x00,0x00,0x00,0x00,0x00,0x00,0x00,0x00,0x00,0x07,
0xfc,0xdf,0x60,0x00,0x00,0x00,0x00,0x00,0x00,0x00,0x00,0x00,0x07,0xfc,0xdf,0x60,0x00,0x00,0x00,0x00,0x00,0x00,0x00,0x00,
0x00,0x07,0xfc,0xdf,0x60,0x00,0x00,0x00,0x00,0x00,0x00,0x00,0x00,0x00,0x07,0xfc,0xdf,0x60,0x00,0x00,0x00,0x00,0x00,0x00,
0x00,0x00,0x00,0x07,0xfc,0xdf,0x60,0x00,0x00,0x00,0x00,0x00,0x00,0x00,0x00,0x00,0x07,0xfc,0xdf,0x60,0x00,0x00,0x00,0x00,
0x00,0x00,0x00,0x00,0x00,0x07,0xfc,0xdf,0x60,0x00,0x00,0x00,0x00,0x00,0x00,0x00,0x00,0x00,0x07,0xfc,0xdf,0x60,0x00,0x00,
0x00,0x00,0x00,0x00,0x00,0x00,0x00,0x07,0xfc,0xdf,0x60,0x00,0x00,0x00,0x00,0x00,0x00,0x00,0x00,0x00,0x07,0xfc,0xdf,0x60,
0x00,0x00,0x00,0x00,0x00,0x00,0x00,0x00,0x00,0x07,0xfc,0xdf,0x60,0x00,0x00,0x00,0x00,0x00,0x00,0x00,0x00,0x00,0x07,0xfc,
0xdf,0x60,0x00,0x00,0x00,0x00,0x00,0x00,0x00,0x00,0x00,0x07,0xfc,0xdf,0x60,0x00,0x00,0x00,0x00,0x00,0x00,0x00,0x00,0x00,
0x07,0xfc,0xdf,0x60,0x00,0x00,0x00,0x00,0x00,0x00,0x00,0x00,0x00,0x09,0xfc,0xdf,0x60,0x00,0x00,0x00,0x00,0x00,0x00,0x00,
0x02,0x22,0x4e,0xfa,0xdf,0x60,0x00,0x00,0x00,0x00,0x00,0x00,0x00,0x08,0xff,0xff,0xf5,0xdf,0x60,0x00,0x00,0x00,0x00,0x00,
0x00,0x00,0x04,0xff,0xec,0x60,0x33,0x10,0x00,0x00,0x00,0x00,0x00,0x00,0x00,0x00,0x00,0x00,0x00,
/* U+95EE */
0x00,0x00,0x30,0x00,0x00,0x00,0x00,0x00,0x00,0x00,0x00,0x00,0x00,0x00,0x1d,0xf6,0x00,0x00,0x00,0x00,0x00,0x00,0x00,0x00,
0x00,0x00,0x00,0x09,0xff,0x20,0x00,0x03,0x44,0x44,0x44,0x44,0x44,0x44,0x44,0x00,0x00,0xdf,0xc0,0x00,0x0c,0xff,0xff,0xff,
0xff,0xff,0xff,0xff,0x00,0x00,0x2f,0xf7,0x00,0x0b,0xff,0xff,0xff,0xff,0xff,0xff,0xff,0x00,0x00,0x08,0xff,0x20,0x00,0x00,
0x00,0x00,0x00,0x00,0x05,0xff,0xdd,0x40,0x00,0xdf,0x60,0x00,0x00,0x00,0x00,0x00,0x00,0x05,0xff,0xff,0x50,0x00,0x21,0x00,
0x00,0x00,0x00,0x00,0x00,0x00,0x05,0xff,0xff,0x50,0x00,0x00,0x00,0x00,0x00,0x00,0x00,0x00,0x00,0x05,0xff,0xff,0x50,0x00,
0x00,0x00,0x00,0x00,0x00,0x00,0x00,0x00,0x05,0xff,0xff,0x50,0x00,0x02,0x33,0x33,0x33,0x33,0x33,0x20,0x00,0x05,0xff,0xff,
0x50,0x00,0x0d,0xff,0xff,0xff,0xff,0xff,0xb0,0x00,0x05,0xff,0xff,0x50,0x00,0x0d,0xff,0xff,0xff,0xff,0xff,0xb0,0x00,0x05,
0xff,0xff,0x50,0x00,0x0d,0xf8,0x00,0x00,0x00,0xaf,0xb0,0x00,0x05,0xff,0xff,0x50,0x00,0x0d,0xf8,0x00,0x00,0x00,0xaf,0xb0,
0x00,0x05,0xff,0xff,0x50,0x00,0x0d,0xf8,0x00,0x00,0x00,0xaf,0xb0,0x00,0x05,0xff,0xff,0x50,0x00,0x0d,0xf8,0x00,0x00,0x00,
0xaf,0xb0,0x00,0x05,0xff,0xff,0x50,0x00,0x0d,0xf8,0x00,0x00,0x00,0xaf,0xb0,0x00,0x05,0xff,0xff,0x50,0x00,0x0d,0xf8,0x00,
0x00,0x00,0xaf,0xb0,0x00,0x05,0xff,0xff,0x50,0x00,0x0d,0xf8,0x00,0x00,0x00,0xaf,0xb0,0x00,0x05,0xff,0xff,0x50,0x00,0x0d,
0xfb,0x66,0x66,0x66,0xcf,0xb0,0x00,0x05,0xff,0xff,0x50,0x00,0x0d,0xff,0xff,0xff,0xff,0xff,0xb0,0x00,0x05,0xff,0xff,0x50,
0x00,0x0a,0xcc,0xcc,0xcc,0xcc,0xcc,0x90,0x00,0x05,0xff,0xff,0x50,0x00,0x00,0x00,0x00,0x00,0x00,0x00,0x00,0x00,0x05,0xff,
0xff,0x50,0x00,0x00,0x00,0x00,0x00,0x00,0x00,0x00,0x00,0x05,0xff,0xff,0x50,0x00,0x00,0x00,0x00,0x00,0x00,0x00,0x00,0x00,
0x05,0xff,0xff,0x50,0x00,0x00,0x00,0x00,0x00,0x00,0x00,0x00,0x00,0x08,0xff,0xff,0x50,0x00,0x00,0x00,0x00,0x00,0x00,0x00,
0x11,0x11,0x5e,0xfd,0xff,0x50,0x00,0x00,0x00,0x00,0x00,0x00,0x00,0x8f,0xff,0xff,0xf7,0xff,0x50,0x00,0x00,0x00,0x00,0x00,
0x00,0x00,0x3f,0xff,0xfd,0x60,0x33,0x10,0x00,0x00,0x00,0x00,0x00,0x00,0x00,0x00,0x00,0x00,0x00,
/* U+95F4 */
0x00,0x00,0x40,0x00,0x00,0x00,0x00,0x00,0x00,0x00,0x00,0x00,0x00,0x00,0x1d,0xf6,0x00,0x00,0x00,0x00,0x00,0x00,0x00,0x00,
0x00,0x00,0x00,0x0a,0xff,0x20,0x00,0x07,0x88,0x88,0x88,0x88,0x88,0x88,0x86,0x00,0x01,0xef,0xc0,0x00,0x0e,0xff,0xff,0xff,
0xff,0xff,0xff,0xfc,0x00,0x00,0x4f,0xf7,0x00,0x08,0x99,0x99,0x99,0x99,0x99,0x9c,0xfc,0x00,0x00,0x0a,0xff,0x20,0x00,0x00,
0x00,0x00,0x00,0x00,0x07,0xfc,0xbd,0x50,0x01,0xee,0x50,0x00,0x00,0x00,0x00,0x00,0x00,0x07,0xfc,0xdf,0x60,0x00,0x31,0x00,
0x00,0x00,0x00,0x00,0x00,0x00,0x07,0xfc,0xdf,0x60,0x00,0x00,0x00,0x00,0x00,0x00,0x00,0x00,0x00,0x07,0xfc,0xdf,0x60,0x00,
0x17,0x77,0x77,0x77,0x77,0x77,0x70,0x00,0x07,0xfc,0xdf,0x60,0x00,0x3f,0xff,0xff,0xff,0xff,0xff,0xf0,0x00,0x07,0xfc,0xdf,
0x60,0x00,0x3f,0xf9,0x99,0x99,0x99,0xaf,0xf0,0x00,0x07,0xfc,0xdf,0x60,0x00,0x3f,0xf0,0x00,0x00,0x00,0x3f,0xf0,0x00,0x07,
0xfc,0xdf,0x60,0x00,0x3f,0xf0,0x00,0x00,0x00,0x3f,0xf0,0x00,0x07,0xfc,0xdf,0x60,0x00,0x3f,0xf0,0x00,0x00,0x00,0x3f,0xf0,
0x00,0x07,0xfc,0xdf,0x60,0x00,0x3f,0xf0,0x00,0x00,0x00,0x3f,0xf0,0x00,0x07,0xfc,0xdf,0x60,0x00,0x3f,0xff,0xff,0xff,0xff,
0xff,0xf0,0x00,0x07,0xfc,0xdf,0x60,0x00,0x3f,0xff,0xff,0xff,0xff,0xff,0xf0,0x00,0x07,0xfc,0xdf,0x60,0x00,0x3f,0xf0,0x00,
0x00,0x00,0x3f,0xf0,0x00,0x07,0xfc,0xdf,0x60,0x00,0x3f,0xf0,0x00,0x00,0x00,0x3f,0xf0,0x00,0x07,0xfc,0xdf,0x60,0x00,0x3f,
0xf0,0x00,0x00,0x00,0x3f,0xf0,0x00,0x07,0xfc,0xdf,0x60,0x00,0x3f,0xf0,0x00,0x00,0x00,0x3f,0xf0,0x00,0x07,0xfc,0xdf,0x60,
0x00,0x3f,0xf9,0x99,0x99,0x99,0xaf,0xf0,0x00,0x07,0xfc,0xdf,0x60,0x00,0x3f,0xff,0xff,0xff,0xff,0xff,0xf0,0x00,0x07,0xfc,
0xdf,0x60,0x00,0x17,0x77,0x77,0x77,0x77,0x77,0x60,0x00,0x07,0xfc,0xdf,0x60,0x00,0x00,0x00,0x00,0x00,0x00,0x00,0x00,0x00,
0x07,0xfc,0xdf,0x60,0x00,0x00,0x00,0x00,0x00,0x00,0x00,0x00,0x00,0x09,0xfc,0xdf,0x60,0x00,0x00,0x00,0x00,0x00,0x00,0x00,
0x02,0x22,0x5e,0xfa,0xdf,0x60,0x00,0x00,0x00,0x00,0x00,0x00,0x00,0x08,0xff,0xff,0xf4,0xdf,0x60,0x00,0x00,0x00,0x00,0x00,
0x00,0x00,0x04,0xff,0xec,0x60,0x33,0x10,0x00,0x00,0x00,0x00,0x00,0x00,0x00,0x00,0x00,0x00,0x00,
/* U+9700 */
0x00,0x3f,0xff,0xff,0xff,0xff,0xff,0xff,0xff,0xff,0xff,0xff,0xff,0xf4,0x00,0x00,0x2d,0xdd,0xdd,0xdd,0xdd,0xdd,0xff,0xdd,
0xdd,0xdd,0xdd,0xdd,0xd3,0x00,0x00,0x00,0x00,0x00,0x00,0x00,0x01,0xff,0x10,0x00,0x00,0x00,0x00,0x00,0x00,0x00,0x22,0x22,
0x22,0x22,0x22,0x24,0xff,0x42,0x22,0x22,0x22,0x22,0x22,0x00,0x06,0xff,0xff,0xff,0xff,0xff,0xff,0xff,0xff,0xff,0xff,0xff,
0xff,0xff,0x60,0x06,0xfe,0xaa,0xaa,0xaa,0xaa,0xab,0xff,0xba,0xaa,0xaa,0xaa,0xaa,0xef,0x60,0x06,0xfc,0x00,0x00,0x00,0x00,
0x01,0xff,0x10,0x00,0x00,0x00,0x00,0xcf,0x60,0x06,0xfc,0x04,0x88,0x88,0x88,0x11,0xff,0x11,0x88,0x88,0x88,0x30,0xcf,0x60,
0x06,0xfc,0x07,0xff,0xff,0xff,0x21,0xff,0x13,0xff,0xff,0xff,0x60,0xcf,0x60,0x06,0xfc,0x00,0x00,0x00,0x00,0x01,0xff,0x10,
0x00,0x00,0x00,0x00,0xcf,0x60,0x02,0x75,0x02,0x55,0x55,0x55,0x01,0xff,0x10,0x55,0x55,0x55,0x20,0x57,0x20,0x00,0x00,0x07,
0xff,0xff,0xff,0x21,0xff,0x12,0xff,0xff,0xff,0x80,0x00,0x00,0x00,0x00,0x01,0x33,0x33,0x33,0x01,0xbb,0x10,0x33,0x33,0x33,
0x10,0x00,0x00,0x00,0x00,0x00,0x00,0x00,0x00,0x00,0x00,0x00,0x00,0x00,0x00,0x00,0x00,0x00,0x2f,0xff,0xff,0xff,0xff,0xff,
0xff,0xff,0xff,0xff,0xff,0xff,0xff,0xff,0xf2,0x2f,0xff,0xff,0xff,0xff,0xff,0xff,0xff,0xff,0xff,0xff,0xff,0xff,0xff,0xf2,
0x00,0x00,0x00,0x00,0x00,0x00,0x0e,0xf7,0x00,0x00,0x00,0x00,0x00,0x00,0x00,0x00,0x00,0x00,0x00,0x00,0x00,0x5f,0xe0,0x00,
0x00,0x00,0x00,0x00,0x00,0x00,0x00,0x05,0xaa,0xaa,0xaa,0xaa,0xef,0xea,0xaa,0xaa,0xaa,0xaa,0xaa,0xa0,0x00,0x00,0x07,0xff,
0xff,0xff,0xff,0xff,0xff,0xff,0xff,0xff,0xff,0xff,0xf0,0x00,0x00,0x07,0xfc,0x55,0x55,0xaf,0xc5,0x55,0x5b,0xfc,0x55,0x55,
0x7f,0xf0,0x00,0x00,0x07,0xfb,0x00,0x00,0x8f,0xb0,0x00,0x09,0xfa,0x00,0x00,0x3f,0xf0,0x00,0x00,0x07,0xfb,0x00,0x00,0x8f,
0xb0,0x00,0x09,0xfa,0x00,0x00,0x3f,0xf0,0x00,0x00,0x07,0xfb,0x00,0x00,0x8f,0xb0,0x00,0x09,0xfa,0x00,0x00,0x3f,0xf0,0x00,
0x00,0x07,0xfb,0x00,0x00,0x8f,0xb0,0x00,0x09,0xfa,0x00,0x00,0x3f,0xf0,0x00,0x00,0x07,0xfb,0x00,0x00,0x8f,0xb0,0x00,0x09,
0xfa,0x00,0x00,0x6f,0xf0,0x00,0x00,0x07,0xfb,0x00,0x00,0x8f,0xb0,0x00,0x09,0xfa,0x06,0xcc,0xff,0xa0,0x00,0x00,0x07,0xfb,
0x00,0x00,0x7e,0xa0,0x00,0x08,0xe9,0x04,0xff,0xfb,0x30,0x00,0x00,0x02,0x43,0x00,0x00,0x00,0x00,0x00,0x00,0x00,0x00,0x22,
0x10,0x00,0x00,
/* U+9759 */
0x00,0x00,0x00,0x23,0x20,0x00,0x00,0x00,0x00,0x04,0x20,0x00,0x00,0x00,0x00,0x00,0x00,0x00,0xaf,0x90,0x00,0x00,0x00,0x00,
0x4f,0xf3,0x00,0x00,0x00,0x00,0x01,0x11,0x11,0xaf,0x91,0x11,0x10,0x00,0x01,0xef,0xc3,0x33,0x33,0x30,0x00,0x0e,0xff,0xff,
0xff,0xff,0xff,0xf7,0x00,0x0a,0xff,0xff,0xff,0xff,0xe0,0x00,0x0b,0xcc,0xcc,0xef,0xec,0xcc,0xc6,0x00,0x7f,0xfb,0xbb,0xbb,
0xff,0xc0,0x00,0x00,0x00,0x00,0xaf,0x90,0x00,0x00,0x08,0xff,0x60,0x00,0x05,0xff,0x20,0x00,0x00,0x00,0x00,0xaf,0x90,0x00,
0x00,0xaf,0xf6,0x00,0x00,0x2f,0xf6,0x00,0x00,0x02,0xff,0xff,0xff,0xff,0xff,0xd3,0xff,0x70,0x00,0x01,0xdf,0xa0,0x00,0x00,
0x02,0xdd,0xdd,0xff,0xfd,0xdd,0xb0,0x6c,0x99,0x99,0x9c,0xff,0xa9,0x99,0x00,0x00,0x00,0x00,0xaf,0x90,0x00,0x00,0x0a,0xff,
0xff,0xff,0xff,0xff,0xff,0x00,0x00,0x00,0x00,0xaf,0x90,0x00,0x00,0x05,0x88,0x88,0xff,0x98,0x89,0xff,0x00,0x6e,0xee,0xee,
0xff,0xfe,0xee,0xee,0x00,0x00,0x00,0xff,0x30,0x03,0xff,0x00,0x6f,0xff,0xff,0xff,0xff,0xff,0xff,0x00,0x00,0x00,0xff,0x30,
0x03,0xff,0x00,0x00,0x00,0x00,0x00,0x00,0x00,0x00,0x00,0x00,0x00,0xff,0x30,0x03,0xff,0x00,0x00,0x01,0x11,0x11,0x11,0x11,
0x00,0x8d,0xdd,0xdd,0xff,0xdd,0xdd,0xff,0xd8,0x00,0xef,0xff,0xff,0xff,0xff,0xd0,0xaf,0xff,0xff,0xff,0xff,0xff,0xff,0xfa,
0x00,0xef,0xed,0xdd,0xdd,0xef,0xd0,0x34,0x44,0x45,0xff,0x74,0x47,0xff,0x43,0x00,0xef,0x40,0x00,0x00,0x5f,0xd0,0x00,0x00,
0x00,0xff,0x30,0x03,0xff,0x00,0x00,0xef,0x40,0x00,0x00,0x5f,0xd0,0x00,0x00,0x00,0xff,0x30,0x03,0xff,0x00,0x00,0xef,0xdc,
0xcc,0xcc,0xdf,0xd0,0x00,0x00,0x00,0xff,0x30,0x03,0xff,0x00,0x00,0xef,0xff,0xff,0xff,0xff,0xd0,0x0d,0xff,0xff,0xff,0xff,
0xff,0xff,0x00,0x00,0xef,0x40,0x00,0x00,0x5f,0xd0,0x0d,0xff,0xff,0xff,0xff,0xff,0xff,0x00,0x00,0xef,0x40,0x00,0x00,0x5f,
0xd0,0x02,0x33,0x33,0xff,0x53,0x33,0x33,0x00,0x00,0xef,0xdc,0xcc,0xcc,0xdf,0xd0,0x00,0x00,0x00,0xff,0x30,0x00,0x00,0x00,
0x00,0xef,0xff,0xff,0xff,0xff,0xd0,0x00,0x00,0x00,0xff,0x30,0x00,0x00,0x00,0x00,0xef,0x40,0x00,0x00,0x5f,0xd0,0x00,0x00,
0x00,0xff,0x30,0x00,0x00,0x00,0x00,0xef,0x40,0x00,0x00,0x5f,0xd0,0x00,0x00,0x00,0xff,0x30,0x00,0x00,0x00,0x00,0xef,0x40,
0x00,0x00,0x7f,0xc0,0x00,0x21,0x16,0xff,0x10,0x00,0x00,0x00,0x00,0xef,0x40,0x00,0xef,0xff,0x80,0x00,0xef,0xff,0xfc,0x00,
0x00,0x00,0x00,0x00,0xef,0x40,0x00,0xaf,0xfa,0x20,0x00,0xaf,0xff,0xa3,0x00,0x00,0x00,0x00,0x00,0x22,0x00,0x00,0x00,0x00,
0x00,0x00,0x00,0x00,0x00,0x00,0x00,0x00,0x00,
/* U+9760 */
0x00,0x00,0x00,0x00,0x00,0x00,0x00,0x34,0x10,0x00,0x00,0x00,0x00,0x00,0x00,0x00,0x00,0x00,0x9e,0x80,0x00,0x00,0xef,0x40,
0x00,0x00,0x00,0x00,0x00,0x00,0x00,0x00,0x06,0xff,0x20,0x00,0x00,0xef,0x40,0x00,0x00,0x00,0x00,0x00,0x00,0x00,0x00,0x4f,
0xff,0xff,0xff,0xff,0xff,0xff,0xff,0xff,0xff,0xff,0x60,0x00,0x00,0x07,0xff,0xdc,0xcc,0xcc,0xcc,0xff,0xdc,0xcc,0xcc,0xcc,
0xcc,0x50,0x00,0x00,0x7f,0xf7,0x00,0x00,0x00,0x00,0xef,0x40,0x00,0x00,0x00,0x00,0x00,0x00,0x01,0x1d,0x61,0x11,0x11,0x11,
0x11,0xef,0x51,0x11,0x11,0x11,0x11,0x11,0x10,0x2f,0xff,0xff,0xff,0xff,0xff,0xff,0xff,0xff,0xff,0xff,0xff,0xff,0xff,0xf2,
0x2b,0xbb,0xbb,0xbb,0xbb,0xbb,0xbb,0xbb,0xbb,0xbb,0xbb,0xbb,0xbb,0xbb,0xb2,0x00,0x00,0x00,0x00,0x00,0x00,0x00,0x00,0x00,
0x00,0x00,0x00,0x00,0x00,0x00,0x00,0x00,0x57,0x77,0x77,0x77,0x77,0x77,0x77,0x77,0x77,0x77,0x75,0x00,0x00,0x00,0x00,0xbf,
0xff,0xff,0xff,0xff,0xff,0xff,0xff,0xff,0xff,0xfb,0x00,0x00,0x00,0x00,0xbf,0x92,0x22,0x22,0x22,0x22,0x22,0x22,0x22,0x2a,
0xfb,0x00,0x00,0x00,0x00,0xbf,0x80,0x00,0x00,0x00,0x00,0x00,0x00,0x00,0x08,0xfb,0x00,0x00,0x00,0x00,0xbf,0xda,0xaa,0xaa,
0xaa,0xaa,0xaa,0xaa,0xaa,0xad,0xfb,0x00,0x00,0x00,0x00,0xbf,0xff,0xff,0xff,0xff,0xff,0xff,0xff,0xff,0xff,0xfb,0x00,0x00,
0x00,0x00,0x00,0x00,0x00,0x0f,0xf4,0x00,0x6f,0xe0,0x00,0x00,0x00,0x00,0x00,0x00,0x00,0x00,0x00,0x00,0x0f,0xf3,0x00,0x5f,
0xd0,0x00,0x00,0x00,0x00,0x00,0x03,0xee,0xee,0xee,0xee,0xef,0xf3,0x00,0x5f,0xfe,0xee,0xee,0xee,0xee,0x00,0x03,0xdd,0xdd,
0xdd,0xdd,0xdf,0xf3,0x00,0x5f,0xfd,0xdd,0xdd,0xdd,0xdd,0x00,0x00,0x00,0x00,0x00,0x00,0x0f,0xf3,0x00,0x5f,0xd0,0x00,0x00,
0x00,0x00,0x00,0x00,0x02,0x22,0x22,0x22,0x2f,0xf3,0x00,0x5f,0xe2,0x22,0x22,0x22,0x20,0x00,0x00,0x4f,0xff,0xff,0xff,0xff,
0xf3,0x00,0x5f,0xff,0xff,0xff,0xff,0xd0,0x00,0x00,0x28,0x88,0x88,0x88,0x8f,0xf3,0x00,0x5f,0xf8,0x88,0x88,0x88,0x70,0x00,
0x00,0x00,0x00,0x00,0x00,0x0f,0xf3,0x00,0x5f,0xd0,0x00,0x00,0x00,0x00,0x00,0x06,0x66,0x66,0x66,0x66,0x6f,0xf3,0x00,0x5f,
0xe6,0x66,0x66,0x66,0x66,0x60,0x1f,0xff,0xff,0xff,0xff,0xff,0xf3,0x00,0x5f,0xff,0xff,0xff,0xff,0xff,0xf2,0x07,0x77,0x77,
0x77,0x77,0x7f,0xf3,0x00,0x5f,0xe7,0x77,0x77,0x77,0x77,0x71,0x00,0x00,0x00,0x00,0x00,0x0f,0xf3,0x00,0x5f,0xd0,0x00,0x00,
0x00,0x00,0x00,0x00,0x00,0x00,0x00,0x00,0x0f,0xf3,0x00,0x5f,0xd0,0x00,0x00,0x00,0x00,0x00,0x00,0x00,0x00,0x00,0x00,0x05,
0x51,0x00,0x15,0x40,0x00,0x00,0x00,0x00,0x00,
/* U+9875 */
0x1c,0xcc,0xcc,0xcc,0xcc,0xcc,0xcc,0xcc,0xcc,0xcc,0xcc,0xcc,0xcc,0xcc,0xc1,0x1f,0xff,0xff,0xff,0xff,0xff,0xff,0xff,0xff,
0xff,0xff,0xff,0xff,0xff,0xf1,0x06,0x66,0x66,0x66,0x66,0x66,0x68,0xff,0x76,0x66,0x66,0x66,0x66,0x66,0x60,0x00,0x00,0x00,
0x00,0x00,0x00,0x07,0xff,0x00,0x00,0x00,0x00,0x00,0x00,0x00,0x00,0x00,0x00,0x00,0x00,0x00,0x0a,0xfc,0x00,0x00,0x00,0x00,
0x00,0x00,0x00,0x00,0x00,0x02,0x22,0x22,0x22,0x2d,0xfa,0x22,0x22,0x22,0x22,0x10,0x00,0x00,0x00,0x00,0x0f,0xff,0xff,0xff,
0xff,0xff,0xff,0xff,0xff,0xff,0xe0,0x00,0x00,0x00,0x00,0x0f,0xff,0xff,0xff,0xff,0xff,0xff,0xff,0xff,0xff,0xe0,0x00,0x00,
0x00,0x00,0x0f,0xf5,0x11,0x11,0x11,0x11,0x11,0x11,0x11,0x7f,0xe0,0x00,0x00,0x00,0x00,0x0f,0xf4,0x00,0x00,0x00,0x00,0x00,
0x00,0x00,0x6f,0xe0,0x00,0x00,0x00,0x00,0x0f,0xf4,0x00,0x00,0x02,0xff,0x20,0x00,0x00,0x6f,0xe0,0x00,0x00,0x00,0x00,0x0f,
0xf4,0x00,0x00,0x02,0xff,0x20,0x00,0x00,0x6f,0xe0,0x00,0x00,0x00,0x00,0x0f,0xf4,0x00,0x00,0x02,0xff,0x20,0x00,0x00,0x6f,
0xe0,0x00,0x00,0x00,0x00,0x0f,0xf4,0x00,0x00,0x02,0xff,0x20,0x00,0x00,0x6f,0xe0,0x00,0x00,0x00,0x00,0x0f,0xf4,0x00,0x00,
0x02,0xff,0x20,0x00,0x00,0x6f,0xe0,0x00,0x00,0x00,0x00,0x0f,0xf4,0x00,0x00,0x04,0xff,0x10,0x00,0x00,0x6f,0xe0,0x00,0x00,
0x00,0x00,0x0f,0xf4,0x00,0x00,0x07,0xfe,0x00,0x00,0x00,0x6f,0xe0,0x00,0x00,0x00,0x00,0x0f,0xf4,0x00,0x00,0x0a,0xfb,0x00,
0x00,0x00,0x6f,0xe0,0x00,0x00,0x00,0x00,0x0f,0xf4,0x00,0x00,0x0d,0xf8,0x00,0x00,0x00,0x6f,0xe0,0x00,0x00,0x00,0x00,0x0f,
0xf4,0x00,0x00,0x4f,0xf4,0x00,0x00,0x00,0x6f,0xe0,0x00,0x00,0x00,0x00,0x0f,0xf4,0x00,0x00,0xef,0xc0,0x00,0x00,0x00,0x6f,
0xe0,0x00,0x00,0x00,0x00,0x01,0x10,0x00,0x09,0xff,0x20,0x3c,0x60,0x00,0x00,0x00,0x00,0x00,0x00,0x00,0x00,0x00,0x00,0x9f,
0xf7,0x00,0xdf,0xff,0x93,0x00,0x00,0x00,0x00,0x00,0x00,0x00,0x00,0x5d,0xff,0xb0,0x00,0x3a,0xff,0xff,0xd6,0x00,0x00,0x00,
0x00,0x00,0x01,0x7d,0xff,0xf8,0x00,0x00,0x00,0x17,0xdf,0xff,0xd5,0x00,0x00,0x00,0x48,0xcf,0xff,0xfb,0x30,0x00,0x00,0x00,
0x00,0x04,0xcf,0xff,0xd5,0x00,0x04,0xff,0xff,0xf9,0x30,0x00,0x00,0x00,0x00,0x00,0x00,0x05,0xef,0xff,0x20,0x00,0xad,0x94,
0x00,0x00,0x00,0x00,0x00,0x00,0x00,0x00,0x00,0x07,0xf8,0x00,0x00,0x00,0x00,0x00,0x00,0x00,0x00,0x00,0x00,0x00,0x00,0x00,
0x00,0x10,0x00,
/* U+987E */
0x00,0x7a,0xaa,0xaa,0xaa,0xaa,0xaa,0x52,0xaa,0xaa,0xaa,0xaa,0xaa,0xaa,0xa2,0x00,0xcf,0xff,0xff,0xff,0xff,0xff,0x94,0xff,
0xff,0xff,0xff,0xff,0xff,0xf3,0x00,0xcf,0xc8,0x88,0x88,0x88,0x88,0x51,0x77,0x77,0x7e,0xfa,0x77,0x77,0x71,0x00,0xcf,0x70,
0x00,0x00,0x00,0x00,0x00,0x00,0x00,0x0f,0xf3,0x00,0x00,0x00,0x00,0xcf,0x70,0x00,0x00,0x00,0x00,0x00,0x00,0x00,0x1f,0xf0,
0x00,0x00,0x00,0x00,0xcf,0x70,0x00,0x00,0x00,0x00,0x00,0x00,0x00,0x4f,0xd0,0x00,0x00,0x00,0x00,0xcf,0x70,0x00,0x00,0x00,
0x00,0x00,0x7f,0xff,0xff,0xff,0xff,0xff,0x00,0x00,0xcf,0x70,0x3f,0xff,0xff,0xff,0x20,0x7f,0xfe,0xee,0xee,0xee,0xff,0x00,
0x00,0xcf,0x70,0x4f,0xff,0xff,0xff,0x20,0x7f,0x90,0x00,0x00,0x00,0xff,0x00,0x00,0xcf,0x70,0x4f,0xc0,0x00,0xdf,0x20,0x7f,
0x90,0x03,0x51,0x00,0xff,0x00,0x00,0xcf,0x70,0x4f,0xc0,0x00,0xdf,0x20,0x7f,0x90,0x0a,0xf5,0x00,0xff,0x00,0x00,0xcf,0x70,
0x4f,0xc0,0x00,0xdf,0x20,0x7f,0x90,0x0a,0xf5,0x00,0xff,0x00,0x00,0xcf,0x70,0x4f,0xc0,0x00,0xdf,0x20,0x7f,0x90,0x0a,0xf5,
0x00,0xff,0x00,0x00,0xcf,0x70,0x4f,0xc0,0x00,0xdf,0x20,0x7f,0x90,0x0a,0xf5,0x00,0xff,0x00,0x00,0xdf,0x60,0x4f,0xc0,0x00,
0xdf,0x20,0x7f,0x90,0x0a,0xf5,0x00,0xff,0x00,0x00,0xdf,0x50,0x4f,0xc0,0x00,0xef,0x20,0x7f,0x90,0x0a,0xf4,0x00,0xff,0x00,
0x00,0xef,0x50,0x4f,0xc2,0x9a,0xff,0x00,0x7f,0x90,0x0c,0xf2,0x00,0xff,0x00,0x00,0xff,0x40,0x4f,0xc0,0xff,0xf9,0x00,0x7f,
0x90,0x0e,0xf0,0x00,0xff,0x00,0x01,0xff,0x20,0x4f,0xc0,0x34,0x10,0x00,0x7f,0x90,0x0f,0xe0,0x00,0xff,0x00,0x02,0xff,0x00,
0x4f,0xc0,0x00,0x00,0x00,0x7f,0x90,0x3f,0xc0,0x00,0xff,0x00,0x04,0xfe,0x00,0x4f,0xc0,0x00,0x00,0x00,0x7f,0x90,0xaf,0x80,
0x00,0xff,0x00,0x07,0xfc,0x00,0x4f,0xc0,0x00,0x05,0x20,0x25,0x30,0xff,0x20,0x00,0x66,0x00,0x0a,0xf8,0x00,0x4f,0xc0,0x06,
0xdf,0x50,0x00,0x08,0xfb,0x05,0xc1,0x00,0x00,0x0e,0xf5,0x00,0x4f,0xd8,0xef,0xfd,0x30,0x00,0x8f,0xf4,0x0d,0xfe,0x30,0x00,
0x2f,0xf1,0x00,0xdf,0xff,0xfc,0x50,0x00,0x08,0xff,0x70,0x00,0xbf,0xf5,0x00,0x7f,0xd0,0x00,0xbf,0xe9,0x30,0x00,0x06,0xef,
0xf7,0x00,0x00,0x09,0xff,0x60,0xbf,0x70,0x00,0x34,0x00,0x00,0x01,0xdf,0xfe,0x60,0x00,0x00,0x00,0x8f,0xf6,0x1c,0x10,0x00,
0x00,0x00,0x00,0x00,0xbf,0x70,0x00,0x00,0x00,0x00,0x09,0xf4,0x00,0x00,0x00,0x00,0x00,0x00,0x00,0x11,0x00,0x00,0x00,0x00,
0x00,0x00,0x30,
/* U+9898 */
0x00,0x7e,0xee,0xee,0xee,0xee,0xe5,0x0c,0xdd,0xdd,0xdd,0xdd,0xdd,0xdd,0xc0,0x00,0x8f,0xff,0xff,0xff,0xff,0xf6,0x0e,0xff,
0xff,0xff,0xff,0xff,0xff,0xe0,0x00,0x8f,0xb0,0x00,0x00,0x0d,0xf6,0x03,0x33,0x33,0x4f,0xf4,0x33,0x33,0x30,0x00,0x8f,0xb0,
0x00,0x00,0x0d,0xf6,0x00,0x00,0x00,0x2f,0xe0,0x00,0x00,0x00,0x00,0x8f,0xc2,0x22,0x22,0x2d,0xf6,0x00,0x23,0x33,0x6f,0xd3,
0x33,0x33,0x00,0x00,0x8f,0xff,0xff,0xff,0xff,0xf6,0x00,0xff,0xff,0xff,0xff,0xff,0xff,0x00,0x00,0x8f,0xea,0xaa,0xaa,0xaf,
0xf6,0x00,0xff,0xdc,0xcc,0xcc,0xcd,0xff,0x00,0x00,0x8f,0xb0,0x00,0x00,0x0d,0xf6,0x00,0xff,0x10,0x00,0x00,0x02,0xff,0x00,
0x00,0x8f,0xb0,0x00,0x00,0x0d,0xf6,0x00,0xff,0x10,0x0b,0xb0,0x02,0xff,0x00,0x00,0x8f,0xea,0xaa,0xaa,0xaf,0xf6,0x00,0xff,
0x10,0x1f,0xf0,0x02,0xff,0x00,0x00,0x8f,0xff,0xff,0xff,0xff,0xf6,0x00,0xff,0x10,0x1f,0xf0,0x02,0xff,0x00,0x00,0x24,0x44,
0x44,0x44,0x44,0x41,0x00,0xff,0x10,0x1f,0xf0,0x02,0xff,0x00,0x00,0x00,0x00,0x00,0x00,0x00,0x00,0x00,0xff,0x10,0x1f,0xf0,
0x02,0xff,0x00,0x08,0x99,0x99,0x99,0x99,0x99,0x99,0x50,0xff,0x10,0x2f,0xf0,0x02,0xff,0x00,0x0f,0xff,0xff,0xff,0xff,0xff,
0xff,0x90,0xff,0x10,0x4f,0xd0,0x02,0xff,0x00,0x08,0x88,0x88,0x8d,0xfb,0x88,0x88,0x50,0xff,0x10,0x6f,0xb0,0x02,0xff,0x00,
0x00,0x00,0x00,0x09,0xf6,0x00,0x00,0x00,0xff,0x10,0xaf,0x90,0x02,0xff,0x00,0x00,0x2f,0xc0,0x09,0xf6,0x00,0x00,0x00,0xbb,
0x10,0xff,0x40,0x01,0xbb,0x00,0x00,0x5f,0xd0,0x09,0xf7,0x11,0x11,0x00,0x00,0x06,0xfe,0x06,0xe2,0x00,0x00,0x00,0x8f,0xb0,
0x09,0xff,0xff,0xfd,0x00,0x00,0x4f,0xf8,0x0d,0xff,0x40,0x00,0x00,0xaf,0xd0,0x09,0xff,0xff,0xfc,0x00,0x05,0xff,0xd1,0x01,
0xcf,0xf6,0x00,0x00,0xdf,0xf9,0x09,0xf6,0x00,0x00,0x04,0xcf,0xfd,0x10,0x00,0x0b,0xff,0x50,0x01,0xff,0xef,0x89,0xf6,0x00,
0x00,0x1e,0xff,0xb1,0x00,0x00,0x00,0xbf,0xf1,0x08,0xfc,0x1e,0xff,0xf6,0x00,0x00,0x06,0xc3,0x00,0x00,0x00,0x00,0x0c,0x30,
0x0e,0xf5,0x02,0xff,0xfa,0x30,0x00,0x00,0x00,0x00,0x00,0x00,0x00,0x00,0x00,0x5f,0xe0,0x00,0x2b,0xff,0xff,0xec,0xba,0x99,
0x88,0x88,0x77,0x88,0x88,0x96,0xcf,0x70,0x00,0x00,0x5a,0xef,0xff,0xff,0xff,0xff,0xff,0xff,0xff,0xff,0xf8,0x2d,0x10,0x00,
0x00,0x00,0x01,0x35,0x67,0x89,0x9a,0xaa,0xab,0xbb,0xbb,0xb4,
/* U+FF01 */
0x6d,0xd6,0x6f,0xf7,0x6f,0xf6,0x6f,0xf6,0x5f,0xf5,0x5f,0xf5,0x4f,0xf4,0x4f,0xf4,0x3f,0xf3,0x3f,0xf3,0x2f,0xf2,0x2f,0xf2,
0x1f,0xf2,0x1f,0xf1,0x0f,0xf1,0x0f,0xf0,0x0d,0xd0,0x00,0x00,0x00,0x00,0x29,0x92,0xaf,0xfb,0xcf,0xfc,0x3c,0xc4,
/* U+FF0C */
0x03,0xaa,0x20,0x0d,0xff,0xd0,0x0f,0xff,0xf1,0x07,0xff,0xf4,0x00,0x0a,0xf2,0x00,0x0e,0xe0,0x00,0x9f,0x60,0x1d,0xf9,0x00,
0x3d,0x60,0x00,
/* U+FF1A */
0x04,0x40,0x8f,0xf8,0xdf,0xfe,0x8f,0xf8,0x03,0x30,0x00,0x00,0x00,0x00,0x00,0x00,0x00,0x00,0x00,0x00,0x00,0x00,0x00,0x00,
0x18,0x81,0xaf,0xfb,0xdf,0xfd,0x5e,0xe5,
/* U+FF1B */
0x00,0x44,0x00,0x08,0xff,0x90,0x0d,0xff,0xe0,0x08,0xff,0x90,0x00,0x44,0x00,0x00,0x00,0x00,0x00,0x00,0x00,0x00,0x00,0x00,
0x00,0x00,0x00,0x00,0x00,0x00,0x00,0x00,0x00,0x00,0x00,0x00,0x01,0x79,0x10,0x0b,0xff,0xd0,0x0e,0xff,0xf2,0x07,0xff,0xf5,
0x00,0x1a,0xf3,0x00,0x0d,0xf0,0x00,0x7f,0x80,0x0c,0xfb,0x00,0x2f,0x80,0x00,
/* U+FF1F */
0x00,0x00,0x00,0x24,0x10,0x00,0x00,0x00,0x04,0xcf,0xff,0xff,0x91,0x00,0x00,0x9f,0xff,0xff,0xff,0xff,0x40,0x08,0xff,0xc4,
0x10,0x28,0xff,0xe1,0x2f,0xfb,0x00,0x00,0x00,0x6f,0xf8,0x8f,0xf2,0x00,0x00,0x00,0x0e,0xfc,0xbf,0xc0,0x00,0x00,0x00,0x0b,
0xfe,0xdf,0xa0,0x00,0x00,0x00,0x0b,0xfe,0x23,0x10,0x00,0x00,0x00,0x0e,0xfc,0x00,0x00,0x00,0x00,0x00,0x9f,0xf6,0x00,0x00,
0x00,0x00,0x07,0xff,0xd0,0x00,0x00,0x00,0x00,0x7f,0xfd,0x10,0x00,0x00,0x00,0x07,0xff,0xc1,0x00,0x00,0x00,0x00,0x4f,0xfd,
0x00,0x00,0x00,0x00,0x00,0xdf,0xe1,0x00,0x00,0x00,0x00,0x01,0xff,0x80,0x00,0x00,0x00,0x00,0x05,0xff,0x40,0x00,0x00,0x00,
0x00,0x07,0xff,0x10,0x00,0x00,0x00,0x00,0x00,0x00,0x00,0x00,0x00,0x00,0x00,0x00,0x00,0x00,0x00,0x00,0x00,0x00,0x03,0xa8,
0x10,0x00,0x00,0x00,0x00,0x0d,0xff,0x80,0x00,0x00,0x00,0x00,0x0e,0xff,0x90,0x00,0x00,0x00,0x00,0x05,0xdb,0x20,0x00,0x00,

};
static const lv_font_fmt_txt_glyph_dsc_t glyphs[]={
{0,0,0,0,0,0},
{.bitmap_index=0,.adv_w=142,.box_w=0,.box_h=0,.ofs_x=0,.ofs_y=0},
{.bitmap_index=0,.adv_w=133,.box_w=4,.box_h=23,.ofs_x=2,.ofs_y=0},
{.bitmap_index=46,.adv_w=218,.box_w=8,.box_h=9,.ofs_x=3,.ofs_y=14},
{.bitmap_index=82,.adv_w=285,.box_w=16,.box_h=23,.ofs_x=1,.ofs_y=0},
{.bitmap_index=266,.adv_w=285,.box_w=17,.box_h=30,.ofs_x=0,.ofs_y=-4},
{.bitmap_index=521,.adv_w=512,.box_w=26,.box_h=25,.ofs_x=3,.ofs_y=-1},
{.bitmap_index=846,.adv_w=323,.box_w=20,.box_h=24,.ofs_x=1,.ofs_y=-1},
{.bitmap_index=1086,.adv_w=142,.box_w=3,.box_h=9,.ofs_x=3,.ofs_y=14},
{.bitmap_index=1100,.adv_w=133,.box_w=8,.box_h=31,.ofs_x=1,.ofs_y=-7},
{.bitmap_index=1224,.adv_w=133,.box_w=8,.box_h=31,.ofs_x=-1,.ofs_y=-7},
{.bitmap_index=1348,.adv_w=180,.box_w=11,.box_h=9,.ofs_x=0,.ofs_y=14},
{.bitmap_index=1398,.adv_w=307,.box_w=17,.box_h=17,.ofs_x=1,.ofs_y=0},
{.bitmap_index=1543,.adv_w=142,.box_w=5,.box_h=9,.ofs_x=2,.ofs_y=-5},
{.bitmap_index=1566,.adv_w=199,.box_w=10,.box_h=4,.ofs_x=1,.ofs_y=7},
{.bitmap_index=1586,.adv_w=142,.box_w=5,.box_h=4,.ofs_x=2,.ofs_y=0},
{.bitmap_index=1596,.adv_w=170,.box_w=12,.box_h=25,.ofs_x=-1,.ofs_y=-1},
{.bitmap_index=1746,.adv_w=285,.box_w=16,.box_h=24,.ofs_x=1,.ofs_y=-1},
{.bitmap_index=1938,.adv_w=285,.box_w=10,.box_h=23,.ofs_x=2,.ofs_y=0},
{.bitmap_index=2053,.adv_w=285,.box_w=16,.box_h=23,.ofs_x=0,.ofs_y=0},
{.bitmap_index=2237,.adv_w=285,.box_w=16,.box_h=24,.ofs_x=1,.ofs_y=-1},
{.bitmap_index=2429,.adv_w=285,.box_w=17,.box_h=23,.ofs_x=0,.ofs_y=0},
{.bitmap_index=2625,.adv_w=285,.box_w=16,.box_h=24,.ofs_x=1,.ofs_y=-1},
{.bitmap_index=2817,.adv_w=285,.box_w=16,.box_h=24,.ofs_x=1,.ofs_y=-1},
{.bitmap_index=3009,.adv_w=285,.box_w=16,.box_h=23,.ofs_x=1,.ofs_y=0},
{.bitmap_index=3193,.adv_w=285,.box_w=16,.box_h=24,.ofs_x=1,.ofs_y=-1},
{.bitmap_index=3385,.adv_w=285,.box_w=16,.box_h=24,.ofs_x=1,.ofs_y=-1},
{.bitmap_index=3577,.adv_w=142,.box_w=5,.box_h=17,.ofs_x=2,.ofs_y=0},
{.bitmap_index=3620,.adv_w=142,.box_w=5,.box_h=22,.ofs_x=2,.ofs_y=-5},
{.bitmap_index=3675,.adv_w=307,.box_w=17,.box_h=17,.ofs_x=1,.ofs_y=0},
{.bitmap_index=3820,.adv_w=307,.box_w=17,.box_h=10,.ofs_x=1,.ofs_y=3},
{.bitmap_index=3905,.adv_w=307,.box_w=17,.box_h=17,.ofs_x=1,.ofs_y=0},
{.bitmap_index=4050,.adv_w=285,.box_w=15,.box_h=24,.ofs_x=1,.ofs_y=0},
{.bitmap_index=4230,.adv_w=410,.box_w=23,.box_h=25,.ofs_x=1,.ofs_y=-1},
{.bitmap_index=4518,.adv_w=332,.box_w=21,.box_h=23,.ofs_x=0,.ofs_y=0},
{.bitmap_index=4760,.adv_w=351,.box_w=19,.box_h=23,.ofs_x=2,.ofs_y=0},
{.bitmap_index=4979,.adv_w=370,.box_w=21,.box_h=25,.ofs_x=1,.ofs_y=-1},
{.bitmap_index=5242,.adv_w=360,.box_w=20,.box_h=23,.ofs_x=2,.ofs_y=0},
{.bitmap_index=5472,.adv_w=313,.box_w=17,.box_h=23,.ofs_x=2,.ofs_y=0},
{.bitmap_index=5668,.adv_w=294,.box_w=16,.box_h=23,.ofs_x=2,.ofs_y=0},
{.bitmap_index=5852,.adv_w=389,.box_w=22,.box_h=25,.ofs_x=1,.ofs_y=-1},
{.bitmap_index=6127,.adv_w=370,.box_w=19,.box_h=23,.ofs_x=2,.ofs_y=0},
{.bitmap_index=6346,.adv_w=133,.box_w=4,.box_h=23,.ofs_x=2,.ofs_y=0},
{.bitmap_index=6392,.adv_w=266,.box_w=15,.box_h=24,.ofs_x=0,.ofs_y=-1},
{.bitmap_index=6572,.adv_w=342,.box_w=20,.box_h=23,.ofs_x=2,.ofs_y=0},
{.bitmap_index=6802,.adv_w=285,.box_w=16,.box_h=23,.ofs_x=2,.ofs_y=0},
{.bitmap_index=6986,.adv_w=446,.box_w=24,.box_h=23,.ofs_x=2,.ofs_y=0},
{.bitmap_index=7262,.adv_w=370,.box_w=19,.box_h=23,.ofs_x=2,.ofs_y=0},
{.bitmap_index=7481,.adv_w=389,.box_w=23,.box_h=25,.ofs_x=1,.ofs_y=-1},
{.bitmap_index=7769,.adv_w=332,.box_w=18,.box_h=23,.ofs_x=2,.ofs_y=0},
{.bitmap_index=7976,.adv_w=389,.box_w=23,.box_h=26,.ofs_x=1,.ofs_y=-2},
{.bitmap_index=8275,.adv_w=351,.box_w=19,.box_h=23,.ofs_x=2,.ofs_y=0},
{.bitmap_index=8494,.adv_w=332,.box_w=19,.box_h=25,.ofs_x=1,.ofs_y=-1},
{.bitmap_index=8732,.adv_w=294,.box_w=19,.box_h=23,.ofs_x=0,.ofs_y=0},
{.bitmap_index=8951,.adv_w=370,.box_w=19,.box_h=24,.ofs_x=2,.ofs_y=-1},
{.bitmap_index=9179,.adv_w=313,.box_w=20,.box_h=23,.ofs_x=0,.ofs_y=0},
{.bitmap_index=9409,.adv_w=474,.box_w=30,.box_h=23,.ofs_x=0,.ofs_y=0},
{.bitmap_index=9754,.adv_w=313,.box_w=20,.box_h=23,.ofs_x=0,.ofs_y=0},
{.bitmap_index=9984,.adv_w=332,.box_w=21,.box_h=23,.ofs_x=0,.ofs_y=0},
{.bitmap_index=10226,.adv_w=313,.box_w=19,.box_h=23,.ofs_x=0,.ofs_y=0},
{.bitmap_index=10445,.adv_w=133,.box_w=7,.box_h=31,.ofs_x=2,.ofs_y=-7},
{.bitmap_index=10554,.adv_w=170,.box_w=13,.box_h=25,.ofs_x=-1,.ofs_y=-1},
{.bitmap_index=10717,.adv_w=133,.box_w=6,.box_h=31,.ofs_x=0,.ofs_y=-7},
{.bitmap_index=10810,.adv_w=307,.box_w=17,.box_h=15,.ofs_x=1,.ofs_y=8},
{.bitmap_index=10938,.adv_w=256,.box_w=16,.box_h=2,.ofs_x=0,.ofs_y=-4},
{.bitmap_index=10954,.adv_w=114,.box_w=7,.box_h=6,.ofs_x=-1,.ofs_y=19},
{.bitmap_index=10975,.adv_w=275,.box_w=16,.box_h=18,.ofs_x=1,.ofs_y=-1},
{.bitmap_index=11119,.adv_w=304,.box_w=16,.box_h=24,.ofs_x=2,.ofs_y=-1},
{.bitmap_index=11311,.adv_w=275,.box_w=15,.box_h=18,.ofs_x=1,.ofs_y=-1},
{.bitmap_index=11446,.adv_w=304,.box_w=16,.box_h=24,.ofs_x=1,.ofs_y=-1},
{.bitmap_index=11638,.adv_w=275,.box_w=16,.box_h=18,.ofs_x=1,.ofs_y=-1},
{.bitmap_index=11782,.adv_w=152,.box_w=10,.box_h=24,.ofs_x=0,.ofs_y=0},
{.bitmap_index=11902,.adv_w=294,.box_w=16,.box_h=24,.ofs_x=1,.ofs_y=-7},
{.bitmap_index=12094,.adv_w=285,.box_w=14,.box_h=23,.ofs_x=2,.ofs_y=0},
{.bitmap_index=12255,.adv_w=114,.box_w=3,.box_h=23,.ofs_x=2,.ofs_y=0},
{.bitmap_index=12290,.adv_w=114,.box_w=6,.box_h=30,.ofs_x=-1,.ofs_y=-7},
{.bitmap_index=12380,.adv_w=266,.box_w=15,.box_h=23,.ofs_x=2,.ofs_y=0},
{.bitmap_index=12553,.adv_w=114,.box_w=3,.box_h=23,.ofs_x=2,.ofs_y=0},
{.bitmap_index=12588,.adv_w=437,.box_w=24,.box_h=17,.ofs_x=2,.ofs_y=0},
{.bitmap_index=12792,.adv_w=285,.box_w=14,.box_h=17,.ofs_x=2,.ofs_y=0},
{.bitmap_index=12911,.adv_w=294,.box_w=17,.box_h=18,.ofs_x=1,.ofs_y=-1},
{.bitmap_index=13064,.adv_w=304,.box_w=16,.box_h=24,.ofs_x=2,.ofs_y=-7},
{.bitmap_index=13256,.adv_w=304,.box_w=16,.box_h=24,.ofs_x=1,.ofs_y=-7},
{.bitmap_index=13448,.adv_w=170,.box_w=9,.box_h=17,.ofs_x=2,.ofs_y=0},
{.bitmap_index=13525,.adv_w=256,.box_w=14,.box_h=18,.ofs_x=1,.ofs_y=-1},
{.bitmap_index=13651,.adv_w=161,.box_w=10,.box_h=22,.ofs_x=0,.ofs_y=0},
{.bitmap_index=13761,.adv_w=285,.box_w=14,.box_h=18,.ofs_x=2,.ofs_y=-1},
{.bitmap_index=13887,.adv_w=256,.box_w=16,.box_h=17,.ofs_x=0,.ofs_y=0},
{.bitmap_index=14023,.adv_w=388,.box_w=24,.box_h=17,.ofs_x=0,.ofs_y=0},
{.bitmap_index=14227,.adv_w=265,.box_w=16,.box_h=17,.ofs_x=0,.ofs_y=0},
{.bitmap_index=14363,.adv_w=256,.box_w=16,.box_h=24,.ofs_x=0,.ofs_y=-7},
{.bitmap_index=14555,.adv_w=246,.box_w=15,.box_h=17,.ofs_x=0,.ofs_y=0},
{.bitmap_index=14683,.adv_w=170,.box_w=9,.box_h=31,.ofs_x=1,.ofs_y=-7},
{.bitmap_index=14823,.adv_w=114,.box_w=3,.box_h=33,.ofs_x=2,.ofs_y=-7},
{.bitmap_index=14873,.adv_w=170,.box_w=10,.box_h=31,.ofs_x=0,.ofs_y=-7},
{.bitmap_index=15028,.adv_w=307,.box_w=17,.box_h=6,.ofs_x=1,.ofs_y=8},
{.bitmap_index=15079,.adv_w=142,.box_w=0,.box_h=0,.ofs_x=0,.ofs_y=0},
{.bitmap_index=15079,.adv_w=142,.box_w=5,.box_h=4,.ofs_x=2,.ofs_y=8},
{.bitmap_index=15089,.adv_w=256,.box_w=16,.box_h=4,.ofs_x=0,.ofs_y=7},
{.bitmap_index=15121,.adv_w=512,.box_w=24,.box_h=4,.ofs_x=4,.ofs_y=7},
{.bitmap_index=15169,.adv_w=142,.box_w=5,.box_h=9,.ofs_x=2,.ofs_y=14},
{.bitmap_index=15192,.adv_w=142,.box_w=5,.box_h=9,.ofs_x=2,.ofs_y=14},
{.bitmap_index=15215,.adv_w=218,.box_w=10,.box_h=9,.ofs_x=2,.ofs_y=14},
{.bitmap_index=15260,.adv_w=218,.box_w=10,.box_h=9,.ofs_x=2,.ofs_y=14},
{.bitmap_index=15305,.adv_w=512,.box_w=26,.box_h=4,.ofs_x=3,.ofs_y=0},
{.bitmap_index=15357,.adv_w=512,.box_w=0,.box_h=0,.ofs_x=0,.ofs_y=0},
{.bitmap_index=15357,.adv_w=512,.box_w=8,.box_h=9,.ofs_x=4,.ofs_y=-4},
{.bitmap_index=15393,.adv_w=512,.box_w=10,.box_h=9,.ofs_x=3,.ofs_y=-4},
{.bitmap_index=15438,.adv_w=512,.box_w=30,.box_h=3,.ofs_x=1,.ofs_y=10},
{.bitmap_index=15483,.adv_w=512,.box_w=30,.box_h=29,.ofs_x=1,.ofs_y=-2},
{.bitmap_index=15918,.adv_w=512,.box_w=30,.box_h=29,.ofs_x=1,.ofs_y=-4},
{.bitmap_index=16353,.adv_w=512,.box_w=30,.box_h=29,.ofs_x=1,.ofs_y=-4},
{.bitmap_index=16788,.adv_w=512,.box_w=30,.box_h=31,.ofs_x=1,.ofs_y=-4},
{.bitmap_index=17253,.adv_w=512,.box_w=30,.box_h=31,.ofs_x=1,.ofs_y=-4},
{.bitmap_index=17718,.adv_w=512,.box_w=26,.box_h=31,.ofs_x=3,.ofs_y=-4},
{.bitmap_index=18121,.adv_w=512,.box_w=30,.box_h=29,.ofs_x=1,.ofs_y=-3},
{.bitmap_index=18556,.adv_w=512,.box_w=28,.box_h=30,.ofs_x=2,.ofs_y=-3},
{.bitmap_index=18976,.adv_w=512,.box_w=30,.box_h=30,.ofs_x=1,.ofs_y=-3},
{.bitmap_index=19426,.adv_w=512,.box_w=29,.box_h=31,.ofs_x=1,.ofs_y=-4},
{.bitmap_index=19876,.adv_w=512,.box_w=30,.box_h=31,.ofs_x=1,.ofs_y=-4},
{.bitmap_index=20341,.adv_w=512,.box_w=30,.box_h=28,.ofs_x=1,.ofs_y=-3},
{.bitmap_index=20761,.adv_w=512,.box_w=30,.box_h=29,.ofs_x=1,.ofs_y=-3},
{.bitmap_index=21196,.adv_w=512,.box_w=30,.box_h=30,.ofs_x=1,.ofs_y=-3},
{.bitmap_index=21646,.adv_w=512,.box_w=30,.box_h=31,.ofs_x=1,.ofs_y=-4},
{.bitmap_index=22111,.adv_w=512,.box_w=30,.box_h=29,.ofs_x=1,.ofs_y=-3},
{.bitmap_index=22546,.adv_w=512,.box_w=28,.box_h=29,.ofs_x=3,.ofs_y=-3},
{.bitmap_index=22952,.adv_w=512,.box_w=30,.box_h=31,.ofs_x=1,.ofs_y=-4},
{.bitmap_index=23417,.adv_w=512,.box_w=30,.box_h=30,.ofs_x=1,.ofs_y=-4},
{.bitmap_index=23867,.adv_w=512,.box_w=30,.box_h=30,.ofs_x=1,.ofs_y=-3},
{.bitmap_index=24317,.adv_w=512,.box_w=30,.box_h=31,.ofs_x=1,.ofs_y=-4},
{.bitmap_index=24782,.adv_w=512,.box_w=30,.box_h=31,.ofs_x=1,.ofs_y=-4},
{.bitmap_index=25247,.adv_w=512,.box_w=29,.box_h=31,.ofs_x=1,.ofs_y=-4},
{.bitmap_index=25697,.adv_w=512,.box_w=30,.box_h=31,.ofs_x=1,.ofs_y=-4},
{.bitmap_index=26162,.adv_w=512,.box_w=30,.box_h=31,.ofs_x=1,.ofs_y=-4},
{.bitmap_index=26627,.adv_w=512,.box_w=30,.box_h=30,.ofs_x=1,.ofs_y=-4},
{.bitmap_index=27077,.adv_w=512,.box_w=30,.box_h=30,.ofs_x=1,.ofs_y=-4},
{.bitmap_index=27527,.adv_w=512,.box_w=29,.box_h=31,.ofs_x=1,.ofs_y=-4},
{.bitmap_index=27977,.adv_w=512,.box_w=29,.box_h=29,.ofs_x=2,.ofs_y=-3},
{.bitmap_index=28398,.adv_w=512,.box_w=30,.box_h=30,.ofs_x=1,.ofs_y=-3},
{.bitmap_index=28848,.adv_w=512,.box_w=30,.box_h=30,.ofs_x=1,.ofs_y=-3},
{.bitmap_index=29298,.adv_w=512,.box_w=26,.box_h=31,.ofs_x=3,.ofs_y=-4},
{.bitmap_index=29701,.adv_w=512,.box_w=30,.box_h=29,.ofs_x=1,.ofs_y=-4},
{.bitmap_index=30136,.adv_w=512,.box_w=30,.box_h=30,.ofs_x=1,.ofs_y=-3},
{.bitmap_index=30586,.adv_w=512,.box_w=26,.box_h=30,.ofs_x=3,.ofs_y=-3},
{.bitmap_index=30976,.adv_w=512,.box_w=29,.box_h=30,.ofs_x=1,.ofs_y=-3},
{.bitmap_index=31411,.adv_w=512,.box_w=29,.box_h=29,.ofs_x=1,.ofs_y=-3},
{.bitmap_index=31832,.adv_w=512,.box_w=29,.box_h=29,.ofs_x=1,.ofs_y=-3},
{.bitmap_index=32253,.adv_w=512,.box_w=30,.box_h=31,.ofs_x=1,.ofs_y=-4},
{.bitmap_index=32718,.adv_w=512,.box_w=26,.box_h=29,.ofs_x=2,.ofs_y=-3},
{.bitmap_index=33095,.adv_w=512,.box_w=30,.box_h=29,.ofs_x=1,.ofs_y=-3},
{.bitmap_index=33530,.adv_w=512,.box_w=27,.box_h=29,.ofs_x=2,.ofs_y=-4},
{.bitmap_index=33922,.adv_w=512,.box_w=30,.box_h=31,.ofs_x=1,.ofs_y=-4},
{.bitmap_index=34387,.adv_w=512,.box_w=30,.box_h=31,.ofs_x=1,.ofs_y=-4},
{.bitmap_index=34852,.adv_w=512,.box_w=30,.box_h=30,.ofs_x=1,.ofs_y=-4},
{.bitmap_index=35302,.adv_w=512,.box_w=30,.box_h=29,.ofs_x=1,.ofs_y=-4},
{.bitmap_index=35737,.adv_w=512,.box_w=30,.box_h=30,.ofs_x=1,.ofs_y=-3},
{.bitmap_index=36187,.adv_w=512,.box_w=27,.box_h=29,.ofs_x=2,.ofs_y=-4},
{.bitmap_index=36579,.adv_w=512,.box_w=30,.box_h=28,.ofs_x=1,.ofs_y=-3},
{.bitmap_index=36999,.adv_w=512,.box_w=30,.box_h=28,.ofs_x=1,.ofs_y=-3},
{.bitmap_index=37419,.adv_w=512,.box_w=26,.box_h=31,.ofs_x=3,.ofs_y=-4},
{.bitmap_index=37822,.adv_w=512,.box_w=29,.box_h=30,.ofs_x=2,.ofs_y=-4},
{.bitmap_index=38257,.adv_w=512,.box_w=30,.box_h=31,.ofs_x=1,.ofs_y=-4},
{.bitmap_index=38722,.adv_w=512,.box_w=30,.box_h=31,.ofs_x=1,.ofs_y=-4},
{.bitmap_index=39187,.adv_w=512,.box_w=30,.box_h=30,.ofs_x=1,.ofs_y=-3},
{.bitmap_index=39637,.adv_w=512,.box_w=30,.box_h=29,.ofs_x=1,.ofs_y=-3},
{.bitmap_index=40072,.adv_w=512,.box_w=30,.box_h=31,.ofs_x=1,.ofs_y=-4},
{.bitmap_index=40537,.adv_w=512,.box_w=29,.box_h=31,.ofs_x=2,.ofs_y=-4},
{.bitmap_index=40987,.adv_w=512,.box_w=30,.box_h=29,.ofs_x=1,.ofs_y=-4},
{.bitmap_index=41422,.adv_w=512,.box_w=30,.box_h=30,.ofs_x=1,.ofs_y=-3},
{.bitmap_index=41872,.adv_w=512,.box_w=28,.box_h=30,.ofs_x=2,.ofs_y=-3},
{.bitmap_index=42292,.adv_w=512,.box_w=30,.box_h=30,.ofs_x=1,.ofs_y=-4},
{.bitmap_index=42742,.adv_w=512,.box_w=30,.box_h=31,.ofs_x=1,.ofs_y=-4},
{.bitmap_index=43207,.adv_w=512,.box_w=30,.box_h=31,.ofs_x=1,.ofs_y=-4},
{.bitmap_index=43672,.adv_w=512,.box_w=30,.box_h=31,.ofs_x=1,.ofs_y=-4},
{.bitmap_index=44137,.adv_w=512,.box_w=28,.box_h=30,.ofs_x=2,.ofs_y=-3},
{.bitmap_index=44557,.adv_w=512,.box_w=28,.box_h=30,.ofs_x=2,.ofs_y=-3},
{.bitmap_index=44977,.adv_w=512,.box_w=30,.box_h=30,.ofs_x=1,.ofs_y=-3},
{.bitmap_index=45427,.adv_w=512,.box_w=30,.box_h=30,.ofs_x=1,.ofs_y=-4},
{.bitmap_index=45877,.adv_w=512,.box_w=30,.box_h=30,.ofs_x=1,.ofs_y=-3},
{.bitmap_index=46327,.adv_w=512,.box_w=28,.box_h=31,.ofs_x=2,.ofs_y=-4},
{.bitmap_index=46761,.adv_w=512,.box_w=30,.box_h=31,.ofs_x=1,.ofs_y=-4},
{.bitmap_index=47226,.adv_w=512,.box_w=30,.box_h=29,.ofs_x=1,.ofs_y=-3},
{.bitmap_index=47661,.adv_w=512,.box_w=30,.box_h=30,.ofs_x=1,.ofs_y=-3},
{.bitmap_index=48111,.adv_w=512,.box_w=30,.box_h=29,.ofs_x=1,.ofs_y=-4},
{.bitmap_index=48546,.adv_w=512,.box_w=29,.box_h=29,.ofs_x=1,.ofs_y=-4},
{.bitmap_index=48967,.adv_w=512,.box_w=28,.box_h=28,.ofs_x=3,.ofs_y=-3},
{.bitmap_index=49359,.adv_w=512,.box_w=28,.box_h=28,.ofs_x=3,.ofs_y=-3},
{.bitmap_index=49751,.adv_w=512,.box_w=30,.box_h=30,.ofs_x=1,.ofs_y=-4},
{.bitmap_index=50201,.adv_w=512,.box_w=30,.box_h=28,.ofs_x=1,.ofs_y=-3},
{.bitmap_index=50621,.adv_w=512,.box_w=28,.box_h=29,.ofs_x=2,.ofs_y=-4},
{.bitmap_index=51027,.adv_w=512,.box_w=29,.box_h=30,.ofs_x=2,.ofs_y=-3},
{.bitmap_index=51462,.adv_w=512,.box_w=30,.box_h=31,.ofs_x=1,.ofs_y=-4},
{.bitmap_index=51927,.adv_w=512,.box_w=30,.box_h=30,.ofs_x=1,.ofs_y=-4},
{.bitmap_index=52377,.adv_w=512,.box_w=30,.box_h=29,.ofs_x=1,.ofs_y=-3},
{.bitmap_index=52812,.adv_w=512,.box_w=30,.box_h=29,.ofs_x=1,.ofs_y=-3},
{.bitmap_index=53247,.adv_w=512,.box_w=28,.box_h=30,.ofs_x=2,.ofs_y=-3},
{.bitmap_index=53667,.adv_w=512,.box_w=30,.box_h=30,.ofs_x=1,.ofs_y=-3},
{.bitmap_index=54117,.adv_w=512,.box_w=30,.box_h=31,.ofs_x=1,.ofs_y=-4},
{.bitmap_index=54582,.adv_w=512,.box_w=30,.box_h=29,.ofs_x=1,.ofs_y=-3},
{.bitmap_index=55017,.adv_w=512,.box_w=30,.box_h=30,.ofs_x=1,.ofs_y=-3},
{.bitmap_index=55467,.adv_w=512,.box_w=30,.box_h=30,.ofs_x=1,.ofs_y=-3},
{.bitmap_index=55917,.adv_w=512,.box_w=30,.box_h=30,.ofs_x=1,.ofs_y=-3},
{.bitmap_index=56367,.adv_w=512,.box_w=30,.box_h=29,.ofs_x=1,.ofs_y=-4},
{.bitmap_index=56802,.adv_w=512,.box_w=30,.box_h=30,.ofs_x=1,.ofs_y=-4},
{.bitmap_index=57252,.adv_w=512,.box_w=30,.box_h=30,.ofs_x=1,.ofs_y=-3},
{.bitmap_index=57702,.adv_w=512,.box_w=30,.box_h=29,.ofs_x=1,.ofs_y=-3},
{.bitmap_index=58137,.adv_w=512,.box_w=30,.box_h=29,.ofs_x=1,.ofs_y=-3},
{.bitmap_index=58572,.adv_w=512,.box_w=30,.box_h=31,.ofs_x=1,.ofs_y=-4},
{.bitmap_index=59037,.adv_w=512,.box_w=30,.box_h=31,.ofs_x=1,.ofs_y=-4},
{.bitmap_index=59502,.adv_w=512,.box_w=30,.box_h=31,.ofs_x=1,.ofs_y=-4},
{.bitmap_index=59967,.adv_w=512,.box_w=30,.box_h=31,.ofs_x=1,.ofs_y=-4},
{.bitmap_index=60432,.adv_w=512,.box_w=30,.box_h=31,.ofs_x=1,.ofs_y=-4},
{.bitmap_index=60897,.adv_w=512,.box_w=29,.box_h=31,.ofs_x=2,.ofs_y=-4},
{.bitmap_index=61347,.adv_w=512,.box_w=30,.box_h=28,.ofs_x=1,.ofs_y=-3},
{.bitmap_index=61767,.adv_w=512,.box_w=25,.box_h=29,.ofs_x=4,.ofs_y=-3},
{.bitmap_index=62130,.adv_w=512,.box_w=29,.box_h=29,.ofs_x=2,.ofs_y=-3},
{.bitmap_index=62551,.adv_w=512,.box_w=30,.box_h=28,.ofs_x=1,.ofs_y=-3},
{.bitmap_index=62971,.adv_w=512,.box_w=30,.box_h=31,.ofs_x=1,.ofs_y=-4},
{.bitmap_index=63436,.adv_w=512,.box_w=30,.box_h=29,.ofs_x=1,.ofs_y=-4},
{.bitmap_index=63871,.adv_w=512,.box_w=30,.box_h=31,.ofs_x=1,.ofs_y=-4},
{.bitmap_index=64336,.adv_w=512,.box_w=30,.box_h=31,.ofs_x=1,.ofs_y=-4},
{.bitmap_index=64801,.adv_w=512,.box_w=30,.box_h=31,.ofs_x=1,.ofs_y=-4},
{.bitmap_index=65266,.adv_w=512,.box_w=30,.box_h=29,.ofs_x=1,.ofs_y=-4},
{.bitmap_index=65701,.adv_w=512,.box_w=28,.box_h=31,.ofs_x=2,.ofs_y=-4},
{.bitmap_index=66135,.adv_w=512,.box_w=30,.box_h=31,.ofs_x=1,.ofs_y=-4},
{.bitmap_index=66600,.adv_w=512,.box_w=30,.box_h=30,.ofs_x=1,.ofs_y=-3},
{.bitmap_index=67050,.adv_w=512,.box_w=30,.box_h=28,.ofs_x=1,.ofs_y=-2},
{.bitmap_index=67470,.adv_w=512,.box_w=30,.box_h=27,.ofs_x=1,.ofs_y=-2},
{.bitmap_index=67875,.adv_w=512,.box_w=30,.box_h=31,.ofs_x=1,.ofs_y=-4},
{.bitmap_index=68340,.adv_w=512,.box_w=30,.box_h=30,.ofs_x=1,.ofs_y=-3},
{.bitmap_index=68790,.adv_w=512,.box_w=30,.box_h=31,.ofs_x=1,.ofs_y=-4},
{.bitmap_index=69255,.adv_w=512,.box_w=29,.box_h=31,.ofs_x=2,.ofs_y=-4},
{.bitmap_index=69705,.adv_w=512,.box_w=29,.box_h=29,.ofs_x=2,.ofs_y=-3},
{.bitmap_index=70126,.adv_w=512,.box_w=30,.box_h=31,.ofs_x=1,.ofs_y=-4},
{.bitmap_index=70591,.adv_w=512,.box_w=30,.box_h=31,.ofs_x=1,.ofs_y=-4},
{.bitmap_index=71056,.adv_w=512,.box_w=28,.box_h=29,.ofs_x=2,.ofs_y=-4},
{.bitmap_index=71462,.adv_w=512,.box_w=29,.box_h=30,.ofs_x=1,.ofs_y=-4},
{.bitmap_index=71897,.adv_w=512,.box_w=30,.box_h=29,.ofs_x=1,.ofs_y=-4},
{.bitmap_index=72332,.adv_w=512,.box_w=28,.box_h=28,.ofs_x=1,.ofs_y=-3},
{.bitmap_index=72724,.adv_w=512,.box_w=30,.box_h=29,.ofs_x=1,.ofs_y=-4},
{.bitmap_index=73159,.adv_w=512,.box_w=27,.box_h=31,.ofs_x=2,.ofs_y=-4},
{.bitmap_index=73578,.adv_w=512,.box_w=28,.box_h=30,.ofs_x=2,.ofs_y=-3},
{.bitmap_index=73998,.adv_w=512,.box_w=30,.box_h=30,.ofs_x=1,.ofs_y=-4},
{.bitmap_index=74448,.adv_w=512,.box_w=30,.box_h=31,.ofs_x=1,.ofs_y=-4},
{.bitmap_index=74913,.adv_w=512,.box_w=29,.box_h=28,.ofs_x=2,.ofs_y=-3},
{.bitmap_index=75319,.adv_w=512,.box_w=30,.box_h=31,.ofs_x=1,.ofs_y=-4},
{.bitmap_index=75784,.adv_w=512,.box_w=29,.box_h=29,.ofs_x=2,.ofs_y=-3},
{.bitmap_index=76205,.adv_w=512,.box_w=29,.box_h=30,.ofs_x=1,.ofs_y=-3},
{.bitmap_index=76640,.adv_w=512,.box_w=29,.box_h=30,.ofs_x=1,.ofs_y=-3},
{.bitmap_index=77075,.adv_w=512,.box_w=28,.box_h=30,.ofs_x=2,.ofs_y=-3},
{.bitmap_index=77495,.adv_w=512,.box_w=30,.box_h=30,.ofs_x=1,.ofs_y=-3},
{.bitmap_index=77945,.adv_w=512,.box_w=29,.box_h=31,.ofs_x=2,.ofs_y=-4},
{.bitmap_index=78395,.adv_w=512,.box_w=30,.box_h=31,.ofs_x=1,.ofs_y=-4},
{.bitmap_index=78860,.adv_w=512,.box_w=30,.box_h=31,.ofs_x=1,.ofs_y=-4},
{.bitmap_index=79325,.adv_w=512,.box_w=30,.box_h=31,.ofs_x=1,.ofs_y=-4},
{.bitmap_index=79790,.adv_w=512,.box_w=30,.box_h=31,.ofs_x=1,.ofs_y=-4},
{.bitmap_index=80255,.adv_w=512,.box_w=30,.box_h=31,.ofs_x=1,.ofs_y=-4},
{.bitmap_index=80720,.adv_w=512,.box_w=30,.box_h=29,.ofs_x=1,.ofs_y=-3},
{.bitmap_index=81155,.adv_w=512,.box_w=30,.box_h=31,.ofs_x=1,.ofs_y=-4},
{.bitmap_index=81620,.adv_w=512,.box_w=30,.box_h=29,.ofs_x=1,.ofs_y=-3},
{.bitmap_index=82055,.adv_w=512,.box_w=30,.box_h=30,.ofs_x=1,.ofs_y=-3},
{.bitmap_index=82505,.adv_w=512,.box_w=30,.box_h=30,.ofs_x=1,.ofs_y=-3},
{.bitmap_index=82955,.adv_w=512,.box_w=30,.box_h=29,.ofs_x=1,.ofs_y=-3},
{.bitmap_index=83390,.adv_w=512,.box_w=30,.box_h=31,.ofs_x=1,.ofs_y=-4},
{.bitmap_index=83855,.adv_w=512,.box_w=26,.box_h=29,.ofs_x=3,.ofs_y=-4},
{.bitmap_index=84232,.adv_w=512,.box_w=29,.box_h=30,.ofs_x=1,.ofs_y=-4},
{.bitmap_index=84667,.adv_w=512,.box_w=30,.box_h=30,.ofs_x=1,.ofs_y=-4},
{.bitmap_index=85117,.adv_w=512,.box_w=22,.box_h=31,.ofs_x=5,.ofs_y=-4},
{.bitmap_index=85458,.adv_w=512,.box_w=28,.box_h=31,.ofs_x=2,.ofs_y=-4},
{.bitmap_index=85892,.adv_w=512,.box_w=30,.box_h=30,.ofs_x=1,.ofs_y=-3},
{.bitmap_index=86342,.adv_w=512,.box_w=30,.box_h=28,.ofs_x=1,.ofs_y=-3},
{.bitmap_index=86762,.adv_w=512,.box_w=30,.box_h=29,.ofs_x=1,.ofs_y=-4},
{.bitmap_index=87197,.adv_w=512,.box_w=28,.box_h=30,.ofs_x=2,.ofs_y=-4},
{.bitmap_index=87617,.adv_w=512,.box_w=30,.box_h=29,.ofs_x=1,.ofs_y=-3},
{.bitmap_index=88052,.adv_w=512,.box_w=30,.box_h=30,.ofs_x=1,.ofs_y=-3},
{.bitmap_index=88502,.adv_w=512,.box_w=30,.box_h=31,.ofs_x=1,.ofs_y=-4},
{.bitmap_index=88967,.adv_w=512,.box_w=30,.box_h=30,.ofs_x=1,.ofs_y=-3},
{.bitmap_index=89417,.adv_w=512,.box_w=30,.box_h=30,.ofs_x=1,.ofs_y=-3},
{.bitmap_index=89867,.adv_w=512,.box_w=30,.box_h=30,.ofs_x=1,.ofs_y=-3},
{.bitmap_index=90317,.adv_w=512,.box_w=30,.box_h=30,.ofs_x=1,.ofs_y=-3},
{.bitmap_index=90767,.adv_w=512,.box_w=30,.box_h=31,.ofs_x=1,.ofs_y=-4},
{.bitmap_index=91232,.adv_w=512,.box_w=29,.box_h=31,.ofs_x=2,.ofs_y=-4},
{.bitmap_index=91682,.adv_w=512,.box_w=30,.box_h=31,.ofs_x=1,.ofs_y=-4},
{.bitmap_index=92147,.adv_w=512,.box_w=30,.box_h=31,.ofs_x=1,.ofs_y=-4},
{.bitmap_index=92612,.adv_w=512,.box_w=30,.box_h=30,.ofs_x=1,.ofs_y=-4},
{.bitmap_index=93062,.adv_w=512,.box_w=29,.box_h=29,.ofs_x=2,.ofs_y=-3},
{.bitmap_index=93483,.adv_w=512,.box_w=29,.box_h=30,.ofs_x=2,.ofs_y=-3},
{.bitmap_index=93918,.adv_w=512,.box_w=29,.box_h=30,.ofs_x=2,.ofs_y=-3},
{.bitmap_index=94353,.adv_w=512,.box_w=30,.box_h=30,.ofs_x=1,.ofs_y=-4},
{.bitmap_index=94803,.adv_w=512,.box_w=30,.box_h=31,.ofs_x=1,.ofs_y=-4},
{.bitmap_index=95268,.adv_w=512,.box_w=30,.box_h=30,.ofs_x=1,.ofs_y=-3},
{.bitmap_index=95718,.adv_w=512,.box_w=29,.box_h=29,.ofs_x=1,.ofs_y=-4},
{.bitmap_index=96139,.adv_w=512,.box_w=30,.box_h=28,.ofs_x=1,.ofs_y=-3},
{.bitmap_index=96559,.adv_w=512,.box_w=30,.box_h=29,.ofs_x=1,.ofs_y=-3},
{.bitmap_index=96994,.adv_w=512,.box_w=30,.box_h=30,.ofs_x=1,.ofs_y=-3},
{.bitmap_index=97444,.adv_w=512,.box_w=29,.box_h=29,.ofs_x=2,.ofs_y=-3},
{.bitmap_index=97865,.adv_w=512,.box_w=26,.box_h=31,.ofs_x=3,.ofs_y=-4},
{.bitmap_index=98268,.adv_w=512,.box_w=26,.box_h=31,.ofs_x=3,.ofs_y=-4},
{.bitmap_index=98671,.adv_w=512,.box_w=26,.box_h=31,.ofs_x=3,.ofs_y=-4},
{.bitmap_index=99074,.adv_w=512,.box_w=30,.box_h=29,.ofs_x=1,.ofs_y=-4},
{.bitmap_index=99509,.adv_w=512,.box_w=30,.box_h=31,.ofs_x=1,.ofs_y=-4},
{.bitmap_index=99974,.adv_w=512,.box_w=30,.box_h=31,.ofs_x=1,.ofs_y=-4},
{.bitmap_index=100439,.adv_w=512,.box_w=30,.box_h=29,.ofs_x=1,.ofs_y=-4},
{.bitmap_index=100874,.adv_w=512,.box_w=30,.box_h=29,.ofs_x=1,.ofs_y=-4},
{.bitmap_index=101309,.adv_w=512,.box_w=30,.box_h=28,.ofs_x=1,.ofs_y=-3},
{.bitmap_index=101729,.adv_w=512,.box_w=4,.box_h=23,.ofs_x=6,.ofs_y=0},
{.bitmap_index=101775,.adv_w=512,.box_w=6,.box_h=9,.ofs_x=3,.ofs_y=-5},
{.bitmap_index=101802,.adv_w=512,.box_w=4,.box_h=16,.ofs_x=6,.ofs_y=4},
{.bitmap_index=101834,.adv_w=512,.box_w=6,.box_h=21,.ofs_x=5,.ofs_y=-1},
{.bitmap_index=101897,.adv_w=512,.box_w=14,.box_h=24,.ofs_x=1,.ofs_y=0}};
static const uint16_t unicode[]={0,1,2,3,4,5,6,7,8,9,10,11,12,13,14,15,16,17,18,19,20,21,22,23,24,25,26,27,28,29,30,31,32,33,34,35,36,37,38,39,40,41,42,43,44,45,46,47,48,49,50,51,52,53,54,55,56,57,58,59,60,61,62,63,64,65,66,67,68,69,70,71,72,73,74,75,76,77,78,79,80,81,82,83,84,85,86,87,88,89,90,91,92,93,94,128,151,8179,8180,8184,8185,8188,8189,8198,12256,12257,12258,19936,19946,19947,19949,19964,19978,19981,19995,20011,20031,20038,20075,20078,20091,20122,20138,20142,20165,20182,20187,20218,20271,20284,20288,20417,20508,20510,20538,20540,20767,20776,20819,20837,20845,20883,20954,20978,21003,21008,21037,21115,21118,21159,21301,21403,21421,21430,21432,21446,21455,21463,21489,21516,21884,22280,22288,22342,22759,22765,22793,22801,22804,22823,22831,22877,22955,23395,23400,23401,23404,23418,23422,23449,23535,23569,23605,23614,24017,24018,24070,24288,24292,24303,24424,24439,24483,24485,24533,24581,24746,24787,24815,25072,25182,25183,25194,25253,25266,25289,25321,25410,25881,25886,26000,26009,26048,26055,26070,26127,26210,26324,26345,26433,26462,26548,26664,26938,27393,27458,27459,27461,27636,27829,28133,28169,28825,28950,28999,29388,29584,29960,29996,30009,30308,30443,30463,30492,30496,30529,30661,30798,31322,31417,31500,31529,31540,31584,31607,31902,32431,32435,32441,32444,32445,32455,32461,32561,32731,32820,33226,33378,33687,35167,35169,35241,35716,35721,35736,35738,35765,35796,36101,36303,36491,36699,36761,36776,36785,36793,36795,36834,36841,36915,36995,37292,37293,38158,38239,38344,38350,38356,38624,38713,38720,38997,39006,39032,65249,65260,65274,65275,65279};
static const lv_font_fmt_txt_cmap_t cmaps[]={{.range_start=32,.range_length=65280,.glyph_id_start=1,.unicode_list=unicode,.list_length=309,.type=LV_FONT_FMT_TXT_CMAP_SPARSE_TINY}};
static const lv_font_fmt_txt_dsc_t dsc={.glyph_bitmap=bitmap,.glyph_dsc=glyphs,.cmaps=cmaps,.cmap_num=1,.bpp=4};
const lv_font_t font_answer_32={.get_glyph_dsc=lv_font_get_glyph_dsc_fmt_txt,.get_glyph_bitmap=lv_font_get_bitmap_fmt_txt,.line_height=40,.base_line=7,.dsc=&dsc,.fallback=&font_answer_cjk_32};