// 自动生成: tools/gen_control_font.swift;settings/Wi-Fi subset,18px,4bpp。
#include "lvgl.h"
static LV_ATTRIBUTE_LARGE_CONST const uint8_t bitmap[] = {
/* U+0020 */

/* U+0021 */
0x8f,0x28,0xf2,0x8f,0x28,0xf2,0x7f,0x16,0xf0,0x4f,0x03,0xe0,0x2d,0x00,0x70,0x00,0x0a,0xf5,0xaf,0x50,

/* U+0022 */
0xf2,0x8b,0xf2,0x8b,0xf2,0x8b,0xf2,0x8b,0x61,0x34,
/* U+0023 */
0x00,0x05,0x80,0x0a,0x20,0x00,0x09,0xa0,0x1f,0x20,0x00,0x0b,0x80,0x4f,0x00,0x04,0x4e,0x84,0x9e,0x41,
0x0e,0xff,0xff,0xff,0xf6,0x00,0x2f,0x10,0xa9,0x00,0x00,0x4f,0x00,0xc6,0x00,0x02,0x7d,0x22,0xf6,0x10,
0x6f,0xff,0xff,0xff,0xe0,0x02,0xb9,0x25,0xf2,0x20,0x00,0xd6,0x05,0xe0,0x00,0x00,0xf4,0x07,0xc0,0x00,
0x01,0xf2,0x09,0x90,0x00,
/* U+0024 */
0x00,0x00,0x33,0x00,0x00,0x00,0x01,0x99,0x00,0x00,0x00,0x9f,0xff,0xd5,0x00,0x09,0xf8,0x9a,0xaf,0x30,
0x0f,0xa0,0x78,0x0b,0xb0,0x1f,0x80,0x78,0x00,0x00,0x0e,0xf4,0x78,0x00,0x00,0x04,0xff,0xfc,0x40,0x00,
0x00,0x17,0xdf,0xfd,0x20,0x00,0x00,0x79,0x7f,0xe0,0x01,0x00,0x78,0x06,0xf4,0x6f,0x30,0x78,0x03,0xf6,
0x3f,0x90,0x78,0x06,0xf3,0x0a,0xfa,0x99,0x6e,0xc0,0x00,0x9f,0xff,0xfa,0x10,0x00,0x00,0x99,0x10,0x00,
0x00,0x00,0x56,0x00,0x00,
/* U+0025 */
0x00,0x00,0x00,0x00,0x00,0x00,0x21,0x00,0x01,0xad,0xb3,0x00,0x00,0x06,0xf2,0x00,0x0d,0xa2,0x8f,0x10,
0x00,0x2f,0x60,0x00,0x3f,0x10,0x0f,0x50,0x00,0xcb,0x00,0x00,0x5f,0x00,0x0e,0x60,0x08,0xe1,0x00,0x00,
0x3f,0x10,0x0f,0x50,0x4f,0x40,0x00,0x00,0x0e,0x70,0x6f,0x01,0xe9,0x01,0x41,0x00,0x04,0xfe,0xf5,0x0b,
0xd0,0x7f,0xcf,0x60,0x00,0x02,0x00,0x6f,0x21,0xf5,0x06,0xf0,0x00,0x00,0x02,0xf6,0x05,0xf0,0x01,0xf4,
0x00,0x00,0x0c,0xb0,0x06,0xe0,0x00,0xf5,0x00,0x00,0x8e,0x10,0x05,0xf0,0x01,0xf3,0x00,0x04,0xf4,0x00,
0x01,0xf4,0x07,0xe0,0x00,0x1e,0x80,0x00,0x00,0x6f,0xde,0x40,0x00,0x25,0x00,0x00,0x00,0x00,0x20,0x00,

/* U+0026 */
0x00,0x09,0xef,0xb2,0x00,0x00,0x00,0x8f,0x97,0xed,0x00,0x00,0x00,0xcc,0x00,0x6f,0x20,0x00,0x00,0x9f,
0x20,0xbe,0x00,0x00,0x00,0x1f,0xcb,0xf4,0x00,0x00,0x00,0x0a,0xff,0x40,0x00,0x00,0x01,0xcf,0xbf,0x50,
0x25,0x00,0x0c,0xe3,0x0c,0xf2,0xad,0x00,0x3f,0x70,0x01,0xed,0xda,0x00,0x5f,0x40,0x00,0x3f,0xf5,0x00,
0x4f,0x70,0x00,0x0d,0xf8,0x00,0x0d,0xf7,0x35,0xce,0xbf,0x50,0x01,0xbf,0xff,0xb1,0x0c,0xf3,0x00,0x00,
0x20,0x00,0x00,0x00,
/* U+0027 */
0x1f,0x11,0xf1,0x1f,0x11,0xf1,0x06,0x00,
/* U+0028 */
0x00,0x01,0x30,0x00,0xc7,0x00,0x5e,0x00,0x0e,0x70,0x06,0xf0,0x00,0x9e,0x00,0x0c,0xc0,0x00,0xea,0x00,
0x1f,0x80,0x01,0xf8,0x00,0x0f,0xa0,0x00,0xec,0x00,0x0a,0xe0,0x00,0x5f,0x10,0x00,0xe7,0x00,0x08,0xe0,
0x00,0x0e,0x60,0x00,0x46,
/* U+0029 */
0x40,0x00,0xc7,0x00,0x4f,0x10,0x0d,0x90,0x06,0xf1,0x03,0xf5,0x01,0xf9,0x00,0xfa,0x00,0xdc,0x00,0xdb,
0x00,0xf9,0x01,0xf6,0x03,0xf4,0x06,0xf1,0x0c,0x90,0x3f,0x10,0xb8,0x00,0x81,0x00,
/* U+002A */
0x00,0x59,0x00,0x47,0x7a,0x57,0x15,0xef,0x72,0x04,0xc8,0x90,0x06,0x30,0x90,
/* U+002B */
0x00,0x00,0x18,0x00,0x00,0x00,0x00,0x3f,0x00,0x00,0x00,0x00,0x3f,0x00,0x00,0x00,0x00,0x3f,0x00,0x00,
0x06,0x66,0x8f,0x66,0x65,0x1e,0xee,0xef,0xee,0xed,0x00,0x00,0x3f,0x00,0x00,0x00,0x00,0x3f,0x00,0x00,
0x00,0x00,0x3f,0x00,0x00,0x00,0x00,0x3f,0x00,0x00,
/* U+002C */
0x8f,0x78,0xf7,0x08,0x43,0xc0,0x30,0x00,
/* U+002D */
0x1f,0xff,0xff,0x10,0x88,0x88,0x80,
/* U+002E */
0x8f,0x78,0xf7,
/* U+002F */
0x00,0x00,0x00,0x41,0x00,0x00,0x04,0xf0,0x00,0x00,0x0b,0x90,0x00,0x00,0x1f,0x30,0x00,0x00,0x7d,0x00,
0x00,0x00,0xd6,0x00,0x00,0x04,0xf1,0x00,0x00,0x0a,0xa0,0x00,0x00,0x1f,0x40,0x00,0x00,0x6d,0x00,0x00,
0x00,0xd7,0x00,0x00,0x03,0xf1,0x00,0x00,0x09,0xb0,0x00,0x00,0x0f,0x40,0x00,0x00,0x14,0x00,0x00,0x00,

/* U+0030 */
0x00,0x2a,0xdd,0xa2,0x00,0x02,0xfe,0x88,0xef,0x20,0x0b,0xe1,0x00,0x1e,0xb0,0x0f,0x90,0x00,0x09,0xf0,
0x2f,0x70,0x00,0x07,0xf2,0x3f,0x60,0x00,0x06,0xf3,0x3f,0x60,0x00,0x05,0xf3,0x3f,0x60,0x00,0x06,0xf3,
0x2f,0x70,0x00,0x07,0xf2,0x0f,0xa0,0x00,0x0a,0xf0,0x0c,0xf1,0x00,0x1f,0xc0,0x04,0xfc,0x55,0xcf,0x40,
0x00,0x6e,0xff,0xe6,0x00,0x00,0x00,0x11,0x00,0x00,
/* U+0031 */
0x00,0x00,0xd5,0x00,0x08,0xf6,0x4c,0xff,0xf6,0x26,0x67,0xf6,0x00,0x01,0xf6,0x00,0x01,0xf6,0x00,0x01,
0xf6,0x00,0x01,0xf6,0x00,0x01,0xf6,0x00,0x01,0xf6,0x00,0x01,0xf6,0x00,0x01,0xf6,0x00,0x01,0xf6,
/* U+0032 */
0x00,0x2a,0xdd,0x91,0x00,0x4f,0xc8,0x8e,0xf2,0x0e,0xc0,0x00,0x1f,0xa1,0xf6,0x00,0x00,0xcd,0x15,0x10,
0x00,0x0e,0xb0,0x00,0x00,0x07,0xf5,0x00,0x00,0x08,0xfa,0x00,0x00,0x2c,0xf9,0x00,0x00,0x5f,0xd4,0x00,
0x00,0x4f,0xa0,0x00,0x00,0x0d,0xb0,0x00,0x00,0x04,0xf9,0x55,0x55,0x54,0x7f,0xff,0xff,0xff,0xc0,
/* U+0033 */
0x00,0x3a,0xdc,0x91,0x00,0x05,0xfc,0x7a,0xee,0x10,0x0e,0xb0,0x00,0x5f,0x70,0x1e,0x60,0x00,0x0f,0x80,
0x00,0x00,0x00,0x7f,0x30,0x00,0x00,0xac,0xf5,0x00,0x00,0x00,0xbc,0xfa,0x10,0x00,0x00,0x00,0x3f,0xb0,
0x01,0x00,0x00,0x09,0xf0,0x5f,0x40,0x00,0x08,0xf1,0x3f,0x90,0x00,0x0c,0xe0,0x0b,0xf7,0x34,0xbf,0x60,
0x01,0x9f,0xff,0xe6,0x00,0x00,0x00,0x21,0x00,0x00,
/* U+0034 */
0x00,0x00,0x01,0xd7,0x00,0x00,0x00,0x0a,0xf8,0x00,0x00,0x00,0x6c,0xe8,0x00,0x00,0x02,0xe2,0xe8,0x00,
0x00,0x0c,0x70,0xe8,0x00,0x00,0x7c,0x00,0xe8,0x00,0x03,0xf2,0x00,0xe8,0x00,0x0d,0x70,0x00,0xe8,0x00,
0x7f,0x88,0x88,0xfc,0x82,0x7e,0xee,0xee,0xff,0xe3,0x00,0x00,0x00,0xe8,0x00,0x00,0x00,0x00,0xe8,0x00,
0x00,0x00,0x00,0xe8,0x00,
/* U+0035 */
0x00,0xab,0xbb,0xbb,0x50,0x00,0xfb,0x99,0x99,0x40,0x03,0xf2,0x00,0x00,0x00,0x06,0xf0,0x00,0x00,0x00,
0x09,0xc6,0xbb,0x81,0x00,0x0c,0xfe,0xac,0xfe,0x10,0x0c,0xa0,0x00,0x5f,0xa0,0x00,0x00,0x00,0x0b,0xf0,
0x00,0x00,0x00,0x08,0xf1,0x28,0x20,0x00,0x09,0xf0,0x2f,0x80,0x00,0x0e,0xd0,0x0b,0xf7,0x34,0xbf,0x40,
0x01,0x9f,0xff,0xd4,0x00,0x00,0x00,0x20,0x00,0x00,
/* U+0036 */
0x00,0x06,0xad,0xb4,0x00,0x00,0xbe,0xa8,0xcf,0x30,0x07,0xf2,0x00,0x0d,0xb0,0x0d,0xa0,0x00,0x00,0x00,
0x1f,0x51,0x68,0x61,0x00,0x3f,0x7e,0xfe,0xfe,0x20,0x4f,0xf7,0x00,0x4f,0xc0,0x4f,0xc0,0x00,0x08,0xf2,
0x3f,0x80,0x00,0x05,0xf4,0x0f,0x90,0x00,0x05,0xf3,0x0b,0xe0,0x00,0x0b,0xf1,0x03,0xfb,0x43,0x9f,0x80,
0x00,0x4c,0xff,0xe7,0x00,0x00,0x00,0x11,0x00,0x00,
/* U+0037 */
0x1b,0xbb,0xbb,0xbb,0xb1,0x1b,0xbb,0xbb,0xbd,0xf1,0x00,0x00,0x00,0x3e,0x50,0x00,0x00,0x01,0xe7,0x00,
0x00,0x00,0x0a,0xd0,0x00,0x00,0x00,0x3f,0x60,0x00,0x00,0x00,0xbe,0x00,0x00,0x00,0x02,0xf8,0x00,0x00,
0x00,0x07,0xf3,0x00,0x00,0x00,0x0d,0xe0,0x00,0x00,0x00,0x0f,0xa0,0x00,0x00,0x00,0x3f,0x80,0x00,0x00,
0x00,0x5f,0x50,0x00,0x00,
/* U+0038 */
0x00,0x2a,0xdd,0xa2,0x00,0x03,0xfd,0x89,0xdf,0x30,0x0b,0xe0,0x00,0x2f,0xa0,0x0b,0xd0,0x00,0x0f,0xa0,
0x05,0xf5,0x00,0x7f,0x50,0x00,0x7f,0xde,0xf6,0x00,0x01,0xcf,0xcc,0xfc,0x20,0x0c,0xe2,0x00,0x3e,0xd0,
0x1f,0x80,0x00,0x07,0xf1,0x3f,0x70,0x00,0x06,0xf3,0x0f,0xd0,0x00,0x0a,0xf0,0x09,0xfa,0x53,0x9f,0x80,
0x00,0x8f,0xff,0xf8,0x00,0x00,0x00,0x12,0x00,0x00,
/* U+0039 */
0x00,0x3a,0xdc,0x90,0x00,0x06,0xfb,0x79,0xfd,0x10,0x1f,0xa0,0x00,0x2f,0x90,0x4f,0x40,0x00,0x0b,0xe0,
0x5f,0x40,0x00,0x0b,0xf0,0x2f,0x90,0x00,0x0e,0xf1,0x0b,0xf6,0x01,0xbe,0xf2,0x02,0xdf,0xff,0xc7,0xf0,
0x00,0x04,0x63,0x08,0xf0,0x02,0x10,0x00,0x0c,0xc0,0x0f,0xb0,0x00,0x2f,0x70,0x09,0xf9,0x35,0xde,0x10,
0x00,0x9f,0xff,0xc2,0x00,0x00,0x00,0x20,0x00,0x00,
/* U+003A */
0x6c,0x68,0xf7,0x25,0x20,0x00,0x00,0x00,0x00,0x00,0x00,0x00,0x8f,0x78,0xf7,
/* U+003B */
0x6c,0x68,0xf7,0x25,0x20,0x00,0x00,0x00,0x00,0x00,0x00,0x00,0x8f,0x78,0xf7,0x08,0x53,0xd1,0x30,0x00,

/* U+003C */
0x00,0x00,0x00,0x00,0x17,0x00,0x00,0x00,0x18,0xfc,0x00,0x00,0x19,0xfc,0x40,0x00,0x29,0xfb,0x40,0x00,
0x1a,0xfb,0x30,0x00,0x00,0x2f,0xc2,0x00,0x00,0x00,0x02,0xaf,0xb3,0x00,0x00,0x00,0x01,0x9f,0xb4,0x00,
0x00,0x00,0x01,0x8e,0xc4,0x00,0x00,0x00,0x00,0x7d,
/* U+003D */
0x04,0x44,0x44,0x44,0x44,0x2f,0xff,0xff,0xff,0xfe,0x00,0x00,0x00,0x00,0x00,0x00,0x00,0x00,0x00,0x00,
0x17,0x77,0x77,0x77,0x76,0x1d,0xdd,0xdd,0xdd,0xdc,
/* U+003E */
0x16,0x00,0x00,0x00,0x00,0x1e,0xe6,0x00,0x00,0x00,0x00,0x6d,0xe7,0x00,0x00,0x00,0x00,0x5d,0xe8,0x10,
0x00,0x00,0x00,0x4c,0xf8,0x00,0x00,0x00,0x04,0xef,0x00,0x00,0x05,0xcf,0x81,0x00,0x05,0xde,0x71,0x00,
0x06,0xdd,0x60,0x00,0x00,0x2c,0x50,0x00,0x00,0x00,
/* U+003F */
0x00,0x03,0x30,0x00,0x06,0xff,0xff,0x70,0x5f,0x92,0x3a,0xf5,0xcc,0x00,0x00,0xeb,0xb6,0x00,0x00,0xec,
0x00,0x00,0x04,0xf7,0x00,0x00,0x2e,0xd0,0x00,0x00,0xdd,0x10,0x00,0x07,0xf3,0x00,0x00,0x0b,0xc0,0x00,
0x00,0x0a,0x80,0x00,0x00,0x00,0x00,0x00,0x00,0x1f,0xe0,0x00,0x00,0x1f,0xe0,0x00,
/* U+0040 */
0x00,0x00,0x00,0x14,0x10,0x00,0x00,0x00,0x00,0x8e,0xeb,0xde,0x70,0x00,0x00,0x3d,0xa1,0x00,0x02,0xad,
0x10,0x01,0xe6,0x01,0x69,0x60,0x59,0xc0,0x0a,0xb0,0x2e,0xd8,0xdb,0xe0,0xf3,0x0e,0x40,0xcc,0x00,0x2f,
0x90,0xc7,0x1f,0x24,0xf2,0x00,0x0f,0x40,0xb7,0x2f,0x08,0xd0,0x00,0x3f,0x00,0xe4,0x0f,0x3a,0xb0,0x00,
0xab,0x04,0xe0,0x0d,0x68,0xf1,0x05,0xf7,0x0c,0x60,0x07,0xe2,0xef,0xdd,0xcd,0xc8,0x00,0x00,0xc9,0x27,
0x60,0x27,0x38,0xb0,0x00,0x2d,0xc2,0x00,0x02,0xad,0x20,0x00,0x00,0x8e,0xeb,0xee,0x80,0x00,0x00,0x00,
0x00,0x13,0x20,0x00,0x00,
/* U+0041 */
0x00,0x00,0x4f,0xf0,0x00,0x00,0x00,0x00,0xae,0xf5,0x00,0x00,0x00,0x01,0xf7,0xdc,0x00,0x00,0x00,0x07,
0xf1,0x7f,0x20,0x00,0x00,0x0d,0xb0,0x1f,0x80,0x00,0x00,0x3f,0x50,0x0b,0xe0,0x00,0x00,0x9f,0x00,0x05,
0xf4,0x00,0x00,0xfd,0x88,0x89,0xfa,0x00,0x06,0xff,0xff,0xff,0xff,0x10,0x0c,0xe0,0x00,0x00,0x4f,0x70,
0x2f,0x80,0x00,0x00,0x0e,0xd0,0x8f,0x20,0x00,0x00,0x09,0xf3,0xed,0x00,0x00,0x00,0x04,0xf9,
/* U+0042 */
0x9f,0xff,0xff,0xfd,0x70,0x09,0xf8,0x77,0x78,0xcf,0x70,0x9f,0x10,0x00,0x00,0xed,0x09,0xf1,0x00,0x00,
0x0d,0xc0,0x9f,0x10,0x00,0x04,0xf7,0x09,0xfb,0xaa,0xac,0xf8,0x00,0x9f,0xdd,0xdd,0xef,0xd3,0x09,0xf1,
0x00,0x00,0x2d,0xf0,0x9f,0x10,0x00,0x00,0x5f,0x59,0xf1,0x00,0x00,0x05,0xf7,0x9f,0x10,0x00,0x00,0xbf,
0x49,0xf8,0x77,0x78,0xdf,0xb0,0x9f,0xff,0xff,0xfd,0x80,0x00,
/* U+0043 */
0x00,0x00,0x00,0x33,0x10,0x00,0x00,0x00,0x3c,0xff,0xff,0xa2,0x00,0x00,0x7f,0xc6,0x34,0x9e,0xe2,0x00,
0x3f,0x90,0x00,0x00,0x4f,0xb0,0x0c,0xf1,0x00,0x00,0x00,0x69,0x00,0xfb,0x00,0x00,0x00,0x00,0x00,0x1f,
0x90,0x00,0x00,0x00,0x00,0x03,0xf8,0x00,0x00,0x00,0x00,0x00,0x1f,0xa0,0x00,0x00,0x00,0x00,0x00,0xec,
0x00,0x00,0x00,0x08,0xf2,0x0a,0xf3,0x00,0x00,0x00,0xce,0x00,0x2f,0xc1,0x00,0x00,0x5f,0x80,0x00,0x8f,
0xd6,0x34,0x8f,0xd0,0x00,0x00,0x5d,0xff,0xff,0x91,0x00,0x00,0x00,0x00,0x32,0x00,0x00,0x00,
/* U+0044 */
0x9f,0xff,0xfe,0xc8,0x10,0x09,0xf8,0x77,0x8a,0xee,0x50,0x9f,0x10,0x00,0x01,0xcf,0x29,0xf1,0x00,0x00,
0x03,0xf9,0x9f,0x10,0x00,0x00,0x0e,0xc9,0xf1,0x00,0x00,0x00,0xce,0x9f,0x10,0x00,0x00,0x0c,0xe9,0xf1,
0x00,0x00,0x00,0xdc,0x9f,0x10,0x00,0x00,0x1f,0xa9,0xf1,0x00,0x00,0x07,0xf6,0x9f,0x10,0x00,0x04,0xfd,
0x09,0xf8,0x77,0x7b,0xfd,0x30,0x9f,0xff,0xfe,0xb8,0x00,0x00,
/* U+0045 */
0x9f,0xff,0xff,0xff,0xf4,0x9f,0x87,0x77,0x77,0x71,0x9f,0x10,0x00,0x00,0x00,0x9f,0x10,0x00,0x00,0x00,
0x9f,0x10,0x00,0x00,0x00,0x9f,0xba,0xaa,0xaa,0x80,0x9f,0xdd,0xdd,0xdd,0xa0,0x9f,0x10,0x00,0x00,0x00,
0x9f,0x10,0x00,0x00,0x00,0x9f,0x10,0x00,0x00,0x00,0x9f,0x10,0x00,0x00,0x00,0x9f,0x87,0x77,0x77,0x72,
0x9f,0xff,0xff,0xff,0xf5,
/* U+0046 */
0x9f,0xff,0xff,0xff,0xd9,0xf8,0x77,0x77,0x75,0x9f,0x10,0x00,0x00,0x09,0xf1,0x00,0x00,0x00,0x9f,0x10,
0x00,0x00,0x09,0xfb,0xaa,0xaa,0xa0,0x9f,0xdd,0xdd,0xdd,0x09,0xf1,0x00,0x00,0x00,0x9f,0x10,0x00,0x00,
0x09,0xf1,0x00,0x00,0x00,0x9f,0x10,0x00,0x00,0x09,0xf1,0x00,0x00,0x00,0x9f,0x10,0x00,0x00,0x00,
/* U+0047 */
0x00,0x00,0x00,0x33,0x10,0x00,0x00,0x00,0x3c,0xff,0xff,0xc4,0x00,0x00,0x6f,0xd7,0x33,0x6d,0xf5,0x00,
0x2f,0xa0,0x00,0x00,0x0c,0xe0,0x0b,0xf1,0x00,0x00,0x00,0x4a,0x30,0xfb,0x00,0x00,0x00,0x00,0x00,0x1f,
0x90,0x00,0x01,0x11,0x11,0x03,0xf8,0x00,0x01,0xff,0xff,0xf8,0x1f,0xa0,0x00,0x07,0x77,0x7f,0x80,0xed,
0x00,0x00,0x00,0x02,0xf8,0x09,0xf4,0x00,0x00,0x00,0x6f,0x80,0x1f,0xd1,0x00,0x00,0x1e,0xf8,0x00,0x5f,
0xe7,0x33,0x7e,0xcf,0x80,0x00,0x2c,0xff,0xff,0x90,0xa8,0x00,0x00,0x00,0x32,0x00,0x00,0x00,
/* U+0048 */
0x9f,0x10,0x00,0x00,0x1f,0x99,0xf1,0x00,0x00,0x01,0xf9,0x9f,0x10,0x00,0x00,0x1f,0x99,0xf1,0x00,0x00,
0x01,0xf9,0x9f,0x10,0x00,0x00,0x1f,0x99,0xfb,0xaa,0xaa,0xab,0xf9,0x9f,0xdd,0xdd,0xdd,0xdf,0x99,0xf1,
0x00,0x00,0x01,0xf9,0x9f,0x10,0x00,0x00,0x1f,0x99,0xf1,0x00,0x00,0x01,0xf9,0x9f,0x10,0x00,0x00,0x1f,
0x99,0xf1,0x00,0x00,0x01,0xf9,0x9f,0x10,0x00,0x00,0x1f,0x90,
/* U+0049 */
0x8f,0x28,0xf2,0x8f,0x28,0xf2,0x8f,0x28,0xf2,0x8f,0x28,0xf2,0x8f,0x28,0xf2,0x8f,0x28,0xf2,0x8f,0x20,

/* U+004A */
0x00,0x00,0x00,0xcf,0x00,0x00,0x00,0xcf,0x00,0x00,0x00,0xcf,0x00,0x00,0x00,0xcf,0x00,0x00,0x00,0xcf,
0x00,0x00,0x00,0xcf,0x00,0x00,0x00,0xcf,0x00,0x00,0x00,0xcf,0x36,0x00,0x00,0xcf,0x9f,0x20,0x00,0xde,
0x7f,0x40,0x00,0xfd,0x2f,0xd4,0x4b,0xf8,0x05,0xef,0xff,0x90,0x00,0x03,0x31,0x00,
/* U+004B */
0x9f,0x10,0x00,0x01,0xcf,0x59,0xf1,0x00,0x01,0xdf,0x40,0x9f,0x10,0x01,0xde,0x30,0x09,0xf1,0x02,0xee,
0x20,0x00,0x9f,0x12,0xed,0x10,0x00,0x09,0xf4,0xef,0xc0,0x00,0x00,0x9f,0xfd,0x9f,0x80,0x00,0x09,0xfd,
0x10,0xdf,0x30,0x00,0x9f,0x20,0x03,0xfd,0x00,0x09,0xf1,0x00,0x07,0xf9,0x00,0x9f,0x10,0x00,0x0c,0xf4,
0x09,0xf1,0x00,0x00,0x2f,0xe1,0x9f,0x10,0x00,0x00,0x7f,0xb0,
/* U+004C */
0x9f,0x10,0x00,0x00,0x09,0xf1,0x00,0x00,0x00,0x9f,0x10,0x00,0x00,0x09,0xf1,0x00,0x00,0x00,0x9f,0x10,
0x00,0x00,0x09,0xf1,0x00,0x00,0x00,0x9f,0x10,0x00,0x00,0x09,0xf1,0x00,0x00,0x00,0x9f,0x10,0x00,0x00,
0x09,0xf1,0x00,0x00,0x00,0x9f,0x10,0x00,0x00,0x09,0xf8,0x77,0x77,0x76,0x9f,0xff,0xff,0xff,0xe0,
/* U+004D */
0x8f,0xe0,0x00,0x00,0x00,0x4f,0xf3,0x8f,0xf5,0x00,0x00,0x00,0xaf,0xf3,0x8f,0xcb,0x00,0x00,0x01,0xfc,
0xf3,0x8f,0x6f,0x10,0x00,0x06,0xf7,0xf3,0x8f,0x1f,0x70,0x00,0x0c,0xa6,0xf3,0x8f,0x0a,0xd0,0x00,0x2f,
0x56,0xf3,0x8f,0x04,0xf3,0x00,0x8e,0x06,0xf3,0x8f,0x00,0xe9,0x00,0xe9,0x06,0xf3,0x8f,0x00,0x8e,0x04,
0xf3,0x06,0xf3,0x8f,0x00,0x2f,0x4a,0xd0,0x06,0xf3,0x8f,0x00,0x0c,0xbf,0x70,0x06,0xf3,0x8f,0x00,0x07,
0xff,0x10,0x06,0xf3,0x8f,0x00,0x01,0xfc,0x00,0x06,0xf3,
/* U+004E */
0x9f,0x80,0x00,0x00,0x0f,0xa9,0xff,0x30,0x00,0x00,0xfa,0x9f,0xdc,0x00,0x00,0x0f,0xa9,0xf3,0xf7,0x00,
0x00,0xfa,0x9f,0x09,0xf2,0x00,0x0f,0xa9,0xf0,0x1e,0xb0,0x00,0xfa,0x9f,0x00,0x5f,0x60,0x0f,0xa9,0xf0,
0x00,0xbe,0x10,0xfa,0x9f,0x00,0x01,0xfa,0x0f,0xa9,0xf0,0x00,0x07,0xf5,0xfa,0x9f,0x00,0x00,0x0c,0xef,
0xa9,0xf0,0x00,0x00,0x3f,0xfa,0x9f,0x00,0x00,0x00,0x8f,0xa0,
/* U+004F */
0x00,0x00,0x00,0x32,0x00,0x00,0x00,0x00,0x4c,0xff,0xff,0xb1,0x00,0x00,0x7f,0xc6,0x34,0x7e,0xe3,0x00,
0x4f,0x90,0x00,0x00,0x1d,0xe0,0x0d,0xf0,0x00,0x00,0x00,0x5f,0x80,0xfa,0x00,0x00,0x00,0x00,0xfb,0x3f,
0x70,0x00,0x00,0x00,0x0c,0xe4,0xf6,0x00,0x00,0x00,0x00,0xcf,0x2f,0x80,0x00,0x00,0x00,0x0d,0xd0,0xfb,
0x00,0x00,0x00,0x01,0xfa,0x0a,0xf2,0x00,0x00,0x00,0x7f,0x50,0x2f,0xc1,0x00,0x00,0x3f,0xd0,0x00,0x6f,
0xd7,0x34,0x8f,0xe3,0x00,0x00,0x3c,0xff,0xff,0xa1,0x00,0x00,0x00,0x00,0x32,0x00,0x00,0x00,
/* U+0050 */
0x9f,0xff,0xff,0xec,0x40,0x9f,0x87,0x77,0xae,0xf5,0x9f,0x10,0x00,0x02,0xfc,0x9f,0x10,0x00,0x00,0xdf,
0x9f,0x10,0x00,0x01,0xfd,0x9f,0x10,0x00,0x5b,0xf8,0x9f,0xff,0xff,0xff,0xc0,0x9f,0x98,0x88,0x74,0x00,
0x9f,0x10,0x00,0x00,0x00,0x9f,0x10,0x00,0x00,0x00,0x9f,0x10,0x00,0x00,0x00,0x9f,0x10,0x00,0x00,0x00,
0x9f,0x10,0x00,0x00,0x00,
/* U+0051 */
0x00,0x00,0x00,0x32,0x00,0x00,0x00,0x00,0x4c,0xff,0xff,0xb1,0x00,0x00,0x7f,0xc6,0x34,0x7e,0xe3,0x00,
0x4f,0x90,0x00,0x00,0x1d,0xe0,0x0d,0xf0,0x00,0x00,0x00,0x5f,0x80,0xfa,0x00,0x00,0x00,0x00,0xfb,0x3f,
0x70,0x00,0x00,0x00,0x0c,0xe4,0xf6,0x00,0x00,0x00,0x00,0xcf,0x2f,0x80,0x00,0x00,0x00,0x0e,0xc0,0xfb,
0x00,0x00,0x00,0x01,0xfa,0x0a,0xf2,0x00,0x03,0x70,0x8f,0x50,0x2f,0xc1,0x00,0x7f,0xaf,0xc0,0x00,0x6f,
0xd7,0x34,0xcf,0xf4,0x00,0x00,0x3c,0xff,0xfe,0xae,0xe3,0x00,0x00,0x00,0x32,0x00,0x1c,0x50,
/* U+0052 */
0x9f,0xff,0xff,0xfd,0x81,0x09,0xf8,0x77,0x77,0xcf,0xc0,0x9f,0x10,0x00,0x00,0xaf,0x39,0xf1,0x00,0x00,
0x06,0xf3,0x9f,0x10,0x00,0x00,0xaf,0x09,0xf5,0x44,0x45,0xaf,0x60,0x9f,0xff,0xff,0xff,0x80,0x09,0xf5,
0x44,0x45,0xaf,0x80,0x9f,0x10,0x00,0x00,0xde,0x09,0xf1,0x00,0x00,0x09,0xf0,0x9f,0x10,0x00,0x00,0x7f,
0x19,0xf1,0x00,0x00,0x06,0xf3,0x9f,0x10,0x00,0x00,0x4f,0x80,
/* U+0053 */
0x00,0x00,0x24,0x31,0x00,0x00,0x05,0xdf,0xff,0xf9,0x10,0x05,0xfb,0x42,0x5a,0xfb,0x00,0xce,0x00,0x00,
0x0b,0xf3,0x0d,0xe0,0x00,0x00,0x27,0x20,0x9f,0xb3,0x00,0x00,0x00,0x00,0xbf,0xfe,0xa6,0x10,0x00,0x00,
0x38,0xdf,0xff,0x80,0x00,0x00,0x00,0x16,0xdf,0x71,0x62,0x00,0x00,0x01,0xfd,0x2f,0x70,0x00,0x00,0x0c,
0xe0,0xed,0x10,0x00,0x01,0xfb,0x05,0xfd,0x63,0x25,0xdf,0x40,0x04,0xcf,0xff,0xfc,0x40,0x00,0x00,0x13,
0x31,0x00,0x00,
/* U+0054 */
0xff,0xff,0xff,0xff,0xff,0x56,0x77,0x7d,0xf7,0x77,0x72,0x00,0x00,0xaf,0x00,0x00,0x00,0x00,0x0a,0xf0,
0x00,0x00,0x00,0x00,0xaf,0x00,0x00,0x00,0x00,0x0a,0xf0,0x00,0x00,0x00,0x00,0xaf,0x00,0x00,0x00,0x00,
0x0a,0xf0,0x00,0x00,0x00,0x00,0xaf,0x00,0x00,0x00,0x00,0x0a,0xf0,0x00,0x00,0x00,0x00,0xaf,0x00,0x00,
0x00,0x00,0x0a,0xf0,0x00,0x00,0x00,0x00,0xaf,0x00,0x00,0x00,
/* U+0055 */
0xaf,0x00,0x00,0x00,0x0f,0xaa,0xf0,0x00,0x00,0x00,0xfa,0xaf,0x00,0x00,0x00,0x0f,0xaa,0xf0,0x00,0x00,
0x00,0xfa,0xaf,0x00,0x00,0x00,0x0f,0xaa,0xf0,0x00,0x00,0x00,0xfa,0xaf,0x00,0x00,0x00,0x0f,0xaa,0xf0,
0x00,0x00,0x00,0xfa,0x9f,0x10,0x00,0x00,0x1f,0x97,0xf3,0x00,0x00,0x03,0xf7,0x4f,0xb0,0x00,0x00,0xaf,
0x40,0xaf,0xb4,0x24,0xaf,0xb0,0x00,0x8f,0xff,0xff,0x80,0x00,0x00,0x02,0x42,0x00,0x00,
/* U+0056 */
0xdf,0x00,0x00,0x00,0x0e,0xd7,0xf5,0x00,0x00,0x03,0xf8,0x2f,0xa0,0x00,0x00,0x9f,0x20,0xcf,0x00,0x00,
0x0e,0xc0,0x06,0xf4,0x00,0x03,0xf7,0x00,0x1f,0xa0,0x00,0x8f,0x10,0x00,0xbe,0x00,0x0e,0xb0,0x00,0x06,
0xf4,0x03,0xf6,0x00,0x00,0x1f,0x90,0x8f,0x10,0x00,0x00,0xbe,0x0d,0xb0,0x00,0x00,0x05,0xf7,0xf5,0x00,
0x00,0x00,0x0f,0xff,0x00,0x00,0x00,0x00,0xaf,0xa0,0x00,0x00,
/* U+0057 */
0xaf,0x10,0x00,0x0b,0xf6,0x00,0x00,0x6f,0x56,0xf5,0x00,0x00,0xff,0xa0,0x00,0x09,0xf1,0x2f,0x80,0x00,
0x4f,0xae,0x00,0x00,0xdc,0x00,0xec,0x00,0x08,0xd4,0xf2,0x00,0x1f,0x80,0x0a,0xf0,0x00,0xc9,0x0f,0x70,
0x05,0xf4,0x00,0x6f,0x30,0x1f,0x40,0xcb,0x00,0x9f,0x00,0x02,0xf7,0x05,0xf0,0x07,0xf0,0x0d,0xb0,0x00,
0x0e,0xb0,0x9c,0x00,0x3f,0x31,0xf7,0x00,0x00,0xae,0x0d,0x80,0x00,0xf7,0x5f,0x30,0x00,0x06,0xf5,0xf3,
0x00,0x0b,0xc8,0xe0,0x00,0x00,0x1f,0xcf,0x00,0x00,0x6f,0xda,0x00,0x00,0x00,0xdf,0xb0,0x00,0x02,0xff,
0x60,0x00,0x00,0x09,0xf6,0x00,0x00,0x0e,0xf2,0x00,0x00,
/* U+0058 */
0x6f,0x90,0x00,0x00,0x8f,0x60,0xbf,0x40,0x00,0x3f,0xb0,0x01,0xee,0x10,0x0d,0xe1,0x00,0x05,0xfa,0x09,
0xf4,0x00,0x00,0x0a,0xf9,0xf9,0x00,0x00,0x00,0x0e,0xfd,0x00,0x00,0x00,0x00,0xcf,0xc0,0x00,0x00,0x00,
0x7f,0xdf,0x60,0x00,0x00,0x2f,0xc0,0xdf,0x10,0x00,0x0b,0xf2,0x04,0xfb,0x00,0x06,0xf8,0x00,0x0a,0xf6,
0x01,0xed,0x00,0x00,0x1e,0xe1,0xaf,0x30,0x00,0x00,0x6f,0xb0,
/* U+0059 */
0xaf,0x60,0x00,0x00,0x0a,0xf4,0x1e,0xf1,0x00,0x00,0x4f,0xa0,0x05,0xfa,0x00,0x00,0xde,0x10,0x00,0xaf,
0x50,0x08,0xf5,0x00,0x00,0x1e,0xe1,0x2f,0xa0,0x00,0x00,0x05,0xfa,0xce,0x10,0x00,0x00,0x00,0xaf,0xf6,
0x00,0x00,0x00,0x00,0x1f,0xc0,0x00,0x00,0x00,0x00,0x0f,0xb0,0x00,0x00,0x00,0x00,0x0f,0xb0,0x00,0x00,
0x00,0x00,0x0f,0xb0,0x00,0x00,0x00,0x00,0x0f,0xb0,0x00,0x00,0x00,0x00,0x0f,0xb0,0x00,0x00,
/* U+005A */
0x0f,0xff,0xff,0xff,0xff,0x60,0x67,0x77,0x77,0x7e,0xf4,0x00,0x00,0x00,0x07,0xf9,0x00,0x00,0x00,0x04,
0xfc,0x00,0x00,0x00,0x01,0xee,0x10,0x00,0x00,0x00,0xcf,0x30,0x00,0x00,0x00,0x9f,0x60,0x00,0x00,0x00,
0x6f,0xa0,0x00,0x00,0x00,0x3f,0xc0,0x00,0x00,0x00,0x1e,0xe2,0x00,0x00,0x00,0x0b,0xf4,0x00,0x00,0x00,
0x07,0xfc,0x77,0x77,0x77,0x74,0x9f,0xff,0xff,0xff,0xff,0x90,
/* U+005B */
0x34,0x43,0xbf,0xe9,0xbb,0x00,0xbb,0x00,0xbb,0x00,0xbb,0x00,0xbb,0x00,0xbb,0x00,0xbb,0x00,0xbb,0x00,
0xbb,0x00,0xbb,0x00,0xbb,0x00,0xbb,0x00,0xbb,0x00,0xbb,0x00,0xbe,0xa7,0x68,0x85,
/* U+005C */
0x14,0x00,0x00,0x00,0x0f,0x40,0x00,0x00,0x09,0xb0,0x00,0x00,0x03,0xf1,0x00,0x00,0x00,0xd7,0x00,0x00,
0x00,0x6d,0x00,0x00,0x00,0x1f,0x40,0x00,0x00,0x0a,0xa0,0x00,0x00,0x04,0xf1,0x00,0x00,0x00,0xd7,0x00,
0x00,0x00,0x7d,0x00,0x00,0x00,0x1f,0x30,0x00,0x00,0x0b,0x90,0x00,0x00,0x04,0xf0,0x00,0x00,0x00,0x41,

/* U+005D */
0x44,0x41,0xee,0xf5,0x01,0xf5,0x01,0xf5,0x01,0xf5,0x01,0xf5,0x01,0xf5,0x01,0xf5,0x01,0xf5,0x01,0xf5,
0x01,0xf5,0x01,0xf5,0x01,0xf5,0x01,0xf5,0x01,0xf5,0x01,0xf5,0xab,0xf5,0x88,0x83,
/* U+005E */
0x00,0x03,0xb1,0x00,0x00,0x00,0xce,0x90,0x00,0x00,0x4e,0x3f,0x10,0x00,0x0c,0x60,0xa9,0x00,0x04,0xe0,
0x02,0xf1,0x00,0xc7,0x00,0x0a,0x90,0x5e,0x00,0x00,0x2f,0x2d,0x70,0x00,0x00,0xa9,
/* U+005F */
0xaa,0xaa,0xaa,0xaa,0xa3,0x33,0x33,0x33,0x33,
/* U+0060 */
0x2e,0xa0,0x04,0xf4,0x00,0x5b,
/* U+0061 */
0x00,0x5c,0xff,0xc5,0x00,0x06,0xfc,0x88,0xef,0x20,0x0c,0xe0,0x00,0x3f,0x60,0x04,0x20,0x00,0x4f,0x70,
0x00,0x26,0x9c,0xff,0x70,0x07,0xfd,0x97,0x4f,0x70,0x2f,0x90,0x00,0x1f,0x70,0x4f,0x50,0x00,0x5f,0x70,
0x2f,0xc3,0x37,0xef,0x91,0x07,0xff,0xfc,0x2b,0xf6,0x00,0x02,0x00,0x00,0x20,
/* U+0062 */
0xcb,0x00,0x00,0x00,0x0c,0xb0,0x00,0x00,0x00,0xcb,0x00,0x00,0x00,0x0c,0xb3,0xbe,0xd9,0x00,0xce,0xfb,
0x7a,0xfc,0x0c,0xf7,0x00,0x06,0xf6,0xce,0x00,0x00,0x0d,0xcc,0xc0,0x00,0x00,0xae,0xcb,0x00,0x00,0x0a,
0xfc,0xd0,0x00,0x00,0xcd,0xcf,0x40,0x00,0x2f,0x9c,0xff,0x63,0x5e,0xf2,0xcb,0x7f,0xff,0xc3,0x00,0x00,
0x02,0x00,0x00,
/* U+0063 */
0x00,0x2a,0xef,0xc4,0x00,0x3e,0xe9,0x8d,0xf5,0x0b,0xe2,0x00,0x1e,0xc1,0xf8,0x00,0x00,0x36,0x4f,0x50,
0x00,0x00,0x04,0xf4,0x00,0x00,0x00,0x2f,0x60,0x00,0x04,0x80,0xec,0x00,0x00,0xed,0x07,0xfa,0x34,0xbf,
0x50,0x06,0xef,0xfe,0x60,0x00,0x00,0x12,0x00,0x00,
/* U+0064 */
0x00,0x00,0x00,0x00,0xf7,0x00,0x00,0x00,0x00,0xf7,0x00,0x00,0x00,0x00,0xf7,0x00,0x3b,0xee,0xa2,0xf7,
0x03,0xfe,0x98,0xdd,0xf7,0x0c,0xe1,0x00,0x0c,0xf7,0x2f,0x80,0x00,0x04,0xf7,0x4f,0x50,0x00,0x01,0xf7,
0x4f,0x40,0x00,0x00,0xf7,0x2f,0x70,0x00,0x03,0xf7,0x0d,0xd0,0x00,0x09,0xf7,0x05,0xfb,0x43,0x8f,0xf7,
0x00,0x5e,0xff,0xd3,0xf7,0x00,0x00,0x11,0x00,0x00,
/* U+0065 */
0x00,0x1a,0xed,0x92,0x00,0x02,0xed,0x88,0xee,0x10,0x0b,0xd0,0x00,0x1e,0x90,0x1f,0x60,0x00,0x08,0xf0,
0x4f,0xdc,0xcc,0xcd,0xf2,0x4f,0xba,0xaa,0xaa,0xa2,0x2f,0x50,0x00,0x00,0x00,0x0d,0xb0,0x00,0x0b,0xe0,
0x05,0xfa,0x43,0x8f,0x70,0x00,0x5e,0xff,0xc7,0x00,0x00,0x00,0x11,0x00,0x00,
/* U+0066 */
0x00,0x00,0x10,0x00,0x6e,0xf5,0x00,0xfa,0x31,0x03,0xf5,0x00,0x9d,0xfd,0xc1,0x8b,0xfc,0xa1,0x03,0xf4,
0x00,0x03,0xf4,0x00,0x03,0xf4,0x00,0x03,0xf4,0x00,0x03,0xf4,0x00,0x03,0xf4,0x00,0x03,0xf4,0x00,0x03,
0xf4,0x00,
/* U+0067 */
0x00,0x2a,0xed,0x83,0xc2,0x03,0xfe,0x88,0xec,0xf2,0x0b,0xe1,0x00,0x1e,0xf2,0x1f,0x80,0x00,0x09,0xf2,
0x4f,0x50,0x00,0x06,0xf2,0x4f,0x50,0x00,0x06,0xf2,0x2f,0x70,0x00,0x09,0xf2,0x0e,0xd0,0x00,0x1e,0xf2,
0x05,0xfb,0x56,0xdd,0xf2,0x00,0x5d,0xfe,0x95,0xf2,0x00,0x00,0x00,0x07,0xf0,0x0d,0xb0,0x00,0x1e,0xb0,
0x05,0xfc,0x89,0xee,0x30,0x00,0x39,0xba,0x81,0x00,
/* U+0068 */
0xda,0x00,0x00,0x00,0xda,0x00,0x00,0x00,0xda,0x00,0x00,0x00,0xda,0x4c,0xfd,0x70,0xdd,0xf9,0x8d,0xf6,
0xdf,0x40,0x00,0xfb,0xdd,0x00,0x00,0xbd,0xdb,0x00,0x00,0xad,0xda,0x00,0x00,0xad,0xda,0x00,0x00,0xad,
0xda,0x00,0x00,0xad,0xda,0x00,0x00,0xad,0xda,0x00,0x00,0xad,
/* U+0069 */
0xcc,0x99,0x00,0x99,0xcc,0xcc,0xcc,0xcc,0xcc,0xcc,0xcc,0xcc,0xcc,
/* U+006A */
0x00,0xcc,0x00,0x99,0x00,0x00,0x00,0x99,0x00,0xcc,0x00,0xcc,0x00,0xcc,0x00,0xcc,0x00,0xcc,0x00,0xcc,
0x00,0xcc,0x00,0xcc,0x00,0xcc,0x00,0xcc,0x00,0xda,0x3e,0xf5,0x17,0x30,
/* U+006B */
0xcc,0x00,0x00,0x00,0x0c,0xc0,0x00,0x00,0x00,0xcc,0x00,0x00,0x00,0x0c,0xc0,0x00,0x4c,0x80,0xcc,0x00,
0x4f,0xb0,0x0c,0xc0,0x4f,0xb0,0x00,0xcc,0x3f,0xb0,0x00,0x0c,0xef,0xfc,0x00,0x00,0xcf,0xa7,0xf7,0x00,
0x0c,0xd0,0x0c,0xf2,0x00,0xcc,0x00,0x3f,0xb0,0x0c,0xc0,0x00,0x8f,0x60,0xcc,0x00,0x00,0xde,0x10,
/* U+006C */
0xcc,0xcc,0xcc,0xcc,0xcc,0xcc,0xcc,0xcc,0xcc,0xcc,0xcc,0xcc,0xcc,
/* U+006D */
0xa7,0x3b,0xec,0x40,0x8d,0xfb,0x20,0xdc,0xe9,0x7e,0xea,0xe9,0x9f,0xe0,0xdf,0x40,0x04,0xfe,0x00,0x08,
0xf2,0xdc,0x00,0x01,0xf9,0x00,0x05,0xf3,0xda,0x00,0x01,0xf7,0x00,0x05,0xf3,0xda,0x00,0x01,0xf7,0x00,
0x05,0xf3,0xda,0x00,0x01,0xf7,0x00,0x05,0xf3,0xda,0x00,0x01,0xf7,0x00,0x05,0xf3,0xda,0x00,0x01,0xf7,
0x00,0x05,0xf3,0xda,0x00,0x01,0xf7,0x00,0x05,0xf3,
/* U+006E */
0xa7,0x3b,0xed,0x70,0xdc,0xe9,0x8d,0xf6,0xdf,0x40,0x00,0xfb,0xdd,0x00,0x00,0xbd,0xdb,0x00,0x00,0xad,
0xda,0x00,0x00,0xad,0xda,0x00,0x00,0xad,0xda,0x00,0x00,0xad,0xda,0x00,0x00,0xad,0xda,0x00,0x00,0xad,

/* U+006F */
0x00,0x1a,0xde,0xb4,0x00,0x02,0xef,0x98,0xdf,0x70,0x0b,0xf2,0x00,0x0c,0xf1,0x1f,0x90,0x00,0x03,0xf7,
0x4f,0x50,0x00,0x00,0xf9,0x4f,0x50,0x00,0x00,0xfa,0x2f,0x70,0x00,0x02,0xf7,0x0d,0xd0,0x00,0x08,0xf3,
0x05,0xfc,0x43,0x8f,0xa0,0x00,0x4d,0xff,0xf8,0x00,0x00,0x00,0x12,0x00,0x00,
/* U+0070 */
0x99,0x3b,0xed,0x90,0x0c,0xef,0xb7,0xaf,0xc0,0xcf,0x70,0x00,0x6f,0x6c,0xe0,0x00,0x00,0xdc,0xcc,0x00,
0x00,0x0a,0xec,0xb0,0x00,0x00,0xaf,0xcd,0x00,0x00,0x0c,0xdc,0xf4,0x00,0x02,0xf9,0xcf,0xf6,0x35,0xef,
0x2c,0xb7,0xff,0xfc,0x30,0xcb,0x00,0x20,0x00,0x0c,0xb0,0x00,0x00,0x00,0xcb,0x00,0x00,0x00,0x06,0x60,
0x00,0x00,0x00,
/* U+0071 */
0x00,0x3b,0xee,0xa2,0xc5,0x03,0xfe,0x98,0xdd,0xf7,0x0c,0xe1,0x00,0x0c,0xf7,0x2f,0x80,0x00,0x04,0xf7,
0x4f,0x50,0x00,0x01,0xf7,0x4f,0x40,0x00,0x00,0xf7,0x2f,0x70,0x00,0x03,0xf7,0x0d,0xd0,0x00,0x09,0xf7,
0x05,0xfb,0x43,0x8f,0xf7,0x00,0x5e,0xff,0xd3,0xf7,0x00,0x00,0x11,0x00,0xf7,0x00,0x00,0x00,0x00,0xf7,
0x00,0x00,0x00,0x00,0xf7,0x00,0x00,0x00,0x00,0x84,
/* U+0072 */
0xb6,0x19,0xde,0x8c,0xfc,0xef,0xb0,0x0e,0xf1,0x00,0xec,0x00,0x0e,0xa0,0x00,0xea,0x00,0x0e,0xa0,0x00,
0xea,0x00,0x0e,0xa0,0x00,
/* U+0073 */
0x01,0x9e,0xfd,0x80,0x00,0xdf,0x87,0xbf,0x80,0x2f,0x70,0x00,0xbe,0x00,0xfc,0x20,0x00,0x10,0x07,0xff,
0xd9,0x40,0x00,0x02,0x7c,0xff,0xb0,0x00,0x00,0x01,0xaf,0x45,0xf3,0x00,0x04,0xf6,0x1e,0xd4,0x23,0xbf,
0x20,0x3c,0xff,0xfd,0x40,0x00,0x01,0x21,0x00,0x00,
/* U+0074 */
0x00,0x31,0x00,0x04,0xf4,0x00,0x04,0xf4,0x00,0xad,0xfd,0xc1,0x8b,0xfc,0xa1,0x04,0xf4,0x00,0x04,0xf4,
0x00,0x04,0xf4,0x00,0x04,0xf4,0x00,0x04,0xf4,0x00,0x04,0xf4,0x00,0x03,0xfa,0x50,0x00,0xbf,0xf2,
/* U+0075 */
0xa8,0x00,0x00,0x8a,0xda,0x00,0x00,0xad,0xda,0x00,0x00,0xad,0xda,0x00,0x00,0xad,0xda,0x00,0x00,0xad,
0xda,0x00,0x00,0xad,0xda,0x00,0x00,0xcd,0xce,0x00,0x01,0xfd,0x8f,0x93,0x4d,0xed,0x1b,0xff,0xe6,0x9d,
0x00,0x12,0x00,0x00,
/* U+0076 */
0x7c,0x10,0x00,0x0b,0x74,0xf5,0x00,0x03,0xf4,0x0e,0xa0,0x00,0x8e,0x00,0x9f,0x00,0x0d,0x90,0x03,0xf5,
0x02,0xf4,0x00,0x0e,0xa0,0x7e,0x00,0x00,0x8e,0x0c,0x90,0x00,0x02,0xf6,0xf3,0x00,0x00,0x0d,0xed,0x00,
0x00,0x00,0x7f,0x80,0x00,
/* U+0077 */
0x7c,0x10,0x00,0xc9,0x00,0x04,0xc2,0x4f,0x50,0x04,0xff,0x00,0x09,0xe0,0x0f,0x90,0x08,0xdf,0x30,0x0d,
0xa0,0x0b,0xd0,0x0b,0x8d,0x70,0x1f,0x50,0x06,0xf1,0x0f,0x49,0xb0,0x5f,0x00,0x01,0xf5,0x3f,0x05,0xf0,
0x9b,0x00,0x00,0xca,0x7c,0x01,0xf3,0xd6,0x00,0x00,0x7e,0xa8,0x00,0xd9,0xf2,0x00,0x00,0x2f,0xf5,0x00,
0x9f,0xd0,0x00,0x00,0x0d,0xf1,0x00,0x5f,0x80,0x00,
/* U+0078 */
0x3c,0x70,0x00,0x4c,0x60,0xbf,0x30,0x0d,0xd0,0x01,0xed,0x09,0xf3,0x00,0x05,0xfb,0xf7,0x00,0x00,0x0a,
0xfc,0x00,0x00,0x00,0xbf,0xf1,0x00,0x00,0x7f,0x6f,0xb0,0x00,0x2f,0xa0,0x6f,0x70,0x0c,0xe1,0x00,0xcf,
0x27,0xf5,0x00,0x02,0xfc,
/* U+0079 */
0x8b,0x00,0x00,0x0a,0x85,0xf4,0x00,0x02,0xf6,0x0f,0xa0,0x00,0x7f,0x00,0x9f,0x00,0x0d,0xa0,0x03,0xf4,
0x02,0xf4,0x00,0x0d,0xa0,0x7e,0x00,0x00,0x7f,0x0c,0x80,0x00,0x01,0xf7,0xf2,0x00,0x00,0x0b,0xfd,0x00,
0x00,0x00,0x5f,0x70,0x00,0x00,0x06,0xf1,0x00,0x00,0x00,0xda,0x00,0x00,0x0a,0xcf,0x30,0x00,0x00,0xaa,
0x40,0x00,0x00,
/* U+007A */
0x3c,0xcc,0xcc,0xcc,0x02,0xaa,0xaa,0xbf,0xd0,0x00,0x00,0x0a,0xf2,0x00,0x00,0x06,0xf4,0x00,0x00,0x03,
0xf8,0x00,0x00,0x01,0xeb,0x00,0x00,0x00,0xce,0x10,0x00,0x00,0x8f,0x30,0x00,0x00,0x5f,0xb5,0x55,0x55,
0x19,0xff,0xff,0xff,0xf3,
/* U+007B */
0x00,0x01,0x42,0x00,0x2f,0xd6,0x00,0x8e,0x00,0x00,0xac,0x00,0x00,0xac,0x00,0x00,0xac,0x00,0x00,0xbc,
0x00,0x01,0xe9,0x00,0x1d,0xd1,0x00,0x1e,0xd1,0x00,0x01,0xe9,0x00,0x00,0xbc,0x00,0x00,0xac,0x00,0x00,
0xac,0x00,0x00,0xac,0x00,0x00,0x9d,0x00,0x00,0x4f,0xa4,0x00,0x04,0x84,
/* U+007C */
0x22,0x99,0x99,0x99,0x99,0x99,0x99,0x99,0x99,0x99,0x99,0x99,0x99,0x99,0x99,0x99,0x99,0x99,0x88,
/* U+007D */
0x24,0x10,0x00,0x7d,0xf2,0x00,0x00,0xe8,0x00,0x00,0xca,0x00,0x00,0xca,0x00,0x00,0xca,0x00,0x00,0xcb,
0x00,0x00,0x9e,0x00,0x00,0x2d,0xd1,0x00,0x1d,0xe1,0x00,0x9e,0x10,0x00,0xcb,0x00,0x00,0xca,0x00,0x00,
0xca,0x00,0x00,0xca,0x00,0x00,0xd9,0x00,0x4a,0xf4,0x00,0x48,0x40,0x00,
/* U+007E */
0x19,0xd9,0x20,0x05,0x5b,0xfc,0xff,0xa8,0xf9,0xc3,0x01,0x8f,0xfb,0x00,0x00,0x00,0x01,0x00,
/* U+00B0 */
0x19,0xdb,0x20,0xa7,0x04,0xd0,0xe0,0x00,0xc2,0xb6,0x03,0xd0,0x1b,0xfd,0x30,
/* U+00B7 */
0x5f,0x57,0xf8,0x04,0x00,
/* U+00D7 */
0x6b,0x00,0x00,0x1c,0x32,0xea,0x00,0x0c,0xc0,0x02,0xea,0x0c,0xd1,0x00,0x03,0xfe,0xd1,0x00,0x00,0x0b,
0xf9,0x00,0x00,0x0a,0xe6,0xf7,0x00,0x09,0xe3,0x05,0xf6,0x07,0xf3,0x00,0x05,0xf4,0x13,0x00,0x00,0x04,
0x00,
/* U+2022 */
0x07,0xa3,0x06,0xff,0xe0,0x9f,0xff,0x13,0xff,0xa0,0x00,0x30,0x00,
/* U+2026 */
0xff,0x00,0x00,0xff,0x00,0x00,0xff,0xff,0x00,0x00,0xff,0x00,0x00,0xff,
/* U+4E0B */
0xdd,0xdd,0xdd,0xdd,0xdd,0xdd,0xdd,0xdd,0x66,0x66,0x66,0x7f,0x76,0x66,0x66,0x65,0x00,0x00,0x00,0x2f,
0x20,0x00,0x00,0x00,0x00,0x00,0x00,0x2f,0x30,0x00,0x00,0x00,0x00,0x00,0x00,0x2f,0xe6,0x00,0x00,0x00,
0x00,0x00,0x00,0x2f,0x9f,0xc3,0x00,0x00,0x00,0x00,0x00,0x2f,0x21,0xaf,0x91,0x00,0x00,0x00,0x00,0x2f,
0x20,0x04,0xee,0x60,0x00,0x00,0x00,0x2f,0x20,0x00,0x09,0x90,0x00,0x00,0x00,0x2f,0x20,0x00,0x00,0x00,
0x00,0x00,0x00,0x2f,0x20,0x00,0x00,0x00,0x00,0x00,0x00,0x2f,0x20,0x00,0x00,0x00,0x00,0x00,0x00,0x2f,
0x20,0x00,0x00,0x00,0x00,0x00,0x00,0x2f,0x20,0x00,0x00,0x00,0x00,0x00,0x00,0x2f,0x20,0x00,0x00,0x00,
0x00,0x00,0x00,0x1d,0x20,0x00,0x00,0x00,
/* U+4E0D */
0x9e,0xee,0xee,0xee,0xee,0xee,0xee,0xe9,0x35,0x55,0x55,0x55,0xeb,0x55,0x55,0x53,0x00,0x00,0x00,0x05,
0xf2,0x00,0x00,0x00,0x00,0x00,0x00,0x1e,0xb0,0x00,0x00,0x00,0x00,0x00,0x00,0xcf,0xa0,0x10,0x00,0x00,
0x00,0x00,0x0a,0xec,0xa0,0xbc,0x10,0x00,0x00,0x00,0xae,0x2a,0xa0,0x2e,0xd1,0x00,0x00,0x1c,0xf3,0x0a,
0xa0,0x01,0xde,0x10,0x04,0xee,0x30,0x0a,0xa0,0x00,0x1d,0xd1,0x8f,0xb1,0x00,0x0a,0xa0,0x00,0x02,0xec,
0xb7,0x00,0x00,0x0a,0xa0,0x00,0x00,0x37,0x00,0x00,0x00,0x0a,0xa0,0x00,0x00,0x00,0x00,0x00,0x00,0x0a,
0xa0,0x00,0x00,0x00,0x00,0x00,0x00,0x0a,0xa0,0x00,0x00,0x00,0x00,0x00,0x00,0x0a,0xa0,0x00,0x00,0x00,
0x00,0x00,0x00,0x08,0x80,0x00,0x00,0x00,
/* U+4E0E */
0x00,0x00,0xc3,0x00,0x00,0x00,0x00,0x00,0x00,0x01,0xf3,0x00,0x00,0x00,0x00,0x00,0x00,0x03,0xf7,0x66,
0x66,0x66,0x66,0x66,0x00,0x04,0xfb,0xbb,0xbb,0xbb,0xbb,0xbb,0x00,0x06,0xe0,0x00,0x00,0x00,0x00,0x00,
0x00,0x08,0xc0,0x00,0x00,0x00,0x00,0x00,0x00,0x0a,0xd7,0x77,0x77,0x77,0x77,0x50,0x00,0x09,0xdd,0xdd,
0xdd,0xdd,0xde,0xc0,0x00,0x00,0x00,0x00,0x00,0x00,0x08,0xb0,0x00,0x00,0x00,0x00,0x00,0x00,0x09,0xb0,
0x02,0x22,0x22,0x22,0x22,0x20,0x09,0xa0,0x1f,0xff,0xff,0xff,0xff,0xf1,0x0a,0x90,0x02,0x22,0x22,0x22,
0x22,0x20,0x0b,0x80,0x00,0x00,0x00,0x00,0x00,0x00,0x0e,0x50,0x00,0x00,0x00,0x00,0x00,0x00,0x7f,0x20,
0x00,0x00,0x00,0x06,0xaa,0xbe,0xf7,0x00,0x00,0x00,0x00,0x02,0x78,0x65,0x10,0x00,
/* U+4E2D */
0x00,0x00,0x00,0x09,0x90,0x00,0x00,0x00,0x00,0x00,0x00,0x0a,0xa0,0x00,0x00,0x00,0x00,0x00,0x00,0x0a,
0xa0,0x00,0x00,0x00,0x1b,0xbb,0xbb,0xbe,0xeb,0xbb,0xbb,0xb1,0x1f,0x76,0x66,0x6c,0xc6,0x66,0x67,0xf2,
0x1f,0x20,0x00,0x0a,0xa0,0x00,0x02,0xf2,0x1f,0x20,0x00,0x0a,0xa0,0x00,0x02,0xf2,0x1f,0x20,0x00,0x0a,
0xa0,0x00,0x02,0xf2,0x1f,0x20,0x00,0x0a,0xa0,0x00,0x02,0xf2,0x1f,0xcb,0xbb,0xbe,0xeb,0xbb,0xbb,0xf2,
0x1f,0xba,0xaa,0xae,0xea,0xaa,0xab,0xf2,0x1d,0x20,0x00,0x0a,0xa0,0x00,0x02,0xd1,0x00,0x00,0x00,0x0a,
0xa0,0x00,0x00,0x00,0x00,0x00,0x00,0x0a,0xa0,0x00,0x00,0x00,0x00,0x00,0x00,0x0a,0xa0,0x00,0x00,0x00,
0x00,0x00,0x00,0x0a,0xa0,0x00,0x00,0x00,0x00,0x00,0x00,0x09,0x90,0x00,0x00,0x00,
/* U+4E8E */
0x01,0x11,0x11,0x11,0x11,0x11,0x11,0x10,0x0d,0xff,0xff,0xff,0xff,0xff,0xff,0xb0,0x01,0x11,0x11,0x18,
0xd1,0x11,0x11,0x10,0x00,0x00,0x00,0x08,0xc0,0x00,0x00,0x00,0x00,0x00,0x00,0x08,0xc0,0x00,0x00,0x00,
0x00,0x00,0x00,0x08,0xc0,0x00,0x00,0x00,0x33,0x33,0x33,0x39,0xd3,0x33,0x33,0x33,0xff,0xff,0xff,0xff,
0xff,0xff,0xff,0xff,0x22,0x22,0x22,0x29,0xd2,0x22,0x22,0x22,0x00,0x00,0x00,0x08,0xc0,0x00,0x00,0x00,
0x00,0x00,0x00,0x08,0xc0,0x00,0x00,0x00,0x00,0x00,0x00,0x08,0xc0,0x00,0x00,0x00,0x00,0x00,0x00,0x08,
0xc0,0x00,0x00,0x00,0x00,0x00,0x00,0x08,0xc0,0x00,0x00,0x00,0x00,0x00,0x00,0x08,0xc0,0x00,0x00,0x00,
0x00,0x00,0x99,0x9e,0x90,0x00,0x00,0x00,0x00,0x00,0x89,0x96,0x10,0x00,0x00,0x00,
/* U+4EAE */
0x00,0x00,0x00,0x3d,0x20,0x00,0x00,0x00,0x46,0x66,0x66,0x6d,0xc6,0x66,0x66,0x64,0x7b,0xbb,0xbb,0xbb,
0xbb,0xbb,0xbb,0xb7,0x00,0x03,0x33,0x33,0x33,0x33,0x30,0x00,0x00,0x0f,0xca,0xaa,0xaa,0xac,0xf0,0x00,
0x00,0x0f,0x40,0x00,0x00,0x04,0xf0,0x00,0x00,0x0f,0xff,0xff,0xff,0xff,0xf0,0x00,0x00,0x01,0x11,0x11,
0x11,0x11,0x10,0x00,0x3a,0xaa,0xaa,0xaa,0xaa,0xaa,0xaa,0xa2,0x4f,0x88,0x88,0x88,0x88,0x88,0x88,0xf4,
0x4f,0x00,0x02,0x22,0x22,0x20,0x00,0xf4,0x3b,0x00,0x5f,0xff,0xff,0xf5,0x00,0xb2,0x00,0x00,0x6e,0x00,
0x00,0xe5,0x00,0x00,0x00,0x00,0xab,0x00,0x00,0xe5,0x00,0x48,0x00,0x08,0xf4,0x00,0x00,0xe6,0x00,0x8b,
0x48,0xee,0x50,0x00,0x00,0xce,0x78,0xe8,0x6a,0x60,0x00,0x00,0x00,0x28,0x99,0x50,
/* U+4ED6 */
0x00,0x00,0x86,0x00,0x00,0x4b,0x00,0x00,0x00,0x00,0x0f,0x61,0x20,0x06,0xe0,0x00,0x00,0x00,0x07,0xe0,
0x5f,0x00,0x6e,0x00,0x00,0x00,0x00,0xd8,0x05,0xf0,0x06,0xe3,0x7c,0xd0,0x00,0x7f,0x30,0x5f,0x15,0xbf,
0xfb,0xbd,0x00,0x2f,0xf2,0x19,0xff,0xfd,0xe0,0x07,0xd0,0x0c,0xcf,0x3f,0xff,0x40,0x6e,0x00,0x7c,0x05,
0xe2,0xf3,0x46,0xf0,0x06,0xe0,0x07,0xc0,0x13,0x1f,0x20,0x5f,0x00,0x6e,0x00,0x8b,0x00,0x01,0xf2,0x05,
0xf0,0x06,0xe0,0x5e,0x90,0x00,0x1f,0x20,0x5f,0x00,0x6e,0x0e,0xb1,0x00,0x01,0xf2,0x05,0xf0,0x06,0xe0,
0x00,0x00,0x00,0x1f,0x20,0x5f,0x00,0x4b,0x00,0x02,0xd0,0x01,0xf2,0x05,0xf0,0x00,0x00,0x00,0x3f,0x00,
0x1f,0x20,0x5f,0x00,0x00,0x00,0x07,0xd0,0x01,0xf2,0x01,0xfe,0xcc,0xcc,0xcd,0xf9,0x00,0x1d,0x20,0x01,
0x67,0x77,0x77,0x75,0x00,
/* U+4EF6 */
0x00,0x00,0x67,0x00,0x00,0x0a,0x40,0x00,0x00,0x00,0x00,0xe8,0x04,0x90,0x0e,0x50,0x00,0x00,0x00,0x05,
0xf1,0x09,0xc0,0x0e,0x50,0x00,0x00,0x00,0x0c,0x90,0x0d,0x92,0x2f,0x72,0x22,0x10,0x00,0x6f,0x30,0x2f,
0xee,0xef,0xfe,0xee,0x70,0x02,0xff,0x20,0xab,0x00,0x0e,0x50,0x00,0x00,0x0c,0xdf,0x22,0xf3,0x00,0x0e,
0x50,0x00,0x00,0x5e,0x3f,0x23,0xb0,0x00,0x0e,0x50,0x00,0x00,0x13,0x1f,0x20,0x00,0x00,0x0e,0x50,0x00,
0x00,0x00,0x1f,0x21,0x88,0x88,0x8f,0xb8,0x88,0x81,0x00,0x1f,0x22,0xcc,0xcc,0xcf,0xdc,0xcc,0xc2,0x00,
0x1f,0x20,0x00,0x00,0x0e,0x50,0x00,0x00,0x00,0x1f,0x20,0x00,0x00,0x0e,0x50,0x00,0x00,0x00,0x1f,0x20,
0x00,0x00,0x0e,0x50,0x00,0x00,0x00,0x1f,0x20,0x00,0x00,0x0e,0x50,0x00,0x00,0x00,0x1f,0x20,0x00,0x00,
0x0e,0x50,0x00,0x00,0x00,0x1d,0x20,0x00,0x00,0x0a,0x40,0x00,0x00,
/* U+4F4F */
0x00,0x00,0x58,0x00,0x01,0xa2,0x00,0x00,0x00,0x00,0x00,0xd9,0x00,0x00,0xd8,0x00,0x00,0x00,0x00,0x04,
0xf2,0x00,0x00,0x7d,0x00,0x00,0x00,0x00,0x0b,0xa1,0xcc,0xcc,0xdf,0xcc,0xcc,0x90,0x00,0x5f,0x40,0x55,
0x55,0x8f,0x55,0x55,0x30,0x02,0xff,0x30,0x00,0x00,0x4f,0x00,0x00,0x00,0x0c,0xdf,0x30,0x00,0x00,0x4f,
0x00,0x00,0x00,0x4e,0x2f,0x30,0x00,0x00,0x4f,0x00,0x00,0x00,0x03,0x1f,0x30,0x24,0x44,0x8f,0x54,0x44,
0x10,0x00,0x1f,0x30,0x9f,0xff,0xff,0xff,0xff,0x40,0x00,0x1f,0x30,0x00,0x00,0x4f,0x00,0x00,0x00,0x00,
0x1f,0x30,0x00,0x00,0x4f,0x00,0x00,0x00,0x00,0x1f,0x30,0x00,0x00,0x4f,0x00,0x00,0x00,0x00,0x1f,0x30,
0x00,0x00,0x4f,0x00,0x00,0x00,0x00,0x1f,0x30,0x11,0x11,0x5f,0x11,0x11,0x10,0x00,0x1f,0x37,0xff,0xff,
0xff,0xff,0xff,0xf2,0x00,0x0d,0x21,0x33,0x33,0x33,0x33,0x33,0x30,
/* U+4FDD */
0x00,0x00,0x77,0x00,0x00,0x00,0x00,0x00,0x00,0x00,0x00,0xe7,0x1f,0xff,0xff,0xff,0xf6,0x00,0x00,0x06,
0xf1,0x1f,0x53,0x33,0x33,0xe6,0x00,0x00,0x0d,0x90,0x1f,0x30,0x00,0x00,0xd6,0x00,0x00,0x7f,0x40,0x1f,
0x30,0x00,0x00,0xd6,0x00,0x02,0xff,0x40,0x1f,0xee,0xee,0xee,0xf6,0x00,0x0d,0xcf,0x40,0x06,0x66,0xbe,
0x66,0x62,0x00,0x5e,0x2f,0x40,0x00,0x00,0x7c,0x00,0x00,0x00,0x13,0x0f,0x44,0x88,0x88,0xce,0x88,0x88,
0x80,0x00,0x0f,0x46,0xcc,0xcf,0xff,0xfd,0xcc,0xc0,0x00,0x0f,0x40,0x00,0x4d,0x8c,0x89,0x00,0x00,0x00,
0x0f,0x40,0x00,0xd4,0x7c,0x0e,0x40,0x00,0x00,0x0f,0x40,0x0a,0xb0,0x7c,0x05,0xe1,0x00,0x00,0x0f,0x40,
0xae,0x20,0x7c,0x00,0xae,0x20,0x00,0x0f,0x4b,0xe2,0x00,0x7c,0x00,0x0b,0xe1,0x00,0x0f,0x46,0x20,0x00,
0x7c,0x00,0x00,0x80,0x00,0x0d,0x30,0x00,0x00,0x6a,0x00,0x00,0x00,
/* U+4FEE */
0x00,0x00,0x74,0x00,0x00,0xa6,0x00,0x00,0x00,0x00,0x0f,0x50,0x00,0x5f,0x86,0x66,0x61,0x00,0x06,0xe0,
0x00,0x3e,0xdc,0xcc,0xdf,0x30,0x00,0xd7,0x39,0x4f,0xfa,0x00,0x2d,0xa0,0x00,0x6f,0x14,0xe1,0x61,0xdc,
0x5e,0xb0,0x00,0x2f,0xf1,0x4e,0x00,0x05,0xff,0xe2,0x00,0x0c,0xdf,0x14,0xe2,0x8e,0xfa,0x7e,0xfc,0x74,
0xe3,0xf1,0x4e,0x6d,0x71,0x02,0x15,0xad,0x03,0x2f,0x14,0xe0,0x00,0x07,0xf6,0x00,0x00,0x02,0xf1,0x4e,
0x03,0x9e,0xc3,0x2c,0x30,0x00,0x2f,0x14,0xe0,0x7a,0x30,0x3e,0x90,0x10,0x02,0xf1,0x4e,0x00,0x03,0x9f,
0x70,0xac,0x00,0x2f,0x14,0xe0,0x2c,0xfb,0x40,0xbf,0x30,0x02,0xf1,0x38,0x00,0x92,0x01,0xcf,0x50,0x00,
0x2f,0x10,0x00,0x00,0x18,0xfc,0x20,0x00,0x02,0xf1,0x00,0x07,0xcf,0xa3,0x00,0x00,0x00,0x1d,0x10,0x00,
0xa7,0x10,0x00,0x00,0x00,
/* U+5165 */
0x00,0x00,0x04,0x80,0x00,0x00,0x00,0x00,0x00,0x00,0x00,0x2e,0x90,0x00,0x00,0x00,0x00,0x00,0x00,0x00,
0x1e,0x70,0x00,0x00,0x00,0x00,0x00,0x00,0x00,0x4f,0x10,0x00,0x00,0x00,0x00,0x00,0x00,0x00,0xe9,0x00,
0x00,0x00,0x00,0x00,0x00,0x00,0x3f,0xf2,0x00,0x00,0x00,0x00,0x00,0x00,0x08,0x9b,0x90,0x00,0x00,0x00,
0x00,0x00,0x00,0xe4,0x4f,0x10,0x00,0x00,0x00,0x00,0x00,0x6e,0x00,0xd7,0x00,0x00,0x00,0x00,0x00,0x0e,
0x80,0x06,0xe1,0x00,0x00,0x00,0x00,0x07,0xe0,0x00,0x0d,0x90,0x00,0x00,0x00,0x03,0xf6,0x00,0x00,0x4f,
0x30,0x00,0x00,0x01,0xeb,0x00,0x00,0x00,0xbe,0x10,0x00,0x01,0xdd,0x00,0x00,0x00,0x01,0xdc,0x00,0x03,
0xed,0x20,0x00,0x00,0x00,0x02,0xec,0x11,0xfb,0x10,0x00,0x00,0x00,0x00,0x02,0xde,0x04,0x00,0x00,0x00,
0x00,0x00,0x00,0x00,0x30,
/* U+5173 */
0x00,0x02,0x80,0x00,0x00,0x0a,0x40,0x00,0x00,0x02,0xf6,0x00,0x00,0x3f,0x10,0x00,0x00,0x00,0x6f,0x20,
0x00,0xb9,0x00,0x00,0x02,0x33,0x3c,0x73,0x36,0xf5,0x33,0x20,0x09,0xee,0xee,0xef,0xfe,0xee,0xee,0x90,
0x00,0x00,0x00,0x0a,0xa0,0x00,0x00,0x00,0x00,0x00,0x00,0x0b,0x90,0x00,0x00,0x00,0x00,0x00,0x00,0x0d,
0x70,0x00,0x00,0x00,0x7a,0xaa,0xaa,0xaf,0xca,0xaa,0xaa,0xa7,0x8b,0xbb,0xbb,0xcf,0xfc,0xbb,0xbb,0xb8,
0x00,0x00,0x00,0x9c,0xc9,0x00,0x00,0x00,0x00,0x00,0x01,0xf5,0x4f,0x20,0x00,0x00,0x00,0x00,0x1c,0xd0,
0x0a,0xe2,0x00,0x00,0x00,0x02,0xdd,0x20,0x00,0xbe,0x40,0x00,0x02,0x9f,0xc1,0x00,0x00,0x09,0xfa,0x20,
0xaf,0xd6,0x00,0x00,0x00,0x00,0x4d,0xfb,0x54,0x00,0x00,0x00,0x00,0x00,0x00,0x57,
/* U+5176 */
0x00,0x09,0x80,0x00,0x00,0x08,0x90,0x00,0x03,0x44,0xcb,0x44,0x44,0x44,0xbc,0x44,0x30,0xbf,0xff,0xff,
0xff,0xff,0xff,0xff,0xfb,0x00,0x00,0xb9,0x00,0x00,0x00,0x9b,0x00,0x00,0x00,0x0b,0xb5,0x55,0x55,0x5b,
0xb0,0x00,0x00,0x00,0xbe,0xcc,0xcc,0xcc,0xeb,0x00,0x00,0x00,0x0b,0x90,0x00,0x00,0x09,0xb0,0x00,0x00,
0x00,0xba,0x11,0x11,0x11,0xab,0x00,0x00,0x00,0x0b,0xff,0xff,0xff,0xff,0xb0,0x00,0x00,0x00,0xba,0x00,
0x00,0x00,0xab,0x00,0x00,0x00,0x0b,0x90,0x00,0x00,0x09,0xb0,0x00,0x0c,0xcc,0xee,0xcc,0xcc,0xcc,0xee,
0xcc,0xc1,0x77,0x77,0x77,0x77,0x77,0x77,0x77,0x77,0x00,0x00,0x06,0xd2,0x00,0x1d,0x60,0x00,0x00,0x00,
0x4c,0xf6,0x00,0x00,0x6e,0xe7,0x00,0x05,0xdf,0x91,0x00,0x00,0x00,0x07,0xee,0x60,0x38,0x10,0x00,0x00,
0x00,0x00,0x00,0x73,0x00,
/* U+5230 */
0x00,0x00,0x00,0x00,0x00,0x00,0x00,0x95,0xdf,0xff,0xff,0xff,0xf1,0x12,0x00,0xd7,0x22,0x4f,0x52,0x22,
0x20,0x6d,0x00,0xd7,0x00,0xbb,0x00,0xd3,0x00,0x6d,0x00,0xd7,0x05,0xf2,0x00,0x7e,0x10,0x6d,0x00,0xd7,
0x2f,0x73,0x58,0xaf,0xa0,0x6d,0x00,0xd7,0xef,0xfe,0xb9,0x76,0xf4,0x6d,0x00,0xd7,0x32,0x00,0x42,0x00,
0x71,0x6d,0x00,0xd7,0x00,0x00,0xd6,0x00,0x00,0x6d,0x00,0xd7,0x01,0x11,0xe7,0x11,0x10,0x6d,0x00,0xd7,
0x6f,0xff,0xff,0xff,0xa0,0x6d,0x00,0xd7,0x13,0x33,0xe8,0x33,0x20,0x6d,0x00,0xd7,0x00,0x00,0xd6,0x00,
0x00,0x6d,0x00,0xd7,0x00,0x00,0xd6,0x00,0x10,0x00,0x00,0xd7,0x00,0x02,0xeb,0xae,0xf2,0x00,0x00,0xd7,
0xce,0xff,0xda,0x85,0x20,0x09,0x99,0xf5,0x65,0x20,0x00,0x00,0x00,0x08,0xaa,0x60,
/* U+524D */
0x00,0x01,0xb3,0x00,0x00,0x2c,0x20,0x00,0x00,0x00,0xac,0x00,0x00,0xbc,0x00,0x00,0x99,0x99,0xbf,0xa9,
0x9a,0xfb,0x99,0x99,0x99,0x99,0x99,0x99,0x99,0x99,0x99,0x99,0x02,0x22,0x22,0x21,0x00,0x00,0x04,0x70,
0x0c,0xff,0xff,0xfb,0x01,0x40,0x08,0xc0,0x0c,0x71,0x11,0x9b,0x04,0xf0,0x08,0xc0,0x0c,0x70,0x00,0x8b,
0x04,0xf0,0x08,0xc0,0x0c,0xdb,0xbb,0xeb,0x04,0xf0,0x08,0xc0,0x0c,0xb7,0x77,0xcb,0x04,0xf0,0x08,0xc0,
0x0c,0x70,0x00,0x8b,0x04,0xf0,0x08,0xc0,0x0c,0xa5,0x55,0xbb,0x04,0xf0,0x08,0xc0,0x0c,0xed,0xdd,0xeb,
0x04,0xf0,0x08,0xc0,0x0c,0x70,0x00,0x8b,0x03,0xd0,0x08,0xc0,0x0c,0x70,0x00,0x8b,0x00,0x00,0x08,0xc0,
0x0c,0x70,0x48,0xe8,0x00,0x39,0x8e,0x90,0x0a,0x60,0x3b,0x81,0x00,0x2a,0xa8,0x10,
/* U+52A8 */
0x00,0x00,0x00,0x00,0x00,0x05,0x90,0x00,0x00,0x39,0x99,0x99,0x91,0x00,0x7d,0x00,0x00,0x03,0xaa,0xaa,
0xaa,0x10,0x07,0xd0,0x00,0x00,0x00,0x00,0x00,0x00,0x34,0x9d,0x44,0x43,0x00,0x00,0x00,0x00,0x0c,0xde,
0xfd,0xde,0xb0,0x00,0x00,0x00,0x00,0x00,0x8c,0x00,0x8b,0x1f,0xff,0xff,0xff,0xc0,0x09,0xb0,0x08,0xb0,
0x55,0xcb,0x55,0x54,0x00,0xaa,0x00,0x8b,0x00,0x0e,0x50,0x00,0x00,0x0b,0x90,0x08,0xb0,0x02,0xf1,0x2e,
0x10,0x00,0xe6,0x00,0x9b,0x00,0x7c,0x00,0xd7,0x00,0x2f,0x20,0x09,0xa0,0x0c,0x70,0x05,0xe0,0x05,0xf0,
0x00,0x9a,0x02,0xf2,0x04,0x9f,0x60,0xca,0x00,0x0a,0x90,0xbe,0xbf,0xea,0xad,0x3f,0x30,0x00,0xb8,0x0c,
0xb6,0x20,0x01,0x7c,0xc0,0x00,0x0e,0x60,0x00,0x00,0x00,0x08,0xf2,0x08,0x8d,0xe0,0x00,0x00,0x00,0x00,
0x55,0x00,0x79,0x61,0x00,
/* U+5373 */
0x01,0x11,0x11,0x10,0x00,0x11,0x11,0x10,0x3f,0xff,0xff,0xf8,0x05,0xff,0xff,0xf8,0x3f,0x10,0x00,0xb8,
0x05,0xf1,0x11,0xc8,0x3f,0x00,0x00,0xb8,0x05,0xf0,0x00,0xc8,0x3f,0xcc,0xcc,0xe8,0x05,0xf0,0x00,0xc8,
0x3f,0x54,0x44,0xc8,0x05,0xf0,0x00,0xc8,0x3f,0x00,0x00,0xb8,0x05,0xf0,0x00,0xc8,0x3f,0x21,0x11,0xb8,
0x05,0xf0,0x00,0xc8,0x3f,0xff,0xff,0xf8,0x05,0xf0,0x00,0xc8,0x3f,0x32,0x22,0x21,0x05,0xf0,0x00,0xc8,
0x3f,0x00,0x02,0x20,0x05,0xf0,0x00,0xc8,0x3f,0x00,0x0a,0xb0,0x05,0xf0,0x00,0xc8,0x3f,0x00,0x01,0xf4,
0x05,0xf0,0x01,0xe7,0x3f,0x00,0x49,0xfd,0x05,0xf0,0xef,0xf3,0x6f,0x9e,0xfb,0x6f,0x55,0xf0,0x35,0x10,
0xaf,0xb7,0x10,0x07,0x55,0xf0,0x00,0x00,0x10,0x00,0x00,0x00,0x04,0xb0,0x00,0x00,
/* U+53D1 */
0x00,0x02,0x10,0x04,0xd0,0x03,0x60,0x00,0x00,0x00,0xb9,0x00,0x8d,0x00,0x4f,0x80,0x00,0x00,0x0f,0x40,
0x0b,0x90,0x00,0x2e,0x90,0x00,0x05,0xf0,0x00,0xe6,0x00,0x00,0x2b,0x10,0x00,0xaf,0xbb,0xcf,0xdb,0xbb,
0xbb,0xbb,0x70,0x05,0x66,0x6b,0xe6,0x66,0x66,0x66,0x64,0x00,0x00,0x00,0xe8,0x00,0x00,0x00,0x00,0x00,
0x00,0x00,0x5f,0x97,0x77,0x77,0x74,0x00,0x00,0x00,0x0c,0xfe,0xcc,0xcc,0xcf,0x90,0x00,0x00,0x03,0xfd,
0xd0,0x00,0x02,0xf3,0x00,0x00,0x00,0x9d,0x1d,0x90,0x00,0xbb,0x00,0x00,0x00,0x3f,0x50,0x4f,0x80,0x9e,
0x20,0x00,0x00,0x1e,0xc0,0x00,0x4f,0xdf,0x40,0x00,0x00,0x0c,0xf3,0x00,0x04,0xef,0xe6,0x00,0x00,0x0a,
0xf4,0x00,0x3b,0xfa,0x28,0xfd,0x60,0x01,0xf5,0x03,0xcf,0xc4,0x00,0x02,0x9f,0xf8,0x02,0x00,0x2a,0x30,
0x00,0x00,0x00,0x17,0x60,
/* U+53D8 */
0x00,0x00,0x00,0x0e,0x50,0x00,0x00,0x00,0x03,0x44,0x44,0x44,0xcc,0x44,0x44,0x44,0x30,0xbf,0xff,0xff,
0xff,0xff,0xff,0xff,0xfb,0x00,0x00,0x00,0xc8,0x00,0x8c,0x00,0x00,0x00,0x00,0x8d,0x0c,0x80,0x08,0xc0,
0xc9,0x00,0x02,0xce,0x30,0xc8,0x00,0x8c,0x01,0xcc,0x20,0xeb,0x10,0x0c,0x80,0x08,0xc0,0x00,0xae,0x02,
0x00,0x00,0x85,0x00,0x58,0x00,0x00,0x20,0x02,0x44,0x44,0x44,0x44,0x44,0x43,0x00,0x00,0x7e,0xff,0xee,
0xee,0xee,0xef,0xb0,0x00,0x00,0x09,0xd1,0x00,0x00,0x0a,0xe2,0x00,0x00,0x00,0x0b,0xd1,0x00,0x2d,0xf3,
0x00,0x00,0x00,0x00,0x09,0xf5,0x5f,0xd2,0x00,0x00,0x00,0x00,0x00,0x0a,0xff,0xc0,0x00,0x00,0x00,0x00,
0x03,0x8e,0xfa,0x8e,0xe9,0x30,0x00,0x09,0xdf,0xfc,0x61,0x00,0x05,0xbf,0xfd,0xa1,0x67,0x40,0x00,0x00,
0x00,0x00,0x03,0x69,0x00,
/* U+53EF */
0xbb,0xbb,0xbb,0xbb,0xbb,0xbb,0xbb,0xbb,0x77,0x77,0x77,0x77,0x77,0x77,0xcd,0x77,0x00,0x00,0x00,0x00,
0x00,0x00,0xaa,0x00,0x00,0x00,0x00,0x00,0x00,0x00,0xaa,0x00,0x00,0xef,0xff,0xff,0xf1,0x00,0xaa,0x00,
0x00,0xe7,0x22,0x24,0xf1,0x00,0xaa,0x00,0x00,0xe5,0x00,0x02,0xf1,0x00,0xaa,0x00,0x00,0xe5,0x00,0x02,
0xf1,0x00,0xaa,0x00,0x00,0xe5,0x00,0x02,0xf1,0x00,0xaa,0x00,0x00,0xe9,0x55,0x57,0xf1,0x00,0xaa,0x00,
0x00,0xee,0xee,0xee,0xe1,0x00,0xaa,0x00,0x00,0xe5,0x00,0x00,0x00,0x00,0xaa,0x00,0x00,0x83,0x00,0x00,
0x00,0x00,0xaa,0x00,0x00,0x00,0x00,0x00,0x00,0x00,0xaa,0x00,0x00,0x00,0x00,0x00,0x29,0x89,0xf7,0x00,
0x00,0x00,0x00,0x00,0x1a,0xaa,0x71,0x00,
/* U+540E */
0x00,0x00,0x00,0x00,0x00,0x00,0x35,0x74,0x00,0x00,0x17,0x88,0x9a,0xbc,0xef,0xfe,0xb8,0x00,0x00,0x2f,
0xba,0x98,0x76,0x52,0x00,0x00,0x00,0x00,0x2f,0x10,0x00,0x00,0x00,0x00,0x00,0x00,0x00,0x2f,0x20,0x00,
0x00,0x00,0x00,0x00,0x00,0x00,0x2f,0xff,0xff,0xff,0xff,0xff,0xff,0xf1,0x00,0x2f,0x54,0x44,0x44,0x44,
0x44,0x44,0x40,0x00,0x4f,0x00,0x00,0x00,0x00,0x00,0x00,0x00,0x00,0x6e,0x00,0x11,0x11,0x11,0x11,0x10,
0x00,0x00,0x7c,0x03,0xff,0xff,0xff,0xff,0xfa,0x00,0x00,0x9a,0x03,0xf4,0x33,0x33,0x33,0xba,0x00,0x00,
0xb8,0x03,0xf0,0x00,0x00,0x00,0xaa,0x00,0x00,0xf5,0x03,0xf0,0x00,0x00,0x00,0xaa,0x00,0x06,0xf0,0x03,
0xf0,0x00,0x00,0x00,0xaa,0x00,0x0c,0x90,0x03,0xf5,0x44,0x44,0x44,0xca,0x00,0x2f,0x20,0x03,0xff,0xff,
0xff,0xff,0xfa,0x00,0x06,0x00,0x03,0xc0,0x00,0x00,0x00,0x88,0x00,
/* U+542C */
0x00,0x00,0x00,0x00,0x00,0x00,0x03,0x72,0x01,0x44,0x44,0x20,0x16,0x89,0xbe,0xfd,0x50,0x5f,0xee,0xf8,
0x05,0xfb,0x97,0x51,0x00,0x05,0xe0,0x0b,0x80,0x5e,0x00,0x00,0x00,0x00,0x5e,0x00,0xb8,0x05,0xe0,0x00,
0x00,0x00,0x05,0xe0,0x0b,0x80,0x5f,0x44,0x44,0x44,0x40,0x5e,0x00,0xb8,0x05,0xff,0xff,0xff,0xff,0x15,
0xe0,0x0b,0x80,0x5e,0x00,0x0e,0x60,0x00,0x5e,0x00,0xb8,0x07,0xc0,0x00,0xe5,0x00,0x05,0xe0,0x0b,0x80,
0xaa,0x00,0x0e,0x50,0x00,0x5e,0x00,0xb8,0x0c,0x70,0x00,0xe5,0x00,0x05,0xf9,0x9e,0x80,0xf4,0x00,0x0e,
0x50,0x00,0x5f,0xbb,0xb6,0x4f,0x10,0x00,0xe5,0x00,0x05,0xe0,0x00,0x0c,0xa0,0x00,0x0e,0x50,0x00,0x01,
0x00,0x06,0xf1,0x00,0x00,0xe5,0x00,0x00,0x00,0x00,0xe8,0x00,0x00,0x0e,0x50,0x00,0x00,0x00,0x04,0x00,
0x00,0x00,0xb4,0x00,0x00,
/* U+542F */
0x00,0x00,0x00,0x00,0xb7,0x00,0x00,0x00,0x00,0x00,0x00,0x00,0x7e,0x00,0x00,0x00,0x00,0x2e,0xee,0xee,
0xef,0xee,0xee,0xed,0x00,0x2f,0x54,0x44,0x44,0x44,0x44,0x8e,0x00,0x2f,0x10,0x00,0x00,0x00,0x00,0x5e,
0x00,0x2f,0x31,0x11,0x11,0x11,0x11,0x6e,0x00,0x2f,0xff,0xff,0xff,0xff,0xff,0xfe,0x00,0x2f,0x32,0x22,
0x22,0x22,0x22,0x22,0x00,0x3f,0x00,0x00,0x00,0x00,0x00,0x00,0x00,0x5e,0x03,0x44,0x44,0x44,0x44,0x43,
0x00,0x7c,0x0b,0xff,0xff,0xff,0xff,0xfb,0x00,0x9a,0x0b,0x80,0x00,0x00,0x00,0x8b,0x00,0xc8,0x0b,0x80,
0x00,0x00,0x00,0x8b,0x03,0xf3,0x0b,0x80,0x00,0x00,0x00,0x8b,0x0a,0xb0,0x0b,0xa4,0x44,0x44,0x44,0xab,
0x1f,0x40,0x0b,0xfe,0xee,0xee,0xee,0xfb,0x07,0x00,0x0a,0x70,0x00,0x00,0x00,0x79,
/* U+548C */
0x00,0x00,0x03,0x71,0x00,0x00,0x00,0x00,0x37,0x9b,0xef,0xb3,0x49,0x99,0x99,0x93,0x6b,0x9c,0xc0,0x00,
0x7e,0x99,0x99,0xf6,0x00,0x09,0xb0,0x00,0x7b,0x00,0x00,0xe6,0x12,0x2a,0xb2,0x22,0x7b,0x00,0x00,0xe6,
0xbf,0xff,0xff,0xfc,0x7b,0x00,0x00,0xe6,0x00,0x0c,0xb0,0x00,0x7b,0x00,0x00,0xe6,0x00,0x3f,0xf3,0x00,
0x7b,0x00,0x00,0xe6,0x00,0xbe,0xde,0x20,0x7b,0x00,0x00,0xe6,0x04,0xb9,0xb5,0xe2,0x7b,0x00,0x00,0xe6,
0x2e,0x29,0xb0,0xaa,0x7b,0x00,0x00,0xe6,0xd7,0x09,0xb0,0x01,0x7b,0x00,0x00,0xe6,0xc0,0x09,0xb0,0x00,
0x7b,0x00,0x00,0xe6,0x00,0x09,0xb0,0x00,0x7e,0x99,0x99,0xf6,0x00,0x09,0xb0,0x00,0x7e,0xaa,0xaa,0xf6,
0x00,0x09,0xb0,0x00,0x7b,0x00,0x00,0xe6,0x00,0x06,0x70,0x00,0x23,0x00,0x00,0x10,
/* U+56FA */
0x4f,0xff,0xff,0xff,0xff,0xff,0xff,0xf4,0x4f,0x22,0x22,0x22,0x22,0x22,0x22,0xf4,0x4f,0x00,0x00,0x0a,
0xa0,0x00,0x00,0xf4,0x4f,0x05,0x55,0x5c,0xc5,0x55,0x50,0xf4,0x4f,0x0e,0xee,0xef,0xfe,0xee,0xe0,0xf4,
0x4f,0x00,0x00,0x0a,0xa0,0x00,0x00,0xf4,0x4f,0x00,0x00,0x0a,0xa0,0x00,0x00,0xf4,0x4f,0x00,0xbf,0xff,
0xff,0xfb,0x00,0xf4,0x4f,0x00,0xb9,0x22,0x22,0x9b,0x00,0xf4,0x4f,0x00,0xb8,0x00,0x00,0x7b,0x00,0xf4,
0x4f,0x00,0xb8,0x00,0x00,0x8b,0x00,0xf4,0x4f,0x00,0xbf,0xff,0xff,0xfb,0x00,0xf4,0x4f,0x00,0x12,0x22,
0x22,0x21,0x00,0xf4,0x4f,0x43,0x33,0x33,0x33,0x33,0x34,0xf4,0x4f,0xff,0xff,0xff,0xff,0xff,0xff,0xf4,
0x3c,0x00,0x00,0x00,0x00,0x00,0x00,0xc3,
/* U+5728 */
0x00,0x00,0x00,0x0a,0x80,0x00,0x00,0x00,0x00,0x00,0x00,0x01,0xf5,0x00,0x00,0x00,0x00,0x04,0x66,0x66,
0xaf,0x76,0x66,0x66,0x66,0x60,0x9c,0xcc,0xdf,0xdc,0xcc,0xcc,0xcc,0xcc,0x00,0x00,0x09,0xd0,0x00,0x01,
0x00,0x00,0x00,0x00,0x04,0xf4,0x00,0x06,0xe0,0x00,0x00,0x00,0x01,0xe9,0x00,0x00,0x6e,0x00,0x00,0x00,
0x00,0xbe,0x10,0x00,0x06,0xe0,0x00,0x00,0x00,0xbf,0xd0,0x59,0x99,0xcf,0x99,0x99,0x10,0xaf,0xbd,0x06,
0xbb,0xbd,0xfb,0xbb,0xb2,0x2f,0x46,0xd0,0x00,0x00,0x6e,0x00,0x00,0x00,0x10,0x6d,0x00,0x00,0x06,0xe0,
0x00,0x00,0x00,0x06,0xd0,0x00,0x00,0x6e,0x00,0x00,0x00,0x00,0x6d,0x00,0x00,0x06,0xe0,0x00,0x00,0x00,
0x06,0xd0,0x11,0x11,0x7e,0x11,0x11,0x10,0x00,0x6d,0x4f,0xff,0xff,0xff,0xff,0xff,0x00,0x05,0xb0,0x33,
0x33,0x33,0x33,0x33,0x30,
/* U+58F0 */
0x00,0x00,0x00,0x08,0x80,0x00,0x00,0x00,0x46,0x66,0x66,0x6c,0xc6,0x66,0x66,0x64,0x9c,0xcc,0xcc,0xce,
0xec,0xcc,0xcc,0xc9,0x00,0x00,0x00,0x0a,0xa0,0x00,0x00,0x00,0x09,0xbb,0xbb,0xbe,0xeb,0xbb,0xbb,0x90,
0x04,0x55,0x55,0x55,0x55,0x55,0x55,0x40,0x01,0x44,0x44,0x44,0x44,0x44,0x44,0x20,0x04,0xfe,0xee,0xef,
0xfe,0xee,0xef,0x70,0x04,0xf0,0x00,0x07,0xc0,0x00,0x0c,0x70,0x05,0xf0,0x00,0x07,0xc0,0x00,0x0c,0x70,
0x07,0xfc,0xcc,0xce,0xfc,0xcc,0xcf,0x70,0x09,0xd7,0x77,0x77,0x77,0x77,0x77,0x30,0x0b,0x90,0x00,0x00,
0x00,0x00,0x00,0x00,0x0f,0x50,0x00,0x00,0x00,0x00,0x00,0x00,0x7f,0x10,0x00,0x00,0x00,0x00,0x00,0x00,
0xe9,0x00,0x00,0x00,0x00,0x00,0x00,0x00,0x81,0x00,0x00,0x00,0x00,0x00,0x00,0x00,
/* U+5907 */
0x00,0x00,0x0c,0x80,0x00,0x00,0x00,0x00,0x00,0x00,0xbf,0xa8,0x88,0x88,0x83,0x00,0x00,0x0a,0xf9,0x88,
0x88,0x8c,0xf3,0x00,0x03,0xdd,0xe9,0x00,0x00,0x9f,0x40,0x00,0x2f,0x90,0x1a,0xe5,0x4e,0xd2,0x00,0x00,
0x01,0x00,0x00,0x9f,0xfc,0x00,0x00,0x00,0x00,0x02,0x7d,0xf9,0x8e,0xe9,0x40,0x00,0x7b,0xef,0xd7,0x10,
0x00,0x5b,0xff,0xda,0xb9,0x86,0x44,0x44,0x44,0x44,0x56,0x78,0x00,0xae,0xdd,0xde,0xed,0xdd,0xeb,0x00,
0x00,0xa9,0x00,0x09,0x90,0x00,0x8b,0x00,0x00,0xaa,0x22,0x2a,0xa2,0x22,0xab,0x00,0x00,0xaf,0xff,0xff,
0xff,0xff,0xfb,0x00,0x00,0xa9,0x00,0x09,0x90,0x00,0x8b,0x00,0x00,0xaa,0x11,0x1a,0xa1,0x11,0x9b,0x00,
0x00,0xaf,0xff,0xff,0xff,0xff,0xfb,0x00,0x00,0x87,0x00,0x00,0x00,0x00,0x78,0x00,
/* U+5931 */
0x00,0x03,0x10,0x08,0x80,0x00,0x00,0x00,0x00,0x0e,0x70,0x0a,0xa0,0x00,0x00,0x00,0x00,0x7f,0x10,0x0a,
0xa0,0x00,0x00,0x00,0x01,0xee,0xbb,0xbe,0xeb,0xbb,0xbb,0x80,0x0c,0xe6,0x66,0x6c,0xc6,0x66,0x66,0x40,
0xaf,0x30,0x00,0x0a,0xa0,0x00,0x00,0x00,0xa5,0x00,0x00,0x0b,0x90,0x00,0x00,0x00,0x00,0x00,0x00,0x0d,
0x70,0x00,0x00,0x00,0xdf,0xff,0xff,0xff,0xff,0xff,0xff,0xfd,0x45,0x55,0x55,0x8f,0xf9,0x55,0x55,0x54,
0x00,0x00,0x00,0xab,0x8b,0x00,0x00,0x00,0x00,0x00,0x01,0xf4,0x1f,0x50,0x00,0x00,0x00,0x00,0x1d,0xc0,
0x05,0xf3,0x00,0x00,0x00,0x02,0xdd,0x10,0x00,0x7f,0x60,0x00,0x01,0x8f,0xc1,0x00,0x00,0x05,0xfa,0x20,
0xaf,0xd6,0x00,0x00,0x00,0x00,0x2b,0xfb,0x85,0x00,0x00,0x00,0x00,0x00,0x00,0x47,
/* U+5B58 */
0x00,0x00,0x00,0x3c,0x10,0x00,0x00,0x00,0x00,0x00,0x00,0x00,0x8d,0x00,0x00,0x00,0x00,0x00,0x09,0xff,
0xff,0xff,0xff,0xff,0xff,0xff,0xe0,0x02,0x33,0x39,0xe4,0x33,0x33,0x33,0x33,0x30,0x00,0x00,0x1e,0x60,
0x00,0x00,0x00,0x00,0x00,0x00,0x00,0xac,0x06,0xdd,0xdd,0xdd,0xdc,0x00,0x00,0x04,0xf3,0x03,0x66,0x66,
0x68,0xfb,0x00,0x00,0x3f,0xb0,0x00,0x00,0x00,0x4e,0x90,0x00,0x02,0xef,0xb0,0x00,0x00,0x07,0xf6,0x00,
0x00,0x1d,0xda,0xb0,0x00,0x00,0x0a,0xa0,0x00,0x00,0x0a,0x18,0xb0,0x9a,0xaa,0xae,0xea,0xaa,0xa1,0x00,
0x08,0xb0,0x8a,0xaa,0xad,0xda,0xaa,0xa1,0x00,0x08,0xb0,0x00,0x00,0x0a,0xa0,0x00,0x00,0x00,0x08,0xb0,
0x00,0x00,0x0a,0xa0,0x00,0x00,0x00,0x08,0xb0,0x00,0x00,0x0a,0xa0,0x00,0x00,0x00,0x08,0xb0,0x00,0x37,
0x7e,0x80,0x00,0x00,0x00,0x07,0x90,0x00,0x3b,0xb9,0x10,0x00,0x00,
/* U+5BC6 */
0x00,0x00,0x00,0x1c,0x30,0x00,0x00,0x00,0x39,0x99,0x99,0x9f,0xc9,0x99,0x99,0x93,0x5f,0x88,0x88,0x88,
0x88,0x88,0x88,0xf5,0x5e,0x00,0x00,0x5b,0x00,0x05,0x20,0xe5,0x12,0x5c,0x04,0x0c,0xa0,0x7f,0x40,0x20,
0x00,0xc6,0x2f,0x01,0x59,0xe3,0x78,0x00,0x05,0xe0,0x2f,0x03,0xde,0x20,0x4f,0x60,0x0e,0x70,0x2f,0x9f,
0x90,0x06,0x57,0xf2,0x04,0x03,0x9f,0xd3,0x00,0x0c,0x80,0xbb,0x27,0xdf,0xdf,0xed,0xdd,0xff,0x30,0x11,
0xde,0x82,0x02,0x56,0x66,0x51,0x00,0x00,0x11,0x60,0x00,0x08,0x90,0x00,0x06,0x20,0x02,0xf1,0x00,0x09,
0xb0,0x00,0x0d,0x60,0x02,0xf1,0x00,0x09,0xb0,0x00,0x0d,0x60,0x02,0xf3,0x22,0x2a,0xb2,0x22,0x2e,0x60,
0x02,0xff,0xff,0xff,0xff,0xff,0xff,0x60,0x00,0x00,0x00,0x00,0x00,0x00,0x0c,0x50,
/* U+5C1A */
0x00,0x00,0x00,0x88,0x00,0x00,0x10,0x00,0xb6,0x00,0x0a,0xa0,0x00,0x8d,0x00,0x06,0xe1,0x00,0xaa,0x00,
0x2f,0x40,0x00,0x0c,0x90,0x0a,0xa0,0x0a,0xa0,0x00,0x00,0x21,0x00,0xaa,0x00,0x12,0x00,0x0f,0xff,0xff,
0xff,0xff,0xff,0xff,0xf1,0xf7,0x44,0x44,0x44,0x44,0x44,0x6f,0x1f,0x40,0x00,0x00,0x00,0x00,0x02,0xf1,
0xf4,0x02,0x99,0x99,0x99,0x30,0x2f,0x1f,0x40,0x4f,0xaa,0xaa,0xf5,0x02,0xf1,0xf4,0x04,0xf0,0x00,0x0e,
0x50,0x2f,0x1f,0x40,0x4f,0x00,0x00,0xe5,0x02,0xf1,0xf4,0x04,0xf4,0x44,0x4f,0x50,0x2f,0x1f,0x40,0x3f,
0xff,0xff,0xf5,0x02,0xf1,0xf4,0x00,0x00,0x00,0x00,0x00,0x3f,0x1f,0x40,0x00,0x00,0x00,0x03,0x7b,0xe0,
0xd3,0x00,0x00,0x00,0x00,0x3b,0xb5,0x00,
/* U+5C4F */
0x01,0x22,0x22,0x22,0x22,0x22,0x22,0x20,0x05,0xff,0xff,0xff,0xff,0xff,0xff,0xf1,0x05,0xe0,0x00,0x00,
0x00,0x00,0x02,0xf1,0x05,0xf3,0x33,0x33,0x33,0x33,0x36,0xf1,0x05,0xfd,0xdd,0xdd,0xdd,0xdd,0xdd,0xd0,
0x05,0xe0,0x00,0x71,0x00,0x00,0x93,0x00,0x05,0xe0,0x00,0xc9,0x00,0x06,0xf1,0x00,0x07,0xd0,0x77,0xaf,
0x87,0x7e,0xc7,0x72,0x08,0xb0,0xcc,0xcf,0xcc,0xce,0xec,0xc3,0x09,0xa0,0x00,0x2f,0x10,0x08,0xb0,0x00,
0x0b,0x90,0x00,0x3f,0x10,0x08,0xb0,0x00,0x0c,0x77,0xbb,0xcf,0xbb,0xbd,0xeb,0xbb,0x1f,0x46,0x88,0xde,
0x88,0x8c,0xd8,0x88,0x6f,0x00,0x00,0xe7,0x00,0x08,0xb0,0x00,0xba,0x00,0x0a,0xe1,0x00,0x08,0xb0,0x00,
0xf5,0x03,0xdf,0x30,0x00,0x08,0xb0,0x00,0x51,0x02,0xa1,0x00,0x00,0x05,0x70,0x00,
/* U+5DF2 */
0x4d,0xdd,0xdd,0xdd,0xdd,0xdd,0xdd,0x00,0x15,0x55,0x55,0x55,0x55,0x55,0x8f,0x00,0x00,0x00,0x00,0x00,
0x00,0x00,0x4f,0x00,0x07,0x90,0x00,0x00,0x00,0x00,0x4f,0x00,0x09,0xb0,0x00,0x00,0x00,0x00,0x4f,0x00,
0x09,0xc2,0x22,0x22,0x22,0x22,0x6f,0x00,0x09,0xff,0xff,0xff,0xff,0xff,0xff,0x00,0x09,0xc2,0x22,0x22,
0x22,0x22,0x22,0x00,0x09,0xb0,0x00,0x00,0x00,0x00,0x00,0x00,0x09,0xb0,0x00,0x00,0x00,0x00,0x00,0x00,
0x09,0xb0,0x00,0x00,0x00,0x00,0x00,0x4b,0x09,0xb0,0x00,0x00,0x00,0x00,0x00,0x6e,0x09,0xb0,0x00,0x00,
0x00,0x00,0x00,0x8c,0x06,0xf3,0x00,0x00,0x00,0x00,0x03,0xe8,0x01,0xdf,0xff,0xff,0xff,0xff,0xff,0xd2,
0x00,0x02,0x33,0x33,0x33,0x33,0x32,0x00,
/* U+5E38 */
0x00,0x24,0x00,0x09,0x90,0x00,0x62,0x00,0x00,0x6e,0x10,0x0a,0xa0,0x04,0xf2,0x00,0x13,0x3d,0x93,0x3b,
0xb3,0x3d,0xa3,0x31,0x7f,0xee,0xee,0xee,0xee,0xee,0xee,0xf7,0x7d,0x00,0x00,0x00,0x00,0x00,0x00,0xd7,
0x7d,0x08,0xdd,0xdd,0xdd,0xdd,0x90,0xd7,0x13,0x0a,0xb4,0x44,0x44,0x4b,0xa0,0x21,0x00,0x0a,0xa0,0x00,
0x00,0x09,0xa0,0x00,0x00,0x0a,0xfd,0xdd,0xdd,0xdf,0xa0,0x00,0x00,0x03,0x44,0x4c,0xc4,0x44,0x30,0x00,
0x00,0x22,0x22,0x2b,0xb2,0x22,0x22,0x10,0x04,0xff,0xff,0xff,0xff,0xff,0xff,0x60,0x04,0xf1,0x11,0x1b,
0xb1,0x11,0x1e,0x60,0x04,0xf0,0x00,0x0a,0xa0,0x00,0x0e,0x60,0x04,0xf0,0x00,0x0a,0xa0,0x05,0x6f,0x40,
0x04,0xf0,0x00,0x0a,0xa0,0x0b,0xd9,0x00,0x00,0x00,0x00,0x08,0x80,0x00,0x00,0x00,
/* U+5EA6 */
0x00,0x00,0x00,0x00,0x2c,0x20,0x00,0x00,0x00,0x04,0x66,0x66,0x66,0xeb,0x66,0x66,0x65,0x00,0xae,0xcc,
0xcc,0xcc,0xcc,0xcc,0xcc,0x90,0x0a,0xa0,0x03,0x90,0x00,0x03,0xa0,0x00,0x00,0xac,0x66,0x9f,0x66,0x66,
0x9f,0x66,0x40,0x0a,0xec,0xcd,0xfc,0xcc,0xcd,0xfc,0xc8,0x00,0xaa,0x00,0x5f,0x00,0x00,0x4f,0x00,0x00,
0x0a,0x90,0x05,0xf7,0x77,0x79,0xf0,0x00,0x00,0xc8,0x00,0x3b,0xbb,0xbb,0xbb,0x00,0x00,0x0d,0x60,0x00,
0x00,0x00,0x00,0x00,0x00,0x00,0xe5,0x4f,0xff,0xff,0xff,0xff,0xf3,0x00,0x0f,0x30,0x3d,0xb3,0x22,0x24,
0xea,0x00,0x02,0xf1,0x00,0x2e,0xb1,0x04,0xe9,0x00,0x00,0x7d,0x00,0x00,0x2c,0xd8,0xf7,0x00,0x00,0x0d,
0x70,0x00,0x15,0x9f,0xfe,0x61,0x00,0x02,0xf2,0x28,0xcf,0xfa,0x41,0x6d,0xfc,0x96,0x06,0x02,0xc8,0x41,
0x00,0x00,0x02,0x69,0xb0,
/* U+5F00 */
0x0b,0xbb,0xbb,0xbb,0xbb,0xbb,0xbb,0xb0,0x07,0x77,0xdc,0x77,0x77,0xaf,0x87,0x70,0x00,0x00,0xb9,0x00,
0x00,0x4f,0x00,0x00,0x00,0x00,0xb9,0x00,0x00,0x4f,0x00,0x00,0x00,0x00,0xb9,0x00,0x00,0x4f,0x00,0x00,
0x00,0x00,0xb9,0x00,0x00,0x4f,0x00,0x00,0xee,0xee,0xff,0xee,0xee,0xff,0xee,0xee,0x55,0x55,0xea,0x55,
0x55,0x8f,0x65,0x55,0x00,0x00,0xf5,0x00,0x00,0x4f,0x00,0x00,0x00,0x03,0xf3,0x00,0x00,0x4f,0x00,0x00,
0x00,0x06,0xf0,0x00,0x00,0x4f,0x00,0x00,0x00,0x0b,0xb0,0x00,0x00,0x4f,0x00,0x00,0x00,0x5f,0x40,0x00,
0x00,0x4f,0x00,0x00,0x04,0xe9,0x00,0x00,0x00,0x4f,0x00,0x00,0x5f,0xb0,0x00,0x00,0x00,0x4f,0x00,0x00,
0x27,0x00,0x00,0x00,0x00,0x29,0x00,0x00,
/* U+5F53 */
0x00,0x00,0x00,0x67,0x00,0x00,0x00,0x27,0x00,0x00,0xab,0x00,0x00,0x86,0x3f,0x60,0x00,0xab,0x00,0x04,
0xf4,0x07,0xf2,0x00,0xab,0x00,0x0e,0x90,0x00,0xa6,0x00,0xab,0x00,0x4c,0x00,0x33,0x33,0x33,0xbc,0x33,
0x33,0x33,0xcf,0xff,0xff,0xff,0xff,0xff,0xfc,0x11,0x11,0x11,0x11,0x11,0x11,0x9c,0x00,0x00,0x00,0x00,
0x00,0x00,0x8c,0x00,0x00,0x00,0x00,0x00,0x00,0x8c,0x0c,0xcc,0xcc,0xcc,0xcc,0xcc,0xec,0x07,0x77,0x77,
0x77,0x77,0x77,0xcc,0x00,0x00,0x00,0x00,0x00,0x00,0x8c,0x00,0x00,0x00,0x00,0x00,0x00,0x8c,0x44,0x44,
0x44,0x44,0x44,0x44,0xac,0xdf,0xff,0xff,0xff,0xff,0xff,0xfc,0x00,0x00,0x00,0x00,0x00,0x00,0x58,
/* U+626B */
0x00,0x06,0x90,0x00,0x00,0x00,0x00,0x00,0x00,0x00,0x8c,0x00,0x36,0x66,0x66,0x66,0x62,0x00,0x08,0xc0,
0x07,0xcc,0xcc,0xcc,0xcf,0x60,0x99,0xde,0x96,0x00,0x00,0x00,0x00,0xe6,0x07,0x7c,0xd7,0x50,0x00,0x00,
0x00,0x0e,0x60,0x00,0x8c,0x00,0x00,0x00,0x00,0x00,0xe6,0x00,0x08,0xc0,0x00,0x00,0x00,0x00,0x0e,0x60,
0x00,0x8c,0x17,0x09,0x99,0x99,0x99,0xf6,0x00,0x0a,0xff,0xb1,0xbb,0xbb,0xbb,0xbf,0x61,0xbf,0xfe,0x30,
0x00,0x00,0x00,0x00,0xe6,0x0a,0x59,0xc0,0x00,0x00,0x00,0x00,0x0e,0x60,0x00,0x8c,0x00,0x00,0x00,0x00,
0x00,0xe6,0x00,0x08,0xc0,0x00,0x00,0x00,0x00,0x0e,0x60,0x00,0x8c,0x00,0x00,0x00,0x00,0x00,0xe6,0x00,
0x09,0xc0,0x0e,0xff,0xff,0xff,0xff,0x60,0x5a,0xf9,0x00,0x44,0x44,0x44,0x44,0xf6,0x03,0x97,0x10,0x00,
0x00,0x00,0x00,0x06,0x20,
/* U+627E */
0x00,0x07,0x70,0x00,0x09,0x60,0x66,0x00,0x00,0x00,0xaa,0x00,0x00,0xc8,0x06,0xf3,0x00,0x00,0x0a,0xa0,
0x00,0x0b,0x90,0x0a,0x90,0x00,0x99,0xdd,0x97,0x00,0xaa,0x00,0x01,0x31,0x07,0x7d,0xd7,0x60,0x1b,0xd9,
0xce,0xfe,0x30,0x00,0xaa,0x00,0xef,0xff,0xa7,0x41,0x00,0x00,0x0a,0xa0,0x05,0x36,0xe0,0x00,0x32,0x00,
0x00,0xaa,0x39,0x00,0x3f,0x00,0x0d,0xa0,0x00,0x0b,0xff,0x90,0x00,0xf3,0x0a,0xf1,0x02,0xaf,0xfd,0x20,
0x00,0x0d,0x65,0xf7,0x00,0x1d,0x7b,0xa0,0x00,0x00,0x9c,0xeb,0x00,0x00,0x00,0xaa,0x00,0x00,0x06,0xfc,
0x00,0x00,0x00,0x0a,0xa0,0x00,0x18,0xff,0x50,0x03,0xb0,0x00,0xaa,0x00,0x6e,0xe6,0x8c,0x00,0x7c,0x00,
0x0a,0xa0,0x2e,0x80,0x00,0xe9,0x0d,0x70,0x69,0xf8,0x00,0x00,0x00,0x03,0xfe,0xe1,0x06,0xb8,0x10,0x00,
0x00,0x00,0x02,0x83,0x00,
/* U+62E9 */
0x00,0x09,0x60,0x00,0x11,0x11,0x11,0x11,0x00,0x00,0x0d,0x80,0x09,0xff,0xff,0xff,0xff,0x00,0x00,0x0d,
0x80,0x00,0x6e,0x10,0x00,0xca,0x00,0x07,0x7e,0xb7,0x30,0x0d,0x90,0x09,0xe1,0x00,0x09,0x9e,0xd9,0x50,
0x01,0xdb,0xcd,0x20,0x00,0x00,0x0d,0x80,0x00,0x06,0xcf,0xfb,0x61,0x00,0x00,0x0d,0x80,0x0a,0xfe,0x82,
0x3b,0xff,0xd2,0x00,0x0d,0x82,0x48,0x40,0x06,0x50,0x14,0x80,0x00,0x0d,0xef,0x70,0x00,0x0a,0x90,0x00,
0x00,0x1a,0xef,0xc3,0x03,0xee,0xef,0xfe,0xee,0x20,0x1c,0x7d,0x80,0x01,0x55,0x5c,0xb5,0x55,0x00,0x00,
0x0d,0x80,0x00,0x00,0x0a,0x90,0x00,0x00,0x00,0x0d,0x80,0x17,0x77,0x7d,0xc7,0x77,0x70,0x00,0x0d,0x80,
0x2c,0xcc,0xce,0xec,0xcc,0xc0,0x00,0x0d,0x80,0x00,0x00,0x0a,0x90,0x00,0x00,0x08,0xbf,0x50,0x00,0x00,
0x0a,0x90,0x00,0x00,0x07,0xa7,0x00,0x00,0x00,0x06,0x50,0x00,0x00,
/* U+6301 */
0x00,0x65,0x00,0x00,0x00,0x87,0x00,0x00,0x00,0xb8,0x00,0x00,0x00,0xa9,0x00,0x00,0x00,0xb8,0x00,0x3e,
0xee,0xff,0xee,0xe4,0x67,0xdc,0x73,0x03,0x33,0xcb,0x33,0x31,0x99,0xed,0x94,0x00,0x00,0xa9,0x00,0x00,
0x00,0xb8,0x00,0xcf,0xff,0xff,0xff,0xfe,0x00,0xb8,0x00,0x45,0x55,0x55,0x55,0x55,0x00,0xb8,0x23,0x00,
0x00,0x00,0x58,0x00,0x00,0xbe,0xf6,0x33,0x33,0x33,0xad,0x33,0x9e,0xfd,0x32,0xff,0xff,0xff,0xff,0xff,
0xc8,0xc8,0x00,0x00,0x00,0x00,0x8c,0x00,0x00,0xb8,0x00,0x1d,0x20,0x00,0x8c,0x00,0x00,0xb8,0x00,0x0a,
0xd0,0x00,0x8c,0x00,0x00,0xb8,0x00,0x01,0xe8,0x00,0x8c,0x00,0x00,0xb8,0x00,0x00,0x44,0x00,0x8c,0x00,
0x78,0xf6,0x00,0x00,0x03,0x88,0xfa,0x00,0x6a,0x70,0x00,0x00,0x02,0xaa,0x92,0x00,
/* U+6309 */
0x00,0x0a,0x40,0x00,0x00,0x6b,0x00,0x00,0x00,0x00,0x0e,0x60,0x00,0x00,0x2f,0x20,0x00,0x00,0x00,0x0e,
0x60,0x0c,0xcc,0xcf,0xec,0xcc,0x80,0x07,0x7f,0xa7,0x0f,0x75,0x55,0x55,0x5b,0xa0,0x09,0x9f,0xc9,0x1f,
0x30,0x75,0x00,0x09,0xa0,0x00,0x0e,0x60,0x08,0x10,0xf4,0x00,0x04,0x40,0x00,0x0e,0x60,0x00,0x04,0xf0,
0x00,0x00,0x00,0x00,0x0e,0x63,0x6c,0xce,0xfc,0xcc,0xcc,0xc2,0x00,0x0e,0xef,0x48,0x8f,0xa8,0x8a,0xf8,
0x81,0x2a,0xef,0xb2,0x00,0x5f,0x00,0x07,0xc0,0x00,0x2c,0x7f,0x60,0x00,0xc8,0x00,0x0c,0x80,0x00,0x00,
0x0e,0x60,0x01,0xec,0x30,0x4f,0x20,0x00,0x00,0x0e,0x60,0x00,0x08,0xfb,0xd9,0x00,0x00,0x00,0x0e,0x60,
0x00,0x00,0x5f,0xf9,0x00,0x00,0x00,0x0f,0x60,0x00,0x3a,0xfb,0x6d,0xe5,0x00,0x08,0xbf,0x41,0x9e,0xfd,
0x50,0x00,0x8f,0xb1,0x07,0xa6,0x00,0xb7,0x20,0x00,0x00,0x03,0x80,
/* U+63A5 */
0x00,0x09,0x60,0x00,0x00,0x3d,0x10,0x00,0x00,0x00,0x0d,0x80,0x03,0x33,0x4f,0x83,0x33,0x20,0x00,0x0d,
0x80,0x0b,0xee,0xee,0xee,0xee,0x70,0x07,0x7e,0xb7,0x00,0x38,0x00,0x06,0xb0,0x00,0x09,0x9e,0xd9,0x00,
0x1f,0x30,0x0e,0x70,0x00,0x00,0x0d,0x80,0x16,0x6c,0xc6,0x9f,0x76,0x50,0x00,0x0d,0x80,0x2e,0xee,0xee,
0xee,0xee,0xc0,0x00,0x0d,0x85,0x00,0x00,0x63,0x00,0x00,0x00,0x00,0x0d,0xff,0x00,0x02,0xf2,0x00,0x00,
0x00,0x2a,0xff,0xb1,0x6f,0xff,0xff,0xff,0xff,0xf2,0x1c,0x6d,0x80,0x26,0x8f,0x76,0x67,0xf6,0x60,0x00,
0x0d,0x80,0x00,0xa9,0x00,0x07,0xc0,0x00,0x00,0x0d,0x80,0x01,0xed,0x60,0x1e,0x60,0x00,0x00,0x0d,0x80,
0x00,0x06,0xde,0xdc,0x00,0x00,0x00,0x0d,0x80,0x00,0x01,0x8f,0xef,0x81,0x00,0x08,0xbf,0x50,0x39,0xcf,
0xd5,0x04,0xdf,0x70,0x07,0xa7,0x00,0x4b,0x72,0x00,0x00,0x06,0x70,
/* U+63CF */
0x00,0x0a,0x60,0x00,0x09,0x40,0x05,0x90,0x00,0x00,0x0c,0x80,0x00,0x0d,0x60,0x07,0xc0,0x00,0x00,0x0c,
0x80,0x2c,0xcf,0xdc,0xcd,0xfc,0xc1,0x09,0x9e,0xd9,0x36,0x6e,0xa6,0x6a,0xd6,0x60,0x07,0x7e,0xb7,0x10,
0x0d,0x60,0x07,0xc0,0x00,0x00,0x0c,0x80,0x00,0x01,0x00,0x01,0x20,0x00,0x00,0x0c,0x80,0x07,0xff,0xff,
0xff,0xff,0x70,0x00,0x0c,0x86,0x67,0xd4,0x4b,0xb4,0x4d,0x70,0x00,0x1d,0xfe,0x47,0xc0,0x09,0x90,0x0c,
0x70,0x2b,0xff,0xb0,0x07,0xc0,0x09,0x90,0x0c,0x70,0x2b,0x5c,0x80,0x07,0xe8,0x8c,0xc8,0x8e,0x70,0x00,
0x0c,0x80,0x07,0xeb,0xbe,0xeb,0xbf,0x70,0x00,0x0c,0x80,0x07,0xc0,0x09,0x90,0x0c,0x70,0x00,0x0c,0x80,
0x07,0xc0,0x09,0x90,0x0c,0x70,0x00,0x0d,0x80,0x07,0xc3,0x3a,0xa3,0x3d,0x70,0x08,0xbf,0x50,0x07,0xff,
0xff,0xff,0xff,0x70,0x06,0x96,0x00,0x06,0x90,0x00,0x00,0x09,0x50,
/* U+63D0 */
0x00,0x09,0x60,0x00,0x22,0x22,0x22,0x21,0x00,0x00,0x0d,0x80,0x04,0xfd,0xdd,0xdd,0xf9,0x00,0x00,0x0d,
0x80,0x04,0xf0,0x00,0x00,0xa9,0x00,0x07,0x7e,0xb7,0x24,0xfa,0xaa,0xaa,0xe9,0x00,0x09,0x9e,0xd9,0x34,
0xf3,0x33,0x33,0xc9,0x00,0x00,0x0d,0x80,0x04,0xf4,0x44,0x44,0xc9,0x00,0x00,0x0d,0x80,0x03,0xdd,0xdd,
0xdd,0xd7,0x00,0x00,0x0d,0x84,0x00,0x00,0x00,0x00,0x00,0x00,0x00,0x0d,0xff,0x7d,0xdd,0xdd,0xdd,0xdd,
0xa0,0x1a,0xff,0xb1,0x25,0x55,0x5f,0x85,0x55,0x40,0x0c,0x7d,0x80,0x04,0x90,0x0f,0x40,0x00,0x00,0x00,
0x0d,0x80,0x09,0xb0,0x0f,0xa8,0x88,0x00,0x00,0x0d,0x80,0x0c,0xc0,0x0f,0xcb,0xbb,0x00,0x00,0x0d,0x80,
0x2f,0xe5,0x0f,0x40,0x00,0x00,0x00,0x0d,0x80,0xbb,0x3f,0x7f,0x40,0x00,0x00,0x08,0xaf,0x64,0xf2,0x04,
0xdf,0xed,0xcc,0xc1,0x07,0xa7,0x01,0x60,0x00,0x01,0x45,0x66,0x60,
/* U+6539 */
0x00,0x00,0x00,0x00,0x09,0x50,0x00,0x00,0x08,0x88,0x88,0x81,0x00,0xf5,0x00,0x00,0x00,0xaa,0xaa,0xaf,
0x30,0x3f,0x53,0x33,0x32,0x00,0x00,0x00,0xf3,0x07,0xfe,0xee,0xff,0xc0,0x00,0x00,0x0f,0x30,0xd7,0x00,
0x0e,0x50,0x00,0x00,0x00,0xf3,0x5f,0x70,0x00,0xf3,0x00,0x04,0x44,0x4f,0x3d,0xec,0x00,0x1f,0x10,0x01,
0xff,0xff,0xf6,0xf2,0xf1,0x04,0xf0,0x00,0x1f,0x20,0x00,0x02,0x09,0x80,0x9b,0x00,0x01,0xf2,0x00,0x00,
0x00,0x2e,0x1f,0x50,0x00,0x1f,0x20,0x00,0x00,0x00,0xbc,0xe0,0x00,0x01,0xf2,0x00,0x00,0x00,0x05,0xf8,
0x00,0x00,0x1f,0x20,0x06,0xb0,0x00,0xaf,0xc0,0x00,0x01,0xf4,0x8e,0xe8,0x00,0xaf,0x5e,0xa0,0x00,0x6f,
0xfb,0x40,0x02,0xbf,0x30,0x3f,0xa0,0x04,0x82,0x00,0x07,0xfc,0x20,0x00,0x4e,0xd2,0x00,0x00,0x00,0x56,
0x00,0x00,0x00,0x19,0x00,
/* U+653E */
0x00,0x06,0xa0,0x00,0x00,0x4b,0x00,0x00,0x00,0x00,0x03,0xf2,0x00,0x00,0x9c,0x00,0x00,0x00,0x02,0x22,
0xc9,0x22,0x00,0xd9,0x11,0x11,0x10,0x0f,0xff,0xff,0xff,0x62,0xff,0xff,0xff,0xc0,0x00,0x2f,0x10,0x00,
0x08,0xd0,0x00,0xd5,0x00,0x00,0x2f,0x10,0x00,0x2f,0x90,0x00,0xf3,0x00,0x00,0x2f,0x76,0x63,0xbf,0xd0,
0x02,0xf1,0x00,0x00,0x3f,0xdd,0xf7,0xc3,0xe3,0x04,0xf0,0x00,0x00,0x4e,0x00,0xb7,0x00,0x88,0x0a,0xb0,
0x00,0x00,0x6d,0x00,0xc7,0x00,0x2f,0x1f,0x50,0x00,0x00,0x8b,0x00,0xc7,0x00,0x0b,0xce,0x00,0x00,0x00,
0xb8,0x00,0xc6,0x00,0x04,0xf8,0x00,0x00,0x00,0xf5,0x00,0xd6,0x00,0x0a,0xfc,0x00,0x00,0x04,0xf1,0x00,
0xd5,0x00,0x8f,0x6e,0xa0,0x00,0x0a,0xb0,0x00,0xf4,0x1a,0xf5,0x03,0xfa,0x00,0x2f,0x53,0x9c,0xe2,0xee,
0x40,0x00,0x4e,0xd1,0x07,0x01,0x86,0x20,0x71,0x00,0x00,0x01,0x90,
/* U+6548 */
0x00,0x00,0xc4,0x00,0x00,0x0b,0x50,0x00,0x00,0x00,0x00,0x9b,0x00,0x00,0x1f,0x50,0x00,0x00,0x0f,0xff,
0xff,0xff,0xf4,0x4f,0x20,0x00,0x00,0x04,0x44,0x44,0x44,0x41,0x8f,0xff,0xff,0xf1,0x00,0x1d,0x32,0xd3,
0x00,0xc9,0x22,0xb9,0x20,0x00,0xac,0x00,0x8f,0x23,0xf5,0x00,0xc5,0x00,0x04,0xf3,0x00,0x0a,0xaa,0xfa,
0x00,0xe3,0x00,0x0e,0x90,0x00,0x31,0x2f,0xaf,0x01,0xf1,0x00,0x09,0x14,0x00,0xe6,0x09,0x0e,0x56,0xd0,
0x00,0x00,0x4f,0x74,0xf0,0x00,0x08,0xac,0x70,0x00,0x00,0x06,0xfe,0xa0,0x00,0x02,0xff,0x10,0x00,0x00,
0x00,0x8f,0x90,0x00,0x00,0xec,0x00,0x00,0x00,0x01,0xed,0xf6,0x00,0x07,0xff,0x30,0x00,0x00,0x0c,0xd0,
0x8f,0x30,0x5f,0x6a,0xe1,0x00,0x02,0xdf,0x20,0x07,0x08,0xf8,0x00,0xdd,0x20,0x2f,0xd2,0x00,0x00,0xcf,
0x60,0x00,0x2d,0xe2,0x06,0x00,0x00,0x00,0x82,0x00,0x00,0x00,0x80,
/* U+6587 */
0x00,0x00,0x00,0xb5,0x00,0x00,0x00,0x00,0x00,0x00,0x00,0x8e,0x00,0x00,0x00,0x00,0x00,0x00,0x00,0x0d,
0x80,0x00,0x00,0x00,0xbd,0xdd,0xdd,0xde,0xfd,0xdd,0xdd,0xdb,0x44,0x4f,0x84,0x44,0x44,0x49,0xe4,0x44,
0x00,0x09,0xb0,0x00,0x00,0x0c,0x80,0x00,0x00,0x02,0xf3,0x00,0x00,0x3f,0x20,0x00,0x00,0x00,0xba,0x00,
0x00,0xab,0x00,0x00,0x00,0x00,0x3f,0x50,0x04,0xf3,0x00,0x00,0x00,0x00,0x07,0xf2,0x0e,0x80,0x00,0x00,
0x00,0x00,0x00,0xbd,0xad,0x00,0x00,0x00,0x00,0x00,0x00,0x1e,0xf4,0x00,0x00,0x00,0x00,0x00,0x01,0xbf,
0xde,0x40,0x00,0x00,0x00,0x00,0x4e,0xd2,0x09,0xf9,0x00,0x00,0x00,0x5b,0xf9,0x00,0x00,0x4e,0xe7,0x10,
0x8e,0xfa,0x30,0x00,0x00,0x00,0x7e,0xf8,0x97,0x10,0x00,0x00,0x00,0x00,0x00,0x6a,
/* U+65B0 */
0x00,0x01,0xe4,0x00,0x00,0x00,0x00,0x26,0x20,0x04,0x44,0xcb,0x44,0x40,0x69,0xbd,0xfd,0x50,0x0c,0xee,
0xee,0xee,0xe3,0xcc,0x75,0x20,0x00,0x00,0x63,0x00,0x19,0x00,0xc7,0x00,0x00,0x00,0x00,0x8b,0x00,0x7c,
0x00,0xc7,0x00,0x00,0x00,0x07,0x8f,0x77,0xeb,0x72,0xca,0x66,0x66,0x61,0x1c,0xcc,0xdf,0xcc,0xc3,0xcf,
0xee,0xff,0xe4,0x00,0x00,0x7d,0x00,0x00,0xc7,0x00,0xd6,0x00,0x01,0x11,0x8d,0x11,0x10,0xc7,0x00,0xd6,
0x00,0x0c,0xff,0xff,0xff,0xf0,0xd6,0x00,0xd6,0x00,0x01,0x22,0x8d,0x22,0x20,0xf4,0x00,0xd6,0x00,0x00,
0x95,0x7d,0x3b,0x01,0xf2,0x00,0xd6,0x00,0x01,0xf4,0x7d,0x0f,0x33,0xf0,0x00,0xd6,0x00,0x08,0xf0,0x7d,
0x0a,0x98,0xd0,0x00,0xd6,0x00,0x0e,0x90,0x7d,0x04,0x7e,0x60,0x00,0xd6,0x00,0x3f,0x14,0xcc,0x00,0x5e,
0x00,0x00,0xd6,0x00,0x01,0x0a,0xc4,0x00,0x05,0x00,0x00,0xb5,0x00,
/* U+65B9 */
0x00,0x00,0x00,0x2b,0x10,0x00,0x00,0x00,0x00,0x00,0x00,0x0d,0x80,0x00,0x00,0x00,0x23,0x33,0x33,0x37,
0xf3,0x33,0x33,0x32,0xce,0xee,0xef,0xfe,0xee,0xee,0xee,0xee,0x00,0x00,0x0d,0x70,0x00,0x00,0x00,0x00,
0x00,0x00,0x0d,0x60,0x00,0x00,0x00,0x00,0x00,0x00,0x0e,0x50,0x00,0x00,0x00,0x00,0x00,0x00,0x0f,0xee,
0xee,0xee,0xeb,0x00,0x00,0x00,0x2f,0x76,0x66,0x66,0xbc,0x00,0x00,0x00,0x6d,0x00,0x00,0x00,0x8c,0x00,
0x00,0x00,0xb8,0x00,0x00,0x00,0x9b,0x00,0x00,0x01,0xf3,0x00,0x00,0x00,0x9a,0x00,0x00,0x0b,0xd0,0x00,
0x00,0x00,0xa9,0x00,0x00,0x5f,0x30,0x00,0x00,0x00,0xc8,0x00,0x05,0xf7,0x00,0x00,0x00,0x01,0xf4,0x00,
0x5f,0x90,0x00,0x00,0x58,0x8e,0xb0,0x00,0x48,0x00,0x00,0x00,0x4a,0xa6,0x00,0x00,
/* U+65E0 */
0x08,0xdd,0xdd,0xdd,0xdd,0xdd,0xdd,0x40,0x03,0x66,0x66,0xae,0x66,0x66,0x66,0x10,0x00,0x00,0x00,0x7d,
0x00,0x00,0x00,0x00,0x00,0x00,0x00,0x8c,0x00,0x00,0x00,0x00,0x00,0x00,0x00,0x9b,0x00,0x00,0x00,0x00,
0x67,0x77,0x77,0xdd,0x77,0x77,0x77,0x76,0xad,0xdd,0xdd,0xfe,0xdf,0xdd,0xdd,0xda,0x00,0x00,0x01,0xf3,
0x1f,0x30,0x00,0x00,0x00,0x00,0x06,0xe0,0x1f,0x30,0x00,0x00,0x00,0x00,0x0b,0x90,0x1f,0x30,0x00,0x00,
0x00,0x00,0x4f,0x40,0x1f,0x30,0x00,0x00,0x00,0x01,0xeb,0x00,0x1f,0x30,0x00,0x26,0x00,0x1c,0xd1,0x00,
0x1f,0x30,0x00,0x5e,0x05,0xee,0x20,0x00,0x1f,0x40,0x00,0x8c,0xbf,0xa1,0x00,0x00,0x0d,0xeb,0xbc,0xf7,
0x63,0x00,0x00,0x00,0x01,0x68,0x87,0x30,
/* U+65F6 */
0x00,0x00,0x00,0x00,0x00,0x00,0x2a,0x00,0x04,0x77,0x77,0x50,0x00,0x00,0x04,0xf0,0x00,0x8e,0xaa,0xda,
0x00,0x00,0x00,0x4f,0x00,0x08,0xb0,0x09,0xa4,0x99,0x99,0x9b,0xf9,0x92,0x8b,0x00,0x9a,0x37,0x77,0x77,
0xaf,0x87,0x18,0xb0,0x09,0xa0,0x00,0x00,0x04,0xf0,0x00,0x8d,0x66,0xca,0x00,0x10,0x00,0x4f,0x00,0x08,
0xfd,0xdf,0xa0,0x9c,0x00,0x04,0xf0,0x00,0x8b,0x00,0x9a,0x03,0xf5,0x00,0x4f,0x00,0x08,0xb0,0x09,0xa0,
0x0a,0xe0,0x04,0xf0,0x00,0x8b,0x00,0x9a,0x00,0x2f,0x60,0x4f,0x00,0x08,0xb0,0x09,0xa0,0x00,0x97,0x04,
0xf0,0x00,0x8e,0x99,0xda,0x00,0x00,0x00,0x4f,0x00,0x08,0xeb,0xbe,0xa0,0x00,0x00,0x04,0xf0,0x00,0x8b,
0x00,0x89,0x00,0x00,0x00,0x4f,0x00,0x02,0x40,0x00,0x00,0x00,0x99,0x9d,0xd0,0x00,0x00,0x00,0x00,0x00,
0x08,0x99,0x82,0x00,0x00,
/* U+662F */
0x00,0x13,0x33,0x33,0x33,0x33,0x31,0x00,0x00,0x6f,0xee,0xee,0xee,0xee,0xf8,0x00,0x00,0x6e,0x00,0x00,
0x00,0x00,0xb8,0x00,0x00,0x6f,0xaa,0xaa,0xaa,0xaa,0xe8,0x00,0x00,0x6e,0x44,0x44,0x44,0x44,0xc8,0x00,
0x00,0x6e,0x55,0x55,0x55,0x55,0xd8,0x00,0x00,0x5c,0xcc,0xcc,0xcc,0xcc,0xc6,0x00,0x00,0x00,0x00,0x00,
0x00,0x00,0x00,0x00,0xcc,0xcc,0xcc,0xcc,0xcc,0xcc,0xcc,0xcc,0x67,0x77,0x77,0x7b,0xe7,0x77,0x77,0x77,
0x00,0x0a,0x50,0x07,0xd0,0x00,0x00,0x00,0x00,0x2f,0x40,0x07,0xe6,0x66,0x66,0x00,0x00,0x9f,0x30,0x07,
0xfc,0xcc,0xcc,0x00,0x02,0xfb,0xd0,0x07,0xd0,0x00,0x00,0x00,0x1d,0xa0,0xad,0x47,0xd0,0x00,0x00,0x00,
0xbd,0x00,0x07,0xef,0xfb,0xaa,0xaa,0xa8,0x52,0x00,0x00,0x02,0x56,0x77,0x88,0x85,
/* U+663E */
0x00,0x12,0x22,0x22,0x22,0x22,0x21,0x00,0x00,0xef,0xff,0xff,0xff,0xff,0xfe,0x00,0x00,0xe6,0x00,0x00,
0x00,0x00,0x5e,0x00,0x00,0xe8,0x22,0x22,0x22,0x22,0x7e,0x00,0x00,0xee,0xdd,0xdd,0xdd,0xdd,0xee,0x00,
0x00,0xe6,0x00,0x00,0x00,0x00,0x5e,0x00,0x00,0xe8,0x44,0x44,0x44,0x44,0x8e,0x00,0x00,0xef,0xff,0xff,
0xff,0xff,0xfe,0x00,0x00,0x00,0x00,0x00,0x00,0x00,0x00,0x00,0x02,0x00,0x08,0xb0,0x0c,0x80,0x02,0x70,
0x0e,0x70,0x08,0xb0,0x0c,0x80,0x0a,0xc0,0x06,0xf1,0x08,0xb0,0x0c,0x80,0x3f,0x30,0x00,0xca,0x08,0xb0,
0x0c,0x80,0xbb,0x00,0x00,0x3c,0x08,0xb0,0x0c,0x81,0xe2,0x00,0x00,0x00,0x08,0xb0,0x0c,0x80,0x00,0x00,
0xde,0xee,0xef,0xfe,0xef,0xfe,0xee,0xed,0x55,0x55,0x55,0x55,0x55,0x55,0x55,0x55,
/* U+6697 */
0x00,0x00,0x00,0x00,0x01,0xd3,0x00,0x00,0x59,0x99,0x92,0x01,0x11,0xba,0x11,0x11,0x8e,0x99,0xf4,0x5f,
0xff,0xff,0xff,0xfc,0x8b,0x00,0xf4,0x01,0xd7,0x11,0x2f,0x41,0x8b,0x00,0xf4,0x00,0x9a,0x00,0x5d,0x00,
0x8b,0x00,0xf4,0x12,0x6e,0x22,0xba,0x22,0x8c,0x55,0xf4,0xcf,0xff,0xff,0xff,0xff,0x8f,0xff,0xf4,0x22,
0x22,0x22,0x22,0x22,0x8b,0x00,0xf4,0x04,0x66,0x66,0x66,0x60,0x8b,0x00,0xf4,0x0b,0xed,0xdd,0xdd,0xf0,
0x8b,0x00,0xf4,0x0b,0x80,0x00,0x03,0xf0,0x8b,0x00,0xf4,0x0b,0x92,0x22,0x26,0xf0,0x8e,0x99,0xf4,0x0b,
0xff,0xff,0xff,0xf0,0x8e,0xbb,0xf4,0x0b,0x80,0x00,0x03,0xf0,0x8b,0x00,0xa3,0x0b,0x92,0x22,0x25,0xf0,
0x00,0x00,0x00,0x0b,0xff,0xff,0xff,0xf0,0x00,0x00,0x00,0x0a,0x70,0x00,0x03,0xd0,
/* U+6709 */
0x00,0x00,0x00,0x0a,0x70,0x00,0x00,0x00,0x00,0x00,0x00,0x02,0xf4,0x00,0x00,0x00,0x00,0x0a,0xdd,0xdd,
0xef,0xdd,0xdd,0xdd,0xdd,0xd0,0x45,0x55,0x8f,0x85,0x55,0x55,0x55,0x55,0x00,0x00,0x0c,0xc0,0x00,0x00,
0x00,0x00,0x00,0x00,0x08,0xfd,0xcc,0xcc,0xcc,0xc8,0x00,0x00,0x04,0xff,0x96,0x66,0x66,0x6b,0xa0,0x00,
0x04,0xf9,0xe4,0x00,0x00,0x00,0x8a,0x00,0x04,0xfa,0x0e,0xa8,0x88,0x88,0x8c,0xa0,0x01,0xfb,0x00,0xec,
0xaa,0xaa,0xaa,0xda,0x00,0x05,0x00,0x0e,0x40,0x00,0x00,0x08,0xa0,0x00,0x00,0x00,0xe8,0x55,0x55,0x55,
0xba,0x00,0x00,0x00,0x0e,0xed,0xdd,0xdd,0xdf,0xa0,0x00,0x00,0x00,0xe4,0x00,0x00,0x00,0x8a,0x00,0x00,
0x00,0x0e,0x40,0x00,0x00,0x08,0xa0,0x00,0x00,0x00,0xe4,0x00,0x00,0x66,0xe9,0x00,0x00,0x00,0x0b,0x30,
0x00,0x0b,0xb9,0x20,0x00,
/* U+672A */
0x00,0x00,0x00,0x07,0x70,0x00,0x00,0x00,0x00,0x00,0x00,0x0a,0xa0,0x00,0x00,0x00,0x03,0x55,0x55,0x5c,
0xc5,0x55,0x55,0x40,0x09,0xdd,0xdd,0xdf,0xfd,0xdd,0xdd,0xb0,0x00,0x00,0x00,0x0a,0xa0,0x00,0x00,0x00,
0x00,0x00,0x00,0x0a,0xa0,0x00,0x00,0x00,0x01,0x11,0x11,0x1b,0xb1,0x11,0x11,0x10,0xcf,0xff,0xff,0xff,
0xff,0xff,0xff,0xfc,0x34,0x44,0x45,0xec,0xce,0x54,0x44,0x43,0x00,0x00,0x0b,0x6a,0xa6,0xb0,0x00,0x00,
0x00,0x00,0x7c,0x0a,0xa0,0xc7,0x00,0x00,0x00,0x03,0xf3,0x0a,0xa0,0x2f,0x40,0x00,0x00,0x5f,0x70,0x0a,
0xa0,0x06,0xf7,0x00,0x09,0xf6,0x00,0x0a,0xa0,0x00,0x5f,0xa0,0xce,0x40,0x00,0x0a,0xa0,0x00,0x04,0xfc,
0x72,0x00,0x00,0x0a,0xa0,0x00,0x00,0x25,0x00,0x00,0x00,0x07,0x70,0x00,0x00,0x00,
/* U+67E5 */
0x00,0x00,0x00,0x07,0x80,0x00,0x00,0x00,0x13,0x33,0x33,0x3a,0xb3,0x33,0x33,0x31,0x5f,0xff,0xff,0xff,
0xff,0xff,0xff,0xf6,0x00,0x00,0x1a,0x99,0xa8,0xa1,0x00,0x00,0x00,0x28,0xe5,0x09,0xa0,0x5e,0x82,0x00,
0x6c,0xf9,0x20,0x09,0xa0,0x02,0x9f,0xc6,0xc9,0x35,0x55,0x55,0x55,0x55,0x53,0x8c,0x00,0x5f,0xee,0xee,
0xee,0xee,0xf6,0x00,0x00,0x5e,0x00,0x00,0x00,0x00,0xd6,0x00,0x00,0x5f,0x66,0x66,0x66,0x66,0xe6,0x00,
0x00,0x5f,0xcc,0xcc,0xcc,0xcc,0xf6,0x00,0x00,0x5e,0x00,0x00,0x00,0x00,0xd6,0x00,0x00,0x5f,0x88,0x88,
0x88,0x88,0xe6,0x00,0x00,0x3a,0xaa,0xaa,0xaa,0xaa,0xa4,0x00,0x00,0x00,0x00,0x00,0x00,0x00,0x00,0x00,
0xae,0xee,0xee,0xee,0xee,0xee,0xee,0xea,0x34,0x44,0x44,0x44,0x44,0x44,0x44,0x43,
/* U+68C0 */
0x00,0x08,0x70,0x00,0x00,0x1b,0x70,0x00,0x00,0x00,0x0a,0x90,0x00,0x00,0xad,0xf3,0x00,0x00,0x00,0x0a,
0x90,0x00,0x04,0xf2,0x9d,0x00,0x00,0x05,0x6c,0xc6,0x20,0x2e,0x70,0x1d,0x90,0x00,0x09,0xae,0xda,0x43,
0xea,0x00,0x02,0xeb,0x00,0x00,0x0f,0xa0,0x4f,0xad,0xee,0xee,0xbe,0xd1,0x00,0x4f,0xf5,0x69,0x04,0x55,
0x55,0x31,0xc1,0x00,0x9f,0xbe,0x20,0x00,0x34,0x00,0x13,0x00,0x01,0xdb,0x98,0xa3,0xa0,0x7b,0x00,0x5f,
0x00,0x08,0x8a,0x90,0x22,0xf0,0x4f,0x00,0x9b,0x00,0x1e,0x1a,0x90,0x00,0xe4,0x0f,0x30,0xc8,0x00,0x4a,
0x0a,0x90,0x00,0xb8,0x0d,0x60,0xf4,0x00,0x02,0x0a,0x90,0x00,0x7b,0x09,0x85,0xf0,0x00,0x00,0x0a,0x90,
0x00,0x3b,0x00,0x0a,0xa0,0x00,0x00,0x0a,0x90,0x00,0x00,0x00,0x0e,0x50,0x00,0x00,0x0a,0x90,0x5f,0xff,
0xff,0xff,0xff,0xf0,0x00,0x07,0x60,0x14,0x44,0x44,0x44,0x44,0x40,
/* U+6B63 */
0x0d,0xee,0xee,0xee,0xee,0xee,0xee,0xe3,0x05,0x55,0x55,0x57,0xf7,0x55,0x55,0x51,0x00,0x00,0x00,0x02,
0xf2,0x00,0x00,0x00,0x00,0x00,0x00,0x02,0xf2,0x00,0x00,0x00,0x00,0x04,0x00,0x02,0xf2,0x00,0x00,0x00,
0x00,0x2f,0x10,0x02,0xf2,0x00,0x00,0x00,0x00,0x2f,0x10,0x02,0xfa,0x99,0x99,0x30,0x00,0x2f,0x10,0x02,
0xfc,0xbb,0xbb,0x40,0x00,0x2f,0x10,0x02,0xf2,0x00,0x00,0x00,0x00,0x2f,0x10,0x02,0xf2,0x00,0x00,0x00,
0x00,0x2f,0x10,0x02,0xf2,0x00,0x00,0x00,0x00,0x2f,0x10,0x02,0xf2,0x00,0x00,0x00,0x00,0x2f,0x10,0x02,
0xf2,0x00,0x00,0x00,0x44,0x6f,0x44,0x45,0xf6,0x44,0x44,0x44,0xff,0xff,0xff,0xff,0xff,0xff,0xff,0xff,

/* U+6CA1 */
0x04,0x00,0x00,0x01,0x11,0x11,0x10,0x00,0x05,0xf7,0x00,0x01,0xff,0xff,0xff,0x40,0x00,0x04,0xea,0x00,
0x1f,0x41,0x11,0xf4,0x00,0x00,0x02,0xb1,0x03,0xf0,0x00,0x0f,0x40,0x00,0x30,0x00,0x00,0xab,0x00,0x00,
0xf6,0x00,0x0d,0xb0,0x00,0xaf,0x40,0x00,0x0b,0xfe,0xe0,0x1c,0xc1,0x3e,0x30,0x00,0x00,0x05,0x66,0x00,
0x0c,0x60,0x22,0x22,0x22,0x22,0x22,0x00,0x00,0x00,0x0c,0xff,0xff,0xff,0xff,0xb0,0x00,0x00,0x30,0x18,
0xd2,0x22,0x22,0xe7,0x00,0x00,0x7e,0x00,0x0e,0x60,0x00,0x8e,0x00,0x00,0x0e,0x80,0x00,0x7e,0x20,0x4f,
0x50,0x00,0x05,0xf1,0x00,0x00,0xbd,0x6f,0x70,0x00,0x00,0xca,0x00,0x00,0x01,0xff,0xa0,0x00,0x00,0x3f,
0x40,0x00,0x17,0xed,0x9f,0xb3,0x00,0x0a,0xd0,0x04,0xbf,0xe6,0x00,0x2b,0xfd,0x81,0x24,0x00,0x3a,0x40,
0x00,0x00,0x01,0x7c,0x00,
/* U+70B9 */
0x00,0x00,0x00,0x0b,0x40,0x00,0x00,0x00,0x00,0x00,0x00,0x0e,0x61,0x11,0x11,0x10,0x00,0x00,0x00,0x0e,
0xff,0xff,0xff,0xf5,0x00,0x00,0x00,0x0e,0x72,0x22,0x22,0x20,0x00,0x00,0x00,0x0e,0x50,0x00,0x00,0x00,
0x00,0xbd,0xdd,0xdf,0xed,0xdd,0xdd,0x10,0x00,0xdb,0x77,0x77,0x77,0x77,0x8f,0x10,0x00,0xd7,0x00,0x00,
0x00,0x00,0x3f,0x10,0x00,0xd7,0x00,0x00,0x00,0x00,0x3f,0x10,0x00,0xd7,0x00,0x00,0x00,0x00,0x3f,0x10,
0x00,0xdf,0xff,0xff,0xff,0xff,0xff,0x10,0x00,0x33,0x33,0x33,0x33,0x33,0x33,0x00,0x02,0xb1,0x04,0x00,
0x27,0x00,0x3b,0x00,0x0b,0xc0,0x0f,0x40,0x2f,0x20,0x1f,0x80,0x5f,0x40,0x0c,0x80,0x0c,0x80,0x06,0xf3,
0xdb,0x00,0x09,0xc0,0x07,0xd0,0x00,0xcc,0x71,0x00,0x04,0xa0,0x02,0xa1,0x00,0x28,
/* U+7184 */
0x00,0x05,0x60,0x00,0x00,0x3d,0x10,0x00,0x00,0x00,0x08,0xa0,0x00,0x88,0xce,0x88,0x85,0x00,0x00,0x08,
0xa0,0x00,0xf9,0x88,0x88,0xca,0x00,0x02,0x18,0xa4,0x90,0xf3,0x00,0x00,0x9a,0x00,0x0b,0x58,0xde,0x40,
0xfd,0xdd,0xdd,0xea,0x00,0x0d,0x48,0xf3,0x00,0xf2,0x00,0x00,0x8a,0x00,0x0e,0x28,0xa0,0x00,0xfb,0xaa,
0xaa,0xda,0x00,0x0f,0x09,0x90,0x00,0xf7,0x66,0x66,0xba,0x00,0x1b,0x0a,0x80,0x00,0xf2,0x00,0x00,0x8a,
0x00,0x00,0x0b,0x70,0x00,0xff,0xff,0xff,0xfa,0x00,0x00,0x0e,0xa0,0x00,0x33,0x33,0x33,0x32,0x00,0x00,
0x1f,0xd5,0x04,0x38,0x77,0x90,0x14,0x00,0x00,0x5d,0x3e,0x1c,0x69,0x81,0xf3,0x2f,0x10,0x00,0xb9,0x09,
0xaf,0x29,0x80,0x53,0x6a,0x80,0x02,0xf3,0x01,0x8d,0x09,0x80,0x02,0xe2,0xf1,0x0c,0xa0,0x00,0x67,0x07,
0xe8,0x7b,0xb0,0x40,0x07,0x10,0x00,0x00,0x01,0x78,0x87,0x20,0x00,
/* U+73B0 */
0x00,0x00,0x00,0x00,0x11,0x11,0x11,0x11,0x00,0x1a,0xaa,0xaa,0x83,0xff,0xff,0xff,0xfc,0x00,0x09,0x9e,
0xc9,0x73,0xf3,0x11,0x11,0x9c,0x00,0x00,0x0c,0x80,0x03,0xf1,0x09,0x30,0x8c,0x00,0x00,0x0c,0x80,0x03,
0xf1,0x0e,0x50,0x8c,0x00,0x00,0x0c,0x80,0x03,0xf1,0x0e,0x50,0x8c,0x00,0x05,0x6e,0xb6,0x33,0xf1,0x0e,
0x50,0x8c,0x00,0x0c,0xef,0xfe,0x83,0xf1,0x0e,0x50,0x8c,0x00,0x00,0x0c,0x80,0x03,0xf1,0x0f,0x30,0x8c,
0x00,0x00,0x0c,0x80,0x03,0xf1,0x1f,0x10,0x8c,0x00,0x00,0x0c,0x80,0x02,0xd1,0x3f,0x41,0x6a,0x00,0x00,
0x0c,0x82,0x70,0x00,0x9b,0xf5,0x00,0x00,0x00,0x3d,0xff,0xa0,0x00,0xe5,0xf5,0x00,0x00,0x1f,0xfb,0x61,
0x00,0x0b,0xe0,0xf5,0x00,0xd3,0x05,0x00,0x00,0x02,0xbe,0x20,0xf6,0x01,0xf2,0x00,0x00,0x00,0x9f,0xd3,
0x00,0xce,0xad,0xe0,0x00,0x00,0x00,0x85,0x00,0x00,0x27,0x87,0x20,
/* U+751F */
0x00,0x00,0x30,0x00,0x3a,0x00,0x00,0x00,0x00,0x00,0x1f,0x50,0x05,0xf0,0x00,0x00,0x00,0x00,0x06,0xf1,
0x00,0x5f,0x00,0x00,0x00,0x00,0x00,0xcf,0x88,0x8b,0xf8,0x88,0x88,0x70,0x00,0x2f,0x98,0x88,0xbf,0x88,
0x88,0x87,0x00,0x0c,0xb0,0x00,0x05,0xf0,0x00,0x00,0x00,0x07,0xf1,0x00,0x00,0x5f,0x00,0x00,0x00,0x01,
0xf6,0x00,0x00,0x05,0xf0,0x00,0x00,0x00,0x06,0x01,0x33,0x33,0x7f,0x33,0x33,0x31,0x00,0x00,0xaf,0xff,
0xff,0xff,0xff,0xff,0x80,0x00,0x01,0x22,0x22,0x6f,0x22,0x22,0x21,0x00,0x00,0x00,0x00,0x05,0xf0,0x00,
0x00,0x00,0x00,0x00,0x00,0x00,0x5f,0x00,0x00,0x00,0x00,0x00,0x00,0x00,0x05,0xf0,0x00,0x00,0x00,0x01,
0x11,0x11,0x11,0x6f,0x11,0x11,0x11,0x10,0xcf,0xff,0xff,0xff,0xff,0xff,0xff,0xff,0x02,0x33,0x33,0x33,
0x33,0x33,0x33,0x33,0x30,
/* U+754C */
0x00,0x01,0x11,0x11,0x11,0x11,0x11,0x10,0x00,0x00,0x2f,0xff,0xff,0xff,0xff,0xff,0xf3,0x00,0x00,0x2f,
0x10,0x00,0xaa,0x00,0x00,0xf3,0x00,0x00,0x2f,0x43,0x33,0xbb,0x33,0x33,0xf3,0x00,0x00,0x2f,0xbb,0xbb,
0xee,0xbb,0xbb,0xf3,0x00,0x00,0x2f,0x10,0x00,0xaa,0x00,0x00,0xf3,0x00,0x00,0x2f,0x65,0x55,0xcc,0x55,
0x55,0xf3,0x00,0x00,0x2d,0xdd,0xfe,0xdd,0xef,0xdd,0xd3,0x00,0x00,0x00,0x09,0xc1,0x00,0x1e,0x80,0x00,
0x00,0x00,0x02,0xcd,0x30,0x00,0x04,0xfa,0x00,0x00,0x03,0xaf,0xa6,0xf0,0x00,0x0d,0x9c,0xf8,0x10,0x2f,
0xb2,0x07,0xd0,0x00,0x0d,0x70,0x6e,0xf2,0x02,0x00,0x0a,0xa0,0x00,0x0d,0x70,0x00,0x40,0x00,0x00,0x1e,
0x70,0x00,0x0d,0x70,0x00,0x00,0x00,0x01,0xdd,0x00,0x00,0x0d,0x70,0x00,0x00,0x00,0x8f,0xc2,0x00,0x00,
0x0d,0x70,0x00,0x00,0x00,0x76,0x00,0x00,0x00,0x0a,0x60,0x00,0x00,
/* U+76D8 */
0x00,0x00,0x00,0x0d,0x40,0x00,0x00,0x00,0x00,0x00,0x8b,0xbc,0xfb,0xbb,0xbb,0x30,0x00,0x00,0x0c,0xb7,
0x78,0x77,0x77,0xf4,0x00,0x00,0x00,0xc7,0x03,0xe7,0x00,0x0f,0x40,0x00,0x00,0x0c,0x70,0x02,0xb6,0x00,
0xf4,0x00,0x08,0xee,0xff,0xee,0xee,0xee,0xef,0xfe,0x90,0x25,0x6f,0x85,0x65,0x55,0x55,0xf8,0x53,0x00,
0x05,0xf0,0x0e,0x90,0x00,0x0f,0x40,0x00,0x01,0xe9,0x00,0x2d,0xd2,0x14,0xf4,0x00,0x00,0xad,0x00,0x00,
0x09,0x1c,0xfe,0x00,0x00,0x01,0x21,0x11,0x11,0x11,0x23,0x11,0x00,0x00,0x2f,0xff,0xff,0xff,0xff,0xff,
0xf2,0x00,0x02,0xf3,0x29,0xc2,0x2d,0x82,0x3f,0x20,0x00,0x2f,0x10,0x8b,0x00,0xc7,0x01,0xf2,0x00,0x02,
0xf1,0x08,0xb0,0x0c,0x70,0x1f,0x20,0x0d,0xef,0xdd,0xef,0xdd,0xfe,0xdd,0xfe,0xd1,0x55,0x55,0x55,0x55,
0x55,0x55,0x55,0x55,0x00,
/* U+76F4 */
0x00,0x00,0x00,0x06,0x90,0x00,0x00,0x00,0x23,0x33,0x33,0x3b,0xc3,0x33,0x33,0x32,0xaf,0xff,0xff,0xff,
0xff,0xff,0xff,0xfa,0x00,0x00,0x00,0x0f,0x50,0x00,0x00,0x00,0x00,0x4a,0xaa,0xbf,0xba,0xaa,0xa3,0x00,
0x00,0x6e,0x66,0x66,0x66,0x66,0xf5,0x00,0x00,0x6e,0x00,0x00,0x00,0x00,0xf5,0x00,0x00,0x6f,0xff,0xff,
0xff,0xff,0xf5,0x00,0x00,0x6e,0x22,0x22,0x22,0x22,0xf5,0x00,0x00,0x6e,0x33,0x33,0x33,0x33,0xf5,0x00,
0x00,0x6f,0xdd,0xdd,0xdd,0xdd,0xf5,0x00,0x00,0x6e,0x00,0x00,0x00,0x00,0xf5,0x00,0x00,0x6f,0x88,0x88,
0x88,0x88,0xf5,0x00,0x00,0x6f,0x99,0x99,0x99,0x99,0xf5,0x00,0x00,0x6e,0x00,0x00,0x00,0x00,0xf5,0x00,
0xcd,0xef,0xdd,0xdd,0xdd,0xdd,0xfe,0xdd,0x66,0x66,0x66,0x66,0x66,0x66,0x66,0x66,
/* U+7801 */
0x0b,0xdd,0xdd,0xd3,0xef,0xff,0xff,0xfc,0x00,0x56,0xdb,0x66,0x11,0x22,0x22,0x2a,0x90,0x00,0x0f,0x40,
0x00,0x08,0x40,0x00,0xc7,0x00,0x03,0xf0,0x00,0x00,0xf5,0x00,0x0e,0x50,0x00,0x8b,0x00,0x00,0x2f,0x20,
0x01,0xf3,0x00,0x0d,0xec,0xc9,0x04,0xf0,0x00,0x4f,0x00,0x06,0xfd,0x7a,0xc0,0x7d,0x22,0x27,0xe2,0x10,
0xdf,0xa0,0x6c,0x0a,0xff,0xff,0xff,0xfb,0x3e,0x9a,0x06,0xc0,0x12,0x22,0x22,0x28,0xb0,0x38,0xa0,0x6c,
0x00,0x00,0x00,0x00,0x7b,0x00,0x8a,0x06,0xc2,0x77,0x77,0x77,0x28,0xa0,0x08,0xa0,0x6c,0x3d,0xdd,0xdd,
0xd3,0x89,0x00,0x8c,0x59,0xc0,0x00,0x00,0x00,0x0a,0x80,0x08,0xfd,0xec,0x00,0x00,0x00,0x00,0xe6,0x00,
0x8a,0x05,0xb0,0x00,0x08,0x8a,0xef,0x10,0x01,0x20,0x00,0x00,0x00,0x8a,0x97,0x10,
/* U+793A */
0x00,0xdd,0xdd,0xdd,0xdd,0xdd,0xdd,0x00,0x00,0x66,0x66,0x66,0x66,0x66,0x66,0x00,0x00,0x00,0x00,0x00,
0x00,0x00,0x00,0x00,0x00,0x00,0x00,0x00,0x00,0x00,0x00,0x00,0x69,0x99,0x99,0x99,0x99,0x99,0x99,0x96,
0x8c,0xcc,0xcc,0xce,0xfc,0xcc,0xcc,0xc8,0x00,0x00,0x00,0x09,0xb0,0x00,0x00,0x00,0x00,0x00,0x00,0x09,
0xb0,0x00,0x20,0x00,0x00,0x2f,0x30,0x09,0xb0,0x05,0xf1,0x00,0x00,0x8d,0x00,0x09,0xb0,0x00,0xc8,0x00,
0x00,0xd8,0x00,0x09,0xb0,0x00,0x4f,0x10,0x05,0xf2,0x00,0x09,0xb0,0x00,0x0c,0x80,0x0e,0x90,0x00,0x09,
0xb0,0x00,0x05,0xf1,0x8e,0x10,0x00,0x09,0xb0,0x00,0x00,0xe8,0x55,0x00,0x5a,0xaf,0x80,0x00,0x00,0x53,
0x00,0x00,0x39,0x96,0x10,0x00,0x00,0x00,
/* U+7A7A */
0x00,0x00,0x00,0x2c,0x30,0x00,0x00,0x00,0x01,0x11,0x11,0x1c,0x91,0x11,0x11,0x10,0xaf,0xff,0xff,0xff,
0xff,0xff,0xff,0xfa,0xab,0x22,0x22,0x22,0x22,0x22,0x22,0xba,0xaa,0x00,0x07,0x30,0x09,0x70,0x00,0xaa,
0x22,0x02,0xce,0x30,0x04,0xde,0x60,0x22,0x02,0xaf,0xb1,0x00,0x00,0x07,0xfb,0x10,0x0e,0xd5,0x00,0x00,
0x00,0x00,0x3e,0x90,0x02,0x00,0x00,0x00,0x00,0x00,0x01,0x10,0x01,0xcc,0xcc,0xcc,0xcc,0xcc,0xcc,0x20,
0x01,0x88,0x88,0x8d,0xd8,0x88,0x88,0x10,0x00,0x00,0x00,0x0a,0xa0,0x00,0x00,0x00,0x00,0x00,0x00,0x0a,
0xa0,0x00,0x00,0x00,0x00,0x00,0x00,0x0a,0xa0,0x00,0x00,0x00,0x00,0x00,0x00,0x0a,0xa0,0x00,0x00,0x00,
0xaf,0xff,0xff,0xff,0xff,0xff,0xff,0xfa,0x23,0x33,0x33,0x33,0x33,0x33,0x33,0x32,
/* U+7CFB */
0x00,0x00,0x00,0x00,0x00,0x13,0x58,0x10,0x06,0x89,0x9a,0xbb,0xcf,0xff,0xdb,0x40,0x05,0x99,0x98,0xed,
0x54,0x20,0x00,0x00,0x00,0x00,0x0a,0xc1,0x00,0x3d,0x40,0x00,0x00,0x04,0xd9,0x00,0x17,0xf7,0x00,0x00,
0x00,0x8f,0xfd,0xff,0xfe,0x40,0x00,0x00,0x00,0x24,0x32,0x4d,0xd2,0x08,0x20,0x00,0x00,0x00,0x07,0xf8,
0x00,0x0a,0xc0,0x00,0x00,0x04,0xdd,0x30,0x00,0x14,0xf9,0x00,0x03,0xcf,0xfb,0xcd,0xef,0xff,0xdf,0x40,
0x01,0x98,0x76,0x5a,0xe2,0x00,0x08,0xe0,0x00,0x00,0x40,0x07,0xd0,0x06,0x00,0x70,0x00,0x08,0xf2,0x07,
0xd0,0x3f,0xa0,0x00,0x00,0x8f,0x40,0x07,0xd0,0x02,0xdc,0x10,0x2c,0xf5,0x00,0x07,0xd0,0x00,0x1c,0xd1,
0xbc,0x20,0x07,0x7e,0xc0,0x00,0x01,0xda,0x10,0x00,0x09,0xba,0x30,0x00,0x00,0x10,
/* U+7EBF */
0x00,0x3a,0x00,0x00,0x0b,0x53,0x90,0x00,0x00,0x9c,0x00,0x00,0x0e,0x61,0xdb,0x00,0x00,0xf5,0x00,0x00,
0x0e,0x60,0x1c,0x30,0x07,0xd0,0x01,0x00,0x0e,0x84,0x68,0x90,0x1f,0x40,0x8c,0x6c,0xef,0xec,0xa8,0x60,
0xab,0x36,0xf4,0x34,0x2d,0x70,0x00,0x00,0xff,0xef,0xb0,0x00,0x0c,0x80,0x00,0x32,0x20,0x3f,0x20,0x00,
0x3c,0xdb,0xdf,0xf7,0x00,0xc8,0x00,0xcf,0xff,0xe9,0x74,0x10,0x06,0xd0,0x03,0x54,0x16,0xd0,0x03,0xa0,
0x4f,0xab,0xfe,0x00,0x03,0xf1,0x1e,0x90,0xaf,0xb7,0x30,0x00,0x00,0xe5,0xcc,0x00,0x10,0x00,0x00,0x00,
0x00,0xaf,0xd1,0x06,0x00,0x00,0x49,0x20,0x02,0xdf,0x40,0x3f,0x47,0xbe,0xea,0x11,0x8f,0xbc,0xb0,0x9c,
0xeb,0x73,0x00,0x8f,0xd5,0x01,0xde,0xf5,0x00,0x00,0x00,0x24,0x00,0x00,0x17,0x60,
/* U+7EDC */
0x00,0x1a,0x10,0x00,0x1b,0x20,0x00,0x00,0x00,0x08,0xd0,0x00,0x08,0xf4,0x33,0x32,0x00,0x00,0xe6,0x00,
0x01,0xfe,0xee,0xef,0xb0,0x00,0x6e,0x00,0x11,0xdf,0x20,0x03,0xf3,0x00,0x0e,0x50,0x9b,0xdd,0x9d,0x12,
0xe9,0x00,0x08,0xd4,0x7f,0x36,0x10,0xbc,0xeb,0x00,0x00,0xef,0xdf,0xa0,0x00,0x06,0xff,0x30,0x00,0x02,
0x03,0xf2,0x00,0x4d,0xf7,0xaf,0x91,0x00,0x00,0xc8,0x02,0xbf,0xa1,0x00,0x5d,0xfa,0x20,0x6d,0x00,0x5a,
0x42,0x22,0x22,0x26,0x90,0x3f,0xab,0xfd,0x0a,0xff,0xff,0xff,0xb0,0x09,0xfb,0x62,0x00,0xa9,0x11,0x11,
0x8b,0x00,0x10,0x00,0x00,0x0a,0x90,0x00,0x08,0xb0,0x00,0x00,0x03,0x93,0xa9,0x00,0x00,0x8b,0x00,0x47,
0xbe,0xfb,0x1a,0xb4,0x44,0x4a,0xb0,0x0d,0xc9,0x50,0x00,0xaf,0xee,0xee,0xfb,0x00,0x00,0x00,0x00,0x07,
0x60,0x00,0x05,0x80,0x00,
/* U+7EDF */
0x00,0x2a,0x10,0x00,0x04,0xd0,0x00,0x00,0x00,0x08,0xd0,0x00,0x00,0x0e,0x60,0x00,0x00,0x00,0xe6,0x04,
0xff,0xff,0xff,0xff,0xfa,0x00,0x6e,0x01,0x24,0x49,0xe4,0x46,0x44,0x20,0x0e,0x50,0x9c,0x01,0xe6,0x00,
0xe6,0x00,0x09,0xc4,0x7f,0x30,0xac,0x00,0x04,0xf3,0x00,0xff,0xdf,0xa0,0x8f,0xab,0xdf,0xff,0xd0,0x02,
0x04,0xf2,0x08,0xb9,0x86,0x42,0x1e,0x60,0x00,0xd8,0x00,0x00,0x51,0x04,0x60,0x20,0x00,0x8d,0x03,0x70,
0x2f,0x20,0x8b,0x00,0x00,0x5f,0xbd,0xfa,0x03,0xf0,0x08,0xb0,0x00,0x0c,0xfb,0x71,0x00,0x5f,0x00,0x8b,
0x00,0x00,0x10,0x00,0x02,0x09,0xb0,0x08,0xb0,0x08,0x10,0x00,0x5c,0xd0,0xe7,0x00,0x8b,0x00,0xe3,0x6b,
0xfc,0x61,0xae,0x10,0x08,0xb0,0x1f,0x2a,0x82,0x00,0xbf,0x40,0x00,0x5f,0xbd,0xf0,0x00,0x00,0x06,0x20,
0x00,0x00,0x47,0x62,0x00,
/* U+7F51 */
0x01,0x11,0x11,0x11,0x11,0x11,0x11,0x10,0x2f,0xff,0xff,0xff,0xff,0xff,0xff,0xf2,0x2f,0x32,0x22,0x22,
0x22,0x22,0x23,0xf2,0x2f,0x10,0x00,0x92,0x00,0x05,0x51,0xf2,0x2f,0x21,0x01,0xf1,0x00,0x0b,0x81,0xf2,
0x2f,0x7d,0x04,0xe2,0xe1,0x0f,0x41,0xf2,0x2f,0x1b,0xb8,0xa0,0xbb,0x3f,0x01,0xf2,0x2f,0x11,0xef,0x70,
0x1e,0xdc,0x01,0xf2,0x2f,0x10,0x4f,0x50,0x04,0xf8,0x01,0xf2,0x2f,0x10,0x7f,0xd0,0x02,0xfc,0x01,0xf2,
0x2f,0x10,0xe8,0xd8,0x0a,0xee,0x61,0xf2,0x2f,0x16,0xf1,0x3f,0x4f,0x66,0xe2,0xf2,0x2f,0x1d,0xa0,0x05,
0xae,0x00,0xd8,0xf2,0x2f,0x5f,0x20,0x02,0xf6,0x00,0x22,0xf2,0x2f,0x14,0x00,0x02,0xb0,0x00,0x02,0xf2,
0x2f,0x10,0x00,0x00,0x00,0x04,0x8c,0xf0,0x2c,0x10,0x00,0x00,0x00,0x03,0xba,0x50,
/* U+800C */
0xaa,0xaa,0xaa,0xaa,0xaa,0xaa,0xaa,0xaa,0x88,0x88,0x88,0x8f,0xd8,0x88,0x88,0x88,0x00,0x00,0x00,0x3f,
0x40,0x00,0x00,0x00,0x01,0x11,0x11,0x9f,0x11,0x11,0x11,0x10,0x0c,0xff,0xff,0xff,0xff,0xff,0xff,0xf0,
0x0c,0xa3,0x3c,0xa3,0x3a,0xb3,0x36,0xf0,0x0c,0x80,0x0b,0x80,0x09,0xa0,0x04,0xf0,0x0c,0x80,0x0b,0x80,
0x09,0xa0,0x04,0xf0,0x0c,0x80,0x0b,0x80,0x09,0xa0,0x04,0xf0,0x0c,0x80,0x0b,0x80,0x09,0xa0,0x04,0xf0,
0x0c,0x80,0x0b,0x80,0x09,0xa0,0x04,0xf0,0x0c,0x80,0x0b,0x80,0x09,0xa0,0x04,0xf0,0x0c,0x80,0x0b,0x80,
0x09,0xa0,0x04,0xf0,0x0c,0x80,0x0b,0x80,0x09,0xa0,0x05,0xf0,0x0c,0x80,0x0b,0x80,0x09,0xa5,0x9d,0xc0,
0x08,0x60,0x01,0x10,0x01,0x13,0xa9,0x30,
/* U+81EA */
0x00,0x00,0x6a,0x00,0x00,0x00,0x00,0x00,0xd7,0x00,0x00,0x00,0xbb,0xbc,0xfc,0xbb,0xbb,0xbb,0xf9,0x77,
0x77,0x77,0x77,0x9f,0xf4,0x00,0x00,0x00,0x00,0x4f,0xf4,0x00,0x00,0x00,0x00,0x4f,0xff,0xff,0xff,0xff,
0xff,0xff,0xf6,0x33,0x33,0x33,0x33,0x6f,0xf4,0x00,0x00,0x00,0x00,0x4f,0xf4,0x00,0x00,0x00,0x00,0x4f,
0xfe,0xee,0xee,0xee,0xee,0xef,0xf8,0x55,0x55,0x55,0x55,0x8f,0xf4,0x00,0x00,0x00,0x00,0x4f,0xf4,0x00,
0x00,0x00,0x00,0x4f,0xfb,0x99,0x99,0x99,0x99,0xbf,0xfc,0xaa,0xaa,0xaa,0xaa,0xcf,0xc3,0x00,0x00,0x00,
0x00,0x3c,
/* U+85CF */
0x00,0x00,0x08,0x80,0x00,0x08,0x80,0x00,0x00,0x09,0xaa,0xae,0xea,0xaa,0xae,0xea,0xaa,0x90,0x05,0x66,
0x6c,0xd6,0x66,0x6d,0xc6,0x67,0x50,0x01,0x20,0x06,0x60,0x00,0x06,0xb5,0x5c,0x00,0x06,0xa0,0x8b,0xbb,
0xbb,0xbb,0xee,0xcf,0xb0,0x06,0xa0,0xa9,0x33,0x33,0x33,0xab,0x33,0x30,0x06,0xc5,0xc7,0x5a,0xaa,0xa6,
0x7a,0x05,0x10,0x05,0xcc,0xe7,0x8c,0x7f,0x74,0x6b,0x0f,0x20,0x00,0x00,0xa7,0x88,0x0f,0x00,0x5c,0x4f,
0x00,0x05,0x55,0xc7,0x8f,0xef,0xe8,0x3d,0x7c,0x00,0x2d,0xfd,0xf7,0x89,0x11,0x79,0x1f,0xa9,0x00,0x03,
0xc0,0xb7,0x8b,0x44,0x99,0x0f,0xf3,0x00,0x05,0xa0,0xd5,0x8d,0xbf,0xb6,0x0b,0xd0,0x00,0x08,0x80,0xe3,
0x88,0x0f,0x00,0x1e,0xa0,0xc1,0x0e,0x42,0xf1,0x8c,0x8f,0x85,0xcc,0xe1,0xf0,0x1a,0x08,0xb0,0x48,0x88,
0x8f,0xb0,0x8e,0xc0,0x00,0x02,0x40,0x00,0x00,0x06,0x00,0x08,0x40,
/* U+8868 */
0x00,0x00,0x00,0x00,0x88,0x00,0x00,0x00,0x00,0x04,0x44,0x44,0x4c,0xc4,0x44,0x44,0x40,0x01,0xee,0xee,
0xee,0xff,0xee,0xee,0xee,0x10,0x00,0x00,0x00,0x0a,0xa0,0x00,0x00,0x00,0x00,0x09,0x99,0x99,0xdd,0x99,
0x99,0x90,0x00,0x00,0x88,0x88,0x8d,0xd8,0x88,0x88,0x00,0x00,0x00,0x00,0x00,0xaa,0x00,0x00,0x00,0x00,
0x8a,0xaa,0xaa,0xae,0xea,0xaa,0xaa,0xa8,0x06,0x88,0x88,0xaf,0xaf,0xb8,0x88,0x88,0x60,0x00,0x00,0x2e,
0x80,0x8b,0x00,0x02,0x10,0x00,0x00,0x4f,0x90,0x01,0xf4,0x03,0xe7,0x00,0x03,0xbf,0xf0,0x00,0x09,0xd8,
0xe5,0x00,0x1c,0xfb,0x7f,0x00,0x00,0x0d,0xe2,0x00,0x00,0x83,0x05,0xf0,0x00,0x10,0x2f,0xa0,0x00,0x00,
0x00,0x5f,0x16,0xcf,0x20,0x2e,0xc3,0x00,0x00,0x0a,0xff,0xc7,0x20,0x00,0x1b,0xfa,0x00,0x00,0x67,0x20,
0x00,0x00,0x00,0x04,0x50,
/* U+8981 */
0x01,0x11,0x11,0x11,0x11,0x11,0x11,0x11,0x10,0x0f,0xff,0xff,0xff,0xff,0xff,0xff,0xff,0xf0,0x00,0x00,
0x00,0xa9,0x00,0x9a,0x00,0x00,0x00,0x00,0x56,0x66,0xcc,0x66,0xcc,0x66,0x65,0x00,0x00,0xdb,0x88,0xdd,
0x88,0xdd,0x88,0xbd,0x00,0x00,0xd6,0x00,0xa9,0x00,0x9a,0x00,0x6d,0x00,0x00,0xd7,0x22,0xba,0x22,0xab,
0x22,0x7d,0x00,0x00,0xdf,0xff,0xff,0xff,0xff,0xff,0xfd,0x00,0x00,0x00,0x00,0x6f,0x20,0x00,0x00,0x00,
0x00,0x04,0x44,0x44,0xeb,0x44,0x44,0x44,0x44,0x40,0x2f,0xff,0xff,0xff,0xff,0xff,0xff,0xff,0xf2,0x00,
0x00,0x1f,0x60,0x00,0x05,0xf1,0x00,0x00,0x00,0x00,0xbf,0x73,0x00,0x2e,0x80,0x00,0x00,0x00,0x00,0x15,
0x9e,0xea,0xeb,0x00,0x00,0x00,0x00,0x00,0x00,0x48,0xee,0xdf,0xb5,0x00,0x00,0x04,0x8a,0xdf,0xfa,0x50,
0x02,0x8e,0xfa,0x40,0x05,0xb8,0x62,0x00,0x00,0x00,0x00,0x4a,0x60,
/* U+8A00 */
0x00,0x00,0x00,0x1c,0x30,0x00,0x00,0x00,0x00,0x00,0x00,0x0c,0xa0,0x00,0x00,0x00,0x99,0x99,0x99,0x9c,
0xd9,0x99,0x99,0x99,0x99,0x99,0x99,0x99,0x99,0x99,0x99,0x99,0x00,0x00,0x00,0x00,0x00,0x00,0x00,0x00,
0x00,0xbf,0xff,0xff,0xff,0xff,0xfc,0x00,0x00,0x12,0x22,0x22,0x22,0x22,0x21,0x00,0x00,0x22,0x22,0x22,
0x22,0x22,0x22,0x00,0x00,0xbf,0xff,0xff,0xff,0xff,0xfc,0x00,0x00,0x00,0x00,0x00,0x00,0x00,0x00,0x00,
0x00,0x22,0x22,0x22,0x22,0x22,0x22,0x00,0x00,0xff,0xff,0xff,0xff,0xff,0xff,0x00,0x00,0xf5,0x22,0x22,
0x22,0x22,0x5f,0x00,0x00,0xf3,0x00,0x00,0x00,0x00,0x3f,0x00,0x00,0xf6,0x44,0x44,0x44,0x44,0x6f,0x00,
0x00,0xff,0xff,0xff,0xff,0xff,0xff,0x00,0x00,0xd2,0x00,0x00,0x00,0x00,0x2d,0x00,
/* U+8BA4 */
0x00,0x32,0x00,0x00,0x00,0x08,0x60,0x00,0x00,0x00,0x9e,0x30,0x00,0x00,0x0c,0x90,0x00,0x00,0x00,0x06,
0xf5,0x00,0x00,0x0c,0x90,0x00,0x00,0x00,0x00,0x58,0x00,0x00,0x0d,0x80,0x00,0x00,0x00,0x00,0x00,0x00,
0x00,0x0e,0x80,0x00,0x00,0x19,0x99,0x60,0x00,0x00,0x0f,0xd0,0x00,0x00,0x2a,0xad,0xb0,0x00,0x00,0x2f,
0xf2,0x00,0x00,0x00,0x08,0xb0,0x00,0x00,0x4f,0xd7,0x00,0x00,0x00,0x08,0xb0,0x00,0x00,0x7e,0x7b,0x00,
0x00,0x00,0x08,0xb0,0x00,0x00,0xc9,0x2f,0x10,0x00,0x00,0x08,0xb0,0x00,0x03,0xf3,0x0c,0x50,0x00,0x00,
0x08,0xb0,0x00,0x09,0xd0,0x06,0xd0,0x00,0x00,0x08,0xb2,0xd0,0x1f,0x70,0x01,0xf5,0x00,0x00,0x08,0xde,
0x90,0xcd,0x10,0x00,0x6d,0x00,0x00,0x0c,0xf6,0x0a,0xe2,0x00,0x00,0x0d,0xa0,0x00,0x09,0x30,0x6f,0x40,
0x00,0x00,0x03,0xf3,0x00,0x00,0x00,0x15,0x00,0x00,0x00,0x00,0x50,
/* U+8BB0 */
0x00,0x32,0x00,0x00,0x00,0x00,0x00,0x00,0x00,0x00,0x9e,0x30,0x09,0xff,0xff,0xff,0xfd,0x00,0x00,0x06,
0xf5,0x02,0x44,0x44,0x44,0x8e,0x00,0x00,0x00,0x58,0x00,0x00,0x00,0x00,0x5e,0x00,0x00,0x00,0x00,0x00,
0x00,0x00,0x00,0x5e,0x00,0x19,0x99,0x60,0x00,0x00,0x00,0x00,0x5e,0x00,0x2a,0xad,0xb0,0x00,0x8b,0xbb,
0xbb,0xde,0x00,0x00,0x08,0xb0,0x00,0xbc,0x88,0x88,0x88,0x00,0x00,0x08,0xb0,0x00,0xb8,0x00,0x00,0x00,
0x00,0x00,0x08,0xb0,0x00,0xb8,0x00,0x00,0x00,0x00,0x00,0x08,0xb0,0x00,0xb8,0x00,0x00,0x00,0x00,0x00,
0x08,0xb0,0x00,0xb8,0x00,0x00,0x00,0x92,0x00,0x08,0xb0,0xb1,0xb8,0x00,0x00,0x00,0xf4,0x00,0x08,0xcc,
0xd1,0xb8,0x00,0x00,0x02,0xf2,0x00,0x0b,0xfa,0x00,0xbb,0x00,0x00,0x2a,0xe0,0x00,0x0a,0x70,0x00,0x5f,
0xff,0xff,0xff,0x60,0x00,0x00,0x00,0x00,0x01,0x33,0x33,0x31,0x00,
/* U+8BBE */
0x00,0x21,0x00,0x00,0x01,0x11,0x11,0x10,0x00,0x00,0xad,0x10,0x00,0x6f,0xff,0xff,0xa0,0x00,0x00,0x09,
0xe2,0x00,0x6d,0x11,0x1a,0xa0,0x00,0x00,0x00,0x85,0x00,0xaa,0x00,0x0a,0xa0,0x00,0x00,0x00,0x00,0x02,
0xf5,0x00,0x0a,0xc0,0x00,0x19,0x99,0x50,0x4f,0xa0,0x00,0x06,0xfe,0xd0,0x2b,0xbe,0x90,0x48,0x00,0x00,
0x00,0x36,0x60,0x00,0x0b,0x90,0x04,0x55,0x55,0x55,0x54,0x00,0x00,0x0b,0x90,0x0c,0xff,0xff,0xff,0xfc,
0x00,0x00,0x0b,0x90,0x00,0x9a,0x00,0x00,0xc7,0x00,0x00,0x0b,0x90,0x00,0x1f,0x30,0x05,0xf1,0x00,0x00,
0x0b,0x90,0x00,0x09,0xd1,0x2e,0x80,0x00,0x00,0x0b,0x92,0xa0,0x00,0xbc,0xeb,0x00,0x00,0x00,0x0b,0xbe,
0xb0,0x00,0x6f,0xf4,0x00,0x00,0x00,0x0d,0xf8,0x00,0x3b,0xf9,0x9f,0x91,0x00,0x00,0x0c,0x50,0x6d,0xfb,
0x30,0x03,0xdf,0xa2,0x00,0x00,0x00,0x78,0x20,0x00,0x00,0x04,0xa0,
/* U+8BC1 */
0x00,0x33,0x00,0x00,0x00,0x00,0x00,0x00,0x00,0x00,0x8f,0x40,0x1f,0xff,0xff,0xff,0xff,0xf0,0x00,0x06,
0xf5,0x04,0x44,0x44,0xf7,0x44,0x40,0x00,0x00,0x57,0x00,0x00,0x00,0xf4,0x00,0x00,0x00,0x00,0x00,0x00,
0x00,0x00,0xf4,0x00,0x00,0x29,0x99,0x60,0x00,0xd6,0x00,0xf4,0x00,0x00,0x2a,0xad,0xa0,0x00,0xd6,0x00,
0xf4,0x00,0x00,0x00,0x09,0xa0,0x00,0xd6,0x00,0xfe,0xdd,0xa0,0x00,0x09,0xa0,0x00,0xd6,0x00,0xf9,0x66,
0x40,0x00,0x09,0xa0,0x00,0xd6,0x00,0xf4,0x00,0x00,0x00,0x09,0xa0,0x00,0xd6,0x00,0xf4,0x00,0x00,0x00,
0x09,0xa0,0x00,0xd6,0x00,0xf4,0x00,0x00,0x00,0x09,0xa4,0xa0,0xd6,0x00,0xf4,0x00,0x00,0x00,0x09,0xdf,
0x70,0xd6,0x00,0xf4,0x00,0x00,0x00,0x0c,0xf5,0x01,0xd7,0x12,0xf5,0x11,0x10,0x00,0x09,0x30,0xaf,0xff,
0xff,0xff,0xff,0xf5,0x00,0x00,0x00,0x13,0x33,0x33,0x33,0x33,0x31,
/* U+8BD5 */
0x00,0x32,0x00,0x00,0x00,0x00,0xd3,0xa2,0x00,0x00,0xae,0x30,0x00,0x00,0x00,0xf4,0x7d,0x00,0x00,0x09,
0xf3,0x00,0x00,0x00,0xf4,0x0a,0x40,0x00,0x00,0x75,0x6a,0xaa,0xaa,0xfb,0xaa,0x80,0x00,0x00,0x00,0x47,
0x77,0x77,0xf9,0x77,0x60,0x29,0x99,0x50,0x00,0x00,0x00,0xe5,0x00,0x00,0x2a,0xae,0x80,0x00,0x00,0x00,
0xd6,0x00,0x00,0x00,0x0b,0x80,0x2b,0xbb,0xb4,0xc7,0x00,0x00,0x00,0x0b,0x80,0x28,0xce,0x83,0xb8,0x00,
0x00,0x00,0x0b,0x80,0x00,0x8b,0x00,0xa9,0x00,0x00,0x00,0x0b,0x80,0x00,0x8b,0x00,0x8b,0x00,0x00,0x00,
0x0b,0x80,0x00,0x8b,0x00,0x5d,0x00,0x00,0x00,0x0b,0x86,0x50,0x8b,0x00,0x2f,0x00,0xb3,0x00,0x0b,0xdf,
0x40,0x8d,0x8c,0x1e,0x40,0xf2,0x00,0x0d,0xf3,0x2e,0xfe,0xa7,0x09,0xb4,0xd0,0x00,0x0c,0x20,0x05,0x10,
0x00,0x02,0xff,0x60,0x00,0x00,0x00,0x00,0x00,0x00,0x00,0x36,0x00,
/* U+8BED */
0x00,0x22,0x00,0x01,0x11,0x11,0x11,0x11,0x00,0x00,0x8e,0x30,0x1f,0xff,0xff,0xff,0xff,0xb0,0x00,0x06,
0xf5,0x01,0x11,0xba,0x11,0x11,0x00,0x00,0x00,0x56,0x00,0x00,0xe6,0x00,0x00,0x00,0x00,0x00,0x00,0x0a,
0xff,0xff,0xff,0xf9,0x00,0x29,0x99,0x60,0x00,0x05,0xe0,0x00,0xb9,0x00,0x2a,0xad,0xa0,0x00,0x09,0xb0,
0x00,0xb9,0x00,0x00,0x09,0xa0,0x58,0x8e,0xc8,0x88,0xdd,0x82,0x00,0x09,0xa0,0x6b,0xbb,0xbb,0xbb,0xbb,
0xb3,0x00,0x09,0xa0,0x00,0x00,0x00,0x00,0x00,0x00,0x00,0x09,0xa0,0x01,0x88,0x88,0x88,0x88,0x00,0x00,
0x09,0xa0,0x03,0xfb,0xbb,0xbb,0xbf,0x10,0x00,0x09,0xa2,0x83,0xf1,0x00,0x00,0x2f,0x10,0x00,0x09,0xce,
0x93,0xf1,0x00,0x00,0x2f,0x10,0x00,0x0c,0xf7,0x03,0xf4,0x44,0x44,0x6f,0x10,0x00,0x0b,0x50,0x03,0xff,
0xff,0xff,0xff,0x10,0x00,0x00,0x00,0x02,0xd0,0x00,0x00,0x2d,0x10,
/* U+8BF7 */
0x00,0x32,0x00,0x00,0x00,0x0b,0x30,0x00,0x00,0x00,0x9e,0x30,0x3a,0xaa,0xaf,0xca,0xaa,0x80,0x00,0x06,
0xf5,0x16,0x66,0x6f,0x86,0x66,0x40,0x00,0x00,0x57,0x04,0x77,0x7f,0xa7,0x77,0x00,0x00,0x00,0x00,0x03,
0x66,0x6f,0x96,0x66,0x00,0x29,0x99,0x50,0x56,0x66,0x6f,0x96,0x66,0x61,0x2a,0xae,0x90,0x9b,0xbb,0xbb,
0xbb,0xbb,0xb2,0x00,0x0a,0x90,0x00,0x11,0x11,0x11,0x11,0x00,0x00,0x0a,0x90,0x07,0xff,0xff,0xff,0xfd,
0x00,0x00,0x0a,0x90,0x07,0xc0,0x00,0x00,0x6d,0x00,0x00,0x0a,0x90,0x07,0xe8,0x88,0x88,0xbd,0x00,0x00,
0x0a,0x90,0x07,0xe7,0x77,0x77,0xbd,0x00,0x00,0x0a,0x94,0x67,0xd1,0x11,0x11,0x7d,0x00,0x00,0x0a,0xcf,
0x67,0xff,0xff,0xff,0xfd,0x00,0x00,0x0d,0xf5,0x07,0xc0,0x00,0x00,0x6d,0x00,0x00,0x0c,0x30,0x07,0xc0,
0x00,0x36,0xdc,0x00,0x00,0x00,0x00,0x05,0xa0,0x00,0x3b,0x93,0x00,
/* U+8D25 */
0x01,0x11,0x11,0x10,0x02,0xc1,0x00,0x00,0x08,0xff,0xff,0xff,0x10,0x5f,0x00,0x00,0x00,0x8b,0x11,0x12,
0xf1,0x09,0xc1,0x11,0x11,0x08,0xa0,0x73,0x1f,0x10,0xcf,0xff,0xff,0xf0,0x8a,0x0c,0x61,0xf1,0x2f,0x40,
0x07,0xc0,0x08,0xa0,0xc6,0x1f,0x1a,0xf5,0x00,0x8a,0x00,0x8a,0x0c,0x61,0xf4,0xfd,0x80,0x0a,0x80,0x08,
0xa0,0xc6,0x1f,0x7a,0x6b,0x00,0xc6,0x00,0x8a,0x0c,0x61,0xf1,0x01,0xf1,0x1f,0x30,0x08,0xa0,0xd5,0x1f,
0x10,0x0d,0x76,0xe0,0x00,0x8a,0x0e,0x31,0xf1,0x00,0x6d,0xb8,0x00,0x08,0xa0,0xf2,0x1f,0x10,0x00,0xef,
0x20,0x00,0x12,0x5e,0x00,0x30,0x00,0x0c,0xf2,0x00,0x00,0x0c,0x98,0xa0,0x00,0x0b,0xed,0xe3,0x00,0x08,
0xf2,0x2f,0x80,0x0b,0xe3,0x0c,0xf3,0x0c,0xf5,0x00,0x4f,0x5b,0xe2,0x00,0x0b,0xf1,0x72,0x00,0x00,0x61,
0x52,0x00,0x00,0x08,0x00,
/* U+8D85 */
0x00,0x00,0x96,0x00,0x00,0x00,0x00,0x00,0x00,0x00,0x00,0xc7,0x00,0x2f,0xff,0xff,0xff,0x60,0x03,0x66,
0xdb,0x66,0x13,0x3d,0x83,0x3d,0x60,0x05,0xaa,0xed,0xaa,0x10,0x1f,0x20,0x0d,0x50,0x00,0x00,0xc7,0x00,
0x00,0xac,0x00,0x0e,0x40,0x00,0x00,0xc7,0x00,0x0a,0xe2,0x00,0x5f,0x20,0x09,0xdd,0xfe,0xdd,0x6f,0x30,
0x4e,0xfb,0x00,0x04,0x66,0xae,0x66,0x12,0x00,0x03,0x30,0x00,0x00,0x40,0x5d,0x00,0x08,0xbb,0xbb,0xbb,
0x20,0x00,0xf2,0x5d,0x00,0x0b,0xb7,0x77,0x7f,0x20,0x01,0xf1,0x5f,0xee,0x2b,0x60,0x00,0x0f,0x20,0x02,
0xf1,0x5e,0x55,0x0b,0x60,0x00,0x0f,0x20,0x04,0xfa,0x5d,0x00,0x0b,0x60,0x00,0x0f,0x20,0x08,0xcf,0xcd,
0x00,0x0b,0xff,0xff,0xff,0x20,0x0d,0x64,0xfe,0x30,0x01,0x22,0x22,0x22,0x00,0x1f,0x10,0x2b,0xff,0xed,
0xcc,0xbb,0xbc,0xc1,0x06,0x00,0x00,0x03,0x45,0x67,0x77,0x77,0x70,
/* U+8F93 */
0x00,0x0a,0x30,0x00,0x00,0x08,0xa0,0x00,0x00,0x00,0x1f,0x20,0x00,0x00,0x9d,0xcb,0x00,0x00,0x05,0x7f,
0x55,0x50,0x09,0xd1,0x0c,0xa0,0x00,0x1c,0xee,0xcc,0xc2,0xbe,0x10,0x01,0xdc,0x20,0x00,0xc5,0x10,0x1e,
0xca,0xee,0xee,0x9a,0xe2,0x01,0xf1,0xe5,0x07,0x00,0x00,0x00,0x00,0x50,0x07,0xb0,0xe5,0x01,0x77,0x77,
0x00,0x09,0x40,0x0d,0xa5,0xe8,0x53,0xf9,0xaf,0x0d,0x1c,0x60,0x0b,0xee,0xfe,0xe3,0xe0,0x1f,0x0e,0x1c,
0x60,0x00,0x00,0xe5,0x03,0xf8,0x8f,0x0e,0x1c,0x60,0x00,0x00,0xe5,0x03,0xf8,0x9f,0x0e,0x1c,0x60,0x00,
0x02,0xec,0xd4,0xe0,0x1f,0x0e,0x1c,0x60,0x2d,0xff,0xfc,0x73,0xfa,0xaf,0x0e,0x1c,0x60,0x08,0x52,0xe5,
0x03,0xf6,0x7f,0x0c,0x1c,0x60,0x00,0x00,0xe5,0x03,0xe0,0x1f,0x00,0x0c,0x60,0x00,0x00,0xe5,0x03,0xe2,
0x9e,0x04,0x6e,0x40,0x00,0x00,0xb4,0x02,0xb2,0xa5,0x06,0xb8,0x00,
/* U+8FD1 */
0x04,0x00,0x00,0x00,0x00,0x02,0x58,0x20,0x04,0xf7,0x00,0x04,0xcd,0xef,0xeb,0x94,0x00,0x03,0xe8,0x00,
0x6e,0x42,0x00,0x00,0x00,0x00,0x03,0xc1,0x06,0xd0,0x00,0x00,0x00,0x00,0x00,0x00,0x00,0x6d,0x11,0x11,
0x11,0x11,0x00,0x00,0x00,0x06,0xff,0xff,0xff,0xff,0xb0,0xcd,0xdb,0x00,0x7c,0x33,0x3b,0xa3,0x32,0x05,
0x69,0xe0,0x09,0x90,0x00,0xb9,0x00,0x00,0x00,0x5e,0x00,0xc6,0x00,0x0b,0x90,0x00,0x00,0x05,0xe0,0x0e,
0x40,0x00,0xb9,0x00,0x00,0x00,0x5e,0x04,0xf1,0x00,0x0b,0x90,0x00,0x00,0x05,0xe0,0xba,0x00,0x00,0xb9,
0x00,0x00,0x00,0x5e,0x0f,0x30,0x00,0x0b,0x90,0x00,0x00,0x0b,0xf3,0x30,0x00,0x00,0xb9,0x00,0x00,0x0c,
0xd9,0xf5,0x00,0x00,0x01,0x10,0x00,0x08,0xe1,0x03,0xde,0xcb,0xbb,0xbb,0xbb,0xc1,0x45,0x00,0x00,0x35,
0x77,0x77,0x77,0x77,0x00,
/* U+8FDE */
0x04,0x00,0x00,0x00,0x6a,0x00,0x00,0x00,0x04,0xf7,0x00,0x00,0x0c,0x80,0x00,0x00,0x00,0x03,0xe8,0x0e,
0xff,0xff,0xff,0xff,0xfa,0x00,0x02,0xc1,0x23,0xdb,0x33,0x33,0x33,0x20,0x00,0x00,0x00,0x5f,0x10,0xd2,
0x00,0x00,0x00,0x00,0x00,0x1e,0x70,0x0f,0x30,0x00,0x00,0xcd,0xdb,0x06,0xfd,0xcd,0xfd,0xcc,0xc1,0x05,
0x69,0xe0,0x17,0x77,0x7f,0x87,0x77,0x00,0x00,0x5e,0x00,0x00,0x00,0xf3,0x00,0x00,0x00,0x05,0xe0,0x44,
0x44,0x5f,0x74,0x44,0x40,0x00,0x5e,0x0f,0xff,0xff,0xff,0xff,0xfe,0x00,0x05,0xe0,0x00,0x00,0x0f,0x30,
0x00,0x00,0x00,0x5e,0x00,0x00,0x00,0xf3,0x00,0x00,0x00,0x0b,0xf3,0x00,0x00,0x0f,0x30,0x00,0x00,0x0c,
0xd9,0xf5,0x00,0x00,0x71,0x00,0x00,0x08,0xe1,0x03,0xdf,0xcb,0xbb,0xbb,0xbc,0xc1,0x45,0x00,0x00,0x35,
0x67,0x77,0x77,0x77,0x00,
/* U+9009 */
0x03,0x00,0x00,0x07,0x20,0xb5,0x00,0x00,0x04,0xf6,0x00,0x04,0xf1,0x0d,0x70,0x00,0x00,0x04,0xe8,0x00,
0xaf,0x99,0xec,0x99,0x90,0x00,0x03,0xc1,0x4f,0x99,0x9e,0xc9,0x99,0x00,0x00,0x00,0x0b,0xa0,0x00,0xd7,
0x00,0x00,0x00,0x00,0x00,0x01,0x00,0x0d,0x70,0x00,0x00,0xdd,0xd9,0x08,0xff,0xff,0xff,0xff,0xfa,0x06,
0x6a,0xb0,0x24,0x4c,0xb4,0xbb,0x44,0x30,0x00,0x7b,0x00,0x00,0xd6,0x08,0xa0,0x00,0x00,0x07,0xb0,0x00,
0x0f,0x40,0x8a,0x00,0x00,0x00,0x7b,0x00,0x04,0xf1,0x08,0xa0,0x15,0x00,0x07,0xb0,0x01,0xe9,0x00,0x8a,
0x03,0xe0,0x00,0x7b,0x03,0xde,0x10,0x08,0xc1,0x8c,0x00,0x1c,0xe2,0xbb,0x10,0x00,0x3e,0xff,0x60,0x1e,
0xc9,0xe5,0x00,0x00,0x00,0x01,0x00,0x0a,0xd0,0x04,0xee,0xcb,0xbb,0xbb,0xbc,0xc1,0x73,0x00,0x00,0x35,
0x67,0x77,0x77,0x77,0x00,
/* U+91CD */
0x00,0x00,0x01,0x12,0x34,0x67,0x89,0x00,0x06,0xef,0xff,0xef,0xeb,0xa9,0x86,0x00,0x00,0x10,0x00,0x0a,
0xa0,0x00,0x00,0x00,0x9d,0xdd,0xdd,0xdf,0xfd,0xdd,0xdd,0xd9,0x12,0x22,0x22,0x2b,0xa2,0x22,0x22,0x21,
0x03,0xdd,0xdd,0xdf,0xfd,0xdd,0xdd,0x20,0x03,0xf4,0x44,0x4b,0xb4,0x44,0x4f,0x30,0x03,0xf4,0x44,0x4c,
0xb4,0x44,0x4f,0x30,0x03,0xfc,0xcc,0xce,0xec,0xcc,0xdf,0x30,0x03,0xf0,0x00,0x0a,0xa0,0x00,0x0f,0x30,
0x03,0xfa,0xaa,0xae,0xda,0xaa,0xaf,0x30,0x01,0x77,0x77,0x7d,0xc7,0x77,0x77,0x10,0x04,0x44,0x44,0x4b,
0xb4,0x44,0x44,0x40,0x0d,0xdd,0xdd,0xdf,0xfd,0xdd,0xdd,0xd1,0x00,0x00,0x00,0x0a,0xa0,0x00,0x00,0x00,
0xcc,0xcc,0xcc,0xce,0xec,0xcc,0xcc,0xcc,0x55,0x55,0x55,0x55,0x55,0x55,0x55,0x55,
/* U+91CF */
0x00,0x68,0x88,0x88,0x88,0x88,0x87,0x00,0x00,0xd8,0x44,0x44,0x44,0x44,0x8e,0x00,0x00,0xdd,0xbb,0xbb,
0xbb,0xbb,0xde,0x00,0x00,0xd7,0x11,0x11,0x11,0x11,0x6e,0x00,0x00,0x8a,0xaa,0xaa,0xaa,0xaa,0xa9,0x00,
0x77,0x77,0x77,0x77,0x77,0x77,0x77,0x77,0x99,0x99,0x99,0x99,0x99,0x99,0x99,0x99,0x01,0x77,0x77,0x77,
0x77,0x77,0x77,0x20,0x03,0xf5,0x55,0x5c,0xc5,0x55,0x5f,0x40,0x03,0xf7,0x77,0x7d,0xc7,0x77,0x7f,0x40,
0x03,0xf5,0x55,0x5c,0xc5,0x55,0x5f,0x40,0x03,0xf8,0x88,0x8d,0xd8,0x88,0x8f,0x40,0x01,0x55,0x55,0x5c,
0xc5,0x55,0x55,0x10,0x06,0x99,0x99,0x9d,0xd9,0x99,0x99,0x60,0x03,0x44,0x44,0x4c,0xb4,0x44,0x44,0x30,
0xaa,0xaa,0xaa,0xae,0xda,0xaa,0xaa,0xaa,0x55,0x55,0x55,0x55,0x55,0x55,0x55,0x55,
/* U+94C3 */
0x00,0x0a,0x20,0x00,0x00,0x09,0xc0,0x00,0x00,0x00,0x5f,0x10,0x00,0x00,0x4e,0xd8,0x00,0x00,0x00,0xaf,
0xcc,0xc0,0x00,0xe6,0x3f,0x20,0x00,0x01,0xf8,0x55,0x50,0x09,0xb0,0x08,0xd1,0x00,0x08,0xd0,0x00,0x00,
0xae,0x36,0x00,0xcd,0x20,0x1f,0x99,0x99,0x5a,0xe3,0x1d,0xa0,0x0c,0xe2,0x05,0x4b,0xfa,0x5a,0x20,0x01,
0xd7,0x00,0xa1,0x00,0x04,0xf0,0x00,0x11,0x11,0x32,0x11,0x00,0x00,0x04,0xf0,0x00,0xcf,0xff,0xff,0xff,
0x10,0x0a,0xee,0xfe,0xe3,0x12,0x22,0x22,0xbb,0x00,0x04,0x58,0xf5,0x51,0x00,0x00,0x05,0xf1,0x00,0x00,
0x04,0xf0,0x00,0x07,0x10,0x2f,0x50,0x00,0x00,0x04,0xf0,0x00,0x1d,0xe3,0xca,0x00,0x00,0x00,0x04,0xf0,
0x02,0x00,0xaf,0xe1,0x00,0x00,0x00,0x05,0xf7,0xe9,0x00,0x06,0xf8,0x00,0x00,0x00,0x0a,0xf9,0x30,0x00,
0x00,0x4f,0xa0,0x00,0x00,0x01,0x00,0x00,0x00,0x00,0x04,0xa0,0x00,
/* U+957F */
0x00,0x02,0xb0,0x00,0x00,0x00,0x14,0x00,0x00,0x03,0xf0,0x00,0x00,0x03,0xeb,0x00,0x00,0x03,0xf0,0x00,
0x00,0x6f,0x90,0x00,0x00,0x03,0xf0,0x00,0x6d,0xe5,0x00,0x00,0x00,0x03,0xf0,0x0d,0xe6,0x00,0x00,0x00,
0x00,0x03,0xf0,0x02,0x00,0x00,0x00,0x00,0x01,0x14,0xf1,0x11,0x11,0x11,0x11,0x11,0xef,0xff,0xff,0xff,
0xff,0xff,0xff,0xff,0x34,0x47,0xf4,0x44,0x5f,0x64,0x44,0x43,0x00,0x03,0xf0,0x00,0x0c,0x80,0x00,0x00,
0x00,0x03,0xf0,0x00,0x07,0xe0,0x00,0x00,0x00,0x03,0xf0,0x00,0x00,0xd9,0x00,0x00,0x00,0x03,0xf0,0x00,
0x00,0x4f,0x60,0x00,0x00,0x03,0xf0,0x00,0x00,0x07,0xf7,0x00,0x00,0x04,0xf2,0x6b,0xf4,0x00,0x7f,0xb2,
0x00,0x08,0xff,0xe9,0x50,0x00,0x04,0xde,0x00,0x03,0x72,0x00,0x00,0x00,0x00,0x03,
/* U+95ED */
0x00,0x69,0x00,0x00,0x00,0x00,0x00,0x00,0x00,0x2f,0x60,0x0e,0xee,0xee,0xee,0xe2,0x00,0x06,0xf2,0x04,
0x44,0x44,0x44,0xf3,0x3d,0x00,0x72,0x00,0x29,0x00,0x00,0xf3,0x3f,0x00,0x00,0x00,0x3f,0x10,0x00,0xf3,
0x3f,0x01,0x22,0x22,0x5f,0x32,0x10,0xf3,0x3f,0x09,0xff,0xff,0xff,0xff,0x90,0xf3,0x3f,0x01,0x22,0x22,
0xdf,0x32,0x10,0xf3,0x3f,0x00,0x00,0x08,0xff,0x10,0x00,0xf3,0x3f,0x00,0x00,0x3e,0x5f,0x10,0x00,0xf3,
0x3f,0x00,0x04,0xe5,0x3f,0x10,0x00,0xf3,0x3f,0x00,0x8f,0x70,0x3f,0x10,0x00,0xf3,0x3f,0x1c,0xf4,0x00,
0x3f,0x10,0x00,0xf3,0x3f,0x08,0x20,0x00,0x4f,0x10,0x00,0xf3,0x3f,0x00,0x00,0x59,0xcd,0x00,0x01,0xf3,
0x3f,0x00,0x00,0x49,0x83,0x03,0x8b,0xf0,0x2d,0x00,0x00,0x00,0x00,0x02,0xa9,0x30,
/* U+95F2 */
0x00,0x78,0x00,0x00,0x00,0x00,0x00,0x00,0x00,0x2f,0x50,0x0d,0xee,0xee,0xee,0xe3,0x00,0x06,0xe0,0x03,
0x33,0x33,0x33,0xf3,0x3d,0x00,0x10,0x05,0x70,0x00,0x00,0xf3,0x3f,0x00,0x00,0x08,0xa0,0x00,0x00,0xf3,
0x3f,0x00,0x22,0x29,0xb2,0x22,0x00,0xf3,0x3f,0x05,0xff,0xff,0xff,0xff,0x40,0xf3,0x3f,0x00,0x11,0x4f,
0xb1,0x11,0x00,0xf3,0x3f,0x00,0x00,0xbd,0xf5,0x00,0x00,0xf3,0x3f,0x00,0x05,0xd8,0xdf,0x60,0x00,0xf3,
0x3f,0x00,0x2e,0x48,0xa4,0xf6,0x00,0xf3,0x3f,0x02,0xea,0x08,0xa0,0x4f,0x40,0xf3,0x3f,0x0e,0xc0,0x08,
0xa0,0x06,0xb0,0xf3,0x3f,0x07,0x10,0x08,0xa0,0x00,0x00,0xf3,0x3f,0x00,0x00,0x08,0xa0,0x00,0x00,0xf3,
0x3f,0x00,0x00,0x06,0x80,0x03,0x7a,0xf0,0x3c,0x00,0x00,0x00,0x00,0x02,0xa9,0x40,
/* U+9644 */
0x01,0x11,0x10,0x00,0xb2,0x00,0x08,0x60,0x08,0xff,0xff,0x70,0x5f,0x10,0x00,0xb9,0x00,0x8b,0x00,0xe3,
0x0a,0xb0,0x00,0x0b,0x90,0x08,0xb0,0x4e,0x00,0xf5,0x11,0x11,0xba,0x10,0x8b,0x09,0x80,0x7f,0x2d,0xff,
0xff,0xff,0x28,0xb0,0xf2,0x1f,0xf2,0x00,0x00,0xb9,0x00,0x8b,0x5d,0x09,0xef,0x20,0x00,0x0b,0x90,0x08,
0xb3,0xf2,0xf5,0xf2,0x67,0x00,0xb9,0x00,0x8b,0x0b,0x95,0x2f,0x25,0xe0,0x0b,0x90,0x08,0xb0,0x4f,0x02,
0xf2,0x0e,0x60,0xb9,0x00,0x8b,0x01,0xf2,0x2f,0x20,0x8c,0x0b,0x90,0x08,0xb0,0x0f,0x42,0xf2,0x01,0xf2,
0xb9,0x00,0x8b,0x7b,0xf0,0x2f,0x20,0x01,0x0b,0x90,0x08,0xb9,0xb5,0x02,0xf2,0x00,0x00,0xb9,0x00,0x8b,
0x00,0x00,0x2f,0x20,0x00,0x0b,0x90,0x08,0xb0,0x00,0x02,0xf2,0x01,0x88,0xf6,0x00,0x79,0x00,0x00,0x1d,
0x10,0x0a,0xb7,0x00,0x00,
/* U+9690 */
0x01,0x11,0x10,0x00,0x6b,0x00,0x00,0x00,0x07,0xff,0xff,0xa0,0x1f,0xd9,0x99,0x70,0x00,0x7c,0x11,0xc7,
0x0b,0xd8,0x88,0xf9,0x00,0x07,0xc0,0x1f,0x4d,0xc0,0x00,0x8c,0x00,0x00,0x7c,0x07,0xb6,0xc9,0x88,0x9f,
0xa8,0x80,0x07,0xc0,0xd5,0x02,0x88,0x88,0x88,0xae,0x00,0x7c,0x3f,0x00,0x00,0x00,0x00,0x05,0xe0,0x07,
0xc2,0xf2,0x09,0xff,0xff,0xff,0xfe,0x00,0x7c,0x0b,0x90,0x12,0x22,0x22,0x26,0xe0,0x07,0xc0,0x4e,0x06,
0x66,0x66,0x66,0x9e,0x00,0x7c,0x01,0xf1,0xbb,0xbb,0xbb,0xbb,0xb0,0x07,0xc0,0x0f,0x30,0x04,0x16,0x20,
0x04,0x00,0x7c,0x5b,0xf1,0xf2,0xe5,0x8d,0x02,0xf2,0x07,0xc6,0xb5,0x6e,0x0e,0x50,0xc5,0x1b,0x90,0x7c,
0x00,0x0c,0xa0,0xe5,0x00,0x4d,0x4f,0x17,0xc0,0x00,0xe3,0x0b,0xe8,0x8c,0xa0,0x82,0x6a,0x00,0x00,0x00,
0x29,0xaa,0x82,0x00,0x00,
/* U+9700 */
0x02,0x33,0x33,0x33,0x33,0x33,0x33,0x20,0x0b,0xdd,0xdd,0xde,0xed,0xdd,0xdd,0xb0,0x00,0x00,0x00,0x0a,
0xa0,0x00,0x00,0x00,0x8f,0xdd,0xdd,0xdf,0xfd,0xdd,0xdd,0xf8,0x8b,0x14,0x44,0x1a,0xa1,0x44,0x41,0xb8,
0x8b,0x39,0x99,0x3a,0xa4,0x99,0x92,0xb8,0x34,0x26,0x66,0x2a,0xa2,0x66,0x62,0x43,0x00,0x27,0x77,0x38,
0x83,0x77,0x72,0x00,0x66,0x66,0x66,0x66,0x66,0x66,0x66,0x66,0xbc,0xcc,0xcc,0xcf,0xdc,0xcc,0xcc,0xcb,
0x00,0x00,0x00,0x4f,0x10,0x00,0x00,0x00,0x06,0xee,0xee,0xff,0xee,0xee,0xee,0xa0,0x07,0xd4,0x4a,0xc4,
0x4b,0xb4,0x4a,0xc0,0x07,0xc0,0x08,0xb0,0x0a,0x90,0x07,0xc0,0x07,0xc0,0x08,0xb0,0x0a,0x90,0x07,0xc0,
0x07,0xc0,0x08,0xb0,0x0a,0x91,0x4c,0xa0,0x06,0xa0,0x05,0x70,0x06,0x62,0xca,0x20,
/* U+9759 */
0x00,0x00,0xb5,0x00,0x00,0x0c,0x50,0x00,0x00,0x08,0xaa,0xfc,0xaa,0x10,0x9f,0xcb,0xb8,0x00,0x04,0x55,
0xe9,0x55,0x07,0xe5,0x46,0xf6,0x00,0x03,0x77,0xea,0x75,0x8e,0x20,0x0c,0xa0,0x00,0x02,0x77,0xea,0x75,
0x2c,0xcc,0xdf,0xdc,0x30,0x05,0x55,0xe9,0x55,0x23,0x46,0xf5,0x4f,0x40,0x1c,0xcc,0xcc,0xcc,0x50,0x03,
0xf0,0x0e,0x40,0x00,0x11,0x11,0x11,0x38,0x8a,0xf8,0x8f,0xa2,0x04,0xff,0xff,0xfc,0x4b,0xbc,0xfb,0xbf,
0xd2,0x04,0xf0,0x00,0x7c,0x00,0x03,0xf0,0x0e,0x40,0x04,0xf8,0x88,0xcc,0x01,0x13,0xf1,0x1f,0x40,0x04,
0xf7,0x77,0xbc,0x0e,0xff,0xff,0xff,0x40,0x04,0xf3,0x33,0x8c,0x03,0x35,0xf4,0x33,0x10,0x04,0xfd,0xdd,
0xec,0x00,0x03,0xf0,0x00,0x00,0x04,0xf0,0x00,0x6c,0x00,0x03,0xf0,0x00,0x00,0x04,0xf0,0x06,0xcb,0x03,
0x7c,0xe0,0x00,0x00,0x03,0xc0,0x08,0xa3,0x03,0xaa,0x40,0x00,0x00,
/* U+9762 */
0x11,0x11,0x11,0x11,0x11,0x11,0x11,0x11,0xff,0xff,0xff,0xff,0xff,0xff,0xff,0xff,0x22,0x22,0x22,0x2b,
0xb2,0x22,0x22,0x22,0x00,0x00,0x00,0x0e,0x50,0x00,0x00,0x00,0x0b,0xbb,0xbb,0xcf,0xcb,0xbb,0xbb,0xb0,
0x0f,0x75,0x7f,0x55,0x55,0xf7,0x57,0xf0,0x0f,0x40,0x4f,0x00,0x00,0xf4,0x03,0xf0,0x0f,0x40,0x4f,0x55,
0x55,0xf4,0x03,0xf0,0x0f,0x40,0x4f,0xee,0xee,0xf4,0x03,0xf0,0x0f,0x40,0x4f,0x00,0x00,0xf4,0x03,0xf0,
0x0f,0x40,0x4f,0x00,0x00,0xf4,0x03,0xf0,0x0f,0x40,0x4f,0xcc,0xcc,0xf4,0x03,0xf0,0x0f,0x40,0x4f,0x66,
0x66,0xf4,0x03,0xf0,0x0f,0x40,0x4f,0x00,0x00,0xf4,0x03,0xf0,0x0f,0x63,0x6f,0x33,0x33,0xf6,0x36,0xf0,
0x0f,0xff,0xff,0xff,0xff,0xff,0xff,0xf0,0x0d,0x30,0x00,0x00,0x00,0x00,0x02,0xd0,
/* U+97F3 */
0x00,0x00,0x00,0x2d,0x20,0x00,0x00,0x00,0x01,0x11,0x11,0x1d,0x91,0x11,0x11,0x10,0x1f,0xff,0xff,0xff,
0xff,0xff,0xff,0xf1,0x01,0x13,0xf5,0x11,0x11,0x4f,0x21,0x10,0x00,0x00,0xc9,0x00,0x00,0x9a,0x00,0x00,
0x44,0x44,0x9e,0x44,0x44,0xf7,0x44,0x44,0xef,0xff,0xff,0xff,0xff,0xff,0xff,0xfe,0x00,0x00,0x00,0x00,
0x00,0x00,0x00,0x00,0x00,0x47,0x77,0x77,0x77,0x77,0x74,0x00,0x00,0x8e,0xbb,0xbb,0xbb,0xbb,0xe9,0x00,
0x00,0x8c,0x00,0x00,0x00,0x00,0xb9,0x00,0x00,0x8d,0x44,0x44,0x44,0x44,0xc9,0x00,0x00,0x8f,0xee,0xee,
0xee,0xee,0xf9,0x00,0x00,0x8c,0x00,0x00,0x00,0x00,0xb9,0x00,0x00,0x8c,0x22,0x22,0x22,0x22,0xc9,0x00,
0x00,0x8f,0xff,0xff,0xff,0xff,0xf9,0x00,0x00,0x69,0x00,0x00,0x00,0x00,0x87,0x00,
};
static const lv_font_fmt_txt_glyph_dsc_t glyphs[] = {
{.bitmap_index=0, .adv_w=0, .box_w=0, .box_h=0, .ofs_x=0, .ofs_y=0},
{.bitmap_index=0, .adv_w=80, .box_w=0, .box_h=0, .ofs_x=0, .ofs_y=0},
{.bitmap_index=0, .adv_w=75, .box_w=3, .box_h=13, .ofs_x=1, .ofs_y=0},
{.bitmap_index=20, .adv_w=123, .box_w=4, .box_h=5, .ofs_x=2, .ofs_y=8},
{.bitmap_index=30, .adv_w=160, .box_w=10, .box_h=13, .ofs_x=0, .ofs_y=0},
{.bitmap_index=95, .adv_w=160, .box_w=10, .box_h=17, .ofs_x=0, .ofs_y=-2},
{.bitmap_index=180, .adv_w=288, .box_w=16, .box_h=15, .ofs_x=1, .ofs_y=-1},
{.bitmap_index=300, .adv_w=181, .box_w=12, .box_h=14, .ofs_x=0, .ofs_y=-1},
{.bitmap_index=384, .adv_w=80, .box_w=3, .box_h=5, .ofs_x=1, .ofs_y=8},
{.bitmap_index=392, .adv_w=75, .box_w=5, .box_h=18, .ofs_x=0, .ofs_y=-4},
{.bitmap_index=437, .adv_w=75, .box_w=4, .box_h=18, .ofs_x=0, .ofs_y=-4},
{.bitmap_index=473, .adv_w=101, .box_w=6, .box_h=5, .ofs_x=0, .ofs_y=8},
{.bitmap_index=488, .adv_w=173, .box_w=10, .box_h=10, .ofs_x=0, .ofs_y=0},
{.bitmap_index=538, .adv_w=80, .box_w=3, .box_h=5, .ofs_x=1, .ofs_y=-3},
{.bitmap_index=546, .adv_w=112, .box_w=7, .box_h=2, .ofs_x=0, .ofs_y=4},
{.bitmap_index=553, .adv_w=80, .box_w=3, .box_h=2, .ofs_x=1, .ofs_y=0},
{.bitmap_index=556, .adv_w=96, .box_w=8, .box_h=15, .ofs_x=-1, .ofs_y=-1},
{.bitmap_index=616, .adv_w=160, .box_w=10, .box_h=14, .ofs_x=0, .ofs_y=-1},
{.bitmap_index=686, .adv_w=160, .box_w=6, .box_h=13, .ofs_x=1, .ofs_y=0},
{.bitmap_index=725, .adv_w=160, .box_w=9, .box_h=13, .ofs_x=0, .ofs_y=0},
{.bitmap_index=784, .adv_w=160, .box_w=10, .box_h=14, .ofs_x=0, .ofs_y=-1},
{.bitmap_index=854, .adv_w=160, .box_w=10, .box_h=13, .ofs_x=0, .ofs_y=0},
{.bitmap_index=919, .adv_w=160, .box_w=10, .box_h=14, .ofs_x=0, .ofs_y=-1},
{.bitmap_index=989, .adv_w=160, .box_w=10, .box_h=14, .ofs_x=0, .ofs_y=-1},
{.bitmap_index=1059, .adv_w=160, .box_w=10, .box_h=13, .ofs_x=0, .ofs_y=0},
{.bitmap_index=1124, .adv_w=160, .box_w=10, .box_h=14, .ofs_x=0, .ofs_y=-1},
{.bitmap_index=1194, .adv_w=160, .box_w=10, .box_h=14, .ofs_x=0, .ofs_y=-1},
{.bitmap_index=1264, .adv_w=80, .box_w=3, .box_h=10, .ofs_x=1, .ofs_y=0},
{.bitmap_index=1279, .adv_w=80, .box_w=3, .box_h=13, .ofs_x=1, .ofs_y=-3},
{.bitmap_index=1299, .adv_w=173, .box_w=10, .box_h=10, .ofs_x=0, .ofs_y=0},
{.bitmap_index=1349, .adv_w=173, .box_w=10, .box_h=6, .ofs_x=0, .ofs_y=2},
{.bitmap_index=1379, .adv_w=173, .box_w=10, .box_h=10, .ofs_x=0, .ofs_y=0},
{.bitmap_index=1429, .adv_w=160, .box_w=8, .box_h=14, .ofs_x=1, .ofs_y=0},
{.bitmap_index=1485, .adv_w=230, .box_w=14, .box_h=15, .ofs_x=0, .ofs_y=-1},
{.bitmap_index=1590, .adv_w=187, .box_w=12, .box_h=13, .ofs_x=0, .ofs_y=0},
{.bitmap_index=1668, .adv_w=197, .box_w=11, .box_h=13, .ofs_x=1, .ofs_y=0},
{.bitmap_index=1740, .adv_w=208, .box_w=13, .box_h=15, .ofs_x=0, .ofs_y=-1},
{.bitmap_index=1838, .adv_w=203, .box_w=11, .box_h=13, .ofs_x=1, .ofs_y=0},
{.bitmap_index=1910, .adv_w=176, .box_w=10, .box_h=13, .ofs_x=1, .ofs_y=0},
{.bitmap_index=1975, .adv_w=165, .box_w=9, .box_h=13, .ofs_x=1, .ofs_y=0},
{.bitmap_index=2034, .adv_w=219, .box_w=13, .box_h=15, .ofs_x=0, .ofs_y=-1},
{.bitmap_index=2132, .adv_w=208, .box_w=11, .box_h=13, .ofs_x=1, .ofs_y=0},
{.bitmap_index=2204, .adv_w=75, .box_w=3, .box_h=13, .ofs_x=1, .ofs_y=0},
{.bitmap_index=2224, .adv_w=149, .box_w=8, .box_h=14, .ofs_x=0, .ofs_y=-1},
{.bitmap_index=2280, .adv_w=192, .box_w=11, .box_h=13, .ofs_x=1, .ofs_y=0},
{.bitmap_index=2352, .adv_w=160, .box_w=9, .box_h=13, .ofs_x=1, .ofs_y=0},
{.bitmap_index=2411, .adv_w=251, .box_w=14, .box_h=13, .ofs_x=1, .ofs_y=0},
{.bitmap_index=2502, .adv_w=208, .box_w=11, .box_h=13, .ofs_x=1, .ofs_y=0},
{.bitmap_index=2574, .adv_w=219, .box_w=13, .box_h=15, .ofs_x=0, .ofs_y=-1},
{.bitmap_index=2672, .adv_w=187, .box_w=10, .box_h=13, .ofs_x=1, .ofs_y=0},
{.bitmap_index=2737, .adv_w=219, .box_w=13, .box_h=15, .ofs_x=0, .ofs_y=-1},
{.bitmap_index=2835, .adv_w=197, .box_w=11, .box_h=13, .ofs_x=1, .ofs_y=0},
{.bitmap_index=2907, .adv_w=187, .box_w=11, .box_h=15, .ofs_x=0, .ofs_y=-1},
{.bitmap_index=2990, .adv_w=165, .box_w=11, .box_h=13, .ofs_x=0, .ofs_y=0},
{.bitmap_index=3062, .adv_w=208, .box_w=11, .box_h=14, .ofs_x=1, .ofs_y=-1},
{.bitmap_index=3139, .adv_w=176, .box_w=11, .box_h=13, .ofs_x=0, .ofs_y=0},
{.bitmap_index=3211, .adv_w=267, .box_w=17, .box_h=13, .ofs_x=0, .ofs_y=0},
{.bitmap_index=3322, .adv_w=176, .box_w=11, .box_h=13, .ofs_x=0, .ofs_y=0},
{.bitmap_index=3394, .adv_w=187, .box_w=12, .box_h=13, .ofs_x=0, .ofs_y=0},
{.bitmap_index=3472, .adv_w=176, .box_w=11, .box_h=13, .ofs_x=0, .ofs_y=0},
{.bitmap_index=3544, .adv_w=75, .box_w=4, .box_h=18, .ofs_x=1, .ofs_y=-4},
{.bitmap_index=3580, .adv_w=96, .box_w=8, .box_h=15, .ofs_x=-1, .ofs_y=-1},
{.bitmap_index=3640, .adv_w=75, .box_w=4, .box_h=18, .ofs_x=0, .ofs_y=-4},
{.bitmap_index=3676, .adv_w=173, .box_w=9, .box_h=8, .ofs_x=1, .ofs_y=5},
{.bitmap_index=3712, .adv_w=144, .box_w=9, .box_h=2, .ofs_x=0, .ofs_y=-3},
{.bitmap_index=3721, .adv_w=64, .box_w=4, .box_h=3, .ofs_x=-1, .ofs_y=11},
{.bitmap_index=3727, .adv_w=155, .box_w=10, .box_h=11, .ofs_x=0, .ofs_y=-1},
{.bitmap_index=3782, .adv_w=171, .box_w=9, .box_h=14, .ofs_x=1, .ofs_y=-1},
{.bitmap_index=3845, .adv_w=155, .box_w=9, .box_h=11, .ofs_x=0, .ofs_y=-1},
{.bitmap_index=3895, .adv_w=171, .box_w=10, .box_h=14, .ofs_x=0, .ofs_y=-1},
{.bitmap_index=3965, .adv_w=155, .box_w=10, .box_h=11, .ofs_x=0, .ofs_y=-1},
{.bitmap_index=4020, .adv_w=85, .box_w=6, .box_h=14, .ofs_x=0, .ofs_y=0},
{.bitmap_index=4062, .adv_w=165, .box_w=10, .box_h=14, .ofs_x=0, .ofs_y=-4},
{.bitmap_index=4132, .adv_w=160, .box_w=8, .box_h=13, .ofs_x=1, .ofs_y=0},
{.bitmap_index=4184, .adv_w=64, .box_w=2, .box_h=13, .ofs_x=1, .ofs_y=0},
{.bitmap_index=4197, .adv_w=64, .box_w=4, .box_h=17, .ofs_x=-1, .ofs_y=-4},
{.bitmap_index=4231, .adv_w=149, .box_w=9, .box_h=13, .ofs_x=1, .ofs_y=0},
{.bitmap_index=4290, .adv_w=64, .box_w=2, .box_h=13, .ofs_x=1, .ofs_y=0},
{.bitmap_index=4303, .adv_w=246, .box_w=14, .box_h=10, .ofs_x=1, .ofs_y=0},
{.bitmap_index=4373, .adv_w=160, .box_w=8, .box_h=10, .ofs_x=1, .ofs_y=0},
{.bitmap_index=4413, .adv_w=165, .box_w=10, .box_h=11, .ofs_x=0, .ofs_y=-1},
{.bitmap_index=4468, .adv_w=171, .box_w=9, .box_h=14, .ofs_x=1, .ofs_y=-4},
{.bitmap_index=4531, .adv_w=171, .box_w=10, .box_h=14, .ofs_x=0, .ofs_y=-4},
{.bitmap_index=4601, .adv_w=96, .box_w=5, .box_h=10, .ofs_x=1, .ofs_y=0},
{.bitmap_index=4626, .adv_w=144, .box_w=9, .box_h=11, .ofs_x=0, .ofs_y=-1},
{.bitmap_index=4676, .adv_w=91, .box_w=6, .box_h=13, .ofs_x=0, .ofs_y=0},
{.bitmap_index=4715, .adv_w=160, .box_w=8, .box_h=11, .ofs_x=1, .ofs_y=-1},
{.bitmap_index=4759, .adv_w=144, .box_w=9, .box_h=10, .ofs_x=0, .ofs_y=0},
{.bitmap_index=4804, .adv_w=218, .box_w=14, .box_h=10, .ofs_x=0, .ofs_y=0},
{.bitmap_index=4874, .adv_w=149, .box_w=9, .box_h=10, .ofs_x=0, .ofs_y=0},
{.bitmap_index=4919, .adv_w=144, .box_w=9, .box_h=14, .ofs_x=0, .ofs_y=-4},
{.bitmap_index=4982, .adv_w=138, .box_w=9, .box_h=10, .ofs_x=0, .ofs_y=0},
{.bitmap_index=5027, .adv_w=96, .box_w=6, .box_h=18, .ofs_x=0, .ofs_y=-4},
{.bitmap_index=5081, .adv_w=64, .box_w=2, .box_h=19, .ofs_x=1, .ofs_y=-4},
{.bitmap_index=5100, .adv_w=96, .box_w=6, .box_h=18, .ofs_x=0, .ofs_y=-4},
{.bitmap_index=5154, .adv_w=173, .box_w=9, .box_h=4, .ofs_x=1, .ofs_y=4},
{.bitmap_index=5172, .adv_w=115, .box_w=6, .box_h=5, .ofs_x=1, .ofs_y=8},
{.bitmap_index=5187, .adv_w=80, .box_w=3, .box_h=3, .ofs_x=1, .ofs_y=4},
{.bitmap_index=5192, .adv_w=173, .box_w=9, .box_h=9, .ofs_x=1, .ofs_y=0},
{.bitmap_index=5233, .adv_w=101, .box_w=5, .box_h=5, .ofs_x=1, .ofs_y=4},
{.bitmap_index=5246, .adv_w=288, .box_w=14, .box_h=2, .ofs_x=2, .ofs_y=0},
{.bitmap_index=5260, .adv_w=288, .box_w=16, .box_h=16, .ofs_x=1, .ofs_y=-2},
{.bitmap_index=5388, .adv_w=288, .box_w=16, .box_h=16, .ofs_x=1, .ofs_y=-2},
{.bitmap_index=5516, .adv_w=288, .box_w=16, .box_h=17, .ofs_x=0, .ofs_y=-2},
{.bitmap_index=5652, .adv_w=288, .box_w=16, .box_h=17, .ofs_x=1, .ofs_y=-2},
{.bitmap_index=5788, .adv_w=288, .box_w=16, .box_h=17, .ofs_x=1, .ofs_y=-2},
{.bitmap_index=5924, .adv_w=288, .box_w=16, .box_h=17, .ofs_x=1, .ofs_y=-2},
{.bitmap_index=6060, .adv_w=288, .box_w=17, .box_h=17, .ofs_x=0, .ofs_y=-2},
{.bitmap_index=6205, .adv_w=288, .box_w=18, .box_h=17, .ofs_x=0, .ofs_y=-2},
{.bitmap_index=6358, .adv_w=288, .box_w=18, .box_h=17, .ofs_x=0, .ofs_y=-2},
{.bitmap_index=6511, .adv_w=288, .box_w=18, .box_h=17, .ofs_x=0, .ofs_y=-2},
{.bitmap_index=6664, .adv_w=288, .box_w=17, .box_h=17, .ofs_x=0, .ofs_y=-2},
{.bitmap_index=6809, .adv_w=288, .box_w=17, .box_h=17, .ofs_x=0, .ofs_y=-2},
{.bitmap_index=6954, .adv_w=288, .box_w=16, .box_h=17, .ofs_x=1, .ofs_y=-2},
{.bitmap_index=7090, .adv_w=288, .box_w=17, .box_h=17, .ofs_x=1, .ofs_y=-2},
{.bitmap_index=7235, .adv_w=288, .box_w=16, .box_h=17, .ofs_x=1, .ofs_y=-2},
{.bitmap_index=7371, .adv_w=288, .box_w=16, .box_h=17, .ofs_x=1, .ofs_y=-2},
{.bitmap_index=7507, .adv_w=288, .box_w=17, .box_h=17, .ofs_x=0, .ofs_y=-2},
{.bitmap_index=7652, .adv_w=288, .box_w=16, .box_h=17, .ofs_x=1, .ofs_y=-2},
{.bitmap_index=7788, .adv_w=288, .box_w=17, .box_h=17, .ofs_x=0, .ofs_y=-2},
{.bitmap_index=7933, .adv_w=288, .box_w=17, .box_h=17, .ofs_x=1, .ofs_y=-2},
{.bitmap_index=8078, .adv_w=288, .box_w=16, .box_h=16, .ofs_x=1, .ofs_y=-2},
{.bitmap_index=8206, .adv_w=288, .box_w=18, .box_h=17, .ofs_x=0, .ofs_y=-2},
{.bitmap_index=8359, .adv_w=288, .box_w=17, .box_h=17, .ofs_x=1, .ofs_y=-2},
{.bitmap_index=8504, .adv_w=288, .box_w=16, .box_h=17, .ofs_x=0, .ofs_y=-2},
{.bitmap_index=8640, .adv_w=288, .box_w=16, .box_h=17, .ofs_x=1, .ofs_y=-2},
{.bitmap_index=8776, .adv_w=288, .box_w=16, .box_h=16, .ofs_x=1, .ofs_y=-2},
{.bitmap_index=8904, .adv_w=288, .box_w=17, .box_h=17, .ofs_x=0, .ofs_y=-2},
{.bitmap_index=9049, .adv_w=288, .box_w=16, .box_h=17, .ofs_x=1, .ofs_y=-2},
{.bitmap_index=9185, .adv_w=288, .box_w=16, .box_h=17, .ofs_x=1, .ofs_y=-2},
{.bitmap_index=9321, .adv_w=288, .box_w=16, .box_h=17, .ofs_x=1, .ofs_y=-2},
{.bitmap_index=9457, .adv_w=288, .box_w=18, .box_h=17, .ofs_x=0, .ofs_y=-2},
{.bitmap_index=9610, .adv_w=288, .box_w=16, .box_h=17, .ofs_x=1, .ofs_y=-2},
{.bitmap_index=9746, .adv_w=288, .box_w=15, .box_h=17, .ofs_x=2, .ofs_y=-2},
{.bitmap_index=9874, .adv_w=288, .box_w=16, .box_h=17, .ofs_x=1, .ofs_y=-2},
{.bitmap_index=10010, .adv_w=288, .box_w=16, .box_h=16, .ofs_x=1, .ofs_y=-2},
{.bitmap_index=10138, .adv_w=288, .box_w=16, .box_h=17, .ofs_x=1, .ofs_y=-2},
{.bitmap_index=10274, .adv_w=288, .box_w=17, .box_h=17, .ofs_x=0, .ofs_y=-2},
{.bitmap_index=10419, .adv_w=288, .box_w=16, .box_h=16, .ofs_x=1, .ofs_y=-2},
{.bitmap_index=10547, .adv_w=288, .box_w=14, .box_h=17, .ofs_x=2, .ofs_y=-2},
{.bitmap_index=10666, .adv_w=288, .box_w=17, .box_h=17, .ofs_x=0, .ofs_y=-2},
{.bitmap_index=10811, .adv_w=288, .box_w=17, .box_h=17, .ofs_x=0, .ofs_y=-2},
{.bitmap_index=10956, .adv_w=288, .box_w=18, .box_h=17, .ofs_x=0, .ofs_y=-2},
{.bitmap_index=11109, .adv_w=288, .box_w=16, .box_h=17, .ofs_x=1, .ofs_y=-2},
{.bitmap_index=11245, .adv_w=288, .box_w=18, .box_h=17, .ofs_x=0, .ofs_y=-2},
{.bitmap_index=11398, .adv_w=288, .box_w=18, .box_h=17, .ofs_x=0, .ofs_y=-2},
{.bitmap_index=11551, .adv_w=288, .box_w=18, .box_h=17, .ofs_x=0, .ofs_y=-2},
{.bitmap_index=11704, .adv_w=288, .box_w=18, .box_h=17, .ofs_x=0, .ofs_y=-2},
{.bitmap_index=11857, .adv_w=288, .box_w=17, .box_h=17, .ofs_x=1, .ofs_y=-2},
{.bitmap_index=12002, .adv_w=288, .box_w=18, .box_h=17, .ofs_x=0, .ofs_y=-2},
{.bitmap_index=12155, .adv_w=288, .box_w=18, .box_h=17, .ofs_x=0, .ofs_y=-2},
{.bitmap_index=12308, .adv_w=288, .box_w=16, .box_h=17, .ofs_x=1, .ofs_y=-2},
{.bitmap_index=12444, .adv_w=288, .box_w=18, .box_h=17, .ofs_x=0, .ofs_y=-2},
{.bitmap_index=12597, .adv_w=288, .box_w=16, .box_h=17, .ofs_x=1, .ofs_y=-2},
{.bitmap_index=12733, .adv_w=288, .box_w=16, .box_h=16, .ofs_x=1, .ofs_y=-2},
{.bitmap_index=12861, .adv_w=288, .box_w=17, .box_h=17, .ofs_x=1, .ofs_y=-2},
{.bitmap_index=13006, .adv_w=288, .box_w=16, .box_h=17, .ofs_x=1, .ofs_y=-2},
{.bitmap_index=13142, .adv_w=288, .box_w=16, .box_h=17, .ofs_x=1, .ofs_y=-2},
{.bitmap_index=13278, .adv_w=288, .box_w=16, .box_h=17, .ofs_x=1, .ofs_y=-2},
{.bitmap_index=13414, .adv_w=288, .box_w=17, .box_h=17, .ofs_x=0, .ofs_y=-2},
{.bitmap_index=13559, .adv_w=288, .box_w=16, .box_h=17, .ofs_x=1, .ofs_y=-2},
{.bitmap_index=13695, .adv_w=288, .box_w=16, .box_h=17, .ofs_x=1, .ofs_y=-2},
{.bitmap_index=13831, .adv_w=288, .box_w=18, .box_h=17, .ofs_x=0, .ofs_y=-2},
{.bitmap_index=13984, .adv_w=288, .box_w=16, .box_h=15, .ofs_x=1, .ofs_y=-1},
{.bitmap_index=14104, .adv_w=288, .box_w=17, .box_h=17, .ofs_x=1, .ofs_y=-2},
{.bitmap_index=14249, .adv_w=288, .box_w=16, .box_h=17, .ofs_x=1, .ofs_y=-2},
{.bitmap_index=14385, .adv_w=288, .box_w=18, .box_h=17, .ofs_x=0, .ofs_y=-2},
{.bitmap_index=14538, .adv_w=288, .box_w=18, .box_h=17, .ofs_x=0, .ofs_y=-2},
{.bitmap_index=14691, .adv_w=288, .box_w=17, .box_h=17, .ofs_x=0, .ofs_y=-2},
{.bitmap_index=14836, .adv_w=288, .box_w=18, .box_h=17, .ofs_x=0, .ofs_y=-2},
{.bitmap_index=14989, .adv_w=288, .box_w=17, .box_h=17, .ofs_x=1, .ofs_y=-2},
{.bitmap_index=15134, .adv_w=288, .box_w=16, .box_h=17, .ofs_x=1, .ofs_y=-2},
{.bitmap_index=15270, .adv_w=288, .box_w=17, .box_h=16, .ofs_x=0, .ofs_y=-2},
{.bitmap_index=15406, .adv_w=288, .box_w=16, .box_h=16, .ofs_x=1, .ofs_y=-2},
{.bitmap_index=15534, .adv_w=288, .box_w=16, .box_h=17, .ofs_x=1, .ofs_y=-2},
{.bitmap_index=15670, .adv_w=288, .box_w=16, .box_h=17, .ofs_x=1, .ofs_y=-2},
{.bitmap_index=15806, .adv_w=288, .box_w=16, .box_h=17, .ofs_x=1, .ofs_y=-2},
{.bitmap_index=15942, .adv_w=288, .box_w=17, .box_h=17, .ofs_x=1, .ofs_y=-2},
{.bitmap_index=16087, .adv_w=288, .box_w=17, .box_h=17, .ofs_x=1, .ofs_y=-2},
{.bitmap_index=16232, .adv_w=288, .box_w=16, .box_h=17, .ofs_x=1, .ofs_y=-2},
{.bitmap_index=16368, .adv_w=288, .box_w=16, .box_h=16, .ofs_x=1, .ofs_y=-2},
{.bitmap_index=16496, .adv_w=288, .box_w=12, .box_h=17, .ofs_x=3, .ofs_y=-2},
{.bitmap_index=16598, .adv_w=288, .box_w=18, .box_h=17, .ofs_x=0, .ofs_y=-2},
{.bitmap_index=16751, .adv_w=288, .box_w=17, .box_h=17, .ofs_x=0, .ofs_y=-2},
{.bitmap_index=16896, .adv_w=288, .box_w=18, .box_h=17, .ofs_x=0, .ofs_y=-2},
{.bitmap_index=17049, .adv_w=288, .box_w=16, .box_h=17, .ofs_x=1, .ofs_y=-2},
{.bitmap_index=17185, .adv_w=288, .box_w=18, .box_h=17, .ofs_x=0, .ofs_y=-2},
{.bitmap_index=17338, .adv_w=288, .box_w=18, .box_h=17, .ofs_x=0, .ofs_y=-2},
{.bitmap_index=17491, .adv_w=288, .box_w=18, .box_h=17, .ofs_x=0, .ofs_y=-2},
{.bitmap_index=17644, .adv_w=288, .box_w=18, .box_h=17, .ofs_x=0, .ofs_y=-2},
{.bitmap_index=17797, .adv_w=288, .box_w=18, .box_h=17, .ofs_x=0, .ofs_y=-2},
{.bitmap_index=17950, .adv_w=288, .box_w=18, .box_h=17, .ofs_x=0, .ofs_y=-2},
{.bitmap_index=18103, .adv_w=288, .box_w=18, .box_h=17, .ofs_x=0, .ofs_y=-2},
{.bitmap_index=18256, .adv_w=288, .box_w=17, .box_h=17, .ofs_x=1, .ofs_y=-2},
{.bitmap_index=18401, .adv_w=288, .box_w=18, .box_h=17, .ofs_x=0, .ofs_y=-2},
{.bitmap_index=18554, .adv_w=288, .box_w=18, .box_h=17, .ofs_x=0, .ofs_y=-2},
{.bitmap_index=18707, .adv_w=288, .box_w=17, .box_h=17, .ofs_x=1, .ofs_y=-2},
{.bitmap_index=18852, .adv_w=288, .box_w=17, .box_h=17, .ofs_x=1, .ofs_y=-2},
{.bitmap_index=18997, .adv_w=288, .box_w=17, .box_h=17, .ofs_x=1, .ofs_y=-2},
{.bitmap_index=19142, .adv_w=288, .box_w=16, .box_h=17, .ofs_x=1, .ofs_y=-2},
{.bitmap_index=19278, .adv_w=288, .box_w=16, .box_h=17, .ofs_x=1, .ofs_y=-2},
{.bitmap_index=19414, .adv_w=288, .box_w=18, .box_h=17, .ofs_x=0, .ofs_y=-2},
{.bitmap_index=19567, .adv_w=288, .box_w=16, .box_h=17, .ofs_x=1, .ofs_y=-2},
{.bitmap_index=19703, .adv_w=288, .box_w=16, .box_h=17, .ofs_x=1, .ofs_y=-2},
{.bitmap_index=19839, .adv_w=288, .box_w=16, .box_h=17, .ofs_x=1, .ofs_y=-2},
{.bitmap_index=19975, .adv_w=288, .box_w=17, .box_h=17, .ofs_x=1, .ofs_y=-2},
{.bitmap_index=20120, .adv_w=288, .box_w=17, .box_h=17, .ofs_x=1, .ofs_y=-2},
{.bitmap_index=20265, .adv_w=288, .box_w=16, .box_h=17, .ofs_x=1, .ofs_y=-2},
{.bitmap_index=20401, .adv_w=288, .box_w=18, .box_h=17, .ofs_x=0, .ofs_y=-2},
{.bitmap_index=20554, .adv_w=288, .box_w=16, .box_h=17, .ofs_x=1, .ofs_y=-2},
{.bitmap_index=20690, .adv_w=288, .box_w=16, .box_h=17, .ofs_x=1, .ofs_y=-2}};
static const uint16_t unicode[] = {0,1,2,3,4,5,6,7,8,9,10,11,12,13,14,15,16,17,18,19,20,21,22,23,24,25,26,27,28,29,30,31,32,33,34,35,36,37,38,39,40,41,42,43,44,45,46,47,48,49,50,51,52,53,54,55,56,57,58,59,60,61,62,63,64,65,66,67,68,69,70,71,72,73,74,75,76,77,78,79,80,81,82,83,84,85,86,87,88,89,90,91,92,93,94,144,151,183,8194,8198,19947,19949,19950,19981,20078,20110,20150,20182,20271,20413,20430,20805,20819,20822,21008,21037,21128,21331,21425,21432,21455,21486,21516,21519,21612,22234,22280,22736,22759,22801,23352,23462,23546,23599,24018,24088,24198,24288,24371,25163,25182,25289,25313,25321,25477,25519,25520,25881,25886,25896,25959,26000,26009,26048,26070,26127,26142,26231,26345,26378,26565,26784,27459,27777,28825,29028,29584,29951,29996,30392,30420,30689,31002,31322,31963,32415,32444,32447,32561,32748,33226,34223,34888,35169,35296,35716,35728,35742,35745,35765,35789,35799,36101,36197,36723,36785,36798,36841,37293,37295,38051,38239,38349,38354,38436,38512,38624,38713,38722,38867};
static const lv_font_fmt_txt_cmap_t cmaps[] = {{
    .range_start=32, .range_length=38868, .glyph_id_start=1,
    .unicode_list=unicode, .list_length=210, .type=LV_FONT_FMT_TXT_CMAP_SPARSE_TINY
}};
static const lv_font_fmt_txt_dsc_t dsc = {
    .glyph_bitmap=bitmap, .glyph_dsc=glyphs, .cmaps=cmaps, .cmap_num=1, .bpp=4
};
const lv_font_t font_control_18 = {
    .get_glyph_dsc=lv_font_get_glyph_dsc_fmt_txt, .get_glyph_bitmap=lv_font_get_bitmap_fmt_txt,
    .line_height=24, .base_line=5, .dsc=&dsc
};