// Generated by tools/gen_tools_fonts.swift; local system font, cropped 4bpp subsets.
#include "tools_ui.h"
static const uint8_t bitmap_19[]={
0x00,0x06,0x99,0x50,0x00,0x00,0xcf,0xef,0xfb,0x00,0x07,0xf6,0x00,0x7f,0x60,0x2f,0xb0,0x00,0x0c,0xf1,0x5f,0x40,0x00,0x05,
0xf4,0x8f,0x10,0x00,0x03,0xf6,0xaf,0x00,0x00,0x01,0xf9,0xbe,0x00,0x00,0x00,0xfa,0x9f,0x00,0x00,0x01,0xf8,0x7f,0x20,0x00,
0x03,0xf6,0x4f,0x60,0x00,0x07,0xf3,0x0d,0xe0,0x00,0x1f,0xc0,0x03,0xfc,0x55,0xcf,0x20,0x00,0x6f,0xff,0xe5,0x00,0x00,0x00,
0x33,0x00,0x00,0x00,0x05,0x9a,0x72,0x00,0x00,0xbf,0xfd,0xff,0x60,0x06,0xf8,0x10,0x1c,0xf2,0x2f,0xb0,0x00,0x01,0xb6,0x5f,
0x30,0x00,0x00,0x00,0x8f,0x04,0x9b,0x84,0x00,0xad,0x7f,0xdc,0xff,0x70,0xce,0xf3,0x00,0x0c,0xf4,0xbf,0x70,0x00,0x01,0xf9,
0x9f,0x30,0x00,0x00,0xdd,0x6f,0x50,0x00,0x00,0xfa,0x0e,0xc0,0x00,0x06,0xf6,0x06,0xfc,0x54,0x8f,0xc0,0x00,0x5e,0xff,0xfa,
0x00,0x00,0x00,0x23,0x00,0x00,0x00,0x04,0x88,0x41,0x00,0x02,0xdf,0xee,0xfe,0x30,0x0e,0xe4,0x00,0x3e,0xf0,0x3f,0x70,0x00,
0x06,0xf4,0x2f,0x70,0x00,0x06,0xf3,0x0c,0xd2,0x00,0x1d,0xd0,0x00,0x8f,0xdc,0xf9,0x00,0x04,0xcf,0xdd,0xfd,0x50,0x3f,0xc1,
0x00,0x1b,0xf4,0x9f,0x10,0x00,0x00,0xfb,0xcf,0x00,0x00,0x00,0xed,0x7f,0x50,0x00,0x04,0xf8,0x1d,0xf9,0x55,0x8f,0xe2,0x01,
0xae,0xff,0xea,0x10,0x00,0x00,0x12,0x00,0x00,0x26,0x20,0x00,0x00,0x01,0x62,0x5f,0x50,0x00,0x00,0x05,0xf5,0x5f,0x50,0x00,
0x00,0x05,0xf5,0x5f,0x50,0x00,0x00,0x05,0xf5,0x5f,0x50,0x00,0x00,0x05,0xf5,0x5f,0x50,0x00,0x00,0x05,0xf5,0x5f,0xb9,0x99,
0x99,0x9b,0xf5,0x5f,0xee,0xee,0xee,0xee,0xf5,0x5f,0x50,0x00,0x00,0x05,0xf5,0x5f,0x50,0x00,0x00,0x05,0xf5,0x5f,0x50,0x00,
0x00,0x05,0xf5,0x5f,0x50,0x00,0x00,0x05,0xf5,0x5f,0x50,0x00,0x00,0x05,0xf5,0x5f,0x50,0x00,0x00,0x05,0xf5,0x65,0x00,0x00,
0x00,0x06,0x58,0xf7,0x00,0x00,0x07,0xf6,0x0d,0xf2,0x00,0x02,0xfb,0x00,0x3f,0xc0,0x00,0xce,0x10,0x00,0x8f,0x70,0x7f,0x50,
0x00,0x00,0xcf,0x5f,0xa0,0x00,0x00,0x02,0xff,0xe1,0x00,0x00,0x00,0x0d,0xf8,0x00,0x00,0x00,0x07,0xfe,0xf2,0x00,0x00,0x02,
0xfb,0x2f,0xd0,0x00,0x00,0xdf,0x10,0x6f,0x80,0x00,0x8f,0x50,0x00,0xcf,0x30,0x3f,0xb0,0x00,0x02,0xfd,0x0d,0xe1,0x00,0x00,
0x06,0xf9,0x16,0x30,0x00,0x00,0x01,0x64,0x0d,0xf1,0x00,0x00,0x0a,0xf3,0x03,0xfa,0x00,0x00,0x4f,0x90,0x00,0x9f,0x40,0x00,
0xde,0x10,0x00,0x1e,0xd0,0x07,0xf5,0x00,0x00,0x05,0xf7,0x2f,0xb0,0x00,0x00,0x00,0xbf,0xcf,0x20,0x00,0x00,0x00,0x2f,0xf7,
0x00,0x00,0x00,0x00,0x0a,0xf0,0x00,0x00,0x00,0x00,0x0a,0xf0,0x00,0x00,0x00,0x00,0x0a,0xf0,0x00,0x00,0x00,0x00,0x0a,0xf0,
0x00,0x00,0x00,0x00,0x0a,0xf0,0x00,0x00,0x00,0x00,0x0a,0xf0,0x00,0x00,0x6e,0x20,0x00,0x00,0x07,0xf2,0x00,0x00,0x00,0x7f,
0x20,0x00,0x00,0x07,0xf2,0x00,0x00,0x00,0x7f,0x20,0x00,0xce,0x27,0xf2,0x00,0xce,0x20,0x7f,0x20,0xce,0x20,0x07,0xf3,0xcd,
0x20,0x00,0x7f,0xdf,0x80,0x00,0x07,0xfd,0xbf,0x40,0x00,0x7f,0x31,0xde,0x20,0x07,0xf2,0x03,0xfd,0x00,0x7f,0x20,0x05,0xfa,
0x07,0xf2,0x00,0x08,0xf7,0xbf,0xff,0xff,0xfd,0x45,0x55,0x57,0xfa,0x00,0x00,0x0c,0xd0,0x00,0x00,0x9f,0x20,0x00,0x06,0xf4,
0x00,0x00,0x3f,0x80,0x00,0x01,0xdb,0x00,0x00,0x0b,0xe1,0x00,0x00,0x7f,0x85,0x55,0x54,0xcf,0xff,0xff,0xfe,};
static const lv_font_fmt_txt_glyph_dsc_t glyphs_19[]={{0,0,0,0,0,0},
{.bitmap_index=0,.adv_w=76,.box_w=0,.box_h=0,.ofs_x=0,.ofs_y=0},
{.bitmap_index=0,.adv_w=184,.box_w=10,.box_h=15,.ofs_x=1,.ofs_y=-1},
{.bitmap_index=75,.adv_w=186,.box_w=10,.box_h=15,.ofs_x=1,.ofs_y=-1},
{.bitmap_index=150,.adv_w=186,.box_w=10,.box_h=15,.ofs_x=1,.ofs_y=-1},
{.bitmap_index=225,.adv_w=217,.box_w=12,.box_h=14,.ofs_x=1,.ofs_y=0},
{.bitmap_index=309,.adv_w=198,.box_w=11,.box_h=14,.ofs_x=1,.ofs_y=0},
{.bitmap_index=386,.adv_w=191,.box_w=12,.box_h=14,.ofs_x=0,.ofs_y=0},
{.bitmap_index=470,.adv_w=156,.box_w=9,.box_h=14,.ofs_x=1,.ofs_y=0},
{.bitmap_index=533,.adv_w=155,.box_w=8,.box_h=10,.ofs_x=1,.ofs_y=0}};
static const uint16_t unicode_19[]={0,16,22,24,40,56,57,75,90};
static const lv_font_fmt_txt_cmap_t cmaps_19[]={{.range_start=32,.range_length=91,.glyph_id_start=1,.unicode_list=unicode_19,.list_length=9,.type=LV_FONT_FMT_TXT_CMAP_SPARSE_TINY}};
static const lv_font_fmt_txt_dsc_t dsc_19={.glyph_bitmap=bitmap_19,.glyph_dsc=glyphs_19,.cmaps=cmaps_19,.cmap_num=1,.bpp=4};
const lv_font_t font_tools_19={.get_glyph_dsc=lv_font_get_glyph_dsc_fmt_txt,.get_glyph_bitmap=lv_font_get_bitmap_fmt_txt,.line_height=29,.base_line=8,.dsc=&dsc_19};
static const uint8_t bitmap_20[]={
0x00,0x00,0x11,0x00,0x1c,0xfb,0x05,0xef,0xfb,0x8f,0xc2,0xfb,0xc8,0x00,0xfb,0x20,0x00,0xfb,0x00,0x00,0xfb,0x00,0x00,0xfb,
0x00,0x00,0xfb,0x00,0x00,0xfb,0x00,0x00,0xfb,0x00,0x00,0xfb,0x00,0x00,0xfb,0x00,0x00,0xfb,0x00,0x00,0xfb,0x00,0x00,0x24,
0x10,0x00,0x00,0x08,0xff,0xff,0xd3,0x00,0x09,0xfb,0x53,0x7e,0xf3,0x00,0xfc,0x00,0x00,0x3f,0xa0,0x3f,0x80,0x00,0x00,0xed,
0x00,0xeb,0x00,0x00,0x2f,0x80,0x05,0xfa,0x42,0x6e,0xc1,0x00,0x03,0xff,0xff,0xc0,0x00,0x08,0xfd,0x97,0xaf,0xe3,0x05,0xfa,
0x00,0x00,0x2e,0xe0,0xaf,0x20,0x00,0x00,0x8f,0x4b,0xf1,0x00,0x00,0x08,0xf4,0x6f,0x80,0x00,0x01,0xdf,0x01,0xcf,0xb7,0x58,
0xef,0x70,0x00,0x9e,0xff,0xfc,0x40,0x00,0x00,0x01,0x20,0x00,0x00,0x00,0x00,0x00,0x10,0x00,0x00,0x00,0x00,0x00,0x7f,0xb0,
0x00,0x00,0x00,0x00,0x0c,0xff,0x10,0x00,0x00,0x00,0x02,0xfa,0xf7,0x00,0x00,0x00,0x00,0x8f,0x1c,0xd0,0x00,0x00,0x00,0x0e,
0xc0,0x7f,0x30,0x00,0x00,0x04,0xf6,0x01,0xf9,0x00,0x00,0x00,0xaf,0x10,0x0c,0xe0,0x00,0x00,0x0f,0xb0,0x00,0x6f,0x50,0x00,
0x06,0xfb,0x88,0x89,0xfb,0x00,0x00,0xcf,0xff,0xff,0xff,0xf1,0x00,0x2f,0xa0,0x00,0x00,0x5f,0x60,0x08,0xf4,0x00,0x00,0x00,
0xfc,0x00,0xde,0x00,0x00,0x00,0x0a,0xf2,0x3f,0x90,0x00,0x00,0x00,0x4f,0x80,0x01,0x11,0x11,0x00,0x00,0x04,0xff,0xff,0xff,
0xd7,0x00,0x4f,0xb7,0x77,0xbf,0xf8,0x04,0xf7,0x00,0x00,0x1f,0xf0,0x4f,0x70,0x00,0x00,0xaf,0x24,0xf7,0x00,0x00,0x0c,0xf0,
0x4f,0x70,0x01,0x5a,0xf5,0x04,0xff,0xff,0xff,0xf4,0x00,0x4f,0xb7,0x78,0x9c,0xfa,0x04,0xf7,0x00,0x00,0x07,0xf8,0x4f,0x70,
0x00,0x00,0x0f,0xc4,0xf7,0x00,0x00,0x00,0xfc,0x4f,0x70,0x00,0x00,0x7f,0x84,0xfc,0x88,0x8b,0xff,0xd1,0x4f,0xff,0xff,0xec,
0x80,0x00,0x00,0x00,0x14,0x52,0x00,0x00,0x00,0x1a,0xff,0xff,0xf8,0x00,0x00,0xcf,0xc7,0x46,0xcf,0xb0,0x09,0xf9,0x00,0x00,
0x09,0xf6,0x2f,0xc0,0x00,0x00,0x00,0xed,0x5f,0x60,0x00,0x00,0x00,0x12,0x9f,0x30,0x00,0x00,0x00,0x00,0xcf,0x00,0x00,0x00,
0x00,0x00,0xbf,0x00,0x00,0x00,0x00,0x00,0x8f,0x30,0x00,0x00,0x00,0x00,0x5f,0x60,0x00,0x00,0x00,0x00,0x2f,0xd0,0x00,0x00,
0x00,0xee,0x08,0xfa,0x00,0x00,0x09,0xf7,0x00,0xaf,0xe9,0x58,0xdf,0xb0,0x00,0x09,0xff,0xff,0xe7,0x00,0x00,0x00,0x03,0x41,
0x00,0x00,0x01,0x11,0x11,0x00,0x00,0x00,0x04,0xff,0xff,0xff,0xd7,0x00,0x00,0x4f,0xb7,0x78,0xcf,0xfc,0x00,0x04,0xf7,0x00,
0x00,0x09,0xfb,0x00,0x4f,0x70,0x00,0x00,0x0a,0xf6,0x04,0xf7,0x00,0x00,0x00,0x2f,0xa0,0x4f,0x70,0x00,0x00,0x00,0xed,0x04,
0xf7,0x00,0x00,0x00,0x0b,0xf1,0x4f,0x70,0x00,0x00,0x00,0xbf,0x04,0xf7,0x00,0x00,0x00,0x0f,0xd0,0x4f,0x70,0x00,0x00,0x02,
0xfa,0x04,0xf7,0x00,0x00,0x00,0xbf,0x60,0x4f,0x70,0x00,0x01,0xaf,0xa0,0x04,0xfc,0x99,0xad,0xff,0xb0,0x00,0x4f,0xff,0xff,
0xeb,0x60,0x00,0x00,0x01,0x11,0x11,0x11,0x10,0x4f,0xff,0xff,0xff,0xf6,0x4f,0xb7,0x77,0x77,0x73,0x4f,0x70,0x00,0x00,0x00,
0x4f,0x70,0x00,0x00,0x00,0x4f,0x70,0x00,0x00,0x00,0x4f,0x70,0x00,0x00,0x00,0x4f,0xff,0xff,0xff,0xf1,0x4f,0xc9,0x99,0x99,
0x90,0x4f,0x70,0x00,0x00,0x00,0x4f,0x70,0x00,0x00,0x00,0x4f,0x70,0x00,0x00,0x00,0x4f,0x70,0x00,0x00,0x00,0x4f,0xc9,0x99,
0x99,0x93,0x4f,0xff,0xff,0xff,0xf6,0x00,0x00,0x14,0x53,0x00,0x00,0x00,0x00,0x9f,0xff,0xff,0xb1,0x00,0x00,0xaf,0xc8,0x47,
0xcf,0xe2,0x00,0x9f,0xa0,0x00,0x00,0x7f,0xb0,0x2f,0xc0,0x00,0x00,0x00,0xbf,0x25,0xf6,0x00,0x00,0x00,0x00,0x20,0x8f,0x30,
0x00,0x00,0x00,0x00,0x0c,0xf0,0x00,0x00,0x22,0x22,0x21,0xcf,0x00,0x00,0x2f,0xff,0xff,0x89,0xf2,0x00,0x01,0x55,0x58,0xf8,
0x7f,0x50,0x00,0x00,0x00,0x6f,0x52,0xfd,0x00,0x00,0x00,0x0b,0xf2,0x08,0xf9,0x00,0x00,0x08,0xfb,0x00,0x1b,0xfd,0x85,0x8c,
0xfe,0x10,0x00,0x07,0xef,0xff,0xf9,0x10,0x00,0x00,0x00,0x14,0x20,0x00,0x00,0x01,0x04,0xf7,0x4f,0x74,0xf7,0x4f,0x74,0xf7,
0x4f,0x74,0xf7,0x4f,0x74,0xf7,0x4f,0x74,0xf7,0x4f,0x74,0xf7,0x4f,0x70,0x01,0x00,0x00,0x00,0x00,0x4f,0x70,0x00,0x00,0x00,
0x4f,0x70,0x00,0x00,0x00,0x4f,0x70,0x00,0x00,0x00,0x4f,0x70,0x00,0x00,0x00,0x4f,0x70,0x00,0x00,0x00,0x4f,0x70,0x00,0x00,
0x00,0x4f,0x70,0x00,0x00,0x00,0x4f,0x70,0x00,0x00,0x00,0x4f,0x70,0x00,0x00,0x00,0x4f,0x70,0x00,0x00,0x00,0x4f,0x70,0x00,
0x00,0x00,0x4f,0x70,0x00,0x00,0x00,0x4f,0xc9,0x99,0x99,0x92,0x4f,0xff,0xff,0xff,0xf4,0x01,0x10,0x00,0x00,0x00,0x00,0x01,
0x04,0xfe,0x00,0x00,0x00,0x00,0x0b,0xf9,0x4f,0xf6,0x00,0x00,0x00,0x01,0xff,0x94,0xff,0xc0,0x00,0x00,0x00,0x8f,0xf9,0x4f,
0xcf,0x30,0x00,0x00,0x0e,0xcf,0x94,0xf6,0xf9,0x00,0x00,0x05,0xf5,0xf9,0x4f,0x59,0xf1,0x00,0x00,0xce,0x1f,0x94,0xf5,0x3f,
0x70,0x00,0x2f,0x70,0xf9,0x4f,0x50,0xcd,0x00,0x09,0xf1,0x0f,0x94,0xf5,0x06,0xf4,0x00,0xfa,0x00,0xf9,0x4f,0x50,0x0e,0xa0,
0x6f,0x30,0x0f,0x94,0xf5,0x00,0x8f,0x1c,0xd0,0x00,0xf9,0x4f,0x50,0x02,0xfb,0xf6,0x00,0x0f,0x94,0xf5,0x00,0x0b,0xff,0x00,
0x00,0xf9,0x4f,0x50,0x00,0x4f,0x90,0x00,0x0f,0x90,0x01,0x00,0x00,0x00,0x00,0x11,0x4f,0xc0,0x00,0x00,0x00,0xcf,0x4f,0xf8,
0x00,0x00,0x00,0xcf,0x4f,0xff,0x30,0x00,0x00,0xcf,0x4f,0x9f,0xd0,0x00,0x00,0xcf,0x4f,0x66,0xf9,0x00,0x00,0xcf,0x4f,0x60,
0xbf,0x40,0x00,0xcf,0x4f,0x60,0x1e,0xe1,0x00,0xcf,0x4f,0x60,0x04,0xfb,0x00,0xcf,0x4f,0x60,0x00,0x9f,0x60,0xcf,0x4f,0x60,
0x00,0x0d,0xf2,0xcf,0x4f,0x60,0x00,0x03,0xfc,0xdf,0x4f,0x60,0x00,0x00,0x8f,0xff,0x4f,0x60,0x00,0x00,0x0c,0xff,0x4f,0x60,
0x00,0x00,0x02,0xff,0x01,0x11,0x11,0x00,0x00,0x04,0xff,0xff,0xff,0xb4,0x00,0x4f,0xb7,0x78,0xcf,0xf5,0x04,0xf7,0x00,0x00,
0x2e,0xf0,0x4f,0x70,0x00,0x00,0x8f,0x34,0xf7,0x00,0x00,0x06,0xf6,0x4f,0x70,0x00,0x00,0x8f,0x34,0xf7,0x00,0x00,0x4f,0xe0,
0x4f,0xc9,0x9a,0xef,0xf3,0x04,0xff,0xff,0xfd,0x93,0x00,0x4f,0x70,0x00,0x00,0x00,0x04,0xf7,0x00,0x00,0x00,0x00,0x4f,0x70,
0x00,0x00,0x00,0x04,0xf7,0x00,0x00,0x00,0x00,0x4f,0x70,0x00,0x00,0x00,0x00,0x01,0x11,0x11,0x00,0x00,0x04,0xff,0xff,0xff,
0xc6,0x00,0x4f,0xb7,0x77,0xbf,0xf9,0x04,0xf7,0x00,0x00,0x0e,0xf2,0x4f,0x70,0x00,0x00,0x8f,0x64,0xf7,0x00,0x00,0x06,0xf6,
0x4f,0x70,0x00,0x00,0xcf,0x24,0xf8,0x22,0x25,0xaf,0xc0,0x4f,0xff,0xff,0xff,0x90,0x04,0xfa,0x66,0x6f,0xe0,0x00,0x4f,0x70,
0x00,0x8f,0x70,0x04,0xf7,0x00,0x00,0xef,0x10,0x4f,0x70,0x00,0x07,0xf9,0x04,0xf7,0x00,0x00,0x0d,0xf2,0x4f,0x70,0x00,0x00,
0x5f,0xb0,0x00,0x00,0x35,0x20,0x00,0x00,0x0a,0xff,0xff,0xf5,0x00,0x0d,0xfa,0x54,0x6d,0xf7,0x04,0xf8,0x00,0x00,0x0e,0xe0,
0x8f,0x30,0x00,0x00,0x48,0x16,0xf8,0x00,0x00,0x00,0x00,0x1e,0xfa,0x40,0x00,0x00,0x00,0x2d,0xff,0xfc,0x61,0x00,0x00,0x03,
0x8c,0xff,0xf4,0x00,0x00,0x00,0x00,0x7f,0xf2,0x00,0x00,0x00,0x00,0x9f,0x6a,0xa0,0x00,0x00,0x06,0xf6,0x8f,0x60,0x00,0x00,
0xcf,0x12,0xef,0xb7,0x58,0xdf,0x90,0x01,0xaf,0xff,0xfe,0x70,0x00,0x00,0x02,0x41,0x00,0x00,0x01,0x11,0x11,0x11,0x11,0x10,
0x2f,0xff,0xff,0xff,0xff,0xf9,0x17,0x77,0x7d,0xf8,0x77,0x74,0x00,0x00,0x0a,0xf1,0x00,0x00,0x00,0x00,0x0a,0xf1,0x00,0x00,
0x00,0x00,0x0a,0xf1,0x00,0x00,0x00,0x00,0x0a,0xf1,0x00,0x00,0x00,0x00,0x0a,0xf1,0x00,0x00,0x00,0x00,0x0a,0xf1,0x00,0x00,
0x00,0x00,0x0a,0xf1,0x00,0x00,0x00,0x00,0x0a,0xf1,0x00,0x00,0x00,0x00,0x0a,0xf1,0x00,0x00,0x00,0x00,0x0a,0xf1,0x00,0x00,
0x00,0x00,0x0a,0xf1,0x00,0x00,0x00,0x00,0x0a,0xf1,0x00,0x00,0x01,0x00,0x00,0x00,0x00,0x11,0x5f,0x70,0x00,0x00,0x00,0xed,
0x5f,0x70,0x00,0x00,0x00,0xed,0x5f,0x70,0x00,0x00,0x00,0xed,0x5f,0x70,0x00,0x00,0x00,0xed,0x5f,0x70,0x00,0x00,0x00,0xed,
0x5f,0x70,0x00,0x00,0x00,0xed,0x5f,0x70,0x00,0x00,0x00,0xed,0x5f,0x70,0x00,0x00,0x00,0xed,0x5f,0x70,0x00,0x00,0x00,0xed,
0x3f,0x80,0x00,0x00,0x00,0xfc,0x0f,0xc0,0x00,0x00,0x03,0xf8,0x0b,0xf7,0x00,0x00,0x1d,0xf4,0x01,0xdf,0xb7,0x69,0xef,0x80,
0x00,0x1a,0xef,0xff,0xd6,0x00,0x00,0x00,0x02,0x30,0x00,0x00,0x01,0x00,0x00,0x00,0x00,0x01,0x13,0xfa,0x00,0x00,0x00,0x05,
0xf7,0x0d,0xf0,0x00,0x00,0x00,0xbf,0x10,0x7f,0x50,0x00,0x00,0x1f,0xb0,0x01,0xfa,0x00,0x00,0x06,0xf6,0x00,0x0b,0xf0,0x00,
0x00,0xcf,0x00,0x00,0x5f,0x60,0x00,0x1f,0xa0,0x00,0x00,0xfb,0x00,0x07,0xf4,0x00,0x00,0x0a,0xf1,0x00,0xce,0x00,0x00,0x00,
0x4f,0x60,0x2f,0x80,0x00,0x00,0x00,0xec,0x08,0xf2,0x00,0x00,0x00,0x08,0xf2,0xdc,0x00,0x00,0x00,0x00,0x2f,0xbf,0x60,0x00,
0x00,0x00,0x00,0xcf,0xf1,0x00,0x00,0x00,0x00,0x06,0xfb,0x00,0x00,0x00,0x01,0x00,0x00,0x00,0x01,0x00,0x00,0x00,0x01,0x01,
0xfc,0x00,0x00,0x07,0xfa,0x00,0x00,0x09,0xf3,0x0c,0xf0,0x00,0x00,0xcf,0xe0,0x00,0x00,0xde,0x00,0x8f,0x30,0x00,0x0f,0xff,
0x20,0x00,0x1f,0xa0,0x03,0xf7,0x00,0x04,0xf8,0xf7,0x00,0x05,0xf6,0x00,0x0f,0xb0,0x00,0x9f,0x0e,0xb0,0x00,0x9f,0x10,0x00,
0xbf,0x00,0x0d,0xb0,0x9f,0x00,0x0d,0xd0,0x00,0x06,0xf3,0x02,0xf7,0x04,0xf4,0x01,0xf9,0x00,0x00,0x2f,0x70,0x6f,0x20,0x0f,
0x80,0x5f,0x40,0x00,0x00,0xeb,0x0a,0xd0,0x00,0xbd,0x09,0xf0,0x00,0x00,0x09,0xf0,0xf9,0x00,0x06,0xf1,0xcc,0x00,0x00,0x00,
0x5f,0x6f,0x40,0x00,0x2f,0x7f,0x70,0x00,0x00,0x01,0xfe,0xf0,0x00,0x00,0xde,0xf3,0x00,0x00,0x00,0x0c,0xfb,0x00,0x00,0x09,
0xfe,0x00,0x00,0x00,0x00,0x8f,0x60,0x00,0x00,0x4f,0xa0,0x00,0x00,0x00,0x37,0x96,0x20,0x00,0xaf,0xff,0xff,0x60,0x5f,0x91,
0x03,0xdf,0x02,0x40,0x00,0x07,0xf4,0x00,0x00,0x01,0x6f,0x60,0x6c,0xff,0xff,0xf6,0x8f,0xc7,0x43,0x7f,0x6e,0xd0,0x00,0x06,
0xf6,0xfd,0x00,0x00,0xcf,0x6a,0xfa,0x57,0xdc,0xf6,0x0a,0xff,0xf8,0x5f,0x60,0x00,0x20,0x00,0x00,0x00,0x04,0x8a,0x20,0x05,
0xff,0xc2,0x00,0xbf,0x20,0x00,0x0d,0xd0,0x00,0x37,0xee,0x77,0x18,0xff,0xff,0xf2,0x00,0xdd,0x00,0x00,0x0d,0xd0,0x00,0x00,
0xdd,0x00,0x00,0x0d,0xd0,0x00,0x00,0xdd,0x00,0x00,0x0d,0xd0,0x00,0x00,0xdd,0x00,0x00,0x0d,0xd0,0x00,0x00,0xdd,0x00,0x00,
0x00,0x16,0x96,0x01,0x73,0x05,0xff,0xff,0xe5,0xf6,0x3f,0xd3,0x01,0x9e,0xf6,0xaf,0x20,0x00,0x0b,0xf6,0xdd,0x00,0x00,0x06,
0xf6,0xfb,0x00,0x00,0x04,0xf6,0xde,0x00,0x00,0x06,0xf6,0xaf,0x20,0x00,0x0b,0xf6,0x3f,0xd3,0x01,0x9f,0xf6,0x06,0xff,0xff,
0xe5,0xf6,0x00,0x15,0x86,0x04,0xf6,0x12,0x00,0x00,0x09,0xf3,0x5f,0xb1,0x00,0x5f,0xf0,0x09,0xff,0xef,0xfe,0x30,0x00,0x37,
0xa8,0x51,0x00,0x39,0x1a,0xf6,0x27,0x10,0x00,0x37,0x17,0xf3,0x7f,0x37,0xf3,0x7f,0x37,0xf3,0x7f,0x37,0xf3,0x7f,0x37,0xf3,
0x7f,0x30,0x37,0x12,0x69,0x71,0x08,0xf5,0xff,0xff,0xe2,0x8f,0xf4,0x01,0x8f,0xb8,0xf7,0x00,0x00,0xfe,0x8f,0x30,0x00,0x0b,
0xf8,0xf2,0x00,0x00,0xaf,0x8f,0x20,0x00,0x0a,0xf8,0xf2,0x00,0x00,0xaf,0x8f,0x20,0x00,0x0a,0xf8,0xf2,0x00,0x00,0xaf,0x8f,
0x20,0x00,0x0a,0xf0,0x00,0x04,0x87,0x20,0x00,0x03,0xff,0xff,0xfb,0x00,0x2f,0xe3,0x01,0x8f,0xa0,0x9f,0x30,0x00,0x0a,0xf1,
0xce,0x00,0x00,0x06,0xf5,0xfb,0x00,0x00,0x03,0xf8,0xec,0x00,0x00,0x04,0xf7,0xbf,0x00,0x00,0x07,0xf3,0x7f,0x80,0x00,0x1e,
0xf0,0x0b,0xfa,0x68,0xdf,0x40,0x00,0x9d,0xff,0xb5,0x00,0x00,0x00,0x10,0x00,0x00,0x37,0x11,0x79,0x51,0x00,0x8f,0x5e,0xff,
0xff,0x40,0x8f,0xf8,0x10,0x4e,0xe2,0x8f,0xb0,0x00,0x05,0xf8,0x8f,0x50,0x00,0x00,0xfb,0x8f,0x30,0x00,0x00,0xde,0x8f,0x40,
0x00,0x00,0xed,0x8f,0x70,0x00,0x01,0xfa,0x8f,0xe1,0x00,0x0a,0xf6,0x8f,0xbd,0x86,0xbf,0xb0,0x8f,0x28,0xff,0xe9,0x00,0x8f,
0x20,0x02,0x00,0x00,0x8f,0x20,0x00,0x00,0x00,0x8f,0x20,0x00,0x00,0x00,0x47,0x10,0x00,0x00,0x00,0x37,0x13,0x77,0x8f,0x6f,
0xfd,0x8f,0xe5,0x10,0x8f,0x70,0x00,0x8f,0x30,0x00,0x8f,0x20,0x00,0x8f,0x20,0x00,0x8f,0x20,0x00,0x8f,0x20,0x00,0x8f,0x20,
0x00,0x8f,0x20,0x00,0x00,0x22,0x00,0x00,0x0e,0xd0,0x00,0x00,0xed,0x00,0x03,0x7f,0xe7,0x70,0x8f,0xff,0xff,0x10,0x0e,0xd0,
0x00,0x00,0xed,0x00,0x00,0x0e,0xd0,0x00,0x00,0xed,0x00,0x00,0x0e,0xd0,0x00,0x00,0xed,0x00,0x00,0x0d,0xf0,0x00,0x00,0xbf,
0xb6,0x00,0x02,0xcf,0xf1,0x00,0x00,0x01,0x00,0x47,0x00,0x00,0x05,0x69,0xf1,0x00,0x00,0xce,0x9f,0x10,0x00,0x0c,0xe9,0xf1,
0x00,0x00,0xce,0x9f,0x10,0x00,0x0c,0xe9,0xf1,0x00,0x00,0xce,0x9f,0x10,0x00,0x0c,0xe9,0xf3,0x00,0x00,0xee,0x6f,0x80,0x00,
0x4f,0xe2,0xff,0xa6,0x8e,0xee,0x03,0xdf,0xfd,0x4c,0xe0,0x00,0x11,0x00,0x00,0x00,0x00,0x00,0x00,0x25,0x10,0x00,0x00,0x00,
0x00,0x00,0x00,0x02,0xef,0xb0,0x00,0x00,0x00,0x00,0x00,0x00,0x1d,0xd4,0xf7,0x00,0x00,0x00,0x00,0x00,0x00,0xce,0x20,0x7f,
0x70,0x00,0x00,0x00,0x00,0x1b,0xf3,0x00,0x08,0xf9,0x00,0x00,0x00,0x03,0xdf,0x50,0x00,0x00,0x8f,0xd4,0x00,0x01,0x9f,0xe3,
0x00,0x4c,0x20,0x05,0xff,0x91,0x1e,0xfa,0x10,0x00,0x5f,0x20,0x00,0x2b,0xfe,0x08,0x40,0x00,0x00,0x5f,0x20,0x00,0x00,0x56,
0x00,0x00,0x00,0x00,0x5f,0x20,0x00,0x00,0x00,0x00,0x00,0x00,0x00,0x5f,0x20,0x00,0x00,0x00,0x00,0x00,0x00,0x00,0x5f,0x20,
0x00,0x00,0x00,0x00,0x00,0x00,0x00,0x5f,0x20,0x00,0x00,0x00,0x00,0x00,0x00,0x00,0x5f,0x20,0x00,0x00,0x00,0x00,0x00,0x00,
0x00,0x5f,0x20,0x00,0x00,0x00,0x00,0x00,0x00,0x00,0x5f,0x20,0x00,0x00,0x00,0x00,0x00,0x00,0x00,0x5f,0x20,0x00,0x00,0x00,
0x00,0x00,0x00,0x00,0x5d,0x20,0x00,0x00,0x00,0x00,0x00,0x20,0x00,0x00,0x25,0x00,0x00,0x00,0x00,0x00,0xc9,0x00,0x00,0x4f,
0x40,0x00,0x00,0x00,0x02,0xf5,0x57,0x77,0x7f,0xc7,0x77,0x72,0x00,0x08,0xe0,0xae,0xcc,0xcc,0xcc,0xcd,0xf4,0x00,0x0e,0x80,
0xaa,0x00,0x00,0x00,0x00,0xf4,0x00,0x7f,0x40,0xaa,0x00,0x00,0x00,0x00,0xf4,0x02,0xff,0x40,0xaf,0xdd,0xdd,0xdd,0xdd,0xf4,
0x0b,0xef,0x40,0xbc,0x77,0x77,0x77,0x77,0x71,0x1f,0x4f,0x40,0xc8,0x00,0x00,0x00,0x00,0x00,0x05,0x1f,0x40,0xe6,0xef,0xff,
0xff,0xff,0xf5,0x00,0x1f,0x40,0xf5,0xe7,0x5f,0x3a,0x93,0xf5,0x00,0x1f,0x41,0xf3,0xe4,0x1f,0x09,0x80,0xe5,0x00,0x1f,0x43,
0xf1,0xe8,0x6f,0x5b,0xa5,0xf5,0x00,0x1f,0x48,0xd0,0xee,0xdf,0xde,0xed,0xf5,0x00,0x1f,0x4d,0x80,0xe4,0x1f,0x09,0x80,0xe5,
0x00,0x1f,0x7f,0x30,0xe4,0x1f,0x09,0x80,0xe5,0x00,0x1f,0xcd,0x00,0xe4,0x1f,0x09,0x84,0xf4,0x00,0x1e,0x55,0x00,0xb4,0x08,
0x04,0x4c,0xb0,0x00,0x00,0x00,0x00,0x00,0x00,0x62,0x00,0x00,0x00,0x11,0x11,0x11,0x00,0x01,0xf6,0x00,0x00,0x05,0xff,0xff,
0xff,0x80,0x01,0xf6,0x00,0x00,0x01,0x44,0x44,0x44,0x20,0x01,0xf6,0x00,0x00,0x00,0x00,0x00,0x00,0x04,0x89,0xfb,0x88,0x84,
0x00,0x00,0x00,0x00,0x07,0xee,0xfe,0xee,0xf8,0x00,0x00,0x00,0x00,0x00,0x02,0xf4,0x00,0xf8,0x1f,0xff,0xff,0xff,0xf3,0x03,
0xf3,0x00,0xf7,0x06,0x6c,0xe6,0x66,0x61,0x05,0xf2,0x00,0xf7,0x00,0x0d,0x90,0x00,0x00,0x07,0xf0,0x00,0xf7,0x00,0x1f,0x50,
0xd7,0x00,0x09,0xe0,0x00,0xf7,0x00,0x7f,0x00,0x9e,0x00,0x0d,0xb0,0x00,0xf7,0x00,0xca,0x00,0x1f,0x70,0x2f,0x60,0x00,0xf6,
0x03,0xf5,0x04,0x9f,0xe0,0x8f,0x10,0x00,0xf6,0x0c,0xfc,0xff,0xc8,0xf6,0xeb,0x00,0x01,0xf5,0x0d,0xd9,0x61,0x00,0x7b,0xf3,
0x00,0x05,0xf3,0x00,0x00,0x00,0x00,0x4f,0x80,0x5a,0xbf,0xd0,0x00,0x00,0x00,0x00,0x2b,0x00,0x3a,0xa7,0x10,0x00,0x00,0x00,
0x00,0x47,0x00,0x00,0x00,0x00,0x00,0x00,0x00,0x05,0xf4,0x00,0x00,0x00,0x00,0x06,0x66,0x66,0x6f,0xb6,0x66,0x66,0x40,0x00,
0xff,0xff,0xff,0xff,0xff,0xff,0xfa,0x00,0x0f,0x70,0x00,0x00,0x00,0x00,0x0d,0xa0,0x00,0xf7,0x00,0x00,0x00,0x00,0x00,0xda,
0x00,0x0f,0x94,0x44,0x44,0x44,0x44,0x4e,0xa0,0x00,0xff,0xff,0xff,0xff,0xff,0xff,0xfa,0x00,0x0f,0x82,0x22,0x22,0x22,0x22,
0x22,0x10,0x02,0xf4,0x00,0x00,0x00,0x00,0x00,0x00,0x00,0x4f,0x22,0x55,0x55,0x55,0x55,0x55,0x20,0x06,0xf0,0x8f,0xff,0xff,
0xff,0xff,0xf7,0x00,0x8e,0x08,0xe1,0x11,0x11,0x11,0x1f,0x70,0x0c,0xc0,0x8e,0x00,0x00,0x00,0x00,0xf7,0x03,0xf5,0x08,0xe0,
0x00,0x00,0x00,0x0f,0x70,0xae,0x00,0x8f,0x66,0x66,0x66,0x66,0xf7,0x2f,0x60,0x08,0xff,0xff,0xff,0xff,0xff,0x70,0x90,0x00,
0x8e,0x00,0x00,0x00,0x00,0xf6,0x00,0x00,0x00,0x03,0x60,0x00,0x00,0x00,0x00,0x00,0x00,0x00,0x0a,0xe0,0x00,0x00,0x00,0x00,
0x00,0x00,0x00,0x0f,0x90,0x00,0x00,0x00,0x00,0x09,0xdd,0xdd,0xef,0xed,0xdd,0xdd,0xdd,0xda,0x06,0x99,0x9a,0xfd,0x99,0x99,
0x99,0x99,0x97,0x00,0x00,0x08,0xf2,0x00,0x01,0x00,0x00,0x00,0x00,0x00,0x3f,0xa0,0x00,0x0f,0x80,0x00,0x00,0x00,0x00,0xde,
0x10,0x00,0x0f,0x80,0x00,0x00,0x00,0x0a,0xf4,0x00,0x00,0x0f,0x80,0x00,0x00,0x00,0xaf,0xf1,0x2a,0xaa,0xaf,0xda,0xaa,0x90,
0x0b,0xfc,0xf1,0x3c,0xcc,0xcf,0xec,0xcc,0xb0,0x2e,0x65,0xf1,0x00,0x00,0x0f,0x80,0x00,0x00,0x01,0x05,0xf1,0x00,0x00,0x0f,
0x80,0x00,0x00,0x00,0x05,0xf1,0x00,0x00,0x0f,0x80,0x00,0x00,0x00,0x05,0xf1,0x00,0x00,0x0f,0x80,0x00,0x00,0x00,0x05,0xf1,
0x33,0x33,0x3f,0x93,0x33,0x32,0x00,0x05,0xf2,0xff,0xff,0xff,0xff,0xff,0xfc,0x00,0x05,0xf1,0x33,0x33,0x33,0x33,0x33,0x33,
0x00,0x01,0x71,0x00,0x00,0x00,0x00,0x00,0x00,0x00,0x9f,0x10,0x00,0x00,0x00,0x00,0x00,0x00,0x1f,0xff,0xff,0xff,0xff,0xff,
0xfd,0x00,0x0b,0xf4,0x44,0x44,0x44,0x44,0x44,0x30,0x0b,0xfc,0x88,0x88,0x88,0x88,0x88,0x30,0x0a,0xf5,0xfc,0xaa,0xaa,0xaa,
0xaa,0xf6,0x00,0x55,0x0f,0x81,0x11,0x11,0x11,0x2f,0x60,0x00,0x00,0xff,0xff,0xff,0xff,0xff,0xf6,0x00,0x00,0x0f,0x70,0x00,
0x00,0x00,0x1f,0x60,0x00,0x00,0xfd,0xbb,0xbb,0xbb,0xbb,0xf6,0x00,0x00,0x07,0x8f,0xc7,0x77,0x77,0x77,0x30,0x00,0x00,0x0a,
0xf6,0x44,0x44,0x44,0x42,0x00,0x00,0x2c,0xfe,0xee,0xee,0xee,0xff,0x60,0x01,0xaf,0xdc,0xe4,0x00,0x00,0x4e,0xa0,0x00,0x0b,
0x60,0x09,0xfa,0x42,0xaf,0x90,0x00,0x00,0x00,0x00,0x06,0xff,0xff,0x70,0x00,0x00,0x27,0x9a,0xce,0xfd,0x88,0xdf,0xfd,0xba,
0x62,0xdc,0xa8,0x62,0x00,0x00,0x15,0x79,0xb6,0x00,0x00,0x00,0x05,0x40,0x00,0x00,0x00,0x00,0x00,0x00,0x00,0xbe,0x00,0x00,
0x00,0x00,0x3a,0xaa,0xaa,0xac,0xfb,0xaa,0xaa,0xaa,0x05,0xfb,0xbb,0xbb,0xbb,0xbb,0xbb,0xbd,0xf1,0x5f,0x10,0x10,0x00,0x01,
0x30,0x00,0x5f,0x15,0xf1,0x0c,0xe8,0x00,0x6f,0x00,0x05,0xf1,0x01,0x00,0x17,0xfd,0x36,0xf0,0x00,0x01,0x00,0x02,0x70,0x01,
0xa1,0x8e,0x00,0x00,0x00,0x00,0x6f,0xe6,0x00,0x0a,0xc0,0x00,0x00,0x00,0x00,0x19,0xf7,0x00,0xc9,0x00,0x00,0x00,0x00,0x00,
0x04,0x20,0x2f,0x70,0x00,0x00,0x08,0xff,0xff,0xff,0xff,0xff,0xff,0xff,0xf5,0x35,0x55,0x55,0x58,0xf9,0x55,0x55,0x55,0x20,
0x00,0x00,0x02,0xef,0xd6,0x00,0x00,0x00,0x00,0x00,0x06,0xec,0x49,0xfe,0x81,0x00,0x00,0x00,0x6d,0xf9,0x00,0x01,0x8f,0xe7,
0x00,0x4b,0xff,0xa4,0x00,0x00,0x00,0x1a,0xfd,0x43,0xc6,0x10,0x00,0x00,0x00,0x00,0x03,0xc2,0x16,0x66,0x66,0x66,0x66,0x66,
0x66,0x40,0x04,0xff,0xff,0xff,0xff,0xff,0xff,0xfb,0x00,0x00,0x00,0x00,0x00,0x00,0x00,0x0c,0xb0,0x00,0x00,0x00,0x00,0x00,
0x00,0x00,0xcb,0x00,0x07,0xe0,0x00,0x00,0x00,0x00,0x0c,0xb0,0x00,0x8f,0x00,0x00,0x00,0x00,0x00,0xcb,0x00,0x08,0xf3,0x33,
0x33,0x33,0x33,0x3d,0xb0,0x00,0x8f,0xff,0xff,0xff,0xff,0xff,0xfb,0x00,0x08,0xf3,0x33,0x33,0x33,0x33,0x33,0x20,0x00,0x8f,
0x00,0x00,0x00,0x00,0x00,0x00,0x00,0x08,0xf0,0x00,0x00,0x00,0x00,0x00,0x00,0x00,0x8f,0x00,0x00,0x00,0x00,0x00,0x00,0x98,
0x08,0xf0,0x00,0x00,0x00,0x00,0x00,0x0c,0xb0,0x8f,0x00,0x00,0x00,0x00,0x00,0x00,0xe9,0x05,0xf7,0x21,0x11,0x11,0x11,0x12,
0x8f,0x50,0x0d,0xff,0xff,0xff,0xff,0xff,0xff,0xc0,0x00,0x02,0x44,0x44,0x44,0x44,0x44,0x20,0x00,0x19,0x99,0x99,0x99,0x99,
0x99,0x99,0x99,0x02,0xee,0xee,0xee,0xef,0xee,0xee,0xee,0xe0,0x00,0x00,0x00,0x06,0xf1,0x00,0x00,0x00,0x00,0x0a,0x70,0x00,
0x6f,0x10,0x00,0x8b,0x00,0x00,0xbe,0x00,0x06,0xf1,0x00,0x1f,0xa0,0x00,0x03,0xf7,0x00,0x6f,0x10,0x08,0xf3,0x00,0x00,0x0c,
0xd0,0x06,0xf1,0x01,0xfa,0x00,0x00,0x00,0x59,0x00,0x6f,0x10,0x2a,0x10,0x00,0x22,0x22,0x22,0x28,0xf3,0x22,0x22,0x22,0x1f,
0xff,0xff,0xff,0xff,0xff,0xff,0xff,0xfb,0x44,0x44,0x44,0x49,0xf5,0x44,0x44,0x44,0x30,0x00,0x00,0x00,0x6f,0x10,0x00,0x00,
0x00,0x00,0x00,0x00,0x06,0xf1,0x00,0x00,0x00,0x00,0x00,0x00,0x00,0x6f,0x10,0x00,0x00,0x00,0x00,0x00,0x00,0x06,0xf1,0x00,
0x00,0x00,0x00,0x00,0x00,0x00,0x6f,0x10,0x00,0x00,0x00,0x00,0x00,0x00,0x05,0xe1,0x00,0x00,0x00,0x00,0x00,0x00,0x41,0x00,
0x00,0x02,0x60,0x00,0x00,0x00,0x02,0xf8,0x00,0x00,0x06,0xf0,0x00,0x00,0x00,0x0b,0xe0,0x03,0x66,0x6a,0xf6,0x66,0x61,0x00,
0x6f,0x40,0x08,0xff,0xff,0xff,0xff,0xf3,0x06,0xf8,0x00,0x00,0x00,0x06,0xf0,0x00,0x00,0x1f,0x80,0x19,0x10,0x00,0x06,0xf0,
0x00,0x00,0x05,0x00,0xae,0x4d,0xdd,0xde,0xfd,0xdd,0xdd,0x00,0x03,0xf5,0x18,0x88,0x88,0x88,0x88,0x88,0x00,0x2e,0xd0,0x00,
0x00,0x00,0x00,0x95,0x00,0x01,0xdf,0xb0,0x04,0x44,0x44,0x44,0xeb,0x43,0x0d,0xdc,0xb0,0x2f,0xff,0xff,0xff,0xff,0xfb,0x0a,
0x1b,0xb0,0x01,0x12,0x11,0x11,0xe9,0x11,0x00,0x0b,0xb0,0x00,0xbc,0x00,0x00,0xe8,0x00,0x00,0x0b,0xb0,0x00,0x2e,0xb0,0x00,
0xe8,0x00,0x00,0x0b,0xb0,0x00,0x04,0xf4,0x00,0xe8,0x00,0x00,0x0b,0xb0,0x00,0x00,0x10,0x00,0xf8,0x00,0x00,0x0b,0xb0,0x00,
0x00,0x2a,0xac,0xf5,0x00,0x00,0x09,0x90,0x00,0x00,0x0b,0xba,0x60,0x00,0x00,0x03,0x40,0x00,0x02,0x40,0x00,0x00,0x00,0x00,
0x00,0x9c,0x00,0x00,0xab,0x00,0x00,0x00,0x00,0x00,0x09,0xc0,0x00,0x0d,0x80,0x00,0x00,0x00,0x00,0x00,0x9c,0x00,0xbb,0xfd,
0xbb,0xbb,0xbb,0x90,0x07,0x59,0xcd,0x3a,0xbf,0xba,0xaa,0xaa,0xa8,0x00,0xa7,0x9c,0x98,0x06,0xf0,0x00,0x71,0x00,0x00,0x0c,
0x69,0xc5,0xc0,0xbb,0x00,0x2f,0x30,0x00,0x00,0xe4,0x9c,0x2f,0x1f,0x64,0x72,0xf3,0x0b,0x60,0x1f,0x19,0xc0,0x24,0xf2,0xaa,
0x3f,0x20,0xf4,0x01,0x80,0x9c,0x00,0xbc,0x0e,0x65,0xf0,0x3f,0x10,0x00,0x09,0xc0,0x2f,0x55,0xf1,0x7f,0x29,0xc0,0x00,0x00,
0x9c,0x0a,0xd0,0xba,0x0c,0xf7,0xc6,0x00,0x00,0x09,0xc5,0xf5,0x04,0x32,0xf8,0xe0,0x00,0x00,0x00,0x9c,0xda,0x00,0x00,0xae,
0x0d,0x70,0x00,0x00,0x09,0xc3,0x10,0x00,0x5f,0x40,0x6f,0x30,0x00,0x00,0x9c,0x00,0x00,0x5f,0x90,0x00,0xbe,0x10,0x00,0x09,
0xc0,0x00,0xaf,0x90,0x00,0x01,0xdd,0x00,0x00,0x8a,0x00,0x09,0x40,0x00,0x00,0x02,0x80,0x00,0x03,0x30,0x00,0x00,0x02,0x30,
0x00,0x00,0x00,0x0b,0xb0,0x00,0x00,0x2f,0xf5,0x00,0x00,0x00,0x0b,0xb0,0x00,0x00,0xcc,0x8f,0x20,0x00,0x00,0x0b,0xb0,0x00,
0x09,0xf2,0x0d,0xc0,0x00,0x0f,0xff,0xff,0xb0,0x8f,0x60,0x03,0xfb,0x00,0x06,0x6d,0xd6,0x5a,0xf7,0x00,0x00,0x4f,0xd2,0x00,
0x0b,0xb0,0xbf,0x77,0x77,0x77,0x76,0xee,0x00,0x0b,0xb0,0x44,0x3e,0xee,0xee,0xe5,0x26,0x00,0x0b,0xb4,0x80,0x00,0x00,0x00,
0x00,0x00,0x00,0x1c,0xff,0x90,0x00,0x00,0x00,0x00,0x00,0x2b,0xff,0xd3,0x00,0xbb,0xbb,0xbb,0xbb,0x30,0x1c,0x7c,0xb0,0x00,
0xfc,0x99,0x99,0xaf,0x40,0x00,0x0b,0xb0,0x00,0xf6,0x00,0x00,0x2f,0x40,0x00,0x0b,0xb0,0x00,0xf6,0x00,0x00,0x2f,0x40,0x00,
0x0b,0xb0,0x00,0xf6,0x00,0x00,0x2f,0x40,0x00,0x0b,0xb0,0x00,0xfb,0x88,0x88,0x9f,0x40,0x08,0xaf,0x90,0x00,0xfe,0xdd,0xdd,
0xef,0x40,0x07,0xb8,0x20,0x00,0xe6,0x00,0x00,0x2e,0x40,0x00,0x03,0x30,0x00,0x00,0x00,0x00,0x00,0x00,0x00,0x0b,0xb0,0x05,
0xaa,0xaa,0xaa,0xaa,0xa3,0x00,0x0b,0xb0,0x09,0xfb,0xbb,0xbb,0xbc,0xf5,0x00,0x0b,0xb0,0x09,0xe0,0x00,0x00,0x01,0xf5,0x0e,
0xff,0xff,0xa9,0xe5,0x55,0x55,0x56,0xf5,0x06,0x6d,0xd6,0x49,0xff,0xff,0xff,0xff,0xf5,0x00,0x0b,0xb0,0x09,0xd0,0x00,0x9d,
0x00,0x00,0x00,0x0b,0xb0,0x09,0xd0,0x00,0x9d,0x00,0x00,0x00,0x0b,0xb4,0x7a,0xfe,0xee,0xff,0xee,0xec,0x00,0x1c,0xff,0x8c,
0xc7,0x77,0xce,0x77,0x76,0x1b,0xff,0xd2,0x0d,0x80,0x00,0x9d,0x00,0x00,0x0c,0x7c,0xb0,0x0f,0x63,0x55,0xbe,0x55,0x50,0x00,
0x0b,0xb0,0x1f,0x5a,0xff,0xff,0xff,0xf0,0x00,0x0b,0xb0,0x6f,0x2a,0xb0,0x00,0x06,0xf0,0x00,0x0b,0xb0,0xbc,0x0a,0xb0,0x00,
0x06,0xf0,0x00,0x0b,0xb1,0xf7,0x0a,0xc4,0x44,0x49,0xf0,0x07,0xaf,0x86,0xf1,0x0a,0xff,0xff,0xff,0xf0,0x06,0xb8,0x11,0x80,
0x09,0xa0,0x00,0x06,0xe0,0x00,0x00,0x05,0x10,0x00,0x02,0x40,0x00,0x00,0x02,0xe1,0x2f,0x30,0xd3,0x07,0xf0,0x00,0x00,0x00,
0xc8,0x2f,0x38,0xd0,0x0a,0xc0,0x00,0x00,0x00,0x47,0x2f,0x38,0x30,0x0d,0xd8,0x88,0x85,0x09,0xcc,0xdf,0xdc,0xc8,0x0f,0xee,
0xef,0xe8,0x06,0x8b,0xef,0xb8,0x85,0x4f,0x40,0x0f,0x50,0x00,0x1e,0x6f,0xfb,0x30,0x9f,0x60,0x1f,0x40,0x04,0xea,0x2f,0x4a,
0xf2,0xff,0xa0,0x2f,0x20,0x0e,0x90,0x2f,0x30,0x35,0xf6,0xe0,0x5f,0x10,0x02,0x00,0x76,0x00,0x03,0xa1,0xf3,0x9c,0x00,0x05,
0x77,0xfb,0x77,0x72,0x00,0xba,0xe8,0x00,0x0a,0xcf,0xfc,0xce,0xf4,0x00,0x4f,0xf3,0x00,0x00,0x1f,0x60,0x0c,0xe0,0x00,0x0e,
0xe0,0x00,0x00,0x9f,0x30,0x7f,0x60,0x00,0x4f,0xf3,0x00,0x00,0x4b,0xfd,0xf9,0x00,0x01,0xdb,0xbd,0x00,0x00,0x05,0xdf,0xee,
0x81,0x1d,0xe2,0x1e,0xc1,0x09,0xff,0xb2,0x18,0xf8,0xde,0x20,0x03,0xed,0x09,0x71,0x00,0x00,0x10,0x82,0x00,0x00,0x28,0x00,
0x00,0x00,0x00,0x00,0x00,0x03,0x30,0x00,0x00,0x00,0x00,0x00,0x00,0x00,0xbc,0x00,0x8f,0xff,0xff,0x00,0x00,0x00,0x0b,0xc0,
0x08,0xf6,0x6a,0xf0,0x00,0x00,0x00,0xbc,0x00,0x8e,0x00,0x7f,0x2f,0xff,0xff,0xff,0xff,0xf8,0xe0,0x07,0xf1,0x77,0x77,0x77,
0xdd,0x77,0x8e,0x00,0x7f,0x00,0x00,0x00,0x0b,0xc0,0x08,0xe3,0x39,0xf0,0x02,0x00,0x00,0xbc,0x00,0x8f,0xff,0xff,0x04,0xf4,
0x00,0x0b,0xc0,0x08,0xe3,0x38,0xf0,0x0d,0xe0,0x00,0xbc,0x00,0x8e,0x00,0x7f,0x00,0x3f,0x70,0x0b,0xc0,0x08,0xe0,0x07,0xf0,
0x00,0xae,0x00,0xbc,0x00,0x8e,0x00,0x7f,0x00,0x02,0xd2,0x0b,0xc0,0x08,0xf7,0x7b,0xf0,0x00,0x00,0x00,0xbc,0x00,0x8f,0xff,
0xff,0x00,0x00,0x00,0x0b,0xc0,0x08,0xe0,0x06,0xf0,0x00,0x00,0x00,0xcc,0x00,0x35,0x00,0x00,0x00,0x06,0xba,0xbf,0x80,0x00,
0x00,0x00,0x00,0x00,0x4b,0xbb,0x71,0x00,0x05,0x66,0x66,0x66,0x66,0x66,0x66,0x66,0x00,0xef,0xff,0xff,0xff,0xff,0xff,0xff,
0xf0,0x00,0x00,0x00,0x00,0xda,0x00,0x00,0x00,0x00,0x00,0x00,0x00,0x0c,0xa0,0x00,0x00,0x00,0x00,0x00,0x00,0x00,0xca,0x00,
0x00,0x00,0x00,0x00,0x41,0x00,0x0c,0xa0,0x00,0x00,0x00,0x00,0x1f,0x50,0x00,0xca,0x00,0x00,0x00,0x00,0x01,0xf5,0x00,0x0c,
0xea,0xaa,0xaa,0x00,0x00,0x1f,0x50,0x00,0xce,0xcc,0xcc,0xc0,0x00,0x01,0xf5,0x00,0x0c,0xa0,0x00,0x00,0x00,0x00,0x1f,0x50,
0x00,0xca,0x00,0x00,0x00,0x00,0x01,0xf5,0x00,0x0c,0xa0,0x00,0x00,0x00,0x00,0x1f,0x50,0x00,0xca,0x00,0x00,0x00,0x00,0x01,
0xf5,0x00,0x0c,0xa0,0x00,0x00,0x00,0x55,0x6f,0x95,0x55,0xec,0x55,0x55,0x55,0x4f,0xff,0xff,0xff,0xff,0xff,0xff,0xff,0xfc,
0x11,0x11,0x11,0x11,0x11,0x11,0x11,0x11,0x10,0x00,0x00,0x00,0x03,0x00,0x00,0x00,0x00,0x00,0x00,0x01,0x48,0xdf,0x50,0x8b,
0xbb,0xb7,0x00,0x00,0xbf,0xfe,0x94,0x00,0xce,0xbb,0xea,0x00,0x00,0xbb,0x10,0x00,0x00,0xca,0x00,0xca,0x00,0x00,0xba,0x00,
0x00,0x00,0xf7,0x00,0xca,0x00,0x00,0xbe,0xbb,0xb9,0x04,0xf3,0x00,0xbc,0x00,0x00,0xbe,0xaa,0xa8,0x4f,0xb0,0x00,0x7f,0xfd,
0x00,0xba,0x00,0x00,0x2a,0x00,0x00,0x03,0x55,0x00,0xbb,0x22,0x22,0x05,0x55,0x55,0x55,0x40,0x00,0xbf,0xff,0xfd,0x2f,0xff,
0xff,0xff,0xb0,0x00,0xbb,0x33,0x32,0x00,0xc9,0x00,0x1f,0x80,0x00,0xba,0x00,0x00,0x00,0x6f,0x10,0x8f,0x20,0x00,0xbb,0x14,
0x79,0x50,0x1f,0x93,0xfa,0x00,0x1d,0xff,0xff,0xfc,0x50,0x04,0xff,0xe1,0x00,0x0a,0xec,0x42,0x00,0x00,0x04,0xff,0x90,0x00,
0x00,0xba,0x00,0x00,0x01,0x9f,0xd9,0xfc,0x30,0x00,0xba,0x00,0x01,0xaf,0xf9,0x00,0x3d,0xfa,0x00,0x98,0x00,0x00,0xb8,0x10,
0x00,0x00,0x79,0x00,0x00,0x00,0x00,0x17,0x20,0x00,0x00,0x00,0x00,0x00,0x00,0x00,0x3f,0x40,0x00,0x00,0x00,0x00,0x00,0x00,
0x00,0x3f,0x40,0x00,0x00,0x00,0x00,0x00,0x00,0x00,0x3f,0x40,0x00,0x02,0x00,0x00,0x00,0x00,0x00,0x3f,0x50,0x00,0x1e,0xb0,
0x07,0xaa,0xaa,0xa4,0x3f,0xa0,0x00,0xce,0x20,0x09,0xcc,0xcd,0xf5,0x3f,0xf1,0x1c,0xf3,0x00,0x00,0x00,0x06,0xf1,0x3f,0xfa,
0xde,0x30,0x00,0x00,0x00,0x0c,0xb0,0x3f,0x9f,0xd1,0x00,0x00,0x00,0x00,0x2f,0x50,0x3f,0x4b,0xc0,0x00,0x00,0x00,0x00,0x9f,
0x00,0x3f,0x42,0xf8,0x00,0x00,0x00,0x04,0xf8,0x00,0x3f,0x40,0x6f,0x60,0x00,0x00,0x1e,0xd0,0x00,0x3f,0x40,0x09,0xf4,0x00,
0x01,0xdf,0x20,0x00,0x3f,0x40,0x00,0xbf,0x70,0x1d,0xf4,0x00,0x00,0x3f,0x40,0x00,0x0b,0xfa,0x0a,0x30,0x00,0x00,0x3f,0x40,
0x00,0x00,0x9b,0x00,0x00,0x01,0x99,0xcf,0x20,0x00,0x00,0x00,0x00,0x00,0x00,0xcd,0xc7,0x00,0x00,0x00,0x00,0x00,0x00,0x00,
0x03,0x60,0x00,0x00,0x00,0x00,0x00,0x00,0x00,0x6f,0x20,0x00,0x00,0x00,0xaf,0xff,0xff,0xff,0xff,0xff,0xff,0xff,0x74,0x66,
0x66,0x76,0x66,0x68,0x66,0x66,0x62,0x00,0x7a,0x0e,0xc5,0x06,0xf7,0x0c,0x50,0x00,0x09,0xc0,0x17,0xef,0xf5,0x00,0xf6,0x00,
0x00,0x9c,0x05,0xcf,0xae,0xd5,0x0f,0x60,0x00,0x09,0xc3,0xe8,0x10,0x08,0xd0,0xf6,0x00,0x00,0x9f,0xcc,0xcc,0xcc,0xcc,0xcf,
0x60,0x00,0x04,0x77,0x78,0xf9,0x77,0x77,0x73,0x00,0x03,0x55,0x55,0x9f,0x65,0x55,0x55,0x53,0x00,0xcf,0xff,0xff,0xff,0xff,
0xff,0xff,0x90,0x0c,0xa0,0x03,0xf3,0x02,0xf4,0x00,0xd9,0x00,0xca,0x00,0xac,0x00,0x09,0xd0,0x0d,0x90,0x0c,0xa0,0x6f,0xa8,
0x9c,0xff,0x60,0xd9,0x00,0xca,0x0a,0xfd,0xc9,0x75,0x9b,0x0d,0x90,0x0c,0xa0,0x00,0x00,0x00,0x00,0x77,0xf7,0x00,0xa9,0x00,
0x00,0x00,0x00,0x0b,0xea,0x10,0x00,0x43,0x00,0x00,0x01,0x61,0x00,0x00,0x00,0x0f,0x90,0x00,0x00,0x6f,0x31,0x11,0x10,0x07,
0xff,0xff,0xff,0x2d,0xff,0xff,0xff,0x52,0xfb,0x6f,0x73,0x37,0xf5,0x4f,0x72,0x20,0xbe,0x10,0xad,0x00,0x48,0x00,0x9e,0x00,
0x01,0x40,0x02,0x30,0x5f,0x20,0x01,0x20,0x00,0x00,0xcd,0xdd,0xde,0xfe,0xdd,0xdd,0x80,0x00,0x06,0x66,0x66,0x9f,0x86,0x66,
0x64,0x00,0x00,0x00,0x00,0x05,0xf2,0x00,0x00,0x00,0x0d,0xdd,0xdd,0xdd,0xef,0xed,0xdd,0xdd,0xda,0x66,0x66,0x66,0x66,0x66,
0x69,0xf8,0x66,0x50,0x00,0x00,0x00,0x00,0x00,0x4f,0x20,0x00,0x0c,0xdd,0xdd,0xdd,0xdd,0xde,0xfe,0xdd,0x00,0x67,0x77,0x77,
0x77,0x77,0x9f,0x87,0x60,0x00,0x07,0xd1,0x00,0x00,0x04,0xf2,0x00,0x00,0x00,0x1e,0xd0,0x00,0x00,0x4f,0x20,0x00,0x00,0x00,
0x2f,0x60,0x47,0x6b,0xf1,0x00,0x00,0x00,0x00,0x10,0x05,0xee,0xd7,0x00,0x00,0x00,0x00,0x00,0x06,0x40,0x00,0x00,0x00,0x00,
0x00,0x00,0x00,0xbe,0x00,0x00,0x00,0x00,0x09,0x99,0x99,0x9b,0xfa,0x99,0x99,0x97,0x00,0xcc,0xcf,0xec,0xcc,0xcc,0xef,0xcc,
0xa0,0x00,0x00,0xda,0x00,0x00,0x0d,0xa0,0x00,0x00,0x00,0x07,0xf0,0x00,0x03,0xf4,0x00,0x00,0x45,0x55,0x7f,0x75,0x55,0xbe,
0x55,0x55,0x3e,0xff,0xff,0xff,0xff,0xff,0xff,0xff,0xfb,0x00,0x00,0x00,0x00,0x00,0x00,0x00,0x00,0x00,0x03,0x88,0x88,0x88,
0x88,0x88,0x82,0x00,0x00,0x7f,0xcc,0xcc,0xcc,0xcc,0xcf,0x50,0x00,0x07,0xf0,0x00,0x00,0x00,0x02,0xf5,0x00,0x00,0x7f,0x55,
0x55,0x55,0x55,0x7f,0x50,0x00,0x07,0xff,0xff,0xff,0xff,0xff,0xf5,0x00,0x00,0x7f,0x00,0x00,0x00,0x00,0x2f,0x50,0x00,0x07,
0xf4,0x33,0x33,0x33,0x35,0xf5,0x00,0x00,0x7f,0xff,0xff,0xff,0xff,0xff,0x50,0x00,0x06,0xe1,0x11,0x11,0x11,0x13,0xe4,0x00,
0x00,0x00,0x25,0x00,0x00,0x00,0x00,0x00,0x00,0x00,0x00,0x6f,0x00,0x09,0xaa,0xaa,0xaa,0xa9,0x01,0xd3,0x6f,0x33,0x1a,0xcc,
0xdf,0xdc,0xca,0x02,0xf4,0x6f,0xff,0x80,0x00,0x5f,0x10,0x00,0x02,0xf4,0x6f,0x33,0x11,0x44,0xaf,0x44,0x41,0x02,0xf4,0x6f,
0x00,0x04,0xff,0xff,0xff,0xf5,0x2c,0xfd,0xdf,0xcc,0x94,0xf2,0x00,0x01,0xf5,0x2b,0xbb,0xbb,0xbb,0x84,0xf1,0x4f,0x21,0xf5,
0x00,0x00,0x49,0x00,0x04,0xf1,0x4f,0x21,0xf5,0x00,0x73,0x6f,0x05,0x94,0xf1,0x4f,0x21,0xf5,0x01,0xf6,0x6f,0x0b,0xb4,0xf1,
0x5f,0x11,0xf5,0x07,0xf1,0x6f,0x1f,0x64,0xf1,0x6f,0x01,0xf5,0x0e,0xa0,0x6f,0xae,0x14,0xf1,0x9e,0x01,0xf5,0x08,0x20,0x19,
0xf6,0x03,0xb1,0xe9,0x11,0xb3,0x00,0x00,0x7f,0xb0,0x00,0x08,0xf3,0xcb,0x00,0x00,0x3b,0xfa,0x00,0x00,0x8f,0x90,0x4f,0xb0,
0x0b,0xfe,0x70,0x00,0x5e,0xfa,0x00,0x04,0xfa,0x05,0x70,0x00,0x00,0x3b,0x30,0x00,0x00,0x64,};
static const lv_font_fmt_txt_glyph_dsc_t glyphs_20[]={{0,0,0,0,0,0},
{.bitmap_index=0,.adv_w=77,.box_w=0,.box_h=0,.ofs_x=0,.ofs_y=0},
{.bitmap_index=0,.adv_w=140,.box_w=6,.box_h=15,.ofs_x=1,.ofs_y=0},
{.bitmap_index=45,.adv_w=194,.box_w=11,.box_h=16,.ofs_x=1,.ofs_y=-1},
{.bitmap_index=133,.adv_w=206,.box_w=13,.box_h=15,.ofs_x=0,.ofs_y=0},
{.bitmap_index=231,.adv_w=199,.box_w=11,.box_h=15,.ofs_x=1,.ofs_y=0},
{.bitmap_index=314,.adv_w=220,.box_w=12,.box_h=16,.ofs_x=1,.ofs_y=-1},
{.bitmap_index=410,.adv_w=222,.box_w=13,.box_h=15,.ofs_x=1,.ofs_y=0},
{.bitmap_index=508,.adv_w=180,.box_w=10,.box_h=15,.ofs_x=1,.ofs_y=0},
{.bitmap_index=583,.adv_w=229,.box_w=13,.box_h=16,.ofs_x=1,.ofs_y=-1},
{.bitmap_index=687,.adv_w=75,.box_w=3,.box_h=15,.ofs_x=1,.ofs_y=0},
{.bitmap_index=710,.adv_w=171,.box_w=10,.box_h=15,.ofs_x=1,.ofs_y=0},
{.bitmap_index=785,.adv_w=269,.box_w=15,.box_h=15,.ofs_x=1,.ofs_y=0},
{.bitmap_index=898,.adv_w=227,.box_w=12,.box_h=15,.ofs_x=1,.ofs_y=0},
{.bitmap_index=988,.adv_w=192,.box_w=11,.box_h=15,.ofs_x=1,.ofs_y=0},
{.bitmap_index=1071,.adv_w=198,.box_w=11,.box_h=15,.ofs_x=1,.ofs_y=0},
{.bitmap_index=1154,.adv_w=193,.box_w=11,.box_h=16,.ofs_x=1,.ofs_y=-1},
{.bitmap_index=1242,.adv_w=192,.box_w=12,.box_h=15,.ofs_x=0,.ofs_y=0},
{.bitmap_index=1332,.adv_w=226,.box_w=12,.box_h=16,.ofs_x=1,.ofs_y=-1},
{.bitmap_index=1428,.adv_w=205,.box_w=13,.box_h=15,.ofs_x=0,.ofs_y=0},
{.bitmap_index=1526,.adv_w=299,.box_w=19,.box_h=15,.ofs_x=0,.ofs_y=0},
{.bitmap_index=1669,.adv_w=166,.box_w=9,.box_h=12,.ofs_x=1,.ofs_y=-1},
{.bitmap_index=1723,.adv_w=104,.box_w=7,.box_h=15,.ofs_x=0,.ofs_y=0},
{.bitmap_index=1776,.adv_w=183,.box_w=10,.box_h=15,.ofs_x=1,.ofs_y=-4},
{.bitmap_index=1851,.adv_w=69,.box_w=3,.box_h=15,.ofs_x=1,.ofs_y=0},
{.bitmap_index=1874,.adv_w=175,.box_w=9,.box_h=11,.ofs_x=1,.ofs_y=0},
{.bitmap_index=1924,.adv_w=177,.box_w=10,.box_h=12,.ofs_x=1,.ofs_y=-1},
{.bitmap_index=1984,.adv_w=184,.box_w=10,.box_h=15,.ofs_x=1,.ofs_y=-4},
{.bitmap_index=2059,.adv_w=109,.box_w=6,.box_h=11,.ofs_x=1,.ofs_y=0},
{.bitmap_index=2092,.adv_w=104,.box_w=7,.box_h=15,.ofs_x=0,.ofs_y=-1},
{.bitmap_index=2145,.adv_w=175,.box_w=9,.box_h=12,.ofs_x=1,.ofs_y=-1},
{.bitmap_index=2199,.adv_w=306,.box_w=18,.box_h=18,.ofs_x=0,.ofs_y=-2},
{.bitmap_index=2361,.adv_w=306,.box_w=18,.box_h=18,.ofs_x=0,.ofs_y=-2},
{.bitmap_index=2523,.adv_w=306,.box_w=18,.box_h=18,.ofs_x=0,.ofs_y=-2},
{.bitmap_index=2685,.adv_w=306,.box_w=17,.box_h=18,.ofs_x=0,.ofs_y=-2},
{.bitmap_index=2838,.adv_w=306,.box_w=18,.box_h=18,.ofs_x=0,.ofs_y=-2},
{.bitmap_index=3000,.adv_w=306,.box_w=17,.box_h=18,.ofs_x=1,.ofs_y=-2},
{.bitmap_index=3153,.adv_w=306,.box_w=17,.box_h=18,.ofs_x=1,.ofs_y=-2},
{.bitmap_index=3306,.adv_w=306,.box_w=17,.box_h=17,.ofs_x=1,.ofs_y=-2},
{.bitmap_index=3451,.adv_w=306,.box_w=17,.box_h=17,.ofs_x=1,.ofs_y=-2},
{.bitmap_index=3596,.adv_w=306,.box_w=18,.box_h=18,.ofs_x=0,.ofs_y=-2},
{.bitmap_index=3758,.adv_w=306,.box_w=19,.box_h=18,.ofs_x=0,.ofs_y=-2},
{.bitmap_index=3929,.adv_w=306,.box_w=18,.box_h=18,.ofs_x=0,.ofs_y=-2},
{.bitmap_index=4091,.adv_w=306,.box_w=18,.box_h=18,.ofs_x=0,.ofs_y=-2},
{.bitmap_index=4253,.adv_w=306,.box_w=18,.box_h=18,.ofs_x=0,.ofs_y=-2},
{.bitmap_index=4415,.adv_w=306,.box_w=17,.box_h=18,.ofs_x=1,.ofs_y=-2},
{.bitmap_index=4568,.adv_w=306,.box_w=17,.box_h=17,.ofs_x=1,.ofs_y=-2},
{.bitmap_index=4713,.adv_w=306,.box_w=18,.box_h=18,.ofs_x=0,.ofs_y=-2},
{.bitmap_index=4875,.adv_w=306,.box_w=18,.box_h=18,.ofs_x=0,.ofs_y=-2},
{.bitmap_index=5037,.adv_w=306,.box_w=17,.box_h=18,.ofs_x=1,.ofs_y=-2},
{.bitmap_index=5190,.adv_w=306,.box_w=17,.box_h=18,.ofs_x=1,.ofs_y=-2},
{.bitmap_index=5343,.adv_w=306,.box_w=17,.box_h=18,.ofs_x=1,.ofs_y=-2},
{.bitmap_index=5496,.adv_w=306,.box_w=18,.box_h=18,.ofs_x=0,.ofs_y=-2}};
static const uint16_t unicode_20[]={0,17,24,33,34,35,36,37,39,41,44,45,46,48,50,51,52,53,54,55,65,70,71,73,78,79,80,82,84,85,19978,20527,21128,21519,22280,22765,23422,24018,24147,24421,24642,25310,25422,25936,26070,27459,27541,27668,31131,31529,38867,39025};
static const lv_font_fmt_txt_cmap_t cmaps_20[]={{.range_start=32,.range_length=39026,.glyph_id_start=1,.unicode_list=unicode_20,.list_length=52,.type=LV_FONT_FMT_TXT_CMAP_SPARSE_TINY}};
static const lv_font_fmt_txt_dsc_t dsc_20={.glyph_bitmap=bitmap_20,.glyph_dsc=glyphs_20,.cmaps=cmaps_20,.cmap_num=1,.bpp=4};
const lv_font_t font_tools_20={.get_glyph_dsc=lv_font_get_glyph_dsc_fmt_txt,.get_glyph_bitmap=lv_font_get_bitmap_fmt_txt,.line_height=30,.base_line=8,.dsc=&dsc_20};
static const uint8_t bitmap_21[]={
0x00,0x00,0x15,0x10,0x00,0x00,0x00,0x05,0xf5,0x00,0x00,0x00,0x00,0x5f,0x50,0x00,0x00,0x00,0x05,0xf5,0x00,0x00,0x00,0x00,
0x5f,0x50,0x00,0x0a,0xcc,0xcd,0xfd,0xcc,0xca,0xbd,0xdd,0xef,0xed,0xdd,0xb0,0x00,0x05,0xf5,0x00,0x00,0x00,0x00,0x5f,0x50,
0x00,0x00,0x00,0x05,0xf5,0x00,0x00,0x00,0x00,0x5f,0x50,0x00,0x00,0x00,0x01,0x62,0x00,0x00,0x7c,0xcc,0xcc,0xc2,0x8d,0xdd,
0xdd,0xd2,0x00,0x00,0x01,0x00,0x00,0x00,0x01,0x9f,0xff,0xa1,0x00,0x00,0xcf,0xe9,0xef,0xc0,0x00,0x7f,0x80,0x00,0x8f,0x80,
0x1f,0xe0,0x00,0x00,0xef,0x24,0xf7,0x00,0x00,0x07,0xf5,0x7f,0x50,0x00,0x00,0x4f,0x89,0xf3,0x00,0x00,0x02,0xfa,0xbf,0x10,
0x00,0x00,0x0f,0xca,0xf2,0x00,0x00,0x02,0xfb,0x7f,0x40,0x00,0x00,0x4f,0x85,0xf6,0x00,0x00,0x06,0xf6,0x2f,0xd0,0x00,0x00,
0xcf,0x30,0x9f,0x60,0x00,0x5f,0xa0,0x00,0xef,0xb6,0xbf,0xe1,0x00,0x03,0xdf,0xff,0xd3,0x00,0x00,0x00,0x24,0x20,0x00,0x00,
0x00,0x05,0xcc,0x00,0x9f,0xff,0x3d,0xf9,0xef,0xce,0x50,0xdf,0x81,0x00,0xdf,0x00,0x00,0xdf,0x00,0x00,0xdf,0x00,0x00,0xdf,
0x00,0x00,0xdf,0x00,0x00,0xdf,0x00,0x00,0xdf,0x00,0x00,0xdf,0x00,0x00,0xdf,0x00,0x00,0xdf,0x00,0x00,0xdf,0x00,0x00,0x00,
0x00,0x00,0x00,0x04,0xbe,0xfd,0x80,0x00,0x05,0xfe,0xa9,0xdf,0xc0,0x01,0xfd,0x10,0x00,0xaf,0x70,0x5f,0x60,0x00,0x02,0xfb,
0x03,0x61,0x00,0x00,0x0f,0xc0,0x00,0x00,0x00,0x04,0xf9,0x00,0x00,0x00,0x00,0xdf,0x10,0x00,0x00,0x00,0xbf,0x60,0x00,0x00,
0x00,0x9f,0x80,0x00,0x00,0x00,0x8f,0xa0,0x00,0x00,0x00,0x7f,0xa0,0x00,0x00,0x00,0x6f,0xb0,0x00,0x00,0x00,0x6f,0xb0,0x00,
0x00,0x00,0x4f,0xfb,0xaa,0xaa,0xaa,0x18,0xff,0xff,0xff,0xff,0xf2,0x00,0x2a,0xdf,0xda,0x20,0x00,0x4f,0xfb,0x9b,0xff,0x40,
0x0e,0xe3,0x00,0x04,0xfc,0x04,0xf8,0x00,0x00,0x0d,0xf1,0x01,0x00,0x00,0x00,0xdf,0x00,0x00,0x00,0x00,0x5f,0x90,0x00,0x03,
0x67,0xaf,0x90,0x00,0x00,0x7f,0xff,0xa4,0x00,0x00,0x01,0x23,0x7c,0xfa,0x00,0x00,0x00,0x00,0x0b,0xf5,0x00,0x00,0x00,0x00,
0x5f,0x88,0xe2,0x00,0x00,0x06,0xf7,0x4f,0xa0,0x00,0x01,0xcf,0x20,0xaf,0xd8,0x68,0xef,0x80,0x00,0x7d,0xff,0xfd,0x60,0x00,
0x00,0x00,0x30,0x00,0x00,0x00,0x00,0x00,0xac,0xc1,0x00,0x00,0x00,0x06,0xff,0xf2,0x00,0x00,0x00,0x1f,0xca,0xf2,0x00,0x00,
0x00,0xbf,0x3a,0xf2,0x00,0x00,0x05,0xf8,0x0a,0xf2,0x00,0x00,0x1e,0xd0,0x0a,0xf2,0x00,0x00,0x9f,0x30,0x0a,0xf2,0x00,0x03,
0xf9,0x00,0x0a,0xf2,0x00,0x0d,0xe1,0x00,0x0a,0xf2,0x00,0x7f,0x50,0x00,0x0a,0xf2,0x00,0xef,0xbb,0xbb,0xbe,0xfb,0xb2,0xee,
0xee,0xee,0xef,0xff,0xe3,0x00,0x00,0x00,0x0a,0xf2,0x00,0x00,0x00,0x00,0x0a,0xf2,0x00,0x00,0x00,0x00,0x0a,0xf2,0x00,0x07,
0xcc,0xcc,0xcc,0xca,0x00,0xaf,0xdd,0xdd,0xdd,0xa0,0x0b,0xe0,0x00,0x00,0x00,0x00,0xdc,0x00,0x00,0x00,0x00,0x0e,0xa0,0x00,
0x00,0x00,0x00,0xf9,0x17,0xa8,0x40,0x00,0x1f,0xae,0xff,0xff,0xc0,0x03,0xff,0x71,0x02,0xaf,0xc0,0x2a,0x50,0x00,0x00,0xbf,
0x30,0x00,0x00,0x00,0x06,0xf7,0x00,0x00,0x00,0x00,0x4f,0x86,0xf5,0x00,0x00,0x07,0xf4,0x1f,0xd1,0x00,0x02,0xef,0x00,0x8f,
0xe8,0x69,0xef,0x50,0x00,0x6e,0xff,0xfd,0x40,0x00,0x00,0x01,0x30,0x00,0x00,0x00,0x00,0x00,0x00,0x00,0x00,0x00,0x8e,0xff,
0xc5,0x00,0x00,0xcf,0xfa,0xae,0xf9,0x00,0x9f,0x90,0x00,0x1c,0xf3,0x1f,0xe0,0x00,0x00,0x2a,0x64,0xf6,0x00,0x00,0x00,0x00,
0x7f,0x30,0x69,0x95,0x10,0x09,0xf3,0xdf,0xff,0xff,0x30,0xcf,0xdc,0x30,0x17,0xfe,0x2b,0xfd,0x00,0x00,0x07,0xf8,0x9f,0x90,
0x00,0x00,0x1f,0xc7,0xf7,0x00,0x00,0x00,0xfe,0x3f,0xb0,0x00,0x00,0x3f,0xa0,0xbf,0x50,0x00,0x0c,0xf5,0x02,0xff,0xa6,0x8d,
0xf9,0x00,0x01,0xbf,0xff,0xe8,0x00,0x00,0x00,0x13,0x20,0x00,0x00,0x1c,0xcc,0xcc,0xcc,0xcc,0x81,0xdd,0xdd,0xdd,0xdd,0xfb,
0x00,0x00,0x00,0x00,0x6f,0x60,0x00,0x00,0x00,0x0e,0xe0,0x00,0x00,0x00,0x07,0xf6,0x00,0x00,0x00,0x00,0xee,0x00,0x00,0x00,
0x00,0x7f,0x60,0x00,0x00,0x00,0x0e,0xd0,0x00,0x00,0x00,0x07,0xf6,0x00,0x00,0x00,0x01,0xfd,0x00,0x00,0x00,0x00,0x8f,0x60,
0x00,0x00,0x00,0x1f,0xd0,0x00,0x00,0x00,0x08,0xf6,0x00,0x00,0x00,0x01,0xfd,0x00,0x00,0x00,0x00,0x8f,0x50,0x00,0x00,0x00,
0x00,0x29,0xdf,0xda,0x30,0x00,0x4f,0xfc,0x9b,0xff,0x50,0x0d,0xf4,0x00,0x03,0xef,0x02,0xfb,0x00,0x00,0x09,0xf4,0x1f,0xb0,
0x00,0x00,0x9f,0x20,0xbf,0x40,0x00,0x3e,0xd0,0x00,0x9f,0xb9,0xbf,0xa1,0x00,0x06,0xef,0xff,0xf7,0x00,0x0b,0xfa,0x42,0x49,
0xfd,0x07,0xf9,0x00,0x00,0x07,0xf8,0xbf,0x20,0x00,0x00,0x1f,0xca,0xf3,0x00,0x00,0x02,0xfc,0x5f,0xb0,0x00,0x00,0xaf,0x70,
0xbf,0xd9,0x68,0xdf,0xc1,0x00,0x7d,0xff,0xfd,0x80,0x00,0x00,0x00,0x31,0x00,0x00,0x00,0x00,0x00,0x00,0x00,0x00,0x03,0xad,
0xfe,0xa1,0x00,0x03,0xff,0xc9,0xcf,0xe3,0x01,0xff,0x40,0x00,0x5f,0xc0,0x5f,0x80,0x00,0x00,0x9f,0x59,0xf3,0x00,0x00,0x04,
0xfa,0x9f,0x40,0x00,0x00,0x4f,0xc5,0xf8,0x00,0x00,0x09,0xfe,0x1e,0xf6,0x00,0x07,0xfe,0xf0,0x3e,0xfe,0xcf,0xf7,0xdd,0x00,
0x27,0xcd,0xa3,0x0f,0xb0,0x00,0x00,0x00,0x02,0xf8,0x37,0x30,0x00,0x00,0x9f,0x52,0xfd,0x00,0x00,0x3f,0xe0,0x08,0xfe,0x76,
0xbf,0xf4,0x00,0x06,0xef,0xff,0xd4,0x00,0x00,0x00,0x24,0x20,0x00,0x00,0x00,0x00,0x00,0x10,0x00,0x00,0x00,0x00,0x4b,0xff,
0xfb,0x70,0x00,0x00,0x5f,0xff,0xab,0xef,0xc1,0x00,0x3f,0xf4,0x00,0x00,0x9f,0xd0,0x1e,0xf5,0x00,0x00,0x00,0xbf,0x45,0xfa,
0x00,0x00,0x00,0x02,0xb6,0xaf,0x60,0x00,0x00,0x00,0x00,0x0c,0xf3,0x00,0x00,0x00,0x00,0x00,0xdf,0x10,0x00,0x00,0x00,0x00,
0x0c,0xf3,0x00,0x00,0x00,0x00,0x00,0xaf,0x60,0x00,0x00,0x00,0x00,0x06,0xf9,0x00,0x00,0x00,0x00,0x43,0x1f,0xf3,0x00,0x00,
0x00,0x8f,0x60,0x5f,0xe1,0x00,0x00,0x5f,0xe0,0x00,0x8f,0xfc,0x78,0xbf,0xe4,0x00,0x00,0x7e,0xff,0xff,0xb1,0x00,0x00,0x00,
0x02,0x42,0x00,0x00,0x00,0x3c,0xcc,0xcc,0xcc,0xcb,0x4f,0xfd,0xdd,0xdd,0xdc,0x4f,0x80,0x00,0x00,0x00,0x4f,0x80,0x00,0x00,
0x00,0x4f,0x80,0x00,0x00,0x00,0x4f,0x80,0x00,0x00,0x00,0x4f,0xb6,0x66,0x66,0x63,0x4f,0xff,0xff,0xff,0xf8,0x4f,0xa4,0x44,
0x44,0x42,0x4f,0x80,0x00,0x00,0x00,0x4f,0x80,0x00,0x00,0x00,0x4f,0x80,0x00,0x00,0x00,0x4f,0x80,0x00,0x00,0x00,0x4f,0xda,
0xaa,0xaa,0xa9,0x4f,0xff,0xff,0xff,0xfe,0x00,0x00,0x00,0x00,0x00,0x00,0x00,0x00,0x03,0xae,0xff,0xc9,0x10,0x00,0x00,0x4f,
0xff,0xbc,0xff,0xe3,0x00,0x03,0xff,0x40,0x00,0x17,0xff,0x10,0x0e,0xf5,0x00,0x00,0x00,0x9f,0x80,0x5f,0xa0,0x00,0x00,0x00,
0x0a,0x90,0xaf,0x60,0x00,0x00,0x00,0x00,0x00,0xcf,0x30,0x00,0x00,0x00,0x00,0x00,0xdf,0x10,0x00,0x07,0x88,0x88,0x81,0xbf,
0x20,0x00,0x0d,0xff,0xff,0xf2,0x9f,0x40,0x00,0x01,0x11,0x1c,0xf1,0x6f,0x90,0x00,0x00,0x00,0x0f,0xe0,0x0e,0xf1,0x00,0x00,
0x00,0x4f,0xb0,0x06,0xfd,0x20,0x00,0x03,0xff,0x30,0x00,0x9f,0xfa,0x78,0xcf,0xf7,0x00,0x00,0x05,0xdf,0xff,0xfc,0x30,0x00,
0x00,0x00,0x00,0x33,0x00,0x00,0x00,0x3c,0x74,0xf8,0x4f,0x84,0xf8,0x4f,0x84,0xf8,0x4f,0x84,0xf8,0x4f,0x84,0xf8,0x4f,0x84,
0xf8,0x4f,0x84,0xf8,0x4f,0x80,0x3c,0x70,0x00,0x00,0x00,0x4f,0x80,0x00,0x00,0x00,0x4f,0x80,0x00,0x00,0x00,0x4f,0x80,0x00,
0x00,0x00,0x4f,0x80,0x00,0x00,0x00,0x4f,0x80,0x00,0x00,0x00,0x4f,0x80,0x00,0x00,0x00,0x4f,0x80,0x00,0x00,0x00,0x4f,0x80,
0x00,0x00,0x00,0x4f,0x80,0x00,0x00,0x00,0x4f,0x80,0x00,0x00,0x00,0x4f,0x80,0x00,0x00,0x00,0x4f,0x80,0x00,0x00,0x00,0x4f,
0xda,0xaa,0xaa,0xa7,0x4f,0xff,0xff,0xff,0xfb,0x3c,0xc0,0x00,0x00,0x00,0x00,0x0c,0xc3,0x4f,0xf6,0x00,0x00,0x00,0x00,0x6f,
0xf4,0x4f,0xfc,0x00,0x00,0x00,0x00,0xcf,0xf4,0x4f,0xff,0x30,0x00,0x00,0x03,0xff,0xf4,0x4f,0x9f,0x90,0x00,0x00,0x09,0xf9,
0xf4,0x4f,0x6b,0xf1,0x00,0x00,0x0f,0xb6,0xf4,0x4f,0x64,0xf7,0x00,0x00,0x6f,0x46,0xf4,0x4f,0x60,0xdd,0x00,0x00,0xde,0x06,
0xf4,0x4f,0x60,0x7f,0x40,0x04,0xf7,0x06,0xf4,0x4f,0x60,0x1f,0xa0,0x0a,0xf1,0x06,0xf4,0x4f,0x60,0x0a,0xf1,0x1f,0xa0,0x06,
0xf4,0x4f,0x60,0x03,0xf7,0x7f,0x30,0x06,0xf4,0x4f,0x60,0x00,0xce,0xed,0x00,0x06,0xf4,0x4f,0x60,0x00,0x6f,0xf6,0x00,0x06,
0xf4,0x4f,0x60,0x00,0x0f,0xf0,0x00,0x06,0xf4,0x3c,0x90,0x00,0x00,0x00,0x3c,0x64,0xff,0x60,0x00,0x00,0x04,0xf8,0x4f,0xff,
0x20,0x00,0x00,0x4f,0x84,0xfd,0xfc,0x00,0x00,0x04,0xf8,0x4f,0x89,0xf8,0x00,0x00,0x4f,0x84,0xf8,0x0d,0xf3,0x00,0x04,0xf8,
0x4f,0x80,0x3f,0xd0,0x00,0x4f,0x84,0xf8,0x00,0x8f,0x90,0x04,0xf8,0x4f,0x80,0x00,0xcf,0x40,0x4f,0x84,0xf8,0x00,0x02,0xfe,
0x14,0xf8,0x4f,0x80,0x00,0x06,0xfa,0x4f,0x84,0xf8,0x00,0x00,0x0b,0xfb,0xf8,0x4f,0x80,0x00,0x00,0x1e,0xff,0x84,0xf8,0x00,
0x00,0x00,0x5f,0xf8,0x4f,0x80,0x00,0x00,0x00,0x9f,0x80,0x3c,0xcc,0xcc,0xb7,0x30,0x04,0xfe,0xdd,0xdf,0xff,0x50,0x4f,0x80,
0x00,0x04,0xef,0x44,0xf8,0x00,0x00,0x04,0xf9,0x4f,0x80,0x00,0x00,0x0f,0xd4,0xf8,0x00,0x00,0x00,0xfc,0x4f,0x80,0x00,0x00,
0x5f,0x84,0xf8,0x00,0x00,0x5e,0xf3,0x4f,0xfe,0xee,0xff,0xf4,0x04,0xfe,0xbb,0xba,0x62,0x00,0x4f,0x80,0x00,0x00,0x00,0x04,
0xf8,0x00,0x00,0x00,0x00,0x4f,0x80,0x00,0x00,0x00,0x04,0xf8,0x00,0x00,0x00,0x00,0x4f,0x80,0x00,0x00,0x00,0x00,0x3c,0xcc,
0xcc,0xb8,0x40,0x00,0x4f,0xed,0xdd,0xff,0xf9,0x00,0x4f,0x80,0x00,0x05,0xcf,0x70,0x4f,0x80,0x00,0x00,0x2f,0xc0,0x4f,0x80,
0x00,0x00,0x0e,0xf0,0x4f,0x80,0x00,0x00,0x2f,0xc0,0x4f,0x80,0x00,0x00,0x9f,0x70,0x4f,0xc7,0x77,0x9e,0xfc,0x10,0x4f,0xff,
0xff,0xff,0x80,0x00,0x4f,0x92,0x22,0xaf,0x60,0x00,0x4f,0x80,0x00,0x2f,0xe0,0x00,0x4f,0x80,0x00,0x09,0xf8,0x00,0x4f,0x80,
0x00,0x01,0xff,0x20,0x4f,0x80,0x00,0x00,0x7f,0xa0,0x4f,0x80,0x00,0x00,0x0e,0xf3,0x00,0x00,0x00,0x00,0x00,0x00,0x04,0xbe,
0xfe,0xb5,0x00,0x07,0xff,0xca,0xcf,0xf8,0x02,0xfd,0x20,0x00,0x2d,0xf3,0x7f,0x60,0x00,0x00,0x4f,0x98,0xf6,0x00,0x00,0x00,
0x00,0x4f,0xe2,0x00,0x00,0x00,0x00,0x9f,0xfc,0x74,0x00,0x00,0x00,0x6c,0xff,0xfe,0x92,0x00,0x00,0x02,0x6a,0xef,0xe2,0x00,
0x00,0x00,0x00,0xaf,0xb0,0x00,0x00,0x00,0x01,0xfe,0xce,0x00,0x00,0x00,0x0f,0xd7,0xf9,0x00,0x00,0x08,0xf9,0x1d,0xfd,0x96,
0x8c,0xfd,0x20,0x09,0xef,0xff,0xfa,0x10,0x00,0x00,0x14,0x20,0x00,0x00,0x2c,0xcc,0xcc,0xcc,0xcc,0xcc,0x12,0xdd,0xdd,0xef,
0xed,0xdd,0xd1,0x00,0x00,0x07,0xf5,0x00,0x00,0x00,0x00,0x00,0x7f,0x50,0x00,0x00,0x00,0x00,0x07,0xf5,0x00,0x00,0x00,0x00,
0x00,0x7f,0x50,0x00,0x00,0x00,0x00,0x07,0xf5,0x00,0x00,0x00,0x00,0x00,0x7f,0x50,0x00,0x00,0x00,0x00,0x07,0xf5,0x00,0x00,
0x00,0x00,0x00,0x7f,0x50,0x00,0x00,0x00,0x00,0x07,0xf5,0x00,0x00,0x00,0x00,0x00,0x7f,0x50,0x00,0x00,0x00,0x00,0x07,0xf5,
0x00,0x00,0x00,0x00,0x00,0x7f,0x50,0x00,0x00,0x00,0x00,0x07,0xf5,0x00,0x00,0x00,0x3c,0x60,0x00,0x00,0x00,0x5c,0x54,0xf8,
0x00,0x00,0x00,0x06,0xf7,0x4f,0x80,0x00,0x00,0x00,0x6f,0x74,0xf8,0x00,0x00,0x00,0x06,0xf7,0x4f,0x80,0x00,0x00,0x00,0x6f,
0x74,0xf8,0x00,0x00,0x00,0x06,0xf7,0x4f,0x80,0x00,0x00,0x00,0x6f,0x74,0xf8,0x00,0x00,0x00,0x06,0xf7,0x4f,0x80,0x00,0x00,
0x00,0x6f,0x74,0xf8,0x00,0x00,0x00,0x06,0xf7,0x2f,0xb0,0x00,0x00,0x00,0x9f,0x40,0xef,0x00,0x00,0x00,0x0d,0xf0,0x09,0xfb,
0x00,0x00,0x09,0xfc,0x00,0x0b,0xfe,0xa7,0x9d,0xfd,0x10,0x00,0x09,0xdf,0xff,0xea,0x10,0x00,0x00,0x00,0x14,0x10,0x00,0x00,
0x4c,0x70,0x00,0x00,0x00,0x0a,0xc1,0x0f,0xe0,0x00,0x00,0x00,0x2f,0xc0,0x09,0xf4,0x00,0x00,0x00,0x7f,0x60,0x03,0xfa,0x00,
0x00,0x00,0xdf,0x10,0x00,0xdf,0x00,0x00,0x02,0xfa,0x00,0x00,0x8f,0x50,0x00,0x08,0xf5,0x00,0x00,0x2f,0xa0,0x00,0x0d,0xe0,
0x00,0x00,0x0c,0xf0,0x00,0x3f,0x90,0x00,0x00,0x06,0xf6,0x00,0x9f,0x30,0x00,0x00,0x01,0xfb,0x00,0xed,0x00,0x00,0x00,0x00,
0xaf,0x14,0xf7,0x00,0x00,0x00,0x00,0x4f,0x6a,0xf1,0x00,0x00,0x00,0x00,0x0e,0xdf,0xb0,0x00,0x00,0x00,0x00,0x09,0xff,0x50,
0x00,0x00,0x00,0x00,0x03,0xff,0x00,0x00,0x00,0x00,0x26,0x30,0x00,0x8f,0xff,0xc1,0x4f,0x81,0x4f,0x98,0xf0,0x00,0xad,0x7f,
0x10,0x0c,0xc2,0xfc,0x69,0xf7,0x04,0xdf,0xe7,0x00,0x00,0x00,0x00,0x00,0x00,0x00,0x03,0x20,0x00,0x00,0x00,0x00,0x00,0x00,
0x0f,0xa0,0x00,0x00,0x00,0x00,0x00,0x00,0x0f,0xa0,0x00,0x00,0x00,0x00,0x00,0x00,0x0f,0xa0,0x00,0x00,0x00,0xbb,0xbb,0xbb,
0xbf,0xeb,0xbb,0xbb,0xb8,0xfe,0xcc,0xcc,0xcf,0xec,0xcc,0xcc,0xfb,0xf9,0x00,0x00,0x0f,0xa0,0x00,0x00,0xdb,0xf9,0x00,0x00,
0x0f,0xa0,0x00,0x00,0xdb,0xf9,0x00,0x00,0x0f,0xa0,0x00,0x00,0xdb,0xf9,0x00,0x00,0x0f,0xa0,0x00,0x00,0xdb,0xf9,0x11,0x11,
0x1f,0xb1,0x11,0x11,0xdb,0xff,0xff,0xff,0xff,0xff,0xff,0xff,0xfb,0xfc,0x77,0x77,0x7f,0xc7,0x77,0x77,0xeb,0x95,0x00,0x00,
0x0f,0xa0,0x00,0x00,0x87,0x00,0x00,0x00,0x0f,0xa0,0x00,0x00,0x00,0x00,0x00,0x00,0x0f,0xa0,0x00,0x00,0x00,0x00,0x00,0x00,
0x0f,0xa0,0x00,0x00,0x00,0x00,0x00,0x00,0x0f,0xa0,0x00,0x00,0x00,0x00,0x00,0x00,0x0f,0xa0,0x00,0x00,0x00,0x00,0x00,0x00,
0x01,0x10,0x00,0x00,0x00,0x00,0x00,0x00,0x00,0x00,0x00,0x02,0x6a,0xc0,0x17,0x77,0x77,0x10,0x59,0xbc,0xef,0xfe,0xa2,0x4f,
0xff,0xff,0x30,0x9f,0xb9,0x85,0x10,0x00,0x4f,0x40,0x4f,0x30,0x9e,0x00,0x00,0x00,0x00,0x4f,0x40,0x4f,0x30,0x9e,0x00,0x00,
0x00,0x00,0x4f,0x40,0x4f,0x30,0x9e,0x00,0x00,0x00,0x00,0x4f,0x40,0x4f,0x30,0x9f,0xbb,0xbb,0xbb,0xb9,0x4f,0x40,0x4f,0x30,
0x9f,0xcc,0xce,0xfc,0xca,0x4f,0x40,0x4f,0x30,0xad,0x00,0x08,0xf0,0x00,0x4f,0x40,0x4f,0x30,0xcb,0x00,0x08,0xf0,0x00,0x4f,
0x40,0x4f,0x30,0xe9,0x00,0x08,0xf0,0x00,0x4f,0x40,0x4f,0x30,0xf7,0x00,0x08,0xf0,0x00,0x4f,0xee,0xef,0x31,0xf6,0x00,0x08,
0xf0,0x00,0x4f,0xb9,0x99,0x26,0xf3,0x00,0x08,0xf0,0x00,0x4f,0x40,0x00,0x0d,0xd0,0x00,0x08,0xf0,0x00,0x00,0x00,0x00,0x3f,
0x60,0x00,0x08,0xf0,0x00,0x00,0x00,0x00,0x9e,0x00,0x00,0x08,0xf0,0x00,0x00,0x00,0x00,0x27,0x00,0x00,0x08,0xf0,0x00,0x00,
0x00,0x00,0x00,0x20,0x00,0x00,0x00,0x00,0x00,0x00,0x00,0x07,0xf4,0x00,0x00,0x00,0x00,0x15,0x55,0x55,0x56,0xfc,0x55,0x55,
0x55,0x50,0x4f,0xff,0xff,0xff,0xff,0xff,0xff,0xff,0xf0,0x4f,0x51,0x11,0x11,0x11,0x11,0x11,0x19,0xf0,0x4f,0x40,0x4a,0x30,
0x00,0xa8,0x00,0x09,0xf0,0x2a,0x20,0x4d,0xfa,0x10,0xda,0x00,0x05,0x90,0x00,0x00,0x00,0x6e,0xc0,0xf9,0x00,0x00,0x00,0x00,
0x3e,0x71,0x01,0x21,0xf6,0x00,0x00,0x00,0x00,0x19,0xfe,0x50,0x03,0xf4,0x00,0x00,0x00,0x00,0x00,0x1b,0xc0,0x05,0xf2,0x00,
0x00,0x00,0x25,0x55,0x55,0x65,0x5c,0xf5,0x55,0x55,0x51,0x7f,0xff,0xff,0xff,0xff,0xff,0xff,0xff,0xf3,0x12,0x22,0x22,0x23,
0xdd,0x22,0x22,0x22,0x20,0x00,0x00,0x00,0x0b,0xff,0xc5,0x00,0x00,0x00,0x00,0x00,0x04,0xdf,0x55,0xcf,0xe7,0x00,0x00,0x00,
0x05,0xcf,0xd2,0x00,0x03,0xaf,0xe5,0x00,0x3a,0xff,0xd7,0x00,0x00,0x00,0x04,0xdf,0xc2,0x2d,0x82,0x00,0x00,0x00,0x00,0x00,
0x06,0xe1,0x00,0x00,0x00,0x00,0x00,0x00,0x00,0xf8,0x00,0x5b,0xbb,0xbb,0x30,0x00,0x00,0x00,0xf8,0x00,0x7f,0xcc,0xcf,0x50,
0x00,0x00,0x00,0xf8,0x00,0x7f,0x00,0x2f,0x56,0x88,0x88,0x89,0xfc,0x87,0x7f,0x00,0x2f,0x5c,0xff,0xff,0xff,0xff,0xfd,0x7f,
0x00,0x2f,0x50,0x00,0x00,0x00,0xf8,0x00,0x7f,0x00,0x2f,0x50,0x00,0x00,0x00,0xf8,0x00,0x7f,0xaa,0xbf,0x50,0x55,0x00,0x00,
0xf8,0x00,0x7f,0xdd,0xef,0x50,0xcf,0x10,0x00,0xf8,0x00,0x7f,0x00,0x2f,0x50,0x2f,0xa0,0x00,0xf8,0x00,0x7f,0x00,0x2f,0x50,
0x09,0xf3,0x00,0xf8,0x00,0x7f,0x00,0x2f,0x50,0x01,0xfb,0x00,0xf8,0x00,0x7f,0x00,0x2f,0x50,0x00,0x76,0x00,0xf8,0x00,0x7f,
0x99,0xaf,0x50,0x00,0x00,0x00,0xf8,0x00,0x7f,0xee,0xef,0x50,0x00,0x00,0x00,0xf8,0x00,0x7f,0x00,0x2f,0x50,0x00,0x00,0x01,
0xf8,0x00,0x26,0x00,0x00,0x00,0x00,0xba,0xad,0xf5,0x00,0x00,0x00,0x00,0x00,0x00,0xbc,0xcc,0x70,0x00,0x00,0x00,0x00,0x00,
0x00,0x00,0x01,0x00,0x00,0x00,0x06,0x66,0x66,0x66,0x30,0x00,0xbf,0x50,0x00,0x00,0x0e,0xff,0xff,0xff,0x90,0x05,0xfb,0xe1,
0x00,0x00,0x00,0xe9,0x03,0xf6,0x00,0x0d,0xa0,0xe9,0x00,0x00,0x00,0xe9,0x02,0xf5,0x00,0x8f,0x10,0x6f,0x30,0x00,0x00,0xea,
0x24,0xf5,0x07,0xf7,0x10,0x0d,0xf3,0x00,0x00,0xef,0xff,0xf5,0x7f,0x92,0xf7,0x01,0xcf,0x40,0x00,0xea,0x45,0xf9,0xf9,0x00,
0x7f,0x80,0x1c,0xe0,0x00,0xe9,0x02,0xf5,0x60,0x00,0x06,0x90,0x00,0x40,0x00,0xe9,0x02,0xf5,0x07,0x77,0x77,0x77,0x75,0x00,
0x00,0xef,0xff,0xf5,0x0f,0xff,0xff,0xff,0xfb,0x00,0x00,0xec,0x68,0xf5,0x00,0x00,0x00,0x07,0xf4,0x00,0x00,0xe9,0x02,0xf5,
0x00,0x00,0x00,0x2f,0xa0,0x00,0x00,0xe9,0x02,0xf8,0x41,0xb3,0x01,0xde,0x10,0x00,0x00,0xea,0x6b,0xff,0x73,0xdf,0x7c,0xf3,
0x00,0x00,0x0d,0xff,0xfd,0xf6,0x00,0x0a,0xff,0x60,0x00,0x00,0x09,0x73,0x02,0xf5,0x00,0x00,0x6f,0xd2,0x00,0x00,0x00,0x00,
0x02,0xf5,0x00,0x00,0x04,0xfe,0x30,0x00,0x00,0x00,0x02,0xf5,0x00,0x00,0x00,0x3e,0x50,0x00,0x00,0x00,0x00,0x10,0x00,0x00,
0x00,0x00,0x00,0x00,0x00,0x00,0x00,0x00,0x00,0x10,0x00,0x02,0x00,0x00,0x07,0x90,0x00,0x00,0xda,0x00,0x02,0xf6,0x00,0x00,
0x8f,0xb0,0x00,0x04,0xf3,0x00,0x9e,0x00,0x00,0x00,0x6f,0xb0,0xef,0xff,0xff,0xff,0xff,0xf5,0x00,0x00,0x6b,0x04,0x55,0xae,
0x59,0xf5,0x56,0x10,0x00,0x00,0x00,0x7c,0x08,0xd0,0x5f,0x03,0xf1,0x02,0x22,0x20,0x01,0xe6,0x8d,0x05,0xf0,0xca,0x05,0xff,
0xfe,0x00,0x06,0x68,0xd0,0x5f,0x19,0x10,0x14,0x4b,0xe0,0x5c,0xcc,0xef,0xcd,0xfc,0xcc,0xa0,0x00,0x9e,0x04,0x99,0x99,0x99,
0x99,0x99,0x97,0x00,0x09,0xe0,0x00,0x11,0x11,0x11,0x11,0x10,0x00,0x00,0x9e,0x00,0x0d,0xff,0xff,0xff,0xff,0x70,0x00,0x09,
0xe0,0x00,0xdb,0x33,0x33,0x33,0xf7,0x00,0x00,0x9e,0x01,0x0d,0xa0,0x00,0x00,0x0f,0x70,0x00,0x09,0xe1,0xd3,0xdf,0xff,0xff,
0xff,0xf7,0x00,0x00,0x9f,0xed,0x1d,0xb3,0x33,0x33,0x3f,0x70,0x00,0x0d,0xfc,0x10,0xda,0x00,0x00,0x01,0xf7,0x00,0x00,0xd9,
0x00,0x0d,0xff,0xff,0xff,0xff,0x70,0x00,0x01,0x00,0x00,0xdb,0x33,0x33,0x33,0xf7,0x00,0x00,0x00,0x01,0x00,0x00,0x00,0x00,
0x00,0x00,0x00,0x00,0x02,0xf5,0x00,0x26,0x66,0x66,0x66,0x64,0x00,0x83,0x2f,0x50,0x06,0xff,0xff,0xff,0xff,0xc0,0x0f,0x72,
0xfe,0xdd,0x01,0x11,0xbe,0x11,0x11,0x00,0xf7,0x2f,0xc9,0x90,0x00,0x0d,0xb0,0x00,0x00,0x0f,0x72,0xf5,0x00,0x0b,0xdd,0xff,
0xdd,0xd2,0x04,0xf9,0x5f,0x83,0x30,0xcd,0x88,0x88,0xaf,0x32,0xff,0xff,0xff,0xff,0x3c,0xa0,0x46,0x04,0xf3,0x04,0x44,0x44,
0x44,0x40,0xca,0x09,0xe0,0x4f,0x30,0x00,0x03,0xf4,0x00,0x0c,0xa0,0xae,0x04,0xf3,0x00,0xb8,0x3f,0x42,0xf4,0xca,0x0a,0xd0,
0x4f,0x30,0x0f,0x73,0xf4,0x7f,0x1c,0xa0,0xbc,0x04,0xf3,0x07,0xf2,0x3f,0x4d,0xb0,0xca,0x0d,0xa0,0x4f,0x30,0xfa,0x03,0xfb,
0xf4,0x0c,0xa1,0xf8,0x04,0xf3,0x05,0x20,0x05,0xfa,0x00,0x76,0x6f,0x32,0x39,0x20,0x00,0x05,0xfe,0x10,0x00,0x2e,0xd2,0xf9,
0x00,0x00,0x3a,0xfc,0x10,0x00,0x3d,0xf4,0x07,0xfa,0x00,0xaf,0xf9,0x00,0x01,0xbf,0xf4,0x00,0x07,0xf8,0x05,0x91,0x00,0x00,
0x0c,0x91,0x00,0x00,0x09,0x40,};
static const lv_font_fmt_txt_glyph_dsc_t glyphs_21[]={{0,0,0,0,0,0},
{.bitmap_index=0,.adv_w=79,.box_w=0,.box_h=0,.ofs_x=0,.ofs_y=0},
{.bitmap_index=0,.adv_w=203,.box_w=11,.box_h=12,.ofs_x=1,.ofs_y=0},
{.bitmap_index=66,.adv_w=147,.box_w=8,.box_h=2,.ofs_x=1,.ofs_y=5},
{.bitmap_index=74,.adv_w=203,.box_w=11,.box_h=17,.ofs_x=1,.ofs_y=-1},
{.bitmap_index=168,.adv_w=147,.box_w=6,.box_h=15,.ofs_x=1,.ofs_y=0},
{.bitmap_index=213,.adv_w=192,.box_w=11,.box_h=16,.ofs_x=1,.ofs_y=0},
{.bitmap_index=301,.adv_w=200,.box_w=11,.box_h=16,.ofs_x=1,.ofs_y=-1},
{.bitmap_index=389,.adv_w=205,.box_w=12,.box_h=15,.ofs_x=1,.ofs_y=0},
{.bitmap_index=479,.adv_w=198,.box_w=11,.box_h=16,.ofs_x=1,.ofs_y=-1},
{.bitmap_index=567,.adv_w=206,.box_w=11,.box_h=17,.ofs_x=1,.ofs_y=-1},
{.bitmap_index=661,.adv_w=183,.box_w=11,.box_h=15,.ofs_x=0,.ofs_y=0},
{.bitmap_index=744,.adv_w=204,.box_w=11,.box_h=16,.ofs_x=1,.ofs_y=-1},
{.bitmap_index=832,.adv_w=206,.box_w=11,.box_h=17,.ofs_x=1,.ofs_y=-1},
{.bitmap_index=926,.adv_w=231,.box_w=13,.box_h=17,.ofs_x=1,.ofs_y=-1},
{.bitmap_index=1037,.adv_w=189,.box_w=10,.box_h=15,.ofs_x=1,.ofs_y=0},
{.bitmap_index=1112,.adv_w=240,.box_w=14,.box_h=17,.ofs_x=1,.ofs_y=-1},
{.bitmap_index=1231,.adv_w=79,.box_w=3,.box_h=15,.ofs_x=1,.ofs_y=0},
{.bitmap_index=1254,.adv_w=179,.box_w=10,.box_h=15,.ofs_x=1,.ofs_y=0},
{.bitmap_index=1329,.adv_w=282,.box_w=16,.box_h=15,.ofs_x=1,.ofs_y=0},
{.bitmap_index=1449,.adv_w=238,.box_w=13,.box_h=15,.ofs_x=1,.ofs_y=0},
{.bitmap_index=1547,.adv_w=200,.box_w=11,.box_h=15,.ofs_x=1,.ofs_y=0},
{.bitmap_index=1630,.adv_w=207,.box_w=12,.box_h=15,.ofs_x=1,.ofs_y=0},
{.bitmap_index=1720,.adv_w=203,.box_w=11,.box_h=17,.ofs_x=1,.ofs_y=-1},
{.bitmap_index=1814,.adv_w=200,.box_w=13,.box_h=15,.ofs_x=0,.ofs_y=0},
{.bitmap_index=1912,.adv_w=237,.box_w=13,.box_h=16,.ofs_x=1,.ofs_y=-1},
{.bitmap_index=2016,.adv_w=215,.box_w=14,.box_h=15,.ofs_x=0,.ofs_y=0},
{.bitmap_index=2121,.adv_w=144,.box_w=7,.box_h=8,.ofs_x=1,.ofs_y=7},
{.bitmap_index=2149,.adv_w=321,.box_w=16,.box_h=20,.ofs_x=2,.ofs_y=-3},
{.bitmap_index=2309,.adv_w=321,.box_w=18,.box_h=18,.ofs_x=1,.ofs_y=-2},
{.bitmap_index=2471,.adv_w=321,.box_w=18,.box_h=19,.ofs_x=1,.ofs_y=-2},
{.bitmap_index=2642,.adv_w=321,.box_w=18,.box_h=18,.ofs_x=1,.ofs_y=-2},
{.bitmap_index=2804,.adv_w=321,.box_w=20,.box_h=20,.ofs_x=0,.ofs_y=-3},
{.bitmap_index=3004,.adv_w=321,.box_w=19,.box_h=19,.ofs_x=0,.ofs_y=-2},
{.bitmap_index=3185,.adv_w=321,.box_w=19,.box_h=19,.ofs_x=0,.ofs_y=-2}};
static const uint16_t unicode_21[]={0,11,13,16,17,18,19,20,21,22,23,24,25,35,37,39,41,44,45,46,48,50,51,52,53,54,144,19981,21516,23422,26070,32806,35857,39025};
static const lv_font_fmt_txt_cmap_t cmaps_21[]={{.range_start=32,.range_length=39026,.glyph_id_start=1,.unicode_list=unicode_21,.list_length=34,.type=LV_FONT_FMT_TXT_CMAP_SPARSE_TINY}};
static const lv_font_fmt_txt_dsc_t dsc_21={.glyph_bitmap=bitmap_21,.glyph_dsc=glyphs_21,.cmaps=cmaps_21,.cmap_num=1,.bpp=4};
const lv_font_t font_tools_21={.get_glyph_dsc=lv_font_get_glyph_dsc_fmt_txt,.get_glyph_bitmap=lv_font_get_bitmap_fmt_txt,.line_height=23,.base_line=4,.dsc=&dsc_21};
static const uint8_t bitmap_22[]={
0x00,0x00,0x00,0x68,0x10,0x00,0x00,0x00,0x00,0x02,0xff,0x80,0x00,0x00,0x00,0x00,0x08,0xff,0xe0,0x00,0x00,0x00,0x00,0x0d,
0xe9,0xf4,0x00,0x00,0x00,0x00,0x3f,0x93,0xfa,0x00,0x00,0x00,0x00,0x9f,0x30,0xdf,0x00,0x00,0x00,0x00,0xfd,0x00,0x7f,0x50,
0x00,0x00,0x05,0xf8,0x00,0x2f,0xb0,0x00,0x00,0x0b,0xf2,0x00,0x0c,0xf1,0x00,0x00,0x1f,0xd1,0x11,0x17,0xf7,0x00,0x00,0x7f,
0xff,0xff,0xff,0xfd,0x00,0x00,0xdf,0x99,0x99,0x99,0xdf,0x30,0x03,0xfc,0x00,0x00,0x00,0x6f,0x90,0x09,0xf6,0x00,0x00,0x00,
0x0f,0xe0,0x0e,0xf1,0x00,0x00,0x00,0x0a,0xf5,0x5f,0xb0,0x00,0x00,0x00,0x05,0xfb,0x28,0x88,0x88,0x75,0x20,0x00,0x4f,0xff,
0xff,0xff,0xf9,0x00,0x4f,0xb3,0x33,0x49,0xef,0x90,0x4f,0xa0,0x00,0x00,0x4f,0xe0,0x4f,0xa0,0x00,0x00,0x0e,0xf1,0x4f,0xa0,
0x00,0x00,0x0f,0xd0,0x4f,0xa0,0x00,0x02,0xbf,0x40,0x4f,0xfd,0xdd,0xef,0xc3,0x00,0x4f,0xfd,0xdd,0xef,0xfc,0x40,0x4f,0xa0,
0x00,0x00,0x5e,0xf3,0x4f,0xa0,0x00,0x00,0x05,0xfa,0x4f,0xa0,0x00,0x00,0x01,0xfd,0x4f,0xa0,0x00,0x00,0x04,0xfb,0x4f,0xa0,
0x00,0x00,0x2d,0xf6,0x4f,0xeb,0xbb,0xbd,0xff,0xa0,0x4f,0xff,0xff,0xfd,0xa6,0x00,0x00,0x00,0x49,0xbb,0x84,0x00,0x00,0x00,
0x2d,0xff,0xff,0xff,0xc1,0x00,0x01,0xef,0xc7,0x20,0x3a,0xfe,0x20,0x0b,0xfd,0x00,0x00,0x00,0x8f,0xa0,0x3f,0xe2,0x00,0x00,
0x00,0x0e,0xf1,0x8f,0x90,0x00,0x00,0x00,0x02,0x31,0xbf,0x60,0x00,0x00,0x00,0x00,0x00,0xcf,0x30,0x00,0x00,0x00,0x00,0x00,
0xdf,0x20,0x00,0x00,0x00,0x00,0x00,0xcf,0x50,0x00,0x00,0x00,0x00,0x00,0xaf,0x80,0x00,0x00,0x00,0x00,0x00,0x5f,0xc0,0x00,
0x00,0x00,0x06,0x82,0x0e,0xf7,0x00,0x00,0x00,0x2f,0xe0,0x06,0xff,0x50,0x00,0x02,0xdf,0x70,0x00,0x8f,0xfe,0xa8,0xbf,0xf9,
0x00,0x00,0x05,0xcf,0xff,0xfd,0x50,0x00,0x00,0x00,0x01,0x33,0x00,0x00,0x00,0x28,0x88,0x88,0x88,0x88,0x24,0xff,0xff,0xff,
0xff,0xf5,0x4f,0xb3,0x33,0x33,0x33,0x14,0xfa,0x00,0x00,0x00,0x00,0x4f,0xa0,0x00,0x00,0x00,0x04,0xfa,0x00,0x00,0x00,0x00,
0x4f,0xa0,0x00,0x00,0x00,0x04,0xfe,0xcc,0xcc,0xcc,0xb0,0x4f,0xfe,0xee,0xee,0xed,0x04,0xfa,0x00,0x00,0x00,0x00,0x4f,0xa0,
0x00,0x00,0x00,0x04,0xfa,0x00,0x00,0x00,0x00,0x4f,0xa0,0x00,0x00,0x00,0x04,0xfa,0x00,0x00,0x00,0x00,0x4f,0xeb,0xbb,0xbb,
0xbb,0x34,0xff,0xff,0xff,0xff,0xf5,0x28,0x54,0xfa,0x4f,0xa4,0xfa,0x4f,0xa4,0xfa,0x4f,0xa4,0xfa,0x4f,0xa4,0xfa,0x4f,0xa4,
0xfa,0x4f,0xa4,0xfa,0x4f,0xa4,0xfa,0x28,0x50,0x00,0x00,0x00,0x04,0xfa,0x00,0x00,0x00,0x00,0x4f,0xa0,0x00,0x00,0x00,0x04,
0xfa,0x00,0x00,0x00,0x00,0x4f,0xa0,0x00,0x00,0x00,0x04,0xfa,0x00,0x00,0x00,0x00,0x4f,0xa0,0x00,0x00,0x00,0x04,0xfa,0x00,
0x00,0x00,0x00,0x4f,0xa0,0x00,0x00,0x00,0x04,0xfa,0x00,0x00,0x00,0x00,0x4f,0xa0,0x00,0x00,0x00,0x04,0xfa,0x00,0x00,0x00,
0x00,0x4f,0xa0,0x00,0x00,0x00,0x04,0xfa,0x00,0x00,0x00,0x00,0x4f,0xeb,0xbb,0xbb,0xbb,0x14,0xff,0xff,0xff,0xff,0xf2,0x28,
0x70,0x00,0x00,0x00,0x00,0x02,0x88,0x4f,0xf6,0x00,0x00,0x00,0x00,0x0a,0xff,0x4f,0xfc,0x00,0x00,0x00,0x00,0x1f,0xff,0x4f,
0xff,0x30,0x00,0x00,0x00,0x7f,0xff,0x4f,0xbf,0x90,0x00,0x00,0x00,0xde,0xdf,0x4f,0x8c,0xf1,0x00,0x00,0x04,0xf8,0xcf,0x4f,
0x86,0xf6,0x00,0x00,0x0b,0xf1,0xcf,0x4f,0x80,0xed,0x00,0x00,0x1f,0xb0,0xcf,0x4f,0x80,0x8f,0x40,0x00,0x8f,0x40,0xcf,0x4f,
0x80,0x2f,0xa0,0x00,0xed,0x00,0xcf,0x4f,0x80,0x0b,0xf1,0x05,0xf7,0x00,0xcf,0x4f,0x80,0x04,0xf7,0x0c,0xf1,0x00,0xcf,0x4f,
0x80,0x00,0xee,0x2f,0xa0,0x00,0xcf,0x4f,0x80,0x00,0x7f,0xdf,0x30,0x00,0xcf,0x4f,0x80,0x00,0x1f,0xfc,0x00,0x00,0xcf,0x4f,
0x80,0x00,0x0a,0xf6,0x00,0x00,0xcf,0x28,0x60,0x00,0x00,0x00,0x06,0x80,0x4f,0xf4,0x00,0x00,0x00,0x0c,0xf1,0x4f,0xfe,0x10,
0x00,0x00,0x0c,0xf1,0x4f,0xff,0xb0,0x00,0x00,0x0c,0xf1,0x4f,0xac,0xf6,0x00,0x00,0x0c,0xf1,0x4f,0xa2,0xff,0x20,0x00,0x0c,
0xf1,0x4f,0xa0,0x6f,0xc0,0x00,0x0c,0xf1,0x4f,0xa0,0x0b,0xf7,0x00,0x0c,0xf1,0x4f,0xa0,0x01,0xef,0x30,0x0c,0xf1,0x4f,0xa0,
0x00,0x5f,0xd0,0x0c,0xf1,0x4f,0xa0,0x00,0x09,0xf9,0x0c,0xf1,0x4f,0xa0,0x00,0x00,0xdf,0x4c,0xf1,0x4f,0xa0,0x00,0x00,0x3f,
0xee,0xf1,0x4f,0xa0,0x00,0x00,0x08,0xff,0xf1,0x4f,0xa0,0x00,0x00,0x00,0xcf,0xf1,0x4f,0xa0,0x00,0x00,0x00,0x2f,0xf1,0x00,
0x00,0x49,0xbc,0xa7,0x10,0x00,0x00,0x01,0xcf,0xff,0xff,0xff,0x70,0x00,0x01,0xef,0xd7,0x21,0x59,0xff,0x80,0x00,0xbf,0xd0,
0x00,0x00,0x06,0xff,0x30,0x2f,0xe2,0x00,0x00,0x00,0x08,0xfb,0x08,0xf9,0x00,0x00,0x00,0x00,0x1f,0xf0,0xbf,0x60,0x00,0x00,
0x00,0x00,0xef,0x3c,0xf3,0x00,0x00,0x00,0x00,0x0b,0xf5,0xdf,0x20,0x00,0x00,0x00,0x00,0xaf,0x5c,0xf5,0x00,0x00,0x00,0x00,
0x0d,0xf4,0xaf,0x80,0x00,0x00,0x00,0x00,0xff,0x25,0xfc,0x00,0x00,0x00,0x00,0x4f,0xd0,0x0e,0xf7,0x00,0x00,0x00,0x1e,0xf7,
0x00,0x6f,0xf5,0x00,0x00,0x1c,0xfd,0x00,0x00,0x8f,0xff,0xb8,0xdf,0xfd,0x20,0x00,0x00,0x4c,0xff,0xff,0xf8,0x10,0x00,0x00,
0x00,0x01,0x34,0x20,0x00,0x00,0x00,0x28,0x88,0x88,0x74,0x10,0x00,0x4f,0xff,0xff,0xff,0xfa,0x00,0x4f,0xb3,0x33,0x49,0xef,
0xa0,0x4f,0xa0,0x00,0x00,0x1e,0xf1,0x4f,0xa0,0x00,0x00,0x09,0xf6,0x4f,0xa0,0x00,0x00,0x08,0xf7,0x4f,0xa0,0x00,0x00,0x0c,
0xf5,0x4f,0xa0,0x00,0x03,0x9f,0xe0,0x4f,0xfd,0xdd,0xef,0xfc,0x20,0x4f,0xfd,0xdd,0xff,0xa0,0x00,0x4f,0xa0,0x00,0x3f,0xe0,
0x00,0x4f,0xa0,0x00,0x0b,0xf7,0x00,0x4f,0xa0,0x00,0x02,0xff,0x10,0x4f,0xa0,0x00,0x00,0x9f,0x90,0x4f,0xa0,0x00,0x00,0x1f,
0xf2,0x4f,0xa0,0x00,0x00,0x08,0xfb,0x00,0x05,0x8b,0xa7,0x30,0x00,0x02,0xdf,0xff,0xff,0xf8,0x00,0x0e,0xfa,0x30,0x15,0xef,
0x80,0x4f,0xa0,0x00,0x00,0x2f,0xe0,0x9f,0x60,0x00,0x00,0x06,0x81,0x6f,0xa0,0x00,0x00,0x00,0x00,0x2f,0xfb,0x40,0x00,0x00,
0x00,0x03,0xff,0xfe,0xb6,0x10,0x00,0x00,0x16,0xcf,0xff,0xfa,0x00,0x00,0x00,0x00,0x48,0xff,0xc0,0x00,0x00,0x00,0x00,0x1f,
0xf3,0x21,0x00,0x00,0x00,0x09,0xf7,0xdf,0x20,0x00,0x00,0x0a,0xf4,0x7f,0xc1,0x00,0x00,0x4f,0xf0,0x1b,0xff,0xb8,0x9c,0xff,
0x60,0x00,0x8e,0xff,0xff,0xc3,0x00,0x00,0x00,0x13,0x20,0x00,0x00,0x28,0x50,0x00,0x00,0x00,0x07,0x84,0xfa,0x00,0x00,0x00,
0x00,0xef,0x4f,0xa0,0x00,0x00,0x00,0x0e,0xf4,0xfa,0x00,0x00,0x00,0x00,0xef,0x4f,0xa0,0x00,0x00,0x00,0x0e,0xf4,0xfa,0x00,
0x00,0x00,0x00,0xef,0x4f,0xa0,0x00,0x00,0x00,0x0e,0xf4,0xfa,0x00,0x00,0x00,0x00,0xef,0x4f,0xa0,0x00,0x00,0x00,0x0e,0xf4,
0xfa,0x00,0x00,0x00,0x00,0xef,0x4f,0xa0,0x00,0x00,0x00,0x0e,0xf1,0xfe,0x00,0x00,0x00,0x02,0xfc,0x0d,0xf3,0x00,0x00,0x00,
0x7f,0x80,0x7f,0xe2,0x00,0x00,0x5f,0xf4,0x00,0x9f,0xfc,0x99,0xdf,0xf5,0x00,0x00,0x7c,0xff,0xff,0xb4,0x00,0x00,0x00,0x00,
0x32,0x00,0x00,0x00,0x38,0x40,0x00,0x00,0x00,0x02,0x85,0x2f,0xd0,0x00,0x00,0x00,0x08,0xf7,0x0c,0xf3,0x00,0x00,0x00,0x0e,
0xf1,0x06,0xf9,0x00,0x00,0x00,0x3f,0xb0,0x01,0xfe,0x00,0x00,0x00,0x9f,0x50,0x00,0xaf,0x40,0x00,0x00,0xef,0x00,0x00,0x4f,
0xa0,0x00,0x04,0xf9,0x00,0x00,0x0e,0xf0,0x00,0x0a,0xf4,0x00,0x00,0x08,0xf5,0x00,0x0f,0xe0,0x00,0x00,0x03,0xfa,0x00,0x5f,
0x80,0x00,0x00,0x00,0xdf,0x00,0xbf,0x20,0x00,0x00,0x00,0x7f,0x61,0xfc,0x00,0x00,0x00,0x00,0x1f,0xb6,0xf6,0x00,0x00,0x00,
0x00,0x0b,0xfd,0xf1,0x00,0x00,0x00,0x00,0x05,0xff,0xa0,0x00,0x00,0x00,0x00,0x00,0xff,0x40,0x00,0x00,0x6d,0xdd,0xdd,0xdd,
0xdd,0xdd,0xdd,0xdd,0xdd,0x25,0xbb,0xbb,0xbb,0xbb,0xdf,0xcb,0xbb,0xbb,0xb1,0x00,0x00,0x00,0x00,0x0d,0xe0,0x00,0x00,0x00,
0x00,0x00,0x00,0x00,0x06,0xf7,0x00,0x00,0x00,0x00,0x00,0x00,0x00,0x02,0xff,0x20,0x00,0x00,0x00,0x00,0x00,0x00,0x00,0xdf,
0xf2,0x01,0x00,0x00,0x00,0x00,0x00,0x00,0xbf,0xdf,0x21,0xea,0x00,0x00,0x00,0x00,0x01,0xcf,0x98,0xf2,0x09,0xfc,0x10,0x00,
0x00,0x01,0xdf,0x80,0x7f,0x20,0x08,0xfe,0x20,0x00,0x05,0xef,0x80,0x07,0xf2,0x00,0x06,0xfd,0x10,0x1a,0xff,0x50,0x00,0x7f,
0x20,0x00,0x07,0xfd,0x1d,0xfb,0x10,0x00,0x07,0xf2,0x00,0x00,0x08,0xf7,0x46,0x00,0x00,0x00,0x7f,0x20,0x00,0x00,0x05,0x00,
0x00,0x00,0x00,0x07,0xf2,0x00,0x00,0x00,0x00,0x00,0x00,0x00,0x00,0x7f,0x20,0x00,0x00,0x00,0x00,0x00,0x00,0x00,0x07,0xf2,
0x00,0x00,0x00,0x00,0x00,0x00,0x00,0x00,0x7f,0x20,0x00,0x00,0x00,0x00,0x00,0x00,0x00,0x07,0xf2,0x00,0x00,0x00,0x00,0x00,
0x00,0x00,0x00,0x12,0x00,0x00,0x00,0x00,0x00,0x00,0x00,0x09,0x80,0x00,0x04,0xd4,0x00,0x00,0x00,0x00,0x00,0x1f,0xb0,0x00,
0x08,0xf1,0x00,0x00,0x00,0x00,0x00,0x8f,0x43,0x44,0x4d,0xe4,0x44,0x44,0x40,0x00,0x00,0xec,0x0c,0xff,0xff,0xff,0xff,0xff,
0xf0,0x00,0x06,0xf5,0x03,0x44,0x8f,0x74,0x44,0x44,0x40,0x00,0x2f,0xf0,0x00,0x00,0x8f,0x10,0x00,0x00,0x00,0x00,0xdf,0xf0,
0x57,0x77,0xde,0x77,0x77,0x77,0x76,0x09,0xfe,0xf0,0xbf,0xff,0xff,0xff,0xff,0xff,0xfd,0x3f,0x99,0xf0,0x01,0x19,0xf2,0x11,
0x11,0x11,0x11,0x1c,0x09,0xf0,0x00,0x0e,0xb0,0x00,0x00,0x00,0x00,0x00,0x09,0xf0,0x00,0x3f,0xa6,0x66,0x66,0x66,0x40,0x00,
0x09,0xf0,0x00,0x9f,0xff,0xff,0xff,0xff,0xb0,0x00,0x09,0xf0,0x00,0x11,0x11,0x11,0x11,0x8f,0x50,0x00,0x09,0xf0,0x00,0x00,
0x00,0x00,0x05,0xf8,0x00,0x00,0x09,0xf0,0x00,0x0c,0xa3,0x00,0x8f,0x90,0x00,0x00,0x09,0xf0,0x00,0x18,0xff,0xcc,0xf7,0x00,
0x00,0x00,0x09,0xf0,0x00,0x00,0x07,0xef,0xe3,0x00,0x00,0x00,0x09,0xf0,0x00,0x00,0x00,0x07,0xff,0xa1,0x00,0x00,0x09,0xf0,
0x00,0x00,0x00,0x00,0x1a,0xe0,0x00,0x00,0x01,0x20,0x00,0x00,0x00,0x00,0x00,0x10,0x00,0x00,0x00,0x00,0x00,0x7f,0x20,0x00,
0x00,0x00,0x00,0x00,0x00,0x00,0x07,0xf2,0x00,0x00,0x00,0x00,0x6c,0xcc,0xcc,0xcc,0xef,0xdc,0xcc,0xcc,0xcc,0x26,0xcc,0xcc,
0xcc,0xce,0xfd,0xcc,0xcc,0xcc,0xc2,0x00,0x00,0x00,0x00,0x7f,0x20,0x00,0x00,0x00,0x00,0x00,0x22,0x22,0x29,0xf4,0x22,0x22,
0x20,0x00,0x00,0x3f,0xff,0xff,0xff,0xff,0xff,0xfd,0x00,0x00,0x03,0xfa,0x66,0x66,0x66,0x66,0x6d,0xd0,0x00,0x00,0x3f,0x60,
0x00,0x00,0x00,0x00,0xbd,0x00,0x00,0x03,0xf6,0x00,0x00,0x00,0x00,0x0b,0xd0,0x00,0x00,0x3f,0xb9,0x99,0x99,0x99,0x99,0xed,
0x00,0x00,0x03,0xff,0xff,0xff,0xff,0xff,0xff,0xd0,0x00,0x00,0x00,0x05,0xf5,0x00,0x4f,0x50,0x00,0x00,0x00,0x00,0x00,0x8f,
0x20,0x04,0xf5,0x00,0x00,0x00,0x00,0x00,0x0e,0xd0,0x00,0x4f,0x50,0x00,0x03,0x00,0x00,0x0b,0xf5,0x00,0x04,0xf5,0x00,0x00,
0xe9,0x00,0x3d,0xf9,0x00,0x00,0x3f,0x70,0x00,0x4f,0x76,0xdf,0xf6,0x00,0x00,0x00,0xef,0xee,0xef,0xf2,0x7e,0x71,0x00,0x00,
0x00,0x03,0x9b,0xbb,0x94,0x00,0xab,0xbb,0xbb,0xbb,0xbb,0xbb,0xbb,0xbb,0xbb,0x6c,0xee,0xee,0xee,0xee,0xee,0xee,0xef,0xfe,
0xe8,0x00,0x00,0x00,0x00,0x00,0x00,0x00,0xbe,0x00,0x00,0x00,0x00,0x00,0x00,0x00,0x00,0x0b,0xe0,0x00,0x00,0x01,0x11,0x11,
0x11,0x00,0x00,0xbe,0x00,0x00,0x08,0xff,0xff,0xff,0xf9,0x00,0x0b,0xe0,0x00,0x00,0x8f,0x66,0x66,0x6f,0x90,0x00,0xbe,0x00,
0x00,0x08,0xf0,0x00,0x00,0xe9,0x00,0x0b,0xe0,0x00,0x00,0x8f,0x00,0x00,0x0e,0x90,0x00,0xbe,0x00,0x00,0x08,0xf0,0x00,0x00,
0xe9,0x00,0x0b,0xe0,0x00,0x00,0x8f,0x00,0x00,0x0e,0x90,0x00,0xbe,0x00,0x00,0x08,0xfe,0xdd,0xdd,0xf9,0x00,0x0b,0xe0,0x00,
0x00,0x8f,0x99,0x99,0x99,0x60,0x00,0xbe,0x00,0x00,0x08,0xf0,0x00,0x00,0x00,0x00,0x0b,0xe0,0x00,0x00,0x36,0x00,0x00,0x00,
0x00,0x00,0xbe,0x00,0x00,0x00,0x00,0x00,0x00,0x00,0x00,0x0c,0xe0,0x00,0x00,0x00,0x00,0x00,0x00,0x89,0x8a,0xfa,0x00,0x00,
0x00,0x00,0x00,0x00,0x0a,0xff,0xed,0x30,0x00,0x00,0x02,0x22,0x22,0x20,0x01,0x22,0x22,0x22,0x00,0x00,0x2f,0xff,0xff,0xf4,
0x08,0xff,0xff,0xff,0x00,0x00,0x2f,0x84,0x46,0xf4,0x08,0xf4,0x44,0x9f,0x00,0x00,0x2f,0x50,0x03,0xf4,0x08,0xf0,0x00,0x7f,
0x00,0x00,0x2f,0x96,0x68,0xf4,0x08,0xf6,0x66,0xaf,0x00,0x00,0x2f,0xff,0xff,0xf4,0x08,0xff,0xff,0xff,0x00,0x00,0x00,0x00,
0x00,0x1a,0x40,0x00,0x6a,0x00,0x00,0x01,0x11,0x11,0x11,0xaf,0x31,0x11,0x5f,0x71,0x10,0x0c,0xff,0xff,0xff,0xff,0xff,0xff,
0xff,0xff,0xf7,0x04,0x55,0x56,0xdf,0xa5,0x55,0x9f,0xa5,0x55,0x52,0x00,0x00,0x3d,0xf9,0x00,0x00,0x08,0xfa,0x20,0x00,0x00,
0x5b,0xfd,0x40,0x00,0x00,0x00,0x4d,0xfa,0x40,0x0e,0xff,0xe8,0x77,0x73,0x05,0x77,0x78,0xef,0xfb,0x05,0x3d,0xfe,0xee,0xf6,
0x0b,0xfd,0xdd,0xfe,0x43,0x00,0x0d,0x90,0x00,0xf6,0x0b,0xc0,0x00,0x8e,0x00,0x00,0x0d,0x90,0x00,0xf6,0x0b,0xc0,0x00,0x8e,
0x00,0x00,0x0d,0xa2,0x23,0xf6,0x0b,0xc2,0x22,0xae,0x00,0x00,0x0d,0xff,0xff,0xf6,0x0b,0xff,0xff,0xfe,0x00,0x00,0x0d,0xb4,
0x44,0xf6,0x0b,0xd4,0x44,0xae,0x00,0x00,0x01,0x10,0x00,0x10,0x01,0x10,0x00,0x01,0x00,0x00,0x00,0x00,0x00,0x00,0x08,0xf0,
0x3d,0x20,0x00,0x01,0x11,0x11,0x11,0x11,0x8f,0x22,0xf8,0x10,0x05,0xff,0xff,0xff,0xff,0xff,0xff,0xff,0xfe,0x00,0x5f,0x86,
0x66,0x66,0x66,0x9f,0x76,0x66,0x50,0x05,0xf3,0x00,0x00,0x00,0x04,0xf4,0x02,0x40,0x00,0x5f,0x3e,0xff,0xff,0xfe,0x2f,0x60,
0x8e,0x00,0x07,0xf1,0x44,0x44,0x44,0x40,0xf9,0x0e,0x70,0x00,0x9f,0x02,0x77,0x77,0x73,0x0b,0xc6,0xf0,0x00,0x0b,0xd0,0x5f,
0xcc,0xcf,0x70,0x7f,0xf8,0x00,0x01,0xfb,0x05,0xf2,0x00,0xf7,0x01,0xff,0x10,0xb7,0x8f,0x40,0x5f,0x87,0x7f,0x70,0x9f,0xf3,
0x1f,0x6e,0xb0,0x04,0xcc,0xcc,0xc6,0xcf,0x8c,0xfd,0xf0,0x23,0x00,0x00,0x00,0x04,0x08,0x50,0x08,0xb4,0x00,0x0a,0x50,0xe9,
0x08,0xf6,0x00,0x02,0xd4,0x00,0x05,0xf6,0x0f,0xa0,0x0c,0xf4,0x00,0x0d,0xe1,0x00,0xbf,0x00,0xfa,0x00,0x1d,0x50,0xe7,0x3f,
0xa0,0x4f,0x90,0x0f,0xb0,0x00,0x00,0x2f,0x70,0x9f,0x49,0xf1,0x00,0xcf,0xba,0xaa,0xbe,0xf3,0x01,0xe6,0x03,0x00,0x03,0x9c,
0xcc,0xcc,0xa6,0x00,0x01,0x00,0x00,0x01,0x11,0x11,0x11,0x11,0x11,0x11,0x11,0x00,0x02,0xff,0xff,0xff,0xff,0xff,0xff,0xff,
0xf6,0x00,0x2f,0xb7,0x77,0x7a,0xf9,0x77,0x77,0x9f,0x60,0x02,0xf7,0x00,0x00,0x6f,0x30,0x00,0x04,0xf6,0x00,0x2f,0x70,0x00,
0x06,0xf3,0x00,0x00,0x4f,0x60,0x02,0xf8,0x11,0x11,0x7f,0x51,0x11,0x15,0xf6,0x00,0x2f,0xff,0xff,0xff,0xff,0xff,0xff,0xff,
0x60,0x02,0xfb,0x66,0x66,0xaf,0x86,0x66,0x69,0xf6,0x00,0x2f,0x70,0x00,0x06,0xf3,0x00,0x00,0x4f,0x60,0x02,0xf7,0x00,0x00,
0x6f,0x30,0x00,0x04,0xf6,0x00,0x2f,0x82,0x22,0x27,0xf5,0x22,0x22,0x5f,0x60,0x04,0xff,0xff,0xff,0xff,0xff,0xff,0xff,0xf6,
0x00,0x6f,0x86,0x66,0x6a,0xf8,0x66,0x66,0x8f,0x60,0x08,0xf1,0x00,0x00,0x6f,0x30,0x00,0x04,0xf6,0x00,0xbf,0x00,0x00,0x06,
0xf3,0x00,0x00,0x4f,0x60,0x1f,0xb0,0x00,0x00,0x6f,0x30,0x00,0x04,0xf6,0x09,0xf3,0x00,0x00,0x06,0xf3,0x00,0x00,0x8f,0x50,
0xfc,0x00,0x00,0x00,0x6f,0x30,0x8f,0xff,0xf0,0x06,0x40,0x00,0x00,0x02,0x61,0x03,0x99,0x72,0x00,0x00,0x11,0x11,0x11,0x11,
0x11,0x11,0x11,0x00,0x00,0x0c,0xff,0xff,0xff,0xff,0xff,0xff,0xb0,0x00,0x00,0xce,0x77,0x77,0x77,0x77,0x77,0xfb,0x00,0x00,
0x0c,0xd0,0x00,0x00,0x00,0x00,0x0f,0xb0,0x00,0x00,0xcd,0x00,0x00,0x00,0x0c,0x80,0xfb,0x00,0x00,0x0c,0xd1,0xd8,0x00,0x04,
0xf7,0x0e,0xb0,0x00,0x00,0xcd,0x0a,0xf5,0x00,0x9f,0x20,0xeb,0x00,0x00,0x0c,0xd0,0x0d,0xf3,0x1f,0xc0,0x0e,0xb0,0x00,0x00,
0xcd,0x00,0x3f,0xd9,0xf5,0x00,0xeb,0x00,0x00,0x0d,0xb0,0x00,0x6f,0xfd,0x00,0x0e,0xb0,0x00,0x00,0xfa,0x00,0x00,0xdf,0x80,
0x00,0xeb,0x00,0x00,0x1f,0x80,0x00,0x7f,0xff,0x10,0x0e,0xb0,0x00,0x03,0xf6,0x00,0x4f,0xd6,0xfb,0x00,0xdc,0x00,0x00,0x5f,
0x50,0x4f,0xf3,0x0b,0xf5,0x0d,0xc0,0x00,0x0a,0xf2,0x5f,0xf4,0x00,0x2f,0xe1,0xbe,0x05,0x31,0xfb,0x0e,0xe3,0x00,0x00,0x7e,
0x39,0xf1,0xbc,0x7f,0x50,0x42,0x00,0x00,0x00,0x10,0x5f,0x7e,0x9d,0xe0,0x00,0x00,0x00,0x00,0x00,0x00,0xef,0xf4,0x68,0x00,
0x00,0x00,0x00,0x00,0x00,0x03,0xc9,0x00,0x00,0x00,0x00,0x00,0x7f,0x20,0x00,0x00,0x00,0x00,0x24,0x44,0x44,0x49,0xf5,0x44,
0x44,0x44,0x10,0x0a,0xff,0xff,0xff,0xff,0xff,0xff,0xff,0xf4,0x00,0x23,0x33,0x33,0x39,0xf5,0x33,0x33,0x33,0x10,0x00,0x11,
0x11,0x11,0x8f,0x41,0x11,0x11,0x00,0x00,0x0a,0xff,0xff,0xff,0xff,0xff,0xff,0xf5,0x00,0x00,0x34,0x44,0x44,0xaf,0x64,0x44,
0x44,0x10,0x00,0x11,0x11,0x11,0x18,0xf3,0x11,0x11,0x11,0x10,0xbf,0xff,0xff,0xff,0xff,0xff,0xff,0xff,0xff,0x64,0x66,0x66,
0x9f,0xb6,0x66,0x66,0x66,0x66,0x62,0x00,0x00,0x1d,0xf3,0x22,0x22,0x22,0x21,0x00,0x00,0x00,0x1c,0xff,0xff,0xff,0xff,0xff,
0x90,0x00,0x00,0x4e,0xff,0xb6,0x66,0x66,0x7f,0xf4,0x00,0x01,0xaf,0xf6,0xcf,0x70,0x00,0x3d,0xf4,0x00,0x00,0x0b,0xb1,0x00,
0xbf,0xc4,0x9f,0xd3,0x00,0x00,0x00,0x00,0x00,0x00,0x8f,0xff,0xc0,0x00,0x00,0x00,0x00,0x00,0x26,0xcf,0xfb,0xff,0xe9,0x41,
0x00,0x03,0x8c,0xff,0xfe,0x71,0x00,0x6c,0xff,0xfd,0xa3,0x3f,0xea,0x62,0x00,0x00,0x00,0x02,0x59,0xce,0x10,0x10,0x00,0x00,
0x00,0x00,0x00,0x00,0x00,0x00,};
static const lv_font_fmt_txt_glyph_dsc_t glyphs_22[]={{0,0,0,0,0,0},
{.bitmap_index=0,.adv_w=81,.box_w=0,.box_h=0,.ofs_x=0,.ofs_y=0},
{.bitmap_index=0,.adv_w=226,.box_w=14,.box_h=16,.ofs_x=0,.ofs_y=0},
{.bitmap_index=112,.adv_w=217,.box_w=12,.box_h=16,.ofs_x=1,.ofs_y=0},
{.bitmap_index=208,.adv_w=242,.box_w=14,.box_h=17,.ofs_x=1,.ofs_y=-1},
{.bitmap_index=327,.adv_w=197,.box_w=11,.box_h=16,.ofs_x=1,.ofs_y=0},
{.bitmap_index=415,.adv_w=82,.box_w=3,.box_h=16,.ofs_x=1,.ofs_y=0},
{.bitmap_index=439,.adv_w=188,.box_w=11,.box_h=16,.ofs_x=1,.ofs_y=0},
{.bitmap_index=527,.adv_w=296,.box_w=16,.box_h=16,.ofs_x=1,.ofs_y=0},
{.bitmap_index=655,.adv_w=249,.box_w=14,.box_h=16,.ofs_x=1,.ofs_y=0},
{.bitmap_index=767,.adv_w=260,.box_w=15,.box_h=17,.ofs_x=1,.ofs_y=-1},
{.bitmap_index=895,.adv_w=216,.box_w=12,.box_h=16,.ofs_x=1,.ofs_y=0},
{.bitmap_index=991,.adv_w=212,.box_w=12,.box_h=17,.ofs_x=1,.ofs_y=-1},
{.bitmap_index=1093,.adv_w=248,.box_w=13,.box_h=17,.ofs_x=1,.ofs_y=-1},
{.bitmap_index=1204,.adv_w=225,.box_w=14,.box_h=16,.ofs_x=0,.ofs_y=0},
{.bitmap_index=1316,.adv_w=335,.box_w=19,.box_h=19,.ofs_x=1,.ofs_y=-3},
{.bitmap_index=1497,.adv_w=335,.box_w=20,.box_h=20,.ofs_x=0,.ofs_y=-3},
{.bitmap_index=1697,.adv_w=335,.box_w=19,.box_h=19,.ofs_x=1,.ofs_y=-2},
{.bitmap_index=1878,.adv_w=335,.box_w=19,.box_h=18,.ofs_x=1,.ofs_y=-2},
{.bitmap_index=2049,.adv_w=335,.box_w=20,.box_h=20,.ofs_x=0,.ofs_y=-3},
{.bitmap_index=2249,.adv_w=335,.box_w=19,.box_h=19,.ofs_x=1,.ofs_y=-2},
{.bitmap_index=2430,.adv_w=335,.box_w=19,.box_h=19,.ofs_x=0,.ofs_y=-2},
{.bitmap_index=2611,.adv_w=335,.box_w=19,.box_h=19,.ofs_x=1,.ofs_y=-2},
{.bitmap_index=2792,.adv_w=335,.box_w=19,.box_h=20,.ofs_x=1,.ofs_y=-3}};
static const uint16_t unicode_22[]={0,33,34,35,37,41,44,45,46,47,50,51,53,54,19949,20224,20779,21455,22088,24831,29960,39086,40582};
static const lv_font_fmt_txt_cmap_t cmaps_22[]={{.range_start=32,.range_length=40583,.glyph_id_start=1,.unicode_list=unicode_22,.list_length=23,.type=LV_FONT_FMT_TXT_CMAP_SPARSE_TINY}};
static const lv_font_fmt_txt_dsc_t dsc_22={.glyph_bitmap=bitmap_22,.glyph_dsc=glyphs_22,.cmaps=cmaps_22,.cmap_num=1,.bpp=4};
const lv_font_t font_tools_22={.get_glyph_dsc=lv_font_get_glyph_dsc_fmt_txt,.get_glyph_bitmap=lv_font_get_bitmap_fmt_txt,.line_height=32,.base_line=8,.dsc=&dsc_22};
static const uint8_t bitmap_24[]={
0x00,0x00,0x00,0x7e,0xd0,0x00,0x00,0x00,0x00,0x00,0x0d,0xff,0x40,0x00,0x00,0x00,0x00,0x03,0xfe,0xfa,0x00,0x00,0x00,0x00,
0x00,0x9f,0x6e,0xf0,0x00,0x00,0x00,0x00,0x0e,0xf0,0x9f,0x60,0x00,0x00,0x00,0x05,0xfa,0x03,0xfc,0x00,0x00,0x00,0x00,0xbf,
0x50,0x0e,0xf2,0x00,0x00,0x00,0x1f,0xe0,0x00,0x8f,0x80,0x00,0x00,0x07,0xf9,0x00,0x03,0xfd,0x00,0x00,0x00,0xdf,0x40,0x00,
0x0d,0xf3,0x00,0x00,0x3f,0xfa,0xaa,0xaa,0xdf,0x90,0x00,0x09,0xff,0xff,0xff,0xff,0xff,0x00,0x00,0xef,0x42,0x22,0x22,0x2c,
0xf5,0x00,0x4f,0xd0,0x00,0x00,0x00,0x6f,0xb0,0x0a,0xf7,0x00,0x00,0x00,0x01,0xff,0x11,0xff,0x20,0x00,0x00,0x00,0x0b,0xf7,
0x6f,0xc0,0x00,0x00,0x00,0x00,0x5f,0xd0,0x3e,0xee,0xee,0xec,0xa6,0x00,0x00,0x04,0xff,0xff,0xff,0xff,0xfe,0x50,0x00,0x4f,
0xd0,0x00,0x04,0x8c,0xff,0x60,0x04,0xfd,0x00,0x00,0x00,0x0b,0xff,0x20,0x4f,0xd0,0x00,0x00,0x00,0x0c,0xfa,0x04,0xfd,0x00,
0x00,0x00,0x00,0x5f,0xf0,0x4f,0xd0,0x00,0x00,0x00,0x02,0xff,0x34,0xfd,0x00,0x00,0x00,0x00,0x0e,0xf5,0x4f,0xd0,0x00,0x00,
0x00,0x00,0xcf,0x64,0xfd,0x00,0x00,0x00,0x00,0x0e,0xf5,0x4f,0xd0,0x00,0x00,0x00,0x01,0xff,0x34,0xfd,0x00,0x00,0x00,0x00,
0x4f,0xf0,0x4f,0xd0,0x00,0x00,0x00,0x0c,0xfa,0x04,0xfd,0x00,0x00,0x00,0x0a,0xff,0x30,0x4f,0xd0,0x00,0x02,0x6b,0xff,0x70,
0x04,0xff,0xee,0xef,0xff,0xff,0x60,0x00,0x4f,0xff,0xff,0xfe,0xc7,0x10,0x00,0x00,0x3e,0xee,0xee,0xee,0xee,0xe3,0x4f,0xff,
0xff,0xff,0xff,0xf3,0x4f,0xd0,0x00,0x00,0x00,0x00,0x4f,0xd0,0x00,0x00,0x00,0x00,0x4f,0xd0,0x00,0x00,0x00,0x00,0x4f,0xd0,
0x00,0x00,0x00,0x00,0x4f,0xd0,0x00,0x00,0x00,0x00,0x4f,0xe9,0x99,0x99,0x99,0x70,0x4f,0xff,0xff,0xff,0xff,0xc0,0x4f,0xe4,
0x44,0x44,0x44,0x30,0x4f,0xd0,0x00,0x00,0x00,0x00,0x4f,0xd0,0x00,0x00,0x00,0x00,0x4f,0xd0,0x00,0x00,0x00,0x00,0x4f,0xd0,
0x00,0x00,0x00,0x00,0x4f,0xd0,0x00,0x00,0x00,0x00,0x4f,0xfe,0xee,0xee,0xee,0xe3,0x4f,0xff,0xff,0xff,0xff,0xf3,0x3e,0xc4,
0xfd,0x4f,0xd4,0xfd,0x4f,0xd4,0xfd,0x4f,0xd4,0xfd,0x4f,0xd4,0xfd,0x4f,0xd4,0xfd,0x4f,0xd4,0xfd,0x4f,0xd4,0xfd,0x4f,0xd0,
0x3e,0xc0,0x00,0x00,0x00,0x04,0xfd,0x00,0x00,0x00,0x00,0x4f,0xd0,0x00,0x00,0x00,0x04,0xfd,0x00,0x00,0x00,0x00,0x4f,0xd0,
0x00,0x00,0x00,0x04,0xfd,0x00,0x00,0x00,0x00,0x4f,0xd0,0x00,0x00,0x00,0x04,0xfd,0x00,0x00,0x00,0x00,0x4f,0xd0,0x00,0x00,
0x00,0x04,0xfd,0x00,0x00,0x00,0x00,0x4f,0xd0,0x00,0x00,0x00,0x04,0xfd,0x00,0x00,0x00,0x00,0x4f,0xd0,0x00,0x00,0x00,0x04,
0xfd,0x00,0x00,0x00,0x00,0x4f,0xd0,0x00,0x00,0x00,0x04,0xff,0xee,0xee,0xee,0xee,0x4f,0xff,0xff,0xff,0xff,0xf0,0x00,0x00,
0x00,0x02,0x20,0x00,0x00,0x00,0x00,0x01,0x7d,0xff,0xff,0xc5,0x00,0x00,0x00,0x2d,0xff,0xec,0xdf,0xff,0xb0,0x00,0x01,0xef,
0xd4,0x00,0x00,0x6f,0xfc,0x00,0x0b,0xff,0x20,0x00,0x00,0x05,0xff,0x70,0x2f,0xf4,0x00,0x00,0x00,0x00,0x8f,0xe0,0x8f,0xd0,
0x00,0x00,0x00,0x00,0x1f,0xf3,0xbf,0x90,0x00,0x00,0x00,0x00,0x0e,0xf7,0xdf,0x60,0x00,0x00,0x00,0x00,0x0b,0xf8,0xef,0x40,
0x00,0x00,0x00,0x00,0x08,0xfa,0xdf,0x60,0x00,0x00,0x00,0x00,0x0a,0xf8,0xbf,0x90,0x00,0x00,0x00,0x00,0x0d,0xf7,0x8f,0xc0,
0x00,0x00,0x00,0x00,0x1f,0xf4,0x3f,0xf3,0x00,0x00,0x00,0x00,0x7f,0xe0,0x0c,0xfe,0x10,0x00,0x00,0x04,0xff,0x80,0x02,0xff,
0xd3,0x00,0x00,0x5f,0xfd,0x00,0x00,0x3e,0xff,0xdb,0xbe,0xff,0xc1,0x00,0x00,0x01,0x8e,0xff,0xff,0xd7,0x00,0x00,0x00,0x00,
0x00,0x24,0x31,0x00,0x00,0x00,0x3e,0xc0,0x00,0x00,0x00,0x00,0xde,0x24,0xfd,0x00,0x00,0x00,0x00,0x0f,0xf2,0x4f,0xd0,0x00,
0x00,0x00,0x00,0xff,0x24,0xfd,0x00,0x00,0x00,0x00,0x0f,0xf2,0x4f,0xd0,0x00,0x00,0x00,0x00,0xff,0x24,0xfd,0x00,0x00,0x00,
0x00,0x0f,0xf2,0x4f,0xd0,0x00,0x00,0x00,0x00,0xff,0x24,0xfd,0x00,0x00,0x00,0x00,0x0f,0xf2,0x4f,0xd0,0x00,0x00,0x00,0x00,
0xff,0x24,0xfd,0x00,0x00,0x00,0x00,0x0f,0xf2,0x4f,0xd0,0x00,0x00,0x00,0x00,0xff,0x23,0xff,0x00,0x00,0x00,0x00,0x1f,0xf1,
0x1f,0xf3,0x00,0x00,0x00,0x05,0xff,0x00,0xcf,0xa0,0x00,0x00,0x00,0xbf,0xb0,0x04,0xff,0xa1,0x00,0x01,0xbf,0xf3,0x00,0x04,
0xff,0xfd,0xbe,0xff,0xe3,0x00,0x00,0x03,0xae,0xff,0xfd,0xa2,0x00,0x00,0x00,0x00,0x01,0x31,0x00,0x00,0x00,0x6e,0xb0,0x00,
0x00,0x00,0x00,0x6e,0xb1,0xff,0x10,0x00,0x00,0x00,0x0c,0xf6,0x0b,0xf7,0x00,0x00,0x00,0x01,0xff,0x10,0x5f,0xc0,0x00,0x00,
0x00,0x7f,0xa0,0x00,0xff,0x20,0x00,0x00,0x0d,0xf5,0x00,0x09,0xf7,0x00,0x00,0x02,0xfe,0x00,0x00,0x4f,0xd0,0x00,0x00,0x8f,
0x90,0x00,0x00,0xef,0x30,0x00,0x0d,0xf3,0x00,0x00,0x08,0xf8,0x00,0x03,0xfd,0x00,0x00,0x00,0x2f,0xe0,0x00,0x9f,0x70,0x00,
0x00,0x00,0xcf,0x30,0x0e,0xf1,0x00,0x00,0x00,0x06,0xf9,0x04,0xfb,0x00,0x00,0x00,0x00,0x1f,0xe0,0x9f,0x50,0x00,0x00,0x00,
0x00,0xaf,0x5f,0xf0,0x00,0x00,0x00,0x00,0x04,0xfe,0xfa,0x00,0x00,0x00,0x00,0x00,0x0e,0xff,0x40,0x00,0x00,0x00,0x00,0x00,
0x9f,0xe0,0x00,0x00,0x00,0x00,0x26,0x62,0x00,0x07,0xff,0xff,0x50,0x3f,0xd4,0x4d,0xf2,0x7f,0x40,0x05,0xf6,0x8f,0x30,0x05,
0xf6,0x4f,0xc2,0x3d,0xf2,0x08,0xff,0xff,0x70,0x00,0x48,0x73,0x00,0x00,0x00,0x01,0x50,0x00,0x00,0x30,0x00,0x00,0x00,0x00,
0x00,0x00,0x08,0xf6,0x00,0x0b,0xf2,0x00,0x00,0x32,0x00,0x00,0x00,0x0e,0xf1,0x00,0x04,0xfc,0x00,0x00,0xcf,0x00,0x00,0x00,
0x5f,0x90,0x01,0x00,0x9f,0x70,0x00,0xfc,0x00,0x00,0x00,0xcf,0x21,0xe9,0x00,0x0e,0xf1,0x03,0xf9,0x00,0x00,0x04,0xfa,0x00,
0xef,0x00,0x05,0xf5,0x07,0xf5,0x00,0x00,0x1e,0xf6,0x00,0x7f,0x50,0x00,0x20,0x0a,0xf1,0x00,0x00,0xbf,0xf6,0x00,0x1f,0xc0,
0x00,0x00,0x0e,0xe0,0x00,0x06,0xfe,0xf6,0x00,0x0b,0xf2,0x00,0x00,0x4f,0xa0,0x00,0x2f,0xd6,0xf6,0x00,0x04,0xf9,0x00,0x00,
0xbf,0x30,0x00,0x1f,0x25,0xf6,0x00,0x00,0xdf,0x30,0x03,0xfc,0x00,0x00,0x03,0x05,0xf6,0x00,0x00,0x3f,0xd0,0x0a,0xf4,0x00,
0x00,0x00,0x05,0xf6,0x00,0x00,0x09,0xf7,0x2f,0xd0,0x00,0x00,0x00,0x05,0xf6,0x00,0x00,0x01,0xef,0xdf,0x50,0x00,0x00,0x00,
0x05,0xf6,0x00,0x00,0x00,0x5f,0xfb,0x00,0x00,0x00,0x00,0x05,0xf6,0x00,0x00,0x00,0x9f,0xfe,0x20,0x00,0x00,0x00,0x05,0xf6,
0x00,0x00,0x06,0xfe,0x9f,0xe2,0x00,0x00,0x00,0x05,0xf6,0x00,0x01,0x9f,0xf3,0x09,0xfe,0x40,0x00,0x00,0x05,0xf6,0x00,0x5e,
0xfe,0x40,0x00,0x9f,0xfa,0x10,0x00,0x05,0xf6,0x0b,0xff,0x90,0x00,0x00,0x04,0xdf,0xf5,0x00,0x05,0xf6,0x0b,0xd3,0x00,0x00,
0x00,0x00,0x08,0xf4,0x00,0x01,0x41,0x01,0x00,0x00,0x00,0x00,0x00,0x00,0x10,0x06,0x77,0x77,0x77,0x77,0x77,0x77,0x77,0x77,
0x73,0x00,0xdf,0xff,0xff,0xff,0xff,0xff,0xff,0xff,0xff,0x70,0x03,0x44,0x44,0x44,0x4c,0xf5,0x44,0x44,0x44,0x41,0x00,0x00,
0x20,0x00,0x00,0xbf,0x10,0x00,0x03,0x20,0x00,0x00,0x5f,0x80,0x00,0x0b,0xf1,0x00,0x00,0xcf,0x10,0x00,0x01,0xff,0x10,0x00,
0xbf,0x10,0x00,0x4f,0xb0,0x00,0x00,0x08,0xf7,0x00,0x0b,0xf1,0x00,0x0c,0xf4,0x00,0x00,0x00,0x1f,0xe0,0x00,0xbf,0x10,0x05,
0xfc,0x00,0x00,0x00,0x00,0xaf,0x40,0x0b,0xf1,0x00,0xbf,0x30,0x00,0x00,0x00,0x02,0x30,0x00,0xbf,0x10,0x00,0x30,0x00,0x00,
0x46,0x66,0x66,0x66,0x6d,0xf7,0x66,0x66,0x66,0x66,0x1b,0xff,0xff,0xff,0xff,0xff,0xff,0xff,0xff,0xff,0xf4,0x35,0x55,0x55,
0x55,0x5c,0xf6,0x55,0x55,0x55,0x55,0x10,0x00,0x00,0x00,0x00,0xbf,0x10,0x00,0x00,0x00,0x00,0x00,0x00,0x00,0x00,0x0b,0xf1,
0x00,0x00,0x00,0x00,0x00,0x00,0x00,0x00,0x00,0xbf,0x10,0x00,0x00,0x00,0x00,0x00,0x00,0x00,0x00,0x0b,0xf1,0x00,0x00,0x00,
0x00,0x00,0x00,0x00,0x00,0x00,0xbf,0x10,0x00,0x00,0x00,0x00,0x00,0x00,0x00,0x00,0x0b,0xf1,0x00,0x00,0x00,0x00,0x00,0x00,
0x00,0x00,0x00,0xbf,0x10,0x00,0x00,0x00,0x00,0x00,0x00,0x00,0x00,0x02,0x40,0x00,0x00,0x00,0x00,0x00,0x00,0x00,0x00,0x00,
0x03,0x83,0x00,0x00,0x00,0x00,0x00,0x00,0x00,0x00,0x00,0x7f,0x50,0x00,0x00,0x00,0x00,0x00,0x00,0x00,0x00,0x07,0xf5,0x00,
0x00,0x00,0x00,0x00,0x00,0x00,0x00,0x00,0x7f,0x50,0x00,0x00,0x00,0x00,0x00,0x00,0x00,0x00,0x07,0xf5,0x00,0x00,0x07,0x80,
0x00,0x00,0x00,0x00,0x00,0x7f,0x70,0x00,0x04,0xfe,0x10,0x5c,0xcc,0xcc,0xca,0x07,0xfd,0x00,0x02,0xff,0x30,0x07,0xff,0xff,
0xff,0xd0,0x7f,0xf4,0x03,0xef,0x40,0x00,0x00,0x00,0x02,0xfa,0x07,0xff,0xc4,0xff,0x40,0x00,0x00,0x00,0x00,0x8f,0x50,0x7f,
0xbf,0xfe,0x30,0x00,0x00,0x00,0x00,0x0e,0xf1,0x07,0xf6,0xdf,0x20,0x00,0x00,0x00,0x00,0x04,0xfa,0x00,0x7f,0x54,0xf8,0x00,
0x00,0x00,0x00,0x00,0xcf,0x30,0x07,0xf5,0x0a,0xf5,0x00,0x00,0x00,0x00,0x7f,0xb0,0x00,0x7f,0x50,0x1e,0xf3,0x00,0x00,0x00,
0x2f,0xe1,0x00,0x07,0xf5,0x00,0x3f,0xe2,0x00,0x00,0x1d,0xf5,0x00,0x00,0x7f,0x50,0x00,0x5f,0xe3,0x00,0x2e,0xf9,0x00,0x00,
0x07,0xf5,0x00,0x00,0x7f,0xf5,0x0e,0xf9,0x00,0x00,0x00,0x7f,0x50,0x00,0x00,0x6f,0xf7,0x68,0x00,0x00,0x00,0x07,0xf5,0x00,
0x00,0x00,0x4e,0x30,0x00,0x00,0x08,0x88,0xef,0x30,0x00,0x00,0x00,0x10,0x00,0x00,0x00,0xdf,0xff,0xb0,0x00,0x00,0x00,0x00,
0x00,0x00,0x00,0x01,0x22,0x10,0x00,0x00,0x00,0x00,0x00,0x00,0x00,0x00,0x00,0x38,0x40,0x00,0x00,0x00,0x00,0x00,0x00,0x00,
0x00,0x02,0xfd,0x00,0x00,0x00,0x00,0x00,0x03,0x44,0x44,0x44,0x4c,0xf6,0x44,0x44,0x44,0x41,0x00,0xaf,0xff,0xff,0xff,0xff,
0xff,0xff,0xff,0xff,0x30,0x03,0x55,0x5f,0xe5,0x55,0x55,0x58,0xfb,0x55,0x51,0x00,0x00,0x00,0xbf,0x20,0x00,0x00,0x7f,0x40,
0x00,0x00,0x00,0x00,0x05,0xf7,0x00,0x00,0x0d,0xe0,0x00,0x00,0x02,0x33,0x33,0x4f,0xc3,0x33,0x36,0xf9,0x33,0x33,0x30,0xbf,
0xff,0xff,0xff,0xff,0xff,0xff,0xff,0xff,0xff,0x35,0x77,0x77,0x77,0x77,0x77,0x77,0x77,0x77,0x77,0x71,0x00,0x00,0x00,0x00,
0x00,0x00,0x00,0x00,0x00,0x00,0x00,0x00,0x9d,0xdd,0xdd,0xdd,0xdd,0xdd,0xdd,0x50,0x00,0x00,0x0b,0xfb,0xbb,0xbb,0xbb,0xbb,
0xbd,0xf6,0x00,0x00,0x00,0xbf,0x00,0x00,0x00,0x00,0x00,0x6f,0x60,0x00,0x00,0x0b,0xf0,0x00,0x00,0x00,0x00,0x06,0xf6,0x00,
0x00,0x00,0xbf,0xff,0xff,0xff,0xff,0xff,0xff,0x60,0x00,0x00,0x0b,0xf9,0x88,0x88,0x88,0x88,0x8b,0xf6,0x00,0x00,0x00,0xbf,
0x00,0x00,0x00,0x00,0x00,0x6f,0x60,0x00,0x00,0x0b,0xf4,0x44,0x44,0x44,0x44,0x48,0xf6,0x00,0x00,0x00,0xbf,0xff,0xff,0xff,
0xff,0xff,0xff,0x60,0x00,0x00,0x0b,0xf5,0x44,0x44,0x44,0x44,0x48,0xf6,0x00,0x00,0x00,0x34,0x00,0x00,0x00,0x00,0x00,0x14,
0x10,0x00,0x00,0x00,0x03,0x61,0x00,0x00,0x00,0x00,0x00,0x00,0x00,0x00,0x00,0x07,0xf4,0x00,0x09,0x99,0x99,0x99,0x99,0x94,
0x00,0x78,0x07,0xf4,0x00,0x1f,0xff,0xff,0xff,0xff,0xf7,0x00,0xce,0x07,0xfe,0xdd,0x31,0x11,0x1c,0xf2,0x11,0x10,0x00,0xce,
0x07,0xfe,0xdd,0x30,0x00,0x0e,0xd0,0x00,0x00,0x00,0xce,0x07,0xf4,0x00,0x03,0x99,0x9f,0xe9,0x99,0x70,0x00,0xce,0x07,0xf4,
0x00,0x05,0xff,0xff,0xff,0xff,0xc0,0x0b,0xef,0xbd,0xfc,0xbb,0x55,0xf5,0x00,0x00,0x0e,0xc0,0x0f,0xff,0xff,0xff,0xff,0x85,
0xf5,0x08,0xc0,0x0e,0xc0,0x00,0x00,0x01,0x30,0x00,0x05,0xf5,0x0b,0xf0,0x0e,0xc0,0x00,0x00,0x08,0xf2,0x01,0x05,0xf5,0x0b,
0xf0,0x0e,0xc0,0x00,0x6c,0x28,0xf2,0x0f,0xa5,0xf5,0x0b,0xf0,0x0e,0xc0,0x00,0xbf,0x18,0xf2,0x4f,0x65,0xf5,0x0d,0xe0,0x0e,
0xc0,0x01,0xfb,0x08,0xf2,0xaf,0x15,0xf5,0x0e,0xc0,0x0e,0xc0,0x09,0xf5,0x08,0xf6,0xfc,0x05,0xf5,0x0f,0xb0,0x0e,0xc0,0x0b,
0xc0,0x06,0xce,0xf3,0x05,0xf5,0x5f,0x80,0x0e,0xc0,0x00,0x20,0x00,0xaf,0x80,0x01,0x41,0xbf,0x26,0x34,0x30,0x00,0x00,0x1c,
0xfc,0x00,0x00,0x08,0xfb,0x1f,0xf4,0x00,0x00,0x18,0xef,0xa0,0x00,0x01,0x8f,0xe2,0x03,0xff,0x40,0x08,0xff,0xf7,0x00,0x00,
0x8f,0xfe,0x20,0x00,0x3f,0xf3,0x04,0xe7,0x10,0x00,0x00,0x9f,0x81,0x00,0x00,0x05,0xe2,0x00,0x00,0x00,0x00,0x00,0x11,0x00,
0x00,0x00,0x00,0x00,};
static const lv_font_fmt_txt_glyph_dsc_t glyphs_24[]={{0,0,0,0,0,0},
{.bitmap_index=0,.adv_w=248,.box_w=15,.box_h=17,.ofs_x=0,.ofs_y=0},
{.bitmap_index=128,.adv_w=265,.box_w=15,.box_h=17,.ofs_x=1,.ofs_y=0},
{.bitmap_index=256,.adv_w=216,.box_w=12,.box_h=17,.ofs_x=1,.ofs_y=0},
{.bitmap_index=358,.adv_w=90,.box_w=3,.box_h=17,.ofs_x=1,.ofs_y=0},
{.bitmap_index=384,.adv_w=206,.box_w=11,.box_h=17,.ofs_x=1,.ofs_y=0},
{.bitmap_index=478,.adv_w=285,.box_w=16,.box_h=19,.ofs_x=1,.ofs_y=-1},
{.bitmap_index=630,.adv_w=271,.box_w=15,.box_h=18,.ofs_x=1,.ofs_y=-1},
{.bitmap_index=765,.adv_w=246,.box_w=15,.box_h=17,.ofs_x=0,.ofs_y=0},
{.bitmap_index=893,.adv_w=160,.box_w=8,.box_h=8,.ofs_x=1,.ofs_y=9},
{.bitmap_index=925,.adv_w=366,.box_w=22,.box_h=22,.ofs_x=0,.ofs_y=-3},
{.bitmap_index=1167,.adv_w=366,.box_w=21,.box_h=21,.ofs_x=1,.ofs_y=-3},
{.bitmap_index=1388,.adv_w=366,.box_w=21,.box_h=22,.ofs_x=1,.ofs_y=-3},
{.bitmap_index=1619,.adv_w=366,.box_w=21,.box_h=22,.ofs_x=1,.ofs_y=-3},
{.bitmap_index=1850,.adv_w=366,.box_w=22,.box_h=22,.ofs_x=0,.ofs_y=-3}};
static const uint16_t unicode_24[]={0,3,4,8,11,14,20,21,111,20137,24114,27635,38834,38992};
static const lv_font_fmt_txt_cmap_t cmaps_24[]={{.range_start=65,.range_length=38993,.glyph_id_start=1,.unicode_list=unicode_24,.list_length=14,.type=LV_FONT_FMT_TXT_CMAP_SPARSE_TINY}};
static const lv_font_fmt_txt_dsc_t dsc_24={.glyph_bitmap=bitmap_24,.glyph_dsc=glyphs_24,.cmaps=cmaps_24,.cmap_num=1,.bpp=4};
const lv_font_t font_tools_24={.get_glyph_dsc=lv_font_get_glyph_dsc_fmt_txt,.get_glyph_bitmap=lv_font_get_bitmap_fmt_txt,.line_height=34,.base_line=8,.dsc=&dsc_24};
static const uint8_t bitmap_36[]={
0x00,0x00,0x00,0x35,0x54,0x00,0x00,0x03,0xff,0xf6,0x00,0x00,0x1e,0xff,0x90,0x00,0x00,0xcf,0xfb,0x00,0x00,0x0a,0xff,0xd0,
0x00,0x00,0x8f,0xfe,0x10,0x00,0x05,0xff,0xf3,0x00,0x00,0x3f,0xff,0x50,0x00,0x00,0x5f,0xff,0x30,0x00,0x00,0x07,0xff,0xe2,
0x00,0x00,0x00,0xaf,0xfd,0x10,0x00,0x00,0x0c,0xff,0xb0,0x00,0x00,0x01,0xdf,0xf9,0x00,0x00,0x00,0x2f,0xff,0x70,0x00,0x00,
0x04,0xff,0xf4,0x00,0x00,0x00,0x47,0x76,};
static const lv_font_fmt_txt_glyph_dsc_t glyphs_36[]={{0,0,0,0,0,0},
{.bitmap_index=0,.adv_w=238,.box_w=10,.box_h=16,.ofs_x=2,.ofs_y=2}};
static const uint16_t unicode_36[]={0};
static const lv_font_fmt_txt_cmap_t cmaps_36[]={{.range_start=8249,.range_length=1,.glyph_id_start=1,.unicode_list=unicode_36,.list_length=1,.type=LV_FONT_FMT_TXT_CMAP_SPARSE_TINY}};
static const lv_font_fmt_txt_dsc_t dsc_36={.glyph_bitmap=bitmap_36,.glyph_dsc=glyphs_36,.cmaps=cmaps_36,.cmap_num=1,.bpp=4};
const lv_font_t font_tools_36={.get_glyph_dsc=lv_font_get_glyph_dsc_fmt_txt,.get_glyph_bitmap=lv_font_get_bitmap_fmt_txt,.line_height=46,.base_line=8,.dsc=&dsc_36};
static const uint8_t bitmap_60[]={
0x00,0x00,0x00,0x00,0x00,0x03,0x79,0xbe,0xec,0xa7,0x50,0x00,0x00,0x00,0x00,0x00,0x00,0x00,0x00,0x00,0x03,0xbf,0xff,0xff,
0xff,0xff,0xfd,0x50,0x00,0x00,0x00,0x00,0x00,0x00,0x00,0x01,0xaf,0xff,0xff,0xff,0xff,0xff,0xff,0xfd,0x40,0x00,0x00,0x00,
0x00,0x00,0x00,0x1d,0xff,0xff,0xff,0xff,0xff,0xff,0xff,0xff,0xf5,0x00,0x00,0x00,0x00,0x00,0x01,0xdf,0xff,0xff,0xff,0xfc,
0xbe,0xff,0xff,0xff,0xff,0x40,0x00,0x00,0x00,0x00,0x0c,0xff,0xff,0xff,0x91,0x00,0x00,0x06,0xef,0xff,0xff,0xf4,0x00,0x00,
0x00,0x00,0x8f,0xff,0xff,0xd3,0x00,0x00,0x00,0x00,0x1a,0xff,0xff,0xfe,0x00,0x00,0x00,0x01,0xff,0xff,0xfe,0x10,0x00,0x00,
0x00,0x00,0x00,0xbf,0xff,0xff,0x70,0x00,0x00,0x09,0xff,0xff,0xf4,0x00,0x00,0x00,0x00,0x00,0x00,0x0d,0xff,0xff,0xe0,0x00,
0x00,0x2f,0xff,0xff,0x80,0x00,0x00,0x00,0x00,0x00,0x00,0x03,0xff,0xff,0xf7,0x00,0x00,0x8f,0xff,0xff,0x10,0x00,0x00,0x00,
0x00,0x00,0x00,0x00,0xbf,0xff,0xfe,0x00,0x00,0xdf,0xff,0xfa,0x00,0x00,0x00,0x00,0x00,0x00,0x00,0x00,0x4f,0xff,0xff,0x30,
0x01,0xff,0xff,0xf4,0x00,0x00,0x00,0x00,0x00,0x00,0x00,0x00,0x0d,0xff,0xff,0x70,0x05,0xff,0xff,0xf0,0x00,0x00,0x00,0x00,
0x00,0x00,0x00,0x00,0x09,0xff,0xff,0xb0,0x09,0xff,0xff,0xc0,0x00,0x00,0x00,0x00,0x00,0x00,0x00,0x00,0x06,0xff,0xff,0xf0,
0x0d,0xff,0xff,0x90,0x00,0x00,0x00,0x00,0x00,0x00,0x00,0x00,0x02,0xff,0xff,0xf3,0x0f,0xff,0xff,0x50,0x00,0x00,0x00,0x00,
0x00,0x00,0x00,0x00,0x00,0xff,0xff,0xf5,0x0f,0xff,0xff,0x30,0x00,0x00,0x00,0x00,0x00,0x00,0x00,0x00,0x00,0xdf,0xff,0xf6,
0x1f,0xff,0xff,0x20,0x00,0x00,0x00,0x00,0x00,0x00,0x00,0x00,0x00,0xcf,0xff,0xf7,0x2f,0xff,0xff,0x10,0x00,0x00,0x00,0x00,
0x00,0x00,0x00,0x00,0x00,0xbf,0xff,0xf8,0x3f,0xff,0xff,0x00,0x00,0x00,0x00,0x00,0x00,0x00,0x00,0x00,0x00,0xaf,0xff,0xf9,
0x4f,0xff,0xff,0x00,0x00,0x00,0x00,0x00,0x00,0x00,0x00,0x00,0x00,0x9f,0xff,0xfb,0x4f,0xff,0xff,0x00,0x00,0x00,0x00,0x00,
0x00,0x00,0x00,0x00,0x00,0x9f,0xff,0xfa,0x3f,0xff,0xff,0x10,0x00,0x00,0x00,0x00,0x00,0x00,0x00,0x00,0x00,0xaf,0xff,0xf9,
0x2f,0xff,0xff,0x20,0x00,0x00,0x00,0x00,0x00,0x00,0x00,0x00,0x00,0xbf,0xff,0xf8,0x1f,0xff,0xff,0x30,0x00,0x00,0x00,0x00,
0x00,0x00,0x00,0x00,0x00,0xcf,0xff,0xf7,0x0f,0xff,0xff,0x40,0x00,0x00,0x00,0x00,0x00,0x00,0x00,0x00,0x00,0xdf,0xff,0xf6,
0x0e,0xff,0xff,0x60,0x00,0x00,0x00,0x00,0x00,0x00,0x00,0x00,0x00,0xff,0xff,0xf4,0x0c,0xff,0xff,0xa0,0x00,0x00,0x00,0x00,
0x00,0x00,0x00,0x00,0x03,0xff,0xff,0xf2,0x08,0xff,0xff,0xd0,0x00,0x00,0x00,0x00,0x00,0x00,0x00,0x00,0x07,0xff,0xff,0xe0,
0x04,0xff,0xff,0xf0,0x00,0x00,0x00,0x00,0x00,0x00,0x00,0x00,0x0a,0xff,0xff,0xa0,0x00,0xff,0xff,0xf5,0x00,0x00,0x00,0x00,
0x00,0x00,0x00,0x00,0x0f,0xff,0xff,0x60,0x00,0xbf,0xff,0xfc,0x00,0x00,0x00,0x00,0x00,0x00,0x00,0x00,0x6f,0xff,0xff,0x10,
0x00,0x7f,0xff,0xff,0x30,0x00,0x00,0x00,0x00,0x00,0x00,0x00,0xdf,0xff,0xfd,0x00,0x00,0x0e,0xff,0xff,0xb0,0x00,0x00,0x00,
0x00,0x00,0x00,0x05,0xff,0xff,0xf5,0x00,0x00,0x07,0xff,0xff,0xf7,0x00,0x00,0x00,0x00,0x00,0x00,0x2f,0xff,0xff,0xc0,0x00,
0x00,0x00,0xef,0xff,0xff,0x40,0x00,0x00,0x00,0x00,0x00,0xdf,0xff,0xff,0x40,0x00,0x00,0x00,0x6f,0xff,0xff,0xf7,0x00,0x00,
0x00,0x00,0x4d,0xff,0xff,0xfc,0x00,0x00,0x00,0x00,0x09,0xff,0xff,0xff,0xd5,0x30,0x02,0x4a,0xff,0xff,0xff,0xd1,0x00,0x00,
0x00,0x00,0x00,0xaf,0xff,0xff,0xff,0xff,0xff,0xff,0xff,0xff,0xfd,0x10,0x00,0x00,0x00,0x00,0x00,0x0a,0xff,0xff,0xff,0xff,
0xff,0xff,0xff,0xff,0xe2,0x00,0x00,0x00,0x00,0x00,0x00,0x00,0x6e,0xff,0xff,0xff,0xff,0xff,0xff,0xf9,0x10,0x00,0x00,0x00,
0x00,0x00,0x00,0x00,0x00,0x6e,0xff,0xff,0xff,0xff,0xf9,0x10,0x00,0x00,0x00,0x00,0x00,0x00,0x00,0x00,0x00,0x00,0x24,0x79,
0xa8,0x53,0x00,0x00,0x00,0x00,0x00,0x00,0x00,0x00,0x00,0x00,0x00,0x00,0x44,0x44,0x41,0x00,0x00,0x00,0x00,0x00,0x2c,0xff,
0xff,0xf4,0x00,0x00,0x00,0x00,0x05,0xff,0xff,0xff,0xf4,0x00,0x00,0x00,0x00,0xaf,0xff,0xff,0xff,0xf4,0x00,0x00,0x00,0x3d,
0xff,0xff,0xff,0xff,0xf4,0x00,0x00,0x07,0xff,0xff,0xff,0xff,0xff,0xf4,0x00,0x01,0xcf,0xff,0xff,0xfb,0xdf,0xff,0xf4,0x00,
0x5e,0xff,0xff,0xff,0x60,0xcf,0xff,0xf4,0x09,0xff,0xff,0xff,0xc2,0x00,0xcf,0xff,0xf4,0x1f,0xff,0xff,0xf8,0x00,0x00,0xcf,
0xff,0xf4,0x1f,0xff,0xfd,0x30,0x00,0x00,0xcf,0xff,0xf4,0x1f,0xff,0x90,0x00,0x00,0x00,0xcf,0xff,0xf4,0x1f,0xe4,0x00,0x00,
0x00,0x00,0xcf,0xff,0xf4,0x1b,0x10,0x00,0x00,0x00,0x00,0xcf,0xff,0xf4,0x00,0x00,0x00,0x00,0x00,0x00,0xcf,0xff,0xf4,0x00,
0x00,0x00,0x00,0x00,0x00,0xcf,0xff,0xf4,0x00,0x00,0x00,0x00,0x00,0x00,0xcf,0xff,0xf4,0x00,0x00,0x00,0x00,0x00,0x00,0xcf,
0xff,0xf4,0x00,0x00,0x00,0x00,0x00,0x00,0xcf,0xff,0xf4,0x00,0x00,0x00,0x00,0x00,0x00,0xcf,0xff,0xf4,0x00,0x00,0x00,0x00,
0x00,0x00,0xcf,0xff,0xf4,0x00,0x00,0x00,0x00,0x00,0x00,0xcf,0xff,0xf4,0x00,0x00,0x00,0x00,0x00,0x00,0xcf,0xff,0xf4,0x00,
0x00,0x00,0x00,0x00,0x00,0xcf,0xff,0xf4,0x00,0x00,0x00,0x00,0x00,0x00,0xcf,0xff,0xf4,0x00,0x00,0x00,0x00,0x00,0x00,0xcf,
0xff,0xf4,0x00,0x00,0x00,0x00,0x00,0x00,0xcf,0xff,0xf4,0x00,0x00,0x00,0x00,0x00,0x00,0xcf,0xff,0xf4,0x00,0x00,0x00,0x00,
0x00,0x00,0xcf,0xff,0xf4,0x00,0x00,0x00,0x00,0x00,0x00,0xcf,0xff,0xf4,0x00,0x00,0x00,0x00,0x00,0x00,0xcf,0xff,0xf4,0x00,
0x00,0x00,0x00,0x00,0x00,0xcf,0xff,0xf4,0x00,0x00,0x00,0x00,0x00,0x00,0xcf,0xff,0xf4,0x00,0x00,0x00,0x00,0x00,0x00,0xcf,
0xff,0xf4,0x00,0x00,0x00,0x00,0x00,0x00,0xcf,0xff,0xf4,0x00,0x00,0x00,0x00,0x00,0x00,0xcf,0xff,0xf4,0x00,0x00,0x00,0x00,
0x00,0x00,0xcf,0xff,0xf4,0x00,0x00,0x00,0x00,0x00,0x00,0xcf,0xff,0xf4,0x00,0x00,0x00,0x00,0x00,0x00,0xcf,0xff,0xf4,0x00,
0x00,0x00,0x00,0x00,0x00,0xcf,0xff,0xf4,0x00,0x00,0x00,0x00,0x00,0x00,0xcf,0xff,0xf4,0x00,0x00,0x00,0x00,0x00,0x00,0xcf,
0xff,0xf4,0x00,0x00,0x00,0x00,0x00,0x00,0xcf,0xff,0xf4,0x00,0x00,0x00,0x00,0x02,0x8a,0xce,0xfd,0xca,0x61,0x00,0x00,0x00,
0x00,0x00,0x00,0x00,0x00,0x6c,0xff,0xff,0xff,0xff,0xff,0xfa,0x30,0x00,0x00,0x00,0x00,0x00,0x03,0xdf,0xff,0xff,0xff,0xff,
0xff,0xff,0xff,0x80,0x00,0x00,0x00,0x00,0x07,0xff,0xff,0xff,0xff,0xff,0xff,0xff,0xff,0xff,0xd1,0x00,0x00,0x00,0x07,0xff,
0xff,0xff,0xff,0xdb,0xab,0xdf,0xff,0xff,0xff,0xc0,0x00,0x00,0x05,0xff,0xff,0xff,0xd7,0x10,0x00,0x00,0x29,0xff,0xff,0xff,
0xa0,0x00,0x01,0xff,0xff,0xff,0x90,0x00,0x00,0x00,0x00,0x07,0xff,0xff,0xff,0x30,0x00,0x8f,0xff,0xff,0x70,0x00,0x00,0x00,
0x00,0x00,0x06,0xff,0xff,0xfa,0x00,0x0e,0xff,0xff,0xa0,0x00,0x00,0x00,0x00,0x00,0x00,0x08,0xff,0xff,0xf1,0x05,0xff,0xff,
0xf1,0x00,0x00,0x00,0x00,0x00,0x00,0x00,0x2f,0xff,0xff,0x40,0x8f,0xff,0xfa,0x00,0x00,0x00,0x00,0x00,0x00,0x00,0x00,0xdf,
0xff,0xf7,0x0a,0xff,0xff,0x70,0x00,0x00,0x00,0x00,0x00,0x00,0x00,0x0b,0xff,0xff,0x90,0xbf,0xff,0xf4,0x00,0x00,0x00,0x00,
0x00,0x00,0x00,0x00,0xbf,0xff,0xf8,0x00,0x00,0x00,0x00,0x00,0x00,0x00,0x00,0x00,0x00,0x00,0x0e,0xff,0xff,0x70,0x00,0x00,
0x00,0x00,0x00,0x00,0x00,0x00,0x00,0x00,0x01,0xff,0xff,0xf4,0x00,0x00,0x00,0x00,0x00,0x00,0x00,0x00,0x00,0x00,0x00,0x4f,
0xff,0xff,0x00,0x00,0x00,0x00,0x00,0x00,0x00,0x00,0x00,0x00,0x00,0x0c,0xff,0xff,0xa0,0x00,0x00,0x00,0x00,0x00,0x00,0x00,
0x00,0x00,0x00,0x05,0xff,0xff,0xf2,0x00,0x00,0x00,0x00,0x00,0x00,0x00,0x00,0x00,0x00,0x01,0xef,0xff,0xf9,0x00,0x00,0x00,
0x00,0x00,0x00,0x00,0x00,0x00,0x00,0x00,0xcf,0xff,0xfe,0x00,0x00,0x00,0x00,0x00,0x00,0x00,0x00,0x00,0x00,0x00,0xaf,0xff,
0xff,0x30,0x00,0x00,0x00,0x00,0x00,0x00,0x00,0x00,0x00,0x00,0x8f,0xff,0xff,0x70,0x00,0x00,0x00,0x00,0x00,0x00,0x00,0x00,
0x00,0x00,0x7f,0xff,0xff,0xa0,0x00,0x00,0x00,0x00,0x00,0x00,0x00,0x00,0x00,0x00,0x6f,0xff,0xff,0xc0,0x00,0x00,0x00,0x00,
0x00,0x00,0x00,0x00,0x00,0x00,0x5f,0xff,0xff,0xd1,0x00,0x00,0x00,0x00,0x00,0x00,0x00,0x00,0x00,0x00,0x4f,0xff,0xff,0xd1,
0x00,0x00,0x00,0x00,0x00,0x00,0x00,0x00,0x00,0x00,0x4f,0xff,0xff,0xe2,0x00,0x00,0x00,0x00,0x00,0x00,0x00,0x00,0x00,0x00,
0x3f,0xff,0xff,0xe2,0x00,0x00,0x00,0x00,0x00,0x00,0x00,0x00,0x00,0x00,0x3f,0xff,0xff,0xe2,0x00,0x00,0x00,0x00,0x00,0x00,
0x00,0x00,0x00,0x00,0x2e,0xff,0xff,0xe3,0x00,0x00,0x00,0x00,0x00,0x00,0x00,0x00,0x00,0x00,0x2e,0xff,0xff,0xf3,0x00,0x00,
0x00,0x00,0x00,0x00,0x00,0x00,0x00,0x00,0x2e,0xff,0xff,0xf3,0x00,0x00,0x00,0x00,0x00,0x00,0x00,0x00,0x00,0x00,0x1d,0xff,
0xff,0xf3,0x00,0x00,0x00,0x00,0x00,0x00,0x00,0x00,0x00,0x00,0x1d,0xff,0xff,0xf4,0x00,0x00,0x00,0x00,0x00,0x00,0x00,0x00,
0x00,0x00,0x1d,0xff,0xff,0xf4,0x00,0x00,0x00,0x00,0x00,0x00,0x00,0x00,0x00,0x00,0x0c,0xff,0xff,0xf4,0x00,0x00,0x00,0x00,
0x00,0x00,0x00,0x00,0x00,0x00,0x0c,0xff,0xff,0xf5,0x00,0x00,0x00,0x00,0x00,0x00,0x00,0x00,0x00,0x00,0x0b,0xff,0xff,0xf5,
0x00,0x00,0x00,0x00,0x00,0x00,0x00,0x00,0x00,0x00,0x0b,0xff,0xff,0xfe,0xbb,0xbb,0xbb,0xbb,0xbb,0xbb,0xbb,0xbb,0xbb,0xbb,
0x38,0xff,0xff,0xff,0xff,0xff,0xff,0xff,0xff,0xff,0xff,0xff,0xff,0xff,0xf5,0x9f,0xff,0xff,0xff,0xff,0xff,0xff,0xff,0xff,
0xff,0xff,0xff,0xff,0xff,0x59,0xff,0xff,0xff,0xff,0xff,0xff,0xff,0xff,0xff,0xff,0xff,0xff,0xff,0xf5,0x9f,0xff,0xff,0xff,
0xff,0xff,0xff,0xff,0xff,0xff,0xff,0xff,0xff,0xff,0x50,0x00,0x00,0x00,0x00,0x00,0x27,0xac,0xdf,0xec,0xb9,0x40,0x00,0x00,
0x00,0x00,0x00,0x00,0x00,0x00,0x07,0xdf,0xff,0xff,0xff,0xff,0xff,0xe9,0x10,0x00,0x00,0x00,0x00,0x00,0x00,0x3d,0xff,0xff,
0xff,0xff,0xff,0xff,0xff,0xff,0x70,0x00,0x00,0x00,0x00,0x00,0x6f,0xff,0xff,0xff,0xff,0xff,0xff,0xff,0xff,0xff,0xb0,0x00,
0x00,0x00,0x00,0x5f,0xff,0xff,0xff,0xfc,0xb9,0xac,0xef,0xff,0xff,0xff,0x90,0x00,0x00,0x00,0x3f,0xff,0xff,0xfd,0x50,0x00,
0x00,0x00,0x4b,0xff,0xff,0xff,0x60,0x00,0x00,0x0c,0xff,0xff,0xfb,0x10,0x00,0x00,0x00,0x00,0x06,0xff,0xff,0xfe,0x00,0x00,
0x04,0xff,0xff,0xf7,0x00,0x00,0x00,0x00,0x00,0x00,0x08,0xff,0xff,0xf5,0x00,0x00,0xbf,0xff,0xfa,0x00,0x00,0x00,0x00,0x00,
0x00,0x00,0x0f,0xff,0xff,0xa0,0x00,0x0f,0xff,0xff,0x20,0x00,0x00,0x00,0x00,0x00,0x00,0x00,0x9f,0xff,0xfc,0x00,0x03,0xff,
0xff,0xe0,0x00,0x00,0x00,0x00,0x00,0x00,0x00,0x07,0xff,0xff,0xe0,0x00,0x5c,0xcc,0xc8,0x00,0x00,0x00,0x00,0x00,0x00,0x00,
0x00,0x5f,0xff,0xfe,0x00,0x00,0x00,0x00,0x00,0x00,0x00,0x00,0x00,0x00,0x00,0x00,0x07,0xff,0xff,0xc0,0x00,0x00,0x00,0x00,
0x00,0x00,0x00,0x00,0x00,0x00,0x00,0x00,0x9f,0xff,0xfa,0x00,0x00,0x00,0x00,0x00,0x00,0x00,0x00,0x00,0x00,0x00,0x00,0x1f,
0xff,0xff,0x40,0x00,0x00,0x00,0x00,0x00,0x00,0x00,0x00,0x00,0x00,0x00,0x08,0xff,0xff,0xd0,0x00,0x00,0x00,0x00,0x00,0x00,
0x00,0x00,0x00,0x00,0x00,0x06,0xff,0xff,0xf3,0x00,0x00,0x00,0x00,0x00,0x00,0x00,0x00,0x00,0x00,0x00,0x19,0xff,0xff,0xf6,
0x00,0x00,0x00,0x00,0x00,0x00,0x00,0x00,0x00,0x01,0x35,0xaf,0xff,0xff,0xf4,0x00,0x00,0x00,0x00,0x00,0x00,0x00,0x0f,0xff,
0xff,0xff,0xff,0xff,0xfd,0x71,0x00,0x00,0x00,0x00,0x00,0x00,0x00,0x00,0xff,0xff,0xff,0xff,0xff,0xa4,0x00,0x00,0x00,0x00,
0x00,0x00,0x00,0x00,0x00,0x0f,0xff,0xff,0xff,0xff,0xfe,0xa6,0x30,0x00,0x00,0x00,0x00,0x00,0x00,0x00,0x00,0xff,0xff,0xff,
0xff,0xff,0xff,0xff,0xc3,0x00,0x00,0x00,0x00,0x00,0x00,0x00,0x06,0x66,0x66,0x68,0xad,0xff,0xff,0xff,0xf8,0x00,0x00,0x00,
0x00,0x00,0x00,0x00,0x00,0x00,0x00,0x00,0x01,0x8f,0xff,0xff,0xfb,0x00,0x00,0x00,0x00,0x00,0x00,0x00,0x00,0x00,0x00,0x00,
0x00,0x1a,0xff,0xff,0xf6,0x00,0x00,0x00,0x00,0x00,0x00,0x00,0x00,0x00,0x00,0x00,0x00,0x0c,0xff,0xff,0xf2,0x00,0x00,0x00,
0x00,0x00,0x00,0x00,0x00,0x00,0x00,0x00,0x00,0x2f,0xff,0xff,0xa0,0x00,0x00,0x00,0x00,0x00,0x00,0x00,0x00,0x00,0x00,0x00,
0x00,0x9f,0xff,0xfd,0x00,0x00,0x00,0x00,0x00,0x00,0x00,0x00,0x00,0x00,0x00,0x00,0x06,0xff,0xff,0xf0,0x00,0x00,0x00,0x00,
0x00,0x00,0x00,0x00,0x00,0x00,0x00,0x00,0x3f,0xff,0xff,0x30,0x33,0x33,0x20,0x00,0x00,0x00,0x00,0x00,0x00,0x00,0x00,0x00,
0xff,0xff,0xf4,0x3f,0xff,0xfe,0x00,0x00,0x00,0x00,0x00,0x00,0x00,0x00,0x00,0x2f,0xff,0xff,0x30,0xff,0xff,0xf2,0x00,0x00,
0x00,0x00,0x00,0x00,0x00,0x00,0x04,0xff,0xff,0xf0,0x0c,0xff,0xff,0x80,0x00,0x00,0x00,0x00,0x00,0x00,0x00,0x00,0xbf,0xff,
0xfe,0x00,0x7f,0xff,0xff,0x20,0x00,0x00,0x00,0x00,0x00,0x00,0x00,0x4f,0xff,0xff,0x80,0x00,0xef,0xff,0xfe,0x20,0x00,0x00,
0x00,0x00,0x00,0x00,0x2f,0xff,0xff,0xf1,0x00,0x06,0xff,0xff,0xfe,0x60,0x00,0x00,0x00,0x00,0x00,0x6f,0xff,0xff,0xf8,0x00,
0x00,0x0b,0xff,0xff,0xff,0xd8,0x30,0x00,0x00,0x38,0xdf,0xff,0xff,0xfb,0x00,0x00,0x00,0x0b,0xff,0xff,0xff,0xff,0xff,0xef,
0xff,0xff,0xff,0xff,0xfc,0x00,0x00,0x00,0x00,0x0a,0xff,0xff,0xff,0xff,0xff,0xff,0xff,0xff,0xff,0xfa,0x10,0x00,0x00,0x00,
0x00,0x04,0xdf,0xff,0xff,0xff,0xff,0xff,0xff,0xff,0xe4,0x00,0x00,0x00,0x00,0x00,0x00,0x00,0x5a,0xff,0xff,0xff,0xff,0xff,
0xfb,0x50,0x00,0x00,0x00,0x00,0x00,0x00,0x00,0x00,0x00,0x46,0x89,0xa9,0x86,0x40,0x00,0x00,0x00,0x00,0x00,0x00,0x00,0x00,
0x00,0x00,0x00,0x00,0x00,0x00,0x14,0x44,0x44,0x44,0x20,0x00,0x00,0x00,0x00,0x00,0x00,0x00,0x00,0x00,0x00,0x00,0x0a,0xff,
0xff,0xff,0xf9,0x00,0x00,0x00,0x00,0x00,0x00,0x00,0x00,0x00,0x00,0x00,0x05,0xff,0xff,0xff,0xff,0x90,0x00,0x00,0x00,0x00,
0x00,0x00,0x00,0x00,0x00,0x00,0x01,0xef,0xff,0xff,0xff,0xf9,0x00,0x00,0x00,0x00,0x00,0x00,0x00,0x00,0x00,0x00,0x00,0x9f,
0xff,0xff,0xff,0xff,0x90,0x00,0x00,0x00,0x00,0x00,0x00,0x00,0x00,0x00,0x00,0x4f,0xff,0xff,0xbf,0xff,0xf9,0x00,0x00,0x00,
0x00,0x00,0x00,0x00,0x00,0x00,0x00,0x0d,0xff,0xff,0x87,0xff,0xff,0x90,0x00,0x00,0x00,0x00,0x00,0x00,0x00,0x00,0x00,0x08,
0xff,0xff,0xd0,0x7f,0xff,0xf9,0x00,0x00,0x00,0x00,0x00,0x00,0x00,0x00,0x00,0x03,0xff,0xff,0xf3,0x07,0xff,0xff,0x90,0x00,
0x00,0x00,0x00,0x00,0x00,0x00,0x00,0x00,0xdf,0xff,0xf9,0x00,0x7f,0xff,0xf9,0x00,0x00,0x00,0x00,0x00,0x00,0x00,0x00,0x00,
0x7f,0xff,0xfd,0x00,0x07,0xff,0xff,0x90,0x00,0x00,0x00,0x00,0x00,0x00,0x00,0x00,0x2f,0xff,0xff,0x40,0x00,0x7f,0xff,0xf9,
0x00,0x00,0x00,0x00,0x00,0x00,0x00,0x00,0x0c,0xff,0xff,0x90,0x00,0x07,0xff,0xff,0x90,0x00,0x00,0x00,0x00,0x00,0x00,0x00,
0x06,0xff,0xff,0xe0,0x00,0x00,0x7f,0xff,0xf9,0x00,0x00,0x00,0x00,0x00,0x00,0x00,0x01,0xff,0xff,0xf4,0x00,0x00,0x07,0xff,
0xff,0x90,0x00,0x00,0x00,0x00,0x00,0x00,0x00,0xbf,0xff,0xfa,0x00,0x00,0x00,0x7f,0xff,0xf9,0x00,0x00,0x00,0x00,0x00,0x00,
0x00,0x5f,0xff,0xfe,0x10,0x00,0x00,0x07,0xff,0xff,0x90,0x00,0x00,0x00,0x00,0x00,0x00,0x1e,0xff,0xff,0x50,0x00,0x00,0x00,
0x7f,0xff,0xf9,0x00,0x00,0x00,0x00,0x00,0x00,0x0a,0xff,0xff,0xa0,0x00,0x00,0x00,0x07,0xff,0xff,0x90,0x00,0x00,0x00,0x00,
0x00,0x04,0xff,0xff,0xe1,0x00,0x00,0x00,0x00,0x7f,0xff,0xf9,0x00,0x00,0x00,0x00,0x00,0x00,0xef,0xff,0xf5,0x00,0x00,0x00,
0x00,0x07,0xff,0xff,0x90,0x00,0x00,0x00,0x00,0x00,0x9f,0xff,0xfb,0x00,0x00,0x00,0x00,0x00,0x7f,0xff,0xf9,0x00,0x00,0x00,
0x00,0x00,0x3f,0xff,0xff,0x10,0x00,0x00,0x00,0x00,0x07,0xff,0xff,0x90,0x00,0x00,0x00,0x00,0x0d,0xff,0xff,0x60,0x00,0x00,
0x00,0x00,0x00,0x7f,0xff,0xf9,0x00,0x00,0x00,0x00,0x08,0xff,0xff,0xb0,0x00,0x00,0x00,0x00,0x00,0x07,0xff,0xff,0x90,0x00,
0x00,0x00,0x03,0xff,0xff,0xf2,0x00,0x00,0x00,0x00,0x00,0x00,0x7f,0xff,0xf9,0x00,0x00,0x00,0x00,0xcf,0xff,0xf6,0x00,0x00,
0x00,0x00,0x00,0x00,0x07,0xff,0xff,0x90,0x00,0x00,0x00,0x7f,0xff,0xfc,0x00,0x00,0x00,0x00,0x00,0x00,0x00,0x7f,0xff,0xf9,
0x00,0x00,0x00,0x2f,0xff,0xff,0x20,0x00,0x00,0x00,0x00,0x00,0x00,0x07,0xff,0xff,0x90,0x00,0x00,0x0a,0xff,0xff,0xc6,0x66,
0x66,0x66,0x66,0x66,0x66,0x66,0xbf,0xff,0xfc,0x66,0x66,0x64,0xbf,0xff,0xff,0xff,0xff,0xff,0xff,0xff,0xff,0xff,0xff,0xff,
0xff,0xff,0xff,0xff,0x9b,0xff,0xff,0xff,0xff,0xff,0xff,0xff,0xff,0xff,0xff,0xff,0xff,0xff,0xff,0xff,0xf9,0xbf,0xff,0xff,
0xff,0xff,0xff,0xff,0xff,0xff,0xff,0xff,0xff,0xff,0xff,0xff,0xff,0x9b,0xff,0xff,0xff,0xff,0xff,0xff,0xff,0xff,0xff,0xff,
0xff,0xff,0xff,0xff,0xff,0xf9,0x23,0x33,0x33,0x33,0x33,0x33,0x33,0x33,0x33,0x33,0x39,0xff,0xff,0xb3,0x33,0x33,0x20,0x00,
0x00,0x00,0x00,0x00,0x00,0x00,0x00,0x00,0x00,0x7f,0xff,0xf9,0x00,0x00,0x00,0x00,0x00,0x00,0x00,0x00,0x00,0x00,0x00,0x00,
0x00,0x07,0xff,0xff,0x90,0x00,0x00,0x00,0x00,0x00,0x00,0x00,0x00,0x00,0x00,0x00,0x00,0x00,0x7f,0xff,0xf9,0x00,0x00,0x00,
0x00,0x00,0x00,0x00,0x00,0x00,0x00,0x00,0x00,0x00,0x07,0xff,0xff,0x90,0x00,0x00,0x00,0x00,0x00,0x00,0x00,0x00,0x00,0x00,
0x00,0x00,0x00,0x7f,0xff,0xf9,0x00,0x00,0x00,0x00,0x00,0x00,0x00,0x00,0x00,0x00,0x00,0x00,0x00,0x07,0xff,0xff,0x90,0x00,
0x00,0x00,0x00,0x00,0x00,0x00,0x00,0x00,0x00,0x00,0x00,0x00,0x7f,0xff,0xf9,0x00,0x00,0x00,0x00,0x00,0x00,0x00,0x00,0x00,
0x00,0x00,0x00,0x00,0x07,0xff,0xff,0x90,0x00,0x00,0x00,0x00,0x02,0x44,0x44,0x44,0x44,0x44,0x44,0x44,0x44,0x44,0x44,0x44,
0x42,0x00,0x00,0x0a,0xff,0xff,0xff,0xff,0xff,0xff,0xff,0xff,0xff,0xff,0xff,0xf9,0x00,0x00,0x0b,0xff,0xff,0xff,0xff,0xff,
0xff,0xff,0xff,0xff,0xff,0xff,0xf9,0x00,0x00,0x0d,0xff,0xff,0xff,0xff,0xff,0xff,0xff,0xff,0xff,0xff,0xff,0xf9,0x00,0x00,
0x0e,0xff,0xff,0xff,0xff,0xff,0xff,0xff,0xff,0xff,0xff,0xff,0xf9,0x00,0x00,0x0f,0xff,0xfd,0x66,0x66,0x66,0x66,0x66,0x66,
0x66,0x66,0x66,0x64,0x00,0x00,0x1f,0xff,0xfa,0x00,0x00,0x00,0x00,0x00,0x00,0x00,0x00,0x00,0x00,0x00,0x00,0x3f,0xff,0xf8,
0x00,0x00,0x00,0x00,0x00,0x00,0x00,0x00,0x00,0x00,0x00,0x00,0x4f,0xff,0xf7,0x00,0x00,0x00,0x00,0x00,0x00,0x00,0x00,0x00,
0x00,0x00,0x00,0x5f,0xff,0xf5,0x00,0x00,0x00,0x00,0x00,0x00,0x00,0x00,0x00,0x00,0x00,0x00,0x7f,0xff,0xf3,0x00,0x00,0x00,
0x00,0x00,0x00,0x00,0x00,0x00,0x00,0x00,0x00,0x8f,0xff,0xf2,0x00,0x00,0x00,0x00,0x00,0x00,0x00,0x00,0x00,0x00,0x00,0x00,
0xaf,0xff,0xf0,0x00,0x00,0x00,0x00,0x00,0x00,0x00,0x00,0x00,0x00,0x00,0x00,0xbf,0xff,0xe0,0x00,0x00,0x00,0x00,0x00,0x00,
0x00,0x00,0x00,0x00,0x00,0x00,0xdf,0xff,0xd0,0x00,0x00,0x00,0x00,0x00,0x00,0x00,0x00,0x00,0x00,0x00,0x00,0xef,0xff,0xb0,
0x00,0x00,0x46,0x8a,0xb9,0x75,0x10,0x00,0x00,0x00,0x00,0x00,0xff,0xff,0xa0,0x01,0x7e,0xff,0xff,0xff,0xff,0xfa,0x30,0x00,
0x00,0x00,0x01,0xff,0xff,0x80,0x6f,0xff,0xff,0xff,0xff,0xff,0xff,0xfb,0x10,0x00,0x00,0x02,0xff,0xff,0x66,0xff,0xff,0xff,
0xff,0xff,0xff,0xff,0xff,0xe3,0x00,0x00,0x04,0xff,0xff,0xcf,0xff,0xff,0xff,0xed,0xff,0xff,0xff,0xff,0xff,0x40,0x00,0x05,
0xff,0xff,0xff,0xff,0xc5,0x30,0x00,0x01,0x6c,0xff,0xff,0xff,0xe1,0x00,0x07,0xff,0xff,0xff,0xe6,0x00,0x00,0x00,0x00,0x00,
0x5f,0xff,0xff,0xfc,0x00,0x08,0xff,0xff,0xfb,0x10,0x00,0x00,0x00,0x00,0x00,0x02,0xef,0xff,0xff,0x60,0x0a,0xff,0xff,0xc0,
0x00,0x00,0x00,0x00,0x00,0x00,0x00,0x3f,0xff,0xff,0xc0,0x09,0xdd,0xdd,0x20,0x00,0x00,0x00,0x00,0x00,0x00,0x00,0x07,0xff,
0xff,0xf3,0x00,0x00,0x00,0x00,0x00,0x00,0x00,0x00,0x00,0x00,0x00,0x01,0xff,0xff,0xf8,0x00,0x00,0x00,0x00,0x00,0x00,0x00,
0x00,0x00,0x00,0x00,0x00,0xaf,0xff,0xfb,0x00,0x00,0x00,0x00,0x00,0x00,0x00,0x00,0x00,0x00,0x00,0x00,0x7f,0xff,0xfc,0x00,
0x00,0x00,0x00,0x00,0x00,0x00,0x00,0x00,0x00,0x00,0x00,0x5f,0xff,0xfe,0x00,0x00,0x00,0x00,0x00,0x00,0x00,0x00,0x00,0x00,
0x00,0x00,0x4f,0xff,0xff,0x00,0x00,0x00,0x00,0x00,0x00,0x00,0x00,0x00,0x00,0x00,0x00,0x6f,0xff,0xfd,0x48,0x88,0x85,0x00,
0x00,0x00,0x00,0x00,0x00,0x00,0x00,0x00,0x7f,0xff,0xfc,0x5f,0xff,0xfe,0x00,0x00,0x00,0x00,0x00,0x00,0x00,0x00,0x00,0xbf,
0xff,0xfa,0x2f,0xff,0xff,0x20,0x00,0x00,0x00,0x00,0x00,0x00,0x00,0x02,0xff,0xff,0xf6,0x0e,0xff,0xff,0xa0,0x00,0x00,0x00,
0x00,0x00,0x00,0x00,0x09,0xff,0xff,0xf1,0x08,0xff,0xff,0xf5,0x00,0x00,0x00,0x00,0x00,0x00,0x00,0x4f,0xff,0xff,0x90,0x01,
0xff,0xff,0xff,0x70,0x00,0x00,0x00,0x00,0x00,0x03,0xef,0xff,0xff,0x30,0x00,0x7f,0xff,0xff,0xfa,0x00,0x00,0x00,0x00,0x00,
0x7f,0xff,0xff,0xf8,0x00,0x00,0x0b,0xff,0xff,0xff,0xe8,0x31,0x00,0x13,0x8e,0xff,0xff,0xff,0xb0,0x00,0x00,0x00,0xcf,0xff,
0xff,0xff,0xff,0xff,0xff,0xff,0xff,0xff,0xfd,0x10,0x00,0x00,0x00,0x1a,0xff,0xff,0xff,0xff,0xff,0xff,0xff,0xff,0xff,0x90,
0x00,0x00,0x00,0x00,0x00,0x5e,0xff,0xff,0xff,0xff,0xff,0xff,0xff,0xe5,0x00,0x00,0x00,0x00,0x00,0x00,0x00,0x6b,0xff,0xff,
0xff,0xff,0xff,0xb5,0x00,0x00,0x00,0x00,0x00,0x00,0x00,0x00,0x00,0x15,0x78,0xaa,0x86,0x41,0x00,0x00,0x00,0x00,0x00,0x00,
0x00,0x00,0x00,0x00,0x00,0x57,0x9c,0xef,0xdc,0xa5,0x00,0x00,0x00,0x00,0x00,0x00,0x00,0x00,0x00,0x00,0x6e,0xff,0xff,0xff,
0xff,0xff,0xfb,0x20,0x00,0x00,0x00,0x00,0x00,0x00,0x00,0x6e,0xff,0xff,0xff,0xff,0xff,0xff,0xff,0xf9,0x10,0x00,0x00,0x00,
0x00,0x00,0x09,0xff,0xff,0xff,0xff,0xff,0xff,0xff,0xff,0xff,0xd1,0x00,0x00,0x00,0x00,0x00,0x8f,0xff,0xff,0xff,0xfe,0xcc,
0xff,0xff,0xff,0xff,0xfd,0x10,0x00,0x00,0x00,0x08,0xff,0xff,0xff,0xd4,0x10,0x00,0x01,0x4c,0xff,0xff,0xff,0xc0,0x00,0x00,
0x00,0x4f,0xff,0xff,0xf7,0x00,0x00,0x00,0x00,0x00,0x7f,0xff,0xff,0xf6,0x00,0x00,0x00,0xdf,0xff,0xff,0x30,0x00,0x00,0x00,
0x00,0x00,0x02,0xff,0xff,0xff,0x10,0x00,0x05,0xff,0xff,0xf6,0x00,0x00,0x00,0x00,0x00,0x00,0x00,0x7f,0xff,0xff,0x60,0x00,
0x0d,0xff,0xff,0xa0,0x00,0x00,0x00,0x00,0x00,0x00,0x00,0x0d,0xff,0xff,0xb0,0x00,0x6f,0xff,0xff,0x20,0x00,0x00,0x00,0x00,
0x00,0x00,0x00,0x04,0xaa,0xaa,0xa0,0x00,0xaf,0xff,0xfb,0x00,0x00,0x00,0x00,0x00,0x00,0x00,0x00,0x00,0x00,0x00,0x00,0x00,
0xef,0xff,0xf4,0x00,0x00,0x00,0x00,0x00,0x00,0x00,0x00,0x00,0x00,0x00,0x00,0x03,0xff,0xff,0xf0,0x00,0x00,0x00,0x00,0x00,
0x00,0x00,0x00,0x00,0x00,0x00,0x00,0x07,0xff,0xff,0xb0,0x00,0x00,0x00,0x00,0x00,0x00,0x00,0x00,0x00,0x00,0x00,0x00,0x0b,
0xff,0xff,0x70,0x00,0x00,0x01,0x58,0x9a,0x97,0x53,0x00,0x00,0x00,0x00,0x00,0x0e,0xff,0xff,0x40,0x00,0x03,0xbf,0xff,0xff,
0xff,0xff,0xd6,0x00,0x00,0x00,0x00,0x0f,0xff,0xff,0x10,0x00,0x9f,0xff,0xff,0xff,0xff,0xff,0xff,0xf6,0x00,0x00,0x00,0x0f,
0xff,0xff,0x00,0x5e,0xff,0xff,0xff,0xff,0xff,0xff,0xff,0xff,0xa0,0x00,0x00,0x1f,0xff,0xff,0x05,0xff,0xff,0xff,0xff,0xff,
0xff,0xff,0xff,0xff,0xfc,0x00,0x00,0x2f,0xff,0xfd,0x2f,0xff,0xff,0xd7,0x31,0x00,0x25,0xaf,0xff,0xff,0xff,0xa0,0x00,0x4f,
0xff,0xfc,0xcf,0xff,0xf5,0x00,0x00,0x00,0x00,0x01,0xbf,0xff,0xff,0xf6,0x00,0x5f,0xff,0xff,0xff,0xfd,0x20,0x00,0x00,0x00,
0x00,0x00,0x08,0xff,0xff,0xff,0x00,0x4f,0xff,0xff,0xff,0xe2,0x00,0x00,0x00,0x00,0x00,0x00,0x00,0xaf,0xff,0xff,0x60,0x3f,
0xff,0xff,0xff,0x50,0x00,0x00,0x00,0x00,0x00,0x00,0x00,0x0e,0xff,0xff,0xd0,0x2f,0xff,0xff,0xfd,0x00,0x00,0x00,0x00,0x00,
0x00,0x00,0x00,0x08,0xff,0xff,0xf3,0x1f,0xff,0xff,0xf7,0x00,0x00,0x00,0x00,0x00,0x00,0x00,0x00,0x01,0xff,0xff,0xf5,0x0f,
0xff,0xff,0xf3,0x00,0x00,0x00,0x00,0x00,0x00,0x00,0x00,0x00,0xef,0xff,0xf7,0x0e,0xff,0xff,0xf1,0x00,0x00,0x00,0x00,0x00,
0x00,0x00,0x00,0x00,0xcf,0xff,0xf9,0x0a,0xff,0xff,0xf0,0x00,0x00,0x00,0x00,0x00,0x00,0x00,0x00,0x00,0xbf,0xff,0xfa,0x06,
0xff,0xff,0xf2,0x00,0x00,0x00,0x00,0x00,0x00,0x00,0x00,0x00,0xcf,0xff,0xf8,0x03,0xff,0xff,0xf4,0x00,0x00,0x00,0x00,0x00,
0x00,0x00,0x00,0x00,0xef,0xff,0xf6,0x00,0xef,0xff,0xf9,0x00,0x00,0x00,0x00,0x00,0x00,0x00,0x00,0x03,0xff,0xff,0xf4,0x00,
0x8f,0xff,0xff,0x00,0x00,0x00,0x00,0x00,0x00,0x00,0x00,0x09,0xff,0xff,0xf1,0x00,0x1f,0xff,0xff,0x80,0x00,0x00,0x00,0x00,
0x00,0x00,0x00,0x2f,0xff,0xff,0xb0,0x00,0x0a,0xff,0xff,0xf4,0x00,0x00,0x00,0x00,0x00,0x00,0x00,0xdf,0xff,0xff,0x40,0x00,
0x02,0xff,0xff,0xfe,0x40,0x00,0x00,0x00,0x00,0x00,0x1b,0xff,0xff,0xfd,0x00,0x00,0x00,0x5f,0xff,0xff,0xf8,0x00,0x00,0x00,
0x00,0x04,0xef,0xff,0xff,0xf2,0x00,0x00,0x00,0x09,0xff,0xff,0xff,0xe8,0x42,0x01,0x36,0xdf,0xff,0xff,0xff,0x50,0x00,0x00,
0x00,0x00,0xaf,0xff,0xff,0xff,0xff,0xff,0xff,0xff,0xff,0xff,0xf8,0x00,0x00,0x00,0x00,0x00,0x08,0xff,0xff,0xff,0xff,0xff,
0xff,0xff,0xff,0xfe,0x50,0x00,0x00,0x00,0x00,0x00,0x00,0x4d,0xff,0xff,0xff,0xff,0xff,0xff,0xff,0xc1,0x00,0x00,0x00,0x00,
0x00,0x00,0x00,0x00,0x5c,0xff,0xff,0xff,0xff,0xff,0x93,0x00,0x00,0x00,0x00,0x00,0x00,0x00,0x00,0x00,0x00,0x15,0x79,0xa9,
0x86,0x40,0x00,0x00,0x00,0x00,0x00,0x34,0x44,0x44,0x44,0x44,0x44,0x44,0x44,0x44,0x44,0x44,0x44,0x44,0x44,0x0c,0xff,0xff,
0xff,0xff,0xff,0xff,0xff,0xff,0xff,0xff,0xff,0xff,0xff,0xf3,0xcf,0xff,0xff,0xff,0xff,0xff,0xff,0xff,0xff,0xff,0xff,0xff,
0xff,0xff,0x3c,0xff,0xff,0xff,0xff,0xff,0xff,0xff,0xff,0xff,0xff,0xff,0xff,0xff,0xf3,0xcf,0xff,0xff,0xff,0xff,0xff,0xff,
0xff,0xff,0xff,0xff,0xff,0xff,0xff,0x35,0x66,0x66,0x66,0x66,0x66,0x66,0x66,0x66,0x66,0x66,0x67,0xff,0xff,0xf2,0x00,0x00,
0x00,0x00,0x00,0x00,0x00,0x00,0x00,0x00,0x00,0x8f,0xff,0xfc,0x00,0x00,0x00,0x00,0x00,0x00,0x00,0x00,0x00,0x00,0x00,0x1f,
0xff,0xff,0x40,0x00,0x00,0x00,0x00,0x00,0x00,0x00,0x00,0x00,0x00,0x08,0xff,0xff,0xc0,0x00,0x00,0x00,0x00,0x00,0x00,0x00,
0x00,0x00,0x00,0x01,0xff,0xff,0xf4,0x00,0x00,0x00,0x00,0x00,0x00,0x00,0x00,0x00,0x00,0x00,0x8f,0xff,0xfb,0x00,0x00,0x00,
0x00,0x00,0x00,0x00,0x00,0x00,0x00,0x00,0x1f,0xff,0xff,0x30,0x00,0x00,0x00,0x00,0x00,0x00,0x00,0x00,0x00,0x00,0x09,0xff,
0xff,0xb0,0x00,0x00,0x00,0x00,0x00,0x00,0x00,0x00,0x00,0x00,0x01,0xff,0xff,0xf3,0x00,0x00,0x00,0x00,0x00,0x00,0x00,0x00,
0x00,0x00,0x00,0x9f,0xff,0xfb,0x00,0x00,0x00,0x00,0x00,0x00,0x00,0x00,0x00,0x00,0x00,0x1f,0xff,0xff,0x30,0x00,0x00,0x00,
0x00,0x00,0x00,0x00,0x00,0x00,0x00,0x09,0xff,0xff,0xb0,0x00,0x00,0x00,0x00,0x00,0x00,0x00,0x00,0x00,0x00,0x02,0xff,0xff,
0xf3,0x00,0x00,0x00,0x00,0x00,0x00,0x00,0x00,0x00,0x00,0x00,0xaf,0xff,0xfb,0x00,0x00,0x00,0x00,0x00,0x00,0x00,0x00,0x00,
0x00,0x00,0x2f,0xff,0xff,0x30,0x00,0x00,0x00,0x00,0x00,0x00,0x00,0x00,0x00,0x00,0x0a,0xff,0xff,0xb0,0x00,0x00,0x00,0x00,
0x00,0x00,0x00,0x00,0x00,0x00,0x02,0xff,0xff,0xf3,0x00,0x00,0x00,0x00,0x00,0x00,0x00,0x00,0x00,0x00,0x00,0xaf,0xff,0xfb,
0x00,0x00,0x00,0x00,0x00,0x00,0x00,0x00,0x00,0x00,0x00,0x3f,0xff,0xff,0x30,0x00,0x00,0x00,0x00,0x00,0x00,0x00,0x00,0x00,
0x00,0x0b,0xff,0xff,0xb0,0x00,0x00,0x00,0x00,0x00,0x00,0x00,0x00,0x00,0x00,0x03,0xff,0xff,0xf3,0x00,0x00,0x00,0x00,0x00,
0x00,0x00,0x00,0x00,0x00,0x00,0xbf,0xff,0xfb,0x00,0x00,0x00,0x00,0x00,0x00,0x00,0x00,0x00,0x00,0x00,0x3f,0xff,0xff,0x30,
0x00,0x00,0x00,0x00,0x00,0x00,0x00,0x00,0x00,0x00,0x0b,0xff,0xff,0xb0,0x00,0x00,0x00,0x00,0x00,0x00,0x00,0x00,0x00,0x00,
0x03,0xff,0xff,0xf3,0x00,0x00,0x00,0x00,0x00,0x00,0x00,0x00,0x00,0x00,0x00,0xcf,0xff,0xfa,0x00,0x00,0x00,0x00,0x00,0x00,
0x00,0x00,0x00,0x00,0x00,0x4f,0xff,0xff,0x20,0x00,0x00,0x00,0x00,0x00,0x00,0x00,0x00,0x00,0x00,0x0c,0xff,0xff,0xa0,0x00,
0x00,0x00,0x00,0x00,0x00,0x00,0x00,0x00,0x00,0x04,0xff,0xff,0xf2,0x00,0x00,0x00,0x00,0x00,0x00,0x00,0x00,0x00,0x00,0x00,
0xcf,0xff,0xfa,0x00,0x00,0x00,0x00,0x00,0x00,0x00,0x00,0x00,0x00,0x00,0x4f,0xff,0xff,0x20,0x00,0x00,0x00,0x00,0x00,0x00,
0x00,0x00,0x00,0x00,0x0d,0xff,0xff,0xa0,0x00,0x00,0x00,0x00,0x00,0x00,0x00,0x00,0x00,0x00,0x05,0xff,0xff,0xf2,0x00,0x00,
0x00,0x00,0x00,0x00,0x00,0x00,0x00,0x00,0x00,0xdf,0xff,0xfa,0x00,0x00,0x00,0x00,0x00,0x00,0x00,0x00,0x00,0x00,0x00,0x5f,
0xff,0xff,0x20,0x00,0x00,0x00,0x00,0x00,0x00,0x00,0x00,0x00,0x00,0x0d,0xff,0xff,0xa0,0x00,0x00,0x00,0x00,0x00,0x00,0x00,
0x00,0x00,0x00,0x05,0xff,0xff,0xf2,0x00,0x00,0x00,0x00,0x00,0x00,0x00,0x00,0x00,0x00,0x00,0xdf,0xff,0xfa,0x00,0x00,0x00,
0x00,0x00,0x00,0x00,0x00,0x00,0x00,0x00,0x00,0x00,0x00,0x00,0x16,0xab,0xde,0xed,0xba,0x61,0x00,0x00,0x00,0x00,0x00,0x00,
0x00,0x00,0x00,0x4b,0xff,0xff,0xff,0xff,0xff,0xff,0xb4,0x00,0x00,0x00,0x00,0x00,0x00,0x00,0x1b,0xff,0xff,0xff,0xff,0xff,
0xff,0xff,0xff,0xa1,0x00,0x00,0x00,0x00,0x00,0x04,0xff,0xff,0xff,0xff,0xff,0xff,0xff,0xff,0xff,0xff,0x30,0x00,0x00,0x00,
0x00,0x3f,0xff,0xff,0xff,0xfd,0xb9,0x9b,0xdf,0xff,0xff,0xff,0xf3,0x00,0x00,0x00,0x01,0xef,0xff,0xff,0xf7,0x20,0x00,0x00,
0x02,0x8f,0xff,0xff,0xfe,0x10,0x00,0x00,0x09,0xff,0xff,0xfc,0x10,0x00,0x00,0x00,0x00,0x02,0xcf,0xff,0xff,0x90,0x00,0x00,
0x1f,0xff,0xff,0xd1,0x00,0x00,0x00,0x00,0x00,0x00,0x1d,0xff,0xff,0xf1,0x00,0x00,0x7f,0xff,0xff,0x30,0x00,0x00,0x00,0x00,
0x00,0x00,0x03,0xff,0xff,0xf6,0x00,0x00,0x9f,0xff,0xfc,0x00,0x00,0x00,0x00,0x00,0x00,0x00,0x00,0xcf,0xff,0xf9,0x00,0x00,
0xbf,0xff,0xf8,0x00,0x00,0x00,0x00,0x00,0x00,0x00,0x00,0x9f,0xff,0xfb,0x00,0x00,0xcf,0xff,0xf6,0x00,0x00,0x00,0x00,0x00,
0x00,0x00,0x00,0x7f,0xff,0xfc,0x00,0x00,0x9f,0xff,0xf8,0x00,0x00,0x00,0x00,0x00,0x00,0x00,0x00,0x8f,0xff,0xf9,0x00,0x00,
0x7f,0xff,0xfb,0x00,0x00,0x00,0x00,0x00,0x00,0x00,0x00,0xbf,0xff,0xf7,0x00,0x00,0x3f,0xff,0xff,0x20,0x00,0x00,0x00,0x00,
0x00,0x00,0x02,0xff,0xff,0xf2,0x00,0x00,0x0a,0xff,0xff,0xb0,0x00,0x00,0x00,0x00,0x00,0x00,0x0b,0xff,0xff,0xa0,0x00,0x00,
0x01,0xff,0xff,0xfa,0x00,0x00,0x00,0x00,0x00,0x00,0xaf,0xff,0xff,0x10,0x00,0x00,0x00,0x4f,0xff,0xff,0xd4,0x00,0x00,0x00,
0x00,0x5d,0xff,0xff,0xf4,0x00,0x00,0x00,0x00,0x03,0xef,0xff,0xff,0xea,0x86,0x68,0xae,0xff,0xff,0xfe,0x30,0x00,0x00,0x00,
0x00,0x00,0x19,0xff,0xff,0xff,0xff,0xff,0xff,0xff,0xff,0x81,0x00,0x00,0x00,0x00,0x00,0x00,0x00,0x1b,0xff,0xff,0xff,0xff,
0xff,0xff,0xb1,0x00,0x00,0x00,0x00,0x00,0x00,0x00,0x18,0xef,0xff,0xff,0xff,0xff,0xff,0xff,0xfe,0x81,0x00,0x00,0x00,0x00,
0x00,0x06,0xff,0xff,0xff,0xff,0xff,0xff,0xff,0xff,0xff,0xff,0x60,0x00,0x00,0x00,0x00,0xaf,0xff,0xff,0xff,0xb7,0x64,0x46,
0x7b,0xff,0xff,0xff,0xfa,0x00,0x00,0x00,0x0b,0xff,0xff,0xff,0x71,0x00,0x00,0x00,0x00,0x17,0xff,0xff,0xff,0xa0,0x00,0x00,
0x6f,0xff,0xff,0xc1,0x00,0x00,0x00,0x00,0x00,0x00,0x1c,0xff,0xff,0xf6,0x00,0x02,0xff,0xff,0xfc,0x00,0x00,0x00,0x00,0x00,
0x00,0x00,0x00,0xcf,0xff,0xff,0x10,0x08,0xff,0xff,0xf1,0x00,0x00,0x00,0x00,0x00,0x00,0x00,0x00,0x1f,0xff,0xff,0x70,0x0e,
0xff,0xff,0x90,0x00,0x00,0x00,0x00,0x00,0x00,0x00,0x00,0x09,0xff,0xff,0xd0,0x2f,0xff,0xff,0x30,0x00,0x00,0x00,0x00,0x00,
0x00,0x00,0x00,0x04,0xff,0xff,0xf1,0x3f,0xff,0xff,0x10,0x00,0x00,0x00,0x00,0x00,0x00,0x00,0x00,0x01,0xff,0xff,0xf3,0x5f,
0xff,0xff,0x00,0x00,0x00,0x00,0x00,0x00,0x00,0x00,0x00,0x01,0xff,0xff,0xf4,0x3f,0xff,0xff,0x20,0x00,0x00,0x00,0x00,0x00,
0x00,0x00,0x00,0x03,0xff,0xff,0xf3,0x1f,0xff,0xff,0x60,0x00,0x00,0x00,0x00,0x00,0x00,0x00,0x00,0x06,0xff,0xff,0xf0,0x0e,
0xff,0xff,0xd0,0x00,0x00,0x00,0x00,0x00,0x00,0x00,0x00,0x0e,0xff,0xff,0xe0,0x09,0xff,0xff,0xf7,0x00,0x00,0x00,0x00,0x00,
0x00,0x00,0x00,0x8f,0xff,0xff,0x80,0x01,0xff,0xff,0xff,0x70,0x00,0x00,0x00,0x00,0x00,0x00,0x07,0xff,0xff,0xff,0x10,0x00,
0x9f,0xff,0xff,0xfb,0x20,0x00,0x00,0x00,0x00,0x02,0xbf,0xff,0xff,0xf8,0x00,0x00,0x0b,0xff,0xff,0xff,0xfb,0x62,0x00,0x00,
0x26,0xbf,0xff,0xff,0xff,0xb0,0x00,0x00,0x00,0xcf,0xff,0xff,0xff,0xff,0xff,0xff,0xff,0xff,0xff,0xff,0xfc,0x00,0x00,0x00,
0x00,0x09,0xff,0xff,0xff,0xff,0xff,0xff,0xff,0xff,0xff,0xff,0x90,0x00,0x00,0x00,0x00,0x00,0x3c,0xff,0xff,0xff,0xff,0xff,
0xff,0xff,0xff,0xc3,0x00,0x00,0x00,0x00,0x00,0x00,0x00,0x49,0xef,0xff,0xff,0xff,0xff,0xfe,0x94,0x00,0x00,0x00,0x00,0x00,
0x00,0x00,0x00,0x00,0x03,0x67,0x9a,0xa9,0x76,0x30,0x00,0x00,0x00,0x00,0x00,0x00,0x00,0x00,0x00,0x00,0x38,0xac,0xef,0xdc,
0x95,0x10,0x00,0x00,0x00,0x00,0x00,0x00,0x00,0x00,0x01,0x7d,0xff,0xff,0xff,0xff,0xff,0xfa,0x20,0x00,0x00,0x00,0x00,0x00,
0x00,0x00,0x4e,0xff,0xff,0xff,0xff,0xff,0xff,0xff,0xf9,0x00,0x00,0x00,0x00,0x00,0x00,0x09,0xff,0xff,0xff,0xff,0xff,0xff,
0xff,0xff,0xff,0xc1,0x00,0x00,0x00,0x00,0x00,0xbf,0xff,0xff,0xff,0xff,0xdb,0xdf,0xff,0xff,0xff,0xfe,0x20,0x00,0x00,0x00,
0x08,0xff,0xff,0xff,0xe8,0x20,0x00,0x00,0x4a,0xff,0xff,0xff,0xd0,0x00,0x00,0x00,0x5f,0xff,0xff,0xfb,0x10,0x00,0x00,0x00,
0x00,0x3e,0xff,0xff,0xf9,0x00,0x00,0x00,0xef,0xff,0xff,0x80,0x00,0x00,0x00,0x00,0x00,0x01,0xcf,0xff,0xff,0x40,0x00,0x05,
0xff,0xff,0xfb,0x00,0x00,0x00,0x00,0x00,0x00,0x00,0x1e,0xff,0xff,0xc0,0x00,0x0c,0xff,0xff,0xe1,0x00,0x00,0x00,0x00,0x00,
0x00,0x00,0x05,0xff,0xff,0xf3,0x00,0x2f,0xff,0xff,0x80,0x00,0x00,0x00,0x00,0x00,0x00,0x00,0x00,0xdf,0xff,0xfa,0x00,0x4f,
0xff,0xff,0x20,0x00,0x00,0x00,0x00,0x00,0x00,0x00,0x00,0x7f,0xff,0xff,0x00,0x6f,0xff,0xfe,0x00,0x00,0x00,0x00,0x00,0x00,
0x00,0x00,0x00,0x3f,0xff,0xff,0x40,0x8f,0xff,0xfc,0x00,0x00,0x00,0x00,0x00,0x00,0x00,0x00,0x00,0x1f,0xff,0xff,0x80,0xaf,
0xff,0xfb,0x00,0x00,0x00,0x00,0x00,0x00,0x00,0x00,0x00,0x0f,0xff,0xff,0xb0,0x8f,0xff,0xfd,0x00,0x00,0x00,0x00,0x00,0x00,
0x00,0x00,0x00,0x1f,0xff,0xff,0xf0,0x6f,0xff,0xff,0x00,0x00,0x00,0x00,0x00,0x00,0x00,0x00,0x00,0x3f,0xff,0xff,0xf1,0x4f,
0xff,0xff,0x30,0x00,0x00,0x00,0x00,0x00,0x00,0x00,0x00,0x8f,0xff,0xff,0xf2,0x1f,0xff,0xff,0xa0,0x00,0x00,0x00,0x00,0x00,
0x00,0x00,0x00,0xef,0xff,0xff,0xf3,0x0b,0xff,0xff,0xf3,0x00,0x00,0x00,0x00,0x00,0x00,0x00,0x07,0xff,0xff,0xff,0xf4,0x04,
0xff,0xff,0xfd,0x00,0x00,0x00,0x00,0x00,0x00,0x00,0x4f,0xff,0xff,0xff,0xf5,0x00,0xdf,0xff,0xff,0xc1,0x00,0x00,0x00,0x00,
0x00,0x05,0xef,0xff,0xef,0xff,0xf5,0x00,0x2f,0xff,0xff,0xfe,0x60,0x00,0x00,0x00,0x02,0x9f,0xff,0xfa,0xcf,0xff,0xf4,0x00,
0x06,0xff,0xff,0xff,0xff,0x96,0x44,0x57,0xbf,0xff,0xff,0xe1,0xdf,0xff,0xf3,0x00,0x00,0x8f,0xff,0xff,0xff,0xff,0xff,0xff,
0xff,0xff,0xfe,0x20,0xef,0xff,0xf1,0x00,0x00,0x05,0xff,0xff,0xff,0xff,0xff,0xff,0xff,0xff,0xb2,0x00,0xff,0xff,0xf0,0x00,
0x00,0x00,0x2b,0xff,0xff,0xff,0xff,0xff,0xff,0xe5,0x00,0x01,0xff,0xff,0xf0,0x00,0x00,0x00,0x00,0x28,0xef,0xff,0xff,0xff,
0xc7,0x00,0x00,0x04,0xff,0xff,0xe0,0x00,0x00,0x00,0x00,0x00,0x01,0x24,0x65,0x31,0x00,0x00,0x00,0x08,0xff,0xff,0xa0,0x00,
0x00,0x00,0x00,0x00,0x00,0x00,0x00,0x00,0x00,0x00,0x00,0x0c,0xff,0xff,0x60,0x00,0x00,0x00,0x00,0x00,0x00,0x00,0x00,0x00,
0x00,0x00,0x00,0x0f,0xff,0xff,0x20,0x00,0x00,0x00,0x00,0x00,0x00,0x00,0x00,0x00,0x00,0x00,0x00,0x6f,0xff,0xfe,0x00,0x00,
0x00,0x00,0x00,0x00,0x00,0x00,0x00,0x00,0x00,0x00,0x00,0xcf,0xff,0xfa,0x00,0x0d,0xee,0xee,0x70,0x00,0x00,0x00,0x00,0x00,
0x00,0x00,0x03,0xff,0xff,0xf4,0x00,0x09,0xff,0xff,0xf1,0x00,0x00,0x00,0x00,0x00,0x00,0x00,0x0c,0xff,0xff,0xc0,0x00,0x04,
0xff,0xff,0xfb,0x00,0x00,0x00,0x00,0x00,0x00,0x00,0x9f,0xff,0xff,0x40,0x00,0x00,0xdf,0xff,0xff,0x70,0x00,0x00,0x00,0x00,
0x00,0x06,0xff,0xff,0xfb,0x00,0x00,0x00,0x3f,0xff,0xff,0xfb,0x20,0x00,0x00,0x00,0x01,0xbf,0xff,0xff,0xf3,0x00,0x00,0x00,
0x08,0xff,0xff,0xff,0xf9,0x63,0x00,0x35,0x8f,0xff,0xff,0xff,0x50,0x00,0x00,0x00,0x00,0x9f,0xff,0xff,0xff,0xff,0xff,0xff,
0xff,0xff,0xff,0xf5,0x00,0x00,0x00,0x00,0x00,0x08,0xff,0xff,0xff,0xff,0xff,0xff,0xff,0xff,0xff,0x50,0x00,0x00,0x00,0x00,
0x00,0x00,0x4d,0xff,0xff,0xff,0xff,0xff,0xff,0xff,0xa3,0x00,0x00,0x00,0x00,0x00,0x00,0x00,0x00,0x6b,0xff,0xff,0xff,0xff,
0xff,0xa2,0x00,0x00,0x00,0x00,0x00,0x00,0x00,0x00,0x00,0x00,0x15,0x79,0xaa,0x75,0x31,0x00,0x00,0x00,0x00,0x00,0x00,};
static const lv_font_fmt_txt_glyph_dsc_t glyphs_60[]={{0,0,0,0,0,0},
{.bitmap_index=0,.adv_w=586,.box_w=32,.box_h=44,.ofs_x=2,.ofs_y=-1},
{.bitmap_index=704,.adv_w=430,.box_w=18,.box_h=43,.ofs_x=2,.ofs_y=0},
{.bitmap_index=1091,.adv_w=548,.box_w=29,.box_h=43,.ofs_x=3,.ofs_y=0},
{.bitmap_index=1715,.adv_w=572,.box_w=31,.box_h=44,.ofs_x=2,.ofs_y=-1},
{.bitmap_index=2397,.adv_w=585,.box_w=33,.box_h=43,.ofs_x=2,.ofs_y=0},
{.bitmap_index=3107,.adv_w=566,.box_w=30,.box_h=44,.ofs_x=3,.ofs_y=-1},
{.bitmap_index=3767,.adv_w=597,.box_w=32,.box_h=44,.ofs_x=2,.ofs_y=-1},
{.bitmap_index=4471,.adv_w=529,.box_w=29,.box_h=43,.ofs_x=2,.ofs_y=0},
{.bitmap_index=5095,.adv_w=580,.box_w=32,.box_h=44,.ofs_x=2,.ofs_y=-1},
{.bitmap_index=5799,.adv_w=597,.box_w=32,.box_h=44,.ofs_x=3,.ofs_y=-1}};
static const uint16_t unicode_60[]={0,1,2,3,4,5,6,7,8,9};
static const lv_font_fmt_txt_cmap_t cmaps_60[]={{.range_start=48,.range_length=10,.glyph_id_start=1,.unicode_list=unicode_60,.list_length=10,.type=LV_FONT_FMT_TXT_CMAP_SPARSE_TINY}};
static const lv_font_fmt_txt_dsc_t dsc_60={.glyph_bitmap=bitmap_60,.glyph_dsc=glyphs_60,.cmaps=cmaps_60,.cmap_num=1,.bpp=4};
const lv_font_t font_tools_60={.get_glyph_dsc=lv_font_get_glyph_dsc_fmt_txt,.get_glyph_bitmap=lv_font_get_bitmap_fmt_txt,.line_height=70,.base_line=8,.dsc=&dsc_60};
