// 自动生成: tools/gen_weather_fonts.swift;天气页独立字库,20px,4bpp。
#include "lvgl.h"
static LV_ATTRIBUTE_LARGE_CONST const uint8_t bitmap[] = {
/* U+0020 */
0x00,0x00,0x00,0x00,0x00,0x00,0x00,0x00,0x00,0x00,0x00,0x00,0x00,0x00,0x00,0x00,0x00,0x00,0x00,0x00,
0x00,0x00,0x00,0x00,0x00,0x00,0x00,0x00,0x00,0x00,0x00,0x00,0x00,0x00,0x00,0x00,0x00,0x00,0x00,0x00,
0x00,0x00,0x00,0x00,0x00,0x00,0x00,0x00,0x00,0x00,0x00,0x00,0x00,0x00,0x00,0x00,0x00,0x00,0x00,0x00,
0x00,0x00,0x00,0x00,0x00,0x00,0x00,0x00,0x00,0x00,0x00,0x00,0x00,0x00,0x00,0x00,0x00,0x00,0x00,0x00,
0x00,0x00,0x00,0x00,0x00,0x00,0x00,0x00,0x00,0x00,0x00,0x00,0x00,0x00,0x00,0x00,0x00,0x00,0x00,0x00,
0x00,0x00,0x00,0x00,
/* U+0021 */
0x00,0x00,0x00,0x00,0x00,0x00,0x00,0x00,0x00,0x00,0x00,0x00,0x00,0x00,0x00,0x00,0x00,0x00,0x00,0x00,
0x00,0x00,0x00,0x00,0x00,0x14,0x20,0x00,0x00,0x5f,0x80,0x00,0x00,0x5f,0x80,0x00,0x00,0x5f,0x80,0x00,
0x00,0x5f,0x80,0x00,0x00,0x5f,0x80,0x00,0x00,0x3f,0x60,0x00,0x00,0x2f,0x50,0x00,0x00,0x1f,0x40,0x00,
0x00,0x0f,0x30,0x00,0x00,0x0e,0x10,0x00,0x00,0x04,0x00,0x00,0x00,0x13,0x20,0x00,0x00,0x8f,0xb0,0x00,
0x00,0x8f,0xb0,0x00,0x00,0x00,0x00,0x00,0x00,0x00,0x00,0x00,0x00,0x00,0x00,0x00,0x00,0x00,0x00,0x00,
0x00,0x00,0x00,0x00,
/* U+0022 */
0x00,0x00,0x00,0x00,0x00,0x00,0x00,0x00,0x00,0x00,0x00,0x00,0x00,0x00,0x00,0x00,0x00,0x00,0x00,0x00,
0x00,0x00,0x00,0x00,0x00,0x00,0x00,0x00,0x00,0x00,0x00,0x00,0x00,0x00,0x03,0x20,0x41,0x00,0x00,0x00,
0xd8,0x0f,0x50,0x00,0x00,0x0d,0x80,0xf5,0x00,0x00,0x00,0xd8,0x0f,0x50,0x00,0x00,0x0d,0x80,0xf5,0x00,
0x00,0x00,0xb7,0x0e,0x40,0x00,0x00,0x00,0x00,0x00,0x00,0x00,0x00,0x00,0x00,0x00,0x00,0x00,0x00,0x00,
0x00,0x00,0x00,0x00,0x00,0x00,0x00,0x00,0x00,0x00,0x00,0x00,0x00,0x00,0x00,0x00,0x00,0x00,0x00,0x00,
0x00,0x00,0x00,0x00,0x00,0x00,0x00,0x00,0x00,0x00,0x00,0x00,0x00,0x00,0x00,0x00,0x00,0x00,0x00,0x00,
0x00,0x00,0x00,0x00,0x00,0x00,0x00,0x00,0x00,0x00,0x00,0x00,0x00,0x00,0x00,0x00,0x00,0x00,0x00,0x00,
0x00,0x00,0x00,
/* U+0023 */
0x00,0x00,0x00,0x00,0x00,0x00,0x00,0x00,0x00,0x00,0x00,0x00,0x00,0x00,0x00,0x00,0x00,0x00,0x00,0x00,
0x00,0x00,0x00,0x00,0x00,0x00,0x00,0x00,0x00,0x00,0x00,0x00,0x00,0x00,0x00,0x00,0x00,0x00,0x00,0x00,
0x00,0x00,0x00,0x00,0x00,0x00,0x00,0x00,0x00,0x00,0x00,0x1f,0x40,0x3f,0x20,0x00,0x00,0x00,0x3f,0x20,
0x5f,0x00,0x00,0x00,0x00,0x5f,0x00,0x7e,0x00,0x00,0x00,0x00,0x7e,0x00,0xac,0x00,0x00,0x00,0xad,0xef,
0xdd,0xff,0xd5,0x00,0x00,0x68,0xec,0x88,0xfb,0x83,0x00,0x00,0x00,0xe7,0x00,0xf5,0x00,0x00,0x00,0x00,
0xf5,0x02,0xf3,0x00,0x00,0x02,0x78,0xf9,0x7a,0xf8,0x60,0x00,0x04,0xee,0xfe,0xef,0xfe,0xc0,0x00,0x00,
0x07,0xe0,0x09,0xc0,0x00,0x00,0x00,0x09,0xc0,0x0b,0xa0,0x00,0x00,0x00,0x0b,0xa0,0x0e,0x70,0x00,0x00,
0x00,0x0e,0x70,0x0f,0x50,0x00,0x00,0x00,0x00,0x00,0x00,0x00,0x00,0x00,0x00,0x00,0x00,0x00,0x00,0x00,
0x00,0x00,0x00,0x00,0x00,0x00,0x00,0x00,0x00,0x00,0x00,0x00,0x00,0x00,0x00,0x00,0x00,0x00,0x00,0x00,
0x00,0x00,
/* U+0024 */
0x00,0x00,0x00,0x00,0x00,0x00,0x00,0x00,0x00,0x00,0x00,0x00,0x00,0x00,0x00,0x00,0x00,0x00,0x00,0x00,
0x00,0x00,0x00,0x00,0x00,0x00,0x00,0x00,0x00,0x00,0x00,0x00,0x00,0x00,0x00,0x00,0x00,0x00,0xe1,0x00,
0x00,0x00,0x00,0x00,0x37,0xf7,0x00,0x00,0x00,0x00,0x0a,0xff,0xff,0xe6,0x00,0x00,0x00,0x7f,0xb3,0xf5,
0xcf,0x20,0x00,0x00,0xdf,0x10,0xf1,0x1f,0xa0,0x00,0x00,0xfc,0x00,0xf1,0x04,0x50,0x00,0x00,0xef,0x20,
0xf1,0x00,0x00,0x00,0x00,0x8f,0xe8,0xf1,0x00,0x00,0x00,0x00,0x07,0xff,0xfe,0xa3,0x00,0x00,0x00,0x00,
0x04,0xfe,0xff,0x60,0x00,0x00,0x00,0x00,0xf1,0x4e,0xf2,0x00,0x02,0x51,0x00,0xf1,0x07,0xf6,0x00,0x04,
0xf8,0x00,0xf1,0x05,0xf6,0x00,0x01,0xfe,0x10,0xf1,0x0a,0xf3,0x00,0x00,0x7f,0xf8,0xf6,0xaf,0xa0,0x00,
0x00,0x06,0xef,0xff,0xf8,0x00,0x00,0x00,0x00,0x03,0xf5,0x00,0x00,0x00,0x00,0x00,0x00,0xf1,0x00,0x00,
0x00,0x00,0x00,0x00,0x00,0x00,0x00,0x00,0x00,0x00,0x00,0x00,0x00,0x00,0x00,0x00,0x00,0x00,0x00,0x00,
0x00,0x00,
/* U+0025 */
0x00,0x00,0x00,0x00,0x00,0x00,0x00,0x00,0x00,0x00,0x00,0x00,0x00,0x00,0x00,0x00,0x00,0x00,0x00,0x00,
0x00,0x00,0x00,0x00,0x00,0x00,0x00,0x00,0x00,0x00,0x00,0x00,0x00,0x00,0x00,0x00,0x00,0x00,0x00,0x00,
0x00,0x00,0x00,0x00,0x00,0x00,0x00,0x00,0x00,0x00,0x00,0x00,0x00,0x00,0x00,0x00,0x00,0x00,0x00,0x00,
0x00,0x00,0x00,0x00,0x00,0x00,0x00,0x00,0x00,0x10,0x00,0x00,0x00,0x04,0x60,0x00,0x00,0x00,0x01,0xbf,
0xfd,0x20,0x00,0x00,0x3f,0x80,0x00,0x00,0x00,0x0a,0xe2,0x1c,0xd0,0x00,0x00,0xdc,0x00,0x00,0x00,0x00,
0x0f,0x80,0x05,0xf2,0x00,0x09,0xf2,0x00,0x00,0x00,0x00,0x1f,0x50,0x03,0xf3,0x00,0x5f,0x50,0x00,0x00,
0x00,0x00,0x1f,0x60,0x04,0xf3,0x01,0xea,0x00,0x00,0x00,0x00,0x00,0x0e,0x90,0x07,0xf0,0x0c,0xd0,0x00,
0x00,0x00,0x00,0x00,0x07,0xf7,0x6f,0x80,0x8f,0x30,0x6a,0xa6,0x00,0x00,0x00,0x00,0x6b,0xb7,0x03,0xf7,
0x08,0xf7,0x8f,0x70,0x00,0x00,0x00,0x00,0x00,0x1e,0xb0,0x0f,0x80,0x09,0xe0,0x00,0x00,0x00,0x00,0x00,
0xae,0x10,0x3f,0x40,0x06,0xf1,0x00,0x00,0x00,0x00,0x06,0xf5,0x00,0x3f,0x30,0x05,0xf1,0x00,0x00,0x00,
0x00,0x2f,0x90,0x00,0x2f,0x50,0x07,0xf0,0x00,0x00,0x00,0x00,0xdd,0x00,0x00,0x0c,0xc0,0x1d,0xa0,0x00,
0x00,0x00,0x09,0xf2,0x00,0x00,0x02,0xdf,0xfc,0x10,0x00,0x00,0x00,0x06,0x40,0x00,0x00,0x00,0x02,0x10,
0x00,0x00,0x00,0x00,0x00,0x00,0x00,0x00,0x00,0x00,0x00,0x00,0x00,0x00,0x00,0x00,0x00,0x00,0x00,0x00,
0x00,0x00,0x00,0x00,0x00,0x00,0x00,0x00,0x00,0x00,0x00,0x00,0x00,0x00,0x00,0x00,0x00,0x00,0x00,0x00,
0x00,0x00,0x00,0x00,0x00,0x00,
/* U+0026 */
0x00,0x00,0x00,0x00,0x00,0x00,0x00,0x00,0x00,0x00,0x00,0x00,0x00,0x00,0x00,0x00,0x00,0x00,0x00,0x00,
0x00,0x00,0x00,0x00,0x00,0x00,0x00,0x00,0x00,0x00,0x00,0x00,0x00,0x00,0x00,0x00,0x00,0x00,0x00,0x00,
0x00,0x00,0x00,0x00,0x00,0x00,0x00,0x01,0x32,0x00,0x00,0x00,0x00,0x00,0x08,0xff,0xfd,0x20,0x00,0x00,
0x00,0x04,0xfc,0x57,0xfc,0x00,0x00,0x00,0x00,0x8f,0x40,0x0b,0xf0,0x00,0x00,0x00,0x07,0xf5,0x00,0xce,
0x00,0x00,0x00,0x00,0x1f,0xd1,0x8f,0x70,0x00,0x00,0x00,0x00,0x6f,0xff,0x90,0x00,0x00,0x00,0x00,0x1a,
0xff,0xa0,0x00,0x00,0x00,0x00,0x2e,0xf5,0xbf,0x50,0x7b,0x00,0x00,0x0d,0xf2,0x00,0xdf,0x3c,0xe0,0x00,
0x02,0xf9,0x00,0x02,0xee,0xfa,0x00,0x00,0x4f,0x80,0x00,0x04,0xff,0x40,0x00,0x02,0xfd,0x00,0x00,0x4f,
0xfb,0x00,0x00,0x0a,0xfc,0x65,0x9f,0xca,0xf9,0x00,0x00,0x08,0xef,0xfe,0x90,0x0b,0xf7,0x00,0x00,0x00,
0x12,0x00,0x00,0x00,0x00,0x00,0x00,0x00,0x00,0x00,0x00,0x00,0x00,0x00,0x00,0x00,0x00,0x00,0x00,0x00,
0x00,0x00,0x00,0x00,0x00,0x00,0x00,0x00,0x00,0x00,0x00,0x00,0x00,0x00,0x00,
/* U+0027 */
0x00,0x00,0x00,0x00,0x00,0x00,0x00,0x00,0x00,0x00,0x00,0x00,0x00,0x00,0x00,0x00,0x00,0x00,0x00,0x00,
0x00,0x00,0x00,0x00,0x00,0x04,0x20,0x00,0x00,0x0e,0x70,0x00,0x00,0x0e,0x70,0x00,0x00,0x0e,0x70,0x00,
0x00,0x0e,0x70,0x00,0x00,0x0c,0x60,0x00,0x00,0x00,0x00,0x00,0x00,0x00,0x00,0x00,0x00,0x00,0x00,0x00,
0x00,0x00,0x00,0x00,0x00,0x00,0x00,0x00,0x00,0x00,0x00,0x00,0x00,0x00,0x00,0x00,0x00,0x00,0x00,0x00,
0x00,0x00,0x00,0x00,0x00,0x00,0x00,0x00,0x00,0x00,0x00,0x00,0x00,0x00,0x00,0x00,0x00,0x00,0x00,0x00,
0x00,0x00,0x00,0x00,
/* U+0028 */
0x00,0x00,0x00,0x00,0x00,0x00,0x00,0x00,0x00,0x00,0x00,0x00,0x00,0x00,0x00,0x00,0x00,0x00,0x00,0x00,
0x00,0x00,0x00,0x00,0x00,0x00,0x09,0x20,0x00,0x00,0x8c,0x00,0x00,0x01,0xf3,0x00,0x00,0x09,0xd0,0x00,
0x00,0x1f,0x70,0x00,0x00,0x6f,0x40,0x00,0x00,0x8f,0x20,0x00,0x00,0xbf,0x00,0x00,0x00,0xee,0x00,0x00,
0x00,0xfc,0x00,0x00,0x00,0xfd,0x00,0x00,0x00,0xef,0x00,0x00,0x00,0xbf,0x10,0x00,0x00,0x7f,0x30,0x00,
0x00,0x2f,0x60,0x00,0x00,0x0c,0xc0,0x00,0x00,0x04,0xf2,0x00,0x00,0x00,0xc9,0x00,0x00,0x00,0x3e,0x20,
0x00,0x00,0x00,0x00,
/* U+0029 */
0x00,0x00,0x00,0x00,0x00,0x00,0x00,0x00,0x00,0x00,0x00,0x00,0x00,0x00,0x00,0x00,0x00,0x00,0x00,0x00,
0x00,0x00,0x00,0x00,0x09,0x20,0x00,0x00,0x0a,0xc0,0x00,0x00,0x03,0xf5,0x00,0x00,0x00,0xcc,0x00,0x00,
0x00,0x5f,0x30,0x00,0x00,0x1f,0x80,0x00,0x00,0x0f,0xd0,0x00,0x00,0x0d,0xf0,0x00,0x00,0x0b,0xf2,0x00,
0x00,0x09,0xf3,0x00,0x00,0x0a,0xf1,0x00,0x00,0x0c,0xf0,0x00,0x00,0x0e,0xc0,0x00,0x00,0x0f,0x90,0x00,
0x00,0x3f,0x60,0x00,0x00,0x8e,0x00,0x00,0x00,0xe6,0x00,0x00,0x06,0xd0,0x00,0x00,0x0d,0x50,0x00,0x00,
0x00,0x00,0x00,0x00,
/* U+002A */
0x00,0x00,0x00,0x00,0x00,0x00,0x00,0x00,0x00,0x00,0x00,0x00,0x00,0x00,0x00,0x00,0x00,0x00,0x00,0x00,
0x00,0x00,0x00,0x00,0x00,0x00,0x00,0x00,0x00,0x00,0x00,0x00,0x40,0x00,0x00,0x00,0x00,0xf0,0x00,0x00,
0x04,0x93,0xf3,0x94,0x00,0x01,0x8e,0xfd,0x82,0x00,0x00,0x0c,0xcc,0x00,0x00,0x00,0x7c,0x0b,0x70,0x00,
0x00,0x01,0x01,0x00,0x00,0x00,0x00,0x00,0x00,0x00,0x00,0x00,0x00,0x00,0x00,0x00,0x00,0x00,0x00,0x00,
0x00,0x00,0x00,0x00,0x00,0x00,0x00,0x00,0x00,0x00,0x00,0x00,0x00,0x00,0x00,0x00,0x00,0x00,0x00,0x00,
0x00,0x00,0x00,0x00,0x00,0x00,0x00,0x00,0x00,0x00,0x00,0x00,0x00,0x00,0x00,0x00,0x00,0x00,0x00,0x00,
0x00,0x00,0x00,0x00,0x00,0x00,0x00,0x00,0x00,0x00,
/* U+002B */
0x00,0x00,0x00,0x00,0x00,0x00,0x00,0x00,0x00,0x00,0x00,0x00,0x00,0x00,0x00,0x00,0x00,0x00,0x00,0x00,
0x00,0x00,0x00,0x00,0x00,0x00,0x00,0x00,0x00,0x00,0x00,0x00,0x00,0x00,0x00,0x00,0x00,0x00,0x00,0x00,
0x00,0x00,0x00,0x00,0x00,0x00,0x00,0x00,0x00,0x00,0x00,0x00,0x00,0x00,0x00,0x00,0x00,0x00,0x00,0x00,
0x00,0x00,0x00,0x00,0x00,0x00,0x00,0x00,0x00,0x00,0x00,0x00,0x00,0x11,0x00,0x00,0x00,0x00,0x00,0x00,
0xaa,0x00,0x00,0x00,0x00,0x00,0x00,0xaa,0x00,0x00,0x00,0x00,0x00,0x00,0xaa,0x00,0x00,0x00,0x00,0x00,
0x00,0xaa,0x00,0x00,0x00,0x00,0xbb,0xbb,0xee,0xbb,0xbb,0x00,0x00,0x99,0x99,0xee,0x99,0x99,0x00,0x00,
0x00,0x00,0xaa,0x00,0x00,0x00,0x00,0x00,0x00,0xaa,0x00,0x00,0x00,0x00,0x00,0x00,0xaa,0x00,0x00,0x00,
0x00,0x00,0x00,0xaa,0x00,0x00,0x00,0x00,0x00,0x00,0x00,0x00,0x00,0x00,0x00,0x00,0x00,0x00,0x00,0x00,
0x00,0x00,0x00,0x00,0x00,0x00,0x00,0x00,0x00,0x00,0x00,0x00,0x00,0x00,0x00,0x00,0x00,0x00,0x00,0x00,
0x00,0x00,
/* U+002C */
0x00,0x00,0x00,0x00,0x00,0x00,0x00,0x00,0x00,0x00,0x00,0x00,0x00,0x00,0x00,0x00,0x00,0x00,0x00,0x00,
0x00,0x00,0x00,0x00,0x00,0x00,0x00,0x00,0x00,0x00,0x00,0x00,0x00,0x00,0x00,0x00,0x00,0x00,0x00,0x00,
0x00,0x00,0x00,0x00,0x00,0x00,0x00,0x00,0x00,0x00,0x00,0x00,0x00,0x00,0x00,0x00,0x00,0x00,0x00,0x00,
0x00,0x00,0x00,0x00,0x00,0x00,0x00,0x00,0x00,0x00,0x00,0x00,0x00,0x13,0x30,0x00,0x00,0x5f,0xe0,0x00,
0x00,0x5f,0xd0,0x00,0x00,0x03,0xb0,0x00,0x00,0x0b,0x60,0x00,0x00,0x45,0x00,0x00,0x00,0x00,0x00,0x00,
0x00,0x00,0x00,0x00,
/* U+002D */
0x00,0x00,0x00,0x00,0x00,0x00,0x00,0x00,0x00,0x00,0x00,0x00,0x00,0x00,0x00,0x00,0x00,0x00,0x00,0x00,
0x00,0x00,0x00,0x00,0x00,0x00,0x00,0x00,0x00,0x00,0x00,0x00,0x00,0x00,0x00,0x00,0x00,0x00,0x00,0x00,
0x00,0x00,0x00,0x00,0x00,0x00,0x00,0x00,0x00,0x00,0x00,0x00,0x00,0x00,0x00,0x00,0x00,0x00,0x00,0x00,
0x00,0x00,0x00,0x00,0x00,0x00,0x00,0x00,0x00,0x00,0x00,0x55,0x55,0x54,0x00,0x00,0xff,0xff,0xfc,0x00,
0x00,0x33,0x33,0x32,0x00,0x00,0x00,0x00,0x00,0x00,0x00,0x00,0x00,0x00,0x00,0x00,0x00,0x00,0x00,0x00,
0x00,0x00,0x00,0x00,0x00,0x00,0x00,0x00,0x00,0x00,0x00,0x00,0x00,0x00,0x00,0x00,0x00,0x00,0x00,0x00,
0x00,0x00,0x00,0x00,0x00,0x00,0x00,0x00,0x00,0x00,
/* U+002E */
0x00,0x00,0x00,0x00,0x00,0x00,0x00,0x00,0x00,0x00,0x00,0x00,0x00,0x00,0x00,0x00,0x00,0x00,0x00,0x00,
0x00,0x00,0x00,0x00,0x00,0x00,0x00,0x00,0x00,0x00,0x00,0x00,0x00,0x00,0x00,0x00,0x00,0x00,0x00,0x00,
0x00,0x00,0x00,0x00,0x00,0x00,0x00,0x00,0x00,0x00,0x00,0x00,0x00,0x00,0x00,0x00,0x00,0x00,0x00,0x00,
0x00,0x00,0x00,0x00,0x00,0x00,0x00,0x00,0x00,0x00,0x00,0x00,0x00,0x13,0x30,0x00,0x00,0x5f,0xe0,0x00,
0x00,0x5f,0xe0,0x00,0x00,0x00,0x00,0x00,0x00,0x00,0x00,0x00,0x00,0x00,0x00,0x00,0x00,0x00,0x00,0x00,
0x00,0x00,0x00,0x00,
/* U+002F */
0x00,0x00,0x00,0x00,0x00,0x00,0x00,0x00,0x00,0x00,0x00,0x00,0x00,0x00,0x00,0x00,0x00,0x00,0x00,0x00,
0x00,0x00,0x00,0x00,0x00,0x00,0x00,0x00,0x00,0x00,0x58,0x00,0x00,0x00,0x0d,0x90,0x00,0x00,0x04,0xf2,
0x00,0x00,0x00,0xac,0x00,0x00,0x00,0x1f,0x60,0x00,0x00,0x07,0xf0,0x00,0x00,0x00,0xd9,0x00,0x00,0x00,
0x4f,0x30,0x00,0x00,0x0a,0xc0,0x00,0x00,0x01,0xf6,0x00,0x00,0x00,0x6f,0x00,0x00,0x00,0x0d,0x90,0x00,
0x00,0x03,0xf3,0x00,0x00,0x00,0x9d,0x00,0x00,0x00,0x0f,0x60,0x00,0x00,0x01,0x50,0x00,0x00,0x00,0x00,
0x00,0x00,0x00,0x00,0x00,0x00,0x00,0x00,0x00,0x00,0x00,0x00,0x00,0x00,0x00,0x00,0x00,
/* U+0030 */
0x00,0x00,0x00,0x00,0x00,0x00,0x00,0x00,0x00,0x00,0x00,0x00,0x00,0x00,0x00,0x00,0x00,0x00,0x00,0x00,
0x00,0x00,0x00,0x00,0x00,0x00,0x00,0x00,0x00,0x00,0x00,0x00,0x00,0x00,0x00,0x00,0x00,0x00,0x00,0x00,
0x00,0x00,0x00,0x00,0x00,0x20,0x00,0x00,0x00,0x00,0x02,0xbf,0xff,0xc3,0x00,0x00,0x00,0x1e,0xf9,0x68,
0xff,0x20,0x00,0x00,0x8f,0x70,0x00,0x5f,0xa0,0x00,0x00,0xdf,0x00,0x00,0x0e,0xe0,0x00,0x00,0xfc,0x00,
0x00,0x0a,0xf2,0x00,0x01,0xfa,0x00,0x00,0x08,0xf3,0x00,0x02,0xfa,0x00,0x00,0x08,0xf4,0x00,0x02,0xfa,
0x00,0x00,0x08,0xf4,0x00,0x01,0xfa,0x00,0x00,0x09,0xf3,0x00,0x00,0xfc,0x00,0x00,0x0b,0xf2,0x00,0x00,
0xdf,0x00,0x00,0x0e,0xf0,0x00,0x00,0x8f,0x80,0x00,0x6f,0xa0,0x00,0x00,0x1e,0xfa,0x59,0xff,0x20,0x00,
0x00,0x02,0xcf,0xff,0xd3,0x00,0x00,0x00,0x00,0x00,0x21,0x00,0x00,0x00,0x00,0x00,0x00,0x00,0x00,0x00,
0x00,0x00,0x00,0x00,0x00,0x00,0x00,0x00,0x00,0x00,0x00,0x00,0x00,0x00,0x00,0x00,0x00,0x00,0x00,0x00,
0x00,0x00,
/* U+0031 */
0x00,0x00,0x00,0x00,0x00,0x00,0x00,0x00,0x00,0x00,0x00,0x00,0x00,0x00,0x00,0x00,0x00,0x00,0x00,0x00,
0x00,0x00,0x00,0x00,0x00,0x00,0x00,0x00,0x00,0x00,0x00,0x00,0x00,0x00,0x00,0x00,0x00,0x00,0x00,0x00,
0x00,0x00,0x00,0x00,0x00,0x02,0x00,0x00,0x00,0x00,0x00,0x00,0x7f,0x10,0x00,0x00,0x00,0x00,0x03,0xef,
0x10,0x00,0x00,0x00,0x29,0xcf,0xff,0x10,0x00,0x00,0x00,0x3d,0xdd,0xef,0x10,0x00,0x00,0x00,0x00,0x00,
0x9f,0x10,0x00,0x00,0x00,0x00,0x00,0x9f,0x10,0x00,0x00,0x00,0x00,0x00,0x9f,0x10,0x00,0x00,0x00,0x00,
0x00,0x9f,0x10,0x00,0x00,0x00,0x00,0x00,0x9f,0x10,0x00,0x00,0x00,0x00,0x00,0x9f,0x10,0x00,0x00,0x00,
0x00,0x00,0x9f,0x10,0x00,0x00,0x00,0x00,0x00,0x9f,0x10,0x00,0x00,0x00,0x00,0x00,0x9f,0x10,0x00,0x00,
0x00,0x00,0x00,0x9f,0x10,0x00,0x00,0x00,0x00,0x00,0x00,0x00,0x00,0x00,0x00,0x00,0x00,0x00,0x00,0x00,
0x00,0x00,0x00,0x00,0x00,0x00,0x00,0x00,0x00,0x00,0x00,0x00,0x00,0x00,0x00,0x00,0x00,0x00,0x00,0x00,
0x00,0x00,
/* U+0032 */
0x00,0x00,0x00,0x00,0x00,0x00,0x00,0x00,0x00,0x00,0x00,0x00,0x00,0x00,0x00,0x00,0x00,0x00,0x00,0x00,
0x00,0x00,0x00,0x00,0x00,0x00,0x00,0x00,0x00,0x00,0x00,0x00,0x00,0x00,0x00,0x00,0x00,0x00,0x00,0x00,
0x00,0x00,0x00,0x00,0x00,0x20,0x00,0x00,0x00,0x00,0x02,0xcf,0xff,0xb2,0x00,0x00,0x00,0x2f,0xf8,0x59,
0xfe,0x10,0x00,0x00,0xbf,0x30,0x00,0x6f,0x90,0x00,0x00,0xfc,0x00,0x00,0x0f,0xc0,0x00,0x00,0xd8,0x00,
0x00,0x0f,0xc0,0x00,0x00,0x00,0x00,0x00,0x5f,0x80,0x00,0x00,0x00,0x00,0x03,0xee,0x10,0x00,0x00,0x00,
0x00,0x7f,0xe3,0x00,0x00,0x00,0x00,0x2c,0xfb,0x10,0x00,0x00,0x00,0x05,0xfe,0x50,0x00,0x00,0x00,0x00,
0x4f,0xc1,0x00,0x00,0x00,0x00,0x00,0xde,0x00,0x00,0x00,0x00,0x00,0x03,0xfc,0x88,0x88,0x88,0x50,0x00,
0x06,0xff,0xff,0xff,0xff,0xb0,0x00,0x00,0x00,0x00,0x00,0x00,0x00,0x00,0x00,0x00,0x00,0x00,0x00,0x00,
0x00,0x00,0x00,0x00,0x00,0x00,0x00,0x00,0x00,0x00,0x00,0x00,0x00,0x00,0x00,0x00,0x00,0x00,0x00,0x00,
0x00,0x00,
/* U+0033 */
0x00,0x00,0x00,0x00,0x00,0x00,0x00,0x00,0x00,0x00,0x00,0x00,0x00,0x00,0x00,0x00,0x00,0x00,0x00,0x00,
0x00,0x00,0x00,0x00,0x00,0x00,0x00,0x00,0x00,0x00,0x00,0x00,0x00,0x00,0x00,0x00,0x00,0x00,0x00,0x00,
0x00,0x00,0x00,0x00,0x00,0x20,0x00,0x00,0x00,0x00,0x03,0xdf,0xff,0xb2,0x00,0x00,0x00,0x2f,0xe7,0x6b,
0xfe,0x10,0x00,0x00,0xbf,0x20,0x00,0xaf,0x60,0x00,0x00,0xfb,0x00,0x00,0x4f,0x80,0x00,0x00,0x64,0x00,
0x00,0x7f,0x40,0x00,0x00,0x00,0x00,0x26,0xfb,0x00,0x00,0x00,0x00,0x0a,0xff,0xe1,0x00,0x00,0x00,0x00,
0x03,0x47,0xee,0x40,0x00,0x00,0x00,0x00,0x00,0x2f,0xc0,0x00,0x02,0x62,0x00,0x00,0x0b,0xf1,0x00,0x04,
0xf9,0x00,0x00,0x0b,0xf1,0x00,0x01,0xff,0x00,0x00,0x2f,0xd0,0x00,0x00,0x7f,0xd6,0x47,0xef,0x40,0x00,
0x00,0x06,0xef,0xff,0xc4,0x00,0x00,0x00,0x00,0x01,0x20,0x00,0x00,0x00,0x00,0x00,0x00,0x00,0x00,0x00,
0x00,0x00,0x00,0x00,0x00,0x00,0x00,0x00,0x00,0x00,0x00,0x00,0x00,0x00,0x00,0x00,0x00,0x00,0x00,0x00,
0x00,0x00,
/* U+0034 */
0x00,0x00,0x00,0x00,0x00,0x00,0x00,0x00,0x00,0x00,0x00,0x00,0x00,0x00,0x00,0x00,0x00,0x00,0x00,0x00,
0x00,0x00,0x00,0x00,0x00,0x00,0x00,0x00,0x00,0x00,0x00,0x00,0x00,0x00,0x00,0x00,0x00,0x00,0x00,0x00,
0x00,0x00,0x00,0x00,0x00,0x00,0x21,0x00,0x00,0x00,0x00,0x00,0x07,0xf6,0x00,0x00,0x00,0x00,0x00,0x2f,
0xf6,0x00,0x00,0x00,0x00,0x00,0xdc,0xf6,0x00,0x00,0x00,0x00,0x08,0xd4,0xf6,0x00,0x00,0x00,0x00,0x4f,
0x33,0xf6,0x00,0x00,0x00,0x01,0xe8,0x03,0xf6,0x00,0x00,0x00,0x0a,0xd0,0x03,0xf6,0x00,0x00,0x00,0x5f,
0x20,0x03,0xf6,0x00,0x00,0x01,0xf7,0x00,0x03,0xf6,0x00,0x00,0x07,0xfd,0xdd,0xdd,0xfe,0xd3,0x00,0x04,
0xaa,0xaa,0xac,0xfc,0xa3,0x00,0x00,0x00,0x00,0x03,0xf6,0x00,0x00,0x00,0x00,0x00,0x03,0xf6,0x00,0x00,
0x00,0x00,0x00,0x03,0xf6,0x00,0x00,0x00,0x00,0x00,0x00,0x00,0x00,0x00,0x00,0x00,0x00,0x00,0x00,0x00,
0x00,0x00,0x00,0x00,0x00,0x00,0x00,0x00,0x00,0x00,0x00,0x00,0x00,0x00,0x00,0x00,0x00,0x00,0x00,0x00,
0x00,0x00,
/* U+0035 */
0x00,0x00,0x00,0x00,0x00,0x00,0x00,0x00,0x00,0x00,0x00,0x00,0x00,0x00,0x00,0x00,0x00,0x00,0x00,0x00,
0x00,0x00,0x00,0x00,0x00,0x00,0x00,0x00,0x00,0x00,0x00,0x00,0x00,0x00,0x00,0x00,0x00,0x00,0x00,0x00,
0x00,0x00,0x00,0x00,0x00,0x00,0x00,0x00,0x00,0x00,0x0a,0xff,0xff,0xff,0x60,0x00,0x00,0x0d,0xd8,0x88,
0x88,0x30,0x00,0x00,0x0f,0x80,0x00,0x00,0x00,0x00,0x00,0x3f,0x50,0x00,0x00,0x00,0x00,0x00,0x6f,0x22,
0x43,0x00,0x00,0x00,0x00,0x9f,0xaf,0xff,0xe5,0x00,0x00,0x00,0xcf,0xb5,0x37,0xff,0x40,0x00,0x00,0x66,
0x00,0x00,0x3f,0xc0,0x00,0x00,0x00,0x00,0x00,0x0c,0xf0,0x00,0x00,0x00,0x00,0x00,0x0a,0xf2,0x00,0x02,
0xd6,0x00,0x00,0x0c,0xf0,0x00,0x00,0xfd,0x00,0x00,0x4f,0xb0,0x00,0x00,0x7f,0xd6,0x48,0xff,0x20,0x00,
0x00,0x06,0xef,0xff,0xb2,0x00,0x00,0x00,0x00,0x01,0x20,0x00,0x00,0x00,0x00,0x00,0x00,0x00,0x00,0x00,
0x00,0x00,0x00,0x00,0x00,0x00,0x00,0x00,0x00,0x00,0x00,0x00,0x00,0x00,0x00,0x00,0x00,0x00,0x00,0x00,
0x00,0x00,
/* U+0036 */
0x00,0x00,0x00,0x00,0x00,0x00,0x00,0x00,0x00,0x00,0x00,0x00,0x00,0x00,0x00,0x00,0x00,0x00,0x00,0x00,
0x00,0x00,0x00,0x00,0x00,0x00,0x00,0x00,0x00,0x00,0x00,0x00,0x00,0x00,0x00,0x00,0x00,0x00,0x00,0x00,
0x00,0x00,0x00,0x00,0x00,0x11,0x00,0x00,0x00,0x00,0x00,0x7c,0xff,0xe6,0x00,0x00,0x00,0x08,0xfc,0x78,
0xef,0x50,0x00,0x00,0x4f,0xa0,0x00,0x2f,0xc0,0x00,0x00,0x9f,0x10,0x00,0x05,0x60,0x00,0x00,0xeb,0x00,
0x00,0x00,0x00,0x00,0x01,0xf9,0x3c,0xff,0xd5,0x00,0x00,0x02,0xfb,0xfa,0x78,0xef,0x60,0x00,0x03,0xff,
0x70,0x00,0x1f,0xe0,0x00,0x02,0xff,0x00,0x00,0x09,0xf3,0x00,0x01,0xfd,0x00,0x00,0x07,0xf5,0x00,0x00,
0xde,0x00,0x00,0x09,0xf3,0x00,0x00,0x8f,0x60,0x00,0x1e,0xe0,0x00,0x00,0x0d,0xf8,0x56,0xdf,0x50,0x00,
0x00,0x01,0xae,0xff,0xd4,0x00,0x00,0x00,0x00,0x00,0x20,0x00,0x00,0x00,0x00,0x00,0x00,0x00,0x00,0x00,
0x00,0x00,0x00,0x00,0x00,0x00,0x00,0x00,0x00,0x00,0x00,0x00,0x00,0x00,0x00,0x00,0x00,0x00,0x00,0x00,
0x00,0x00,
/* U+0037 */
0x00,0x00,0x00,0x00,0x00,0x00,0x00,0x00,0x00,0x00,0x00,0x00,0x00,0x00,0x00,0x00,0x00,0x00,0x00,0x00,
0x00,0x00,0x00,0x00,0x00,0x00,0x00,0x00,0x00,0x00,0x00,0x00,0x00,0x00,0x00,0x00,0x00,0x00,0x00,0x00,
0x00,0x00,0x00,0x00,0x00,0x00,0x00,0x00,0x00,0x00,0xff,0xff,0xff,0xff,0xf2,0x00,0x00,0xaa,0xaa,0xaa,
0xae,0xf1,0x00,0x00,0x00,0x00,0x00,0x4f,0x60,0x00,0x00,0x00,0x00,0x02,0xe9,0x00,0x00,0x00,0x00,0x00,
0x0c,0xe0,0x00,0x00,0x00,0x00,0x00,0x6f,0x60,0x00,0x00,0x00,0x00,0x00,0xed,0x00,0x00,0x00,0x00,0x00,
0x07,0xf5,0x00,0x00,0x00,0x00,0x00,0x0d,0xf0,0x00,0x00,0x00,0x00,0x00,0x3f,0xa0,0x00,0x00,0x00,0x00,
0x00,0x8f,0x50,0x00,0x00,0x00,0x00,0x00,0xbf,0x20,0x00,0x00,0x00,0x00,0x00,0xef,0x00,0x00,0x00,0x00,
0x00,0x01,0xfd,0x00,0x00,0x00,0x00,0x00,0x00,0x00,0x00,0x00,0x00,0x00,0x00,0x00,0x00,0x00,0x00,0x00,
0x00,0x00,0x00,0x00,0x00,0x00,0x00,0x00,0x00,0x00,0x00,0x00,0x00,0x00,0x00,0x00,0x00,0x00,0x00,0x00,
0x00,0x00,
/* U+0038 */
0x00,0x00,0x00,0x00,0x00,0x00,0x00,0x00,0x00,0x00,0x00,0x00,0x00,0x00,0x00,0x00,0x00,0x00,0x00,0x00,
0x00,0x00,0x00,0x00,0x00,0x00,0x00,0x00,0x00,0x00,0x00,0x00,0x00,0x00,0x00,0x00,0x00,0x00,0x00,0x00,
0x00,0x00,0x00,0x00,0x00,0x20,0x00,0x00,0x00,0x00,0x02,0xbf,0xff,0xc3,0x00,0x00,0x00,0x1e,0xf8,0x59,
0xff,0x20,0x00,0x00,0x7f,0x60,0x00,0x7f,0x90,0x00,0x00,0xaf,0x20,0x00,0x2f,0xb0,0x00,0x00,0x6f,0x50,
0x00,0x6f,0x70,0x00,0x00,0x0b,0xf7,0x48,0xec,0x10,0x00,0x00,0x02,0xff,0xff,0xf3,0x00,0x00,0x00,0x4e,
0xe7,0x57,0xef,0x60,0x00,0x00,0xcf,0x20,0x00,0x1e,0xe0,0x00,0x01,0xfb,0x00,0x00,0x09,0xf3,0x00,0x01,
0xfb,0x00,0x00,0x09,0xf3,0x00,0x00,0xef,0x20,0x00,0x1e,0xf0,0x00,0x00,0x4f,0xfa,0x56,0xdf,0x60,0x00,
0x00,0x04,0xdf,0xff,0xd5,0x00,0x00,0x00,0x00,0x01,0x21,0x00,0x00,0x00,0x00,0x00,0x00,0x00,0x00,0x00,
0x00,0x00,0x00,0x00,0x00,0x00,0x00,0x00,0x00,0x00,0x00,0x00,0x00,0x00,0x00,0x00,0x00,0x00,0x00,0x00,
0x00,0x00,
/* U+0039 */
0x00,0x00,0x00,0x00,0x00,0x00,0x00,0x00,0x00,0x00,0x00,0x00,0x00,0x00,0x00,0x00,0x00,0x00,0x00,0x00,
0x00,0x00,0x00,0x00,0x00,0x00,0x00,0x00,0x00,0x00,0x00,0x00,0x00,0x00,0x00,0x00,0x00,0x00,0x00,0x00,
0x00,0x00,0x00,0x00,0x00,0x20,0x00,0x00,0x00,0x00,0x03,0xcf,0xff,0xa1,0x00,0x00,0x00,0x4f,0xe7,0x6a,
0xfd,0x00,0x00,0x00,0xef,0x10,0x00,0x7f,0x60,0x00,0x02,0xfa,0x00,0x00,0x0f,0xd0,0x00,0x04,0xf8,0x00,
0x00,0x0d,0xf0,0x00,0x02,0xfa,0x00,0x00,0x0f,0xf1,0x00,0x00,0xef,0x20,0x00,0x7f,0xf2,0x00,0x00,0x5f,
0xe7,0x6a,0xfc,0xf1,0x00,0x00,0x05,0xdf,0xfc,0x4a,0xf0,0x00,0x00,0x00,0x01,0x10,0x0c,0xe0,0x00,0x00,
0x65,0x00,0x00,0x1f,0xa0,0x00,0x00,0xcf,0x20,0x00,0x8f,0x40,0x00,0x00,0x5f,0xd8,0x59,0xfb,0x00,0x00,
0x00,0x06,0xef,0xff,0xa0,0x00,0x00,0x00,0x00,0x01,0x20,0x00,0x00,0x00,0x00,0x00,0x00,0x00,0x00,0x00,
0x00,0x00,0x00,0x00,0x00,0x00,0x00,0x00,0x00,0x00,0x00,0x00,0x00,0x00,0x00,0x00,0x00,0x00,0x00,0x00,
0x00,0x00,
/* U+003A */
0x00,0x00,0x00,0x00,0x00,0x00,0x00,0x00,0x00,0x00,0x00,0x00,0x00,0x00,0x00,0x00,0x00,0x00,0x00,0x00,
0x00,0x00,0x00,0x00,0x00,0x00,0x00,0x00,0x00,0x00,0x00,0x00,0x00,0x00,0x00,0x00,0x00,0x00,0x00,0x00,
0x00,0x15,0x40,0x00,0x00,0x5f,0xe0,0x00,0x00,0x4e,0xc0,0x00,0x00,0x00,0x00,0x00,0x00,0x00,0x00,0x00,
0x00,0x00,0x00,0x00,0x00,0x00,0x00,0x00,0x00,0x00,0x00,0x00,0x00,0x13,0x30,0x00,0x00,0x5f,0xe0,0x00,
0x00,0x5f,0xe0,0x00,0x00,0x00,0x00,0x00,0x00,0x00,0x00,0x00,0x00,0x00,0x00,0x00,0x00,0x00,0x00,0x00,
0x00,0x00,0x00,0x00,
/* U+003B */
0x00,0x00,0x00,0x00,0x00,0x00,0x00,0x00,0x00,0x00,0x00,0x00,0x00,0x00,0x00,0x00,0x00,0x00,0x00,0x00,
0x00,0x00,0x00,0x00,0x00,0x00,0x00,0x00,0x00,0x00,0x00,0x00,0x00,0x00,0x00,0x00,0x00,0x00,0x00,0x00,
0x00,0x15,0x40,0x00,0x00,0x5f,0xe0,0x00,0x00,0x4e,0xc0,0x00,0x00,0x00,0x00,0x00,0x00,0x00,0x00,0x00,
0x00,0x00,0x00,0x00,0x00,0x00,0x00,0x00,0x00,0x00,0x00,0x00,0x00,0x13,0x30,0x00,0x00,0x5f,0xe0,0x00,
0x00,0x5f,0xd0,0x00,0x00,0x03,0xb0,0x00,0x00,0x0b,0x60,0x00,0x00,0x45,0x00,0x00,0x00,0x00,0x00,0x00,
0x00,0x00,0x00,0x00,
/* U+003C */
0x00,0x00,0x00,0x00,0x00,0x00,0x00,0x00,0x00,0x00,0x00,0x00,0x00,0x00,0x00,0x00,0x00,0x00,0x00,0x00,
0x00,0x00,0x00,0x00,0x00,0x00,0x00,0x00,0x00,0x00,0x00,0x00,0x00,0x00,0x00,0x00,0x00,0x00,0x00,0x00,
0x00,0x00,0x00,0x00,0x00,0x00,0x00,0x00,0x00,0x00,0x00,0x00,0x00,0x00,0x00,0x00,0x00,0x00,0x00,0x00,
0x00,0x00,0x00,0x00,0x00,0x00,0x00,0x00,0x00,0x00,0x00,0x00,0x00,0x00,0x00,0x01,0x00,0x00,0x00,0x00,
0x00,0x02,0x9f,0x10,0x00,0x00,0x00,0x03,0xaf,0xc5,0x00,0x00,0x00,0x04,0xcf,0xb4,0x00,0x00,0x00,0x06,
0xdf,0x92,0x00,0x00,0x00,0x00,0xef,0x81,0x00,0x00,0x00,0x00,0x00,0xdf,0xa3,0x00,0x00,0x00,0x00,0x00,
0x04,0xbf,0xb4,0x00,0x00,0x00,0x00,0x00,0x02,0x9f,0xd5,0x00,0x00,0x00,0x00,0x00,0x01,0x8e,0xe7,0x00,
0x00,0x00,0x00,0x00,0x00,0x6d,0x10,0x00,0x00,0x00,0x00,0x00,0x00,0x00,0x00,0x00,0x00,0x00,0x00,0x00,
0x00,0x00,0x00,0x00,0x00,0x00,0x00,0x00,0x00,0x00,0x00,0x00,0x00,0x00,0x00,0x00,0x00,0x00,0x00,0x00,
0x00,0x00,
/* U+003D */
0x00,0x00,0x00,0x00,0x00,0x00,0x00,0x00,0x00,0x00,0x00,0x00,0x00,0x00,0x00,0x00,0x00,0x00,0x00,0x00,
0x00,0x00,0x00,0x00,0x00,0x00,0x00,0x00,0x00,0x00,0x00,0x00,0x00,0x00,0x00,0x00,0x00,0x00,0x00,0x00,
0x00,0x00,0x00,0x00,0x00,0x00,0x00,0x00,0x00,0x00,0x00,0x00,0x00,0x00,0x00,0x00,0x00,0x00,0x00,0x00,
0x00,0x00,0x00,0x00,0x00,0x00,0x00,0x00,0x00,0x00,0x00,0x00,0x00,0x00,0x00,0x00,0x00,0x00,0x00,0x00,
0x00,0x00,0x00,0x00,0x00,0x00,0x00,0x00,0x00,0x00,0x00,0x00,0xcc,0xcc,0xcc,0xcc,0xcc,0x00,0x00,0x99,
0x99,0x99,0x99,0x99,0x00,0x00,0x00,0x00,0x00,0x00,0x00,0x00,0x00,0x00,0x00,0x00,0x00,0x00,0x00,0x00,
0xbb,0xbb,0xbb,0xbb,0xbb,0x00,0x00,0xaa,0xaa,0xaa,0xaa,0xaa,0x00,0x00,0x00,0x00,0x00,0x00,0x00,0x00,
0x00,0x00,0x00,0x00,0x00,0x00,0x00,0x00,0x00,0x00,0x00,0x00,0x00,0x00,0x00,0x00,0x00,0x00,0x00,0x00,
0x00,0x00,0x00,0x00,0x00,0x00,0x00,0x00,0x00,0x00,0x00,0x00,0x00,0x00,0x00,0x00,0x00,0x00,0x00,0x00,
0x00,0x00,
/* U+003E */
0x00,0x00,0x00,0x00,0x00,0x00,0x00,0x00,0x00,0x00,0x00,0x00,0x00,0x00,0x00,0x00,0x00,0x00,0x00,0x00,
0x00,0x00,0x00,0x00,0x00,0x00,0x00,0x00,0x00,0x00,0x00,0x00,0x00,0x00,0x00,0x00,0x00,0x00,0x00,0x00,
0x00,0x00,0x00,0x00,0x00,0x00,0x00,0x00,0x00,0x00,0x00,0x00,0x00,0x00,0x00,0x00,0x00,0x00,0x00,0x00,
0x00,0x00,0x00,0x00,0x00,0x00,0x00,0x00,0x00,0x00,0x00,0x10,0x00,0x00,0x00,0x00,0x00,0x01,0xf9,0x20,
0x00,0x00,0x00,0x00,0x00,0x5c,0xfa,0x30,0x00,0x00,0x00,0x00,0x00,0x4b,0xfc,0x40,0x00,0x00,0x00,0x00,
0x00,0x29,0xfd,0x60,0x00,0x00,0x00,0x00,0x00,0x18,0xfe,0x00,0x00,0x00,0x00,0x00,0x3a,0xfd,0x00,0x00,
0x00,0x00,0x4b,0xfb,0x40,0x00,0x00,0x00,0x5d,0xf9,0x20,0x00,0x00,0x00,0x7e,0xe8,0x10,0x00,0x00,0x00,
0x01,0xd6,0x00,0x00,0x00,0x00,0x00,0x00,0x00,0x00,0x00,0x00,0x00,0x00,0x00,0x00,0x00,0x00,0x00,0x00,
0x00,0x00,0x00,0x00,0x00,0x00,0x00,0x00,0x00,0x00,0x00,0x00,0x00,0x00,0x00,0x00,0x00,0x00,0x00,0x00,
0x00,0x00,
/* U+003F */
0x00,0x00,0x00,0x00,0x00,0x00,0x00,0x00,0x00,0x00,0x00,0x00,0x00,0x00,0x00,0x00,0x00,0x00,0x00,0x00,
0x00,0x00,0x00,0x00,0x00,0x00,0x00,0x00,0x00,0x00,0x00,0x00,0x00,0x00,0x00,0x00,0x00,0x00,0x00,0x00,
0x00,0x00,0x00,0x00,0x26,0x97,0x30,0x00,0x00,0x00,0x06,0xff,0xff,0xf9,0x00,0x00,0x00,0x2f,0xc2,0x03,
0xcf,0x50,0x00,0x00,0xaf,0x20,0x00,0x4f,0xa0,0x00,0x00,0xce,0x00,0x00,0x0f,0xc0,0x00,0x00,0x22,0x00,
0x00,0x3f,0x90,0x00,0x00,0x00,0x00,0x00,0xdf,0x20,0x00,0x00,0x00,0x00,0x0c,0xf5,0x00,0x00,0x00,0x00,
0x00,0xaf,0x50,0x00,0x00,0x00,0x00,0x01,0xfa,0x00,0x00,0x00,0x00,0x00,0x05,0xf6,0x00,0x00,0x00,0x00,
0x00,0x02,0x82,0x00,0x00,0x00,0x00,0x00,0x02,0x32,0x00,0x00,0x00,0x00,0x00,0x0a,0xf9,0x00,0x00,0x00,
0x00,0x00,0x0a,0xf9,0x00,0x00,0x00,0x00,0x00,0x00,0x00,0x00,0x00,0x00,0x00,0x00,0x00,0x00,0x00,0x00,
0x00,0x00,0x00,0x00,0x00,0x00,0x00,0x00,0x00,0x00,0x00,0x00,0x00,0x00,0x00,0x00,0x00,0x00,0x00,0x00,
0x00,0x00,
/* U+0040 */
0x00,0x00,0x00,0x00,0x00,0x00,0x00,0x00,0x00,0x00,0x00,0x00,0x00,0x00,0x00,0x00,0x00,0x00,0x00,0x00,
0x00,0x00,0x00,0x00,0x00,0x00,0x00,0x00,0x00,0x00,0x00,0x00,0x00,0x00,0x00,0x00,0x00,0x00,0x00,0x00,
0x00,0x00,0x00,0x00,0x00,0x00,0x00,0x00,0x00,0x00,0x00,0x00,0x00,0x00,0x00,0x00,0x00,0x14,0x79,0x63,
0x00,0x00,0x00,0x00,0x00,0x07,0xfd,0xa8,0xbe,0xc3,0x00,0x00,0x00,0x00,0xce,0x40,0x00,0x00,0x8f,0x50,
0x00,0x00,0x09,0xd1,0x00,0x36,0x20,0x18,0xf2,0x00,0x00,0x4f,0x40,0x2e,0xff,0xf4,0xf3,0xc9,0x00,0x00,
0xbb,0x01,0xfd,0x30,0x8f,0xe0,0x8d,0x00,0x00,0xe7,0x09,0xf1,0x00,0x0f,0x90,0x5f,0x00,0x01,0xf4,0x0f,
0x80,0x00,0x1f,0x40,0x7d,0x00,0x00,0xf5,0x2f,0x40,0x00,0x6f,0x00,0xaa,0x00,0x00,0xd8,0x3f,0x50,0x00,
0xdb,0x02,0xf3,0x00,0x00,0x9c,0x1f,0xc2,0x2c,0xf8,0x1c,0x80,0x00,0x00,0x2f,0x66,0xff,0xf7,0xbf,0xe7,
0x21,0x00,0x00,0x06,0xf4,0x25,0x10,0x04,0x08,0xe2,0x00,0x00,0x00,0x7f,0x92,0x00,0x04,0xbe,0x30,0x00,
0x00,0x00,0x02,0xbf,0xed,0xff,0x91,0x00,0x00,0x00,0x00,0x00,0x00,0x24,0x20,0x00,0x00,0x00,0x00,0x00,
0x00,0x00,0x00,0x00,0x00,0x00,0x00,0x00,0x00,0x00,0x00,0x00,0x00,0x00,0x00,0x00,0x00,0x00,0x00,0x00,
0x00,0x00,0x00,0x00,0x00,0x00,0x00,0x00,0x00,0x00,0x00,0x00,0x00,0x00,
/* U+0041 */
0x00,0x00,0x00,0x00,0x00,0x00,0x00,0x00,0x00,0x00,0x00,0x00,0x00,0x00,0x00,0x00,0x00,0x00,0x00,0x00,
0x00,0x00,0x00,0x00,0x00,0x00,0x00,0x00,0x00,0x00,0x00,0x00,0x00,0x00,0x00,0x00,0x00,0x00,0x00,0x00,
0x00,0x00,0x00,0x00,0x00,0x00,0x00,0x00,0x24,0x20,0x00,0x00,0x00,0x00,0x00,0x0d,0xfd,0x00,0x00,0x00,
0x00,0x00,0x04,0xfd,0xf3,0x00,0x00,0x00,0x00,0x00,0xaf,0x3f,0xa0,0x00,0x00,0x00,0x00,0x1f,0xb0,0xcf,
0x00,0x00,0x00,0x00,0x06,0xf5,0x06,0xf6,0x00,0x00,0x00,0x00,0xce,0x00,0x1f,0xc0,0x00,0x00,0x00,0x3f,
0x90,0x00,0xbf,0x30,0x00,0x00,0x09,0xf3,0x00,0x05,0xf9,0x00,0x00,0x00,0xff,0xee,0xee,0xef,0xe0,0x00,
0x00,0x5f,0xcb,0xbb,0xbb,0xdf,0x50,0x00,0x0c,0xf2,0x00,0x00,0x04,0xfc,0x00,0x02,0xfc,0x00,0x00,0x00,
0x0e,0xf2,0x00,0x8f,0x60,0x00,0x00,0x00,0x8f,0x80,0x0e,0xf0,0x00,0x00,0x00,0x02,0xfe,0x00,0x00,0x00,
0x00,0x00,0x00,0x00,0x00,0x00,0x00,0x00,0x00,0x00,0x00,0x00,0x00,0x00,0x00,0x00,0x00,0x00,0x00,0x00,
0x00,0x00,0x00,0x00,0x00,0x00,0x00,0x00,0x00,0x00,0x00,0x00,0x00,0x00,0x00,
/* U+0042 */
0x00,0x00,0x00,0x00,0x00,0x00,0x00,0x00,0x00,0x00,0x00,0x00,0x00,0x00,0x00,0x00,0x00,0x00,0x00,0x00,
0x00,0x00,0x00,0x00,0x00,0x00,0x00,0x00,0x00,0x00,0x00,0x00,0x00,0x00,0x00,0x00,0x00,0x00,0x00,0x00,
0x00,0x00,0x00,0x00,0x00,0x00,0x00,0x00,0x00,0x14,0x44,0x44,0x43,0x10,0x00,0x00,0x00,0x7f,0xff,0xff,
0xff,0xfb,0x00,0x00,0x00,0x7f,0xa5,0x55,0x56,0xcf,0xa0,0x00,0x00,0x7f,0x70,0x00,0x00,0x0e,0xf0,0x00,
0x00,0x7f,0x70,0x00,0x00,0x0c,0xf1,0x00,0x00,0x7f,0x70,0x00,0x00,0x1f,0xd0,0x00,0x00,0x7f,0x82,0x22,
0x24,0xbf,0x40,0x00,0x00,0x7f,0xff,0xff,0xff,0xf7,0x00,0x00,0x00,0x7f,0xb7,0x77,0x78,0xcf,0xb0,0x00,
0x00,0x7f,0x70,0x00,0x00,0x09,0xf5,0x00,0x00,0x7f,0x70,0x00,0x00,0x02,0xfa,0x00,0x00,0x7f,0x70,0x00,
0x00,0x05,0xfb,0x00,0x00,0x7f,0x70,0x00,0x00,0x1c,0xf6,0x00,0x00,0x7f,0xc9,0x99,0x9b,0xff,0xc0,0x00,
0x00,0x7f,0xff,0xff,0xff,0xc8,0x00,0x00,0x00,0x00,0x00,0x00,0x00,0x00,0x00,0x00,0x00,0x00,0x00,0x00,
0x00,0x00,0x00,0x00,0x00,0x00,0x00,0x00,0x00,0x00,0x00,0x00,0x00,0x00,0x00,0x00,0x00,0x00,0x00,0x00,
0x00,0x00,0x00,0x00,0x00,0x00,0x00,0x00,
/* U+0043 */
0x00,0x00,0x00,0x00,0x00,0x00,0x00,0x00,0x00,0x00,0x00,0x00,0x00,0x00,0x00,0x00,0x00,0x00,0x00,0x00,
0x00,0x00,0x00,0x00,0x00,0x00,0x00,0x00,0x00,0x00,0x00,0x00,0x00,0x00,0x00,0x00,0x00,0x00,0x00,0x00,
0x00,0x00,0x00,0x00,0x00,0x00,0x00,0x00,0x00,0x00,0x00,0x00,0x00,0x00,0x36,0x97,0x50,0x00,0x00,0x00,
0x00,0x02,0xdf,0xff,0xff,0xe6,0x00,0x00,0x00,0x04,0xff,0x73,0x03,0x8e,0xf5,0x00,0x00,0x00,0xef,0x40,
0x00,0x00,0x5f,0xf0,0x00,0x00,0x7f,0x80,0x00,0x00,0x00,0xbf,0x50,0x00,0x0c,0xf1,0x00,0x00,0x00,0x00,
0x00,0x00,0x00,0xee,0x00,0x00,0x00,0x00,0x00,0x00,0x00,0x1f,0xc0,0x00,0x00,0x00,0x00,0x00,0x00,0x00,
0xfd,0x00,0x00,0x00,0x00,0x00,0x00,0x00,0x0e,0xf0,0x00,0x00,0x00,0x01,0x63,0x00,0x00,0xcf,0x30,0x00,
0x00,0x00,0x7f,0x60,0x00,0x06,0xfb,0x00,0x00,0x00,0x0c,0xf2,0x00,0x00,0x0d,0xf8,0x00,0x00,0x07,0xfb,
0x00,0x00,0x00,0x3d,0xfc,0x85,0x6b,0xfe,0x10,0x00,0x00,0x00,0x1a,0xef,0xff,0xf9,0x10,0x00,0x00,0x00,
0x00,0x00,0x24,0x20,0x00,0x00,0x00,0x00,0x00,0x00,0x00,0x00,0x00,0x00,0x00,0x00,0x00,0x00,0x00,0x00,
0x00,0x00,0x00,0x00,0x00,0x00,0x00,0x00,0x00,0x00,0x00,0x00,0x00,0x00,0x00,0x00,0x00,0x00,0x00,0x00,
0x00,
/* U+0044 */
0x00,0x00,0x00,0x00,0x00,0x00,0x00,0x00,0x00,0x00,0x00,0x00,0x00,0x00,0x00,0x00,0x00,0x00,0x00,0x00,
0x00,0x00,0x00,0x00,0x00,0x00,0x00,0x00,0x00,0x00,0x00,0x00,0x00,0x00,0x00,0x00,0x00,0x00,0x00,0x00,
0x00,0x00,0x00,0x00,0x00,0x00,0x00,0x00,0x00,0x00,0x00,0x00,0x14,0x44,0x44,0x20,0x00,0x00,0x00,0x00,
0x07,0xff,0xff,0xff,0xfc,0x30,0x00,0x00,0x00,0x7f,0xa5,0x55,0x7a,0xff,0x80,0x00,0x00,0x07,0xf7,0x00,
0x00,0x02,0xdf,0x30,0x00,0x00,0x7f,0x70,0x00,0x00,0x04,0xfc,0x00,0x00,0x07,0xf7,0x00,0x00,0x00,0x0d,
0xf0,0x00,0x00,0x7f,0x70,0x00,0x00,0x00,0xbf,0x20,0x00,0x07,0xf7,0x00,0x00,0x00,0x09,0xf4,0x00,0x00,
0x7f,0x70,0x00,0x00,0x00,0xaf,0x30,0x00,0x07,0xf7,0x00,0x00,0x00,0x0c,0xf1,0x00,0x00,0x7f,0x70,0x00,
0x00,0x01,0xfe,0x00,0x00,0x07,0xf7,0x00,0x00,0x00,0x8f,0x80,0x00,0x00,0x7f,0x70,0x00,0x00,0x7f,0xe0,
0x00,0x00,0x07,0xfc,0x99,0x9a,0xef,0xd3,0x00,0x00,0x00,0x7f,0xff,0xff,0xda,0x70,0x00,0x00,0x00,0x00,
0x00,0x00,0x00,0x00,0x00,0x00,0x00,0x00,0x00,0x00,0x00,0x00,0x00,0x00,0x00,0x00,0x00,0x00,0x00,0x00,
0x00,0x00,0x00,0x00,0x00,0x00,0x00,0x00,0x00,0x00,0x00,0x00,0x00,0x00,0x00,0x00,0x00,0x00,0x00,0x00,
0x00,
/* U+0045 */
0x00,0x00,0x00,0x00,0x00,0x00,0x00,0x00,0x00,0x00,0x00,0x00,0x00,0x00,0x00,0x00,0x00,0x00,0x00,0x00,
0x00,0x00,0x00,0x00,0x00,0x00,0x00,0x00,0x00,0x00,0x00,0x00,0x00,0x00,0x00,0x00,0x00,0x00,0x00,0x00,
0x00,0x00,0x00,0x00,0x00,0x00,0x14,0x44,0x44,0x44,0x44,0x10,0x00,0x07,0xff,0xff,0xff,0xff,0xf6,0x00,
0x00,0x7f,0xa5,0x55,0x55,0x55,0x20,0x00,0x07,0xf7,0x00,0x00,0x00,0x00,0x00,0x00,0x7f,0x70,0x00,0x00,
0x00,0x00,0x00,0x07,0xf7,0x00,0x00,0x00,0x00,0x00,0x00,0x7f,0x82,0x22,0x22,0x21,0x00,0x00,0x07,0xff,
0xff,0xff,0xff,0xe0,0x00,0x00,0x7f,0xb7,0x77,0x77,0x76,0x00,0x00,0x07,0xf7,0x00,0x00,0x00,0x00,0x00,
0x00,0x7f,0x70,0x00,0x00,0x00,0x00,0x00,0x07,0xf7,0x00,0x00,0x00,0x00,0x00,0x00,0x7f,0x70,0x00,0x00,
0x00,0x00,0x00,0x07,0xfc,0x99,0x99,0x99,0x94,0x00,0x00,0x7f,0xff,0xff,0xff,0xff,0x70,0x00,0x00,0x00,
0x00,0x00,0x00,0x00,0x00,0x00,0x00,0x00,0x00,0x00,0x00,0x00,0x00,0x00,0x00,0x00,0x00,0x00,0x00,0x00,
0x00,0x00,0x00,0x00,0x00,0x00,0x00,0x00,0x00,0x00,0x00,0x00,0x00,0x00,0x00,
/* U+0046 */
0x00,0x00,0x00,0x00,0x00,0x00,0x00,0x00,0x00,0x00,0x00,0x00,0x00,0x00,0x00,0x00,0x00,0x00,0x00,0x00,
0x00,0x00,0x00,0x00,0x00,0x00,0x00,0x00,0x00,0x00,0x00,0x00,0x00,0x00,0x00,0x00,0x00,0x00,0x00,0x00,
0x00,0x00,0x00,0x14,0x44,0x44,0x44,0x44,0x00,0x00,0x7f,0xff,0xff,0xff,0xff,0x00,0x00,0x7f,0xa5,0x55,
0x55,0x54,0x00,0x00,0x7f,0x70,0x00,0x00,0x00,0x00,0x00,0x7f,0x70,0x00,0x00,0x00,0x00,0x00,0x7f,0x70,
0x00,0x00,0x00,0x00,0x00,0x7f,0x82,0x22,0x22,0x20,0x00,0x00,0x7f,0xff,0xff,0xff,0xf0,0x00,0x00,0x7f,
0xb7,0x77,0x77,0x70,0x00,0x00,0x7f,0x70,0x00,0x00,0x00,0x00,0x00,0x7f,0x70,0x00,0x00,0x00,0x00,0x00,
0x7f,0x70,0x00,0x00,0x00,0x00,0x00,0x7f,0x70,0x00,0x00,0x00,0x00,0x00,0x7f,0x70,0x00,0x00,0x00,0x00,
0x00,0x7f,0x70,0x00,0x00,0x00,0x00,0x00,0x00,0x00,0x00,0x00,0x00,0x00,0x00,0x00,0x00,0x00,0x00,0x00,
0x00,0x00,0x00,0x00,0x00,0x00,0x00,0x00,0x00,0x00,0x00,0x00,0x00,0x00,0x00,0x00,0x00,0x00,0x00,0x00,
0x00,0x00,
/* U+0047 */
0x00,0x00,0x00,0x00,0x00,0x00,0x00,0x00,0x00,0x00,0x00,0x00,0x00,0x00,0x00,0x00,0x00,0x00,0x00,0x00,
0x00,0x00,0x00,0x00,0x00,0x00,0x00,0x00,0x00,0x00,0x00,0x00,0x00,0x00,0x00,0x00,0x00,0x00,0x00,0x00,
0x00,0x00,0x00,0x00,0x00,0x00,0x00,0x00,0x00,0x00,0x00,0x00,0x00,0x00,0x00,0x00,0x00,0x25,0x98,0x61,
0x00,0x00,0x00,0x00,0x00,0x1c,0xff,0xff,0xff,0x80,0x00,0x00,0x00,0x03,0xef,0x84,0x01,0x5c,0xf9,0x00,
0x00,0x00,0x0d,0xf5,0x00,0x00,0x00,0xcf,0x30,0x00,0x00,0x5f,0xa0,0x00,0x00,0x00,0x5f,0x90,0x00,0x00,
0xcf,0x20,0x00,0x00,0x00,0x01,0x10,0x00,0x00,0xef,0x00,0x00,0x00,0x00,0x00,0x00,0x00,0x00,0xfd,0x00,
0x00,0x28,0x88,0x88,0x70,0x00,0x01,0xfd,0x00,0x00,0x5f,0xff,0xff,0xf0,0x00,0x00,0xef,0x00,0x00,0x01,
0x11,0x1d,0xf0,0x00,0x00,0xbf,0x30,0x00,0x00,0x00,0x0f,0xf0,0x00,0x00,0x4f,0xc0,0x00,0x00,0x00,0x6f,
0xf0,0x00,0x00,0x0b,0xf9,0x00,0x00,0x03,0xef,0xf0,0x00,0x00,0x01,0xcf,0xc8,0x56,0xaf,0xcb,0xf0,0x00,
0x00,0x00,0x07,0xdf,0xff,0xf8,0x06,0xf0,0x00,0x00,0x00,0x00,0x01,0x42,0x00,0x00,0x00,0x00,0x00,0x00,
0x00,0x00,0x00,0x00,0x00,0x00,0x00,0x00,0x00,0x00,0x00,0x00,0x00,0x00,0x00,0x00,0x00,0x00,0x00,0x00,
0x00,0x00,0x00,0x00,0x00,0x00,0x00,0x00,0x00,0x00,0x00,0x00,0x00,0x00,
/* U+0048 */
0x00,0x00,0x00,0x00,0x00,0x00,0x00,0x00,0x00,0x00,0x00,0x00,0x00,0x00,0x00,0x00,0x00,0x00,0x00,0x00,
0x00,0x00,0x00,0x00,0x00,0x00,0x00,0x00,0x00,0x00,0x00,0x00,0x00,0x00,0x00,0x00,0x00,0x00,0x00,0x00,
0x00,0x00,0x00,0x00,0x00,0x00,0x00,0x00,0x00,0x00,0x00,0x00,0x14,0x20,0x00,0x00,0x00,0x43,0x00,0x00,
0x07,0xf7,0x00,0x00,0x00,0x0f,0xe0,0x00,0x00,0x7f,0x70,0x00,0x00,0x00,0xfe,0x00,0x00,0x07,0xf7,0x00,
0x00,0x00,0x0f,0xe0,0x00,0x00,0x7f,0x70,0x00,0x00,0x00,0xfe,0x00,0x00,0x07,0xf7,0x00,0x00,0x00,0x0f,
0xe0,0x00,0x00,0x7f,0x82,0x22,0x22,0x22,0xfe,0x00,0x00,0x07,0xff,0xff,0xff,0xff,0xff,0xe0,0x00,0x00,
0x7f,0xb7,0x77,0x77,0x77,0xfe,0x00,0x00,0x07,0xf7,0x00,0x00,0x00,0x0f,0xe0,0x00,0x00,0x7f,0x70,0x00,
0x00,0x00,0xfe,0x00,0x00,0x07,0xf7,0x00,0x00,0x00,0x0f,0xe0,0x00,0x00,0x7f,0x70,0x00,0x00,0x00,0xfe,
0x00,0x00,0x07,0xf7,0x00,0x00,0x00,0x0f,0xe0,0x00,0x00,0x7f,0x70,0x00,0x00,0x00,0xfe,0x00,0x00,0x00,
0x00,0x00,0x00,0x00,0x00,0x00,0x00,0x00,0x00,0x00,0x00,0x00,0x00,0x00,0x00,0x00,0x00,0x00,0x00,0x00,
0x00,0x00,0x00,0x00,0x00,0x00,0x00,0x00,0x00,0x00,0x00,0x00,0x00,0x00,0x00,0x00,0x00,0x00,0x00,0x00,
0x00,
/* U+0049 */
0x00,0x00,0x00,0x00,0x00,0x00,0x00,0x00,0x00,0x00,0x00,0x00,0x00,0x00,0x00,0x00,0x00,0x00,0x00,0x00,
0x00,0x00,0x00,0x00,0x00,0x14,0x20,0x00,0x00,0x5f,0x80,0x00,0x00,0x5f,0x80,0x00,0x00,0x5f,0x80,0x00,
0x00,0x5f,0x80,0x00,0x00,0x5f,0x80,0x00,0x00,0x5f,0x80,0x00,0x00,0x5f,0x80,0x00,0x00,0x5f,0x80,0x00,
0x00,0x5f,0x80,0x00,0x00,0x5f,0x80,0x00,0x00,0x5f,0x80,0x00,0x00,0x5f,0x80,0x00,0x00,0x5f,0x80,0x00,
0x00,0x5f,0x80,0x00,0x00,0x00,0x00,0x00,0x00,0x00,0x00,0x00,0x00,0x00,0x00,0x00,0x00,0x00,0x00,0x00,
0x00,0x00,0x00,0x00,
/* U+004A */
0x00,0x00,0x00,0x00,0x00,0x00,0x00,0x00,0x00,0x00,0x00,0x00,0x00,0x00,0x00,0x00,0x00,0x00,0x00,0x00,
0x00,0x00,0x00,0x00,0x00,0x00,0x00,0x00,0x00,0x00,0x00,0x00,0x00,0x00,0x00,0x00,0x00,0x00,0x00,0x00,
0x00,0x00,0x00,0x43,0x00,0x00,0x00,0x00,0x00,0x1f,0xd0,0x00,0x00,0x00,0x00,0x01,0xfd,0x00,0x00,0x00,
0x00,0x00,0x1f,0xd0,0x00,0x00,0x00,0x00,0x01,0xfd,0x00,0x00,0x00,0x00,0x00,0x1f,0xd0,0x00,0x00,0x00,
0x00,0x01,0xfd,0x00,0x00,0x00,0x00,0x00,0x1f,0xd0,0x00,0x00,0x00,0x00,0x01,0xfd,0x00,0x00,0x00,0x00,
0x00,0x1f,0xd0,0x00,0x06,0xb3,0x00,0x01,0xfd,0x00,0x00,0x8f,0x60,0x00,0x2f,0xc0,0x00,0x05,0xf9,0x00,
0x06,0xfa,0x00,0x00,0x0e,0xf8,0x46,0xef,0x40,0x00,0x00,0x3d,0xff,0xff,0x60,0x00,0x00,0x00,0x02,0x42,
0x00,0x00,0x00,0x00,0x00,0x00,0x00,0x00,0x00,0x00,0x00,0x00,0x00,0x00,0x00,0x00,0x00,0x00,0x00,0x00,
0x00,0x00,0x00,0x00,0x00,0x00,0x00,0x00,0x00,
/* U+004B */
0x00,0x00,0x00,0x00,0x00,0x00,0x00,0x00,0x00,0x00,0x00,0x00,0x00,0x00,0x00,0x00,0x00,0x00,0x00,0x00,
0x00,0x00,0x00,0x00,0x00,0x00,0x00,0x00,0x00,0x00,0x00,0x00,0x00,0x00,0x00,0x00,0x00,0x00,0x00,0x00,
0x00,0x00,0x00,0x00,0x00,0x00,0x00,0x00,0x00,0x14,0x20,0x00,0x00,0x01,0x44,0x00,0x00,0x7f,0x70,0x00,
0x00,0x2e,0xf5,0x00,0x00,0x7f,0x70,0x00,0x03,0xef,0x50,0x00,0x00,0x7f,0x70,0x00,0x3e,0xf4,0x00,0x00,
0x00,0x7f,0x70,0x03,0xef,0x40,0x00,0x00,0x00,0x7f,0x70,0x3f,0xf3,0x00,0x00,0x00,0x00,0x7f,0x73,0xff,
0x50,0x00,0x00,0x00,0x00,0x7f,0xbf,0xff,0xd0,0x00,0x00,0x00,0x00,0x7f,0xfe,0x2a,0xf9,0x00,0x00,0x00,
0x00,0x7f,0xd2,0x00,0xdf,0x50,0x00,0x00,0x00,0x7f,0x70,0x00,0x3f,0xf2,0x00,0x00,0x00,0x7f,0x70,0x00,
0x08,0xfc,0x00,0x00,0x00,0x7f,0x70,0x00,0x00,0xcf,0x90,0x00,0x00,0x7f,0x70,0x00,0x00,0x2f,0xf4,0x00,
0x00,0x7f,0x70,0x00,0x00,0x05,0xfe,0x10,0x00,0x00,0x00,0x00,0x00,0x00,0x00,0x00,0x00,0x00,0x00,0x00,
0x00,0x00,0x00,0x00,0x00,0x00,0x00,0x00,0x00,0x00,0x00,0x00,0x00,0x00,0x00,0x00,0x00,0x00,0x00,0x00,
0x00,0x00,0x00,0x00,0x00,0x00,0x00,0x00,
/* U+004C */
0x00,0x00,0x00,0x00,0x00,0x00,0x00,0x00,0x00,0x00,0x00,0x00,0x00,0x00,0x00,0x00,0x00,0x00,0x00,0x00,
0x00,0x00,0x00,0x00,0x00,0x00,0x00,0x00,0x00,0x00,0x00,0x00,0x00,0x00,0x00,0x00,0x00,0x00,0x00,0x00,
0x00,0x00,0x00,0x14,0x20,0x00,0x00,0x00,0x00,0x00,0x7f,0x70,0x00,0x00,0x00,0x00,0x00,0x7f,0x70,0x00,
0x00,0x00,0x00,0x00,0x7f,0x70,0x00,0x00,0x00,0x00,0x00,0x7f,0x70,0x00,0x00,0x00,0x00,0x00,0x7f,0x70,
0x00,0x00,0x00,0x00,0x00,0x7f,0x70,0x00,0x00,0x00,0x00,0x00,0x7f,0x70,0x00,0x00,0x00,0x00,0x00,0x7f,
0x70,0x00,0x00,0x00,0x00,0x00,0x7f,0x70,0x00,0x00,0x00,0x00,0x00,0x7f,0x70,0x00,0x00,0x00,0x00,0x00,
0x7f,0x70,0x00,0x00,0x00,0x00,0x00,0x7f,0x70,0x00,0x00,0x00,0x00,0x00,0x7f,0xc9,0x99,0x99,0x99,0x00,
0x00,0x7f,0xff,0xff,0xff,0xff,0x00,0x00,0x00,0x00,0x00,0x00,0x00,0x00,0x00,0x00,0x00,0x00,0x00,0x00,
0x00,0x00,0x00,0x00,0x00,0x00,0x00,0x00,0x00,0x00,0x00,0x00,0x00,0x00,0x00,0x00,0x00,0x00,0x00,0x00,
0x00,0x00,
/* U+004D */
0x00,0x00,0x00,0x00,0x00,0x00,0x00,0x00,0x00,0x00,0x00,0x00,0x00,0x00,0x00,0x00,0x00,0x00,0x00,0x00,
0x00,0x00,0x00,0x00,0x00,0x00,0x00,0x00,0x00,0x00,0x00,0x00,0x00,0x00,0x00,0x00,0x00,0x00,0x00,0x00,
0x00,0x00,0x00,0x00,0x00,0x00,0x00,0x00,0x00,0x00,0x00,0x00,0x00,0x00,0x00,0x00,0x00,0x00,0x00,0x00,
0x00,0x14,0x41,0x00,0x00,0x00,0x00,0x34,0x30,0x00,0x00,0x6f,0xf7,0x00,0x00,0x00,0x01,0xff,0xd0,0x00,
0x00,0x6f,0xfd,0x00,0x00,0x00,0x07,0xff,0xd0,0x00,0x00,0x6f,0xdf,0x30,0x00,0x00,0x0d,0xdf,0xd0,0x00,
0x00,0x6f,0x7f,0x90,0x00,0x00,0x3f,0x7f,0xd0,0x00,0x00,0x6f,0x6a,0xf0,0x00,0x00,0x9f,0x1f,0xd0,0x00,
0x00,0x6f,0x64,0xf5,0x00,0x00,0xeb,0x0f,0xd0,0x00,0x00,0x6f,0x60,0xeb,0x00,0x05,0xf5,0x0f,0xd0,0x00,
0x00,0x6f,0x60,0x8f,0x10,0x0b,0xe0,0x0f,0xd0,0x00,0x00,0x6f,0x60,0x2f,0x70,0x1f,0x90,0x0f,0xd0,0x00,
0x00,0x6f,0x60,0x0c,0xd0,0x7f,0x30,0x0f,0xd0,0x00,0x00,0x6f,0x60,0x06,0xf3,0xdd,0x00,0x0f,0xd0,0x00,
0x00,0x6f,0x60,0x01,0xfc,0xf7,0x00,0x0f,0xd0,0x00,0x00,0x6f,0x60,0x00,0xaf,0xf1,0x00,0x0f,0xd0,0x00,
0x00,0x6f,0x60,0x00,0x4f,0xb0,0x00,0x0f,0xd0,0x00,0x00,0x00,0x00,0x00,0x00,0x00,0x00,0x00,0x00,0x00,
0x00,0x00,0x00,0x00,0x00,0x00,0x00,0x00,0x00,0x00,0x00,0x00,0x00,0x00,0x00,0x00,0x00,0x00,0x00,0x00,
0x00,0x00,0x00,0x00,0x00,0x00,0x00,0x00,0x00,0x00,0x00,0x00,0x00,0x00,0x00,0x00,0x00,0x00,0x00,0x00,

/* U+004E */
0x00,0x00,0x00,0x00,0x00,0x00,0x00,0x00,0x00,0x00,0x00,0x00,0x00,0x00,0x00,0x00,0x00,0x00,0x00,0x00,
0x00,0x00,0x00,0x00,0x00,0x00,0x00,0x00,0x00,0x00,0x00,0x00,0x00,0x00,0x00,0x00,0x00,0x00,0x00,0x00,
0x00,0x00,0x00,0x00,0x00,0x00,0x00,0x00,0x00,0x00,0x00,0x00,0x24,0x20,0x00,0x00,0x00,0x34,0x00,0x00,
0x07,0xff,0x10,0x00,0x00,0x0e,0xe0,0x00,0x00,0x7f,0xfb,0x00,0x00,0x00,0xee,0x00,0x00,0x07,0xfe,0xf5,
0x00,0x00,0x0e,0xe0,0x00,0x00,0x7f,0x6e,0xe1,0x00,0x00,0xee,0x00,0x00,0x07,0xf5,0x5f,0xa0,0x00,0x0e,
0xe0,0x00,0x00,0x7f,0x50,0xbf,0x50,0x00,0xee,0x00,0x00,0x07,0xf5,0x01,0xfe,0x10,0x0e,0xe0,0x00,0x00,
0x7f,0x50,0x06,0xf9,0x00,0xee,0x00,0x00,0x07,0xf5,0x00,0x0b,0xf4,0x0e,0xe0,0x00,0x00,0x7f,0x50,0x00,
0x2f,0xd0,0xee,0x00,0x00,0x07,0xf5,0x00,0x00,0x7f,0x8e,0xe0,0x00,0x00,0x7f,0x50,0x00,0x00,0xcf,0xfe,
0x00,0x00,0x07,0xf5,0x00,0x00,0x02,0xff,0xe0,0x00,0x00,0x7f,0x50,0x00,0x00,0x07,0xfe,0x00,0x00,0x00,
0x00,0x00,0x00,0x00,0x00,0x00,0x00,0x00,0x00,0x00,0x00,0x00,0x00,0x00,0x00,0x00,0x00,0x00,0x00,0x00,
0x00,0x00,0x00,0x00,0x00,0x00,0x00,0x00,0x00,0x00,0x00,0x00,0x00,0x00,0x00,0x00,0x00,0x00,0x00,0x00,
0x00,
/* U+004F */
0x00,0x00,0x00,0x00,0x00,0x00,0x00,0x00,0x00,0x00,0x00,0x00,0x00,0x00,0x00,0x00,0x00,0x00,0x00,0x00,
0x00,0x00,0x00,0x00,0x00,0x00,0x00,0x00,0x00,0x00,0x00,0x00,0x00,0x00,0x00,0x00,0x00,0x00,0x00,0x00,
0x00,0x00,0x00,0x00,0x00,0x00,0x00,0x00,0x00,0x00,0x00,0x00,0x00,0x00,0x00,0x00,0x00,0x26,0x96,0x30,
0x00,0x00,0x00,0x00,0x00,0x2d,0xff,0xff,0xfe,0x40,0x00,0x00,0x00,0x05,0xff,0x83,0x02,0x6e,0xf7,0x00,
0x00,0x00,0x0e,0xf4,0x00,0x00,0x02,0xdf,0x20,0x00,0x00,0x8f,0x80,0x00,0x00,0x00,0x5f,0xb0,0x00,0x00,
0xef,0x10,0x00,0x00,0x00,0x0d,0xf1,0x00,0x00,0xfd,0x00,0x00,0x00,0x00,0x0a,0xf3,0x00,0x02,0xfb,0x00,
0x00,0x00,0x00,0x08,0xf6,0x00,0x02,0xfb,0x00,0x00,0x00,0x00,0x08,0xf5,0x00,0x00,0xfe,0x00,0x00,0x00,
0x00,0x0a,0xf3,0x00,0x00,0xdf,0x20,0x00,0x00,0x00,0x0e,0xf0,0x00,0x00,0x5f,0xa0,0x00,0x00,0x00,0x7f,
0x80,0x00,0x00,0x0d,0xf8,0x00,0x00,0x05,0xff,0x10,0x00,0x00,0x02,0xcf,0xc8,0x57,0xbf,0xe3,0x00,0x00,
0x00,0x00,0x09,0xef,0xff,0xea,0x10,0x00,0x00,0x00,0x00,0x00,0x01,0x42,0x00,0x00,0x00,0x00,0x00,0x00,
0x00,0x00,0x00,0x00,0x00,0x00,0x00,0x00,0x00,0x00,0x00,0x00,0x00,0x00,0x00,0x00,0x00,0x00,0x00,0x00,
0x00,0x00,0x00,0x00,0x00,0x00,0x00,0x00,0x00,0x00,0x00,0x00,0x00,0x00,
/* U+0050 */
0x00,0x00,0x00,0x00,0x00,0x00,0x00,0x00,0x00,0x00,0x00,0x00,0x00,0x00,0x00,0x00,0x00,0x00,0x00,0x00,
0x00,0x00,0x00,0x00,0x00,0x00,0x00,0x00,0x00,0x00,0x00,0x00,0x00,0x00,0x00,0x00,0x00,0x00,0x00,0x00,
0x00,0x00,0x00,0x00,0x00,0x00,0x14,0x44,0x44,0x42,0x00,0x00,0x00,0x07,0xff,0xff,0xff,0xff,0x80,0x00,
0x00,0x7f,0xa5,0x55,0x58,0xef,0x80,0x00,0x07,0xf7,0x00,0x00,0x04,0xff,0x00,0x00,0x7f,0x70,0x00,0x00,
0x0d,0xf2,0x00,0x07,0xf7,0x00,0x00,0x00,0xef,0x10,0x00,0x7f,0x70,0x00,0x00,0x4f,0xe0,0x00,0x07,0xfb,
0x77,0x77,0x9f,0xf7,0x00,0x00,0x7f,0xff,0xff,0xff,0xe6,0x00,0x00,0x07,0xf8,0x22,0x22,0x10,0x00,0x00,
0x00,0x7f,0x70,0x00,0x00,0x00,0x00,0x00,0x07,0xf7,0x00,0x00,0x00,0x00,0x00,0x00,0x7f,0x70,0x00,0x00,
0x00,0x00,0x00,0x07,0xf7,0x00,0x00,0x00,0x00,0x00,0x00,0x7f,0x70,0x00,0x00,0x00,0x00,0x00,0x00,0x00,
0x00,0x00,0x00,0x00,0x00,0x00,0x00,0x00,0x00,0x00,0x00,0x00,0x00,0x00,0x00,0x00,0x00,0x00,0x00,0x00,
0x00,0x00,0x00,0x00,0x00,0x00,0x00,0x00,0x00,0x00,0x00,0x00,0x00,0x00,0x00,
/* U+0051 */
0x00,0x00,0x00,0x00,0x00,0x00,0x00,0x00,0x00,0x00,0x00,0x00,0x00,0x00,0x00,0x00,0x00,0x00,0x00,0x00,
0x00,0x00,0x00,0x00,0x00,0x00,0x00,0x00,0x00,0x00,0x00,0x00,0x00,0x00,0x00,0x00,0x00,0x00,0x00,0x00,
0x00,0x00,0x00,0x00,0x00,0x00,0x00,0x00,0x00,0x00,0x00,0x00,0x00,0x00,0x00,0x00,0x00,0x26,0x96,0x30,
0x00,0x00,0x00,0x00,0x00,0x2d,0xff,0xff,0xfe,0x40,0x00,0x00,0x00,0x05,0xff,0x83,0x02,0x6e,0xf7,0x00,
0x00,0x00,0x0e,0xf4,0x00,0x00,0x02,0xdf,0x20,0x00,0x00,0x8f,0x80,0x00,0x00,0x00,0x5f,0xb0,0x00,0x00,
0xef,0x10,0x00,0x00,0x00,0x0d,0xf1,0x00,0x00,0xfd,0x00,0x00,0x00,0x00,0x0a,0xf3,0x00,0x02,0xfb,0x00,
0x00,0x00,0x00,0x08,0xf6,0x00,0x02,0xfb,0x00,0x00,0x00,0x00,0x08,0xf5,0x00,0x00,0xfe,0x00,0x00,0x00,
0x00,0x0b,0xf2,0x00,0x00,0xdf,0x20,0x00,0x00,0x00,0x0e,0xf0,0x00,0x00,0x5f,0xa0,0x00,0x08,0xa0,0x8f,
0x90,0x00,0x00,0x0d,0xf8,0x00,0x07,0xfd,0xfe,0x00,0x00,0x00,0x02,0xcf,0xc8,0x57,0xdf,0xf8,0x00,0x00,
0x00,0x00,0x09,0xef,0xff,0xfb,0xdf,0x70,0x00,0x00,0x00,0x00,0x01,0x43,0x10,0x0a,0xc0,0x00,0x00,0x00,
0x00,0x00,0x00,0x00,0x00,0x00,0x00,0x00,0x00,0x00,0x00,0x00,0x00,0x00,0x00,0x00,0x00,0x00,0x00,0x00,
0x00,0x00,0x00,0x00,0x00,0x00,0x00,0x00,0x00,0x00,0x00,0x00,0x00,0x00,
/* U+0052 */
0x00,0x00,0x00,0x00,0x00,0x00,0x00,0x00,0x00,0x00,0x00,0x00,0x00,0x00,0x00,0x00,0x00,0x00,0x00,0x00,
0x00,0x00,0x00,0x00,0x00,0x00,0x00,0x00,0x00,0x00,0x00,0x00,0x00,0x00,0x00,0x00,0x00,0x00,0x00,0x00,
0x00,0x00,0x00,0x00,0x00,0x00,0x00,0x00,0x00,0x14,0x44,0x44,0x43,0x10,0x00,0x00,0x00,0x7f,0xff,0xff,
0xff,0xfc,0x30,0x00,0x00,0x7f,0xa5,0x55,0x57,0xcf,0xe1,0x00,0x00,0x7f,0x70,0x00,0x00,0x0b,0xf7,0x00,
0x00,0x7f,0x70,0x00,0x00,0x06,0xf9,0x00,0x00,0x7f,0x70,0x00,0x00,0x07,0xf5,0x00,0x00,0x7f,0x70,0x00,
0x00,0x2e,0xf1,0x00,0x00,0x7f,0xdb,0xbb,0xbc,0xfc,0x20,0x00,0x00,0x7f,0xfe,0xee,0xef,0xfc,0x20,0x00,
0x00,0x7f,0x70,0x00,0x00,0x5f,0xd0,0x00,0x00,0x7f,0x70,0x00,0x00,0x0b,0xf2,0x00,0x00,0x7f,0x70,0x00,
0x00,0x08,0xf4,0x00,0x00,0x7f,0x70,0x00,0x00,0x06,0xf6,0x00,0x00,0x7f,0x70,0x00,0x00,0x05,0xf8,0x00,
0x00,0x7f,0x70,0x00,0x00,0x03,0xfd,0x00,0x00,0x00,0x00,0x00,0x00,0x00,0x00,0x00,0x00,0x00,0x00,0x00,
0x00,0x00,0x00,0x00,0x00,0x00,0x00,0x00,0x00,0x00,0x00,0x00,0x00,0x00,0x00,0x00,0x00,0x00,0x00,0x00,
0x00,0x00,0x00,0x00,0x00,0x00,0x00,0x00,
/* U+0053 */
0x00,0x00,0x00,0x00,0x00,0x00,0x00,0x00,0x00,0x00,0x00,0x00,0x00,0x00,0x00,0x00,0x00,0x00,0x00,0x00,
0x00,0x00,0x00,0x00,0x00,0x00,0x00,0x00,0x00,0x00,0x00,0x00,0x00,0x00,0x00,0x00,0x00,0x00,0x00,0x00,
0x00,0x00,0x00,0x00,0x00,0x00,0x00,0x05,0x89,0x74,0x00,0x00,0x00,0x00,0x4e,0xff,0xff,0xfc,0x20,0x00,
0x00,0x3f,0xe5,0x00,0x5a,0xfd,0x00,0x00,0x09,0xf5,0x00,0x00,0x0a,0xf4,0x00,0x00,0xcf,0x20,0x00,0x00,
0x4e,0x70,0x00,0x09,0xf9,0x00,0x00,0x00,0x00,0x00,0x00,0x2e,0xfd,0x84,0x10,0x00,0x00,0x00,0x00,0x2a,
0xff,0xff,0xc7,0x00,0x00,0x00,0x00,0x00,0x48,0xcf,0xfe,0x20,0x00,0x00,0x00,0x00,0x00,0x1a,0xfd,0x00,
0x02,0xb6,0x00,0x00,0x00,0x0e,0xf1,0x00,0x0f,0xd0,0x00,0x00,0x00,0xcf,0x10,0x00,0xbf,0x70,0x00,0x00,
0x2f,0xd0,0x00,0x01,0xef,0xc6,0x45,0x8f,0xf4,0x00,0x00,0x01,0x9f,0xff,0xff,0xb3,0x00,0x00,0x00,0x00,
0x02,0x43,0x10,0x00,0x00,0x00,0x00,0x00,0x00,0x00,0x00,0x00,0x00,0x00,0x00,0x00,0x00,0x00,0x00,0x00,
0x00,0x00,0x00,0x00,0x00,0x00,0x00,0x00,0x00,0x00,0x00,0x00,0x00,0x00,0x00,
/* U+0054 */
0x00,0x00,0x00,0x00,0x00,0x00,0x00,0x00,0x00,0x00,0x00,0x00,0x00,0x00,0x00,0x00,0x00,0x00,0x00,0x00,
0x00,0x00,0x00,0x00,0x00,0x00,0x00,0x00,0x00,0x00,0x00,0x00,0x00,0x00,0x00,0x00,0x00,0x00,0x00,0x00,
0x00,0x00,0x04,0x44,0x44,0x44,0x44,0x44,0x20,0x0f,0xff,0xff,0xff,0xff,0xff,0x70,0x04,0x55,0x57,0xfc,
0x55,0x55,0x20,0x00,0x00,0x03,0xfb,0x00,0x00,0x00,0x00,0x00,0x03,0xfb,0x00,0x00,0x00,0x00,0x00,0x03,
0xfb,0x00,0x00,0x00,0x00,0x00,0x03,0xfb,0x00,0x00,0x00,0x00,0x00,0x03,0xfb,0x00,0x00,0x00,0x00,0x00,
0x03,0xfb,0x00,0x00,0x00,0x00,0x00,0x03,0xfb,0x00,0x00,0x00,0x00,0x00,0x03,0xfb,0x00,0x00,0x00,0x00,
0x00,0x03,0xfb,0x00,0x00,0x00,0x00,0x00,0x03,0xfb,0x00,0x00,0x00,0x00,0x00,0x03,0xfb,0x00,0x00,0x00,
0x00,0x00,0x03,0xfb,0x00,0x00,0x00,0x00,0x00,0x00,0x00,0x00,0x00,0x00,0x00,0x00,0x00,0x00,0x00,0x00,
0x00,0x00,0x00,0x00,0x00,0x00,0x00,0x00,0x00,0x00,0x00,0x00,0x00,0x00,0x00,0x00,0x00,0x00,0x00,0x00,
0x00,0x00,
/* U+0055 */
0x00,0x00,0x00,0x00,0x00,0x00,0x00,0x00,0x00,0x00,0x00,0x00,0x00,0x00,0x00,0x00,0x00,0x00,0x00,0x00,
0x00,0x00,0x00,0x00,0x00,0x00,0x00,0x00,0x00,0x00,0x00,0x00,0x00,0x00,0x00,0x00,0x00,0x00,0x00,0x00,
0x00,0x00,0x00,0x00,0x00,0x00,0x00,0x00,0x00,0x00,0x00,0x00,0x24,0x10,0x00,0x00,0x00,0x44,0x00,0x00,
0x08,0xf6,0x00,0x00,0x00,0x0f,0xf0,0x00,0x00,0x8f,0x60,0x00,0x00,0x00,0xff,0x00,0x00,0x08,0xf6,0x00,
0x00,0x00,0x0f,0xf0,0x00,0x00,0x8f,0x60,0x00,0x00,0x00,0xff,0x00,0x00,0x08,0xf6,0x00,0x00,0x00,0x0f,
0xf0,0x00,0x00,0x8f,0x60,0x00,0x00,0x00,0xff,0x00,0x00,0x08,0xf6,0x00,0x00,0x00,0x0f,0xf0,0x00,0x00,
0x8f,0x60,0x00,0x00,0x00,0xff,0x00,0x00,0x08,0xf6,0x00,0x00,0x00,0x0f,0xf0,0x00,0x00,0x6f,0x70,0x00,
0x00,0x00,0xfd,0x00,0x00,0x04,0xfa,0x00,0x00,0x00,0x3f,0xb0,0x00,0x00,0x0e,0xf4,0x00,0x00,0x0b,0xf6,
0x00,0x00,0x00,0x5f,0xf9,0x64,0x7d,0xfc,0x00,0x00,0x00,0x00,0x4c,0xff,0xff,0xf8,0x00,0x00,0x00,0x00,
0x00,0x01,0x34,0x20,0x00,0x00,0x00,0x00,0x00,0x00,0x00,0x00,0x00,0x00,0x00,0x00,0x00,0x00,0x00,0x00,
0x00,0x00,0x00,0x00,0x00,0x00,0x00,0x00,0x00,0x00,0x00,0x00,0x00,0x00,0x00,0x00,0x00,0x00,0x00,0x00,
0x00,
/* U+0056 */
0x00,0x00,0x00,0x00,0x00,0x00,0x00,0x00,0x00,0x00,0x00,0x00,0x00,0x00,0x00,0x00,0x00,0x00,0x00,0x00,
0x00,0x00,0x00,0x00,0x00,0x00,0x00,0x00,0x00,0x00,0x00,0x00,0x00,0x00,0x00,0x00,0x00,0x00,0x00,0x00,
0x00,0x00,0x00,0x00,0x00,0x04,0x40,0x00,0x00,0x00,0x03,0x40,0x00,0xbf,0x40,0x00,0x00,0x00,0xff,0x00,
0x05,0xfa,0x00,0x00,0x00,0x5f,0xa0,0x00,0x0f,0xe0,0x00,0x00,0x0a,0xf4,0x00,0x00,0xaf,0x40,0x00,0x00,
0xfe,0x00,0x00,0x05,0xf9,0x00,0x00,0x4f,0x80,0x00,0x00,0x0f,0xe0,0x00,0x0a,0xf3,0x00,0x00,0x00,0x9f,
0x40,0x00,0xfd,0x00,0x00,0x00,0x04,0xf9,0x00,0x4f,0x70,0x00,0x00,0x00,0x0e,0xe0,0x0a,0xf2,0x00,0x00,
0x00,0x00,0x9f,0x40,0xfc,0x00,0x00,0x00,0x00,0x03,0xf9,0x4f,0x60,0x00,0x00,0x00,0x00,0x0d,0xea,0xf1,
0x00,0x00,0x00,0x00,0x00,0x8f,0xfb,0x00,0x00,0x00,0x00,0x00,0x02,0xff,0x50,0x00,0x00,0x00,0x00,0x00,
0x00,0x00,0x00,0x00,0x00,0x00,0x00,0x00,0x00,0x00,0x00,0x00,0x00,0x00,0x00,0x00,0x00,0x00,0x00,0x00,
0x00,0x00,0x00,0x00,0x00,0x00,0x00,0x00,0x00,0x00,0x00,0x00,0x00,0x00,0x00,
/* U+0057 */
0x00,0x00,0x00,0x00,0x00,0x00,0x00,0x00,0x00,0x00,0x00,0x00,0x00,0x00,0x00,0x00,0x00,0x00,0x00,0x00,
0x00,0x00,0x00,0x00,0x00,0x00,0x00,0x00,0x00,0x00,0x00,0x00,0x00,0x00,0x00,0x00,0x00,0x00,0x00,0x00,
0x00,0x00,0x00,0x00,0x00,0x00,0x00,0x00,0x00,0x00,0x00,0x00,0x00,0x00,0x00,0x00,0x00,0x00,0x00,0x00,
0x00,0x00,0x00,0x03,0x40,0x00,0x00,0x03,0x41,0x00,0x00,0x02,0x41,0x00,0x8f,0x50,0x00,0x00,0xff,0x70,
0x00,0x00,0xcf,0x10,0x04,0xf9,0x00,0x00,0x4f,0xfc,0x00,0x00,0x1f,0xc0,0x00,0x0f,0xd0,0x00,0x08,0xfb,
0xf0,0x00,0x04,0xf8,0x00,0x00,0xcf,0x10,0x00,0xcc,0x5f,0x40,0x00,0x8f,0x40,0x00,0x08,0xf4,0x00,0x1f,
0x71,0xf8,0x00,0x0c,0xf0,0x00,0x00,0x4f,0x80,0x05,0xf3,0x0d,0xd0,0x00,0xfb,0x00,0x00,0x00,0xfc,0x00,
0x9e,0x00,0x8f,0x10,0x4f,0x70,0x00,0x00,0x0c,0xf0,0x0e,0xa0,0x04,0xf5,0x08,0xf3,0x00,0x00,0x00,0x8f,
0x32,0xf6,0x00,0x0f,0x90,0xce,0x00,0x00,0x00,0x04,0xf7,0x6f,0x10,0x00,0xbe,0x0f,0xa0,0x00,0x00,0x00,
0x0f,0xba,0xd0,0x00,0x07,0xf6,0xf6,0x00,0x00,0x00,0x00,0xbf,0xf9,0x00,0x00,0x3f,0xef,0x20,0x00,0x00,
0x00,0x07,0xff,0x40,0x00,0x00,0xef,0xd0,0x00,0x00,0x00,0x00,0x3f,0xf0,0x00,0x00,0x0a,0xf9,0x00,0x00,
0x00,0x00,0x00,0x00,0x00,0x00,0x00,0x00,0x00,0x00,0x00,0x00,0x00,0x00,0x00,0x00,0x00,0x00,0x00,0x00,
0x00,0x00,0x00,0x00,0x00,0x00,0x00,0x00,0x00,0x00,0x00,0x00,0x00,0x00,0x00,0x00,0x00,0x00,0x00,0x00,
0x00,0x00,0x00,0x00,0x00,0x00,0x00,0x00,0x00,0x00,0x00,0x00,0x00,
/* U+0058 */
0x00,0x00,0x00,0x00,0x00,0x00,0x00,0x00,0x00,0x00,0x00,0x00,0x00,0x00,0x00,0x00,0x00,0x00,0x00,0x00,
0x00,0x00,0x00,0x00,0x00,0x00,0x00,0x00,0x00,0x00,0x00,0x00,0x00,0x00,0x00,0x00,0x00,0x00,0x00,0x00,
0x00,0x00,0x00,0x00,0x00,0x02,0x42,0x00,0x00,0x00,0x14,0x30,0x00,0x3f,0xf1,0x00,0x00,0x0b,0xf6,0x00,
0x00,0x8f,0xa0,0x00,0x05,0xfb,0x00,0x00,0x00,0xdf,0x50,0x01,0xef,0x10,0x00,0x00,0x03,0xfe,0x00,0xbf,
0x50,0x00,0x00,0x00,0x08,0xf9,0x5f,0xb0,0x00,0x00,0x00,0x00,0x0c,0xff,0xe1,0x00,0x00,0x00,0x00,0x00,
0x3f,0xf6,0x00,0x00,0x00,0x00,0x00,0x09,0xff,0xc0,0x00,0x00,0x00,0x00,0x04,0xfc,0xaf,0x70,0x00,0x00,
0x00,0x01,0xef,0x21,0xef,0x20,0x00,0x00,0x00,0xaf,0x70,0x05,0xfd,0x00,0x00,0x00,0x4f,0xc0,0x00,0x0b,
0xf8,0x00,0x00,0x1e,0xf2,0x00,0x00,0x1f,0xf3,0x00,0x0a,0xf7,0x00,0x00,0x00,0x6f,0xd0,0x00,0x00,0x00,
0x00,0x00,0x00,0x00,0x00,0x00,0x00,0x00,0x00,0x00,0x00,0x00,0x00,0x00,0x00,0x00,0x00,0x00,0x00,0x00,
0x00,0x00,0x00,0x00,0x00,0x00,0x00,0x00,0x00,0x00,0x00,0x00,0x00,0x00,0x00,
/* U+0059 */
0x00,0x00,0x00,0x00,0x00,0x00,0x00,0x00,0x00,0x00,0x00,0x00,0x00,0x00,0x00,0x00,0x00,0x00,0x00,0x00,
0x00,0x00,0x00,0x00,0x00,0x00,0x00,0x00,0x00,0x00,0x00,0x00,0x00,0x00,0x00,0x00,0x00,0x00,0x00,0x00,
0x00,0x00,0x00,0x00,0x00,0x03,0x41,0x00,0x00,0x00,0x01,0x43,0x00,0x7f,0xc0,0x00,0x00,0x00,0xbf,0x60,
0x00,0xcf,0x60,0x00,0x00,0x5f,0xc0,0x00,0x02,0xff,0x10,0x00,0x0e,0xf2,0x00,0x00,0x07,0xfa,0x00,0x09,
0xf7,0x00,0x00,0x00,0x0d,0xf4,0x03,0xfc,0x00,0x00,0x00,0x00,0x3f,0xe0,0xcf,0x30,0x00,0x00,0x00,0x00,
0x8f,0xdf,0x80,0x00,0x00,0x00,0x00,0x00,0xdf,0xd0,0x00,0x00,0x00,0x00,0x00,0x07,0xf7,0x00,0x00,0x00,
0x00,0x00,0x00,0x7f,0x70,0x00,0x00,0x00,0x00,0x00,0x07,0xf7,0x00,0x00,0x00,0x00,0x00,0x00,0x7f,0x70,
0x00,0x00,0x00,0x00,0x00,0x07,0xf7,0x00,0x00,0x00,0x00,0x00,0x00,0x7f,0x70,0x00,0x00,0x00,0x00,0x00,
0x00,0x00,0x00,0x00,0x00,0x00,0x00,0x00,0x00,0x00,0x00,0x00,0x00,0x00,0x00,0x00,0x00,0x00,0x00,0x00,
0x00,0x00,0x00,0x00,0x00,0x00,0x00,0x00,0x00,0x00,0x00,0x00,0x00,0x00,0x00,
/* U+005A */
0x00,0x00,0x00,0x00,0x00,0x00,0x00,0x00,0x00,0x00,0x00,0x00,0x00,0x00,0x00,0x00,0x00,0x00,0x00,0x00,
0x00,0x00,0x00,0x00,0x00,0x00,0x00,0x00,0x00,0x00,0x00,0x00,0x00,0x00,0x00,0x00,0x00,0x00,0x00,0x00,
0x00,0x00,0x00,0x00,0x00,0x00,0x34,0x44,0x44,0x44,0x44,0x20,0x00,0x0e,0xff,0xff,0xff,0xff,0xf8,0x00,
0x00,0x45,0x55,0x55,0x55,0xef,0x50,0x00,0x00,0x00,0x00,0x00,0xaf,0x90,0x00,0x00,0x00,0x00,0x00,0x6f,
0xc0,0x00,0x00,0x00,0x00,0x00,0x3f,0xe1,0x00,0x00,0x00,0x00,0x00,0x1e,0xf3,0x00,0x00,0x00,0x00,0x00,
0x0c,0xf6,0x00,0x00,0x00,0x00,0x00,0x0a,0xf9,0x00,0x00,0x00,0x00,0x00,0x06,0xfc,0x00,0x00,0x00,0x00,
0x00,0x04,0xfe,0x10,0x00,0x00,0x00,0x00,0x01,0xef,0x30,0x00,0x00,0x00,0x00,0x00,0xcf,0x60,0x00,0x00,
0x00,0x00,0x00,0x7f,0xf9,0x99,0x99,0x99,0x97,0x00,0x08,0xff,0xff,0xff,0xff,0xff,0xc0,0x00,0x00,0x00,
0x00,0x00,0x00,0x00,0x00,0x00,0x00,0x00,0x00,0x00,0x00,0x00,0x00,0x00,0x00,0x00,0x00,0x00,0x00,0x00,
0x00,0x00,0x00,0x00,0x00,0x00,0x00,0x00,0x00,0x00,0x00,0x00,0x00,0x00,0x00,
/* U+005B */
0x00,0x00,0x00,0x00,0x00,0x00,0x00,0x00,0x00,0x00,0x00,0x00,0x00,0x00,0x00,0x00,0x00,0x00,0x00,0x00,
0x00,0x00,0x00,0x00,0x00,0x59,0x99,0x10,0x00,0x8f,0xcb,0x20,0x00,0x8f,0x00,0x00,0x00,0x8f,0x00,0x00,
0x00,0x8f,0x00,0x00,0x00,0x8f,0x00,0x00,0x00,0x8f,0x00,0x00,0x00,0x8f,0x00,0x00,0x00,0x8f,0x00,0x00,
0x00,0x8f,0x00,0x00,0x00,0x8f,0x00,0x00,0x00,0x8f,0x00,0x00,0x00,0x8f,0x00,0x00,0x00,0x8f,0x00,0x00,
0x00,0x8f,0x00,0x00,0x00,0x8f,0x00,0x00,0x00,0x8f,0x00,0x00,0x00,0x8f,0x76,0x10,0x00,0x8f,0xff,0x20,
0x00,0x00,0x00,0x00,
/* U+005C */
0x00,0x00,0x00,0x00,0x00,0x00,0x00,0x00,0x00,0x00,0x00,0x00,0x00,0x00,0x00,0x00,0x00,0x00,0x00,0x00,
0x00,0x00,0x00,0x00,0x00,0x00,0x00,0x29,0x20,0x00,0x00,0x00,0xe8,0x00,0x00,0x00,0x08,0xe0,0x00,0x00,
0x00,0x1f,0x50,0x00,0x00,0x00,0xbb,0x00,0x00,0x00,0x05,0xf2,0x00,0x00,0x00,0x0e,0x80,0x00,0x00,0x00,
0x8e,0x00,0x00,0x00,0x02,0xf5,0x00,0x00,0x00,0x0b,0xb0,0x00,0x00,0x00,0x5f,0x10,0x00,0x00,0x00,0xe8,
0x00,0x00,0x00,0x08,0xe0,0x00,0x00,0x00,0x2f,0x40,0x00,0x00,0x00,0xcb,0x00,0x00,0x00,0x02,0x40,0x00,
0x00,0x00,0x00,0x00,0x00,0x00,0x00,0x00,0x00,0x00,0x00,0x00,0x00,0x00,0x00,0x00,0x00,
/* U+005D */
0x00,0x00,0x00,0x00,0x00,0x00,0x00,0x00,0x00,0x00,0x00,0x00,0x00,0x00,0x00,0x00,0x00,0x00,0x00,0x00,
0x00,0x00,0x00,0x00,0x09,0x99,0x70,0x00,0x0b,0xbf,0xb0,0x00,0x00,0x0d,0xb0,0x00,0x00,0x0d,0xb0,0x00,
0x00,0x0d,0xb0,0x00,0x00,0x0d,0xb0,0x00,0x00,0x0d,0xb0,0x00,0x00,0x0d,0xb0,0x00,0x00,0x0d,0xb0,0x00,
0x00,0x0d,0xb0,0x00,0x00,0x0d,0xb0,0x00,0x00,0x0d,0xb0,0x00,0x00,0x0d,0xb0,0x00,0x00,0x0d,0xb0,0x00,
0x00,0x0d,0xb0,0x00,0x00,0x0d,0xb0,0x00,0x00,0x0d,0xb0,0x00,0x06,0x6e,0xb0,0x00,0x0f,0xff,0xb0,0x00,
0x00,0x00,0x00,0x00,
/* U+005E */
0x00,0x00,0x00,0x00,0x00,0x00,0x00,0x00,0x00,0x00,0x00,0x00,0x00,0x00,0x00,0x00,0x00,0x00,0x00,0x00,
0x00,0x00,0x00,0x00,0x00,0x00,0x00,0x00,0x00,0x00,0x00,0x00,0x00,0x00,0x00,0x00,0x00,0x00,0x00,0x00,
0x00,0x00,0x00,0x00,0x00,0x00,0x00,0x00,0x00,0x00,0x00,0x00,0xcc,0x00,0x00,0x00,0x00,0x00,0x05,0xef,
0x50,0x00,0x00,0x00,0x00,0x0d,0x78,0xd0,0x00,0x00,0x00,0x00,0x5f,0x01,0xf5,0x00,0x00,0x00,0x00,0xd8,
0x00,0x8d,0x00,0x00,0x00,0x06,0xf1,0x00,0x1f,0x60,0x00,0x00,0x0d,0x80,0x00,0x08,0xd0,0x00,0x00,0x6f,
0x10,0x00,0x01,0xf6,0x00,0x00,0x96,0x00,0x00,0x00,0x69,0x00,0x00,0x00,0x00,0x00,0x00,0x00,0x00,0x00,
0x00,0x00,0x00,0x00,0x00,0x00,0x00,0x00,0x00,0x00,0x00,0x00,0x00,0x00,0x00,0x00,0x00,0x00,0x00,0x00,
0x00,0x00,0x00,0x00,0x00,0x00,0x00,0x00,0x00,0x00,0x00,0x00,0x00,0x00,0x00,0x00,0x00,0x00,0x00,0x00,
0x00,0x00,0x00,0x00,0x00,0x00,0x00,0x00,0x00,0x00,0x00,0x00,0x00,0x00,0x00,0x00,0x00,0x00,0x00,0x00,
0x00,0x00,
/* U+005F */
0x00,0x00,0x00,0x00,0x00,0x00,0x00,0x00,0x00,0x00,0x00,0x00,0x00,0x00,0x00,0x00,0x00,0x00,0x00,0x00,
0x00,0x00,0x00,0x00,0x00,0x00,0x00,0x00,0x00,0x00,0x00,0x00,0x00,0x00,0x00,0x00,0x00,0x00,0x00,0x00,
0x00,0x00,0x00,0x00,0x00,0x00,0x00,0x00,0x00,0x00,0x00,0x00,0x00,0x00,0x00,0x00,0x00,0x00,0x00,0x00,
0x00,0x00,0x00,0x00,0x00,0x00,0x00,0x00,0x00,0x00,0x00,0x00,0x00,0x00,0x00,0x00,0x00,0x00,0x00,0x00,
0x00,0x00,0x00,0x00,0x00,0x00,0x00,0x00,0x00,0x00,0x00,0x00,0x00,0x00,0x00,0x00,0x00,0x00,0x00,0x00,
0x00,0x00,0x00,0x00,0x00,0x00,0x00,0x00,0x00,0x00,0x00,0x00,0x00,0x00,0x00,0x00,0x00,0x00,0x00,0x00,
0x00,0x00,0x00,0x00,0x00,0x00,0x00,0x00,0x00,0x00,0x00,0x00,0x08,0x88,0x88,0x88,0x88,0x80,0x07,0x77,
0x77,0x77,0x77,0x70,0x00,0x00,0x00,0x00,0x00,0x00,0x00,0x00,0x00,0x00,0x00,0x00,
/* U+0060 */
0x00,0x00,0x00,0x00,0x00,0x00,0x00,0x00,0x00,0x00,0x00,0x00,0x00,0x00,0x00,0x00,0x00,0x02,0x64,0x00,
0x00,0x0c,0xf1,0x00,0x00,0x1e,0xa0,0x00,0x00,0x2d,0x20,0x00,0x00,0x00,0x00,0x00,0x00,0x00,0x00,0x00,
0x00,0x00,0x00,0x00,0x00,0x00,0x00,0x00,0x00,0x00,0x00,0x00,0x00,0x00,0x00,0x00,0x00,0x00,0x00,0x00,
0x00,0x00,0x00,0x00,0x00,0x00,0x00,0x00,0x00,0x00,0x00,0x00,0x00,0x00,0x00,0x00,0x00,0x00,0x00,0x00,
0x00,0x00,0x00,0x00,0x00,0x00,0x00,0x00,0x00,0x00,0x00,
/* U+0061 */
0x00,0x00,0x00,0x00,0x00,0x00,0x00,0x00,0x00,0x00,0x00,0x00,0x00,0x00,0x00,0x00,0x00,0x00,0x00,0x00,
0x00,0x00,0x00,0x00,0x00,0x00,0x00,0x00,0x00,0x00,0x00,0x00,0x00,0x00,0x00,0x00,0x00,0x00,0x00,0x00,
0x00,0x00,0x00,0x00,0x00,0x00,0x00,0x00,0x00,0x00,0x00,0x00,0x00,0x00,0x00,0x00,0x00,0x00,0x00,0x00,
0x00,0x00,0x00,0x00,0x00,0x00,0x00,0x37,0x88,0x40,0x00,0x00,0x00,0xbf,0xff,0xff,0xb0,0x00,0x00,0x8f,
0x92,0x01,0xbf,0x30,0x00,0x0a,0xd1,0x00,0x05,0xf5,0x00,0x00,0x00,0x00,0x03,0xcf,0x60,0x00,0x00,0x5a,
0xef,0xfd,0xf6,0x00,0x00,0xaf,0xb6,0x31,0x5f,0x60,0x00,0x1f,0xb0,0x00,0x05,0xf6,0x00,0x03,0xf9,0x00,
0x00,0xbf,0x60,0x00,0x0f,0xf7,0x46,0xce,0xfa,0x20,0x00,0x4e,0xff,0xf9,0x0e,0xf6,0x00,0x00,0x02,0x20,
0x00,0x02,0x00,0x00,0x00,0x00,0x00,0x00,0x00,0x00,0x00,0x00,0x00,0x00,0x00,0x00,0x00,0x00,0x00,0x00,
0x00,0x00,0x00,0x00,0x00,0x00,0x00,0x00,0x00,
/* U+0062 */
0x00,0x00,0x00,0x00,0x00,0x00,0x00,0x00,0x00,0x00,0x00,0x00,0x00,0x00,0x00,0x00,0x00,0x00,0x00,0x00,
0x00,0x00,0x00,0x00,0x00,0x00,0x00,0x00,0x00,0x00,0x00,0x00,0x00,0x00,0x00,0x00,0x00,0x00,0x00,0x00,
0x00,0x00,0x00,0x24,0x00,0x00,0x00,0x00,0x00,0x00,0xaf,0x00,0x00,0x00,0x00,0x00,0x00,0xaf,0x00,0x00,
0x00,0x00,0x00,0x00,0xaf,0x00,0x00,0x00,0x00,0x00,0x00,0xaf,0x02,0x68,0x51,0x00,0x00,0x00,0xaf,0x6f,
0xff,0xff,0x50,0x00,0x00,0xaf,0xf7,0x10,0x4e,0xf2,0x00,0x00,0xaf,0x80,0x00,0x03,0xfa,0x00,0x00,0xaf,
0x20,0x00,0x00,0xdf,0x00,0x00,0xaf,0x00,0x00,0x00,0xbf,0x10,0x00,0xaf,0x10,0x00,0x00,0xbf,0x00,0x00,
0xaf,0x40,0x00,0x00,0xee,0x00,0x00,0xaf,0xc0,0x00,0x06,0xf8,0x00,0x00,0xaf,0xec,0x65,0x9f,0xe1,0x00,
0x00,0xaf,0x3c,0xff,0xfb,0x10,0x00,0x00,0x00,0x00,0x12,0x00,0x00,0x00,0x00,0x00,0x00,0x00,0x00,0x00,
0x00,0x00,0x00,0x00,0x00,0x00,0x00,0x00,0x00,0x00,0x00,0x00,0x00,0x00,0x00,0x00,0x00,0x00,0x00,0x00,
0x00,0x00,
/* U+0063 */
0x00,0x00,0x00,0x00,0x00,0x00,0x00,0x00,0x00,0x00,0x00,0x00,0x00,0x00,0x00,0x00,0x00,0x00,0x00,0x00,
0x00,0x00,0x00,0x00,0x00,0x00,0x00,0x00,0x00,0x00,0x00,0x00,0x00,0x00,0x00,0x00,0x00,0x00,0x00,0x00,
0x00,0x00,0x00,0x00,0x00,0x00,0x00,0x00,0x00,0x00,0x00,0x00,0x00,0x00,0x00,0x00,0x00,0x00,0x00,0x00,
0x00,0x00,0x00,0x00,0x00,0x00,0x00,0x25,0x87,0x30,0x00,0x00,0x00,0x6f,0xff,0xff,0xb0,0x00,0x00,0x5f,
0xd3,0x02,0xaf,0x90,0x00,0x0d,0xf1,0x00,0x00,0xee,0x00,0x01,0xfb,0x00,0x00,0x00,0x00,0x00,0x3f,0x90,
0x00,0x00,0x00,0x00,0x03,0xf9,0x00,0x00,0x00,0x00,0x00,0x0f,0xc0,0x00,0x00,0xac,0x00,0x00,0xbf,0x40,
0x00,0x3f,0xb0,0x00,0x03,0xff,0x85,0x9e,0xf3,0x00,0x00,0x02,0xcf,0xff,0xd4,0x00,0x00,0x00,0x00,0x02,
0x10,0x00,0x00,0x00,0x00,0x00,0x00,0x00,0x00,0x00,0x00,0x00,0x00,0x00,0x00,0x00,0x00,0x00,0x00,0x00,
0x00,0x00,0x00,0x00,0x00,0x00,0x00,0x00,0x00,
/* U+0064 */
0x00,0x00,0x00,0x00,0x00,0x00,0x00,0x00,0x00,0x00,0x00,0x00,0x00,0x00,0x00,0x00,0x00,0x00,0x00,0x00,
0x00,0x00,0x00,0x00,0x00,0x00,0x00,0x00,0x00,0x00,0x00,0x00,0x00,0x00,0x00,0x00,0x00,0x00,0x00,0x00,
0x00,0x00,0x00,0x00,0x00,0x00,0x00,0x42,0x00,0x00,0x00,0x00,0x00,0x02,0xf8,0x00,0x00,0x00,0x00,0x00,
0x02,0xf8,0x00,0x00,0x00,0x00,0x00,0x02,0xf8,0x00,0x00,0x00,0x26,0x86,0x12,0xf8,0x00,0x00,0x07,0xff,
0xff,0xf7,0xf8,0x00,0x00,0x5f,0xd3,0x01,0x9f,0xf8,0x00,0x00,0xdf,0x10,0x00,0x0b,0xf8,0x00,0x01,0xfb,
0x00,0x00,0x04,0xf8,0x00,0x03,0xf9,0x00,0x00,0x02,0xf8,0x00,0x02,0xf9,0x00,0x00,0x03,0xf8,0x00,0x00,
0xfc,0x00,0x00,0x06,0xf8,0x00,0x00,0xaf,0x50,0x00,0x1d,0xf8,0x00,0x00,0x2e,0xf8,0x57,0xde,0xf8,0x00,
0x00,0x02,0xcf,0xff,0xb3,0xf8,0x00,0x00,0x00,0x00,0x20,0x00,0x00,0x00,0x00,0x00,0x00,0x00,0x00,0x00,
0x00,0x00,0x00,0x00,0x00,0x00,0x00,0x00,0x00,0x00,0x00,0x00,0x00,0x00,0x00,0x00,0x00,0x00,0x00,0x00,
0x00,0x00,
/* U+0065 */
0x00,0x00,0x00,0x00,0x00,0x00,0x00,0x00,0x00,0x00,0x00,0x00,0x00,0x00,0x00,0x00,0x00,0x00,0x00,0x00,
0x00,0x00,0x00,0x00,0x00,0x00,0x00,0x00,0x00,0x00,0x00,0x00,0x00,0x00,0x00,0x00,0x00,0x00,0x00,0x00,
0x00,0x00,0x00,0x00,0x00,0x00,0x00,0x00,0x00,0x00,0x00,0x00,0x00,0x00,0x00,0x00,0x00,0x00,0x00,0x00,
0x00,0x00,0x00,0x00,0x00,0x00,0x00,0x15,0x85,0x10,0x00,0x00,0x00,0x5f,0xff,0xff,0x60,0x00,0x00,0x3f,
0xb2,0x02,0xbf,0x40,0x00,0x0c,0xe0,0x00,0x00,0xeb,0x00,0x01,0xfa,0x22,0x22,0x2b,0xf1,0x00,0x3f,0xff,
0xff,0xff,0xff,0x30,0x02,0xfb,0x55,0x55,0x55,0x51,0x00,0x0f,0xb0,0x00,0x00,0x24,0x00,0x00,0xaf,0x30,
0x00,0x1f,0xd0,0x00,0x02,0xff,0x85,0x7d,0xf5,0x00,0x00,0x02,0xbf,0xff,0xd5,0x00,0x00,0x00,0x00,0x02,
0x10,0x00,0x00,0x00,0x00,0x00,0x00,0x00,0x00,0x00,0x00,0x00,0x00,0x00,0x00,0x00,0x00,0x00,0x00,0x00,
0x00,0x00,0x00,0x00,0x00,0x00,0x00,0x00,0x00,
/* U+0066 */
0x00,0x00,0x00,0x00,0x00,0x00,0x00,0x00,0x00,0x00,0x00,0x00,0x00,0x00,0x00,0x00,0x00,0x00,0x00,0x00,
0x00,0x00,0x00,0x00,0x00,0x00,0x05,0x50,0x00,0x05,0xff,0xf0,0x00,0x0c,0xe2,0x10,0x00,0x0f,0xb0,0x00,
0x04,0x5f,0xc5,0x30,0x0c,0xff,0xff,0xa0,0x01,0x2f,0xb2,0x10,0x00,0x0f,0xa0,0x00,0x00,0x0f,0xa0,0x00,
0x00,0x0f,0xa0,0x00,0x00,0x0f,0xa0,0x00,0x00,0x0f,0xa0,0x00,0x00,0x0f,0xa0,0x00,0x00,0x0f,0xa0,0x00,
0x00,0x0f,0xa0,0x00,0x00,0x00,0x00,0x00,0x00,0x00,0x00,0x00,0x00,0x00,0x00,0x00,0x00,0x00,0x00,0x00,
0x00,0x00,0x00,0x00,
/* U+0067 */
0x00,0x00,0x00,0x00,0x00,0x00,0x00,0x00,0x00,0x00,0x00,0x00,0x00,0x00,0x00,0x00,0x00,0x00,0x00,0x00,
0x00,0x00,0x00,0x00,0x00,0x00,0x00,0x00,0x00,0x00,0x00,0x00,0x00,0x00,0x00,0x00,0x00,0x00,0x00,0x00,
0x00,0x00,0x00,0x00,0x00,0x00,0x00,0x00,0x00,0x00,0x00,0x00,0x00,0x00,0x00,0x00,0x00,0x00,0x00,0x00,
0x00,0x00,0x00,0x00,0x00,0x00,0x00,0x00,0x00,0x00,0x00,0x00,0x15,0x85,0x12,0x51,0x00,0x00,0x06,0xff,
0xff,0xd7,0xf3,0x00,0x00,0x5f,0xc2,0x02,0xbf,0xf3,0x00,0x00,0xdf,0x10,0x00,0x0e,0xf3,0x00,0x01,0xfa,
0x00,0x00,0x0a,0xf3,0x00,0x03,0xf8,0x00,0x00,0x08,0xf3,0x00,0x03,0xf9,0x00,0x00,0x09,0xf3,0x00,0x00,
0xfd,0x00,0x00,0x0d,0xf3,0x00,0x00,0xaf,0x50,0x00,0x5f,0xf3,0x00,0x00,0x2e,0xf9,0x7a,0xfb,0xf3,0x00,
0x00,0x01,0xbe,0xfd,0x57,0xf2,0x00,0x00,0x00,0x00,0x00,0x09,0xf0,0x00,0x00,0xad,0x00,0x00,0x1f,0xc0,
0x00,0x00,0x6f,0xc5,0x36,0xdf,0x40,0x00,0x00,0x06,0xdf,0xff,0xd4,0x00,0x00,0x00,0x00,0x01,0x20,0x00,
0x00,0x00,
/* U+0068 */
0x00,0x00,0x00,0x00,0x00,0x00,0x00,0x00,0x00,0x00,0x00,0x00,0x00,0x00,0x00,0x00,0x00,0x00,0x00,0x00,
0x00,0x00,0x00,0x00,0x00,0x00,0x00,0x00,0x00,0x00,0x00,0x00,0x00,0x00,0x00,0x00,0x00,0x00,0x00,0x00,
0x00,0x00,0x00,0x34,0x00,0x00,0x00,0x00,0x00,0x00,0xbf,0x00,0x00,0x00,0x00,0x00,0x00,0xbf,0x00,0x00,
0x00,0x00,0x00,0x00,0xbf,0x00,0x00,0x00,0x00,0x00,0x00,0xbf,0x02,0x78,0x60,0x00,0x00,0x00,0xbf,0x7f,
0xff,0xfd,0x10,0x00,0x00,0xbf,0xe5,0x01,0x9f,0x90,0x00,0x00,0xbf,0x60,0x00,0x1f,0xc0,0x00,0x00,0xbf,
0x10,0x00,0x0d,0xd0,0x00,0x00,0xbf,0x00,0x00,0x0d,0xd0,0x00,0x00,0xbf,0x00,0x00,0x0d,0xd0,0x00,0x00,
0xbf,0x00,0x00,0x0d,0xd0,0x00,0x00,0xbf,0x00,0x00,0x0d,0xd0,0x00,0x00,0xbf,0x00,0x00,0x0d,0xd0,0x00,
0x00,0xbf,0x00,0x00,0x0d,0xd0,0x00,0x00,0x00,0x00,0x00,0x00,0x00,0x00,0x00,0x00,0x00,0x00,0x00,0x00,
0x00,0x00,0x00,0x00,0x00,0x00,0x00,0x00,0x00,0x00,0x00,0x00,0x00,0x00,0x00,0x00,0x00,0x00,0x00,0x00,
0x00,0x00,
/* U+0069 */
0x00,0x00,0x00,0x00,0x00,0x00,0x00,0x00,0x00,0x00,0x00,0x00,0x00,0x00,0x00,0x00,0x00,0x00,0x00,0x00,
0x00,0x00,0x24,0x00,0x00,0x09,0xf1,0x00,0x00,0x7c,0x10,0x00,0x00,0x00,0x00,0x00,0x35,0x00,0x00,0x09,
0xf1,0x00,0x00,0x9f,0x10,0x00,0x09,0xf1,0x00,0x00,0x9f,0x10,0x00,0x09,0xf1,0x00,0x00,0x9f,0x10,0x00,
0x09,0xf1,0x00,0x00,0x9f,0x10,0x00,0x09,0xf1,0x00,0x00,0x9f,0x10,0x00,0x00,0x00,0x00,0x00,0x00,0x00,
0x00,0x00,0x00,0x00,0x00,0x00,0x00,0x00,0x00,0x00,0x00,
/* U+006A */
0x00,0x00,0x00,0x00,0x00,0x00,0x00,0x00,0x00,0x00,0x00,0x00,0x00,0x00,0x00,0x00,0x00,0x00,0x00,0x00,
0x00,0x00,0x24,0x00,0x00,0x09,0xf1,0x00,0x00,0x7c,0x10,0x00,0x00,0x00,0x00,0x00,0x35,0x00,0x00,0x09,
0xf1,0x00,0x00,0x9f,0x10,0x00,0x09,0xf1,0x00,0x00,0x9f,0x10,0x00,0x09,0xf1,0x00,0x00,0x9f,0x10,0x00,
0x09,0xf1,0x00,0x00,0x9f,0x10,0x00,0x09,0xf1,0x00,0x00,0x9f,0x10,0x00,0x09,0xf1,0x00,0x00,0xbf,0x00,
0x02,0xaf,0xa0,0x00,0x3e,0xa2,0x00,0x00,0x00,0x00,0x00,
/* U+006B */
0x00,0x00,0x00,0x00,0x00,0x00,0x00,0x00,0x00,0x00,0x00,0x00,0x00,0x00,0x00,0x00,0x00,0x00,0x00,0x00,
0x00,0x00,0x00,0x00,0x00,0x00,0x00,0x00,0x00,0x00,0x00,0x00,0x00,0x00,0x00,0x00,0x00,0x00,0x00,0x00,
0x24,0x00,0x00,0x00,0x00,0x00,0x09,0xf1,0x00,0x00,0x00,0x00,0x00,0x9f,0x10,0x00,0x00,0x00,0x00,0x09,
0xf1,0x00,0x00,0x00,0x00,0x00,0x9f,0x10,0x00,0x25,0x40,0x00,0x09,0xf1,0x00,0x2e,0xe3,0x00,0x00,0x9f,
0x10,0x3e,0xe2,0x00,0x00,0x09,0xf1,0x3f,0xd2,0x00,0x00,0x00,0x9f,0x5f,0xf3,0x00,0x00,0x00,0x09,0xff,
0xdf,0xb0,0x00,0x00,0x00,0x9f,0xa0,0xbf,0x50,0x00,0x00,0x09,0xf1,0x01,0xfe,0x10,0x00,0x00,0x9f,0x10,
0x06,0xfb,0x00,0x00,0x09,0xf1,0x00,0x0c,0xf6,0x00,0x00,0x9f,0x10,0x00,0x2f,0xe1,0x00,0x00,0x00,0x00,
0x00,0x00,0x00,0x00,0x00,0x00,0x00,0x00,0x00,0x00,0x00,0x00,0x00,0x00,0x00,0x00,0x00,0x00,0x00,0x00,
0x00,0x00,0x00,0x00,0x00,0x00,0x00,0x00,0x00,
/* U+006C */
0x00,0x00,0x00,0x00,0x00,0x00,0x00,0x00,0x00,0x00,0x00,0x00,0x00,0x00,0x00,0x00,0x00,0x00,0x00,0x00,
0x00,0x00,0x24,0x00,0x00,0x09,0xf1,0x00,0x00,0x9f,0x10,0x00,0x09,0xf1,0x00,0x00,0x9f,0x10,0x00,0x09,
0xf1,0x00,0x00,0x9f,0x10,0x00,0x09,0xf1,0x00,0x00,0x9f,0x10,0x00,0x09,0xf1,0x00,0x00,0x9f,0x10,0x00,
0x09,0xf1,0x00,0x00,0x9f,0x10,0x00,0x09,0xf1,0x00,0x00,0x9f,0x10,0x00,0x00,0x00,0x00,0x00,0x00,0x00,
0x00,0x00,0x00,0x00,0x00,0x00,0x00,0x00,0x00,0x00,0x00,
/* U+006D */
0x00,0x00,0x00,0x00,0x00,0x00,0x00,0x00,0x00,0x00,0x00,0x00,0x00,0x00,0x00,0x00,0x00,0x00,0x00,0x00,
0x00,0x00,0x00,0x00,0x00,0x00,0x00,0x00,0x00,0x00,0x00,0x00,0x00,0x00,0x00,0x00,0x00,0x00,0x00,0x00,
0x00,0x00,0x00,0x00,0x00,0x00,0x00,0x00,0x00,0x00,0x00,0x00,0x00,0x00,0x00,0x00,0x00,0x00,0x00,0x00,
0x00,0x00,0x00,0x00,0x00,0x00,0x00,0x00,0x00,0x00,0x00,0x00,0x00,0x00,0x00,0x00,0x00,0x00,0x00,0x00,
0x00,0x00,0x00,0x00,0x00,0x00,0x00,0x00,0x00,0x00,0x00,0x00,0x00,0x00,0x00,0x00,0x00,0x00,0x00,0x00,
0x00,0x34,0x02,0x68,0x40,0x01,0x58,0x61,0x00,0x00,0x00,0xbe,0x5f,0xff,0xf8,0x3f,0xff,0xff,0x20,0x00,
0x00,0xbf,0xe4,0x01,0xcf,0xf8,0x20,0x7f,0x90,0x00,0x00,0xbf,0x40,0x00,0x6f,0xc0,0x00,0x0f,0xc0,0x00,
0x00,0xbf,0x00,0x00,0x5f,0x70,0x00,0x0e,0xc0,0x00,0x00,0xbf,0x00,0x00,0x5f,0x60,0x00,0x0e,0xc0,0x00,
0x00,0xbf,0x00,0x00,0x5f,0x60,0x00,0x0e,0xc0,0x00,0x00,0xbf,0x00,0x00,0x5f,0x60,0x00,0x0e,0xc0,0x00,
0x00,0xbf,0x00,0x00,0x5f,0x60,0x00,0x0e,0xc0,0x00,0x00,0xbf,0x00,0x00,0x5f,0x60,0x00,0x0e,0xc0,0x00,
0x00,0xbf,0x00,0x00,0x5f,0x60,0x00,0x0e,0xc0,0x00,0x00,0x00,0x00,0x00,0x00,0x00,0x00,0x00,0x00,0x00,
0x00,0x00,0x00,0x00,0x00,0x00,0x00,0x00,0x00,0x00,0x00,0x00,0x00,0x00,0x00,0x00,0x00,0x00,0x00,0x00,
0x00,0x00,0x00,0x00,0x00,0x00,0x00,0x00,0x00,0x00,0x00,0x00,0x00,0x00,0x00,0x00,0x00,0x00,0x00,0x00,

/* U+006E */
0x00,0x00,0x00,0x00,0x00,0x00,0x00,0x00,0x00,0x00,0x00,0x00,0x00,0x00,0x00,0x00,0x00,0x00,0x00,0x00,
0x00,0x00,0x00,0x00,0x00,0x00,0x00,0x00,0x00,0x00,0x00,0x00,0x00,0x00,0x00,0x00,0x00,0x00,0x00,0x00,
0x00,0x00,0x00,0x00,0x00,0x00,0x00,0x00,0x00,0x00,0x00,0x00,0x00,0x00,0x00,0x00,0x00,0x00,0x00,0x00,
0x00,0x00,0x00,0x00,0x00,0x00,0x00,0x00,0x00,0x00,0x00,0x34,0x02,0x68,0x60,0x00,0x00,0x00,0xbe,0x5f,
0xff,0xfd,0x10,0x00,0x00,0xbf,0xe5,0x01,0x9f,0x90,0x00,0x00,0xbf,0x60,0x00,0x1f,0xc0,0x00,0x00,0xbf,
0x10,0x00,0x0d,0xd0,0x00,0x00,0xbf,0x00,0x00,0x0d,0xd0,0x00,0x00,0xbf,0x00,0x00,0x0d,0xd0,0x00,0x00,
0xbf,0x00,0x00,0x0d,0xd0,0x00,0x00,0xbf,0x00,0x00,0x0d,0xd0,0x00,0x00,0xbf,0x00,0x00,0x0d,0xd0,0x00,
0x00,0xbf,0x00,0x00,0x0d,0xd0,0x00,0x00,0x00,0x00,0x00,0x00,0x00,0x00,0x00,0x00,0x00,0x00,0x00,0x00,
0x00,0x00,0x00,0x00,0x00,0x00,0x00,0x00,0x00,0x00,0x00,0x00,0x00,0x00,0x00,0x00,0x00,0x00,0x00,0x00,
0x00,0x00,
/* U+006F */
0x00,0x00,0x00,0x00,0x00,0x00,0x00,0x00,0x00,0x00,0x00,0x00,0x00,0x00,0x00,0x00,0x00,0x00,0x00,0x00,
0x00,0x00,0x00,0x00,0x00,0x00,0x00,0x00,0x00,0x00,0x00,0x00,0x00,0x00,0x00,0x00,0x00,0x00,0x00,0x00,
0x00,0x00,0x00,0x00,0x00,0x00,0x00,0x00,0x00,0x00,0x00,0x00,0x00,0x00,0x00,0x00,0x00,0x00,0x00,0x00,
0x00,0x00,0x00,0x00,0x00,0x00,0x00,0x00,0x00,0x00,0x00,0x00,0x15,0x86,0x30,0x00,0x00,0x00,0x05,0xff,
0xff,0xfb,0x10,0x00,0x00,0x4f,0xd3,0x01,0x8f,0xc0,0x00,0x00,0xdf,0x20,0x00,0x0a,0xf4,0x00,0x01,0xfb,
0x00,0x00,0x03,0xf8,0x00,0x03,0xf9,0x00,0x00,0x01,0xfb,0x00,0x02,0xf9,0x00,0x00,0x02,0xfa,0x00,0x00,
0xfd,0x00,0x00,0x05,0xf8,0x00,0x00,0xaf,0x50,0x00,0x0d,0xf2,0x00,0x00,0x2e,0xf9,0x56,0xdf,0x80,0x00,
0x00,0x01,0xbf,0xff,0xe6,0x00,0x00,0x00,0x00,0x00,0x21,0x00,0x00,0x00,0x00,0x00,0x00,0x00,0x00,0x00,
0x00,0x00,0x00,0x00,0x00,0x00,0x00,0x00,0x00,0x00,0x00,0x00,0x00,0x00,0x00,0x00,0x00,0x00,0x00,0x00,
0x00,0x00,
/* U+0070 */
0x00,0x00,0x00,0x00,0x00,0x00,0x00,0x00,0x00,0x00,0x00,0x00,0x00,0x00,0x00,0x00,0x00,0x00,0x00,0x00,
0x00,0x00,0x00,0x00,0x00,0x00,0x00,0x00,0x00,0x00,0x00,0x00,0x00,0x00,0x00,0x00,0x00,0x00,0x00,0x00,
0x00,0x00,0x00,0x00,0x00,0x00,0x00,0x00,0x00,0x00,0x00,0x00,0x00,0x00,0x00,0x00,0x00,0x00,0x00,0x00,
0x00,0x00,0x00,0x00,0x00,0x00,0x00,0x00,0x00,0x00,0x00,0x35,0x02,0x68,0x51,0x00,0x00,0x00,0xaf,0x6f,
0xff,0xff,0x50,0x00,0x00,0xaf,0xf7,0x10,0x4e,0xf2,0x00,0x00,0xaf,0x80,0x00,0x03,0xfa,0x00,0x00,0xaf,
0x20,0x00,0x00,0xdf,0x00,0x00,0xaf,0x00,0x00,0x00,0xbf,0x10,0x00,0xaf,0x10,0x00,0x00,0xbf,0x00,0x00,
0xaf,0x40,0x00,0x00,0xee,0x00,0x00,0xaf,0xc0,0x00,0x06,0xf8,0x00,0x00,0xaf,0xec,0x65,0x9f,0xe1,0x00,
0x00,0xaf,0x3c,0xff,0xfb,0x10,0x00,0x00,0xaf,0x00,0x12,0x00,0x00,0x00,0x00,0xaf,0x00,0x00,0x00,0x00,
0x00,0x00,0xaf,0x00,0x00,0x00,0x00,0x00,0x00,0x9f,0x00,0x00,0x00,0x00,0x00,0x00,0x00,0x00,0x00,0x00,
0x00,0x00,
/* U+0071 */
0x00,0x00,0x00,0x00,0x00,0x00,0x00,0x00,0x00,0x00,0x00,0x00,0x00,0x00,0x00,0x00,0x00,0x00,0x00,0x00,
0x00,0x00,0x00,0x00,0x00,0x00,0x00,0x00,0x00,0x00,0x00,0x00,0x00,0x00,0x00,0x00,0x00,0x00,0x00,0x00,
0x00,0x00,0x00,0x00,0x00,0x00,0x00,0x00,0x00,0x00,0x00,0x00,0x00,0x00,0x00,0x00,0x00,0x00,0x00,0x00,
0x00,0x00,0x00,0x00,0x00,0x00,0x00,0x00,0x00,0x00,0x00,0x00,0x26,0x86,0x10,0x52,0x00,0x00,0x07,0xff,
0xff,0xf7,0xf8,0x00,0x00,0x5f,0xd3,0x01,0x9f,0xf8,0x00,0x00,0xdf,0x10,0x00,0x0b,0xf8,0x00,0x01,0xfb,
0x00,0x00,0x04,0xf8,0x00,0x03,0xf9,0x00,0x00,0x02,0xf8,0x00,0x02,0xf9,0x00,0x00,0x03,0xf8,0x00,0x00,
0xfc,0x00,0x00,0x06,0xf8,0x00,0x00,0xaf,0x50,0x00,0x1d,0xf8,0x00,0x00,0x2e,0xf8,0x57,0xde,0xf8,0x00,
0x00,0x02,0xcf,0xff,0xb3,0xf8,0x00,0x00,0x00,0x00,0x20,0x02,0xf8,0x00,0x00,0x00,0x00,0x00,0x02,0xf8,
0x00,0x00,0x00,0x00,0x00,0x02,0xf8,0x00,0x00,0x00,0x00,0x00,0x02,0xf7,0x00,0x00,0x00,0x00,0x00,0x00,
0x00,0x00,
/* U+0072 */
0x00,0x00,0x00,0x00,0x00,0x00,0x00,0x00,0x00,0x00,0x00,0x00,0x00,0x00,0x00,0x00,0x00,0x00,0x00,0x00,
0x00,0x00,0x00,0x00,0x00,0x00,0x00,0x00,0x00,0x00,0x00,0x00,0x00,0x00,0x00,0x00,0x00,0x00,0x00,0x00,
0x00,0x00,0x00,0x00,0x00,0x00,0x44,0x00,0x45,0x00,0x0c,0xd2,0xef,0xa0,0x00,0xcd,0xdc,0x62,0x00,0x0c,
0xfb,0x00,0x00,0x00,0xcf,0x30,0x00,0x00,0x0c,0xf0,0x00,0x00,0x00,0xce,0x00,0x00,0x00,0x0c,0xe0,0x00,
0x00,0x00,0xce,0x00,0x00,0x00,0x0c,0xe0,0x00,0x00,0x00,0xce,0x00,0x00,0x00,0x00,0x00,0x00,0x00,0x00,
0x00,0x00,0x00,0x00,0x00,0x00,0x00,0x00,0x00,0x00,0x00,0x00,0x00,0x00,0x00,0x00,0x00,
/* U+0073 */
0x00,0x00,0x00,0x00,0x00,0x00,0x00,0x00,0x00,0x00,0x00,0x00,0x00,0x00,0x00,0x00,0x00,0x00,0x00,0x00,
0x00,0x00,0x00,0x00,0x00,0x00,0x00,0x00,0x00,0x00,0x00,0x00,0x00,0x00,0x00,0x00,0x00,0x00,0x00,0x00,
0x00,0x00,0x00,0x00,0x00,0x00,0x00,0x00,0x00,0x00,0x00,0x00,0x00,0x00,0x00,0x00,0x00,0x00,0x00,0x00,
0x00,0x01,0x68,0x85,0x00,0x00,0x00,0x5f,0xff,0xff,0xe1,0x00,0x00,0xee,0x20,0x06,0xfa,0x00,0x01,0xfc,
0x00,0x00,0x99,0x00,0x00,0xcf,0xb5,0x10,0x00,0x00,0x00,0x1b,0xff,0xfd,0x71,0x00,0x00,0x00,0x15,0x9e,
0xfd,0x00,0x01,0x41,0x00,0x00,0xcf,0x40,0x03,0xf9,0x00,0x00,0x8f,0x40,0x00,0xcf,0x95,0x47,0xfe,0x00,
0x00,0x1a,0xff,0xff,0xb2,0x00,0x00,0x00,0x02,0x20,0x00,0x00,0x00,0x00,0x00,0x00,0x00,0x00,0x00,0x00,
0x00,0x00,0x00,0x00,0x00,0x00,0x00,0x00,0x00,0x00,0x00,0x00,0x00,0x00,0x00,0x00,
/* U+0074 */
0x00,0x00,0x00,0x00,0x00,0x00,0x00,0x00,0x00,0x00,0x00,0x00,0x00,0x00,0x00,0x00,0x00,0x00,0x00,0x00,
0x00,0x00,0x00,0x00,0x00,0x00,0x00,0x00,0x00,0x00,0x00,0x00,0x00,0x74,0x00,0x00,0x00,0x0f,0xa0,0x00,
0x00,0x00,0xfa,0x00,0x00,0x04,0x6f,0xc5,0x30,0x00,0xdf,0xff,0xfb,0x00,0x02,0x3f,0xb2,0x10,0x00,0x00,
0xfa,0x00,0x00,0x00,0x0f,0xa0,0x00,0x00,0x00,0xfa,0x00,0x00,0x00,0x0f,0xa0,0x00,0x00,0x00,0xfa,0x00,
0x00,0x00,0x0f,0xa0,0x00,0x00,0x00,0xfe,0x85,0x00,0x00,0x07,0xef,0xb0,0x00,0x00,0x00,0x00,0x00,0x00,
0x00,0x00,0x00,0x00,0x00,0x00,0x00,0x00,0x00,0x00,0x00,0x00,0x00,0x00,0x00,0x00,0x00,
/* U+0075 */
0x00,0x00,0x00,0x00,0x00,0x00,0x00,0x00,0x00,0x00,0x00,0x00,0x00,0x00,0x00,0x00,0x00,0x00,0x00,0x00,
0x00,0x00,0x00,0x00,0x00,0x00,0x00,0x00,0x00,0x00,0x00,0x00,0x00,0x00,0x00,0x00,0x00,0x00,0x00,0x00,
0x00,0x00,0x00,0x00,0x00,0x00,0x00,0x00,0x00,0x00,0x00,0x00,0x00,0x00,0x00,0x00,0x00,0x00,0x00,0x00,
0x00,0x00,0x00,0x00,0x00,0x00,0x00,0x00,0x00,0x00,0x00,0x35,0x00,0x00,0x04,0x40,0x00,0x00,0xbf,0x00,
0x00,0x0d,0xd0,0x00,0x00,0xbf,0x00,0x00,0x0d,0xd0,0x00,0x00,0xbf,0x00,0x00,0x0d,0xd0,0x00,0x00,0xbf,
0x00,0x00,0x0d,0xd0,0x00,0x00,0xbf,0x00,0x00,0x0d,0xd0,0x00,0x00,0xbf,0x00,0x00,0x0e,0xd0,0x00,0x00,
0xbf,0x00,0x00,0x0f,0xd0,0x00,0x00,0x9f,0x40,0x00,0x7f,0xd0,0x00,0x00,0x4f,0xd7,0x59,0xed,0xd0,0x00,
0x00,0x08,0xff,0xfd,0x2c,0xd0,0x00,0x00,0x00,0x02,0x10,0x00,0x00,0x00,0x00,0x00,0x00,0x00,0x00,0x00,
0x00,0x00,0x00,0x00,0x00,0x00,0x00,0x00,0x00,0x00,0x00,0x00,0x00,0x00,0x00,0x00,0x00,0x00,0x00,0x00,
0x00,0x00,
/* U+0076 */
0x00,0x00,0x00,0x00,0x00,0x00,0x00,0x00,0x00,0x00,0x00,0x00,0x00,0x00,0x00,0x00,0x00,0x00,0x00,0x00,
0x00,0x00,0x00,0x00,0x00,0x00,0x00,0x00,0x00,0x00,0x00,0x00,0x00,0x00,0x00,0x00,0x00,0x00,0x00,0x00,
0x00,0x00,0x00,0x00,0x00,0x00,0x00,0x00,0x00,0x00,0x00,0x00,0x00,0x00,0x00,0x00,0x00,0x00,0x00,0x00,
0x03,0x51,0x00,0x00,0x05,0x30,0x06,0xf7,0x00,0x00,0x5f,0x60,0x01,0xfc,0x00,0x00,0xaf,0x10,0x00,0xaf,
0x20,0x00,0xfa,0x00,0x00,0x4f,0x70,0x05,0xf5,0x00,0x00,0x0e,0xc0,0x0a,0xe0,0x00,0x00,0x08,0xf2,0x0f,
0x90,0x00,0x00,0x02,0xf7,0x4f,0x30,0x00,0x00,0x00,0xcd,0x9d,0x00,0x00,0x00,0x00,0x6f,0xf7,0x00,0x00,
0x00,0x00,0x1f,0xf2,0x00,0x00,0x00,0x00,0x00,0x00,0x00,0x00,0x00,0x00,0x00,0x00,0x00,0x00,0x00,0x00,
0x00,0x00,0x00,0x00,0x00,0x00,0x00,0x00,0x00,0x00,0x00,0x00,0x00,0x00,0x00,0x00,
/* U+0077 */
0x00,0x00,0x00,0x00,0x00,0x00,0x00,0x00,0x00,0x00,0x00,0x00,0x00,0x00,0x00,0x00,0x00,0x00,0x00,0x00,
0x00,0x00,0x00,0x00,0x00,0x00,0x00,0x00,0x00,0x00,0x00,0x00,0x00,0x00,0x00,0x00,0x00,0x00,0x00,0x00,
0x00,0x00,0x00,0x00,0x00,0x00,0x00,0x00,0x00,0x00,0x00,0x00,0x00,0x00,0x00,0x00,0x00,0x00,0x00,0x00,
0x00,0x00,0x00,0x00,0x00,0x00,0x00,0x00,0x00,0x00,0x00,0x00,0x00,0x00,0x00,0x00,0x00,0x00,0x00,0x00,
0x00,0x00,0x00,0x00,0x00,0x00,0x00,0x00,0x00,0x00,0x03,0x51,0x00,0x01,0x53,0x00,0x00,0x54,0x00,0x06,
0xf7,0x00,0x08,0xfc,0x00,0x02,0xf8,0x00,0x01,0xfb,0x00,0x0c,0xff,0x00,0x07,0xf3,0x00,0x00,0xbf,0x00,
0x0f,0x9f,0x40,0x0b,0xe0,0x00,0x00,0x6f,0x40,0x4f,0x2e,0x80,0x0f,0x90,0x00,0x00,0x1f,0x80,0x8e,0x0a,
0xc0,0x4f,0x40,0x00,0x00,0x0c,0xd0,0xca,0x06,0xf0,0x8e,0x00,0x00,0x00,0x07,0xf2,0xf6,0x02,0xf4,0xda,
0x00,0x00,0x00,0x02,0xfa,0xf2,0x00,0xea,0xf5,0x00,0x00,0x00,0x00,0xdf,0xe0,0x00,0xaf,0xf0,0x00,0x00,
0x00,0x00,0x8f,0xa0,0x00,0x6f,0xa0,0x00,0x00,0x00,0x00,0x00,0x00,0x00,0x00,0x00,0x00,0x00,0x00,0x00,
0x00,0x00,0x00,0x00,0x00,0x00,0x00,0x00,0x00,0x00,0x00,0x00,0x00,0x00,0x00,0x00,0x00,0x00,0x00,0x00,
0x00,0x00,0x00,0x00,0x00,0x00,0x00,0x00,0x00,0x00,0x00,0x00,0x00,0x00,
/* U+0078 */
0x00,0x00,0x00,0x00,0x00,0x00,0x00,0x00,0x00,0x00,0x00,0x00,0x00,0x00,0x00,0x00,0x00,0x00,0x00,0x00,
0x00,0x00,0x00,0x00,0x00,0x00,0x00,0x00,0x00,0x00,0x00,0x00,0x00,0x00,0x00,0x00,0x00,0x00,0x00,0x00,
0x00,0x00,0x00,0x00,0x00,0x00,0x00,0x00,0x00,0x00,0x00,0x00,0x00,0x00,0x00,0x00,0x00,0x00,0x00,0x00,
0x00,0x00,0x00,0x00,0x00,0x02,0x54,0x00,0x00,0x25,0x30,0x00,0x0d,0xf3,0x00,0x0d,0xf2,0x00,0x00,0x3f,
0xd0,0x09,0xf5,0x00,0x00,0x00,0x7f,0x95,0xf9,0x00,0x00,0x00,0x00,0xbf,0xfd,0x00,0x00,0x00,0x00,0x02,
0xff,0x50,0x00,0x00,0x00,0x00,0x9f,0xfe,0x10,0x00,0x00,0x00,0x5f,0x95,0xfa,0x00,0x00,0x00,0x1e,0xd0,
0x0a,0xf6,0x00,0x00,0x0b,0xf4,0x00,0x1e,0xf2,0x00,0x07,0xf9,0x00,0x00,0x5f,0xc0,0x00,0x00,0x00,0x00,
0x00,0x00,0x00,0x00,0x00,0x00,0x00,0x00,0x00,0x00,0x00,0x00,0x00,0x00,0x00,0x00,0x00,0x00,0x00,0x00,
0x00,0x00,0x00,0x00,0x00,0x00,0x00,0x00,0x00,
/* U+0079 */
0x00,0x00,0x00,0x00,0x00,0x00,0x00,0x00,0x00,0x00,0x00,0x00,0x00,0x00,0x00,0x00,0x00,0x00,0x00,0x00,
0x00,0x00,0x00,0x00,0x00,0x00,0x00,0x00,0x00,0x00,0x00,0x00,0x00,0x00,0x00,0x00,0x00,0x00,0x00,0x00,
0x00,0x00,0x00,0x00,0x00,0x00,0x00,0x00,0x00,0x00,0x00,0x00,0x00,0x00,0x00,0x00,0x00,0x00,0x00,0x00,
0x04,0x50,0x00,0x00,0x05,0x40,0x08,0xf6,0x00,0x00,0x3f,0x80,0x01,0xfb,0x00,0x00,0x9f,0x20,0x00,0xbf,
0x10,0x00,0xeb,0x00,0x00,0x4f,0x70,0x04,0xf5,0x00,0x00,0x0e,0xc0,0x09,0xf0,0x00,0x00,0x08,0xf2,0x0e,
0x90,0x00,0x00,0x01,0xf8,0x4f,0x30,0x00,0x00,0x00,0xbd,0xad,0x00,0x00,0x00,0x00,0x5f,0xf7,0x00,0x00,
0x00,0x00,0x0e,0xf1,0x00,0x00,0x00,0x00,0x0e,0xa0,0x00,0x00,0x00,0x00,0x6f,0x40,0x00,0x00,0x00,0x67,
0xec,0x00,0x00,0x00,0x00,0xdf,0xd2,0x00,0x00,0x00,0x00,0x01,0x00,0x00,0x00,0x00,
/* U+007A */
0x00,0x00,0x00,0x00,0x00,0x00,0x00,0x00,0x00,0x00,0x00,0x00,0x00,0x00,0x00,0x00,0x00,0x00,0x00,0x00,
0x00,0x00,0x00,0x00,0x00,0x00,0x00,0x00,0x00,0x00,0x00,0x00,0x00,0x00,0x00,0x00,0x00,0x00,0x00,0x00,
0x00,0x00,0x00,0x00,0x00,0x00,0x00,0x00,0x00,0x00,0x00,0x00,0x00,0x00,0x00,0x00,0x00,0x00,0x00,0x00,
0x00,0x55,0x55,0x55,0x54,0x00,0x02,0xff,0xff,0xff,0xfd,0x00,0x00,0x22,0x22,0x2b,0xf5,0x00,0x00,0x00,
0x00,0x6f,0x70,0x00,0x00,0x00,0x04,0xfa,0x00,0x00,0x00,0x00,0x2e,0xc0,0x00,0x00,0x00,0x01,0xde,0x10,
0x00,0x00,0x00,0x0b,0xf3,0x00,0x00,0x00,0x00,0x9f,0x60,0x00,0x00,0x00,0x05,0xfe,0x88,0x88,0x88,0x10,
0x08,0xff,0xff,0xff,0xff,0x20,0x00,0x00,0x00,0x00,0x00,0x00,0x00,0x00,0x00,0x00,0x00,0x00,0x00,0x00,
0x00,0x00,0x00,0x00,0x00,0x00,0x00,0x00,0x00,0x00,0x00,0x00,0x00,0x00,0x00,0x00,
/* U+007B */
0x00,0x00,0x00,0x00,0x00,0x00,0x00,0x00,0x00,0x00,0x00,0x00,0x00,0x00,0x00,0x00,0x00,0x00,0x00,0x00,
0x00,0x00,0x00,0x00,0x00,0x00,0x00,0x00,0x00,0x28,0x91,0x00,0x00,0x0e,0xe9,0x10,0x00,0x04,0xf5,0x00,
0x00,0x00,0x6f,0x30,0x00,0x00,0x06,0xf3,0x00,0x00,0x00,0x6f,0x30,0x00,0x00,0x06,0xf3,0x00,0x00,0x00,
0x8f,0x10,0x00,0x00,0x3e,0xc0,0x00,0x00,0x0f,0xd1,0x00,0x00,0x00,0x8f,0x90,0x00,0x00,0x00,0xaf,0x10,
0x00,0x00,0x06,0xf3,0x00,0x00,0x00,0x6f,0x30,0x00,0x00,0x06,0xf3,0x00,0x00,0x00,0x6f,0x30,0x00,0x00,
0x05,0xf4,0x00,0x00,0x00,0x2f,0xb4,0x00,0x00,0x00,0x5d,0xf2,0x00,0x00,0x00,0x00,0x00,
/* U+007C */
0x00,0x00,0x00,0x00,0x00,0x00,0x00,0x00,0x00,0x00,0x00,0x00,0x00,0x00,0x00,0x00,0x00,0x00,0x05,0xa0,
0x00,0x00,0x7e,0x00,0x00,0x07,0xe0,0x00,0x00,0x7e,0x00,0x00,0x07,0xe0,0x00,0x00,0x7e,0x00,0x00,0x07,
0xe0,0x00,0x00,0x7e,0x00,0x00,0x07,0xe0,0x00,0x00,0x7e,0x00,0x00,0x07,0xe0,0x00,0x00,0x7e,0x00,0x00,
0x07,0xe0,0x00,0x00,0x7e,0x00,0x00,0x07,0xe0,0x00,0x00,0x7e,0x00,0x00,0x07,0xe0,0x00,0x00,0x7e,0x00,
0x00,0x07,0xe0,0x00,0x00,0x7e,0x00,0x00,0x01,0x30,0x00,
/* U+007D */
0x00,0x00,0x00,0x00,0x00,0x00,0x00,0x00,0x00,0x00,0x00,0x00,0x00,0x00,0x00,0x00,0x00,0x00,0x00,0x00,
0x00,0x00,0x00,0x00,0x00,0x00,0x00,0x05,0x97,0x00,0x00,0x00,0x49,0xf9,0x00,0x00,0x00,0x0a,0xf0,0x00,
0x00,0x00,0x9f,0x00,0x00,0x00,0x08,0xf0,0x00,0x00,0x00,0x8f,0x00,0x00,0x00,0x08,0xf0,0x00,0x00,0x00,
0x7f,0x30,0x00,0x00,0x02,0xfb,0x10,0x00,0x00,0x05,0xfb,0x00,0x00,0x00,0xde,0x50,0x00,0x00,0x6f,0x50,
0x00,0x00,0x08,0xf1,0x00,0x00,0x00,0x8f,0x00,0x00,0x00,0x08,0xf0,0x00,0x00,0x00,0x8f,0x00,0x00,0x00,
0x09,0xf0,0x00,0x00,0x24,0xec,0x00,0x00,0x07,0xfc,0x20,0x00,0x00,0x00,0x00,0x00,0x00,
/* U+007E */
0x00,0x00,0x00,0x00,0x00,0x00,0x00,0x00,0x00,0x00,0x00,0x00,0x00,0x00,0x00,0x00,0x00,0x00,0x00,0x00,
0x00,0x00,0x00,0x00,0x00,0x00,0x00,0x00,0x00,0x00,0x00,0x00,0x00,0x00,0x00,0x00,0x00,0x00,0x00,0x00,
0x00,0x00,0x00,0x00,0x00,0x00,0x00,0x00,0x00,0x00,0x00,0x00,0x00,0x00,0x00,0x00,0x00,0x00,0x00,0x00,
0x00,0x00,0x00,0x00,0x00,0x00,0x00,0x00,0x00,0x00,0x00,0x00,0x00,0x00,0x00,0x00,0x00,0x00,0x00,0x00,
0x00,0x00,0x00,0x00,0x00,0x00,0x43,0x00,0x00,0x10,0x00,0x00,0x2e,0xff,0xd6,0x00,0xbb,0x00,0x00,0xde,
0x67,0xdf,0xfe,0xf5,0x00,0x00,0x53,0x00,0x05,0xab,0x50,0x00,0x00,0x00,0x00,0x00,0x00,0x00,0x00,0x00,
0x00,0x00,0x00,0x00,0x00,0x00,0x00,0x00,0x00,0x00,0x00,0x00,0x00,0x00,0x00,0x00,0x00,0x00,0x00,0x00,
0x00,0x00,0x00,0x00,0x00,0x00,0x00,0x00,0x00,0x00,0x00,0x00,0x00,0x00,0x00,0x00,0x00,0x00,0x00,0x00,
0x00,0x00,0x00,0x00,0x00,0x00,0x00,0x00,0x00,0x00,0x00,0x00,0x00,0x00,0x00,0x00,0x00,0x00,0x00,0x00,
0x00,0x00,
/* U+00B0 */
0x00,0x00,0x00,0x00,0x00,0x00,0x00,0x00,0x00,0x00,0x00,0x00,0x00,0x00,0x00,0x00,0x00,0x00,0x00,0x00,
0x00,0x00,0x00,0x00,0x00,0x00,0x00,0x00,0x00,0x00,0x00,0x00,0x11,0x00,0x00,0x00,0x0b,0xee,0xb0,0x00,
0x00,0x99,0x00,0x98,0x00,0x00,0xd2,0x00,0x2d,0x00,0x00,0xb5,0x00,0x5b,0x00,0x00,0x3e,0x88,0xe3,0x00,
0x00,0x02,0x77,0x20,0x00,0x00,0x00,0x00,0x00,0x00,0x00,0x00,0x00,0x00,0x00,0x00,0x00,0x00,0x00,0x00,
0x00,0x00,0x00,0x00,0x00,0x00,0x00,0x00,0x00,0x00,0x00,0x00,0x00,0x00,0x00,0x00,0x00,0x00,0x00,0x00,
0x00,0x00,0x00,0x00,0x00,0x00,0x00,0x00,0x00,0x00,0x00,0x00,0x00,0x00,0x00,0x00,0x00,0x00,0x00,0x00,
0x00,0x00,0x00,0x00,0x00,0x00,0x00,0x00,0x00,0x00,
/* U+2191 */
0x00,0x00,0x00,0x00,0x00,0x00,0x00,0x00,0x00,0x00,0x00,0x00,0x00,0x00,0x00,0x00,0x00,0x00,0x00,0x00,
0x00,0x00,0x00,0x00,0x00,0x00,0x00,0x00,0x00,0x00,0x00,0x00,0x00,0x00,0x00,0x00,0x00,0x00,0x00,0x00,
0x00,0x60,0x00,0x00,0x00,0x00,0x00,0x00,0xaf,0x90,0x00,0x00,0x00,0x00,0x00,0xaf,0xff,0x90,0x00,0x00,
0x00,0x00,0xaf,0xff,0xff,0x90,0x00,0x00,0x00,0x48,0x8a,0xfa,0x88,0x30,0x00,0x00,0x00,0x00,0x4f,0x20,
0x00,0x00,0x00,0x00,0x00,0x04,0xf2,0x00,0x00,0x00,0x00,0x00,0x00,0x4f,0x20,0x00,0x00,0x00,0x00,0x00,
0x04,0xf2,0x00,0x00,0x00,0x00,0x00,0x00,0x4f,0x20,0x00,0x00,0x00,0x00,0x00,0x04,0xf2,0x00,0x00,0x00,
0x00,0x00,0x00,0x4f,0x20,0x00,0x00,0x00,0x00,0x00,0x04,0xf2,0x00,0x00,0x00,0x00,0x00,0x00,0x4f,0x20,
0x00,0x00,0x00,0x00,0x00,0x04,0xf2,0x00,0x00,0x00,0x00,0x00,0x00,0x4f,0x20,0x00,0x00,0x00,0x00,0x00,
0x00,0x00,0x00,0x00,0x00,0x00,0x00,0x00,0x00,0x00,0x00,0x00,0x00,0x00,0x00,0x00,0x00,0x00,0x00,0x00,
0x00,0x00,0x00,0x00,0x00,0x00,0x00,0x00,0x00,0x00,0x00,0x00,0x00,0x00,0x00,
/* U+2193 */
0x00,0x00,0x00,0x00,0x00,0x00,0x00,0x00,0x00,0x00,0x00,0x00,0x00,0x00,0x00,0x00,0x00,0x00,0x00,0x00,
0x00,0x00,0x00,0x00,0x00,0x00,0x00,0x00,0x00,0x00,0x00,0x00,0x00,0x00,0x00,0x00,0x00,0x00,0x00,0x00,
0x00,0x00,0x00,0x00,0x00,0x00,0x00,0x00,0x17,0x10,0x00,0x00,0x00,0x00,0x00,0x04,0xf2,0x00,0x00,0x00,
0x00,0x00,0x00,0x4f,0x20,0x00,0x00,0x00,0x00,0x00,0x04,0xf2,0x00,0x00,0x00,0x00,0x00,0x00,0x4f,0x20,
0x00,0x00,0x00,0x00,0x00,0x04,0xf2,0x00,0x00,0x00,0x00,0x00,0x00,0x4f,0x20,0x00,0x00,0x00,0x00,0x00,
0x04,0xf2,0x00,0x00,0x00,0x00,0x00,0x00,0x4f,0x20,0x00,0x00,0x00,0x00,0x00,0x04,0xf2,0x00,0x00,0x00,
0x00,0x00,0x00,0x4f,0x20,0x00,0x00,0x00,0x00,0x00,0x04,0xf2,0x00,0x00,0x00,0x00,0x04,0xff,0xff,0xff,
0xf3,0x00,0x00,0x00,0x04,0xff,0xff,0xf3,0x00,0x00,0x00,0x00,0x04,0xff,0xf3,0x00,0x00,0x00,0x00,0x00,
0x04,0xe3,0x00,0x00,0x00,0x00,0x00,0x00,0x00,0x00,0x00,0x00,0x00,0x00,0x00,0x00,0x00,0x00,0x00,0x00,
0x00,0x00,0x00,0x00,0x00,0x00,0x00,0x00,0x00,0x00,0x00,0x00,0x00,0x00,0x00,
/* U+4E0D */
0x00,0x00,0x00,0x00,0x00,0x00,0x00,0x00,0x00,0x00,0x00,0x00,0x00,0x00,0x00,0x00,0x00,0x00,0x00,0x00,
0x00,0x00,0x00,0x00,0x00,0x00,0x00,0x00,0x00,0x00,0x00,0x00,0x00,0x00,0x00,0x00,0x00,0x00,0x00,0x00,
0x00,0x00,0x00,0x00,0x00,0x00,0x00,0x00,0x00,0x00,0x00,0x00,0x00,0x00,0x00,0x00,0x24,0x44,0x44,0x44,
0x44,0x44,0x44,0x44,0x42,0x00,0x00,0x8f,0xff,0xff,0xff,0xff,0xff,0xff,0xff,0xf8,0x00,0x00,0x01,0x11,
0x11,0x11,0x2e,0xc1,0x11,0x11,0x10,0x00,0x00,0x00,0x00,0x00,0x00,0x6f,0x40,0x00,0x00,0x00,0x00,0x00,
0x00,0x00,0x00,0x01,0xec,0x00,0x00,0x00,0x00,0x00,0x00,0x00,0x00,0x00,0x0c,0xfb,0x00,0x00,0x00,0x00,
0x00,0x00,0x00,0x00,0x00,0xaf,0xeb,0x03,0xa0,0x00,0x00,0x00,0x00,0x00,0x00,0x09,0xf6,0xbb,0x05,0xfc,
0x10,0x00,0x00,0x00,0x00,0x00,0xaf,0x60,0xbb,0x00,0x3e,0xe2,0x00,0x00,0x00,0x00,0x2c,0xf6,0x00,0xbb,
0x00,0x02,0xee,0x20,0x00,0x00,0x06,0xfe,0x40,0x00,0xbb,0x00,0x00,0x2e,0xe2,0x00,0x00,0xbf,0xb1,0x00,
0x00,0xbb,0x00,0x00,0x02,0xec,0x00,0x00,0x56,0x00,0x00,0x00,0xbb,0x00,0x00,0x00,0x32,0x00,0x00,0x00,
0x00,0x00,0x00,0xbb,0x00,0x00,0x00,0x00,0x00,0x00,0x00,0x00,0x00,0x00,0xbb,0x00,0x00,0x00,0x00,0x00,
0x00,0x00,0x00,0x00,0x00,0xbb,0x00,0x00,0x00,0x00,0x00,0x00,0x00,0x00,0x00,0x00,0xbb,0x00,0x00,0x00,
0x00,0x00,0x00,0x00,0x00,0x00,0x00,0xbb,0x00,0x00,0x00,0x00,0x00,0x00,0x00,0x00,0x00,0x00,0x00,0x00,
0x00,0x00,0x00,0x00,0x00,0x00,0x00,0x00,0x00,0x00,0x00,0x00,0x00,0x00,0x00,0x00,0x00,0x00,0x00,0x00,
0x00,0x00,0x00,0x00,0x00,0x00,
/* U+4E2D */
0x00,0x00,0x00,0x00,0x00,0x00,0x00,0x00,0x00,0x00,0x00,0x00,0x00,0x00,0x00,0x00,0x00,0x00,0x00,0x00,
0x00,0x00,0x00,0x00,0x00,0x00,0x00,0x00,0x00,0x00,0x00,0x00,0x00,0x00,0x00,0x00,0x00,0x00,0x00,0x00,
0x00,0x00,0x00,0x00,0x00,0x00,0x00,0x00,0x00,0x44,0x00,0x00,0x00,0x00,0x00,0x00,0x00,0x00,0x00,0x00,
0xbb,0x00,0x00,0x00,0x00,0x00,0x00,0x00,0x00,0x00,0x00,0xbb,0x00,0x00,0x00,0x00,0x00,0x00,0x00,0x00,
0x00,0x00,0xbb,0x00,0x00,0x00,0x00,0x00,0x00,0x0b,0xdd,0xdd,0xdd,0xff,0xdd,0xdd,0xdd,0xc0,0x00,0x00,
0x0e,0xc9,0x99,0x99,0xee,0x99,0x99,0x9c,0xe0,0x00,0x00,0x0e,0x80,0x00,0x00,0xbb,0x00,0x00,0x08,0xe0,
0x00,0x00,0x0e,0x80,0x00,0x00,0xbb,0x00,0x00,0x08,0xe0,0x00,0x00,0x0e,0x80,0x00,0x00,0xbb,0x00,0x00,
0x08,0xe0,0x00,0x00,0x0e,0x80,0x00,0x00,0xbb,0x00,0x00,0x08,0xe0,0x00,0x00,0x0e,0x91,0x11,0x11,0xcc,
0x11,0x11,0x18,0xe0,0x00,0x00,0x0e,0xff,0xff,0xff,0xff,0xff,0xff,0xff,0xe0,0x00,0x00,0x0e,0xa5,0x55,
0x55,0xdd,0x55,0x55,0x5a,0xe0,0x00,0x00,0x08,0x50,0x00,0x00,0xbb,0x00,0x00,0x04,0x80,0x00,0x00,0x00,
0x00,0x00,0x00,0xbb,0x00,0x00,0x00,0x00,0x00,0x00,0x00,0x00,0x00,0x00,0xbb,0x00,0x00,0x00,0x00,0x00,
0x00,0x00,0x00,0x00,0x00,0xbb,0x00,0x00,0x00,0x00,0x00,0x00,0x00,0x00,0x00,0x00,0xbb,0x00,0x00,0x00,
0x00,0x00,0x00,0x00,0x00,0x00,0x00,0xbb,0x00,0x00,0x00,0x00,0x00,0x00,0x00,0x00,0x00,0x00,0x11,0x00,
0x00,0x00,0x00,0x00,0x00,0x00,0x00,0x00,0x00,0x00,0x00,0x00,0x00,0x00,0x00,0x00,0x00,0x00,0x00,0x00,
0x00,0x00,0x00,0x00,0x00,0x00,
/* U+4E91 */
0x00,0x00,0x00,0x00,0x00,0x00,0x00,0x00,0x00,0x00,0x00,0x00,0x00,0x00,0x00,0x00,0x00,0x00,0x00,0x00,
0x00,0x00,0x00,0x00,0x00,0x00,0x00,0x00,0x00,0x00,0x00,0x00,0x00,0x00,0x00,0x00,0x00,0x00,0x00,0x00,
0x00,0x00,0x00,0x00,0x00,0x00,0x00,0x00,0x00,0x00,0x00,0x00,0x00,0x00,0x00,0x00,0x00,0x22,0x22,0x22,
0x22,0x22,0x22,0x22,0x00,0x00,0x00,0x00,0xff,0xff,0xff,0xff,0xff,0xff,0xff,0x30,0x00,0x00,0x00,0x33,
0x33,0x33,0x33,0x33,0x33,0x33,0x00,0x00,0x00,0x00,0x00,0x00,0x00,0x00,0x00,0x00,0x00,0x00,0x00,0x00,
0x00,0x00,0x00,0x00,0x00,0x00,0x00,0x00,0x00,0x00,0x00,0x00,0x00,0x00,0x00,0x00,0x00,0x00,0x00,0x00,
0x00,0x00,0x99,0x99,0x99,0x99,0x99,0x99,0x99,0x99,0x99,0x00,0x00,0xcd,0xdd,0xdd,0xef,0xed,0xdd,0xdd,
0xdd,0xdd,0x00,0x00,0x00,0x00,0x00,0x8f,0x10,0x00,0x00,0x00,0x00,0x00,0x00,0x00,0x00,0x01,0xf8,0x00,
0x00,0x00,0x00,0x00,0x00,0x00,0x00,0x00,0x09,0xf1,0x00,0x00,0x96,0x00,0x00,0x00,0x00,0x00,0x00,0x2f,
0x70,0x00,0x00,0x9e,0x10,0x00,0x00,0x00,0x00,0x00,0xcd,0x00,0x00,0x00,0x1e,0xa0,0x00,0x00,0x00,0x00,
0x06,0xf3,0x00,0x00,0x00,0x06,0xf4,0x00,0x00,0x00,0x00,0x3f,0x80,0x00,0x00,0x00,0x23,0xed,0x00,0x00,
0x00,0x03,0xee,0x67,0x8a,0xbd,0xef,0xff,0xff,0x60,0x00,0x00,0x07,0xff,0xff,0xec,0xba,0x86,0x43,0x1b,
0xe0,0x00,0x00,0x01,0x31,0x00,0x00,0x00,0x00,0x00,0x03,0xd1,0x00,0x00,0x00,0x00,0x00,0x00,0x00,0x00,
0x00,0x00,0x00,0x00,0x00,0x00,0x00,0x00,0x00,0x00,0x00,0x00,0x00,0x00,0x00,0x00,0x00,0x00,0x00,0x00,
0x00,0x00,0x00,0x00,0x00,0x00,
/* U+51B0 */
0x00,0x00,0x00,0x00,0x00,0x00,0x00,0x00,0x00,0x00,0x00,0x00,0x00,0x00,0x00,0x00,0x00,0x00,0x00,0x00,
0x00,0x00,0x00,0x00,0x00,0x00,0x00,0x00,0x00,0x00,0x00,0x00,0x00,0x00,0x00,0x00,0x00,0x00,0x00,0x00,
0x00,0x00,0x00,0x00,0x00,0x00,0x00,0x00,0x00,0x00,0x24,0x00,0x00,0x00,0x00,0x00,0x31,0x00,0x00,0x00,
0x00,0x9e,0x00,0x00,0x00,0x00,0x00,0xeb,0x00,0x00,0x00,0x00,0x9e,0x00,0x00,0x00,0x00,0x00,0x4f,0x70,
0x00,0x00,0x00,0x9e,0x00,0x00,0x10,0x00,0x00,0x08,0xf3,0x00,0x00,0x00,0x9e,0x00,0x01,0xe5,0x00,0x00,
0x00,0xdb,0x39,0x99,0x94,0x9f,0x20,0x0a,0xe1,0x00,0x00,0x00,0x20,0x4c,0xcc,0xf7,0x9f,0x70,0x7f,0x40,
0x00,0x00,0x00,0x00,0x00,0x01,0xf4,0x9f,0xd8,0xf7,0x00,0x00,0x00,0x00,0x00,0x00,0x05,0xf1,0x9e,0xef,
0x50,0x00,0x00,0x00,0x00,0x00,0x00,0x0a,0xe0,0x9e,0x7c,0x00,0x00,0x00,0x00,0x00,0x7e,0x00,0x0f,0xa0,
0x9e,0x0e,0x40,0x00,0x00,0x00,0x00,0xda,0x00,0x3f,0x40,0x9e,0x08,0xd0,0x00,0x00,0x00,0x03,0xf4,0x00,
0xbe,0x00,0x9e,0x01,0xf7,0x00,0x00,0x00,0x09,0xe0,0x08,0xf5,0x00,0x9e,0x00,0x5f,0x40,0x00,0x00,0x0e,
0x90,0x5f,0xb0,0x00,0x9e,0x00,0x0a,0xe1,0x00,0x00,0x5f,0x33,0xfe,0x10,0x00,0x9e,0x00,0x00,0xdd,0x00,
0x00,0xbd,0x02,0xc2,0x00,0x00,0x9e,0x00,0x00,0x3a,0x00,0x01,0xf7,0x00,0x00,0x02,0x76,0xec,0x00,0x00,
0x00,0x00,0x00,0x21,0x00,0x00,0x02,0xee,0xc4,0x00,0x00,0x00,0x00,0x00,0x00,0x00,0x00,0x00,0x00,0x00,
0x00,0x00,0x00,0x00,0x00,0x00,0x00,0x00,0x00,0x00,0x00,0x00,0x00,0x00,0x00,0x00,0x00,0x00,0x00,0x00,
0x00,0x00,0x00,0x00,0x00,0x00,
/* U+51BB */
0x00,0x00,0x00,0x00,0x00,0x00,0x00,0x00,0x00,0x00,0x00,0x00,0x00,0x00,0x00,0x00,0x00,0x00,0x00,0x00,
0x00,0x00,0x00,0x00,0x00,0x00,0x00,0x00,0x00,0x00,0x00,0x00,0x00,0x00,0x00,0x00,0x00,0x00,0x00,0x00,
0x00,0x00,0x00,0x00,0x00,0x00,0x00,0x00,0x00,0x03,0x30,0x00,0x00,0x00,0x00,0x00,0x34,0x00,0x00,0x00,
0x0b,0xc0,0x00,0x00,0x00,0x00,0x00,0xae,0x10,0x00,0x00,0x1f,0x70,0x00,0x00,0x00,0x00,0x00,0x1e,0xb0,
0x0d,0xff,0xff,0xff,0xff,0xff,0xfa,0x00,0x00,0x04,0xf6,0x06,0x77,0xec,0x77,0x77,0x77,0x74,0x00,0x00,
0x00,0x9e,0x10,0x03,0xf3,0x00,0x00,0x00,0x00,0x00,0x00,0x00,0x16,0x00,0x0b,0xb0,0x0b,0x50,0x00,0x00,
0x00,0x00,0x00,0x00,0x00,0x3f,0x30,0x0f,0x70,0x00,0x00,0x00,0x00,0x00,0x00,0x00,0xda,0x00,0x0f,0x70,
0x00,0x00,0x00,0x00,0x00,0x03,0x04,0xfb,0x99,0x9f,0xc9,0x99,0x90,0x00,0x00,0x00,0x1f,0x61,0xbb,0xbb,
0xbf,0xdb,0xbb,0xb0,0x00,0x00,0x00,0x7f,0x10,0x00,0x00,0x0f,0x70,0x00,0x00,0x00,0x00,0x00,0xda,0x00,
0x01,0x50,0x0f,0x70,0x60,0x00,0x00,0x00,0x04,0xf4,0x00,0x0c,0xe0,0x0f,0x71,0xe9,0x00,0x00,0x00,0x0b,
0xd0,0x00,0xbe,0x20,0x0f,0x70,0x3f,0x60,0x00,0x00,0x1f,0x70,0x0a,0xf3,0x00,0x0f,0x70,0x06,0xf3,0x00,
0x00,0x8f,0x10,0x7f,0x50,0x00,0x0f,0x70,0x00,0xbd,0x00,0x00,0xda,0x00,0x26,0x00,0x35,0x6f,0x60,0x00,
0x18,0x00,0x00,0x12,0x00,0x00,0x00,0x5f,0xfb,0x10,0x00,0x00,0x00,0x00,0x00,0x00,0x00,0x00,0x00,0x00,
0x00,0x00,0x00,0x00,0x00,0x00,0x00,0x00,0x00,0x00,0x00,0x00,0x00,0x00,0x00,0x00,0x00,0x00,0x00,0x00,
0x00,0x00,0x00,0x00,0x00,0x00,
/* U+52A0 */
0x00,0x00,0x00,0x00,0x00,0x00,0x00,0x00,0x00,0x00,0x00,0x00,0x00,0x00,0x00,0x00,0x00,0x00,0x00,0x00,
0x00,0x00,0x00,0x00,0x00,0x00,0x00,0x00,0x00,0x00,0x00,0x00,0x00,0x00,0x00,0x00,0x00,0x00,0x00,0x00,
0x00,0x00,0x00,0x00,0x00,0x00,0x03,0x30,0x00,0x00,0x00,0x00,0x00,0x00,0x00,0x00,0x00,0x0a,0xc0,0x00,
0x00,0x00,0x00,0x00,0x00,0x00,0x00,0x00,0x0a,0xc0,0x00,0x00,0x00,0x00,0x00,0x00,0x00,0x00,0x00,0x0a,
0xc0,0x00,0x00,0x15,0x55,0x55,0x51,0x00,0x00,0x33,0x3c,0xd3,0x33,0x30,0x5f,0xff,0xff,0xf3,0x00,0x00,
0xef,0xff,0xff,0xff,0xd0,0x5f,0x10,0x03,0xf3,0x00,0x00,0x22,0x2c,0xc2,0x2a,0xd0,0x5f,0x00,0x02,0xf3,
0x00,0x00,0x00,0x0c,0xa0,0x09,0xd0,0x5f,0x00,0x02,0xf3,0x00,0x00,0x00,0x0d,0x90,0x09,0xd0,0x5f,0x00,
0x02,0xf3,0x00,0x00,0x00,0x0e,0x80,0x09,0xd0,0x5f,0x00,0x02,0xf3,0x00,0x00,0x00,0x0f,0x60,0x0a,0xc0,
0x5f,0x00,0x02,0xf3,0x00,0x00,0x00,0x4f,0x30,0x0a,0xc0,0x5f,0x00,0x02,0xf3,0x00,0x00,0x00,0x7f,0x00,
0x0a,0xc0,0x5f,0x00,0x02,0xf3,0x00,0x00,0x00,0xbc,0x00,0x0b,0xb0,0x5f,0x00,0x02,0xf3,0x00,0x00,0x02,
0xf6,0x00,0x0b,0xa0,0x5f,0x00,0x02,0xf3,0x00,0x00,0x08,0xf0,0x00,0x0c,0x90,0x5f,0x10,0x03,0xf3,0x00,
0x00,0x2f,0x90,0x00,0x2f,0x70,0x5f,0xff,0xff,0xf3,0x00,0x00,0xce,0x11,0x89,0xee,0x00,0x5f,0x65,0x57,
0xf3,0x00,0x00,0xc3,0x00,0xcc,0x83,0x00,0x3b,0x00,0x02,0xb2,0x00,0x00,0x00,0x00,0x00,0x00,0x00,0x00,
0x00,0x00,0x00,0x00,0x00,0x00,0x00,0x00,0x00,0x00,0x00,0x00,0x00,0x00,0x00,0x00,0x00,0x00,0x00,0x00,
0x00,0x00,0x00,0x00,0x00,0x00,
/* U+53D6 */
0x00,0x00,0x00,0x00,0x00,0x00,0x00,0x00,0x00,0x00,0x00,0x00,0x00,0x00,0x00,0x00,0x00,0x00,0x00,0x00,
0x00,0x00,0x00,0x00,0x00,0x00,0x00,0x00,0x00,0x00,0x00,0x00,0x00,0x00,0x00,0x00,0x00,0x00,0x00,0x00,
0x00,0x00,0x00,0x00,0x00,0x00,0x00,0x00,0x00,0x00,0x00,0x00,0x00,0x00,0x00,0x00,0x78,0x88,0x88,0x88,
0x85,0x00,0x00,0x00,0x00,0x00,0x00,0xbd,0xfd,0xcc,0xdf,0xdb,0x77,0x77,0x77,0x73,0x00,0x00,0x04,0xf1,
0x00,0x4f,0x15,0xff,0xee,0xee,0xf6,0x00,0x00,0x04,0xf1,0x00,0x4f,0x10,0x6e,0x00,0x01,0xf4,0x00,0x00,
0x04,0xf3,0x11,0x5f,0x10,0x4f,0x00,0x04,0xf1,0x00,0x00,0x04,0xff,0xff,0xff,0x10,0x1f,0x30,0x07,0xd0,
0x00,0x00,0x04,0xf5,0x33,0x7f,0x10,0x0e,0x60,0x0a,0xa0,0x00,0x00,0x04,0xf1,0x00,0x4f,0x10,0x0b,0xa0,
0x0e,0x70,0x00,0x00,0x04,0xf1,0x00,0x4f,0x10,0x06,0xf0,0x4f,0x20,0x00,0x00,0x04,0xfc,0xbb,0xdf,0x10,
0x00,0xf6,0xac,0x00,0x00,0x00,0x04,0xf9,0x88,0xaf,0x10,0x00,0x9c,0xf6,0x00,0x00,0x00,0x04,0xf1,0x00,
0x4f,0x10,0x00,0x2f,0xf0,0x00,0x00,0x00,0x04,0xf1,0x00,0x4f,0x35,0x00,0x2f,0xd0,0x00,0x00,0x00,0x04,
0xf3,0x47,0xbf,0xfe,0x00,0xce,0xf9,0x00,0x00,0x00,0xad,0xff,0xfe,0xdf,0x50,0x09,0xf2,0x6f,0x60,0x00,
0x00,0xa9,0x74,0x10,0x4f,0x10,0x8f,0x40,0x0a,0xf3,0x00,0x00,0x00,0x00,0x00,0x4f,0x19,0xf5,0x00,0x00,
0xde,0x00,0x00,0x00,0x00,0x00,0x4f,0x15,0x60,0x00,0x00,0x29,0x00,0x00,0x00,0x00,0x00,0x00,0x00,0x00,
0x00,0x00,0x00,0x00,0x00,0x00,0x00,0x00,0x00,0x00,0x00,0x00,0x00,0x00,0x00,0x00,0x00,0x00,0x00,0x00,
0x00,0x00,0x00,0x00,0x00,0x00,
/* U+53EF */
0x00,0x00,0x00,0x00,0x00,0x00,0x00,0x00,0x00,0x00,0x00,0x00,0x00,0x00,0x00,0x00,0x00,0x00,0x00,0x00,
0x00,0x00,0x00,0x00,0x00,0x00,0x00,0x00,0x00,0x00,0x00,0x00,0x00,0x00,0x00,0x00,0x00,0x00,0x00,0x00,
0x00,0x00,0x00,0x00,0x00,0x00,0x00,0x00,0x00,0x00,0x00,0x00,0x00,0x00,0x00,0x00,0x22,0x22,0x22,0x22,
0x22,0x22,0x22,0x22,0x22,0x00,0x00,0xef,0xff,0xff,0xff,0xff,0xff,0xff,0xff,0xff,0x00,0x00,0x34,0x44,
0x44,0x44,0x44,0x44,0x45,0xf7,0x43,0x00,0x00,0x00,0x00,0x00,0x00,0x00,0x00,0x02,0xf4,0x00,0x00,0x00,
0x00,0x00,0x00,0x00,0x00,0x00,0x02,0xf4,0x00,0x00,0x00,0x00,0x6a,0xaa,0xaa,0xaa,0x20,0x02,0xf4,0x00,
0x00,0x00,0x00,0x9e,0x99,0x99,0xbf,0x30,0x02,0xf4,0x00,0x00,0x00,0x00,0x9d,0x00,0x00,0x2f,0x30,0x02,
0xf4,0x00,0x00,0x00,0x00,0x9d,0x00,0x00,0x2f,0x30,0x02,0xf4,0x00,0x00,0x00,0x00,0x9d,0x00,0x00,0x2f,
0x30,0x02,0xf4,0x00,0x00,0x00,0x00,0x9d,0x00,0x00,0x2f,0x30,0x02,0xf4,0x00,0x00,0x00,0x00,0x9f,0xaa,
0xaa,0xbf,0x30,0x02,0xf4,0x00,0x00,0x00,0x00,0x9f,0xaa,0xaa,0xaa,0x20,0x02,0xf4,0x00,0x00,0x00,0x00,
0x9d,0x00,0x00,0x00,0x00,0x02,0xf4,0x00,0x00,0x00,0x00,0x35,0x00,0x00,0x00,0x00,0x02,0xf4,0x00,0x00,
0x00,0x00,0x00,0x00,0x00,0x00,0x00,0x02,0xf4,0x00,0x00,0x00,0x00,0x00,0x00,0x00,0x01,0x87,0x7c,0xf1,
0x00,0x00,0x00,0x00,0x00,0x00,0x00,0x00,0xdd,0xdc,0x60,0x00,0x00,0x00,0x00,0x00,0x00,0x00,0x00,0x00,
0x00,0x00,0x00,0x00,0x00,0x00,0x00,0x00,0x00,0x00,0x00,0x00,0x00,0x00,0x00,0x00,0x00,0x00,0x00,0x00,
0x00,0x00,0x00,0x00,0x00,0x00,
/* U+591A */
0x00,0x00,0x00,0x00,0x00,0x00,0x00,0x00,0x00,0x00,0x00,0x00,0x00,0x00,0x00,0x00,0x00,0x00,0x00,0x00,
0x00,0x00,0x00,0x00,0x00,0x00,0x00,0x00,0x00,0x00,0x00,0x00,0x00,0x00,0x00,0x00,0x00,0x00,0x00,0x00,
0x00,0x00,0x00,0x00,0x00,0x00,0x00,0x00,0x00,0x21,0x00,0x00,0x00,0x00,0x00,0x00,0x00,0x00,0x00,0x05,
0xfd,0x00,0x00,0x00,0x00,0x00,0x00,0x00,0x00,0x00,0xaf,0xfb,0x99,0x99,0x70,0x00,0x00,0x00,0x00,0x05,
0xaf,0xfb,0xbb,0xbb,0xbf,0xb0,0x00,0x00,0x00,0x0a,0xff,0xf9,0x10,0x00,0x00,0x9f,0x20,0x00,0x00,0x00,
0x05,0x94,0x05,0x70,0x00,0x08,0xf5,0x00,0x00,0x00,0x00,0x00,0x00,0x05,0xf7,0x03,0xcf,0x50,0x00,0x00,
0x00,0x00,0x00,0x00,0x00,0x6f,0xbf,0xc2,0x00,0x00,0x00,0x00,0x00,0x00,0x48,0xad,0xff,0xb5,0x04,0xa1,
0x00,0x00,0x00,0x00,0x00,0x7e,0xb9,0x61,0x00,0x7f,0xa0,0x00,0x00,0x00,0x00,0x00,0x00,0x00,0x00,0x5d,
0xff,0xcc,0xcc,0xc4,0x00,0x00,0x00,0x00,0x25,0xaf,0xe9,0x88,0x88,0x8d,0xf3,0x00,0x00,0x00,0x2f,0xfe,
0xb5,0x00,0x00,0x00,0x5f,0x60,0x00,0x00,0x00,0x04,0x20,0x09,0x70,0x00,0x05,0xf9,0x00,0x00,0x00,0x00,
0x00,0x00,0x06,0xf5,0x01,0xaf,0xa0,0x00,0x00,0x00,0x00,0x00,0x00,0x00,0x8f,0x9f,0xe4,0x00,0x00,0x00,
0x00,0x00,0x00,0x00,0x48,0xcf,0xf8,0x00,0x00,0x00,0x00,0x00,0x0a,0xce,0xff,0xfe,0x94,0x00,0x00,0x00,
0x00,0x00,0x00,0x06,0x97,0x54,0x20,0x00,0x00,0x00,0x00,0x00,0x00,0x00,0x00,0x00,0x00,0x00,0x00,0x00,
0x00,0x00,0x00,0x00,0x00,0x00,0x00,0x00,0x00,0x00,0x00,0x00,0x00,0x00,0x00,0x00,0x00,0x00,0x00,0x00,
0x00,0x00,0x00,0x00,0x00,0x00,
/* U+591C */
0x00,0x00,0x00,0x00,0x00,0x00,0x00,0x00,0x00,0x00,0x00,0x00,0x00,0x00,0x00,0x00,0x00,0x00,0x00,0x00,
0x00,0x00,0x00,0x00,0x00,0x00,0x00,0x00,0x00,0x00,0x00,0x00,0x00,0x00,0x00,0x00,0x00,0x00,0x00,0x00,
0x00,0x00,0x00,0x00,0x00,0x00,0x00,0x00,0x02,0x70,0x00,0x00,0x00,0x00,0x00,0x00,0x00,0x00,0x00,0x03,
0xf7,0x00,0x00,0x00,0x00,0x00,0x00,0x23,0x33,0x33,0x33,0xce,0x33,0x33,0x33,0x32,0x00,0x00,0xcf,0xff,
0xff,0xff,0xff,0xff,0xff,0xff,0xfc,0x00,0x00,0x12,0x22,0x74,0x22,0x25,0x42,0x22,0x22,0x22,0x00,0x00,
0x00,0x05,0xf4,0x00,0x0e,0xb0,0x00,0x00,0x00,0x00,0x00,0x00,0x0b,0xe0,0x00,0x5f,0xb7,0x77,0x77,0x30,
0x00,0x00,0x00,0x2f,0x80,0x00,0xcf,0xee,0xee,0xef,0x70,0x00,0x00,0x00,0x8f,0x20,0x04,0xf7,0x00,0x00,
0x3f,0x30,0x00,0x00,0x04,0xff,0x00,0x3f,0xd0,0x99,0x00,0x9d,0x00,0x00,0x00,0x2e,0xff,0x02,0xef,0xd0,
0x4e,0xb1,0xf7,0x00,0x00,0x00,0xdf,0xcf,0x0b,0xe6,0xf9,0x02,0xde,0xf2,0x00,0x00,0x00,0xa5,0x8f,0x01,
0x20,0x6f,0x50,0x3f,0x70,0x00,0x00,0x00,0x00,0x8f,0x00,0x00,0x0a,0xf4,0xeb,0x00,0x00,0x00,0x00,0x00,
0x8f,0x00,0x00,0x01,0xdf,0xe1,0x00,0x00,0x00,0x00,0x00,0x8f,0x00,0x00,0x06,0xff,0xf7,0x00,0x00,0x00,
0x00,0x00,0x8f,0x00,0x04,0xcf,0xb2,0xaf,0xd4,0x00,0x00,0x00,0x00,0x8f,0x03,0xcf,0xe6,0x00,0x04,0xdf,
0xe8,0x00,0x00,0x00,0x8f,0x01,0xd7,0x00,0x00,0x00,0x05,0xb9,0x00,0x00,0x00,0x01,0x00,0x00,0x00,0x00,
0x00,0x00,0x00,0x00,0x00,0x00,0x00,0x00,0x00,0x00,0x00,0x00,0x00,0x00,0x00,0x00,0x00,0x00,0x00,0x00,
0x00,0x00,0x00,0x00,0x00,0x00,
/* U+5927 */
0x00,0x00,0x00,0x00,0x00,0x00,0x00,0x00,0x00,0x00,0x00,0x00,0x00,0x00,0x00,0x00,0x00,0x00,0x00,0x00,
0x00,0x00,0x00,0x00,0x00,0x00,0x00,0x00,0x00,0x00,0x00,0x00,0x00,0x00,0x00,0x00,0x00,0x00,0x00,0x00,
0x00,0x00,0x00,0x00,0x00,0x00,0x00,0x00,0x00,0x33,0x00,0x00,0x00,0x00,0x00,0x00,0x00,0x00,0x00,0x00,
0xbb,0x00,0x00,0x00,0x00,0x00,0x00,0x00,0x00,0x00,0x00,0xcb,0x00,0x00,0x00,0x00,0x00,0x00,0x00,0x00,
0x00,0x00,0xda,0x00,0x00,0x00,0x00,0x00,0x00,0x00,0x00,0x00,0x00,0xe9,0x00,0x00,0x00,0x00,0x00,0x00,
0x11,0x11,0x11,0x11,0xf8,0x11,0x11,0x11,0x11,0x00,0x00,0xcf,0xff,0xff,0xff,0xff,0xff,0xff,0xff,0xfc,
0x00,0x00,0x35,0x55,0x55,0x58,0xff,0x55,0x55,0x55,0x53,0x00,0x00,0x00,0x00,0x00,0x09,0xef,0x60,0x00,
0x00,0x00,0x00,0x00,0x00,0x00,0x00,0x0e,0x99,0xc0,0x00,0x00,0x00,0x00,0x00,0x00,0x00,0x00,0x4f,0x32,
0xf3,0x00,0x00,0x00,0x00,0x00,0x00,0x00,0x00,0xce,0x00,0xbd,0x00,0x00,0x00,0x00,0x00,0x00,0x00,0x05,
0xf5,0x00,0x2f,0x70,0x00,0x00,0x00,0x00,0x00,0x00,0x0e,0xb0,0x00,0x07,0xf3,0x00,0x00,0x00,0x00,0x00,
0x00,0xcf,0x20,0x00,0x00,0xbf,0x30,0x00,0x00,0x00,0x00,0x0c,0xf4,0x00,0x00,0x00,0x0c,0xe3,0x00,0x00,
0x00,0x03,0xdf,0x40,0x00,0x00,0x00,0x01,0xcf,0x60,0x00,0x00,0x9f,0xd3,0x00,0x00,0x00,0x00,0x00,0x09,
0xfb,0x00,0x00,0xa8,0x00,0x00,0x00,0x00,0x00,0x00,0x00,0x58,0x00,0x00,0x00,0x00,0x00,0x00,0x00,0x00,
0x00,0x00,0x00,0x00,0x00,0x00,0x00,0x00,0x00,0x00,0x00,0x00,0x00,0x00,0x00,0x00,0x00,0x00,0x00,0x00,
0x00,0x00,0x00,0x00,0x00,0x00,
/* U+5929 */
0x00,0x00,0x00,0x00,0x00,0x00,0x00,0x00,0x00,0x00,0x00,0x00,0x00,0x00,0x00,0x00,0x00,0x00,0x00,0x00,
0x00,0x00,0x00,0x00,0x00,0x00,0x00,0x00,0x00,0x00,0x00,0x00,0x00,0x00,0x00,0x00,0x00,0x00,0x00,0x00,
0x00,0x00,0x00,0x00,0x00,0x00,0x00,0x00,0x00,0x00,0x00,0x00,0x00,0x00,0x00,0x00,0x03,0x44,0x44,0x44,
0x44,0x44,0x44,0x44,0x30,0x00,0x00,0x0e,0xff,0xff,0xff,0xff,0xff,0xff,0xff,0xe0,0x00,0x00,0x02,0x22,
0x22,0x22,0xbc,0x22,0x22,0x22,0x20,0x00,0x00,0x00,0x00,0x00,0x00,0xca,0x00,0x00,0x00,0x00,0x00,0x00,
0x00,0x00,0x00,0x00,0xe8,0x00,0x00,0x00,0x00,0x00,0x00,0x00,0x00,0x00,0x00,0xf6,0x00,0x00,0x00,0x00,
0x00,0x00,0x14,0x44,0x44,0x45,0xf7,0x44,0x44,0x44,0x42,0x00,0x00,0x6f,0xff,0xff,0xff,0xff,0xff,0xff,
0xff,0xf7,0x00,0x00,0x01,0x11,0x11,0x1a,0xef,0x61,0x11,0x11,0x10,0x00,0x00,0x00,0x00,0x00,0x0f,0x8a,
0xc0,0x00,0x00,0x00,0x00,0x00,0x00,0x00,0x00,0x6f,0x23,0xf4,0x00,0x00,0x00,0x00,0x00,0x00,0x00,0x00,
0xdc,0x00,0xbd,0x00,0x00,0x00,0x00,0x00,0x00,0x00,0x0a,0xf3,0x00,0x1e,0xa0,0x00,0x00,0x00,0x00,0x00,
0x00,0x8f,0x50,0x00,0x05,0xf8,0x00,0x00,0x00,0x00,0x00,0x07,0xf8,0x00,0x00,0x00,0x6f,0x90,0x00,0x00,
0x00,0x03,0xcf,0x80,0x00,0x00,0x00,0x06,0xfb,0x20,0x00,0x00,0x8f,0xd3,0x00,0x00,0x00,0x00,0x00,0x4e,
0xf7,0x00,0x00,0x99,0x00,0x00,0x00,0x00,0x00,0x00,0x00,0x9a,0x00,0x00,0x00,0x00,0x00,0x00,0x00,0x00,
0x00,0x00,0x00,0x00,0x00,0x00,0x00,0x00,0x00,0x00,0x00,0x00,0x00,0x00,0x00,0x00,0x00,0x00,0x00,0x00,
0x00,0x00,0x00,0x00,0x00,0x00,
/* U+5931 */
0x00,0x00,0x00,0x00,0x00,0x00,0x00,0x00,0x00,0x00,0x00,0x00,0x00,0x00,0x00,0x00,0x00,0x00,0x00,0x00,
0x00,0x00,0x00,0x00,0x00,0x00,0x00,0x00,0x00,0x00,0x00,0x00,0x00,0x00,0x00,0x00,0x00,0x00,0x00,0x00,
0x00,0x00,0x00,0x00,0x00,0x00,0x00,0x00,0x00,0x33,0x00,0x00,0x00,0x00,0x00,0x00,0x00,0x03,0xb1,0x00,
0xbc,0x00,0x00,0x00,0x00,0x00,0x00,0x00,0x0b,0xe0,0x00,0xbc,0x00,0x00,0x00,0x00,0x00,0x00,0x00,0x2f,
0x80,0x00,0xbc,0x00,0x00,0x00,0x00,0x00,0x00,0x00,0xaf,0xdd,0xdd,0xff,0xdd,0xdd,0xdd,0x60,0x00,0x00,
0x06,0xfb,0x99,0x99,0xee,0x99,0x99,0x99,0x40,0x00,0x00,0x4f,0xc0,0x00,0x00,0xbc,0x00,0x00,0x00,0x00,
0x00,0x00,0xde,0x10,0x00,0x00,0xcb,0x00,0x00,0x00,0x00,0x00,0x00,0x13,0x00,0x00,0x00,0xe9,0x00,0x00,
0x00,0x00,0x00,0x00,0x46,0x66,0x66,0x66,0xfb,0x66,0x66,0x66,0x65,0x00,0x00,0xbf,0xff,0xff,0xff,0xff,
0xff,0xff,0xff,0xfb,0x00,0x00,0x00,0x00,0x00,0x08,0xfd,0x90,0x00,0x00,0x00,0x00,0x00,0x00,0x00,0x00,
0x0f,0x84,0xf1,0x00,0x00,0x00,0x00,0x00,0x00,0x00,0x00,0x7f,0x10,0xcc,0x00,0x00,0x00,0x00,0x00,0x00,
0x00,0x07,0xf8,0x00,0x1e,0xb0,0x00,0x00,0x00,0x00,0x00,0x00,0x9f,0x90,0x00,0x03,0xed,0x20,0x00,0x00,
0x00,0x00,0x6d,0xf7,0x00,0x00,0x00,0x1c,0xf8,0x10,0x00,0x00,0x8e,0xfb,0x30,0x00,0x00,0x00,0x00,0x7f,
0xf9,0x00,0x00,0x99,0x20,0x00,0x00,0x00,0x00,0x00,0x01,0x88,0x00,0x00,0x00,0x00,0x00,0x00,0x00,0x00,
0x00,0x00,0x00,0x00,0x00,0x00,0x00,0x00,0x00,0x00,0x00,0x00,0x00,0x00,0x00,0x00,0x00,0x00,0x00,0x00,
0x00,0x00,0x00,0x00,0x00,0x00,
/* U+5BC6 */
0x00,0x00,0x00,0x00,0x00,0x00,0x00,0x00,0x00,0x00,0x00,0x00,0x00,0x00,0x00,0x00,0x00,0x00,0x00,0x00,
0x00,0x00,0x00,0x00,0x00,0x00,0x00,0x00,0x00,0x00,0x00,0x00,0x00,0x00,0x00,0x00,0x00,0x00,0x00,0x00,
0x00,0x00,0x00,0x00,0x00,0x00,0x00,0x00,0x01,0x50,0x00,0x00,0x00,0x00,0x00,0x00,0x00,0x00,0x00,0x02,
0xf6,0x00,0x00,0x00,0x00,0x00,0x00,0x2f,0xff,0xff,0xff,0xff,0xff,0xff,0xff,0xf2,0x00,0x00,0x2f,0x74,
0x44,0x44,0x54,0x44,0x44,0x47,0xf2,0x00,0x00,0x2f,0x30,0x00,0x09,0xb0,0x00,0x27,0x03,0xf2,0x00,0x00,
0x05,0x1c,0x50,0x01,0xe8,0x02,0xec,0x01,0x40,0x00,0x00,0x00,0x4f,0x17,0xc0,0x4b,0x3e,0xc1,0x60,0x00,
0x00,0x00,0x00,0xb8,0x08,0xd0,0x07,0xfb,0x02,0xfa,0x00,0x00,0x00,0x06,0xf1,0x08,0xd3,0xcf,0x80,0x01,
0x4f,0x80,0x00,0x00,0x09,0x90,0x08,0xff,0xb2,0x00,0x3f,0x18,0xf4,0x00,0x00,0x00,0x27,0xcf,0xfa,0x44,
0x44,0xbe,0x00,0xa6,0x00,0x00,0x6c,0xff,0xa6,0xef,0xff,0xff,0xd6,0x00,0x00,0x00,0x00,0x8b,0x50,0x00,
0x00,0x22,0x00,0x00,0x00,0x00,0x00,0x00,0x00,0x86,0x00,0x00,0xac,0x00,0x00,0x3b,0x10,0x00,0x00,0x00,
0xd9,0x00,0x00,0xac,0x00,0x00,0x4f,0x10,0x00,0x00,0x00,0xd9,0x00,0x00,0xac,0x00,0x00,0x4f,0x10,0x00,
0x00,0x00,0xda,0x22,0x22,0xbc,0x22,0x22,0x6f,0x10,0x00,0x00,0x00,0xdf,0xff,0xff,0xff,0xff,0xff,0xff,
0x10,0x00,0x00,0x00,0x22,0x22,0x22,0x22,0x22,0x22,0x6f,0x10,0x00,0x00,0x00,0x00,0x00,0x00,0x00,0x00,
0x00,0x01,0x00,0x00,0x00,0x00,0x00,0x00,0x00,0x00,0x00,0x00,0x00,0x00,0x00,0x00,0x00,0x00,0x00,0x00,
0x00,0x00,0x00,0x00,0x00,0x00,
/* U+5C0F */
0x00,0x00,0x00,0x00,0x00,0x00,0x00,0x00,0x00,0x00,0x00,0x00,0x00,0x00,0x00,0x00,0x00,0x00,0x00,0x00,
0x00,0x00,0x00,0x00,0x00,0x00,0x00,0x00,0x00,0x00,0x00,0x00,0x00,0x00,0x00,0x00,0x00,0x00,0x00,0x00,
0x00,0x00,0x00,0x00,0x00,0x00,0x00,0x00,0x00,0x00,0x00,0x00,0x00,0x00,0x00,0x00,0x00,0x00,0x00,0x00,
0x6f,0x10,0x00,0x00,0x00,0x00,0x00,0x00,0x00,0x00,0x00,0x6f,0x10,0x00,0x00,0x00,0x00,0x00,0x00,0x00,
0x00,0x00,0x6f,0x10,0x00,0x00,0x00,0x00,0x00,0x00,0x00,0x00,0x00,0x6f,0x10,0x00,0x00,0x00,0x00,0x00,
0x00,0x03,0x00,0x00,0x6f,0x10,0x02,0x90,0x00,0x00,0x00,0x00,0x0f,0x80,0x00,0x6f,0x10,0x07,0xf3,0x00,
0x00,0x00,0x00,0x5f,0x40,0x00,0x6f,0x10,0x01,0xf9,0x00,0x00,0x00,0x00,0xaf,0x00,0x00,0x6f,0x10,0x00,
0x9f,0x10,0x00,0x00,0x00,0xea,0x00,0x00,0x6f,0x10,0x00,0x3f,0x70,0x00,0x00,0x04,0xf5,0x00,0x00,0x6f,
0x10,0x00,0x0c,0xd0,0x00,0x00,0x0c,0xe0,0x00,0x00,0x6f,0x10,0x00,0x06,0xf3,0x00,0x00,0x6f,0x70,0x00,
0x00,0x6f,0x10,0x00,0x01,0xf8,0x00,0x00,0xed,0x00,0x00,0x00,0x6f,0x10,0x00,0x00,0xae,0x00,0x01,0xd5,
0x00,0x00,0x00,0x6f,0x10,0x00,0x00,0x5e,0x10,0x00,0x00,0x00,0x00,0x00,0x6f,0x10,0x00,0x00,0x01,0x00,
0x00,0x00,0x00,0x00,0x00,0x7f,0x10,0x00,0x00,0x00,0x00,0x00,0x00,0x00,0x3a,0xaa,0xfd,0x00,0x00,0x00,
0x00,0x00,0x00,0x00,0x00,0x1c,0xcc,0x93,0x00,0x00,0x00,0x00,0x00,0x00,0x00,0x00,0x00,0x00,0x00,0x00,
0x00,0x00,0x00,0x00,0x00,0x00,0x00,0x00,0x00,0x00,0x00,0x00,0x00,0x00,0x00,0x00,0x00,0x00,0x00,0x00,
0x00,0x00,0x00,0x00,0x00,0x00,
/* U+5C11 */
0x00,0x00,0x00,0x00,0x00,0x00,0x00,0x00,0x00,0x00,0x00,0x00,0x00,0x00,0x00,0x00,0x00,0x00,0x00,0x00,
0x00,0x00,0x00,0x00,0x00,0x00,0x00,0x00,0x00,0x00,0x00,0x00,0x00,0x00,0x00,0x00,0x00,0x00,0x00,0x00,
0x00,0x00,0x00,0x00,0x00,0x00,0x00,0x00,0x00,0x33,0x00,0x00,0x00,0x00,0x00,0x00,0x00,0x00,0x00,0x00,
0xbb,0x00,0x00,0x00,0x00,0x00,0x00,0x00,0x00,0x00,0x00,0xbb,0x00,0x01,0x00,0x00,0x00,0x00,0x00,0x01,
0xd3,0x00,0xbb,0x00,0xdb,0x00,0x00,0x00,0x00,0x00,0x08,0xf1,0x00,0xbb,0x00,0x3f,0x70,0x00,0x00,0x00,
0x00,0x0e,0xa0,0x00,0xbb,0x00,0x06,0xf3,0x00,0x00,0x00,0x00,0x6f,0x30,0x00,0xbb,0x00,0x00,0x9d,0x00,
0x00,0x00,0x02,0xec,0x00,0x00,0xbb,0x00,0x00,0x0e,0x90,0x00,0x00,0x0c,0xf2,0x00,0x00,0xbb,0x00,0x00,
0x05,0xf5,0x00,0x00,0x9f,0x60,0x00,0x00,0xbb,0x00,0x04,0x50,0xbe,0x10,0x00,0x28,0x00,0x00,0x00,0xbb,
0x00,0x1e,0xc0,0x24,0x00,0x00,0x00,0x00,0x00,0x00,0xbb,0x00,0xbf,0x20,0x00,0x00,0x00,0x00,0x00,0x00,
0x00,0x33,0x09,0xf6,0x00,0x00,0x00,0x00,0x00,0x00,0x00,0x00,0x01,0xbf,0x90,0x00,0x00,0x00,0x00,0x00,
0x00,0x00,0x00,0x4d,0xf6,0x00,0x00,0x00,0x00,0x00,0x00,0x00,0x00,0x4c,0xfe,0x40,0x00,0x00,0x00,0x00,
0x00,0x00,0x02,0x7c,0xfe,0x70,0x00,0x00,0x00,0x00,0x00,0x00,0x3a,0xef,0xfd,0x70,0x00,0x00,0x00,0x00,
0x00,0x00,0x00,0x1e,0xa6,0x10,0x00,0x00,0x00,0x00,0x00,0x00,0x00,0x00,0x00,0x00,0x00,0x00,0x00,0x00,
0x00,0x00,0x00,0x00,0x00,0x00,0x00,0x00,0x00,0x00,0x00,0x00,0x00,0x00,0x00,0x00,0x00,0x00,0x00,0x00,
0x00,0x00,0x00,0x00,0x00,0x00,
/* U+5EA6 */
0x00,0x00,0x00,0x00,0x00,0x00,0x00,0x00,0x00,0x00,0x00,0x00,0x00,0x00,0x00,0x00,0x00,0x00,0x00,0x00,
0x00,0x00,0x00,0x00,0x00,0x00,0x00,0x00,0x00,0x00,0x00,0x00,0x00,0x00,0x00,0x00,0x00,0x00,0x00,0x00,
0x00,0x00,0x00,0x00,0x00,0x00,0x00,0x00,0x00,0x15,0x10,0x00,0x00,0x00,0x00,0x00,0x00,0x00,0x00,0x00,
0x1f,0x70,0x00,0x00,0x00,0x00,0x00,0x04,0xcc,0xcc,0xcc,0xcf,0xfc,0xcc,0xcc,0xc7,0x00,0x00,0x06,0xf9,
0x99,0x99,0x99,0x99,0x99,0x99,0x95,0x00,0x00,0x06,0xf0,0x00,0x79,0x00,0x00,0x0a,0x60,0x00,0x00,0x00,
0x06,0xf3,0x22,0xad,0x22,0x22,0x2e,0x92,0x21,0x00,0x00,0x06,0xff,0xff,0xff,0xff,0xff,0xff,0xff,0xf9,
0x00,0x00,0x06,0xf3,0x22,0xad,0x22,0x22,0x2e,0x92,0x21,0x00,0x00,0x06,0xf0,0x00,0x9d,0x00,0x00,0x0e,
0x80,0x00,0x00,0x00,0x07,0xf0,0x00,0x9f,0xee,0xee,0xef,0x80,0x00,0x00,0x00,0x08,0xe0,0x00,0x24,0x44,
0x44,0x44,0x20,0x00,0x00,0x00,0x0a,0xc0,0x45,0x55,0x55,0x55,0x55,0x55,0x00,0x00,0x00,0x0b,0xa0,0xbf,
0xfe,0xee,0xee,0xee,0xfe,0x00,0x00,0x00,0x0d,0x80,0x01,0xea,0x00,0x00,0x1b,0xd2,0x00,0x00,0x00,0x0f,
0x60,0x00,0x2e,0xd2,0x04,0xec,0x10,0x00,0x00,0x00,0x5f,0x10,0x00,0x01,0xbf,0xaf,0xa0,0x00,0x00,0x00,
0x00,0xbc,0x00,0x00,0x04,0xaf,0xff,0x93,0x00,0x00,0x00,0x00,0xf6,0x04,0x8b,0xef,0xb5,0x05,0xcf,0xea,
0x74,0x00,0x00,0x91,0x0c,0xd9,0x61,0x00,0x00,0x02,0x6a,0xdc,0x00,0x00,0x00,0x00,0x00,0x00,0x00,0x00,
0x00,0x00,0x00,0x00,0x00,0x00,0x00,0x00,0x00,0x00,0x00,0x00,0x00,0x00,0x00,0x00,0x00,0x00,0x00,0x00,
0x00,0x00,0x00,0x00,0x00,0x00,
/* U+5F3A */
0x00,0x00,0x00,0x00,0x00,0x00,0x00,0x00,0x00,0x00,0x00,0x00,0x00,0x00,0x00,0x00,0x00,0x00,0x00,0x00,
0x00,0x00,0x00,0x00,0x00,0x00,0x00,0x00,0x00,0x00,0x00,0x00,0x00,0x00,0x00,0x00,0x00,0x00,0x00,0x00,
0x00,0x00,0x00,0x00,0x00,0x00,0x00,0x00,0x00,0x00,0x00,0x00,0x00,0x00,0x00,0x00,0x48,0x88,0x87,0x00,
0x78,0x88,0x88,0x88,0x50,0x00,0x00,0x6c,0xcc,0xed,0x00,0xec,0xaa,0xaa,0xae,0x90,0x00,0x00,0x00,0x00,
0x8d,0x00,0xe7,0x00,0x00,0x0b,0x90,0x00,0x00,0x00,0x00,0x8d,0x00,0xe7,0x00,0x00,0x0b,0x90,0x00,0x00,
0x00,0x00,0x8d,0x00,0xed,0xcc,0xcc,0xce,0x90,0x00,0x00,0x1f,0xff,0xfd,0x00,0x67,0x7a,0xf7,0x77,0x40,
0x00,0x00,0x3f,0x53,0x33,0x00,0x00,0x06,0xf0,0x00,0x00,0x00,0x00,0x5f,0x00,0x00,0x08,0xdd,0xde,0xfd,
0xdd,0xd3,0x00,0x00,0x6e,0x00,0x00,0x09,0xc6,0x6a,0xf6,0x66,0xf4,0x00,0x00,0x8e,0x88,0x88,0x09,0xa0,
0x06,0xf0,0x00,0xf4,0x00,0x00,0x7b,0xbb,0xdf,0x09,0xa0,0x06,0xf0,0x00,0xf4,0x00,0x00,0x00,0x00,0x5f,
0x09,0xea,0xac,0xfb,0xab,0xf4,0x00,0x00,0x00,0x00,0x6f,0x05,0x88,0x8b,0xf9,0x88,0x82,0x00,0x00,0x00,
0x00,0x6f,0x00,0x00,0x06,0xf0,0x0a,0x60,0x00,0x00,0x00,0x00,0x7e,0x00,0x00,0x06,0xf0,0x09,0xd0,0x00,
0x00,0x00,0x00,0xbd,0x00,0x00,0x17,0xf7,0x9c,0xf3,0x00,0x00,0x08,0x7b,0xf6,0x1d,0xef,0xff,0xfd,0xb9,
0xd9,0x00,0x00,0x0b,0xda,0x60,0x08,0x64,0x21,0x00,0x00,0x7b,0x00,0x00,0x00,0x00,0x00,0x00,0x00,0x00,
0x00,0x00,0x00,0x00,0x00,0x00,0x00,0x00,0x00,0x00,0x00,0x00,0x00,0x00,0x00,0x00,0x00,0x00,0x00,0x00,
0x00,0x00,0x00,0x00,0x00,0x00,
/* U+636E */
0x00,0x00,0x00,0x00,0x00,0x00,0x00,0x00,0x00,0x00,0x00,0x00,0x00,0x00,0x00,0x00,0x00,0x00,0x00,0x00,
0x00,0x00,0x00,0x00,0x00,0x00,0x00,0x00,0x00,0x00,0x00,0x00,0x00,0x00,0x00,0x00,0x00,0x00,0x00,0x00,
0x00,0x00,0x00,0x00,0x00,0x00,0x14,0x00,0x00,0x00,0x00,0x00,0x00,0x00,0x00,0x00,0x00,0x7f,0x00,0x08,
0x88,0x88,0x88,0x88,0x84,0x00,0x00,0x00,0x7f,0x00,0x0f,0xdc,0xcc,0xcc,0xcc,0xf8,0x00,0x00,0x00,0x7f,
0x00,0x0f,0x50,0x00,0x00,0x00,0xe8,0x00,0x00,0x68,0xbf,0x87,0x0f,0x50,0x00,0x00,0x00,0xe8,0x00,0x00,
0xbe,0xef,0xec,0x0f,0xff,0xff,0xff,0xff,0xf8,0x00,0x00,0x00,0x7f,0x00,0x0f,0x95,0x55,0xcd,0x55,0x52,
0x00,0x00,0x00,0x7f,0x00,0x0f,0x50,0x00,0xab,0x00,0x00,0x00,0x00,0x00,0x7f,0x00,0x1f,0x85,0x55,0xcd,
0x55,0x55,0x00,0x00,0x00,0x7f,0x7b,0x3f,0xff,0xff,0xff,0xff,0xff,0x00,0x00,0x04,0xbf,0xe7,0x4f,0x20,
0x00,0xab,0x00,0x00,0x00,0x00,0xff,0xff,0x00,0x6f,0x00,0x00,0xab,0x00,0x00,0x00,0x00,0x62,0x7f,0x00,
0x8d,0x08,0x88,0xde,0x88,0x80,0x00,0x00,0x00,0x7f,0x00,0xab,0x0f,0xdb,0xbb,0xbc,0xf1,0x00,0x00,0x00,
0x7f,0x00,0xf8,0x0f,0x50,0x00,0x03,0xf1,0x00,0x00,0x00,0x7f,0x05,0xf3,0x0f,0x50,0x00,0x03,0xf1,0x00,
0x00,0x00,0x7f,0x0a,0xd0,0x0f,0x84,0x44,0x47,0xf1,0x00,0x00,0x57,0xdd,0x0f,0x70,0x0f,0xff,0xff,0xff,
0xf1,0x00,0x00,0x6d,0xb4,0x09,0x10,0x0f,0x50,0x00,0x04,0xf1,0x00,0x00,0x00,0x00,0x00,0x00,0x00,0x00,
0x00,0x00,0x00,0x00,0x00,0x00,0x00,0x00,0x00,0x00,0x00,0x00,0x00,0x00,0x00,0x00,0x00,0x00,0x00,0x00,
0x00,0x00,0x00,0x00,0x00,0x00,
/* U+6570 */
0x00,0x00,0x00,0x00,0x00,0x00,0x00,0x00,0x00,0x00,0x00,0x00,0x00,0x00,0x00,0x00,0x00,0x00,0x00,0x00,
0x00,0x00,0x00,0x00,0x00,0x00,0x00,0x00,0x00,0x00,0x00,0x00,0x00,0x00,0x00,0x00,0x00,0x00,0x00,0x00,
0x00,0x00,0x00,0x00,0x00,0x00,0x00,0x32,0x00,0x00,0x02,0x30,0x00,0x00,0x00,0x00,0x1d,0x20,0xc9,0x05,
0xa0,0x0a,0xc0,0x00,0x00,0x00,0x00,0x0b,0x90,0xc9,0x0e,0x60,0x0d,0xa0,0x00,0x00,0x00,0x00,0x03,0xc0,
0xc9,0x4b,0x00,0x0f,0xa4,0x44,0x43,0x00,0x00,0x58,0x88,0xec,0x88,0x81,0x2f,0xff,0xff,0xfb,0x00,0x00,
0x8c,0xcf,0xfe,0xcc,0xc2,0x5f,0x21,0x1e,0x71,0x00,0x00,0x00,0x6c,0xcf,0x80,0x00,0xaf,0x00,0x0f,0x40,
0x00,0x00,0x05,0xf3,0xca,0xbe,0x61,0xff,0x40,0x1f,0x20,0x00,0x00,0x9f,0x50,0xc9,0x07,0x66,0xfd,0x80,
0x3f,0x00,0x00,0x00,0x83,0x00,0x75,0x00,0x0c,0xa5,0xc0,0x6e,0x00,0x00,0x00,0x00,0x08,0xd0,0x00,0x03,
0x20,0xf2,0xba,0x00,0x00,0x00,0x8c,0xcf,0xec,0xcc,0xa0,0x00,0x99,0xf5,0x00,0x00,0x00,0x57,0xbf,0x77,
0x7d,0xb0,0x00,0x3f,0xf0,0x00,0x00,0x00,0x00,0xd8,0x00,0x2f,0x40,0x00,0x0e,0xb0,0x00,0x00,0x00,0x07,
0xf7,0x11,0xdb,0x00,0x00,0x6f,0xf3,0x00,0x00,0x00,0x01,0x7d,0xfe,0xd0,0x00,0x02,0xf8,0xad,0x00,0x00,
0x00,0x00,0x4b,0xfd,0xfb,0x30,0x2e,0xc0,0x1e,0xb0,0x00,0x00,0x8e,0xfd,0x40,0x3b,0xf5,0xfc,0x10,0x03,
0xed,0x10,0x00,0xa9,0x30,0x00,0x00,0x11,0xa0,0x00,0x00,0x2b,0x00,0x00,0x00,0x00,0x00,0x00,0x00,0x00,
0x00,0x00,0x00,0x00,0x00,0x00,0x00,0x00,0x00,0x00,0x00,0x00,0x00,0x00,0x00,0x00,0x00,0x00,0x00,0x00,
0x00,0x00,0x00,0x00,0x00,0x00,
/* U+65E0 */
0x00,0x00,0x00,0x00,0x00,0x00,0x00,0x00,0x00,0x00,0x00,0x00,0x00,0x00,0x00,0x00,0x00,0x00,0x00,0x00,
0x00,0x00,0x00,0x00,0x00,0x00,0x00,0x00,0x00,0x00,0x00,0x00,0x00,0x00,0x00,0x00,0x00,0x00,0x00,0x00,
0x00,0x00,0x00,0x00,0x00,0x00,0x00,0x00,0x00,0x00,0x00,0x00,0x00,0x00,0x00,0x00,0x01,0x44,0x44,0x44,
0x44,0x44,0x44,0x44,0x00,0x00,0x00,0x05,0xff,0xff,0xff,0xff,0xff,0xff,0xff,0x00,0x00,0x00,0x00,0x22,
0x22,0x2a,0xe2,0x22,0x22,0x22,0x00,0x00,0x00,0x00,0x00,0x00,0x09,0xd0,0x00,0x00,0x00,0x00,0x00,0x00,
0x00,0x00,0x00,0x0a,0xc0,0x00,0x00,0x00,0x00,0x00,0x00,0x00,0x00,0x00,0x0c,0xb0,0x00,0x00,0x00,0x00,
0x00,0x00,0x00,0x00,0x00,0x0d,0xa0,0x00,0x00,0x00,0x00,0x00,0x00,0xaf,0xff,0xff,0xff,0xff,0xff,0xff,
0xff,0xfa,0x00,0x00,0x35,0x55,0x55,0x7f,0x85,0xfa,0x55,0x55,0x53,0x00,0x00,0x00,0x00,0x00,0x7f,0x00,
0xf7,0x00,0x00,0x00,0x00,0x00,0x00,0x00,0x00,0xca,0x00,0xf7,0x00,0x00,0x00,0x00,0x00,0x00,0x00,0x02,
0xf5,0x00,0xf7,0x00,0x00,0x00,0x00,0x00,0x00,0x00,0x0c,0xf0,0x00,0xf7,0x00,0x00,0x00,0x00,0x00,0x00,
0x00,0x9f,0x50,0x00,0xf7,0x00,0x00,0x68,0x00,0x00,0x00,0x08,0xf8,0x00,0x00,0xf7,0x00,0x00,0x9c,0x00,
0x00,0x03,0xdf,0xa0,0x00,0x00,0xf8,0x00,0x00,0xda,0x00,0x00,0x8f,0xe5,0x00,0x00,0x00,0xbf,0xba,0xae,
0xf4,0x00,0x00,0x68,0x00,0x00,0x00,0x00,0x28,0xaa,0xa9,0x40,0x00,0x00,0x00,0x00,0x00,0x00,0x00,0x00,
0x00,0x00,0x00,0x00,0x00,0x00,0x00,0x00,0x00,0x00,0x00,0x00,0x00,0x00,0x00,0x00,0x00,0x00,0x00,0x00,
0x00,0x00,0x00,0x00,0x00,0x00,
/* U+6674 */
0x00,0x00,0x00,0x00,0x00,0x00,0x00,0x00,0x00,0x00,0x00,0x00,0x00,0x00,0x00,0x00,0x00,0x00,0x00,0x00,
0x00,0x00,0x00,0x00,0x00,0x00,0x00,0x00,0x00,0x00,0x00,0x00,0x00,0x00,0x00,0x00,0x00,0x00,0x00,0x00,
0x00,0x00,0x00,0x00,0x00,0x00,0x00,0x00,0x00,0x00,0x01,0x50,0x00,0x00,0x00,0x00,0x00,0x00,0x00,0x00,
0x00,0x04,0xf3,0x00,0x00,0x00,0x00,0x4c,0xcc,0xcc,0x18,0xff,0xff,0xff,0xff,0xf9,0x00,0x00,0x6f,0x77,
0x9f,0x21,0x11,0x15,0xf4,0x11,0x11,0x00,0x00,0x6f,0x00,0x3f,0x20,0x78,0x89,0xf9,0x88,0x70,0x00,0x00,
0x6f,0x00,0x3f,0x20,0x9a,0xab,0xfb,0xaa,0xa0,0x00,0x00,0x6f,0x00,0x3f,0x20,0x00,0x03,0xf2,0x00,0x00,
0x00,0x00,0x6f,0x00,0x3f,0x3f,0xff,0xff,0xff,0xff,0xff,0x10,0x00,0x6f,0xdd,0xef,0x24,0x44,0x44,0x44,
0x44,0x44,0x00,0x00,0x6f,0x77,0x9f,0x20,0x58,0x88,0x88,0x88,0x50,0x00,0x00,0x6f,0x00,0x3f,0x20,0xae,
0xaa,0xaa,0xae,0xb0,0x00,0x00,0x6f,0x00,0x3f,0x20,0xab,0x00,0x00,0x0a,0xb0,0x00,0x00,0x6f,0x00,0x3f,
0x20,0xaf,0xdd,0xdd,0xdf,0xb0,0x00,0x00,0x6f,0x00,0x3f,0x20,0xac,0x44,0x44,0x4b,0xb0,0x00,0x00,0x6f,
0xcc,0xdf,0x20,0xad,0x55,0x55,0x5c,0xb0,0x00,0x00,0x6f,0x88,0xaf,0x20,0xaf,0xcc,0xcc,0xce,0xb0,0x00,
0x00,0x6f,0x00,0x3e,0x20,0xab,0x00,0x00,0x0a,0xb0,0x00,0x00,0x26,0x00,0x00,0x00,0xab,0x00,0x04,0x6f,
0xa0,0x00,0x00,0x00,0x00,0x00,0x00,0xab,0x00,0x09,0xec,0x30,0x00,0x00,0x00,0x00,0x00,0x00,0x00,0x00,
0x00,0x00,0x00,0x00,0x00,0x00,0x00,0x00,0x00,0x00,0x00,0x00,0x00,0x00,0x00,0x00,0x00,0x00,0x00,0x00,
0x00,0x00,0x00,0x00,0x00,0x00,
/* U+66B4 */
0x00,0x00,0x00,0x00,0x00,0x00,0x00,0x00,0x00,0x00,0x00,0x00,0x00,0x00,0x00,0x00,0x00,0x00,0x00,0x00,
0x00,0x00,0x00,0x00,0x00,0x00,0x00,0x00,0x00,0x00,0x00,0x00,0x00,0x00,0x00,0x00,0x00,0x00,0x00,0x00,
0x00,0x00,0x00,0x00,0x00,0x00,0x00,0x00,0x00,0x00,0x00,0x00,0x00,0x00,0x00,0x00,0x00,0x8c,0xcc,0xcc,
0xcc,0xcc,0xcc,0xc9,0x00,0x00,0x00,0x00,0xad,0x44,0x44,0x44,0x44,0x44,0xcb,0x00,0x00,0x00,0x00,0xae,
0x88,0x88,0x88,0x88,0x88,0xdb,0x00,0x00,0x00,0x00,0xad,0x77,0x77,0x77,0x77,0x77,0xdb,0x00,0x00,0x00,
0x00,0xad,0x55,0x55,0x55,0x55,0x55,0xcb,0x00,0x00,0x00,0x00,0x7b,0xbd,0xfb,0xbb,0xbf,0xdb,0xb8,0x00,
0x00,0x00,0x01,0x11,0x18,0xe1,0x11,0x1e,0x91,0x11,0x10,0x00,0x00,0x0f,0xff,0xff,0xff,0xff,0xff,0xff,
0xff,0xf0,0x00,0x00,0x00,0x00,0x07,0xe0,0x00,0x0d,0x80,0x00,0x00,0x00,0x00,0xab,0xbb,0xbd,0xfb,0xbb,
0xbf,0xeb,0xbb,0xba,0x00,0x00,0x77,0x77,0x9f,0xb7,0x77,0x79,0xfa,0x77,0x77,0x00,0x00,0x00,0x06,0xfb,
0x00,0x6a,0x00,0x9f,0x70,0x00,0x00,0x00,0x17,0xde,0xaf,0x70,0x8d,0x08,0xfa,0xed,0x71,0x00,0x00,0xde,
0x70,0x03,0x90,0x8d,0x0a,0x30,0x06,0xde,0x00,0x00,0x20,0x00,0x02,0x93,0x8d,0x07,0x20,0x00,0x02,0x00,
0x00,0x00,0x16,0xbf,0xa2,0x8d,0x1b,0xfc,0x50,0x00,0x00,0x00,0x0c,0xfe,0x93,0x43,0xdc,0x00,0x29,0xfe,
0x90,0x00,0x00,0x06,0x40,0x01,0xff,0xd5,0x00,0x00,0x17,0xa0,0x00,0x00,0x00,0x00,0x00,0x00,0x00,0x00,
0x00,0x00,0x00,0x00,0x00,0x00,0x00,0x00,0x00,0x00,0x00,0x00,0x00,0x00,0x00,0x00,0x00,0x00,0x00,0x00,
0x00,0x00,0x00,0x00,0x00,0x00,
/* U+6BDB */
0x00,0x00,0x00,0x00,0x00,0x00,0x00,0x00,0x00,0x00,0x00,0x00,0x00,0x00,0x00,0x00,0x00,0x00,0x00,0x00,
0x00,0x00,0x00,0x00,0x00,0x00,0x00,0x00,0x00,0x00,0x00,0x00,0x00,0x00,0x00,0x00,0x00,0x00,0x00,0x00,
0x00,0x00,0x00,0x00,0x00,0x00,0x00,0x00,0x00,0x00,0x00,0x00,0x00,0x00,0x00,0x00,0x00,0x00,0x00,0x00,
0x00,0x25,0x8b,0xd0,0x00,0x00,0x00,0x02,0x45,0x68,0x9b,0xdf,0xff,0xc9,0x61,0x00,0x00,0x00,0x0b,0xff,
0xed,0xdf,0x95,0x20,0x00,0x00,0x00,0x00,0x00,0x00,0x00,0x00,0x3f,0x30,0x00,0x00,0x00,0x00,0x00,0x00,
0x00,0x00,0x00,0x3f,0x30,0x00,0x00,0x00,0x00,0x00,0x00,0x00,0x00,0x00,0x3f,0x64,0x67,0x9b,0xca,0x00,
0x00,0x00,0x03,0x8a,0xbd,0xff,0xff,0xfe,0xca,0x95,0x00,0x00,0x00,0x07,0xec,0xa8,0x9f,0x61,0x00,0x00,
0x00,0x00,0x00,0x00,0x00,0x00,0x00,0x3f,0x30,0x00,0x00,0x00,0x00,0x00,0x00,0x00,0x00,0x00,0x3f,0x30,
0x00,0x00,0x13,0x42,0x00,0x00,0x00,0x00,0x13,0x7f,0x99,0xac,0xef,0xff,0xf6,0x00,0x00,0xbc,0xef,0xff,
0xff,0xed,0xb9,0x86,0x53,0x10,0x00,0x00,0xb9,0x86,0x43,0x5f,0x30,0x00,0x00,0x00,0x00,0x00,0x00,0x00,
0x00,0x00,0x3f,0x30,0x00,0x00,0x00,0x41,0x00,0x00,0x00,0x00,0x00,0x3f,0x30,0x00,0x00,0x00,0xca,0x00,
0x00,0x00,0x00,0x00,0x3f,0x50,0x00,0x00,0x01,0xf7,0x00,0x00,0x00,0x00,0x00,0x0e,0xeb,0xaa,0xaa,0xbf,
0xf2,0x00,0x00,0x00,0x00,0x00,0x03,0x9b,0xbb,0xbb,0xb8,0x40,0x00,0x00,0x00,0x00,0x00,0x00,0x00,0x00,
0x00,0x00,0x00,0x00,0x00,0x00,0x00,0x00,0x00,0x00,0x00,0x00,0x00,0x00,0x00,0x00,0x00,0x00,0x00,0x00,
0x00,0x00,0x00,0x00,0x00,0x00,
/* U+6C14 */
0x00,0x00,0x00,0x00,0x00,0x00,0x00,0x00,0x00,0x00,0x00,0x00,0x00,0x00,0x00,0x00,0x00,0x00,0x00,0x00,
0x00,0x00,0x00,0x00,0x00,0x00,0x00,0x00,0x00,0x00,0x00,0x00,0x00,0x00,0x00,0x00,0x00,0x00,0x00,0x00,
0x00,0x00,0x00,0x00,0x00,0x00,0x00,0x51,0x00,0x00,0x00,0x00,0x00,0x00,0x00,0x00,0x00,0x06,0xf4,0x00,
0x00,0x00,0x00,0x00,0x00,0x00,0x00,0x00,0x0d,0xf8,0x88,0x88,0x88,0x88,0x88,0x40,0x00,0x00,0x00,0x6f,
0xee,0xee,0xee,0xee,0xee,0xee,0x70,0x00,0x00,0x01,0xea,0x00,0x00,0x00,0x00,0x00,0x00,0x00,0x00,0x00,
0x0c,0xd1,0x55,0x55,0x55,0x55,0x55,0x52,0x00,0x00,0x00,0x9f,0x21,0xff,0xff,0xff,0xff,0xff,0xf8,0x00,
0x00,0x00,0xa6,0x00,0x00,0x00,0x00,0x00,0x00,0x00,0x00,0x00,0x00,0x01,0x44,0x44,0x44,0x44,0x44,0x44,
0x10,0x00,0x00,0x00,0x05,0xff,0xff,0xff,0xff,0xff,0xff,0x40,0x00,0x00,0x00,0x00,0x11,0x11,0x11,0x11,
0x11,0x1f,0x40,0x00,0x00,0x00,0x00,0x00,0x00,0x00,0x00,0x00,0x0f,0x40,0x00,0x00,0x00,0x00,0x00,0x00,
0x00,0x00,0x00,0x0f,0x50,0x00,0x00,0x00,0x00,0x00,0x00,0x00,0x00,0x00,0x0e,0x50,0x00,0x00,0x00,0x00,
0x00,0x00,0x00,0x00,0x00,0x0d,0x60,0x0b,0x10,0x00,0x00,0x00,0x00,0x00,0x00,0x00,0x0b,0x90,0x3f,0x10,
0x00,0x00,0x00,0x00,0x00,0x00,0x00,0x08,0xd0,0x8d,0x00,0x00,0x00,0x00,0x00,0x00,0x00,0x00,0x03,0xfc,
0xf7,0x00,0x00,0x00,0x00,0x00,0x00,0x00,0x00,0x00,0x5d,0xb0,0x00,0x00,0x00,0x00,0x00,0x00,0x00,0x00,
0x00,0x00,0x00,0x00,0x00,0x00,0x00,0x00,0x00,0x00,0x00,0x00,0x00,0x00,0x00,0x00,0x00,0x00,0x00,0x00,
0x00,0x00,0x00,0x00,0x00,0x00,
/* U+6E7F */
0x00,0x00,0x00,0x00,0x00,0x00,0x00,0x00,0x00,0x00,0x00,0x00,0x00,0x00,0x00,0x00,0x00,0x00,0x00,0x00,
0x00,0x00,0x00,0x00,0x00,0x00,0x00,0x00,0x00,0x00,0x00,0x00,0x00,0x00,0x00,0x00,0x00,0x00,0x00,0x00,
0x00,0x00,0x00,0x00,0x00,0x00,0x00,0x00,0x00,0x00,0x00,0x00,0x00,0x00,0x00,0x00,0x2d,0x40,0x00,0x89,
0x99,0x99,0x99,0x99,0x40,0x00,0x00,0x0b,0xf5,0x00,0xdd,0xaa,0xaa,0xaa,0xae,0x70,0x00,0x00,0x00,0x9f,
0x60,0xd7,0x00,0x00,0x00,0x0d,0x70,0x00,0x00,0x00,0x09,0x60,0xd8,0x11,0x11,0x11,0x1d,0x70,0x00,0x00,
0x01,0x00,0x00,0xdf,0xff,0xff,0xff,0xff,0x70,0x00,0x00,0xad,0x20,0x00,0xd8,0x11,0x11,0x11,0x1d,0x70,
0x00,0x00,0x1d,0xe2,0x00,0xd7,0x00,0x00,0x00,0x0d,0x70,0x00,0x00,0x00,0xce,0x10,0xdd,0xbb,0xbb,0xbb,
0xbf,0x70,0x00,0x00,0x00,0x15,0x00,0x78,0x88,0x88,0x88,0x88,0x40,0x00,0x00,0x00,0x00,0x00,0x00,0x09,
0x30,0x65,0x00,0x00,0x00,0x00,0x00,0x93,0x07,0x20,0x0f,0x50,0xb9,0x00,0xa7,0x00,0x00,0x02,0xf5,0x0b,
0xb0,0x0f,0x50,0xb9,0x03,0xf4,0x00,0x00,0x07,0xf0,0x02,0xf5,0x0f,0x50,0xb9,0x0c,0xb0,0x00,0x00,0x0c,
0xb0,0x00,0x9e,0x0f,0x50,0xb9,0x5f,0x20,0x00,0x00,0x1f,0x70,0x00,0x1a,0x1f,0x50,0xb9,0x37,0x00,0x00,
0x00,0x7f,0x20,0x00,0x00,0x0f,0x50,0xb9,0x00,0x00,0x00,0x00,0xcd,0x00,0xcd,0xdd,0xdf,0xed,0xfe,0xdd,
0xdd,0x20,0x00,0x66,0x00,0x67,0x77,0x77,0x77,0x77,0x77,0x77,0x10,0x00,0x00,0x00,0x00,0x00,0x00,0x00,
0x00,0x00,0x00,0x00,0x00,0x00,0x00,0x00,0x00,0x00,0x00,0x00,0x00,0x00,0x00,0x00,0x00,0x00,0x00,0x00,
0x00,0x00,0x00,0x00,0x00,0x00,
/* U+7528 */
0x00,0x00,0x00,0x00,0x00,0x00,0x00,0x00,0x00,0x00,0x00,0x00,0x00,0x00,0x00,0x00,0x00,0x00,0x00,0x00,
0x00,0x00,0x00,0x00,0x00,0x00,0x00,0x00,0x00,0x00,0x00,0x00,0x00,0x00,0x00,0x00,0x00,0x00,0x00,0x00,
0x00,0x00,0x00,0x00,0x00,0x00,0x00,0x00,0x00,0x00,0x00,0x00,0x00,0x00,0x00,0x00,0x01,0x88,0x88,0x88,
0x88,0x88,0x88,0x88,0x60,0x00,0x00,0x02,0xfe,0xdd,0xdd,0xff,0xdd,0xdd,0xdf,0xb0,0x00,0x00,0x02,0xf4,
0x00,0x00,0xad,0x00,0x00,0x0b,0xb0,0x00,0x00,0x02,0xf4,0x00,0x00,0xad,0x00,0x00,0x0b,0xb0,0x00,0x00,
0x02,0xf4,0x00,0x00,0xad,0x00,0x00,0x0b,0xb0,0x00,0x00,0x02,0xfc,0xbb,0xbb,0xef,0xbb,0xbb,0xbe,0xb0,
0x00,0x00,0x02,0xfb,0xaa,0xaa,0xee,0xaa,0xaa,0xae,0xb0,0x00,0x00,0x02,0xf4,0x00,0x00,0xad,0x00,0x00,
0x0b,0xb0,0x00,0x00,0x02,0xf4,0x00,0x00,0xad,0x00,0x00,0x0b,0xb0,0x00,0x00,0x02,0xf4,0x00,0x00,0xad,
0x00,0x00,0x0b,0xb0,0x00,0x00,0x03,0xfe,0xdd,0xdd,0xff,0xdd,0xdd,0xdf,0xb0,0x00,0x00,0x06,0xf8,0x77,
0x77,0xde,0x77,0x77,0x7d,0xb0,0x00,0x00,0x08,0xf0,0x00,0x00,0xad,0x00,0x00,0x0b,0xb0,0x00,0x00,0x0a,
0xc0,0x00,0x00,0xad,0x00,0x00,0x0b,0xb0,0x00,0x00,0x1f,0x80,0x00,0x00,0xad,0x00,0x00,0x0b,0xb0,0x00,
0x00,0x8f,0x20,0x00,0x00,0xad,0x00,0x00,0x0e,0xa0,0x00,0x00,0xfa,0x00,0x00,0x00,0xad,0x00,0xcd,0xef,
0x50,0x00,0x00,0x62,0x00,0x00,0x00,0x34,0x00,0x68,0x83,0x00,0x00,0x00,0x00,0x00,0x00,0x00,0x00,0x00,
0x00,0x00,0x00,0x00,0x00,0x00,0x00,0x00,0x00,0x00,0x00,0x00,0x00,0x00,0x00,0x00,0x00,0x00,0x00,0x00,
0x00,0x00,0x00,0x00,0x00,0x00,
/* U+7C92 */
0x00,0x00,0x00,0x00,0x00,0x00,0x00,0x00,0x00,0x00,0x00,0x00,0x00,0x00,0x00,0x00,0x00,0x00,0x00,0x00,
0x00,0x00,0x00,0x00,0x00,0x00,0x00,0x00,0x00,0x00,0x00,0x00,0x00,0x00,0x00,0x00,0x00,0x00,0x00,0x00,
0x00,0x00,0x00,0x00,0x00,0x00,0x03,0x30,0x00,0x00,0x01,0x30,0x00,0x00,0x00,0x00,0x00,0x0c,0xa0,0x00,
0x00,0x08,0xf0,0x00,0x00,0x00,0x00,0x54,0x0c,0xa0,0xb5,0x00,0x03,0xf4,0x00,0x00,0x00,0x00,0x99,0x0c,
0xa0,0xf2,0x11,0x12,0xf9,0x11,0x11,0x00,0x00,0x5c,0x0c,0xa2,0xf0,0xff,0xff,0xff,0xff,0xf9,0x00,0x00,
0x1f,0x0c,0xa5,0xc0,0x34,0x44,0x44,0x44,0x42,0x00,0x00,0x08,0x1c,0xa2,0x50,0x00,0x00,0x00,0x04,0x10,
0x00,0x00,0x23,0x3d,0xb3,0x31,0x0e,0x60,0x00,0x0e,0x80,0x00,0x00,0xcf,0xff,0xff,0xf6,0x0d,0x90,0x00,
0x1f,0x50,0x00,0x00,0x00,0x2f,0xa0,0x00,0x0a,0xc0,0x00,0x4f,0x20,0x00,0x00,0x00,0x7f,0xf4,0x00,0x07,
0xf0,0x00,0x7f,0x00,0x00,0x00,0x00,0xed,0xce,0x30,0x04,0xf2,0x00,0xac,0x00,0x00,0x00,0x08,0x8c,0xa5,
0xe2,0x01,0xf5,0x00,0xd9,0x00,0x00,0x00,0x4e,0x1c,0xa0,0xa9,0x00,0xe7,0x01,0xf5,0x00,0x00,0x00,0xe7,
0x0c,0xa0,0x11,0x00,0xba,0x05,0xf1,0x00,0x00,0x00,0xb0,0x0c,0xa0,0x00,0x00,0x66,0x09,0xd0,0x00,0x00,
0x00,0x00,0x0c,0xa0,0x02,0x44,0x44,0x4e,0xb4,0x44,0x00,0x00,0x00,0x0c,0xa0,0x07,0xff,0xff,0xff,0xff,
0xff,0x00,0x00,0x00,0x0c,0xa0,0x00,0x11,0x11,0x11,0x11,0x11,0x00,0x00,0x00,0x00,0x00,0x00,0x00,0x00,
0x00,0x00,0x00,0x00,0x00,0x00,0x00,0x00,0x00,0x00,0x00,0x00,0x00,0x00,0x00,0x00,0x00,0x00,0x00,0x00,
0x00,0x00,0x00,0x00,0x00,0x00,
/* U+7EDC */
0x00,0x00,0x00,0x00,0x00,0x00,0x00,0x00,0x00,0x00,0x00,0x00,0x00,0x00,0x00,0x00,0x00,0x00,0x00,0x00,
0x00,0x00,0x00,0x00,0x00,0x00,0x00,0x00,0x00,0x00,0x00,0x00,0x00,0x00,0x00,0x00,0x00,0x00,0x00,0x00,
0x00,0x00,0x00,0x00,0x00,0x00,0x02,0x00,0x00,0x00,0x41,0x00,0x00,0x00,0x00,0x00,0x00,0x0d,0xa0,0x00,
0x02,0xf6,0x00,0x00,0x00,0x00,0x00,0x00,0x3f,0x30,0x00,0x0a,0xf9,0x88,0x88,0x40,0x00,0x00,0x00,0xac,
0x00,0x00,0x2f,0xdb,0xbb,0xcf,0x60,0x00,0x00,0x01,0xf5,0x01,0x01,0xef,0x40,0x00,0xbd,0x00,0x00,0x00,
0x09,0xd0,0x0e,0x9d,0xeb,0xe1,0x08,0xf5,0x00,0x00,0x00,0x2f,0x40,0x6f,0x2d,0x20,0xcc,0x6f,0x80,0x00,
0x00,0x00,0xcf,0xcf,0xf7,0x00,0x00,0x2f,0xfa,0x00,0x00,0x00,0x00,0x79,0x6a,0xe0,0x00,0x02,0xcf,0xee,
0x60,0x00,0x00,0x00,0x00,0x1f,0x50,0x02,0x9f,0xd3,0x09,0xfd,0x61,0x00,0x00,0x00,0xab,0x00,0x7f,0xe7,
0x00,0x00,0x3a,0xff,0x10,0x00,0x06,0xf1,0x27,0x85,0x68,0x88,0x88,0x88,0x43,0x00,0x00,0x4f,0xde,0xfc,
0x60,0xbe,0xdd,0xdd,0xdf,0x70,0x00,0x00,0x5c,0x84,0x00,0x00,0xba,0x00,0x00,0x0e,0x70,0x00,0x00,0x00,
0x00,0x00,0x00,0xba,0x00,0x00,0x0e,0x70,0x00,0x00,0x00,0x00,0x27,0xc0,0xba,0x00,0x00,0x0e,0x70,0x00,
0x00,0x37,0xbe,0xfe,0x90,0xbb,0x44,0x44,0x4e,0x70,0x00,0x00,0xbf,0xb8,0x30,0x00,0xbf,0xff,0xff,0xff,
0x70,0x00,0x00,0x10,0x00,0x00,0x00,0xa9,0x00,0x00,0x0c,0x60,0x00,0x00,0x00,0x00,0x00,0x00,0x00,0x00,
0x00,0x00,0x00,0x00,0x00,0x00,0x00,0x00,0x00,0x00,0x00,0x00,0x00,0x00,0x00,0x00,0x00,0x00,0x00,0x00,
0x00,0x00,0x00,0x00,0x00,0x00,
/* U+7F51 */
0x00,0x00,0x00,0x00,0x00,0x00,0x00,0x00,0x00,0x00,0x00,0x00,0x00,0x00,0x00,0x00,0x00,0x00,0x00,0x00,
0x00,0x00,0x00,0x00,0x00,0x00,0x00,0x00,0x00,0x00,0x00,0x00,0x00,0x00,0x00,0x00,0x00,0x00,0x00,0x00,
0x00,0x00,0x00,0x00,0x00,0x00,0x00,0x00,0x00,0x00,0x00,0x00,0x00,0x00,0x00,0x00,0x08,0x88,0x88,0x88,
0x88,0x88,0x88,0x88,0x80,0x00,0x00,0x0f,0xed,0xdd,0xdd,0xdd,0xdd,0xdd,0xde,0xf0,0x00,0x00,0x0f,0x70,
0x00,0x00,0x00,0x00,0x00,0x07,0xf0,0x00,0x00,0x0f,0x70,0x00,0x1b,0x20,0x00,0x2a,0x17,0xf0,0x00,0x00,
0x0f,0x70,0x00,0x4f,0x00,0x00,0x5f,0x07,0xf0,0x00,0x00,0x0f,0x8d,0x30,0x8d,0x1a,0x00,0x9c,0x07,0xf0,
0x00,0x00,0x0f,0x7a,0xe1,0xb9,0x1e,0x90,0xc8,0x07,0xf0,0x00,0x00,0x0f,0x70,0xcc,0xe5,0x04,0xf6,0xf4,
0x07,0xf0,0x00,0x00,0x0f,0x70,0x1e,0xf2,0x00,0x8f,0xf1,0x07,0xf0,0x00,0x00,0x0f,0x70,0x09,0xf5,0x00,
0x0d,0xe0,0x07,0xf0,0x00,0x00,0x0f,0x70,0x0e,0xee,0x10,0x2f,0xf6,0x07,0xf0,0x00,0x00,0x0f,0x70,0x5f,
0x2d,0xb0,0xaf,0x8f,0x17,0xf0,0x00,0x00,0x0f,0x70,0xda,0x03,0xf5,0xf9,0x0d,0xa7,0xf0,0x00,0x00,0x0f,
0x76,0xf3,0x00,0x2b,0xf1,0x04,0xf8,0xf0,0x00,0x00,0x0f,0x7d,0x90,0x00,0x3f,0x70,0x00,0x17,0xf0,0x00,
0x00,0x0f,0x73,0x10,0x00,0x2b,0x00,0x00,0x07,0xf0,0x00,0x00,0x0f,0x70,0x00,0x00,0x00,0x00,0x17,0x7d,
0xd0,0x00,0x00,0x0f,0x60,0x00,0x00,0x00,0x00,0x0d,0xec,0x40,0x00,0x00,0x00,0x00,0x00,0x00,0x00,0x00,
0x00,0x00,0x00,0x00,0x00,0x00,0x00,0x00,0x00,0x00,0x00,0x00,0x00,0x00,0x00,0x00,0x00,0x00,0x00,0x00,
0x00,0x00,0x00,0x00,0x00,0x00,
/* U+83B7 */
0x00,0x00,0x00,0x00,0x00,0x00,0x00,0x00,0x00,0x00,0x00,0x00,0x00,0x00,0x00,0x00,0x00,0x00,0x00,0x00,
0x00,0x00,0x00,0x00,0x00,0x00,0x00,0x00,0x00,0x00,0x00,0x00,0x00,0x00,0x00,0x00,0x00,0x00,0x00,0x00,
0x00,0x00,0x00,0x00,0x00,0x00,0x00,0x07,0x20,0x00,0x02,0x70,0x00,0x00,0x00,0x00,0x00,0x00,0x1f,0x50,
0x00,0x05,0xf1,0x00,0x00,0x00,0x00,0xac,0xcc,0xdf,0xdc,0xcc,0xcd,0xfd,0xcc,0xca,0x00,0x00,0x67,0x77,
0x8f,0xa7,0x77,0x7a,0xf8,0x77,0x76,0x00,0x00,0x00,0x00,0x1f,0x50,0x00,0x05,0xf1,0x00,0x00,0x00,0x00,
0x02,0x10,0x03,0x20,0x00,0x03,0x60,0x84,0x00,0x00,0x00,0x0c,0xe3,0x2f,0xa0,0x00,0x07,0xf0,0x8f,0x30,
0x00,0x00,0x01,0xbf,0xec,0x00,0x00,0x08,0xe0,0x0a,0xe0,0x00,0x00,0x00,0x7f,0xf1,0x00,0x00,0x08,0xe0,
0x01,0x40,0x00,0x00,0x4d,0xf9,0xf4,0x0a,0xff,0xff,0xff,0xff,0xf8,0x00,0x00,0xbc,0x20,0xba,0x03,0x44,
0x4c,0xf6,0x44,0x42,0x00,0x00,0x00,0x00,0xbf,0x00,0x00,0x0e,0xf8,0x00,0x00,0x00,0x00,0x00,0x0b,0xff,
0x10,0x00,0x2f,0xbe,0x00,0x00,0x00,0x00,0x06,0xeb,0x2f,0x30,0x00,0x9d,0x0e,0x60,0x00,0x00,0x00,0x8f,
0x70,0x0f,0x50,0x02,0xf5,0x08,0xd0,0x00,0x00,0x00,0x13,0x00,0x1f,0x40,0x0c,0xe0,0x01,0xfb,0x00,0x00,
0x00,0x00,0x00,0x3f,0x30,0x9f,0x30,0x00,0x4f,0xb0,0x00,0x00,0x02,0x66,0xde,0x09,0xf4,0x00,0x00,0x05,
0xfa,0x00,0x00,0x01,0xde,0xa4,0x08,0x50,0x00,0x00,0x00,0x56,0x00,0x00,0x00,0x00,0x00,0x00,0x00,0x00,
0x00,0x00,0x00,0x00,0x00,0x00,0x00,0x00,0x00,0x00,0x00,0x00,0x00,0x00,0x00,0x00,0x00,0x00,0x00,0x00,
0x00,0x00,0x00,0x00,0x00,0x00,
/* U+8D25 */
0x00,0x00,0x00,0x00,0x00,0x00,0x00,0x00,0x00,0x00,0x00,0x00,0x00,0x00,0x00,0x00,0x00,0x00,0x00,0x00,
0x00,0x00,0x00,0x00,0x00,0x00,0x00,0x00,0x00,0x00,0x00,0x00,0x00,0x00,0x00,0x00,0x00,0x00,0x00,0x00,
0x00,0x00,0x00,0x00,0x00,0x00,0x00,0x00,0x00,0x00,0x05,0x20,0x00,0x00,0x00,0x00,0x38,0x88,0x88,0x88,
0x00,0x0f,0x60,0x00,0x00,0x00,0x00,0x5f,0xcc,0xcc,0xdf,0x00,0x4f,0x30,0x00,0x00,0x00,0x00,0x5f,0x00,
0x00,0x4f,0x00,0x7f,0x43,0x33,0x33,0x00,0x00,0x5f,0x03,0xa0,0x4f,0x00,0xaf,0xff,0xff,0xfd,0x00,0x00,
0x5f,0x04,0xf0,0x4f,0x00,0xe8,0x22,0x2d,0x91,0x00,0x00,0x5f,0x04,0xf0,0x4f,0x07,0xf8,0x00,0x0e,0x60,
0x00,0x00,0x5f,0x04,0xf0,0x4f,0x1e,0xfb,0x00,0x0f,0x40,0x00,0x00,0x5f,0x04,0xf0,0x4f,0x7f,0x7f,0x00,
0x2f,0x20,0x00,0x00,0x5f,0x04,0xf0,0x4f,0x26,0x1f,0x20,0x5f,0x00,0x00,0x00,0x5f,0x04,0xf0,0x4f,0x00,
0x0c,0x90,0xac,0x00,0x00,0x00,0x5f,0x06,0xe0,0x4f,0x00,0x07,0xf1,0xf6,0x00,0x00,0x00,0x5f,0x07,0xc0,
0x4f,0x00,0x00,0xec,0xf0,0x00,0x00,0x00,0x5f,0x0a,0xa0,0x4f,0x00,0x00,0x8f,0x90,0x00,0x00,0x00,0x00,
0x0f,0x62,0x00,0x00,0x00,0x8f,0xc1,0x00,0x00,0x00,0x00,0x8f,0x2f,0x80,0x00,0x05,0xf9,0xfd,0x10,0x00,
0x00,0x05,0xf8,0x06,0xf6,0x00,0x6f,0x60,0x4f,0xd2,0x00,0x00,0xaf,0xb0,0x00,0x9f,0x49,0xf6,0x00,0x03,
0xee,0x10,0x00,0x86,0x00,0x00,0x0a,0x17,0x50,0x00,0x00,0x3a,0x00,0x00,0x00,0x00,0x00,0x00,0x00,0x00,
0x00,0x00,0x00,0x00,0x00,0x00,0x00,0x00,0x00,0x00,0x00,0x00,0x00,0x00,0x00,0x00,0x00,0x00,0x00,0x00,
0x00,0x00,0x00,0x00,0x00,0x00,
/* U+8F7D */
0x00,0x00,0x00,0x00,0x00,0x00,0x00,0x00,0x00,0x00,0x00,0x00,0x00,0x00,0x00,0x00,0x00,0x00,0x00,0x00,
0x00,0x00,0x00,0x00,0x00,0x00,0x00,0x00,0x00,0x00,0x00,0x00,0x00,0x00,0x00,0x00,0x00,0x00,0x00,0x00,
0x00,0x00,0x00,0x00,0x00,0x00,0x00,0x05,0x30,0x00,0x05,0x40,0x00,0x00,0x00,0x00,0x00,0x00,0x0d,0x80,
0x00,0x0c,0xa2,0xe3,0x00,0x00,0x00,0x08,0xbb,0xbf,0xdb,0xbb,0x1b,0xa0,0xae,0x10,0x00,0x00,0x07,0x99,
0x9f,0xd9,0x99,0x1b,0xb0,0x0d,0xb0,0x00,0x00,0x00,0x00,0x0d,0x80,0x00,0x0a,0xb0,0x02,0x20,0x00,0x00,
0x78,0x88,0x8f,0xc8,0x88,0x8d,0xe8,0x88,0x86,0x00,0x00,0x9b,0xbb,0xbb,0xbb,0xbb,0xbe,0xfb,0xbb,0xb9,
0x00,0x00,0x00,0x00,0xb3,0x00,0x00,0x07,0xe0,0x01,0x00,0x00,0x00,0x15,0x58,0xf6,0x55,0x55,0x15,0xf0,
0x0d,0x80,0x00,0x00,0x3f,0xff,0xff,0xff,0xff,0x33,0xf1,0x3f,0x50,0x00,0x00,0x00,0x5f,0x20,0x20,0x00,
0x01,0xf3,0x8f,0x00,0x00,0x00,0x00,0xe9,0x06,0xf0,0x00,0x00,0xe6,0xea,0x00,0x00,0x00,0x07,0xfa,0x9b,
0xf9,0x99,0x00,0xad,0xf4,0x00,0x00,0x00,0x03,0xaa,0xac,0xfa,0xaa,0x00,0x6f,0xc0,0x00,0x00,0x00,0x00,
0x00,0x06,0xf0,0x00,0x00,0x6f,0x50,0x28,0x00,0x00,0x04,0x56,0x7b,0xfc,0xef,0x23,0xff,0xa0,0x5f,0x00,
0x00,0x0f,0xfe,0xdd,0xf8,0x64,0x4e,0xc4,0xf3,0x9b,0x00,0x00,0x00,0x00,0x06,0xf0,0x07,0xfc,0x10,0x8f,
0xf6,0x00,0x00,0x00,0x00,0x05,0xf0,0x06,0x80,0x00,0x07,0x90,0x00,0x00,0x00,0x00,0x00,0x00,0x00,0x00,
0x00,0x00,0x00,0x00,0x00,0x00,0x00,0x00,0x00,0x00,0x00,0x00,0x00,0x00,0x00,0x00,0x00,0x00,0x00,0x00,
0x00,0x00,0x00,0x00,0x00,0x00,
/* U+95F4 */
0x00,0x00,0x00,0x00,0x00,0x00,0x00,0x00,0x00,0x00,0x00,0x00,0x00,0x00,0x00,0x00,0x00,0x00,0x00,0x00,
0x00,0x00,0x00,0x00,0x00,0x00,0x00,0x00,0x00,0x00,0x00,0x00,0x00,0x00,0x00,0x00,0x00,0x00,0x00,0x00,
0x00,0x00,0x00,0x00,0x00,0x00,0x05,0x00,0x00,0x00,0x00,0x00,0x00,0x00,0x00,0x00,0x00,0x2f,0x90,0x00,
0x55,0x55,0x55,0x55,0x50,0x00,0x00,0x00,0x07,0xf3,0x02,0xff,0xff,0xff,0xff,0xf0,0x00,0x00,0x00,0x00,
0xcd,0x00,0x00,0x00,0x00,0x06,0xf0,0x00,0x00,0x0f,0x60,0x28,0x00,0x00,0x00,0x00,0x06,0xf0,0x00,0x00,
0x0f,0x60,0x00,0x00,0x00,0x00,0x00,0x06,0xf0,0x00,0x00,0x0f,0x60,0x0c,0xee,0xee,0xee,0xa0,0x06,0xf0,
0x00,0x00,0x0f,0x60,0x0e,0xa5,0x55,0x5c,0xb0,0x06,0xf0,0x00,0x00,0x0f,0x60,0x0e,0x70,0x00,0x09,0xb0,
0x06,0xf0,0x00,0x00,0x0f,0x60,0x0e,0x70,0x00,0x09,0xb0,0x06,0xf0,0x00,0x00,0x0f,0x60,0x0e,0xfe,0xee,
0xef,0xb0,0x06,0xf0,0x00,0x00,0x0f,0x60,0x0e,0xa6,0x66,0x6c,0xb0,0x06,0xf0,0x00,0x00,0x0f,0x60,0x0e,
0x70,0x00,0x09,0xb0,0x06,0xf0,0x00,0x00,0x0f,0x60,0x0e,0x70,0x00,0x09,0xb0,0x06,0xf0,0x00,0x00,0x0f,
0x60,0x0e,0xfe,0xee,0xef,0xb0,0x06,0xf0,0x00,0x00,0x0f,0x60,0x05,0x66,0x66,0x66,0x40,0x06,0xf0,0x00,
0x00,0x0f,0x60,0x00,0x00,0x00,0x00,0x00,0x07,0xf0,0x00,0x00,0x0f,0x60,0x00,0x00,0x00,0x00,0x07,0x7e,
0xb0,0x00,0x00,0x0f,0x60,0x00,0x00,0x00,0x00,0x0b,0xda,0x30,0x00,0x00,0x00,0x00,0x00,0x00,0x00,0x00,
0x00,0x00,0x00,0x00,0x00,0x00,0x00,0x00,0x00,0x00,0x00,0x00,0x00,0x00,0x00,0x00,0x00,0x00,0x00,0x00,
0x00,0x00,0x00,0x00,0x00,0x00,
/* U+9634 */
0x00,0x00,0x00,0x00,0x00,0x00,0x00,0x00,0x00,0x00,0x00,0x00,0x00,0x00,0x00,0x00,0x00,0x00,0x00,0x00,
0x00,0x00,0x00,0x00,0x00,0x00,0x00,0x00,0x00,0x00,0x00,0x00,0x00,0x00,0x00,0x00,0x00,0x00,0x00,0x00,
0x00,0x00,0x00,0x00,0x00,0x00,0x00,0x00,0x00,0x00,0x00,0x00,0x00,0x00,0x00,0x00,0x28,0x88,0x88,0x83,
0x18,0x88,0x88,0x88,0x80,0x00,0x00,0x4f,0xdc,0xcd,0xf5,0x3f,0xed,0xdd,0xde,0xf0,0x00,0x00,0x4f,0x10,
0x05,0xf1,0x3f,0x20,0x00,0x06,0xf0,0x00,0x00,0x4f,0x10,0x0b,0xb0,0x3f,0x20,0x00,0x06,0xf0,0x00,0x00,
0x4f,0x10,0x1f,0x50,0x3f,0x20,0x00,0x06,0xf0,0x00,0x00,0x4f,0x10,0x6f,0x00,0x3f,0xba,0xaa,0xac,0xf0,
0x00,0x00,0x4f,0x10,0xca,0x00,0x3f,0xba,0xaa,0xac,0xf0,0x00,0x00,0x4f,0x10,0xf7,0x00,0x3f,0x20,0x00,
0x06,0xf0,0x00,0x00,0x4f,0x10,0x9e,0x00,0x3f,0x20,0x00,0x06,0xf0,0x00,0x00,0x4f,0x10,0x1f,0x60,0x4f,
0x20,0x00,0x06,0xf0,0x00,0x00,0x4f,0x10,0x0b,0xb0,0x6f,0xcc,0xcc,0xcd,0xf0,0x00,0x00,0x4f,0x10,0x08,
0xe0,0x8f,0x99,0x99,0x9b,0xf0,0x00,0x00,0x4f,0x10,0x09,0xe0,0xac,0x00,0x00,0x06,0xf0,0x00,0x00,0x4f,
0x3a,0xcf,0x80,0xd8,0x00,0x00,0x06,0xf0,0x00,0x00,0x4f,0x1a,0x95,0x04,0xf5,0x00,0x00,0x06,0xf0,0x00,
0x00,0x4f,0x10,0x00,0x0b,0xf0,0x00,0x00,0x06,0xf0,0x00,0x00,0x4f,0x10,0x00,0x3f,0x70,0x00,0x18,0x8d,
0xe0,0x00,0x00,0x4f,0x10,0x00,0x2c,0x00,0x00,0x0c,0xdb,0x50,0x00,0x00,0x00,0x00,0x00,0x00,0x00,0x00,
0x00,0x00,0x00,0x00,0x00,0x00,0x00,0x00,0x00,0x00,0x00,0x00,0x00,0x00,0x00,0x00,0x00,0x00,0x00,0x00,
0x00,0x00,0x00,0x00,0x00,0x00,
/* U+9635 */
0x00,0x00,0x00,0x00,0x00,0x00,0x00,0x00,0x00,0x00,0x00,0x00,0x00,0x00,0x00,0x00,0x00,0x00,0x00,0x00,
0x00,0x00,0x00,0x00,0x00,0x00,0x00,0x00,0x00,0x00,0x00,0x00,0x00,0x00,0x00,0x00,0x00,0x00,0x00,0x00,
0x00,0x00,0x00,0x00,0x00,0x00,0x00,0x00,0x00,0x00,0x11,0x00,0x00,0x00,0x00,0x00,0x02,0x22,0x22,0x00,
0x00,0x8f,0x00,0x00,0x00,0x00,0x00,0x6f,0xff,0xff,0x00,0x00,0xca,0x00,0x00,0x00,0x00,0x00,0x6f,0x33,
0x9e,0x08,0x89,0xfc,0x88,0x88,0x84,0x00,0x00,0x6f,0x00,0xc9,0x1c,0xce,0xfc,0xcc,0xcc,0xc6,0x00,0x00,
0x6f,0x01,0xf3,0x00,0x0d,0x90,0x00,0x00,0x00,0x00,0x00,0x6f,0x06,0xe0,0x00,0x4f,0x20,0xd6,0x00,0x00,
0x00,0x00,0x6f,0x0b,0x90,0x00,0xca,0x00,0xe7,0x00,0x00,0x00,0x00,0x6f,0x0f,0x60,0x05,0xf3,0x00,0xe7,
0x00,0x00,0x00,0x00,0x6f,0x0a,0xc0,0x09,0xff,0xff,0xff,0xff,0xf0,0x00,0x00,0x6f,0x01,0xf5,0x02,0x55,
0x55,0xfa,0x55,0x50,0x00,0x00,0x6f,0x00,0xaa,0x00,0x00,0x00,0xe7,0x00,0x00,0x00,0x00,0x6f,0x00,0x7e,
0x00,0x00,0x00,0xe7,0x00,0x00,0x00,0x00,0x6f,0x00,0x7e,0x2f,0xff,0xff,0xff,0xff,0xfe,0x00,0x00,0x6f,
0x5d,0xfa,0x05,0x55,0x55,0xfa,0x55,0x54,0x00,0x00,0x6f,0x29,0x60,0x00,0x00,0x00,0xe7,0x00,0x00,0x00,
0x00,0x6f,0x00,0x00,0x00,0x00,0x00,0xe7,0x00,0x00,0x00,0x00,0x6f,0x00,0x00,0x00,0x00,0x00,0xe7,0x00,
0x00,0x00,0x00,0x5f,0x00,0x00,0x00,0x00,0x00,0xc6,0x00,0x00,0x00,0x00,0x00,0x00,0x00,0x00,0x00,0x00,
0x00,0x00,0x00,0x00,0x00,0x00,0x00,0x00,0x00,0x00,0x00,0x00,0x00,0x00,0x00,0x00,0x00,0x00,0x00,0x00,
0x00,0x00,0x00,0x00,0x00,0x00,
/* U+96E8 */
0x00,0x00,0x00,0x00,0x00,0x00,0x00,0x00,0x00,0x00,0x00,0x00,0x00,0x00,0x00,0x00,0x00,0x00,0x00,0x00,
0x00,0x00,0x00,0x00,0x00,0x00,0x00,0x00,0x00,0x00,0x00,0x00,0x00,0x00,0x00,0x00,0x00,0x00,0x00,0x00,
0x00,0x00,0x00,0x00,0x00,0x00,0x00,0x00,0x00,0x00,0x00,0x00,0x00,0x00,0x00,0x00,0x78,0x88,0x88,0x88,
0x88,0x88,0x88,0x88,0x87,0x00,0x00,0xce,0xee,0xee,0xee,0xff,0xee,0xee,0xee,0xec,0x00,0x00,0x00,0x00,
0x00,0x00,0xbb,0x00,0x00,0x00,0x00,0x00,0x00,0x00,0x00,0x00,0x00,0xbb,0x00,0x00,0x00,0x00,0x00,0x00,
0x0a,0xaa,0xaa,0xaa,0xee,0xaa,0xaa,0xaa,0x90,0x00,0x00,0x0e,0xdb,0xbb,0xbb,0xee,0xbb,0xbb,0xbd,0xd0,
0x00,0x00,0x0e,0x70,0x00,0x00,0xbb,0x00,0x00,0x08,0xd0,0x00,0x00,0x0e,0x70,0x60,0x00,0xbb,0x06,0x00,
0x08,0xd0,0x00,0x00,0x0e,0x73,0xfd,0x40,0xbb,0x3f,0xc3,0x08,0xd0,0x00,0x00,0x0e,0x70,0x1a,0xf4,0xbb,
0x02,0xbf,0x58,0xd0,0x00,0x00,0x0e,0x70,0x00,0x30,0xbb,0x00,0x06,0x08,0xd0,0x00,0x00,0x0e,0x71,0x50,
0x00,0xbb,0x03,0x00,0x08,0xd0,0x00,0x00,0x0e,0x75,0xfb,0x20,0xbb,0x3f,0x91,0x08,0xd0,0x00,0x00,0x0e,
0x70,0x3d,0xf2,0xbb,0x04,0xee,0x38,0xd0,0x00,0x00,0x0e,0x70,0x00,0x50,0xbb,0x00,0x19,0x18,0xd0,0x00,
0x00,0x0e,0x70,0x00,0x00,0xbb,0x00,0x00,0x09,0xd0,0x00,0x00,0x0e,0x70,0x00,0x00,0xbb,0x00,0x46,0x6e,
0xb0,0x00,0x00,0x0e,0x70,0x00,0x00,0x88,0x00,0x5e,0xec,0x30,0x00,0x00,0x00,0x00,0x00,0x00,0x00,0x00,
0x00,0x00,0x00,0x00,0x00,0x00,0x00,0x00,0x00,0x00,0x00,0x00,0x00,0x00,0x00,0x00,0x00,0x00,0x00,0x00,
0x00,0x00,0x00,0x00,0x00,0x00,
/* U+96EA */
0x00,0x00,0x00,0x00,0x00,0x00,0x00,0x00,0x00,0x00,0x00,0x00,0x00,0x00,0x00,0x00,0x00,0x00,0x00,0x00,
0x00,0x00,0x00,0x00,0x00,0x00,0x00,0x00,0x00,0x00,0x00,0x00,0x00,0x00,0x00,0x00,0x00,0x00,0x00,0x00,
0x00,0x00,0x00,0x00,0x00,0x00,0x00,0x00,0x00,0x00,0x00,0x00,0x00,0x00,0x00,0x00,0x04,0xaa,0xaa,0xaa,
0xaa,0xaa,0xaa,0xaa,0x30,0x00,0x00,0x03,0x88,0x88,0x88,0xdd,0x88,0x88,0x88,0x20,0x00,0x00,0x00,0x00,
0x00,0x00,0xbb,0x00,0x00,0x00,0x00,0x00,0x00,0x5f,0xff,0xff,0xff,0xff,0xff,0xff,0xff,0xf5,0x00,0x00,
0x5f,0x21,0x11,0x11,0xbb,0x11,0x11,0x12,0xf5,0x00,0x00,0x5f,0x08,0x88,0x81,0xbb,0x18,0x88,0x80,0xf5,
0x00,0x00,0x5f,0x06,0x77,0x71,0xbb,0x17,0x77,0x60,0xf5,0x00,0x00,0x26,0x05,0x55,0x51,0xbb,0x15,0x55,
0x50,0x62,0x00,0x00,0x00,0x09,0xaa,0xa2,0xbb,0x2a,0xaa,0xa0,0x00,0x00,0x00,0x00,0x00,0x00,0x00,0x00,
0x00,0x00,0x00,0x00,0x00,0x00,0x00,0xbd,0xdd,0xdd,0xdd,0xdd,0xdd,0xd8,0x00,0x00,0x00,0x00,0x56,0x66,
0x66,0x66,0x66,0x66,0xd9,0x00,0x00,0x00,0x00,0x00,0x00,0x00,0x00,0x00,0x00,0xc9,0x00,0x00,0x00,0x00,
0x3f,0xff,0xff,0xff,0xff,0xff,0xf9,0x00,0x00,0x00,0x00,0x14,0x44,0x44,0x44,0x44,0x44,0xd9,0x00,0x00,
0x00,0x00,0x00,0x00,0x00,0x00,0x00,0x00,0xc9,0x00,0x00,0x00,0x00,0xbe,0xee,0xee,0xee,0xee,0xee,0xf9,
0x00,0x00,0x00,0x00,0x45,0x55,0x55,0x55,0x55,0x55,0xd9,0x00,0x00,0x00,0x00,0x00,0x00,0x00,0x00,0x00,
0x00,0x10,0x00,0x00,0x00,0x00,0x00,0x00,0x00,0x00,0x00,0x00,0x00,0x00,0x00,0x00,0x00,0x00,0x00,0x00,
0x00,0x00,0x00,0x00,0x00,0x00,
/* U+96F7 */
0x00,0x00,0x00,0x00,0x00,0x00,0x00,0x00,0x00,0x00,0x00,0x00,0x00,0x00,0x00,0x00,0x00,0x00,0x00,0x00,
0x00,0x00,0x00,0x00,0x00,0x00,0x00,0x00,0x00,0x00,0x00,0x00,0x00,0x00,0x00,0x00,0x00,0x00,0x00,0x00,
0x00,0x00,0x00,0x00,0x00,0x00,0x00,0x00,0x00,0x00,0x00,0x00,0x00,0x00,0x00,0x00,0x05,0xaa,0xaa,0xaa,
0xaa,0xaa,0xaa,0xaa,0x50,0x00,0x00,0x04,0x88,0x88,0x88,0xed,0x88,0x88,0x88,0x40,0x00,0x00,0x12,0x22,
0x22,0x22,0xcb,0x22,0x22,0x22,0x21,0x00,0x00,0x7f,0xff,0xff,0xff,0xff,0xff,0xff,0xff,0xf7,0x00,0x00,
0x7e,0x00,0x00,0x00,0xba,0x00,0x00,0x00,0xe7,0x00,0x00,0x7e,0x0a,0xbb,0xb2,0xba,0x2b,0xbb,0x90,0xe7,
0x00,0x00,0x6c,0x04,0x44,0x40,0xba,0x14,0x44,0x30,0xc6,0x00,0x00,0x00,0x09,0xaa,0xa2,0xba,0x2a,0xaa,
0x90,0x00,0x00,0x00,0x00,0x04,0x55,0x51,0x44,0x15,0x55,0x40,0x00,0x00,0x00,0x00,0x66,0x66,0x66,0x66,
0x66,0x66,0x66,0x00,0x00,0x00,0x01,0xfd,0xcc,0xcc,0xfe,0xcc,0xcc,0xdf,0x00,0x00,0x00,0x01,0xf4,0x00,
0x00,0xba,0x00,0x00,0x5f,0x00,0x00,0x00,0x01,0xf6,0x33,0x33,0xcb,0x33,0x33,0x7f,0x00,0x00,0x00,0x01,
0xff,0xff,0xff,0xff,0xff,0xff,0xff,0x00,0x00,0x00,0x01,0xf4,0x00,0x00,0xba,0x00,0x00,0x5f,0x00,0x00,
0x00,0x01,0xf6,0x22,0x22,0xbb,0x22,0x22,0x6f,0x00,0x00,0x00,0x01,0xff,0xff,0xff,0xff,0xff,0xff,0xff,
0x00,0x00,0x00,0x01,0xf5,0x00,0x00,0x00,0x00,0x00,0x6f,0x00,0x00,0x00,0x00,0x00,0x00,0x00,0x00,0x00,
0x00,0x00,0x00,0x00,0x00,0x00,0x00,0x00,0x00,0x00,0x00,0x00,0x00,0x00,0x00,0x00,0x00,0x00,0x00,0x00,
0x00,0x00,0x00,0x00,0x00,0x00,
/* U+96F9 */
0x00,0x00,0x00,0x00,0x00,0x00,0x00,0x00,0x00,0x00,0x00,0x00,0x00,0x00,0x00,0x00,0x00,0x00,0x00,0x00,
0x00,0x00,0x00,0x00,0x00,0x00,0x00,0x00,0x00,0x00,0x00,0x00,0x00,0x00,0x00,0x00,0x00,0x00,0x00,0x00,
0x00,0x00,0x00,0x00,0x00,0x00,0x00,0x00,0x00,0x00,0x00,0x00,0x00,0x00,0x00,0x00,0x04,0xbb,0xbb,0xbb,
0xbb,0xbb,0xbb,0xbb,0x40,0x00,0x00,0x02,0x77,0x77,0x77,0xdd,0x77,0x77,0x77,0x20,0x00,0x00,0x15,0x55,
0x55,0x55,0xcc,0x55,0x55,0x55,0x51,0x00,0x00,0x2f,0xcb,0xbb,0xbb,0xee,0xbb,0xbb,0xbc,0xf2,0x00,0x00,
0x2f,0x22,0x33,0x31,0xaa,0x04,0x44,0x32,0xf2,0x00,0x00,0x2f,0x27,0x99,0x92,0xaa,0x19,0x99,0x72,0xf2,
0x00,0x00,0x1a,0x16,0x88,0x82,0xaa,0x18,0x88,0x61,0x91,0x00,0x00,0x00,0x04,0xb9,0x51,0x66,0x15,0x55,
0x40,0x00,0x00,0x00,0x00,0x04,0xfa,0x66,0x66,0x66,0x66,0x65,0x00,0x00,0x00,0x00,0x1e,0xed,0xdd,0xdd,
0xdd,0xdd,0xed,0x00,0x00,0x00,0x01,0xcb,0x00,0x00,0x00,0x00,0x00,0x7d,0x00,0x00,0x00,0x2d,0xb8,0xee,
0xee,0xee,0xec,0x00,0x8c,0x00,0x00,0x00,0x9b,0x08,0xd3,0x33,0x33,0x9d,0x00,0x8b,0x00,0x00,0x00,0x00,
0x08,0xd5,0x55,0x55,0xad,0x35,0xd9,0x00,0x00,0x00,0x00,0x08,0xfc,0xcc,0xcc,0xcb,0x5c,0xb1,0x63,0x00,
0x00,0x00,0x08,0xc0,0x00,0x00,0x00,0x00,0x00,0xe7,0x00,0x00,0x00,0x07,0xf8,0x66,0x66,0x66,0x66,0x7c,
0xf2,0x00,0x00,0x00,0x01,0x9b,0xbb,0xbb,0xbb,0xbb,0xb9,0x30,0x00,0x00,0x00,0x00,0x00,0x00,0x00,0x00,
0x00,0x00,0x00,0x00,0x00,0x00,0x00,0x00,0x00,0x00,0x00,0x00,0x00,0x00,0x00,0x00,0x00,0x00,0x00,0x00,
0x00,0x00,0x00,0x00,0x00,0x00,
/* U+96FE */
0x00,0x00,0x00,0x00,0x00,0x00,0x00,0x00,0x00,0x00,0x00,0x00,0x00,0x00,0x00,0x00,0x00,0x00,0x00,0x00,
0x00,0x00,0x00,0x00,0x00,0x00,0x00,0x00,0x00,0x00,0x00,0x00,0x00,0x00,0x00,0x00,0x00,0x00,0x00,0x00,
0x00,0x00,0x00,0x00,0x00,0x00,0x00,0x00,0x00,0x00,0x00,0x00,0x00,0x00,0x00,0x00,0x04,0xdd,0xdd,0xdd,
0xdd,0xdd,0xdd,0xdd,0x30,0x00,0x00,0x01,0x44,0x44,0x44,0xcc,0x44,0x44,0x44,0x10,0x00,0x00,0x1b,0xbb,
0xbb,0xbb,0xee,0xbb,0xbb,0xbb,0xb1,0x00,0x00,0x2f,0x75,0x55,0x55,0xcc,0x55,0x55,0x57,0xf2,0x00,0x00,
0x2f,0x29,0xcc,0xc3,0xaa,0x3c,0xcc,0x92,0xf2,0x00,0x00,0x1b,0x12,0x33,0x31,0xaa,0x13,0x33,0x21,0x91,
0x00,0x00,0x00,0x06,0x8b,0x92,0x88,0x28,0x88,0x60,0x00,0x00,0x00,0x00,0x00,0x7f,0xa5,0x55,0x55,0x55,
0x50,0x00,0x00,0x00,0x00,0x2b,0xfb,0xaa,0xaa,0xaa,0xdf,0xb0,0x00,0x00,0x00,0x07,0xfc,0xaf,0xa5,0x00,
0x5c,0xd4,0x00,0x00,0x00,0x00,0x02,0x50,0x01,0xaf,0xfe,0xfa,0x20,0x00,0x00,0x00,0x00,0x46,0x79,0xcf,
0xeb,0x76,0x9d,0xff,0xec,0xa8,0x10,0x00,0xcc,0xa8,0x52,0x00,0x94,0x00,0x03,0x56,0x89,0x00,0x00,0x00,
0x69,0x99,0x9a,0xfb,0x99,0x99,0x95,0x00,0x00,0x00,0x00,0x69,0x99,0xaf,0xd9,0x99,0x99,0xe7,0x00,0x00,
0x00,0x00,0x00,0x05,0xdd,0x10,0x00,0x00,0xe6,0x00,0x00,0x00,0x02,0x69,0xef,0x91,0x00,0x34,0x48,0xf2,
0x00,0x00,0x00,0x08,0xfb,0x72,0x00,0x00,0x8d,0xdb,0x50,0x00,0x00,0x00,0x00,0x00,0x00,0x00,0x00,0x00,
0x00,0x00,0x00,0x00,0x00,0x00,0x00,0x00,0x00,0x00,0x00,0x00,0x00,0x00,0x00,0x00,0x00,0x00,0x00,0x00,
0x00,0x00,0x00,0x00,0x00,0x00,
};
static const lv_font_fmt_txt_glyph_dsc_t glyphs[] = {
{.bitmap_index=0, .adv_w=0, .box_w=0, .box_h=0, .ofs_x=0, .ofs_y=0},
{.bitmap_index=0, .adv_w=89, .box_w=8, .box_h=26, .ofs_x=-1, .ofs_y=-5},
{.bitmap_index=104, .adv_w=83, .box_w=8, .box_h=26, .ofs_x=-1, .ofs_y=-5},
{.bitmap_index=208, .adv_w=136, .box_w=11, .box_h=26, .ofs_x=-1, .ofs_y=-5},
{.bitmap_index=351, .adv_w=178, .box_w=14, .box_h=26, .ofs_x=-1, .ofs_y=-5},
{.bitmap_index=533, .adv_w=178, .box_w=14, .box_h=26, .ofs_x=-1, .ofs_y=-5},
{.bitmap_index=715, .adv_w=320, .box_w=22, .box_h=26, .ofs_x=-1, .ofs_y=-5},
{.bitmap_index=1001, .adv_w=202, .box_w=15, .box_h=26, .ofs_x=-1, .ofs_y=-5},
{.bitmap_index=1196, .adv_w=89, .box_w=8, .box_h=26, .ofs_x=-1, .ofs_y=-5},
{.bitmap_index=1300, .adv_w=83, .box_w=8, .box_h=26, .ofs_x=-1, .ofs_y=-5},
{.bitmap_index=1404, .adv_w=83, .box_w=8, .box_h=26, .ofs_x=-1, .ofs_y=-5},
{.bitmap_index=1508, .adv_w=113, .box_w=10, .box_h=26, .ofs_x=-1, .ofs_y=-5},
{.bitmap_index=1638, .adv_w=192, .box_w=14, .box_h=26, .ofs_x=-1, .ofs_y=-5},
{.bitmap_index=1820, .adv_w=89, .box_w=8, .box_h=26, .ofs_x=-1, .ofs_y=-5},
{.bitmap_index=1924, .adv_w=124, .box_w=10, .box_h=26, .ofs_x=-1, .ofs_y=-5},
{.bitmap_index=2054, .adv_w=89, .box_w=8, .box_h=26, .ofs_x=-1, .ofs_y=-5},
{.bitmap_index=2158, .adv_w=107, .box_w=9, .box_h=26, .ofs_x=-1, .ofs_y=-5},
{.bitmap_index=2275, .adv_w=178, .box_w=14, .box_h=26, .ofs_x=-1, .ofs_y=-5},
{.bitmap_index=2457, .adv_w=178, .box_w=14, .box_h=26, .ofs_x=-1, .ofs_y=-5},
{.bitmap_index=2639, .adv_w=178, .box_w=14, .box_h=26, .ofs_x=-1, .ofs_y=-5},
{.bitmap_index=2821, .adv_w=178, .box_w=14, .box_h=26, .ofs_x=-1, .ofs_y=-5},
{.bitmap_index=3003, .adv_w=178, .box_w=14, .box_h=26, .ofs_x=-1, .ofs_y=-5},
{.bitmap_index=3185, .adv_w=178, .box_w=14, .box_h=26, .ofs_x=-1, .ofs_y=-5},
{.bitmap_index=3367, .adv_w=178, .box_w=14, .box_h=26, .ofs_x=-1, .ofs_y=-5},
{.bitmap_index=3549, .adv_w=178, .box_w=14, .box_h=26, .ofs_x=-1, .ofs_y=-5},
{.bitmap_index=3731, .adv_w=178, .box_w=14, .box_h=26, .ofs_x=-1, .ofs_y=-5},
{.bitmap_index=3913, .adv_w=178, .box_w=14, .box_h=26, .ofs_x=-1, .ofs_y=-5},
{.bitmap_index=4095, .adv_w=89, .box_w=8, .box_h=26, .ofs_x=-1, .ofs_y=-5},
{.bitmap_index=4199, .adv_w=89, .box_w=8, .box_h=26, .ofs_x=-1, .ofs_y=-5},
{.bitmap_index=4303, .adv_w=192, .box_w=14, .box_h=26, .ofs_x=-1, .ofs_y=-5},
{.bitmap_index=4485, .adv_w=192, .box_w=14, .box_h=26, .ofs_x=-1, .ofs_y=-5},
{.bitmap_index=4667, .adv_w=192, .box_w=14, .box_h=26, .ofs_x=-1, .ofs_y=-5},
{.bitmap_index=4849, .adv_w=178, .box_w=14, .box_h=26, .ofs_x=-1, .ofs_y=-5},
{.bitmap_index=5031, .adv_w=256, .box_w=18, .box_h=26, .ofs_x=-1, .ofs_y=-5},
{.bitmap_index=5265, .adv_w=207, .box_w=15, .box_h=26, .ofs_x=-1, .ofs_y=-5},
{.bitmap_index=5460, .adv_w=219, .box_w=16, .box_h=26, .ofs_x=-1, .ofs_y=-5},
{.bitmap_index=5668, .adv_w=231, .box_w=17, .box_h=26, .ofs_x=-1, .ofs_y=-5},
{.bitmap_index=5889, .adv_w=225, .box_w=17, .box_h=26, .ofs_x=-1, .ofs_y=-5},
{.bitmap_index=6110, .adv_w=196, .box_w=15, .box_h=26, .ofs_x=-1, .ofs_y=-5},
{.bitmap_index=6305, .adv_w=184, .box_w=14, .box_h=26, .ofs_x=-1, .ofs_y=-5},
{.bitmap_index=6487, .adv_w=243, .box_w=18, .box_h=26, .ofs_x=-1, .ofs_y=-5},
{.bitmap_index=6721, .adv_w=231, .box_w=17, .box_h=26, .ofs_x=-1, .ofs_y=-5},
{.bitmap_index=6942, .adv_w=83, .box_w=8, .box_h=26, .ofs_x=-1, .ofs_y=-5},
{.bitmap_index=7046, .adv_w=166, .box_w=13, .box_h=26, .ofs_x=-1, .ofs_y=-5},
{.bitmap_index=7215, .adv_w=213, .box_w=16, .box_h=26, .ofs_x=-1, .ofs_y=-5},
{.bitmap_index=7423, .adv_w=178, .box_w=14, .box_h=26, .ofs_x=-1, .ofs_y=-5},
{.bitmap_index=7605, .adv_w=279, .box_w=20, .box_h=26, .ofs_x=-1, .ofs_y=-5},
{.bitmap_index=7865, .adv_w=231, .box_w=17, .box_h=26, .ofs_x=-1, .ofs_y=-5},
{.bitmap_index=8086, .adv_w=243, .box_w=18, .box_h=26, .ofs_x=-1, .ofs_y=-5},
{.bitmap_index=8320, .adv_w=207, .box_w=15, .box_h=26, .ofs_x=-1, .ofs_y=-5},
{.bitmap_index=8515, .adv_w=243, .box_w=18, .box_h=26, .ofs_x=-1, .ofs_y=-5},
{.bitmap_index=8749, .adv_w=219, .box_w=16, .box_h=26, .ofs_x=-1, .ofs_y=-5},
{.bitmap_index=8957, .adv_w=207, .box_w=15, .box_h=26, .ofs_x=-1, .ofs_y=-5},
{.bitmap_index=9152, .adv_w=184, .box_w=14, .box_h=26, .ofs_x=-1, .ofs_y=-5},
{.bitmap_index=9334, .adv_w=231, .box_w=17, .box_h=26, .ofs_x=-1, .ofs_y=-5},
{.bitmap_index=9555, .adv_w=196, .box_w=15, .box_h=26, .ofs_x=-1, .ofs_y=-5},
{.bitmap_index=9750, .adv_w=296, .box_w=21, .box_h=26, .ofs_x=-1, .ofs_y=-5},
{.bitmap_index=10023, .adv_w=196, .box_w=15, .box_h=26, .ofs_x=-1, .ofs_y=-5},
{.bitmap_index=10218, .adv_w=207, .box_w=15, .box_h=26, .ofs_x=-1, .ofs_y=-5},
{.bitmap_index=10413, .adv_w=196, .box_w=15, .box_h=26, .ofs_x=-1, .ofs_y=-5},
{.bitmap_index=10608, .adv_w=83, .box_w=8, .box_h=26, .ofs_x=-1, .ofs_y=-5},
{.bitmap_index=10712, .adv_w=107, .box_w=9, .box_h=26, .ofs_x=-1, .ofs_y=-5},
{.bitmap_index=10829, .adv_w=83, .box_w=8, .box_h=26, .ofs_x=-1, .ofs_y=-5},
{.bitmap_index=10933, .adv_w=192, .box_w=14, .box_h=26, .ofs_x=-1, .ofs_y=-5},
{.bitmap_index=11115, .adv_w=160, .box_w=12, .box_h=26, .ofs_x=-1, .ofs_y=-5},
{.bitmap_index=11271, .adv_w=71, .box_w=7, .box_h=26, .ofs_x=-1, .ofs_y=-5},
{.bitmap_index=11362, .adv_w=172, .box_w=13, .box_h=26, .ofs_x=-1, .ofs_y=-5},
{.bitmap_index=11531, .adv_w=190, .box_w=14, .box_h=26, .ofs_x=-1, .ofs_y=-5},
{.bitmap_index=11713, .adv_w=172, .box_w=13, .box_h=26, .ofs_x=-1, .ofs_y=-5},
{.bitmap_index=11882, .adv_w=190, .box_w=14, .box_h=26, .ofs_x=-1, .ofs_y=-5},
{.bitmap_index=12064, .adv_w=172, .box_w=13, .box_h=26, .ofs_x=-1, .ofs_y=-5},
{.bitmap_index=12233, .adv_w=95, .box_w=8, .box_h=26, .ofs_x=-1, .ofs_y=-5},
{.bitmap_index=12337, .adv_w=184, .box_w=14, .box_h=26, .ofs_x=-1, .ofs_y=-5},
{.bitmap_index=12519, .adv_w=178, .box_w=14, .box_h=26, .ofs_x=-1, .ofs_y=-5},
{.bitmap_index=12701, .adv_w=71, .box_w=7, .box_h=26, .ofs_x=-1, .ofs_y=-5},
{.bitmap_index=12792, .adv_w=71, .box_w=7, .box_h=26, .ofs_x=-1, .ofs_y=-5},
{.bitmap_index=12883, .adv_w=166, .box_w=13, .box_h=26, .ofs_x=-1, .ofs_y=-5},
{.bitmap_index=13052, .adv_w=71, .box_w=7, .box_h=26, .ofs_x=-1, .ofs_y=-5},
{.bitmap_index=13143, .adv_w=273, .box_w=20, .box_h=26, .ofs_x=-1, .ofs_y=-5},
{.bitmap_index=13403, .adv_w=178, .box_w=14, .box_h=26, .ofs_x=-1, .ofs_y=-5},
{.bitmap_index=13585, .adv_w=184, .box_w=14, .box_h=26, .ofs_x=-1, .ofs_y=-5},
{.bitmap_index=13767, .adv_w=190, .box_w=14, .box_h=26, .ofs_x=-1, .ofs_y=-5},
{.bitmap_index=13949, .adv_w=190, .box_w=14, .box_h=26, .ofs_x=-1, .ofs_y=-5},
{.bitmap_index=14131, .adv_w=107, .box_w=9, .box_h=26, .ofs_x=-1, .ofs_y=-5},
{.bitmap_index=14248, .adv_w=160, .box_w=12, .box_h=26, .ofs_x=-1, .ofs_y=-5},
{.bitmap_index=14404, .adv_w=101, .box_w=9, .box_h=26, .ofs_x=-1, .ofs_y=-5},
{.bitmap_index=14521, .adv_w=178, .box_w=14, .box_h=26, .ofs_x=-1, .ofs_y=-5},
{.bitmap_index=14703, .adv_w=160, .box_w=12, .box_h=26, .ofs_x=-1, .ofs_y=-5},
{.bitmap_index=14859, .adv_w=243, .box_w=18, .box_h=26, .ofs_x=-1, .ofs_y=-5},
{.bitmap_index=15093, .adv_w=166, .box_w=13, .box_h=26, .ofs_x=-1, .ofs_y=-5},
{.bitmap_index=15262, .adv_w=160, .box_w=12, .box_h=26, .ofs_x=-1, .ofs_y=-5},
{.bitmap_index=15418, .adv_w=154, .box_w=12, .box_h=26, .ofs_x=-1, .ofs_y=-5},
{.bitmap_index=15574, .adv_w=107, .box_w=9, .box_h=26, .ofs_x=-1, .ofs_y=-5},
{.bitmap_index=15691, .adv_w=71, .box_w=7, .box_h=26, .ofs_x=-1, .ofs_y=-5},
{.bitmap_index=15782, .adv_w=107, .box_w=9, .box_h=26, .ofs_x=-1, .ofs_y=-5},
{.bitmap_index=15899, .adv_w=192, .box_w=14, .box_h=26, .ofs_x=-1, .ofs_y=-5},
{.bitmap_index=16081, .adv_w=128, .box_w=10, .box_h=26, .ofs_x=-1, .ofs_y=-5},
{.bitmap_index=16211, .adv_w=206, .box_w=15, .box_h=26, .ofs_x=-1, .ofs_y=-5},
{.bitmap_index=16406, .adv_w=206, .box_w=15, .box_h=26, .ofs_x=-1, .ofs_y=-5},
{.bitmap_index=16601, .adv_w=320, .box_w=22, .box_h=26, .ofs_x=-1, .ofs_y=-5},
{.bitmap_index=16887, .adv_w=320, .box_w=22, .box_h=26, .ofs_x=-1, .ofs_y=-5},
{.bitmap_index=17173, .adv_w=320, .box_w=22, .box_h=26, .ofs_x=-1, .ofs_y=-5},
{.bitmap_index=17459, .adv_w=320, .box_w=22, .box_h=26, .ofs_x=-1, .ofs_y=-5},
{.bitmap_index=17745, .adv_w=320, .box_w=22, .box_h=26, .ofs_x=-1, .ofs_y=-5},
{.bitmap_index=18031, .adv_w=320, .box_w=22, .box_h=26, .ofs_x=-1, .ofs_y=-5},
{.bitmap_index=18317, .adv_w=320, .box_w=22, .box_h=26, .ofs_x=-1, .ofs_y=-5},
{.bitmap_index=18603, .adv_w=320, .box_w=22, .box_h=26, .ofs_x=-1, .ofs_y=-5},
{.bitmap_index=18889, .adv_w=320, .box_w=22, .box_h=26, .ofs_x=-1, .ofs_y=-5},
{.bitmap_index=19175, .adv_w=320, .box_w=22, .box_h=26, .ofs_x=-1, .ofs_y=-5},
{.bitmap_index=19461, .adv_w=320, .box_w=22, .box_h=26, .ofs_x=-1, .ofs_y=-5},
{.bitmap_index=19747, .adv_w=320, .box_w=22, .box_h=26, .ofs_x=-1, .ofs_y=-5},
{.bitmap_index=20033, .adv_w=320, .box_w=22, .box_h=26, .ofs_x=-1, .ofs_y=-5},
{.bitmap_index=20319, .adv_w=320, .box_w=22, .box_h=26, .ofs_x=-1, .ofs_y=-5},
{.bitmap_index=20605, .adv_w=320, .box_w=22, .box_h=26, .ofs_x=-1, .ofs_y=-5},
{.bitmap_index=20891, .adv_w=320, .box_w=22, .box_h=26, .ofs_x=-1, .ofs_y=-5},
{.bitmap_index=21177, .adv_w=320, .box_w=22, .box_h=26, .ofs_x=-1, .ofs_y=-5},
{.bitmap_index=21463, .adv_w=320, .box_w=22, .box_h=26, .ofs_x=-1, .ofs_y=-5},
{.bitmap_index=21749, .adv_w=320, .box_w=22, .box_h=26, .ofs_x=-1, .ofs_y=-5},
{.bitmap_index=22035, .adv_w=320, .box_w=22, .box_h=26, .ofs_x=-1, .ofs_y=-5},
{.bitmap_index=22321, .adv_w=320, .box_w=22, .box_h=26, .ofs_x=-1, .ofs_y=-5},
{.bitmap_index=22607, .adv_w=320, .box_w=22, .box_h=26, .ofs_x=-1, .ofs_y=-5},
{.bitmap_index=22893, .adv_w=320, .box_w=22, .box_h=26, .ofs_x=-1, .ofs_y=-5},
{.bitmap_index=23179, .adv_w=320, .box_w=22, .box_h=26, .ofs_x=-1, .ofs_y=-5},
{.bitmap_index=23465, .adv_w=320, .box_w=22, .box_h=26, .ofs_x=-1, .ofs_y=-5},
{.bitmap_index=23751, .adv_w=320, .box_w=22, .box_h=26, .ofs_x=-1, .ofs_y=-5},
{.bitmap_index=24037, .adv_w=320, .box_w=22, .box_h=26, .ofs_x=-1, .ofs_y=-5},
{.bitmap_index=24323, .adv_w=320, .box_w=22, .box_h=26, .ofs_x=-1, .ofs_y=-5},
{.bitmap_index=24609, .adv_w=320, .box_w=22, .box_h=26, .ofs_x=-1, .ofs_y=-5},
{.bitmap_index=24895, .adv_w=320, .box_w=22, .box_h=26, .ofs_x=-1, .ofs_y=-5},
{.bitmap_index=25181, .adv_w=320, .box_w=22, .box_h=26, .ofs_x=-1, .ofs_y=-5},
{.bitmap_index=25467, .adv_w=320, .box_w=22, .box_h=26, .ofs_x=-1, .ofs_y=-5},
{.bitmap_index=25753, .adv_w=320, .box_w=22, .box_h=26, .ofs_x=-1, .ofs_y=-5},
{.bitmap_index=26039, .adv_w=320, .box_w=22, .box_h=26, .ofs_x=-1, .ofs_y=-5},
{.bitmap_index=26325, .adv_w=320, .box_w=22, .box_h=26, .ofs_x=-1, .ofs_y=-5},
{.bitmap_index=26611, .adv_w=320, .box_w=22, .box_h=26, .ofs_x=-1, .ofs_y=-5},
{.bitmap_index=26897, .adv_w=320, .box_w=22, .box_h=26, .ofs_x=-1, .ofs_y=-5},
{.bitmap_index=27183, .adv_w=320, .box_w=22, .box_h=26, .ofs_x=-1, .ofs_y=-5},
{.bitmap_index=27469, .adv_w=320, .box_w=22, .box_h=26, .ofs_x=-1, .ofs_y=-5},
{.bitmap_index=27755, .adv_w=320, .box_w=22, .box_h=26, .ofs_x=-1, .ofs_y=-5},
{.bitmap_index=28041, .adv_w=320, .box_w=22, .box_h=26, .ofs_x=-1, .ofs_y=-5}};
static const uint16_t unicode[] = {0,1,2,3,4,5,6,7,8,9,10,11,12,13,14,15,16,17,18,19,20,21,22,23,24,25,26,27,28,29,30,31,32,33,34,35,36,37,38,39,40,41,42,43,44,45,46,47,48,49,50,51,52,53,54,55,56,57,58,59,60,61,62,63,64,65,66,67,68,69,70,71,72,73,74,75,76,77,78,79,80,81,82,83,84,85,86,87,88,89,90,91,92,93,94,144,8561,8563,19949,19981,20081,20880,20891,21120,21430,21455,22778,22780,22791,22793,22801,23462,23535,23537,24198,24346,25422,25936,26048,26196,26260,27579,27636,28255,29960,31858,32444,32561,33687,36101,36701,38356,38420,38421,38600,38602,38615,38617,38622};
static const lv_font_fmt_txt_cmap_t cmaps[] = {{
    .range_start=32, .range_length=38623, .glyph_id_start=1,
    .unicode_list=unicode, .list_length=139, .type=LV_FONT_FMT_TXT_CMAP_SPARSE_TINY
}};
static const lv_font_fmt_txt_dsc_t dsc = {
    .glyph_bitmap=bitmap, .glyph_dsc=glyphs, .cmaps=cmaps, .cmap_num=1, .bpp=4
};
const lv_font_t font_weather_20 = {
    .get_glyph_dsc=lv_font_get_glyph_dsc_fmt_txt, .get_glyph_bitmap=lv_font_get_bitmap_fmt_txt,
    .line_height=26, .base_line=5, .dsc=&dsc
};