// Generated by tools/gen_watchface_fonts.py; lossless 4bpp Barlow subsets.
// Copyright 2017 The Barlow Project Authors; SIL OFL 1.1.
// License and pinned source: artwork/watchfaces/fonts/.
#include "watchface_ui.h"
LV_FONT_DECLARE(font_cn16);
static const char font_license[]="Copyright 2017 The Barlow Project Authors (https://github.com/jpt/barlow)\n\nThis Font Software is licensed under the SIL Open Font License, Version 1.1.\nThis license is copied below, and is also available with a FAQ at:\nhttp://scripts.sil.org/OFL\n\n\n-----------------------------------------------------------\nSIL OPEN FONT LICENSE Version 1.1 - 26 February 2007\n-----------------------------------------------------------\n\nPREAMBLE\nThe goals of the Open Font License (OFL) are to stimulate worldwide\ndevelopment of collaborative font projects, to support the font creation\nefforts of academic and linguistic communities, and to provide a free and\nopen framework in which fonts may be shared and improved in partnership\nwith others.\n\nThe OFL allows the licensed fonts to be used, studied, modified and\nredistributed freely as long as they are not sold by themselves. The\nfonts, including any derivative works, can be bundled, embedded, \nredistributed and/or sold with any software provided that any reserved\nnames are not used by derivative works. The fonts and derivatives,\nhowever, cannot be released under any other type of license. The\nrequirement for fonts to remain under this license does not apply\nto any document created using the fonts or their derivatives.\n\nDEFINITIONS\n\"Font Software\" refers to the set of files released by the Copyright\nHolder(s) under this license and clearly marked as such. This may\ninclude source files, build scripts and documentation.\n\n\"Reserved Font Name\" refers to any names specified as such after the\ncopyright statement(s).\n\n\"Original Version\" refers to the collection of Font Software components as\ndistributed by the Copyright Holder(s).\n\n\"Modified Version\" refers to any derivative made by adding to, deleting,\nor substituting -- in part or in whole -- any of the components of the\nOriginal Version, by changing formats or by porting the Font Software to a\nnew environment.\n\n\"Author\" refers to any designer, engineer, programmer, technical\nwriter or other person who contributed to the Font Software.\n\nPERMISSION & CONDITIONS\nPermission is hereby granted, free of charge, to any person obtaining\na copy of the Font Software, to use, study, copy, merge, embed, modify,\nredistribute, and sell modified and unmodified copies of the Font\nSoftware, subject to the following conditions:\n\n1) Neither the Font Software nor any of its individual components,\nin Original or Modified Versions, may be sold by itself.\n\n2) Original or Modified Versions of the Font Software may be bundled,\nredistributed and/or sold with any software, provided that each copy\ncontains the above copyright notice and this license. These can be\nincluded either as stand-alone text files, human-readable headers or\nin the appropriate machine-readable metadata fields within text or\nbinary files as long as those fields can be easily viewed by the user.\n\n3) No Modified Version of the Font Software may use the Reserved Font\nName(s) unless explicit written permission is granted by the corresponding\nCopyright Holder. This restriction only applies to the primary font name as\npresented to the users.\n\n4) The name(s) of the Copyright Holder(s) or the Author(s) of the Font\nSoftware shall not be used to promote, endorse or advertise any\nModified Version, except to acknowledge the contribution(s) of the\nCopyright Holder(s) and the Author(s) or with their explicit written\npermission.\n\n5) The Font Software, modified or unmodified, in part or in whole,\nmust be distributed entirely under this license, and must not be\ndistributed under any other license. The requirement for fonts to\nremain under this license does not apply to any document created\nusing the Font Software.\n\nTERMINATION\nThis license becomes null and void if any of the above conditions are\nnot met.\n\nDISCLAIMER\nTHE FONT SOFTWARE IS PROVIDED \"AS IS\", WITHOUT WARRANTY OF ANY KIND,\nEXPRESS OR IMPLIED, INCLUDING BUT NOT LIMITED TO ANY WARRANTIES OF\nMERCHANTABILITY, FITNESS FOR A PARTICULAR PURPOSE AND NONINFRINGEMENT\nOF COPYRIGHT, PATENT, TRADEMARK, OR OTHER RIGHT. IN NO EVENT SHALL THE\nCOPYRIGHT HOLDER BE LIABLE FOR ANY CLAIM, DAMAGES OR OTHER LIABILITY,\nINCLUDING ANY GENERAL, SPECIAL, INDIRECT, INCIDENTAL, OR CONSEQUENTIAL\nDAMAGES, WHETHER IN AN ACTION OF CONTRACT, TORT OR OTHERWISE, ARISING\nFROM, OUT OF THE USE OR INABILITY TO USE THE FONT SOFTWARE OR FROM\nOTHER DEALINGS IN THE FONT SOFTWARE.\n";
static const uint8_t bitmap_regular_7[]={
0x15,0x15,0x15,0x03,0x25,0x77,0x33,0x07,0x07,0x01,0xb8,0xb0,0x08,0x25,0x03,0xb9,0x80,0x16,0x61,0x00,0x06,0x40,0x55,0x64,
0x61,0x03,0x08,0x70,0x20,0x36,0x71,0x26,0x08,0x70,0x00,0x00,0x26,0x52,0x30,0x16,0x36,0x00,0x00,0x32,0x00,0x00,0x53,0x50,
0x04,0x15,0x52,0x1a,0x90,0x02,0x68,0x00,0x0b,0x60,0x07,0x17,0x70,0x57,0x78,0x00,0x73,0x07,0x10,0x80,0x08,0x00,0x80,0x08,
0x00,0x80,0x07,0x10,0x34,0x08,0x08,0x08,0x08,0x08,0x34,0x03,0x05,0xc2,0x25,0x20,0x06,0x00,0x5b,0x81,0x07,0x00,0x02,0x00,
0x31,0x60,0x58,0x30,0x32,0x05,0x20,0x70,0x07,0x05,0x20,0x70,0x00,0x29,0x92,0x70,0x07,0x80,0x07,0x70,0x07,0x38,0x82,0x4a,
0x08,0x08,0x08,0x07,0x49,0x90,0x40,0x61,0x00,0x80,0x08,0x00,0x7a,0x82,0x48,0xd1,0x06,0x40,0x03,0x80,0x40,0x61,0x47,0x80,
0x06,0x20,0x08,0x20,0x43,0x70,0x78,0xb3,0x00,0x70,0x87,0x70,0x87,0x70,0x30,0x52,0x40,0x43,0x29,0x80,0x47,0x80,0x87,0x60,
0x81,0x52,0x80,0x43,0x38,0x80,0x98,0xb1,0x00,0x80,0x01,0x60,0x07,0x10,0x08,0x00,0x38,0x80,0x70,0x61,0x2a,0xa0,0x80,0x52,
0x47,0x80,0x47,0x70,0x70,0x52,0x27,0x93,0x40,0x52,0x38,0x90,0x15,0x00,0x15,0x35,0x00,0x13,0x32,0x00,0x21,0x37,0x50,0x57,
0x20,0x00,0x51,0xae,0xe3,0x00,0x00,0xae,0xe3,0x30,0x00,0x17,0x60,0x05,0x71,0x52,0x00,0x68,0x84,0x08,0x06,0x30,0x40,0x07,
0x00,0x02,0x66,0x30,0x16,0x57,0x51,0x62,0x36,0x15,0x53,0x17,0x23,0x33,0x67,0x60,0x05,0x64,0x00,0x05,0x80,0x07,0x70,0x06,
0x33,0x48,0x77,0x70,0x07,0x59,0x86,0x52,0x07,0x59,0xa6,0x52,0x07,0x59,0x87,0x28,0x74,0x70,0x04,0x80,0x00,0x70,0x04,0x28,
0x74,0x59,0x87,0x52,0x08,0x52,0x08,0x52,0x08,0x59,0x87,0x59,0x86,0x52,0x00,0x59,0x70,0x52,0x00,0x59,0x86,0x59,0x86,0x52,
0x00,0x59,0x70,0x52,0x00,0x52,0x00,0x28,0x75,0x70,0x03,0x80,0x67,0x70,0x07,0x28,0x74,0x52,0x07,0x52,0x08,0x59,0x8b,0x52,
0x08,0x52,0x07,0x52,0x52,0x52,0x52,0x52,0x00,0x15,0x00,0x16,0x00,0x16,0x70,0x25,0x57,0x81,0x52,0x17,0x05,0x38,0x00,0x5a,
0x60,0x05,0x26,0x20,0x52,0x08,0x00,0x52,0x00,0x52,0x00,0x52,0x00,0x52,0x00,0x59,0x85,0x57,0x07,0x55,0x94,0x95,0x52,0x92,
0x55,0x20,0x25,0x52,0x02,0x50,0x56,0x06,0x15,0x91,0x61,0x52,0x86,0x15,0x25,0xa1,0x52,0x0b,0x10,0x18,0x75,0x70,0x07,0x80,
0x08,0x70,0x07,0x18,0x75,0x68,0x87,0x61,0x08,0x68,0x84,0x61,0x00,0x61,0x00,0x28,0x82,0x70,0x07,0x80,0x08,0x80,0x08,0x63,
0x36,0x06,0x70,0x00,0x00,0x59,0x87,0x52,0x08,0x59,0xa4,0x52,0x34,0x52,0x08,0x38,0x74,0x61,0x04,0x06,0x71,0x40,0x07,0x48,
0x75,0x5a,0x95,0x04,0x30,0x04,0x30,0x04,0x30,0x04,0x30,0x61,0x07,0x61,0x08,0x61,0x08,0x52,0x07,0x18,0x76,0x80,0x08,0x43,
0x16,0x07,0x51,0x07,0x70,0x05,0x60,0x70,0x57,0x07,0x61,0x77,0x07,0x25,0x77,0x34,0x08,0x64,0xa0,0x09,0x20,0xb0,0x61,0x07,
0x08,0x71,0x06,0x70,0x08,0x70,0x61,0x07,0x71,0x16,0x07,0x70,0x06,0x60,0x04,0x30,0x04,0x30,0x58,0xa6,0x00,0x80,0x05,0x30,
0x17,0x00,0x98,0x83,0x85,0x80,0x80,0x80,0x80,0x80,0x85,0x52,0x00,0x70,0x07,0x00,0x51,0x01,0x60,0x08,0x50,0x16,0x01,0x60,
0x16,0x01,0x60,0x16,0x08,0x50,0x0b,0x03,0x55,0x60,0x60,0x57,0x71,0x60,0x48,0x80,0x27,0xa1,0x80,0x61,0x67,0xb1,0x60,0x00,
0x78,0x90,0x71,0x25,0x71,0x25,0x68,0x90,0x28,0x91,0x70,0x11,0x70,0x00,0x28,0x91,0x00,0x33,0x29,0xa4,0x80,0x44,0x70,0x44,
0x28,0xa3,0x27,0x80,0x87,0x83,0x70,0x00,0x28,0x80,0x1a,0x17,0xa1,0x34,0x03,0x40,0x24,0x00,0x29,0xa3,0x80,0x43,0x80,0x43,
0x29,0xa3,0x00,0x52,0x06,0x90,0x60,0x00,0x78,0xa0,0x71,0x43,0x71,0x34,0x60,0x33,0x52,0x51,0x62,0x62,0x51,0x06,0x10,0x61,
0x06,0x10,0x61,0x06,0x10,0x71,0x19,0x00,0x60,0x00,0x71,0x80,0x79,0x50,0x73,0x80,0x60,0x62,0x60,0x71,0x71,0x71,0x60,0x68,
0x97,0x91,0x71,0x52,0x34,0x71,0x52,0x34,0x60,0x52,0x34,0x67,0x90,0x71,0x43,0x71,0x34,0x60,0x33,0x28,0x90,0x70,0x25,0x70,
0x25,0x28,0x90,0x69,0x91,0x62,0x25,0x62,0x26,0x69,0x91,0x61,0x00,0x61,0x00,0x29,0xa3,0x70,0x44,0x70,0x44,0x29,0xa4,0x00,
0x34,0x00,0x33,0x68,0x37,0x10,0x71,0x06,0x00,0x57,0x86,0x61,0x13,0x95,0x78,0x34,0x07,0x91,0x34,0x03,0x40,0x19,0x00,0x70,
0x43,0x80,0x43,0x70,0x53,0x38,0xa3,0x80,0x80,0x52,0x80,0x18,0x60,0x0b,0x10,0x80,0xb0,0x86,0x2b,0x27,0x2a,0x39,0x30,0xb0,
0xb0,0x71,0x80,0x0a,0x40,0x0a,0x30,0x71,0x80,0x70,0x70,0x61,0x70,0x26,0x50,0x0c,0x10,0x08,0x00,0x55,0x00,0x58,0xb0,0x63,
0x27,0x0a,0x87,0x27,0x52,0x52,0x90,0x52,0x52,0x27,0x38,0x88,0x88,0x70,0x63,0x07,0x07,0x0a,0x07,0x07,0x63,0x00,0x00,0x47,
0x80,0x00,0x00,0x47,0x16,0x06,0x47,0x10,
};
static const lv_font_fmt_txt_glyph_dsc_t glyphs_regular_7[]={{0,0,0,0,0,0},
{.bitmap_index=0,.adv_w=22,.box_w=0,.box_h=0,.ofs_x=0,.ofs_y=0},
{.bitmap_index=0,.adv_w=36,.box_w=2,.box_h=5,.ofs_x=0,.ofs_y=0},
{.bitmap_index=5,.adv_w=30,.box_w=2,.box_h=2,.ofs_x=0,.ofs_y=3},
{.bitmap_index=7,.adv_w=74,.box_w=5,.box_h=5,.ofs_x=0,.ofs_y=0},
{.bitmap_index=20,.adv_w=62,.box_w=4,.box_h=8,.ofs_x=0,.ofs_y=-2},
{.bitmap_index=36,.adv_w=95,.box_w=6,.box_h=5,.ofs_x=0,.ofs_y=0},
{.bitmap_index=51,.adv_w=74,.box_w=5,.box_h=5,.ofs_x=0,.ofs_y=0},
{.bitmap_index=64,.adv_w=15,.box_w=1,.box_h=2,.ofs_x=0,.ofs_y=3},
{.bitmap_index=65,.adv_w=29,.box_w=3,.box_h=7,.ofs_x=-1,.ofs_y=-1},
{.bitmap_index=76,.adv_w=29,.box_w=2,.box_h=7,.ofs_x=0,.ofs_y=-1},
{.bitmap_index=83,.adv_w=44,.box_w=3,.box_h=3,.ofs_x=0,.ofs_y=3},
{.bitmap_index=88,.adv_w=56,.box_w=4,.box_h=4,.ofs_x=0,.ofs_y=0},
{.bitmap_index=96,.adv_w=30,.box_w=2,.box_h=2,.ofs_x=0,.ofs_y=-1},
{.bitmap_index=98,.adv_w=44,.box_w=3,.box_h=1,.ofs_x=0,.ofs_y=2},
{.bitmap_index=100,.adv_w=31,.box_w=2,.box_h=1,.ofs_x=0,.ofs_y=1},
{.bitmap_index=101,.adv_w=45,.box_w=3,.box_h=5,.ofs_x=0,.ofs_y=0},
{.bitmap_index=109,.adv_w=63,.box_w=4,.box_h=5,.ofs_x=0,.ofs_y=0},
{.bitmap_index=119,.adv_w=39,.box_w=2,.box_h=5,.ofs_x=0,.ofs_y=0},
{.bitmap_index=124,.adv_w=60,.box_w=4,.box_h=5,.ofs_x=0,.ofs_y=0},
{.bitmap_index=134,.adv_w=58,.box_w=4,.box_h=5,.ofs_x=0,.ofs_y=0},
{.bitmap_index=144,.adv_w=62,.box_w=4,.box_h=5,.ofs_x=0,.ofs_y=0},
{.bitmap_index=154,.adv_w=58,.box_w=4,.box_h=5,.ofs_x=0,.ofs_y=0},
{.bitmap_index=164,.adv_w=58,.box_w=4,.box_h=5,.ofs_x=0,.ofs_y=0},
{.bitmap_index=174,.adv_w=53,.box_w=4,.box_h=5,.ofs_x=0,.ofs_y=0},
{.bitmap_index=184,.adv_w=58,.box_w=4,.box_h=5,.ofs_x=0,.ofs_y=0},
{.bitmap_index=194,.adv_w=58,.box_w=4,.box_h=5,.ofs_x=0,.ofs_y=0},
{.bitmap_index=204,.adv_w=38,.box_w=2,.box_h=3,.ofs_x=0,.ofs_y=1},
{.bitmap_index=207,.adv_w=35,.box_w=2,.box_h=4,.ofs_x=0,.ofs_y=-1},
{.bitmap_index=211,.adv_w=56,.box_w=4,.box_h=4,.ofs_x=0,.ofs_y=0},
{.bitmap_index=219,.adv_w=56,.box_w=4,.box_h=3,.ofs_x=0,.ofs_y=1},
{.bitmap_index=225,.adv_w=56,.box_w=4,.box_h=4,.ofs_x=0,.ofs_y=0},
{.bitmap_index=233,.adv_w=52,.box_w=3,.box_h=5,.ofs_x=0,.ofs_y=0},
{.bitmap_index=241,.adv_w=92,.box_w=6,.box_h=6,.ofs_x=0,.ofs_y=-1},
{.bitmap_index=259,.adv_w=68,.box_w=4,.box_h=5,.ofs_x=0,.ofs_y=0},
{.bitmap_index=269,.adv_w=70,.box_w=4,.box_h=5,.ofs_x=0,.ofs_y=0},
{.bitmap_index=279,.adv_w=68,.box_w=4,.box_h=5,.ofs_x=0,.ofs_y=0},
{.bitmap_index=289,.adv_w=69,.box_w=4,.box_h=5,.ofs_x=0,.ofs_y=0},
{.bitmap_index=299,.adv_w=68,.box_w=4,.box_h=5,.ofs_x=0,.ofs_y=0},
{.bitmap_index=309,.adv_w=64,.box_w=4,.box_h=5,.ofs_x=0,.ofs_y=0},
{.bitmap_index=319,.adv_w=69,.box_w=4,.box_h=5,.ofs_x=0,.ofs_y=0},
{.bitmap_index=329,.adv_w=73,.box_w=4,.box_h=5,.ofs_x=0,.ofs_y=0},
{.bitmap_index=339,.adv_w=29,.box_w=2,.box_h=5,.ofs_x=0,.ofs_y=0},
{.bitmap_index=344,.adv_w=64,.box_w=4,.box_h=5,.ofs_x=0,.ofs_y=0},
{.bitmap_index=354,.adv_w=68,.box_w=5,.box_h=5,.ofs_x=0,.ofs_y=0},
{.bitmap_index=367,.adv_w=64,.box_w=4,.box_h=5,.ofs_x=0,.ofs_y=0},
{.bitmap_index=377,.adv_w=80,.box_w=5,.box_h=5,.ofs_x=0,.ofs_y=0},
{.bitmap_index=390,.adv_w=76,.box_w=5,.box_h=5,.ofs_x=0,.ofs_y=0},
{.bitmap_index=403,.adv_w=70,.box_w=4,.box_h=5,.ofs_x=0,.ofs_y=0},
{.bitmap_index=413,.adv_w=66,.box_w=4,.box_h=5,.ofs_x=0,.ofs_y=0},
{.bitmap_index=423,.adv_w=64,.box_w=4,.box_h=7,.ofs_x=0,.ofs_y=-2},
{.bitmap_index=437,.adv_w=68,.box_w=4,.box_h=5,.ofs_x=0,.ofs_y=0},
{.bitmap_index=447,.adv_w=66,.box_w=4,.box_h=5,.ofs_x=0,.ofs_y=0},
{.bitmap_index=457,.adv_w=64,.box_w=4,.box_h=5,.ofs_x=0,.ofs_y=0},
{.bitmap_index=467,.adv_w=72,.box_w=4,.box_h=5,.ofs_x=0,.ofs_y=0},
{.bitmap_index=477,.adv_w=66,.box_w=4,.box_h=5,.ofs_x=0,.ofs_y=0},
{.bitmap_index=487,.adv_w=98,.box_w=6,.box_h=5,.ofs_x=0,.ofs_y=0},
{.bitmap_index=502,.adv_w=66,.box_w=4,.box_h=5,.ofs_x=0,.ofs_y=0},
{.bitmap_index=512,.adv_w=64,.box_w=4,.box_h=5,.ofs_x=0,.ofs_y=0},
{.bitmap_index=522,.adv_w=62,.box_w=4,.box_h=5,.ofs_x=0,.ofs_y=0},
{.bitmap_index=532,.adv_w=42,.box_w=2,.box_h=7,.ofs_x=0,.ofs_y=-1},
{.bitmap_index=539,.adv_w=45,.box_w=3,.box_h=5,.ofs_x=0,.ofs_y=0},
{.bitmap_index=547,.adv_w=42,.box_w=3,.box_h=7,.ofs_x=0,.ofs_y=-1},
{.bitmap_index=558,.adv_w=50,.box_w=3,.box_h=3,.ofs_x=0,.ofs_y=2},
{.bitmap_index=563,.adv_w=54,.box_w=4,.box_h=1,.ofs_x=0,.ofs_y=0},
{.bitmap_index=565,.adv_w=22,.box_w=2,.box_h=1,.ofs_x=0,.ofs_y=4},
{.bitmap_index=566,.adv_w=57,.box_w=4,.box_h=4,.ofs_x=0,.ofs_y=0},
{.bitmap_index=574,.adv_w=61,.box_w=4,.box_h=5,.ofs_x=0,.ofs_y=0},
{.bitmap_index=584,.adv_w=58,.box_w=4,.box_h=4,.ofs_x=0,.ofs_y=0},
{.bitmap_index=592,.adv_w=61,.box_w=4,.box_h=5,.ofs_x=0,.ofs_y=0},
{.bitmap_index=602,.adv_w=60,.box_w=4,.box_h=4,.ofs_x=0,.ofs_y=0},
{.bitmap_index=610,.adv_w=40,.box_w=3,.box_h=5,.ofs_x=0,.ofs_y=0},
{.bitmap_index=618,.adv_w=60,.box_w=4,.box_h=6,.ofs_x=0,.ofs_y=-2},
{.bitmap_index=630,.adv_w=60,.box_w=4,.box_h=5,.ofs_x=0,.ofs_y=0},
{.bitmap_index=640,.adv_w=28,.box_w=2,.box_h=5,.ofs_x=0,.ofs_y=0},
{.bitmap_index=645,.adv_w=28,.box_w=3,.box_h=7,.ofs_x=-1,.ofs_y=-2},
{.bitmap_index=656,.adv_w=56,.box_w=4,.box_h=5,.ofs_x=0,.ofs_y=0},
{.bitmap_index=666,.adv_w=26,.box_w=2,.box_h=5,.ofs_x=0,.ofs_y=0},
{.bitmap_index=671,.adv_w=92,.box_w=6,.box_h=4,.ofs_x=0,.ofs_y=0},
{.bitmap_index=683,.adv_w=60,.box_w=4,.box_h=4,.ofs_x=0,.ofs_y=0},
{.bitmap_index=691,.adv_w=61,.box_w=4,.box_h=4,.ofs_x=0,.ofs_y=0},
{.bitmap_index=699,.adv_w=62,.box_w=4,.box_h=6,.ofs_x=0,.ofs_y=-2},
{.bitmap_index=711,.adv_w=62,.box_w=4,.box_h=6,.ofs_x=0,.ofs_y=-2},
{.bitmap_index=723,.adv_w=41,.box_w=3,.box_h=4,.ofs_x=0,.ofs_y=0},
{.bitmap_index=729,.adv_w=54,.box_w=3,.box_h=4,.ofs_x=0,.ofs_y=0},
{.bitmap_index=735,.adv_w=41,.box_w=3,.box_h=5,.ofs_x=0,.ofs_y=0},
{.bitmap_index=743,.adv_w=60,.box_w=4,.box_h=4,.ofs_x=0,.ofs_y=0},
{.bitmap_index=751,.adv_w=53,.box_w=4,.box_h=4,.ofs_x=0,.ofs_y=0},
{.bitmap_index=759,.adv_w=81,.box_w=5,.box_h=4,.ofs_x=0,.ofs_y=0},
{.bitmap_index=769,.adv_w=54,.box_w=4,.box_h=4,.ofs_x=0,.ofs_y=0},
{.bitmap_index=777,.adv_w=52,.box_w=4,.box_h=6,.ofs_x=0,.ofs_y=-2},
{.bitmap_index=789,.adv_w=50,.box_w=3,.box_h=4,.ofs_x=0,.ofs_y=0},
{.bitmap_index=795,.adv_w=34,.box_w=2,.box_h=7,.ofs_x=0,.ofs_y=-1},
{.bitmap_index=802,.adv_w=18,.box_w=1,.box_h=7,.ofs_x=0,.ofs_y=-1},
{.bitmap_index=806,.adv_w=34,.box_w=2,.box_h=7,.ofs_x=0,.ofs_y=-1},
{.bitmap_index=813,.adv_w=56,.box_w=4,.box_h=3,.ofs_x=0,.ofs_y=1},
{.bitmap_index=819,.adv_w=43,.box_w=3,.box_h=3,.ofs_x=0,.ofs_y=4}};
static const uint16_t unicode_regular_7[]={0,1,2,3,4,5,6,7,8,9,10,11,12,13,14,15,16,17,18,19,20,21,22,23,24,25,26,27,28,29,30,31,32,33,34,35,36,37,38,39,40,41,42,43,44,45,46,47,48,49,50,51,52,53,54,55,56,57,58,59,60,61,62,63,64,65,66,67,68,69,70,71,72,73,74,75,76,77,78,79,80,81,82,83,84,85,86,87,88,89,90,91,92,93,94,144};
static const lv_font_fmt_txt_cmap_t cmap_regular_7[]={{.range_start=32,.range_length=145,.glyph_id_start=1,.unicode_list=unicode_regular_7,.list_length=96,.type=LV_FONT_FMT_TXT_CMAP_SPARSE_TINY}};
static const lv_font_fmt_txt_dsc_t dsc_regular_7={.glyph_bitmap=bitmap_regular_7,.glyph_dsc=glyphs_regular_7,.cmaps=cmap_regular_7,.cmap_num=1,.bpp=4,.bitmap_format=LV_FONT_FMT_TXT_PLAIN};
const lv_font_t font_wf_7={.get_glyph_dsc=lv_font_get_glyph_dsc_fmt_txt,.get_glyph_bitmap=lv_font_get_bitmap_fmt_txt,.line_height=9,.base_line=2,.dsc=&dsc_regular_7,.fallback=&font_cn16,.user_data=(void *)font_license};
static const uint8_t bitmap_regular_9[]={
0x09,0x09,0x09,0x09,0x05,0x00,0x0b,0x98,0x18,0x70,0x00,0x00,0x00,0x40,0x40,0x02,0x70,0x90,0x0c,0xbb,0xc2,0x07,0x35,0x50,
0x3d,0xac,0xa0,0x0a,0x09,0x00,0x0a,0x0a,0x00,0x00,0x40,0x00,0x5c,0x50,0x47,0x07,0x45,0x50,0x14,0x09,0x80,0x00,0x03,0xb2,
0x60,0x02,0x74,0x82,0x74,0x03,0xc3,0x00,0x02,0x00,0x08,0x82,0x07,0x01,0x61,0x56,0x10,0x06,0x71,0x70,0x00,0x00,0x61,0x00,
0x00,0x07,0x37,0x30,0x06,0x17,0x07,0x00,0x70,0x55,0x50,0x09,0xb8,0x00,0x0a,0x0a,0x00,0x0a,0x4a,0x00,0x07,0xe1,0x00,0x49,
0x47,0x31,0x72,0x08,0xa0,0x2a,0x89,0x91,0x98,0x01,0x30,0x73,0x0b,0x00,0xc0,0x0b,0x00,0xc0,0x0c,0x00,0xa0,0x04,0x60,0x13,
0x00,0xa0,0x09,0x10,0x74,0x05,0x50,0x65,0x08,0x30,0xa0,0x19,0x00,0x03,0x00,0x49,0x61,0x3c,0x80,0x16,0x00,0x00,0x80,0x00,
0x08,0x00,0x69,0xd9,0x10,0x08,0x00,0x00,0x00,0x00,0x02,0x26,0x52,0x69,0x91,0x16,0x00,0xa0,0x28,0x06,0x30,0xa0,0x09,0x04,
0x50,0x91,0x00,0x09,0x99,0x04,0x60,0x45,0x54,0x03,0x75,0x40,0x37,0x54,0x03,0x74,0x60,0x45,0x09,0x99,0x00,0x3c,0x41,0x55,
0x05,0x50,0x55,0x05,0x50,0x55,0x05,0x40,0x1a,0x97,0x06,0x30,0x90,0x10,0x0a,0x00,0x05,0x70,0x01,0xa0,0x00,0xa1,0x00,0x6d,
0xaa,0x20,0x49,0x9e,0x00,0x08,0x50,0x04,0xc0,0x00,0x03,0xa0,0x10,0x0a,0x07,0x30,0xa0,0x1a,0xa6,0x00,0x00,0xa0,0x00,0x55,
0x00,0x0a,0x02,0x03,0x70,0xa0,0x7b,0xad,0x40,0x00,0xa0,0x00,0x09,0x00,0x6a,0x98,0x06,0x30,0x00,0x6a,0x96,0x04,0x50,0xa0,
0x00,0x07,0x25,0x50,0xa1,0x09,0x97,0x00,0x0a,0x98,0x05,0x40,0x50,0x69,0xa5,0x06,0x70,0xa0,0x63,0x07,0x25,0x60,0x91,0x09,
0x97,0x00,0x9a,0xae,0x01,0x00,0xa0,0x00,0x46,0x00,0x09,0x10,0x00,0xb0,0x00,0x47,0x00,0x09,0x10,0x00,0x09,0x96,0x04,0x50,
0xa0,0x47,0x0b,0x00,0xcb,0x80,0x55,0x0a,0x06,0x40,0x91,0x0a,0x98,0x00,0x0a,0x97,0x05,0x50,0xa0,0x72,0x08,0x14,0x60,0xc1,
0x08,0x9b,0x13,0x30,0x90,0x1a,0x97,0x00,0x80,0x08,0x0c,0x01,0x01,0x08,0x07,0x00,0x02,0x10,0x49,0x60,0x88,0x00,0x00,0x69,
0x40,0x00,0x05,0x10,0x8e,0xee,0x10,0x00,0x00,0x8e,0xee,0x10,0x30,0x00,0x02,0x97,0x10,0x00,0x2d,0x11,0x78,0x20,0x41,0x00,
0x00,0x2a,0xb4,0x91,0x0a,0x10,0x29,0x01,0xa0,0x06,0x40,0x00,0x00,0x07,0x40,0x00,0x57,0x86,0x00,0x75,0x88,0x37,0x25,0x70,
0x80,0x76,0x17,0x09,0x08,0x52,0x47,0x68,0x21,0x90,0x01,0x00,0x02,0x87,0x60,0x00,0x00,0xc4,0x00,0x01,0xa8,0x00,0x06,0x4a,
0x00,0x0a,0x08,0x20,0x0a,0x04,0x60,0x4c,0x99,0xb0,0x81,0x00,0xa0,0x2c,0xaa,0x52,0x70,0x0a,0x27,0x00,0x92,0xca,0xd4,0x27,
0x00,0xa2,0x70,0x0a,0x2c,0xaa,0x60,0x08,0x9a,0x23,0x60,0x0a,0x54,0x00,0x25,0x40,0x00,0x54,0x00,0x13,0x60,0x0a,0x08,0x9a,
0x20,0x2c,0xaa,0x52,0x70,0x0b,0x27,0x00,0xa2,0x70,0x0a,0x27,0x00,0xa2,0x70,0x0a,0x2c,0xaa,0x50,0x2c,0xaa,0x92,0x70,0x00,
0x27,0x00,0x02,0xca,0x90,0x27,0x00,0x02,0x70,0x00,0x2c,0xaa,0x90,0x2c,0x99,0x82,0x70,0x00,0x27,0x00,0x02,0xc9,0x80,0x27,
0x00,0x02,0x70,0x00,0x27,0x00,0x00,0x08,0x99,0x33,0x60,0x0a,0x54,0x00,0x15,0x42,0xaa,0x54,0x00,0xa3,0x60,0x09,0x08,0x9a,
0x20,0x27,0x00,0x90,0x27,0x00,0x91,0x27,0x00,0x91,0x2d,0xaa,0xd1,0x27,0x00,0x91,0x27,0x00,0x91,0x27,0x00,0x90,0x27,0x27,
0x27,0x27,0x27,0x27,0x27,0x00,0x04,0x50,0x00,0x45,0x00,0x04,0x50,0x00,0x45,0x80,0x04,0x59,0x00,0x63,0x29,0x98,0x00,0x27,
0x01,0xa0,0x27,0x0a,0x10,0x27,0x93,0x00,0x2d,0xc2,0x00,0x29,0x0a,0x00,0x27,0x05,0x60,0x27,0x00,0xa1,0x27,0x00,0x02,0x70,
0x00,0x27,0x00,0x02,0x70,0x00,0x27,0x00,0x02,0x70,0x00,0x2c,0xaa,0x70,0x2c,0x00,0x59,0x2d,0x50,0xb9,0x27,0xb8,0x49,0x27,
0x39,0x09,0x27,0x00,0x09,0x27,0x00,0x09,0x27,0x00,0x09,0x2b,0x00,0x63,0x2d,0x40,0x63,0x27,0xa0,0x63,0x27,0x56,0x63,0x27,
0x0a,0x63,0x27,0x03,0xd3,0x27,0x00,0xa3,0x07,0x9a,0x23,0x70,0x0a,0x54,0x00,0xa5,0x40,0x0a,0x54,0x00,0xa3,0x70,0x0a,0x07,
0x9a,0x20,0x3c,0x9a,0x63,0x60,0x0a,0x36,0x00,0xa3,0xc9,0xa4,0x36,0x00,0x03,0x60,0x00,0x36,0x00,0x00,0x09,0xaa,0x15,0x50,
0x27,0x72,0x00,0xa7,0x20,0x0a,0x72,0x00,0xa5,0x50,0x28,0x09,0xaa,0x10,0x0a,0x00,0x2c,0x9a,0x60,0x27,0x00,0xa0,0x27,0x00,
0xb0,0x2c,0x9c,0x40,0x27,0x09,0x10,0x27,0x03,0x70,0x27,0x00,0xa0,0x09,0x9a,0x25,0x40,0x09,0x2a,0x10,0x10,0x3a,0x80,0x10,
0x04,0x87,0x30,0x0a,0x1a,0x99,0x30,0x59,0xd9,0x70,0x0a,0x00,0x00,0xa0,0x00,0x0a,0x00,0x00,0xa0,0x00,0x0a,0x00,0x00,0xa0,
0x00,0x36,0x00,0x90,0x36,0x00,0x91,0x36,0x00,0x91,0x36,0x00,0x91,0x36,0x00,0x90,0x19,0x00,0xa0,0x06,0x9a,0x40,0x81,0x00,
0xa4,0x60,0x19,0x09,0x05,0x40,0xa0,0x90,0x06,0x39,0x00,0x2a,0x60,0x00,0xd1,0x00,0x90,0x07,0x50,0x18,0x64,0x0a,0x90,0x54,
0x28,0x09,0xa0,0x91,0x0a,0x36,0x81,0xa0,0x09,0x72,0x46,0x80,0x06,0xd0,0x1e,0x40,0x01,0xb0,0x0c,0x10,0x64,0x00,0x90,0xa0,
0x72,0x05,0x79,0x00,0x0d,0x20,0x04,0x88,0x00,0xa0,0x82,0x64,0x00,0xa0,0x73,0x02,0x80,0xa0,0x91,0x07,0x48,0x00,0x0e,0x10,
0x00,0xa0,0x00,0x0a,0x00,0x00,0xa0,0x00,0x5a,0xac,0x60,0x00,0xa0,0x00,0x56,0x00,0x0a,0x00,0x08,0x30,0x01,0x90,0x00,0x8b,
0xaa,0x40,0x9a,0x1a,0x00,0xa0,0x0a,0x00,0xa0,0x0a,0x00,0xa0,0x0a,0x00,0x9a,0x20,0x36,0x00,0x0a,0x00,0x09,0x00,0x05,0x50,
0x00,0x90,0x00,0xa0,0x00,0x63,0x7b,0x10,0x82,0x08,0x20,0x82,0x08,0x20,0x82,0x08,0x20,0x82,0x7b,0x10,0x06,0x70,0x08,0x80,
0x26,0x62,0x71,0x17,0x68,0x88,0x00,0x40,0x44,0x1b,0xa7,0x11,0x0a,0x1a,0xad,0x82,0x0a,0x4a,0x8d,0x45,0x00,0x04,0x50,0x00,
0x4b,0x9a,0x04,0x80,0x73,0x46,0x05,0x54,0x80,0x73,0x4b,0x99,0x00,0x09,0x99,0x05,0x50,0x51,0x63,0x00,0x05,0x50,0x41,0x09,
0x99,0x00,0x00,0x07,0x20,0x00,0x73,0x0a,0xac,0x35,0x60,0x93,0x63,0x07,0x35,0x50,0x93,0x0a,0x8c,0x20,0x09,0x98,0x05,0x50,
0x82,0x6a,0x9a,0x24,0x50,0x10,0x0a,0x98,0x00,0x09,0x80,0xa0,0x6d,0x80,0xa0,0x0a,0x00,0xa0,0x0a,0x00,0x0a,0x9c,0x25,0x50,
0x92,0x73,0x07,0x25,0x50,0x92,0x0a,0x8c,0x20,0x00,0x91,0x04,0xb7,0x00,0x45,0x00,0x04,0x50,0x00,0x4b,0x9a,0x04,0x60,0x82,
0x45,0x07,0x34,0x50,0x73,0x45,0x07,0x20,0x38,0x00,0x27,0x37,0x37,0x37,0x27,0x05,0x70,0x00,0x04,0x50,0x46,0x04,0x60,0x46,
0x04,0x60,0x55,0x2b,0x10,0x45,0x00,0x04,0x50,0x00,0x45,0x2a,0x04,0x6d,0x00,0x4d,0x83,0x04,0x60,0x90,0x45,0x09,0x10,0x45,
0x45,0x45,0x45,0x45,0x45,0x45,0x4b,0x89,0x79,0x54,0x60,0xa1,0x0a,0x45,0x09,0x10,0xa4,0x50,0x91,0x0a,0x45,0x09,0x00,0x90,
0x4b,0x89,0x04,0x60,0x82,0x45,0x07,0x34,0x50,0x73,0x45,0x07,0x20,0x09,0x99,0x05,0x50,0x73,0x63,0x05,0x55,0x50,0x73,0x09,
0xa9,0x00,0x3c,0x9a,0x03,0x90,0x64,0x37,0x04,0x63,0x90,0x64,0x3c,0x9a,0x03,0x60,0x00,0x36,0x00,0x00,0x0a,0x9c,0x25,0x50,
0x93,0x63,0x07,0x35,0x60,0x93,0x0a,0x9c,0x30,0x00,0x73,0x00,0x07,0x20,0x4a,0x90,0x47,0x00,0x45,0x00,0x45,0x00,0x45,0x00,
0x29,0x86,0x64,0x04,0x08,0xb3,0x30,0x0a,0x29,0x96,0x09,0x06,0xd7,0x0a,0x00,0xa0,0x0a,0x00,0xa7,0x54,0x08,0x15,0x40,0x81,
0x54,0x08,0x15,0x50,0x91,0x0a,0x8c,0x10,0x91,0x0a,0x46,0x18,0x0a,0x64,0x09,0xa0,0x05,0xa0,0x90,0x3a,0x08,0x15,0x47,0xb0,
0xa0,0x18,0x96,0x38,0x00,0x98,0x2b,0x40,0x08,0x50,0xd0,0x00,0x73,0x0a,0x0a,0x82,0x06,0xa0,0x0a,0x82,0x73,0x0a,0x90,0x0a,
0x54,0x27,0x09,0x62,0x09,0x90,0x06,0x80,0x06,0x30,0x49,0x00,0x6a,0xba,0x00,0xa1,0x06,0x50,0x29,0x00,0xab,0xa6,0x0b,0x42,
0x80,0x27,0x03,0x70,0x93,0x03,0x70,0x27,0x02,0x80,0x0b,0x40,0x90,0x91,0x91,0x91,0x91,0x91,0x91,0x90,0x78,0x00,0xa0,0x0a,
0x00,0xa0,0x08,0x50,0xa0,0x0a,0x00,0xa0,0x78,0x00,0x4a,0x66,0x01,0x07,0x80,0x27,0x50,0x70,0x61,0x70,0x60,0x17,0x50,
};
static const lv_font_fmt_txt_glyph_dsc_t glyphs_regular_9[]={{0,0,0,0,0,0},
{.bitmap_index=0,.adv_w=29,.box_w=0,.box_h=0,.ofs_x=0,.ofs_y=0},
{.bitmap_index=0,.adv_w=46,.box_w=2,.box_h=7,.ofs_x=0,.ofs_y=0},
{.bitmap_index=7,.adv_w=38,.box_w=3,.box_h=3,.ofs_x=0,.ofs_y=4},
{.bitmap_index=12,.adv_w=95,.box_w=6,.box_h=7,.ofs_x=0,.ofs_y=0},
{.bitmap_index=33,.adv_w=80,.box_w=5,.box_h=10,.ofs_x=0,.ofs_y=-2},
{.bitmap_index=58,.adv_w=122,.box_w=7,.box_h=7,.ofs_x=0,.ofs_y=0},
{.bitmap_index=83,.adv_w=95,.box_w=6,.box_h=7,.ofs_x=0,.ofs_y=0},
{.bitmap_index=104,.adv_w=19,.box_w=1,.box_h=2,.ofs_x=0,.ofs_y=5},
{.bitmap_index=105,.adv_w=38,.box_w=3,.box_h=9,.ofs_x=-1,.ofs_y=-1},
{.bitmap_index=119,.adv_w=38,.box_w=3,.box_h=9,.ofs_x=0,.ofs_y=-1},
{.bitmap_index=133,.adv_w=57,.box_w=4,.box_h=4,.ofs_x=0,.ofs_y=4},
{.bitmap_index=141,.adv_w=72,.box_w=5,.box_h=5,.ofs_x=0,.ofs_y=0},
{.bitmap_index=154,.adv_w=38,.box_w=2,.box_h=3,.ofs_x=0,.ofs_y=-1},
{.bitmap_index=157,.adv_w=57,.box_w=4,.box_h=1,.ofs_x=0,.ofs_y=3},
{.bitmap_index=159,.adv_w=40,.box_w=2,.box_h=1,.ofs_x=0,.ofs_y=1},
{.bitmap_index=160,.adv_w=58,.box_w=3,.box_h=7,.ofs_x=0,.ofs_y=0},
{.bitmap_index=171,.adv_w=81,.box_w=5,.box_h=7,.ofs_x=0,.ofs_y=0},
{.bitmap_index=189,.adv_w=50,.box_w=3,.box_h=7,.ofs_x=0,.ofs_y=0},
{.bitmap_index=200,.adv_w=77,.box_w=5,.box_h=7,.ofs_x=0,.ofs_y=0},
{.bitmap_index=218,.adv_w=74,.box_w=5,.box_h=7,.ofs_x=0,.ofs_y=0},
{.bitmap_index=236,.adv_w=79,.box_w=5,.box_h=7,.ofs_x=0,.ofs_y=0},
{.bitmap_index=254,.adv_w=74,.box_w=5,.box_h=7,.ofs_x=0,.ofs_y=0},
{.bitmap_index=272,.adv_w=74,.box_w=5,.box_h=7,.ofs_x=0,.ofs_y=0},
{.bitmap_index=290,.adv_w=68,.box_w=5,.box_h=7,.ofs_x=0,.ofs_y=0},
{.bitmap_index=308,.adv_w=75,.box_w=5,.box_h=7,.ofs_x=0,.ofs_y=0},
{.bitmap_index=326,.adv_w=75,.box_w=5,.box_h=7,.ofs_x=0,.ofs_y=0},
{.bitmap_index=344,.adv_w=49,.box_w=1,.box_h=4,.ofs_x=1,.ofs_y=1},
{.bitmap_index=346,.adv_w=45,.box_w=2,.box_h=5,.ofs_x=0,.ofs_y=-1},
{.bitmap_index=351,.adv_w=72,.box_w=5,.box_h=5,.ofs_x=0,.ofs_y=0},
{.bitmap_index=364,.adv_w=72,.box_w=5,.box_h=3,.ofs_x=0,.ofs_y=1},
{.bitmap_index=372,.adv_w=72,.box_w=5,.box_h=5,.ofs_x=0,.ofs_y=0},
{.bitmap_index=385,.adv_w=66,.box_w=4,.box_h=7,.ofs_x=0,.ofs_y=0},
{.bitmap_index=399,.adv_w=119,.box_w=7,.box_h=7,.ofs_x=0,.ofs_y=-1},
{.bitmap_index=424,.adv_w=88,.box_w=6,.box_h=7,.ofs_x=0,.ofs_y=0},
{.bitmap_index=445,.adv_w=90,.box_w=5,.box_h=7,.ofs_x=0,.ofs_y=0},
{.bitmap_index=463,.adv_w=88,.box_w=5,.box_h=7,.ofs_x=0,.ofs_y=0},
{.bitmap_index=481,.adv_w=89,.box_w=5,.box_h=7,.ofs_x=0,.ofs_y=0},
{.bitmap_index=499,.adv_w=87,.box_w=5,.box_h=7,.ofs_x=0,.ofs_y=0},
{.bitmap_index=517,.adv_w=82,.box_w=5,.box_h=7,.ofs_x=0,.ofs_y=0},
{.bitmap_index=535,.adv_w=88,.box_w=5,.box_h=7,.ofs_x=0,.ofs_y=0},
{.bitmap_index=553,.adv_w=94,.box_w=6,.box_h=7,.ofs_x=0,.ofs_y=0},
{.bitmap_index=574,.adv_w=37,.box_w=2,.box_h=7,.ofs_x=0,.ofs_y=0},
{.bitmap_index=581,.adv_w=83,.box_w=5,.box_h=7,.ofs_x=0,.ofs_y=0},
{.bitmap_index=599,.adv_w=88,.box_w=6,.box_h=7,.ofs_x=0,.ofs_y=0},
{.bitmap_index=620,.adv_w=82,.box_w=5,.box_h=7,.ofs_x=0,.ofs_y=0},
{.bitmap_index=638,.adv_w=103,.box_w=6,.box_h=7,.ofs_x=0,.ofs_y=0},
{.bitmap_index=659,.adv_w=97,.box_w=6,.box_h=7,.ofs_x=0,.ofs_y=0},
{.bitmap_index=680,.adv_w=90,.box_w=5,.box_h=7,.ofs_x=0,.ofs_y=0},
{.bitmap_index=698,.adv_w=85,.box_w=5,.box_h=7,.ofs_x=0,.ofs_y=0},
{.bitmap_index=716,.adv_w=83,.box_w=5,.box_h=8,.ofs_x=0,.ofs_y=-1},
{.bitmap_index=736,.adv_w=88,.box_w=6,.box_h=7,.ofs_x=0,.ofs_y=0},
{.bitmap_index=757,.adv_w=84,.box_w=5,.box_h=7,.ofs_x=0,.ofs_y=0},
{.bitmap_index=775,.adv_w=82,.box_w=5,.box_h=7,.ofs_x=0,.ofs_y=0},
{.bitmap_index=793,.adv_w=93,.box_w=6,.box_h=7,.ofs_x=0,.ofs_y=0},
{.bitmap_index=814,.adv_w=85,.box_w=5,.box_h=7,.ofs_x=0,.ofs_y=0},
{.bitmap_index=832,.adv_w=126,.box_w=8,.box_h=7,.ofs_x=0,.ofs_y=0},
{.bitmap_index=860,.adv_w=85,.box_w=5,.box_h=7,.ofs_x=0,.ofs_y=0},
{.bitmap_index=878,.adv_w=82,.box_w=5,.box_h=7,.ofs_x=0,.ofs_y=0},
{.bitmap_index=896,.adv_w=79,.box_w=5,.box_h=7,.ofs_x=0,.ofs_y=0},
{.bitmap_index=914,.adv_w=55,.box_w=3,.box_h=9,.ofs_x=0,.ofs_y=-1},
{.bitmap_index=928,.adv_w=58,.box_w=4,.box_h=7,.ofs_x=0,.ofs_y=0},
{.bitmap_index=942,.adv_w=55,.box_w=3,.box_h=9,.ofs_x=1,.ofs_y=-1},
{.bitmap_index=956,.adv_w=65,.box_w=4,.box_h=4,.ofs_x=0,.ofs_y=3},
{.bitmap_index=964,.adv_w=70,.box_w=5,.box_h=1,.ofs_x=0,.ofs_y=0},
{.bitmap_index=967,.adv_w=28,.box_w=2,.box_h=2,.ofs_x=0,.ofs_y=6},
{.bitmap_index=969,.adv_w=74,.box_w=4,.box_h=5,.ofs_x=0,.ofs_y=0},
{.bitmap_index=979,.adv_w=78,.box_w=5,.box_h=7,.ofs_x=0,.ofs_y=0},
{.bitmap_index=997,.adv_w=75,.box_w=5,.box_h=5,.ofs_x=0,.ofs_y=0},
{.bitmap_index=1010,.adv_w=78,.box_w=5,.box_h=7,.ofs_x=0,.ofs_y=0},
{.bitmap_index=1028,.adv_w=77,.box_w=5,.box_h=5,.ofs_x=0,.ofs_y=0},
{.bitmap_index=1041,.adv_w=51,.box_w=3,.box_h=7,.ofs_x=0,.ofs_y=0},
{.bitmap_index=1052,.adv_w=77,.box_w=5,.box_h=7,.ofs_x=0,.ofs_y=-2},
{.bitmap_index=1070,.adv_w=78,.box_w=5,.box_h=7,.ofs_x=0,.ofs_y=0},
{.bitmap_index=1088,.adv_w=37,.box_w=2,.box_h=7,.ofs_x=0,.ofs_y=0},
{.bitmap_index=1095,.adv_w=35,.box_w=3,.box_h=9,.ofs_x=-1,.ofs_y=-2},
{.bitmap_index=1109,.adv_w=72,.box_w=5,.box_h=7,.ofs_x=0,.ofs_y=0},
{.bitmap_index=1127,.adv_w=33,.box_w=2,.box_h=7,.ofs_x=0,.ofs_y=0},
{.bitmap_index=1134,.adv_w=119,.box_w=7,.box_h=5,.ofs_x=0,.ofs_y=0},
{.bitmap_index=1152,.adv_w=78,.box_w=5,.box_h=5,.ofs_x=0,.ofs_y=0},
{.bitmap_index=1165,.adv_w=78,.box_w=5,.box_h=5,.ofs_x=0,.ofs_y=0},
{.bitmap_index=1178,.adv_w=80,.box_w=5,.box_h=7,.ofs_x=0,.ofs_y=-2},
{.bitmap_index=1196,.adv_w=80,.box_w=5,.box_h=7,.ofs_x=0,.ofs_y=-2},
{.bitmap_index=1214,.adv_w=52,.box_w=4,.box_h=5,.ofs_x=0,.ofs_y=0},
{.bitmap_index=1224,.adv_w=69,.box_w=4,.box_h=5,.ofs_x=0,.ofs_y=0},
{.bitmap_index=1234,.adv_w=52,.box_w=3,.box_h=6,.ofs_x=0,.ofs_y=0},
{.bitmap_index=1243,.adv_w=77,.box_w=5,.box_h=5,.ofs_x=0,.ofs_y=0},
{.bitmap_index=1256,.adv_w=68,.box_w=4,.box_h=5,.ofs_x=0,.ofs_y=0},
{.bitmap_index=1266,.adv_w=104,.box_w=7,.box_h=5,.ofs_x=0,.ofs_y=0},
{.bitmap_index=1284,.adv_w=69,.box_w=4,.box_h=5,.ofs_x=0,.ofs_y=0},
{.bitmap_index=1294,.adv_w=66,.box_w=4,.box_h=7,.ofs_x=0,.ofs_y=-2},
{.bitmap_index=1308,.adv_w=64,.box_w=4,.box_h=5,.ofs_x=0,.ofs_y=0},
{.bitmap_index=1318,.adv_w=44,.box_w=3,.box_h=9,.ofs_x=0,.ofs_y=-1},
{.bitmap_index=1332,.adv_w=24,.box_w=2,.box_h=8,.ofs_x=0,.ofs_y=-1},
{.bitmap_index=1340,.adv_w=44,.box_w=3,.box_h=9,.ofs_x=0,.ofs_y=-1},
{.bitmap_index=1354,.adv_w=72,.box_w=5,.box_h=2,.ofs_x=0,.ofs_y=2},
{.bitmap_index=1359,.adv_w=55,.box_w=4,.box_h=4,.ofs_x=0,.ofs_y=5}};
static const uint16_t unicode_regular_9[]={0,1,2,3,4,5,6,7,8,9,10,11,12,13,14,15,16,17,18,19,20,21,22,23,24,25,26,27,28,29,30,31,32,33,34,35,36,37,38,39,40,41,42,43,44,45,46,47,48,49,50,51,52,53,54,55,56,57,58,59,60,61,62,63,64,65,66,67,68,69,70,71,72,73,74,75,76,77,78,79,80,81,82,83,84,85,86,87,88,89,90,91,92,93,94,144};
static const lv_font_fmt_txt_cmap_t cmap_regular_9[]={{.range_start=32,.range_length=145,.glyph_id_start=1,.unicode_list=unicode_regular_9,.list_length=96,.type=LV_FONT_FMT_TXT_CMAP_SPARSE_TINY}};
static const lv_font_fmt_txt_dsc_t dsc_regular_9={.glyph_bitmap=bitmap_regular_9,.glyph_dsc=glyphs_regular_9,.cmaps=cmap_regular_9,.cmap_num=1,.bpp=4,.bitmap_format=LV_FONT_FMT_TXT_PLAIN};
const lv_font_t font_wf_9={.get_glyph_dsc=lv_font_get_glyph_dsc_fmt_txt,.get_glyph_bitmap=lv_font_get_bitmap_fmt_txt,.line_height=11,.base_line=2,.dsc=&dsc_regular_9,.fallback=&font_cn16,.user_data=(void *)font_license};
static const uint8_t bitmap_regular_14[]={
0x00,0x00,0x3b,0x00,0xfc,0x22,0x2a,0x00,0x25,0x13,0x00,0x00,0x00,0x96,0xa4,0x13,0x07,0xe1,0x21,0x00,0x00,0x00,0x70,0x02,
0x58,0x00,0x46,0x00,0x45,0x06,0xc2,0xdd,0x17,0x13,0x4b,0xef,0x8e,0x90,0x77,0x00,0x48,0x02,0x23,0x06,0x60,0x03,0x52,0xf6,
0xd2,0x43,0x43,0xb5,0x2e,0x40,0xcc,0x00,0x77,0x00,0x00,0x00,0x00,0x00,0xff,0xa1,0x00,0x30,0xcb,0x4b,0x80,0x5b,0x9d,0x9b,
0x20,0x02,0x50,0x1a,0x70,0x01,0xa8,0x05,0x80,0x0c,0xec,0x50,0x20,0x00,0xdf,0x66,0x90,0x00,0x80,0xa6,0x5e,0x07,0x20,0x12,
0x18,0x1b,0x30,0x41,0xd4,0x01,0x9f,0xed,0xfb,0x00,0x0c,0xb4,0x40,0x00,0x00,0x00,0x1c,0xd8,0x00,0x0d,0x00,0x23,0xb4,0x0c,
0x26,0x40,0x13,0x00,0x80,0x91,0x80,0x23,0xf7,0x8e,0x20,0x01,0x0d,0xeb,0x98,0x10,0x07,0xd3,0x00,0x1f,0x26,0x8c,0x6d,0x00,
0x6f,0x75,0xfd,0xf7,0x00,0x2e,0x80,0x61,0x00,0xb9,0x81,0x7b,0x7d,0xc0,0x00,0x00,0x00,0x4e,0xe9,0x80,0x32,0x96,0xea,0xc8,
0x02,0x32,0x00,0x08,0x80,0x27,0x71,0x38,0x18,0x04,0x31,0xb9,0xa0,0x18,0xe1,0x40,0x40,0x36,0xd5,0x0a,0x42,0x80,0xc9,0x02,
0x4b,0x48,0x08,0xa0,0x10,0x2c,0x01,0xbf,0xdc,0xc6,0xc8,0x80,0x00,0x00,0x96,0x10,0xe2,0x00,0x00,0x00,0x5a,0x01,0xb2,0x05,
0xa8,0x01,0x30,0x00,0x6c,0x01,0x18,0x07,0xc6,0x00,0x26,0x00,0x26,0x00,0x29,0x40,0x06,0x28,0x00,0x00,0x96,0x0a,0x80,0x30,
0x30,0x44,0x01,0x70,0x71,0x80,0x80,0x3c,0xc0,0xbc,0x11,0x4c,0xea,0xb0,0x00,0x00,0x00,0x40,0x80,0x16,0x49,0xec,0x17,0x56,
0xac,0x17,0x56,0xa8,0x0b,0x24,0xf4,0x00,0x00,0x00,0x00,0xb4,0x03,0xc6,0x01,0xfe,0x5d,0xd0,0xee,0x95,0x5b,0xa1,0xdd,0x28,
0x04,0x60,0x10,0x00,0x00,0x08,0x50,0x44,0x03,0x88,0x00,0x00,0x5d,0xdc,0x00,0x00,0x86,0x2e,0x00,0x00,0x00,0xa1,0x80,0x25,
0x70,0x01,0x88,0x80,0x17,0x60,0x09,0x54,0x00,0x20,0x20,0x02,0xa8,0x02,0xbb,0x00,0x04,0x46,0x00,0x75,0x00,0x80,0x00,0x00,
0x1a,0xdd,0x48,0x5e,0xec,0x12,0xae,0x00,0xb4,0x00,0xc6,0x60,0x0f,0xfe,0x51,0x99,0x5c,0x01,0x69,0x7b,0xb0,0x48,0x00,0x00,
0x05,0xe9,0x1f,0x70,0x1a,0xf0,0x0f,0xfe,0x88,0x00,0x00,0x03,0xcd,0xd2,0x80,0x37,0xf7,0xec,0x88,0x66,0x02,0x47,0x2c,0x00,
0x9d,0x80,0x40,0x0e,0xc6,0x01,0x1c,0xd0,0x04,0x3b,0x42,0x01,0x6c,0xa0,0x05,0x2c,0xe0,0x11,0x32,0x6e,0xd2,0x00,0x00,0x2d,
0xdb,0xbc,0xcb,0x76,0x44,0x18,0x04,0xee,0xb0,0x09,0x22,0x40,0x33,0xc7,0xc0,0x04,0x6f,0x6c,0x20,0x20,0x12,0xa8,0xf4,0x02,
0x77,0x19,0x18,0x19,0x18,0x6f,0xef,0xe8,0x00,0x00,0x00,0x00,0xa5,0xc0,0x30,0xbb,0x80,0x34,0xb0,0x06,0x16,0x90,0x0c,0xcc,
0x10,0xe0,0x04,0xc8,0x00,0x22,0x40,0xfe,0xe0,0x6a,0x77,0x60,0xd0,0x0f,0xfe,0x00,0x88,0x00,0x00,0x1f,0xdd,0xc2,0x03,0xbb,
0x84,0x03,0xff,0x89,0x3b,0xa6,0x00,0x0e,0xeb,0x2c,0xc7,0xd0,0x05,0x50,0x1c,0x02,0x10,0x05,0x28,0x0b,0xa0,0x7f,0x6e,0x59,
0x80,0x00,0x00,0x02,0xcd,0xd2,0x00,0x3e,0x77,0xe8,0x44,0x4a,0x04,0x84,0x02,0x01,0x51,0x80,0x23,0x74,0xc0,0x01,0xed,0xf8,
0x20,0x03,0x01,0x32,0x88,0x06,0x10,0x01,0xb0,0x0a,0x20,0x37,0x6c,0xb3,0x00,0x00,0x7e,0xdd,0xbd,0x0f,0x77,0x0a,0xa1,0x80,
0x15,0x42,0x01,0xbb,0x80,0x18,0x55,0x40,0x19,0x90,0x03,0xaf,0x80,0x31,0x11,0x00,0x35,0x30,0x07,0x2d,0x80,0x40,0x00,0x00,
0x02,0xce,0xd4,0x00,0x75,0x77,0xd0,0x81,0xb0,0x12,0xa8,0x0d,0x80,0xd5,0x41,0xd3,0xf9,0x02,0x1d,0x3f,0x90,0x22,0x26,0x03,
0x47,0x00,0xe3,0x01,0x35,0x02,0x74,0x0f,0x9e,0xfb,0x20,0x00,0x00,0x03,0xcd,0xd2,0x00,0x36,0x37,0xe8,0x48,0xd0,0x09,0x14,
0x03,0xc4,0x40,0x60,0x35,0x00,0x7e,0xea,0x50,0x00,0x57,0xb4,0x40,0x0d,0x00,0x8c,0xc0,0xcc,0x02,0x47,0x0a,0xdd,0x7d,0x90,
0x00,0x00,0x3b,0x07,0x50,0x4e,0x00,0xf8,0xec,0x1d,0x40,0x00,0x00,0x5b,0x02,0x60,0x7d,0x00,0xf9,0x24,0x0b,0xc3,0x94,0x00,
0x00,0x00,0x00,0xc3,0x0c,0x00,0x29,0xce,0x62,0xae,0xcd,0x60,0x74,0x95,0x00,0x97,0xf3,0x5c,0x02,0x19,0xcf,0xd4,0x00,0x86,
0x35,0x80,0x00,0x00,0x6e,0xee,0x66,0x77,0x73,0x00,0x7c,0xdd,0xdc,0xc0,0x00,0x00,0x68,0x10,0x0c,0xdd,0x92,0x40,0x13,0x6e,
0x75,0x10,0x04,0xb2,0x8e,0x00,0x7d,0xcf,0x54,0xdf,0xc9,0x10,0x6d,0x81,0x00,0x80,0x00,0x00,0x06,0xdd,0x58,0x9d,0xe6,0xe5,
0xaa,0x84,0x11,0x99,0x00,0x0a,0x50,0x0a,0x8a,0x40,0x0c,0x36,0x01,0x76,0x00,0x68,0x70,0x0d,0x0e,0x01,0x8b,0xc0,0x00,0x00,
0x00,0x00,0x8a,0x77,0x58,0xc0,0x19,0xa7,0x77,0x7d,0x00,0x13,0x2c,0xb6,0x6e,0x4d,0x03,0xec,0xb7,0x5e,0x61,0x5a,0x00,0x14,
0xe0,0x5e,0x02,0x31,0x10,0x0b,0x03,0x08,0x11,0x04,0x40,0x05,0x09,0xe0,0x8b,0x00,0x13,0x6e,0xa0,0xb7,0x46,0x13,0xeb,0x7a,
0x93,0xac,0x00,0x2f,0xed,0xd5,0xb0,0x04,0x00,0x00,0x00,0xa3,0xc0,0x3c,0xa6,0xa0,0x18,0x82,0x7c,0x03,0x2a,0xc8,0x01,0xae,
0x81,0x50,0x00,0x22,0x20,0xdd,0x00,0x19,0x40,0x0e,0xe0,0x05,0xae,0xeb,0x05,0x04,0xb7,0x74,0x6b,0xa0,0x06,0x57,0x00,0x00,
0xae,0xdd,0x9c,0x06,0xf7,0x59,0x48,0x01,0x86,0xf4,0x03,0xfe,0x2b,0xa0,0xbd,0xd9,0x0c,0x2f,0x75,0xe6,0xc0,0x1d,0xda,0x01,
0xdc,0x63,0x7b,0xb1,0xc0,0x00,0x00,0x08,0xdd,0x62,0x04,0x16,0xeb,0xe8,0x9a,0xc0,0x06,0xd4,0x22,0x00,0xa6,0x40,0x1c,0x22,
0x00,0xff,0xe0,0x88,0xc0,0x14,0x4b,0x58,0x00,0x9a,0xa0,0xbb,0x7a,0x88,0x00,0x00,0xae,0xdd,0xa0,0x06,0xf7,0x63,0x70,0x0e,
0xfc,0x00,0xe7,0x70,0x07,0xff,0x39,0xdc,0x01,0xdf,0x83,0x7b,0xb1,0xb8,0x00,0x00,0xae,0xdd,0xd0,0x37,0xbb,0xa0,0x03,0xff,
0x95,0x7b,0xb0,0x80,0x2f,0x76,0x10,0x0f,0xfe,0x18,0xde,0xee,0x80,0x00,0x00,0xae,0xdd,0xd0,0x37,0xbb,0xa0,0x03,0xff,0x95,
0x7b,0xb0,0x80,0x2f,0x76,0x10,0x0f,0xfe,0x18,0x88,0x03,0x80,0x00,0x00,0x08,0xde,0xc4,0x08,0x2d,0xef,0xa2,0x6b,0x00,0x1b,
0x28,0x88,0x02,0xa4,0x00,0xe2,0x30,0x0a,0x37,0xa0,0x02,0x8d,0x81,0x18,0x02,0x1e,0x6b,0x00,0x15,0x2c,0x17,0x6f,0x49,0x00,
0x00,0x00,0xa4,0x00,0x87,0x44,0x40,0x18,0xc0,0x3f,0xf9,0x57,0xbb,0x78,0x02,0xf7,0x6f,0x00,0xff,0xe1,0x88,0x80,0x31,0x80,
0x00,0x00,0xa4,0x11,0x00,0x7f,0xf0,0x84,0x40,0x00,0x00,0x00,0xe3,0xc0,0x0f,0xfe,0x80,0x80,0x7a,0x18,0x03,0x84,0x40,0x13,
0x3d,0xc9,0x00,0xcf,0x1d,0xff,0x65,0xa8,0x00,0x00,0xa4,0x00,0xa6,0x40,0x22,0x00,0x39,0x48,0x06,0x5a,0xb0,0x0c,0x97,0x80,
0x1b,0x6d,0xc4,0x03,0x3d,0xa1,0x80,0x69,0x4e,0xe0,0x06,0x30,0x34,0x90,0x0f,0x4a,0x20,0x04,0x40,0x17,0x48,0x00,0x00,0x00,
0xa4,0x00,0xe1,0x10,0x07,0xff,0xa8,0x6f,0x77,0x28,0x00,0x00,0xa9,0x00,0xd3,0x62,0xc8,0x00,0x36,0x00,0x34,0x80,0x39,0xc0,
0x18,0xf1,0x07,0xc0,0x0a,0xd9,0x96,0x01,0x86,0xa8,0x20,0x1c,0x88,0x00,0xff,0xe3,0x88,0x80,0x3c,0x00,0x00,0xa9,0x00,0xda,
0x42,0xc4,0x01,0xe5,0xe0,0x0f,0x70,0x28,0x07,0xba,0xc0,0x3c,0x4d,0x20,0x1e,0x84,0x20,0x0f,0x47,0x00,0x79,0x5c,0x80,0x40,
0x34,0x80,0x00,0x00,0x00,0x08,0xde,0xc4,0x08,0x3d,0xee,0x51,0xb4,0x80,0x0a,0x68,0x48,0x02,0x23,0x00,0xf0,0x80,0x7f,0xf0,
0x44,0x44,0x01,0x11,0xb4,0x80,0x0a,0x6a,0x0f,0x7b,0x94,0x60,0x00,0x00,0xce,0xdd,0xa0,0x01,0xbb,0x8d,0x80,0x3b,0xf4,0x03,
0xc2,0x01,0x86,0x3c,0x37,0x6c,0xb5,0x0d,0xdc,0xe0,0x1f,0xfc,0xa0,0x00,0x00,0x01,0xae,0xe5,0x08,0x03,0x75,0xdc,0xcd,0x01,
0x27,0x00,0x30,0x91,0x98,0x03,0x30,0x88,0x03,0xce,0x01,0xf8,0x40,0x3c,0xe6,0x60,0x0c,0xa2,0x24,0x91,0x14,0xa9,0x05,0x76,
0x63,0xac,0x02,0x7a,0x57,0x00,0xe7,0x90,0x08,0x00,0x00,0xae,0xdd,0xa0,0x06,0xf7,0x63,0x60,0x0e,0xfd,0x00,0xff,0x86,0x34,
0x2f,0x75,0xd6,0xc1,0x7b,0xa2,0x60,0x0e,0xb8,0x00,0xe6,0x42,0x11,0x00,0x51,0x00,0x00,0x00,0x02,0xbd,0xd5,0x98,0x03,0xfd,
0xba,0xfd,0x10,0x24,0x00,0x22,0xa8,0x0d,0xc0,0x2a,0x40,0xdd,0x9c,0x44,0x00,0x1a,0xff,0x94,0x00,0x20,0x51,0x96,0x66,0xa0,
0x08,0x9d,0x8d,0x54,0x00,0x27,0x70,0x67,0x6e,0xba,0x88,0x00,0x00,0x5d,0xd7,0xf6,0xe9,0x17,0x74,0xd1,0xba,0x40,0x0f,0xff,
0x78,0x80,0x60,0x00,0x00,0xc3,0x00,0x87,0x40,0x38,0xcc,0x01,0xff,0xd6,0x37,0x60,0x08,0x45,0xd0,0x20,0x3f,0x4b,0x79,0xb9,
0x6c,0x00,0x00,0x6a,0x00,0xcd,0x2e,0x80,0x1b,0x74,0x24,0x80,0x12,0xa0,0x5e,0x80,0x15,0x00,0x0a,0xe0,0x0c,0xf0,0x01,0x19,
0x03,0xa0,0x04,0xaa,0x35,0x10,0x0a,0xee,0xd0,0x0c,0x62,0xce,0x01,0xca,0x42,0x00,0x00,0x00,0x88,0x00,0x4f,0x60,0x11,0xe5,
0xa0,0x05,0x68,0x01,0x22,0x0c,0x84,0x00,0x48,0x80,0x06,0x60,0x15,0x01,0x17,0x30,0x00,0x54,0x0d,0xc0,0xcc,0x22,0x01,0x14,
0x00,0x8e,0x08,0x83,0x21,0xcc,0x00,0x08,0xcc,0x46,0x08,0x85,0x50,0x04,0x90,0xa0,0x0c,0xf3,0x20,0x0b,0x53,0x00,0x08,0xa8,
0x01,0x90,0x14,0x00,0x43,0xe0,0x00,0x00,0x00,0x3d,0x00,0xd2,0xe6,0xee,0x00,0x1a,0x38,0x5c,0x88,0x7c,0x80,0x06,0x2d,0x98,
0x80,0x13,0x32,0x2c,0x03,0xff,0x80,0xcf,0x30,0x01,0x0c,0x4b,0xa9,0x80,0x22,0x48,0x3f,0x80,0xd1,0xc0,0x06,0x8e,0x00,0x00,
0x4c,0x00,0xda,0x68,0xe8,0x00,0x67,0x30,0x89,0x00,0x5c,0x00,0x0d,0xd9,0xd0,0x80,0x28,0xb9,0x80,0x0c,0x4e,0xe1,0x00,0xe2,
0xe0,0x0f,0xfe,0x78,0x00,0x00,0x4d,0xdd,0xdc,0x4d,0xdc,0xec,0x01,0x8d,0x20,0x03,0x74,0x80,0x67,0x72,0x00,0x45,0x36,0x01,
0xa6,0x04,0x02,0x57,0x60,0x08,0x6f,0xc0,0x32,0x0f,0x6e,0xd8,0x00,0x00,0x8e,0xd5,0x09,0xd5,0x00,0xff,0xec,0x7c,0xea,0x80,
0x00,0x00,0xd2,0x00,0x95,0x40,0x15,0xd8,0x02,0x31,0x20,0x09,0x54,0x01,0x5d,0x80,0x23,0x21,0x00,0x9d,0xc0,0x16,0xe8,0x02,
0x45,0x00,0x00,0x00,0x1d,0xd6,0x0e,0xf8,0x80,0x7f,0xf6,0x07,0x7c,0x40,0x00,0x00,0x00,0x1a,0x80,0x68,0x80,0x04,0x2f,0x4a,
0x00,0x6a,0x69,0x00,0x5b,0x0b,0x92,0x28,0x03,0xe8,0x00,0x00,0x7d,0xde,0x40,0x00,0x00,0x49,0x04,0x21,0x00,0x00,0x04,0xcd,
0xd2,0x80,0x27,0xf7,0xec,0x01,0xa6,0x04,0x66,0x05,0xcd,0xd1,0x01,0xc7,0x6e,0x8c,0x1c,0x48,0x0c,0xc0,0x8b,0xd9,0x44,0x00,
0x00,0x00,0xd1,0x00,0xc6,0x01,0xff,0xc0,0x9d,0xe8,0x00,0x16,0xf2,0xb0,0x48,0x02,0x30,0x04,0x00,0x22,0x01,0x00,0x08,0x82,
0x40,0x13,0x87,0xba,0xe4,0x60,0x00,0x00,0x01,0xbd,0xd3,0x80,0x2b,0x76,0xc6,0x04,0x60,0x04,0xa0,0x88,0x02,0x22,0x08,0x80,
0x22,0x20,0x23,0x00,0x39,0x02,0xb7,0x6b,0x60,0x00,0x00,0x00,0xe7,0x80,0x0f,0xfe,0x18,0xde,0xe6,0x80,0x34,0xf7,0x90,0x00,
0x70,0x04,0xe0,0x22,0x00,0x84,0x04,0x40,0x10,0x80,0x11,0xc0,0x5c,0x01,0x59,0xba,0x40,0x00,0x00,0x01,0xbd,0xd3,0x80,0x37,
0x6c,0xb4,0x03,0x60,0x1a,0xc1,0x0d,0xda,0x00,0x45,0xbb,0x74,0x02,0xa8,0x01,0x48,0x15,0xdb,0xa2,0x40,0x00,0x00,0x00,0x57,
0x20,0x23,0x72,0x01,0x28,0x01,0xe1,0xb5,0x1e,0x1b,0x50,0x03,0xff,0x9a,0x00,0x00,0x02,0xcd,0xca,0x70,0xfa,0xdd,0x20,0x09,
0xb0,0x0b,0x01,0x98,0x03,0x8c,0xc0,0x1c,0x26,0xc0,0x2a,0x00,0xfa,0xda,0x70,0x01,0x66,0xd8,0x08,0x06,0x34,0x40,0x01,0xb7,
0xe8,0x80,0x00,0x00,0xd1,0x00,0xc6,0x01,0xff,0xc0,0x9c,0xe8,0x00,0xb3,0xd5,0x41,0x40,0x2b,0xa0,0x60,0x0f,0x00,0xff,0xe0,
0x98,0x07,0x00,0x00,0x00,0xc6,0x61,0x52,0x59,0x83,0x80,0x7f,0x38,0x00,0x00,0x00,0x72,0x00,0x15,0xc0,0x16,0x60,0x0d,0x20,
0x0f,0xfe,0x89,0x14,0xdf,0x20,0x00,0x00,0xd1,0x00,0xc6,0x01,0xff,0xc2,0x4d,0x10,0x02,0x57,0x88,0x25,0x39,0x00,0x2f,0x5c,
0x40,0x1a,0x6c,0xc0,0x01,0x04,0xc8,0x0c,0x00,0x2e,0xc0,0x00,0x00,0xd1,0x30,0x0f,0xfe,0x19,0x80,0x00,0x00,0xd8,0xce,0x74,
0xce,0xa0,0x3f,0xcf,0x9e,0xce,0x66,0x02,0x80,0xaf,0x80,0x2f,0x80,0xc0,0x02,0x01,0x08,0x80,0x3f,0xf9,0x06,0x01,0xf8,0x40,
0x00,0x00,0xd8,0xce,0x80,0x30,0xcf,0x55,0x05,0x00,0xae,0x81,0x80,0x3c,0x03,0xff,0x82,0x60,0x1c,0x00,0x00,0x01,0xbd,0xd3,
0x80,0x2b,0x76,0xb5,0x04,0x60,0x04,0xf8,0x88,0x02,0x11,0xc0,0x10,0x88,0x11,0x80,0x13,0xe1,0x5b,0xb5,0xa8,0x00,0x00,0xc8,
0xde,0x90,0x01,0xef,0x13,0x87,0x80,0x3e,0xc1,0xc0,0x0c,0x20,0xe0,0x06,0x10,0xf0,0x07,0xd8,0x1e,0xf1,0x38,0x5e,0xf4,0x80,
0x7f,0xf0,0x40,0x00,0x00,0x01,0xbd,0xca,0x80,0xac,0xdd,0x20,0x01,0x1c,0x05,0xc0,0x44,0x01,0x08,0x08,0x80,0x21,0x00,0x1c,
0x00,0xb8,0x03,0x8f,0x74,0x80,0x02,0xbd,0xcd,0x00,0xff,0xe1,0x80,0x00,0x00,0xd7,0xca,0x3f,0xca,0x0a,0x00,0x8c,0x03,0xfc,
0x60,0x10,0x00,0x00,0x06,0xdd,0x61,0x80,0xc6,0x6f,0xe8,0x09,0xa8,0x1f,0x00,0x33,0x75,0x22,0x01,0x4e,0xe6,0x00,0xbc,0x41,
0x8c,0x0a,0x37,0x5d,0x40,0x00,0x00,0x03,0x30,0x04,0x96,0x00,0x69,0x6d,0x36,0x96,0xd3,0x00,0xff,0xe2,0x09,0x00,0x4e,0xdc,
0x60,0x00,0x00,0xf0,0x0a,0x58,0x03,0xff,0x98,0x4a,0x02,0xe1,0xf3,0xb4,0xa0,0x00,0x00,0x6a,0x00,0xbc,0x5d,0x40,0x0a,0x82,
0x24,0x50,0xfd,0x00,0x6f,0x82,0x38,0x01,0xd1,0x0a,0x20,0x01,0x59,0xd0,0x0d,0xc4,0xe0,0x00,0x00,0x00,0x78,0x00,0x4c,0x80,
0x0f,0x0a,0xa0,0x02,0x20,0x01,0x96,0x40,0x24,0x2c,0x40,0xa6,0x08,0x95,0xe2,0xa2,0x00,0x1b,0xfa,0x8b,0x9b,0xe0,0x04,0x76,
0x32,0x74,0x50,0x09,0xd0,0x00,0x8c,0x00,0x00,0x00,0x5b,0x00,0x17,0x0a,0x8b,0x07,0x58,0x85,0x5c,0xaa,0x80,0x2b,0x68,0x00,
0xd6,0xd0,0x01,0x55,0x24,0x90,0x15,0x9c,0x2a,0x44,0x00,0x00,0x88,0x00,0x07,0x82,0x94,0x00,0x88,0x02,0x02,0x0f,0xe0,0x02,
0xa8,0x11,0x00,0x0a,0xb4,0x70,0x08,0x87,0xf4,0x03,0x52,0xa0,0x06,0x27,0x00,0xe9,0xa0,0x08,0xf9,0x0c,0x02,0x00,0x00,0x6d,
0xdb,0xad,0xb7,0x58,0x70,0x01,0x55,0x0c,0x00,0xe2,0xe0,0x04,0xaa,0x00,0x06,0xbc,0x02,0x91,0xfd,0xd4,0x80,0x00,0x00,0x05,
0xea,0x0f,0x8a,0x01,0x30,0x0f,0x84,0x11,0x54,0x0e,0x60,0x03,0x65,0x00,0x84,0x03,0xc2,0x40,0x0e,0x9a,0x00,0x00,0x25,0x7f,
0x00,0xff,0xe4,0x00,0x00,0x00,0x7e,0x70,0x7d,0x90,0x01,0x00,0x7c,0x20,0x18,0x9c,0x02,0x10,0x01,0x30,0x08,0x07,0xc4,0x00,
0x7d,0x90,0x00,0x00,0x0b,0xd8,0x26,0x22,0x7e,0xf7,0xe9,0x00,0x00,0x00,0x08,0xdb,0x15,0x0d,0x8b,0xca,0x03,0x1c,0xa0,0x41,
0x5f,0xdf,0xb0,0x00,0x00,
};
static const lv_font_fmt_txt_glyph_dsc_t glyphs_regular_14[]={{0,0,0,0,0,0},
{.bitmap_index=0,.adv_w=45,.box_w=0,.box_h=0,.ofs_x=0,.ofs_y=0},
{.bitmap_index=2,.adv_w=72,.box_w=2,.box_h=10,.ofs_x=1,.ofs_y=0},
{.bitmap_index=13,.adv_w=59,.box_w=4,.box_h=3,.ofs_x=0,.ofs_y=7},
{.bitmap_index=21,.adv_w=148,.box_w=8,.box_h=9,.ofs_x=1,.ofs_y=0},
{.bitmap_index=61,.adv_w=125,.box_w=8,.box_h=13,.ofs_x=0,.ofs_y=-1},
{.bitmap_index=112,.adv_w=190,.box_w=10,.box_h=10,.ofs_x=1,.ofs_y=0},
{.bitmap_index=160,.adv_w=148,.box_w=9,.box_h=10,.ofs_x=0,.ofs_y=0},
{.bitmap_index=206,.adv_w=30,.box_w=2,.box_h=3,.ofs_x=0,.ofs_y=7},
{.bitmap_index=211,.adv_w=58,.box_w=4,.box_h=12,.ofs_x=-1,.ofs_y=-1},
{.bitmap_index=236,.adv_w=58,.box_w=3,.box_h=12,.ofs_x=1,.ofs_y=-1},
{.bitmap_index=256,.adv_w=89,.box_w=6,.box_h=5,.ofs_x=0,.ofs_y=5},
{.bitmap_index=274,.adv_w=112,.box_w=7,.box_h=6,.ofs_x=0,.ofs_y=1},
{.bitmap_index=293,.adv_w=59,.box_w=3,.box_h=3,.ofs_x=0,.ofs_y=-1},
{.bitmap_index=300,.adv_w=88,.box_w=5,.box_h=1,.ofs_x=0,.ofs_y=4},
{.bitmap_index=304,.adv_w=62,.box_w=2,.box_h=2,.ofs_x=1,.ofs_y=0},
{.bitmap_index=308,.adv_w=90,.box_w=5,.box_h=10,.ofs_x=0,.ofs_y=0},
{.bitmap_index=336,.adv_w=126,.box_w=6,.box_h=10,.ofs_x=1,.ofs_y=0},
{.bitmap_index=360,.adv_w=78,.box_w=4,.box_h=10,.ofs_x=0,.ofs_y=0},
{.bitmap_index=371,.adv_w=120,.box_w=7,.box_h=10,.ofs_x=0,.ofs_y=0},
{.bitmap_index=407,.adv_w=115,.box_w=7,.box_h=10,.ofs_x=0,.ofs_y=0},
{.bitmap_index=443,.adv_w=124,.box_w=7,.box_h=10,.ofs_x=0,.ofs_y=0},
{.bitmap_index=475,.adv_w=115,.box_w=7,.box_h=10,.ofs_x=0,.ofs_y=0},
{.bitmap_index=507,.adv_w=115,.box_w=7,.box_h=10,.ofs_x=0,.ofs_y=0},
{.bitmap_index=544,.adv_w=106,.box_w=7,.box_h=10,.ofs_x=0,.ofs_y=0},
{.bitmap_index=576,.adv_w=117,.box_w=7,.box_h=10,.ofs_x=0,.ofs_y=0},
{.bitmap_index=613,.adv_w=117,.box_w=7,.box_h=10,.ofs_x=0,.ofs_y=0},
{.bitmap_index=650,.adv_w=76,.box_w=3,.box_h=7,.ofs_x=1,.ofs_y=0},
{.bitmap_index=661,.adv_w=70,.box_w=3,.box_h=8,.ofs_x=1,.ofs_y=-1},
{.bitmap_index=674,.adv_w=112,.box_w=7,.box_h=7,.ofs_x=0,.ofs_y=0},
{.bitmap_index=700,.adv_w=112,.box_w=7,.box_h=4,.ofs_x=0,.ofs_y=3},
{.bitmap_index=712,.adv_w=112,.box_w=7,.box_h=7,.ofs_x=0,.ofs_y=0},
{.bitmap_index=738,.adv_w=103,.box_w=6,.box_h=10,.ofs_x=0,.ofs_y=0},
{.bitmap_index=769,.adv_w=185,.box_w=11,.box_h=10,.ofs_x=0,.ofs_y=-1},
{.bitmap_index=826,.adv_w=136,.box_w=8,.box_h=10,.ofs_x=0,.ofs_y=0},
{.bitmap_index=864,.adv_w=140,.box_w=7,.box_h=10,.ofs_x=1,.ofs_y=0},
{.bitmap_index=895,.adv_w=136,.box_w=7,.box_h=10,.ofs_x=1,.ofs_y=0},
{.bitmap_index=928,.adv_w=138,.box_w=7,.box_h=10,.ofs_x=1,.ofs_y=0},
{.bitmap_index=952,.adv_w=136,.box_w=7,.box_h=10,.ofs_x=1,.ofs_y=0},
{.bitmap_index=975,.adv_w=127,.box_w=7,.box_h=10,.ofs_x=1,.ofs_y=0},
{.bitmap_index=998,.adv_w=137,.box_w=7,.box_h=10,.ofs_x=1,.ofs_y=0},
{.bitmap_index=1034,.adv_w=146,.box_w=7,.box_h=10,.ofs_x=1,.ofs_y=0},
{.bitmap_index=1058,.adv_w=58,.box_w=2,.box_h=10,.ofs_x=1,.ofs_y=0},
{.bitmap_index=1067,.adv_w=129,.box_w=7,.box_h=10,.ofs_x=0,.ofs_y=0},
{.bitmap_index=1090,.adv_w=137,.box_w=8,.box_h=10,.ofs_x=1,.ofs_y=0},
{.bitmap_index=1128,.adv_w=127,.box_w=7,.box_h=10,.ofs_x=1,.ofs_y=0},
{.bitmap_index=1140,.adv_w=160,.box_w=8,.box_h=10,.ofs_x=1,.ofs_y=0},
{.bitmap_index=1173,.adv_w=152,.box_w=8,.box_h=10,.ofs_x=1,.ofs_y=0},
{.bitmap_index=1205,.adv_w=139,.box_w=7,.box_h=10,.ofs_x=1,.ofs_y=0},
{.bitmap_index=1238,.adv_w=132,.box_w=7,.box_h=10,.ofs_x=1,.ofs_y=0},
{.bitmap_index=1263,.adv_w=129,.box_w=8,.box_h=12,.ofs_x=0,.ofs_y=-2},
{.bitmap_index=1307,.adv_w=137,.box_w=7,.box_h=10,.ofs_x=1,.ofs_y=0},
{.bitmap_index=1338,.adv_w=131,.box_w=8,.box_h=10,.ofs_x=0,.ofs_y=0},
{.bitmap_index=1381,.adv_w=128,.box_w=8,.box_h=10,.ofs_x=0,.ofs_y=0},
{.bitmap_index=1397,.adv_w=145,.box_w=7,.box_h=10,.ofs_x=1,.ofs_y=0},
{.bitmap_index=1419,.adv_w=132,.box_w=8,.box_h=10,.ofs_x=0,.ofs_y=0},
{.bitmap_index=1458,.adv_w=197,.box_w=12,.box_h=10,.ofs_x=0,.ofs_y=0},
{.bitmap_index=1521,.adv_w=132,.box_w=8,.box_h=10,.ofs_x=0,.ofs_y=0},
{.bitmap_index=1560,.adv_w=127,.box_w=8,.box_h=10,.ofs_x=0,.ofs_y=0},
{.bitmap_index=1590,.adv_w=123,.box_w=7,.box_h=10,.ofs_x=0,.ofs_y=0},
{.bitmap_index=1622,.adv_w=85,.box_w=4,.box_h=12,.ofs_x=0,.ofs_y=-2},
{.bitmap_index=1634,.adv_w=90,.box_w=5,.box_h=10,.ofs_x=1,.ofs_y=0},
{.bitmap_index=1660,.adv_w=85,.box_w=4,.box_h=12,.ofs_x=1,.ofs_y=-2},
{.bitmap_index=1672,.adv_w=101,.box_w=6,.box_h=6,.ofs_x=0,.ofs_y=4},
{.bitmap_index=1692,.adv_w=108,.box_w=7,.box_h=1,.ofs_x=0,.ofs_y=0},
{.bitmap_index=1697,.adv_w=44,.box_w=3,.box_h=2,.ofs_x=0,.ofs_y=8},
{.bitmap_index=1702,.adv_w=114,.box_w=7,.box_h=7,.ofs_x=0,.ofs_y=0},
{.bitmap_index=1730,.adv_w=122,.box_w=6,.box_h=10,.ofs_x=1,.ofs_y=0},
{.bitmap_index=1760,.adv_w=116,.box_w=7,.box_h=7,.ofs_x=0,.ofs_y=0},
{.bitmap_index=1787,.adv_w=122,.box_w=7,.box_h=10,.ofs_x=0,.ofs_y=0},
{.bitmap_index=1819,.adv_w=120,.box_w=7,.box_h=7,.ofs_x=0,.ofs_y=0},
{.bitmap_index=1846,.adv_w=80,.box_w=5,.box_h=10,.ofs_x=0,.ofs_y=0},
{.bitmap_index=1864,.adv_w=120,.box_w=7,.box_h=10,.ofs_x=0,.ofs_y=-3},
{.bitmap_index=1900,.adv_w=121,.box_w=6,.box_h=10,.ofs_x=1,.ofs_y=0},
{.bitmap_index=1925,.adv_w=57,.box_w=2,.box_h=10,.ofs_x=1,.ofs_y=0},
{.bitmap_index=1935,.adv_w=55,.box_w=4,.box_h=13,.ofs_x=-1,.ofs_y=-3},
{.bitmap_index=1952,.adv_w=112,.box_w=6,.box_h=10,.ofs_x=1,.ofs_y=0},
{.bitmap_index=1981,.adv_w=52,.box_w=2,.box_h=10,.ofs_x=1,.ofs_y=0},
{.bitmap_index=1989,.adv_w=185,.box_w=10,.box_h=7,.ofs_x=1,.ofs_y=0},
{.bitmap_index=2018,.adv_w=121,.box_w=6,.box_h=7,.ofs_x=1,.ofs_y=0},
{.bitmap_index=2037,.adv_w=122,.box_w=7,.box_h=7,.ofs_x=0,.ofs_y=0},
{.bitmap_index=2063,.adv_w=124,.box_w=6,.box_h=10,.ofs_x=1,.ofs_y=-3},
{.bitmap_index=2093,.adv_w=124,.box_w=7,.box_h=10,.ofs_x=0,.ofs_y=-3},
{.bitmap_index=2127,.adv_w=82,.box_w=4,.box_h=7,.ofs_x=1,.ofs_y=0},
{.bitmap_index=2140,.adv_w=108,.box_w=7,.box_h=7,.ofs_x=0,.ofs_y=0},
{.bitmap_index=2167,.adv_w=82,.box_w=5,.box_h=9,.ofs_x=0,.ofs_y=0},
{.bitmap_index=2187,.adv_w=120,.box_w=6,.box_h=7,.ofs_x=1,.ofs_y=0},
{.bitmap_index=2201,.adv_w=106,.box_w=7,.box_h=7,.ofs_x=0,.ofs_y=0},
{.bitmap_index=2228,.adv_w=162,.box_w=10,.box_h=7,.ofs_x=0,.ofs_y=0},
{.bitmap_index=2266,.adv_w=107,.box_w=7,.box_h=7,.ofs_x=0,.ofs_y=0},
{.bitmap_index=2292,.adv_w=103,.box_w=7,.box_h=10,.ofs_x=0,.ofs_y=-3},
{.bitmap_index=2327,.adv_w=100,.box_w=6,.box_h=7,.ofs_x=0,.ofs_y=0},
{.bitmap_index=2351,.adv_w=68,.box_w=4,.box_h=12,.ofs_x=0,.ofs_y=-2},
{.bitmap_index=2374,.adv_w=37,.box_w=2,.box_h=12,.ofs_x=0,.ofs_y=-1},
{.bitmap_index=2382,.adv_w=68,.box_w=4,.box_h=12,.ofs_x=0,.ofs_y=-2},
{.bitmap_index=2404,.adv_w=112,.box_w=7,.box_h=2,.ofs_x=0,.ofs_y=3},
{.bitmap_index=2414,.adv_w=85,.box_w=5,.box_h=5,.ofs_x=0,.ofs_y=7}};
static const uint16_t unicode_regular_14[]={0,1,2,3,4,5,6,7,8,9,10,11,12,13,14,15,16,17,18,19,20,21,22,23,24,25,26,27,28,29,30,31,32,33,34,35,36,37,38,39,40,41,42,43,44,45,46,47,48,49,50,51,52,53,54,55,56,57,58,59,60,61,62,63,64,65,66,67,68,69,70,71,72,73,74,75,76,77,78,79,80,81,82,83,84,85,86,87,88,89,90,91,92,93,94,144};
static const lv_font_fmt_txt_cmap_t cmap_regular_14[]={{.range_start=32,.range_length=145,.glyph_id_start=1,.unicode_list=unicode_regular_14,.list_length=96,.type=LV_FONT_FMT_TXT_CMAP_SPARSE_TINY}};
static const lv_font_fmt_txt_dsc_t dsc_regular_14={.glyph_bitmap=bitmap_regular_14,.glyph_dsc=glyphs_regular_14,.cmaps=cmap_regular_14,.cmap_num=1,.bpp=4,.bitmap_format=LV_FONT_FMT_TXT_COMPRESSED};
const lv_font_t font_wf_14={.get_glyph_dsc=lv_font_get_glyph_dsc_fmt_txt,.get_glyph_bitmap=lv_font_get_bitmap_fmt_txt,.line_height=15,.base_line=3,.dsc=&dsc_regular_14,.fallback=&font_cn16,.user_data=(void *)font_license};
static const uint8_t bitmap_regular_18[]={
0x00,0x00,0x0b,0x80,0x0f,0xde,0x02,0x01,0xfc,0x21,0x4c,0x01,0xb6,0x40,0xc0,0x00,0x00,0x7c,0x0f,0x31,0x00,0x84,0x1c,0x02,
0x31,0x01,0x30,0x00,0x00,0x00,0x9c,0x80,0x0a,0x80,0x11,0x40,0x05,0x04,0x01,0x38,0x90,0x09,0x28,0x03,0xe8,0x7f,0xdc,0x19,
0x01,0xc6,0xbd,0xc8,0x1e,0x80,0x11,0x68,0x8b,0xc8,0x40,0x22,0x20,0x00,0x98,0x03,0x98,0x00,0x24,0x00,0xaf,0x0c,0xff,0x23,
0xe8,0x5c,0x0e,0xeb,0x02,0xb0,0x07,0xd4,0x88,0x00,0x51,0x00,0x19,0x80,0x0a,0x40,0x10,0x00,0x00,0x00,0xce,0xe0,0x0f,0xdd,
0xc0,0x0f,0x47,0x33,0x39,0x80,0x27,0x6a,0xfe,0x89,0x70,0x05,0xca,0x00,0xb4,0xd0,0x01,0xc0,0x39,0x18,0x01,0xf2,0xa0,0x11,
0x58,0x01,0x2a,0x35,0xc0,0x3c,0x9b,0x39,0xcc,0x01,0xe4,0xbd,0x87,0x00,0x58,0x80,0x47,0x50,0x00,0x45,0x00,0xce,0x01,0x2c,
0x98,0x00,0x7d,0x00,0x16,0xd9,0xdd,0x05,0x00,0x06,0xf5,0x17,0x70,0x40,0x31,0x69,0x10,0x02,0x00,0x00,0x05,0xdf,0xb1,0x00,
0xa9,0x00,0x05,0x1d,0xb9,0x40,0x03,0x14,0x00,0x08,0x88,0x86,0xe0,0x0f,0x90,0x08,0xef,0xbe,0x78,0x19,0x48,0x03,0x3f,0xf6,
0x90,0xdc,0x00,0x7c,0x20,0x08,0xb1,0x00,0xfe,0x25,0x60,0x0f,0xf4,0xf8,0x2e,0xf3,0x00,0x72,0x89,0xa4,0x4e,0xd2,0x80,0x68,
0xb0,0xc8,0x43,0x8c,0x00,0x9e,0x84,0x32,0x4c,0xbf,0x00,0x03,0x4e,0x00,0x4a,0xdc,0xc2,0x80,0x00,0x00,0x00,0x0d,0x77,0x28,
0x40,0x3b,0x47,0x30,0x3a,0x01,0xc7,0xe4,0x4f,0x30,0x0e,0x2c,0x00,0x61,0x00,0x74,0xba,0x43,0xc8,0x07,0x23,0x5a,0xe2,0x00,
0x73,0xb2,0x19,0x00,0x73,0xc6,0x5b,0xe0,0x84,0x18,0x4c,0x18,0x4b,0xeb,0xb1,0x00,0x90,0x05,0x43,0x14,0x20,0x90,0x82,0x74,
0x66,0xd0,0x05,0x25,0x76,0x9f,0xeb,0xb0,0x00,0x00,0x7d,0x11,0x1b,0x80,0x00,0x00,0x00,0x0b,0x80,0x51,0x60,0x13,0x48,0x01,
0x41,0x40,0x1e,0x60,0x13,0xa8,0x04,0x5c,0x01,0x84,0x00,0x20,0x18,0x40,0x40,0x37,0x80,0x46,0x60,0x09,0x14,0x02,0xb1,0x20,
0x01,0x95,0x00,0x50,0xc0,0x00,0x00,0x37,0x00,0x14,0x20,0x0a,0xf8,0x03,0xd0,0x41,0x01,0x00,0x45,0xa0,0x02,0x20,0x01,0xc4,
0x03,0xe1,0x00,0x31,0x80,0x0b,0xc0,0xc1,0x41,0x08,0xc2,0xa8,0x08,0x6e,0x00,0x00,0x00,0x00,0xb0,0x02,0x39,0x11,0x03,0xa9,
0xfe,0x96,0x02,0x81,0x00,0x44,0x09,0xda,0x5b,0x8c,0x94,0x23,0x4b,0x00,0x00,0x00,0x00,0xde,0x01,0xf0,0x80,0x80,0x7f,0xf0,
0x13,0xfd,0xc1,0xdf,0xe4,0x46,0xeb,0x03,0x37,0x48,0x04,0x50,0x11,0x40,0x18,0x40,0x40,0x20,0x00,0x00,0x1f,0x15,0x31,0xc4,
0x03,0xb0,0x00,0x00,0x4f,0xfe,0x54,0xdd,0xe5,0x00,0x00,0x5e,0x40,0x10,0x00,0x00,0x00,0xd1,0x60,0x19,0xb4,0x02,0x31,0x70,
0x0a,0x90,0x40,0x27,0xe0,0x09,0x05,0x40,0x2d,0x50,0x0c,0xfe,0x01,0x20,0xa8,0x05,0xaa,0x01,0x9f,0xc0,0x24,0x05,0x00,0x80,
0x00,0x00,0x03,0xbe,0xe6,0x20,0x1e,0x16,0x62,0xec,0xb4,0x72,0x44,0x76,0x92,0x50,0x0d,0xe4,0x01,0xff,0xdc,0x25,0x00,0xde,
0x54,0x72,0x44,0x76,0x93,0xc2,0xcd,0xbb,0x28,0x00,0x00,0x19,0xf9,0xc2,0x33,0x6d,0xb0,0x07,0xff,0x60,0xc0,0x00,0x00,0x06,
0xdf,0xe9,0x00,0x3c,0x43,0x69,0x2c,0x2a,0x54,0x93,0x90,0x99,0x00,0x21,0x00,0x59,0x80,0x56,0x44,0x00,0xc6,0xd2,0x01,0x87,
0x5d,0x00,0x36,0x2c,0x00,0x6b,0x1b,0x00,0xd2,0xba,0x01,0x9d,0xa8,0x04,0x60,0x90,0xbe,0xed,0x20,0x00,0x00,0x0f,0xff,0x80,
0x1d,0xdb,0x01,0x40,0x02,0x30,0x69,0xd0,0x06,0x1c,0x3d,0x00,0xea,0x25,0x00,0xf7,0xd0,0x71,0x80,0x64,0x58,0x7f,0x00,0xfb,
0x0c,0x01,0x84,0x01,0x38,0x08,0x12,0x00,0x4a,0x22,0x09,0x85,0x14,0x89,0x00,0x3c,0x43,0xa6,0x4e,0x00,0x00,0x00,0x00,0xd3,
0x60,0x1e,0x26,0x80,0x0f,0x42,0x18,0x07,0x12,0xc8,0x07,0xa1,0x48,0x1f,0x00,0x06,0xb0,0x01,0xe8,0x62,0x00,0xe1,0x46,0xff,
0xa0,0xf0,0x77,0x79,0x8b,0x40,0x8b,0xb8,0x44,0x01,0xff,0xc6,0x00,0x00,0xcf,0xfe,0xd0,0x17,0xee,0xd8,0x00,0xf1,0x1e,0x00,
0xff,0x75,0x76,0xc8,0x80,0x1b,0x72,0x57,0x42,0xa5,0xc9,0x38,0xc9,0xd8,0x02,0x20,0x64,0x20,0x0f,0x74,0x80,0x46,0x0d,0x28,
0xe4,0x9c,0x84,0x77,0x6d,0xa5,0xb0,0x00,0x00,0x05,0xdf,0xe9,0x10,0x5a,0xbd,0xd2,0xd0,0x73,0xb1,0x1f,0xa0,0x37,0x80,0x47,
0xe0,0x0f,0xae,0xe4,0x80,0x4e,0x59,0x49,0x60,0x04,0x82,0x4e,0x42,0x0c,0x00,0x8c,0x1c,0x40,0x3e,0x6c,0x00,0x8c,0x1e,0x51,
0xc8,0xf9,0x08,0xee,0xdb,0xa4,0xb0,0x00,0x00,0x5f,0xff,0x84,0x0f,0xbb,0x40,0x89,0x70,0x47,0x53,0x00,0x78,0xca,0x80,0x3d,
0x46,0x40,0x1e,0x6a,0x00,0xf2,0x83,0x00,0x7a,0x58,0x03,0xc4,0x74,0x01,0xea,0x23,0x00,0xf3,0x50,0x07,0x90,0x58,0x03,0x00,
0x00,0x00,0x05,0xcf,0xe8,0x00,0x25,0x5e,0xd3,0x50,0x72,0xb9,0x25,0x28,0x09,0x80,0x4e,0x00,0xe6,0x40,0x2f,0x40,0x57,0xbf,
0xd1,0xa0,0x47,0x8c,0xb0,0x80,0x86,0x73,0x4e,0x61,0x2f,0x00,0x8c,0x14,0xb8,0x02,0x30,0x69,0x76,0x24,0xe4,0x25,0x9b,0xda,
0x4a,0x00,0x00,0x00,0x06,0xdf,0xe8,0x00,0x34,0xc6,0xd2,0xc8,0x5c,0x29,0x24,0xb0,0x11,0x00,0x25,0x02,0x28,0x02,0x20,0x15,
0x93,0x01,0xf0,0x04,0x3e,0x7f,0x58,0x05,0x3f,0xde,0xc0,0x05,0x40,0x10,0x0d,0x9e,0x01,0x10,0x15,0x23,0x92,0x72,0x09,0xdd,
0xb6,0x92,0x80,0x00,0x00,0xbc,0x00,0x08,0x5e,0x80,0x7f,0xf0,0x6f,0x00,0x02,0x00,0x00,0x00,0x00,0x8b,0xf0,0xc5,0xc7,0xac,
0x03,0xeb,0x60,0x55,0x00,0x99,0x18,0x00,0x00,0x00,0x00,0xf1,0x4a,0x00,0x63,0xad,0x35,0x00,0x25,0xe1,0x75,0x09,0x65,0x67,
0xc0,0x80,0x04,0xd1,0x40,0x38,0xf8,0xb6,0xd0,0x03,0x0c,0x76,0x56,0x28,0x06,0x17,0xea,0x84,0x00,0xf3,0x6a,0x00,0x00,0x00,
0x4f,0xff,0x91,0x1b,0xbf,0x20,0x11,0x7c,0x01,0xfe,0x4f,0xff,0x91,0x1b,0xbf,0x20,0x00,0x00,0x49,0x20,0x0f,0x29,0xed,0x18,
0x06,0x1a,0xe2,0xcb,0x40,0x0c,0x31,0xf9,0x58,0x40,0x1c,0xa8,0x62,0x01,0x25,0xe9,0x71,0x82,0xe5,0x67,0x40,0x82,0x45,0x73,
0x88,0x04,0x9a,0xc0,0x1e,0x00,0x00,0x01,0xae,0xfc,0x30,0x06,0x8e,0xe9,0x30,0x88,0x74,0x65,0x04,0xa0,0xc2,0x01,0x18,0x14,
0x80,0x4e,0x2a,0x01,0xaa,0x6c,0x80,0x29,0x7c,0x40,0x0c,0x94,0x40,0x1d,0x46,0x01,0xe7,0x40,0x0e,0x1e,0x90,0x0f,0xf8,0x00,
0x00,0x00,0xcd,0x7b,0xd8,0xe2,0x01,0x8f,0x75,0xdc,0xc9,0xcc,0x10,0x00,0xf6,0x6d,0x4c,0x96,0xed,0xe0,0x0e,0xa4,0x00,0xf3,
0x31,0x54,0xc8,0x09,0x9c,0xfa,0x00,0xec,0xfe,0x01,0xaa,0x66,0x88,0x00,0x49,0x9c,0x11,0xd8,0xb9,0x80,0x02,0x31,0x81,0x78,
0x00,0xc8,0x01,0x98,0x62,0x00,0x78,0x15,0x10,0x23,0xbb,0x2c,0x19,0x7f,0x25,0xbe,0xa8,0x2c,0xc2,0x1c,0xee,0x26,0x77,0x10,
0x06,0xf1,0x84,0x40,0x4e,0x01,0xcb,0x54,0xef,0xf8,0x04,0x03,0x93,0x3f,0xbf,0x5c,0x03,0x00,0x00,0x00,0x00,0xcf,0xec,0x01,
0xfa,0x8b,0x40,0x3e,0x22,0x72,0x08,0x07,0xa9,0x4c,0xce,0x01,0xe5,0xf0,0xaa,0x00,0x71,0x99,0x41,0xcc,0x40,0x35,0xb8,0x00,
0x51,0x80,0x33,0x50,0x05,0xd6,0x01,0x18,0xe7,0xfd,0x46,0x40,0x0a,0x5d,0xde,0x45,0x00,0x3f,0x91,0x76,0xd0,0x18,0xa0,0x07,
0x21,0x10,0x00,0x00,0x4f,0xfe,0xc5,0x01,0x0e,0xeb,0x6a,0x8c,0x00,0x11,0x89,0x9f,0x40,0x3e,0xf7,0x00,0xf2,0x4c,0x80,0x1f,
0xfa,0xe1,0x40,0x1b,0xb6,0x44,0x98,0x00,0x8a,0x37,0x77,0x80,0x7d,0xa6,0x01,0xf6,0x90,0x00,0x46,0x26,0x7a,0x10,0xee,0xb6,
0xa8,0xe0,0x00,0x00,0x01,0x9e,0xfe,0x91,0x01,0xc5,0xad,0xa2,0xf1,0x60,0xc4,0x24,0xb3,0x9d,0x40,0x0e,0xa1,0x10,0x07,0x9e,
0x40,0x3f,0xf9,0xe2,0x01,0xe7,0x9d,0x40,0x0e,0xa1,0x60,0xb4,0x23,0xb3,0x91,0xc2,0xad,0xd1,0x78,0x80,0x00,0x00,0x4f,0xfe,
0xc5,0x00,0x08,0x77,0x5b,0x54,0x70,0x08,0x46,0x26,0x79,0x00,0xfd,0x82,0x01,0xff,0xee,0xc1,0x00,0x84,0x62,0x67,0x90,0x10,
0xee,0xb6,0xa8,0xe0,0x00,0x00,0x4f,0xff,0xb4,0x43,0xbb,0xd8,0x00,0x11,0xf8,0x03,0xff,0x91,0xff,0xb0,0x03,0x6e,0xf0,0x06,
0x22,0xc2,0x01,0xff,0xca,0x11,0xfc,0x1d,0xde,0xc0,0x00,0x00,0x4f,0xff,0xb0,0x43,0xbb,0xda,0x00,0x11,0xf8,0x03,0xff,0x91,
0xff,0xb0,0x03,0x6e,0xf0,0x06,0x22,0xc2,0x01,0xff,0xd1,0x10,0x0f,0xc0,0x00,0x00,0x01,0x9e,0xfe,0x91,0x01,0xc5,0xad,0xa2,
0xf1,0x60,0xc4,0x24,0xb3,0x9d,0x40,0x0e,0x43,0x10,0x0f,0x4d,0x80,0x7f,0xf0,0x5b,0xfe,0xa0,0x0c,0xdb,0xa6,0x11,0x00,0x62,
0x20,0x03,0x50,0x03,0x94,0xd8,0x31,0x08,0xe8,0xa4,0x71,0x6b,0x78,0xfc,0x40,0x00,0x00,0x4f,0x00,0xe2,0xf2,0x10,0x0f,0xfe,
0xef,0xff,0x68,0x06,0xdd,0xeb,0x00,0xc4,0x5c,0xc0,0x1f,0xfd,0x41,0x00,0xfe,0x00,0x00,0x4f,0x10,0x0f,0xfe,0x38,0x80,0x00,
0x00,0x00,0xfa,0x68,0x03,0xf0,0x80,0x7f,0xf8,0x5f,0x00,0x3f,0x08,0x07,0x84,0xc8,0x40,0x32,0x12,0x1e,0x21,0x1d,0x9c,0x86,
0x2c,0xee,0x87,0xc4,0x00,0x00,0x4f,0x00,0xea,0xc0,0x10,0x0e,0x97,0xd0,0x0f,0x42,0x60,0x80,0x74,0x37,0x88,0x07,0x3b,0xb4,
0x80,0x39,0xa0,0x48,0x03,0xd1,0x85,0x60,0x1e,0xd3,0xd4,0x60,0x0e,0x30,0x1b,0x92,0x00,0xf9,0x5b,0x80,0x3f,0x48,0xc0,0x08,
0x07,0xb9,0xcc,0x00,0x00,0x4f,0x00,0xf8,0x40,0x3f,0xff,0xe0,0x1f,0x08,0xf8,0x04,0x3b,0xbd,0x00,0x00,0x00,0x4f,0x40,0x0e,
0x6f,0x21,0x0a,0x10,0x08,0xa4,0x04,0x00,0x56,0x01,0x71,0x80,0x6e,0x56,0x07,0x2e,0x00,0xc5,0x32,0x48,0xa3,0x00,0xe6,0x4b,
0x64,0x00,0xfa,0x9a,0x40,0x3f,0x0c,0x80,0x7f,0xf6,0x84,0x03,0xf8,0x40,0x00,0x00,0x4f,0x30,0x0e,0xc7,0x10,0xe0,0x0f,0xf4,
0x00,0x7e,0x97,0x20,0x0f,0x91,0xb8,0x03,0xf4,0x93,0x80,0x7e,0xa8,0x20,0x0f,0x91,0x64,0x03,0xf5,0xab,0x00,0x7c,0x37,0x02,
0x01,0xf2,0xa8,0x80,0x40,0x3d,0x42,0x00,0x00,0x00,0x00,0x46,0xff,0x48,0x80,0x35,0x27,0x74,0x5e,0x2e,0x7a,0x84,0x76,0x51,
0xa8,0x20,0x1a,0xd0,0x4c,0x03,0x84,0xc0,0x3f,0xf9,0xe2,0x60,0x1c,0x27,0xa8,0x20,0x1a,0xd1,0xcf,0x50,0x8e,0xca,0xc3,0x12,
0xb7,0x43,0xe4,0x00,0x00,0x6f,0xfe,0xd7,0x01,0x2e,0xeb,0x62,0x5c,0x00,0x23,0x12,0xc5,0x00,0x7c,0x66,0x00,0xf1,0xc3,0x81,
0x7f,0xec,0x49,0x02,0xdd,0xbb,0xe4,0x02,0x22,0x84,0x03,0xff,0xa4,0x20,0x1f,0x80,0x00,0x00,0x02,0xae,0xfc,0x50,0x01,0x68,
0x6e,0xae,0x9c,0x20,0xe8,0xc9,0xe6,0x01,0x28,0x03,0x30,0x20,0x98,0x07,0x84,0x03,0xff,0xb0,0x26,0x01,0xe1,0x4d,0x00,0xca,
0x0b,0x09,0x02,0x0b,0x6e,0x25,0x89,0xdf,0x73,0x00,0x03,0xc8,0x2e,0x70,0x0e,0x11,0x00,0x60,0x00,0x00,0x4f,0xfe,0xd7,0x00,
0x08,0x77,0x68,0x97,0x00,0x84,0x72,0xc5,0x00,0x7e,0x33,0x00,0x7c,0x70,0xe0,0x17,0xfe,0xc4,0x90,0x0b,0x76,0x56,0x90,0x0c,
0x45,0x4b,0x08,0x07,0xc6,0x92,0x01,0xfb,0xdc,0x40,0x3e,0x42,0x60,0x10,0x0f,0x44,0x80,0x00,0x00,0x00,0x2e,0x77,0xeb,0x80,
0x4d,0x54,0xcd,0x8a,0xd0,0x05,0x3b,0x11,0x17,0x09,0x41,0xc0,0x38,0x58,0x43,0xdd,0xc0,0x1a,0x50,0x13,0x31,0xf4,0x60,0x1c,
0x77,0xc5,0xb8,0x40,0x1c,0x31,0xc9,0x82,0x1a,0x40,0x1a,0x0d,0x80,0x90,0x03,0xf4,0x4b,0x98,0x9d,0x1b,0x03,0xd6,0x6f,0x70,
0xf0,0x40,0x00,0x00,0x3f,0xff,0xce,0x7d,0xd2,0xa7,0x74,0xe0,0x23,0x18,0x08,0xc0,0x1f,0xff,0xf0,0x0f,0xf8,0x40,0x30,0x00,
0x00,0x6c,0x00,0xe2,0xf1,0x18,0x03,0xff,0xf0,0x26,0x01,0xc2,0x00,0x51,0x30,0x0d,0x64,0x26,0xba,0xc4,0x70,0xf0,0x00,0xa9,
0xbd,0xd1,0xda,0x80,0x00,0x00,0x3f,0x10,0x0e,0x7d,0x31,0x70,0x0e,0xb5,0x07,0xd0,0x0c,0x47,0x41,0x48,0x20,0x12,0x91,0x00,
0xc5,0xc0,0x2b,0xa0,0x09,0xf4,0x00,0x26,0xa0,0x15,0x20,0x83,0x11,0x00,0x23,0x14,0x0b,0xa0,0x0e,0x6e,0x13,0x50,0x0e,0xb4,
0x63,0x20,0x0e,0x31,0x8b,0x00,0xf9,0x81,0x80,0x20,0x00,0x00,0x6e,0x00,0xee,0xa0,0x0c,0x3e,0x6e,0x26,0x01,0x10,0xa0,0x06,
0x71,0x31,0x24,0x00,0x94,0x84,0xc0,0x2c,0x70,0x02,0xd8,0x05,0x8a,0x68,0x01,0x2e,0x00,0x2c,0xc4,0x00,0x97,0x70,0x01,0x01,
0x40,0x06,0x28,0x08,0x06,0x86,0x21,0x88,0x01,0x93,0xc3,0x10,0x0c,0x50,0x17,0x00,0x37,0xa0,0x26,0x80,0x13,0xc8,0x8a,0x01,
0x94,0x54,0xd0,0x01,0x88,0x82,0x20,0x07,0x24,0x09,0x00,0x1c,0x61,0x00,0x3d,0x84,0xe0,0x10,0x90,0xe8,0x07,0x94,0x30,0x03,
0x28,0x20,0x04,0x00,0x00,0x1f,0x40,0x0e,0xba,0x19,0xa0,0x0c,0xaa,0xb0,0x62,0x90,0x00,0xdd,0x84,0x01,0xcc,0x81,0x6a,0xa0,
0x08,0xa2,0x55,0x54,0x01,0xce,0x35,0x22,0x01,0xff,0xc3,0x72,0x98,0x10,0x0c,0x51,0x4c,0x94,0x01,0xb9,0x90,0x2d,0x54,0x00,
0x62,0x90,0x00,0xdd,0x84,0x53,0x40,0x19,0x55,0x60,0x00,0x00,0x2f,0x30,0x0c,0x3c,0xa4,0xfe,0x01,0xa0,0x94,0x20,0x98,0x00,
0x6d,0xe0,0x14,0x40,0x01,0xec,0x60,0x13,0x14,0x29,0xc0,0x07,0x7b,0xdc,0x08,0x07,0x1a,0x9b,0x80,0x7c,0x4c,0x01,0xff,0xe0,
0x00,0x00,0x2f,0xff,0xb8,0xbb,0xbc,0x48,0x02,0x3c,0xc7,0x60,0x1c,0x71,0x42,0x01,0xdc,0xc8,0x01,0xd0,0x72,0x01,0xc6,0xf4,
0x01,0xee,0x64,0x00,0xe9,0x09,0x00,0xe4,0x6e,0x00,0xf4,0xa9,0x08,0xf1,0x11,0x7b,0xbb,0xc0,0x00,0x00,0x6f,0xf9,0x40,0x77,
0x4a,0x06,0x44,0x00,0xff,0xf9,0x17,0xf9,0x99,0xbb,0x30,0x00,0x00,0x8b,0x00,0xd4,0x82,0x01,0x11,0x1c,0x03,0x55,0x00,0x32,
0x98,0x80,0x44,0x46,0x00,0xd5,0x60,0x19,0x4c,0x80,0x22,0x35,0x00,0xd7,0x40,0x19,0x88,0x80,0x10,0x9d,0x00,0x00,0x00,0x8f,
0xf8,0xe7,0x74,0x0e,0x24,0x40,0x0f,0xff,0x94,0x7f,0x81,0xe7,0x76,0x30,0x00,0x00,0x00,0xaf,0x00,0x38,0x54,0x4c,0x03,0x4b,
0xd5,0x00,0x33,0x53,0x38,0x04,0x84,0x62,0xac,0x00,0xfa,0x00,0x7d,0x00,0xab,0x00,0x10,0x88,0x00,0x00,0x7f,0xff,0x89,0xf7,
0x7e,0x20,0x00,0x00,0x26,0x02,0xb3,0x09,0x80,0x00,0x00,0x00,0x3e,0xfe,0xc0,0x02,0x26,0x36,0x5a,0x03,0x69,0x49,0x21,0x81,
0x50,0x02,0x21,0x01,0x8d,0xef,0xb0,0x06,0xa4,0xe6,0xc8,0x09,0xf2,0x11,0x0c,0x04,0x2c,0x88,0xb6,0x00,0xc5,0xdd,0x7c,0x00,
0x00,0x00,0x8b,0x00,0xf0,0x80,0x7f,0xf1,0x5f,0xbe,0xc8,0x00,0x99,0x8d,0x0c,0x10,0x05,0x11,0x2c,0x58,0x0c,0x40,0x24,0xe0,
0x70,0x0c,0x26,0x0e,0x01,0xc6,0x06,0x20,0x12,0x78,0x03,0x48,0x94,0x0e,0x29,0x79,0xa3,0x82,0x00,0x00,0x03,0xbf,0xea,0x20,
0x2c,0x3d,0xd0,0x60,0xda,0x41,0x1d,0x1b,0xae,0x00,0x6d,0x61,0x00,0xf8,0x40,0x3e,0x5c,0x00,0xda,0xb6,0x90,0x47,0x46,0x85,
0x87,0xba,0x0c,0x10,0x00,0x00,0x00,0xf7,0x28,0x07,0xc6,0x01,0xfc,0x99,0xfa,0xa0,0x03,0xb5,0xde,0x81,0x0a,0x39,0x23,0xe0,
0x02,0xa0,0x04,0x60,0x01,0xf0,0x0c,0x20,0x3e,0x01,0x84,0x15,0x00,0x23,0x00,0x51,0xc1,0x1f,0x00,0x0e,0xd3,0x75,0x02,0x60,
0x00,0x00,0x03,0xcf,0xea,0x10,0x3c,0x4d,0xd0,0xe8,0x4a,0x41,0x1d,0x99,0x9b,0x00,0x31,0xa0,0xc7,0xfe,0x30,0x17,0xdd,0xe7,
0x52,0x2e,0x70,0xb5,0x72,0x24,0xd8,0x96,0x5e,0xe1,0x60,0x80,0x00,0x00,0x00,0x1e,0x7c,0x80,0x3d,0xf6,0x40,0x05,0xc4,0x0b,
0xe3,0x5f,0x2b,0xc1,0x3d,0x20,0x20,0x62,0x01,0xff,0xd5,0x10,0x08,0x00,0x00,0x04,0xdf,0xd5,0xe5,0x4b,0x5d,0xe9,0x10,0xf4,
0x82,0x3e,0x00,0x36,0x80,0x44,0x00,0x30,0x0f,0x8c,0x03,0xe6,0xc0,0x08,0x80,0x1e,0xb0,0x47,0xc0,0x04,0xa4,0xde,0x90,0x10,
0x5c,0xfd,0x70,0x60,0x00,0x92,0xfa,0x10,0x03,0x75,0x35,0x60,0x00,0x00,0x8b,0x00,0xf0,0x80,0x7f,0xf1,0x63,0xbe,0xc8,0x00,
0x83,0x98,0x7c,0x00,0x14,0x91,0xe8,0xa0,0x30,0x04,0x23,0x00,0x7c,0x60,0x1f,0xfc,0xc1,0x00,0xf1,0x80,0x00,0x00,0x7e,0x20,
0x09,0xf8,0x97,0x80,0xc0,0x3f,0xf9,0x06,0x00,0x00,0x00,0x00,0x56,0x80,0x7e,0xad,0x00,0xa2,0xc0,0x33,0x80,0x7f,0xf6,0x85,
0xc0,0x08,0xf8,0x13,0x4e,0xe0,0x00,0x00,0x8b,0x00,0xf0,0x80,0x7f,0xf2,0x2e,0xc0,0x1d,0x6d,0x60,0x1a,0x97,0x00,0x34,0xa0,
0x88,0x02,0x44,0x79,0x38,0x04,0x38,0x31,0x20,0x12,0x88,0x28,0x30,0x07,0xa6,0xc0,0x40,0x33,0x12,0x00,0x00,0x00,0x8b,0x10,
0x0f,0xfe,0x38,0x80,0x00,0x00,0x8b,0x7e,0xfb,0x13,0xcf,0xd5,0x01,0x4f,0xcc,0x36,0x7c,0x6a,0xd1,0x81,0x41,0x1c,0x94,0x21,
0x41,0x58,0x30,0x04,0xc0,0xc0,0x13,0x08,0x07,0xff,0xa0,0x40,0x3f,0xc2,0x20,0x00,0x00,0x8b,0x8e,0xfb,0x20,0x14,0x1c,0xc3,
0xe0,0x00,0xa4,0x8f,0x45,0x01,0x80,0x21,0x18,0x03,0xe3,0x00,0xff,0xe6,0x08,0x07,0x8c,0x00,0x00,0x03,0xbf,0xea,0x10,0x2c,
0x3d,0xd0,0x78,0x5a,0x41,0x1d,0x03,0x2e,0x00,0x64,0xf1,0x00,0xf1,0x88,0x07,0x8d,0x70,0x03,0x27,0xda,0x41,0x1d,0x03,0x16,
0x1e,0xe8,0x3c,0x00,0x00,0x00,0x6d,0x6e,0xfc,0x30,0x12,0xbd,0xd2,0xe1,0x00,0x3c,0xca,0x4a,0x80,0x48,0x02,0x43,0x03,0x00,
0xc2,0xe0,0x60,0x18,0x5c,0x04,0x80,0x24,0x30,0x07,0x19,0x49,0x50,0x15,0x6e,0x97,0x08,0x00,0xdd,0xf8,0x60,0x1f,0xc2,0x01,
0xf0,0x00,0x00,0x04,0xcf,0xe5,0xe5,0x2b,0x4d,0xd4,0x09,0xd9,0xc1,0x1f,0x00,0x15,0x00,0x23,0x00,0x0f,0x80,0x61,0x01,0xf0,
0x0c,0x20,0xa8,0x01,0x18,0x02,0x8e,0x48,0xf8,0x00,0x76,0xbb,0xa8,0x10,0x02,0x67,0xf2,0x80,0x7f,0xf1,0x4c,0x00,0x00,0x8b,
0x7e,0xe1,0x0a,0x6e,0x60,0x80,0x68,0x88,0x00,0x50,0x0f,0xfe,0x80,0x80,0x70,0x00,0x00,0x19,0xef,0xd6,0x0b,0x5d,0xd4,0x41,
0x92,0x4c,0x96,0xc1,0xa1,0x84,0x15,0xa2,0x1b,0xd6,0x80,0x05,0xbf,0xda,0x6c,0x30,0x03,0x33,0x5f,0xcc,0x55,0xb2,0xd7,0x7a,
0x25,0xc0,0x00,0x00,0x00,0x79,0x80,0x7e,0x5f,0x0c,0xf8,0x5e,0x0b,0xe8,0x01,0x07,0x10,0x0f,0xfe,0x53,0x80,0x61,0xe2,0x00,
0xa9,0xf5,0xc0,0x00,0x00,0xb8,0x00,0xde,0x60,0x20,0x1f,0xfd,0xa1,0x20,0x08,0xc0,0x1e,0x8e,0x49,0xe0,0x05,0x9a,0xd9,0x90,
0x00,0x00,0x00,0x4f,0x10,0x0a,0x35,0x01,0xc0,0x25,0x50,0x2e,0x80,0x08,0x94,0x1c,0x82,0x0a,0x44,0x04,0x17,0x0a,0x50,0x09,
0xf4,0x89,0x40,0x16,0xa5,0x11,0x00,0x24,0x17,0xa0,0x0e,0x70,0x50,0x00,0x00,0x00,0x5e,0x00,0x93,0xc8,0x02,0xf4,0x51,0x30,
0x06,0x02,0x80,0x10,0x10,0x12,0xc0,0x0a,0x78,0x00,0xc4,0x00,0x62,0x00,0x97,0xa0,0x01,0x74,0x00,0xa6,0x2e,0x66,0x24,0x12,
0x70,0x01,0x11,0x32,0xc1,0x75,0xc8,0x40,0x24,0xc4,0x50,0xb4,0xc5,0x00,0xda,0xc0,0x40,0x66,0x5b,0x00,0xc8,0x0e,0x01,0x20,
0x98,0x00,0x00,0x00,0x3f,0x20,0x0a,0x74,0x0d,0xf8,0x00,0x8d,0xe0,0x08,0x18,0x1a,0x82,0x00,0xbd,0xf5,0x5c,0x03,0x13,0x1c,
0x00,0x71,0x31,0xc0,0x07,0x73,0x62,0xb0,0x05,0x03,0x21,0x52,0x40,0x6f,0xc0,0x04,0x7f,0x00,0x00,0x00,0x6e,0x00,0xd3,0x6e,
0x26,0x01,0x3f,0x0a,0x50,0x01,0x05,0x43,0x9c,0x01,0xac,0x00,0x50,0x40,0x7d,0x00,0x9f,0x50,0x10,0x02,0xa7,0xe6,0x00,0xc6,
0x65,0xa0,0x0e,0x53,0x20,0x0e,0x5a,0x00,0xc3,0x06,0xc0,0x10,0xf2,0xd0,0x06,0x00,0x00,0x4f,0xff,0x2a,0x77,0x66,0x14,0x01,
0x19,0x5a,0x84,0x02,0x1a,0x74,0x00,0xda,0xb0,0x01,0xa0,0xa8,0x03,0x23,0xe8,0x80,0x43,0x4e,0x42,0x30,0x38,0xbf,0x76,0x50,
0x00,0x00,0x00,0x57,0x60,0x1a,0xde,0x83,0x82,0x88,0x08,0x07,0xff,0x08,0xc4,0x00,0x70,0xe0,0x1b,0x80,0x07,0x12,0x01,0x18,
0x80,0x7f,0xf1,0x84,0x08,0x00,0x85,0xb8,0x00,0xde,0xd0,0x00,0x00,0x2f,0x10,0x01,0x80,0x7f,0xf6,0x8c,0x00,0x00,0x6f,0xd3,
0x06,0xd1,0x90,0x01,0x20,0x80,0x67,0x00,0xff,0xe0,0xf8,0x80,0x4a,0x50,0x00,0x31,0x20,0x03,0x1d,0x00,0x3c,0x40,0x3f,0xf8,
0xc6,0xe0,0xde,0x9c,0x0d,0xbe,0xa0,0x00,0x00,0x07,0xed,0x71,0x14,0x88,0xae,0xa7,0x7b,0x86,0x22,0xc4,0x45,0x7f,0x50,0x00,
0x00,0x00,0x03,0xce,0xb2,0x01,0xda,0xdc,0xf0,0x77,0x31,0xbb,0x20,0x08,0x04,0x20,0x8c,0x60,0x89,0x15,0xef,0xd5,0x00,0x0b,
0xdd,0x20,0x00,0x00,0x00,
};
static const lv_font_fmt_txt_glyph_dsc_t glyphs_regular_18[]={{0,0,0,0,0,0},
{.bitmap_index=0,.adv_w=58,.box_w=0,.box_h=0,.ofs_x=0,.ofs_y=0},
{.bitmap_index=2,.adv_w=92,.box_w=3,.box_h=12,.ofs_x=1,.ofs_y=0},
{.bitmap_index=17,.adv_w=76,.box_w=5,.box_h=4,.ofs_x=0,.ofs_y=8},
{.bitmap_index=29,.adv_w=190,.box_w=10,.box_h=12,.ofs_x=1,.ofs_y=0},
{.bitmap_index=91,.adv_w=161,.box_w=10,.box_h=16,.ofs_x=0,.ofs_y=-2},
{.bitmap_index=164,.adv_w=244,.box_w=13,.box_h=12,.ofs_x=1,.ofs_y=0},
{.bitmap_index=236,.adv_w=190,.box_w=11,.box_h=12,.ofs_x=0,.ofs_y=0},
{.bitmap_index=298,.adv_w=38,.box_w=2,.box_h=3,.ofs_x=0,.ofs_y=9},
{.bitmap_index=304,.adv_w=75,.box_w=5,.box_h=16,.ofs_x=-1,.ofs_y=-2},
{.bitmap_index=343,.adv_w=75,.box_w=4,.box_h=16,.ofs_x=1,.ofs_y=-2},
{.bitmap_index=377,.adv_w=114,.box_w=7,.box_h=6,.ofs_x=0,.ofs_y=7},
{.bitmap_index=400,.adv_w=144,.box_w=9,.box_h=7,.ofs_x=0,.ofs_y=2},
{.bitmap_index=428,.adv_w=76,.box_w=3,.box_h=4,.ofs_x=1,.ofs_y=-1},
{.bitmap_index=436,.adv_w=114,.box_w=7,.box_h=2,.ofs_x=0,.ofs_y=4},
{.bitmap_index=443,.adv_w=80,.box_w=3,.box_h=2,.ofs_x=1,.ofs_y=0},
{.bitmap_index=448,.adv_w=115,.box_w=6,.box_h=12,.ofs_x=0,.ofs_y=0},
{.bitmap_index=482,.adv_w=163,.box_w=8,.box_h=12,.ofs_x=1,.ofs_y=0},
{.bitmap_index=515,.adv_w=101,.box_w=4,.box_h=12,.ofs_x=1,.ofs_y=0},
{.bitmap_index=527,.adv_w=154,.box_w=8,.box_h=12,.ofs_x=1,.ofs_y=0},
{.bitmap_index=573,.adv_w=148,.box_w=9,.box_h=12,.ofs_x=0,.ofs_y=0},
{.bitmap_index=622,.adv_w=159,.box_w=9,.box_h=12,.ofs_x=0,.ofs_y=0},
{.bitmap_index=662,.adv_w=148,.box_w=8,.box_h=12,.ofs_x=1,.ofs_y=0},
{.bitmap_index=705,.adv_w=148,.box_w=8,.box_h=12,.ofs_x=1,.ofs_y=0},
{.bitmap_index=753,.adv_w=136,.box_w=9,.box_h=12,.ofs_x=0,.ofs_y=0},
{.bitmap_index=794,.adv_w=150,.box_w=8,.box_h=12,.ofs_x=1,.ofs_y=0},
{.bitmap_index=844,.adv_w=150,.box_w=8,.box_h=12,.ofs_x=1,.ofs_y=0},
{.bitmap_index=893,.adv_w=98,.box_w=3,.box_h=9,.ofs_x=2,.ofs_y=0},
{.bitmap_index=906,.adv_w=90,.box_w=3,.box_h=10,.ofs_x=1,.ofs_y=-1},
{.bitmap_index=922,.adv_w=144,.box_w=9,.box_h=9,.ofs_x=0,.ofs_y=0},
{.bitmap_index=960,.adv_w=144,.box_w=9,.box_h=6,.ofs_x=0,.ofs_y=2},
{.bitmap_index=978,.adv_w=144,.box_w=9,.box_h=9,.ofs_x=0,.ofs_y=0},
{.bitmap_index=1015,.adv_w=133,.box_w=8,.box_h=12,.ofs_x=0,.ofs_y=0},
{.bitmap_index=1057,.adv_w=238,.box_w=13,.box_h=14,.ofs_x=1,.ofs_y=-3},
{.bitmap_index=1148,.adv_w=175,.box_w=11,.box_h=12,.ofs_x=0,.ofs_y=0},
{.bitmap_index=1204,.adv_w=180,.box_w=9,.box_h=12,.ofs_x=1,.ofs_y=0},
{.bitmap_index=1252,.adv_w=175,.box_w=9,.box_h=12,.ofs_x=1,.ofs_y=0},
{.bitmap_index=1294,.adv_w=178,.box_w=10,.box_h=12,.ofs_x=1,.ofs_y=0},
{.bitmap_index=1326,.adv_w=174,.box_w=9,.box_h=12,.ofs_x=1,.ofs_y=0},
{.bitmap_index=1356,.adv_w=164,.box_w=9,.box_h=12,.ofs_x=1,.ofs_y=0},
{.bitmap_index=1384,.adv_w=176,.box_w=9,.box_h=12,.ofs_x=1,.ofs_y=0},
{.bitmap_index=1433,.adv_w=188,.box_w=10,.box_h=12,.ofs_x=1,.ofs_y=0},
{.bitmap_index=1457,.adv_w=74,.box_w=2,.box_h=12,.ofs_x=1,.ofs_y=0},
{.bitmap_index=1465,.adv_w=166,.box_w=9,.box_h=12,.ofs_x=0,.ofs_y=0},
{.bitmap_index=1494,.adv_w=176,.box_w=10,.box_h=12,.ofs_x=1,.ofs_y=0},
{.bitmap_index=1541,.adv_w=164,.box_w=9,.box_h=12,.ofs_x=1,.ofs_y=0},
{.bitmap_index=1557,.adv_w=206,.box_w=11,.box_h=12,.ofs_x=1,.ofs_y=0},
{.bitmap_index=1600,.adv_w=195,.box_w=10,.box_h=12,.ofs_x=1,.ofs_y=0},
{.bitmap_index=1642,.adv_w=179,.box_w=9,.box_h=12,.ofs_x=1,.ofs_y=0},
{.bitmap_index=1685,.adv_w=170,.box_w=9,.box_h=12,.ofs_x=1,.ofs_y=0},
{.bitmap_index=1722,.adv_w=166,.box_w=9,.box_h=15,.ofs_x=1,.ofs_y=-3},
{.bitmap_index=1772,.adv_w=176,.box_w=10,.box_h=12,.ofs_x=1,.ofs_y=0},
{.bitmap_index=1819,.adv_w=168,.box_w=10,.box_h=12,.ofs_x=0,.ofs_y=0},
{.bitmap_index=1876,.adv_w=164,.box_w=10,.box_h=12,.ofs_x=0,.ofs_y=0},
{.bitmap_index=1897,.adv_w=186,.box_w=10,.box_h=12,.ofs_x=1,.ofs_y=0},
{.bitmap_index=1926,.adv_w=170,.box_w=10,.box_h=12,.ofs_x=0,.ofs_y=0},
{.bitmap_index=1980,.adv_w=253,.box_w=16,.box_h=12,.ofs_x=0,.ofs_y=0},
{.bitmap_index=2069,.adv_w=170,.box_w=10,.box_h=12,.ofs_x=0,.ofs_y=0},
{.bitmap_index=2124,.adv_w=163,.box_w=10,.box_h=12,.ofs_x=0,.ofs_y=0},
{.bitmap_index=2162,.adv_w=158,.box_w=9,.box_h=12,.ofs_x=0,.ofs_y=0},
{.bitmap_index=2204,.adv_w=110,.box_w=5,.box_h=17,.ofs_x=0,.ofs_y=-3},
{.bitmap_index=2221,.adv_w=115,.box_w=6,.box_h=12,.ofs_x=1,.ofs_y=0},
{.bitmap_index=2255,.adv_w=110,.box_w=5,.box_h=17,.ofs_x=2,.ofs_y=-3},
{.bitmap_index=2272,.adv_w=130,.box_w=8,.box_h=7,.ofs_x=0,.ofs_y=5},
{.bitmap_index=2300,.adv_w=140,.box_w=9,.box_h=2,.ofs_x=0,.ofs_y=-1},
{.bitmap_index=2308,.adv_w=56,.box_w=3,.box_h=3,.ofs_x=0,.ofs_y=10},
{.bitmap_index=2315,.adv_w=147,.box_w=8,.box_h=9,.ofs_x=0,.ofs_y=0},
{.bitmap_index=2354,.adv_w=157,.box_w=8,.box_h=12,.ofs_x=1,.ofs_y=0},
{.bitmap_index=2396,.adv_w=150,.box_w=8,.box_h=9,.ofs_x=1,.ofs_y=0},
{.bitmap_index=2430,.adv_w=157,.box_w=8,.box_h=12,.ofs_x=1,.ofs_y=0},
{.bitmap_index=2474,.adv_w=154,.box_w=8,.box_h=9,.ofs_x=1,.ofs_y=0},
{.bitmap_index=2510,.adv_w=102,.box_w=6,.box_h=12,.ofs_x=0,.ofs_y=0},
{.bitmap_index=2535,.adv_w=154,.box_w=8,.box_h=12,.ofs_x=1,.ofs_y=-3},
{.bitmap_index=2582,.adv_w=155,.box_w=8,.box_h=12,.ofs_x=1,.ofs_y=0},
{.bitmap_index=2614,.adv_w=74,.box_w=3,.box_h=12,.ofs_x=1,.ofs_y=0},
{.bitmap_index=2627,.adv_w=70,.box_w=5,.box_h=15,.ofs_x=-1,.ofs_y=-3},
{.bitmap_index=2648,.adv_w=144,.box_w=8,.box_h=12,.ofs_x=1,.ofs_y=0},
{.bitmap_index=2686,.adv_w=66,.box_w=2,.box_h=12,.ofs_x=1,.ofs_y=0},
{.bitmap_index=2694,.adv_w=238,.box_w=13,.box_h=9,.ofs_x=1,.ofs_y=0},
{.bitmap_index=2729,.adv_w=155,.box_w=8,.box_h=9,.ofs_x=1,.ofs_y=0},
{.bitmap_index=2755,.adv_w=157,.box_w=8,.box_h=9,.ofs_x=1,.ofs_y=0},
{.bitmap_index=2790,.adv_w=159,.box_w=8,.box_h=12,.ofs_x=1,.ofs_y=-3},
{.bitmap_index=2835,.adv_w=159,.box_w=8,.box_h=12,.ofs_x=1,.ofs_y=-3},
{.bitmap_index=2879,.adv_w=105,.box_w=6,.box_h=9,.ofs_x=1,.ofs_y=0},
{.bitmap_index=2897,.adv_w=138,.box_w=7,.box_h=9,.ofs_x=1,.ofs_y=0},
{.bitmap_index=2932,.adv_w=105,.box_w=6,.box_h=11,.ofs_x=0,.ofs_y=0},
{.bitmap_index=2957,.adv_w=154,.box_w=8,.box_h=9,.ofs_x=1,.ofs_y=0},
{.bitmap_index=2979,.adv_w=137,.box_w=8,.box_h=9,.ofs_x=0,.ofs_y=0},
{.bitmap_index=3016,.adv_w=208,.box_w=13,.box_h=9,.ofs_x=0,.ofs_y=0},
{.bitmap_index=3076,.adv_w=138,.box_w=9,.box_h=9,.ofs_x=0,.ofs_y=0},
{.bitmap_index=3116,.adv_w=133,.box_w=8,.box_h=12,.ofs_x=0,.ofs_y=-3},
{.bitmap_index=3161,.adv_w=128,.box_w=8,.box_h=9,.ofs_x=0,.ofs_y=0},
{.bitmap_index=3194,.adv_w=87,.box_w=5,.box_h=17,.ofs_x=0,.ofs_y=-3},
{.bitmap_index=3229,.adv_w=48,.box_w=3,.box_h=15,.ofs_x=0,.ofs_y=-1},
{.bitmap_index=3238,.adv_w=87,.box_w=5,.box_h=17,.ofs_x=0,.ofs_y=-3},
{.bitmap_index=3273,.adv_w=144,.box_w=9,.box_h=3,.ofs_x=0,.ofs_y=3},
{.bitmap_index=3290,.adv_w=110,.box_w=7,.box_h=7,.ofs_x=0,.ofs_y=8}};
static const uint16_t unicode_regular_18[]={0,1,2,3,4,5,6,7,8,9,10,11,12,13,14,15,16,17,18,19,20,21,22,23,24,25,26,27,28,29,30,31,32,33,34,35,36,37,38,39,40,41,42,43,44,45,46,47,48,49,50,51,52,53,54,55,56,57,58,59,60,61,62,63,64,65,66,67,68,69,70,71,72,73,74,75,76,77,78,79,80,81,82,83,84,85,86,87,88,89,90,91,92,93,94,144};
static const lv_font_fmt_txt_cmap_t cmap_regular_18[]={{.range_start=32,.range_length=145,.glyph_id_start=1,.unicode_list=unicode_regular_18,.list_length=96,.type=LV_FONT_FMT_TXT_CMAP_SPARSE_TINY}};
static const lv_font_fmt_txt_dsc_t dsc_regular_18={.glyph_bitmap=bitmap_regular_18,.glyph_dsc=glyphs_regular_18,.cmaps=cmap_regular_18,.cmap_num=1,.bpp=4,.bitmap_format=LV_FONT_FMT_TXT_COMPRESSED};
const lv_font_t font_wf_18={.get_glyph_dsc=lv_font_get_glyph_dsc_fmt_txt,.get_glyph_bitmap=lv_font_get_bitmap_fmt_txt,.line_height=18,.base_line=3,.dsc=&dsc_regular_18,.fallback=&font_cn16,.user_data=(void *)font_license};
static const uint8_t bitmap_black_26[]={
0x14,0x4f,0xe0,0x7b,0xbf,0xe5,0x00,0xff,0xea,0x08,0x00,0x00,0x00,0xcf,0x9d,0xfd,0x6c,0x01,0xe3,0xe8,0x31,0x01,0x49,0xd2,
0x00,0x8b,0x44,0x03,0xe2,0xc1,0x00,0x40,0x80,0x7f,0x0c,0x80,0x14,0x03,0x35,0x28,0x06,0x50,0x20,0x0c,0x52,0xb4,0x20,0x11,
0x00,0x80,0x67,0x00,0x88,0x03,0x08,0x07,0xff,0x08,0xc0,0x3f,0xff,0xc6,0x20,0x19,0xc0,0x22,0x00,0xc2,0x40,0x18,0xa5,0x28,
0x40,0x22,0x00,0x30,0x06,0x6b,0x50,0x0c,0xa0,0x08,0x10,0x0f,0xe2,0x80,0x00,0xe8,0x80,0x7c,0x5e,0x01,0x8f,0xe0,0xc4,0x05,
0x27,0x48,0x00,0x00,0x00,0x01,0x8e,0xff,0xcc,0x9c,0xe2,0x01,0x84,0x80,0x3f,0xf8,0xe4,0x40,0x0e,0x6f,0xdb,0x00,0xff,0xff,
0x80,0x7f,0xf7,0x4c,0x03,0x08,0x00,0x00,0x00,0x85,0xf3,0xbf,0xad,0x40,0x3c,0xbd,0x06,0x20,0x29,0x58,0x40,0x12,0x50,0x07,
0xe3,0xf0,0x0a,0x40,0x3f,0xc4,0xe0,0x24,0x01,0x9e,0xd4,0x03,0x50,0x10,0x06,0x38,0x4a,0x00,0xc4,0x02,0x67,0x90,0x00,0x40,
0x18,0x40,0xb3,0x34,0x00,0x38,0x03,0x20,0x07,0xea,0x30,0x0d,0x20,0x1f,0x4a,0x80,0x66,0x30,0x0f,0x4b,0x00,0x63,0x90,0x0f,
0x43,0x00,0x63,0xd0,0x0f,0x3b,0x80,0x31,0xe8,0x80,0x74,0x40,0x03,0x1e,0x08,0x07,0x43,0x80,0x61,0x94,0x4e,0x00,0x38,0x07,
0x0d,0x5d,0xf1,0x88,0x07,0xff,0x44,0x40,0x3f,0xf8,0x22,0x00,0x00,0x0e,0xff,0xff,0x98,0x04,0x03,0xfe,0x10,0x0f,0xfe,0x18,
0x80,0x7f,0xf0,0x76,0xef,0x18,0x07,0x88,0x0d,0x10,0xd2,0x60,0x1d,0x4a,0x01,0x36,0x90,0x06,0x3d,0x50,0x08,0x64,0x03,0xc4,
0x80,0x18,0x60,0x03,0xc3,0x2e,0x01,0x9c,0x80,0x48,0x03,0x40,0x80,0x6f,0x6e,0xd5,0x00,0xcc,0x01,0x8a,0x40,0x1c,0x01,0xb4,
0xea,0xb2,0x00,0x1c,0x03,0x0b,0x2a,0xee,0x00,0x28,0x06,0x17,0x00,0xca,0xeb,0x00,0x1b,0x09,0x00,0x34,0x50,0x80,0x42,0xe1,
0x20,0x1f,0xe8,0x10,0x2c,0x10,0x0f,0xa5,0x80,0x23,0xf8,0x30,0x01,0x36,0xb0,0x00,0x00,0x00,0x00,0xc5,0xff,0xc0,0x1f,0xeb,
0x00,0xca,0x01,0xfe,0x60,0x0d,0x20,0x1f,0xcc,0x01,0x88,0xc0,0x3f,0xac,0x03,0x58,0x07,0xf2,0x10,0x06,0x60,0x0f,0xee,0x00,
0xcc,0x01,0xfc,0x2a,0x01,0xa8,0x33,0xff,0x08,0x02,0x40,0x31,0x98,0x03,0xf9,0x80,0x35,0x00,0x7f,0x20,0x80,0x69,0xff,0x18,
0x06,0xea,0x20,0x0f,0xff,0x1b,0xdd,0xfe,0x20,0x0d,0x50,0x28,0x9f,0x84,0x03,0x21,0x00,0x7f,0xf9,0x00,0x00,0x00,0x3f,0xff,
0xfe,0x02,0x38,0x07,0xff,0x00,0x40,0x3f,0xf9,0xe2,0x01,0xc9,0x77,0xf2,0x00,0x70,0xa2,0x7c,0x01,0xf8,0xcc,0x01,0xfe,0x4f,
0xcc,0x7d,0x10,0x07,0xc2,0x01,0x97,0x0c,0x03,0xff,0x80,0x3a,0x01,0xff,0xc1,0x17,0x70,0x07,0x5f,0x28,0x06,0xc3,0xff,0xe4,
0x18,0x00,0xcc,0x55,0x5a,0x00,0x02,0x01,0xc4,0xab,0x9e,0x17,0x80,0x33,0x82,0x00,0x67,0xa2,0x00,0xdc,0x12,0x01,0xfe,0x54,
0x02,0xc1,0x00,0xf9,0xa8,0x02,0x3e,0x93,0x10,0x25,0xc9,0x00,0x00,0x00,0x00,0x00,0x92,0x77,0xfd,0xb4,0x80,0x1d,0x56,0xc4,
0x00,0x25,0xba,0x00,0xa5,0x40,0x3f,0x2c,0x80,0xb0,0x07,0xf9,0x84,0x80,0x3a,0x64,0x01,0xca,0xe0,0x19,0x59,0xa0,0x0c,0x20,
0x1c,0x60,0x5b,0x9b,0xb2,0x80,0x72,0x76,0xde,0x48,0x10,0x07,0x88,0x40,0x24,0xd4,0x00,0xff,0xe0,0xd0,0x07,0xff,0x04,0x5c,
0x03,0x87,0x3d,0x80,0x36,0x00,0x72,0x18,0x58,0x06,0x77,0x00,0x61,0x00,0x08,0x06,0x72,0x00,0xc9,0x0b,0xc0,0x18,0x85,0x40,
0x33,0xd1,0x00,0x6a,0x0b,0x00,0xff,0x31,0x80,0xe0,0x80,0x7c,0xd2,0x01,0x1f,0x49,0x88,0x13,0x64,0x80,0x00,0x00,0x00,0xbf,
0xff,0xfe,0x00,0x07,0xff,0x45,0xc0,0x3f,0xf8,0xb3,0x76,0x80,0x0c,0x20,0xe0,0x12,0x25,0xe0,0x19,0xc2,0xff,0xe2,0x00,0x30,
0x06,0xa0,0x0f,0x94,0x40,0x22,0x30,0x0f,0xb8,0x03,0x50,0x07,0xc2,0x80,0x19,0x80,0x3e,0x60,0x0c,0x82,0x01,0xf5,0x00,0x6e,
0x00,0xf8,0xc8,0x02,0x15,0x00,0xfa,0x80,0x33,0x80,0x7e,0x60,0x0d,0x40,0x1f,0x30,0x06,0x23,0x00,0xfa,0x80,0x35,0x00,0x7c,
0x46,0x01,0x98,0x03,0xe5,0x00,0xca,0x20,0x1c,0x00,0x00,0x00,0x85,0xf3,0xbf,0xa9,0x00,0x39,0x3e,0x0c,0x40,0x56,0xe8,0x02,
0x3b,0x10,0x0f,0x96,0x80,0x1e,0x01,0xfe,0x53,0x13,0x00,0xcf,0x44,0x01,0xa8,0x80,0x32,0x42,0xf0,0x06,0x21,0x00,0xf8,0x40,
0x30,0x90,0x80,0x48,0x63,0x60,0x1b,0x01,0x80,0x36,0x73,0x00,0x44,0xc1,0x02,0x01,0xfd,0x00,0x09,0x10,0x0f,0xeb,0x11,0x30,
0x06,0xbe,0x60,0x08,0x59,0x40,0x32,0x20,0x6c,0x03,0x61,0x00,0x7c,0x20,0x19,0x88,0x03,0x23,0xaf,0x80,0x66,0x41,0x00,0xd1,
0x46,0x01,0xb4,0x2c,0x03,0xfc,0x6c,0x0b,0x00,0x1f,0x93,0x40,0x27,0xd7,0x31,0x02,0x4a,0xb1,0x00,0x00,0x00,0x00,0x8e,0xb7,
0xfb,0x18,0x03,0xd3,0x8a,0x40,0x27,0x3a,0x40,0x14,0xb0,0x07,0xc5,0x82,0x06,0xc0,0x1f,0xc3,0x61,0x40,0x18,0xe9,0xc0,0x32,
0x82,0x80,0x6e,0x58,0x30,0x0c,0x62,0x01,0x8c,0x00,0xe0,0x19,0xd8,0x03,0x40,0x1a,0x00,0x76,0x00,0x66,0xfc,0x00,0xf3,0x08,
0x07,0xff,0x00,0x68,0x03,0xff,0x82,0x98,0x80,0x10,0x90,0x07,0x8c,0x22,0xed,0xbc,0xe0,0x1c,0xb9,0x95,0xe1,0x00,0x7f,0xf0,
0x19,0x59,0x40,0x33,0xb8,0x03,0x0d,0x48,0x07,0x19,0x28,0x07,0xf9,0xc0,0x14,0x80,0x1f,0x9a,0x00,0x2b,0xb2,0x88,0x00,0x9b,
0x24,0x00,0x00,0x00,0x09,0xed,0x50,0x66,0x09,0x50,0xf8,0x06,0x2f,0x00,0xc4,0xcc,0x12,0xb1,0x09,0xed,0x40,0x0f,0xfe,0x14,
0xf6,0xa8,0x33,0x04,0xa8,0x7c,0x03,0x17,0x80,0x62,0x66,0x09,0x58,0x80,0x00,0x00,0x00,0x2e,0x7f,0x51,0x00,0x51,0x46,0x02,
0xba,0x60,0x6e,0x01,0xed,0x0b,0x00,0x1f,0x60,0x00,0x50,0x80,0x14,0x26,0x80,0x01,0x20,0x05,0x09,0xa0,0x01,0xac,0x00,0x7d,
0x80,0x02,0x33,0x40,0x07,0xb8,0x00,0xf4,0x60,0x2b,0xa6,0x00,0x00,0x00,
};
static const lv_font_fmt_txt_glyph_dsc_t glyphs_black_26[]={{0,0,0,0,0,0},
{.bitmap_index=0,.adv_w=174,.box_w=11,.box_h=5,.ofs_x=0,.ofs_y=5},
{.bitmap_index=12,.adv_w=238,.box_w=15,.box_h=19,.ofs_x=0,.ofs_y=0},
{.bitmap_index=101,.adv_w=148,.box_w=9,.box_h=19,.ofs_x=0,.ofs_y=0},
{.bitmap_index=128,.adv_w=240,.box_w=15,.box_h=19,.ofs_x=0,.ofs_y=0},
{.bitmap_index=229,.adv_w=231,.box_w=14,.box_h=19,.ofs_x=0,.ofs_y=0},
{.bitmap_index=330,.adv_w=267,.box_w=16,.box_h=19,.ofs_x=0,.ofs_y=0},
{.bitmap_index=406,.adv_w=231,.box_w=14,.box_h=19,.ofs_x=0,.ofs_y=0},
{.bitmap_index=495,.adv_w=230,.box_w=14,.box_h=19,.ofs_x=0,.ofs_y=0},
{.bitmap_index=599,.adv_w=212,.box_w=14,.box_h=19,.ofs_x=0,.ofs_y=0},
{.bitmap_index=683,.adv_w=231,.box_w=14,.box_h=19,.ofs_x=0,.ofs_y=0},
{.bitmap_index=789,.adv_w=224,.box_w=14,.box_h=19,.ofs_x=0,.ofs_y=0},
{.bitmap_index=892,.adv_w=158,.box_w=6,.box_h=13,.ofs_x=2,.ofs_y=1},
{.bitmap_index=928,.adv_w=155,.box_w=10,.box_h=9,.ofs_x=0,.ofs_y=12}};
static const uint16_t unicode_black_26[]={0,3,4,5,6,7,8,9,10,11,12,13,131};
static const lv_font_fmt_txt_cmap_t cmap_black_26[]={{.range_start=45,.range_length=132,.glyph_id_start=1,.unicode_list=unicode_black_26,.list_length=13,.type=LV_FONT_FMT_TXT_CMAP_SPARSE_TINY}};
static const lv_font_fmt_txt_dsc_t dsc_black_26={.glyph_bitmap=bitmap_black_26,.glyph_dsc=glyphs_black_26,.cmaps=cmap_black_26,.cmap_num=1,.bpp=4,.bitmap_format=LV_FONT_FMT_TXT_COMPRESSED};
const lv_font_t font_wf_26={.get_glyph_dsc=lv_font_get_glyph_dsc_fmt_txt,.get_glyph_bitmap=lv_font_get_bitmap_fmt_txt,.line_height=21,.base_line=0,.dsc=&dsc_black_26,.user_data=(void *)font_license};
static const uint8_t bitmap_black_36[]={
0x1c,0xcf,0xfe,0x09,0x10,0xcf,0xff,0x82,0xc0,0x1f,0xfe,0x11,0x00,0xff,0xe0,0xb8,0x00,0x00,0x00,0xe6,0xad,0xff,0x76,0x4a,
0x00,0x7e,0x6f,0x95,0x20,0x00,0x9b,0x5e,0x10,0x07,0x4c,0x80,0x3f,0xc7,0xa8,0x01,0x3b,0x00,0x7f,0xf0,0x6c,0x80,0x60,0x03,
0xff,0x87,0x00,0xc0,0x1f,0x09,0x00,0x7c,0xa3,0x80,0x1e,0x6e,0xdd,0x10,0x07,0x91,0x80,0x3d,0x20,0x02,0xb0,0x0f,0x11,0x80,
0x71,0x00,0x65,0x00,0xf7,0x80,0x7f,0xff,0xc0,0x3f,0xff,0xe0,0x03,0x00,0xe2,0x00,0xca,0x01,0xef,0x60,0x0f,0x48,0x00,0xac,
0x03,0xc5,0x80,0x1e,0x6e,0xdd,0x10,0x07,0x91,0x80,0x3e,0x12,0x00,0xf9,0x44,0x50,0x01,0xff,0xc2,0x18,0x00,0x3b,0x00,0x7f,
0xf0,0x74,0x80,0x29,0x90,0x07,0xf8,0xf4,0xc0,0x39,0xbe,0x54,0x80,0x02,0x6d,0x78,0x40,0x10,0x00,0x00,0x00,0x9b,0x3f,0xfd,
0x41,0x3f,0x26,0x01,0xe1,0x36,0x00,0xff,0xf1,0x12,0x3d,0x68,0x07,0xc3,0x70,0xa4,0x01,0xff,0xff,0x00,0xff,0xff,0x80,0x7f,
0xfc,0x04,0x00,0x00,0x00,0xc2,0xd5,0xbd,0xfd,0x92,0x60,0x1f,0xa3,0xa5,0x48,0x40,0x4d,0xb2,0xc8,0x03,0x0e,0x38,0x07,0xf9,
0x34,0xc0,0x2d,0x30,0x0f,0xfe,0x0e,0x90,0x29,0x80,0x7f,0xf0,0x86,0x43,0x80,0x3e,0x12,0x00,0xf9,0x05,0x40,0x3d,0x1d,0xba,
0x10,0x0f,0x20,0x07,0xce,0x00,0x26,0x00,0xf1,0x98,0x03,0x88,0x03,0x10,0x07,0x8b,0x7f,0xfb,0x40,0x24,0x50,0x0f,0x28,0x07,
0xf1,0x50,0x07,0x94,0x40,0x3f,0x16,0x08,0x07,0xac,0x03,0xf1,0x60,0x80,0x7a,0x84,0x03,0xe2,0xc1,0x00,0xf4,0x28,0x07,0xc5,
0x82,0x01,0xe7,0x70,0x07,0xc5,0x82,0x01,0xe7,0x80,0x0f,0x8f,0x04,0x03,0xd1,0x00,0x0f,0x93,0x04,0x03,0xd4,0xe0,0x1f,0x2d,
0x80,0x7d,0x6a,0x01,0xf2,0xd0,0x07,0xc3,0x19,0x9f,0x3f,0x00,0x7e,0x13,0x3f,0xda,0x01,0xff,0xed,0x10,0x0f,0xfe,0x29,0x80,
0x00,0x00,0x07,0xff,0xff,0xe2,0x40,0x03,0xc0,0x3f,0xf8,0x82,0x01,0xff,0xf2,0xd3,0x3f,0x80,0x3f,0xf8,0x0b,0x99,0xda,0xc0,
0x1f,0x8a,0x80,0x3e,0x5f,0x50,0x0f,0x9b,0x4c,0x03,0x86,0xa8,0x20,0x1e,0x1b,0x90,0x0f,0xbd,0x40,0x3f,0x10,0x07,0xf2,0x00,
0x7f,0x1d,0xc8,0x07,0xd4,0x40,0x1f,0xe6,0x80,0x0f,0xb8,0x02,0x21,0x00,0xf3,0x90,0x07,0x8e,0x06,0xb7,0x98,0x03,0xd4,0x01,
0xf3,0xf2,0x80,0x20,0x03,0xca,0x01,0xff,0xc0,0x12,0x00,0xe2,0x02,0xdd,0xf3,0x80,0x7f,0xf0,0x48,0xbd,0x40,0x10,0x90,0x07,
0x08,0x10,0x07,0x89,0x80,0x16,0x01,0xe5,0x00,0x28,0x07,0xa7,0xbd,0x40,0x3d,0xa0,0x08,0x00,0xf8,0x40,0x3e,0x17,0x00,0x13,
0x80,0x7f,0xf0,0xa0,0x40,0x28,0x50,0x0f,0xfe,0x03,0xb0,0x07,0x54,0x88,0x07,0xe1,0xa8,0x00,0xf9,0xba,0x50,0x40,0x02,0xb3,
0xca,0x01,0x80,0x00,0x00,0x00,0xf1,0xff,0xfb,0x40,0x3f,0xf8,0x50,0x01,0xe5,0x00,0xff,0xe0,0x92,0x00,0x7a,0x40,0x3f,0xf8,
0x34,0x01,0xe5,0x10,0x0f,0xfe,0x0b,0x80,0x7a,0x40,0x3f,0xf8,0x2c,0x01,0xe3,0x30,0x07,0xff,0x06,0xc0,0x3d,0x20,0x1f,0xfc,
0x14,0x20,0x0e,0x15,0x00,0xff,0xe0,0xf8,0x07,0x98,0x03,0xff,0x82,0x48,0x01,0xe9,0x02,0xff,0xf3,0x80,0x6b,0x00,0xf2,0x88,
0x30,0x07,0xbc,0x02,0x16,0x00,0xf4,0x80,0x7f,0xf0,0x58,0x03,0xc6,0x60,0x0f,0xfe,0x0c,0x80,0x78,0xff,0xeb,0x00,0xf3,0xfd,
0x10,0x80,0x7f,0xf1,0xc4,0x40,0x1f,0xff,0x52,0x33,0xff,0x88,0x03,0xc2,0x78,0x39,0x9f,0xf4,0x80,0x79,0xb1,0xc0,0x3f,0xff,
0xe0,0x1f,0xfc,0xd7,0x00,0xf7,0x00,0x00,0x00,0x00,0xdf,0xff,0xfe,0x22,0x81,0x00,0x7f,0xf1,0x08,0x03,0xff,0xea,0x67,0xff,
0x00,0x7c,0x59,0x9f,0xe4,0x00,0xff,0xe7,0x9c,0xde,0x53,0x88,0x07,0xfc,0x58,0xc8,0x6b,0x1c,0xe0,0x1f,0xfc,0x68,0xa0,0x0f,
0xfe,0x32,0xc8,0x07,0xff,0x19,0x8c,0x03,0xff,0x8d,0x20,0x1f,0x93,0x7d,0x80,0x3c,0xa1,0x51,0x1d,0x36,0x41,0x24,0x01,0xe1,
0x57,0x7e,0x60,0x0c,0xc0,0x1e,0x2a,0xcc,0xea,0x00,0xcc,0x01,0xe2,0x73,0x3e,0x58,0x00,0x39,0x00,0x78,0x54,0x03,0xcf,0xdc,
0x80,0x0f,0x28,0x50,0x07,0xc2,0x20,0x0f,0xb8,0x0a,0x00,0x3f,0xf8,0x4a,0x80,0x07,0x60,0x0f,0xfe,0x02,0x50,0x06,0x99,0x08,
0x07,0xf4,0x58,0x07,0x9b,0xa5,0x04,0x00,0x29,0x1c,0xe0,0x18,0x00,0x00,0x00,0xe4,0x9c,0xef,0xf6,0xdb,0x90,0x07,0xe4,0xdb,
0x63,0x10,0x01,0x24,0x6c,0x88,0x07,0x2d,0x90,0x07,0xf9,0xb0,0x40,0x23,0xa0,0x0f,0xfe,0x09,0x50,0x05,0x20,0x1f,0xfc,0x34,
0x30,0x02,0x80,0x7c,0x42,0x01,0xf2,0x80,0x7f,0x6e,0xb9,0x80,0x3c,0x20,0x1f,0x90,0x80,0x16,0xab,0xe3,0x00,0xfe,0x18,0xbe,
0x1d,0xba,0xa9,0x00,0x3f,0x27,0x3a,0x1a,0x47,0x48,0x07,0xff,0x1d,0xb0,0x03,0xff,0x8e,0x76,0x01,0xff,0xc7,0x44,0x00,0x7f,
0xf1,0xf8,0x03,0xf9,0xbb,0x8c,0x01,0xe4,0x00,0xfc,0x32,0x22,0x92,0x00,0xe1,0x00,0xfc,0x40,0x19,0x80,0x3c,0x20,0x1f,0x10,
0x06,0x60,0x0f,0x08,0x10,0x07,0x0b,0x80,0x1c,0x80,0x38,0x80,0x0a,0x01,0xe8,0xee,0x40,0x07,0x90,0x01,0x40,0x1f,0x08,0x80,
0x3e,0xb0,0x01,0x38,0x07,0xff,0x09,0xc8,0x02,0x85,0x00,0xff,0xe0,0x34,0x00,0x75,0x48,0x07,0xf0,0xcc,0x80,0x3e,0x6f,0x94,
0x10,0x00,0xa4,0xf3,0x00,0x60,0x00,0x00,0x8f,0xff,0xfe,0x28,0x10,0x07,0xff,0x14,0x40,0x3f,0xfe,0x66,0x78,0x80,0x3e,0x10,
0x0e,0x3c,0xcd,0x00,0x1e,0x30,0x0f,0xfb,0x80,0x3d,0x21,0x5d,0xdb,0x00,0x22,0x40,0x0e,0x15,0x00,0x08,0xe0,0x0d,0x40,0x1e,
0x70,0x0f,0xf9,0x80,0x3d,0x60,0x1f,0xe5,0x10,0x0e,0x32,0x00,0xff,0x48,0x07,0xa4,0x03,0xfc,0x46,0x01,0xc2,0xa0,0x1f,0xeb,
0x00,0xf3,0x80,0x7f,0xce,0x01,0xeb,0x00,0xff,0x30,0x80,0x71,0x90,0x07,0xfa,0x80,0x3d,0x40,0x1f,0xe3,0x30,0x07,0x0b,0x00,
0x7f,0xa8,0x03,0xce,0x01,0xff,0x30,0x07,0xac,0x03,0xfc,0xc0,0x1e,0x32,0x00,0xff,0x50,0x07,0xa8,0x03,0xfc,0x66,0x00,0xf3,
0x00,0x7f,0xac,0x03,0xce,0x01,0xf8,0x00,0x00,0x00,0xe1,0x7b,0xdf,0xf6,0xdb,0x88,0x07,0xf4,0xf4,0x21,0x00,0x09,0x23,0xa4,
0x03,0xc3,0x8c,0x01,0xfe,0x6c,0x10,0x0d,0xa6,0x01,0xff,0xc0,0x3d,0x00,0x94,0xc0,0x3f,0xf8,0x46,0xa0,0x0e,0x00,0xf8,0x88,
0x01,0xf7,0x00,0x14,0x03,0xd5,0xba,0xb0,0x0f,0x28,0x07,0xe1,0x50,0x02,0x20,0x03,0x84,0x00,0x60,0x1f,0xe7,0x00,0xe2,0x00,
0x28,0x07,0x0c,0x08,0x9c,0xc0,0x39,0x00,0x14,0x01,0xe7,0xee,0x40,0x07,0xac,0x00,0x54,0x01,0xff,0xc2,0xb2,0x00,0xff,0xe5,
0x15,0x00,0x7f,0xf0,0xac,0x80,0x16,0x01,0xe6,0xee,0x38,0x07,0xa8,0x00,0xe0,0x1e,0x91,0x14,0x10,0x07,0x30,0x08,0x80,0x38,
0xc0,0x33,0x80,0x70,0x88,0xc0,0x3c,0x40,0x19,0x80,0x3c,0x64,0x01,0xe1,0x70,0x02,0x98,0x07,0x88,0x08,0x03,0xd1,0xdc,0xa0,
0x0f,0x10,0x02,0xc0,0x3e,0x11,0x00,0x7d,0x40,0x06,0x20,0x0f,0xfe,0x11,0x38,0x05,0xe2,0x01,0xff,0xc0,0x2c,0x00,0xc5,0xea,
0x01,0xfe,0x5c,0x10,0x0e,0x1a,0xd8,0x41,0x00,0x09,0xbe,0xd0,0x80,0x40,0x00,0x00,0x00,0xe5,0xad,0xff,0x76,0x41,0x00,0x7e,
0x4d,0xa5,0x20,0x00,0x9b,0xed,0x08,0x07,0x3d,0x90,0x07,0xf2,0xe1,0x00,0x4b,0x00,0x1f,0xfc,0x02,0xf0,0x0a,0xc0,0x3f,0xf8,
0x44,0xe0,0xa2,0x01,0xf1,0x00,0x7d,0x41,0x80,0x1e,0x5f,0xdd,0x08,0x07,0x11,0x40,0x1e,0xb0,0x01,0x30,0x07,0x99,0xc0,0x3f,
0xf8,0xa2,0xc0,0x1e,0x80,0x01,0x30,0x07,0xda,0x01,0xe6,0xed,0xd0,0x80,0x7c,0xa0,0x1f,0x09,0x00,0x7f,0x13,0x80,0x7f,0xf1,
0xa0,0xc0,0x3f,0xf8,0xd8,0xc0,0x1f,0xfc,0x69,0xc6,0x20,0x01,0x44,0x00,0x3f,0x22,0x4f,0xb3,0xdf,0xae,0x20,0x1f,0x15,0xdf,
0xc0,0x10,0x80,0x7f,0xf0,0x90,0x80,0x68,0x03,0xe2,0x00,0xf0,0xee,0xb8,0x80,0x3c,0x20,0x60,0x1f,0x10,0x07,0xe4,0x08,0x00,
0xff,0xe1,0xb8,0x01,0x20,0x03,0xff,0x82,0xb0,0x01,0x3d,0x10,0x07,0xfa,0x28,0x03,0x97,0x69,0x88,0x40,0x49,0x67,0x9c,0x02,
0x00,0x00,0x03,0xcf,0xd7,0x00,0x0e,0x18,0x14,0x38,0x48,0x07,0x48,0x10,0x07,0x08,0x10,0x07,0x08,0x48,0x07,0x40,0x0e,0x18,
0x14,0xb0,0x00,0xf3,0xf5,0x80,0x3f,0xfa,0xe7,0x9f,0xae,0x00,0x1c,0x30,0x28,0x70,0x90,0x0e,0x90,0x20,0x0e,0x10,0x20,0x0e,
0x10,0x90,0x0e,0x80,0x1c,0x30,0x29,0x60,0x00,0x00,0x00,0x8a,0x77,0xfa,0xd4,0x03,0x9b,0x58,0x80,0x52,0xac,0x40,0x0b,0x20,
0x1f,0x26,0x80,0x2c,0x03,0xf8,0xd9,0x44,0x02,0x8f,0xc2,0x00,0xab,0x40,0x23,0x70,0x3b,0x00,0x8b,0xc0,0x3f,0xf8,0x04,0x01,
0x1b,0x81,0xd8,0x04,0x4a,0x20,0x14,0x7e,0x10,0x05,0x41,0x60,0x1f,0xc6,0xc0,0xb2,0x01,0xf2,0x68,0x04,0xda,0xc4,0x02,0x95,
0x62,0x00,0x00,0x00,
};
static const lv_font_fmt_txt_glyph_dsc_t glyphs_black_36[]={{0,0,0,0,0,0},
{.bitmap_index=0,.adv_w=241,.box_w=15,.box_h=6,.ofs_x=0,.ofs_y=7},
{.bitmap_index=18,.adv_w=330,.box_w=19,.box_h=25,.ofs_x=1,.ofs_y=0},
{.bitmap_index=140,.adv_w=205,.box_w=12,.box_h=25,.ofs_x=0,.ofs_y=0},
{.bitmap_index=172,.adv_w=332,.box_w=19,.box_h=25,.ofs_x=1,.ofs_y=0},
{.bitmap_index=314,.adv_w=320,.box_w=20,.box_h=25,.ofs_x=0,.ofs_y=0},
{.bitmap_index=461,.adv_w=369,.box_w=22,.box_h=25,.ofs_x=0,.ofs_y=0},
{.bitmap_index=586,.adv_w=320,.box_w=19,.box_h=25,.ofs_x=1,.ofs_y=0},
{.bitmap_index=710,.adv_w=318,.box_w=20,.box_h=25,.ofs_x=0,.ofs_y=0},
{.bitmap_index=872,.adv_w=294,.box_w=19,.box_h=25,.ofs_x=0,.ofs_y=0},
{.bitmap_index=993,.adv_w=320,.box_w=20,.box_h=25,.ofs_x=0,.ofs_y=0},
{.bitmap_index=1168,.adv_w=309,.box_w=19,.box_h=25,.ofs_x=0,.ofs_y=0},
{.bitmap_index=1322,.adv_w=220,.box_w=8,.box_h=19,.ofs_x=3,.ofs_y=0},
{.bitmap_index=1378,.adv_w=215,.box_w=13,.box_h=12,.ofs_x=0,.ofs_y=17}};
static const uint16_t unicode_black_36[]={0,3,4,5,6,7,8,9,10,11,12,13,131};
static const lv_font_fmt_txt_cmap_t cmap_black_36[]={{.range_start=45,.range_length=132,.glyph_id_start=1,.unicode_list=unicode_black_36,.list_length=13,.type=LV_FONT_FMT_TXT_CMAP_SPARSE_TINY}};
static const lv_font_fmt_txt_dsc_t dsc_black_36={.glyph_bitmap=bitmap_black_36,.glyph_dsc=glyphs_black_36,.cmaps=cmap_black_36,.cmap_num=1,.bpp=4,.bitmap_format=LV_FONT_FMT_TXT_COMPRESSED};
const lv_font_t font_wf_36={.get_glyph_dsc=lv_font_get_glyph_dsc_fmt_txt,.get_glyph_bitmap=lv_font_get_bitmap_fmt_txt,.line_height=29,.base_line=0,.dsc=&dsc_black_36,.user_data=(void *)font_license};
static const uint8_t bitmap_black_52[]={
0x48,0x8f,0xfe,0x31,0xcb,0xbf,0xff,0x1a,0x40,0x3f,0xff,0xe0,0x1f,0xfe,0x16,0x00,0xff,0xe3,0x68,0x00,0x00,0x00,0xfc,0x4d,
0x5b,0xdf,0xee,0xc9,0x61,0x00,0xff,0xe1,0x26,0x6c,0xa9,0x08,0x00,0x4d,0xa7,0xa8,0x80,0x3f,0xea,0xb3,0x00,0xff,0xe0,0x2e,
0xb8,0x07,0xe1,0xd5,0x00,0xff,0xe2,0x45,0x80,0x7d,0xa4,0x01,0xff,0xc6,0x49,0x00,0xe9,0x30,0x0f,0xfe,0x43,0x28,0x04,0x4c,
0x01,0xff,0xca,0x80,0x0a,0xc0,0x3f,0xf9,0x64,0xa0,0x04,0x00,0xff,0x1b,0x30,0x80,0x3f,0xde,0x04,0x40,0x0f,0xe9,0xc9,0x96,
0xa8,0x07,0xf2,0x03,0x00,0x7f,0x23,0x00,0x6a,0x10,0x0f,0xc2,0x30,0x07,0xf6,0x00,0x79,0x00,0x3f,0x8c,0xc0,0x1f,0xc4,0x01,
0xe2,0x00,0xfe,0x11,0x00,0x7f,0xff,0xc0,0x3f,0xff,0xe0,0x1f,0xff,0xf0,0x0f,0xff,0xf8,0x07,0xc2,0x01,0xff,0xcf,0x30,0x0f,
0xe2,0x00,0xf1,0x00,0x7f,0x08,0x80,0x3f,0xb0,0x03,0xc8,0x01,0xfc,0x4a,0x01,0xfc,0x8c,0x01,0xa4,0x40,0x3f,0x08,0x09,0x00,
0x7f,0x4e,0x44,0xeb,0x00,0x7f,0x38,0x01,0x40,0x3f,0xc6,0xec,0x40,0x1f,0xec,0x00,0x48,0x07,0xff,0x2c,0x94,0x00,0x2e,0x01,
0xff,0xca,0x80,0x0d,0x06,0x01,0xff,0xc8,0x75,0x00,0xed,0x20,0x0f,0xfe,0x32,0xc0,0x07,0x87,0x54,0x03,0xff,0x89,0x14,0x01,
0xfd,0x56,0x60,0x1f,0xfc,0x05,0xd7,0x00,0xff,0x93,0x36,0x14,0x84,0x00,0x26,0xd5,0xd4,0x40,0x1e,0x00,0x00,0x00,0xc9,0x5f,
0xff,0xd8,0x02,0xfb,0x6a,0x01,0xfc,0x6f,0xd0,0x40,0x1f,0xfc,0x0a,0x00,0xff,0xff,0x80,0x7f,0xf2,0x04,0x48,0xf5,0xa4,0x01,
0xfd,0x9d,0x70,0xa4,0x01,0xff,0xff,0x00,0xff,0xff,0x80,0x7f,0xff,0xc0,0x3f,0xff,0xe0,0x1f,0xff,0xf0,0x0f,0xfe,0xeb,0x80,
0x7e,0x30,0x00,0x00,0x00,0xfc,0x6f,0x7b,0xff,0x76,0x52,0x88,0x07,0xff,0x09,0xb7,0x21,0x08,0x02,0x13,0x5a,0xea,0x20,0x0f,
0xf1,0xec,0x90,0x07,0xff,0x01,0x75,0xc0,0x3f,0x2e,0x10,0x07,0xff,0x12,0x2c,0x03,0xc9,0x40,0x1f,0xfc,0x74,0xa0,0x0c,0x34,
0x01,0xff,0xc9,0x55,0x00,0x50,0x20,0x1f,0xfc,0xab,0x00,0x98,0x03,0xff,0x96,0x2a,0x06,0x01,0xff,0x1b,0x28,0x80,0x7f,0xbc,
0x14,0x03,0xfd,0x59,0x35,0xc8,0x01,0xfc,0x80,0x20,0x1f,0xca,0xa0,0x0d,0x40,0x1f,0xc2,0x01,0xff,0x68,0x07,0x08,0x80,0x3f,
0xc2,0x01,0xfc,0x20,0x1c,0x42,0x01,0xf8,0x41,0xae,0xab,0xeb,0x60,0x0e,0x90,0x0f,0xe5,0x00,0x22,0xaf,0xc8,0x01,0xcc,0x80,
0x1f,0xda,0x01,0xff,0xc3,0x39,0x00,0xfe,0x16,0x00,0xff,0xe1,0x16,0x80,0x7f,0xa0,0x03,0xff,0x84,0x58,0x20,0x1f,0xc6,0xc0,
0x1f,0xfc,0x12,0xc1,0x00,0xfe,0x1d,0x00,0xff,0xe0,0x96,0x08,0x07,0xfa,0x84,0x03,0xff,0x80,0x58,0x20,0x1f,0xe9,0x40,0x0f,
0xfe,0x01,0x60,0x80,0x7f,0xa1,0x80,0x3f,0xf8,0x05,0x82,0x01,0xfe,0x87,0x00,0xff,0xe0,0x16,0x08,0x07,0xfa,0x1c,0x03,0xff,
0x80,0x58,0x20,0x1f,0xe9,0x70,0x0f,0xfe,0x01,0x60,0x80,0x7f,0xa9,0x80,0x3f,0xf8,0x07,0x82,0x01,0xfe,0xb5,0x00,0xff,0xe0,
0x26,0x08,0x07,0xf0,0xe2,0x00,0x7f,0xf0,0x16,0xc0,0x3f,0xe5,0xb8,0x8f,0xf8,0x42,0x80,0x3f,0xf8,0x08,0xef,0xff,0xc1,0x20,
0x0f,0xff,0xf8,0x07,0xff,0xfc,0x03,0xff,0x8a,0x42,0x01,0xff,0xcd,0x20,0x00,0x00,0x0b,0xff,0xff,0xe5,0xd8,0x01,0x40,0x3f,
0xf9,0x6a,0x01,0xff,0xff,0x00,0xff,0xf9,0x18,0x07,0xff,0x3a,0x1d,0xff,0xc2,0x01,0xff,0xc0,0x30,0x02,0xc4,0x7e,0xa4,0x10,
0x0f,0xfe,0x04,0x00,0x7f,0x9b,0x4c,0x03,0xfe,0x3d,0x50,0x0f,0xc3,0x72,0x01,0xff,0xc0,0x8c,0x20,0x0f,0xcd,0xc8,0x01,0xff,
0x16,0x38,0x07,0xe1,0xb9,0x00,0xff,0xe0,0x0e,0x18,0x07,0xf2,0x20,0x03,0xff,0x82,0x3d,0x00,0x1f,0xca,0x60,0x1f,0xfc,0x37,
0xd2,0x00,0xfd,0xc0,0x1f,0xfc,0x42,0xf1,0x00,0xf8,0xa8,0x03,0xff,0x88,0x56,0x01,0xf9,0x54,0x01,0xff,0xc4,0x53,0x00,0xfd,
0x62,0x00,0x6e,0xfc,0x20,0x0f,0xe9,0x00,0xfc,0x3a,0x57,0x22,0x07,0xe0,0x1f,0xca,0x01,0xfc,0x7a,0x80,0x18,0x90,0x03,0xf8,
0xc0,0x3f,0xf8,0x86,0x01,0xfc,0xa0,0x23,0xf8,0x03,0xee,0x00,0xfe,0x1c,0xee,0xfe,0x00,0xf0,0x80,0x7f,0xf1,0xc4,0xc0,0x3b,
0x80,0x3f,0x85,0x80,0x3f,0x90,0x03,0x9c,0x03,0xf8,0xb4,0x03,0xfa,0x48,0x02,0x81,0x00,0xfe,0x55,0x00,0x7f,0x0e,0xd4,0xe3,
0x80,0x7f,0x18,0x91,0x80,0x7f,0x95,0x8c,0x03,0xfd,0x40,0x08,0x00,0xff,0xe5,0x0b,0x00,0x11,0x40,0x3f,0xf9,0x36,0x01,0xac,
0x80,0x3f,0xf8,0xec,0xa0,0x18,0x70,0x80,0x3f,0xf8,0xab,0x20,0x1e,0x1d,0x50,0x0f,0xfe,0x1c,0x50,0x07,0xf5,0x59,0x80,0x7f,
0xcb,0xae,0x01,0xff,0x26,0x6b,0xa0,0x80,0x04,0x96,0x7a,0x88,0x03,0xc0,0x00,0x00,0x00,0xfc,0x5d,0xff,0xfc,0x20,0x1f,0xfc,
0x7b,0x10,0x0f,0xc4,0x20,0x1f,0xfc,0x76,0x00,0xfe,0xa0,0x0f,0xfe,0x3b,0x00,0x7f,0x98,0x03,0xff,0x8f,0x60,0x1f,0xcc,0x20,
0x1f,0xfc,0x64,0x20,0x0f,0xea,0x00,0xff,0xe3,0xf0,0x07,0xf1,0x98,0x03,0xff,0x8c,0x2a,0x01,0xfd,0x20,0x1f,0xfc,0x79,0x00,
0xfe,0x15,0x00,0xff,0xe3,0xb0,0x07,0xf3,0x00,0x7f,0xf1,0xd4,0x40,0x3f,0xa8,0x03,0xff,0x8f,0x20,0x1f,0xc8,0x40,0x1f,0xfc,
0x63,0x30,0x07,0xf7,0x80,0x7f,0xf1,0xe4,0x03,0xf8,0x90,0x00,0xdf,0xff,0xb8,0x40,0x38,0x54,0x03,0xfa,0x80,0x2f,0x00,0xfc,
0x24,0x01,0xcc,0x01,0xfe,0x60,0x0f,0xfe,0x3c,0x80,0x7f,0x28,0x80,0x7f,0xf1,0x94,0x40,0x3f,0xa4,0x03,0xff,0x8f,0x20,0x1f,
0xc6,0x60,0x0f,0xfe,0x31,0x18,0x07,0xfa,0x23,0x90,0x03,0xfa,0x61,0xc6,0xc0,0x3f,0xc6,0xef,0xc4,0x01,0xfc,0xaf,0x08,0x80,
0x0f,0xff,0xf8,0x07,0xff,0xfc,0x03,0xff,0xae,0xc0,0x1f,0xfd,0x16,0xbf,0xff,0xfe,0x23,0x00,0x7f,0x67,0xf8,0xc0,0x3f,0xff,
0xe0,0x1f,0xff,0xf0,0x0f,0xff,0xf8,0x07,0xf7,0x00,0x7e,0x12,0x00,0x80,0x00,0x00,0x5f,0xff,0xfe,0x63,0x81,0x00,0x7f,0xf3,
0x34,0x03,0xff,0xfe,0x01,0xff,0xff,0x00,0xff,0x8c,0x03,0xfe,0x57,0x7f,0xfe,0x15,0x80,0x7f,0xdd,0x11,0xff,0xc2,0x20,0x0f,
0xff,0xb9,0xb4,0x3b,0x20,0x07,0xff,0x1f,0x75,0x92,0xf1,0x37,0xf4,0x60,0x1f,0xfc,0x46,0x20,0x0f,0x97,0x24,0x03,0xff,0x9c,
0xd8,0x20,0x1f,0xfc,0xd3,0xc0,0x0f,0xfe,0x71,0x48,0x07,0xff,0x39,0x8c,0x03,0xff,0x9d,0x00,0x1f,0xfc,0xe4,0x10,0x0f,0xf8,
0xef,0xf5,0x00,0x3f,0xc8,0x20,0x1f,0xc7,0x88,0x05,0x66,0x01,0xfd,0x8d,0xdd,0xfd,0x80,0x1d,0x20,0x1f,0xc6,0x02,0x3f,0xc0,
0x1e,0x10,0x0f,0xe1,0x12,0xaf,0xf0,0x80,0x70,0x80,0x7f,0x9a,0xab,0xfa,0xc0,0x3b,0xc0,0x3f,0x84,0xc0,0x3f,0x95,0x40,0x12,
0x28,0x07,0xf6,0xa8,0x07,0xfa,0xae,0x2e,0xc0,0x1f,0xe4,0x14,0x00,0xff,0x23,0xa0,0x07,0xf8,0x8c,0x20,0x03,0xff,0x97,0x00,
0x03,0x50,0x0f,0xfe,0x49,0xa8,0x05,0x44,0x01,0xff,0xc7,0x1d,0x00,0xec,0x20,0x0f,0xfe,0x28,0xe0,0x80,0x70,0xea,0x80,0x7f,
0xf0,0xd3,0xc8,0x03,0xf5,0x59,0x80,0x7f,0xc7,0x56,0x20,0x1f,0xe4,0xcd,0x84,0x20,0x08,0x52,0x37,0x14,0x03,0xc0,0x00,0x00,
0x00,0xf8,0x9e,0xb7,0xbf,0xed,0xb8,0x30,0x0f,0xfe,0x0a,0xe6,0xc2,0x90,0x80,0x44,0x8f,0x9c,0xe0,0x1f,0xc3,0x74,0x60,0x1f,
0xfc,0x01,0x8d,0x30,0x0f,0x17,0xa0,0x07,0xff,0x10,0xb1,0x00,0x30,0xf8,0x80,0x7f,0xf1,0xec,0x80,0x28,0x20,0x0f,0xfe,0x4c,
0x80,0x05,0x80,0x3f,0xf9,0x48,0x60,0x80,0x1f,0xfc,0xc4,0x0d,0x00,0xff,0x0b,0x30,0x80,0x3f,0xdc,0x02,0x01,0xfc,0x9d,0x32,
0xd6,0x00,0xfe,0x30,0x0f,0xfb,0xc0,0x35,0x80,0x7f,0xf2,0x5c,0x03,0x13,0xb3,0x7e,0xe0,0x0f,0xfe,0x08,0xab,0xc7,0xec,0x4c,
0xf9,0x00,0x3f,0xe6,0xbe,0xa8,0x78,0xbe,0xb3,0x00,0xff,0xe2,0x52,0x00,0x7c,0x99,0x42,0x01,0xff,0xcd,0x5c,0x20,0x0f,0xfe,
0x69,0x60,0x80,0x7f,0xf3,0x46,0x80,0x3f,0xf9,0xc8,0x80,0x0f,0xfe,0x74,0x00,0x7f,0xf3,0x8c,0x40,0x3f,0xe6,0xdf,0xd5,0x00,
0xff,0x20,0x07,0xf8,0xe4,0x80,0xa8,0xc0,0x3f,0x88,0x03,0xfd,0x40,0x1d,0x20,0x1f,0xdc,0x01,0xfe,0x20,0x0e,0x60,0x0f,0xfe,
0x40,0x80,0x73,0x80,0x7f,0x0f,0x00,0x7f,0x60,0x07,0x68,0x07,0xf7,0x10,0x07,0xf3,0x18,0x04,0x8c,0x01,0xfc,0x48,0x01,0xfe,
0xca,0x8b,0xb0,0x07,0xf9,0x05,0x00,0x3f,0xca,0xe8,0x01,0xfe,0x50,0x04,0x00,0x7f,0xf2,0xe4,0x00,0x6a,0x01,0xff,0xc9,0x63,
0x00,0xac,0x80,0x3f,0xf8,0xe5,0x20,0x18,0x7c,0x80,0x3f,0xf8,0xa7,0x80,0x1e,0x2c,0x50,0x0f,0xfe,0x1b,0x60,0x80,0x7c,0x35,
0x66,0x01,0xff,0x26,0x48,0x07,0xfc,0x99,0xb0,0x84,0x01,0x12,0xc6,0xd9,0x80,0x78,0x00,0x00,0x5f,0xff,0xfe,0x67,0x01,0x00,
0x7f,0xf3,0x04,0x40,0x1f,0xfe,0xaf,0x00,0xff,0xff,0x80,0x7f,0xf7,0x11,0xdf,0xc8,0x01,0xfe,0x10,0x0f,0xdb,0x11,0xe3,0x00,
0xfe,0x40,0x0f,0xfe,0x23,0x00,0x7f,0x78,0x68,0x07,0xca,0x01,0xca,0x20,0x1f,0x85,0x01,0x7f,0xfe,0x30,0x0e,0xe0,0x0f,0xe6,
0x00,0xff,0xe1,0x92,0x00,0x7f,0x50,0x07,0xff,0x0e,0x80,0x3f,0x8c,0x80,0x3f,0xf8,0x6c,0x01,0xfd,0x20,0x1f,0xfc,0x35,0x10,
0x0f,0xc2,0xa0,0x1f,0xfc,0x3e,0x00,0xfe,0x70,0x0f,0xfe,0x18,0xa0,0x07,0xf5,0x00,0x7f,0xf0,0xe4,0x03,0xf8,0xcc,0x01,0xff,
0xc3,0x60,0x0f,0xea,0x00,0xff,0xe1,0xa0,0x80,0x7f,0x30,0x07,0xff,0x0f,0xc0,0x3f,0x94,0x03,0xff,0x86,0x28,0x01,0xfd,0x20,
0x1f,0xfc,0x36,0x00,0xfe,0x23,0x00,0xff,0xe1,0xd0,0x07,0xf5,0x00,0x7f,0xf0,0xd0,0x80,0x3f,0x98,0x03,0xff,0x87,0xc0,0x1f,
0xca,0x20,0x1f,0xfc,0x21,0x50,0x0f,0xee,0x00,0xff,0xe1,0xb0,0x07,0xf0,0xa0,0x07,0xff,0x0e,0x80,0x3f,0x98,0x03,0xff,0x86,
0x64,0x01,0xfd,0x40,0x1f,0xfc,0x39,0x00,0xfe,0x42,0x00,0xff,0xe1,0x0a,0x80,0x7f,0x70,0x07,0xff,0x0d,0xc0,0x3f,0x85,0x40,
0x3f,0xf8,0x76,0x01,0xfc,0xe0,0x1f,0xfc,0x31,0x20,0x0f,0xc3,0x60,0x1f,0xf0,0x00,0x00,0x00,0xfc,0x91,0x9d,0xff,0x76,0x42,
0x00,0x7f,0xf0,0x46,0x3a,0xdc,0xc4,0x02,0x13,0x7b,0xe6,0x00,0xff,0x2f,0x38,0x80,0x7f,0xc3,0x3c,0x80,0x1f,0x45,0x00,0x7f,
0xf1,0x06,0xd8,0x03,0x99,0xc0,0x3f,0xf8,0xf2,0xa0,0x11,0x48,0x07,0xff,0x26,0x84,0x01,0x00,0x1f,0xfc,0xb8,0x00,0x28,0x07,
0xff,0x2d,0x81,0x00,0x3f,0xc2,0xae,0xa0,0x1f,0xf1,0x90,0x07,0xf1,0x7d,0x45,0x71,0x80,0x7f,0x30,0x80,0x7f,0x40,0x80,0x43,
0x00,0x1f,0xc6,0x40,0x1f,0xc2,0x01,0xce,0x01,0xfe,0x60,0x0f,0xec,0x00,0xe4,0x00,0xfe,0x53,0x10,0x0f,0xce,0xe1,0x01,0x78,
0x00,0xfc,0x26,0x12,0x01,0xfd,0x1d,0xfd,0x00,0x1f,0xd0,0x00,0x73,0x00,0xff,0xe4,0xab,0x00,0x5a,0x40,0x1f,0xfc,0x75,0xa0,
0x0e,0x10,0x0f,0xfe,0x6e,0x98,0x07,0xff,0x1d,0x64,0x02,0x63,0x00,0xff,0xe4,0xb2,0x00,0x2c,0x03,0xf9,0x37,0xf5,0x00,0x3f,
0xbc,0x0c,0x80,0x3f,0x0d,0x90,0x15,0x90,0x07,0xe4,0x14,0x00,0xfe,0x90,0x0e,0xb0,0x0f,0xe7,0xd0,0x0f,0xe3,0x00,0xe5,0x00,
0xfe,0xf6,0x00,0xff,0xe6,0x98,0x07,0xf8,0x40,0x39,0xc0,0x3f,0x85,0xc0,0x3f,0xbc,0x03,0xb8,0x03,0xf8,0x48,0x03,0xf9,0x50,
0x02,0x45,0x00,0xfe,0xdc,0x00,0xff,0x5d,0xa2,0xec,0x01,0xfe,0x35,0x00,0xff,0x91,0xd0,0x03,0xfc,0x28,0x0c,0x01,0xff,0xcb,
0x90,0x04,0x08,0x07,0xff,0x24,0x9c,0x00,0x34,0x01,0xff,0xc9,0xf0,0x0c,0x94,0x01,0xff,0xc7,0xc2,0x00,0xe5,0xb2,0x00,0xff,
0xe1,0x9e,0x98,0x07,0xc9,0xb0,0x20,0x1f,0xf0,0xce,0x10,0x07,0xf9,0xfb,0x1d,0x08,0x02,0x14,0x7b,0xe6,0x00,0xf0,0x00,0x00,
0x00,0xfc,0x71,0x7b,0xfe,0xed,0xa7,0x20,0x0f,0xfe,0x12,0xee,0x3a,0x10,0x00,0x49,0x63,0x6d,0x00,0x3f,0xc3,0x74,0x40,0x1f,
0xf2,0x5c,0x80,0x7e,0x3f,0x40,0x0f,0xfe,0x1b,0x68,0x80,0x71,0x60,0x80,0x7f,0xf1,0x4b,0x00,0x3b,0xc0,0x3f,0xf9,0x05,0x20,
0x13,0x10,0x07,0xff,0x25,0x88,0x01,0x60,0x1f,0xfc,0xb8,0x02,0x20,0x07,0xf9,0x5d,0x40,0x3f,0xca,0x08,0x01,0xfc,0x3b,0x51,
0x58,0x01,0xfe,0x3e,0x00,0xfe,0x82,0x00,0x8d,0x80,0x3f,0x94,0x80,0x3f,0x90,0x03,0xb0,0x03,0xf8,0x40,0x3f,0xc2,0x01,0xc6,
0x01,0xfd,0xe6,0x01,0xfd,0x40,0x1d,0xa0,0x1f,0xee,0x00,0xfe,0x68,0x10,0x29,0x40,0x0f,0xf1,0x80,0x7f,0x9f,0xbf,0x58,0x03,
0xfe,0x41,0x00,0xff,0xe7,0x30,0x07,0xff,0x3a,0x04,0x03,0xff,0x9d,0xa0,0x1f,0xfc,0xe3,0xb0,0x0f,0xfe,0x72,0x69,0x80,0x7f,
0xf3,0x4b,0x28,0xc0,0x3e,0x48,0x00,0xff,0xe2,0x2e,0x75,0x43,0xc5,0x75,0x98,0x07,0xfc,0x4a,0xbe,0x40,0x48,0x75,0x10,0x0f,
0xfe,0x0c,0xd5,0x7e,0xc0,0x0f,0xfe,0x2b,0x80,0x7f,0x10,0x06,0x20,0x0f,0xf9,0xc0,0x3f,0xa4,0x02,0x18,0x00,0xff,0x84,0x03,
0xf9,0x36,0x6b,0x84,0x03,0xfb,0x83,0x40,0x3f,0xc4,0xca,0x01,0xff,0x10,0x28,0x07,0xff,0x2c,0x50,0x09,0x40,0x3f,0xf9,0x52,
0x01,0x58,0x80,0x7f,0xf2,0x09,0xc0,0x21,0xd0,0x0f,0xfe,0x39,0x60,0x07,0x1e,0x90,0x07,0xff,0x11,0x30,0x40,0x3c,0x5b,0x22,
0x01,0xff,0xc0,0x3b,0xb0,0x80,0x7f,0x37,0x63,0xa1,0x00,0x42,0x4b,0x1b,0x88,0x01,0xc0,0x00,0x00,0x00,0xa3,0x7f,0xa8,0x80,
0x21,0xd7,0x20,0x15,0xd4,0x00,0x59,0x00,0x7a,0x80,0x0a,0x01,0xf0,0xa9,0x00,0x7f,0x68,0x07,0xfc,0x40,0x1f,0xda,0x0c,0x01,
0xf0,0xa8,0x41,0x00,0x7b,0x40,0x03,0xae,0x40,0x2b,0xa6,0x01,0xa3,0x7f,0xa8,0x80,0x3f,0xff,0x71,0xbf,0xd4,0x40,0x10,0xeb,
0x90,0x0a,0xea,0x00,0x2c,0x80,0x3d,0x40,0x05,0x00,0xf8,0x54,0x80,0x3f,0xb4,0x03,0xfe,0x20,0x0f,0xed,0x06,0x00,0xf8,0x54,
0x20,0x80,0x3d,0xa0,0x01,0xd7,0x20,0x15,0xd3,0x00,0x00,0x00,0x00,0xe1,0x7b,0xef,0xf6,0xc9,0x80,0x7f,0x2f,0x42,0x08,0x00,
0x9b,0x28,0x03,0xe9,0xa0,0x0f,0xe5,0xd2,0x00,0xce,0xc0,0x1f,0xf1,0x78,0x04,0x70,0x01,0xff,0xc1,0x29,0x00,0x40,0x07,0xff,
0x0d,0x84,0x10,0x03,0x86,0xff,0x50,0x03,0xce,0x80,0x1e,0xd4,0x02,0xb2,0x00,0xec,0x10,0x0e,0x23,0x00,0xca,0x01,0xc2,0x01,
0xff,0xc7,0x60,0x0e,0x23,0x00,0xca,0x01,0xc4,0x60,0x1e,0xd4,0x02,0xa2,0x00,0xef,0x05,0x00,0xe1,0xbf,0xd5,0x00,0xf3,0x84,
0x00,0x7f,0xf0,0xdc,0x40,0xa4,0x03,0xff,0x82,0x70,0x01,0x33,0x80,0x7f,0xc5,0xc0,0x1d,0x14,0x20,0x1f,0x97,0x48,0x03,0xcb,
0xd2,0x82,0x00,0x26,0xca,0x00,0xc0,0x00,0x00,
};
static const lv_font_fmt_txt_glyph_dsc_t glyphs_black_52[]={{0,0,0,0,0,0},
{.bitmap_index=0,.adv_w=348,.box_w=20,.box_h=9,.ofs_x=1,.ofs_y=11},
{.bitmap_index=21,.adv_w=477,.box_w=28,.box_h=37,.ofs_x=1,.ofs_y=0},
{.bitmap_index=237,.adv_w=296,.box_w=16,.box_h=37,.ofs_x=1,.ofs_y=0},
{.bitmap_index=292,.adv_w=479,.box_w=28,.box_h=37,.ofs_x=1,.ofs_y=0},
{.bitmap_index=544,.adv_w=462,.box_w=27,.box_h=37,.ofs_x=1,.ofs_y=0},
{.bitmap_index=784,.adv_w=533,.box_w=31,.box_h=37,.ofs_x=1,.ofs_y=0},
{.bitmap_index=976,.adv_w=462,.box_w=27,.box_h=37,.ofs_x=1,.ofs_y=0},
{.bitmap_index=1176,.adv_w=459,.box_w=27,.box_h=37,.ofs_x=1,.ofs_y=0},
{.bitmap_index=1434,.adv_w=425,.box_w=27,.box_h=37,.ofs_x=0,.ofs_y=0},
{.bitmap_index=1649,.adv_w=462,.box_w=27,.box_h=37,.ofs_x=1,.ofs_y=0},
{.bitmap_index=1920,.adv_w=447,.box_w=27,.box_h=37,.ofs_x=0,.ofs_y=0},
{.bitmap_index=2179,.adv_w=317,.box_w=11,.box_h=27,.ofs_x=4,.ofs_y=0},
{.bitmap_index=2268,.adv_w=310,.box_w=19,.box_h=18,.ofs_x=0,.ofs_y=24}};
static const uint16_t unicode_black_52[]={0,3,4,5,6,7,8,9,10,11,12,13,131};
static const lv_font_fmt_txt_cmap_t cmap_black_52[]={{.range_start=45,.range_length=132,.glyph_id_start=1,.unicode_list=unicode_black_52,.list_length=13,.type=LV_FONT_FMT_TXT_CMAP_SPARSE_TINY}};
static const lv_font_fmt_txt_dsc_t dsc_black_52={.glyph_bitmap=bitmap_black_52,.glyph_dsc=glyphs_black_52,.cmaps=cmap_black_52,.cmap_num=1,.bpp=4,.bitmap_format=LV_FONT_FMT_TXT_COMPRESSED};
const lv_font_t font_wf_52={.get_glyph_dsc=lv_font_get_glyph_dsc_fmt_txt,.get_glyph_bitmap=lv_font_get_bitmap_fmt_txt,.line_height=42,.base_line=0,.dsc=&dsc_black_52,.user_data=(void *)font_license};
static const uint8_t bitmap_black_56[]={
0x02,0x2f,0xfe,0x38,0x85,0x6e,0xff,0xf1,0xf8,0x98,0x03,0xff,0x90,0x20,0x1f,0xff,0xf0,0x0f,0xff,0x6a,0x80,0x7f,0xf1,0xc4,
0x80,0x00,0x00,0x00,0xfe,0x37,0xad,0xef,0xf7,0x6d,0x39,0x80,0x7f,0xf1,0x17,0x72,0x14,0x84,0x00,0x24,0xb1,0x9a,0xc0,0x1f,
0xfc,0x02,0xda,0x20,0x0f,0xfe,0x01,0x4e,0x90,0x07,0xf2,0xe9,0x00,0x7f,0xf1,0x0b,0x54,0x03,0xe3,0xa0,0x0f,0xfe,0x45,0x20,
0x07,0x0e,0x80,0x7f,0xf2,0xac,0x80,0x34,0x08,0x07,0xff,0x2e,0x40,0x22,0x60,0x0f,0xfe,0x62,0x18,0x02,0x80,0x3f,0xf9,0xd4,
0x00,0x40,0x0f,0xf0,0xce,0xea,0x44,0x03,0xfc,0x80,0x03,0x00,0xff,0x63,0x11,0x1b,0xc4,0x03,0xf8,0x84,0x80,0x3f,0xce,0x40,
0x18,0x64,0x03,0xfc,0x42,0x01,0xfe,0xd0,0x0f,0x20,0x07,0xf9,0x9c,0x03,0xfc,0xc0,0x1e,0x10,0x0f,0xf1,0x88,0x07,0xff,0xfc,
0x03,0xff,0xfe,0x01,0xff,0xff,0x00,0xff,0xff,0x80,0x7f,0xfb,0xc4,0x03,0xff,0xa2,0xe0,0x1f,0xe6,0x00,0xf0,0x80,0x7f,0x88,
0x40,0x3f,0xda,0x01,0xe4,0x00,0xff,0x39,0x00,0x7f,0x9c,0x40,0x30,0xc8,0x07,0xf8,0x80,0xc0,0x3f,0xde,0xc4,0x46,0xf1,0x00,
0xfe,0x21,0x0b,0x00,0xff,0x0c,0xee,0xa4,0x40,0x3f,0xca,0x00,0x60,0x0f,0xfe,0x75,0x00,0x05,0x80,0x3f,0xf9,0x8a,0x40,0x14,
0x08,0x07,0xff,0x28,0x6c,0x03,0x0e,0x80,0x7f,0xf2,0xb4,0x40,0x38,0xec,0x03,0xff,0x91,0x46,0x01,0xf2,0x69,0x00,0x7f,0xf1,
0x0b,0x54,0x03,0xf8,0xb6,0x88,0x03,0xff,0x80,0x55,0xa4,0x01,0xff,0xc0,0x5d,0xc8,0x52,0x10,0x00,0x92,0x46,0x6a,0x80,0x7c,
0x00,0x00,0x00,0xc2,0xfb,0xff,0xfd,0xc2,0x00,0x3a,0xe8,0x20,0x0f,0xe1,0x53,0xcc,0x28,0x07,0xff,0x0a,0x0c,0x03,0xff,0x88,
0xe0,0x1f,0xff,0xf0,0x0f,0xfe,0x40,0x80,0x7f,0xc8,0x6d,0x39,0xf4,0x01,0xff,0x46,0x4b,0x18,0x07,0xff,0xfc,0x03,0xff,0xfe,
0x01,0xff,0xff,0x00,0xff,0xff,0x80,0x7f,0xff,0xc0,0x3f,0xff,0xe0,0x1f,0xfe,0xb6,0x00,0xff,0x30,0x00,0x00,0x00,0xfe,0x37,
0xbd,0xef,0xf7,0x6d,0x39,0x00,0x7f,0xf0,0xc5,0xfb,0x21,0x08,0x40,0x02,0x4b,0x1b,0x8a,0x01,0xff,0xc0,0x6f,0x81,0x00,0xff,
0xe0,0x1d,0x61,0x00,0x7f,0x54,0x88,0x07,0xff,0x10,0xf5,0x40,0x3e,0xa5,0x00,0xff,0xe4,0x52,0x80,0x74,0x28,0x07,0xff,0x2a,
0x88,0x02,0x27,0x00,0xff,0xe6,0x48,0x05,0x60,0x1f,0xfc,0xd4,0x30,0x03,0x80,0x7f,0xf3,0xa8,0x08,0x40,0x3f,0xc3,0x39,0x88,
0x10,0x0f,0xf3,0x83,0x00,0x7f,0x8b,0xd8,0xcc,0xfe,0x20,0x1f,0xc2,0x30,0x07,0xfa,0x84,0x03,0x0b,0x80,0x7f,0x8c,0x03,0xfe,
0x20,0x0f,0x70,0x07,0xfc,0x20,0x1f,0xe1,0x00,0xf5,0x80,0x7f,0x8d,0x2e,0xab,0xf5,0xa0,0x07,0x29,0x80,0x7f,0x08,0x81,0x15,
0x7f,0x20,0x07,0x0d,0x80,0x7f,0x9c,0x03,0xff,0x8b,0xa2,0x01,0xfe,0xb0,0x0f,0xfe,0x25,0x98,0x07,0xf9,0x48,0x03,0xff,0x87,
0x48,0x01,0xff,0x40,0x07,0xff,0x0e,0x94,0x03,0xfe,0x92,0x00,0xff,0xe1,0x52,0x80,0x7f,0xca,0xc0,0x1f,0xfc,0x29,0x50,0x0f,
0xf8,0xa8,0x03,0xff,0x85,0x2c,0x01,0xff,0x16,0x00,0x7f,0xf0,0xa5,0x80,0x3f,0xe1,0xc1,0x00,0xff,0xe0,0xcb,0x00,0x7f,0xc3,
0x82,0x01,0xff,0xc1,0x96,0x00,0xff,0x8b,0xc8,0x03,0xff,0x83,0x2c,0x01,0xff,0x16,0x08,0x07,0xff,0x06,0x58,0x03,0xfe,0x3c,
0x10,0x0f,0xfe,0x0c,0xb0,0x07,0xfc,0x98,0x20,0x1f,0xfc,0x1a,0x60,0x0f,0xf9,0x2c,0x03,0xff,0x85,0x6a,0x01,0xff,0x1c,0x91,
0x7f,0xf0,0x00,0x16,0x80,0x1f,0xfc,0x03,0xdd,0xff,0xe0,0xb8,0x20,0x07,0xff,0x3f,0x80,0x3f,0xff,0xe0,0x1f,0xff,0xf0,0x0f,
0xfe,0x99,0x80,0x7f,0xf3,0xfc,0x00,0x00,0x07,0xff,0xff,0xe6,0xe0,0x03,0x00,0x3f,0xf9,0xa6,0x01,0xff,0xff,0x00,0xff,0xff,
0x80,0x7f,0xf3,0x88,0x03,0xff,0xa1,0x3b,0xbf,0xeb,0x10,0x0f,0xfe,0x09,0x00,0x44,0x5f,0xcb,0x62,0x01,0xff,0xc0,0x2e,0x00,
0xff,0x16,0x40,0x07,0xff,0x05,0xb4,0xc0,0x3f,0x9b,0x4c,0x03,0xff,0x80,0x37,0x20,0x1f,0xc3,0x72,0x01,0xff,0xc1,0x4f,0x40,
0x0f,0xe5,0xf4,0x00,0xff,0xe0,0xb5,0x88,0x07,0xfa,0xc4,0x03,0xff,0x84,0xd6,0x60,0x1f,0xe9,0x00,0xff,0xe2,0x26,0x40,0x07,
0xf3,0xa0,0x07,0xff,0x15,0xe4,0x03,0xfa,0x84,0x03,0xff,0x8a,0xca,0x01,0xf8,0x6c,0x03,0xff,0x8d,0x60,0x1f,0xca,0xa0,0x0c,
0xae,0x80,0x1f,0xe1,0x70,0x0f,0xea,0x10,0x2d,0xa8,0xba,0x00,0xff,0x50,0x07,0xfb,0x63,0x48,0x02,0x55,0x00,0x7f,0x11,0x00,
0x3f,0x8d,0xc0,0x3d,0xe0,0x1f,0xe4,0x00,0xff,0xe2,0xb8,0x07,0xfb,0x80,0x47,0xf8,0x03,0xe2,0x00,0xff,0x0d,0xf7,0x7f,0x58,
0x07,0x84,0x03,0xff,0x92,0x80,0x1e,0x20,0x0f,0xf0,0x90,0x07,0xf9,0x00,0x3a,0xc0,0x3f,0xdd,0xe0,0x1f,0xe8,0x00,0xc2,0xc0,
0x1f,0xe5,0x40,0x0f,0xf1,0xda,0x12,0xf8,0x80,0x7f,0x09,0x91,0x80,0x7f,0x92,0xf6,0x84,0x03,0xfc,0xe0,0x09,0x00,0xff,0xe6,
0xd8,0x01,0x4c,0x03,0xff,0x96,0xa4,0x01,0x70,0x07,0xff,0x28,0x6c,0x03,0x15,0x80,0x7f,0xf2,0x74,0x40,0x39,0x28,0x03,0xff,
0x8c,0x36,0x60,0x1f,0x2e,0x98,0x07,0xff,0x0c,0xf1,0x00,0x3f,0x8b,0x28,0x80,0x3f,0xe2,0xac,0x20,0x0f,0xfe,0x02,0xee,0x3a,
0x08,0x00,0x49,0x23,0x74,0xa0,0x1f,0x00,0x00,0x00,0x00,0xfe,0x4f,0xff,0xf4,0x80,0x7f,0xf2,0x60,0x03,0xfd,0xe0,0x1f,0xfc,
0x83,0x30,0x07,0xf9,0x80,0x3f,0xf9,0x12,0x01,0xfe,0x60,0x0f,0xfe,0x40,0xa8,0x07,0xfa,0xc0,0x3f,0xf9,0x0c,0x01,0xfe,0x32,
0x00,0xff,0xe4,0x48,0x07,0xfa,0x40,0x3f,0xf9,0x0a,0x20,0x1f,0xc2,0xa0,0x1f,0xfc,0x89,0x00,0xff,0x30,0x07,0xff,0x20,0x8c,
0x03,0xfd,0x20,0x1f,0xfc,0x8b,0x00,0xff,0x20,0x80,0x7f,0xf1,0xc5,0x80,0x3f,0xde,0x01,0xff,0xc8,0x60,0x0f,0xf1,0x20,0x07,
0xff,0x22,0x80,0x3f,0xd4,0x01,0xff,0xc8,0x42,0x00,0xff,0x30,0x00,0x7b,0xff,0xf8,0xc0,0x3d,0xe0,0x1f,0xe5,0x10,0x01,0x88,
0x07,0xf3,0x00,0x71,0x20,0x07,0xfa,0x40,0x3f,0xf9,0x16,0x01,0xfe,0x33,0x00,0x7f,0xf2,0x18,0x03,0xfd,0x40,0x1f,0xfc,0x86,
0x00,0xff,0x0b,0x00,0x7f,0xf2,0x2c,0x03,0xfc,0xe0,0x1c,0x20,0x1f,0xe3,0x00,0x90,0x80,0x3f,0xcd,0xff,0xd8,0x01,0xfe,0x9f,
0xf4,0xe8,0x07,0xff,0x4d,0x54,0x01,0xff,0xff,0x00,0xff,0xff,0x80,0x7f,0xf8,0xd8,0x03,0xff,0xa6,0xd5,0xbb,0xff,0xc5,0xa0,
0x0f,0xf4,0x6e,0xa8,0x08,0xbf,0xf8,0xae,0x01,0xfe,0x22,0x80,0x3f,0xff,0xe0,0x1f,0xff,0xf0,0x0f,0xff,0xf8,0x07,0xff,0x34,
0xc4,0x03,0xf9,0x80,0x20,0x00,0x00,0x3f,0xff,0xfe,0x73,0x82,0x80,0x7f,0xf3,0xb4,0x03,0xff,0xfe,0x01,0xff,0xff,0x00,0xff,
0xf4,0x18,0x07,0xff,0x02,0xf7,0x7f,0xf8,0x72,0x01,0xff,0xc0,0x62,0x2f,0xfe,0x18,0x07,0xff,0xfc,0x44,0x01,0xff,0xcb,0x16,
0xcf,0xee,0x7f,0x5b,0x08,0x07,0xff,0x1b,0x24,0xc0,0x30,0xa4,0xf4,0x00,0x7f,0xf4,0x1f,0x48,0x03,0xff,0x9e,0x5a,0x60,0x1f,
0xfd,0x0d,0x20,0x0f,0xfe,0x78,0xf0,0x07,0xff,0x40,0xd4,0x03,0xff,0xa1,0x00,0x1f,0xfd,0x02,0x30,0x0f,0xfe,0x01,0xdf,0xf3,
0x80,0x7f,0xd6,0x40,0x1f,0xe3,0xc4,0x01,0x87,0x00,0xff,0x1a,0x6e,0x67,0xf8,0x03,0xa4,0x03,0xfc,0xc0,0x46,0x7f,0xc0,0x1e,
0x11,0x00,0x7f,0x18,0x00,0x47,0xf0,0x07,0xff,0x18,0xd3,0xfb,0xbf,0x7b,0x00,0x71,0x08,0x07,0xf0,0xb8,0x07,0xfa,0x04,0x03,
0x48,0x07,0xf9,0x8c,0x03,0xfc,0x38,0xa4,0x96,0x80,0x1f,0xec,0x04,0x00,0xff,0x15,0x6d,0xa0,0x07,0xfc,0xe1,0xe0,0x1f,0xfc,
0xd5,0x10,0x43,0x00,0xff,0xe6,0x40,0x05,0xc0,0x1f,0xfc,0xb7,0x20,0x08,0xa8,0x03,0xff,0x92,0xb0,0x01,0xcb,0x40,0x1f,0xfc,
0x75,0xa0,0x0f,0x97,0x4c,0x03,0xff,0x89,0x34,0x01,0xfc,0x59,0x44,0x01,0xff,0x0b,0xf3,0x00,0x7f,0xf0,0x17,0x72,0x10,0x84,
0x00,0x26,0xd7,0xd0,0x20,0x1e,0x00,0x00,0x00,0xfc,0x6f,0x5b,0xdf,0xf6,0xdc,0x28,0x07,0xff,0x0d,0xf7,0x21,0x48,0x40,0x22,
0x47,0xaf,0x92,0x00,0xff,0x27,0x41,0x00,0x7f,0xf0,0x5b,0x60,0x03,0xf3,0xd8,0x80,0x7f,0xf1,0x5e,0xc0,0x3c,0xd0,0x01,0xff,
0xc8,0x4b,0x00,0xc5,0x20,0x1f,0xfc,0xa4,0x60,0x0a,0x00,0x3f,0xf9,0x90,0x00,0x15,0x00,0xff,0xe6,0x0a,0x82,0x80,0x7f,0xf3,
0xb0,0x08,0x03,0xfe,0x6c,0xc4,0x88,0x07,0xf8,0xc0,0x40,0x3f,0xcf,0x26,0x66,0xd0,0x0f,0xf0,0x80,0x7f,0xf0,0x24,0x03,0x19,
0x00,0x7f,0xf2,0x84,0x03,0xa8,0xcf,0xfb,0x40,0x3f,0xf8,0x82,0x26,0xcc,0xfe,0x60,0x0f,0xfe,0x0a,0x57,0x76,0xfc,0x71,0x00,
0xff,0xe3,0x65,0xa8,0x80,0x63,0x8e,0x91,0x00,0xff,0xe2,0x18,0x07,0xf9,0xbd,0x00,0x3f,0xf9,0xe3,0x68,0x01,0xff,0xd0,0xb3,
0x00,0xff,0xe8,0x70,0x07,0xff,0x40,0x98,0x03,0xff,0xa1,0x00,0x1f,0xfd,0x01,0x30,0x0f,0xfe,0x03,0x6f,0xf4,0x00,0x7f,0xc8,
0x01,0xff,0x24,0x90,0x0b,0xc0,0x07,0xfb,0x80,0x3f,0xef,0x00,0xe7,0x00,0xff,0x10,0x07,0xfc,0xc0,0x1e,0x20,0x0f,0xfe,0x81,
0x80,0x7f,0x84,0x03,0xfc,0x80,0x1c,0x42,0x01,0xfc,0x4a,0x01,0xfe,0xb0,0x0e,0x80,0x0f,0xf7,0x18,0x07,0xf8,0xb1,0x09,0x2d,
0x40,0x3f,0xc8,0x08,0x01,0xfe,0x3b,0xdb,0x40,0x0f,0xf0,0x98,0x78,0x07,0xff,0x35,0x80,0x08,0x60,0x1f,0xfc,0xb1,0x80,0x0b,
0x80,0x3f,0xf9,0x76,0x01,0x8a,0x80,0x3f,0xf9,0x2e,0xa0,0x1c,0xb4,0x01,0xff,0xc7,0x88,0x00,0x7c,0xba,0x60,0x1f,0xfc,0x31,
0xb7,0x00,0xfe,0x2c,0xa2,0x00,0xff,0x86,0x39,0x00,0x3f,0xf8,0x0b,0xb8,0xe8,0x40,0x10,0xa3,0xdf,0x38,0x07,0xc0,0x00,0x00,
0x4f,0xff,0xfe,0x77,0x01,0x80,0x7f,0xf3,0x84,0x40,0x1f,0xff,0xf0,0x0f,0xff,0xf8,0x07,0xff,0xcb,0x77,0xeb,0x00,0xff,0x08,
0x80,0x3f,0x88,0xbe,0x30,0x0f,0xf3,0x80,0x7f,0xf1,0x64,0x03,0xfd,0x60,0x64,0x5f,0x28,0x07,0x90,0x40,0x3f,0x8c,0x81,0x37,
0x7e,0xa0,0x0f,0x70,0x07,0xfa,0x80,0x3f,0xf8,0x82,0xa0,0x1f,0xe6,0x00,0xff,0xe2,0x30,0x07,0xf9,0x40,0x3f,0xf8,0xb4,0x01,
0xfe,0x90,0x0f,0xfe,0x21,0x90,0x07,0xf1,0x18,0x07,0xff,0x12,0x40,0x3f,0xd4,0x01,0xff,0xc5,0x50,0x0f,0xf3,0x00,0x7f,0xf1,
0x18,0x03,0xfc,0x82,0x01,0xff,0xc4,0xa0,0x0f,0xf7,0x80,0x7f,0xf1,0x0c,0xc0,0x1f,0xc2,0x80,0x1f,0xfc,0x4a,0x00,0xff,0x30,
0x07,0xff,0x15,0x80,0x3f,0xd4,0x01,0xff,0xc4,0x60,0x0f,0xf1,0x90,0x07,0xff,0x12,0x80,0x3f,0xd2,0x01,0xff,0xc4,0x23,0x00,
0xff,0x28,0x07,0xff,0x12,0x80,0x3f,0xcc,0x01,0xff,0xc5,0x60,0x0f,0xf5,0x00,0x7f,0xf1,0x14,0x40,0x3f,0x88,0xc0,0x3f,0xf8,
0x9c,0x01,0xfe,0xb0,0x0f,0xfe,0x21,0x20,0x07,0xf9,0xc0,0x3f,0xf8,0x94,0x01,0xfe,0x51,0x00,0xff,0xe2,0x30,0x07,0xfb,0x80,
0x3f,0xf8,0x88,0x20,0x1f,0xc4,0x80,0x1f,0xfc,0x4f,0x00,0xff,0x50,0x07,0xff,0x10,0x50,0x03,0xfc,0xc0,0x1f,0xfc,0x46,0x00,
0xff,0x20,0x80,0x7f,0xf1,0x38,0x03,0xfd,0xe0,0x1f,0xfc,0x00,0x00,0x00,0x00,0xfe,0x58,0xbe,0xff,0xbb,0x25,0x44,0x03,0xff,
0x84,0x53,0xf4,0xe8,0x20,0x10,0x9b,0x57,0x51,0x80,0x7f,0xd1,0xac,0x01,0xff,0xc1,0x5c,0x90,0x0f,0xc3,0x8e,0x01,0xff,0xc5,
0x6d,0x10,0x0f,0x69,0x80,0x7f,0xf1,0xcb,0xc4,0x03,0x49,0x80,0x7f,0xf2,0x46,0x80,0x23,0x60,0x0f,0xfe,0x5a,0x28,0x02,0x40,
0x3f,0xf9,0xb0,0x00,0x50,0x0f,0xfe,0x69,0x10,0xc0,0x3f,0xe5,0xbd,0xc7,0x00,0xff,0x91,0xc0,0x3f,0xcd,0x48,0x47,0x16,0x01,
0xfe,0x11,0x00,0x7f,0xac,0x03,0x90,0x40,0x3f,0xbc,0x40,0x3f,0xf8,0xa6,0x01,0xfd,0xec,0x01,0xfe,0x50,0x0e,0x32,0x00,0xfe,
0x32,0x20,0x07,0xf4,0x40,0x80,0x57,0x40,0x3f,0xc8,0x14,0x01,0xfe,0x7d,0xfe,0xa1,0x00,0xfe,0x60,0x03,0x90,0x07,0xff,0x2c,
0xa0,0x02,0xf1,0x00,0xff,0xe4,0x8f,0x88,0x04,0x56,0x01,0xff,0xc9,0xa2,0x00,0xc3,0x00,0x1f,0xfc,0x9a,0x20,0x0d,0xa4,0x01,
0xff,0xc9,0x1f,0x00,0x94,0xc0,0x3f,0xf9,0x64,0xe0,0x09,0x00,0xff,0x26,0x7e,0xb0,0x07,0xfa,0x40,0x8c,0x03,0xf8,0xac,0xc0,
0xa5,0x80,0x3f,0x84,0xd0,0x03,0xfd,0x60,0x1d,0x00,0x1f,0xeb,0xf0,0x0f,0xf2,0x00,0x70,0x88,0x03,0xf8,0xcc,0x01,0xfe,0x30,
0x0f,0x18,0x07,0xf3,0x88,0x07,0xf8,0x80,0x3c,0x60,0x1f,0xc2,0x20,0x0f,0xf2,0x80,0x71,0x08,0x07,0xf0,0x90,0x07,0xfa,0xc0,
0x3a,0x00,0x3f,0xcd,0xa0,0x1f,0xe2,0xd5,0x24,0xa5,0x00,0xff,0x6a,0x00,0x7f,0xc5,0x5b,0x6a,0x01,0xff,0x28,0xa8,0x07,0xff,
0x35,0x08,0x20,0x03,0xff,0x9b,0x00,0x02,0x70,0x0f,0xfe,0x5b,0x18,0x05,0x08,0x01,0xff,0xc9,0x49,0x00,0xeb,0x50,0x0f,0xfe,
0x3a,0x58,0x07,0xd5,0x00,0x1f,0xfc,0x58,0xb0,0x0f,0xe7,0xe7,0x10,0x0f,0xfe,0x03,0x6b,0x80,0x7f,0xc3,0x1d,0x6e,0x84,0x01,
0x09,0xb5,0x7c,0x90,0x07,0x80,0x00,0x00,0x00,0xfe,0x38,0xbd,0xff,0xb6,0xe0,0xc0,0x3f,0xf8,0x8d,0xb8,0xe8,0x40,0x11,0x23,
0xe6,0xb0,0x07,0xff,0x00,0xf6,0x48,0x03,0xfe,0x29,0xd3,0x00,0xfe,0x6c,0x20,0x0f,0xfe,0x19,0x63,0x00,0x7c,0xf2,0x01,0xff,
0xc7,0x96,0x00,0xe4,0x80,0x0f,0xfe,0x4c,0x98,0x06,0xa0,0x0f,0xfe,0x5f,0x80,0x4e,0x20,0x1f,0xfc,0xb3,0x50,0x05,0x00,0x7f,
0xf3,0x64,0x08,0x80,0x1f,0xe4,0xbd,0xb4,0x00,0xff,0x18,0xa0,0x07,0xf9,0x2d,0x09,0x2c,0xc0,0x3f,0xcb,0xc0,0x1f,0xe9,0x00,
0xe8,0x00,0xff,0x18,0x80,0x7f,0x88,0x03,0x94,0x03,0xfd,0xe6,0x01,0xfc,0x20,0x1f,0xfc,0x63,0x00,0xfe,0x12,0x00,0xe2,0x00,
0xff,0x08,0x80,0x3f,0xd0,0x01,0xd0,0x01,0xff,0x68,0x07,0xf9,0x69,0x09,0x2d,0x00,0x3f,0xe7,0x00,0xff,0x96,0xf6,0xd0,0x03,
0xff,0x80,0x46,0x01,0xff,0xd0,0x80,0x0f,0xfe,0x82,0x20,0x03,0xff,0xa1,0x42,0x01,0xff,0xcf,0x1c,0x10,0x0f,0xfe,0x79,0x61,
0x80,0x7f,0xf3,0xcb,0x20,0x40,0x3f,0x90,0x03,0xff,0x8a,0xfd,0x4c,0x42,0x00,0x26,0xcb,0x00,0xff,0xe3,0xac,0xef,0x7f,0xb6,
0x4c,0x03,0xff,0x82,0xdd,0xdf,0xd2,0x01,0xff,0xc6,0xc1,0x1f,0xe7,0x00,0xff,0xe8,0x0a,0x00,0x67,0x00,0xff,0x08,0x18,0x07,
0xfa,0xdc,0xcd,0x10,0x00,0xff,0xe0,0x70,0x07,0xfd,0x19,0x87,0x00,0xff,0xb4,0x0c,0x03,0xff,0x9c,0xe0,0x84,0x01,0xff,0xcc,
0x42,0x00,0x40,0x07,0xff,0x32,0x00,0x25,0x50,0x07,0xff,0x2a,0x0c,0x03,0x52,0x80,0x7f,0xf2,0x1d,0xc0,0x1e,0xa8,0x00,0xff,
0xe2,0x8d,0x40,0x07,0xe7,0xe6,0x00,0xff,0xe0,0x8c,0x7a,0x80,0x7f,0x86,0x7e,0xdd,0x08,0x02,0x12,0x48,0xce,0x71,0x00,0xe0,
0x00,0x00,0x00,0x15,0x77,0xf4,0x88,0x04,0x9a,0xa2,0x02,0xde,0x60,0x36,0x01,0xe1,0xd0,0x90,0x0f,0xc2,0xa8,0x01,0xfd,0x82,
0x01,0xfc,0x62,0x01,0xfc,0x68,0x01,0xfd,0x92,0x01,0xf8,0x94,0x6c,0x03,0xc3,0xe0,0x04,0xd5,0x10,0x16,0xf2,0x00,0x8a,0xbb,
0xfa,0x44,0x03,0xff,0xf4,0x55,0xdf,0xd2,0x20,0x12,0x6a,0x88,0x0b,0x79,0x80,0xd8,0x07,0x87,0x42,0x40,0x3f,0x0a,0xa0,0x07,
0xf6,0x08,0x07,0xf1,0x88,0x07,0xf1,0xa0,0x07,0xf6,0x48,0x07,0xe2,0x51,0xb0,0x0f,0x0f,0x80,0x13,0x54,0x40,0x5b,0xc8,0x00,
0x00,0x00,0x00,0xf1,0x46,0x77,0xf6,0x41,0x00,0x7f,0xd5,0xae,0x62,0x02,0x6f,0xb2,0x01,0xf8,0xb5,0x40,0x3f,0x9b,0x04,0x03,
0x87,0x08,0x03,0xfe,0x3c,0x00,0xea,0x10,0x0f,0xfe,0x09,0x48,0x04,0xa8,0x01,0xff,0xc3,0x63,0x00,0x70,0x07,0xff,0x16,0x80,
0x08,0x01,0xe4,0xdf,0xc3,0x00,0xf3,0x81,0x80,0x78,0xec,0x80,0xf0,0x80,0x38,0x44,0xe0,0x1e,0xa0,0x0e,0x50,0x0f,0x10,0x07,
0xc6,0x01,0xff,0xc0,0x17,0x00,0xf7,0x00,0x72,0x80,0x78,0xcc,0x01,0xe4,0xa2,0x03,0xc2,0x00,0xe1,0x10,0x20,0x07,0x97,0x7f,
0x0c,0x03,0xce,0x00,0xf0,0x0f,0xfe,0x2d,0x80,0x11,0x40,0x3f,0xf8,0x6c,0x40,0x15,0x10,0x07,0xff,0x04,0xa4,0x03,0xbc,0x80,
0x3f,0xe3,0xc0,0x0f,0x16,0xa8,0x07,0xf3,0x60,0x80,0x7e,0xad,0x73,0x00,0x09,0xbe,0xc8,0x07,0x00,0x00,0x00,
};
static const lv_font_fmt_txt_glyph_dsc_t glyphs_black_56[]={{0,0,0,0,0,0},
{.bitmap_index=0,.adv_w=376,.box_w=22,.box_h=10,.ofs_x=1,.ofs_y=12},
{.bitmap_index=27,.adv_w=514,.box_w=30,.box_h=40,.ofs_x=1,.ofs_y=0},
{.bitmap_index=266,.adv_w=319,.box_w=18,.box_h=40,.ofs_x=1,.ofs_y=0},
{.bitmap_index=333,.adv_w=516,.box_w=30,.box_h=40,.ofs_x=1,.ofs_y=0},
{.bitmap_index=608,.adv_w=498,.box_w=29,.box_h=40,.ofs_x=1,.ofs_y=0},
{.bitmap_index=874,.adv_w=574,.box_w=33,.box_h=40,.ofs_x=1,.ofs_y=0},
{.bitmap_index=1087,.adv_w=497,.box_w=29,.box_h=40,.ofs_x=1,.ofs_y=0},
{.bitmap_index=1304,.adv_w=494,.box_w=29,.box_h=40,.ofs_x=1,.ofs_y=0},
{.bitmap_index=1584,.adv_w=458,.box_w=29,.box_h=40,.ofs_x=0,.ofs_y=0},
{.bitmap_index=1814,.adv_w=498,.box_w=29,.box_h=40,.ofs_x=1,.ofs_y=0},
{.bitmap_index=2120,.adv_w=481,.box_w=29,.box_h=40,.ofs_x=0,.ofs_y=0},
{.bitmap_index=2402,.adv_w=342,.box_w=11,.box_h=29,.ofs_x=5,.ofs_y=1},
{.bitmap_index=2498,.adv_w=334,.box_w=21,.box_h=20,.ofs_x=0,.ofs_y=26}};
static const uint16_t unicode_black_56[]={0,3,4,5,6,7,8,9,10,11,12,13,131};
static const lv_font_fmt_txt_cmap_t cmap_black_56[]={{.range_start=45,.range_length=132,.glyph_id_start=1,.unicode_list=unicode_black_56,.list_length=13,.type=LV_FONT_FMT_TXT_CMAP_SPARSE_TINY}};
static const lv_font_fmt_txt_dsc_t dsc_black_56={.glyph_bitmap=bitmap_black_56,.glyph_dsc=glyphs_black_56,.cmaps=cmap_black_56,.cmap_num=1,.bpp=4,.bitmap_format=LV_FONT_FMT_TXT_COMPRESSED};
const lv_font_t font_wf_56={.get_glyph_dsc=lv_font_get_glyph_dsc_fmt_txt,.get_glyph_bitmap=lv_font_get_bitmap_fmt_txt,.line_height=46,.base_line=0,.dsc=&dsc_black_56,.user_data=(void *)font_license};
static const uint8_t bitmap_black_72[]={
0x18,0x99,0xff,0xe6,0x93,0xb9,0x9b,0xff,0x9b,0x40,0x1f,0xfc,0xf1,0x00,0xff,0xff,0x80,0x7f,0xff,0xc0,0x3f,0xff,0xca,0x01,
0xff,0xce,0xc0,0x00,0x00,0x00,0xff,0xe1,0x1a,0xb3,0xbc,0xca,0x60,0x1f,0xfc,0xd2,0x8c,0xfc,0xa9,0x88,0xa6,0xb3,0xf6,0x0c,
0x03,0xff,0x8e,0x99,0xae,0x60,0x1f,0xf1,0x3e,0x6a,0x80,0x7f,0xf0,0xc6,0xec,0x60,0x1f,0xfc,0x52,0xac,0x20,0x0f,0xfe,0x01,
0xfa,0x00,0x7f,0xf2,0x4f,0x58,0x03,0xfc,0x98,0x20,0x1f,0xfc,0xc9,0x70,0x0f,0xc7,0x60,0x1f,0xfc,0xf8,0x60,0x0f,0xb8,0x03,
0xff,0xa3,0x24,0x01,0xd2,0x40,0x1f,0xfd,0x2e,0x00,0xc2,0xc0,0x1f,0xfd,0x33,0x50,0x0a,0x40,0x3f,0xfa,0xb2,0x01,0x30,0x07,
0xff,0x54,0xc8,0x0c,0x40,0x3f,0xf8,0x4f,0x9d,0xb2,0x20,0x1f,0xfc,0x25,0x05,0x00,0xff,0xe0,0x8e,0xc1,0x89,0x37,0x98,0x07,
0xff,0x07,0x43,0xc0,0x3f,0xf8,0x36,0x40,0x1c,0x3c,0x01,0xff,0xc1,0x70,0x20,0x0f,0xfe,0x0a,0x80,0x7c,0x48,0x01,0xff,0xc0,
0x20,0x70,0x0f,0xfe,0x01,0x80,0x7f,0x18,0x07,0xff,0x08,0x40,0x3f,0xf8,0x0e,0x01,0xfd,0xe0,0x1f,0xfc,0x11,0x00,0xff,0xff,
0x80,0x7f,0xff,0xc0,0x3f,0xff,0xe0,0x1f,0xff,0xf0,0x0f,0xff,0xf8,0x07,0xff,0xfc,0x03,0xff,0xfe,0x01,0xff,0xff,0x00,0xff,
0xf1,0x08,0x07,0xff,0x01,0xc0,0x3f,0xbc,0x03,0xff,0x82,0x2e,0x01,0xff,0xc0,0x30,0x0f,0xe3,0x00,0xff,0xe1,0x10,0x07,0xff,
0x05,0x40,0x3e,0x24,0x00,0xff,0xe0,0x10,0x78,0x07,0xff,0x06,0xc8,0x03,0xdc,0x01,0xff,0xc1,0x70,0x40,0x0f,0xfe,0x08,0xe3,
0x98,0x93,0x71,0x80,0x7f,0xf0,0x70,0x08,0x80,0x1f,0xfc,0x11,0x8c,0xed,0x91,0x00,0xff,0xe1,0x38,0x01,0x40,0x3f,0xfa,0xa8,
0x20,0x09,0x00,0xff,0xea,0xf8,0x04,0x2e,0x01,0xff,0xd3,0x44,0x00,0x68,0x20,0x0f,0xfe,0x94,0x80,0x7b,0xc0,0x3f,0xfa,0x34,
0x40,0x1e,0x2b,0x00,0xff,0xe7,0xca,0x80,0x7e,0x4c,0x10,0x0f,0xfe,0x65,0x30,0x07,0xf8,0xfd,0x40,0x3f,0xf9,0x27,0xaa,0x01,
0xff,0xc0,0x1a,0xb4,0x00,0xff,0xe2,0x95,0x61,0x00,0x7f,0xf0,0xd2,0xf6,0x0c,0x03,0xfe,0x27,0xcd,0x50,0x0f,0xfe,0x39,0x3e,
0x7e,0x54,0xc4,0x53,0x59,0xfb,0x06,0x01,0xff,0x00,0x00,0x00,0x00,0xf9,0xb3,0xff,0xff,0x82,0x80,0x18,0xa7,0xe4,0xc0,0x3f,
0xf8,0x26,0x00,0x5c,0xd6,0x00,0xff,0xe2,0x97,0x51,0x80,0x7f,0xf1,0xd0,0x40,0x3f,0xff,0xe0,0x1f,0xff,0xf0,0x0f,0xfe,0xc9,
0x34,0xd0,0x07,0xff,0x09,0xdd,0x39,0xfb,0x2c,0x80,0x1f,0xfc,0x21,0x86,0x30,0x0f,0xff,0xf8,0x07,0xff,0xfc,0x03,0xff,0xfe,
0x01,0xff,0xff,0x00,0xff,0xff,0x80,0x7f,0xff,0xc0,0x3f,0xff,0xe0,0x1f,0xff,0xf0,0x0f,0xff,0xf8,0x07,0xff,0xfc,0x03,0xff,
0xb0,0x20,0x1f,0xfc,0xb2,0x00,0xff,0xe0,0x18,0x00,0x00,0x00,0xff,0xe1,0x12,0xb3,0xbc,0xca,0x40,0x1f,0xfc,0xd3,0x8c,0xfd,
0xa9,0x88,0xa6,0xb7,0xf2,0x08,0x03,0xff,0x8e,0xdb,0x8e,0x60,0x1f,0xf1,0xbe,0xe2,0x00,0x7f,0xf0,0xd3,0x64,0x80,0x3f,0xf8,
0xa7,0x76,0x20,0x0f,0xfe,0x04,0xd9,0x00,0x7f,0xf2,0x53,0x54,0x03,0xfd,0x6c,0x01,0xff,0xcd,0xa7,0x00,0xfd,0x68,0x01,0xff,
0xcf,0x86,0x00,0xf4,0x20,0x07,0xff,0x46,0x4c,0x03,0x1b,0x80,0x7f,0xf4,0xf8,0x03,0x40,0x07,0xff,0x50,0x94,0x00,0x28,0x01,
0xff,0xd5,0x90,0x03,0x80,0x7f,0xf5,0x8c,0x83,0x00,0x3f,0xf8,0x43,0x19,0xd9,0x02,0x01,0xff,0xc2,0x40,0x60,0x0f,0xfe,0x09,
0xfb,0x98,0x9b,0xf9,0x00,0x7f,0xf0,0x7c,0x04,0x03,0xff,0x83,0xe2,0x01,0xc3,0xc0,0x1f,0xfc,0x12,0x00,0xff,0xe1,0x09,0x80,
0x7c,0x62,0x01,0xff,0xc0,0x70,0x0f,0xfe,0x11,0x80,0x7f,0x08,0x07,0xff,0x61,0x00,0x3f,0xf8,0x2c,0x10,0xab,0xff,0xc0,0x80,
0x0f,0xd0,0x01,0xff,0xc1,0xd0,0x5a,0xaf,0xfe,0x02,0x80,0x7c,0xe6,0x01,0xff,0xc1,0x40,0x0f,0xfe,0x49,0xc0,0x07,0xff,0x04,
0x8c,0x03,0xff,0x90,0x5a,0x01,0xff,0xc2,0xb0,0x0f,0xfe,0x40,0xf8,0x80,0x7f,0xf0,0x45,0x80,0x3f,0xf8,0xe3,0x84,0x01,0xff,
0xc2,0xb0,0x0f,0xfe,0x38,0xe9,0x00,0x7f,0xf0,0x95,0x40,0x1f,0xfc,0x61,0xc3,0x00,0xff,0xe1,0x0d,0x80,0x7f,0xf1,0x87,0x08,
0x03,0xff,0x87,0xa2,0x01,0xff,0xc5,0x1c,0x20,0x0f,0xfe,0x1d,0x18,0x07,0xff,0x14,0x70,0x80,0x3f,0xf8,0x72,0xa0,0x1f,0xfc,
0x51,0xc2,0x00,0xff,0xe1,0xc3,0x00,0x7f,0xf1,0x47,0x08,0x03,0xff,0x87,0x0e,0x01,0xff,0xc5,0x1c,0x20,0x0f,0xfe,0x1c,0x38,
0x07,0xff,0x14,0x70,0x80,0x3f,0xf8,0x72,0xe0,0x1f,0xfc,0x51,0xc2,0x00,0xff,0xe1,0xcb,0x00,0x7f,0xf1,0x47,0x08,0x03,0xff,
0x87,0x6c,0x01,0xff,0xc5,0x2f,0x20,0x0f,0xfe,0x1e,0x20,0x07,0xff,0x14,0xb0,0x40,0x3f,0xf8,0x43,0xa6,0x01,0xff,0xc5,0x3c,
0x10,0x0f,0xfe,0x11,0x61,0x00,0x7f,0xf1,0x53,0x04,0x03,0xff,0x84,0x58,0x40,0x1f,0xfc,0x56,0xb0,0x0f,0xfe,0x23,0xc4,0xcf,
0xff,0x0e,0x00,0xe4,0x03,0xff,0x8a,0xac,0xdf,0xfc,0x47,0x45,0x00,0xff,0xec,0x08,0x07,0xff,0xfc,0x03,0xff,0xfe,0x01,0xff,
0xff,0x00,0xff,0xff,0x80,0x42,0xa0,0x1f,0xfd,0x71,0x60,0x00,0x00,0x00,0x67,0xff,0xff,0x53,0x84,0x02,0x30,0x0f,0xfe,0xa0,
0x90,0x07,0xff,0xfc,0x03,0xff,0xfe,0x01,0xff,0xff,0x00,0xff,0xff,0x80,0x7f,0xf8,0x65,0x9b,0xff,0x84,0x40,0x1f,0xfc,0xa6,
0x99,0xff,0xe0,0x81,0x00,0x7f,0xf1,0x48,0xc0,0x3f,0xf8,0x69,0xcc,0x01,0xff,0xc5,0x5c,0x00,0xff,0xe1,0xcd,0x88,0x07,0xff,
0x10,0x6a,0x82,0x01,0xff,0xc1,0x4e,0x60,0x0f,0xfe,0x2a,0x7a,0x80,0x7f,0xf0,0xa6,0xc4,0x03,0xff,0x8b,0x36,0x20,0x1f,0xfc,
0x14,0xe6,0x00,0xff,0xe2,0x9e,0xb0,0x07,0xff,0x0a,0x6c,0x40,0x3f,0xf8,0xa5,0x84,0x01,0xff,0xc2,0x36,0x00,0xff,0xe3,0x97,
0xc9,0x00,0x7f,0xf0,0x4c,0xc0,0x1f,0xfc,0x96,0xd6,0x00,0xff,0xe0,0xf0,0x07,0xff,0x2e,0x64,0x01,0xff,0xc0,0x2a,0x00,0xff,
0xe5,0xb4,0x00,0x7f,0xf0,0x15,0x40,0x1f,0xfc,0xb7,0x40,0x0f,0xfe,0x05,0x88,0x07,0xff,0x2e,0x40,0x3f,0xf8,0x03,0xa0,0x1f,
0x08,0x07,0xff,0x0c,0x98,0x03,0xff,0x80,0x6e,0x01,0x97,0x7b,0xec,0x80,0x3f,0xf8,0x36,0x01,0xff,0xc1,0x83,0x01,0xba,0x20,
0x02,0x60,0x80,0x7f,0xf0,0x08,0xc0,0x3f,0xf8,0x3a,0xfe,0x80,0x1c,0x30,0x01,0xff,0xc1,0xb0,0x0f,0xfe,0x08,0xc0,0x80,0x7c,
0xe0,0x1f,0xfc,0x14,0x00,0xff,0xe5,0x89,0x80,0x7f,0xf0,0x08,0x03,0xff,0x98,0xe0,0x1f,0xfc,0x01,0x00,0x22,0xaf,0xfc,0x40,
0x1f,0xc4,0x01,0xff,0xc1,0x16,0xba,0xaf,0xfb,0x48,0x03,0xf1,0x80,0x7f,0xf4,0x10,0x03,0xf3,0x00,0x7f,0xf0,0x45,0x40,0x3f,
0xf8,0x38,0x01,0xf0,0x98,0x07,0xff,0x00,0x40,0x80,0x3f,0xf8,0x2a,0x20,0x1e,0x60,0x0f,0xfe,0x0a,0x80,0x88,0x03,0xff,0x83,
0x60,0x1c,0x70,0x01,0xff,0xc1,0xc0,0x03,0x80,0x7f,0xf0,0x56,0xd0,0x88,0xf8,0x01,0xff,0xc2,0x40,0x05,0x00,0x7f,0xf0,0x92,
0xf7,0x50,0x01,0xff,0xc2,0x23,0x00,0x19,0x00,0x7f,0xf5,0x28,0x03,0x48,0x07,0xff,0x4c,0x5c,0x03,0x22,0x00,0x3f,0xfa,0x50,
0x01,0xea,0x10,0x0f,0xfe,0x82,0x30,0x07,0x86,0x80,0x3f,0xf9,0xe3,0x40,0x1f,0x92,0xc0,0x3f,0xf9,0xa5,0xe2,0x01,0xfc,0x98,
0x20,0x1f,0xfc,0xa3,0xc1,0x00,0xff,0x8f,0xd4,0x03,0xff,0x90,0xf8,0x20,0x1f,0xfc,0x11,0xac,0x40,0x0f,0xfe,0x23,0x74,0x00,
0x7f,0xf1,0x4e,0xf5,0xc8,0x03,0xfc,0x93,0xd2,0x20,0x1f,0xfc,0x82,0x8d,0xfc,0xa9,0x88,0x4d,0x6f,0xdb,0x08,0x07,0xfc,0x00,
0x00,0x00,0xff,0xe0,0x1f,0x7f,0xff,0xf0,0x2c,0x03,0xff,0xa1,0x02,0x01,0xff,0xdc,0x24,0x00,0xff,0xe0,0xf8,0x07,0xff,0x3e,
0xc0,0x3f,0xf8,0x24,0x80,0x1f,0xfc,0xf6,0x00,0xff,0xe0,0xd8,0x07,0xff,0x3d,0xc0,0x3f,0xf8,0x4c,0x01,0xff,0xcf,0x90,0x0f,
0xfe,0x0b,0x80,0x7f,0xf3,0xd4,0x40,0x3f,0xf8,0x34,0x01,0xff,0xcf,0x90,0x0f,0xfe,0x0a,0x10,0x07,0xff,0x38,0xcc,0x01,0xff,
0xc1,0xf0,0x0f,0xfe,0x7c,0x80,0x7f,0xf0,0x49,0x00,0x3f,0xf9,0xc2,0xa0,0x1f,0xfc,0x1b,0x00,0xff,0xe7,0xc8,0x07,0xff,0x04,
0x58,0x03,0xff,0x9e,0xc0,0x1f,0xfc,0x16,0x00,0xff,0xe7,0xb0,0x80,0x7f,0xf0,0x68,0x03,0xff,0x9f,0x60,0x1f,0xfc,0x15,0x20,
0x0f,0xfe,0x72,0x10,0x07,0xff,0x07,0x80,0x3f,0xf9,0xfe,0x01,0xff,0xc1,0x24,0x00,0x93,0xff,0xff,0x81,0x80,0x1f,0xc4,0x80,
0x1f,0xfc,0x1b,0x00,0xd8,0x01,0xff,0xc0,0x30,0x0f,0xeb,0x00,0xff,0xe0,0x8b,0x00,0x7f,0xf3,0xd8,0x03,0xff,0x82,0xc0,0x1f,
0xfc,0xf7,0x00,0xff,0xe1,0x48,0x07,0xff,0x3e,0x80,0x3f,0xf8,0x2a,0x20,0x1f,0xfc,0xe5,0x20,0x0f,0xfe,0x0c,0x80,0x7f,0xf3,
0xe4,0x03,0xff,0x82,0x46,0x01,0xff,0xce,0x33,0x00,0x7f,0xf0,0x6c,0x03,0xff,0x92,0x20,0x1d,0x20,0x1f,0xfc,0x29,0xff,0xf9,
0xc0,0x3f,0xf8,0x3d,0xff,0x18,0xa8,0x07,0xff,0x71,0x50,0x03,0xff,0xbc,0x60,0x1f,0xff,0xf0,0x0f,0xff,0xf8,0x07,0xff,0xfc,
0x03,0xff,0xfe,0x01,0xff,0xdf,0x77,0x33,0x7f,0xf2,0x88,0x03,0xff,0x82,0xac,0xc7,0x70,0xc4,0xcf,0xff,0x29,0x40,0x3f,0xf8,
0x35,0x32,0x81,0x00,0xff,0xff,0x80,0x7f,0xff,0xc0,0x3f,0xff,0xe0,0x1f,0xff,0xf0,0x0f,0xff,0xf8,0x07,0xff,0xfc,0x03,0x60,
0x07,0xff,0x00,0xc0,0x38,0x00,0x00,0xaf,0xff,0xfe,0xac,0x80,0x10,0x03,0xff,0xaa,0x80,0x1f,0xff,0xf0,0x0f,0xff,0xf8,0x07,
0xff,0xfc,0x03,0xff,0xfe,0x01,0xff,0xe4,0x16,0x6f,0xfe,0x44,0x80,0x7f,0xf0,0xd2,0x67,0xff,0x90,0x80,0x1f,0xff,0xf0,0x0f,
0xff,0xf8,0x07,0xff,0x0c,0x9e,0xfb,0xfd,0xdb,0x4e,0x40,0x1f,0xfc,0xc6,0xbd,0x84,0x10,0x00,0x92,0xc6,0xe2,0x80,0x7f,0xf2,
0x8d,0x00,0x3f,0xe3,0xac,0x20,0x0f,0xfe,0xb9,0xea,0x80,0x7f,0xf6,0x29,0xc0,0x3f,0xfb,0x10,0xe0,0x1f,0xfd,0x88,0x30,0x0f,
0xfe,0xc6,0x80,0x7f,0xf6,0x05,0xc0,0x3f,0xfb,0x12,0x01,0xff,0xd8,0x16,0x00,0xff,0xe3,0x22,0x98,0x07,0xff,0x0f,0x40,0x3f,
0xf8,0x8f,0xf7,0x59,0x62,0x01,0xff,0xc1,0x40,0x0f,0xfe,0x1c,0x40,0x03,0x26,0x80,0x7f,0xf0,0x8a,0xa1,0xdf,0xfe,0x97,0x00,
0xf1,0x98,0x03,0xff,0x82,0xe8,0xf1,0x1f,0xf3,0x00,0x7e,0x40,0x0f,0xfe,0x09,0x80,0x7f,0xf2,0xb8,0x03,0xff,0x82,0x20,0x1f,
0xfc,0xa1,0x00,0xff,0xe0,0x8d,0x7f,0xff,0xf0,0x28,0x03,0xf6,0x80,0x7f,0xf0,0x4d,0xc0,0x3f,0xf8,0x0a,0xa0,0x0f,0x0a,0x80,
0x7f,0xf0,0x59,0xc0,0x3f,0xf8,0x36,0x20,0x1d,0x40,0x1f,0xfc,0x23,0xc0,0x0f,0xfe,0x08,0xfb,0x11,0x17,0x50,0x03,0xff,0x82,
0x60,0xe0,0x1f,0xfc,0x21,0x9d,0xd5,0x10,0x07,0xff,0x0a,0xc0,0x50,0x03,0xff,0xaa,0xc0,0x08,0x00,0xff,0xea,0x30,0x80,0x0d,
0x40,0x3f,0xfa,0x70,0x01,0xac,0x40,0x3f,0xfa,0x34,0x20,0x18,0x74,0x03,0xff,0xa0,0xea,0x01,0xe3,0xb0,0x0f,0xfe,0x73,0xc0,
0x07,0xe4,0xc1,0x00,0xff,0xe5,0xcc,0x00,0x7f,0x8f,0xd4,0x03,0xff,0x90,0x7a,0xc0,0x1f,0xfc,0x01,0xac,0x40,0x0f,0xfe,0x21,
0x56,0x10,0x07,0xff,0x0c,0xef,0x60,0xc0,0x3f,0xc4,0xf9,0xaa,0x01,0xff,0xc7,0x27,0xcf,0xca,0x98,0x84,0xd6,0x7e,0xc1,0x80,
0x7f,0xc0,0x00,0x00,0x00,0xff,0xe1,0x1a,0xb3,0xbc,0xca,0x62,0x01,0xff,0xcc,0x49,0xdf,0xca,0x98,0x8a,0x6b,0x3b,0x65,0x00,
0x3f,0xf8,0xef,0xd6,0xc4,0x01,0xff,0x13,0x5f,0x38,0x07,0xff,0x0d,0x7a,0x04,0x03,0xff,0x8a,0x31,0xc8,0x01,0xff,0xc0,0x9a,
0x10,0x0f,0xfe,0x48,0xdc,0x80,0x7f,0xad,0x80,0x3f,0xf9,0xad,0x40,0x1f,0xa5,0x00,0x3f,0xf9,0xeb,0x00,0x1e,0x46,0x00,0xff,
0xe8,0xb9,0x80,0x74,0x80,0x7f,0xf4,0xfc,0x03,0x21,0x00,0x7f,0xf4,0xcc,0xc0,0x17,0x00,0x7f,0xf5,0x6c,0x02,0x70,0x0f,0xfe,
0xa9,0x80,0x44,0x01,0xff,0xc2,0x6c,0xec,0x60,0x0f,0xfe,0x13,0x00,0x7f,0xf1,0x6a,0x4c,0x4e,0x68,0x03,0xff,0x82,0x60,0x01,
0x00,0xff,0xe0,0xa2,0x80,0x72,0x98,0x07,0xff,0x00,0x40,0x3f,0xf8,0x86,0x01,0xf2,0x80,0x7f,0xf0,0x04,0x03,0xff,0x89,0xe0,
0x1f,0x78,0x07,0xff,0x01,0x40,0x3f,0xf9,0x8d,0xff,0xff,0xc0,0xb0,0x0f,0xfe,0x41,0xb4,0x4c,0x3a,0x08,0x07,0xff,0x3c,0x67,
0xb2,0x5d,0x9e,0x2f,0xb1,0xc4,0x03,0xff,0x97,0x5e,0xc2,0x01,0xf8,0xe3,0x9c,0x03,0xff,0x94,0x42,0x01,0xff,0xc1,0x8d,0x30,
0x0f,0xfe,0xc1,0x62,0x00,0x7f,0xf6,0x6d,0x00,0x3f,0xfb,0x36,0x40,0x1f,0xfd,0x9e,0x00,0xff,0xec,0x9b,0x00,0x7f,0xf6,0x60,
0x03,0xff,0xb2,0x2a,0x01,0xff,0xd9,0xf0,0x0f,0xfe,0x2a,0xe7,0xfb,0x18,0x03,0xff,0x84,0xe0,0x1f,0xfc,0x46,0xa3,0x00,0x1c,
0xc0,0x07,0xff,0x04,0x80,0x3f,0xf8,0x90,0x01,0xe7,0x20,0x0f,0xfe,0x09,0x00,0x7f,0xf0,0x90,0x40,0x3e,0xa0,0x0f,0xfe,0x08,
0x88,0x03,0xff,0x82,0x40,0x1f,0x88,0x03,0xff,0xa0,0x60,0x1f,0xfd,0x96,0x00,0xfd,0xa0,0x1f,0xfc,0x11,0x02,0x00,0xff,0xe0,
0x19,0x00,0x7c,0xc0,0x1f,0xfc,0x12,0x07,0x00,0xff,0xe0,0xc8,0x07,0xa8,0x40,0x3f,0xf8,0x04,0x00,0xc0,0x0f,0xfe,0x0a,0x62,
0x91,0x17,0x14,0x03,0xff,0x82,0x80,0x07,0x00,0xff,0xe1,0x1d,0x6e,0xa8,0xc0,0x3f,0xf8,0x5a,0x00,0x14,0x00,0xff,0xea,0x0a,
0x00,0x50,0x01,0xff,0xd4,0x80,0x0c,0x6a,0x01,0xff,0xd2,0x26,0x00,0xeb,0x10,0x0f,0xfe,0x8f,0x80,0x78,0x74,0x03,0xff,0xa1,
0x44,0x01,0xf1,0xd8,0x07,0xff,0x3a,0x54,0x03,0xf9,0x30,0x40,0x3f,0xf9,0x43,0x6c,0x01,0xff,0x1f,0xa8,0x07,0xff,0x21,0x3d,
0x00,0x3f,0xf8,0x23,0x58,0x80,0x1f,0xfc,0x44,0xcb,0x10,0x0f,0xfe,0x21,0xde,0xc1,0x80,0x7f,0x8e,0x36,0xcc,0x03,0xff,0x90,
0x4f,0x9f,0x95,0x31,0x09,0xac,0xfc,0x72,0x00,0xff,0x80,0x00,0x00,0x1e,0xff,0xff,0xea,0xe8,0x28,0x80,0x7f,0xf5,0x48,0x80,
0x1f,0xff,0xf0,0x0f,0xff,0xe8,0x80,0x7f,0xff,0xc0,0x3f,0xff,0xe0,0x1f,0xfe,0x12,0x66,0xfe,0x40,0x0f,0xfe,0x11,0x00,0x7f,
0xc9,0x33,0xfd,0x80,0x1f,0xfc,0x14,0x00,0xff,0xe5,0x50,0x07,0xff,0x07,0x80,0x3f,0xf9,0x28,0x40,0x1f,0xfc,0x01,0x50,0x10,
0x0f,0xf7,0x00,0x7e,0xe0,0x0f,0xfe,0x0b,0x00,0x13,0x73,0x3f,0x9c,0x03,0xe1,0x50,0x0f,0xfe,0x0d,0x00,0x44,0x67,0xfc,0x01,
0xf9,0x80,0x3f,0xf8,0x26,0x40,0x1f,0xfc,0x9a,0x00,0xff,0xe0,0xc8,0x07,0xff,0x25,0x08,0x03,0xff,0x80,0x2a,0x01,0xff,0xc9,
0xf0,0x0f,0xfe,0x0b,0x00,0x7f,0xf2,0x45,0x00,0x3f,0xf8,0x34,0x01,0xff,0xc9,0x90,0x0f,0xfe,0x09,0x90,0x07,0xff,0x25,0x80,
0x3f,0xf8,0x32,0x01,0xff,0xc9,0x51,0x00,0xff,0xe0,0x0a,0x80,0x7f,0xf2,0x78,0x03,0xff,0x82,0xc0,0x1f,0xfc,0x92,0x40,0x0f,
0xfe,0x0d,0x00,0x7f,0xf2,0x68,0x03,0xff,0x82,0x64,0x01,0xff,0xc9,0x60,0x0f,0xfe,0x0c,0x80,0x7f,0xf2,0x54,0x40,0x3f,0xf8,
0x02,0xa0,0x1f,0xfc,0x9e,0x00,0xff,0xe0,0xb0,0x07,0xff,0x24,0x90,0x03,0xff,0x83,0x40,0x1f,0xfc,0x9a,0x00,0xff,0xe0,0x99,
0x00,0x7f,0xf2,0x58,0x03,0xff,0x83,0x20,0x1f,0xfc,0x95,0x10,0x0f,0xfe,0x00,0xa8,0x07,0xff,0x26,0x40,0x3f,0xf8,0x2c,0x01,
0xff,0xc9,0x23,0x00,0xff,0xe0,0xd0,0x07,0xff,0x26,0xc0,0x3f,0xf8,0x26,0x40,0x1f,0xfc,0x96,0x00,0xff,0xe0,0xc8,0x07,0xff,
0x25,0x80,0x3f,0xf8,0x22,0xa0,0x1f,0xfc,0x9a,0x00,0xff,0xe0,0xb0,0x07,0xff,0x24,0xcc,0x01,0xff,0xc1,0xa0,0x0f,0xfe,0x4d,
0x00,0x7f,0xf0,0x50,0x80,0x3f,0xf9,0x2c,0x01,0xff,0xc1,0xe0,0x0f,0xfe,0x4b,0x00,0x7f,0xf0,0x45,0x40,0x3f,0xf9,0x36,0x01,
0xff,0xc1,0x60,0x0f,0xfe,0x49,0x90,0x07,0xff,0x06,0x80,0x3f,0xf9,0x32,0x01,0xff,0xc1,0x42,0x00,0xff,0xe4,0x0a,0x80,0x7f,
0xf0,0x78,0x03,0xff,0x92,0x60,0x1f,0xfc,0x14,0x50,0x0f,0xfe,0x18,0x00,0x00,0x00,0xff,0xe1,0x09,0xab,0x3b,0xcc,0x82,0x01,
0xff,0xcd,0x49,0xde,0xca,0x98,0x8a,0x6f,0xb9,0x4a,0x01,0xff,0xc7,0x17,0xeb,0x62,0x00,0xff,0x0a,0xd7,0x40,0x80,0x7f,0xf0,
0xdb,0xe0,0x40,0x3f,0xf8,0x82,0xfe,0xc0,0x1f,0xfc,0x1a,0x91,0x00,0xff,0xe4,0x0c,0xd8,0x80,0x7f,0x0e,0x28,0x07,0xff,0x31,
0x30,0x40,0x3f,0x69,0x80,0x7f,0xf3,0x8b,0x40,0x3e,0x83,0x00,0xff,0xe8,0x1c,0x80,0x71,0x38,0x07,0xff,0x49,0x8c,0x03,0x40,
0x07,0xff,0x52,0x00,0x21,0x50,0x0f,0xfe,0xa2,0x10,0x01,0xc0,0x3f,0xfa,0xca,0x00,0xc0,0x0f,0xfe,0x12,0xde,0xea,0xd4,0x03,
0xff,0x85,0x80,0x06,0x00,0xff,0xe0,0xc5,0x21,0x11,0x2a,0xc0,0x3f,0xf8,0x2c,0x00,0x10,0x0f,0xfe,0x01,0x38,0x07,0x91,0x80,
0x3f,0xf8,0x04,0x00,0x30,0x0f,0xfe,0x02,0x00,0x7e,0xc0,0x0f,0xfe,0x19,0x80,0x7f,0xf5,0x84,0x00,0xc0,0x1f,0xfc,0x04,0x00,
0xfd,0x80,0x1f,0xfc,0x02,0x00,0x60,0x07,0xff,0x00,0x98,0x03,0xc6,0xc0,0x1f,0xfc,0x05,0x00,0x20,0x07,0xff,0x06,0x64,0x60,
0x02,0x7c,0x00,0xff,0xe0,0xd0,0x00,0xcc,0x01,0xff,0xc1,0x6c,0xff,0x6c,0x00,0x7f,0xf0,0x4c,0xc0,0x17,0x80,0x7f,0xf5,0x3c,
0x03,0x1b,0x80,0x7f,0xf4,0xa0,0xc0,0x3a,0x14,0x03,0xff,0xa1,0x0e,0x01,0xf5,0x08,0x07,0xff,0x39,0x1c,0x03,0xf4,0x88,0x07,
0xff,0x39,0x20,0x03,0xe7,0x60,0x0f,0xfe,0x83,0xb8,0x03,0x8a,0x00,0x3f,0xfa,0x50,0x40,0x1a,0x40,0x3f,0xfa,0x92,0x01,0x12,
0x00,0x7f,0xf0,0x4e,0xfb,0xf1,0x40,0x3f,0xf8,0x28,0x40,0x0a,0x00,0xff,0xe0,0x9e,0x20,0x81,0xd3,0x00,0x7f,0xf0,0x68,0x00,
0xa0,0x1f,0xfc,0x1e,0x00,0xf4,0x88,0x07,0xff,0x01,0x40,0x04,0x01,0xff,0xc0,0x22,0x00,0x7c,0xc0,0x1f,0xfc,0x02,0x03,0x00,
0xff,0xe0,0xb8,0x07,0xee,0x00,0xff,0xe0,0x9b,0x80,0x7f,0xf0,0x4c,0x03,0xf1,0x80,0x7f,0xf0,0x5c,0x40,0x3f,0xf8,0x26,0x01,
0xff,0xca,0x11,0x00,0x7f,0xf0,0x58,0x03,0xf6,0x00,0x7f,0xf0,0x9c,0x03,0xff,0x82,0x64,0x01,0xf3,0x80,0x7f,0xf0,0x44,0x80,
0x3f,0xf8,0x5c,0x01,0xea,0x10,0x0f,0xfe,0x0a,0x89,0x00,0x7f,0xf0,0x4f,0x54,0x88,0x96,0xa0,0x1f,0xfc,0x11,0x10,0x20,0x07,
0xff,0x08,0xab,0x75,0x68,0x01,0xff,0xc2,0x70,0x05,0x00,0x7f,0xf5,0xa8,0x00,0x66,0x00,0xff,0xea,0x19,0x80,0x2f,0x00,0xff,
0xea,0x78,0x06,0x36,0x00,0xff,0xe9,0x39,0x80,0x74,0x98,0x07,0xff,0x41,0x20,0x03,0xed,0x30,0x0f,0xfe,0x72,0x58,0x07,0xe1,
0xc4,0x00,0xff,0xe6,0x2d,0x80,0x7f,0xd7,0x22,0x01,0xff,0xc8,0x1a,0xa0,0x07,0xff,0x05,0xba,0x04,0x03,0xff,0x88,0x31,0xea,
0x01,0xff,0xc4,0x7e,0xb6,0x20,0x0f,0xf0,0xad,0x73,0x88,0x07,0xff,0x1d,0x27,0x7f,0x2a,0x62,0x13,0x2b,0xee,0x52,0x80,0x7f,
0xc0,0x00,0x00,0x00,0xff,0xe1,0x0a,0x2b,0x3b,0x99,0x08,0x03,0xff,0x9a,0x93,0xdc,0xba,0x98,0x84,0xde,0xfd,0xa8,0x07,0xff,
0x21,0xba,0xd8,0x40,0x3f,0xc9,0x5f,0x02,0x01,0xff,0xc3,0x4d,0x91,0x00,0xff,0xe2,0x3f,0x30,0x07,0xff,0x06,0x2c,0x80,0x3f,
0xf9,0x13,0x60,0x1f,0xf5,0x38,0x07,0xff,0x2d,0x30,0x40,0x3f,0x5a,0x80,0x7f,0xf3,0x4f,0x00,0x3e,0x74,0x00,0xff,0xe7,0x95,
0x00,0x71,0xc0,0x07,0xff,0x45,0x54,0x01,0xa0,0x03,0xff,0xa7,0x00,0x11,0xa0,0x07,0xff,0x4c,0x94,0x01,0x40,0x1f,0xfd,0x59,
0x00,0x38,0x07,0xff,0x09,0xb3,0xb6,0x04,0x03,0xff,0x82,0x62,0x42,0x01,0xff,0xc1,0xa9,0x31,0x27,0xc1,0x00,0xff,0xe0,0xa3,
0x80,0x7f,0xf0,0x59,0x40,0x38,0x98,0x03,0xff,0x82,0x44,0x00,0xff,0xe0,0xd0,0x07,0xd2,0x01,0xff,0xc1,0xef,0x00,0xff,0xe0,
0x98,0x07,0xc2,0x01,0xff,0xc1,0x30,0x0f,0xfe,0x58,0x80,0x7f,0xf0,0x04,0x03,0xff,0x84,0x40,0x1f,0x84,0x03,0xff,0x83,0xe0,
0x1f,0xfc,0x15,0x00,0xf9,0x40,0x3f,0xf8,0x44,0x01,0xff,0xc1,0x82,0x00,0xe1,0x80,0x0f,0xfe,0x13,0x00,0x7f,0xf0,0xb1,0x84,
0x05,0x70,0x80,0x3f,0xf8,0x46,0x01,0xff,0xc2,0x19,0xef,0xea,0x20,0x0f,0xfe,0x22,0x80,0x7f,0xf6,0x38,0x03,0xff,0xb0,0x88,
0x00,0xff,0xec,0x48,0x07,0xff,0x60,0xa4,0x03,0xff,0xb0,0xcc,0x00,0xff,0xec,0x4b,0x00,0x7f,0xf6,0x26,0x40,0x1f,0xfd,0x86,
0xd4,0x00,0xff,0xe0,0x88,0x07,0xff,0x24,0xaf,0x18,0x40,0x3f,0x14,0x71,0x00,0x7f,0xf2,0x8e,0x7b,0x66,0x1d,0x9e,0x73,0x5c,
0x03,0xff,0x9e,0x4c,0xf1,0x30,0xc6,0x01,0xff,0xc6,0x1e,0xff,0xff,0xb8,0x40,0x3f,0xf9,0x4a,0x20,0x1f,0xf0,0xa8,0x07,0xff,
0x60,0xc0,0x3e,0x20,0x0f,0xfe,0x84,0x88,0x07,0x48,0x07,0xff,0x0d,0xc0,0x3f,0xf8,0x23,0xec,0x62,0x96,0xc0,0x1f,0xfc,0x11,
0x02,0x00,0xff,0xe1,0x0c,0xe7,0x5a,0x00,0x7f,0xf0,0x88,0x04,0x80,0x3f,0xfa,0xb8,0x00,0x40,0x0f,0xfe,0xa0,0xa0,0x02,0xc0,
0x3f,0xfa,0x8c,0x01,0x13,0x00,0x7f,0xf4,0x86,0x00,0x34,0x90,0x07,0xff,0x46,0x80,0x3d,0xe2,0x01,0xff,0xcf,0x94,0x00,0xf1,
0x79,0x00,0x7f,0xf3,0x69,0x80,0x3f,0x0e,0xb8,0x07,0xff,0x28,0xf5,0x40,0x3f,0xe8,0xd6,0x00,0xff,0xe3,0x1d,0xe1,0x00,0x7f,
0xf0,0x4a,0x7a,0x54,0x40,0x3f,0xe3,0x8d,0xc4,0x00,0xff,0xe2,0x8b,0x57,0x72,0xe6,0x23,0x4d,0xef,0xe3,0x90,0x07,0xf0,0x00,
0x00,0x00,0xcd,0x7d,0xfd,0x48,0x01,0xe1,0xd9,0x41,0x01,0x5b,0xa0,0x0c,0x38,0x40,0x1f,0x2d,0x80,0x50,0x40,0x1f,0xc8,0xa0,
0x06,0x00,0xff,0xa4,0x0c,0x03,0xff,0x80,0x60,0xc0,0x1f,0xfc,0x11,0x00,0xff,0xe1,0xb0,0x07,0xff,0x04,0x4c,0x03,0xff,0x80,
0x80,0x07,0x00,0xff,0xbc,0x01,0x04,0x01,0xfc,0xc8,0x01,0x61,0x80,0x7c,0xd2,0x01,0x87,0x25,0x04,0x05,0x72,0x40,0x3e,0x6b,
0xef,0xea,0x30,0x0f,0xff,0xf8,0x07,0xff,0xa5,0xaf,0xbf,0xa9,0x00,0x3c,0x3b,0x28,0x20,0x2b,0x74,0x01,0x87,0x08,0x03,0xe5,
0xb0,0x0a,0x08,0x03,0xf9,0x14,0x00,0xc0,0x1f,0xf4,0x81,0x80,0x7f,0xf0,0x0c,0x18,0x03,0xff,0x82,0x20,0x1f,0xfc,0x36,0x00,
0xff,0xe0,0x89,0x80,0x7f,0xf0,0x10,0x00,0xe0,0x1f,0xf7,0x80,0x20,0x80,0x3f,0x99,0x00,0x2c,0x30,0x0f,0x9a,0x40,0x30,0xe4,
0xa0,0x80,0xae,0x48,0x04,0x00,0x00,0x00,0xfc,0x2d,0x5b,0xfe,0xed,0xa5,0x00,0xff,0xe1,0x0c,0xf4,0xa9,0x00,0x04,0x96,0xb9,
0xc0,0x3f,0xe4,0xf6,0x00,0xff,0x0c,0x69,0x80,0x7e,0x6b,0x10,0x0f,0xfe,0x09,0x62,0x00,0x79,0x64,0x03,0xff,0x8b,0x66,0x01,
0x86,0x80,0x3f,0xf8,0xfc,0x01,0xac,0x03,0xff,0x90,0x50,0x00,0x25,0x00,0xff,0xe4,0xb8,0x02,0x80,0x3f,0xa3,0xbf,0x58,0x03,
0xf9,0x41,0x00,0x3f,0x5b,0x88,0x14,0xc0,0x07,0xef,0x03,0x00,0xf9,0x50,0x03,0x9c,0x80,0x3e,0x71,0x00,0xfd,0x80,0x1f,0x38,
0x07,0xc6,0x60,0x0f,0xfe,0x21,0x80,0x7c,0x26,0x01,0xfb,0x00,0x3e,0x40,0x0f,0x84,0x40,0x1f,0x95,0x00,0x39,0x88,0x03,0xe2,
0x03,0x00,0xfd,0x6e,0x20,0x53,0x20,0x0f,0xca,0x16,0x01,0xfd,0x1d,0xfa,0xc0,0x1f,0xd8,0x0c,0x01,0xff,0xca,0x15,0x01,0x60,
0x0f,0xfe,0x4c,0x80,0x50,0x20,0x1f,0xfc,0x72,0x70,0x08,0x68,0x03,0xff,0x8f,0xc0,0x1c,0x94,0x01,0xff,0xc5,0xb3,0x00,0xf2,
0xe0,0x80,0x7f,0xf0,0x4b,0x10,0x03,0xf1,0xf3,0x80,0x7f,0x85,0xf4,0xc0,0x3f,0xe8,0xe9,0x52,0x00,0x09,0x2d,0x74,0x00,0x78,
0x00,0x00,
};
static const lv_font_fmt_txt_glyph_dsc_t glyphs_black_72[]={{0,0,0,0,0,0},
{.bitmap_index=0,.adv_w=483,.box_w=28,.box_h=12,.ofs_x=1,.ofs_y=15},
{.bitmap_index=29,.adv_w=660,.box_w=38,.box_h=52,.ofs_x=2,.ofs_y=-1},
{.bitmap_index=372,.adv_w=410,.box_w=23,.box_h=50,.ofs_x=1,.ofs_y=0},
{.bitmap_index=467,.adv_w=664,.box_w=38,.box_h=51,.ofs_x=2,.ofs_y=0},
{.bitmap_index=853,.adv_w=640,.box_w=38,.box_h=51,.ofs_x=1,.ofs_y=-1},
{.bitmap_index=1249,.adv_w=738,.box_w=43,.box_h=50,.ofs_x=1,.ofs_y=0},
{.bitmap_index=1543,.adv_w=639,.box_w=37,.box_h=51,.ofs_x=2,.ofs_y=-1},
{.bitmap_index=1852,.adv_w=636,.box_w=38,.box_h=52,.ofs_x=1,.ofs_y=-1},
{.bitmap_index=2269,.adv_w=589,.box_w=37,.box_h=50,.ofs_x=0,.ofs_y=0},
{.bitmap_index=2607,.adv_w=640,.box_w=38,.box_h=52,.ofs_x=1,.ofs_y=-1},
{.bitmap_index=3075,.adv_w=618,.box_w=37,.box_h=52,.ofs_x=0,.ofs_y=-1},
{.bitmap_index=3481,.adv_w=439,.box_w=15,.box_h=37,.ofs_x=6,.ofs_y=0},
{.bitmap_index=3631,.adv_w=430,.box_w=26,.box_h=25,.ofs_x=0,.ofs_y=33}};
static const uint16_t unicode_black_72[]={0,3,4,5,6,7,8,9,10,11,12,13,131};
static const lv_font_fmt_txt_cmap_t cmap_black_72[]={{.range_start=45,.range_length=132,.glyph_id_start=1,.unicode_list=unicode_black_72,.list_length=13,.type=LV_FONT_FMT_TXT_CMAP_SPARSE_TINY}};
static const lv_font_fmt_txt_dsc_t dsc_black_72={.glyph_bitmap=bitmap_black_72,.glyph_dsc=glyphs_black_72,.cmaps=cmap_black_72,.cmap_num=1,.bpp=4,.bitmap_format=LV_FONT_FMT_TXT_COMPRESSED};
const lv_font_t font_wf_72={.get_glyph_dsc=lv_font_get_glyph_dsc_fmt_txt,.get_glyph_bitmap=lv_font_get_bitmap_fmt_txt,.line_height=59,.base_line=1,.dsc=&dsc_black_72,.user_data=(void *)font_license};
static const uint8_t bitmap_black_82[]={
0x00,0x09,0x17,0xff,0x3c,0x40,0x7b,0x9b,0xbf,0xfc,0xfe,0x52,0x10,0x0f,0xfe,0x8e,0x80,0x7f,0xff,0xc0,0x3f,0xff,0xe0,0x1f,
0xff,0xf0,0x0f,0xff,0xf8,0x07,0xff,0x20,0xc8,0x03,0xff,0xa3,0x80,0x00,0x00,0x00,0xff,0xe2,0x09,0xab,0x3b,0xcc,0xa6,0x20,
0x1f,0xfd,0x01,0x6b,0xee,0x65,0x4c,0x45,0x35,0x9d,0xca,0x61,0x00,0xff,0xe5,0x1d,0xf4,0xa0,0x80,0x7f,0xc2,0xb3,0xd4,0x60,
0x1f,0xfc,0x62,0xbc,0x40,0x0f,0xfe,0x3a,0xe5,0x08,0x07,0xff,0x0d,0xb5,0x00,0x3f,0xf9,0x6b,0xea,0x01,0xff,0xc1,0x99,0x00,
0x7f,0xf3,0x86,0xa0,0x03,0xfe,0x96,0x00,0xff,0xe8,0xbc,0x00,0x7f,0x43,0x00,0x7f,0xf4,0xdd,0xc0,0x1f,0x23,0x80,0x7f,0xf5,
0x60,0xc0,0x3d,0x20,0x1f,0xfd,0x7e,0x00,0xe7,0x20,0x0f,0xfe,0xb9,0x30,0x06,0x90,0x0f,0xfe,0xcd,0x80,0x48,0x20,0x1f,0xfd,
0x92,0x40,0x07,0x00,0x7f,0xf1,0x45,0x15,0x00,0x3f,0xf8,0xda,0x00,0x40,0x0f,0xfe,0x25,0x75,0xd5,0xfc,0x80,0x7f,0xf1,0x10,
0x04,0x40,0x1f,0xfc,0x3c,0x50,0x0e,0x6b,0x00,0xff,0xe1,0x90,0xa8,0x07,0xff,0x0d,0xcc,0x03,0xe4,0x60,0x0f,0xfe,0x1a,0x90,
0x07,0xff,0x0e,0x80,0x3f,0xa8,0x03,0xff,0x86,0x42,0x01,0xff,0xc3,0x20,0x0f,0xe3,0x00,0xff,0xe1,0x8f,0x80,0x7f,0xf0,0x84,
0x03,0xfe,0x10,0x0f,0xfe,0x17,0x80,0x7f,0xff,0xc0,0x3f,0xff,0xe0,0x1f,0xff,0xf0,0x0f,0xff,0xf8,0x07,0xff,0xfc,0x03,0xff,
0xfe,0x01,0xff,0xff,0x00,0xff,0xff,0x80,0x7f,0xff,0xc0,0x3f,0xff,0xe0,0x1f,0xff,0xf0,0x0f,0xfe,0xb7,0xf8,0x03,0xff,0x84,
0x20,0x1f,0xf0,0x80,0x7f,0xf0,0xc4,0x03,0xff,0x86,0x40,0x1f,0xc6,0x01,0xff,0xc3,0x22,0x00,0x7f,0xf0,0xe8,0x03,0xfa,0x80,
0x3f,0xf8,0x6c,0xa0,0x1f,0xfc,0x37,0x30,0x0f,0x8d,0x80,0x3f,0xf8,0x66,0x24,0x01,0xff,0xc3,0xc5,0x00,0xe6,0xc0,0x0f,0xfe,
0x19,0x00,0x10,0x03,0xff,0x89,0x5d,0x75,0x7d,0x20,0x1f,0xfc,0x45,0x00,0x68,0x07,0xff,0x14,0x51,0x50,0x40,0x3f,0xf8,0xb6,
0x00,0x42,0x00,0xff,0xec,0x99,0x80,0x2b,0x00,0xff,0xec,0xc8,0x06,0x62,0x00,0xff,0xeb,0x9a,0x80,0x77,0x00,0x7f,0xf5,0xf8,
0x03,0xc7,0x00,0x1f,0xfd,0x5a,0x20,0x0f,0x9d,0x80,0x3f,0xfa,0x70,0xa0,0x1f,0xd2,0xe0,0x1f,0xfd,0x18,0x70,0x0f,0xfa,0x24,
0x03,0xff,0x9c,0x36,0xe0,0x1f,0xfc,0x16,0xd4,0x00,0xff,0xe5,0xaf,0xa0,0x07,0xff,0x0c,0xaf,0x14,0x03,0xff,0x8e,0xbb,0x42,
0x01,0xff,0xc6,0x3a,0xe9,0x41,0x00,0xff,0x85,0x6b,0xa8,0x80,0x3f,0xf9,0x42,0xd7,0xdc,0xca,0x98,0x8a,0x6b,0x3b,0x94,0xa2,
0x01,0xff,0xc0,0x00,0x00,0x00,0xfc,0x75,0xdf,0xff,0xfc,0x27,0x00,0xf3,0x6e,0x28,0x80,0x7f,0xf0,0xb0,0x02,0x39,0xf9,0x20,
0x0f,0xfe,0x3a,0x66,0x18,0x03,0xff,0x92,0x36,0x60,0x1f,0xfc,0xb2,0x00,0xff,0xff,0x80,0x7f,0xff,0xc0,0x3f,0xff,0xe0,0x1f,
0x84,0x03,0x1b,0x4e,0x7a,0x00,0x7f,0xf0,0xca,0x65,0x9f,0x92,0xc6,0x01,0xff,0xc6,0x66,0x18,0x07,0xff,0xfc,0x03,0xff,0xfe,
0x01,0xff,0xff,0x00,0xff,0xff,0x80,0x7f,0xff,0xc0,0x3f,0xff,0xe0,0x1f,0xff,0xf0,0x0f,0xff,0xf8,0x07,0xff,0xfc,0x03,0xff,
0xfe,0x01,0xff,0xff,0x00,0xff,0xff,0x80,0x7f,0xff,0xc0,0x3f,0xfc,0x22,0x01,0xff,0xcd,0xc0,0x0f,0xfe,0x16,0x00,0x00,0x00,
0x00,0xff,0xe2,0x09,0xab,0x3b,0xcc,0xa4,0x01,0xff,0xd1,0x17,0xae,0xe6,0x54,0xc4,0x53,0x5b,0xfb,0x28,0x01,0xff,0xcb,0x5c,
0xe8,0x51,0x00,0xff,0x89,0xaf,0xa0,0x80,0x3f,0xf8,0xcb,0xb4,0x60,0x1f,0xfc,0x61,0x7d,0x81,0x00,0xff,0xe1,0x0d,0xd1,0x00,
0x7f,0xf2,0xdf,0xd0,0x03,0xff,0x80,0x7e,0x80,0x1f,0xfc,0xe1,0xb7,0x00,0xff,0x26,0x08,0x07,0xff,0x46,0x20,0x01,0xf8,0xec,
0x03,0xff,0xa8,0xee,0x00,0xfb,0x40,0x3f,0xfa,0xd0,0x60,0x1d,0x22,0x01,0xff,0xd7,0xe0,0x0c,0x4c,0x01,0xff,0xd8,0x26,0x00,
0xac,0x03,0xff,0xb5,0x00,0x13,0x80,0x7f,0xf6,0x85,0x00,0x84,0x03,0xff,0x8a,0x28,0xa8,0x01,0xff,0xc6,0xd0,0x70,0x0f,0xfe,
0x21,0x5f,0x5d,0x5f,0xc0,0x07,0xff,0x11,0x00,0x80,0x3f,0xf8,0x63,0x88,0x01,0xcf,0x60,0x1f,0xfc,0x32,0x0f,0x00,0xff,0xe1,
0xc0,0x80,0x7c,0x88,0x00,0xff,0xe1,0x88,0x07,0xff,0x11,0xc0,0x3f,0xb0,0x03,0xff,0x86,0x60,0x1f,0xfc,0x41,0x00,0xfe,0x10,
0x0f,0xfe,0xf6,0x80,0x7f,0xf0,0xcf,0x40,0x3f,0xf8,0x44,0x01,0xfc,0x48,0x01,0xff,0xc2,0x11,0x2f,0x6e,0xff,0xf0,0x80,0x3f,
0xb8,0x03,0xff,0x86,0xa0,0x01,0x22,0xff,0xe0,0x80,0x7f,0x39,0x80,0x7f,0xf0,0xf4,0x03,0xff,0x98,0x90,0x01,0xff,0xc4,0x70,
0x0f,0xfe,0x59,0x58,0x07,0xff,0x11,0x84,0x03,0xff,0x94,0x38,0x01,0xff,0xc5,0x80,0x0f,0xfe,0x50,0xe0,0x80,0x7f,0xf1,0x1c,
0x40,0x3f,0xf9,0x23,0x84,0x01,0xff,0xc4,0x28,0x00,0xff,0xe4,0x8e,0x10,0x07,0xff,0x17,0x80,0x3f,0xf9,0x23,0x84,0x01,0xff,
0xc5,0x83,0x00,0xff,0xe4,0x0e,0x10,0x07,0xff,0x15,0x5c,0x03,0xff,0x90,0x38,0x40,0x1f,0xfc,0x53,0xa0,0x0f,0xfe,0x40,0xe1,
0x00,0x7f,0xf1,0x4b,0x40,0x3f,0xf9,0x05,0x84,0x01,0xff,0xc5,0x2c,0x10,0x0f,0xfe,0x39,0x61,0x00,0x7f,0xf1,0x4b,0x04,0x03,
0xff,0x8e,0x58,0x20,0x1f,0xfc,0x52,0xc1,0x00,0xff,0xe3,0x96,0x08,0x07,0xff,0x14,0xf0,0x40,0x3f,0xf8,0xe5,0x82,0x01,0xff,
0xc5,0x3d,0x10,0x0f,0xfe,0x39,0x60,0x80,0x7f,0xf1,0x53,0x04,0x03,0xff,0x8e,0x58,0x20,0x1f,0xfc,0x55,0xb0,0x0f,0xfe,0x41,
0x60,0x80,0x7f,0xf1,0x5a,0x80,0x3f,0xf9,0x07,0x82,0x01,0xff,0xc5,0x89,0x00,0xff,0xe4,0x26,0x08,0x07,0xff,0x16,0x5c,0x03,
0xff,0x90,0xb6,0x01,0xff,0xc6,0xa6,0x00,0xff,0xe4,0x3d,0x00,0x7f,0xf1,0xa5,0xc8,0xbf,0xf8,0xa2,0x00,0x78,0x00,0xff,0xe3,
0xce,0xef,0xff,0x1b,0xa4,0x20,0x03,0xff,0xb8,0xa0,0x1f,0xff,0xf0,0x0f,0xff,0xf8,0x07,0xff,0xfc,0x03,0xff,0xfe,0x01,0xff,
0xff,0x00,0xff,0xf6,0x20,0x07,0xff,0x72,0xc0,0x00,0x00,0x00,0x2f,0xff,0xff,0x67,0x88,0x02,0xf0,0x0f,0xfe,0xc8,0xa0,0x07,
0xff,0xfc,0x03,0xff,0xfe,0x01,0xff,0xff,0x00,0xff,0xff,0x80,0x7f,0xff,0xc0,0x3f,0xfd,0xda,0x01,0xff,0xde,0x7e,0xdd,0xff,
0xe1,0xc0,0x07,0xff,0x24,0xc0,0x30,0x91,0x7f,0xf0,0x4e,0x20,0x01,0xff,0xc8,0x35,0x00,0xff,0xe2,0xaf,0xa8,0x07,0xff,0x21,
0xf0,0x03,0xff,0x88,0x35,0x41,0x00,0xff,0xe3,0x96,0x40,0x07,0xff,0x11,0x7d,0x40,0x3f,0xf9,0x0d,0xa6,0x01,0xff,0xc3,0x1a,
0xa0,0x80,0x7f,0xf1,0xc6,0xe4,0x03,0xff,0x88,0xbe,0xa0,0x1f,0xfc,0x85,0xe4,0x00,0xff,0xe1,0x8d,0x50,0x40,0x3f,0xf8,0xe3,
0x54,0x00,0xff,0xe2,0x0f,0xa8,0x07,0xff,0x28,0x84,0x03,0xff,0x8a,0x20,0x1f,0xfc,0xa1,0x8e,0x91,0x00,0xff,0xe1,0x0b,0x80,
0x7f,0xf3,0x5b,0xd0,0x03,0xff,0x85,0x06,0x01,0xff,0xcd,0x1b,0x50,0x0f,0xfe,0x17,0x00,0x7f,0xf3,0xe9,0x00,0x3f,0xf8,0x25,
0x20,0x1f,0xfc,0xfa,0x10,0x0f,0xfe,0x0b,0x28,0x07,0xff,0x38,0x68,0x03,0xff,0x85,0x62,0x01,0xff,0xce,0x44,0x00,0x7f,0xf0,
0x46,0x80,0x3e,0x57,0x61,0x00,0xff,0xe2,0x78,0x07,0xff,0x09,0x1c,0x03,0x2f,0x54,0x4f,0x30,0x07,0xff,0x0d,0x04,0x03,0xff,
0x85,0x04,0x03,0x54,0x10,0x0d,0x2a,0x01,0xff,0xc3,0x60,0x0f,0xfe,0x1f,0xbf,0xa8,0x07,0xd6,0x01,0xff,0xc3,0xc0,0x0f,0xfe,
0x19,0x40,0x80,0x7e,0x14,0x00,0xff,0xe1,0x20,0x07,0xff,0x3f,0x00,0x3f,0xf8,0x64,0x01,0xff,0xce,0x30,0x0f,0xfe,0x1b,0x00,
0x7f,0xf3,0x9c,0x03,0xff,0x86,0x21,0x37,0x7f,0xfc,0x19,0x00,0xff,0xe7,0xa3,0x22,0x7f,0xf0,0x59,0x80,0x1f,0xce,0x01,0xff,
0xc4,0x60,0x0f,0xfe,0x1f,0x80,0x7f,0x18,0x07,0xff,0x0c,0x4c,0x03,0xff,0x86,0x80,0x1f,0xd8,0x01,0xff,0xc3,0x61,0x10,0x07,
0xff,0x08,0x88,0x01,0xf1,0x20,0x07,0xff,0x0c,0x81,0x40,0x3f,0xf8,0x72,0x01,0xf4,0x80,0x7f,0xf0,0xd0,0x01,0xa0,0x1f,0xfc,
0x34,0xa1,0x00,0x86,0xd0,0x03,0xff,0x87,0x80,0x07,0x00,0xff,0xe2,0x2f,0x5d,0x5f,0x20,0x07,0xff,0x11,0x40,0x02,0x80,0x1f,
0xfc,0x54,0x54,0x00,0xff,0xe2,0x99,0x00,0x50,0x01,0xff,0xd9,0x90,0x0c,0x6a,0x01,0xff,0xd7,0x25,0x00,0xe8,0x00,0xff,0xeb,
0xc8,0x07,0x8a,0x80,0x3f,0xfa,0xac,0x80,0x1f,0x2b,0x00,0x7f,0xf4,0xca,0x40,0x3f,0xa5,0x40,0x3f,0xfa,0x25,0x80,0x1f,0xf5,
0x30,0x07,0xff,0x3c,0xf0,0x40,0x3f,0xf8,0x13,0x40,0x1f,0xfc,0xd7,0xc1,0x00,0xff,0xe1,0x2e,0xa8,0x07,0xff,0x24,0xae,0x00,
0x3f,0xf8,0xa5,0x58,0x80,0x1f,0xfc,0x53,0xad,0x40,0x0f,0xfe,0x41,0xdf,0x4a,0x08,0x07,0xf8,0xdf,0x71,0x40,0x3f,0xf9,0x82,
0xd7,0xdb,0x73,0x11,0x4d,0x6f,0xe4,0x10,0x07,0xff,0x04,0x00,0x00,0x00,0xff,0xe1,0x1f,0x7f,0xff,0xf0,0xa4,0x03,0xff,0xa9,
0xe2,0x01,0xff,0xe2,0x33,0x00,0x7f,0xf0,0xe8,0x03,0xff,0xa7,0x20,0x1f,0xfc,0x33,0x30,0x07,0xff,0x48,0x54,0x03,0xff,0x87,
0x20,0x1f,0xfd,0x39,0x00,0xff,0xe1,0x8a,0x80,0x7f,0xf4,0xd8,0x03,0xff,0x86,0xc0,0x1f,0xfd,0x36,0x10,0x0f,0xfe,0x1c,0x80,
0x7f,0xf4,0xe8,0x03,0xff,0x86,0xa2,0x01,0xff,0xd2,0x33,0x00,0x7f,0xf0,0xe4,0x03,0xff,0xa7,0x20,0x1f,0xfc,0x33,0x30,0x07,
0xff,0x48,0x94,0x03,0xff,0x87,0x40,0x1f,0xfd,0x3a,0x00,0xff,0xe1,0x8b,0x00,0x7f,0xf4,0xdc,0x03,0xff,0x86,0xc0,0x1f,0xfd,
0x36,0x00,0xff,0xe2,0x48,0x07,0xff,0x4e,0xc0,0x3f,0xf8,0x6a,0x20,0x1f,0xfd,0x24,0x20,0x0f,0xfe,0x1f,0x00,0x7f,0xf4,0xfc,
0x03,0xff,0x86,0x48,0x01,0xff,0xd2,0x24,0x00,0xff,0xe1,0xd8,0x07,0xff,0x4e,0xc0,0x3f,0xf8,0x62,0xc0,0x1f,0xfd,0x21,0x60,
0x0f,0xfe,0x1b,0x00,0x75,0x7f,0xff,0xf0,0x78,0xc0,0x3f,0xcc,0x01,0xff,0xc4,0xa0,0x0e,0x50,0x0f,0xfe,0x08,0xa8,0x07,0xfa,
0x40,0x3f,0xf8,0x68,0x40,0x1f,0xfc,0x81,0x00,0xfe,0x51,0x00,0xff,0xe1,0xf8,0x07,0xff,0x4e,0x40,0x3f,0xf8,0x64,0x80,0x1f,
0xfd,0x23,0x30,0x07,0xff,0x0e,0xc0,0x3f,0xfa,0x72,0x01,0xff,0xc4,0x60,0x0f,0xfe,0x90,0xa8,0x07,0xff,0x0d,0x80,0x3f,0xfa,
0x72,0x01,0xff,0xc4,0xb0,0x0f,0xfe,0x9b,0x00,0x7f,0xf0,0xc8,0x08,0xbf,0x00,0x7f,0xf0,0xfc,0x8a,0x10,0x03,0x08,0x07,0xff,
0x0c,0xb7,0x7f,0x80,0x3f,0xf8,0x6f,0xbb,0x72,0x05,0x80,0x7f,0xf8,0x8c,0x48,0x03,0xff,0xc6,0x40,0x1f,0xff,0xf0,0x0f,0xff,
0xf8,0x07,0xff,0xfc,0x03,0xff,0xfe,0x01,0xff,0xff,0x00,0xff,0xfa,0x99,0x00,0x7f,0xf8,0x90,0x37,0xff,0xff,0x9c,0x01,0xff,
0xc3,0x8f,0xfc,0x60,0x1f,0xff,0xf0,0x0f,0xff,0xf8,0x07,0xff,0xfc,0x03,0xff,0xfe,0x01,0xff,0xff,0x00,0xff,0xff,0x80,0x7f,
0xff,0xc0,0x3f,0xfd,0xa2,0x01,0xff,0xd5,0x50,0x0f,0xfe,0x08,0xa8,0x07,0x00,0x00,0x00,0x5f,0xff,0xfe,0xd5,0x00,0x30,0x03,
0xff,0xb4,0xa0,0x03,0x00,0xff,0xff,0x80,0x7f,0xff,0xc0,0x3f,0xff,0xe0,0x1f,0xff,0xf0,0x0f,0xff,0xf8,0x07,0xff,0xfc,0x03,
0xf1,0x80,0x7f,0xf1,0x4b,0x77,0xff,0x95,0xd8,0x01,0xff,0xc5,0x12,0x2f,0xfe,0x50,0x80,0x7f,0xff,0xc0,0x3f,0xff,0xe0,0x1f,
0xfd,0xb3,0x8b,0xef,0xf7,0x6d,0xc2,0x00,0x7f,0xf4,0x05,0xb7,0x1d,0x04,0x00,0x24,0x8f,0x7d,0x24,0x01,0xff,0xcd,0x29,0x20,
0x0f,0xf8,0x5b,0x64,0x40,0x3f,0xfb,0x8d,0xe6,0x01,0xff,0xdc,0x1c,0x60,0x0f,0xfe,0xec,0xb8,0x07,0xff,0x76,0x18,0x03,0xff,
0xbb,0x24,0x01,0xff,0xdd,0xf0,0x0f,0xfe,0xe9,0x30,0x07,0xff,0x76,0x00,0x3f,0xfb,0xa2,0xa0,0x1f,0xfd,0xde,0x00,0xff,0xe3,
0x94,0x66,0xd1,0x00,0x7f,0xf1,0x10,0x03,0xff,0x8c,0xda,0xe6,0x4b,0xaa,0x01,0xff,0xc4,0x43,0x00,0xff,0xe1,0xa4,0x80,0x7a,
0x88,0x03,0xff,0x86,0x76,0xcd,0xff,0xc2,0x7a,0x00,0xfd,0x60,0x1f,0xfc,0x3e,0x29,0x9f,0xfe,0x14,0x08,0x07,0xe4,0x00,0xff,
0xe1,0x90,0x07,0xff,0x34,0x80,0x3f,0xf8,0x6e,0x01,0xff,0xdf,0x23,0x3f,0xfe,0x01,0x08,0x07,0xf0,0x80,0x7f,0xf0,0xde,0x37,
0x33,0xff,0x81,0xbc,0x20,0x1f,0x90,0x03,0xff,0x86,0x20,0x1f,0xfc,0x48,0x00,0xfd,0xc0,0x1f,0xfc,0x3d,0xd0,0x07,0xff,0x0d,
0x8c,0x03,0xca,0x80,0x1f,0xfc,0x32,0x70,0x0f,0xfe,0x26,0xa0,0x06,0x6a,0x00,0xff,0xe2,0x21,0x10,0x03,0xff,0x86,0x37,0xb5,
0x7d,0x20,0x1f,0xfc,0x43,0x10,0x50,0x0f,0xfe,0x29,0x2a,0x08,0x07,0xff,0x16,0x80,0x14,0x01,0xff,0xd9,0x16,0x00,0x13,0x80,
0x7f,0xf6,0x24,0x03,0x48,0x80,0x7f,0xf5,0x85,0xc0,0x30,0xd0,0x07,0xff,0x5b,0x40,0x3c,0x8e,0x01,0xff,0xd4,0x83,0x00,0xfa,
0x18,0x03,0xff,0xa5,0x0e,0x01,0xfd,0x2e,0x01,0xff,0xd0,0x97,0x00,0xff,0xa2,0x84,0x03,0xff,0x98,0x58,0xc0,0x1f,0xfc,0x15,
0xf5,0x00,0xff,0xe5,0x3e,0x98,0x07,0xff,0x0c,0x6b,0x54,0x03,0xff,0x8c,0xdd,0x00,0x1f,0xfc,0x72,0xaf,0xa5,0x10,0x0f,0xf1,
0x2d,0xfc,0x88,0x07,0xff,0x2d,0x6b,0xb9,0x75,0x31,0x09,0xac,0xed,0xa4,0x00,0xff,0xe0,0x80,0x00,0x00,0x00,0xff,0xe1,0x92,
0x33,0x1d,0xe6,0x53,0x10,0x0f,0xfe,0x79,0xc6,0x7e,0xdc,0xca,0x22,0x9a,0xce,0xda,0x50,0x0f,0xfe,0x48,0xbe,0xe3,0x98,0x07,
0xff,0x00,0x96,0xbe,0x8c,0x03,0xff,0x8b,0x1d,0x04,0x01,0xff,0xc7,0x5c,0xb2,0x00,0xff,0xe0,0x9e,0xb8,0x07,0xff,0x31,0x35,
0x80,0x3f,0xe5,0xc2,0x00,0xff,0xe7,0xcc,0x80,0x3f,0x92,0x80,0x3f,0xfa,0x4d,0x20,0x1f,0x15,0x80,0x7f,0xf5,0x19,0xc0,0x3d,
0xc0,0x1f,0xfd,0x68,0x20,0x0c,0xc6,0x01,0xff,0xd7,0x90,0x0d,0x60,0x1f,0xfd,0x84,0x20,0x01,0x90,0x07,0xff,0x65,0x40,0x0a,
0x01,0xff,0xda,0xc0,0x06,0x00,0x7f,0xf1,0x45,0x14,0xc0,0x3f,0xf8,0xaa,0x00,0x10,0x0f,0xfe,0x24,0xf5,0xd6,0x69,0x00,0x7f,
0xf0,0xc4,0x00,0xe0,0x1f,0xfc,0x3a,0x60,0x0c,0x58,0x20,0x1f,0xfd,0x42,0x50,0x0f,0x0b,0x00,0x7f,0xf0,0xc4,0x03,0xff,0x88,
0xe0,0x1f,0xb4,0x03,0xff,0xba,0x20,0x1f,0xfc,0x31,0x00,0xff,0xe6,0xa5,0xd5,0x7f,0xf0,0x74,0x03,0xff,0x9e,0x8a,0xbf,0xfc,
0x12,0x00,0xff,0xe4,0x0b,0x56,0xf7,0xfb,0xb2,0x54,0x40,0x3f,0xfa,0x03,0x3d,0x2a,0x42,0x00,0x13,0x6a,0xeb,0x40,0x0f,0xfe,
0x6a,0x73,0x00,0x7f,0xf0,0x12,0xec,0x60,0x1f,0xfc,0xb1,0x00,0xff,0xe2,0x26,0x38,0x07,0xff,0x76,0x2c,0x03,0xff,0xba,0x96,
0x01,0xff,0xdd,0x4a,0x00,0xff,0xee,0xab,0x00,0x7f,0xf7,0x64,0x40,0x3f,0xfb,0xb6,0x01,0xff,0xdd,0x52,0x00,0xff,0xee,0xd0,
0x07,0xff,0x75,0x40,0x3f,0xf8,0xed,0x7b,0xaa,0x40,0x0f,0xfe,0x21,0x08,0x07,0xff,0x17,0x25,0x08,0x8b,0x70,0x01,0xff,0xc4,
0x50,0x0f,0xfe,0x24,0x98,0x07,0x9d,0x00,0x3f,0xf8,0x64,0x01,0xff,0xc4,0x60,0x0f,0xde,0x01,0xff,0xc3,0x10,0x0f,0xfe,0x19,
0x80,0x7f,0x20,0x07,0xff,0x0f,0xc0,0x3f,0xf8,0x6e,0x01,0xfe,0x10,0x0f,0xfe,0x1b,0x80,0x7f,0xf0,0x9c,0x03,0xfc,0x20,0x1f,
0xfc,0x2f,0x10,0x0f,0xfe,0x11,0x80,0x7f,0x10,0x07,0xff,0x0c,0x48,0x03,0xff,0x86,0x80,0x1f,0xa8,0x03,0xff,0x86,0x5a,0x01,
0xff,0xc3,0x90,0x0f,0x8d,0xc0,0x3f,0xf8,0x6c,0xe0,0x1f,0xfc,0x32,0xb2,0x00,0xcb,0xa0,0x1f,0xfc,0x31,0x22,0x80,0x3f,0xf8,
0x69,0xb9,0x57,0xd4,0x20,0x1f,0xfc,0x34,0x00,0x50,0x07,0xff,0x14,0xd5,0x04,0x03,0xff,0x8b,0xc0,0x06,0x00,0xff,0xec,0x92,
0x00,0x05,0xc0,0x3f,0xfb,0x10,0x01,0xa4,0x40,0x3f,0xfa,0xc6,0xa0,0x18,0x68,0x03,0xff,0xad,0xc0,0x1e,0x47,0x00,0xff,0xea,
0x51,0x00,0x7d,0x0c,0x01,0xff,0xd2,0xa5,0x00,0xfe,0x97,0x00,0xff,0xe8,0x52,0x80,0x7f,0xd1,0x42,0x01,0xff,0xcc,0x3d,0x50,
0x0f,0xfe,0x0a,0xfa,0x80,0x7f,0xf2,0x46,0x30,0x80,0x3f,0xf8,0x63,0x5a,0xa0,0x1f,0xfc,0x51,0x8e,0x70,0x0f,0xfe,0x39,0x57,
0x4a,0x08,0x07,0xf8,0x9a,0xf9,0xc0,0x3f,0xf9,0x62,0xd7,0xdc,0xba,0x98,0x84,0xd6,0x7e,0xca,0x00,0x7f,0xf0,0x40,0x00,0x00,
0x0d,0xff,0xff,0xed,0x68,0x11,0x00,0x3f,0xfb,0x44,0x41,0x00,0xff,0xff,0x80,0x7f,0xff,0xc0,0x3f,0xff,0xe0,0x1f,0xff,0xf0,
0x0f,0xff,0xf8,0x07,0xff,0xfc,0x03,0xfe,0x70,0x0f,0xfe,0x05,0x6e,0xff,0xa4,0x03,0xff,0x86,0x24,0x01,0xff,0xc1,0x62,0x2f,
0xf7,0x80,0x7f,0xf0,0xdc,0x03,0xff,0x9a,0xc0,0x1f,0xfc,0x3a,0x00,0xff,0xe6,0x30,0x07,0xff,0x0c,0xcc,0x0e,0x01,0xff,0xc0,
0x10,0x0f,0xea,0x00,0xff,0xe1,0xd0,0x00,0xee,0x67,0xfd,0x64,0x01,0xf8,0xcc,0x01,0xff,0xc3,0x60,0x09,0x19,0xbf,0xc8,0x01,
0xfd,0x40,0x1f,0xfc,0x36,0x00,0xff,0xe6,0xb0,0x07,0xff,0x0e,0x80,0x3f,0xf9,0x8c,0x01,0xff,0xc3,0x33,0x00,0x7f,0xf3,0x2c,
0x03,0xff,0x87,0x40,0x1f,0xfc,0xc3,0x20,0x0f,0xfe,0x1b,0x00,0x7f,0xf3,0x24,0x03,0xff,0x86,0xc0,0x1f,0xfc,0xc1,0x50,0x0f,
0xfe,0x1d,0x00,0x7f,0xf3,0x18,0x03,0xff,0x86,0x66,0x00,0xff,0xe6,0x50,0x07,0xff,0x0e,0x80,0x3f,0xf9,0x88,0x40,0x1f,0xfc,
0x36,0x00,0xff,0xe6,0x70,0x07,0xff,0x0d,0x80,0x3f,0xf9,0x82,0xa0,0x1f,0xfc,0x3a,0x00,0xff,0xe6,0x30,0x07,0xff,0x0c,0xcc,
0x01,0xff,0xcc,0xa0,0x0f,0xfe,0x1d,0x00,0x7f,0xf3,0x10,0x80,0x3f,0xf8,0x6c,0x01,0xff,0xcc,0xe0,0x0f,0xfe,0x1b,0x00,0x7f,
0xf3,0x05,0x40,0x3f,0xf8,0x74,0x01,0xff,0xcc,0x60,0x0f,0xfe,0x19,0x18,0x07,0xff,0x32,0x40,0x3f,0xf8,0x76,0x01,0xff,0xcc,
0x41,0x00,0xff,0xe1,0xb0,0x07,0xff,0x33,0xc0,0x3f,0xf8,0x6c,0x01,0xff,0xcc,0x14,0x00,0xff,0xe1,0xd0,0x07,0xff,0x32,0x40,
0x3f,0xf8,0x64,0x60,0x1f,0xfc,0xc6,0x00,0xff,0xe1,0xd8,0x07,0xff,0x31,0x44,0x03,0xff,0x86,0xc0,0x1f,0xfc,0xce,0x00,0xff,
0xe1,0xb0,0x07,0xff,0x30,0x90,0x03,0xff,0x87,0x40,0x1f,0xfc,0xca,0x00,0xff,0xe1,0x91,0x80,0x7f,0xf3,0x18,0x03,0xff,0x87,
0x60,0x1f,0xfc,0xc5,0x10,0x0f,0xfe,0x1b,0x80,0x7f,0xf3,0x38,0x03,0xff,0x86,0xa2,0x01,0xff,0xcb,0x24,0x00,0xff,0xe1,0xc8,
0x07,0xff,0x32,0x80,0x3f,0xf8,0x64,0x60,0x1f,0xfc,0xc6,0x00,0xff,0xe1,0xd8,0x07,0xff,0x31,0x44,0x03,0xff,0x86,0xe0,0x1f,
0xfc,0xc9,0x00,0xff,0xe1,0xa8,0x80,0x7f,0xf2,0xc8,0xc0,0x3f,0xf8,0x72,0x01,0xff,0xdc,0x63,0x00,0xff,0xe2,0x80,0x00,0x00,
0x00,0xff,0xe2,0x92,0x33,0xbc,0xcc,0x41,0x00,0xff,0xe8,0x9c,0x67,0xed,0xcc,0x45,0x32,0xbe,0xe5,0xb0,0x80,0x7f,0xf2,0xdf,
0x71,0xcc,0x03,0xfe,0x14,0x9e,0xb4,0x00,0xff,0xe3,0xbf,0x41,0x00,0x7f,0xf1,0x92,0xf0,0xc0,0x3f,0xf8,0x65,0xb0,0x20,0x1f,
0xfc,0xa3,0xc8,0x00,0xff,0xe0,0xa6,0x90,0x07,0xff,0x39,0xec,0x40,0x3f,0xcb,0x60,0x1f,0xfd,0x14,0xd1,0x00,0xfc,0x74,0x01,
0xff,0xd3,0x3a,0x00,0xfd,0xc0,0x1f,0xfd,0x54,0x70,0x0f,0x49,0x00,0x7f,0xf5,0xa0,0x80,0x30,0xb0,0x07,0xff,0x62,0x00,0x34,
0x80,0x7f,0xf6,0x54,0x80,0x25,0x00,0xff,0xed,0x28,0x00,0x88,0x01,0xff,0xc5,0x35,0x42,0x00,0xff,0xe2,0xd8,0x01,0xc0,0x3f,
0xf8,0x8d,0xf9,0x57,0xb8,0x60,0x1f,0xfc,0x33,0x00,0x10,0x07,0xff,0x0d,0xa4,0x03,0x8f,0x0c,0x03,0xff,0x86,0x41,0xe0,0x1f,
0xfc,0x38,0x00,0xfd,0xe0,0x1f,0xfc,0x31,0x01,0x00,0xff,0xe1,0x18,0x80,0x7e,0x30,0x0f,0xfe,0x1b,0x80,0x7f,0xf3,0xc4,0x03,
0xff,0x84,0xe1,0xc0,0x1f,0xfc,0x21,0x00,0xff,0x08,0x07,0xff,0x08,0x40,0xc0,0x3f,0xf8,0x44,0x60,0x1f,0x98,0x03,0xff,0x86,
0x40,0xa0,0x1f,0xfc,0x3e,0x10,0x0f,0x14,0x00,0x7f,0xf0,0x94,0x00,0x28,0x01,0xff,0xc2,0x2f,0x62,0x00,0x1c,0x68,0x80,0x7f,
0xf0,0xbc,0x02,0xf0,0x0f,0xfe,0x18,0xce,0xff,0xb1,0xc0,0x3f,0xf8,0x64,0xa0,0x12,0x20,0x03,0xff,0xb1,0x00,0x1d,0x20,0x1f,
0xfd,0x77,0x50,0x0e,0x2b,0x00,0xff,0xea,0xac,0x00,0x7c,0x94,0x01,0xff,0xd3,0x5a,0x00,0xfe,0x60,0x0f,0xfe,0xe9,0xe0,0x07,
0xff,0x4d,0x6c,0x03,0xe1,0xd0,0x0f,0xfe,0xaa,0x48,0x07,0xa8,0x40,0x3f,0xfa,0xcc,0x80,0x19,0x10,0x01,0xff,0xd8,0x80,0x0d,
0xe0,0x1f,0xfc,0x46,0xcf,0xeb,0x50,0x0f,0xfe,0x19,0xa0,0x00,0x50,0x03,0xff,0x87,0x72,0x60,0x29,0x50,0x01,0xff,0xc3,0xe0,
0x03,0x80,0x7f,0xf0,0xd9,0x00,0x3c,0xe8,0x01,0xff,0xc2,0x50,0x06,0x00,0x7f,0xf0,0xec,0x03,0xf7,0x00,0x7f,0xf0,0xcc,0x1c,
0x03,0xff,0x84,0x24,0x01,0xf9,0x40,0x3f,0xf8,0x6a,0x04,0x01,0xff,0xc2,0x20,0x0f,0xfe,0x6f,0x80,0x7f,0xf1,0x1c,0x03,0xfc,
0x20,0x1f,0xfc,0x23,0x10,0x0f,0xfe,0x1b,0x00,0x7f,0x84,0x03,0xff,0xa6,0x40,0x1f,0xc4,0x01,0xff,0xc4,0x10,0x0f,0xfe,0x22,
0x80,0x7e,0xa0,0x0f,0xfe,0x19,0x81,0x00,0x7f,0xf0,0xe0,0x03,0xe2,0x70,0x0f,0xfe,0x1f,0x03,0x80,0x7f,0xf0,0xcb,0x08,0x03,
0x26,0x00,0x7f,0xf1,0x0c,0x30,0x03,0xff,0x88,0x7b,0x95,0x4d,0xb1,0x00,0xff,0xe2,0x20,0x38,0x07,0xff,0x18,0xd5,0x44,0x01,
0xff,0xc5,0x50,0x00,0xa0,0x07,0xff,0x6b,0x80,0x28,0x00,0xff,0xec,0x9a,0x00,0x46,0xa0,0x1f,0xfd,0x8f,0x00,0xeb,0x00,0xff,
0xeb,0xb9,0x80,0x70,0xd8,0x07,0xff,0x55,0x20,0x03,0xe4,0x90,0x0f,0xfe,0x99,0xd8,0x07,0xf3,0x50,0x07,0xff,0x45,0x30,0x03,
0xfe,0x5c,0x20,0x0f,0xfe,0x73,0xd8,0x07,0xff,0x04,0xf6,0x00,0x3f,0xf9,0x67,0x90,0x01,0xff,0xc4,0x7f,0x82,0x00,0xff,0xe3,
0x25,0xe1,0x80,0x7f,0xf1,0xdf,0x72,0x0c,0x03,0xff,0x80,0x93,0xb6,0x80,0x1f,0xfc,0xb3,0x7c,0xfd,0xb9,0x94,0x42,0x6a,0xfb,
0xed,0x88,0x03,0xff,0x80,0x00,0x00,0x00,0xff,0xe2,0x9a,0xb3,0xb9,0x95,0x04,0x03,0xff,0xa2,0x73,0xbf,0x95,0x31,0x09,0xab,
0xee,0x5b,0x08,0x07,0xff,0x2d,0xfb,0x18,0x80,0x3f,0xc2,0x93,0xd4,0x40,0x1f,0xfc,0x77,0xe8,0x10,0x0f,0xfe,0x2a,0xed,0x08,
0x07,0xff,0x0c,0xb2,0x04,0x03,0xff,0x92,0xbe,0xa0,0x1f,0xfc,0x14,0xd3,0x00,0xff,0xe6,0x0d,0x48,0x07,0xfc,0xb6,0x01,0xff,
0xd0,0x6a,0x00,0xfe,0x4a,0x00,0xff,0xe9,0x2c,0x80,0x7c,0x54,0x01,0xff,0xd4,0x65,0x00,0xf7,0x08,0x07,0xff,0x56,0x84,0x03,
0x29,0x80,0x7f,0xf5,0xe0,0x03,0x40,0x07,0xff,0x61,0x88,0x00,0x84,0x01,0xff,0xd9,0xa0,0x06,0x80,0x7f,0xf1,0x45,0x14,0xc0,
0x3f,0xf8,0xac,0x00,0x70,0x0f,0xfe,0x25,0x75,0xd6,0x72,0x00,0x7f,0xf0,0xc4,0x84,0x40,0x1f,0xfc,0x3c,0x50,0x0c,0x36,0x60,
0x1f,0xfc,0x34,0x50,0x0f,0xfe,0x1b,0x98,0x07,0xde,0x01,0xff,0xc3,0xf2,0x00,0xff,0xe1,0xd0,0x07,0xe3,0x10,0x0f,0xfe,0x11,
0x08,0x07,0xff,0x0c,0x80,0x3f,0x94,0x03,0xff,0x84,0xfe,0x01,0xff,0xc2,0x10,0x0f,0xfe,0x77,0x80,0x7f,0xf0,0x84,0x03,0xfc,
0xe0,0x1f,0xfc,0x21,0x00,0xff,0xe2,0x20,0x07,0xf1,0x80,0x7f,0xf0,0xc8,0x03,0xff,0x87,0xe0,0x1f,0x98,0x03,0xff,0x88,0xc0,
0x1f,0xfc,0x34,0x80,0x0f,0x1c,0x00,0x7f,0xf1,0x08,0x03,0xff,0x88,0xf6,0xa4,0x44,0x9c,0x10,0x0f,0xfe,0x20,0x98,0x07,0xff,
0x11,0x2b,0x75,0x6c,0x01,0xff,0xc7,0x40,0x0f,0xfe,0xec,0x80,0x7f,0xf7,0x45,0x80,0x3f,0xfb,0xb0,0x01,0xff,0xdd,0x19,0x00,
0xff,0xee,0xb3,0x00,0x3f,0xfb,0xb2,0x80,0x1f,0xfd,0xdb,0x40,0x0f,0xfe,0xed,0xc0,0x07,0xff,0x75,0xf1,0x00,0x3f,0xfb,0x87,
0x76,0x40,0x0f,0xfe,0x02,0x6b,0x00,0x7f,0xf3,0x52,0xfa,0x98,0xc4,0x00,0x24,0xb1,0xb6,0x40,0x1f,0xfd,0x01,0x59,0xce,0xff,
0x76,0xd3,0x90,0x07,0xff,0x20,0x95,0x7f,0xf8,0x28,0x01,0xff,0xcf,0xca,0xaf,0xfe,0x0d,0xa0,0x07,0xff,0x38,0x40,0x3f,0xf8,
0x44,0x01,0xff,0xdd,0xf0,0x0f,0xca,0x01,0xff,0xd4,0x61,0x00,0xf2,0x98,0x07,0xff,0x08,0x40,0x3f,0xf8,0xd8,0x40,0x19,0xa8,
0x03,0xff,0x86,0xe0,0x01,0x00,0xff,0xe1,0x96,0xe5,0x53,0xa4,0x03,0xff,0x88,0x20,0x05,0x00,0xff,0xe2,0x9a,0xa8,0x40,0x3f,
0xf8,0xba,0x00,0xc0,0x0f,0xfe,0xd2,0x00,0x18,0x03,0xff,0xb2,0x46,0x00,0x15,0x00,0xff,0xec,0x58,0x06,0x80,0x0f,0xfe,0xb9,
0x30,0x06,0x28,0x00,0xff,0xeb,0x70,0x07,0x9d,0x80,0x3f,0xfa,0x94,0x60,0x1f,0x4b,0x00,0x7f,0xf4,0xa9,0x40,0x3f,0xa6,0x40,
0x1f,0xfc,0xf2,0xc5,0x00,0xff,0x9b,0x50,0x03,0xff,0x98,0xfa,0x60,0x1f,0xfc,0x12,0xbc,0x50,0x0f,0xfe,0x38,0xbf,0x40,0x07,
0xff,0x14,0xeb,0xe9,0x48,0x03,0xff,0x80,0x6f,0x7d,0x02,0x01,0xff,0xc9,0x5a,0xde,0xca,0x98,0x8a,0x65,0x7b,0xf9,0x08,0x01,
0xff,0x00,0x00,0x00,0x00,0xc5,0x1b,0xdf,0xd6,0xc0,0x1f,0x46,0xb9,0x08,0x0a,0x4e,0x90,0x06,0xa7,0x00,0xfc,0x5a,0x40,0x06,
0x50,0x0f,0xfb,0xc0,0x10,0x01,0xff,0xc0,0x26,0x31,0x00,0xff,0xe0,0xeb,0x00,0x7f,0xf0,0x98,0xc0,0x3f,0xf8,0x46,0x60,0x0f,
0xfe,0x11,0xb0,0x07,0xff,0x09,0xcc,0x80,0x3f,0xf8,0x3e,0x10,0x01,0xff,0xc0,0x35,0x05,0x60,0x0f,0xf0,0xe8,0x05,0x2e,0x01,
0xf8,0xfc,0x40,0x34,0x6b,0x90,0x00,0x56,0xb0,0x40,0x3c,0x51,0xbf,0xee,0xa5,0x00,0xff,0xff,0x80,0x7f,0xff,0xc0,0x3f,0xfa,
0xc5,0x1b,0xdf,0xd6,0xc0,0x1f,0x46,0xb9,0x08,0x0a,0x4e,0x90,0x06,0xa7,0x00,0xfc,0x5a,0x40,0x06,0x50,0x0f,0xfb,0xc0,0x10,
0x01,0xff,0xc0,0x26,0x31,0x00,0xff,0xe0,0xeb,0x00,0x7f,0xf0,0x98,0xc0,0x3f,0xf8,0x46,0x60,0x0f,0xfe,0x11,0xb0,0x07,0xff,
0x09,0xcc,0x80,0x3f,0xf8,0x3e,0x10,0x01,0xff,0xc0,0x35,0x05,0x60,0x0f,0xf0,0xe8,0x05,0x2e,0x01,0xf8,0xfc,0x40,0x34,0x6b,
0x90,0x00,0x56,0xb0,0x40,0x00,0x00,0x00,0x00,0xfe,0x38,0xbe,0xff,0x76,0xd3,0x08,0x07,0xff,0x11,0x77,0x1d,0x04,0x00,0x24,
0xb3,0xd4,0x40,0x1f,0xfc,0x02,0xca,0x20,0x0f,0xf9,0x76,0x00,0x3f,0xc9,0xa6,0x01,0xff,0xc3,0x7c,0x10,0x0f,0x96,0xc0,0x3f,
0xf8,0xc7,0x82,0x01,0xc7,0x40,0x1f,0xfc,0x82,0xa0,0x0e,0xe0,0x0f,0xfe,0x52,0x38,0x04,0xe4,0x01,0xff,0xcb,0x81,0x00,0x48,
0x07,0xff,0x36,0x41,0x04,0x03,0xf8,0xab,0xbf,0x5c,0x03,0xfc,0xc1,0xa0,0x1f,0xc7,0xaa,0x20,0x51,0x40,0x1f,0xc2,0x4a,0x01,
0xfd,0xc0,0x1e,0x56,0x00,0xfe,0x42,0x00,0xfc,0x64,0x01,0xf6,0x80,0x7f,0x70,0x80,0x7e,0x60,0x0f,0xcc,0x01,0xfc,0x20,0x1f,
0xcc,0x01,0xf9,0x80,0x3f,0xc2,0x01,0xf8,0xc8,0x03,0xed,0x00,0xfe,0x12,0x00,0xfe,0xe0,0x0f,0x23,0x00,0x7f,0x6a,0x00,0x7f,
0x1e,0xa8,0x81,0x45,0x80,0x7f,0x9f,0x00,0x3f,0xc5,0x5d,0xfa,0xe0,0x1f,0xe2,0x22,0x10,0x07,0xff,0x36,0x80,0x16,0x01,0xff,
0xcc,0x17,0x00,0x31,0x80,0x7f,0xf2,0xe0,0x03,0x70,0x07,0xff,0x29,0x18,0x03,0x15,0x80,0x7f,0xf2,0x0a,0xc0,0x3c,0x96,0x01,
0xff,0xc6,0x3c,0x00,0xfc,0x9a,0x60,0x1f,0xfc,0x37,0xc1,0x00,0xfe,0x2c,0xa2,0x00,0xff,0x97,0x60,0x03,0xff,0x82,0xbb,0x8e,
0x82,0x00,0x12,0x59,0xea,0x20,0x0f,0x80,0x00,0x00,
};
static const lv_font_fmt_txt_glyph_dsc_t glyphs_black_82[]={{0,0,0,0,0,0},
{.bitmap_index=0,.adv_w=550,.box_w=32,.box_h=14,.ofs_x=1,.ofs_y=17},
{.bitmap_index=39,.adv_w=752,.box_w=43,.box_h=59,.ofs_x=2,.ofs_y=-1},
{.bitmap_index=437,.adv_w=467,.box_w=26,.box_h=57,.ofs_x=1,.ofs_y=0},
{.bitmap_index=552,.adv_w=756,.box_w=43,.box_h=58,.ofs_x=2,.ofs_y=0},
{.bitmap_index=995,.adv_w=730,.box_w=43,.box_h=58,.ofs_x=1,.ofs_y=-1},
{.bitmap_index=1453,.adv_w=841,.box_w=49,.box_h=57,.ofs_x=1,.ofs_y=0},
{.bitmap_index=1793,.adv_w=728,.box_w=42,.box_h=58,.ofs_x=2,.ofs_y=-1},
{.bitmap_index=2156,.adv_w=724,.box_w=42,.box_h=59,.ofs_x=2,.ofs_y=-1},
{.bitmap_index=2640,.adv_w=670,.box_w=42,.box_h=57,.ofs_x=0,.ofs_y=0},
{.bitmap_index=3024,.adv_w=730,.box_w=43,.box_h=59,.ofs_x=1,.ofs_y=-1},
{.bitmap_index=3559,.adv_w=704,.box_w=42,.box_h=59,.ofs_x=0,.ofs_y=-1},
{.bitmap_index=4036,.adv_w=500,.box_w=16,.box_h=42,.ofs_x=7,.ofs_y=-1},
{.bitmap_index=4208,.adv_w=490,.box_w=29,.box_h=28,.ofs_x=1,.ofs_y=37}};
static const uint16_t unicode_black_82[]={0,3,4,5,6,7,8,9,10,11,12,13,131};
static const lv_font_fmt_txt_cmap_t cmap_black_82[]={{.range_start=45,.range_length=132,.glyph_id_start=1,.unicode_list=unicode_black_82,.list_length=13,.type=LV_FONT_FMT_TXT_CMAP_SPARSE_TINY}};
static const lv_font_fmt_txt_dsc_t dsc_black_82={.glyph_bitmap=bitmap_black_82,.glyph_dsc=glyphs_black_82,.cmaps=cmap_black_82,.cmap_num=1,.bpp=4,.bitmap_format=LV_FONT_FMT_TXT_COMPRESSED};
const lv_font_t font_wf_82={.get_glyph_dsc=lv_font_get_glyph_dsc_fmt_txt,.get_glyph_bitmap=lv_font_get_bitmap_fmt_txt,.line_height=66,.base_line=1,.dsc=&dsc_black_82,.user_data=(void *)font_license};
static const uint8_t bitmap_black_104[]={
0x2b,0xcc,0xff,0xec,0x40,0x42,0x19,0xff,0xf6,0x1c,0xc4,0x03,0xff,0xb4,0xe0,0x1f,0xff,0xf0,0x0f,0xff,0xf8,0x07,0xff,0xfc,
0x03,0xff,0xfe,0x01,0xff,0xff,0x00,0xff,0xff,0x80,0x7f,0xfe,0xb8,0x40,0x3f,0xfb,0x06,0x80,0x00,0x00,0x00,0xff,0xe3,0x0a,
0x3d,0x5e,0xf7,0xfd,0xdc,0xcb,0x96,0x30,0x0f,0xfe,0xb1,0xc6,0xf5,0xc2,0xa1,0x08,0x04,0x22,0x34,0x69,0xcf,0xa6,0x00,0xff,
0xe8,0xb6,0x61,0xc8,0x03,0xff,0x8c,0xb3,0xf2,0x40,0x1f,0xfc,0xc5,0xd9,0x30,0x0f,0xfe,0x63,0x6d,0x08,0x07,0xff,0x20,0x6e,
0x88,0x03,0xff,0xa0,0xbc,0xc0,0x1f,0xfc,0x64,0xf4,0x00,0xff,0xea,0x4d,0x00,0x7f,0xf1,0x1a,0xc4,0x03,0xff,0xac,0xb8,0x20,
0x1f,0xfc,0x16,0x90,0x0f,0xfe,0xc9,0xe0,0x80,0x7f,0xcb,0x20,0x1f,0xfd,0xb2,0xd0,0x0f,0xf1,0x50,0x07,0xff,0x74,0xe8,0x03,
0xfb,0x80,0x3f,0xfb,0xea,0xc0,0x1f,0x31,0x80,0x7f,0xf8,0x20,0x40,0x38,0x60,0x03,0xff,0xc2,0x30,0x01,0xcc,0x20,0x1f,0xfe,
0x26,0x10,0x0d,0x20,0x1f,0xfe,0x49,0x00,0x90,0x40,0x3f,0xfc,0x8a,0x01,0x68,0x07,0xff,0x2c,0x4c,0x80,0x3f,0xf9,0x64,0x60,
0x07,0x00,0xff,0xe4,0xc7,0x73,0x37,0xf1,0x00,0x3f,0xf9,0x28,0x04,0x20,0x1f,0xfc,0x72,0xd7,0x10,0x0c,0x77,0x00,0x1f,0xfc,
0x8c,0x07,0x00,0xff,0xe4,0x79,0x00,0x7e,0x76,0x00,0xff,0xe3,0xa8,0x68,0x07,0xff,0x1d,0xc8,0x03,0xfd,0x22,0x01,0xff,0xc6,
0x11,0x10,0x07,0xff,0x1e,0x80,0x3f,0xf8,0x0e,0x01,0xff,0xc7,0x26,0x00,0xff,0xe3,0x09,0x00,0x7f,0xf0,0x30,0x03,0xff,0x8e,
0xc0,0x1f,0xfc,0x72,0x00,0xff,0xe0,0xb8,0x07,0xff,0x1c,0xc4,0x03,0xff,0x8c,0xe0,0x1f,0xfc,0x13,0x00,0xff,0xed,0x88,0x07,
0xff,0x54,0x4c,0x03,0xff,0xfe,0x01,0xff,0xff,0x00,0xff,0xff,0x80,0x7f,0xff,0xc0,0x3f,0xff,0xe0,0x1f,0xff,0xf0,0x0f,0xff,
0xf8,0x07,0xff,0xfc,0x03,0xff,0xfe,0x01,0xff,0xff,0x00,0xff,0xff,0x80,0x7f,0xff,0xc0,0x3f,0xff,0xe0,0x1f,0xff,0xf0,0x0f,
0xff,0xf8,0x07,0xff,0xfc,0x03,0xff,0xba,0x60,0x1f,0xff,0xc1,0x00,0xff,0xea,0x88,0x80,0x3f,0xf8,0xce,0x01,0xff,0xc1,0x30,
0x0f,0xfe,0x43,0x80,0x7f,0xf1,0x88,0x03,0xff,0x82,0xe0,0x1f,0xfc,0x72,0x20,0x07,0xff,0x18,0x48,0x03,0xff,0x81,0x80,0x1f,
0xfc,0x76,0xe0,0x0f,0xfe,0x3d,0x00,0x7f,0xf0,0x1c,0x03,0xff,0x8e,0x46,0x01,0xff,0xc7,0x72,0x00,0xff,0x48,0x80,0x7f,0xf1,
0x84,0x14,0x03,0xff,0x91,0xe4,0x01,0xf9,0xd8,0x03,0xff,0x8e,0x80,0x24,0x01,0xff,0xc7,0x2c,0x71,0x00,0xc7,0x70,0x01,0xff,
0xc8,0xc0,0x02,0x80,0x7f,0xf2,0x06,0x3b,0x73,0x7f,0x10,0x03,0xff,0x92,0xe0,0x0b,0x00,0xff,0xe5,0x91,0x90,0x07,0xff,0x2c,
0xc4,0x00,0x64,0x01,0xff,0xe4,0xa0,0x0d,0x60,0x1f,0xfe,0x31,0x60,0x0c,0xc2,0x01,0xff,0xe2,0x90,0x0f,0x58,0x07,0xff,0x84,
0x9c,0x03,0xca,0x60,0x1f,0xfe,0x09,0x00,0xfd,0xa2,0x01,0xff,0xde,0x74,0x00,0xfc,0x34,0x01,0xff,0xdd,0x48,0x00,0xff,0x25,
0x00,0x7f,0xf6,0xce,0xc0,0x3f,0xf8,0x0b,0x40,0x1f,0xfd,0x94,0xd0,0x0f,0xfe,0x12,0xe0,0x80,0x7f,0xf5,0x9a,0xc4,0x03,0xff,
0x86,0x7e,0x80,0x1f,0xfd,0x31,0xa9,0x00,0xff,0xe3,0x0d,0xd1,0x00,0x7f,0xf4,0x1b,0xd4,0x03,0xff,0x92,0xbb,0x26,0x01,0xff,
0xcc,0x6d,0x91,0x00,0xff,0xe6,0x36,0x61,0xc8,0x03,0xff,0x8c,0xb5,0xf2,0x40,0x1f,0xfd,0x03,0x8d,0xeb,0x85,0x32,0x10,0x0c,
0x24,0x8d,0x39,0xf4,0xa0,0x1f,0xfc,0x40,0x00,0x00,0x00,0xff,0x1c,0xf7,0xff,0xff,0x19,0xc0,0x3f,0x36,0x61,0x84,0x03,0xff,
0x8d,0x20,0x1c,0x51,0xd2,0x60,0x1f,0xfc,0xd5,0xbd,0x71,0x00,0xff,0xe6,0xbf,0x52,0x00,0x7f,0xf3,0xe2,0x02,0x01,0xff,0xd1,
0x30,0x0f,0xff,0xf8,0x07,0xff,0xfc,0x03,0xff,0xfe,0x01,0xff,0xff,0x00,0xff,0xf9,0x08,0x07,0xff,0x38,0x51,0xef,0xb8,0xa0,
0x1f,0xfc,0x7f,0x34,0x7b,0xee,0x5c,0x20,0x80,0x7f,0xf2,0x53,0x2e,0x10,0x40,0x3f,0xff,0xe0,0x1f,0xff,0xf0,0x0f,0xff,0xf8,
0x07,0xff,0xfc,0x03,0xff,0xfe,0x01,0xff,0xff,0x00,0xff,0xff,0x80,0x7f,0xff,0xc0,0x3f,0xff,0xe0,0x1f,0xff,0xf0,0x0f,0xff,
0xf8,0x07,0xff,0xfc,0x03,0xff,0xfe,0x01,0xff,0xff,0x00,0xff,0xff,0x80,0x7f,0xff,0xc0,0x3f,0xff,0xe0,0x1f,0xff,0xf0,0x0f,
0xff,0xf8,0x07,0xff,0xfc,0x03,0xff,0xfe,0x01,0xff,0xf3,0x30,0x0f,0xfe,0x9e,0x88,0x07,0xff,0x16,0x40,0x00,0x00,0x00,0xff,
0xe3,0x0a,0xbd,0x66,0xf7,0xfd,0xdb,0x95,0x0a,0x40,0x1f,0xfd,0x64,0x9d,0xea,0x85,0x32,0x10,0x08,0x48,0xd5,0xeb,0x75,0x28,
0x01,0xff,0xd0,0x18,0xeb,0x62,0x00,0xff,0xe2,0x93,0x5f,0x38,0x80,0x7f,0xf2,0xc6,0x79,0xc4,0x03,0xff,0x96,0x31,0xd0,0x01,
0xff,0xc9,0x7e,0x60,0x0f,0xfe,0x8b,0xf2,0x80,0x7f,0xf1,0x47,0x20,0x03,0xff,0xa8,0x35,0x20,0x1f,0xfc,0x33,0xf3,0x00,0xff,
0xeb,0xb6,0x08,0x07,0xff,0x01,0x30,0x40,0x3f,0xfb,0x27,0x82,0x01,0xfe,0x3b,0x00,0xff,0xee,0x16,0x08,0x07,0xe1,0xd0,0x0f,
0xfe,0xf1,0x58,0x07,0xea,0x10,0x0f,0xfe,0xfa,0xb0,0x07,0x99,0x00,0x3f,0xfc,0x32,0x20,0x1d,0x00,0x1f,0xfe,0x38,0x00,0xcc,
0x20,0x1f,0xfe,0x36,0x20,0x0a,0x80,0x3f,0xfc,0xb4,0x00,0x13,0x00,0xff,0xf2,0xb0,0x01,0xc0,0x3f,0xf9,0x84,0x64,0x01,0xff,
0xcb,0x13,0x0f,0x00,0xff,0xe4,0x95,0x7e,0xe6,0xfd,0x98,0x07,0xff,0x25,0x00,0x80,0x3f,0xf9,0x0b,0xaa,0x01,0xc9,0x8e,0x01,
0xff,0xc8,0xd0,0x60,0x0f,0xfe,0x39,0x50,0x07,0xf4,0x28,0x07,0xff,0x1d,0xc0,0xc0,0x3f,0xf8,0xf2,0x01,0xff,0x58,0x07,0xff,
0x1c,0xc0,0x3f,0xf9,0x28,0x01,0xff,0x09,0x00,0x7f,0xf1,0x84,0x03,0xff,0x90,0x20,0x1f,0xfc,0x16,0x00,0xff,0xf4,0xb0,0x07,
0xff,0x20,0xc0,0x3f,0xf8,0xc6,0x01,0xff,0xc0,0x22,0x00,0x7f,0xf1,0x84,0x18,0x03,0xff,0x8c,0xc0,0x1f,0xfc,0x08,0x00,0xff,
0xe3,0x90,0x54,0x3b,0xff,0xf1,0x22,0x80,0x3f,0xe3,0x50,0x0f,0xfe,0x3a,0x80,0xbc,0x47,0xff,0x11,0xc4,0x03,0xfe,0xe0,0x0f,
0xfe,0x46,0x00,0x7f,0xf4,0xe4,0x80,0x3f,0xf9,0x0a,0x01,0xff,0xd2,0x56,0x00,0xff,0xe4,0x28,0x07,0xff,0x48,0xe8,0x03,0xff,
0x93,0x20,0x1f,0xfd,0x12,0xd0,0x0f,0xfe,0x49,0x98,0x03,0xff,0xa0,0x3e,0x20,0x1f,0xfc,0x9f,0x00,0xff,0xe8,0x0e,0x10,0x07,
0xff,0x25,0x4c,0x03,0xff,0x9e,0x3a,0x40,0x1f,0xfc,0xab,0x00,0xff,0xe7,0x8e,0x98,0x07,0xff,0x2a,0x44,0x03,0xff,0x9f,0xa6,
0x01,0xff,0xca,0x56,0x00,0xff,0xe7,0xe1,0x80,0x7f,0xf2,0x86,0xc0,0x3f,0xf9,0xf8,0x60,0x1f,0xfc,0xbd,0x10,0x0f,0xfe,0x76,
0x18,0x07,0xff,0x2e,0x8c,0x03,0xff,0x9d,0x86,0x01,0xff,0xcb,0x85,0x00,0xff,0xe7,0x61,0x80,0x7f,0xf2,0xd9,0xc0,0x3f,0xf9,
0xd8,0x60,0x1f,0xfc,0xb5,0x90,0x0f,0xfe,0x76,0x18,0x07,0xff,0x2d,0x68,0x03,0xff,0x9d,0x86,0x01,0xff,0xcb,0x5a,0x00,0xff,
0xe7,0x59,0x80,0x7f,0xf2,0xd6,0x80,0x3f,0xf9,0xd6,0x80,0x1f,0xfc,0xb5,0xa0,0x0f,0xfe,0x75,0xa0,0x07,0xff,0x2d,0xa8,0x03,
0xff,0x9d,0x68,0x01,0xff,0xcb,0x69,0x00,0xff,0xe7,0x5a,0x00,0x7f,0xf2,0xde,0x40,0x3f,0xf9,0xd6,0x80,0x1f,0xfc,0xb8,0x80,
0x07,0xff,0x3a,0xd0,0x03,0xff,0x97,0x2e,0x01,0xff,0xce,0xc4,0x00,0xff,0xe5,0xdb,0x00,0x7f,0xf3,0x47,0x0c,0x03,0xff,0x97,
0x68,0x01,0xff,0xcd,0x1c,0x30,0x0f,0xfe,0x50,0xe2,0x00,0x7f,0xf3,0x4b,0xc8,0x03,0xff,0x94,0x38,0x60,0x1f,0xfc,0xd3,0xc1,
0x00,0xff,0xe5,0x0e,0x10,0x07,0xff,0x35,0x30,0x40,0x3f,0xf9,0x67,0xd9,0x9f,0xfc,0xbb,0x30,0xa0,0x0f,0xfe,0x69,0x19,0xff,
0xf3,0x12,0x0c,0x40,0x3f,0xfc,0xee,0xe0,0x0f,0xff,0xf8,0x07,0xff,0xfc,0x03,0xff,0xfe,0x01,0xff,0xff,0x00,0xff,0xff,0x80,
0x7f,0xff,0xc0,0x3f,0xff,0xe0,0x1f,0xff,0xf0,0x0f,0xff,0x1b,0x80,0x7f,0xfa,0x4c,0xc0,0x1f,0xfe,0x79,0x00,0x00,0x00,0x27,
0x7f,0xff,0xf8,0xd4,0x03,0x78,0x80,0x7f,0xf8,0xf8,0x03,0xff,0xd2,0xe0,0x1f,0xff,0xf0,0x0f,0xff,0xf8,0x07,0xff,0xfc,0x03,
0xff,0xfe,0x01,0xff,0xff,0x00,0xff,0xff,0x80,0x7f,0xff,0xc0,0x3f,0xff,0xe0,0x1f,0xfe,0x81,0x00,0xff,0xf4,0xca,0x19,0xff,
0xf2,0x40,0x3f,0xfa,0x67,0x79,0x9f,0xfc,0x7f,0x10,0x0f,0xfe,0x73,0x00,0x7f,0xf3,0x1f,0x08,0x03,0xff,0x9d,0x20,0x1f,0xfc,
0xa2,0xc8,0x00,0xff,0xe7,0x16,0x98,0x07,0xff,0x25,0xb4,0xc0,0x3f,0xf9,0xcf,0xa4,0x01,0xff,0xc8,0x1b,0x90,0x0f,0xfe,0x70,
0xe4,0x00,0x7f,0xf2,0x57,0xd0,0x03,0xff,0x9c,0xbc,0x60,0x1f,0xfc,0x81,0xaa,0x08,0x07,0xff,0x34,0x6a,0x80,0x1f,0xfc,0x94,
0xf5,0x00,0xff,0xe7,0x27,0xa8,0x07,0xff,0x26,0x6c,0x40,0x3f,0xf9,0xd3,0x62,0x01,0xff,0xc8,0x3d,0x60,0x0f,0xfe,0x71,0x6b,
0x00,0x7f,0xf2,0x5b,0x08,0x03,0xff,0x9e,0x2c,0x01,0xff,0xca,0xb0,0x0f,0xfe,0x89,0xde,0xb0,0x07,0xff,0x21,0x40,0x3f,0xfa,
0x65,0x3a,0x60,0x1f,0xfc,0x68,0x20,0x0f,0xfe,0xa1,0x63,0x80,0x7f,0xf1,0xbc,0x03,0xff,0xad,0x12,0x01,0xff,0xc5,0x28,0x00,
0xff,0xeb,0x34,0x80,0x7f,0xf1,0x5c,0xc0,0x3f,0xfa,0xcc,0xa0,0x1f,0xfc,0x5e,0x00,0xff,0xeb,0xd1,0x00,0x7f,0xf1,0x0a,0x80,
0x3f,0xfa,0xf2,0x01,0xff,0xc5,0x55,0x00,0x7f,0xf5,0x90,0xc0,0x3f,0xf8,0xb6,0x20,0x1f,0xfd,0x68,0x00,0xff,0xe2,0x8d,0x00,
0x7c,0x33,0xdf,0xeb,0x30,0x0f,0xfe,0x42,0x10,0x07,0xff,0x15,0x18,0x03,0x9b,0x98,0x40,0x09,0x8e,0x01,0xff,0xc8,0xa0,0x0f,
0xfe,0x34,0x90,0x05,0x52,0x01,0xf4,0x28,0x07,0xff,0x1d,0x40,0x3f,0xf8,0xfc,0x27,0xaa,0x01,0xfd,0x60,0x1f,0xfc,0x72,0x10,
0x0f,0xfe,0x31,0xf6,0x10,0x07,0xf8,0x58,0x03,0xff,0x8e,0xe0,0x1f,0xfd,0x5d,0x00,0xff,0xe3,0xf8,0x07,0xff,0x55,0x00,0x3f,
0xf8,0xe4,0x01,0xff,0xd6,0x10,0x0f,0xfe,0x33,0x00,0x7f,0xf5,0x8c,0x03,0xff,0x8c,0x60,0x1f,0xfd,0x61,0x00,0xff,0xe3,0x08,
0x2f,0x7f,0xff,0xf1,0x39,0xc0,0x3f,0xfa,0xd2,0x20,0x1f,0xfc,0x41,0x80,0x0f,0xfe,0x08,0x80,0x7f,0xf2,0x1c,0x03,0xff,0x8e,
0x60,0x1f,0xfc,0x02,0x00,0xff,0xe3,0x08,0x08,0x07,0xff,0x1d,0x40,0x3f,0xe3,0x00,0xff,0xe3,0x90,0x10,0x07,0xff,0x1f,0x00,
0x3f,0xeb,0x00,0xff,0xe3,0xb0,0x68,0x07,0xff,0x1d,0x44,0x03,0xfc,0xc0,0x1f,0xfc,0x7d,0x07,0x00,0xff,0xe4,0x40,0x07,0xf3,
0x88,0x07,0xff,0x1c,0xc0,0x84,0x03,0xff,0x8e,0xca,0x01,0xf2,0x40,0x07,0xff,0x21,0x00,0x0e,0x01,0xff,0xc8,0xa8,0x10,0x08,
0x62,0xc0,0x3f,0xf9,0x08,0x01,0x68,0x07,0xff,0x25,0xfb,0x99,0xdc,0x70,0x0f,0xfe,0x4e,0x80,0x48,0x40,0x1f,0xfc,0xa1,0x31,
0x00,0xff,0xe5,0xb0,0x06,0xb0,0x0f,0xff,0x1b,0x00,0x73,0x10,0x07,0xff,0x8a,0xc0,0x3d,0x00,0x1f,0xfe,0x16,0x20,0x0f,0x2a,
0x00,0x7f,0xf8,0x20,0x03,0xf5,0x08,0x07,0xff,0x7a,0x84,0x03,0xf0,0xd0,0x07,0xff,0x75,0x54,0x01,0xfe,0x48,0x00,0xff,0xed,
0x9d,0x00,0x7f,0xf0,0x1e,0x00,0x3f,0xfb,0x27,0xa0,0x1f,0xfc,0x27,0x80,0x0f,0xfe,0xb9,0xe8,0x80,0x7f,0xf0,0xde,0xc4,0x03,
0xff,0xa8,0xd8,0x20,0x1f,0xfc,0x54,0xf4,0x00,0xff,0xe8,0x8d,0xc8,0x07,0xff,0x20,0x6e,0x84,0x03,0xff,0x9c,0xfe,0x80,0x1f,
0xfc,0xb5,0xe9,0x20,0x0f,0xfe,0x53,0x74,0x08,0x07,0xff,0x39,0xb7,0x18,0x40,0x3f,0xf8,0x89,0x5f,0x22,0x01,0xff,0xd2,0x39,
0xed,0x96,0x42,0x10,0x08,0x48,0xda,0x73,0xed,0x40,0x3f,0xf8,0xa0,0x00,0x00,0x00,0xff,0xe2,0x8e,0x7f,0xff,0xf1,0xb4,0x40,
0x3f,0xfb,0x6c,0x60,0x1f,0xfc,0x62,0x20,0x07,0xff,0x6e,0x40,0x3f,0xf8,0xe4,0x60,0x1f,0xfd,0xa5,0x10,0x0f,0xfe,0x3d,0x00,
0x7f,0xf6,0xe4,0x03,0xff,0x90,0xc0,0x1f,0xfd,0xa3,0x30,0x07,0xff,0x1d,0x84,0x03,0xff,0xb5,0x20,0x1f,0xfc,0x8a,0x00,0xff,
0xed,0x0a,0x80,0x7f,0xf1,0xcc,0xc0,0x1f,0xfd,0xa9,0x00,0xff,0xe4,0x48,0x07,0xff,0x6d,0x80,0x3f,0xf8,0xe2,0xa0,0x1f,0xfd,
0xa6,0x10,0x0f,0xfe,0x3b,0x00,0x7f,0xf6,0xe8,0x03,0xff,0x91,0x20,0x1f,0xfd,0xa3,0x30,0x07,0xff,0x1d,0x44,0x03,0xff,0xb5,
0x20,0x1f,0xfc,0x89,0x00,0xff,0xed,0x0a,0x80,0x7f,0xf1,0xc8,0xc0,0x3f,0xfb,0x52,0x01,0xff,0xc8,0xb0,0x0f,0xfe,0xdb,0x00,
0x7f,0xf1,0xc5,0x80,0x3f,0xfb,0x4c,0x20,0x1f,0xfc,0x76,0x00,0xff,0xed,0xd8,0x07,0xff,0x22,0x80,0x3f,0xfb,0x48,0x40,0x1f,
0xfc,0x74,0x20,0x0f,0xfe,0xd7,0x80,0x7f,0xf2,0x3c,0x03,0xff,0xb4,0x48,0x01,0xff,0xc7,0x24,0x00,0xff,0xed,0x50,0x07,0xff,
0x22,0x80,0x3f,0xfb,0x6e,0x01,0xff,0xc8,0x70,0x0f,0xfe,0xd3,0x00,0x7f,0xf2,0x18,0x03,0xff,0xb7,0x60,0x1f,0xfc,0x8b,0x00,
0xf5,0x7f,0xff,0xf1,0x70,0x40,0x3f,0xf8,0x08,0x40,0x1f,0xfc,0x73,0x20,0x0e,0x25,0x00,0xff,0xe2,0x9a,0x00,0x7f,0xf0,0x3c,
0x03,0xff,0x91,0x20,0x1e,0x10,0x0f,0xfe,0x39,0x80,0x7f,0xc4,0x80,0x1f,0xfc,0x71,0x50,0x0f,0xfe,0xd5,0x80,0x7f,0xf2,0x24,
0x03,0xff,0xb6,0xc0,0x1f,0xfc,0x86,0x00,0xff,0xed,0x38,0x07,0xff,0x21,0x44,0x03,0xff,0xb5,0x40,0x1f,0xfc,0x89,0x00,0xff,
0xed,0x21,0x00,0x7f,0xf1,0xcc,0xc0,0x1f,0xfd,0xaf,0x00,0xff,0xe4,0x48,0x07,0xff,0x68,0x90,0x03,0xff,0x8e,0x2a,0x01,0xff,
0xda,0xb0,0x0f,0xfe,0x43,0x00,0x7f,0xf6,0x85,0x80,0x3f,0xf9,0x14,0x01,0xff,0xda,0x60,0x0f,0xfe,0x4f,0x66,0x7f,0xb8,0x03,
0xff,0x8f,0x19,0x9a,0xc8,0x24,0x03,0xff,0x92,0x67,0xff,0x10,0x07,0xff,0x1c,0x4c,0xf2,0x42,0x08,0x07,0xff,0xb8,0x74,0x03,
0xff,0xe0,0x40,0x1f,0xff,0xf0,0x0f,0xff,0xf8,0x07,0xff,0xfc,0x03,0xff,0xfe,0x01,0xff,0xff,0x00,0xff,0xff,0x80,0x7f,0xff,
0xc0,0x3f,0xff,0xe0,0x1f,0xff,0xf0,0x0f,0xff,0x67,0x08,0x07,0xff,0xb4,0x79,0x7b,0xff,0xff,0xa9,0x60,0x1f,0xfc,0x78,0xff,
0xdc,0xa0,0x1f,0xfd,0x67,0x00,0xff,0xe3,0x88,0x07,0xff,0xfc,0x03,0xff,0xfe,0x01,0xff,0xff,0x00,0xff,0xff,0x80,0x7f,0xff,
0xc0,0x3f,0xff,0xe0,0x1f,0xff,0xf0,0x0f,0xff,0xf8,0x07,0xff,0xfc,0x03,0xff,0xfe,0x01,0xff,0xff,0x00,0xff,0xfc,0x88,0x07,
0xff,0x1c,0xc0,0x3f,0xfb,0x84,0x80,0x1f,0xfc,0x52,0x40,0x0f,0x00,0x00,0x00,0x8f,0xff,0xff,0x25,0x80,0x4e,0x01,0xff,0xe4,
0x43,0x00,0xff,0xf4,0x38,0x07,0xff,0xfc,0x03,0xff,0xfe,0x01,0xff,0xff,0x00,0xff,0xff,0x80,0x7f,0xff,0xc0,0x3f,0xff,0xe0,
0x1f,0xff,0xf0,0x0f,0xff,0xf8,0x07,0xff,0xfc,0x03,0xff,0x82,0xe0,0x1f,0xfc,0xa3,0x3f,0xfe,0x8b,0x98,0x07,0xff,0x25,0xb3,
0x3f,0xfa,0x30,0x01,0xff,0xff,0x00,0xff,0xff,0x80,0x7f,0xff,0xc0,0x3f,0xff,0xe0,0x1f,0xff,0xf0,0x0f,0xfe,0x59,0xb4,0xd5,
0xda,0xa6,0x14,0x40,0x3f,0xfb,0x67,0x5d,0x92,0xca,0x88,0x56,0x7a,0xee,0x49,0x80,0x7f,0xf5,0x96,0xf1,0x44,0x03,0xfe,0x16,
0xcd,0x60,0x0f,0xfe,0xa1,0xa0,0x07,0xff,0x14,0xa7,0x10,0x03,0xff,0xce,0x77,0x20,0x1f,0xfe,0x86,0xc1,0x00,0xff,0xf3,0x9f,
0x90,0x07,0xff,0x9c,0x70,0x80,0x3f,0xfc,0xe3,0x82,0x01,0xff,0xe7,0x1a,0x00,0xff,0xf4,0x23,0x80,0x7f,0xfa,0x20,0x80,0x3f,
0xfd,0x10,0x01,0xff,0xe8,0x52,0x00,0xff,0xf4,0x40,0x07,0xff,0xa1,0x40,0x3f,0xfd,0x2a,0x01,0xff,0xcc,0x4a,0xdf,0xd8,0x10,
0x0f,0xfe,0x4e,0x00,0x7f,0xf2,0x86,0xec,0xa4,0x04,0xfe,0x80,0x1f,0xfc,0x84,0x00,0xff,0xe4,0x8e,0x20,0x07,0x86,0xc8,0x03,
0xff,0x8e,0x42,0x60,0x1f,0xfc,0x7b,0x20,0x0f,0xe9,0x00,0xff,0xe4,0x16,0x5d,0x57,0xff,0x17,0x54,0x03,0xfc,0x84,0x01,0xff,
0xc7,0x60,0x45,0x5f,0xfe,0x29,0x00,0x7f,0xf0,0x10,0x03,0xff,0x8e,0x40,0x1f,0xfd,0x4e,0x00,0xff,0xfe,0x78,0x07,0xff,0x53,
0xc0,0x3f,0xf8,0xfe,0x4c,0xdf,0xfc,0x62,0x00,0xff,0xe0,0x10,0x07,0xff,0x1c,0x72,0x67,0xff,0x8d,0x80,0x1f,0xfc,0x04,0x00,
0xff,0xe3,0x98,0x07,0xff,0x1c,0x5c,0x03,0xfc,0xa2,0x01,0xff,0xc7,0x65,0x00,0xff,0xe3,0xc1,0x00,0x7f,0x40,0x07,0xff,0x20,
0xcc,0x01,0xff,0xc8,0xe1,0x00,0xfa,0xc8,0x03,0xff,0x8e,0x41,0xa0,0x1f,0xfc,0x83,0xc5,0x00,0xc9,0xa8,0x01,0xff,0xc8,0x40,
0x50,0x0f,0xfe,0x49,0x57,0xee,0xbe,0xc8,0x03,0xff,0x93,0xa0,0x05,0x00,0xff,0xe5,0x91,0x00,0x3f,0xf9,0x62,0x80,0x0e,0x00,
0xff,0xf2,0x30,0x04,0x86,0x01,0xff,0xe3,0x90,0x0d,0x00,0x1f,0xfe,0x27,0x10,0x0c,0x88,0x00,0xff,0xf0,0x0c,0x00,0x7a,0x84,
0x03,0xff,0xbf,0x40,0x1f,0x0d,0x00,0x7f,0xf7,0x9d,0x00,0x3f,0x24,0x00,0x7f,0xf7,0x12,0x00,0x3f,0xcf,0x00,0x1f,0xfd,0xa5,
0xb0,0x0f,0xfe,0x03,0xc8,0x07,0xff,0x61,0x68,0x03,0xff,0x84,0xd6,0x20,0x1f,0xfd,0x59,0xa0,0x0f,0xfe,0x22,0x7a,0x80,0x7f,
0xf4,0x8f,0x58,0x03,0xff,0x8c,0x35,0x42,0x00,0xff,0xe7,0x0c,0xe1,0x00,0x7f,0xf2,0x57,0x68,0xc0,0x3f,0xf9,0x45,0x3c,0xc0,
0x1f,0xfc,0xd5,0xcd,0x82,0x00,0xff,0xe2,0x0b,0xe6,0xb0,0x07,0xff,0x44,0x9f,0x7a,0xe1,0x4c,0x84,0x00,0x24,0x68,0xf5,0xbd,
0x06,0x01,0xff,0xc4,0x00,0x00,0x00,0xff,0xe3,0x1b,0xcd,0xef,0x73,0xfe,0xed,0xca,0x75,0x10,0x0f,0xfe,0xa9,0x3e,0x7e,0x43,
0x21,0x08,0x80,0x21,0x23,0x58,0xae,0xd9,0x30,0x0f,0xfe,0x82,0xe6,0xc1,0x80,0x7f,0xf1,0x89,0xb3,0x5c,0x03,0xff,0x98,0xdb,
0x46,0x01,0xff,0xcc,0x28,0xe7,0x00,0xff,0xe4,0x16,0x49,0x00,0x7f,0xf4,0x06,0x34,0xc0,0x3f,0xf8,0xad,0xa6,0x01,0xff,0xd4,
0x2c,0x80,0x0f,0xfe,0x1c,0x48,0x07,0xff,0x61,0xe8,0x03,0xff,0x83,0x0e,0x01,0xff,0xda,0x5a,0x00,0xff,0x99,0xc0,0x3f,0xfb,
0x8b,0x00,0x1f,0xc5,0x20,0x1f,0xfd,0xe7,0x40,0x0f,0xdc,0x01,0xff,0xe0,0x90,0x0f,0x94,0xc0,0x3f,0xfc,0x05,0x00,0x1e,0x90,
0x0f,0xff,0x13,0x00,0x71,0x98,0x03,0xff,0xc4,0x2a,0x01,0xac,0x03,0xff,0xc9,0xe0,0x18,0xc0,0x3f,0xfc,0x88,0x01,0x90,0x03,
0xff,0x96,0x46,0x20,0x1f,0xfc,0xa1,0x10,0x07,0xff,0x30,0x67,0xf7,0x3b,0x0c,0x03,0xff,0x92,0x40,0x02,0x00,0xff,0xe4,0x17,
0xb0,0x06,0x3c,0x40,0x0f,0xfe,0x43,0x80,0x7f,0xf2,0xf8,0x40,0x3e,0xb1,0x00,0xff,0xe3,0x88,0x00,0x40,0x3f,0xf8,0xe8,0x60,
0x1f,0xcc,0x01,0xff,0xde,0xc0,0x0f,0xf6,0x00,0x7f,0xf7,0x88,0x03,0xfc,0xe0,0x1f,0xfe,0x91,0x00,0xff,0xe3,0x88,0x07,0xff,
0x54,0xa5,0x13,0xff,0x8a,0xe8,0x01,0xff,0xd6,0x6b,0xbf,0xfe,0x2c,0x00,0x7f,0xff,0xc0,0x3e,0x58,0xcd,0xef,0xf7,0x65,0x39,
0x80,0x7f,0xf6,0xca,0x7e,0x9c,0xc8,0x40,0x02,0x6b,0x19,0xd2,0x60,0x1f,0xfd,0x62,0x8d,0x60,0x0f,0xfe,0x08,0xb6,0x61,0x00,
0x3f,0xfa,0x90,0xe0,0x1f,0xfc,0x63,0xbb,0x10,0x07,0xff,0xa1,0x35,0x40,0x3f,0xfd,0x35,0x20,0x1f,0xfe,0x96,0xa0,0x0f,0xff,
0x4a,0xd0,0x07,0xff,0xa5,0x58,0x03,0xff,0xd3,0x26,0x01,0xff,0xe9,0xe0,0x0f,0xff,0x49,0x30,0x07,0xff,0xa6,0x04,0x03,0xff,
0xd0,0x2c,0x01,0xff,0xe9,0xa0,0x0f,0xff,0x49,0x18,0x07,0xff,0x38,0x48,0xc4,0x03,0xff,0x96,0x80,0x1f,0xfc,0xc6,0xde,0xdc,
0xed,0x50,0x0f,0xfe,0x4e,0x00,0x7f,0xf2,0xea,0x48,0x03,0x15,0x48,0x07,0xff,0x21,0x80,0x3f,0xf9,0x4e,0xa0,0x1f,0x99,0x80,
0x1f,0xfc,0x72,0x00,0xff,0xe5,0x48,0x07,0xfa,0x00,0x3f,0xf9,0x02,0x01,0xff,0xc8,0x41,0x00,0xff,0x0a,0x80,0x7f,0xf1,0xcc,
0x03,0xff,0x90,0x60,0x1f,0xfc,0x0d,0x00,0xff,0xe4,0x08,0x07,0xff,0x1f,0xc0,0x3f,0xf8,0x04,0x01,0xff,0xc7,0x10,0x0f,0xfe,
0x47,0x80,0x7f,0xf5,0x04,0xc0,0x3f,0xf8,0xe2,0x01,0xff,0xc0,0x20,0x0f,0xfe,0x39,0x88,0x07,0xff,0x1d,0x00,0x3f,0xf8,0x18,
0x01,0xff,0xc7,0x10,0x20,0x0f,0xfe,0x31,0x10,0x03,0xfc,0x48,0x01,0xff,0xc6,0x10,0x03,0x00,0x7f,0xf1,0xe0,0x03,0xfd,0x20,
0x1f,0xfc,0x72,0x00,0x60,0x07,0xff,0x1d,0x5c,0x03,0xf4,0xa0,0x07,0xff,0x1d,0x00,0x08,0x01,0xff,0xc8,0x8a,0x30,0x0c,0x98,
0xc0,0x1f,0xfc,0x8d,0x00,0x18,0x80,0x7f,0xf2,0x17,0x3b,0x37,0xec,0xc0,0x3f,0xf9,0x28,0x01,0x30,0x07,0xff,0x28,0x4c,0x80,
0x3f,0xf9,0x6a,0x20,0x15,0x00,0x7f,0xf9,0x38,0x03,0x12,0x80,0x7f,0xf8,0x8d,0x00,0x3a,0x00,0x3f,0xfc,0x50,0x01,0xe2,0x60,
0x0f,0xff,0x02,0x20,0x03,0xe9,0x20,0x0f,0xfe,0xf0,0xd0,0x07,0xf7,0x80,0x7f,0xf7,0xa8,0x40,0x3f,0x8a,0x40,0x3f,0xfb,0x90,
0x80,0x1f,0xf3,0x48,0x07,0xff,0x6a,0x1c,0x03,0xff,0x82,0xd4,0x01,0xff,0xd8,0x97,0x00,0xff,0xe1,0xad,0x88,0x07,0xff,0x50,
0x6d,0x80,0x3f,0xf8,0xa9,0xea,0x01,0xff,0xd2,0x5f,0x40,0x0f,0xfe,0x38,0xd5,0x98,0x07,0xff,0x38,0xee,0x84,0x03,0xff,0x94,
0x99,0x66,0x01,0xff,0xca,0x3b,0xc4,0x00,0xff,0xe7,0x26,0x6c,0x10,0x07,0xff,0x10,0xe3,0x71,0x00,0x3f,0xfa,0x44,0xfb,0xd7,
0x0a,0x64,0x20,0x01,0x23,0x58,0xbe,0xc7,0x20,0x0f,0xfe,0x20,0x00,0x00,0x08,0xff,0xff,0xf2,0xd8,0x01,0x80,0x3f,0xfc,0xa8,
0x40,0x20,0x1f,0xfe,0x61,0x00,0xff,0xff,0x80,0x7f,0xff,0xc0,0x3f,0xff,0xe0,0x1f,0xff,0xf0,0x0f,0xff,0xf8,0x07,0xff,0xfc,
0x03,0xff,0xfe,0x01,0xff,0xff,0x00,0xff,0xff,0x80,0x7f,0xf4,0xcc,0xff,0xf8,0x40,0x1f,0xfc,0x92,0x00,0xff,0xe2,0x1e,0x67,
0xff,0x09,0x40,0x3f,0xf8,0xe4,0x20,0x1f,0xfd,0x21,0x50,0x0f,0xfe,0x3d,0x00,0x7f,0xf4,0xd8,0x03,0xff,0x90,0xc0,0x1f,0xfd,
0x3a,0x00,0xff,0xe3,0xa0,0x80,0x7f,0xf4,0x8c,0x80,0x3f,0xf8,0xfe,0x01,0xff,0xc6,0x60,0x0f,0xfe,0x04,0x80,0x7f,0xf1,0xc5,
0x00,0x2c,0x76,0x6f,0xfe,0x03,0xd8,0x07,0xfc,0x2a,0x01,0xff,0xc7,0x60,0x0c,0x71,0x33,0xff,0xc0,0x81,0x00,0xff,0x98,0x03,
0xff,0x91,0x40,0x1f,0xfd,0x3a,0x00,0xff,0xe3,0xa1,0x00,0x7f,0xf4,0x8c,0x80,0x3f,0xf8,0xfc,0x01,0xff,0xd3,0x90,0x0f,0xfe,
0x38,0xa8,0x07,0xff,0x48,0x54,0x03,0xff,0x8e,0xc0,0x1f,0xfd,0x36,0x00,0xff,0xe4,0x50,0x07,0xff,0x4e,0x80,0x3f,0xf8,0xe8,
0x40,0x1f,0xfd,0x23,0x20,0x0f,0xfe,0x3f,0x00,0x7f,0xf4,0xe4,0x03,0xff,0x8e,0x2a,0x01,0xff,0xd2,0x15,0x00,0xff,0xe3,0xb8,
0x07,0xff,0x4d,0x80,0x3f,0xf9,0x16,0x01,0xff,0xd3,0xa0,0x0f,0xfe,0x39,0x90,0x07,0xff,0x48,0xc8,0x03,0xff,0x8f,0x40,0x1f,
0xfd,0x39,0x00,0xff,0xe4,0x30,0x07,0xff,0x48,0x54,0x03,0xff,0x8e,0xc0,0x1f,0xfd,0x36,0x00,0xff,0xe4,0x50,0x07,0xff,0x4e,
0x80,0x3f,0xf8,0xe6,0x60,0x0f,0xfe,0x91,0x90,0x07,0xff,0x1e,0x80,0x3f,0xfa,0x72,0x01,0xff,0xc8,0x60,0x0f,0xfe,0x90,0xa8,
0x07,0xff,0x1d,0x80,0x3f,0xfa,0x6c,0x01,0xff,0xc8,0xa0,0x0f,0xfe,0x9d,0x00,0x7f,0xf1,0xc8,0xc0,0x3f,0xfa,0x46,0x40,0x1f,
0xfc,0x7b,0x00,0xff,0xe9,0xc8,0x07,0xff,0x21,0xc0,0x3f,0xfa,0x42,0xa0,0x1f,0xfc,0x75,0x10,0x0f,0xfe,0x93,0x00,0x7f,0xf2,
0x24,0x03,0xff,0xa7,0x40,0x1f,0xfc,0x72,0x30,0x0f,0xfe,0x91,0x90,0x07,0xff,0x1e,0x80,0x3f,0xfa,0x72,0x01,0xff,0xc8,0x60,
0x0f,0xfe,0x90,0xa8,0x07,0xff,0x1d,0x44,0x03,0xff,0xa4,0xc0,0x1f,0xfc,0x8e,0x00,0xff,0xe9,0xd0,0x07,0xff,0x1c,0x90,0x03,
0xff,0xa4,0x64,0x01,0xff,0xc7,0xa0,0x0f,0xfe,0x9c,0x80,0x7f,0xf2,0x18,0x03,0xff,0xa4,0x2a,0x01,0xff,0xc7,0x41,0x00,0xff,
0xe9,0x30,0x07,0xff,0x23,0xc0,0x3f,0xfa,0x74,0x01,0xff,0xc7,0x14,0x00,0xff,0xe9,0x19,0x00,0x7f,0xf1,0xd8,0x03,0xff,0xa7,
0x20,0x1f,0xfc,0x8a,0x00,0xff,0xe9,0x0a,0x80,0x7f,0xf1,0xd0,0x80,0x3f,0xfa,0x4c,0x01,0xff,0xc8,0xe0,0x0f,0xfe,0x9d,0x00,
0x7f,0xf1,0xc5,0x40,0x3f,0xfa,0x46,0x40,0x1f,0xfc,0x76,0x00,0xff,0xe9,0xc8,0x07,0xff,0x22,0x80,0x3f,0xfa,0x42,0xa0,0x1f,
0xfc,0x74,0x20,0x0f,0xfe,0x93,0x00,0x7f,0xf2,0x38,0x03,0xff,0xa7,0x40,0x1f,0xfc,0x71,0x50,0x0f,0xfe,0x91,0x10,0x03,0xff,
0x8e,0xe0,0x1f,0xfd,0x33,0x20,0x0f,0xfe,0x31,0xc0,0x07,0xff,0x28,0x00,0x00,0x00,0xff,0xe3,0x93,0x45,0xef,0x73,0xfd,0xdc,
0xdb,0x86,0x20,0x0f,0xfe,0xba,0xd7,0x6c,0xba,0x10,0x88,0x00,0x22,0x24,0x79,0xde,0xa4,0x00,0xff,0xe8,0x94,0xfd,0x28,0x80,
0x7f,0xf1,0x05,0x6f,0xa0,0x40,0x3f,0xf9,0x83,0x5a,0xc0,0x1f,0xfc,0xb1,0x7e,0x80,0x0f,0xfe,0x53,0x72,0x80,0x7f,0xf4,0x1f,
0x50,0x03,0xff,0x8c,0x37,0x20,0x1f,0xfd,0x32,0xb9,0x00,0xff,0xe2,0x16,0x20,0x07,0xff,0x59,0xac,0x40,0x3f,0xf8,0x25,0x84,
0x01,0xff,0xd8,0x4d,0x10,0x0f,0xf8,0x70,0x40,0x3f,0xfb,0x47,0xa0,0x1f,0xf6,0x88,0x07,0xff,0x70,0xe8,0x03,0xfa,0x0c,0x03,
0xff,0xbc,0xaa,0x00,0xf8,0x9c,0x03,0xff,0xc1,0x62,0x01,0xe9,0x00,0xff,0xf0,0x8c,0x80,0x71,0x20,0x07,0xff,0x89,0xc4,0x03,
0x58,0x07,0xff,0x91,0x80,0x33,0x80,0x7f,0xf9,0x2c,0x02,0x31,0x00,0xff,0xe5,0x09,0x90,0x07,0xff,0x2c,0xc4,0x00,0x80,0x1f,
0xfc,0x96,0xde,0xcd,0xfc,0x50,0x0f,0xfe,0x4a,0x00,0x34,0x03,0xff,0x91,0x72,0x40,0x18,0xea,0x80,0x1f,0xfc,0x8c,0x00,0x30,
0x07,0xff,0x1d,0xd0,0x03,0xf2,0xc8,0x07,0xff,0x1c,0x80,0x04,0x01,0xff,0xc7,0x80,0x0f,0xf3,0x08,0x07,0xff,0x19,0x80,0x02,
0x01,0xff,0xc6,0x40,0x0f,0xfe,0x03,0x00,0x7f,0xf7,0x0c,0x03,0xff,0x81,0xc0,0x1f,0xfc,0x63,0x00,0x08,0x07,0xff,0x1b,0xc0,
0x3f,0xf8,0x06,0x01,0xff,0xc6,0x30,0x0f,0xfe,0x4f,0x00,0x7f,0xf0,0x0c,0x03,0xff,0x8c,0x20,0x05,0x00,0xff,0xe3,0x10,0x07,
0xff,0x03,0xc0,0x3f,0xf8,0xcc,0x00,0x20,0x0f,0xfe,0x32,0x10,0x07,0xfc,0xe0,0x1f,0xfc,0x6d,0x00,0x60,0x07,0xff,0x1e,0x00,
0x3f,0xd2,0x20,0x1f,0xfc,0x64,0x00,0x20,0x07,0xff,0x1d,0x60,0x03,0xf3,0xb0,0x07,0xff,0x18,0x4c,0x00,0x28,0x01,0xff,0xc7,
0x7d,0x62,0x00,0x13,0x64,0x00,0x7f,0xf1,0xdc,0x03,0x70,0x07,0xff,0x20,0xa7,0x7f,0xdb,0x26,0x01,0xff,0xc8,0xb0,0x0c,0xa4,
0x01,0xff,0xe2,0x62,0x00,0xe9,0x00,0xff,0xf0,0x94,0x00,0x79,0x1c,0x03,0xff,0xc1,0xc2,0x01,0xf4,0x20,0x07,0xff,0x7a,0x8c,
0x03,0xfa,0x8c,0x03,0xff,0xb9,0x4a,0x01,0xfe,0x1e,0x00,0xff,0xed,0xaa,0x80,0x3f,0xf8,0x12,0x01,0xff,0xdb,0x57,0x00,0xff,
0xb1,0x00,0x3f,0xfb,0x91,0x00,0x0f,0xea,0x30,0x0f,0xfe,0xf3,0xb0,0x07,0xca,0xa0,0x0f,0xff,0x04,0x90,0x07,0xac,0x03,0xff,
0xc5,0x00,0x1c,0xc2,0x01,0xff,0xe2,0x52,0x00,0xd6,0x01,0xff,0xc8,0x18,0xdf,0xf6,0xc1,0x00,0x7f,0xf2,0x20,0x02,0x32,0x00,
0xff,0xe3,0xa7,0xb9,0x00,0x09,0xf5,0x00,0x3f,0xf8,0xea,0x20,0x0b,0x00,0xff,0xe3,0x8d,0x88,0x07,0xd6,0x40,0x1f,0xfc,0x74,
0x00,0x28,0x07,0xff,0x1e,0xc0,0x3f,0xdc,0x01,0xff,0xc7,0xf0,0x12,0x00,0xff,0xe3,0xa8,0x07,0xf8,0xcc,0x01,0xff,0xc6,0x40,
0x50,0x0f,0xfe,0x3a,0x00,0x7f,0xf0,0x10,0x03,0xff,0x8c,0x22,0x20,0x0f,0xfe,0x39,0x00,0x7f,0xf0,0x38,0x03,0xff,0x8e,0x42,
0x01,0xff,0xc7,0xe0,0x0f,0xfe,0x01,0x80,0x7f,0xf1,0xdb,0xc0,0x3f,0xf8,0xfe,0x01,0xff,0xc0,0x30,0x0f,0xfe,0x39,0x88,0x07,
0xff,0x1c,0x40,0x3f,0xf8,0x02,0x01,0xff,0xc8,0x10,0x0f,0xfe,0x3a,0x80,0x7f,0xf0,0x30,0x03,0xff,0x91,0xe0,0x1f,0xfc,0x73,
0x20,0x0f,0xf0,0xa0,0x07,0xff,0x1c,0xc4,0x03,0xff,0x91,0x00,0x1f,0xeb,0x00,0xff,0xe4,0x32,0x80,0x7f,0xf2,0x15,0xc0,0x3f,
0x3a,0x80,0x7f,0xf2,0x0c,0xc0,0x1f,0xfc,0x98,0xb3,0x00,0xc7,0x50,0x01,0xff,0xc8,0x20,0x01,0x80,0x7f,0xf2,0x53,0x3b,0x73,
0xb1,0x40,0x3f,0xf9,0x2a,0x00,0xb0,0x0f,0xfe,0x58,0x91,0x88,0x07,0xff,0x2e,0xc0,0x0c,0x01,0xff,0xe5,0x23,0x00,0x0a,0x80,
0x7f,0xf9,0x2c,0x03,0x40,0x07,0xff,0x8c,0x58,0x03,0x13,0x00,0x7f,0xf8,0xa8,0x03,0xd2,0x20,0x1f,0xfe,0x04,0x40,0x07,0xd4,
0x01,0xff,0xdf,0x2a,0x00,0xfc,0x92,0x01,0xff,0xde,0xf1,0x00,0xfe,0x66,0x00,0x7f,0xf7,0x2c,0x80,0x3f,0xe9,0x80,0x0f,0xfe,
0xc8,0xe2,0x00,0x7f,0xf0,0x5e,0x80,0x3f,0xfa,0xe7,0xe6,0x01,0xff,0xc3,0x5e,0x50,0x0f,0xfe,0xa4,0x60,0x80,0x7f,0xf1,0x46,
0xac,0x80,0x3f,0xfa,0x09,0xae,0x01,0xff,0xc9,0x4d,0xb5,0x00,0xff,0xe6,0x2e,0xd9,0x00,0x7f,0xf3,0x12,0xba,0x54,0x03,0xff,
0x8c,0x93,0xd4,0x40,0x1f,0xfd,0x01,0x6a,0xfc,0x97,0x42,0x20,0x80,0x04,0x44,0x8d,0x39,0xf6,0xc2,0x01,0xff,0xc3,0x00,0x00,
0x00,0xff,0xe3,0x8a,0x3d,0x66,0xf7,0xfb,0xb7,0x29,0xd0,0x40,0x3f,0xfa,0xe4,0xfb,0xd7,0x0a,0x64,0x20,0x01,0x23,0x58,0xbe,
0xc6,0x10,0x0f,0xfe,0x92,0xe6,0xc1,0x00,0x7f,0xf1,0x0e,0x7a,0xcc,0x03,0xff,0x9c,0x99,0x46,0x01,0xff,0xca,0x4c,0xb3,0x00,
0xff,0xe5,0x0d,0xd8,0xc0,0x3f,0xf9,0xc9,0x90,0x01,0xff,0xc8,0x4f,0x40,0x0f,0xfe,0x93,0xe1,0x00,0x7f,0xf1,0x5e,0xc4,0x03,
0xff,0xa8,0x7a,0x60,0x1f,0xfc,0x37,0x80,0x0f,0xfe,0xc6,0x20,0x07,0xff,0x06,0x20,0x01,0xff,0xda,0xb3,0x00,0xff,0x95,0xc0,
0x3f,0xfb,0x9a,0x20,0x1f,0xc5,0x40,0x1f,0xfd,0xd1,0xa0,0x0f,0xee,0x00,0xff,0xef,0xa3,0x00,0x7c,0xa6,0x01,0xff,0xe0,0x80,
0x0f,0xa0,0x03,0xff,0xc2,0x2e,0x01,0xca,0x40,0x1f,0xfe,0x28,0x00,0xee,0x00,0xff,0xf2,0x30,0x04,0x28,0x01,0xff,0xca,0x12,
0x20,0x07,0xff,0x2e,0x80,0x27,0x00,0xff,0xe4,0xa6,0x76,0xeb,0xec,0xc0,0x3f,0xf9,0x06,0x20,0x0c,0x00,0xff,0xe4,0x3d,0x98,
0x06,0x4c,0x50,0x0f,0xfe,0x42,0x00,0x10,0x03,0xff,0x8e,0xb0,0x01,0xfa,0x88,0x03,0xff,0x8f,0xa0,0x01,0x00,0xff,0xe3,0xd8,
0x07,0xfa,0xc0,0x3f,0xf8,0xe6,0x04,0x01,0xff,0xc7,0x51,0x00,0xff,0x30,0x07,0xff,0x1d,0x81,0x80,0x3f,0xf8,0xf8,0x01,0xff,
0xc0,0x30,0x0f,0xfe,0x31,0x00,0x7f,0xf2,0x54,0x03,0xff,0x80,0xc0,0x1f,0xfc,0x81,0x00,0xff,0xff,0x80,0x7f,0xfa,0x14,0x03,
0xff,0x80,0xc0,0x1f,0xfc,0x81,0x00,0xff,0xe3,0xe0,0x07,0xff,0x00,0xc0,0x3f,0xf9,0x0e,0x01,0xff,0xc7,0x51,0x00,0xff,0x28,
0x07,0xff,0x24,0x80,0x3f,0xf9,0x16,0x01,0xfe,0x80,0x0f,0xfe,0x48,0x88,0x03,0xff,0x8e,0xb0,0x01,0xf0,0xd9,0x00,0x7f,0xf2,
0x94,0x03,0xff,0x90,0xf8,0xa2,0x02,0x6f,0xe8,0x01,0xff,0xcb,0xc0,0x0f,0xfe,0x49,0xd7,0x7f,0x64,0x08,0x07,0xff,0x31,0x00,
0x3f,0xfd,0x26,0x40,0x1f,0xfe,0x9b,0x00,0xff,0xf4,0xb0,0x80,0x7f,0xfa,0x6c,0x03,0xff,0xd2,0xa6,0x01,0xff,0xe9,0xe1,0x00,
0xff,0xf4,0x15,0x00,0x7f,0xfa,0x52,0x00,0x3f,0xfd,0x2f,0x00,0x1f,0xfe,0x97,0x90,0x0f,0xff,0x4b,0x61,0x00,0x7f,0xfa,0x0f,
0x5c,0x03,0xff,0xd3,0x1c,0xc0,0x1f,0xfc,0x52,0xa6,0x00,0xff,0xea,0x0c,0xf4,0x98,0x07,0xff,0x00,0xe7,0x54,0x40,0x3f,0xfa,
0xc2,0xd9,0xf9,0x0c,0xa8,0x92,0xbd,0x76,0x30,0x07,0xff,0x74,0xde,0x6a,0xee,0xa8,0x51,0x00,0xff,0xe8,0x89,0x17,0xff,0x0c,
0x40,0x3f,0xfa,0xe7,0xfd,0xbb,0xff,0xc3,0xeb,0x00,0xff,0xeb,0x20,0x07,0xff,0x19,0x00,0x3f,0xfa,0xde,0x01,0xff,0xc7,0x10,
0x0f,0xff,0x4a,0x80,0x7f,0x90,0x03,0xff,0xbd,0xe0,0x1f,0xc6,0x60,0x0f,0xfe,0x57,0x80,0x7f,0xf1,0xd1,0x80,0x3e,0x1d,0x00,
0xff,0xe5,0x88,0x07,0xff,0x22,0x64,0x40,0x19,0xbc,0x40,0x3f,0xf8,0xe2,0x01,0x18,0x07,0xff,0x25,0xb7,0xb3,0x7e,0x44,0x03,
0xff,0x90,0x60,0x13,0x80,0x7f,0xf2,0xc4,0xc8,0x03,0xff,0x96,0x80,0x11,0x08,0x07,0xff,0x93,0x00,0x33,0x80,0x7f,0xf9,0x10,
0x03,0x50,0x07,0xff,0x8d,0x44,0x03,0x19,0x80,0x3f,0xfc,0x52,0x01,0xef,0x00,0xff,0xf0,0xa9,0x80,0x78,0xd8,0x03,0xff,0xbe,
0x36,0x01,0xfa,0x48,0x03,0xff,0xbd,0x42,0x01,0xfd,0x82,0x01,0xff,0xdc,0x94,0x00,0xff,0x0e,0x10,0x07,0xff,0x6a,0x58,0x03,
0xff,0x80,0x58,0x60,0x1f,0xfd,0x71,0xb6,0x00,0xff,0xe1,0x0e,0x40,0x07,0xff,0x55,0x3d,0x00,0x3f,0xf8,0xaf,0xaa,0x01,0xff,
0xd1,0x2a,0xb1,0x00,0xff,0xe3,0x95,0x6a,0x80,0x7f,0xf3,0x52,0xb5,0x40,0x3f,0xf9,0x65,0x5f,0x4a,0x20,0x1f,0xfc,0x64,0x8e,
0xb5,0x00,0xff,0xe8,0x2d,0x76,0xcb,0xa9,0x88,0x80,0x21,0x11,0x23,0xce,0x7d,0xb8,0x80,0x7f,0xf0,0x80,0x00,0x00,0x00,0xf2,
0x4e,0xf7,0xf6,0x41,0x00,0x7f,0x8f,0x2d,0x88,0x40,0x4d,0xf6,0x84,0x03,0xe6,0xc3,0x00,0xfe,0x5c,0x20,0x0e,0x49,0x00,0xff,
0xe0,0x17,0x88,0x04,0x34,0x01,0xff,0xc2,0x2b,0x00,0xa4,0x40,0x3f,0xf8,0x6a,0x60,0x06,0x00,0xff,0xe2,0xd0,0x10,0x80,0x7f,
0xf1,0x50,0x1c,0x03,0xff,0x8c,0x40,0x60,0x1f,0xfc,0x71,0x00,0xff,0xe4,0x98,0x07,0xff,0x1c,0x5c,0x03,0xff,0x8c,0x40,0x42,
0x01,0xff,0xc5,0x50,0x04,0x80,0x7f,0xf1,0x68,0x00,0xe2,0x01,0xff,0xc3,0x62,0x00,0xa8,0x03,0xff,0x84,0x72,0x01,0x92,0x80,
0x3f,0xf8,0x07,0xa0,0x1e,0x5c,0x30,0x0f,0xe7,0xc1,0x00,0xf8,0xf2,0xd8,0x84,0x04,0xe3,0xa0,0x03,0xfe,0x49,0xde,0xfe,0xc7,
0x10,0x0f,0xff,0xf8,0x07,0xff,0xfc,0x03,0xff,0xfe,0x01,0xff,0xf0,0x49,0xde,0xfe,0xc8,0x20,0x0f,0xf1,0xe5,0xb1,0x08,0x09,
0xbe,0xd0,0x80,0x7c,0xd8,0x60,0x1f,0xcb,0x84,0x01,0xc9,0x20,0x1f,0xfc,0x02,0xf1,0x00,0x86,0x80,0x3f,0xf8,0x45,0x60,0x14,
0x88,0x07,0xff,0x0d,0x4c,0x00,0xc0,0x1f,0xfc,0x5a,0x02,0x10,0x0f,0xfe,0x2a,0x03,0x80,0x7f,0xf1,0x88,0x0c,0x03,0xff,0x8e,
0x20,0x1f,0xfc,0x93,0x00,0xff,0xe3,0x8b,0x80,0x7f,0xf1,0x88,0x08,0x40,0x3f,0xf8,0xaa,0x00,0x90,0x0f,0xfe,0x2d,0x00,0x1c,
0x40,0x3f,0xf8,0x6c,0x40,0x15,0x00,0x7f,0xf0,0x8e,0x40,0x32,0x50,0x07,0xff,0x00,0xf4,0x03,0xcb,0x86,0x01,0xfc,0xf8,0x20,
0x1f,0x1e,0x5b,0x10,0x80,0x9c,0x74,0x00,0x70,0x00,0x00,0x00,0xff,0xe0,0x0a,0xce,0x77,0xfb,0xb6,0xe1,0x00,0x3f,0xf9,0x67,
0x7d,0x4c,0x62,0x00,0x12,0x47,0xbf,0x92,0x00,0xff,0xe3,0x16,0x61,0x00,0x3f,0xf8,0x2d,0xb4,0x20,0x1f,0xfc,0x37,0xd3,0x00,
0xff,0xe2,0xaf,0xa8,0x07,0xff,0x06,0xa0,0x03,0xff,0x90,0x35,0x00,0x1f,0xf6,0x28,0x07,0xff,0x2d,0xe4,0x03,0xfa,0x8c,0x03,
0xff,0x9a,0xce,0x01,0xf3,0xa8,0x07,0xff,0x3e,0x0c,0x03,0x8a,0x00,0x3f,0xfa,0x3c,0x01,0xd0,0x01,0xff,0xd2,0x27,0x00,0x89,
0x40,0x3f,0xfa,0x72,0x01,0x58,0x07,0xff,0x50,0x58,0x00,0xe0,0x1f,0xfc,0x13,0xae,0xfd,0x92,0x00,0xff,0xe0,0xe8,0x18,0x80,
0x7f,0xf0,0x1f,0x14,0x40,0x9b,0x50,0x03,0xff,0x80,0x80,0xa0,0x1f,0xfc,0x05,0x80,0x0f,0xac,0x80,0x3f,0xf8,0x07,0xe0,0x1f,
0xfc,0x0b,0x00,0xfe,0x80,0x0f,0xfe,0x02,0x98,0x07,0xfc,0x82,0x01,0xfc,0xa0,0x1f,0xfc,0x01,0x10,0x07,0xfc,0x40,0x1f,0xf0,
0x80,0x7f,0xde,0x01,0xff,0xc0,0x10,0x0f,0xf8,0xc0,0x3f,0xf8,0x02,0x01,0xff,0x18,0x07,0xfc,0x40,0x1f,0xf7,0x90,0x07,0xfc,
0x82,0x01,0xfc,0xa0,0x1f,0xfc,0x02,0xe0,0x0f,0xfe,0x04,0x00,0x7f,0x40,0x07,0xff,0x01,0xd0,0x03,0xff,0x80,0xce,0x01,0xf5,
0x90,0x07,0xff,0x00,0x8a,0x00,0xff,0xe0,0x46,0x20,0x80,0xb6,0xa0,0x07,0xff,0x01,0x40,0x0a,0x01,0xff,0xc1,0x3b,0xef,0xe9,
0x20,0x0f,0xfe,0x0f,0x80,0x24,0x03,0xff,0xa8,0x2a,0x00,0x16,0x00,0xff,0xe9,0xc0,0x06,0x81,0x00,0xff,0xe8,0x93,0x00,0x61,
0xb0,0x0f,0xfe,0x8f,0x00,0x79,0x58,0x03,0xff,0x9f,0x06,0x01,0xf4,0xa0,0x07,0xff,0x35,0x9c,0x03,0xfa,0xd8,0x03,0xff,0x96,
0xf2,0x01,0xff,0x4c,0x00,0x7f,0xf2,0x06,0xa0,0x03,0xff,0x82,0xfa,0x80,0x1f,0xfc,0x55,0xf5,0x00,0xff,0xe1,0x95,0xe2,0x00,
0x7f,0xf0,0x57,0x68,0x40,0x3f,0xf8,0xc7,0x7d,0x4c,0x62,0x00,0x12,0x47,0xbf,0xa2,0x00,0xff,0x00,0x00,0x00,
};
static const lv_font_fmt_txt_glyph_dsc_t glyphs_black_104[]={{0,0,0,0,0,0},
{.bitmap_index=0,.adv_w=697,.box_w=40,.box_h=17,.ofs_x=2,.ofs_y=21},
{.bitmap_index=44,.adv_w=954,.box_w=54,.box_h=75,.ofs_x=3,.ofs_y=-1},
{.bitmap_index=586,.adv_w=592,.box_w=32,.box_h=73,.ofs_x=2,.ofs_y=0},
{.bitmap_index=742,.adv_w=958,.box_w=54,.box_h=74,.ofs_x=3,.ofs_y=0},
{.bitmap_index=1318,.adv_w=925,.box_w=54,.box_h=74,.ofs_x=2,.ofs_y=-1},
{.bitmap_index=1911,.adv_w=1067,.box_w=61,.box_h=73,.ofs_x=2,.ofs_y=0},
{.bitmap_index=2367,.adv_w=924,.box_w=53,.box_h=74,.ofs_x=3,.ofs_y=-1},
{.bitmap_index=2838,.adv_w=918,.box_w=54,.box_h=75,.ofs_x=2,.ofs_y=-1},
{.bitmap_index=3470,.adv_w=850,.box_w=53,.box_h=73,.ofs_x=0,.ofs_y=0},
{.bitmap_index=3975,.adv_w=925,.box_w=54,.box_h=75,.ofs_x=2,.ofs_y=-1},
{.bitmap_index=4704,.adv_w=894,.box_w=54,.box_h=75,.ofs_x=0,.ofs_y=-1},
{.bitmap_index=5326,.adv_w=634,.box_w=21,.box_h=54,.ofs_x=9,.ofs_y=0},
{.bitmap_index=5579,.adv_w=621,.box_w=37,.box_h=36,.ofs_x=1,.ofs_y=48}};
static const uint16_t unicode_black_104[]={0,3,4,5,6,7,8,9,10,11,12,13,131};
static const lv_font_fmt_txt_cmap_t cmap_black_104[]={{.range_start=45,.range_length=132,.glyph_id_start=1,.unicode_list=unicode_black_104,.list_length=13,.type=LV_FONT_FMT_TXT_CMAP_SPARSE_TINY}};
static const lv_font_fmt_txt_dsc_t dsc_black_104={.glyph_bitmap=bitmap_black_104,.glyph_dsc=glyphs_black_104,.cmaps=cmap_black_104,.cmap_num=1,.bpp=4,.bitmap_format=LV_FONT_FMT_TXT_COMPRESSED};
const lv_font_t font_wf_104={.get_glyph_dsc=lv_font_get_glyph_dsc_fmt_txt,.get_glyph_bitmap=lv_font_get_bitmap_fmt_txt,.line_height=85,.base_line=1,.dsc=&dsc_black_104,.user_data=(void *)font_license};
static const uint8_t bitmap_black_112[]={
0x2d,0xff,0xff,0xed,0xe8,0xa9,0x00,0x7f,0xf6,0xc9,0xfc,0x03,0xff,0xba,0x20,0x1f,0xff,0xf0,0x0f,0xff,0xf8,0x07,0xff,0xfc,
0x03,0xff,0xfe,0x01,0xff,0xff,0x00,0xff,0xff,0x80,0x7f,0xff,0xc0,0x3f,0xfa,0xde,0x01,0xff,0xdd,0x15,0x20,0x0f,0xfe,0xd9,
0x38,0x00,0x00,0x00,0xff,0xe4,0x0a,0x3d,0x5e,0xf7,0xfe,0xed,0xba,0x85,0x10,0x0f,0xfe,0xca,0x4e,0xf5,0xc2,0xa1,0x08,0x06,
0x12,0x45,0x7a,0xee,0x4a,0x00,0x7f,0xf4,0xc6,0x3a,0xd8,0x80,0x3f,0xf8,0xc2,0xd7,0xd0,0x40,0x1f,0xfc,0xe1,0x9e,0x71,0x00,
0xff,0xe6,0x0b,0xec,0x88,0x07,0xff,0x2d,0xb9,0x80,0x3f,0xfa,0x4d,0xce,0x01,0xff,0xc8,0x1b,0x90,0x0f,0xfe,0xb4,0x61,0x00,
0x7f,0xf1,0x4b,0xd0,0x03,0xff,0xb0,0x78,0x60,0x1f,0xfc,0x33,0xd1,0x00,0xff,0xed,0x0e,0x20,0x07,0xff,0x04,0xb4,0x03,0xff,
0xbd,0x68,0x01,0xff,0x0e,0x08,0x07,0xff,0x7e,0xc8,0x03,0xfd,0x42,0x01,0xff,0xe1,0xf0,0x0f,0xe7,0x40,0x0f,0xff,0x11,0x48,
0x07,0xc3,0x00,0x1f,0xfe,0x46,0x30,0x0f,0x58,0x07,0xff,0x9b,0xc0,0x38,0x54,0x03,0xff,0xcc,0x68,0x01,0xa4,0x03,0xff,0xd1,
0xe0,0x19,0x80,0x3f,0xfd,0x08,0x20,0x04,0x10,0x0f,0xff,0x4b,0x80,0x34,0x03,0xff,0x96,0x73,0xbf,0xed,0xa4,0x00,0xff,0xe5,
0xe8,0x01,0x40,0x3f,0xf9,0x55,0x8c,0x40,0x02,0x5b,0xb0,0x80,0x7f,0xf2,0x50,0x00,0x60,0x1f,0xfc,0x9b,0x50,0x0f,0xc9,0xa0,
0x1f,0xfc,0xa2,0x30,0x0f,0xfe,0x4b,0x20,0x07,0xf8,0xe0,0x03,0xff,0x92,0xec,0x01,0xff,0xc9,0xb0,0x0f,0xfe,0x03,0x88,0x07,
0xff,0x20,0x88,0x01,0xff,0xc8,0x32,0x00,0xff,0xe0,0xa0,0x07,0xff,0x23,0xbc,0x03,0xff,0x90,0xa0,0x1f,0xfc,0x2c,0x00,0xff,
0xe4,0x10,0x80,0x7f,0xf2,0x38,0x03,0xff,0x84,0x40,0x1f,0xfd,0xe1,0x00,0xff,0xe1,0x38,0x07,0xff,0x21,0xcc,0x03,0xff,0xfe,
0x01,0xff,0xdb,0x10,0x0f,0xff,0xf8,0x07,0xff,0xfc,0x03,0xff,0xfe,0x01,0xff,0xff,0x00,0xff,0xff,0x80,0x7f,0xff,0xc0,0x3f,
0xff,0xe0,0x1f,0xff,0xf0,0x0f,0xff,0xf8,0x07,0xff,0xfc,0x03,0xff,0xfe,0x01,0xff,0xff,0x00,0xff,0xff,0x80,0x7f,0xff,0xc0,
0x3f,0xff,0xe0,0x1f,0xff,0xf0,0x0f,0xff,0xf8,0x07,0xff,0xfc,0x03,0xff,0xba,0x26,0x01,0xff,0xff,0x00,0x84,0x03,0xff,0x84,
0xe0,0x1f,0xfc,0x87,0x10,0x0f,0xfe,0x47,0x00,0x7f,0xf0,0x88,0x03,0xff,0x90,0x3c,0x01,0xff,0xc8,0x50,0x0f,0xfe,0x16,0x00,
0x7f,0xf2,0x0c,0x80,0x3f,0xf9,0x06,0x40,0x1f,0xfc,0x14,0x00,0xff,0xe4,0x73,0x00,0x7f,0xf2,0x6c,0x03,0xff,0x80,0xe2,0x01,
0xff,0xc8,0x22,0x00,0x7f,0xf2,0x59,0x00,0x3f,0xc7,0x00,0x1f,0xfc,0x94,0x04,0x00,0xff,0xe4,0xda,0x80,0x7e,0x4d,0x00,0xff,
0xe4,0x88,0x80,0xc0,0x3f,0xf9,0x55,0x8c,0x40,0x02,0x5b,0xb0,0x80,0x7f,0xf2,0x50,0x01,0x60,0x1f,0xfc,0xb3,0x9d,0xff,0x6d,
0x20,0x07,0xff,0x2f,0xc0,0x06,0x40,0x1f,0xfe,0x95,0x00,0xa8,0x03,0xff,0xd0,0xc0,0x19,0x80,0x3f,0xfd,0x16,0x01,0x85,0x80,
0x3f,0xfc,0xca,0x40,0x1d,0x02,0x01,0xff,0xe5,0x80,0x0f,0x0c,0x00,0x7f,0xf9,0x20,0x80,0x3e,0x64,0x00,0xff,0xf1,0x1b,0x80,
0x7f,0x50,0x80,0x7f,0xf8,0x07,0x40,0x3f,0xc3,0x82,0x01,0xff,0xde,0x1c,0x10,0x0f,0xf8,0xb4,0x40,0x3f,0xfb,0xba,0x40,0x1f,
0xfc,0x13,0xc2,0x00,0xff,0xed,0x16,0x98,0x07,0xff,0x0c,0xb1,0x00,0x3f,0xfb,0x09,0x84,0x01,0xff,0xc5,0x1b,0x90,0x0f,0xfe,
0xb4,0xd8,0x80,0x7f,0xf2,0x1b,0x98,0x03,0xff,0xa4,0xdc,0xc0,0x1f,0xfc,0xb1,0x9e,0x71,0x00,0xff,0xe6,0x0b,0xf4,0x88,0x07,
0xff,0x38,0x63,0xad,0x84,0x03,0xff,0x8c,0x2d,0x7d,0x02,0x01,0xff,0xd3,0x49,0xee,0x5c,0x2a,0x10,0x80,0x61,0x24,0x57,0xbe,
0xe4,0xa0,0x07,0xff,0x14,0x00,0x00,0x00,0xff,0x8a,0x37,0xff,0xff,0x8f,0xa4,0x01,0xfc,0xb9,0xae,0x40,0x1f,0xfc,0x72,0x50,
0x0f,0x14,0x75,0x18,0x07,0xff,0x2f,0xc0,0x32,0x5e,0xb8,0x80,0x7f,0xf3,0xc5,0xfa,0xd0,0x03,0xff,0xa2,0x5d,0x02,0x01,0xff,
0xd3,0x50,0x0f,0xfe,0xb7,0x80,0x7f,0xff,0xc0,0x3f,0xff,0xe0,0x1f,0xff,0xf0,0x0f,0xff,0xf8,0x07,0xff,0xfc,0x03,0xff,0xd0,
0x28,0xf5,0xaa,0x01,0xff,0xc9,0xc0,0x00,0xa3,0xd6,0xf5,0xc2,0x91,0x00,0x3f,0xf9,0x29,0xdd,0x5c,0x29,0x00,0x7f,0xf4,0x04,
0x40,0x1f,0xff,0xf0,0x0f,0xff,0xf8,0x07,0xff,0xfc,0x03,0xff,0xfe,0x01,0xff,0xff,0x00,0xff,0xff,0x80,0x7f,0xff,0xc0,0x3f,
0xff,0xe0,0x1f,0xff,0xf0,0x0f,0xff,0xf8,0x07,0xff,0xfc,0x03,0xff,0xfe,0x01,0xff,0xff,0x00,0xff,0xff,0x80,0x7f,0xff,0xc0,
0x3f,0xff,0xe0,0x1f,0xff,0xf0,0x0f,0xff,0xf8,0x07,0xff,0xfc,0x03,0xff,0xfe,0x01,0xff,0xff,0x00,0xff,0xff,0x80,0x7f,0xff,
0xc0,0x3f,0xff,0xe0,0x1f,0xff,0xf0,0x0f,0xff,0x17,0x80,0x7f,0xf0,0x68,0x80,0x3f,0xf8,0xc4,0xa0,0x00,0x00,0x00,0xff,0xe4,
0x0a,0xbc,0xe6,0xf7,0x3f,0xdd,0xba,0xb9,0x64,0x10,0x0f,0xfe,0xd2,0xd6,0xf5,0x43,0x19,0x08,0x80,0x02,0x44,0x46,0x9b,0xec,
0x83,0x00,0xff,0xea,0x1d,0x7d,0x29,0x00,0x7f,0xf1,0x8d,0xf3,0x58,0x03,0xff,0xa0,0x99,0x85,0x00,0xff,0xe6,0x94,0xfc,0x00,
0x7f,0xf3,0x0b,0x2c,0xc0,0x3f,0xfa,0x4f,0xca,0x01,0xff,0xc9,0x8d,0x30,0x0f,0xfe,0xa8,0xd5,0x88,0x07,0xff,0x14,0x6d,0xc0,
0x3f,0xfb,0x29,0xe6,0x01,0xff,0xc3,0x2c,0x40,0x0f,0xfe,0xd8,0xe2,0x00,0x7f,0xf0,0x47,0x08,0x03,0xff,0xbd,0x68,0x01,0xff,
0x0e,0x08,0x07,0xff,0x82,0xcc,0x03,0xfd,0x44,0x01,0xff,0xe2,0xe0,0x0f,0xe6,0x40,0x0f,0xff,0x19,0x50,0x07,0xc3,0x20,0x1f,
0xfe,0x55,0x40,0x0f,0x40,0x07,0xff,0x9e,0x00,0x38,0x58,0x03,0xff,0xce,0x6a,0x01,0x98,0x03,0xff,0xd3,0xc0,0x1a,0xc0,0x3f,
0xfd,0x28,0x20,0x01,0x30,0x0f,0xff,0x53,0x00,0x14,0x03,0xff,0x98,0xb5,0xdf,0xed,0xa3,0x00,0xff,0xe5,0xe0,0x00,0x80,0x3f,
0xf9,0x45,0xb4,0xa2,0x00,0x25,0xca,0x00,0xff,0xe5,0x28,0x03,0xc0,0x3f,0xf9,0x23,0x84,0x01,0xf9,0x70,0x03,0xff,0x92,0x22,
0x03,0x00,0xff,0xe4,0xd0,0x80,0x7f,0x8d,0xc0,0x3f,0xf9,0x24,0x01,0xff,0xca,0x14,0x00,0xff,0xe0,0x50,0x07,0xff,0x25,0xc0,
0x3f,0xf9,0x4a,0x01,0xff,0xc1,0x20,0x0f,0xfe,0x48,0x80,0x7f,0xf2,0x84,0x03,0xff,0xf8,0x40,0x1f,0xfc,0x91,0x00,0xff,0xec,
0x50,0x07,0xff,0x25,0x83,0x00,0x3f,0xf9,0x18,0x01,0xff,0xc0,0x17,0x00,0xff,0xe4,0x90,0x36,0x55,0x7f,0xf1,0xb1,0x80,0x3f,
0xf8,0x10,0x01,0xff,0xc9,0x20,0x08,0xd5,0x7f,0xf8,0xc6,0x01,0xff,0xc0,0x46,0x00,0xff,0xe4,0xa8,0x07,0xff,0x58,0x68,0x03,
0xff,0x95,0x60,0x1f,0xfd,0x6a,0x10,0x0f,0xfe,0x49,0x18,0x07,0xff,0x56,0x50,0x03,0xff,0x95,0x60,0x1f,0xfd,0x57,0x60,0x0f,
0xfe,0x50,0xb0,0x07,0xff,0x51,0xa0,0x03,0xff,0x97,0x00,0x1f,0xfd,0x45,0x90,0x0f,0xfe,0x59,0x30,0x07,0xff,0x4d,0x68,0x03,
0xff,0x99,0xc0,0x1f,0xfd,0x35,0xa0,0x0f,0xfe,0x63,0x18,0x07,0xff,0x49,0x68,0x03,0xff,0x98,0x52,0x01,0xff,0xd2,0x5a,0x00,
0xff,0xe6,0xf8,0x07,0xff,0x49,0x68,0x03,0xff,0x9b,0x24,0x01,0xff,0xd1,0x5a,0x00,0xff,0xe6,0xb3,0x00,0x3f,0xfa,0x2b,0x40,
0x1f,0xfc,0xd4,0x90,0x0f,0xfe,0x8a,0xd0,0x07,0xff,0x34,0xec,0x03,0xff,0xa2,0xb4,0x01,0xff,0xcd,0x2d,0x00,0xff,0xe8,0xad,
0x00,0x7f,0xf3,0x4b,0x04,0x03,0xff,0xa0,0xb4,0x01,0xff,0xcd,0x2c,0x10,0x0f,0xfe,0x82,0xd0,0x07,0xff,0x34,0xb0,0x40,0x3f,
0xfa,0x0b,0x40,0x1f,0xfc,0xd2,0xc1,0x00,0xff,0xe8,0x2d,0x00,0x7f,0xf3,0x4b,0x04,0x03,0xff,0xa0,0xb4,0x01,0xff,0xcd,0x3c,
0x10,0x0f,0xfe,0x82,0xd0,0x07,0xff,0x34,0xf0,0x40,0x3f,0xfa,0x0b,0x40,0x1f,0xfc,0xd4,0xc0,0x0f,0xfe,0x8a,0xd0,0x07,0xff,
0x35,0x6c,0x03,0xff,0xa2,0xd4,0x01,0xff,0xcd,0x6a,0x00,0xff,0xe8,0xb4,0x80,0x7f,0xf3,0x62,0x40,0x3f,0xfa,0x2f,0x20,0x1f,
0xfc,0xd9,0x70,0x0f,0xfe,0x8c,0x40,0x03,0xff,0x9b,0x4c,0x01,0xff,0xd1,0x97,0x00,0xff,0xe6,0xda,0x80,0x7f,0xf4,0x6d,0x80,
0x3f,0xf9,0xb8,0x80,0x1f,0xfd,0x01,0xc4,0x00,0xff,0xe6,0x0e,0x18,0x07,0xff,0x40,0x70,0xc0,0x3f,0xf9,0xa3,0x9f,0xff,0xfc,
0xea,0x00,0x59,0x00,0x7f,0xfa,0x94,0x41,0x00,0x3f,0xfd,0x86,0x02,0x01,0xff,0xff,0x00,0xff,0xff,0x80,0x7f,0xff,0xc0,0x3f,
0xff,0xe0,0x1f,0xff,0xf0,0x0f,0xff,0xf8,0x07,0xff,0xfc,0x03,0xff,0xfe,0x01,0xff,0xff,0x00,0xff,0xff,0x80,0x7f,0xf1,0x04,
0x03,0xff,0xd8,0x61,0x20,0x1f,0xfe,0xb5,0x10,0x00,0x00,0x00,0xb3,0xff,0xff,0xce,0xc0,0x19,0x4c,0x03,0xff,0xcf,0x60,0x18,
0xc0,0x3f,0xfd,0x06,0x01,0xff,0xff,0x00,0xff,0xff,0x80,0x7f,0xff,0xc0,0x3f,0xff,0xe0,0x1f,0xff,0xf0,0x0f,0xff,0xf8,0x07,
0xff,0xfc,0x03,0xff,0xfe,0x01,0xff,0xff,0x00,0xff,0xff,0x80,0x7e,0x30,0x0f,0xff,0x6a,0x18,0x07,0xff,0xb0,0x73,0xff,0xff,
0x94,0xc0,0x1f,0xfd,0x03,0x00,0xff,0xe7,0x1e,0xb0,0x07,0xff,0x41,0x40,0x3f,0xf9,0xb1,0x84,0x01,0xff,0xd0,0x88,0x00,0x7f,
0xf2,0xcf,0x5c,0x03,0xff,0xa0,0x58,0xe0,0x1f,0xfc,0xb8,0xc2,0x00,0xff,0xe8,0x3e,0x98,0x07,0xff,0x28,0xf5,0xc0,0x3f,0xfa,
0x05,0x90,0x01,0xff,0xcb,0x8c,0x20,0x0f,0xfe,0x83,0x69,0x80,0x7f,0xf2,0x8f,0x5c,0x03,0xff,0xa0,0x35,0x20,0x1f,0xfc,0xb7,
0xc2,0x00,0xff,0xe8,0x27,0xa8,0x07,0xff,0x28,0xb2,0x00,0x3f,0xfa,0x33,0x62,0x01,0xff,0xca,0x7d,0x30,0x0f,0xfe,0x81,0x6b,
0x00,0x7f,0xf2,0xea,0x00,0x3f,0xfa,0x46,0xa2,0x01,0xff,0xcb,0x50,0x0f,0xfe,0x98,0xc7,0x51,0x80,0x7f,0xf2,0x58,0x03,0xff,
0xac,0xb9,0x20,0x1f,0xfc,0x89,0x20,0x0f,0xfe,0xbb,0x69,0x00,0x7f,0xf1,0xf8,0x03,0xff,0xb0,0x5a,0x80,0x1f,0xfc,0x63,0x70,
0x0f,0xfe,0xcd,0x98,0x07,0xff,0x1a,0x0c,0x03,0xff,0xb3,0xa2,0x01,0xff,0xc6,0xe0,0x0f,0xfe,0xc8,0xe8,0x07,0xff,0x18,0xa4,
0x03,0xff,0xb2,0x6c,0x01,0xff,0xc6,0x64,0x00,0xff,0xec,0xc8,0x80,0x7f,0xf1,0xa8,0x40,0x3f,0xfb,0x32,0x01,0xff,0xc6,0x1a,
0x00,0xff,0x2b,0xb1,0x80,0x7f,0xf2,0xdc,0x03,0xff,0x8e,0x8c,0x01,0xf3,0xf5,0x44,0xe6,0xa0,0x07,0xff,0x29,0x80,0x3f,0xf8,
0xf2,0x40,0x18,0xb6,0x04,0x03,0x15,0xa8,0x07,0xff,0x26,0x80,0x3f,0xf9,0x1c,0x01,0x36,0x90,0x07,0xea,0x20,0x0f,0xfe,0x41,
0x88,0x07,0xff,0x1c,0xe9,0x2a,0x40,0x3f,0xe9,0x00,0xff,0xe4,0xa0,0x07,0xff,0x21,0x6d,0x40,0x3f,0xf8,0x08,0x20,0x1f,0xfc,
0x8c,0x00,0xff,0xec,0x38,0x07,0xff,0x21,0x40,0x3f,0xfb,0x18,0x01,0xff,0xc8,0x20,0x0f,0xfe,0xc3,0x00,0x7f,0xf2,0x04,0x40,
0x1f,0xfd,0x72,0x00,0xff,0xe4,0x98,0x07,0xff,0x5c,0x40,0x3f,0xf9,0x22,0x2a,0xbc,0xcf,0xfe,0x25,0xd0,0x80,0x7f,0xf0,0x44,
0x03,0xff,0x95,0x0a,0x86,0x7f,0xfc,0x44,0x5b,0x00,0xff,0xf6,0xb8,0x07,0xff,0x05,0x40,0x3f,0xf9,0x23,0xc0,0x1f,0xfc,0x82,
0x00,0xff,0xe0,0x90,0x07,0xff,0x24,0xc4,0x03,0xff,0x92,0x80,0x1f,0xfc,0x0d,0x00,0xff,0xe4,0x8a,0x80,0x7f,0xf2,0x74,0x03,
0xfe,0x14,0x00,0xff,0xe4,0x18,0x18,0x07,0xff,0x25,0x84,0x03,0xfd,0x20,0x1f,0xfc,0x95,0x00,0x10,0x07,0xff,0x26,0xc0,0x3f,
0x8d,0xc0,0x3f,0xf9,0x38,0x00,0x40,0x0f,0xfe,0x4a,0xc0,0x07,0xc7,0xa0,0x1f,0xfc,0xa4,0x00,0x68,0x07,0xff,0x29,0xf1,0x48,
0x04,0xe7,0x04,0x03,0xff,0x92,0x62,0x00,0x41,0x00,0xff,0xe5,0x1d,0x6f,0xf6,0x30,0x07,0xff,0x2e,0xc0,0x33,0x00,0x7f,0xfa,
0x18,0x03,0x48,0x07,0xff,0x9d,0x44,0x03,0x0b,0x80,0x7f,0xf9,0xa0,0x03,0xd0,0x20,0x1f,0xfe,0x45,0x20,0x0f,0xa0,0x03,0xff,
0xc9,0x00,0x1f,0x99,0x40,0x3f,0xfc,0x52,0x40,0x1f,0xd6,0x20,0x1f,0xfe,0x04,0x60,0x0f,0xf0,0xe8,0x07,0xff,0x7c,0x68,0x03,
0xff,0x80,0x78,0x01,0xff,0xdd,0x1c,0x10,0x0f,0xfe,0x09,0xe0,0x07,0xff,0x6c,0x70,0x80,0x3f,0xf8,0x67,0x84,0x01,0xff,0xd8,
0x3c,0x20,0x0f,0xfe,0x29,0xea,0x80,0x7f,0xf5,0x9b,0x08,0x03,0xff,0x91,0x52,0x01,0xff,0xd3,0x1b,0x90,0x0f,0xfe,0x5b,0x73,
0x00,0x7f,0xf4,0x1f,0x90,0x03,0xff,0x9a,0x33,0xce,0x20,0x1f,0xfc,0xa1,0x8e,0x80,0x0f,0xfe,0x88,0xc7,0x52,0x88,0x07,0xff,
0x10,0x5a,0xf9,0xc4,0x03,0xff,0xaa,0xb5,0xd9,0x2c,0x84,0x20,0x18,0x4d,0x1e,0xb7,0xa5,0x00,0x3f,0xf8,0xc0,0x00,0x00,0x00,
0xff,0xe3,0xaf,0x7f,0xff,0xf1,0xf8,0x80,0x3f,0xfb,0xf6,0x20,0x1f,0xfc,0x71,0x70,0x0f,0xfe,0xf3,0x08,0x07,0xff,0x25,0x00,
0x3f,0xfb,0xd4,0x01,0xff,0xc9,0x61,0x00,0xff,0xee,0x99,0x80,0x3f,0xf9,0x34,0x01,0xff,0xde,0x90,0x0f,0xfe,0x49,0x98,0x03,
0xff,0xba,0x2a,0x01,0xff,0xc9,0x90,0x0f,0xfe,0xf4,0x80,0x7f,0xf2,0x45,0x40,0x3f,0xfb,0xcc,0x01,0xff,0xc9,0x90,0x0f,0xfe,
0xf3,0x08,0x07,0xff,0x25,0x80,0x3f,0xfb,0xd6,0x01,0xff,0xc9,0x51,0x00,0xff,0xee,0xa1,0x00,0x7f,0xf2,0x64,0x03,0xff,0xbd,
0xe0,0x1f,0xfc,0x93,0x30,0x07,0xff,0x74,0x90,0x03,0xff,0x93,0x20,0x1f,0xfd,0xeb,0x00,0xff,0xe4,0x8a,0x80,0x7f,0xf7,0x98,
0x03,0xff,0x92,0xc0,0x1f,0xfd,0xe7,0x00,0xff,0xe5,0x48,0x07,0xff,0x7a,0x80,0x3f,0xf9,0x2a,0x20,0x1f,0xfd,0xd4,0x20,0x0f,
0xfe,0x4c,0x80,0x7f,0xf7,0xbc,0x03,0xff,0x92,0x46,0x01,0xff,0xdd,0x24,0x00,0xff,0xe4,0xd8,0x07,0xff,0x7a,0xc0,0x3f,0xf9,
0x22,0xc0,0x1f,0xfd,0xd1,0x60,0x0f,0xfe,0x4b,0x00,0x7f,0xf7,0x98,0x03,0xff,0x95,0x40,0x1f,0xfd,0xe9,0x00,0xff,0xe4,0xa1,
0x00,0x7f,0xf7,0x54,0x40,0x3f,0xf9,0x3e,0x01,0xff,0xde,0x90,0x0f,0xfe,0x49,0x20,0x07,0xff,0x74,0xcc,0x01,0xff,0xc9,0xb0,
0x0f,0xaf,0xff,0xff,0x8d,0xc6,0x01,0xff,0xc2,0x90,0x0f,0xfe,0x53,0x00,0x79,0x10,0x01,0xff,0xc6,0x19,0x00,0xff,0xe0,0x8a,
0x80,0x7f,0xf2,0x58,0x03,0xe1,0x00,0xff,0xe4,0x08,0x07,0xff,0x06,0x40,0x3f,0xf9,0x56,0x01,0xff,0xde,0x60,0x0f,0xfe,0x4a,
0x10,0x07,0xff,0x75,0x84,0x03,0xff,0x93,0xe0,0x1f,0xfd,0xea,0x00,0xff,0xe4,0x92,0x00,0x7f,0xf7,0x4c,0xc0,0x1f,0xfc,0x9a,
0x00,0xff,0xef,0x48,0x07,0xff,0x29,0x80,0x3f,0xfb,0xa2,0xa0,0x1f,0xfc,0x96,0x10,0x0f,0xfe,0xec,0x80,0x7f,0xf2,0xac,0x03,
0xff,0xbc,0xc0,0x1f,0xfc,0x93,0x20,0x0f,0xfe,0xeb,0x08,0x07,0xff,0x26,0x40,0x3f,0xfb,0xd6,0x01,0xff,0xca,0x50,0x0f,0xf8,
0x80,0x3f,0xf9,0x0e,0x01,0xf9,0x08,0x03,0xff,0x95,0xff,0xff,0xc0,0x80,0x0f,0xfe,0x41,0xff,0xf6,0x90,0x78,0x07,0xff,0xc8,
0x94,0x90,0x03,0xff,0xe7,0xe8,0x01,0xff,0xf5,0xe0,0x0f,0xff,0xf8,0x07,0xff,0xfc,0x03,0xff,0xfe,0x01,0xff,0xff,0x00,0xff,
0xff,0x80,0x7f,0xff,0xc0,0x3f,0xff,0xe0,0x1f,0xff,0xf0,0x0f,0xff,0xf8,0x07,0xff,0xfc,0x03,0xff,0xbb,0xe0,0x1f,0xff,0x4f,
0x52,0x00,0xff,0xf9,0x12,0x96,0xff,0xff,0xf5,0xe0,0x03,0xff,0x90,0x7f,0xfd,0xa4,0x01,0xff,0xd9,0x20,0x0f,0xfe,0x43,0x80,
0x7f,0xff,0xc0,0x3f,0xff,0xe0,0x1f,0xff,0xf0,0x0f,0xff,0xf8,0x07,0xff,0xfc,0x03,0xff,0xfe,0x01,0xff,0xff,0x00,0xff,0xff,
0x80,0x7f,0xff,0xc0,0x3f,0xff,0xe0,0x1f,0xff,0xf0,0x0f,0xff,0xf8,0x07,0xff,0xfc,0x03,0xff,0xfe,0x01,0xc2,0x01,0xff,0xe0,
0x53,0x00,0xff,0xe3,0x0f,0x00,0x7c,0x00,0x00,0x4e,0xff,0xff,0xf3,0xe0,0x05,0xe2,0x01,0xff,0xe7,0x34,0x00,0x38,0x07,0xff,
0xa4,0x40,0x3f,0xff,0xe0,0x1f,0xff,0xf0,0x0f,0xff,0xf8,0x07,0xff,0xfc,0x03,0xff,0xfe,0x01,0xff,0xff,0x00,0xff,0xff,0x80,
0x7f,0xff,0xc0,0x3f,0xff,0xe0,0x1f,0xff,0xf0,0x0f,0xff,0x18,0x80,0x7f,0xfa,0xcd,0x00,0x3f,0xf9,0x73,0xff,0xff,0xd3,0xc0,
0x0f,0xfe,0x61,0x00,0x7f,0xff,0xc0,0x3f,0xff,0xe0,0x1f,0xff,0xf0,0x0f,0xff,0xf8,0x07,0xff,0xfc,0x03,0xff,0xfe,0x01,0xfc,
0x2d,0x39,0xdf,0xf7,0x6d,0xc2,0x88,0x07,0xff,0x75,0xb3,0xa5,0x8c,0x40,0x21,0x24,0x7a,0xec,0x71,0x00,0xff,0xec,0x7e,0xc9,
0x80,0x7f,0xf0,0x8e,0x3a,0x48,0x03,0xff,0xac,0x84,0x01,0xff,0xc7,0x6d,0x80,0x0f,0xff,0x63,0xe9,0x80,0x7f,0xfa,0xcb,0x18,
0x03,0xff,0xd9,0x32,0x00,0xff,0xf6,0x34,0x80,0x7f,0xfb,0x1a,0x00,0x3f,0xfd,0x8e,0xa0,0x1f,0xfe,0xca,0x20,0x0f,0xff,0x67,
0x00,0x7f,0xfb,0x0d,0x80,0x3f,0xfd,0x96,0x01,0xff,0xec,0x26,0x00,0xff,0xf6,0x58,0x07,0xff,0xb0,0x8c,0x03,0xff,0xd9,0x40,
0x1f,0xfc,0xe3,0x9d,0xfe,0xb4,0x00,0xff,0xe5,0xa0,0x07,0xff,0x30,0xaf,0x18,0x80,0x52,0xe4,0x03,0xff,0x94,0x42,0xe0,0x1f,
0xfc,0x92,0xc4,0x00,0xf9,0xa8,0x03,0xff,0x94,0x84,0x01,0xff,0xc9,0xe1,0x00,0xfe,0x55,0x00,0x7f,0xf2,0x4a,0x64,0xef,0xff,
0xc6,0x8c,0x30,0x0f,0xfa,0x40,0x3f,0xf9,0x3c,0x0d,0x11,0xff,0xc6,0x73,0x00,0xff,0xe0,0x18,0x07,0xff,0x24,0x80,0x3f,0xfa,
0xe6,0x01,0xff,0xc8,0x70,0x0f,0xfe,0xbb,0x80,0x7f,0xfb,0x1c,0x03,0xff,0xd8,0x20,0x1f,0xfc,0x87,0x6e,0xff,0xff,0xe3,0x72,
0x80,0x7f,0xf0,0x04,0x80,0x3f,0xf9,0x03,0xa2,0x01,0xff,0xc6,0x1b,0x00,0xff,0xe0,0x38,0x07,0xff,0x24,0x88,0x01,0xff,0xc8,
0x18,0x00,0xff,0xac,0x03,0xff,0x93,0xde,0x01,0xff,0xc9,0x73,0x00,0xfe,0x92,0x00,0xff,0xe4,0xaa,0x80,0x3f,0xf9,0x5a,0x60,
0x1f,0x43,0x00,0x7f,0xf2,0x8c,0xc0,0x1f,0xfc,0xa1,0xc9,0x31,0x02,0x6d,0x70,0x0f,0xfe,0x52,0x00,0x14,0x03,0xff,0x96,0xd9,
0xdf,0xb2,0x40,0x1f,0xfc,0xbd,0x00,0x70,0x07,0xff,0xa5,0xc0,0x08,0x20,0x1f,0xfe,0x75,0x10,0x0a,0x00,0x3f,0xfc,0xf0,0x01,
0x98,0x80,0x3f,0xfc,0xaa,0x40,0x1d,0x00,0x1f,0xfe,0x58,0x00,0xf2,0xa8,0x03,0xff,0xc7,0x04,0x01,0xf5,0x10,0x07,0xff,0x85,
0x5c,0x03,0xfb,0xc0,0x3f,0xfc,0x05,0x40,0x1f,0xe2,0xb0,0x0f,0xfe,0xf1,0x78,0x07,0xff,0x01,0x30,0x03,0xff,0xb8,0x58,0x40,
0x1f,0xfc,0x13,0xc1,0x00,0xff,0xec,0x9e,0x08,0x07,0xff,0x0c,0xfd,0x40,0x3f,0xfa,0xf1,0x82,0x01,0xff,0xc5,0x1a,0xa0,0x80,
0x7f,0xf4,0xcf,0x5c,0x03,0xff,0x92,0xbe,0xc0,0x1f,0xfd,0x01,0x9c,0x20,0x0f,0xfe,0x58,0xcf,0x38,0x80,0x7f,0xf2,0xce,0xb9,
0x80,0x3f,0xf9,0xe3,0x1d,0x6c,0x20,0x1f,0xfc,0x53,0x7d,0xc5,0x00,0xff,0xea,0x24,0xf6,0xd3,0xa9,0x88,0x06,0x12,0x35,0x8b,
0xec,0x82,0x00,0xff,0xe2,0x80,0x00,0x00,0x00,0xff,0xe3,0x0a,0x3c,0xde,0xf7,0x3f,0xee,0xdc,0xa8,0x63,0x00,0xff,0xec,0x24,
0xef,0x5c,0x32,0x10,0x88,0x02,0x12,0x35,0x79,0xcf,0xb7,0x10,0x0f,0xfe,0x89,0x4f,0x5b,0x10,0x07,0xff,0x1d,0x23,0xb1,0x80,
0x3f,0xf9,0xa5,0x5a,0xc2,0x01,0xff,0xcd,0x39,0xe6,0x00,0xff,0xe5,0x4e,0xa8,0x07,0xff,0x48,0x67,0x4c,0x03,0xff,0x8c,0x9c,
0xc0,0x1f,0xfd,0x62,0xc8,0x00,0xff,0xe2,0x35,0x88,0x07,0xff,0x65,0xec,0x03,0xff,0x85,0x12,0x01,0xff,0xdc,0x4c,0x10,0x0f,
0xf9,0x9c,0x03,0xff,0xbc,0x7a,0x01,0xfe,0x49,0x00,0xff,0xf0,0x1d,0x00,0x7f,0x50,0x07,0xff,0x89,0x54,0x01,0xf4,0x88,0x07,
0xff,0x8e,0xc0,0x3c,0x4c,0x01,0xff,0xe4,0x18,0x00,0xea,0x00,0xff,0xf3,0x30,0x07,0x30,0x07,0xff,0x98,0x54,0x02,0x41,0x00,
0xff,0xf3,0xf0,0x04,0x60,0x1f,0xfe,0x85,0x00,0xb0,0x03,0xff,0xd0,0x24,0x00,0x60,0x0f,0xfe,0x5a,0xdf,0x7f,0x51,0x00,0x7f,
0xf2,0xd8,0x00,0x60,0x1f,0xfc,0xab,0xa4,0x10,0x15,0xd6,0x00,0xff,0xe5,0x08,0x00,0x40,0x3f,0xf9,0x36,0x80,0x1f,0x4a,0x00,
0x7f,0xf2,0x4c,0x03,0xff,0x96,0xa8,0x01,0xfd,0x20,0x1f,0xfc,0x91,0x00,0xff,0xe5,0xf0,0x07,0xf8,0x8c,0x03,0xff,0xc0,0xa0,
0x1f,0xf3,0x00,0x7f,0xfb,0x0c,0x03,0xff,0xd9,0xc0,0x1f,0xfc,0x83,0x00,0xff,0xeb,0xbc,0xbb,0xff,0xf1,0xa9,0x00,0x3f,0xfb,
0x0d,0x11,0xff,0xc6,0x50,0x0f,0xff,0xf8,0x07,0xfc,0x8f,0x5b,0xdf,0xee,0xdc,0x96,0x20,0x0f,0xfe,0xe8,0xc7,0x5c,0x29,0x08,
0x00,0x48,0xda,0x77,0xa0,0x80,0x3f,0xfb,0x2f,0xce,0x20,0x1f,0xfc,0x11,0x7d,0xc3,0x00,0xff,0xeb,0x74,0x00,0x7f,0xf1,0xcf,
0x2c,0x80,0x3f,0xfd,0x69,0xae,0x01,0xff,0xec,0x8c,0x10,0x0f,0xff,0x59,0xe0,0x80,0x7f,0xfa,0xcb,0x08,0x03,0xff,0xd6,0x5e,
0x01,0xff,0xec,0x2a,0x00,0xff,0xf6,0x2b,0x00,0x7f,0xfb,0x24,0x40,0x3f,0xfd,0x90,0x01,0xff,0xec,0x62,0x00,0xff,0xf6,0x40,
0x07,0xff,0xb1,0x44,0x03,0xff,0xd8,0xe0,0x1f,0xfe,0xcc,0x00,0xff,0xe6,0x94,0x6f,0x7f,0x5a,0x80,0x7f,0xf2,0xd0,0x03,0xff,
0x98,0xfa,0xe4,0x20,0x29,0x58,0x20,0x1f,0xfc,0x91,0x00,0xff,0xe5,0xb4,0x00,0x7e,0x3d,0x00,0xff,0xe5,0x10,0x07,0xff,0x24,
0x64,0x03,0xfc,0x6e,0x01,0xff,0xc9,0x70,0x0f,0xfe,0x4b,0x80,0x7f,0xf0,0x24,0x03,0xff,0xbf,0x80,0x1f,0xfc,0x01,0x30,0x0f,
0xfe,0x41,0x80,0x7f,0xf2,0x58,0x03,0xff,0x82,0xc0,0x1f,0xfc,0x81,0x10,0x07,0xff,0x58,0xc0,0x3f,0xf9,0x02,0x01,0xff,0xc9,
0x70,0x0f,0xfe,0x09,0x80,0x7f,0xf2,0x4c,0x03,0xff,0x90,0x40,0x1f,0xfc,0x17,0x00,0xff,0xe4,0x1b,0x00,0x7f,0xf2,0x34,0x03,
0xff,0x80,0x44,0x00,0xff,0xe4,0x31,0x80,0x7f,0xf2,0x10,0x80,0x3f,0xe8,0x00,0xff,0xe4,0x97,0x00,0x7f,0xf2,0x64,0x03,0xfc,
0xaa,0x00,0xff,0xe4,0x8a,0x00,0x7f,0xf2,0x52,0x40,0x3f,0x35,0x00,0x7f,0xf2,0x50,0x08,0x80,0x1f,0xfc,0x96,0xd7,0x20,0x01,
0x2e,0x48,0x07,0xff,0x2b,0x00,0x08,0x01,0xff,0xca,0x28,0xdf,0xf6,0xd1,0x80,0x7f,0xf2,0xd0,0x01,0x60,0x1f,0xfe,0x82,0x30,
0x01,0x18,0x07,0xff,0x9e,0x80,0x34,0x00,0x7f,0xf9,0x85,0xc0,0x32,0x18,0x07,0xff,0x96,0x00,0x3d,0xe0,0x1f,0xfe,0x42,0x60,
0x0f,0x1b,0x00,0x7f,0xf8,0xf8,0x03,0xf4,0x98,0x07,0xff,0x86,0x0c,0x03,0xfb,0x84,0x03,0xff,0xbe,0xae,0x01,0xfe,0x2d,0x00,
0xff,0xef,0x25,0x00,0x7f,0xf0,0x0f,0x04,0x03,0xff,0xb6,0xb6,0x01,0xff,0xc2,0x3c,0x10,0x0f,0xfe,0xcb,0x50,0x07,0xff,0x10,
0xbd,0x40,0x3f,0xfa,0xc3,0x72,0x01,0xff,0xc6,0x1a,0xa0,0x80,0x7f,0xf4,0xd7,0xd0,0x03,0xff,0x92,0xbe,0xe0,0x1f,0xfd,0x03,
0xba,0x10,0x0f,0xfe,0x58,0xc7,0x38,0x80,0x7f,0xf2,0xd2,0xf1,0x00,0x3f,0xf9,0xe3,0x1d,0x6c,0x20,0x1f,0xfc,0x54,0x9e,0xb4,
0x00,0xff,0xea,0x24,0xf6,0xd3,0xa1,0x88,0x06,0x12,0x46,0x8c,0xfb,0x61,0x00,0xff,0xe2,0x80,0x00,0x00,0x6f,0xff,0xff,0x4d,
0x05,0x80,0x7f,0xfa,0x54,0x8c,0x03,0xff,0xd4,0x20,0x1f,0xff,0xf0,0x0f,0xff,0xf8,0x07,0xff,0xfc,0x03,0xff,0xfe,0x01,0xff,
0xff,0x00,0xff,0xff,0x80,0x7f,0xff,0xc0,0x3f,0xff,0xe0,0x1f,0xfc,0x41,0x00,0xff,0xff,0x80,0x7f,0xff,0xc0,0x3f,0xff,0x82,
0x01,0xff,0xc5,0xef,0xff,0xfe,0x15,0x80,0x7f,0xf2,0x44,0x80,0x3f,0xf8,0xa2,0x01,0xff,0xc2,0xc0,0x0f,0xfe,0x4b,0x80,0x7f,
0xf5,0x58,0x03,0xff,0x93,0x60,0x1f,0xfd,0x45,0x10,0x0f,0xfe,0x41,0x90,0x07,0xff,0x53,0x80,0x3f,0xf9,0x34,0x01,0xff,0xd4,
0x24,0x00,0xff,0xe4,0xb0,0x01,0x00,0x3f,0xf8,0x68,0x01,0xff,0xc1,0xa0,0x0f,0xfe,0x4b,0x00,0x57,0x99,0xff,0xc3,0xb0,0x0f,
0xfe,0x0b,0x00,0x7f,0xf2,0x68,0x03,0x19,0xff,0xf0,0xc0,0x3f,0xf8,0x2a,0x20,0x1f,0xfc,0x83,0x30,0x07,0xff,0x53,0x80,0x3f,
0xf9,0x34,0x01,0xff,0xd4,0x24,0x00,0xff,0xe4,0xb0,0x07,0xff,0x52,0x80,0x3f,0xf9,0x2c,0x01,0xff,0xd5,0x60,0x0f,0xfe,0x4d,
0x00,0x7f,0xf5,0x14,0x40,0x3f,0xf9,0x06,0x60,0x0f,0xfe,0xa4,0x80,0x7f,0xf2,0x68,0x03,0xff,0xa8,0x46,0x01,0xff,0xc9,0x60,
0x0f,0xfe,0xa5,0x80,0x7f,0xf2,0x58,0x03,0xff,0xaa,0xe0,0x1f,0xfc,0x9a,0x00,0xff,0xea,0x28,0x80,0x7f,0xf2,0x0c,0xc0,0x1f,
0xfd,0x49,0x00,0xff,0xe4,0xd0,0x07,0xff,0x50,0x8c,0x03,0xff,0x92,0xc0,0x1f,0xfd,0x4b,0x00,0xff,0xe4,0xb0,0x07,0xff,0x55,
0x80,0x3f,0xf9,0x34,0x01,0xff,0xd4,0x60,0x0f,0xfe,0x49,0x18,0x07,0xff,0x52,0x80,0x3f,0xf9,0x36,0x01,0xff,0xd4,0x33,0x00,
0x7f,0xf2,0x5c,0x03,0xff,0xa9,0x40,0x1f,0xfc,0x95,0x10,0x0f,0xfe,0xa3,0x00,0x7f,0xf2,0x64,0x03,0xff,0xa8,0xc0,0x1f,0xfc,
0x92,0x30,0x0f,0xfe,0xa5,0x00,0x7f,0xf2,0x6c,0x03,0xff,0xa8,0x66,0x00,0xff,0xe4,0xb8,0x07,0xff,0x52,0x80,0x3f,0xf9,0x2a,
0x20,0x1f,0xfd,0x46,0x00,0xff,0xe4,0xc8,0x07,0xff,0x51,0x80,0x3f,0xf9,0x24,0x60,0x1f,0xfd,0x4b,0x00,0xff,0xe4,0xd0,0x07,
0xff,0x50,0xc8,0x03,0xff,0x92,0xc0,0x1f,0xfd,0x49,0x00,0xff,0xe4,0xa8,0x80,0x7f,0xf4,0xc5,0x40,0x3f,0xf9,0x32,0x01,0xff,
0xd4,0x60,0x0f,0xfe,0x49,0x18,0x07,0xff,0x52,0x80,0x3f,0xf9,0x34,0x01,0xff,0xd4,0x42,0x00,0xff,0xe4,0xb0,0x07,0xff,0x53,
0x80,0x3f,0xf9,0x2a,0x20,0x1f,0xfd,0x31,0x50,0x0f,0xfe,0x4f,0x00,0x7f,0xf5,0x18,0x03,0xff,0x92,0x48,0x01,0xff,0xd4,0xa0,
0x0f,0xfe,0x4d,0x00,0x7f,0xf5,0x10,0x80,0x3f,0xf9,0x2c,0x01,0xff,0xd4,0xe0,0x0f,0xfe,0x4a,0x88,0x07,0xff,0x4c,0x54,0x03,
0xff,0x93,0xc0,0x1f,0xfd,0x46,0x00,0xff,0xe4,0x92,0x00,0x7f,0xf5,0x24,0x03,0xff,0x93,0x40,0x1f,0xfd,0x44,0x10,0x0f,0xfe,
0x4b,0x00,0x7f,0xf5,0x3c,0x03,0xff,0x92,0xa2,0x01,0xff,0xd3,0x14,0x00,0xff,0xe4,0xf0,0x07,0xff,0x52,0x40,0x3f,0xf9,0x24,
0x80,0x1f,0xfd,0x46,0x00,0xff,0xe4,0xd0,0x07,0xff,0x51,0x04,0x03,0xff,0x92,0xc0,0x1f,0xfd,0x4f,0x00,0xff,0xe4,0xa8,0x80,
0x7f,0xf4,0xc5,0x00,0x3f,0xf9,0x3c,0x01,0xff,0xd4,0x70,0x0f,0xfe,0x49,0x20,0x07,0xff,0x51,0x44,0x03,0xff,0x8e,0x32,0x01,
0xff,0xcc,0x00,0x00,0x00,0xff,0xe4,0x9b,0x45,0xef,0x73,0xfe,0xed,0xc9,0x75,0x10,0x0f,0xfe,0xc8,0xbd,0xfe,0x4b,0xa1,0x08,
0x80,0x21,0x23,0x68,0xae,0xd9,0x30,0x0f,0xfe,0xa2,0xe7,0x42,0x00,0x7f,0xf1,0x89,0xb3,0x5c,0x40,0x3f,0xf9,0xef,0xd4,0x60,
0x1f,0xfc,0xc2,0x8e,0x81,0x00,0xff,0xe5,0xa6,0xc0,0x80,0x7f,0xf4,0x5f,0xd8,0x03,0xff,0x93,0x36,0x40,0x1f,0xfd,0x41,0x9c,
0x10,0x0f,0xfe,0x29,0x63,0x00,0x7f,0xf6,0x0f,0xd0,0x03,0xff,0x86,0x58,0x60,0x1f,0xfd,0xa1,0xb5,0x00,0xff,0xe0,0x96,0x08,
0x07,0xff,0x76,0x94,0x03,0xfe,0x1f,0x10,0x0f,0xfe,0xfd,0x18,0x07,0xfa,0x88,0x03,0xff,0xc3,0xa2,0x01,0xf9,0x90,0x03,0xff,
0xc4,0x36,0x01,0xf0,0xc0,0x07,0xff,0x91,0x50,0x03,0xd2,0x20,0x1f,0xfe,0x59,0x00,0xf3,0x80,0x7f,0xf9,0x89,0x00,0x33,0x00,
0x7f,0xfa,0x3c,0x03,0x68,0x07,0xff,0xa1,0x04,0x02,0x40,0x0f,0xff,0x4a,0x00,0x10,0x03,0xff,0x96,0x73,0xbd,0xfb,0x4a,0x01,
0xff,0xcb,0xc0,0x01,0x80,0x7f,0xf2,0xa7,0x18,0x84,0x09,0x6b,0x4c,0x03,0xff,0x92,0x80,0x0e,0x00,0xff,0xe4,0xc3,0x00,0x7e,
0x2c,0x20,0x0f,0xfe,0x41,0x00,0x0c,0x03,0xff,0x90,0x4e,0x01,0xff,0x48,0x07,0xff,0x2c,0x40,0x3f,0xf9,0x14,0x01,0xff,0xc0,
0x42,0x00,0xff,0xe4,0x08,0x07,0xff,0x28,0xc0,0x3f,0xf8,0x2c,0x01,0xff,0xdf,0x70,0x0f,0xfe,0x09,0x00,0x7f,0xf2,0x84,0x03,
0xff,0x90,0xe0,0x1f,0xfc,0x13,0x00,0xff,0xe4,0x08,0x10,0x07,0xff,0x20,0xc0,0x3f,0xf8,0x2e,0x01,0xff,0xc7,0x10,0x06,0x80,
0x7f,0xf2,0x2c,0x03,0xff,0x80,0x64,0x01,0xff,0xc7,0x40,0x02,0x00,0x7f,0xf2,0x0d,0xc0,0x3f,0xee,0x00,0xff,0xe4,0x68,0x00,
0x48,0x03,0xff,0x91,0x0e,0x01,0xf8,0x70,0x80,0x3f,0xf9,0x0a,0x01,0x28,0x07,0xff,0x26,0x31,0x88,0x00,0x29,0x3c,0x60,0x1f,
0xfc,0x83,0x20,0x0a,0x40,0x3f,0xf9,0x47,0x3b,0xfe,0xeb,0x60,0x0f,0xfe,0x54,0x80,0x61,0x60,0x0f,0xff,0x31,0x28,0x07,0x40,
0x07,0xff,0x9b,0x80,0x3c,0x32,0x01,0xff,0xe4,0x83,0x00,0xf9,0x98,0x01,0xff,0xe2,0x57,0x00,0xfe,0x94,0x00,0xff,0xf0,0x35,
0x00,0x7f,0xd6,0x80,0x1f,0xfd,0xe6,0x90,0x0f,0xfe,0x09,0x80,0x7f,0xfb,0x25,0xc0,0x3f,0xfb,0xcd,0x40,0x1f,0xf4,0x30,0x07,
0xff,0x81,0x68,0x03,0xf9,0x1c,0x03,0xff,0xc4,0xae,0x01,0xf0,0xd0,0x07,0xff,0x92,0x08,0x03,0xd0,0x20,0x1f,0xfe,0x59,0x00,
0xe1,0x60,0x0f,0xff,0x32,0x18,0x06,0x60,0x0f,0xfe,0x50,0xbe,0x77,0xed,0x18,0x07,0xff,0x2a,0x40,0x35,0x00,0x7f,0xf2,0x4f,
0xe0,0xc4,0x09,0x72,0x40,0x3f,0xf9,0x2a,0x20,0x02,0x20,0x07,0xff,0x20,0x74,0x40,0x3e,0x69,0x00,0xff,0xe4,0xb8,0x01,0x40,
0x3f,0xf9,0x36,0x20,0x1f,0xcc,0x80,0x1f,0xfc,0x8d,0x00,0x60,0x07,0xff,0x20,0x94,0x03,0xfe,0x80,0x0f,0xfe,0x42,0x00,0x14,
0x03,0xff,0x90,0xa0,0x1f,0xfc,0x03,0x10,0x0f,0xfe,0x41,0x88,0x80,0x3f,0xf9,0x1a,0x01,0xff,0xc1,0x50,0x0f,0xfe,0x42,0x90,
0x07,0xff,0x25,0x80,0x3f,0xf8,0x24,0x01,0xff,0xc8,0xe6,0x00,0xff,0xf6,0x08,0x07,0xff,0x60,0xc0,0x3f,0xf9,0x06,0x60,0x0f,
0xfe,0x4b,0x80,0x7f,0xf0,0x44,0x03,0xff,0x90,0x26,0x01,0xff,0xc9,0x30,0x0f,0xfe,0x0a,0x80,0x7f,0xf2,0x04,0x40,0x1f,0xfc,
0x9b,0x00,0xff,0xe0,0x20,0x80,0x7f,0xf2,0x0d,0xc0,0x3f,0xf9,0x26,0x60,0x0f,0xfb,0xc0,0x3f,0xf9,0x3c,0x60,0x1f,0xfc,0xae,
0x00,0xff,0x2a,0x00,0x7f,0xf2,0x48,0x04,0x03,0xff,0x92,0x56,0x20,0x1f,0x2d,0x00,0x7f,0xf2,0x9c,0x10,0x03,0xff,0x94,0x9f,
0x06,0x20,0x2b,0x74,0x01,0xff,0xca,0x12,0x0f,0x00,0xff,0xe5,0x8b,0xe7,0x7f,0x52,0x00,0x7f,0xf2,0xdc,0x00,0x80,0x1f,0xfe,
0xad,0x00,0x0a,0x80,0x7f,0xfa,0x09,0x00,0x29,0x00,0xff,0xf4,0x50,0x06,0x34,0x00,0xff,0xf3,0x0b,0x80,0x74,0x80,0x7f,0xf9,
0xac,0x03,0xc4,0xe0,0x1f,0xfe,0x44,0x50,0x0f,0xa0,0x80,0x3f,0xfc,0x43,0x40,0x1f,0xde,0x20,0x1f,0xfe,0x1d,0x10,0x0f,0xe2,
0xd0,0x0f,0xff,0x05,0x18,0x07,0xfc,0x76,0x01,0xff,0xde,0xb5,0x00,0xff,0xe0,0xa6,0x90,0x07,0xff,0x68,0x71,0x00,0x3f,0xf8,
0x65,0x88,0x01,0xff,0xd8,0x4f,0x30,0x0f,0xfe,0x28,0xdd,0x88,0x03,0xff,0xab,0x36,0x20,0x1f,0xfc,0x84,0xd8,0x10,0x0f,0xfe,
0x8b,0x73,0x00,0x7f,0xf3,0x1f,0xa8,0xc0,0x3f,0xf9,0x82,0xfd,0x22,0x01,0xff,0xcf,0x5c,0xd9,0x40,0x0f,0xfe,0x30,0xb5,0xf4,
0x08,0x07,0xff,0x4c,0x9a,0xff,0x29,0xd0,0xc8,0x40,0x21,0x23,0x58,0xbd,0xe9,0x40,0x0f,0xfe,0x28,0x00,0x00,0x00,0xff,0xe4,
0x93,0x45,0xef,0x7f,0xee,0xdb,0x86,0x20,0x0f,0xfe,0xda,0xd7,0x6c,0xba,0x10,0x80,0x61,0x24,0x79,0xde,0xa5,0x00,0xff,0xea,
0x94,0xfd,0x28,0x80,0x7f,0xf1,0x05,0x6b,0xa0,0x40,0x3f,0xfa,0x05,0x5a,0xc0,0x1f,0xfc,0xb1,0x7e,0x91,0x00,0xff,0xe6,0xbe,
0xa8,0x07,0xff,0x41,0xb9,0x80,0x3f,0xf9,0x45,0x90,0x01,0xff,0xd4,0x9b,0x10,0x0f,0xfe,0x3a,0xe9,0x80,0x7f,0xf5,0x93,0xd0,
0x03,0xff,0x8a,0xd4,0x01,0xff,0xd9,0x1b,0x40,0x0f,0xfe,0x1b,0xc8,0x07,0xff,0x72,0xd4,0x03,0xff,0x82,0xd0,0x01,0xff,0xde,
0xa3,0x00,0xff,0x8e,0x40,0x3f,0xfc,0x1a,0x20,0x1f,0xee,0x00,0xff,0xf0,0x8d,0x00,0x7f,0x49,0x00,0x7f,0xf8,0x91,0x40,0x3e,
0x26,0x00,0xff,0xf2,0x40,0x07,0xd0,0x01,0xff,0xe5,0x26,0x00,0xe2,0x50,0x0f,0xff,0x34,0x00,0x75,0x80,0x7f,0xf9,0xc5,0x40,
0x33,0x80,0x7f,0xfa,0x38,0x02,0x31,0x00,0xff,0xe5,0x14,0x6f,0xfb,0x64,0x80,0x3f,0xf9,0x48,0x01,0x20,0x07,0xff,0x29,0xb5,
0xc8,0x00,0x4d,0xac,0x01,0xff,0xca,0x40,0x06,0x00,0x7f,0xf2,0x5a,0x40,0x3f,0x4a,0x00,0x7f,0xf2,0x70,0x00,0xa0,0x1f,0xfc,
0x81,0x90,0x0f,0xf5,0x00,0x7f,0xf2,0x4c,0x00,0x20,0x1f,0xfc,0x88,0x00,0xff,0x85,0x40,0x3f,0xf9,0x0c,0x04,0x01,0xff,0xc9,
0x70,0x0f,0xfe,0x07,0x80,0x7f,0xf2,0x08,0x04,0x03,0xff,0x90,0x42,0x01,0xff,0xc0,0x70,0x0f,0xfe,0x53,0x80,0x7f,0xf2,0x04,
0x03,0xff,0x82,0x60,0x1f,0xfc,0x91,0x10,0x07,0xff,0xb4,0x40,0x3f,0xf9,0x02,0x01,0xff,0xc1,0x30,0x0f,0xfe,0x49,0x80,0x7f,
0xf2,0x48,0x03,0xff,0x82,0xc0,0x1f,0xfc,0xa7,0x00,0xff,0xe4,0xa8,0x07,0xff,0x03,0x00,0x3f,0xf9,0x42,0x01,0xff,0xc9,0x90,
0x0f,0xfe,0x03,0x00,0x7f,0xf2,0x88,0x03,0xff,0x92,0x6e,0x01,0xfe,0x81,0x00,0xff,0xe5,0x90,0x07,0xff,0x26,0x18,0x03,0xf3,
0xb8,0x03,0xff,0x98,0xe0,0x1f,0xfc,0xa9,0xb5,0x10,0x01,0x36,0xc0,0x07,0xff,0x37,0x00,0x3f,0xf9,0x69,0x5d,0xfe,0xd9,0x20,
0x0f,0xfe,0x72,0x00,0x7f,0xfb,0x48,0xc0,0x3f,0xfd,0xb4,0x01,0xff,0xed,0x62,0x00,0xff,0xf6,0xc0,0x07,0xff,0xb5,0x4c,0x03,
0xff,0xdb,0xc0,0x1f,0xfe,0xd2,0x90,0x0f,0xff,0x6b,0x30,0x03,0xff,0xdb,0x28,0x01,0xff,0xed,0xb5,0x00,0xff,0xf6,0xd3,0x00,
0x7f,0xfb,0x66,0xc4,0x03,0xff,0xd8,0x9e,0xc0,0x1f,0xfe,0xc1,0x9d,0x50,0x0f,0xfe,0x3a,0xe8,0x07,0xff,0x5c,0xab,0xa0,0x80,
0x3f,0xf8,0x4b,0x94,0x40,0x1f,0xfd,0x91,0x7d,0xd5,0x3a,0x10,0x80,0x04,0x91,0xeb,0xe8,0xc0,0x3f,0xfb,0xc4,0xb1,0x7b,0xdf,
0xee,0xdb,0x85,0x00,0xff,0xff,0x80,0x7f,0xf0,0x63,0x33,0xff,0x8d,0x64,0x01,0xff,0xd8,0x47,0x33,0xff,0xe3,0x24,0x00,0x7f,
0xf6,0x04,0x03,0xff,0x90,0xc0,0x1f,0xfe,0xd1,0x00,0xff,0xf6,0x91,0x00,0x3f,0xca,0x01,0xff,0xcc,0x10,0x0f,0xfe,0x4c,0x00,
0x7f,0x0d,0x80,0x7f,0xf2,0x4c,0x03,0xff,0x98,0xb2,0x01,0xf0,0xe8,0x80,0x7f,0xf2,0x44,0x00,0xc0,0x1f,0xfc,0xa6,0xd6,0x10,
0x01,0xc7,0x18,0x07,0xff,0x34,0xc0,0x3f,0xf9,0x65,0x3d,0xfe,0xc7,0x00,0xff,0xe5,0x90,0x04,0x22,0x00,0xff,0xf4,0x38,0x06,
0x40,0x0f,0xff,0x46,0x00,0x6c,0x00,0xff,0xf4,0x38,0x06,0x61,0x00,0xff,0xf3,0x20,0x80,0x73,0x00,0x7f,0xf9,0xbc,0x03,0xd2,
0x20,0x1f,0xfe,0x44,0x40,0x07,0x86,0x00,0x3f,0xfc,0x92,0x01,0xf9,0x90,0x03,0xff,0xc5,0x24,0x01,0xfd,0x64,0x01,0xff,0xe0,
0x76,0x00,0xff,0xb0,0x80,0x3f,0xfb,0xcb,0x00,0x1f,0xfc,0x01,0xc3,0x00,0xff,0xee,0x3d,0x00,0x7f,0xf0,0x87,0x18,0x03,0xff,
0xb2,0x35,0x00,0x1f,0xfc,0x59,0xb2,0x00,0xff,0xeb,0x2f,0xa8,0x07,0xff,0x1d,0x36,0x04,0x03,0xff,0xa4,0x99,0x42,0x01,0xff,
0xca,0x7e,0x93,0x00,0xff,0xe7,0x36,0x59,0x80,0x7f,0xf3,0x9b,0x36,0x10,0x03,0xff,0x8e,0x4b,0x5f,0x26,0x01,0xff,0xd2,0x27,
0xbf,0xc9,0x75,0x32,0x10,0x08,0x44,0x48,0xd1,0x5d,0xb4,0xa0,0x1f,0xfc,0x40,0x00,0x00,0x00,0xf1,0xc6,0x77,0xfb,0x69,0x84,
0x03,0xfc,0x57,0x8e,0x62,0x00,0x25,0x9e,0x80,0x0f,0xc9,0x88,0x01,0xfe,0x7c,0x10,0x0e,0x3b,0x10,0x0f,0xfe,0x01,0xe0,0x06,
0x1d,0x00,0xff,0xe1,0x95,0x00,0x52,0x20,0x1f,0xfc,0x45,0x30,0x03,0x80,0x7f,0xf1,0xa4,0x10,0x03,0xff,0x8e,0xa1,0x80,0x1f,
0xfc,0x82,0x10,0x0f,0xfe,0x43,0x18,0x07,0xff,0x20,0x4c,0x03,0xff,0x90,0x22,0x00,0xff,0xe4,0x36,0x00,0x7f,0xf1,0xc4,0x90,
0x03,0xff,0x8e,0xe0,0x07,0x00,0xff,0xe3,0x58,0x02,0x44,0x03,0xff,0x88,0xe4,0x00,0x1d,0x00,0xff,0xe1,0xa4,0x00,0x63,0xb1,
0x00,0xff,0xe0,0x2d,0x80,0x79,0x31,0x40,0x3f,0x86,0x68,0x03,0xf1,0x56,0xb9,0x88,0x00,0x96,0xb9,0x80,0x3f,0xe2,0x8c,0xef,
0xf6,0xd2,0x80,0x7f,0xff,0xc0,0x3f,0xff,0xe0,0x1f,0xff,0xf0,0x0f,0xff,0xf8,0x07,0xff,0x24,0xe3,0x3b,0xfd,0xb4,0xc2,0x01,
0xfe,0x2b,0xc7,0x31,0x00,0x12,0xcf,0x40,0x07,0xe4,0xc4,0x00,0xff,0x3e,0x08,0x07,0x1d,0x88,0x07,0xff,0x00,0xf0,0x03,0x0e,
0x80,0x7f,0xf0,0xca,0x80,0x29,0x10,0x0f,0xfe,0x22,0x98,0x01,0xc0,0x3f,0xf8,0xd2,0x08,0x01,0xff,0xc7,0x50,0xc0,0x0f,0xfe,
0x41,0x08,0x07,0xff,0x21,0x8c,0x03,0xff,0x90,0x26,0x01,0xff,0xc8,0x11,0x00,0x7f,0xf2,0x1b,0x00,0x3f,0xf8,0xe2,0x48,0x01,
0xff,0xc7,0x70,0x03,0x80,0x7f,0xf1,0xac,0x01,0x22,0x01,0xff,0xc4,0x72,0x00,0x0e,0x80,0x7f,0xf0,0xd2,0x00,0x31,0xd8,0x80,
0x7f,0xf0,0x16,0xc0,0x3c,0x98,0xa0,0x1f,0xc3,0x34,0x01,0xf8,0xab,0x5c,0xc4,0x00,0x4b,0x5c,0xc0,0x1c,0x00,0x00,0x00,0xff,
0xe1,0x24,0x5e,0xf7,0xfb,0xb6,0x9c,0xc0,0x3f,0xf9,0xa5,0x3d,0x6e,0x84,0x20,0x01,0x25,0x8c,0xd8,0x10,0x0f,0xfe,0x41,0x56,
0xb0,0x80,0x7f,0xf0,0x09,0xfa,0x00,0x3f,0xf8,0xcf,0xaa,0x01,0xff,0xc6,0x7e,0x40,0x0f,0xfe,0x1d,0xc0,0x07,0xff,0x24,0x6e,
0x00,0x3f,0xf8,0x03,0x88,0x01,0xff,0xcc,0x7a,0x00,0xff,0xb4,0xc0,0x3f,0xf9,0xcb,0x20,0x1f,0xd4,0x60,0x1f,0xfd,0x06,0x60,
0x07,0xca,0xa0,0x0f,0xfe,0x94,0x90,0x07,0x0d,0x80,0x7f,0xf5,0x38,0x03,0xa4,0x40,0x3f,0xfa,0x86,0x80,0x10,0xb8,0x07,0xff,
0x5a,0x00,0x27,0x00,0xff,0xeb,0x99,0x80,0x14,0x01,0xff,0xc2,0x18,0xdf,0xec,0x60,0x0f,0xfe,0x1d,0x80,0x98,0x07,0xff,0x04,
0xfd,0xc8,0x04,0xe7,0x04,0x03,0xff,0x82,0xa0,0xa0,0x1f,0xfc,0x12,0xd1,0x00,0xf1,0xe8,0x07,0xff,0x04,0x80,0xc0,0x3f,0xf8,
0x32,0x20,0x1f,0x8d,0x80,0x3f,0xf8,0x27,0xe0,0x1f,0xfc,0x01,0x40,0x0f,0xf5,0x00,0x7f,0xf0,0x58,0x40,0x3f,0xf8,0x08,0x01,
0xff,0x18,0x07,0xff,0x04,0xcc,0x01,0xff,0xc0,0x30,0x0f,0xfe,0x00,0x80,0x7f,0xf0,0x4c,0x03,0xff,0x80,0x60,0x1f,0xfc,0x01,
0x00,0xff,0xe0,0x18,0x80,0x7f,0xf0,0x1c,0x03,0xfe,0x20,0x0f,0xfe,0x08,0xf0,0x07,0xff,0x00,0x8c,0x03,0xfd,0x40,0x1f,0xfc,
0x16,0x50,0x0f,0xfe,0x0f,0x00,0x7f,0x1b,0x80,0x7f,0xf0,0x48,0xc0,0x3f,0xf8,0x25,0x62,0x01,0xe3,0xd0,0x0f,0xfe,0x09,0x80,
0x10,0x03,0xff,0x82,0x9e,0xe4,0x00,0x39,0xc1,0x00,0xff,0xe0,0xd8,0x03,0x80,0x3f,0xf8,0x43,0x1b,0xfe,0xc6,0x00,0xff,0xe1,
0xa8,0x01,0x44,0x03,0xff,0xac,0x84,0x01,0x48,0x07,0xff,0x5b,0xc0,0x33,0x90,0x07,0xff,0x51,0x10,0x01,0xd2,0x01,0xff,0xd4,
0x90,0x0f,0x23,0x80,0x7f,0xf4,0xa4,0x80,0x3e,0x84,0x00,0xff,0xe8,0x3b,0x00,0x7f,0x5a,0x00,0x7f,0xf3,0x9a,0x00,0x3f,0xeb,
0x50,0x0f,0xfe,0x63,0xc8,0x07,0xff,0x06,0xa4,0x03,0xff,0x92,0x37,0x00,0x1f,0xfc,0x36,0xe5,0x00,0xff,0xe3,0x37,0x20,0x07,
0xff,0x14,0x6b,0x58,0x40,0x3f,0xf8,0x02,0xfd,0x20,0x1f,0xfc,0x92,0x9e,0xb7,0x42,0x10,0x00,0x92,0xc6,0x74,0x08,0x07,0xfc,
0x00,0x00,
};
static const lv_font_fmt_txt_glyph_dsc_t glyphs_black_112[]={{0,0,0,0,0,0},
{.bitmap_index=0,.adv_w=751,.box_w=43,.box_h=18,.ofs_x=2,.ofs_y=23},
{.bitmap_index=51,.adv_w=1027,.box_w=58,.box_h=80,.ofs_x=3,.ofs_y=-1},
{.bitmap_index=631,.adv_w=638,.box_w=35,.box_h=78,.ofs_x=2,.ofs_y=0},
{.bitmap_index=813,.adv_w=1032,.box_w=59,.box_h=79,.ofs_x=3,.ofs_y=0},
{.bitmap_index=1427,.adv_w=996,.box_w=58,.box_h=79,.ofs_x=2,.ofs_y=-1},
{.bitmap_index=2063,.adv_w=1149,.box_w=66,.box_h=78,.ofs_x=2,.ofs_y=0},
{.bitmap_index=2553,.adv_w=994,.box_w=57,.box_h=79,.ofs_x=3,.ofs_y=-1},
{.bitmap_index=3056,.adv_w=989,.box_w=57,.box_h=80,.ofs_x=3,.ofs_y=-1},
{.bitmap_index=3716,.adv_w=916,.box_w=56,.box_h=78,.ofs_x=1,.ofs_y=0},
{.bitmap_index=4252,.adv_w=996,.box_w=58,.box_h=80,.ofs_x=2,.ofs_y=-1},
{.bitmap_index=5013,.adv_w=962,.box_w=58,.box_h=80,.ofs_x=0,.ofs_y=-1},
{.bitmap_index=5681,.adv_w=683,.box_w=22,.box_h=57,.ofs_x=10,.ofs_y=0},
{.bitmap_index=5950,.adv_w=668,.box_w=40,.box_h=39,.ofs_x=1,.ofs_y=51}};
static const uint16_t unicode_black_112[]={0,3,4,5,6,7,8,9,10,11,12,13,131};
static const lv_font_fmt_txt_cmap_t cmap_black_112[]={{.range_start=45,.range_length=132,.glyph_id_start=1,.unicode_list=unicode_black_112,.list_length=13,.type=LV_FONT_FMT_TXT_CMAP_SPARSE_TINY}};
static const lv_font_fmt_txt_dsc_t dsc_black_112={.glyph_bitmap=bitmap_black_112,.glyph_dsc=glyphs_black_112,.cmaps=cmap_black_112,.cmap_num=1,.bpp=4,.bitmap_format=LV_FONT_FMT_TXT_COMPRESSED};
const lv_font_t font_wf_112={.get_glyph_dsc=lv_font_get_glyph_dsc_fmt_txt,.get_glyph_bitmap=lv_font_get_bitmap_fmt_txt,.line_height=91,.base_line=1,.dsc=&dsc_black_112,.user_data=(void *)font_license};
static const uint8_t bitmap_black_164[]={
0x01,0x68,0x8f,0xff,0x6a,0x80,0x59,0x2e,0xff,0xfe,0xda,0xa0,0x21,0x00,0x7f,0xfb,0xd4,0x08,0x03,0xff,0xe2,0x20,0x1f,0xff,
0xf0,0x0f,0xff,0xf8,0x07,0xff,0xfc,0x03,0xff,0xfe,0x01,0xff,0xff,0x00,0xff,0xff,0x80,0x7f,0xff,0xc0,0x3f,0xff,0xe0,0x1f,
0xff,0xf0,0x0f,0xff,0xf8,0x07,0xff,0xfc,0x03,0xff,0xfe,0x01,0xff,0xff,0x00,0xff,0xff,0x80,0x7f,0xff,0xc0,0x3f,0xff,0xe0,
0x1f,0xff,0x03,0x00,0xff,0xf9,0x30,0x07,0xff,0xc0,0x44,0x70,0x20,0x1f,0xfe,0xd2,0xa0,0x00,0x00,0x00,0xff,0xea,0x0a,0x34,
0x56,0x6f,0x73,0xff,0x76,0xea,0xea,0x19,0x04,0x03,0xff,0xe0,0x71,0x7d,0xcb,0x97,0x53,0x21,0x10,0x06,0x12,0x22,0x2b,0xcd,
0xf6,0xd3,0x90,0x07,0xff,0xa5,0x6b,0xb1,0xd0,0x40,0x3f,0xf9,0x44,0xb1,0xbd,0x28,0x01,0xff,0xe3,0x28,0xea,0x51,0x00,0xff,
0xe9,0x0b,0x5e,0xb8,0x80,0x7f,0xf7,0x8a,0xf5,0xc4,0x03,0xff,0xb0,0x51,0xd2,0x20,0x1f,0xfd,0xa2,0xad,0x40,0x0f,0xfe,0xf3,
0x74,0x88,0x07,0xff,0x5d,0xf5,0x40,0x3f,0xfc,0x4d,0xcc,0x01,0xff,0xd4,0x2c,0x80,0x0f,0xff,0x34,0xd8,0x80,0x7f,0xf4,0x57,
0x4c,0x03,0xff,0xd0,0x9e,0x80,0x1f,0xfc,0xf7,0xa0,0x0f,0xff,0x58,0xdb,0x00,0x7f,0xf3,0x6a,0x00,0x3f,0xfd,0xd3,0x00,0x1f,
0xfc,0xba,0x50,0x0f,0xff,0x83,0xc0,0x07,0xff,0x26,0x54,0x03,0xff,0xe4,0xf0,0x01,0xff,0xc7,0x86,0x00,0xff,0xfa,0x3b,0x00,
0x7f,0xf1,0x51,0xc0,0x3f,0xfe,0xd2,0x60,0x1f,0xfc,0x31,0xa0,0x0f,0xff,0xc6,0x88,0x07,0xff,0x0b,0x44,0x03,0xff,0xf0,0x34,
0x01,0xff,0xc1,0x63,0x00,0xff,0xfd,0x22,0x00,0x3f,0xf8,0x10,0x01,0xff,0xfc,0x90,0x0f,0xfa,0x04,0x03,0xff,0xf8,0x4e,0x01,
0xfc,0x2e,0x01,0xff,0xfe,0x90,0x0f,0xe6,0x00,0xff,0xff,0x8b,0x80,0x7e,0x90,0x0f,0xff,0xf8,0x48,0x07,0xca,0x20,0x1f,0xff,
0xf0,0x14,0x00,0xf7,0x00,0x7f,0xff,0xc0,0x2e,0x00,0xf2,0x00,0x7f,0xff,0xc0,0x25,0x00,0xe5,0x00,0xff,0xec,0xa2,0xbb,0x29,
0x80,0x7f,0xf6,0x50,0x03,0x60,0x07,0xff,0x59,0x2f,0xee,0xa2,0x6b,0x3e,0x88,0x03,0xff,0xad,0xa0,0x19,0x00,0x3f,0xfa,0x83,
0x76,0x40,0x0f,0xcb,0xb2,0x01,0xff,0xd5,0x50,0x08,0x48,0x03,0xff,0xa6,0x38,0x80,0x1f,0xfc,0x06,0xc1,0x00,0xff,0xe9,0x98,
0x04,0xa0,0x1f,0xfd,0x4d,0x20,0x0f,0xfe,0x11,0xd0,0x07,0xff,0x50,0xc0,0x06,0x01,0xff,0xd3,0x73,0x00,0xff,0xe2,0x23,0x00,
0x7f,0xf4,0xd4,0x01,0xc0,0x1f,0xfd,0x39,0x00,0xff,0xe3,0x40,0x07,0xff,0x4f,0x80,0x04,0x01,0xff,0xd2,0x61,0x00,0xff,0xe3,
0x0a,0x80,0x7f,0xf4,0x88,0x00,0xc0,0x1f,0xfd,0x2d,0x00,0xff,0xe4,0x78,0x07,0xff,0x49,0x80,0x06,0x01,0xff,0xd2,0x50,0x0f,
0xfe,0x43,0x80,0x7f,0xf4,0x88,0x00,0x20,0x1f,0xfd,0x11,0x10,0x07,0xff,0x20,0x80,0x3f,0xfe,0x66,0x01,0xff,0xca,0x10,0x0f,
0xfe,0x88,0x80,0x7f,0xf5,0x04,0x03,0xff,0x94,0x40,0x1f,0xfd,0x31,0x00,0xff,0xff,0x80,0x7f,0xff,0xc0,0x3f,0xff,0xe0,0x1f,
0xff,0xf0,0x0f,0xff,0xf8,0x07,0xff,0xfc,0x03,0xff,0xfe,0x01,0xff,0xff,0x00,0xff,0xff,0x80,0x7f,0xff,0xc0,0x3f,0xff,0xe0,
0x1f,0xff,0xf0,0x0f,0xff,0xf8,0x07,0xff,0xfc,0x03,0xff,0xfe,0x01,0xff,0xff,0x00,0xff,0xff,0x80,0x7f,0xff,0xc0,0x3f,0xff,
0xe0,0x1f,0xff,0xf0,0x0f,0xff,0xf8,0x07,0xff,0xfc,0x03,0xff,0xfe,0x01,0xff,0xff,0x00,0xff,0xff,0x80,0x7f,0xff,0xc0,0x3f,
0xff,0xe0,0x1f,0xff,0xf0,0x0f,0xff,0xf8,0x07,0xff,0xfc,0x03,0xff,0xfe,0x01,0xff,0xff,0x00,0xff,0xff,0x80,0x7f,0xff,0xc0,
0x3f,0xff,0xe0,0x1f,0xff,0xf0,0x0f,0xff,0xf8,0x07,0xff,0xfc,0x03,0xff,0xfe,0x01,0xff,0xff,0x00,0xff,0xff,0x80,0x7f,0xff,
0xc0,0x3f,0xff,0xe0,0x1f,0xfd,0xe1,0x00,0xff,0xff,0x80,0x7f,0xff,0xc0,0x3f,0xfd,0x02,0x01,0xff,0xca,0x20,0x0f,0xfe,0x88,
0x80,0x7f,0xf5,0x0c,0x03,0xff,0x94,0x20,0x1f,0xfd,0x41,0x00,0xff,0xe8,0x88,0x80,0x3f,0xf9,0x04,0x01,0xff,0xd2,0x30,0x01,
0x00,0x7f,0xf4,0x94,0x03,0xff,0x90,0xe0,0x1f,0xfd,0x26,0x00,0x30,0x07,0xff,0x4b,0x40,0x3f,0xf9,0x1e,0x01,0xff,0xd2,0x20,
0x01,0x00,0x7f,0xf4,0x98,0x40,0x3f,0xf8,0xc2,0xa0,0x1f,0xfd,0x2e,0x00,0x70,0x07,0xff,0x4e,0x40,0x3f,0xf8,0xd0,0x01,0xff,
0xd3,0x20,0x02,0x80,0x7f,0xf4,0xdc,0xc0,0x3f,0xf8,0x88,0xc0,0x1f,0xfd,0x37,0x00,0x18,0x07,0xff,0x53,0x48,0x03,0xff,0x84,
0x74,0x01,0xff,0xd3,0x12,0x00,0x8c,0x03,0xff,0xa6,0x38,0x80,0x1f,0xfc,0x06,0xc1,0x00,0xff,0xe9,0xa8,0x06,0x40,0x0f,0xfe,
0xa0,0xdd,0x90,0x03,0xf2,0xe4,0x80,0x7f,0xf5,0x70,0x03,0x58,0x07,0xff,0x59,0x2f,0xee,0xa2,0x15,0x9f,0x46,0x01,0xff,0xd6,
0x50,0x0c,0x62,0x01,0xff,0xd8,0x45,0x77,0x29,0x80,0x7f,0xf6,0x08,0x80,0x1c,0xe0,0x1f,0xff,0xf0,0x09,0x40,0x3d,0xa0,0x1f,
0xff,0xf0,0x0a,0x80,0x3c,0x84,0x01,0xff,0xff,0x04,0x20,0x0f,0xac,0x03,0xff,0xfe,0x1e,0x01,0xf9,0x84,0x03,0xff,0xfc,0x48,
0x01,0xfd,0x20,0x1f,0xff,0xe8,0x00,0xff,0x39,0x00,0x7f,0xff,0x11,0x40,0x3f,0xe9,0x00,0xff,0xfe,0x48,0x07,0xff,0x01,0x14,
0x03,0xff,0xf4,0xe4,0x01,0xff,0xc1,0xb1,0x00,0xff,0xfc,0x1c,0x00,0x7f,0xf0,0x87,0x40,0x3f,0xfe,0xe3,0xa0,0x1f,0xfc,0x43,
0x90,0x0f,0xff,0xb5,0x08,0x07,0xff,0x15,0x9c,0x03,0xff,0xe9,0x48,0x01,0xff,0xc7,0x86,0x00,0xff,0xf9,0x4a,0x80,0x7f,0xf2,
0x65,0x80,0x3f,0xfe,0x12,0xc0,0x1f,0xfc,0xb9,0x90,0x07,0xff,0xba,0xd8,0x03,0xff,0x9a,0xd6,0x01,0xff,0xeb,0x2d,0x40,0x0f,
0xfe,0x7a,0x6a,0x00,0x7f,0xfa,0x1b,0x48,0x03,0xff,0xa2,0x57,0x00,0x1f,0xfe,0x51,0xb9,0x00,0xff,0xea,0xbf,0x30,0x07,0xff,
0x89,0xf9,0x00,0x3f,0xfa,0xe3,0x3a,0xa0,0x1f,0xfd,0xe6,0xe8,0x00,0xff,0xed,0x95,0x6b,0x88,0x07,0xff,0x60,0xa7,0xa4,0x40,
0x3f,0xfb,0xc5,0x1d,0x4a,0x20,0x1f,0xfd,0x22,0x6c,0xd6,0x10,0x0f,0xff,0x1a,0xd7,0x63,0xa0,0x80,0x7f,0xf2,0x89,0x63,0x75,
0x26,0x01,0xff,0xe9,0x38,0xbe,0xe5,0xcb,0xa9,0x90,0x88,0x03,0x09,0x11,0x15,0xe6,0xfb,0x69,0xc8,0x03,0xff,0xa0,0x00,0x00,
0x00,0xff,0xe2,0x8b,0xe7,0x7f,0xff,0xf3,0xfa,0x00,0x3f,0xf8,0x87,0x5d,0x06,0x20,0x1f,0xfc,0xf1,0x74,0x00,0xff,0xe0,0xb6,
0xe2,0x80,0x7f,0xf5,0x4c,0x03,0xfc,0x73,0xf2,0x40,0x1f,0xfe,0x05,0xcc,0x30,0x07,0xff,0x80,0xa3,0xa8,0xc0,0x3f,0xfc,0x0b,
0x7a,0xe2,0x01,0xff,0xe0,0x4d,0xa4,0x00,0xff,0xf1,0x0d,0x90,0x07,0xff,0x91,0x00,0x3f,0xfc,0xc6,0x01,0xff,0xff,0x00,0xff,
0xff,0x80,0x7f,0xff,0xc0,0x3f,0xff,0xe0,0x1f,0xff,0xf0,0x0f,0xff,0xf8,0x07,0xff,0xfc,0x03,0xff,0xfe,0x01,0xff,0xff,0x00,
0xff,0xff,0x80,0x7f,0xff,0xc0,0x3f,0xff,0xe0,0x1f,0xfd,0x43,0x69,0xc6,0x00,0xff,0xe9,0x98,0x07,0xf1,0xb4,0xef,0xe4,0xb1,
0xf8,0x07,0xff,0x4d,0x48,0x02,0x37,0xad,0xfc,0x96,0x20,0x0f,0xfe,0xd6,0xed,0xf9,0x0a,0x40,0x1f,0xfe,0x02,0x20,0x07,0xff,
0xfc,0x03,0xff,0xfe,0x01,0xff,0xff,0x00,0xff,0xff,0x80,0x7f,0xff,0xc0,0x3f,0xff,0xe0,0x1f,0xff,0xf0,0x0f,0xff,0xf8,0x07,
0xff,0xfc,0x03,0xff,0xfe,0x01,0xff,0xff,0x00,0xff,0xff,0x80,0x7f,0xff,0xc0,0x3f,0xff,0xe0,0x1f,0xff,0xf0,0x0f,0xff,0xf8,
0x07,0xff,0xfc,0x03,0xff,0xfe,0x01,0xff,0xff,0x00,0xff,0xff,0x80,0x7f,0xff,0xc0,0x3f,0xff,0xe0,0x1f,0xff,0xf0,0x0f,0xff,
0xf8,0x07,0xff,0xfc,0x03,0xff,0xfe,0x01,0xff,0xff,0x00,0xff,0xff,0x80,0x7f,0xff,0xc0,0x3f,0xff,0xe0,0x1f,0xff,0xf0,0x0f,
0xff,0xf8,0x07,0xff,0xfc,0x03,0xff,0xfe,0x01,0xff,0xff,0x00,0xff,0xff,0x80,0x7f,0xff,0xc0,0x3f,0xff,0xe0,0x1f,0xff,0xf0,
0x0f,0xff,0xf8,0x07,0xff,0xfc,0x03,0xff,0xfe,0x01,0xff,0xff,0x00,0xff,0xff,0x80,0x7f,0xff,0xc0,0x3f,0xff,0xe0,0x1f,0xff,
0xf0,0x0f,0xff,0xf8,0x07,0xff,0xfc,0x03,0xff,0xfe,0x01,0xff,0xff,0x00,0xff,0xff,0x80,0x7f,0xff,0xc0,0x3f,0xff,0xe0,0x1f,
0xfe,0x13,0x00,0xff,0xf3,0x38,0x07,0xff,0x48,0xc0,0x3f,0xf8,0xe5,0x02,0x01,0xff,0xce,0x17,0x40,0x00,0x00,0x00,0xff,0xea,
0x12,0x34,0x56,0x6e,0xbb,0xff,0x77,0x32,0xe5,0xd4,0xc0,0x3f,0xfe,0x26,0xf7,0xfb,0x72,0xea,0x64,0x41,0x00,0xc2,0x23,0x46,
0x8a,0xcf,0xd9,0x51,0x00,0xff,0xf4,0xb5,0xfe,0x42,0x00,0x7f,0xf2,0xc9,0xab,0xb1,0xc8,0x03,0xff,0xc6,0xb5,0xf2,0x80,0x1f,
0xfd,0x33,0x8d,0xb5,0x00,0xff,0xef,0xb7,0x52,0x80,0x7f,0xf6,0x52,0xb9,0xc0,0x3f,0xfb,0x6f,0xd2,0x20,0x1f,0xfd,0xd1,0x8e,
0x60,0x0f,0xfe,0xba,0xf4,0x08,0x07,0xff,0x84,0x67,0x4c,0x03,0xff,0xa6,0x37,0x42,0x01,0xff,0xe5,0x2c,0x90,0x0f,0xfe,0x8b,
0x72,0x00,0x7f,0xfa,0x5b,0x4c,0x03,0xff,0x9d,0x32,0x00,0xff,0xf6,0x16,0x28,0x07,0xff,0x2c,0x6d,0x80,0x3f,0xfd,0xf5,0x00,
0x1f,0xfc,0x91,0xc4,0x00,0xff,0xf8,0xbc,0x80,0x7f,0xf2,0x34,0x80,0x3f,0xfe,0x6d,0x00,0x1f,0xfc,0x6b,0x30,0x0f,0xff,0xab,
0xb8,0x03,0xff,0x89,0x48,0x01,0xff,0xf7,0x84,0x00,0xff,0xe1,0x3a,0x80,0x7f,0xfe,0x68,0x40,0x3f,0xf8,0x07,0x00,0x1f,0xff,
0xa1,0xa0,0x0f,0xfe,0x07,0x00,0x7f,0xff,0x11,0x80,0x3f,0xcc,0x40,0x1f,0xff,0xd8,0x10,0x0f,0xe8,0x00,0xff,0xff,0x0c,0x80,
0x7e,0x71,0x00,0xff,0xff,0xb8,0x80,0x7d,0x20,0x1f,0xff,0xf0,0x04,0x80,0x79,0x04,0x03,0xff,0xfe,0x00,0x60,0x0f,0x70,0x07,
0xff,0xfc,0x02,0x15,0x00,0xe4,0x00,0xff,0xff,0x80,0x6e,0x00,0xc6,0x20,0x1f,0xff,0xf0,0x0c,0x80,0x19,0x00,0x3f,0xfb,0x22,
0x8c,0xec,0xa4,0x01,0xff,0xd9,0x40,0x0b,0x40,0x3f,0xfa,0xed,0xbd,0x73,0x13,0x5b,0xd2,0x40,0x1f,0xfd,0x6c,0x00,0x98,0x03,
0xff,0xaa,0x9d,0x24,0x01,0xf0,0xb6,0xb8,0x07,0xff,0x55,0x00,0x22,0x00,0xff,0xea,0x2d,0x88,0x07,0xff,0x02,0x28,0x03,0xff,
0xa8,0x40,0x10,0x80,0x7f,0xf4,0xd2,0x80,0x3f,0xf8,0x6b,0x20,0x1f,0xfd,0x31,0x10,0x08,0x07,0xff,0x52,0x40,0x3f,0xf8,0xac,
0x60,0x1f,0xfd,0x32,0x00,0xff,0xea,0xa9,0x00,0x7f,0xf1,0xa4,0x03,0xff,0xa6,0xe0,0x1f,0xfd,0x5f,0x00,0xff,0xe3,0xa8,0x07,
0xff,0x4c,0x40,0x3f,0xfa,0xac,0x01,0xff,0xc8,0x20,0x0f,0xff,0xa1,0x00,0x7f,0xf2,0x04,0x03,0xff,0xfe,0x01,0xfe,0x20,0x0f,
0xfe,0x90,0x80,0x7f,0xfa,0x44,0x40,0x1f,0xfd,0x27,0x00,0xff,0xf4,0xb0,0x07,0xff,0x4c,0x40,0x40,0x3f,0xfa,0x62,0x01,0xff,
0xc7,0xa0,0x0f,0xfe,0x99,0x00,0x10,0x03,0xff,0xa2,0x80,0x1f,0xfc,0x76,0x20,0x0f,0xfe,0x91,0x00,0x57,0x0c,0xab,0xff,0xcd,
0x68,0xb0,0x0f,0xfe,0x3c,0x00,0x7f,0xf4,0xdc,0x03,0x3c,0xd5,0x7f,0xf3,0x65,0xc0,0x3f,0xf8,0xf2,0x20,0x1f,0xfd,0x3c,0x00,
0xff,0xf3,0xa3,0x00,0x7f,0xf5,0x1c,0x03,0xff,0xcc,0x34,0x01,0xff,0xd4,0x31,0x00,0xff,0xf3,0x68,0x80,0x7f,0xf5,0x28,0x03,
0xff,0xcd,0x06,0x01,0xff,0xd5,0x60,0x0f,0xff,0x2b,0x38,0x07,0xff,0x55,0x80,0x3f,0xfc,0xa9,0x20,0x1f,0xfd,0x6b,0x00,0xff,
0xf2,0x1d,0x80,0x7f,0xf5,0x94,0x80,0x3f,0xfc,0x65,0xa0,0x1f,0xfd,0x78,0x00,0xff,0xf1,0x8e,0x08,0x07,0xff,0x59,0x88,0x03,
0xff,0xc4,0x38,0x20,0x1f,0xfd,0x61,0x80,0x0f,0xff,0x10,0xe1,0x00,0x7f,0xf5,0xec,0x40,0x3f,0xfc,0x23,0x84,0x01,0xff,0xd7,
0x45,0x00,0xff,0xf0,0x8e,0x10,0x07,0xff,0x5c,0x68,0x03,0xff,0xc2,0x38,0x40,0x1f,0xfd,0x8b,0x10,0x0f,0xff,0x00,0xe1,0x00,
0x7f,0xf6,0x19,0x40,0x3f,0xfc,0x03,0x84,0x01,0xff,0xd8,0x29,0x00,0xff,0xf0,0x0e,0x10,0x07,0xff,0x67,0xc0,0x3f,0xfc,0x03,
0x84,0x01,0xff,0xd9,0xb2,0x00,0xff,0xef,0x8e,0x10,0x07,0xff,0x66,0x10,0x03,0xff,0xbe,0x38,0x40,0x1f,0xfd,0x95,0x70,0x0f,
0xfe,0xf8,0xe1,0x00,0x7f,0xf6,0x52,0x80,0x3f,0xfb,0xe3,0x84,0x01,0xff,0xd9,0x3b,0x00,0xff,0xef,0x8e,0x10,0x07,0xff,0x64,
0xf4,0x03,0xff,0xbe,0x38,0x40,0x1f,0xfd,0x92,0xd1,0x00,0xff,0xef,0x0e,0x10,0x07,0xff,0x64,0xb0,0x40,0x3f,0xfb,0xc3,0x84,
0x01,0xff,0xd9,0x2c,0x10,0x0f,0xfe,0xf0,0xe1,0x00,0x7f,0xf6,0x4b,0x04,0x03,0xff,0xbc,0x38,0x40,0x1f,0xfd,0x92,0xc1,0x00,
0xff,0xef,0x0e,0x10,0x07,0xff,0x64,0xb0,0x40,0x3f,0xfb,0xc3,0x84,0x01,0xff,0xd9,0x2c,0x10,0x0f,0xfe,0xf0,0xe1,0x00,0x7f,
0xf6,0x4f,0x04,0x03,0xff,0xbc,0x38,0x40,0x1f,0xfd,0x93,0xc1,0x00,0xff,0xef,0x0e,0x90,0x07,0xff,0x65,0x30,0x03,0xff,0xbe,
0x3a,0x60,0x1f,0xfd,0x95,0xb0,0x0f,0xfe,0xf8,0xe9,0x80,0x7f,0xf6,0x5a,0x80,0x3f,0xfb,0xe3,0x86,0x01,0xff,0xd9,0x79,0x00,
0xff,0xef,0x8e,0x10,0x07,0xff,0x66,0x20,0x01,0xff,0xdf,0x1c,0x20,0x0f,0xfe,0xcc,0xb8,0x07,0xff,0x7c,0x70,0x80,0x3f,0xfb,
0x34,0xc0,0x1f,0xfd,0xf2,0xf2,0x00,0xff,0xec,0xe2,0x80,0x7f,0xf7,0xcb,0x04,0x03,0xff,0xb0,0x38,0x60,0x1f,0xfd,0xf3,0xc1,
0x00,0xff,0xec,0x0e,0x18,0x07,0xff,0x7d,0x30,0x40,0x3f,0xfb,0x05,0xe4,0x01,0xff,0xdf,0x5b,0x00,0xff,0xec,0x96,0x08,0x07,
0xff,0x7d,0xa8,0x03,0xff,0xb2,0x78,0x20,0x1f,0xfd,0xf8,0x90,0x0f,0xfe,0xca,0x60,0x80,0x7f,0xf7,0xe9,0xc0,0x3f,0xfb,0x47,
0x11,0xff,0xda,0x72,0x00,0xd6,0xa0,0x1f,0xfd,0xb7,0x7f,0xfe,0xdc,0x69,0x00,0x25,0x00,0x3f,0xff,0xe0,0x1e,0x50,0x03,0x00,
0x7f,0xff,0xc0,0x3e,0xf0,0x10,0x0f,0xff,0xf8,0x07,0xff,0xfc,0x03,0xff,0xfe,0x01,0xff,0xff,0x00,0xff,0xff,0x80,0x7f,0xff,
0xc0,0x3f,0xff,0xe0,0x1f,0xff,0xf0,0x0f,0xff,0xf8,0x07,0xff,0xfc,0x03,0xff,0xfe,0x01,0xff,0xff,0x00,0xff,0xff,0x80,0x7f,
0xff,0xc0,0x3f,0xff,0xe0,0x1f,0xff,0xf0,0x0f,0xff,0xf8,0x07,0xff,0xfc,0x03,0xff,0xfe,0x01,0xff,0xff,0x00,0xff,0xff,0x80,
0x7f,0xff,0xc0,0x3f,0xff,0xe0,0x1f,0xff,0xf0,0x0e,0x11,0x00,0x7f,0xff,0xc0,0x3e,0xd0,0x06,0x90,0x07,0xff,0xfc,0x03,0x0b,
0x28,0x00,0x00,0x00,0xcb,0xbf,0xff,0xff,0xeb,0x10,0x0e,0x1a,0x20,0x0f,0xff,0xf2,0x40,0x07,0x10,0x07,0xff,0xfc,0x00,0xa0,
0x1c,0xe0,0x1f,0xff,0xf0,0x0f,0xff,0xf8,0x07,0xff,0xfc,0x03,0xff,0xfe,0x01,0xff,0xff,0x00,0xff,0xff,0x80,0x7f,0xff,0xc0,
0x3f,0xff,0xe0,0x1f,0xff,0xf0,0x0f,0xff,0xf8,0x07,0xff,0xfc,0x03,0xff,0xfe,0x01,0xff,0xff,0x00,0xff,0xff,0x80,0x7f,0xff,
0xc0,0x3f,0xff,0xe0,0x1f,0xff,0xf0,0x0f,0xff,0xf8,0x07,0xff,0xfc,0x03,0xff,0xfe,0x01,0xff,0xff,0x00,0xff,0xff,0x80,0x7f,
0xff,0xc0,0x3f,0xfb,0x4e,0x01,0xff,0xff,0x00,0xfc,0x64,0x01,0xff,0xff,0x00,0xfd,0xb2,0xef,0xff,0xd5,0x20,0x0f,0xff,0x2b,
0x44,0x7f,0xf4,0xe4,0xc8,0x03,0xff,0xba,0xc0,0x1f,0xfd,0xa5,0xf4,0x00,0xff,0xef,0x78,0x07,0xff,0x60,0x6a,0x82,0x01,0xff,
0xde,0x85,0x00,0xff,0xeb,0xaf,0xa8,0x07,0xff,0x78,0xb1,0xc0,0x3f,0xfa,0xc3,0x54,0x10,0x0f,0xfe,0xf3,0x69,0x80,0x7f,0xf5,
0x93,0xd4,0x03,0xff,0xbc,0x37,0x20,0x1f,0xfd,0x79,0xb1,0x00,0xff,0xef,0x2f,0xa0,0x07,0xff,0x59,0x39,0x80,0x3f,0xfb,0xf3,
0x42,0x01,0xff,0xd6,0x9b,0x10,0x0f,0xfe,0xf1,0xeb,0x00,0x7f,0xf5,0x8f,0x58,0x03,0xff,0xbf,0x18,0x40,0x1f,0xfd,0x68,0xc2,
0x00,0xff,0xef,0x16,0xb8,0x07,0xff,0x58,0xf5,0xc0,0x3f,0xfb,0xef,0xa4,0x01,0xff,0xd6,0x8c,0x20,0x0f,0xfe,0xf1,0x64,0x00,
0x7f,0xf5,0x8b,0x1c,0x03,0xff,0xbe,0xda,0x60,0x1f,0xfd,0x67,0xd3,0x00,0xff,0xef,0x0d,0xc8,0x07,0xff,0x58,0xb2,0x00,0x3f,
0xfc,0x10,0x80,0x1f,0xfd,0x62,0xd3,0x00,0xff,0xf0,0xcd,0xa8,0x07,0xff,0x55,0x00,0x3f,0xfc,0x89,0x5d,0x02,0x01,0xff,0xd2,
0x20,0x0f,0xff,0x30,0xbf,0x38,0x07,0xff,0x45,0x0c,0x03,0xff,0xd1,0x1a,0x60,0x1f,0xfd,0x0e,0x00,0xff,0xf4,0x96,0x38,0x07,
0xff,0x3c,0xa4,0x03,0xff,0xd5,0x14,0x01,0xff,0xcf,0x65,0x00,0xff,0xf5,0x2e,0x00,0x7f,0xf3,0xec,0x40,0x3f,0xfd,0x47,0x60,
0x1f,0xfc,0xe1,0xa0,0x0f,0xff,0x5a,0x50,0x07,0xff,0x39,0x1c,0x03,0xff,0xd6,0xac,0x01,0xff,0xce,0x82,0x00,0xff,0xf5,0xc9,
0x80,0x7f,0xf3,0xbc,0x03,0xff,0xd9,0xe0,0x1f,0xfc,0xe2,0x80,0x0f,0xff,0x59,0xb0,0x07,0xff,0x39,0xd0,0x03,0xff,0xd7,0x22,
0x01,0xff,0xce,0xa1,0x00,0xff,0xf5,0xc8,0x07,0xff,0x38,0x6c,0x03,0xff,0xd6,0xe0,0x1f,0xfc,0xf5,0x60,0x0f,0xfe,0x11,0xbc,
0xc9,0xd0,0x03,0xff,0xae,0xe0,0x1f,0xfc,0xf9,0x20,0x0f,0xf8,0xf3,0x10,0xcc,0x8b,0xe7,0x00,0xff,0xea,0xd0,0x07,0xff,0x43,
0x80,0x3f,0xd3,0x86,0x01,0xe1,0x8c,0x10,0x0f,0xfe,0x99,0x18,0x07,0xff,0x3c,0xdc,0x03,0xe3,0xd6,0x00,0xff,0x1e,0x08,0x07,
0xff,0x4e,0x80,0x3f,0xfa,0x10,0x60,0x1c,0xf8,0x40,0x1f,0xfc,0x02,0xa0,0x0f,0xfe,0x9b,0x80,0x7f,0xf4,0x78,0x02,0x1b,0x80,
0x0f,0xfe,0x1a,0x28,0x07,0xff,0x48,0x4c,0x03,0xff,0xa0,0x56,0x8d,0xe8,0x01,0xff,0xc5,0x80,0x0f,0xfe,0x9a,0x00,0x7f,0xf4,
0x52,0xe4,0x40,0x3f,0xf8,0xc4,0x80,0x1f,0xfd,0x2c,0x00,0xff,0xf4,0x68,0x07,0xff,0x49,0x00,0x3f,0xfd,0x08,0x01,0xff,0xd3,
0x10,0x0f,0xff,0x39,0x08,0x07,0xff,0x48,0x80,0x3f,0xfd,0x04,0x01,0xff,0xd2,0x50,0x0f,0xff,0x42,0x80,0x7f,0xf4,0xb8,0x03,
0xff,0xd0,0x20,0x1f,0xfd,0x21,0x00,0xff,0xf4,0x78,0x07,0xff,0x48,0xc0,0x3f,0xfd,0x02,0x01,0xff,0xd4,0x7c,0xdd,0xff,0xe7,
0x63,0x80,0x7f,0xf2,0x44,0x03,0xff,0xa4,0x2b,0x06,0x45,0xff,0xce,0x38,0x60,0x0f,0xfe,0x47,0x80,0x7f,0xf4,0xf4,0x03,0xff,
0xa5,0x40,0x1f,0xfc,0x81,0x00,0xff,0xe9,0x0f,0x80,0x7f,0xf4,0x88,0x03,0xff,0x90,0x40,0x1f,0xfd,0x23,0x10,0x0f,0xfe,0x90,
0x88,0x03,0xff,0x8e,0xa0,0x1f,0xfd,0x21,0x20,0x0f,0xfe,0x9a,0x00,0x7f,0xf1,0x84,0x40,0x1f,0xfd,0x2f,0x70,0x0f,0xfe,0x9e,
0x00,0x7f,0xf1,0x9c,0x03,0xff,0xa6,0x66,0x00,0xff,0xe9,0xb8,0x07,0xff,0x1a,0x80,0x3f,0xfa,0x6c,0x04,0x01,0xff,0xd2,0x14,
0x00,0xff,0xe2,0x19,0x80,0x3f,0xfa,0x64,0x0e,0x01,0xff,0xd3,0xf0,0x0f,0xfe,0x24,0x80,0x7f,0xf4,0xc8,0x01,0xa0,0x1f,0xfd,
0x34,0x40,0x07,0xff,0x09,0x14,0x03,0xff,0xa6,0xa0,0x04,0x00,0xff,0xea,0x51,0x00,0x7f,0xf0,0x0a,0x80,0x3f,0xfa,0x98,0x00,
0x31,0x00,0xff,0xe9,0x8e,0x10,0x07,0xf8,0xf0,0x40,0x3f,0xfa,0x88,0x01,0x20,0x07,0xff,0x50,0x76,0x04,0x03,0xc5,0x38,0x20,
0x1f,0xfd,0x43,0x00,0xde,0x01,0xff,0xd6,0x7e,0xc9,0x88,0x56,0xe9,0x80,0x3f,0xfa,0xd4,0x01,0x94,0x40,0x3f,0xfa,0xe6,0xce,
0xe5,0x20,0x0f,0xfe,0xc3,0x80,0x73,0x00,0x7f,0xff,0xc1,0x04,0x03,0xa4,0x03,0xff,0xfe,0x1c,0x01,0xe1,0x50,0x0f,0xff,0xf0,
0xa8,0x07,0xd0,0x01,0xff,0xfe,0x90,0x0f,0xc4,0xc0,0x1f,0xff,0xc1,0x70,0x0f,0xe8,0x00,0xff,0xfe,0x40,0x07,0xf8,0x60,0x03,
0xff,0xf4,0x4c,0x01,0xff,0x39,0x80,0x7f,0xfe,0x78,0x03,0xff,0x83,0xc0,0x1f,0xff,0x87,0x30,0x0f,0xfe,0x09,0x50,0x07,0xff,
0xd8,0xe0,0x03,0xff,0x86,0xae,0x01,0xff,0xf4,0x1e,0x00,0xff,0xe2,0xc2,0x80,0x7f,0xfc,0xe8,0x80,0x3f,0xf8,0xd4,0x80,0x1f,
0xff,0x1a,0x40,0x0f,0xfe,0x45,0xa0,0x07,0xff,0xbe,0x94,0x03,0xff,0x95,0x6a,0x01,0xff,0xed,0xb5,0x00,0xff,0xe6,0x53,0x80,
0x7f,0xfa,0x87,0x10,0x03,0xff,0x9d,0x14,0x01,0xff,0xe8,0x3f,0x30,0x0f,0xfe,0x82,0xf2,0x00,0x7f,0xf9,0x5f,0x04,0x03,0xff,
0xa4,0x37,0x20,0x1f,0xfe,0x23,0xc8,0x00,0xff,0xeb,0x37,0x30,0x07,0xff,0x78,0x67,0x0c,0x03,0xff,0xb0,0x33,0xaa,0x01,0xff,
0xda,0x18,0xe6,0x00,0xff,0xee,0x15,0x6b,0x08,0x07,0xff,0x54,0xa7,0x9c,0x03,0xff,0xc0,0x53,0xd4,0x80,0x1f,0xfd,0x01,0x6c,
0xd6,0x00,0xff,0xf2,0xad,0xfd,0x31,0x00,0x7f,0xf2,0x05,0x23,0x3a,0x4c,0x03,0xff,0xd4,0xb3,0xbd,0x92,0xca,0x64,0x20,0x18,
0x44,0x68,0xd1,0x5b,0xd6,0xe6,0x01,0xff,0xd0,0x00,0x00,0x00,0xff,0xe8,0x15,0xff,0xff,0xf4,0x70,0x40,0x3f,0xfe,0x7e,0x80,
0x1f,0xfd,0x13,0x60,0x0f,0xff,0x92,0x10,0x07,0xff,0x4c,0x40,0x3f,0xfe,0x5e,0x01,0xff,0xd4,0x70,0x0f,0xff,0x89,0x20,0x07,
0xff,0x4d,0x44,0x03,0xff,0xe3,0x60,0x1f,0xfd,0x49,0x00,0xff,0xf8,0x8b,0x00,0x7f,0xf4,0xcc,0xc0,0x1f,0xff,0x16,0x00,0xff,
0xea,0x48,0x07,0xff,0xca,0x80,0x3f,0xfa,0x62,0xa0,0x1f,0xff,0x14,0x20,0x0f,0xfe,0x9b,0x00,0x7f,0xfc,0xbc,0x03,0xff,0xa9,
0x20,0x1f,0xff,0x12,0x40,0x0f,0xfe,0x9a,0x88,0x07,0xff,0xc6,0xc0,0x3f,0xfa,0x9c,0x01,0xff,0xf1,0x16,0x00,0xff,0xe9,0x92,
0x00,0x7f,0xfc,0x58,0x03,0xff,0xa9,0x60,0x1f,0xff,0x29,0x00,0xff,0xea,0x30,0x07,0xff,0xc5,0x44,0x03,0xff,0xa6,0xe0,0x1f,
0xff,0x29,0x00,0xff,0xea,0x50,0x07,0xff,0xc4,0x8c,0x03,0xff,0xa6,0x84,0x01,0xff,0xf1,0xb0,0x0f,0xfe,0xa7,0x80,0x7f,0xfc,
0x45,0x80,0x3f,0xfa,0x64,0x80,0x1f,0xff,0x16,0x00,0xff,0xea,0x50,0x07,0xff,0xca,0x40,0x3f,0xfa,0x8e,0x01,0xff,0xf1,0x51,
0x00,0xff,0xe9,0xb0,0x07,0xff,0xca,0x40,0x3f,0xfa,0x96,0x01,0xff,0xf1,0x33,0x00,0x7f,0xf4,0xd0,0x80,0x3f,0xfe,0x34,0x01,
0xff,0xd4,0xe0,0x0f,0xff,0x88,0xb0,0x07,0xff,0x4c,0x54,0x03,0xff,0xe2,0xc0,0x1f,0xfd,0x49,0x00,0xff,0xf9,0x48,0x07,0xff,
0x51,0x80,0x3f,0xfe,0x2a,0x20,0x1f,0xfd,0x36,0x10,0x0f,0xff,0x8c,0x80,0x7f,0xf5,0x28,0x03,0xff,0xe2,0x66,0x00,0xff,0xe9,
0x99,0x80,0x3f,0xfe,0x32,0x01,0xff,0xd4,0x90,0x0f,0xff,0x88,0xa8,0x07,0xff,0x4c,0x54,0x03,0xff,0xe2,0xc0,0x1f,0xfd,0x46,
0x00,0xff,0xf9,0x48,0x07,0xff,0x52,0x40,0x3f,0xfe,0x2a,0x20,0x1f,0xfd,0x35,0x10,0x0f,0xff,0x8c,0x80,0x7f,0xf5,0x24,0x03,
0xff,0xe2,0x66,0x00,0xff,0xe9,0x99,0x80,0x3f,0xfe,0x32,0x01,0xff,0xd4,0xa0,0x0f,0xf1,0x67,0xff,0xff,0x3f,0x08,0x03,0xff,
0x90,0x2a,0x01,0xff,0xd3,0x16,0x00,0xff,0x49,0x80,0x7f,0xf3,0xce,0x00,0x3f,0xf9,0x12,0x01,0xff,0xd4,0x60,0x0f,0xf9,0x40,
0x3f,0xfa,0x2e,0x01,0xff,0xc8,0x60,0x0f,0xfe,0xa4,0x80,0x7f,0xc2,0x01,0xff,0xd1,0x30,0x0f,0xfe,0x3a,0x88,0x07,0xff,0x4d,
0x44,0x03,0xff,0xe3,0x20,0x1f,0xfd,0x4e,0x00,0xff,0xf8,0x99,0x80,0x3f,0xfa,0x64,0x80,0x1f,0xff,0x19,0x00,0xff,0xea,0x58,
0x07,0xff,0xc4,0x54,0x03,0xff,0xa8,0xc0,0x1f,0xff,0x19,0x00,0xff,0xea,0x30,0x07,0xff,0xc9,0x80,0x3f,0xfa,0x96,0x01,0xff,
0xf1,0x61,0x00,0xff,0xe9,0xa1,0x00,0x7f,0xfc,0x68,0x03,0xff,0xa9,0xe0,0x1f,0xff,0x13,0x30,0x07,0xff,0x4c,0x90,0x03,0xff,
0xe3,0x20,0x1f,0xfd,0x4a,0x00,0xff,0xf8,0x8a,0x80,0x7f,0xf5,0x18,0x03,0xff,0xe3,0x20,0x1f,0xfd,0x46,0x10,0x0f,0xff,0x8b,
0x00,0x7f,0xf5,0x2c,0x03,0xff,0xe2,0xc2,0x01,0xff,0xd3,0x42,0x00,0xff,0xf8,0xd0,0x07,0xff,0x50,0xc0,0x3f,0xf8,0xa4,0x01,
0xff,0xd2,0x11,0x00,0x7f,0xc6,0x60,0x0f,0xfe,0xa3,0xff,0xff,0xf1,0x74,0x03,0xff,0xa7,0xdf,0xff,0x61,0x00,0x24,0x03,0xff,
0xfe,0x01,0xff,0xc4,0x39,0x01,0x50,0x0f,0xff,0xf8,0x07,0xff,0x15,0x82,0x40,0x3f,0xff,0xe0,0x1f,0xfc,0x63,0x06,0x00,0xff,
0xff,0x80,0x7f,0xf1,0xcc,0x40,0x3f,0xff,0xe0,0x1f,0xfc,0x76,0x00,0xff,0xff,0x80,0x7f,0xf2,0x0c,0x03,0xff,0xfe,0x01,0xff,
0xff,0x00,0xff,0xff,0x80,0x7f,0xff,0xc0,0x3f,0xff,0xe0,0x1f,0xff,0xf0,0x0f,0xff,0xf8,0x07,0xff,0xfc,0x03,0xff,0xfe,0x01,
0xff,0xff,0x00,0xff,0xff,0x80,0x7f,0xff,0xc0,0x3f,0xff,0xe0,0x1f,0xff,0xf0,0x0f,0xff,0xf8,0x07,0xff,0xfc,0x03,0xff,0xfe,
0x01,0xff,0xff,0x00,0xff,0xff,0x80,0x7f,0xff,0xc0,0x3f,0xff,0xe0,0x1f,0xfe,0xc3,0x00,0xff,0xff,0x80,0x7f,0xf1,0xcd,0x80,
0x3f,0xff,0xe0,0x1f,0xfc,0x76,0x38,0x10,0x0f,0xff,0xf8,0x07,0xff,0x10,0xe4,0x1f,0xbf,0xff,0xfc,0xfc,0x01,0xff,0xd3,0xef,
0xff,0xb0,0x80,0x3f,0xfd,0x42,0x01,0xff,0xd2,0x11,0x00,0x7f,0xff,0xc0,0x3f,0xff,0xe0,0x1f,0xff,0xf0,0x0f,0xff,0xf8,0x07,
0xff,0xfc,0x03,0xff,0xfe,0x01,0xff,0xff,0x00,0xff,0xff,0x80,0x7f,0xff,0xc0,0x3f,0xff,0xe0,0x1f,0xff,0xf0,0x0f,0xff,0xf8,
0x07,0xff,0xfc,0x03,0xff,0xfe,0x01,0xff,0xff,0x00,0xff,0xff,0x80,0x7f,0xff,0xc0,0x3f,0xff,0xe0,0x1f,0xff,0xf0,0x0f,0xff,
0xf8,0x07,0xff,0xfc,0x03,0xff,0xfe,0x01,0xff,0xff,0x00,0xff,0xff,0x80,0x7f,0xff,0xc0,0x3f,0xff,0xe0,0x1f,0xff,0xf0,0x0f,
0xff,0xf8,0x07,0xff,0xfc,0x03,0xff,0xfe,0x01,0xff,0xca,0x10,0x0f,0xff,0xf8,0x07,0xff,0x21,0x40,0x3f,0xfa,0x2a,0x01,0xff,
0xf5,0x93,0x00,0xff,0xe7,0x9c,0x80,0x7f,0x80,0x00,0x00,0x04,0xdf,0xff,0xff,0xfe,0x10,0x07,0x51,0x00,0x7f,0xff,0xcf,0x80,
0x31,0x88,0x07,0xff,0xfc,0x00,0x60,0x19,0xc0,0x3f,0xff,0xe0,0x1f,0xff,0xf0,0x0f,0xff,0xf8,0x07,0xff,0xfc,0x03,0xff,0xfe,
0x01,0xff,0xff,0x00,0xff,0xff,0x80,0x7f,0xff,0xc0,0x3f,0xff,0xe0,0x1f,0xff,0xf0,0x0f,0xff,0xf8,0x07,0xff,0xfc,0x03,0xff,
0xfe,0x01,0xff,0xff,0x00,0xff,0xff,0x80,0x7f,0xff,0xc0,0x3f,0xff,0xe0,0x1f,0xff,0xf0,0x0f,0xff,0xf8,0x07,0xff,0xfc,0x03,
0xff,0xfe,0x01,0xff,0xff,0x00,0xff,0xff,0x80,0x7f,0xff,0xc0,0x3f,0xfb,0xc2,0x01,0xff,0xff,0x00,0xfc,0xc0,0x1f,0xfd,0x71,
0x77,0xff,0xf0,0xc5,0xc0,0x07,0xff,0x5d,0x22,0x3f,0xfc,0x2e,0x80,0x1f,0xfd,0x83,0x00,0xff,0xff,0x80,0x7f,0xff,0xc0,0x3f,
0xff,0xe0,0x1f,0xff,0xf0,0x0f,0xff,0xf8,0x07,0xff,0xfc,0x03,0xff,0xfe,0x01,0xff,0xff,0x00,0xff,0xff,0x80,0x7f,0xff,0xc0,
0x3f,0xff,0xe0,0x1f,0xff,0xf0,0x0f,0xfe,0x99,0xb4,0xde,0xf7,0xfd,0xdc,0xca,0x85,0x30,0x0f,0xff,0xaa,0x57,0xe4,0xb2,0x10,
0x80,0x42,0x23,0x57,0xac,0xfb,0x71,0x00,0xff,0xf7,0xbf,0x5a,0x80,0x7f,0xf1,0x92,0x3b,0x18,0x03,0xff,0xd4,0xb1,0xd0,0x20,
0x1f,0xfc,0xb3,0x9e,0x81,0x00,0xff,0xf3,0x9b,0x88,0x07,0xff,0x3c,0x5f,0x9c,0x03,0xff,0xfe,0x01,0xfa,0x35,0x00,0x3f,0xff,
0xe0,0x1f,0x15,0xd0,0x07,0xff,0xfc,0x03,0xf2,0xe9,0x80,0x7f,0xff,0xc0,0x3e,0x2c,0x50,0x0f,0xff,0xf8,0x07,0xea,0x70,0x0f,
0xff,0xf8,0x07,0xe8,0x70,0x0f,0xff,0xf8,0x07,0xe8,0x70,0x0f,0xff,0xf8,0x07,0xe8,0x50,0x0f,0xff,0xf8,0x07,0xea,0x30,0x0f,
0xff,0xf8,0x07,0xed,0x10,0x0f,0xff,0xf8,0x07,0xc3,0x40,0x1f,0xff,0xf0,0x0f,0xc8,0xa0,0x1f,0xff,0xf0,0x0f,0xd6,0x20,0x1f,
0xff,0xf0,0x0f,0x86,0x00,0x3f,0xff,0xe0,0x1f,0x98,0x80,0x3f,0xff,0xe0,0x1f,0xa0,0x03,0xff,0xfe,0x01,0xf9,0x48,0x03,0xff,
0xfe,0x01,0xfa,0x80,0x3f,0xff,0xe0,0x1f,0x98,0x03,0xff,0xfe,0x01,0xf8,0x50,0x03,0xff,0xfe,0x01,0xfb,0x40,0x3f,0xfb,0xa2,
0x8c,0xec,0x60,0x1f,0xfd,0x87,0x00,0xff,0xed,0xa5,0xf5,0xcc,0x4e,0x73,0x80,0x7f,0xf5,0x84,0x80,0x3f,0xfb,0x05,0x76,0x40,
0x0f,0x0c,0x60,0x80,0x7f,0xf5,0x50,0x03,0xff,0xae,0x9a,0x80,0x1f,0xe3,0xf2,0x00,0xff,0xea,0x60,0x38,0x07,0xff,0x50,0xec,
0x03,0xff,0x82,0x3e,0x01,0xff,0xd4,0x70,0x10,0x0f,0xfe,0xa7,0x00,0x7f,0xf0,0xca,0x00,0x3f,0xfa,0x64,0x04,0xa0,0x1f,0xfd,
0x29,0x20,0x0f,0xfe,0x23,0x88,0x07,0xff,0x4c,0x82,0xb2,0xea,0xbf,0xf9,0xd7,0xcc,0x01,0xff,0xc6,0x70,0x0f,0xfe,0x9b,0x00,
0x0d,0x15,0x7f,0xf9,0xc8,0x20,0x1f,0xfc,0x7c,0x00,0xff,0xe9,0x90,0x07,0xff,0x9d,0xc0,0x3f,0xfa,0x62,0x01,0xff,0xe7,0x20,
0x0f,0xff,0xf8,0x07,0xff,0x73,0xc0,0x3f,0xfd,0x02,0x01,0xff,0xff,0x00,0xfc,0x20,0x1f,0xff,0xf0,0x0f,0x84,0x03,0xff,0xa7,
0xe0,0x2a,0xce,0xff,0xfc,0xd6,0x50,0x0f,0xfe,0x42,0x80,0x7f,0xf4,0xc4,0x3e,0xa6,0x23,0xff,0x9b,0x35,0xa2,0x01,0xff,0xc6,
0x30,0x0f,0xfe,0x99,0x98,0x40,0x3f,0xfa,0x24,0xc0,0x1f,0xfc,0x6a,0x00,0xff,0xe9,0xb0,0x07,0xff,0x52,0x44,0x03,0xff,0x88,
0x64,0x01,0xff,0xd3,0x23,0x00,0xff,0xe9,0x8c,0x80,0x7f,0xf1,0x3c,0x03,0xff,0xa6,0x22,0x02,0x00,0xff,0xe9,0xb9,0x00,0x7f,
0xf0,0x98,0xc0,0x3f,0xfa,0x64,0x00,0x70,0x0f,0xfe,0xa7,0x88,0x07,0xff,0x01,0x24,0x03,0xff,0xa8,0x80,0x0c,0x00,0xff,0xea,
0x16,0x10,0x07,0xf9,0x6c,0x03,0xff,0xab,0x80,0x04,0x00,0xff,0xea,0x96,0xb8,0x07,0xc7,0x74,0x01,0xff,0xd6,0x40,0x01,0x10,
0x03,0xff,0xad,0x1f,0x73,0x10,0xae,0xc4,0x00,0xff,0xeb,0x18,0x06,0x40,0x0f,0xfe,0xc2,0x33,0xb9,0x44,0x03,0xff,0xb1,0x40,
0x1a,0x80,0x3f,0xff,0xe0,0x13,0x80,0x63,0x20,0x0f,0xff,0xf8,0x28,0x80,0x75,0x80,0x7f,0xff,0xc3,0x80,0x3c,0xc2,0x01,0xff,
0xfe,0x34,0x00,0xfa,0x00,0x3f,0xff,0xd0,0x01,0xf9,0x88,0x03,0xff,0xf8,0x68,0x01,0xfd,0x20,0x1f,0xff,0xcf,0x00,0xff,0x22,
0x80,0x7f,0xfe,0x98,0xc0,0x3f,0xeb,0x10,0x0f,0xff,0xc1,0x48,0x07,0xff,0x00,0x68,0x03,0xff,0xf1,0xc0,0x1f,0xfc,0x24,0x80,
0x0f,0xff,0xb5,0x18,0x07,0xff,0x0d,0xd4,0x03,0xff,0xe8,0xea,0x01,0xff,0xc5,0xa5,0x00,0xff,0xf9,0x3c,0x00,0x7f,0xf1,0xe9,
0x00,0x3f,0xfe,0x0d,0x00,0x1f,0xfc,0x9b,0x50,0x0f,0xff,0x74,0x48,0x07,0xff,0x2e,0xa0,0x03,0xff,0xd9,0x4e,0x01,0xff,0xcd,
0x7b,0x10,0x0f,0xff,0x41,0x6a,0x80,0x7f,0xf3,0xd3,0xd0,0x03,0xff,0xcc,0xfa,0x40,0x1f,0xfd,0x11,0xba,0x10,0x0f,0xff,0x11,
0x64,0x00,0x7f,0xf5,0x57,0xdc,0x03,0xff,0xbe,0x33,0xa6,0x01,0xff,0xd7,0x18,0xe6,0x00,0xff,0xed,0x8c,0x73,0x00,0x7f,0xf6,
0xc6,0x79,0xc4,0x03,0xff,0xac,0x73,0xce,0x01,0xff,0xdf,0x18,0xeb,0x51,0x00,0xff,0xe8,0x13,0xee,0x30,0x07,0xff,0x91,0x2b,
0xb1,0xd0,0x03,0xff,0x92,0x2b,0x1b,0xa8,0x20,0x0f,0xff,0x49,0xc5,0xfe,0xd4,0x32,0x18,0x88,0x03,0x08,0x8d,0x1a,0x2f,0xb9,
0x4e,0x40,0x1f,0xfd,0x00,0x00,0x00,0x00,0xff,0xe8,0x89,0xab,0xcd,0xe6,0xeb,0xbf,0xee,0xe6,0xe5,0xcb,0xa9,0x88,0x07,0xff,
0xb4,0x9a,0xb7,0xb2,0xa1,0x90,0xc8,0x82,0x01,0x08,0x88,0xd1,0xa2,0xb3,0xb6,0x58,0x80,0x3f,0xfc,0xc9,0x3d,0xb2,0xa4,0x01,
0xff,0xcb,0x26,0x9d,0xe9,0x30,0x0f,0xff,0x01,0xcf,0x5b,0x08,0x07,0xff,0x4c,0x5b,0x36,0x08,0x03,0xff,0xb6,0xb9,0x86,0x10,
0x0f,0xfe,0xc9,0x3e,0xd1,0x00,0x7f,0xf5,0xd3,0x28,0xc0,0x3f,0xfb,0xeb,0xb4,0x40,0x1f,0xfd,0x32,0xbb,0x18,0x07,0xff,0x8d,
0x75,0xc0,0x3f,0xfa,0x2d,0xa8,0x01,0xff,0xe7,0x8d,0x30,0x0f,0xfe,0x75,0xc8,0x07,0xff,0xa8,0xb1,0xc0,0x3f,0xf9,0x65,0xa8,
0x01,0xff,0xed,0x89,0x00,0xff,0xe4,0x9e,0x10,0x07,0xff,0xbd,0xac,0x03,0xff,0x8e,0x5a,0x20,0x1f,0xff,0x14,0xb0,0x0f,0xfe,
0x29,0x60,0x80,0x7f,0xfc,0xd2,0x40,0x3f,0xf8,0x9e,0x20,0x1f,0xff,0x56,0x70,0x0f,0xfe,0x14,0x90,0x07,0xff,0xde,0x10,0x03,
0xff,0x80,0x8c,0x01,0xff,0xf9,0xa1,0x00,0xff,0xa8,0x03,0xff,0xf4,0x30,0x01,0xfe,0x71,0x00,0xff,0xfd,0xb1,0x00,0x7f,0x40,
0x07,0xff,0xf6,0x00,0x3f,0x38,0x07,0xff,0xf9,0x44,0x03,0xea,0x00,0xff,0xff,0xb0,0x07,0x8c,0x80,0x3f,0xff,0xf4,0x01,0xeb,
0x00,0xff,0xff,0x81,0x10,0x03,0x90,0x03,0xff,0xfe,0x00,0x40,0x0e,0x30,0x0f,0xff,0xf8,0x03,0xc0,0x31,0x80,0x7f,0xff,0xc0,
0x25,0x00,0xcc,0x01,0xff,0xd8,0x14,0x67,0x64,0x00,0xff,0xec,0x10,0x06,0x20,0x0f,0xfe,0xb2,0x5f,0x5c,0xc4,0xdf,0xd1,0x00,
0x7f,0xf5,0x44,0x03,0x78,0x07,0xff,0x56,0x6d,0x00,0x3e,0x5d,0x60,0x0f,0xfe,0xa8,0x80,0x7f,0xf6,0x29,0x80,0x3f,0xe9,0x60,
0x0f,0xfe,0xc0,0x80,0x7f,0xf4,0xdd,0x40,0x3f,0xf8,0x32,0x40,0x1f,0xfd,0x33,0x00,0xff,0xeb,0x0c,0x00,0x7f,0xf0,0xe4,0x03,
0xff,0xec,0xe0,0x1f,0xfc,0x44,0x00,0xff,0xfb,0x60,0x07,0xff,0x14,0xc0,0x3f,0xfe,0xa2,0x01,0xff,0xc5,0x70,0x0f,0xff,0xf8,
0x07,0xe1,0x00,0xff,0xe9,0x18,0x07,0xff,0xa3,0x40,0x3f,0xfa,0x24,0x20,0x1f,0xfe,0x87,0x84,0x33,0xff,0xe7,0x37,0x80,0x7f,
0xfa,0x9e,0xf3,0x3f,0xf9,0xd2,0x40,0x1f,0xff,0xf0,0x0f,0xff,0xf8,0x07,0xff,0xc4,0x51,0xeb,0x37,0xff,0x76,0xe5,0x3a,0x88,
0x07,0xff,0xd0,0x5f,0x3a,0xe1,0x4c,0x80,0x30,0x91,0xac,0x57,0x6c,0xa0,0x07,0xff,0xbc,0xab,0xa0,0xc0,0x3f,0xf8,0xa4,0xd7,
0xf2,0x60,0x1f,0xfe,0xb9,0xd5,0x00,0xff,0xe6,0x36,0x61,0x00,0x3f,0xfc,0xff,0xac,0x01,0xff,0xd0,0x3b,0xc3,0x00,0xff,0xf2,
0xa1,0x00,0x7f,0xf4,0xcf,0x28,0x40,0x3f,0xff,0xe0,0x1f,0x2f,0xa8,0x07,0xff,0xfc,0x03,0xe1,0xa9,0x00,0xff,0xff,0x80,0x7e,
0x6c,0x10,0x0f,0xff,0xf8,0x07,0xc7,0x84,0x01,0xff,0xff,0x00,0xf8,0xb0,0x40,0x3f,0xff,0xe0,0x1f,0x0e,0x08,0x07,0xff,0xfc,
0x03,0xe2,0xd0,0x0f,0xff,0xf8,0x07,0xe3,0xa0,0x0f,0xff,0xf8,0x07,0xe5,0x60,0x0f,0xff,0xf8,0x07,0xe9,0x20,0x0f,0xff,0xf8,
0x07,0xe9,0x00,0xff,0xff,0x80,0x7e,0x45,0x00,0xff,0xff,0x80,0x7e,0xb0,0x0f,0xff,0xf8,0x07,0xe1,0x60,0x0f,0xff,0xf8,0x07,
0xe8,0x00,0xff,0xff,0x80,0x7e,0x15,0x00,0xff,0xff,0x80,0x7e,0xe0,0x0f,0xff,0xf8,0x07,0xe4,0x20,0x0f,0xff,0xf8,0x07,0xe5,
0x00,0xff,0xff,0x80,0x7e,0xc0,0x0f,0xfe,0xd9,0xc6,0x6f,0xfb,0x6d,0x84,0x03,0xff,0xac,0x80,0x1f,0xfd,0x93,0xcc,0x39,0x90,
0x00,0x92,0x79,0x80,0x3f,0xfa,0xc6,0x01,0xff,0xd7,0x5c,0x30,0x0f,0xf4,0xd0,0x07,0xff,0x55,0x40,0x3f,0xfa,0xc9,0x40,0x1f,
0xfc,0x15,0x90,0x0f,0xfe,0xa7,0x00,0x7f,0xf5,0xa8,0x03,0xff,0x86,0xc8,0x01,0xff,0xd3,0x20,0x0f,0xfe,0xab,0x88,0x07,0xff,
0x12,0x40,0x3f,0xfa,0x6c,0x01,0xff,0xd5,0xa0,0x0f,0xfe,0x29,0x20,0x07,0xff,0x48,0x80,0x3f,0xfa,0x84,0x40,0x0f,0xfe,0x37,
0x00,0x7f,0xfc,0xdc,0x03,0xff,0x8e,0x80,0x1f,0xfd,0x21,0x00,0xff,0xea,0x10,0x07,0xff,0x1c,0x44,0x01,0xff,0xf2,0xf0,0x0f,
0xfe,0x41,0x80,0x7f,0xfc,0x84,0x03,0xff,0x90,0x20,0x1f,0xfd,0x31,0x00,0xff,0xe9,0x08,0x07,0xff,0x20,0x40,0x3f,0xfa,0x7e,
0x01,0xff,0xd2,0xf0,0x0f,0xfe,0x41,0x80,0x7f,0xf4,0xc4,0x03,0xff,0xa4,0x60,0x1f,0xfc,0x71,0x10,0x07,0xff,0x44,0x40,0x3f,
0xfa,0x8a,0x01,0xff,0xc7,0x50,0x0f,0xfe,0x91,0x81,0x00,0x7f,0xf4,0x84,0xc0,0x3f,0xf8,0xdc,0x01,0xff,0xd2,0x60,0x50,0x0f,
0xfe,0x9d,0x80,0x7f,0xf1,0x45,0x40,0x3f,0xfa,0x44,0x02,0x01,0xff,0xd3,0x71,0x00,0xff,0xe2,0x40,0x07,0xff,0x4f,0x80,0x04,
0x01,0xff,0xd3,0x80,0x0f,0xfe,0x1a,0x30,0x07,0xff,0x4c,0x80,0x08,0x01,0xff,0xd3,0x66,0x00,0x7f,0xf0,0x4e,0xc0,0x3f,0xfa,
0x88,0x00,0xc0,0x0f,0xfe,0xa4,0xb8,0x07,0xfc,0xba,0x01,0xff,0xd4,0x21,0x00,0x20,0x07,0xff,0x56,0x31,0x00,0x3e,0x4a,0xa0,
0x80,0x7f,0xf5,0x10,0x02,0x12,0x00,0xff,0xea,0x9d,0xf5,0xcc,0x4d,0xf5,0xa8,0x07,0xff,0x5b,0x00,0x35,0x00,0x7f,0xf5,0xc5,
0x19,0xd9,0x04,0x03,0xff,0xb0,0xa0,0x19,0x80,0x3f,0xff,0xe0,0x05,0x00,0xe1,0x40,0x0f,0xff,0xf8,0x70,0x07,0xbc,0x03,0xff,
0xfe,0x48,0x01,0xe4,0x20,0x0f,0xff,0xf5,0x80,0x7e,0x80,0x0f,0xff,0xe8,0xb0,0x07,0xe5,0x20,0x0f,0xff,0xe5,0x80,0x7f,0xb8,
0x03,0xff,0xf6,0x6a,0x01,0xfe,0x35,0x00,0xff,0xfd,0x78,0x07,0xff,0x02,0xc4,0x03,0xff,0xf1,0x06,0x01,0xff,0xc0,0x1a,0x00,
0xff,0xfb,0xa3,0x80,0x7f,0xf0,0x92,0x00,0x3f,0xfe,0xa5,0x40,0x1f,0xfc,0x47,0x50,0x0f,0xff,0x98,0xf8,0x80,0x7f,0xf1,0x69,
0x00,0x3f,0xfe,0x5a,0x40,0x1f,0xfc,0x7b,0x40,0x0f,0xff,0x86,0x18,0x07,0xff,0x26,0xd4,0x03,0xff,0xda,0x3a,0x60,0x1f,0xfc,
0xba,0x70,0x0f,0xff,0x59,0xf9,0x00,0x7f,0xf3,0x62,0x80,0x3f,0xfd,0x2d,0x82,0x01,0xff,0xcf,0x5d,0x30,0x0f,0xff,0x28,0xdc,
0x80,0x7f,0xf4,0x8b,0x24,0x03,0xff,0xc6,0xdc,0x80,0x1f,0xfd,0x56,0xe6,0x00,0xff,0xef,0xa6,0x48,0x07,0xff,0x60,0x67,0x54,
0x03,0xff,0xb6,0x77,0x63,0x00,0xff,0xed,0x95,0x73,0x88,0x07,0xff,0x59,0x73,0x08,0x01,0xff,0xdf,0x18,0xeb,0x50,0x0f,0xfe,
0x8a,0x4f,0xd1,0x80,0x7f,0xf9,0x12,0xbe,0xdc,0xc0,0x3f,0xf9,0x24,0xd5,0xf6,0xc0,0x1f,0xfe,0xa4,0x8c,0xfc,0xa7,0x54,0x21,
0x00,0xe1,0x23,0x57,0x9c,0xfd,0x95,0x00,0xff,0xe8,0x80,0x00,0x00,0x05,0xef,0xff,0xff,0xff,0xf3,0x00,0xd0,0x80,0x7f,0xff,
0xc0,0x64,0x90,0x03,0xff,0xfe,0x01,0xcc,0x01,0xff,0xff,0x00,0xf0,0x80,0x7f,0xff,0xc0,0x3e,0x30,0x0f,0xff,0xf8,0x07,0xff,
0xfc,0x03,0xff,0xfe,0x01,0xff,0xff,0x00,0xff,0xff,0x80,0x7f,0xff,0xc0,0x3f,0xff,0xe0,0x1f,0xff,0xf0,0x0f,0xff,0xf8,0x07,
0xff,0xfc,0x03,0xff,0xfe,0x01,0xff,0xff,0x00,0xff,0xff,0x80,0x7e,0x10,0x0f,0xff,0xf8,0x07,0xff,0xfc,0x03,0xff,0xfe,0x01,
0xff,0xff,0x00,0xff,0xff,0x80,0x7f,0xff,0xc0,0x3f,0xff,0xe0,0x1f,0xff,0xf0,0x0f,0xff,0xf8,0x07,0xff,0xc4,0x40,0x3f,0xf9,
0xa4,0xef,0xff,0xca,0x20,0x0f,0xfe,0xa2,0x80,0x7f,0xf3,0x6e,0x23,0xff,0x94,0xa0,0x1f,0xfd,0x32,0x1f,0x00,0xff,0xf1,0xa8,
0x07,0xff,0x4e,0x80,0x3f,0xfc,0x88,0x40,0x1f,0xfd,0x36,0x00,0xff,0xf2,0x70,0x07,0xff,0x4d,0x04,0x03,0xff,0xc6,0x2a,0x01,
0xff,0xd3,0xf0,0x0f,0xff,0x23,0x00,0x7f,0xf4,0xc5,0x00,0x3f,0xfc,0x94,0x01,0xff,0xd3,0x60,0x0f,0xff,0x22,0x10,0x07,0xff,
0x4e,0x40,0x2e,0x00,0xff,0xe6,0x10,0x07,0xff,0x1f,0x80,0x3f,0xfa,0x68,0x20,0x13,0x18,0x07,0xff,0x29,0x50,0x03,0xff,0x8c,
0x2a,0x01,0xff,0xd3,0xe0,0x0e,0xce,0xdd,0xff,0xe4,0x75,0x00,0x7f,0xf1,0xd8,0x03,0xff,0xa6,0x2a,0x01,0xe1,0x22,0xff,0xe4,
0x08,0x07,0xff,0x22,0x80,0x3f,0xfa,0x6c,0x01,0xff,0xe4,0x42,0x00,0xff,0xe9,0xd0,0x07,0xff,0x93,0x80,0x3f,0xfa,0x68,0x40,
0x1f,0xfe,0x31,0x50,0x0f,0xfe,0x9f,0x00,0x7f,0xf9,0x18,0x03,0xff,0xa6,0x2a,0x01,0xff,0xe4,0xa0,0x0f,0xfe,0x9b,0x00,0x7f,
0xf9,0x10,0x80,0x3f,0xfa,0x74,0x01,0xff,0xe4,0xe0,0x0f,0xfe,0x99,0x90,0x07,0xff,0x8c,0x54,0x03,0xff,0xa7,0x20,0x1f,0xfe,
0x46,0x00,0xff,0xe9,0x8a,0x80,0x7f,0xf9,0x24,0x03,0xff,0xa6,0xe0,0x1f,0xfe,0x44,0x10,0x0f,0xfe,0x9d,0x80,0x7f,0xf9,0x3c,
0x03,0xff,0xa6,0x64,0x01,0xff,0xe3,0x14,0x00,0xff,0xe9,0xd0,0x07,0xff,0x91,0x80,0x3f,0xfa,0x8c,0x01,0xff,0xe4,0x90,0x0f,
0xfe,0x9b,0x00,0x7f,0xf9,0x10,0x40,0x3f,0xfa,0x74,0x01,0xff,0xe4,0xf0,0x0f,0xfe,0x99,0x98,0x03,0xff,0xc6,0x28,0x01,0xff,
0xd3,0xa0,0x0f,0xff,0x23,0x00,0x7f,0xf5,0x18,0x03,0xff,0xc9,0x20,0x1f,0xfd,0x36,0x00,0xff,0xf2,0x20,0x80,0x7f,0xf4,0xe8,
0x03,0xff,0xc9,0xe0,0x1f,0xfd,0x32,0x30,0x0f,0xff,0x18,0xa0,0x07,0xff,0x4e,0xc0,0x3f,0xfc,0x92,0x01,0xff,0xd4,0x70,0x0f,
0xff,0x23,0x00,0x7f,0xf4,0xd4,0x40,0x3f,0xfc,0x68,0x20,0x1f,0xfd,0x39,0x00,0xff,0xf2,0x78,0x07,0xff,0x4c,0x8c,0x03,0xff,
0xc6,0x28,0x01,0xff,0xd3,0xa0,0x0f,0xff,0x24,0x80,0x7f,0xf5,0x18,0x03,0xff,0xc8,0xc0,0x1f,0xfd,0x35,0x10,0x0f,0xff,0x1a,
0x08,0x07,0xff,0x4f,0x80,0x3f,0xfc,0x9e,0x01,0xff,0xd3,0x24,0x00,0xff,0xf1,0x8a,0x00,0x7f,0xf4,0xe8,0x03,0xff,0xc9,0x20,
0x1f,0xfd,0x46,0x00,0xff,0xf2,0x30,0x07,0xff,0x4d,0x44,0x03,0xff,0xc6,0x82,0x01,0xff,0xd3,0xe0,0x0f,0xff,0x27,0x80,0x7f,
0xf4,0xc5,0x00,0x3f,0xfc,0x62,0x80,0x1f,0xfd,0x39,0x00,0xff,0xf2,0x48,0x07,0xff,0x51,0x80,0x3f,0xfc,0x8c,0x01,0xff,0xd3,
0x41,0x00,0xff,0xf1,0xa8,0x80,0x7f,0xf4,0xfc,0x03,0xff,0xc9,0xc0,0x1f,0xfd,0x31,0x40,0x0f,0xff,0x18,0xa0,0x07,0xff,0x4d,
0x80,0x3f,0xfc,0x92,0x01,0xff,0xd4,0xa0,0x0f,0xff,0x23,0x00,0x7f,0xf4,0xd0,0x80,0x3f,0xfc,0x6a,0x20,0x1f,0xfd,0x3e,0x00,
0xff,0xf2,0x70,0x07,0xff,0x4c,0x54,0x03,0xff,0xc6,0x48,0x01,0xff,0xd3,0x60,0x0f,0xff,0x25,0x00,0x7f,0xf5,0x28,0x03,0xff,
0xc8,0xc0,0x1f,0xfd,0x34,0x20,0x0f,0xff,0x1a,0x88,0x07,0xff,0x4f,0x80,0x3f,0xfc,0x9c,0x01,0xff,0xd3,0x15,0x00,0xff,0xf1,
0x92,0x00,0x7f,0xf4,0xdc,0x03,0xff,0xc9,0x40,0x1f,0xfd,0x4b,0x00,0xff,0xf2,0x30,0x07,0xff,0x4c,0xc8,0x03,0xff,0xc6,0xa2,
0x01,0xff,0xd3,0xa0,0x0f,0xff,0x27,0x00,0x7f,0xf5,0x18,0x03,0xff,0xc6,0x48,0x01,0xff,0xd3,0x60,0x0f,0xff,0x25,0x00,0x7f,
0xf5,0x28,0x03,0xff,0xc8,0xc0,0x1f,0xfd,0x33,0x30,0x07,0xff,0x8d,0x44,0x03,0xff,0xa7,0x40,0x1f,0xfe,0x4e,0x00,0xff,0xea,
0x30,0x07,0xff,0x8c,0x90,0x03,0xff,0xa6,0xc0,0x1f,0xfe,0x4a,0x00,0xff,0xea,0x50,0x07,0xff,0x91,0x80,0x3f,0xfa,0x64,0x60,
0x1f,0xfe,0x35,0x10,0x0f,0xfe,0x9d,0x80,0x7f,0xf9,0x38,0x03,0xff,0xa8,0xe0,0x1f,0xfe,0x32,0x40,0x0f,0xfe,0x9a,0x88,0x07,
0xff,0x8e,0x80,0x3f,0xfa,0x92,0x01,0xff,0xe4,0x60,0x0f,0xfe,0x99,0x18,0x07,0xff,0x8d,0x44,0x03,0xff,0xa7,0x40,0x1f,0xfe,
0x4e,0x00,0xff,0xea,0x30,0x07,0xff,0x8c,0x90,0x03,0xff,0xa6,0xa2,0x01,0xff,0xe3,0xa0,0x0f,0xfe,0xa7,0x00,0x7f,0xf9,0x04,
0x03,0xff,0xa6,0x68,0x01,0xff,0xe4,0xb3,0x00,0xff,0xe8,0xa6,0x80,0x7f,0xf5,0xc0,0x00,0x00,0x00,0xff,0xea,0x09,0xb4,0x56,
0x6e,0xbb,0xfe,0xee,0x6e,0x5c,0xba,0x10,0x07,0xff,0xc0,0xda,0xb7,0xb2,0x5d,0x4c,0x88,0x20,0x10,0x88,0x8d,0x1a,0x2f,0x7e,
0xe1,0x00,0x3f,0xfd,0x27,0x3d,0x92,0xa4,0x01,0xff,0xca,0x47,0xbf,0xb5,0x00,0xff,0xf1,0x94,0x76,0x30,0x80,0x7f,0xf4,0x92,
0xbe,0x8c,0x03,0xff,0xbc,0x75,0xae,0x20,0x1f,0xfd,0x85,0xcc,0x20,0x07,0xff,0x68,0xaf,0x14,0x03,0xff,0xba,0x77,0xa8,0x01,
0xff,0xd6,0x19,0xd4,0x00,0xff,0xf0,0x95,0xd0,0x80,0x7f,0xf4,0xd7,0xd8,0x03,0xff,0xca,0xbc,0xe0,0x1f,0xfd,0x19,0xa1,0x00,
0xff,0xf4,0x45,0x80,0x7f,0xf3,0x87,0x18,0x03,0xff,0xd6,0x9a,0x40,0x1f,0xfc,0xb2,0xf3,0x00,0xff,0xf6,0x96,0xa0,0x07,0xff,
0x24,0xb0,0x40,0x3f,0xfe,0x16,0x80,0x1f,0xfc,0x72,0xc1,0x00,0xff,0xf9,0x5a,0x00,0x7f,0xf1,0x47,0x04,0x03,0xff,0xe9,0x66,
0x01,0xff,0xc4,0xd1,0x00,0xff,0xfb,0x68,0x80,0x7f,0xf0,0xa0,0xc0,0x3f,0xfe,0xe3,0x40,0x1f,0xfc,0x13,0x70,0x0f,0xff,0xca,
0x30,0x07,0xff,0x03,0x80,0x3f,0xff,0x72,0x20,0x1f,0xe7,0x20,0x0f,0xff,0xe5,0x80,0x7f,0x0c,0x80,0x7f,0xff,0x54,0xc0,0x3f,
0x30,0x80,0x7f,0xff,0xa0,0x03,0xf4,0x80,0x7f,0xff,0xd0,0x80,0x3c,0x82,0x01,0xff,0xff,0x0a,0x00,0xf7,0x00,0x7f,0xff,0xc0,
0x0c,0x01,0xe4,0x00,0xff,0xff,0x80,0x04,0xc0,0x31,0x88,0x07,0xff,0xfc,0x02,0xb0,0x0c,0x80,0x1f,0xfd,0x82,0x56,0x76,0x53,
0x00,0xff,0xec,0x20,0x06,0xd0,0x0f,0xfe,0xa8,0xc7,0x6d,0x4c,0x4d,0x67,0x49,0x80,0x7f,0xf5,0x4c,0x03,0x38,0x07,0xff,0x51,
0x7d,0xc4,0x03,0xe1,0x6c,0x90,0x0f,0xfe,0xa9,0x00,0x44,0x01,0xff,0xd3,0x5a,0x10,0x0f,0xfe,0x03,0x68,0x80,0x7f,0xf4,0xd8,
0x00,0x20,0x1f,0xfd,0x32,0xa0,0x0f,0xfe,0x19,0x50,0x07,0xff,0x4c,0x80,0x06,0x01,0xff,0xd3,0x80,0x0f,0xfe,0x2a,0x28,0x07,
0xff,0x48,0x40,0x02,0x01,0xff,0xd2,0x15,0x00,0xff,0xe3,0x70,0x07,0xff,0x4b,0xc0,0x3f,0xfa,0xa8,0x01,0xff,0xc7,0x40,0x0f,
0xfe,0x90,0x80,0x7f,0xf5,0x48,0x03,0xff,0x90,0x40,0x1f,0xfd,0x11,0x00,0x08,0x07,0xff,0x4b,0xc0,0x3f,0xf9,0x02,0x01,0xff,
0xd1,0xf0,0x01,0x80,0x7f,0xff,0xc0,0x3c,0x20,0x01,0x00,0xff,0xe9,0x78,0x07,0xff,0x20,0x80,0x3f,0xfa,0x26,0x01,0x10,0x07,
0xff,0x45,0x00,0x3f,0xf8,0xe4,0x20,0x1f,0xfd,0x17,0x00,0x9c,0x03,0xff,0xa2,0x62,0x01,0xff,0xc6,0x50,0x0f,0xfe,0x91,0x00,
0x44,0x01,0xff,0xd2,0x80,0x0f,0xfe,0x34,0x80,0x7f,0xf4,0x4c,0x03,0x58,0x07,0xff,0x49,0x94,0x03,0xff,0x89,0x42,0x01,0xff,
0xd1,0x40,0x0c,0x62,0x01,0xff,0xd2,0xa4,0x00,0xff,0xe1,0x52,0x80,0x7f,0xf4,0xac,0x03,0x90,0x03,0xff,0xa7,0x72,0x01,0xff,
0x26,0xa8,0x07,0xff,0x48,0x8c,0x03,0xb8,0x03,0xff,0xa8,0xdf,0x4a,0x42,0x02,0x49,0x19,0x64,0x01,0xff,0xd3,0xa0,0x0f,0x21,
0x00,0x7f,0xf5,0x56,0xb7,0xbf,0xb6,0xdc,0xc0,0x3f,0xfa,0xac,0x01,0xf4,0x00,0x7f,0xff,0xe0,0x40,0x3e,0x52,0x00,0xff,0xfe,
0x8b,0x80,0x7f,0x48,0x07,0xff,0xf6,0xc0,0x3f,0xc8,0xc0,0x1f,0xff,0xb6,0x50,0x0f,0xfa,0x48,0x03,0xff,0xf2,0x72,0x01,0xff,
0xc1,0xf1,0x00,0xff,0xfb,0x96,0x80,0x7f,0xf0,0x8b,0x40,0x3f,0xfe,0xc5,0x82,0x01,0xff,0xc3,0x3c,0x00,0xff,0xfa,0x1e,0x08,
0x07,0xff,0x14,0xf0,0x03,0xff,0xe4,0x78,0x20,0x1f,0xfc,0x73,0x10,0x0f,0xff,0x8b,0x80,0x7f,0xf2,0x07,0x44,0x03,0xff,0xe2,
0x96,0x20,0x1f,0xfc,0x51,0xf2,0x00,0xff,0xf9,0xa6,0x08,0x07,0xff,0x0c,0x70,0x40,0x3f,0xfe,0xa5,0xa0,0x1f,0xfc,0x3a,0x20,
0x0f,0xff,0xb9,0xd8,0x07,0xff,0x05,0xd0,0x03,0xff,0xf2,0x8e,0x01,0xff,0x14,0x00,0x7f,0xfe,0xe0,0x80,0x3f,0xd2,0x01,0xff,
0xfd,0x90,0x0f,0xe4,0x40,0x07,0xff,0xf5,0x10,0x01,0xfa,0x00,0x3f,0xff,0xf0,0x01,0xf1,0x98,0x03,0xff,0xaa,0x51,0x9d,0xfe,
0xda,0x50,0x0f,0xfe,0xa9,0xa0,0x07,0xa8,0x03,0xff,0xab,0x5a,0xe6,0x20,0x02,0x5a,0xe5,0x00,0xff,0xea,0x70,0x07,0x98,0x03,
0xff,0xa6,0x3a,0xa0,0x1f,0xc3,0x50,0x01,0xff,0xd3,0x51,0x00,0xc8,0x01,0xff,0xd4,0xd2,0x00,0xff,0xe0,0x3b,0x80,0x3f,0xfa,
0x6e,0x01,0xb4,0x03,0xff,0xa7,0x06,0x01,0xff,0xc2,0x83,0x00,0xff,0xe9,0x50,0x06,0x70,0x0f,0xfe,0x90,0xb8,0x07,0xff,0x12,
0x00,0x3f,0xfa,0x46,0x01,0x10,0x80,0x7f,0xf4,0x98,0x03,0xff,0x8a,0x86,0x01,0xff,0xd2,0x50,0x02,0x00,0x7f,0xf4,0xe8,0x03,
0xff,0x8d,0x60,0x1f,0xfd,0x2d,0x00,0x78,0x07,0xff,0x48,0x48,0x03,0xff,0x8c,0xa0,0x1f,0xfd,0x23,0x00,0x10,0x07,0xff,0x49,
0x40,0x3f,0xf8,0xe4,0x01,0xff,0xd2,0x50,0x02,0x80,0x7f,0xf4,0x88,0x03,0xff,0x90,0x40,0x1f,0xfd,0x11,0x00,0x08,0x07,0xff,
0x4b,0x80,0x3f,0xf9,0x02,0x01,0xff,0xd2,0x21,0x00,0xff,0xff,0x80,0x7e,0x63,0x00,0xff,0xff,0x80,0x7e,0x11,0x00,0x7f,0xfa,
0x04,0x03,0xff,0xe7,0xe0,0x1f,0xfc,0x82,0x00,0xff,0xe9,0x18,0x07,0xff,0x50,0xc0,0x3f,0xf8,0xe4,0x01,0xff,0xd3,0x31,0x00,
0xff,0xe9,0xa8,0x07,0xff,0x1d,0xc0,0x3f,0xfa,0x62,0x60,0x1f,0xfd,0x31,0x30,0x0f,0xfe,0x37,0x80,0x7f,0xf5,0x04,0x03,0xff,
0xa9,0x60,0x1f,0xfc,0x65,0x00,0xff,0xe9,0xb8,0x08,0x07,0xff,0x4d,0xc4,0x03,0xff,0x89,0x00,0x1f,0xfd,0x42,0x05,0x00,0xff,
0xea,0x58,0x07,0xff,0x0c,0x9c,0x03,0xff,0xa6,0x22,0x03,0x00,0xff,0xea,0x2b,0x80,0x7f,0xf0,0x47,0x00,0x3f,0xfa,0x8a,0x00,
0xe0,0x0f,0xfe,0xac,0x40,0x03,0xfe,0x3c,0x10,0x0f,0xfe,0xa1,0x80,0x10,0x03,0xff,0xac,0xfa,0xa0,0x1f,0x14,0xe1,0x00,0x7f,
0xf5,0x70,0x00,0x44,0x00,0xff,0xeb,0x15,0x7d,0xcc,0x4d,0x6e,0x98,0x03,0xff,0xae,0x80,0x12,0x00,0x7f,0xf6,0x51,0x9d,0x94,
0x80,0x3f,0xfb,0x08,0x01,0xb4,0x03,0xff,0xfe,0x01,0xb4,0x03,0x20,0x80,0x7f,0xff,0xc0,0x26,0x00,0xe9,0x00,0xff,0xff,0x80,
0x18,0x03,0xcc,0x01,0xff,0xff,0x00,0x58,0x07,0x85,0x80,0x3f,0xff,0xea,0x40,0x1f,0x40,0x07,0xff,0xfe,0x00,0x3f,0x0b,0x80,
0x7f,0xff,0x58,0x80,0x3f,0xa0,0x40,0x3f,0xff,0x63,0x20,0x1f,0xf5,0x00,0x7f,0xfe,0xe8,0x03,0xff,0x80,0x8c,0x01,0xff,0xf9,
0x64,0x00,0xff,0xe0,0xc9,0x80,0x7f,0xfd,0xce,0x40,0x3f,0xf8,0x7c,0x20,0x1f,0xff,0x52,0xd0,0x0f,0xfe,0x21,0x68,0x07,0xff,
0xd0,0x7c,0x40,0x3f,0xf8,0xa7,0x80,0x1f,0xff,0x21,0xc2,0x00,0xff,0xe3,0x9e,0x08,0x07,0xff,0xbc,0xb0,0x80,0x3f,0xf9,0x27,
0x84,0x01,0xff,0xed,0x3c,0x20,0x0f,0xfe,0x59,0x6a,0x80,0x7f,0xfa,0xdb,0x04,0x03,0xff,0x9d,0x54,0x10,0x0f,0xff,0x38,0xdc,
0x80,0x7f,0xf4,0x57,0xd8,0x03,0xff,0xca,0xde,0x80,0x1f,0xfd,0x31,0x9d,0x40,0x0f,0xff,0x09,0xe4,0x88,0x07,0xff,0x58,0xaf,
0x14,0x03,0xff,0xba,0x55,0x86,0x01,0xff,0xda,0x3a,0xe7,0x10,0x0f,0xfe,0xc2,0x5e,0xa8,0x07,0xff,0x78,0x63,0xb1,0x84,0x03,
0xff,0xa4,0x73,0xd6,0x80,0x1f,0xfe,0x33,0x9e,0xd9,0x52,0x00,0xff,0xe5,0x13,0x57,0x63,0x08,0x07,0xff,0xa0,0x9a,0xb7,0xae,
0x5d,0x50,0x84,0x03,0x84,0x44,0x8a,0xf5,0x9f,0xb2,0xa2,0x01,0xff,0xcf,0x00,0x00,0x00,0xff,0xea,0x9b,0x45,0x5e,0xf7,0xff,
0x76,0xdd,0x42,0x98,0x07,0xff,0xc5,0x67,0x7f,0x25,0xd5,0x08,0x40,0x38,0x49,0x15,0xeb,0x3f,0x21,0x00,0x3f,0xfd,0x22,0xd7,
0xf4,0xc4,0x01,0xff,0xc9,0x37,0xbf,0xa5,0x00,0xff,0xf2,0x1d,0x74,0xa0,0x07,0xff,0x45,0x6b,0xa0,0x40,0x3f,0xfb,0xe9,0x98,
0x50,0x0f,0xfe,0xb0,0xbf,0x51,0x00,0x7f,0xf6,0xcf,0x2c,0xc0,0x3f,0xfb,0x6b,0xb2,0x20,0x1f,0xfd,0x71,0xac,0x30,0x0f,0xfe,
0xfb,0x73,0x00,0x7f,0xf5,0x57,0xd4,0x03,0xff,0xc7,0x38,0x40,0x1f,0xfd,0x2a,0xa0,0x80,0x7f,0xf9,0x4f,0x54,0x03,0xff,0x9e,
0x5a,0xa0,0x1f,0xfe,0x9a,0x90,0x0f,0xfe,0x69,0xe1,0x00,0x7f,0xfa,0xda,0xc0,0x3f,0xf9,0x69,0x82,0x01,0xff,0xed,0x4c,0x00,
0xff,0xe4,0xa5,0x80,0x7f,0xfc,0x0f,0x00,0x3f,0xf8,0xe7,0x60,0x1f,0xff,0x23,0xb0,0x0f,0xfe,0x28,0xe8,0x07,0xff,0xd1,0x20,
0x03,0xff,0x89,0x82,0x01,0xff,0xf5,0x75,0x00,0xff,0xe1,0x49,0x00,0x7f,0xfd,0xec,0x40,0x3f,0xf8,0x08,0xc0,0x1f,0xff,0x81,
0xa0,0x0f,0xfe,0x04,0x80,0x7f,0xfe,0x91,0x00,0x1f,0xe7,0x20,0x0f,0xff,0xdc,0x80,0x7f,0xa4,0x03,0xff,0xf8,0x4c,0x01,0xf9,
0xc4,0x03,0xff,0xfb,0x00,0x1f,0xa4,0x03,0xff,0xfc,0x2a,0x01,0xe5,0x10,0x0f,0xff,0xfc,0x80,0x7b,0x80,0x3f,0xff,0xe0,0x64,
0x01,0x85,0x00,0x3f,0xff,0xe0,0x0a,0x00,0xce,0x01,0xff,0xd8,0x14,0x67,0x64,0x10,0x0f,0xfe,0xbb,0x00,0x6c,0x00,0xff,0xeb,
0x2e,0x75,0xcc,0x4d,0xf6,0x28,0x07,0xff,0x54,0x48,0x02,0x40,0x0f,0xfe,0xa0,0xdd,0x18,0x07,0xc7,0x54,0x00,0xff,0xea,0xa0,
0x00,0x84,0x03,0xff,0xa6,0x38,0x80,0x1f,0xf2,0xd8,0x07,0xff,0x53,0x00,0x0e,0x01,0xff,0xd4,0xd2,0x00,0xff,0xe0,0xa4,0x80,
0x7f,0xf4,0xd0,0x00,0x40,0x1f,0xfd,0x37,0x30,0x0f,0xfe,0x1b,0x10,0x07,0xff,0x48,0x40,0x1c,0x01,0xff,0xd3,0x80,0x0f,0xfe,
0x2c,0x00,0x7f,0xf4,0xc8,0x08,0x03,0xff,0xa4,0xc0,0x1f,0xfc,0x65,0x00,0xff,0xe9,0xb8,0x30,0x07,0xff,0x4b,0x40,0x3f,0xf8,
0xe6,0x01,0xff,0xd2,0x20,0x30,0x0f,0xfe,0x92,0x00,0x7f,0xf1,0xd4,0x03,0xff,0xe4,0x20,0x1f,0xfc,0x8e,0x00,0xff,0xe9,0x78,
0x08,0x07,0xff,0x44,0xc0,0x3f,0xf9,0x02,0x01,0xff,0xd2,0x10,0x0f,0xff,0xf8,0x07,0xe3,0x00,0xff,0xe9,0x98,0x07,0xff,0x20,
0x40,0x3f,0xfe,0x42,0x20,0x0f,0xfe,0x3f,0x80,0x7f,0xf5,0x04,0x03,0xff,0xa4,0x80,0x1f,0xfc,0x73,0x00,0xff,0xea,0x18,0x07,
0xff,0x4b,0xc0,0x3f,0xf8,0xe8,0x01,0xff,0xd4,0x10,0x0f,0xfe,0x92,0x88,0x07,0xff,0x15,0x80,0x3f,0xfa,0xac,0x01,0xff,0xd3,
0xb0,0x0f,0xfe,0x2d,0x80,0x7f,0xf5,0x48,0x03,0xff,0xa6,0xaa,0x00,0xff,0xe1,0xc1,0x00,0x7f,0xf5,0x78,0x03,0xff,0xa9,0x48,
0x01,0xff,0xc1,0x77,0x00,0x7f,0xf5,0x94,0x03,0xff,0xab,0x70,0x01,0xfe,0x2a,0x80,0x0f,0xfe,0xb9,0x80,0x7f,0xf5,0x9f,0xa5,
0x08,0x00,0x26,0xd7,0xaa,0x01,0xff,0xd9,0x40,0x0f,0xfe,0xb0,0xb5,0xef,0xfb,0xb2,0x50,0x03,0xff,0xb7,0x80,0x1f,0xff,0xf0,
0x0f,0xc8,0x01,0xff,0xff,0x00,0xfc,0x66,0x00,0xff,0xff,0x80,0x7e,0xa0,0x0f,0xff,0xf8,0x07,0xe6,0x00,0xff,0xff,0x80,0x7f,
0x38,0x07,0xff,0xfc,0x03,0xf4,0x08,0x07,0xff,0xfc,0x03,0xf4,0x00,0x7f,0xff,0xc0,0x3f,0x31,0x80,0x7f,0xff,0xc0,0x3f,0x78,
0x07,0xff,0xfc,0x03,0xf1,0xc0,0x07,0xff,0xfc,0x03,0xf3,0xa0,0x07,0xff,0xfc,0x03,0xf5,0x90,0x07,0xff,0xfc,0x03,0xf7,0x88,
0x07,0xff,0xfc,0x03,0xe2,0xc1,0x00,0xff,0xff,0x80,0x7c,0x58,0x20,0x1f,0xff,0xf0,0x0f,0x8b,0xc8,0x03,0xff,0xfe,0x01,0xf0,
0xea,0x80,0x7f,0xff,0xc0,0x3f,0x54,0x80,0x7f,0xff,0xc0,0x3f,0x37,0x20,0x07,0xff,0xfc,0x03,0xe1,0xbb,0x18,0x07,0xff,0x50,
0x80,0x3f,0xfc,0xa9,0x94,0x60,0x1f,0xfd,0x04,0xde,0x00,0xff,0xf3,0xae,0x61,0x80,0x3f,0xf9,0x87,0x76,0x20,0x0f,0xff,0x51,
0xcf,0xdb,0x08,0x07,0xff,0x14,0x9f,0x71,0x00,0x3f,0xfd,0xe9,0x3d,0xca,0x85,0x32,0x10,0x0c,0x26,0xaf,0x5d,0xb0,0x40,0x1f,
0xff,0x41,0x57,0xac,0xde,0xff,0xdd,0x95,0x0a,0x20,0x1f,0xff,0xf0,0x0f,0xff,0xf8,0x07,0xff,0xc9,0x62,0x3f,0xf9,0xe8,0x01,
0xff,0xea,0xaa,0x3b,0xff,0xf3,0xed,0x40,0x3f,0xfd,0x2a,0x01,0xff,0xd1,0xe0,0x0f,0xff,0x40,0x80,0x7f,0xf4,0x9c,0x03,0xff,
0xfe,0x01,0xff,0xff,0x00,0xff,0xe2,0x90,0x07,0xff,0x15,0x80,0x3f,0xfe,0xa2,0x40,0x1f,0xfc,0x4c,0x00,0xff,0xfb,0x28,0x07,
0xff,0x11,0xc0,0x3f,0xfa,0xc2,0x01,0xff,0xd3,0x81,0x00,0xff,0xe1,0x40,0x80,0x7f,0xfd,0xf4,0x03,0xff,0x82,0xae,0x01,0xff,
0xd3,0x30,0x0f,0xfe,0xc1,0xd8,0x80,0x7f,0x9e,0x80,0x3f,0xfb,0x22,0x01,0xff,0xd4,0x4f,0x60,0x0f,0x93,0x20,0x03,0xff,0xaa,
0x20,0x18,0x80,0x3f,0xfa,0xa3,0x3f,0x73,0x13,0x7d,0x66,0x01,0xff,0xd6,0xe0,0x0c,0xc0,0x1f,0xfd,0x84,0x67,0x64,0x10,0x0f,
0xfe,0xc1,0x00,0x6d,0x00,0xff,0xff,0x80,0x4a,0x01,0x90,0x03,0xff,0xfe,0x00,0x21,0x00,0xc6,0x01,0xff,0xff,0x00,0x20,0x07,
0x94,0x03,0xff,0xfe,0x1a,0x01,0xee,0x00,0xff,0xff,0x8a,0x00,0x79,0x04,0x03,0xff,0xfc,0xc0,0x1f,0xa4,0x03,0xff,0xfd,0x20,
0x1f,0x9c,0x40,0x3f,0xff,0x8e,0x20,0x1f,0xd6,0x01,0xff,0xfb,0x19,0x00,0xff,0x2a,0x00,0x7f,0xfe,0xac,0x40,0x3f,0xea,0x10,
0x0f,0xff,0xc2,0x28,0x07,0xff,0x00,0x74,0x03,0xff,0xee,0x54,0x01,0xff,0xc2,0x39,0x00,0xff,0xfa,0x8f,0x88,0x07,0xff,0x0d,
0x9c,0x03,0xff,0xe9,0xa4,0x01,0xff,0xc5,0x88,0x00,0x7f,0xfc,0xb0,0xc0,0x3f,0xf8,0xef,0x20,0x1f,0xfe,0xf1,0xc3,0x00,0xff,
0xe4,0xb5,0x88,0x07,0xff,0xb0,0xfc,0xc0,0x3f,0xf9,0x69,0xe8,0x01,0xff,0xea,0x8c,0x10,0x0f,0xfe,0x68,0xdd,0x08,0x07,0xff,
0x98,0xf5,0xc0,0x3f,0xfa,0x2b,0xee,0x01,0xff,0xe3,0x2a,0xc2,0x00,0xff,0xe9,0x8c,0x73,0x80,0x7f,0xf7,0xce,0xb5,0x40,0x3f,
0xfa,0xe3,0x1d,0x06,0x01,0xff,0xd9,0x16,0xcc,0x28,0x07,0xff,0x6c,0x5f,0x35,0xc8,0x03,0xff,0xa8,0xb7,0xd2,0x60,0x1f,0xfe,
0x02,0x8d,0xea,0x62,0x00,0xff,0xe5,0x8a,0xce,0xfd,0x20,0x07,0xff,0x98,0x56,0x77,0xf2,0xa1,0x90,0xc8,0x44,0x01,0x08,0x88,
0xd1,0xa2,0xb3,0xb9,0x4c,0x40,0x1f,0xfc,0xd0,0x00,0x00,0x00,0xff,0x24,0x67,0x7f,0xdd,0x90,0x80,0x1f,0xfc,0x51,0x8e,0xb7,
0x31,0x00,0x84,0xde,0xfa,0x04,0x03,0xff,0x82,0xde,0xe2,0x01,0xff,0x0b,0xfb,0x00,0x7f,0xd5,0x22,0x01,0xff,0xc3,0x19,0xa0,
0x0f,0xeb,0x50,0x0f,0xfe,0x3a,0xd8,0x07,0xd4,0x80,0x1f,0xfc,0x94,0xa0,0x0e,0x65,0x00,0xff,0xe5,0xab,0x00,0x43,0x00,0x1f,
0xfc,0xd8,0x10,0x04,0x88,0x07,0xff,0x34,0x58,0x00,0xc0,0x1f,0xfc,0xf9,0x03,0x10,0x0f,0xfe,0x78,0x9a,0x00,0x7f,0xf4,0x53,
0x00,0x3f,0xfa,0x3a,0xc0,0x1f,0xfd,0x16,0x30,0x0f,0xfe,0x89,0x00,0x7f,0xfc,0x88,0x03,0xff,0xa2,0x4c,0x01,0xff,0xd1,0x6d,
0x00,0xff,0xe8,0xea,0x00,0x7f,0xf4,0x54,0xc4,0x03,0xff,0x9e,0x44,0x09,0x00,0xff,0xe7,0xc0,0x01,0xc4,0x03,0xff,0x9a,0x4a,
0x01,0x58,0x07,0xff,0x37,0x80,0x32,0xb0,0x07,0xff,0x2e,0x4c,0x03,0xa5,0x40,0x3f,0xf9,0x2e,0xc0,0x1f,0x53,0x00,0x7f,0xf1,
0xe2,0x00,0x1f,0xd3,0x42,0x01,0xff,0xc3,0x2c,0x70,0x0f,0xf9,0x7d,0xc4,0x03,0xfe,0x19,0xd3,0x00,0xff,0xe0,0x8c,0x75,0xb9,
0x88,0x04,0x28,0xf9,0xcc,0x01,0xff,0xc6,0x48,0xce,0xff,0xba,0xe0,0xc0,0x3f,0xff,0xe0,0x1f,0xff,0xf0,0x0f,0xff,0xf8,0x07,
0xff,0xfc,0x03,0xff,0xfe,0x01,0xff,0xff,0x00,0xff,0xff,0x80,0x7f,0xff,0xc0,0x3f,0xff,0x69,0x19,0xdf,0xf7,0x64,0x20,0x07,
0xff,0x14,0x63,0xad,0xcc,0x40,0x21,0x37,0xbe,0x81,0x00,0xff,0xe0,0xb7,0xb8,0x80,0x7f,0xc2,0xfe,0xc0,0x1f,0xf5,0x48,0x80,
0x7f,0xf0,0xc6,0x68,0x03,0xfa,0xd4,0x03,0xff,0x8e,0xb6,0x01,0xf5,0x20,0x07,0xff,0x25,0x28,0x03,0x99,0x40,0x3f,0xf9,0x6a,
0xc0,0x10,0xc0,0x07,0xff,0x36,0x04,0x01,0x22,0x01,0xff,0xcd,0x16,0x00,0x30,0x07,0xff,0x3e,0x40,0xc4,0x03,0xff,0x9e,0x26,
0x80,0x1f,0xfd,0x14,0xc0,0x0f,0xfe,0x8e,0xb0,0x07,0xff,0x45,0x8c,0x03,0xff,0xa2,0x40,0x1f,0xff,0x22,0x00,0xff,0xe8,0x93,
0x00,0x7f,0xf4,0x5b,0x40,0x3f,0xfa,0x3a,0x80,0x1f,0xfd,0x15,0x31,0x00,0xff,0xe7,0x91,0x02,0x40,0x3f,0xf9,0xf0,0x00,0x71,
0x00,0xff,0xe6,0x92,0x80,0x56,0x01,0xff,0xcd,0xe0,0x0c,0xac,0x01,0xff,0xcb,0x93,0x00,0xe9,0x50,0x0f,0xfe,0x4b,0xb0,0x07,
0xd4,0xc0,0x1f,0xfc,0x78,0x80,0x07,0xf4,0xd0,0x80,0x7f,0xf0,0xcb,0x1c,0x03,0xfe,0x5f,0x71,0x00,0xff,0x86,0x74,0xc0,0x3f,
0xf8,0x23,0x1d,0x6e,0x62,0x01,0x0a,0x3e,0x73,0x00,0x7e,0x00,0x00,0x00,0xff,0xe5,0x12,0xc5,0xef,0x7f,0xdd,0xb7,0x0a,0x40,
0x1f,0xfd,0xd3,0x9e,0xda,0x74,0x21,0x00,0x84,0x91,0xeb,0x7a,0x50,0x03,0xff,0xb0,0xdd,0x8c,0x20,0x1f,0xfc,0x31,0x6b,0xe7,
0x10,0x0f,0xfe,0x9b,0xf4,0x88,0x07,0xff,0x24,0x63,0xa0,0x40,0x3f,0xf9,0xe7,0xb0,0x20,0x1f,0xfc,0xe7,0xf4,0x00,0xff,0xe6,
0xc6,0x10,0x07,0xff,0x44,0x6e,0x84,0x03,0xff,0x92,0x38,0xe0,0x1f,0xfd,0x55,0xc2,0x00,0xff,0xe3,0x96,0x18,0x07,0xff,0x5c,
0xb0,0xc0,0x3f,0xf8,0xa5,0x84,0x01,0xff,0xd9,0x1c,0x30,0x0f,0xfe,0x18,0xf8,0x80,0x7f,0xf7,0x34,0x80,0x3f,0xf8,0x5a,0x40,
0x1f,0xfd,0xd1,0xc1,0x00,0xff,0xe0,0x49,0x80,0x7f,0xf7,0xc6,0x80,0x3f,0xe4,0x60,0x0f,0xff,0x0a,0x30,0x07,0xfa,0x80,0x3f,
0xfc,0x72,0x40,0x1f,0xa0,0x40,0x3f,0xfc,0x90,0x01,0xf0,0xb8,0x07,0xff,0x95,0x48,0x03,0xd2,0x01,0xff,0xe7,0x80,0x0f,0x30,
0x07,0xff,0x9d,0x48,0x03,0x28,0x80,0x7f,0xfa,0x14,0x03,0x78,0x07,0xff,0x28,0x5f,0x3b,0xfb,0x20,0x80,0x3f,0xf9,0x56,0x01,
0x94,0x03,0xff,0x93,0x1d,0x06,0x20,0x26,0xfb,0x40,0x1f,0xfc,0x93,0x20,0x01,0x80,0x7f,0xf2,0x6d,0xc0,0x3f,0x97,0x44,0x03,
0xff,0x90,0x80,0x05,0x00,0xff,0xe4,0x5a,0x00,0x7f,0xc5,0x80,0x1f,0xfc,0x8f,0x00,0x78,0x07,0xff,0x1d,0x90,0x03,0xff,0x82,
0x50,0x01,0xff,0xc7,0x50,0x02,0x80,0x7f,0xf1,0xe0,0x03,0xff,0x86,0xe0,0x1f,0xfc,0x73,0x00,0x08,0x07,0xff,0x19,0x04,0x03,
0xff,0x88,0xa0,0x1f,0xfc,0x93,0x00,0xff,0xe3,0x60,0x07,0xff,0x17,0x40,0x3f,0xf8,0xe2,0x02,0x01,0xff,0xc6,0x20,0x0f,0xfe,
0x29,0x00,0x7f,0xf1,0xcc,0x03,0xff,0xfe,0x01,0x88,0x03,0xff,0x8a,0x40,0x1f,0xfc,0x91,0x00,0xff,0xe3,0x68,0x07,0xff,0x17,
0x40,0x3f,0xf8,0xe6,0x06,0x01,0xff,0xc6,0x50,0x0f,0xfe,0x2a,0x00,0x7f,0xf1,0xc4,0x18,0x03,0xff,0x8e,0xe0,0x1f,0xfc,0x37,
0x10,0x0f,0xfe,0x30,0x80,0x0c,0x03,0xff,0x8f,0x06,0x01,0xff,0xc1,0x28,0x00,0xff,0xe3,0xa8,0x03,0x40,0x3f,0xf9,0x1a,0x60,
0x1f,0xf1,0x60,0x07,0xff,0x20,0xc0,0x0e,0x01,0xff,0xc8,0x1c,0x60,0x0f,0xe5,0xd1,0x00,0xff,0xe4,0x68,0x00,0x84,0x03,0xff,
0x93,0x3a,0xe6,0x20,0x26,0xfb,0x40,0x1f,0xfc,0xa4,0x00,0x98,0x03,0xff,0x94,0x51,0x9d,0xfd,0x90,0x40,0x1f,0xfc,0xa4,0x10,
0x0a,0xc0,0x3f,0xfd,0x3a,0x01,0x8c,0x80,0x3f,0xfd,0x0e,0x01,0xd0,0x01,0xff,0xe7,0x71,0x00,0xe5,0x20,0x0f,0xff,0x34,0x80,
0x7d,0x60,0x1f,0xfe,0x56,0x10,0x0f,0x98,0xc0,0x3f,0xfc,0x63,0x00,0x1f,0xdc,0x01,0xff,0xe3,0xb1,0x00,0xfe,0x28,0x00,0xff,
0xf0,0xaa,0x80,0x3f,0xe7,0x50,0x0f,0xfe,0xf9,0x58,0x07,0xff,0x06,0x90,0x03,0xff,0xba,0x3e,0x20,0x1f,0xfc,0x2a,0x20,0x0f,
0xfe,0xe6,0x90,0x07,0xff,0x0c,0x75,0x00,0x3f,0xfb,0x23,0x86,0x01,0xff,0xc6,0xb5,0x00,0xff,0xeb,0x96,0x18,0x07,0xff,0x22,
0xa4,0x03,0xff,0xaa,0xb8,0x40,0x1f,0xfc,0xa6,0xd3,0x00,0xff,0xe8,0x8d,0xd0,0x80,0x7f,0xf3,0x0b,0x24,0x80,0x3f,0xf9,0xcf,
0xe8,0x01,0xff,0xd0,0x6d,0x92,0x00,0xff,0xe4,0x8b,0xf4,0x08,0x07,0xff,0x4d,0xb7,0x1c,0x40,0x3f,0xf8,0x62,0xd7,0xd0,0x20,
0x1f,0xfd,0x73,0x8e,0xda,0x74,0x21,0x00,0x84,0x91,0xa7,0x3a,0x50,0x03,0xff,0x8e,0x00,0x00,
};
static const lv_font_fmt_txt_glyph_dsc_t glyphs_black_164[]={{0,0,0,0,0,0},
{.bitmap_index=0,.adv_w=1100,.box_w=63,.box_h=27,.ofs_x=3,.ofs_y=34},
{.bitmap_index=91,.adv_w=1504,.box_w=86,.box_h=117,.ofs_x=4,.ofs_y=-1},
{.bitmap_index=1032,.adv_w=934,.box_w=51,.box_h=115,.ofs_x=3,.ofs_y=0},
{.bitmap_index=1365,.adv_w=1512,.box_w=86,.box_h=116,.ofs_x=4,.ofs_y=0},
{.bitmap_index=2331,.adv_w=1459,.box_w=84,.box_h=116,.ofs_x=3,.ofs_y=-1},
{.bitmap_index=3323,.adv_w=1682,.box_w=96,.box_h=115,.ofs_x=3,.ofs_y=0},
{.bitmap_index=4115,.adv_w=1456,.box_w=84,.box_h=116,.ofs_x=4,.ofs_y=-1},
{.bitmap_index=4975,.adv_w=1448,.box_w=84,.box_h=117,.ofs_x=4,.ofs_y=-1},
{.bitmap_index=6037,.adv_w=1341,.box_w=82,.box_h=115,.ofs_x=1,.ofs_y=0},
{.bitmap_index=6858,.adv_w=1459,.box_w=85,.box_h=117,.ofs_x=3,.ofs_y=-1},
{.bitmap_index=8056,.adv_w=1409,.box_w=84,.box_h=117,.ofs_x=0,.ofs_y=-1},
{.bitmap_index=9107,.adv_w=1000,.box_w=31,.box_h=84,.ofs_x=15,.ofs_y=0},
{.bitmap_index=9517,.adv_w=979,.box_w=59,.box_h=57,.ofs_x=1,.ofs_y=76}};
static const uint16_t unicode_black_164[]={0,3,4,5,6,7,8,9,10,11,12,13,131};
static const lv_font_fmt_txt_cmap_t cmap_black_164[]={{.range_start=45,.range_length=132,.glyph_id_start=1,.unicode_list=unicode_black_164,.list_length=13,.type=LV_FONT_FMT_TXT_CMAP_SPARSE_TINY}};
static const lv_font_fmt_txt_dsc_t dsc_black_164={.glyph_bitmap=bitmap_black_164,.glyph_dsc=glyphs_black_164,.cmaps=cmap_black_164,.cmap_num=1,.bpp=4,.bitmap_format=LV_FONT_FMT_TXT_COMPRESSED};
const lv_font_t font_wf_164={.get_glyph_dsc=lv_font_get_glyph_dsc_fmt_txt,.get_glyph_bitmap=lv_font_get_bitmap_fmt_txt,.line_height=134,.base_line=1,.dsc=&dsc_black_164,.user_data=(void *)font_license};
static const uint8_t bitmap_regular_48[]={
0x00,0xff,0xe2,0x8f,0xff,0xff,0x0c,0x0c,0x03,0xff,0x88,0x60,0x1f,0xfc,0x40,0x00,0x00,0x00,0xf3,0x56,0xf7,0xf6,0xd3,0x00,
0x7f,0x9b,0xa5,0x48,0x40,0x49,0x67,0x9c,0x03,0xea,0x91,0x00,0xfe,0x18,0xb0,0x0e,0xa5,0x00,0x9a,0xfb,0xfa,0xdc,0x02,0x4a,
0x00,0x95,0x40,0x02,0xd9,0x41,0x01,0x48,0xe3,0x00,0x2b,0x00,0x20,0x00,0x38,0x40,0x1f,0x0e,0x90,0x02,0x00,0x88,0x00,0x81,
0x00,0xfe,0x18,0x00,0x0a,0x20,0x02,0x70,0x0f,0xf9,0x40,0x2c,0xe0,0x00,0x88,0x03,0xff,0x80,0x60,0x02,0x10,0x01,0x80,0x7f,
0xf0,0x5c,0x00,0x20,0x1f,0xff,0xf0,0x0f,0xff,0xf8,0x07,0xff,0xfc,0x03,0xff,0xfe,0x01,0xff,0xc3,0x10,0x01,0x80,0x7f,0xf0,
0x5c,0x00,0x3c,0x00,0x11,0x00,0x7f,0xf0,0x0c,0x00,0x48,0x01,0x38,0x07,0xfc,0xa0,0x16,0x11,0x00,0x10,0x20,0x1f,0xc3,0x00,
0x01,0x40,0x80,0x00,0xe1,0x00,0x7c,0x3a,0x40,0x08,0x00,0x2a,0x80,0x05,0xb2,0x82,0x02,0x93,0xc6,0x00,0x46,0x00,0xa9,0x40,
0x26,0xbe,0xfe,0xb6,0x00,0x92,0xc0,0x3a,0xa4,0x40,0x3f,0x86,0x2c,0x03,0xe6,0xe9,0x52,0x10,0x12,0x59,0xe7,0x00,0xc0,0x00,
0x00,0x00,0xe3,0xbf,0xf9,0x00,0x21,0x9c,0x40,0x08,0x40,0x0f,0xcc,0x01,0xe1,0xd8,0x00,0xfc,0x64,0x00,0x17,0xc0,0x0c,0x40,
0x95,0xd0,0x40,0x1d,0xd6,0xa0,0x1f,0x84,0x03,0xff,0xfe,0x01,0xff,0xff,0x00,0xff,0xff,0x80,0x7f,0xfd,0x44,0x02,0x10,0x00,
0x00,0x00,0xf3,0x56,0xff,0xbb,0x24,0xc0,0x3f,0xcf,0xd2,0xa4,0x00,0x13,0x6c,0xc1,0x00,0x7d,0x70,0x20,0x1f,0xc7,0xaa,0x01,
0xd4,0x80,0x13,0xe7,0x7e,0xd2,0x00,0x54,0x60,0x12,0x28,0x00,0xb6,0x0c,0x40,0x96,0xe4,0x02,0xe0,0x0b,0xc0,0x2c,0x20,0x0f,
0x9a,0x00,0x04,0xa0,0x04,0x00,0x38,0x80,0x7f,0x38,0x80,0x3c,0x08,0x02,0xc0,0x0f,0xf9,0x00,0x0e,0x0c,0x01,0x38,0x07,0xfc,
0x40,0x03,0x00,0xff,0xe2,0x88,0x00,0xc1,0x57,0x10,0x07,0xfc,0x80,0x06,0x01,0xaa,0x84,0x03,0xfc,0x64,0x00,0xd0,0x0f,0xfe,
0x24,0x80,0x4e,0x01,0xff,0xc3,0x35,0x00,0x28,0x80,0x7f,0xf0,0xf8,0x02,0x80,0x0f,0xfe,0x1c,0x10,0x01,0xc8,0x03,0xff,0x84,
0x8e,0x00,0x28,0x00,0xff,0xe1,0x0d,0x00,0x5c,0x01,0xff,0xc3,0xd1,0x00,0x49,0x80,0x7f,0xf0,0xa4,0xc0,0x0a,0xc0,0x1f,0xfc,
0x26,0x60,0x00,0xa8,0x03,0xff,0x84,0x72,0x00,0x1f,0x00,0xff,0xe1,0x0e,0x80,0x54,0x40,0x1f,0xfc,0x2d,0x10,0x04,0x20,0x07,
0xff,0x0a,0x4c,0x00,0xae,0x01,0xff,0xc2,0x66,0x00,0x0e,0x80,0x3f,0xf8,0x49,0x20,0x01,0xd0,0x0f,0xfe,0x11,0x50,0x05,0xa2,
0x01,0xff,0xc2,0xf1,0x00,0x51,0x80,0x7f,0xf0,0xa8,0x80,0x0e,0xa0,0x1f,0xfc,0x28,0x50,0x02,0x40,0x07,0xff,0x08,0x5c,0x02,
0x4f,0xff,0xfe,0x17,0x18,0x07,0xff,0x1c,0x40,0x3f,0xf9,0x02,0x00,0x00,0x4f,0xff,0xfe,0x32,0x88,0x07,0xff,0x18,0xc4,0x03,
0xff,0x8e,0x9f,0xff,0xfc,0x16,0x00,0x85,0xc0,0x3f,0xf8,0x2e,0xc0,0x16,0x88,0x07,0xff,0x01,0x20,0x02,0x93,0x00,0xff,0xe0,
0x1d,0x80,0x4e,0xc0,0x1f,0xfc,0x01,0xd0,0x09,0x20,0x03,0xff,0x83,0xa2,0x00,0x2b,0x00,0xff,0xe0,0xd1,0x80,0x07,0xc0,0x3f,
0xf8,0x30,0xa0,0x16,0x90,0x07,0xff,0x01,0x5c,0x02,0x93,0x00,0xff,0xe0,0x1d,0x00,0x48,0xe0,0x1f,0xfc,0x18,0x00,0xc9,0xdb,
0x02,0x01,0xfe,0x90,0x0f,0x13,0xf2,0x80,0x7f,0x15,0xcf,0x73,0x1c,0x02,0xa5,0x00,0xfe,0x46,0x11,0x1c,0x68,0x80,0x2c,0x40,
0x3f,0xf8,0x45,0xa0,0x01,0x90,0x0f,0xfe,0x19,0xa8,0x01,0x40,0x3f,0xf8,0x9c,0x00,0x22,0x00,0x7f,0xf0,0xd4,0x02,0x70,0x0f,
0xfe,0x18,0x80,0x44,0x01,0xff,0xc4,0x10,0x07,0xad,0x51,0xc0,0x3f,0xf8,0x63,0xaa,0xa9,0x00,0xff,0xe0,0x08,0x00,0x7c,0x00,
0x20,0x1f,0xfc,0x3e,0x30,0x08,0xc0,0x3f,0xc8,0x01,0x2a,0x80,0x2a,0x00,0xff,0x70,0x04,0x62,0xa0,0x06,0x20,0x0f,0xc4,0xa0,
0x05,0x00,0x48,0x05,0xe2,0x01,0xe1,0xf0,0x0a,0x40,0x06,0xe0,0x02,0xf7,0x20,0x13,0x8f,0x20,0x03,0x18,0x05,0x0c,0x00,0x18,
0xdf,0xec,0x71,0x00,0x24,0x80,0x74,0xc8,0x40,0x3f,0x9e,0xc0,0x3e,0x6e,0x94,0x10,0x00,0xa4,0x74,0x00,0x60,0x00,0x00,0x00,
0xff,0x5f,0xfa,0xc0,0x3f,0xf8,0xa6,0x80,0x0e,0x00,0xff,0xe2,0xc8,0x00,0x54,0x03,0xff,0x88,0x4a,0x00,0x80,0x0f,0xfe,0x2d,
0x80,0x05,0x80,0x3f,0xf8,0x82,0xc0,0x09,0x00,0xff,0xe2,0xc8,0x04,0xc0,0x1f,0xfc,0x41,0x70,0x03,0x88,0x07,0xff,0x11,0x80,
0x29,0x00,0xff,0xe2,0xc8,0x01,0x84,0x03,0xff,0x88,0xc2,0x00,0xb0,0x0f,0xfe,0x2c,0x00,0x14,0x80,0x3f,0xf8,0x8a,0x20,0x09,
0x00,0xff,0xe2,0xc0,0x01,0x0c,0x03,0xd3,0xfe,0xb0,0x0f,0x21,0x00,0x3c,0x03,0xe3,0x00,0x38,0x07,0xa0,0x00,0x68,0x01,0xff,
0xc4,0x33,0x00,0x24,0x03,0xff,0x8b,0x00,0x02,0x50,0x0f,0xfe,0x21,0x20,0x02,0xc0,0x3f,0xf8,0xb0,0x00,0x16,0x00,0xff,0xe2,
0x12,0x80,0x24,0x03,0xff,0x8b,0x40,0x14,0x7f,0xff,0x94,0x00,0x7f,0xe7,0x20,0x0f,0xfe,0x47,0x98,0x07,0xff,0x23,0xe7,0xff,
0xff,0x84,0xa0,0x03,0xff,0x38,0x07,0xff,0xfc,0x03,0xff,0xfe,0x01,0xff,0xdd,0x20,0x03,0x80,0x40,0x00,0x00,0xcf,0xff,0xfe,
0x26,0x80,0x04,0x03,0xff,0x88,0x60,0x1f,0xfc,0x73,0x00,0xe6,0xff,0xff,0xe0,0xe8,0x07,0xff,0x84,0x40,0x3f,0xff,0xe0,0x1f,
0xfe,0x35,0xad,0xff,0x75,0xb8,0x80,0x7f,0x1e,0xd2,0x90,0x00,0x52,0x39,0xc0,0x3e,0x5c,0x20,0x0f,0xe8,0xa0,0x0f,0x10,0x00,
0xeb,0x7f,0xb1,0x80,0x25,0x80,0x0f,0xab,0x14,0x80,0x4e,0x74,0x40,0x0e,0x40,0x1d,0x4a,0x01,0xf1,0x68,0x05,0x40,0x20,0x02,
0x50,0x0f,0xe3,0x40,0x02,0x86,0xee,0x00,0xff,0xb0,0x00,0x40,0x24,0x40,0x0f,0xfe,0x01,0x00,0x42,0x01,0xff,0xc3,0x10,0x08,
0x80,0x3f,0xf8,0x6e,0x01,0xff,0xcc,0x13,0x30,0x80,0x7f,0xce,0x01,0xb7,0x31,0x60,0x1f,0xf1,0x00,0x44,0xa0,0x04,0x00,0xff,
0xb0,0x02,0x1f,0x00,0x0a,0x00,0x7f,0x90,0x00,0x80,0xe0,0x14,0x00,0x7f,0x40,0x80,0x38,0x05,0xc0,0x07,0x40,0x1f,0x33,0x80,
0x09,0x40,0x10,0x40,0x05,0xd6,0x10,0x14,0xb9,0x00,0xb8,0x03,0x61,0x00,0x0a,0x7b,0xfa,0xd0,0x02,0xa3,0x00,0xc3,0x8a,0x01,
0xfc,0x58,0xa0,0x1e,0x1a,0xd7,0x31,0x00,0x13,0x5e,0x98,0x06,0x00,0x00,0x00,0xe5,0x9d,0xef,0xed,0x95,0x00,0xfe,0x4d,0xa6,
0x21,0x01,0x26,0xae,0x40,0x0f,0x3d,0x90,0x07,0xf0,0xdb,0x80,0x65,0x80,0x09,0x6f,0xbf,0xad,0x00,0x28,0x40,0x0a,0xc0,0x2b,
0xa4,0x10,0x14,0xb9,0x00,0xa4,0x00,0xc2,0x00,0xa4,0x00,0xf9,0x9c,0x00,0x46,0x18,0x00,0x25,0x00,0xfe,0x90,0x09,0x01,0x80,
0x08,0x01,0xfe,0x11,0x00,0x3c,0x04,0x00,0x20,0x1f,0xf3,0x22,0x34,0x0c,0x03,0xff,0x85,0x17,0x65,0x00,0xff,0xf1,0xa4,0xef,
0xfb,0xad,0xc4,0x03,0xf8,0x6e,0xcc,0x40,0x01,0x48,0xf5,0x00,0xf8,0x75,0x00,0x3f,0x0d,0x38,0x07,0x98,0xc0,0xa7,0x7f,0xad,
0x40,0x28,0x40,0x0f,0x93,0x58,0x80,0x52,0xa4,0x02,0xa0,0x0f,0x15,0x80,0x7c,0xce,0x00,0x15,0x00,0xeb,0x00,0xfe,0x81,0x00,
0x70,0x07,0x30,0x07,0xf9,0xc0,0x08,0x01,0x8c,0x03,0xfe,0xd0,0x08,0x80,0x26,0x00,0xff,0x98,0x02,0x60,0x08,0xc0,0x3f,0xe3,
0x00,0xc6,0x00,0x10,0x0f,0xf8,0xc0,0x30,0x80,0x04,0x03,0xfe,0x10,0x09,0xdc,0x00,0x20,0x0f,0xf9,0x80,0x21,0x20,0x02,0x00,
0x7f,0xd8,0x01,0x16,0x00,0x4a,0x01,0xfe,0x70,0x02,0x02,0x80,0x50,0x01,0xfc,0xe2,0x00,0xf0,0x03,0x80,0x0a,0xc0,0x3e,0x58,
0x00,0x12,0x00,0x20,0x80,0x09,0xac,0x40,0x29,0x54,0x00,0xb8,0x03,0x78,0x80,0x0a,0x77,0xfa,0xd4,0x02,0x93,0x00,0xc5,0xea,
0x01,0xfc,0x36,0xc0,0x1e,0x1a,0xd7,0x31,0x00,0x12,0xd7,0x20,0x06,0x00,0x00,0x2f,0xff,0xfe,0x3c,0x88,0x07,0xff,0x1c,0xc0,
0x3f,0xf9,0x2e,0x00,0x5f,0xff,0xfe,0x06,0x00,0x58,0x01,0xff,0xc4,0xa0,0x09,0xd8,0xcb,0x40,0x3f,0xf8,0x0e,0x00,0x41,0x2c,
0xd7,0x00,0xff,0x94,0x40,0x1c,0x01,0xff,0xc4,0xf0,0x09,0x40,0x3f,0xf8,0x62,0xa0,0x06,0x00,0xff,0xe2,0x38,0x05,0xa0,0x1f,
0xfc,0x4a,0x00,0x0a,0x00,0x7f,0xf0,0xc8,0xc0,0x0c,0x01,0xff,0xc4,0xa0,0x0a,0x80,0x3f,0xf8,0x8a,0x00,0x32,0x00,0xff,0xe1,
0x99,0x00,0x2c,0x03,0xff,0x89,0x40,0x13,0x00,0x7f,0xf1,0x18,0x00,0x82,0x01,0xff,0xc3,0x50,0x0b,0x80,0x3f,0xf8,0x9c,0x01,
0x28,0x07,0xff,0x0c,0x50,0x00,0xa0,0x1f,0xfc,0x47,0x00,0xb8,0x03,0xff,0x89,0x40,0x01,0x40,0x0f,0xfe,0x19,0x18,0x01,0x80,
0x3f,0xf8,0x94,0x01,0x50,0x07,0xff,0x11,0x80,0x04,0x40,0x0f,0xfe,0x1a,0x08,0x02,0x80,0x3f,0xf8,0x9a,0x01,0x30,0x07,0xff,
0x11,0x80,0x08,0x20,0x1f,0xfc,0x35,0x00,0xb8,0x03,0xff,0x89,0xc0,0x12,0x80,0x7f,0xf0,0xc5,0x00,0x0a,0x01,0xff,0xc4,0x60,
0x0b,0x80,0x3f,0xf8,0x94,0x00,0x14,0x00,0xff,0xe1,0x89,0x00,0x18,0x03,0xfe,0x00,0x00,0x00,0xf1,0xc6,0x77,0xf6,0x49,0x80,
0x7f,0x86,0xf1,0xcc,0x40,0x4d,0xb2,0xc8,0x03,0xe3,0xe4,0x00,0xfe,0x4d,0x30,0x0e,0x1d,0x00,0x8e,0xb7,0xf6,0x8c,0x02,0xd1,
0x00,0xd6,0x20,0x07,0xc5,0x20,0x25,0xc7,0x00,0x0d,0x80,0x44,0xa0,0x05,0x80,0x0f,0xa1,0x40,0x0a,0x20,0x04,0x00,0xa0,0x03,
0xfa,0x00,0x27,0x00,0x78,0x00,0x88,0x01,0xfc,0x42,0x00,0xf0,0x01,0x80,0x18,0x03,0xfe,0x20,0x0e,0x30,0x03,0x80,0x7f,0xc4,
0x00,0x10,0x07,0x80,0x0c,0x40,0x3f,0x88,0x40,0x1a,0x00,0x70,0x0a,0x00,0x3f,0xac,0x02,0x40,0x00,0xb0,0x01,0x98,0x01,0xf3,
0xb0,0x01,0xc4,0x02,0x92,0x00,0x4d,0xa8,0x80,0xad,0xc0,0x00,0xe0,0x03,0xb0,0xc0,0x09,0x5d,0xfd,0x48,0x00,0x3d,0x00,0xf0,
0xe1,0x00,0x7f,0x16,0x08,0x07,0x8b,0x08,0x03,0xf8,0xb4,0x80,0x38,0x70,0xc0,0x0b,0x7d,0xfd,0x6a,0x00,0x2c,0x10,0x0d,0x42,
0x00,0xaa,0x20,0x80,0xa5,0x50,0x00,0x34,0x01,0x1a,0x00,0x1d,0x40,0x3e,0x57,0x00,0x21,0x80,0x28,0x00,0x30,0x01,0xfd,0x00,
0x15,0x80,0x1c,0x00,0x80,0x1f,0xf2,0x80,0x10,0x00,0x20,0x0d,0x00,0xff,0xb4,0x00,0x40,0x40,0x11,0x00,0x7f,0xc4,0x00,0x10,
0x0f,0xfe,0x51,0x80,0x44,0x01,0xff,0x10,0x06,0x11,0x00,0x34,0x03,0xfe,0xd0,0x01,0x00,0x10,0x00,0x80,0x1f,0xf2,0x80,0x1c,
0x01,0xe0,0x01,0x80,0x0f,0xe8,0x00,0xb8,0x00,0xa4,0x00,0x76,0x00,0xf9,0x9c,0x00,0x48,0x01,0x70,0x05,0x36,0xa2,0x02,0x97,
0x20,0x17,0x80,0x63,0x90,0x09,0x2b,0xbf,0xad,0x00,0x2a,0x20,0x0e,0x6b,0x20,0x0f,0xe3,0xd5,0x00,0xf9,0x36,0xd8,0x80,0x22,
0x6b,0xc2,0x00,0xc0,0x00,0x00,0x00,0xf2,0xd6,0xff,0xbb,0x20,0x80,0x3f,0x97,0xa9,0x48,0x00,0x26,0xfb,0x42,0x01,0xe7,0xa1,
0x00,0xfe,0x5f,0x20,0x0c,0xb0,0x01,0x2d,0xf7,0xf5,0x18,0x00,0x7c,0x40,0x2b,0x00,0xaa,0x88,0x20,0x2b,0x8c,0x00,0x28,0x00,
0x30,0x80,0x25,0x40,0x3e,0x94,0x00,0x30,0x85,0x00,0x05,0x80,0x3f,0xa4,0x02,0x40,0x30,0x03,0x00,0x7f,0x88,0x80,0x0c,0x20,
0x0b,0x00,0x3f,0xe7,0x00,0x28,0x80,0x4e,0x01,0xff,0x18,0x00,0x5c,0x02,0x10,0x0f,0xf8,0x40,0x06,0xe0,0x1f,0xfc,0x71,0x00,
0x98,0x03,0xfe,0x20,0x08,0x80,0x23,0x00,0xff,0x9c,0x03,0x18,0x02,0x80,0x3f,0xc6,0x40,0x1a,0x80,0x04,0xc0,0x1f,0xd0,0x01,
0xcc,0x20,0x09,0x40,0x0f,0xa5,0x00,0x3d,0x60,0x15,0xd2,0x08,0x13,0x6b,0x00,0x7c,0xae,0x01,0x2d,0xf7,0xec,0x90,0x13,0x00,
0x7a,0x24,0x03,0xf9,0x30,0x40,0x3e,0x6e,0x84,0x10,0x01,0x2d,0xd8,0x40,0x3f,0x85,0xef,0xbf,0xdb,0x48,0x01,0xff,0xe3,0x15,
0x51,0x80,0x7f,0xf1,0x26,0xa9,0xc0,0x1f,0xfc,0x4f,0x00,0x10,0x07,0xfc,0x40,0x02,0x02,0x00,0x8c,0x03,0xfc,0x80,0x06,0x04,
0x00,0xa4,0x03,0xf9,0xc4,0x01,0x80,0x28,0x00,0x58,0x00,0xf9,0xa0,0x00,0x2c,0x00,0x90,0x09,0xf1,0x44,0x05,0x2e,0x40,0x2b,
0x00,0x8a,0xc0,0x23,0xae,0xfe,0xb4,0x00,0xa1,0x40,0x32,0x69,0x80,0x7f,0x15,0xb8,0x07,0x8b,0x2d,0x88,0x40,0x49,0x6b,0x50,
0x02,0x00,0x00,0x07,0xee,0x48,0x2c,0x08,0x9a,0x34,0x03,0x1e,0x80,0x63,0x58,0x11,0x34,0x03,0xf7,0x24,0x03,0xff,0xe4,0xfd,
0xc9,0x05,0x81,0x13,0x46,0x80,0x63,0xd0,0x0c,0x6b,0x02,0x26,0x80,0x00,0x00,0x00,0xc3,0x1b,0xfe,0xda,0x30,0x0f,0x9b,0x9c,
0x80,0x04,0xb9,0x20,0x1c,0xf2,0x05,0x39,0x8a,0x40,0x6c,0x00,0x92,0x01,0x75,0x8c,0xcb,0x72,0x07,0x00,0x09,0x04,0xa0,0x0f,
0x34,0x03,0x91,0x90,0x40,0x07,0xe7,0x10,0xa4,0x01,0x30,0x0f,0xe4,0x03,0xe0,0x30,0x0f,0xf1,0x83,0x00,0x0c,0x03,0xfc,0x60,
0x0e,0x01,0x20,0x0f,0xe4,0x06,0x40,0x04,0x00,0x7e,0x61,0x03,0x31,0x02,0xb8,0x07,0x92,0x40,0x14,0x12,0x00,0x8b,0x41,0x03,
0x9b,0x00,0x39,0x02,0x40,0x01,0x2f,0xbf,0x18,0x00,0x70,0x01,0x3d,0x00,0x7e,0x6c,0x00,0xe5,0xe7,0x20,0x01,0x2e,0x48,0x04,
0x00,0x00,
};
static const lv_font_fmt_txt_glyph_dsc_t glyphs_regular_48[]={{0,0,0,0,0,0},
{.bitmap_index=0,.adv_w=302,.box_w=17,.box_h=4,.ofs_x=1,.ofs_y=14},
{.bitmap_index=17,.adv_w=434,.box_w=21,.box_h=34,.ofs_x=3,.ofs_y=0},
{.bitmap_index=193,.adv_w=269,.box_w=11,.box_h=34,.ofs_x=2,.ofs_y=0},
{.bitmap_index=241,.adv_w=412,.box_w=21,.box_h=34,.ofs_x=2,.ofs_y=0},
{.bitmap_index=470,.adv_w=396,.box_w=20,.box_h=34,.ofs_x=2,.ofs_y=0},
{.bitmap_index=695,.adv_w=423,.box_w=22,.box_h=34,.ofs_x=2,.ofs_y=0},
{.bitmap_index=861,.adv_w=395,.box_w=20,.box_h=34,.ofs_x=3,.ofs_y=0},
{.bitmap_index=1046,.adv_w=396,.box_w=20,.box_h=34,.ofs_x=3,.ofs_y=0},
{.bitmap_index=1287,.adv_w=363,.box_w=21,.box_h=34,.ofs_x=1,.ofs_y=0},
{.bitmap_index=1481,.adv_w=400,.box_w=21,.box_h=34,.ofs_x=2,.ofs_y=0},
{.bitmap_index=1758,.adv_w=400,.box_w=20,.box_h=34,.ofs_x=2,.ofs_y=0},
{.bitmap_index=1995,.adv_w=260,.box_w=6,.box_h=21,.ofs_x=5,.ofs_y=1},
{.bitmap_index=2031,.adv_w=292,.box_w=16,.box_h=16,.ofs_x=1,.ofs_y=24}};
static const uint16_t unicode_regular_48[]={0,3,4,5,6,7,8,9,10,11,12,13,131};
static const lv_font_fmt_txt_cmap_t cmap_regular_48[]={{.range_start=45,.range_length=132,.glyph_id_start=1,.unicode_list=unicode_regular_48,.list_length=13,.type=LV_FONT_FMT_TXT_CMAP_SPARSE_TINY}};
static const lv_font_fmt_txt_dsc_t dsc_regular_48={.glyph_bitmap=bitmap_regular_48,.glyph_dsc=glyphs_regular_48,.cmaps=cmap_regular_48,.cmap_num=1,.bpp=4,.bitmap_format=LV_FONT_FMT_TXT_COMPRESSED};
const lv_font_t font_wf_regular_48={.get_glyph_dsc=lv_font_get_glyph_dsc_fmt_txt,.get_glyph_bitmap=lv_font_get_bitmap_fmt_txt,.line_height=40,.base_line=0,.dsc=&dsc_regular_48,.fallback=&font_cn16,.user_data=(void *)font_license};
static const uint8_t bitmap_regular_96[]={
0x1d,0xff,0xff,0xe8,0x60,0x29,0x00,0x7f,0xf4,0x0c,0x40,0x3f,0xff,0xe0,0x1f,0xfc,0x95,0x10,0x0f,0xfe,0x81,0x08,0x00,0x00,
0x00,0xff,0xe1,0x1b,0xd6,0x77,0xfe,0xec,0xa7,0x30,0x0f,0xfe,0x69,0xd7,0x64,0x29,0x88,0x06,0x13,0x58,0xce,0xa3,0x00,0xff,
0xe4,0x1e,0x61,0x44,0x03,0xff,0x84,0x2b,0x98,0x30,0x0f,0xfe,0x2c,0xe1,0x80,0x7f,0xf2,0x0f,0x24,0x03,0xff,0x84,0x3a,0xc0,
0x1f,0xfc,0xc6,0xd2,0x00,0xff,0x8b,0xc8,0x03,0xff,0x9c,0x58,0x60,0x1f,0xc3,0x82,0x01,0xf8,0x9a,0xb7,0xbf,0xdd,0xb4,0xc4,
0x01,0xf8,0x74,0x80,0x3f,0x50,0x80,0x7c,0x75,0xb2,0xa4,0x20,0x01,0x25,0x9d,0xb4,0x00,0xf8,0x7c,0x03,0xe7,0x40,0x0f,0x9f,
0x14,0x03,0xff,0x80,0x97,0x20,0x1f,0x14,0x80,0x70,0xc0,0x07,0xd7,0x00,0x1f,0xfc,0x46,0xd1,0x00,0xf3,0x18,0x06,0x90,0x0f,
0xa5,0x00,0x3f,0xf8,0xc5,0xa0,0x1f,0x48,0x06,0x60,0x0f,0x33,0x00,0x3f,0xf9,0x07,0x20,0x1e,0x51,0x00,0x20,0x80,0x7a,0x00,
0x3f,0xf9,0x4c,0x40,0x1e,0x60,0x06,0x00,0x79,0x84,0x03,0xff,0x97,0x00,0x1e,0xc0,0x02,0x00,0x7b,0x40,0x3f,0xf9,0x8a,0x01,
0xe4,0x00,0x10,0x07,0x90,0x03,0xff,0x9a,0x60,0x1e,0x20,0x10,0x0e,0x30,0x0f,0xfe,0x72,0x80,0x79,0x88,0x03,0xce,0x01,0xff,
0xce,0xe0,0x0f,0x08,0x07,0xc2,0x01,0xff,0xce,0x10,0x0f,0x18,0x80,0x7f,0xff,0xc0,0x3f,0xff,0xe0,0x1f,0xff,0xf0,0x0f,0xff,
0xf8,0x07,0xff,0xfc,0x03,0xff,0xfe,0x01,0xff,0xff,0x00,0xff,0xff,0x80,0x7f,0xff,0xc0,0x3f,0xff,0xe0,0x1f,0xff,0xf0,0x0f,
0xff,0xf8,0x07,0xff,0xfc,0x03,0xff,0xfe,0x01,0xff,0xff,0x00,0xff,0xff,0x80,0x7f,0xf1,0x44,0x03,0xff,0xfe,0x01,0xff,0xc3,
0x10,0x0f,0xfe,0x77,0x00,0x78,0xc8,0x03,0xce,0x01,0xff,0xce,0x10,0x0f,0x08,0x08,0x07,0x18,0x07,0xff,0x39,0x40,0x3c,0xc0,
0xa0,0x1e,0x40,0x0f,0xfe,0x60,0x98,0x07,0x88,0x0c,0x03,0xda,0x01,0xff,0xcc,0x40,0x0f,0x20,0x02,0xc0,0x3c,0xc2,0x01,0xff,
0xcb,0x80,0x0f,0x60,0x00,0xc4,0x03,0xd0,0x01,0xff,0xca,0x62,0x00,0xf3,0x00,0x52,0x01,0xe6,0x50,0x0f,0xfe,0x41,0xc8,0x07,
0x94,0x40,0x27,0x10,0x0f,0x52,0x00,0x7f,0xf1,0x8f,0x40,0x3e,0x80,0x0e,0x80,0x0f,0xad,0xc0,0x3f,0xf8,0x8d,0x82,0x01,0xe6,
0x20,0x0e,0x64,0x00,0xfa,0x31,0x00,0x3f,0xf8,0x09,0x92,0x01,0xf1,0x48,0x07,0xd4,0x40,0x1f,0x1d,0xec,0xa9,0x00,0x42,0x4b,
0x3b,0x66,0x01,0xf0,0xf8,0x07,0xe1,0xc1,0x00,0xfc,0x4d,0x5b,0xff,0x76,0xd3,0x10,0x07,0xe1,0xd2,0x00,0xfe,0x1f,0x30,0x0f,
0xfe,0x71,0x61,0x80,0x7f,0xc3,0x8c,0x01,0xff,0xcc,0x5d,0x20,0x0f,0xfe,0x14,0xe2,0x00,0x7f,0xf2,0x0f,0x28,0x03,0xff,0x8a,
0x77,0x8c,0x20,0x1f,0xfc,0x21,0x5c,0xc1,0x80,0x7f,0xf2,0x0e,0x7b,0x21,0x4c,0x40,0x30,0x9a,0xc6,0x75,0x18,0x07,0xfc,0x00,
0x00,0x00,0xff,0x8f,0x3f,0xfc,0xe0,0x1f,0xc3,0x58,0x60,0x1e,0xd0,0x0f,0xcf,0xca,0x01,0xff,0xc3,0x4d,0x80,0x0f,0xfe,0x19,
0x5d,0x88,0x03,0xff,0x87,0x1a,0x80,0x1f,0xfc,0x35,0xe7,0x00,0xff,0xe2,0x25,0x08,0x07,0xff,0x14,0x80,0x3f,0xcb,0x20,0x1f,
0x10,0x07,0xc5,0x1d,0x48,0x01,0xf2,0x80,0x72,0xde,0xb8,0x80,0x7f,0x08,0x00,0xa3,0xa9,0x00,0x3f,0xf8,0x37,0x6d,0x71,0x00,
0xff,0xe1,0xa2,0x00,0x3f,0xff,0xe0,0x1f,0xff,0xf0,0x0f,0xff,0xf8,0x07,0xff,0xfc,0x03,0xff,0xfe,0x01,0xff,0xff,0x00,0xff,
0xff,0x80,0x7f,0xff,0xc0,0x3f,0xff,0xe0,0x1f,0xff,0xf0,0x0f,0xff,0xf8,0x07,0xff,0xfc,0x03,0xff,0xfe,0x01,0xff,0xff,0x00,
0xff,0xe3,0x90,0x80,0x76,0x80,0x00,0x00,0x00,0xff,0xe0,0xa4,0x5e,0xf7,0xfd,0xdb,0x50,0x80,0x1f,0xfc,0xd4,0xaf,0xb7,0x42,
0x10,0x08,0x49,0x5e,0xfe,0xd0,0x03,0xff,0x90,0x9b,0x6a,0x01,0xff,0xc3,0x4b,0xd5,0x00,0xff,0xe2,0xd5,0x90,0x07,0xff,0x1c,
0xaa,0xc4,0x03,0xff,0x82,0x5a,0xa0,0x1f,0xfc,0xb4,0xf4,0x00,0xff,0x8f,0x08,0x03,0xff,0x9a,0x36,0x80,0x1f,0xc3,0xa2,0x01,
0xf8,0xe3,0x3b,0xfe,0xec,0x84,0x00,0xfe,0xb3,0x00,0xfd,0xa2,0x01,0xf2,0x66,0x1c,0xc4,0x02,0x13,0x7b,0xd6,0x00,0xfd,0xc0,
0x1f,0x31,0x80,0x7d,0x36,0x60,0x1f,0xf1,0x4d,0x88,0x07,0x8a,0x40,0x3d,0x00,0x1f,0x5b,0x00,0x7f,0xf0,0xd3,0x04,0x03,0xcc,
0x40,0x19,0x84,0x03,0xd4,0x80,0x1f,0xfc,0x52,0xc0,0x0f,0xac,0x03,0x50,0x07,0x91,0x40,0x3f,0xf8,0xe5,0x00,0x1e,0x60,0x0c,
0x60,0x1e,0x80,0x0f,0xfe,0x4b,0x88,0x07,0x90,0x00,0x60,0x1e,0x13,0x00,0xff,0xe5,0x38,0x07,0xb0,0x00,0xa0,0x1e,0x70,0x0f,
0xfe,0x5e,0x00,0x78,0xc0,0x02,0x01,0xee,0x00,0xff,0xe5,0xb0,0x07,0x9c,0x01,0xe0,0x1e,0x10,0x0f,0xfe,0x59,0x00,0x78,0x40,
0x3f,0xff,0xc6,0x01,0xe1,0x00,0xff,0xea,0xa0,0x07,0x98,0x01,0xa0,0x1e,0x50,0x0f,0xfe,0x5e,0x00,0x7b,0x40,0x0b,0xff,0xe3,
0x00,0xff,0xe5,0xa8,0x07,0x90,0x03,0xff,0xa8,0xa0,0x1e,0x13,0x00,0xff,0xea,0x48,0x07,0x9c,0x03,0xff,0xa8,0x86,0x01,0xeb,
0x00,0xff,0xea,0x48,0x07,0x8c,0x80,0x3f,0xfa,0x6c,0x40,0x1e,0x80,0x0f,0xfe,0x98,0xc0,0x07,0x8d,0x00,0x3f,0xfa,0x76,0x20,
0x1e,0x80,0x0f,0xfe,0x9a,0x28,0x07,0x95,0x00,0x3f,0xfa,0x43,0x40,0x1f,0x58,0x07,0xff,0x4e,0x84,0x03,0xd2,0x20,0x1f,0xfd,
0x27,0x40,0x0f,0x23,0x00,0x7f,0xf4,0x8e,0x00,0x3e,0xa0,0x0f,0xfe,0x90,0xe8,0x07,0xd4,0x20,0x1f,0xfd,0x2d,0x10,0x0f,0x32,
0x80,0x7f,0xf4,0xa8,0xc0,0x3c,0x72,0x01,0xff,0xd2,0x75,0x00,0xf0,0xe8,0x07,0xff,0x49,0x20,0x03,0xea,0x10,0x0f,0xfe,0x89,
0x50,0x07,0xd2,0x80,0x1f,0xfd,0x2f,0x10,0x0f,0x33,0x00,0x3f,0xfa,0x56,0x40,0x1e,0x39,0x00,0xff,0xe9,0x42,0x00,0x78,0x74,
0x03,0xff,0xa4,0xae,0x01,0xf6,0x88,0x07,0xff,0x44,0xe8,0x03,0xea,0x30,0x0f,0xfe,0x88,0xe8,0x07,0xce,0xa0,0x1f,0xfd,0x2d,
0x10,0x0f,0x24,0x00,0x7f,0xf4,0xa4,0xc0,0x3c,0x56,0x01,0xff,0xd2,0x66,0x00,0x78,0x7c,0x03,0xff,0xa4,0x92,0x01,0xf5,0x10,
0x07,0xff,0x44,0xa8,0x03,0xe9,0x40,0x0f,0xfe,0x97,0x88,0x07,0x99,0x80,0x1f,0xfd,0x2a,0x20,0x0f,0x24,0x80,0x7f,0xf4,0xa1,
0x40,0x3c,0x54,0x01,0xff,0xd2,0x57,0x00,0xfb,0xc4,0x03,0xff,0xa2,0x74,0x01,0xf5,0x90,0x07,0xff,0x44,0x74,0x03,0xe9,0x40,
0x0f,0xfe,0x96,0x88,0x07,0x99,0x80,0x1f,0xfd,0x2a,0x30,0x0f,0x24,0x80,0x7f,0xf4,0x9d,0x40,0x3c,0x54,0x01,0xff,0xd2,0x58,
0x00,0xf0,0xf8,0x80,0x7f,0xf4,0x4a,0x80,0x3e,0x1d,0xff,0xff,0xe8,0xcb,0x80,0x7f,0xf6,0xdc,0x03,0xff,0xfe,0x01,0xff,0xe4,
0x70,0x0f,0xfe,0xda,0x00,0x00,0x00,0x06,0xff,0xff,0xec,0x48,0x03,0x00,0x3f,0xfb,0x08,0x01,0xff,0xff,0x00,0xff,0xf1,0xe0,
0x80,0x7f,0xf5,0xc4,0x00,0xdd,0xff,0xff,0xce,0x20,0x0f,0xd4,0x01,0xff,0xd1,0xb2,0x00,0xf9,0x98,0x01,0xff,0xd0,0x84,0x00,
0xf8,0xe4,0x03,0xff,0xa0,0xce,0x01,0xf1,0x68,0x07,0xff,0x41,0x24,0x03,0xf7,0x88,0x07,0xff,0x3c,0xa8,0x03,0xf5,0x90,0x07,
0xff,0x3c,0x7c,0x40,0x3e,0x84,0x00,0xff,0xe8,0x51,0x00,0x7c,0xae,0x01,0xff,0xd0,0x94,0x00,0xf8,0xe8,0x03,0xff,0xa0,0xec,
0x01,0xf0,0xe8,0x07,0xff,0x41,0x20,0x03,0xf6,0x08,0x07,0xff,0x3c,0xac,0x03,0xf5,0x10,0x07,0xff,0x3c,0x70,0x03,0xf4,0x28,
0x07,0xff,0x43,0x44,0x03,0xe5,0x70,0x0f,0xfe,0x85,0x18,0x07,0xc7,0x40,0x1f,0xfd,0x07,0x50,0x0f,0x87,0x40,0x3f,0xfa,0x0b,
0x00,0x1f,0xb4,0x40,0x3f,0xf9,0xe7,0x40,0x1f,0xa8,0xc0,0x3f,0xf9,0xe3,0xa0,0x1f,0xa1,0x40,0x3f,0xfa,0x18,0x20,0x1f,0x88,
0xc4,0x03,0xff,0x9d,0x04,0x01,0xfd,0x59,0xdc,0xa4,0x00,0xff,0xe5,0xe0,0x07,0xff,0x04,0x56,0xf9,0x80,0x3f,0xf9,0x28,0xc0,
0x1f,0xfc,0x31,0x9d,0x20,0x0f,0xfe,0x44,0x90,0x07,0xff,0x10,0xb5,0x00,0x3f,0xf9,0x1e,0x00,0x6c,0xff,0x75,0xc1,0x80,0x7e,
0xb4,0x00,0xff,0xe3,0x96,0xfc,0x98,0x00,0x51,0xf3,0x06,0x01,0xf5,0x90,0x07,0xff,0x1c,0x80,0x3f,0x8f,0x1c,0x03,0xee,0x00,
0xff,0xe9,0xc4,0x00,0x3c,0x6a,0x01,0xff,0xd3,0x75,0x00,0xf4,0x00,0x7f,0xf5,0x2c,0x03,0xc4,0xa0,0x1f,0xfd,0x31,0x80,0x0f,
0x78,0x07,0xff,0x51,0x80,0x3c,0xa0,0x1f,0xfd,0x41,0x40,0x0f,0x20,0x07,0xff,0x53,0x00,0x3c,0x60,0x1f,0xfd,0x44,0x00,0xf6,
0x00,0x7f,0xf5,0x08,0x03,0xcc,0x01,0xff,0xd4,0x10,0x0f,0x10,0x07,0xff,0x54,0x80,0x3c,0x20,0x1f,0xfd,0x41,0x00,0xff,0xf1,
0x18,0x1a,0x27,0x00,0x7f,0xf3,0x5c,0x03,0xc2,0x2c,0xbb,0xe8,0x00,0xff,0xe6,0x38,0x07,0x84,0xc0,0x3c,0x60,0x1f,0xfd,0x43,
0x00,0xf3,0x80,0x7f,0xf3,0x08,0x03,0xc6,0x20,0x1e,0x20,0x0f,0xfe,0x60,0x80,0x78,0x40,0x40,0x38,0x40,0x3f,0xf9,0x64,0x01,
0xe2,0x00,0x28,0x07,0x8c,0x03,0xff,0x94,0xe0,0x1e,0x70,0x01,0x80,0x79,0x00,0x3f,0xf9,0x58,0x01,0xed,0x00,0x60,0x07,0xac,
0x03,0xff,0x94,0xe0,0x1e,0x40,0x02,0x08,0x07,0x19,0x80,0x3f,0xf9,0x0a,0x20,0x1c,0x26,0x01,0x30,0x07,0xa0,0x03,0xff,0x91,
0x20,0x1e,0x60,0x0d,0x40,0x1e,0x46,0x00,0xff,0xe3,0x31,0x80,0x7a,0x80,0x31,0x28,0x07,0xa5,0x00,0x3f,0xf8,0x87,0x20,0x1e,
0x42,0x00,0xeb,0x00,0xfa,0xd4,0x03,0xff,0x84,0x98,0x01,0xf4,0x80,0x78,0x64,0x03,0xea,0xa0,0x80,0x7f,0x86,0x6c,0x03,0xe7,
0x20,0x0f,0x99,0x80,0x1f,0x2f,0x53,0x10,0x06,0x25,0xae,0x60,0x0f,0x8e,0x00,0x3f,0xa5,0x00,0x3f,0x2c,0xef,0xfe,0xda,0x50,
0x0f,0xc5,0xa0,0x1f,0xf5,0xa8,0x07,0xff,0x30,0xbc,0x40,0x3f,0xf8,0x15,0x00,0x1f,0xfc,0xa5,0xd2,0x00,0xff,0xe1,0x3e,0xa0,
0x07,0xff,0x18,0xaa,0x80,0x1f,0xfc,0x52,0xbc,0x60,0x0f,0xfe,0x12,0x56,0xa8,0x07,0xff,0x20,0xe7,0xed,0xd0,0x84,0x00,0x24,
0x8f,0x5d,0x6a,0x01,0xff,0x00,0x00,0x00,0x00,0xff,0xe4,0x1f,0x7f,0xf4,0x00,0x7f,0xf6,0x20,0x40,0x3b,0x80,0x3f,0xfa,0xe6,
0x80,0x1c,0x2c,0x01,0xff,0xd7,0x90,0x0f,0x48,0x07,0xff,0x5c,0x94,0x03,0xcc,0x01,0xff,0xd7,0xb0,0x0f,0x38,0x80,0x7f,0xf5,
0x85,0x80,0x3d,0x20,0x1f,0xfd,0x79,0x00,0xf3,0x08,0x07,0xff,0x5d,0xc0,0x3d,0x60,0x1f,0xfd,0x77,0x00,0xf2,0x90,0x07,0xff,
0x5e,0x40,0x3d,0x20,0x1f,0xfd,0x76,0x10,0x0e,0x43,0x00,0xff,0xeb,0xd8,0x07,0xbc,0x03,0xff,0xae,0xa4,0x01,0xc6,0x80,0x1f,
0xfd,0x79,0x00,0xf4,0x80,0x7f,0xf5,0xd0,0xc0,0x38,0x94,0x03,0xff,0xaf,0xe0,0x1e,0xb0,0x0f,0xfe,0xb9,0xa0,0x07,0x0b,0x00,
0x7f,0xf5,0xe4,0x03,0xd2,0x01,0xff,0xd7,0x25,0x00,0xf3,0x00,0x7f,0xf5,0xec,0x03,0xce,0x20,0x1f,0xfd,0x61,0x60,0x0f,0x48,
0x07,0xff,0x5e,0x40,0x3c,0xc2,0x01,0xff,0xd6,0x17,0x00,0xf5,0x80,0x7f,0xf5,0xd8,0x03,0xca,0x40,0x1f,0xfd,0x79,0x00,0xf4,
0x80,0x7f,0xf5,0xd8,0x40,0x39,0x0c,0x03,0xff,0x82,0x3d,0xff,0xca,0x01,0xff,0xc2,0x80,0x0f,0x78,0x07,0xff,0x09,0x44,0x03,
0xb0,0x03,0xff,0x82,0xa2,0x01,0xc6,0x80,0x1f,0xfd,0x78,0x00,0xf4,0x80,0x7f,0xf5,0xd0,0x80,0x38,0x94,0x03,0xff,0xaf,0x00,
0x1e,0xb0,0x0f,0xfe,0xb9,0x98,0x03,0x85,0x80,0x3f,0xfa,0xf0,0x01,0xe9,0x00,0xff,0xeb,0x92,0x00,0x79,0xc0,0x3f,0xfa,0xf0,
0x01,0xe7,0x00,0xff,0xeb,0x92,0x80,0x7a,0x40,0x3f,0xfa,0xf6,0x01,0xe6,0x10,0x0f,0xfe,0xb0,0xb0,0x07,0xac,0x03,0xff,0xaf,
0x20,0x1e,0x52,0x00,0xff,0xeb,0xb0,0x07,0xa4,0x03,0xff,0xae,0xe2,0x01,0xc8,0x60,0x1f,0xfd,0x79,0x00,0xf2,0x7f,0xff,0xf2,
0x6c,0x03,0xcd,0xff,0xb0,0x0c,0x40,0x3f,0xfb,0x86,0x0e,0x01,0xff,0xff,0x00,0xff,0xf6,0x30,0x80,0x7f,0xf7,0x08,0x0b,0xbf,
0xff,0xfa,0x16,0x01,0xe6,0xff,0xda,0x01,0xff,0xff,0x00,0xff,0xff,0x80,0x7f,0xff,0xc0,0x3f,0xff,0xe0,0x1f,0xff,0xf0,0x0f,
0xff,0xf8,0x07,0xff,0xfc,0x03,0xff,0xfe,0x01,0xff,0xff,0x00,0xff,0xff,0x80,0x7f,0xf4,0x54,0x40,0x3b,0x00,0x3c,0x00,0x00,
0x7f,0xff,0xfe,0xb5,0x00,0x5a,0x01,0xff,0xd6,0x70,0x0f,0xff,0xf8,0x07,0xff,0xfc,0x03,0x90,0x03,0xfd,0xbf,0xff,0xfc,0xf9,
0x00,0xff,0xff,0x80,0x7f,0xff,0xc0,0x3f,0xff,0xe0,0x1f,0xfe,0xe3,0x00,0xff,0xff,0x80,0x7f,0xff,0xc0,0x3f,0xff,0xe0,0x1f,
0xff,0xf0,0x0f,0xff,0xf8,0x07,0xff,0xc0,0x9a,0xb3,0xba,0xdc,0xb8,0x41,0x00,0xff,0xe6,0x36,0xea,0x54,0xc4,0x62,0x34,0x7b,
0xeb,0x50,0x0f,0xfe,0x43,0xf4,0x90,0x07,0xff,0x05,0x2b,0x50,0x03,0xff,0x88,0x5b,0x02,0x01,0xff,0xc5,0x2b,0xa0,0x0f,0xfe,
0x13,0x69,0x00,0x7f,0xf2,0x57,0x44,0x03,0xff,0x81,0x00,0x1f,0xfc,0xc2,0xf1,0x00,0xff,0xe3,0x1c,0x5e,0xff,0xbb,0x69,0xc8,
0x03,0xf0,0xe8,0x07,0xff,0x11,0x77,0x1d,0x08,0x00,0x24,0xb1,0xb6,0x40,0x1f,0x1c,0x00,0x7f,0xf0,0x4b,0x28,0x80,0x3f,0xe4,
0xd7,0x00,0xf9,0xc4,0x03,0xfe,0x3d,0x30,0x0f,0xfe,0x1c,0x48,0x07,0xd0,0x01,0xfe,0x2c,0x00,0xff,0xe3,0x32,0x80,0x79,0x80,
0x3f,0xdc,0x01,0xff,0xc8,0xb0,0x0f,0x90,0x03,0xf1,0x98,0x03,0xff,0x90,0x2c,0x01,0xed,0x0c,0x00,0xf4,0x00,0x7f,0xf2,0xa8,
0x03,0xca,0x0d,0xff,0xe4,0x00,0xff,0xe5,0x18,0x07,0x8c,0x03,0xff,0xa8,0x60,0x1e,0x10,0x0f,0xfe,0x9b,0x80,0x78,0x80,0x3f,
0xfa,0x64,0x01,0xe6,0x00,0xff,0xe9,0xf0,0x07,0x8c,0x03,0xff,0xb4,0x20,0x1f,0xfd,0x31,0x00,0xff,0xf0,0xf8,0x07,0xff,0xfc,
0x01,0xe0,0x1f,0xfd,0x3e,0x00,0xf0,0xbf,0xff,0x71,0x00,0x7f,0xf2,0xc4,0x03,0xc7,0xc0,0x1c,0x28,0x01,0xff,0xcb,0x50,0x0f,
0x37,0x00,0x7b,0xc0,0x3f,0xf9,0x66,0x01,0xe2,0x30,0x0f,0x38,0x07,0xff,0x29,0x00,0x3c,0x22,0x40,0x0f,0x09,0x80,0x7f,0xf2,
0x74,0x03,0xca,0x00,0x40,0x0f,0x50,0x07,0xff,0x20,0x58,0x03,0xdc,0x00,0xe0,0x0f,0x31,0x00,0x7f,0xf1,0xe0,0x03,0xe5,0x00,
0x28,0x80,0x7b,0x80,0x3f,0xf8,0xc8,0xc0,0x1e,0x50,0x0d,0x20,0x1e,0x39,0x00,0xff,0xe2,0x15,0x00,0x7d,0x00,0x19,0xc4,0x03,
0xcd,0x40,0x1f,0xfc,0x23,0xc1,0x00,0xf3,0x10,0x07,0x50,0x07,0xcb,0xa8,0x01,0xfe,0x18,0xc1,0x00,0xf1,0x40,0x07,0x92,0x00,
0x3e,0x2b,0xd7,0x31,0x00,0x89,0x6b,0x9c,0x03,0xf7,0x88,0x07,0xce,0xc0,0x1f,0x8a,0x33,0xbf,0xed,0xa5,0x00,0xfe,0xb2,0x00,
0xfe,0x97,0x00,0xff,0xe6,0x0e,0x20,0x07,0xfd,0x14,0x20,0x1f,0xfc,0x93,0xc3,0x00,0xff,0xe0,0xaf,0xb0,0x07,0xff,0x18,0x67,
0x08,0x03,0xff,0x86,0x33,0xae,0x20,0x1f,0xfc,0x13,0x9e,0x60,0x0f,0xfe,0x39,0x47,0x64,0x29,0x08,0x00,0x48,0xda,0x77,0x18,
0x03,0xfe,0x00,0x00,0x00,0xff,0xe0,0x13,0x4e,0x77,0xfe,0xdc,0x96,0x20,0x0f,0xfe,0x50,0xbe,0xea,0x58,0xc4,0x03,0x11,0xb4,
0xee,0x9c,0x40,0x3f,0xf8,0xd1,0xd0,0x40,0x1f,0xfc,0x22,0x8e,0x70,0x0f,0xfe,0x1a,0x73,0x80,0x7f,0xf2,0x23,0x48,0x03,0xff,
0x80,0xd6,0x20,0x1f,0xfc,0xa2,0xd4,0x00,0xff,0x3c,0x80,0x7f,0xf3,0xad,0x00,0x3f,0x2c,0x00,0x7f,0x2c,0xef,0x7f,0xbb,0x25,
0x00,0x3f,0xac,0x80,0x3c,0x54,0x01,0xf9,0xba,0x98,0x84,0x00,0x26,0xd7,0xaa,0x01,0xfb,0x80,0x3d,0x20,0x1f,0x0e,0x48,0x80,
0x7f,0x8a,0xa4,0x03,0xe3,0x60,0x0c,0x68,0x01,0xe1,0xf3,0x00,0xff,0xe1,0x35,0x00,0x7d,0x00,0x1a,0x40,0x3e,0xd1,0x00,0xff,
0xe2,0x2c,0x00,0x78,0x50,0x02,0x50,0x0f,0x39,0x80,0x7f,0xf1,0x9c,0x80,0x3d,0xa0,0x03,0x00,0xf0,0xc0,0x07,0xff,0x22,0xc0,
0x3c,0xa0,0x04,0x00,0xf2,0x00,0x7f,0xf2,0x5c,0x03,0xc6,0x00,0xe0,0x0f,0x78,0x07,0xff,0x24,0x44,0x01,0xf8,0x80,0x3c,0xc0,
0x1f,0xfc,0xa2,0x00,0xf0,0x80,0x7e,0x20,0x0f,0xfe,0x53,0x80,0x7e,0x70,0x0f,0xfe,0x89,0x80,0x70,0x88,0x03,0xff,0xa7,0x1f,
0xfd,0xc0,0x1f,0xff,0xf0,0x0f,0xff,0xf8,0x07,0xff,0xfc,0x03,0xff,0x9a,0x4d,0x39,0xbd,0xd6,0xdc,0x28,0x80,0x7f,0xf3,0x17,
0x36,0x58,0xc8,0x46,0x24,0x7a,0xeb,0x40,0x0f,0xfe,0x41,0x65,0x18,0x07,0xff,0x05,0x2e,0xc6,0x01,0xff,0xc5,0x5d,0x30,0x0f,
0xfe,0x2a,0x63,0x00,0x7f,0xf0,0xd6,0x80,0x3f,0xf9,0x33,0x00,0x1f,0xfc,0x14,0xa0,0x0f,0xfe,0x5b,0xc0,0x07,0xff,0x02,0x80,
0x3c,0x2f,0x7b,0xfe,0xed,0xa6,0x00,0xfe,0x75,0x00,0xff,0xe2,0x0d,0x74,0x21,0x00,0x04,0x96,0x7e,0x00,0x3f,0x58,0x80,0x7f,
0xf0,0x93,0x94,0x03,0xfe,0x7d,0x20,0x0f,0x0d,0x80,0x7f,0xf0,0x56,0xc0,0x3f,0xf8,0x45,0x84,0x01,0xe5,0x20,0x0f,0xf8,0xa8,
0x03,0xff,0x88,0x3e,0x01,0xf4,0x00,0x7f,0xd2,0x01,0xff,0xc6,0x28,0x00,0xf2,0x88,0x07,0xf2,0x20,0x03,0xff,0x8e,0xe0,0x1f,
0x38,0x07,0xf7,0x00,0x7f,0xf2,0x58,0x03,0xd8,0x01,0xfc,0xa0,0x1f,0xfc,0x9a,0x00,0xf2,0x00,0x7e,0x40,0x0f,0xfe,0x51,0x90,
0x07,0x09,0x00,0x7c,0x60,0x1f,0xfc,0xb4,0x00,0xf3,0x00,0x7d,0xa0,0x1f,0xfc,0xbe,0x00,0xf1,0x00,0x7c,0xc0,0x1f,0xfc,0xb2,
0x00,0xf7,0x00,0x7c,0x20,0x1f,0xfc,0xb6,0x00,0xff,0xe1,0x18,0x07,0xff,0x48,0x40,0x3f,0xfa,0x62,0x01,0xe3,0x70,0x0f,0xfe,
0x90,0x80,0x78,0xc0,0x3f,0xfa,0x6e,0x01,0xf0,0x80,0x78,0xc0,0x3f,0xf9,0x62,0x01,0xe1,0x30,0x0f,0x30,0x07,0xff,0x2c,0x80,
0x3d,0xdc,0x00,0xf1,0x80,0x7f,0xf2,0xf4,0x03,0xc4,0x60,0x1e,0xd0,0x0f,0xfe,0x5a,0x00,0x79,0x98,0x01,0xe4,0x00,0xff,0xe5,
0x18,0x80,0x70,0x91,0x04,0x03,0x85,0x00,0x3f,0xf9,0x36,0x01,0xe4,0x00,0x20,0x07,0xb8,0x03,0xff,0x92,0xc0,0x1e,0xf0,0x07,
0x00,0x79,0x4c,0x03,0xff,0x8e,0xe2,0x01,0xc2,0xa0,0x04,0x20,0x0f,0x70,0x07,0xff,0x18,0x64,0x03,0xcc,0x01,0xac,0x03,0xc5,
0x40,0x1f,0xfc,0x5c,0x10,0x0f,0x48,0x06,0x63,0x00,0xf2,0xd8,0x07,0xff,0x08,0x74,0x80,0x3c,0xe2,0x01,0xde,0x01,0xf2,0x72,
0x80,0x7f,0xcf,0xc4,0x01,0xe2,0x80,0x0f,0x1c,0x00,0x7c,0x35,0xb0,0x82,0x01,0x0a,0x4f,0x40,0x07,0xee,0x00,0xfc,0xec,0x01,
0xf8,0x9e,0xfb,0xfe,0xeb,0x61,0x00,0xfd,0x46,0x01,0xfd,0x2e,0x01,0xff,0xcd,0x95,0x00,0xff,0xa2,0x80,0x3f,0xf9,0x43,0x8c,
0x01,0xff,0xc1,0x5e,0x60,0x0f,0xfe,0x3b,0x79,0x80,0x7f,0xf0,0xc6,0x75,0xc4,0x03,0xff,0x82,0x2d,0xb2,0x20,0x1f,0xfc,0x62,
0x8e,0xc8,0x53,0x11,0x00,0x04,0x96,0x2f,0xa4,0x80,0x3f,0xc0,0x00,0x00,0x4f,0xff,0xfe,0xd7,0x11,0x80,0x7f,0xf6,0x85,0x80,
0x3f,0xff,0xe0,0x1f,0xfe,0x4f,0x00,0xff,0xf1,0x57,0xff,0xff,0x36,0xc0,0x3e,0x40,0x0f,0xfe,0xa7,0x00,0x79,0x40,0x3f,0xfa,
0x82,0xa0,0x1e,0xe0,0x0f,0xfe,0xa3,0x80,0x78,0x50,0x03,0xe1,0x00,0xff,0xe6,0x50,0x07,0x9c,0x01,0x31,0x1a,0x50,0x03,0xff,
0x96,0x46,0x01,0xea,0x00,0x0b,0xbe,0x60,0x0f,0xfe,0x65,0x00,0x78,0x8c,0x03,0xff,0xa8,0xc0,0x1e,0xa0,0x0f,0xfe,0xa2,0x08,
0x07,0x98,0x03,0xff,0xa9,0xc0,0x1e,0x41,0x00,0xff,0xea,0x28,0x07,0xb8,0x03,0xff,0xa8,0xa0,0x1f,0x28,0x07,0xff,0x53,0x80,
0x3c,0xc0,0x1f,0xfd,0x41,0x40,0x0f,0x50,0x07,0xff,0x51,0x80,0x3c,0x26,0x01,0xff,0xd4,0xa0,0x0f,0x30,0x07,0xff,0x50,0xc8,
0x03,0xd4,0x01,0xff,0xd4,0xa0,0x0f,0x19,0x00,0x7f,0xf5,0x1c,0x03,0xd4,0x01,0xff,0xd4,0x51,0x00,0xf3,0x80,0x7f,0xf5,0x38,
0x03,0xca,0x20,0x1f,0xfd,0x31,0x40,0x0f,0x70,0x07,0xff,0x51,0x80,0x3c,0x28,0x01,0xff,0xd4,0xa0,0x0f,0x38,0x07,0xff,0x50,
0x88,0x01,0xea,0x00,0xff,0xea,0x50,0x07,0x88,0xc0,0x3f,0xfa,0x8c,0x01,0xea,0x00,0xff,0xea,0x20,0x80,0x79,0x80,0x3f,0xfa,
0x9c,0x01,0xe4,0x10,0x0f,0xfe,0x98,0xa8,0x07,0xb8,0x03,0xff,0xa8,0xe0,0x1f,0x28,0x07,0xff,0x52,0x80,0x3c,0xc0,0x1f,0xfd,
0x42,0x30,0x0f,0x50,0x07,0xff,0x52,0x80,0x3c,0x26,0x01,0xff,0xd4,0x60,0x0f,0x30,0x07,0xff,0x51,0x04,0x03,0xd4,0x01,0xff,
0xd4,0xe0,0x0f,0x19,0x00,0x7f,0xf5,0x14,0x03,0xd4,0x01,0xff,0xd4,0x50,0x0f,0x9c,0x03,0xff,0xa9,0xc0,0x1e,0x51,0x00,0xff,
0xe9,0x8a,0x00,0x7b,0x80,0x3f,0xfa,0x8c,0x01,0xe1,0x40,0x0f,0xfe,0xa5,0x00,0x79,0xc0,0x3f,0xfa,0x86,0x40,0x1e,0xa0,0x0f,
0xfe,0xa5,0x00,0x78,0x8c,0x03,0xff,0xa8,0xe0,0x1e,0xa0,0x0f,0xfe,0xa2,0x88,0x07,0x98,0x03,0xff,0xa9,0xc0,0x1e,0x41,0x00,
0xff,0xe9,0x8a,0x00,0x7b,0x80,0x3f,0xfa,0x8c,0x01,0xf2,0x80,0x7f,0xf5,0x2c,0x03,0xcc,0x01,0xff,0xd4,0x23,0x00,0xf5,0x00,
0x7f,0xf5,0x28,0x03,0xc2,0x60,0x1f,0xfd,0x46,0x00,0xf3,0x00,0x7f,0xf5,0x10,0x40,0x3d,0x40,0x1f,0xfd,0x4e,0x00,0xf1,0x90,
0x07,0xff,0x51,0x40,0x3d,0x40,0x1f,0xfd,0x46,0x00,0xf9,0xc0,0x3f,0xfa,0x94,0x01,0xe5,0x10,0x0f,0xfe,0x99,0x18,0x07,0xb8,
0x03,0xff,0xa8,0x20,0x1e,0x44,0x00,0x7f,0xf2,0x80,0x00,0x00,0x00,0xff,0xe1,0x1b,0xd6,0x6f,0x75,0xb5,0x08,0x01,0xff,0xcd,
0x28,0xec,0x85,0x32,0x11,0x89,0x5e,0xfe,0x8c,0x03,0xff,0x90,0x35,0xae,0x20,0x1f,0xfc,0x15,0xcb,0x20,0x0f,0xfe,0x2a,0xf2,
0x80,0x7f,0xf1,0x93,0x58,0x03,0xff,0x87,0x14,0x01,0xff,0xca,0x99,0x00,0x7f,0xf0,0x65,0xc0,0x3f,0xf9,0x8d,0x20,0x1f,0xf3,
0xb0,0x07,0xe2,0x8b,0xef,0xf7,0x5b,0x90,0x07,0xe6,0x70,0x0f,0xe2,0x80,0x0f,0x86,0xb5,0xd0,0x40,0x02,0x91,0xb4,0x20,0x1f,
0x41,0x00,0x7e,0xe0,0x0f,0x93,0xd4,0x03,0xfc,0xbe,0x80,0x1f,0x70,0x07,0xca,0x60,0x1e,0x4b,0x10,0x0f,0xfe,0x00,0xda,0x00,
0x78,0xd0,0x03,0xd0,0x01,0xe2,0xb0,0x0f,0xfe,0x25,0x90,0x07,0xa0,0x03,0x8c,0x80,0x3d,0x20,0x1f,0xfc,0x6e,0x00,0xf1,0x90,
0x06,0xa0,0x0f,0x22,0x00,0x3f,0xf8,0xc6,0x80,0x1e,0xa0,0x0c,0x80,0x1e,0xf0,0x0f,0xfe,0x47,0x80,0x79,0x00,0x31,0x00,0x70,
0xa0,0x07,0xff,0x21,0x04,0x03,0x8c,0x02,0x30,0x0f,0x20,0x07,0xff,0x29,0x40,0x3c,0x40,0x07,0x00,0xf6,0x80,0x7f,0xf2,0x88,
0x03,0xc2,0x00,0x10,0x0f,0x10,0x07,0xff,0x28,0x40,0x3c,0xe0,0x1f,0xc6,0x01,0xff,0xd4,0x10,0x0f,0x08,0x07,0xff,0x28,0x40,
0x3c,0xc0,0x06,0x00,0xf7,0x00,0x7f,0xf2,0x88,0x03,0xc6,0x00,0x20,0x0f,0x28,0x07,0xff,0x29,0x40,0x38,0x44,0x01,0x20,0x07,
0x19,0x00,0x7f,0xf2,0x0c,0x40,0x39,0x00,0x36,0x80,0x7a,0x80,0x3f,0xf9,0x14,0x01,0xec,0x00,0xce,0x01,0xe7,0x10,0x0f,0xfe,
0x31,0x30,0x07,0x98,0x03,0x0b,0x00,0x7a,0x80,0x3f,0xf8,0xdc,0x01,0xe6,0x00,0xf4,0x08,0x07,0x23,0x80,0x7f,0xf1,0x24,0xc0,
0x3d,0x00,0x1e,0x18,0x00,0xf4,0x40,0x03,0xff,0x85,0x2c,0x01,0xe8,0x10,0x0f,0x99,0x40,0x3c,0xf8,0x60,0x1f,0xe4,0xd6,0x00,
0xf2,0x38,0x07,0xf5,0x18,0x07,0x8f,0x30,0xe6,0x20,0x01,0x37,0xdb,0x20,0x0f,0x1d,0x80,0x7f,0xd8,0x80,0x1f,0x1c,0x67,0x7f,
0xbb,0x20,0x80,0x3e,0x4c,0x00,0xff,0xe0,0xdb,0x80,0x7f,0xf2,0x9e,0xc0,0x3f,0xf8,0x71,0x40,0x1f,0xfc,0x89,0x80,0x0f,0xfe,
0x23,0xd0,0x07,0xff,0x22,0x5c,0x03,0xff,0x84,0x5b,0x00,0x1f,0xfc,0xa8,0xd2,0x00,0xff,0x8f,0x08,0x03,0xe5,0x9c,0xef,0xf7,
0x64,0xa8,0x07,0xc5,0x86,0x01,0xfc,0x5a,0x20,0x1e,0x7e,0xa6,0x31,0x00,0x09,0xb5,0x73,0x80,0x78,0x74,0x40,0x3f,0x78,0x80,
0x70,0xe4,0x08,0x07,0xf8,0x63,0x04,0x03,0x87,0x40,0x3e,0x82,0x00,0xe1,0xc3,0x00,0xff,0xe1,0x1e,0x08,0x07,0x1b,0x00,0x70,
0xb8,0x07,0xa8,0x80,0x3f,0xf8,0x85,0x40,0x1e,0x80,0x0e,0x90,0x0f,0x2a,0x00,0x7f,0xf1,0x91,0x40,0x38,0x58,0x03,0x30,0x07,
0xa0,0x03,0xff,0x91,0x00,0x1e,0xb0,0x09,0x04,0x03,0x90,0x80,0x3f,0xf9,0x04,0x80,0x1c,0x44,0x00,0x60,0x07,0xb4,0x03,0xff,
0x95,0xa0,0x1e,0x50,0x02,0x00,0x79,0xc0,0x3f,0xf9,0x48,0x01,0xed,0x00,0x18,0x07,0x84,0x03,0xff,0x94,0x40,0x1e,0x70,0x20,
0x0f,0x18,0x07,0xff,0x30,0xc0,0x38,0x80,0x40,0x3c,0xe0,0x1f,0xfc,0xc7,0x00,0xf0,0xb8,0x07,0xff,0x4c,0x40,0x3e,0x10,0x0f,
0xfe,0xd1,0x88,0x07,0xff,0x4c,0x40,0x3c,0x6e,0x01,0xe7,0x00,0xff,0xe6,0x38,0x07,0x84,0x40,0x1e,0x30,0x0f,0xfe,0x61,0x80,
0x7c,0x40,0x1f,0x08,0x07,0xff,0x28,0x80,0x3c,0x40,0x03,0x00,0xf2,0x00,0x7f,0xf2,0x90,0x03,0xce,0x00,0x40,0x0f,0x70,0x07,
0xff,0x2a,0x80,0x3d,0xa0,0x0b,0x00,0xf2,0x10,0x07,0xff,0x20,0xcc,0x01,0xe5,0x00,0x18,0x80,0x7a,0x00,0x3f,0xf9,0x10,0x01,
0xe2,0x20,0x05,0x20,0x1e,0x54,0x00,0xff,0xe3,0x2a,0x00,0x7a,0x80,0x33,0x80,0x7d,0x44,0x01,0xff,0xc4,0x2a,0x00,0xf0,0xb8,
0x07,0x40,0x07,0x87,0x0c,0x03,0xff,0x84,0x78,0x01,0xf4,0x80,0x79,0xc8,0x03,0xc3,0x90,0x20,0x1f,0xf4,0x60,0x80,0x78,0x9c,
0x03,0xee,0x00,0xfc,0xfd,0x4a,0x40,0x18,0x96,0x7d,0xc0,0x3f,0x78,0x07,0xe3,0xb0,0x0f,0xe5,0xad,0xff,0xdb,0x4c,0x01,0xfd,
0x64,0x01,0xfc,0x96,0x01,0xff,0xcd,0x1b,0x40,0x0f,0xf9,0x30,0x80,0x3f,0xf9,0x47,0x88,0x01,0xff,0xc1,0x3d,0x80,0x0f,0xfe,
0x38,0xce,0x10,0x07,0xff,0x11,0xfe,0x48,0x03,0xff,0x84,0x73,0xcc,0x01,0xff,0xc8,0x6d,0xe9,0x64,0x21,0x00,0x09,0x23,0x4f,
0x63,0x00,0x7f,0xc0,0x00,0x00,0x00,0xff,0xe0,0xa3,0xd6,0xf7,0xfb,0xb7,0x29,0x8c,0x03,0xff,0x96,0x51,0xd7,0x0a,0x42,0x00,
0x12,0x35,0x9c,0xe8,0x20,0x0f,0xfe,0x30,0xce,0xb8,0x80,0x7f,0xf0,0x45,0xf6,0x44,0x03,0xff,0x86,0x9e,0xc0,0x1f,0xfc,0x76,
0xe5,0x00,0xff,0xe0,0xb5,0x88,0x07,0xff,0x2a,0xa0,0x03,0xfe,0x69,0x00,0xff,0xe6,0xbc,0x80,0x7f,0x24,0x80,0x7e,0x16,0xad,
0xff,0xba,0xe0,0x80,0x3f,0x33,0x80,0x7c,0x34,0x01,0xfa,0x3a,0x54,0x80,0x21,0x47,0xdb,0x20,0x0f,0xa1,0x00,0x3d,0x62,0x01,
0xe3,0xe7,0x00,0xff,0x93,0x58,0x03,0xe9,0x00,0xe2,0x50,0x0f,0x1e,0x08,0x07,0xff,0x0a,0x5c,0x03,0xc4,0xe0,0x1a,0x00,0x3c,
0x3a,0x01,0xff,0xc5,0x85,0x00,0xf5,0x00,0x42,0xa0,0x1e,0x81,0x00,0xff,0xe3,0x58,0x80,0x71,0x20,0x01,0xc0,0x3c,0x2c,0x01,
0xff,0xc7,0x19,0x00,0xf7,0x00,0x34,0x03,0xd2,0x01,0xff,0xc9,0x60,0x0f,0x20,0x01,0x40,0x3c,0xa0,0x1f,0xfc,0x91,0x40,0x0e,
0x12,0x11,0x00,0x71,0x10,0x03,0xff,0x94,0x60,0x1e,0x75,0x00,0xf3,0x80,0x7f,0xf2,0xf4,0x03,0xc4,0x20,0x1e,0xd0,0x0f,0xfe,
0x5b,0x00,0x7b,0x88,0x03,0xc2,0x01,0xff,0xcb,0x10,0x0f,0x18,0x07,0xc6,0x01,0xff,0xcb,0x30,0x0f,0x0f,0x80,0x78,0x40,0x3f,
0xf9,0x62,0x01,0xe7,0x00,0xff,0xe9,0x88,0x07,0xde,0x01,0xe1,0x00,0xff,0xed,0x18,0x07,0xff,0x2c,0xc0,0x3e,0x20,0x0f,0x08,
0x07,0xff,0x2d,0x80,0x3e,0x60,0x0f,0x68,0x07,0xff,0x2c,0x80,0x3e,0x20,0x0f,0x38,0x07,0xff,0x2f,0xc0,0x3e,0x11,0x00,0x71,
0x10,0x03,0xff,0x94,0x80,0x1f,0x94,0x03,0xd4,0x01,0xff,0xc9,0x22,0x00,0x7e,0xd0,0x0f,0x30,0x07,0xff,0x26,0x80,0x3f,0x9c,
0x03,0xc2,0xc0,0x1f,0xfc,0x71,0x70,0x0f,0xe1,0x50,0x0f,0x48,0x80,0x7f,0xf1,0xac,0x03,0xfe,0x80,0x0f,0xb0,0x40,0x3f,0xf8,
0x90,0xa0,0x1f,0xf1,0x28,0x07,0x8b,0x08,0x03,0xff,0x85,0x2e,0x01,0xff,0xc1,0xb1,0x00,0xf1,0x6b,0x80,0x7f,0xc9,0xac,0x01,
0xff,0xc2,0x1b,0x00,0xfd,0x1f,0x2a,0x42,0x00,0x14,0x8d,0xb2,0x00,0xff,0xe2,0x2b,0x80,0x7f,0x35,0x6f,0x7f,0xba,0xdc,0x80,
0x3d,0x20,0x1f,0xfc,0x08,0x60,0x0f,0xfe,0x5c,0x30,0x07,0xff,0x06,0x64,0x01,0xff,0xc9,0x97,0x00,0xff,0xe1,0xb6,0x18,0x07,
0xff,0x14,0xb1,0x80,0x3f,0xf8,0xa7,0x96,0x80,0x1f,0xfc,0x13,0x9d,0x30,0x0f,0xfe,0x42,0x5f,0x53,0xa1,0x08,0xe3,0x59,0xdc,
0x60,0x0f,0xfe,0x60,0xac,0x5e,0xf7,0x6c,0xa6,0x20,0x0f,0xff,0xf8,0x07,0xff,0xfc,0x03,0xff,0xfe,0x01,0xff,0xcd,0x8b,0xbd,
0x48,0x01,0xff,0xd3,0x17,0x44,0xcb,0xe0,0x1f,0xfc,0xa1,0x00,0xff,0xe1,0xb8,0x07,0xff,0x28,0xc0,0x3f,0x08,0x07,0x84,0x03,
0xff,0x94,0x20,0x1e,0x70,0x0f,0xc4,0x01,0xff,0xca,0x50,0x0f,0x10,0x00,0x80,0x3c,0x80,0x1f,0xfc,0x9d,0x00,0xf7,0x00,0x1c,
0x03,0xda,0x01,0xff,0xc8,0x14,0x00,0xf1,0x80,0x30,0x03,0xcc,0x20,0x1f,0xfc,0x78,0x00,0xf9,0x00,0x0e,0x01,0xf5,0x80,0x7f,
0xf1,0x91,0x80,0x3c,0xa0,0x10,0xa0,0x07,0x95,0xc0,0x3f,0xf8,0x85,0x60,0x1f,0x48,0x06,0x80,0x0f,0xa2,0x00,0x1f,0xfc,0x24,
0xd0,0x0f,0x90,0xc0,0x31,0xb0,0x07,0xcf,0x86,0x01,0xfe,0x29,0xb0,0x0f,0xd2,0x01,0xe9,0x20,0x0f,0x8f,0x30,0xe6,0x20,0x01,
0x26,0xad,0x60,0x0f,0xd4,0x40,0x1f,0x78,0x80,0x7e,0x38,0xce,0xff,0x76,0xca,0x80,0x7f,0x42,0x80,0x7e,0x2c,0x20,0x0f,0xfe,
0x6c,0x38,0x07,0xf8,0xb1,0x40,0x3f,0xf9,0x43,0x6e,0x01,0xff,0xc0,0x1a,0xa1,0x00,0x7f,0xf1,0xdb,0x90,0x03,0xff,0x86,0xbb,
0x46,0x01,0xff,0xc2,0x27,0xe9,0x00,0xff,0xe3,0xae,0x75,0x31,0x90,0x06,0x13,0x69,0xdd,0x40,0x80,0x7f,0x00,0x00,0x00,0x00,
0x96,0xfb,0xf6,0x00,0x3a,0x69,0x04,0x09,0xf4,0x40,0x0c,0xc0,0x0f,0x16,0x80,0x2c,0x03,0xf1,0xa0,0x90,0x07,0xf1,0x98,0x03,
0xfd,0xc6,0x01,0xfe,0xe1,0x20,0x0f,0xe4,0x08,0x00,0xfc,0x66,0x05,0x70,0x0f,0x16,0x80,0x51,0x48,0x00,0x27,0xd1,0x00,0xcb,
0x7f,0xed,0x80,0x0f,0xff,0xf8,0x07,0xff,0xfc,0x03,0xff,0xfe,0x01,0xff,0xc9,0x5b,0xef,0xd8,0x00,0xe9,0xa4,0x10,0x27,0xd1,
0x00,0x33,0x00,0x3c,0x5a,0x00,0xb0,0x0f,0xc6,0x82,0x40,0x1f,0xc6,0x60,0x0f,0xf7,0x18,0x07,0xfb,0x84,0x80,0x3f,0x90,0x20,
0x03,0xf1,0x98,0x15,0xc0,0x3c,0x5a,0x01,0x45,0x20,0x00,0x9f,0x44,0x00,0x00,0x00,0x00,0xff,0x92,0x2f,0xbf,0xdd,0xb4,0xe2,
0x01,0xff,0xc7,0x7e,0xb7,0x41,0x00,0x09,0x2c,0x75,0xa0,0x07,0xff,0x0d,0x7a,0x04,0x03,0xfe,0x4b,0xb0,0x80,0x7f,0xf0,0x26,
0x84,0x03,0xff,0x86,0x9e,0x80,0x1f,0xeb,0x60,0x0f,0xfe,0x30,0xda,0x80,0x7e,0xa4,0x00,0xf2,0xce,0xf7,0xf6,0x39,0x00,0x7a,
0x8c,0x03,0xcc,0xa0,0x1c,0xbb,0x4c,0x42,0x02,0x71,0xb4,0x20,0x1d,0xa2,0x01,0x86,0x40,0x3a,0x68,0x80,0x3f,0x97,0xcc,0x03,
0x0c,0x00,0x68,0x00,0xea,0x60,0x0f,0xfe,0x00,0xe1,0x80,0x66,0x20,0x00,0xb0,0x06,0x75,0x00,0xff,0xe1,0xe8,0x80,0x6b,0x00,
0x38,0x06,0x28,0x00,0xff,0xe2,0x0d,0x80,0x66,0x00,0x68,0x06,0xb0,0x0f,0xfe,0x32,0x90,0x06,0x40,0x50,0x0c,0xe0,0x1f,0xfc,
0x75,0x00,0xc6,0x22,0x00,0x8c,0x40,0x3f,0xf8,0xf8,0x01,0xb4,0xc0,0x33,0x00,0x7f,0xf2,0x1c,0x03,0x08,0x80,0x31,0x80,0x7f,
0xf2,0x04,0x03,0x38,0x80,0x63,0x00,0xff,0xe4,0x08,0x06,0x73,0x00,0xcc,0x01,0xff,0xc8,0x70,0x0c,0x23,0x00,0x46,0x01,0xff,
0xc8,0xc0,0x0d,0xa0,0xa0,0x19,0x40,0x3f,0xf8,0xea,0x01,0x8c,0x34,0x03,0x40,0x07,0xff,0x19,0x48,0x03,0x20,0x38,0x06,0x27,
0x00,0xff,0xe2,0x0d,0x80,0x66,0x00,0x0b,0x00,0x68,0x40,0x0f,0xfe,0x1e,0x88,0x06,0xb0,0x0a,0x04,0x03,0x5a,0x80,0x7f,0xf0,
0x06,0xcc,0x03,0x31,0x00,0x43,0x60,0x1d,0x54,0x10,0x0f,0xe5,0xf4,0x00,0xc3,0x00,0x1c,0xac,0x01,0xcb,0xd4,0xa4,0x20,0x26,
0xfb,0x42,0x01,0xda,0x20,0x1e,0x95,0x00,0xf2,0xd6,0xf7,0xf6,0x41,0x00,0x7a,0x8c,0x03,0xf5,0x38,0x07,0xff,0x18,0x6d,0x40,
0x3f,0xd1,0x62,0x01,0xff,0xc3,0x4f,0x40,0x0f,0xfe,0x02,0x74,0x08,0x07,0xfc,0x97,0x61,0x00,0xff,0xe1,0xbf,0x5b,0xa0,0x80,
0x04,0x96,0x3a,0xd0,0x03,0xf0,0x00,0x00,
};
static const lv_font_fmt_txt_glyph_dsc_t glyphs_regular_96[]={{0,0,0,0,0,0},
{.bitmap_index=0,.adv_w=605,.box_w=32,.box_h=6,.ofs_x=3,.ofs_y=27},
{.bitmap_index=24,.adv_w=868,.box_w=42,.box_h=68,.ofs_x=6,.ofs_y=-1},
{.bitmap_index=481,.adv_w=538,.box_w=20,.box_h=67,.ofs_x=5,.ofs_y=0},
{.bitmap_index=608,.adv_w=823,.box_w=41,.box_h=67,.ofs_x=5,.ofs_y=0},
{.bitmap_index=1111,.adv_w=791,.box_w=40,.box_h=68,.ofs_x=4,.ofs_y=-1},
{.bitmap_index=1640,.adv_w=846,.box_w=44,.box_h=67,.ofs_x=4,.ofs_y=0},
{.bitmap_index=1992,.adv_w=790,.box_w=39,.box_h=68,.ofs_x=6,.ofs_y=-1},
{.bitmap_index=2428,.adv_w=791,.box_w=39,.box_h=68,.ofs_x=6,.ofs_y=-1},
{.bitmap_index=3038,.adv_w=726,.box_w=41,.box_h=67,.ofs_x=3,.ofs_y=0},
{.bitmap_index=3444,.adv_w=800,.box_w=40,.box_h=69,.ofs_x=5,.ofs_y=-1},
{.bitmap_index=4158,.adv_w=800,.box_w=39,.box_h=68,.ofs_x=5,.ofs_y=-1},
{.bitmap_index=4775,.adv_w=521,.box_w=12,.box_h=43,.ofs_x=10,.ofs_y=1},
{.bitmap_index=4888,.adv_w=585,.box_w=32,.box_h=31,.ofs_x=2,.ofs_y=47}};
static const uint16_t unicode_regular_96[]={0,3,4,5,6,7,8,9,10,11,12,13,131};
static const lv_font_fmt_txt_cmap_t cmap_regular_96[]={{.range_start=45,.range_length=132,.glyph_id_start=1,.unicode_list=unicode_regular_96,.list_length=13,.type=LV_FONT_FMT_TXT_CMAP_SPARSE_TINY}};
static const lv_font_fmt_txt_dsc_t dsc_regular_96={.glyph_bitmap=bitmap_regular_96,.glyph_dsc=glyphs_regular_96,.cmaps=cmap_regular_96,.cmap_num=1,.bpp=4,.bitmap_format=LV_FONT_FMT_TXT_COMPRESSED};
const lv_font_t font_wf_regular_96={.get_glyph_dsc=lv_font_get_glyph_dsc_fmt_txt,.get_glyph_bitmap=lv_font_get_bitmap_fmt_txt,.line_height=79,.base_line=1,.dsc=&dsc_regular_96,.fallback=&font_cn16,.user_data=(void *)font_license};
static const uint8_t bitmap_black_94[]={
0x03,0x44,0xff,0xe9,0x98,0x85,0xe5,0xdf,0xff,0x4f,0x38,0x94,0x03,0xff,0xac,0xc2,0x01,0xff,0xd6,0x10,0x0f,0xff,0xf8,0x07,
0xff,0xfc,0x03,0xff,0xfe,0x01,0xff,0xff,0x00,0xff,0xf8,0x08,0x07,0xff,0x58,0x5c,0x03,0xff,0xaa,0x4a,0x00,0x00,0x00,0xff,
0xe2,0x9b,0x4d,0xef,0x7f,0xee,0xcb,0x85,0x20,0x0f,0xfe,0x9a,0x57,0x64,0xb2,0x10,0x80,0x61,0x34,0x7a,0xdd,0x49,0x80,0x7f,
0xf3,0x9f,0xad,0x44,0x03,0xff,0x88,0x4d,0x98,0x50,0x0f,0xfe,0x52,0xf4,0x08,0x07,0xff,0x28,0xeb,0x0c,0x03,0xff,0x8f,0x54,
0x10,0x0f,0xfe,0x71,0xe3,0x80,0x7f,0xf1,0x07,0x54,0x03,0xff,0xa5,0x16,0x01,0xff,0xc2,0x2f,0x20,0x0f,0xfe,0xa2,0x60,0x07,
0xff,0x00,0x7c,0x40,0x3f,0xfa,0xc7,0x60,0x1f,0xf6,0x90,0x07,0xff,0x61,0x24,0x03,0xfa,0x0c,0x03,0xff,0xb4,0xca,0x01,0xf1,
0x38,0x07,0xff,0x72,0xc0,0x3e,0x80,0x0f,0xfe,0xe8,0xc0,0x07,0x12,0x80,0x7f,0xf7,0x98,0x03,0xac,0x03,0xff,0xbe,0x2c,0x01,
0x9c,0x03,0xff,0xc1,0xa0,0x11,0x88,0x07,0xff,0x1d,0x66,0xed,0x28,0x01,0xff,0xc7,0x41,0x00,0x20,0x07,0xff,0x18,0xb6,0x99,
0x10,0xd7,0x61,0x00,0xff,0xe3,0x20,0x03,0x40,0x3f,0xf8,0xa3,0x84,0x01,0xe4,0xd0,0x0f,0xfe,0x36,0x80,0x1c,0x03,0xff,0x8b,
0x62,0x01,0xf8,0xdc,0x03,0xff,0x8a,0x60,0x02,0x00,0xff,0xe2,0x0a,0x80,0x7f,0xa4,0x03,0xff,0x8a,0xc0,0x20,0x1f,0xfc,0x54,
0x00,0xff,0x84,0x80,0x3f,0xf8,0x84,0x06,0x01,0xff,0xc5,0x20,0x0f,0xfe,0x03,0x00,0x7f,0xf6,0x3c,0x03,0xff,0x80,0x20,0x1f,
0xfc,0x61,0x00,0xff,0xff,0x80,0x7f,0xff,0xc0,0x3f,0xff,0xe0,0x1f,0xff,0xf0,0x0f,0xff,0xf8,0x07,0xff,0xfc,0x03,0xff,0xfe,
0x01,0xff,0xff,0x00,0xff,0xff,0x80,0x7f,0xff,0xc0,0x3f,0xff,0xe0,0x1f,0xff,0xf0,0x0f,0xff,0xf8,0x07,0xff,0xf8,0x40,0x3f,
0xff,0xe0,0x1f,0xfc,0xc3,0x00,0xff,0xe2,0xf8,0x07,0xff,0x00,0x40,0x3f,0xf8,0xc2,0x01,0xff,0xc5,0x20,0x0f,0xfe,0x03,0x00,
0x7f,0xf1,0x04,0x03,0xff,0x8e,0x80,0x1f,0xf0,0x90,0x07,0xff,0x10,0x80,0x04,0x01,0xff,0xc4,0x15,0x00,0xff,0x30,0x07,0xff,
0x15,0x80,0x0e,0x01,0xff,0xc5,0xb1,0x00,0xfc,0x50,0x01,0xff,0xc5,0xd0,0x06,0x00,0x7f,0xf1,0x47,0x08,0x03,0xc9,0x80,0x1f,
0xfc,0x63,0x00,0x20,0x07,0xff,0x18,0xb6,0x99,0x10,0xd7,0x61,0x00,0xff,0xe3,0x20,0x00,0x88,0x01,0xff,0xc7,0x59,0xbb,0x4a,
0x00,0x7f,0xf1,0xd4,0x03,0x28,0x07,0xff,0x83,0xc0,0x34,0x80,0x7f,0xf7,0xc5,0x40,0x30,0xb0,0x07,0xff,0x7a,0x00,0x3d,0x00,
0x1f,0xfd,0xd2,0x60,0x0f,0x0c,0x00,0x7f,0xf7,0x38,0x03,0xf3,0xa0,0x07,0xff,0x6a,0x0c,0x03,0xfa,0x88,0x03,0xff,0xb0,0xae,
0x01,0xfe,0x1c,0x10,0x0f,0xfe,0xb2,0x50,0x07,0xff,0x00,0x7c,0xc0,0x3f,0xfa,0x8b,0x60,0x1f,0xfc,0x21,0xc6,0x00,0xff,0xe9,
0x4d,0x00,0x7f,0xf1,0x66,0xc8,0x03,0xff,0x9c,0x9a,0xc0,0x1f,0xfc,0x74,0xd9,0x20,0x0f,0xfe,0x51,0xdd,0x88,0x03,0xff,0x94,
0xdb,0x6a,0x20,0x1f,0xfc,0x42,0x7d,0xc4,0x00,0xff,0xe7,0x25,0x76,0x4b,0x21,0x08,0x06,0x13,0x47,0xad,0xd4,0x10,0x07,0xff,
0x08,0x00,0x00,0x00,0xfe,0x5c,0xff,0xff,0xe2,0xa0,0x07,0x8a,0x3a,0x8c,0x03,0xff,0x8b,0xc0,0x19,0x2f,0x5c,0x40,0x3f,0xf9,
0x22,0xfd,0x68,0x01,0xff,0xcb,0x7e,0x81,0x00,0xff,0xe6,0xc8,0x07,0xff,0x40,0x40,0x3f,0xff,0xe0,0x1f,0xff,0xf0,0x0f,0xff,
0xf8,0x07,0xff,0xd0,0x40,0x38,0x51,0xeb,0x00,0x3f,0xf8,0xce,0x28,0xf5,0xbd,0x70,0xa6,0x01,0xff,0xc6,0x9e,0xb8,0x52,0x00,
0xff,0xff,0x80,0x7f,0xff,0xc0,0x3f,0xff,0xe0,0x1f,0xff,0xf0,0x0f,0xff,0xf8,0x07,0xff,0xfc,0x03,0xff,0xfe,0x01,0xff,0xff,
0x00,0xff,0xff,0x80,0x7f,0xff,0xc0,0x3f,0xff,0xe0,0x1f,0xff,0xf0,0x0f,0xff,0xf8,0x07,0xff,0xfc,0x03,0xff,0xfe,0x01,0xff,
0xff,0x00,0xff,0xff,0x80,0x7f,0xff,0xc0,0x3f,0xf8,0xca,0x01,0xff,0xc4,0xe0,0x00,0x00,0x00,0xff,0xe2,0x9b,0x4d,0xef,0x7f,
0xdd,0xb9,0x4e,0xa2,0x01,0xff,0xd3,0x5b,0xfc,0x96,0x42,0x10,0x08,0x48,0xd6,0x2b,0xb1,0xc4,0x03,0xff,0x9a,0x33,0xf4,0x80,
0x1f,0xfc,0x53,0x8e,0xa3,0x00,0xff,0xe4,0x8c,0xf3,0x00,0x7f,0xf2,0xd7,0x28,0x80,0x3f,0xf8,0xcb,0xec,0x01,0xff,0xcf,0x5d,
0x60,0x0f,0xfe,0x24,0xd0,0x80,0x7f,0xf4,0xa6,0x80,0x3f,0xf8,0x56,0xc0,0x1f,0xfd,0x55,0xc0,0x0f,0xfe,0x05,0xa0,0x07,0xff,
0x5c,0xf0,0x03,0xfd,0x28,0x01,0xff,0xd9,0x3a,0x00,0xfc,0xac,0x01,0xff,0xdb,0x55,0x00,0x7d,0x60,0x1f,0xfd,0xda,0x10,0x0e,
0x71,0x00,0xff,0xef,0x48,0x07,0x48,0x07,0xff,0x7d,0xc4,0x02,0x41,0x00,0xff,0xf0,0x38,0x05,0xa0,0x1f,0xfe,0x1a,0x00,0x90,
0x03,0xff,0x90,0xd5,0x76,0x83,0x00,0xff,0xe3,0x98,0x80,0x08,0x03,0xff,0x8c,0xbf,0x2a,0x88,0x7c,0xb1,0x00,0xff,0xe3,0x28,
0x10,0x07,0xff,0x19,0x28,0x03,0xe4,0xd0,0x0f,0xfe,0x31,0x80,0x80,0x7f,0xf1,0xa4,0x03,0xf8,0xd8,0x03,0xff,0x8b,0xe0,0x1f,
0xfc,0x72,0x20,0x07,0xfb,0x40,0x3f,0xf8,0xa2,0x01,0xff,0xc7,0x60,0x0f,0xf9,0xc0,0x3f,0xf8,0xa6,0x01,0xff,0xd3,0x60,0x0f,
0xfe,0x29,0x80,0x80,0x7f,0xf1,0x44,0x03,0xfe,0xe0,0x0f,0xfe,0x28,0x81,0x18,0x07,0xff,0x13,0xc0,0x3f,0xc6,0x80,0x1f,0xfc,
0x5d,0x00,0x67,0xff,0xff,0x11,0x40,0x3f,0xde,0x01,0xff,0xc6,0x40,0x0f,0xfe,0x8c,0x18,0x07,0xff,0x14,0x84,0x03,0xff,0xa0,
0x8e,0x01,0xff,0xc6,0xa0,0x0f,0xfe,0x81,0x50,0x07,0xff,0x1d,0x80,0x3f,0xf9,0xe3,0xe2,0x01,0xff,0xc6,0x61,0x00,0xff,0xe7,
0xe9,0x00,0x7f,0xf1,0xe0,0x03,0xff,0x9f,0x86,0x01,0xff,0xc7,0x81,0x00,0xff,0xe7,0x61,0x80,0x7f,0xf1,0xc9,0xc0,0x3f,0xf9,
0xd6,0x60,0x1f,0xfc,0x8e,0x00,0xff,0xe7,0x5a,0x00,0x7f,0xf2,0x20,0xc0,0x3f,0xf9,0xb6,0x80,0x1f,0xfc,0x85,0x70,0x0f,0xfe,
0x6d,0xa0,0x07,0xff,0x20,0xa8,0x03,0xff,0x9b,0x68,0x01,0xff,0xc8,0x1f,0x00,0xff,0xe6,0xda,0x00,0x7f,0xf2,0x07,0x08,0x03,
0xff,0x99,0x68,0x01,0xff,0xc9,0xd2,0x00,0xff,0xe6,0x5a,0x00,0x7f,0xf2,0x70,0xc0,0x3f,0xf9,0x96,0x80,0x1f,0xfc,0x9b,0x30,
0x0f,0xfe,0x65,0x20,0x07,0xff,0x26,0xd0,0x03,0xff,0x99,0x4a,0x01,0xff,0xc9,0xc4,0x00,0xff,0xe6,0x52,0x80,0x7f,0xf2,0x07,
0x0c,0x03,0xff,0x99,0x4a,0x01,0xff,0xc8,0x1c,0x30,0x0f,0xfe,0x65,0x28,0x07,0xff,0x20,0xb0,0x80,0x3f,0xf9,0x94,0xa0,0x1f,
0xfc,0x82,0xc2,0x00,0xff,0xe6,0x5a,0x80,0x7f,0xf2,0x0f,0x04,0x03,0xff,0x99,0x68,0x01,0xff,0xc8,0x4c,0x10,0x0f,0xfe,0x58,
0xe2,0x00,0x7f,0xf2,0x12,0xc0,0x3f,0xf9,0x83,0x86,0x01,0xff,0xc8,0x5b,0x00,0xff,0xe6,0x17,0x90,0x07,0xff,0x20,0xf9,0x13,
0xff,0x90,0x62,0x00,0x1c,0x10,0x0f,0xfe,0x49,0xdd,0xff,0xf2,0x73,0x88,0x24,0x40,0x3f,0xfc,0x4e,0x02,0x01,0xff,0xff,0x00,
0xff,0xff,0x80,0x7f,0xff,0xc0,0x3f,0xff,0xe0,0x1f,0xff,0xf0,0x0f,0xff,0xf8,0x07,0xff,0xfc,0x03,0xff,0xfd,0xa0,0x1f,0xfe,
0x22,0x40,0x00,0x00,0x00,0xaf,0xff,0xff,0xbd,0xc8,0x01,0x0a,0x00,0x7f,0xf7,0x87,0x40,0x23,0x00,0xff,0xff,0x80,0x7f,0xff,
0xc0,0x3f,0xff,0xe0,0x1f,0xff,0xf0,0x0f,0xff,0xf8,0x07,0xff,0xfc,0x03,0xff,0xfe,0x01,0xff,0xf2,0x21,0x00,0xff,0xf2,0x7e,
0x5d,0xff,0xf1,0x64,0x40,0x3f,0xf9,0x62,0x01,0x84,0xd1,0x3f,0xf8,0x85,0x22,0x01,0xff,0xcb,0xc0,0x0f,0xfe,0x40,0xdc,0x80,
0x7f,0xf2,0xc6,0xd0,0x03,0xff,0x8e,0xbc,0x80,0x1f,0xfc,0xb4,0xf4,0x00,0xff,0xe3,0x0d,0xd0,0x07,0xff,0x32,0x6c,0x40,0x3f,
0xf8,0xcb,0xe8,0x01,0xff,0xcb,0x3d,0x60,0x0f,0xfe,0x30,0xd5,0x04,0x03,0xff,0x97,0x18,0x40,0x1f,0xfc,0x64,0xf5,0x00,0xff,
0xe5,0x96,0x38,0x07,0xff,0x1e,0x6c,0x40,0x3f,0xf9,0x6d,0xa6,0x01,0xff,0xc6,0x3d,0x60,0x0f,0xfe,0x63,0x48,0x07,0xff,0x23,
0x88,0x03,0xff,0x9a,0xda,0xe0,0x1f,0xfc,0x76,0x00,0xff,0xe7,0x94,0x73,0x00,0x7f,0xf1,0x68,0x03,0xff,0xa2,0x33,0x60,0x1f,
0xfc,0x41,0xa0,0x0f,0xfe,0x92,0x68,0x80,0x7f,0xf0,0xd5,0x40,0x1f,0xfd,0x22,0xd0,0x0f,0xfe,0x25,0x88,0x07,0xff,0x48,0xe8,
0x03,0xff,0x86,0x34,0x01,0xff,0xd3,0x55,0x00,0x7f,0xf0,0xd1,0x80,0x3f,0xfa,0x76,0x01,0xff,0xc4,0x92,0x00,0xff,0xe9,0x0b,
0x00,0x7f,0xf1,0x38,0x03,0xe1,0x7a,0x95,0x00,0xff,0xe3,0xc0,0x07,0xff,0x10,0xe0,0x03,0x9b,0xa1,0x5a,0xb4,0x80,0x3f,0xf8,
0xa2,0x80,0x1f,0xfc,0x47,0x30,0x00,0xdc,0x80,0x71,0x60,0x80,0x7f,0xf1,0x74,0x03,0xff,0x8b,0xc4,0x9e,0x80,0x1f,0x0d,0x80,
0x7f,0xf1,0x5c,0x03,0xff,0x8a,0x5b,0x62,0x01,0xfc,0xa2,0x01,0xff,0xc4,0x12,0x00,0xff,0xe9,0x38,0x07,0xff,0x15,0xc0,0x3f,
0xfa,0x5e,0x01,0xff,0xc5,0x20,0x0f,0xfe,0x92,0x80,0x7f,0xf1,0x78,0x03,0xff,0xa4,0x20,0x1f,0xfc,0x53,0x04,0x88,0xff,0xe2,
0x10,0x07,0xff,0x44,0x42,0xdd,0xff,0xf8,0x9e,0x01,0xff,0x08,0x07,0xff,0x14,0x40,0x3f,0xf8,0xc4,0x01,0xff,0x30,0x07,0xff,
0x1c,0x40,0x3f,0xf8,0xa6,0x01,0xfe,0xd0,0x0f,0xfe,0x29,0x01,0x00,0x7f,0xf1,0x6c,0x03,0xfc,0xa0,0x1f,0xfc,0x5e,0x05,0x00,
0xff,0xe2,0xa8,0x07,0xf2,0x10,0x07,0xff,0x15,0x43,0xc0,0x3f,0xf8,0xa4,0xe0,0x1f,0xa4,0x03,0xff,0x8c,0x60,0xe0,0x1f,0xfc,
0x68,0x50,0x0e,0x1b,0x20,0x0f,0xfe,0x29,0x80,0x04,0x80,0x3f,0xf8,0xd5,0x6c,0x8b,0x1e,0x80,0x1f,0xfc,0x6b,0x00,0xac,0x03,
0xff,0x8e,0x93,0x74,0xe2,0x01,0xff,0xc7,0x60,0x09,0xc0,0x3f,0xfb,0xe8,0x20,0x10,0xc0,0x07,0xff,0x7a,0x00,0x39,0xc4,0x03,
0xff,0xb8,0x86,0x01,0xe8,0x00,0xff,0xee,0x40,0x07,0xcc,0xa0,0x1f,0xfd,0xa7,0x30,0x0f,0xd6,0x20,0x1f,0xfd,0x83,0x80,0x0f,
0xe1,0xc1,0x00,0xff,0xeb,0x16,0x80,0x7f,0xc5,0x82,0x01,0xff,0xd4,0x2c,0x10,0x0f,0xfe,0x01,0x61,0x00,0x7f,0xf4,0x8f,0x04,
0x03,0xff,0x84,0x5a,0xc0,0x1f,0xfd,0x07,0xc1,0x00,0xff,0xe2,0xcd,0x90,0x07,0xff,0x30,0xae,0x00,0x3f,0xf9,0x09,0xb2,0x20,
0x1f,0xfc,0x82,0xad,0x40,0x0f,0xfe,0x5b,0x75,0xa8,0x07,0xff,0x0c,0x5a,0xf5,0x40,0x3f,0xf9,0xe9,0x5f,0x92,0xa6,0x42,0x00,
0x12,0x36,0x9c,0xe9,0x40,0x0f,0xfe,0x10,0x00,0x00,0x00,0xff,0xe2,0x67,0xff,0xff,0x14,0xc0,0x3f,0xfa,0xee,0x60,0x1f,0xfc,
0x57,0x00,0xff,0xeb,0xd0,0x07,0xff,0x14,0x50,0x03,0xff,0xac,0xa4,0x01,0xff,0xc5,0x60,0x0f,0xfe,0xbf,0x00,0x7f,0xf1,0xa4,
0x03,0xff,0xac,0x48,0x01,0xff,0xc5,0x51,0x00,0xff,0xeb,0x58,0x07,0xff,0x1a,0x40,0x3f,0xfa,0xc2,0xc0,0x1f,0xfc,0x53,0x30,
0x07,0xff,0x59,0x80,0x3f,0xf8,0xd2,0x01,0xff,0xd7,0x90,0x0f,0xfe,0x28,0xa8,0x07,0xff,0x59,0x44,0x03,0xff,0x8b,0x20,0x1f,
0xfd,0x79,0x00,0xff,0xe3,0x30,0x07,0xff,0x58,0xcc,0x01,0xff,0xc5,0x51,0x00,0xff,0xeb,0x48,0x07,0xff,0x1a,0x40,0x3f,0xfa,
0xc2,0xa0,0x1f,0xfc,0x53,0x30,0x07,0xff,0x5a,0x40,0x3f,0xf8,0xd2,0x01,0xff,0xd7,0x60,0x0f,0xfe,0x28,0xa8,0x07,0xff,0x59,
0x84,0x03,0xff,0x8b,0x20,0x1f,0xfd,0x7b,0x00,0xff,0xe3,0x30,0x07,0xff,0x59,0x08,0x03,0xff,0x8a,0xa2,0x01,0xff,0xd6,0xf0,
0x0f,0xfe,0x34,0x80,0x7f,0xf5,0x89,0x00,0x3f,0xf8,0xa6,0x60,0x0f,0xfe,0xb5,0x80,0x7f,0xf1,0xa4,0x03,0xff,0xac,0x2c,0x01,
0xff,0xc5,0x15,0x00,0xe5,0xff,0xff,0xe2,0x48,0x07,0xfc,0xc0,0x1f,0xfc,0x69,0x00,0xf7,0x00,0x7f,0xf1,0x18,0x03,0xfe,0x90,
0x0f,0xfe,0x33,0x00,0x7f,0xf5,0x94,0x40,0x3f,0xf8,0xaa,0x20,0x1f,0xfd,0x69,0x00,0xff,0xe3,0x48,0x07,0xff,0x58,0xcc,0x01,
0xff,0xc5,0x33,0x00,0x7f,0xf5,0xa4,0x03,0xff,0x8d,0x20,0x1f,0xfd,0x61,0x50,0x0f,0xfe,0x28,0xa8,0x07,0xff,0x5a,0x40,0x3f,
0xf8,0xd2,0x01,0xff,0xd7,0x60,0x0f,0xfe,0x33,0x00,0x7f,0xf5,0x98,0x40,0x3f,0xf8,0xa8,0x20,0x1f,0xce,0x01,0xff,0xcc,0xb0,
0x0f,0xfe,0x32,0x7f,0xff,0x8c,0x03,0xff,0x8b,0xff,0xca,0x84,0x01,0xff,0xe8,0xfe,0x00,0xff,0xf4,0x8a,0x00,0x7f,0xfa,0x84,
0x03,0xff,0xfe,0x01,0xff,0xff,0x00,0xff,0xff,0x80,0x7f,0xff,0xc0,0x3f,0xff,0xe0,0x1f,0xff,0xf0,0x0f,0xff,0x00,0x80,0x7f,
0xfa,0x44,0x80,0x3f,0xfd,0x25,0x98,0xbb,0xff,0xe8,0x90,0x07,0xff,0x16,0xef,0x64,0x01,0xa2,0x7f,0xf4,0x58,0x03,0xff,0x8a,
0x89,0x8c,0x03,0xff,0xfe,0x01,0xff,0xff,0x00,0xff,0xff,0x80,0x7f,0xff,0xc0,0x3f,0xff,0xe0,0x1f,0xff,0xf0,0x0f,0xff,0xf8,
0x07,0xff,0xfc,0x03,0xff,0xfe,0x01,0xff,0xff,0x00,0xff,0xe1,0x08,0x07,0xff,0x67,0x80,0x3f,0xf8,0x8e,0x01,0xe0,0x00,0x00,
0x0d,0xff,0xff,0xef,0xd8,0x04,0x84,0x01,0xff,0xdf,0x41,0x00,0xff,0xf2,0x18,0x07,0xff,0xfc,0x03,0xff,0xfe,0x01,0xff,0xff,
0x00,0xff,0xff,0x80,0x7f,0xff,0xc0,0x3f,0xff,0xe0,0x1f,0xff,0xf0,0x0f,0xfe,0x09,0x80,0x7f,0xf8,0xc4,0x40,0x1f,0xfc,0x86,
0xbb,0xff,0xe6,0xe7,0x80,0x7f,0xf2,0x7d,0x13,0xff,0x9a,0x62,0x01,0xff,0xff,0x00,0xff,0xff,0x80,0x7f,0xff,0xc0,0x3f,0xfc,
0x62,0x46,0x62,0x10,0x0f,0xfe,0xe2,0xdf,0x73,0x73,0x1b,0xdf,0x70,0x80,0x1f,0xfd,0x5e,0x8f,0xa4,0x10,0x0f,0x91,0xef,0xa0,
0x40,0x3f,0xfa,0x4e,0xe0,0x0f,0xfe,0x10,0xbf,0x38,0x07,0xff,0x92,0x34,0xc0,0x3f,0xfc,0x65,0x8c,0x01,0xff,0xe4,0x98,0x00,
0xff,0xf2,0x3b,0x80,0x3f,0xfc,0x90,0xc0,0x1f,0xfe,0x49,0x20,0x0f,0xff,0x27,0x00,0x7f,0xf9,0x0d,0x40,0x3f,0xfc,0x90,0x01,
0xff,0xe4,0x26,0x00,0xff,0xf2,0x50,0x07,0xff,0x90,0xc4,0x03,0xff,0x94,0x51,0xbf,0xd2,0x20,0x1f,0xfc,0x77,0x00,0xff,0xe4,
0xbe,0xb9,0x00,0xb7,0x98,0x07,0xff,0x1b,0x00,0x3f,0xf9,0x0d,0x00,0x1e,0x1d,0x10,0x0f,0xfe,0x2b,0x82,0x20,0x47,0xff,0x88,
0xb2,0x01,0xf8,0x64,0x03,0xff,0x8a,0x40,0x0b,0xee,0xff,0xe2,0x50,0x07,0xf9,0x80,0x3f,0xf8,0xc2,0x01,0xff,0xd1,0x10,0x0f,
0xfe,0x31,0x80,0x7f,0xf4,0x84,0x03,0xff,0x8a,0x20,0x1f,0xfe,0x41,0x03,0x55,0xff,0xe2,0x08,0x07,0xfc,0x20,0x1f,0xfc,0x53,
0x36,0x55,0x7f,0xf1,0x34,0x03,0xfc,0x80,0x1f,0xfc,0x61,0x00,0xff,0xe3,0x1a,0x00,0x7f,0x78,0x07,0xff,0x14,0x40,0xc0,0x3f,
0xf8,0xd2,0x20,0x1f,0x2a,0x00,0x7f,0xf1,0x54,0x00,0x60,0x1f,0xfc,0x52,0xa1,0x00,0xe5,0xa0,0x0f,0xfe,0x36,0x00,0x10,0x03,
0xff,0x8c,0x9f,0x0a,0x8d,0x94,0x01,0xff,0xc7,0x40,0x05,0x80,0x7f,0xf1,0xc5,0xea,0xe4,0xc0,0x3f,0xf8,0xe2,0x60,0x03,0x20,
0x0f,0xfe,0xfb,0x00,0x6b,0x00,0xff,0xef,0xc8,0x06,0x62,0x00,0xff,0xee,0xb8,0x80,0x74,0x00,0x7f,0xf7,0x06,0x40,0x3c,0xaa,
0x00,0xff,0xed,0xd8,0x80,0x7d,0x44,0x01,0xff,0xd9,0x75,0x00,0xfe,0xf1,0x00,0xff,0xeb,0xa4,0x00,0x7f,0x8b,0x04,0x03,0xff,
0xaa,0xb6,0x01,0xff,0xc0,0x2c,0x20,0x0f,0xfe,0x9b,0x50,0x07,0xff,0x08,0xb5,0x80,0x3f,0xfa,0x03,0x72,0x01,0xff,0xc5,0x9b,
0x20,0x0f,0xfe,0x6a,0xfa,0x00,0x7f,0xf1,0xd3,0x68,0x80,0x3f,0xf9,0x2b,0xb4,0x20,0x1f,0xfc,0xa5,0xdb,0x61,0x00,0xff,0xe1,
0x9c,0x75,0x10,0x07,0xff,0x39,0x27,0xb2,0x58,0xc8,0x40,0x02,0x44,0x48,0xbe,0xc7,0x10,0x0f,0xfe,0x10,0x00,0x00,0x00,0xff,
0xe1,0x8a,0x45,0x66,0xf7,0xfd,0xdb,0x92,0xe8,0x01,0xff,0xd1,0x28,0xde,0xb7,0x53,0x21,0x00,0x84,0x8d,0xa2,0xff,0x1c,0x40,
0x3f,0xf9,0x6b,0x9a,0xe4,0x01,0xff,0xc5,0x38,0xea,0x20,0x0f,0xfe,0x3a,0x6d,0x18,0x07,0xff,0x2d,0x76,0x84,0x03,0xff,0x89,
0x36,0x40,0x1f,0xfc,0xf5,0xf5,0x00,0xff,0xe0,0x8e,0x30,0x07,0xff,0x48,0x6a,0x00,0x3f,0xe1,0xf3,0x00,0xff,0xea,0xbc,0x80,
0x7f,0xb0,0x40,0x3f,0xfa,0xec,0xe0,0x1f,0xa8,0x80,0x3f,0xfb,0x30,0x80,0x1e,0x45,0x00,0xff,0xed,0xc8,0x07,0xa4,0x03,0xff,
0xb8,0x4e,0x01,0x90,0x80,0x3f,0xfb,0xb2,0x01,0xb8,0x03,0xff,0xbc,0x2a,0x01,0x20,0x07,0xff,0x7f,0xc0,0x04,0x20,0x1f,0xfd,
0xf7,0x00,0x38,0x07,0xff,0x21,0x6a,0xe9,0x40,0x3f,0xf8,0xe4,0x00,0x30,0x0f,0xfe,0x30,0xe5,0x2a,0x2d,0x58,0x07,0xff,0x1c,
0x40,0x40,0x3f,0xf8,0xda,0x60,0x1c,0x94,0x01,0xff,0xc6,0x20,0x0f,0xfe,0x3b,0x18,0x07,0xca,0x40,0x1f,0xfd,0x9c,0x00,0xfe,
0x40,0x0f,0xfe,0xcb,0x00,0x7f,0x70,0x07,0xff,0x8c,0x40,0x3f,0xf8,0xa2,0x01,0xff,0xd1,0x74,0x22,0xff,0xe1,0x1b,0x10,0x07,
0xff,0x44,0x6f,0x77,0xff,0x85,0x92,0x01,0xff,0xfc,0x48,0xbd,0xef,0xed,0xc9,0x62,0x00,0xff,0xeb,0x3f,0x5b,0xa1,0x08,0x09,
0x1b,0x4e,0xe3,0x00,0x7f,0xf4,0xab,0x60,0x40,0x3f,0xf8,0x07,0x3c,0xe0,0x1f,0xfd,0x06,0x20,0x0f,0xfe,0x20,0xc6,0x98,0x07,
0xff,0x88,0xb1,0xc0,0x3f,0xfc,0x71,0x20,0x1f,0xfe,0x36,0xa0,0x0f,0xff,0x1a,0xb8,0x07,0xff,0x8e,0x10,0x03,0xff,0xc7,0x40,
0x1f,0xfe,0x31,0x70,0x0f,0xff,0x1c,0x08,0x07,0xff,0x8d,0x80,0x3f,0xfc,0x74,0x01,0xff,0xe3,0x22,0x00,0x7f,0xf2,0x4e,0x2a,
0xe9,0x80,0x3f,0xf9,0x08,0x01,0xff,0xc8,0xac,0x75,0x45,0x9d,0x20,0x0f,0xfe,0x37,0x00,0x7f,0xf1,0xe9,0x40,0x3c,0x58,0x20,
0x1f,0xfc,0x53,0x00,0xff,0xe3,0x1a,0x80,0x7e,0x18,0x00,0xff,0xe2,0xb8,0x07,0xff,0x19,0x00,0x3f,0xcc,0x01,0xff,0xc5,0x10,
0x0f,0xfe,0x36,0x80,0x7f,0xc4,0x01,0xff,0xc4,0x31,0x00,0xff,0xe8,0x88,0x07,0xff,0x5c,0xc0,0x3f,0xe1,0x00,0xff,0xe2,0x19,
0x00,0x7f,0xf1,0x7c,0x03,0xfc,0x24,0x01,0xff,0xc4,0x16,0x00,0xff,0xe2,0xb8,0x07,0xf9,0x80,0x3f,0xf8,0xac,0x40,0x1f,0xfc,
0x51,0x70,0x0f,0xc5,0x00,0x1f,0xfc,0x52,0x04,0x00,0xff,0xe2,0xc3,0x00,0x78,0xf0,0x03,0xff,0x8d,0x81,0x80,0x1f,0xfc,0x69,
0xc7,0x44,0x35,0xe0,0x80,0x7f,0xf1,0x90,0x14,0x03,0xff,0x8e,0x71,0x76,0x94,0x00,0xff,0xe3,0xa0,0x00,0x8c,0x03,0xff,0xbf,
0xc0,0x14,0x00,0x7f,0xf7,0x85,0x40,0x24,0x30,0x0f,0xfe,0xec,0x00,0x77,0x80,0x7f,0xf7,0x09,0x80,0x38,0xd8,0x03,0xff,0xb7,
0xc0,0x1f,0x49,0x80,0x7f,0xf6,0x64,0xc0,0x3f,0x70,0x80,0x7f,0xf5,0xd9,0x80,0x1f,0xc5,0x82,0x01,0xff,0xd5,0x69,0x00,0xff,
0x8b,0xc8,0x03,0xff,0xa7,0x12,0x01,0xff,0xc1,0x1d,0x60,0x0f,0xfe,0x81,0x63,0x80,0x7f,0xf1,0x26,0xc8,0x03,0xff,0x9a,0xfa,
0x60,0x1f,0xfc,0x64,0xda,0x20,0x0f,0xfe,0x4b,0x74,0x00,0x7f,0xf2,0x97,0x6d,0x84,0x03,0xff,0x86,0x93,0xd2,0x20,0x1f,0xfc,
0xd4,0x9e,0xc9,0x63,0x21,0x00,0x09,0x1a,0xc5,0xf5,0xb0,0x80,0x7f,0xf0,0x40,0x00,0x00,0x0a,0xff,0xff,0xf0,0x60,0x01,0x40,
0x3f,0xfc,0x06,0x42,0x01,0xff,0xe2,0x10,0x0f,0xff,0xf8,0x07,0xff,0xfc,0x03,0xff,0xfe,0x01,0xff,0xff,0x00,0xff,0xff,0x80,
0x7f,0xff,0xc0,0x3f,0xfa,0x46,0x01,0xff,0xff,0x00,0xff,0xe3,0x88,0x07,0xff,0x0e,0x6e,0xff,0xf8,0x06,0x01,0xff,0xc6,0x20,
0x0f,0xfe,0x1a,0x27,0xff,0x04,0x80,0x3f,0xf8,0xaa,0x01,0xff,0xd0,0x41,0x00,0xff,0xe2,0xf0,0x07,0xff,0x43,0xc0,0x3f,0xf8,
0xa4,0x80,0x1f,0xfc,0xf1,0x40,0x0f,0xfe,0x2d,0x00,0x08,0x03,0xff,0x84,0x40,0x1f,0xe6,0x00,0xff,0xe3,0x30,0x05,0xb5,0x5f,
0xfc,0x0d,0x00,0xff,0xa4,0x03,0xff,0x8a,0xa2,0x01,0x12,0xaf,0xff,0x00,0x80,0x3f,0xc8,0x20,0x1f,0xfc,0x5e,0x00,0xff,0xe8,
0x78,0x07,0xff,0x14,0x50,0x03,0xff,0x9e,0x28,0x01,0xff,0xc5,0x90,0x0f,0xfe,0x83,0x00,0x7f,0xf1,0x98,0x03,0xff,0xa1,0x20,
0x1f,0xfc,0x54,0x10,0x0f,0xfe,0x7a,0x08,0x07,0xff,0x17,0xc0,0x3f,0xfa,0x1e,0x01,0xff,0xc5,0x14,0x00,0xff,0xe7,0x8a,0x00,
0x7f,0xf1,0x58,0x03,0xff,0xa0,0xc0,0x1f,0xfc,0x6a,0x00,0xff,0xe8,0x48,0x07,0xff,0x15,0x08,0x03,0xff,0x9e,0x82,0x01,0xff,
0xc5,0xe0,0x0f,0xfe,0x87,0x80,0x7f,0xf1,0x45,0x40,0x3f,0xf9,0xe2,0x80,0x1f,0xfc,0x56,0x00,0xff,0xe8,0x30,0x07,0xff,0x1a,
0x80,0x3f,0xfa,0x12,0x01,0xff,0xc5,0x32,0x00,0xff,0xe7,0xa0,0x80,0x7f,0xf1,0x64,0x03,0xff,0xa1,0xe0,0x1f,0xfc,0x51,0x50,
0x0f,0xfe,0x78,0xa0,0x07,0xff,0x15,0xc0,0x3f,0xfa,0x0c,0x01,0xff,0xc6,0xb0,0x0f,0xfe,0x84,0x80,0x7f,0xf1,0x4c,0x80,0x3f,
0xf9,0xe8,0x20,0x1f,0xfc,0x5a,0x00,0xff,0xe8,0x78,0x07,0xff,0x19,0x80,0x3f,0xf9,0xe2,0x80,0x1f,0xfc,0x56,0x00,0xff,0xe8,
0x30,0x07,0xff,0x1a,0x80,0x3f,0xfa,0x12,0x01,0xff,0xc5,0x33,0x00,0x7f,0xf3,0xd0,0x40,0x3f,0xf8,0xb4,0x01,0xff,0xd0,0xf0,
0x0f,0xfe,0x33,0x00,0x7f,0xf3,0xc5,0x00,0x3f,0xf8,0xac,0x01,0xff,0xd0,0x60,0x0f,0xfe,0x35,0x00,0x7f,0xf4,0x24,0x03,0xff,
0x8a,0x46,0x01,0xff,0xcf,0x41,0x00,0xff,0xe2,0xd8,0x07,0xff,0x43,0xc0,0x3f,0xf8,0xce,0x01,0xff,0xcf,0x14,0x00,0xff,0xe2,
0xa8,0x80,0x7f,0xf3,0xe4,0x03,0xff,0x8d,0x20,0x1f,0xfd,0x06,0x00,0xff,0xe2,0x91,0x80,0x7f,0xf3,0xd0,0x40,0x3f,0xf8,0xb4,
0x01,0xff,0xd0,0xf0,0x0f,0xfe,0x33,0x00,0x7f,0xf3,0xc5,0x00,0x3f,0xf8,0xaa,0x20,0x1f,0xfc,0xf9,0x00,0xff,0xe3,0x70,0x07,
0xff,0x41,0x80,0x3f,0xf8,0xa4,0x80,0x1f,0xfc,0xf4,0x10,0x0f,0xfe,0x2d,0x00,0x7f,0xf4,0x3c,0x03,0xff,0x8c,0xc0,0x1f,0xfc,
0xf1,0x40,0x0f,0xfe,0x2a,0x08,0x07,0xff,0x40,0x80,0x3f,0xf8,0x85,0x20,0x1f,0xfc,0x80,0x00,0x00,0x00,0xff,0xe2,0xa3,0xd6,
0x77,0x3f,0xee,0xda,0x85,0x10,0x0f,0xfe,0x90,0xb5,0xfd,0xc2,0x98,0x88,0x02,0x12,0x57,0xae,0xd8,0x20,0x0f,0xfe,0x69,0x4f,
0x4a,0x00,0x7f,0xf1,0x09,0xf6,0xd0,0x03,0xff,0x92,0x33,0xac,0x01,0xff,0xca,0x4b,0xb1,0x00,0x7f,0xf1,0x97,0xd8,0x03,0xff,
0x9c,0x9a,0xe0,0x1f,0xfc,0x48,0xa1,0x00,0xff,0xe8,0xc5,0x80,0x7f,0xf0,0xa9,0xc0,0x3f,0xfa,0x89,0xa2,0x01,0xff,0x4a,0x80,
0x7f,0xf5,0x8b,0x40,0x3f,0xcc,0xc0,0x0f,0xfe,0xc1,0xd0,0x07,0xe2,0x90,0x0f,0xfe,0xd2,0xb0,0x07,0xdc,0x01,0xff,0xdc,0x91,
0x00,0xe5,0x30,0x0f,0xfe,0xec,0x00,0x74,0x80,0x7f,0xf7,0x98,0x40,0x22,0x30,0x0f,0xfe,0xfb,0x00,0x4a,0x01,0xff,0xe0,0xb0,
0x0b,0x00,0x3f,0xf8,0xe7,0x15,0x72,0xa0,0x1f,0xfc,0x73,0x10,0x02,0x00,0x7f,0xf1,0xab,0x1d,0x51,0xab,0x4c,0x03,0xff,0x8c,
0xa0,0x20,0x1f,0xfc,0x69,0x50,0x0f,0x16,0x10,0x07,0xff,0x14,0x80,0x80,0x3f,0xf8,0xa4,0xc0,0x1f,0xd2,0x01,0xff,0xc5,0xe0,
0x70,0x0f,0xfe,0x2a,0x80,0x7f,0x90,0x03,0xff,0x8a,0x20,0x1f,0xfc,0x7d,0x00,0xff,0x88,0x03,0xff,0x8c,0xe0,0x1f,0xfe,0x21,
0x01,0x00,0xff,0xe2,0x90,0x07,0xfc,0x40,0x1f,0xfc,0x4f,0x02,0x00,0xff,0xe2,0xe0,0x07,0xf8,0xc0,0x3f,0xf8,0xa6,0x00,0x30,
0x0f,0xfe,0x22,0x18,0x07,0xf4,0x00,0x7f,0xf1,0x54,0x00,0x80,0x1f,0xfc,0x5d,0x20,0x0f,0xa1,0x00,0x3f,0xf8,0x84,0x20,0x0b,
0x00,0xff,0xe2,0x8e,0xc1,0x80,0x09,0xb1,0xc0,0x3f,0xf8,0xb4,0x01,0x19,0x80,0x3f,0xf8,0xcf,0x9f,0xed,0x93,0x00,0xff,0xe3,
0x30,0x06,0x90,0x0f,0xfe,0xf3,0x88,0x06,0x54,0x00,0xff,0xee,0x14,0x00,0x7a,0x84,0x03,0xff,0xb7,0xe0,0x1f,0x0e,0x80,0x7f,
0xf6,0xb0,0x80,0x3f,0x1d,0x80,0x7f,0xf6,0x30,0xc0,0x3f,0xce,0x01,0xff,0xd8,0x70,0x0f,0xf1,0xe0,0x07,0xff,0x62,0xd4,0x03,
0xf1,0x60,0x07,0xff,0x6a,0x90,0x03,0xee,0x00,0xff,0xee,0x50,0x80,0x73,0x18,0x07,0xff,0x70,0x60,0x03,0xac,0x03,0xff,0xbc,
0xc2,0x01,0x29,0x00,0x7f,0xf1,0x9b,0x3b,0xf6,0x48,0x03,0xff,0x8d,0x20,0x17,0x80,0x7f,0xf1,0xae,0x4c,0x40,0x9b,0x50,0x03,
0xff,0x8a,0xc0,0x12,0x80,0x7f,0xf1,0x61,0x00,0x3e,0xa1,0x00,0xff,0xe2,0x09,0x81,0x80,0x7f,0xf1,0x9c,0x03,0xf0,0xc0,0x07,
0xff,0x16,0xc1,0x00,0x3f,0xf8,0xaa,0x01,0xfe,0x70,0x0f,0xfe,0x29,0x86,0x80,0x7f,0xf1,0x74,0x03,0xfc,0x22,0x00,0xff,0xe2,
0x28,0x08,0x07,0xff,0x14,0x80,0x3f,0xe2,0x00,0xff,0xe2,0x08,0x38,0x07,0xff,0x90,0x40,0x3f,0xf8,0xa6,0x01,0xff,0x10,0x07,
0xff,0x14,0x44,0x01,0xff,0xc5,0xf0,0x0f,0xf0,0x88,0x03,0xff,0x8a,0x2e,0x01,0xff,0xc5,0x70,0x0f,0xf3,0x00,0x7f,0xf1,0xc8,
0x03,0xff,0x8a,0x30,0x01,0xf8,0xa0,0x03,0xff,0x8a,0x41,0xe0,0x1f,0xfc,0x67,0x70,0x07,0x8b,0xc0,0x3f,0xf8,0xce,0x0a,0x01,
0xff,0xc7,0x8d,0x75,0x46,0xad,0x20,0x0f,0xfe,0x36,0x81,0x88,0x07,0xff,0x1c,0xa2,0xae,0x54,0x03,0xff,0x90,0xa0,0x07,0x00,
0xff,0xf0,0x11,0x00,0x16,0x01,0xff,0xe0,0xb0,0x08,0x90,0x03,0xff,0xbc,0x2c,0x01,0xa4,0x03,0xff,0xbd,0x40,0x1c,0x4e,0x01,
0xff,0xdc,0x44,0x00,0x7a,0x0c,0x03,0xff,0xb4,0x54,0x01,0xfb,0x48,0x03,0xff,0xb3,0xe2,0x01,0xf8,0x7c,0x40,0x3f,0xfa,0xc3,
0x84,0x01,0xfe,0x2f,0x30,0x0f,0xfe,0xa1,0x61,0x80,0x7f,0xf0,0x07,0x18,0x03,0xff,0xa4,0xb8,0x40,0x1f,0xfc,0x39,0xc3,0x00,
0xff,0xe7,0x0d,0x50,0x40,0x3f,0xf8,0xa7,0x96,0x80,0x1f,0xfc,0xa2,0x9e,0x50,0x0f,0xfe,0x4a,0x5e,0xc1,0x80,0x7f,0xf1,0x05,
0xaf,0x58,0x03,0xff,0x9a,0x4f,0x9d,0x70,0xa6,0x42,0x01,0x09,0x23,0x4e,0x74,0xa0,0x07,0xff,0x08,0x00,0x00,0x00,0xff,0xe2,
0x92,0xc5,0xef,0x7f,0xbb,0x72,0x9d,0x04,0x03,0xff,0xa4,0x71,0xba,0xa7,0x42,0x10,0x00,0x91,0xac,0x5f,0x5b,0x08,0x07,0xff,
0x35,0x33,0x0e,0x40,0x1f,0xfc,0x34,0x9e,0x91,0x00,0xff,0xe4,0x9e,0x59,0x80,0x7f,0xf2,0x5b,0xa0,0x03,0xff,0x8e,0xf8,0x60,
0x1f,0xfc,0xd7,0xd3,0x00,0xff,0xe1,0x8e,0x40,0x07,0xff,0x40,0xb1,0x80,0x3f,0xf8,0x23,0x86,0x01,0xff,0xd3,0x97,0x00,0xff,
0x87,0x08,0x03,0xff,0xab,0x0e,0x01,0xfe,0xd2,0x00,0xff,0xeb,0xc2,0x00,0x7e,0x93,0x00,0xff,0xec,0xd0,0x80,0x79,0x18,0x03,
0xff,0xb4,0x34,0x01,0xe8,0x00,0xff,0xee,0x21,0x80,0x65,0x30,0x0f,0xfe,0xef,0x80,0x69,0x00,0xff,0xef,0x19,0x80,0x04,0x60,
0x1f,0xfd,0xfa,0x00,0x28,0x07,0xff,0x1c,0x5e,0xae,0x94,0x03,0xff,0x8e,0xc0,0x0c,0x00,0xff,0xe3,0x2f,0x42,0xa2,0xd6,0x90,
0x07,0xff,0x18,0xc1,0x00,0x3f,0xf8,0xa9,0x40,0x1e,0x2f,0x00,0xff,0xe3,0x20,0x80,0x7f,0xf1,0xa8,0x03,0xf1,0x38,0x07,0xff,
0x17,0x94,0x03,0xff,0x8a,0xa2,0x01,0xfd,0x60,0x1f,0xfc,0x55,0x10,0x0f,0xfe,0x2e,0x00,0x7f,0x8c,0x03,0xff,0x8a,0x26,0x01,
0xff,0xc5,0x20,0x0f,0xf8,0x80,0x3f,0xf8,0x86,0x01,0xff,0xf6,0x10,0x0f,0xf8,0xc0,0x3f,0xf8,0x82,0x60,0x1f,0xfc,0x5c,0x00,
0xff,0x08,0x80,0x3f,0xf8,0xa2,0x01,0xff,0xc5,0x70,0x0f,0xf3,0x00,0x7f,0xf1,0x98,0x03,0xff,0x8a,0x32,0x01,0xf8,0x64,0x03,
0xff,0x8c,0x40,0x1f,0xfc,0x66,0x70,0x0f,0x0e,0x88,0x07,0xff,0x1c,0x80,0x3f,0xf8,0xd1,0xae,0x88,0x59,0xe3,0x00,0xff,0xe4,
0x20,0x07,0xff,0x1c,0xa2,0xed,0x4c,0x01,0xff,0xca,0xd0,0x0f,0xff,0x1a,0x08,0x07,0xff,0x8e,0x40,0x3f,0xfc,0x6e,0x40,0x1f,
0xfe,0x38,0x00,0xff,0xf1,0xaa,0x80,0x3f,0xfc,0x74,0x40,0x1f,0xfe,0x3f,0x10,0x0f,0xff,0x11,0x60,0x80,0x7f,0xf8,0x8b,0xcc,
0x03,0xff,0xc4,0x38,0xe0,0x1f,0xfe,0x38,0xd5,0x00,0xff,0xe2,0xa0,0x80,0x7f,0xf3,0xca,0xb5,0x84,0x03,0xff,0x80,0x77,0x65,
0x00,0xff,0xe8,0x94,0xf5,0xc2,0x90,0x80,0x04,0x96,0x37,0x10,0x03,0xff,0xac,0x8f,0x5b,0xdf,0xee,0xda,0x72,0x00,0xff,0xe6,
0x88,0xff,0xf0,0x80,0x3f,0xfa,0x8d,0xfd,0xdf,0xfc,0x2f,0x90,0x0f,0xfe,0x96,0x80,0x7f,0xf1,0x1c,0x03,0xff,0xa4,0xe0,0x1f,
0xfc,0x41,0x00,0xff,0x38,0x07,0xff,0x64,0x80,0x3f,0x8c,0x03,0xff,0x8e,0xe0,0x1f,0xfc,0x58,0x00,0xfd,0x00,0x1f,0xfc,0x51,
0x00,0xff,0xe4,0x2c,0x00,0x79,0xdc,0x01,0xff,0xc5,0x30,0x00,0x80,0x7f,0xf1,0x9f,0x5d,0x10,0xf9,0x00,0x1f,0xfc,0x61,0x00,
0x68,0x07,0xff,0x1c,0xa2,0xed,0x06,0x01,0xff,0xc7,0x60,0x01,0x80,0x7f,0xf8,0x30,0x00,0x80,0x1f,0xfe,0x04,0x00,0x94,0x03,
0xff,0xbc,0x84,0x01,0x48,0x07,0xff,0x7b,0x80,0x31,0xa8,0x07,0xff,0x71,0x14,0x03,0xac,0x40,0x3f,0xfb,0x72,0x01,0xe1,0xa0,
0x0f,0xfe,0xd5,0x10,0x07,0xc9,0x20,0x1f,0xfd,0x88,0x50,0x0f,0xe6,0xa0,0x0f,0xfe,0xb4,0xb8,0x07,0xfc,0xb8,0x40,0x1f,0xfd,
0x22,0xc6,0x00,0xff,0xe0,0x9e,0xb8,0x07,0xff,0x41,0xf4,0xc0,0x3f,0xf8,0x91,0xce,0x01,0xff,0xcc,0x6e,0x80,0x0f,0xfe,0x38,
0xc7,0xd2,0x00,0x7f,0xf1,0x96,0xbe,0x44,0x03,0xff,0x96,0xb7,0xf9,0x2c,0x84,0x20,0x10,0x88,0x91,0xa7,0x3e,0x94,0x03,0xff,
0x80,0x00,0x00,0x00,0xe2,0x8c,0xef,0xec,0x82,0x00,0xfe,0x9d,0x73,0x10,0x13,0x7d,0x80,0x0f,0xb1,0x80,0x3f,0x9e,0xc0,0x3a,
0x8c,0x03,0xfe,0x4a,0x00,0x91,0x40,0x3f,0xf8,0x2a,0x80,0x0f,0x00,0xff,0xe1,0xf8,0x01,0x00,0x3f,0xf8,0x68,0x06,0x01,0xff,
0xc5,0x37,0x00,0xff,0xe2,0xb8,0x07,0xff,0x1d,0xc0,0x3f,0xf8,0xae,0x60,0x1f,0xfc,0x53,0x04,0x00,0xff,0xe1,0xa8,0x03,0xc0,
0x3f,0xf8,0x70,0x00,0x45,0x00,0xff,0xe0,0xb9,0x00,0x54,0x80,0x1f,0xf2,0xc0,0x07,0x5b,0x80,0x7f,0x45,0x00,0x7d,0x1a,0xe6,
0x20,0x27,0x1c,0xe0,0x1f,0xc5,0x19,0xdf,0xd8,0xe2,0x01,0xff,0xff,0x00,0xff,0xff,0x80,0x7f,0xfe,0x4a,0x33,0xbf,0xb2,0x08,
0x03,0xfa,0x75,0xcc,0x40,0x4d,0xf6,0x00,0x3e,0xc6,0x00,0xfe,0x7b,0x00,0xea,0x30,0x0f,0xf9,0x28,0x02,0x45,0x00,0xff,0xe0,
0xaa,0x00,0x3c,0x03,0xff,0x87,0xe0,0x04,0x00,0xff,0xe1,0xa0,0x18,0x07,0xff,0x14,0xdc,0x03,0xff,0x8a,0xe0,0x1f,0xfc,0x77,
0x00,0xff,0xe2,0xb9,0x80,0x7f,0xf1,0x4c,0x10,0x03,0xff,0x86,0xa0,0x0f,0x00,0xff,0xe1,0xc0,0x01,0x14,0x03,0xff,0x82,0xe4,
0x01,0x52,0x00,0x7f,0xcb,0x00,0x1d,0x6e,0x01,0xfd,0x14,0x01,0xf4,0x6b,0x98,0x80,0x9c,0x73,0x80,0x60,0x00,0x00,0x00,0xff,
0x8e,0x2f,0x7f,0xdd,0xb7,0x06,0x01,0xff,0xc8,0x7e,0xc7,0x42,0x00,0x09,0x23,0xe7,0x38,0x07,0xff,0x11,0x7a,0x04,0x03,0xfe,
0x18,0xe5,0x00,0xff,0xe0,0xd5,0x04,0x03,0xff,0x86,0x35,0x60,0x1f,0xe1,0xc5,0x00,0xff,0xe3,0xa6,0x08,0x07,0xed,0x30,0x0f,
0xfe,0x49,0xe8,0x07,0xd4,0x60,0x1f,0xfc,0xb3,0xa0,0x0e,0x55,0x00,0x7f,0xf3,0x55,0x40,0x1a,0xc0,0x3f,0xf9,0xf6,0x01,0x30,
0x80,0x7f,0xf3,0xc5,0xc0,0x16,0x01,0xff,0xd1,0xa0,0x22,0x00,0x7f,0xc3,0x3d,0xfd,0x22,0x01,0xff,0x11,0xa0,0x07,0xfc,0x5e,
0xc2,0x02,0xde,0x60,0x1f,0xf2,0x78,0x07,0xfd,0xe2,0x01,0xc3,0xa0,0x1f,0xf6,0xa8,0x07,0xf9,0x88,0x03,0xe1,0x60,0x0f,0xf3,
0x88,0x07,0xfb,0x00,0x3f,0xb0,0x03,0xfc,0x60,0x1f,0xf3,0x00,0x7f,0x08,0x07,0xfc,0x20,0x1f,0xe7,0x00,0xfe,0x10,0x0f,0xf1,
0xb8,0x07,0xfb,0x00,0x3f,0xb0,0x03,0xfc,0x24,0x01,0xfe,0x71,0x00,0xf8,0x58,0x03,0xfc,0xde,0x01,0xff,0x68,0x80,0x70,0xe8,
0x07,0xfd,0xae,0x01,0xff,0x1f,0xb0,0x80,0xb7,0x98,0x07,0xfc,0xa2,0x60,0x1f,0xf0,0xcf,0x7f,0x48,0x80,0x7f,0xc4,0x40,0x90,
0x0f,0xfe,0x8d,0x80,0x14,0x80,0x3f,0xf9,0xe2,0xc0,0x17,0x00,0x7f,0xf3,0xe8,0x03,0x1b,0x80,0x7f,0xf3,0x55,0x00,0x3a,0x10,
0x03,0xff,0x96,0x74,0x01,0xf5,0xa0,0x07,0xff,0x24,0xf4,0x03,0xfa,0xd8,0x03,0xff,0x8e,0x98,0x20,0x1f,0xe9,0xb1,0x00,0xff,
0xe1,0x8c,0xd8,0x07,0xff,0x05,0x3a,0x48,0x03,0xfe,0x18,0xe6,0x00,0xff,0xe2,0x36,0xe3,0xa1,0x00,0x42,0x8f,0x7c,0xe0,0x1f,
0xc0,0x00,0x00,
};
static const lv_font_fmt_txt_glyph_dsc_t glyphs_black_94[]={{0,0,0,0,0,0},
{.bitmap_index=0,.adv_w=630,.box_w=36,.box_h=16,.ofs_x=2,.ofs_y=19},
{.bitmap_index=46,.adv_w=862,.box_w=50,.box_h=68,.ofs_x=2,.ofs_y=-1},
{.bitmap_index=531,.adv_w=536,.box_w=29,.box_h=66,.ofs_x=2,.ofs_y=0},
{.bitmap_index=665,.adv_w=866,.box_w=50,.box_h=67,.ofs_x=2,.ofs_y=0},
{.bitmap_index=1180,.adv_w=836,.box_w=49,.box_h=67,.ofs_x=1,.ofs_y=-1},
{.bitmap_index=1714,.adv_w=964,.box_w=55,.box_h=66,.ofs_x=2,.ofs_y=0},
{.bitmap_index=2112,.adv_w=835,.box_w=49,.box_h=67,.ofs_x=2,.ofs_y=-1},
{.bitmap_index=2542,.adv_w=830,.box_w=48,.box_h=68,.ofs_x=2,.ofs_y=-1},
{.bitmap_index=3089,.adv_w=768,.box_w=48,.box_h=66,.ofs_x=0,.ofs_y=0},
{.bitmap_index=3547,.adv_w=836,.box_w=49,.box_h=68,.ofs_x=2,.ofs_y=-1},
{.bitmap_index=4173,.adv_w=808,.box_w=48,.box_h=68,.ofs_x=0,.ofs_y=-1},
{.bitmap_index=4731,.adv_w=573,.box_w=19,.box_h=48,.ofs_x=8,.ofs_y=1},
{.bitmap_index=4942,.adv_w=561,.box_w=33,.box_h=33,.ofs_x=1,.ofs_y=44}};
static const uint16_t unicode_black_94[]={0,3,4,5,6,7,8,9,10,11,12,13,131};
static const lv_font_fmt_txt_cmap_t cmap_black_94[]={{.range_start=45,.range_length=132,.glyph_id_start=1,.unicode_list=unicode_black_94,.list_length=13,.type=LV_FONT_FMT_TXT_CMAP_SPARSE_TINY}};
static const lv_font_fmt_txt_dsc_t dsc_black_94={.glyph_bitmap=bitmap_black_94,.glyph_dsc=glyphs_black_94,.cmaps=cmap_black_94,.cmap_num=1,.bpp=4,.bitmap_format=LV_FONT_FMT_TXT_COMPRESSED};
const lv_font_t font_wf_black_94={.get_glyph_dsc=lv_font_get_glyph_dsc_fmt_txt,.get_glyph_bitmap=lv_font_get_bitmap_fmt_txt,.line_height=78,.base_line=1,.dsc=&dsc_black_94,.user_data=(void *)font_license};
static const uint8_t bitmap_black_188[]={
0x00,0x09,0x9f,0xff,0xd0,0x84,0x00,0x39,0xd9,0x9f,0xff,0x4d,0xea,0x08,0x30,0x0f,0xff,0xba,0xb2,0x80,0x7f,0xfe,0x7c,0x40,
0x3f,0xff,0x26,0x01,0xff,0xff,0x00,0xff,0xff,0x80,0x7f,0xff,0xc0,0x3f,0xff,0xe0,0x1f,0xff,0xf0,0x0f,0xff,0xf8,0x07,0xff,
0xfc,0x03,0xff,0xfe,0x01,0xff,0xff,0x00,0xff,0xff,0x80,0x7f,0xff,0xc0,0x3f,0xff,0xe0,0x1f,0xff,0xf0,0x0f,0xff,0xf8,0x07,
0xff,0xfc,0x03,0xff,0xfe,0x01,0xff,0xff,0x00,0xff,0xff,0x80,0x7f,0xff,0xc0,0x3f,0xff,0xe0,0x1f,0xff,0xf0,0x0f,0xff,0x70,
0x80,0x7f,0xfe,0x4d,0x00,0x3f,0xff,0x39,0x0c,0x20,0x1f,0xff,0x51,0x85,0x00,0x00,0x00,0xff,0xec,0x8a,0x33,0xcd,0xe6,0xf7,
0x3f,0xee,0xe6,0xeb,0x2a,0x1d,0x4c,0x03,0xff,0xf4,0x2b,0x17,0xdc,0xb9,0x86,0x43,0x21,0x10,0x04,0x22,0x22,0x1a,0xbc,0x56,
0x7e,0xd3,0x18,0x07,0xff,0xc8,0x9f,0x3a,0x9d,0x04,0x03,0xff,0x98,0x4b,0x39,0xd4,0xa2,0x01,0xff,0xeb,0x17,0xdd,0x41,0x80,
0x7f,0xf5,0x45,0x6b,0xad,0x00,0x3f,0xfc,0xe7,0x5d,0x04,0x01,0xff,0xdc,0x4b,0xe7,0x10,0x0f,0xff,0x11,0xde,0x28,0x07,0xff,
0x84,0x63,0xa0,0x03,0xff,0xbe,0x55,0x88,0x01,0xff,0xe6,0x7e,0x70,0x0f,0xfe,0xe3,0xea,0x80,0x7f,0xfa,0x46,0x34,0xc0,0x3f,
0xfb,0x05,0x90,0x01,0xff,0xed,0x2c,0x80,0x0f,0xfe,0xb3,0x69,0x80,0x7f,0xfc,0x1f,0x48,0x03,0xff,0xa7,0x12,0x01,0xff,0xf3,
0x2c,0x40,0x0f,0xfe,0x8d,0xb8,0x07,0xff,0xd4,0x6d,0x80,0x3f,0xf9,0xf8,0x80,0x1f,0xff,0x89,0x70,0x0f,0xfe,0x6e,0x18,0x07,
0xff,0xea,0x1c,0x03,0xff,0x97,0x66,0x01,0xff,0xfc,0x86,0x00,0xff,0xe4,0xd2,0x00,0x7f,0xff,0xa5,0x40,0x3f,0xf8,0xee,0xa0,
0x1f,0xff,0xf0,0xa2,0x00,0xff,0xe2,0x9c,0x00,0x7f,0xff,0xc0,0x2f,0x00,0xff,0xe2,0x0e,0x80,0x7f,0xff,0xc0,0x31,0x48,0x07,
0xff,0x0e,0x04,0x03,0xff,0xfe,0x01,0xcc,0x80,0x1f,0xfc,0x13,0x60,0x0f,0xff,0xf8,0x07,0xd2,0x01,0xff,0xc1,0xf0,0x0f,0xff,
0xf8,0x07,0xe2,0x70,0x0f,0xf9,0x4c,0x03,0xff,0xfe,0x01,0xfd,0x02,0x01,0xfe,0x80,0x0f,0xff,0xf8,0x07,0xfd,0x20,0x1f,0xc8,
0x40,0x1f,0xff,0xf0,0x0f,0xf9,0x80,0x3f,0xbc,0x03,0xff,0xfe,0x01,0xff,0xc0,0x16,0x00,0xf8,0x90,0x03,0xff,0xfe,0x01,0xff,
0xc1,0xb0,0x0f,0xa8,0x03,0xff,0xfe,0x01,0xff,0xc2,0x23,0x00,0xf2,0x80,0x7f,0xff,0xc0,0x3f,0xf8,0x76,0x01,0xc4,0x40,0x0f,
0xff,0xf8,0x07,0xff,0x0d,0x40,0x39,0x40,0x3f,0xfb,0xa4,0xf3,0x79,0x75,0x2a,0x20,0x1f,0xfd,0xc2,0x30,0x0d,0x80,0x1f,0xfd,
0xb6,0xed,0x86,0x43,0x45,0x6a,0xea,0x20,0x0f,0xfe,0xda,0x00,0x64,0x00,0xff,0xec,0x96,0xc8,0x80,0x7f,0x97,0x60,0x03,0xff,
0xb5,0xa0,0x11,0x00,0x7f,0xf6,0x4f,0x08,0x03,0xff,0x84,0xf6,0x01,0xff,0xd9,0x40,0x09,0x00,0x3f,0xfb,0x03,0xa2,0x01,0xff,
0xc4,0x4a,0x00,0xff,0xec,0x08,0x80,0x1e,0x01,0xff,0xd8,0xd1,0x00,0xff,0xe3,0x2b,0x00,0x7f,0xf6,0x14,0x00,0x40,0x1f,0xfd,
0x75,0x30,0x0f,0xfe,0x44,0x80,0x7f,0xf6,0x08,0x00,0xc0,0x1f,0xfd,0x79,0x00,0xff,0xe5,0x38,0x07,0xff,0x5f,0x80,0x04,0x01,
0xff,0xd6,0x23,0x00,0xff,0xe5,0x48,0x07,0xff,0x5c,0x80,0x40,0x3f,0xfa,0xe8,0x01,0xff,0xcb,0x12,0x00,0xff,0xeb,0x30,0x18,
0x07,0xff,0x5f,0x00,0x3f,0xf9,0x8e,0x01,0xff,0xd6,0x20,0x10,0x0f,0xfe,0xbb,0x80,0x7f,0xf3,0x34,0x03,0xff,0xb0,0xe0,0x1f,
0xfd,0x73,0x00,0xff,0xe6,0x08,0x07,0xff,0x58,0x40,0x3f,0xfb,0x22,0x01,0xff,0xcc,0x30,0x0f,0xfe,0xc0,0x80,0x7f,0xfc,0x04,
0x03,0xff,0xfe,0x01,0xff,0xee,0x10,0x0f,0xff,0xf8,0x07,0xff,0xfc,0x03,0xff,0xfe,0x01,0xff,0xff,0x00,0xff,0xff,0x80,0x7f,
0xff,0xc0,0x3f,0xff,0xe0,0x1f,0xff,0xf0,0x0f,0xff,0xf8,0x07,0xff,0xfc,0x03,0xff,0xfe,0x01,0xff,0xff,0x00,0xff,0xff,0x80,
0x7f,0xff,0xc0,0x3f,0xff,0xe0,0x1f,0xff,0xf0,0x0f,0xff,0xf8,0x07,0xff,0xfc,0x03,0xff,0xfe,0x01,0xff,0xff,0x00,0xff,0xff,
0x80,0x7f,0xff,0xc0,0x3f,0xff,0xe0,0x1f,0xff,0xf0,0x0f,0xff,0xf8,0x07,0xff,0xfc,0x03,0xff,0xfe,0x01,0xff,0xff,0x00,0xff,
0xff,0x80,0x7f,0xff,0xc0,0x3f,0xff,0xe0,0x1f,0xff,0xf0,0x0f,0xff,0xf8,0x07,0xff,0xfc,0x03,0xff,0xfe,0x01,0xff,0xff,0x00,
0xff,0xff,0x80,0x7f,0xff,0xc0,0x3f,0xff,0xe0,0x1f,0xff,0xf0,0x0f,0xff,0xf8,0x07,0xff,0xfc,0x03,0xff,0xfe,0x01,0xff,0xff,
0x00,0xff,0xff,0x80,0x7f,0xff,0xc0,0x3f,0xff,0xe0,0x1f,0xff,0xf0,0x0f,0xff,0xf8,0x07,0xff,0xfc,0x03,0xff,0xfe,0x01,0xff,
0xff,0x00,0xff,0xff,0x80,0x7f,0xff,0xc0,0x3f,0xff,0xe0,0x1f,0xff,0xf0,0x0f,0xfe,0x08,0x88,0x03,0xff,0xe0,0x20,0x1f,0xfd,
0x87,0x00,0xff,0xeb,0x88,0x07,0xff,0x30,0xc0,0x3f,0xff,0x86,0x01,0xff,0xcc,0x10,0x0f,0xfe,0xb0,0x80,0x80,0x7f,0xf5,0xdc,
0x03,0xff,0x99,0xa0,0x1f,0xfd,0x63,0x02,0x00,0xff,0xeb,0xe0,0x07,0xff,0x31,0xc0,0x3f,0xfa,0xcc,0x00,0x10,0x0f,0xfe,0xb2,
0x00,0x7f,0xf2,0xc4,0x80,0x3f,0xfa,0xc4,0x00,0x20,0x0f,0xfe,0xb1,0x18,0x07,0xff,0x2a,0x40,0x3f,0xfa,0xfc,0x00,0x60,0x0f,
0xfe,0xbc,0x80,0x7f,0xf2,0x98,0x03,0xff,0xae,0x40,0x02,0x00,0xff,0xeb,0xa9,0x80,0x7f,0xf2,0x24,0x40,0x3f,0xfa,0xec,0x00,
0xc0,0x0f,0xfe,0xc6,0x88,0x07,0xff,0x19,0x58,0x03,0xff,0xb0,0x60,0x05,0x00,0xff,0xec,0x0e,0x88,0x07,0xff,0x11,0x28,0x03,
0xff,0xb0,0x60,0x10,0x90,0x07,0xff,0x60,0xf0,0x80,0x3f,0xf8,0x4d,0x60,0x1f,0xfd,0x94,0x00,0xce,0x01,0xff,0xd9,0x2d,0x91,
0x00,0xff,0x26,0xc8,0x07,0xff,0x6b,0x40,0x36,0x00,0x7f,0xf6,0xdb,0xb6,0x15,0x0c,0xca,0xd5,0xd6,0x40,0x1f,0xfd,0xb4,0x00,
0xce,0x01,0xff,0xdd,0x27,0xab,0xcc,0x54,0xa8,0x80,0x7f,0xf7,0x10,0x40,0x30,0xa0,0x07,0xff,0xfc,0x03,0xff,0x87,0xa0,0x1e,
0xd0,0x0f,0xff,0xf8,0x07,0xff,0x0d,0xc0,0x3c,0xe0,0x1f,0xff,0xf0,0x0f,0xfe,0x12,0x08,0x07,0x85,0x80,0x3f,0xff,0xe0,0x1f,
0xfc,0x18,0x00,0xfd,0x60,0x1f,0xff,0xf0,0x0f,0xfe,0x01,0x98,0x03,0xf1,0x20,0x07,0xff,0xfc,0x03,0xfe,0x90,0x0f,0xf4,0x00,
0x7f,0xff,0xc0,0x3f,0xc4,0xa0,0x1f,0xe3,0x50,0x0f,0xff,0xf8,0x07,0xf4,0x80,0x7f,0xf0,0x2c,0x03,0xff,0xfe,0x01,0xf9,0x50,
0x03,0xff,0x80,0x30,0x01,0xff,0xff,0x00,0xfa,0xc0,0x3f,0xf8,0x4e,0x40,0x1f,0xff,0xf0,0x0e,0x91,0x00,0xff,0xe1,0xf8,0x07,
0xff,0xfc,0x03,0x2b,0x00,0x7f,0xf1,0x0a,0x80,0x3f,0xff,0xe0,0x02,0xa0,0x0f,0xfe,0x32,0xb0,0x07,0xff,0xfc,0x3c,0x03,0xff,
0x91,0x2a,0x01,0xff,0xfe,0xc2,0x00,0xff,0xe4,0xd2,0x00,0x7f,0xff,0x2c,0xc0,0x3f,0xf9,0x76,0x80,0x1f,0xff,0xaa,0x40,0x0f,
0xfe,0x6d,0xa8,0x07,0xff,0xdc,0x6d,0x40,0x3f,0xf9,0xf4,0xe0,0x1f,0xff,0x52,0xc4,0x00,0xff,0xe8,0xc5,0x00,0x7f,0xfc,0xd3,
0x08,0x03,0xff,0xa6,0xba,0x60,0x1f,0xff,0x09,0xb1,0x00,0xff,0xea,0x96,0x40,0x07,0xff,0xb4,0xf5,0x80,0x3f,0xfb,0x2f,0xaa,
0x01,0xff,0xe9,0x19,0xc2,0x00,0xff,0xed,0x95,0x6a,0x00,0x7f,0xf9,0x46,0x39,0x80,0x3f,0xfb,0xe5,0x78,0xa0,0x1f,0xfe,0x12,
0x9e,0x70,0x0f,0xff,0x19,0xd7,0x41,0x00,0x7f,0xf7,0x17,0x35,0x80,0x3f,0xfc,0xe2,0xfb,0xa8,0x30,0x0f,0xfe,0xa8,0xb5,0xfd,
0x18,0x07,0xff,0xb0,0x9f,0x3a,0x9d,0x04,0x03,0xff,0x98,0x4d,0x39,0xd2,0x80,0x1f,0xff,0x21,0x58,0xbe,0xe5,0xcb,0xb2,0x11,
0x04,0x40,0x18,0x48,0x86,0xaf,0x15,0x9f,0xb2,0xc6,0x01,0xff,0xd5,0x00,0x00,0x00,0xff,0xe4,0x2d,0x6f,0xff,0xff,0x53,0x0c,
0x03,0xff,0x8c,0x51,0xd4,0xa4,0x01,0xff,0xd4,0x3d,0x00,0xff,0xe2,0x25,0xeb,0x88,0x07,0xff,0x60,0x4c,0x03,0xff,0x80,0x2f,
0xd6,0x80,0x1f,0xfd,0xc7,0x00,0xff,0x25,0x74,0x08,0x07,0xff,0x98,0x5f,0x6d,0x40,0x3f,0xfc,0xe7,0x5d,0x04,0x01,0xff,0xe7,
0x6d,0xc5,0x00,0xff,0xf4,0x3f,0xc9,0x00,0x7f,0xfa,0x5a,0x00,0x3f,0xfd,0x9a,0x01,0xff,0xed,0x60,0x0f,0xff,0xf8,0x07,0xff,
0xfc,0x03,0xff,0xfe,0x01,0xff,0xff,0x00,0xff,0xff,0x80,0x7f,0xff,0xc0,0x3f,0xff,0xe0,0x1f,0xff,0xf0,0x0f,0xff,0xf8,0x07,
0xff,0xfc,0x03,0xff,0xfe,0x01,0xff,0xff,0x00,0xff,0xff,0x80,0x7f,0xff,0xc0,0x3f,0xff,0xe0,0x1f,0xff,0xf0,0x0f,0xfe,0xa8,
0xa3,0xd7,0x60,0x07,0xff,0x60,0x40,0x3f,0xc2,0x8f,0x7d,0xcb,0x85,0x12,0x00,0xff,0xec,0x58,0x07,0x0a,0x45,0xf7,0x2e,0x10,
0x40,0x3f,0xfb,0xcf,0x4f,0x17,0xdc,0xb7,0x41,0x00,0xff,0xf2,0x2c,0x3a,0x08,0x07,0xff,0xfc,0x03,0xff,0xfe,0x01,0xff,0xff,
0x00,0xff,0xff,0x80,0x7f,0xff,0xc0,0x3f,0xff,0xe0,0x1f,0xff,0xf0,0x0f,0xff,0xf8,0x07,0xff,0xfc,0x03,0xff,0xfe,0x01,0xff,
0xff,0x00,0xff,0xff,0x80,0x7f,0xff,0xc0,0x3f,0xff,0xe0,0x1f,0xff,0xf0,0x0f,0xff,0xf8,0x07,0xff,0xfc,0x03,0xff,0xfe,0x01,
0xff,0xff,0x00,0xff,0xff,0x80,0x7f,0xff,0xc0,0x3f,0xff,0xe0,0x1f,0xff,0xf0,0x0f,0xff,0xf8,0x07,0xff,0xfc,0x03,0xff,0xfe,
0x01,0xff,0xff,0x00,0xff,0xff,0x80,0x7f,0xff,0xc0,0x3f,0xff,0xe0,0x1f,0xff,0xf0,0x0f,0xff,0xf8,0x07,0xff,0xfc,0x03,0xff,
0xfe,0x01,0xff,0xff,0x00,0xff,0xff,0x80,0x7f,0xff,0xc0,0x3f,0xff,0xe0,0x1f,0xff,0xf0,0x0f,0xff,0xf8,0x07,0xff,0xfc,0x03,
0xff,0xfe,0x01,0xff,0xff,0x00,0xff,0xff,0x80,0x7f,0xff,0xc0,0x3f,0xff,0xe0,0x1f,0xff,0xf0,0x0f,0xff,0xf8,0x07,0xff,0xfc,
0x03,0xff,0xfe,0x01,0xff,0xff,0x00,0xff,0xff,0x80,0x7f,0xff,0xc0,0x3f,0xff,0xe0,0x1f,0xff,0xf0,0x0f,0xff,0xf8,0x07,0xff,
0xfc,0x03,0xff,0xfe,0x01,0xff,0xff,0x00,0xff,0xff,0x80,0x7f,0xff,0xc0,0x3f,0xff,0xe0,0x1f,0xff,0xf0,0x0f,0xff,0xf8,0x07,
0xff,0xfc,0x03,0xff,0xfe,0x01,0xff,0xff,0x00,0xff,0xff,0x80,0x7f,0xff,0xc0,0x3f,0xff,0xe0,0x1f,0xff,0xf0,0x0f,0xfe,0x70,
0x80,0x7f,0xf5,0xdc,0x03,0xff,0x94,0x60,0x1f,0xfd,0x51,0x30,0x0f,0xfe,0x57,0x20,0x07,0xff,0x4c,0xe8,0x00,0x00,0x00,0x00,
0xff,0xec,0x92,0x34,0x55,0xe6,0xf7,0xff,0x77,0x36,0xea,0x19,0x08,0x03,0xff,0xf4,0x2b,0x39,0xfb,0x72,0xea,0x86,0x42,0x01,
0xc2,0x22,0x45,0x79,0xbd,0xfc,0x95,0x10,0x0f,0xff,0x92,0x4e,0xf5,0x31,0x80,0x7f,0xf3,0x4d,0xab,0xb6,0x0c,0x03,0xff,0xd8,
0x95,0xd6,0xc4,0x01,0xff,0xd5,0x27,0xce,0x82,0x00,0xff,0xf3,0x0b,0xed,0xa8,0x80,0x7f,0xf6,0xc5,0xf6,0xd0,0x03,0xff,0xc4,
0x53,0xd0,0x40,0x1f,0xfe,0x14,0xbd,0x50,0x0f,0xfe,0xf0,0xce,0xb0,0x07,0xff,0x98,0xab,0x10,0x03,0xff,0xb6,0xfc,0xc0,0x1f,
0xfe,0xa3,0xba,0x10,0x0f,0xfe,0xb9,0xec,0x00,0x7f,0xfb,0x97,0x98,0x03,0xff,0xab,0x18,0x40,0x1f,0xff,0x19,0xb1,0x00,0xff,
0xe8,0x8e,0x38,0x07,0xff,0xd1,0x3c,0xc0,0x3f,0xf9,0xe7,0xe6,0x01,0xff,0xf6,0x1c,0x50,0x0f,0xfe,0x6a,0x60,0x80,0x7f,0xfe,
0x69,0xc0,0x3f,0xf9,0x6b,0x60,0x1f,0xff,0xc8,0x70,0x0f,0xfe,0x4a,0x50,0x07,0xff,0xfa,0x1c,0x03,0xff,0x8e,0x76,0x01,0xff,
0xff,0x08,0x50,0x0f,0xfe,0x29,0x68,0x07,0xff,0xfc,0x02,0xa3,0x00,0xff,0xe2,0x70,0x80,0x7f,0xff,0xc0,0x36,0x88,0x07,0xff,
0x0a,0x4c,0x03,0xff,0xfe,0x01,0xc3,0x60,0x1f,0xfc,0x13,0x60,0x0f,0xff,0xf8,0x07,0xca,0xa0,0x0f,0xfe,0x07,0x00,0x7f,0xff,
0xc0,0x3f,0xac,0x03,0xfe,0x62,0x00,0xff,0xff,0x80,0x7f,0x0c,0x00,0x7f,0xa0,0x03,0xff,0xfe,0x01,0xff,0x38,0x80,0x7e,0x61,
0x00,0xff,0xff,0x80,0x7f,0xf0,0x20,0x03,0xf5,0x80,0x7f,0xff,0xc0,0x3f,0xf8,0x2c,0x20,0x1e,0x42,0x00,0xff,0xff,0x80,0x7f,
0xf0,0x98,0x03,0xda,0x01,0xff,0xff,0x00,0xff,0xe1,0xc8,0x07,0x9c,0x03,0xff,0xfe,0x01,0xff,0xc3,0x14,0x00,0xc6,0x20,0x1f,
0xff,0xf0,0x0f,0xfe,0x26,0x80,0x64,0x00,0xff,0xff,0x80,0x7f,0xf1,0x5c,0x03,0x60,0x07,0xff,0x79,0x22,0xaf,0x2e,0xa1,0x00,
0x3f,0xfb,0xa2,0x40,0x12,0x80,0x7f,0xf6,0xca,0x7e,0xdd,0x50,0xd1,0x5e,0xfe,0x48,0x03,0xff,0xb6,0x80,0x01,0x10,0x07,0xff,
0x69,0xb5,0x80,0x3f,0xe6,0xd6,0x00,0xff,0xed,0x78,0x00,0xc0,0x3f,0xfb,0x55,0x20,0x1f,0xfc,0x39,0x90,0x07,0xff,0x65,0x40,
0x0c,0x01,0xff,0xd9,0x95,0x00,0xff,0xe2,0xb4,0x00,0x7f,0xf6,0x0c,0x00,0x20,0x1f,0xfd,0x83,0x60,0x0f,0xfe,0x3b,0x98,0x07,
0xff,0x60,0x40,0x3f,0xfb,0x5e,0x01,0xff,0xc9,0xf0,0x0f,0xfe,0xc1,0x80,0x7f,0xf6,0x44,0xc0,0x3f,0xf9,0x26,0x40,0x1f,0xfd,
0x71,0x00,0xff,0xec,0xb8,0x07,0xff,0x2d,0x00,0x3f,0xfa,0xee,0x01,0xff,0xd9,0xe0,0x0f,0xfe,0x5f,0x00,0x7f,0xf5,0xc4,0x03,
0xff,0xb2,0x20,0x1f,0xfc,0xb1,0x00,0xff,0xeb,0x88,0x07,0xff,0x64,0xc0,0x3f,0xf9,0x62,0x01,0xff,0xd7,0x70,0x0f,0xff,0x8e,
0x00,0x7f,0xf5,0xc4,0x03,0xff,0xe0,0x28,0x01,0xff,0xd7,0x30,0x0f,0xff,0x83,0x00,0x7f,0xf6,0x04,0x18,0x03,0xff,0xae,0xc0,
0x1f,0xfc,0xa9,0x00,0xff,0xeb,0x98,0x00,0xd8,0x03,0xff,0xaa,0xa6,0x01,0xff,0xc9,0x71,0x00,0xff,0xeb,0xa8,0x05,0x39,0x53,
0x3f,0xfd,0x1a,0xca,0x00,0xff,0xe4,0x8c,0x00,0x7f,0xf6,0x3c,0x03,0x1a,0xb3,0x7f,0xf4,0x54,0xc0,0x3f,0xf9,0x54,0x01,0xff,
0xd9,0x40,0x0f,0xff,0x73,0x20,0x07,0xff,0x60,0x88,0x01,0xff,0xed,0x29,0x00,0xff,0xec,0xa8,0x07,0xff,0xbb,0xc0,0x3f,0xfb,
0x56,0x01,0xff,0xed,0xa2,0x00,0xff,0xec,0x99,0x80,0x3f,0xfd,0x90,0xa0,0x1f,0xfd,0xa9,0x00,0xff,0xf6,0x2b,0x80,0x7f,0xf6,
0x85,0x40,0x3f,0xfd,0x69,0x40,0x1f,0xfd,0xb9,0x00,0xff,0xf5,0x95,0x80,0x7f,0xf6,0xc5,0xc0,0x3f,0xfd,0x45,0x80,0x1f,0xfd,
0xc8,0x00,0xff,0xf5,0x0f,0x88,0x07,0xff,0x6c,0x98,0x03,0xff,0xd2,0x38,0x40,0x1f,0xfd,0xc9,0x00,0xff,0xf4,0x8e,0x10,0x07,
0xff,0x71,0x50,0x03,0xff,0xd0,0x38,0x40,0x1f,0xfd,0xc1,0xb0,0x0f,0xff,0x40,0xe1,0x00,0x7f,0xf7,0x6c,0x40,0x3f,0xfc,0xe3,
0x84,0x01,0xff,0xdd,0x55,0x00,0x7f,0xf9,0xc7,0x08,0x03,0xff,0xba,0x54,0x01,0xff,0xe7,0x1c,0x20,0x0f,0xfe,0xf7,0x00,0x7f,
0xf9,0xc7,0x08,0x03,0xff,0xbd,0x06,0x01,0xff,0xe6,0x1c,0x20,0x0f,0xfe,0xf2,0xb8,0x07,0xff,0x98,0x70,0x80,0x3f,0xfb,0xc5,
0x40,0x1f,0xfe,0x61,0xc2,0x00,0xff,0xef,0x0f,0x80,0x7f,0xf9,0x8b,0xc8,0x03,0xff,0xbf,0xa4,0x01,0xff,0xe5,0x2c,0x10,0x0f,
0xfe,0xfd,0x18,0x07,0xff,0x94,0xb0,0x40,0x3f,0xfb,0xf0,0xa0,0x1f,0xfe,0x52,0xc1,0x00,0xff,0xef,0xbb,0x80,0x3f,0xfc,0xa5,
0x82,0x01,0xff,0xdf,0x68,0x00,0xff,0xf2,0x96,0x08,0x07,0xff,0x7d,0xa4,0x03,0xff,0xca,0x58,0x20,0x1f,0xfd,0xf5,0x90,0x0f,
0xff,0x29,0x60,0x80,0x7f,0xf7,0xd6,0x80,0x3f,0xfc,0xa5,0x82,0x01,0xff,0xdf,0x5a,0x00,0xff,0xf2,0x96,0x08,0x07,0xff,0x7d,
0xa8,0x03,0xff,0xca,0x58,0x20,0x1f,0xfd,0xf6,0x90,0x0f,0xff,0x29,0x60,0x80,0x7f,0xf7,0xda,0x40,0x3f,0xfc,0xa5,0x82,0x01,
0xff,0xdf,0x79,0x00,0xff,0xf2,0x96,0x08,0x07,0xff,0x7e,0x20,0x01,0xff,0xe5,0x2c,0x10,0x0f,0xfe,0xfc,0x38,0x07,0xff,0x94,
0xb0,0x40,0x3f,0xfb,0xf2,0xe0,0x1f,0xfe,0x52,0xc1,0x00,0xff,0xef,0xd3,0x00,0x7f,0xf9,0x4b,0x04,0x03,0xff,0xbf,0x6a,0x01,
0xff,0xe5,0x2c,0x10,0x0f,0xfe,0xf0,0xe2,0x00,0x7f,0xf9,0x4f,0x04,0x03,0xff,0xbc,0x38,0x60,0x1f,0xfe,0x53,0xd1,0x00,0xff,
0xef,0x17,0x90,0x07,0xff,0x94,0xf4,0x40,0x3f,0xfb,0xc7,0x82,0x01,0xff,0xe5,0x4c,0x10,0x0f,0xfe,0xf2,0x60,0x80,0x7f,0xf9,
0x52,0xc0,0x3f,0xfb,0xeb,0x60,0x1f,0xfe,0x65,0xb0,0x0f,0xfe,0xfb,0xd0,0x07,0xff,0x99,0xa8,0x03,0xff,0xbf,0x10,0x00,0xff,
0xf3,0x3c,0x80,0x7f,0xf7,0xe5,0xc0,0x3f,0xfc,0xd3,0x00,0x1f,0xfd,0xfa,0x60,0x0f,0xff,0x35,0x30,0x07,0xff,0x7e,0xd4,0x03,
0xff,0xcd,0x6a,0x01,0xff,0xdf,0xc4,0x00,0xff,0xf2,0x8e,0x20,0x07,0xff,0x78,0x70,0xc0,0x3f,0xfc,0xa5,0xe6,0x01,0xff,0xdf,
0xb0,0x33,0xff,0xef,0x10,0x80,0x72,0x68,0x80,0x7f,0xf8,0x2b,0x33,0xff,0xbf,0xbd,0x40,0x11,0xd8,0x07,0xff,0xfc,0x03,0xff,
0x8a,0xac,0x00,0xe0,0x0f,0xff,0xf8,0x07,0xff,0x1f,0xc0,0x88,0x01,0xff,0xff,0x00,0xff,0xe3,0x98,0x08,0x07,0xff,0xfc,0x03,
0xff,0xfe,0x01,0xff,0xff,0x00,0xff,0xff,0x80,0x7f,0xff,0xc0,0x3f,0xff,0xe0,0x1f,0xff,0xf0,0x0f,0xff,0xf8,0x07,0xff,0xfc,
0x03,0xff,0xfe,0x01,0xff,0xff,0x00,0xff,0xff,0x80,0x7f,0xff,0xc0,0x3f,0xff,0xe0,0x1f,0xff,0xf0,0x0f,0xff,0xf8,0x07,0xff,
0xfc,0x03,0xff,0xfe,0x01,0xff,0xff,0x00,0xff,0xff,0x80,0x7f,0xff,0xc0,0x3f,0xff,0xe0,0x1f,0xff,0xf0,0x0f,0xff,0xf8,0x07,
0xff,0xfc,0x03,0xff,0xfe,0x01,0xff,0xff,0x00,0xff,0xff,0x80,0x7f,0xff,0xc0,0x3f,0xff,0xe0,0x10,0x80,0x7f,0xff,0xc0,0x3f,
0xf9,0x06,0x04,0x20,0x1f,0xff,0xf0,0x0f,0xfe,0x3e,0x00,0x34,0xc0,0x3f,0xff,0xe0,0x1f,0xfc,0x41,0x75,0x00,0x00,0x00,0xe3,
0xcf,0xff,0xff,0xff,0xff,0xfb,0x0c,0x03,0xf6,0x98,0x07,0xff,0xfc,0x03,0xfc,0x7a,0x01,0xf1,0x88,0x07,0xff,0xfc,0x03,0xff,
0x80,0x24,0x01,0xe7,0x00,0xff,0xff,0x80,0x7f,0xf0,0x84,0x03,0xff,0xfe,0x01,0xff,0xff,0x00,0xff,0xff,0x80,0x7f,0xff,0xc0,
0x3f,0xff,0xe0,0x1f,0xff,0xf0,0x0f,0xff,0xf8,0x07,0xff,0xfc,0x03,0xff,0xfe,0x01,0xff,0xff,0x00,0xff,0xff,0x80,0x7f,0xff,
0xc0,0x3f,0xff,0xe0,0x1f,0xff,0xf0,0x0f,0xff,0xf8,0x07,0xff,0xfc,0x03,0xff,0xfe,0x01,0xff,0xff,0x00,0xff,0xff,0x80,0x7f,
0xff,0xc0,0x3f,0xff,0xe0,0x1f,0xff,0xf0,0x0f,0xff,0xf8,0x07,0xff,0xfc,0x03,0xff,0xfe,0x01,0xff,0xff,0x00,0xff,0xff,0x80,
0x7f,0xff,0xc0,0x3f,0xff,0xe0,0x1f,0xff,0xf0,0x0f,0xff,0xf8,0x07,0xf2,0x80,0x7f,0xff,0xc0,0x3f,0xf9,0x23,0x20,0x1f,0xff,
0xf0,0x0f,0xfe,0x4b,0x7e,0xe6,0x7f,0xf6,0x50,0x03,0xff,0xc8,0x20,0x1f,0xc4,0x67,0xff,0xd7,0x0e,0x40,0x0f,0xff,0x21,0x00,
0x7f,0xf8,0x23,0x08,0x03,0xff,0xc8,0xa0,0x1f,0xfd,0xf3,0xd7,0x00,0xff,0xf2,0xa5,0x00,0x7f,0xf7,0xa3,0x08,0x03,0xff,0xcb,
0x16,0x01,0xff,0xdd,0x3d,0x70,0x0f,0xff,0x29,0xeb,0x80,0x7f,0xf7,0x63,0x08,0x03,0xff,0xca,0xf8,0x40,0x1f,0xfd,0xc3,0xd7,
0x00,0xff,0xf2,0x96,0x40,0x07,0xff,0x75,0xf0,0x80,0x3f,0xfc,0xad,0xa6,0x01,0xff,0xdc,0x2c,0x80,0x0f,0xff,0x28,0xdc,0x80,
0x7f,0xf7,0x5f,0x4c,0x03,0xff,0xca,0xbe,0x80,0x1f,0xfd,0xc2,0xc8,0x00,0xff,0xf2,0x8d,0x50,0x40,0x3f,0xfb,0x8f,0xa6,0x01,
0xff,0xe5,0x4f,0x50,0x0f,0xfe,0xe1,0x64,0x00,0x7f,0xf9,0xa6,0xc4,0x03,0xff,0xb8,0xfa,0x60,0x1f,0xfe,0x53,0xd6,0x00,0xff,
0xee,0x16,0x40,0x07,0xff,0x9a,0x30,0x80,0x3f,0xfb,0x8d,0xa6,0x01,0xff,0xe5,0x2d,0x70,0x0f,0xfe,0xe1,0x64,0x80,0x7f,0xf9,
0x9f,0x48,0x03,0xff,0xb8,0xda,0x60,0x1f,0xfe,0x61,0x90,0x0f,0xfe,0xeb,0xc8,0x07,0xff,0xa0,0x7a,0x90,0x03,0xff,0xb7,0x40,
0x1f,0xfe,0xb5,0xbe,0x70,0x0f,0xfe,0xc8,0x80,0x7f,0xfb,0x46,0x39,0xc0,0x3f,0xfa,0xf2,0x01,0xff,0xef,0x18,0xd4,0x00,0xff,
0xea,0xaa,0x00,0x7f,0xfc,0x0a,0xe4,0x03,0xff,0xab,0x42,0x01,0xff,0xf1,0x6c,0x10,0x0f,0xfe,0x98,0xd0,0x07,0xff,0xc8,0xfc,
0xc0,0x3f,0xfa,0x68,0xc0,0x1f,0xff,0x21,0xc3,0x00,0xff,0xe9,0xc9,0x00,0x7f,0xfc,0xf0,0xc0,0x3f,0xfa,0x7e,0x01,0xff,0xf4,
0xd2,0x00,0xff,0xe9,0x14,0x80,0x7f,0xfc,0xc7,0xc0,0x3f,0xfa,0x6c,0x80,0x1f,0xff,0x32,0x90,0x0f,0xfe,0x9d,0x08,0x07,0xff,
0xcd,0x94,0x03,0xff,0xa4,0x34,0x01,0xff,0xf4,0xb0,0x0f,0xfe,0x9a,0x30,0x07,0xff,0xcc,0x60,0x03,0xff,0xa7,0x24,0x01,0xff,
0xf3,0x72,0x00,0xff,0xe9,0xf0,0x07,0xff,0xd2,0x00,0x3f,0xfa,0x67,0x00,0x1f,0xff,0x35,0x20,0x0f,0xfe,0x9b,0xa0,0x07,0xff,
0x14,0x95,0x94,0xc0,0x3f,0xfb,0xb6,0x01,0xff,0xd4,0xa1,0x00,0xff,0xe1,0x36,0xea,0xa6,0xb3,0xed,0x00,0x3f,0xfb,0x4c,0x01,
0xff,0xd4,0x1b,0x00,0xff,0xe0,0x26,0xc9,0x00,0x79,0x2e,0x84,0x03,0xff,0xb2,0xa0,0x1f,0xfd,0x45,0x60,0x0f,0xf4,0xd9,0x00,
0x7f,0x97,0x04,0x03,0xff,0xb1,0xc0,0x1f,0xfd,0x59,0x20,0x0f,0x8f,0x58,0x03,0xff,0x82,0x58,0x01,0xff,0xd8,0x42,0x00,0xff,
0xea,0xf0,0x07,0x9f,0x08,0x03,0xff,0x86,0x54,0x01,0xff,0xd8,0x50,0x0f,0xfe,0xa9,0xc0,0x04,0x37,0x00,0x1f,0xfc,0x65,0x30,
0x0f,0xfe,0xbe,0x00,0x7f,0xf5,0x9e,0x0d,0x7d,0x00,0x3f,0xf9,0x10,0x01,0xff,0xd7,0x40,0x0f,0xfe,0xbb,0xe5,0x08,0x07,0xff,
0x25,0x08,0x03,0xff,0xae,0x60,0x1f,0xff,0x05,0x00,0xff,0xeb,0xa0,0x07,0xff,0xc2,0xc0,0x3f,0xfa,0xfa,0x01,0xff,0xf0,0x30,
0x0f,0xfe,0xbb,0x00,0x7f,0xfc,0x4c,0x03,0xff,0xac,0x40,0x1f,0xff,0x15,0x00,0xff,0xeb,0x08,0x80,0x3f,0xfe,0x1c,0x01,0xff,
0xd7,0x20,0x0f,0xff,0x80,0x80,0x7f,0xf5,0xdc,0x03,0xff,0xe0,0x60,0x1f,0xfd,0x71,0x00,0xff,0xf8,0x08,0x07,0xff,0x68,0xd9,
0xdf,0xff,0xa4,0xc2,0x01,0xff,0xf0,0x30,0x7c,0x98,0x8f,0xfe,0x94,0xf1,0x00,0x7f,0xf2,0xc4,0x03,0xff,0xb3,0x20,0x1f,0xfd,
0x68,0x00,0xff,0xe5,0x98,0x07,0xff,0x64,0x40,0x3f,0xfa,0xc8,0x01,0xff,0xcb,0x10,0x0f,0xfe,0xb9,0x80,0x7f,0xf6,0x04,0x40,
0x1f,0xfc,0xad,0x00,0xff,0xeb,0x88,0x10,0x07,0xff,0x5d,0x40,0x3f,0xf9,0x4e,0x01,0xff,0xd7,0x70,0x60,0x0f,0xfe,0xb9,0x80,
0x7f,0xf2,0x44,0x80,0x3f,0xfa,0xe2,0x02,0x01,0xff,0xd7,0xc0,0x0f,0xfe,0x4b,0x80,0x7f,0xf6,0x08,0x08,0x03,0xff,0xae,0x80,
0x1f,0xfc,0x9d,0x00,0xff,0xeb,0x90,0x03,0x40,0x3f,0xfb,0x0a,0x01,0xff,0xc7,0x14,0x00,0xff,0xeb,0xb8,0x01,0xc0,0x3f,0xfb,
0x12,0x01,0xff,0xc7,0x80,0x0f,0xfe,0xc1,0x00,0x08,0x03,0xff,0xb0,0x68,0x01,0xff,0xc5,0x16,0x00,0xff,0xec,0x60,0x04,0x60,
0x1f,0xfd,0x89,0x00,0xff,0xe2,0xd0,0x07,0xff,0x65,0x00,0x2b,0x00,0xff,0xec,0x15,0x00,0x7f,0xf0,0xe1,0x00,0x3f,0xfb,0x06,
0x01,0x90,0x03,0xff,0xb2,0xb4,0x01,0xff,0xc1,0x97,0x00,0xff,0xec,0xa0,0x06,0x31,0x00,0xff,0xec,0xae,0xa0,0x07,0xf2,0x6b,
0x00,0x7f,0xf6,0xac,0x03,0x9c,0x03,0xff,0xb4,0x57,0xb0,0xa6,0x72,0xc6,0xd9,0x00,0x7f,0xf6,0x84,0xc0,0x3a,0x80,0x3f,0xfb,
0x84,0xf5,0x99,0x53,0x90,0x07,0xff,0x71,0x80,0x3c,0x64,0x01,0xff,0xff,0x00,0xff,0xe0,0xd0,0x07,0xd6,0x01,0xff,0xff,0x00,
0xff,0xe0,0x19,0x00,0x7c,0xc2,0x01,0xff,0xff,0x00,0xff,0xa8,0x03,0xf9,0x80,0x3f,0xff,0xe0,0x1f,0xe1,0x60,0x0f,0xe9,0x00,
0xff,0xff,0x80,0x7f,0x98,0x03,0xfc,0x30,0x01,0xff,0xff,0x00,0xfe,0x90,0x0f,0xf9,0xc4,0x03,0xff,0xfe,0x01,0xf4,0x08,0x07,
0xff,0x02,0xc0,0x3f,0xff,0xe0,0x1e,0x17,0x00,0xff,0xe0,0xaa,0x00,0x7f,0xff,0xc0,0x3a,0xc0,0x3f,0xf8,0x74,0x20,0x1f,0xff,
0xf0,0x09,0x54,0x01,0xff,0xc3,0x1b,0x00,0xff,0xff,0x80,0x06,0xc0,0x3f,0xf8,0xaa,0xe0,0x1f,0xff,0xf0,0xa1,0x00,0xff,0xe3,
0x42,0x00,0x7f,0xff,0xa1,0x00,0x3f,0xf9,0x14,0x40,0x1f,0xff,0xc5,0x70,0x0f,0xfe,0x48,0xe1,0x00,0x7f,0xfe,0x92,0x80,0x3f,
0xf9,0x63,0x84,0x01,0xff,0xf8,0x4b,0x00,0xff,0xe6,0x8e,0x10,0x07,0xff,0xd9,0x2c,0x03,0xff,0x9e,0x3a,0x60,0x1f,0xff,0x46,
0xb0,0x0f,0xfe,0x96,0x30,0x07,0xff,0xca,0x24,0x03,0xff,0xa9,0x34,0x01,0xff,0xef,0x1c,0x70,0x0f,0xfe,0xb2,0xe9,0x80,0x7f,
0xfb,0x17,0xcc,0x03,0xff,0xb0,0x59,0x20,0x1f,0xfe,0x91,0xaa,0x08,0x07,0xff,0x6d,0xb9,0x80,0x3f,0xfc,0xcf,0xca,0x01,0xff,
0xde,0x19,0xc4,0x00,0xff,0xf1,0x2e,0xc0,0x07,0xff,0x88,0xef,0x14,0x03,0xff,0xbc,0xdb,0x44,0x01,0xff,0xe5,0x3a,0xe8,0x10,
0x0f,0xfe,0xc1,0x4f,0x49,0x00,0x7f,0xfa,0x45,0xfa,0xd8,0x80,0x3f,0xfa,0x46,0xf9,0xac,0x20,0x1f,0xfe,0xe4,0x9d,0xd4,0xa8,
0x80,0x7f,0xf2,0x89,0xab,0xb2,0x0c,0x03,0xff,0xe8,0x4d,0x5d,0xcc,0x97,0x54,0x21,0x10,0x06,0x11,0x1a,0x33,0xd6,0x7e,0xca,
0x88,0x07,0xff,0x54,0x00,0x00,0x00,0xff,0xea,0x26,0x7f,0xff,0xf5,0x70,0x80,0x3f,0xff,0x85,0x66,0x01,0xff,0xd5,0x3e,0x00,
0xff,0xfe,0x40,0x07,0xff,0xfc,0x03,0xff,0xaa,0x2a,0x01,0xff,0xd8,0xb0,0x0f,0xff,0xdc,0x80,0x7f,0xf6,0x58,0x03,0xff,0xf6,
0xc0,0x1f,0xfd,0x85,0x10,0x0f,0xff,0xd3,0x08,0x07,0xff,0x62,0x40,0x3f,0xff,0x76,0x01,0xff,0xd8,0x33,0x00,0x7f,0xfe,0x90,
0x80,0x3f,0xfb,0x12,0x01,0xff,0xfb,0xf0,0x0f,0xfe,0xc0,0xa8,0x07,0xff,0xe8,0x90,0x03,0xff,0xb0,0xc0,0x1f,0xff,0xba,0x00,
0xff,0xec,0xc8,0x07,0xff,0xed,0xc0,0x3f,0xfb,0x0a,0x20,0x1f,0xff,0xa6,0x00,0xff,0xec,0xc8,0x07,0xff,0xee,0xc0,0x3f,0xfb,
0x06,0x60,0x0f,0xff,0xd2,0x10,0x07,0xff,0x62,0x40,0x3f,0xff,0x7e,0x01,0xff,0xd8,0x15,0x00,0xff,0xfd,0x12,0x00,0x7f,0xf6,
0x18,0x03,0xff,0xf7,0x60,0x1f,0xfd,0x99,0x00,0xff,0xfd,0x0b,0x00,0x7f,0xf6,0x14,0x40,0x3f,0xff,0x4c,0x01,0xff,0xd9,0x90,
0x0f,0xff,0xdc,0x80,0x7f,0xf6,0x0c,0xc0,0x1f,0xff,0xa5,0x10,0x0f,0xfe,0xc4,0x80,0x7f,0xfe,0xe4,0x03,0xff,0xb0,0x2a,0x01,
0xff,0xfa,0x33,0x00,0x7f,0xf6,0x24,0x03,0xff,0xf7,0x40,0x1f,0xfd,0x96,0x00,0xff,0xfd,0x0b,0x00,0x7f,0xf6,0x14,0x40,0x3f,
0xff,0x4c,0x01,0xff,0xd9,0x90,0x0f,0xff,0xdc,0x80,0x7f,0xf6,0x0c,0xc0,0x1f,0xff,0xa5,0x10,0x0f,0xfe,0xc4,0x80,0x7f,0xfe,
0xe4,0x03,0xff,0xb0,0x2a,0x01,0xff,0xfa,0x33,0x00,0x7f,0xf6,0x24,0x03,0xff,0xf7,0x20,0x1f,0xfd,0x96,0x00,0xff,0xfd,0x0a,
0x80,0x7f,0xf6,0x14,0x40,0x3f,0xff,0x52,0x01,0xff,0xd9,0x90,0x0f,0xff,0xdb,0x00,0x7f,0xf6,0x0c,0xc0,0x1f,0xff,0xa6,0x10,
0x0f,0xfe,0xc4,0x80,0x7f,0xfe,0xec,0x03,0xff,0xb0,0x2a,0x01,0xff,0xfa,0x42,0x00,0xff,0xec,0x48,0x07,0xff,0xef,0xc0,0x3f,
0xfb,0x2c,0x01,0xff,0xfa,0x24,0x00,0xff,0xec,0x28,0x80,0x7f,0xfe,0xa8,0x03,0xff,0xb3,0x20,0x1f,0xff,0xb7,0x00,0xff,0xec,
0x19,0x80,0x3f,0xff,0x4c,0x01,0xff,0xd9,0x90,0x0f,0xff,0xdd,0x80,0x7f,0xf6,0x05,0x40,0x3f,0xff,0x48,0x40,0x1f,0xfd,0x89,
0x00,0xff,0xe0,0x26,0xff,0xff,0xf4,0xba,0x40,0x3f,0xf9,0xbe,0x01,0xff,0xd9,0x60,0x0f,0xf8,0x6c,0x80,0x3f,0xfa,0x42,0xd0,
0x01,0xff,0xcb,0x24,0x00,0xff,0xec,0x28,0x80,0x7f,0xc8,0x01,0xff,0xd6,0x50,0x0f,0xfe,0x5d,0x80,0x7f,0xf6,0x64,0x03,0xff,
0x80,0x40,0x1f,0xfd,0x63,0x00,0xff,0xe5,0x0b,0x00,0x7f,0xf6,0x0c,0xc0,0x1f,0xff,0xa6,0x00,0xff,0xec,0xc8,0x07,0xff,0xee,
0x80,0x3f,0xfb,0x02,0xa0,0x1f,0xff,0xa5,0x20,0x0f,0xfe,0xc4,0x80,0x7f,0xfe,0xe4,0x03,0xff,0xb2,0xc0,0x1f,0xff,0xa2,0x30,
0x0f,0xfe,0xc3,0x08,0x07,0xff,0xea,0xc0,0x3f,0xfb,0x34,0x01,0xff,0xfa,0x16,0x00,0xff,0xec,0x19,0x80,0x3f,0xff,0x4c,0x01,
0xff,0xd9,0x90,0x0f,0xff,0xdc,0x80,0x7f,0xf6,0x05,0x40,0x3f,0xff,0x4a,0x20,0x1f,0xfd,0x89,0x00,0xff,0xfd,0xc8,0x07,0xff,
0x65,0x80,0x3f,0xff,0x46,0x60,0x0f,0xfe,0xc3,0x08,0x07,0xff,0xea,0x40,0x3f,0xfb,0x34,0x01,0xff,0xfa,0x15,0x00,0xff,0xec,
0x19,0x80,0x3f,0xff,0x52,0x01,0xff,0xd9,0x90,0x0f,0xff,0xdb,0x00,0x7f,0xf6,0x05,0x40,0x3f,0xff,0x4c,0x20,0x1f,0xfd,0x89,
0x00,0xff,0xfd,0xd8,0x07,0xff,0x64,0x80,0x3f,0xf9,0x1a,0x01,0xff,0xd6,0x12,0x00,0xff,0xe0,0xa1,0x00,0x7f,0xf6,0x6b,0xff,
0xff,0x90,0xa0,0x1f,0xfd,0x7d,0xff,0xfd,0xa8,0x01,0x70,0x07,0xff,0xfc,0x03,0xff,0xa2,0x56,0x20,0x4a,0x01,0xff,0xff,0x00,
0xff,0xe9,0xa8,0x50,0x07,0xff,0xfc,0x03,0xff,0xa8,0x20,0xc0,0x1f,0xff,0xf0,0x0f,0xfe,0xaa,0x88,0x07,0xff,0xfc,0x03,0xff,
0xab,0xe0,0x1f,0xff,0xf0,0x0f,0xfe,0xb3,0x00,0x7f,0xff,0xc0,0x3f,0xfa,0xc2,0x01,0xff,0xff,0x00,0xff,0xff,0x80,0x7f,0xff,
0xc0,0x3f,0xff,0xe0,0x1f,0xff,0xf0,0x0f,0xff,0xf8,0x07,0xff,0xfc,0x03,0xff,0xfe,0x01,0xff,0xff,0x00,0xff,0xff,0x80,0x7f,
0xff,0xc0,0x3f,0xff,0xe0,0x1f,0xff,0xf0,0x0f,0xff,0xf8,0x07,0xff,0xfc,0x03,0xff,0xfe,0x01,0xff,0xff,0x00,0xff,0xff,0x80,
0x7f,0xff,0xc0,0x3f,0xff,0xe0,0x1f,0xff,0xf0,0x0f,0xff,0xf8,0x07,0xff,0xfc,0x03,0xff,0xfe,0x01,0xff,0xff,0x00,0xff,0xff,
0x80,0x7f,0xff,0xc0,0x3f,0xff,0xe0,0x1f,0xff,0xf0,0x0f,0xfe,0x60,0x80,0x7f,0xff,0xc0,0x3f,0xfa,0xa2,0x80,0x1f,0xff,0xf0,
0x0f,0xfe,0xaa,0xc3,0x08,0x07,0xff,0xfc,0x03,0xff,0xa2,0x56,0x21,0x3d,0xff,0xff,0xef,0x50,0x0f,0xfe,0xbe,0xff,0xfe,0xd4,
0x00,0xff,0xf9,0xe8,0x07,0xff,0x58,0x48,0x03,0xff,0xfe,0x01,0xff,0xff,0x00,0xff,0xff,0x80,0x7f,0xff,0xc0,0x3f,0xff,0xe0,
0x1f,0xff,0xf0,0x0f,0xff,0xf8,0x07,0xff,0xfc,0x03,0xff,0xfe,0x01,0xff,0xff,0x00,0xff,0xff,0x80,0x7f,0xff,0xc0,0x3f,0xff,
0xe0,0x1f,0xff,0xf0,0x0f,0xff,0xf8,0x07,0xff,0xfc,0x03,0xff,0xfe,0x01,0xff,0xff,0x00,0xff,0xff,0x80,0x7f,0xff,0xc0,0x3f,
0xff,0xe0,0x1f,0xff,0xf0,0x0f,0xff,0xf8,0x07,0xff,0xfc,0x03,0xff,0xfe,0x01,0xff,0xff,0x00,0xff,0xff,0x80,0x7f,0xff,0xc0,
0x3f,0xff,0xe0,0x1f,0xff,0xf0,0x0f,0xff,0xf8,0x07,0xff,0xfc,0x03,0xff,0xfe,0x01,0xff,0xff,0x00,0xff,0xff,0x80,0x7f,0xff,
0xc0,0x3f,0xff,0xe0,0x1f,0xff,0xf0,0x0f,0xff,0xf8,0x07,0xff,0xfc,0x03,0xff,0xbe,0x20,0x1f,0xfd,0x63,0x00,0xff,0xff,0x20,
0x07,0xff,0x59,0x00,0x3f,0xff,0xc5,0x44,0x01,0xff,0xd2,0x15,0x80,0x0f,0xfe,0x00,0x00,0x00,0x06,0xef,0xff,0xff,0xff,0xff,
0xfd,0x86,0x01,0xc7,0x22,0x01,0xff,0xff,0x00,0xff,0x8f,0x40,0x39,0x00,0x3f,0xff,0xe0,0x1f,0xfc,0x21,0x30,0x0d,0xe0,0x1f,
0xff,0xf0,0x0f,0xfe,0x1b,0x80,0x7f,0xff,0xc0,0x3f,0xff,0xe0,0x1f,0xff,0xf0,0x0f,0xff,0xf8,0x07,0xff,0xfc,0x03,0xff,0xfe,
0x01,0xff,0xff,0x00,0xff,0xff,0x80,0x7f,0xff,0xc0,0x3f,0xff,0xe0,0x1f,0xff,0xf0,0x0f,0xff,0xf8,0x07,0xff,0xfc,0x03,0xff,
0xfe,0x01,0xff,0xff,0x00,0xff,0xff,0x80,0x7f,0xff,0xc0,0x3f,0xff,0xe0,0x1f,0xff,0xf0,0x0f,0xff,0xf8,0x07,0xff,0xfc,0x03,
0xff,0xfe,0x01,0xff,0xff,0x00,0xff,0xff,0x80,0x7f,0xff,0xc0,0x3f,0xff,0xe0,0x1f,0xff,0xf0,0x0f,0xff,0xf8,0x07,0xff,0xfc,
0x03,0xff,0xfe,0x01,0xff,0xe9,0x70,0x0f,0xff,0xf8,0x07,0xff,0x20,0xc0,0x3f,0xff,0xe0,0x1f,0xfc,0x7a,0x00,0xff,0xee,0xde,
0x67,0xff,0x9f,0x7d,0x40,0x3f,0xfb,0x86,0x86,0x7f,0xfe,0x72,0x00,0xff,0xff,0x80,0x7f,0xff,0xc0,0x3f,0xff,0xe0,0x1f,0xff,
0xf0,0x0f,0xff,0xf8,0x07,0xff,0xfc,0x03,0xff,0xfe,0x01,0xff,0xff,0x00,0xff,0xff,0x80,0x7f,0xff,0xc0,0x3f,0xff,0xe0,0x1f,
0xff,0xf0,0x0f,0xff,0xf8,0x07,0xff,0xfc,0x03,0xff,0xfe,0x01,0xff,0xff,0x00,0xc6,0xd3,0x79,0xbd,0xff,0x76,0xe5,0x42,0x90,
0x07,0xff,0xfc,0x5a,0xff,0x25,0x90,0xc8,0x40,0x21,0x23,0x57,0xad,0xfc,0x83,0x00,0xff,0xfc,0xa5,0xf4,0xa0,0x07,0xff,0x1c,
0xdf,0x3a,0x4c,0x03,0xff,0xe4,0x20,0x99,0x68,0x01,0xff,0xcd,0x16,0xcc,0x28,0x07,0xff,0xc0,0xba,0xcc,0x03,0xff,0xa4,0x75,
0xcc,0x01,0xff,0xef,0x10,0x0f,0xfe,0xb0,0xce,0xa0,0x07,0xff,0xfc,0x03,0xff,0x8e,0x57,0x61,0x00,0xff,0xff,0x80,0x7f,0xf1,
0xd3,0x94,0x03,0xff,0xfe,0x01,0xff,0xc8,0xaa,0x00,0x7f,0xff,0xc0,0x3f,0xf9,0x0b,0x82,0x01,0xff,0xff,0x00,0xff,0xe3,0x9f,
0x98,0x07,0xff,0xfc,0x03,0xff,0x8e,0x38,0x60,0x1f,0xff,0xf0,0x0f,0xfe,0x46,0x20,0x07,0xff,0xfc,0x03,0xff,0x91,0x66,0x01,
0xff,0xff,0x00,0xff,0xe4,0x69,0x00,0x7f,0xff,0xc0,0x3f,0xf8,0xe3,0xe0,0x1f,0xff,0xf0,0x0f,0xfe,0x41,0x50,0x07,0xff,0xfc,
0x03,0xff,0x90,0xac,0x01,0xff,0xff,0x00,0xff,0xe4,0x48,0x80,0x7f,0xff,0xc0,0x3f,0xf9,0x14,0x01,0xff,0xff,0x00,0xff,0xe4,
0x22,0x00,0x3f,0xff,0xe0,0x1f,0xfc,0x89,0x00,0xff,0xff,0x80,0x7f,0xf2,0x09,0x80,0x3f,0xff,0xe0,0x1f,0xfc,0x88,0x00,0xff,
0xff,0x80,0x7f,0xf2,0x05,0x80,0x3f,0xff,0xe0,0x1f,0xfc,0x8b,0x00,0xff,0xff,0x80,0x7f,0xf2,0x08,0xc0,0x3f,0xff,0xe0,0x1f,
0xfc,0x8a,0x00,0xff,0xff,0x80,0x7f,0xf2,0x1c,0x03,0xff,0xfe,0x01,0xff,0xc8,0x14,0x00,0xff,0xf1,0x13,0xd6,0x62,0xe0,0xc0,
0x3f,0xfb,0xb8,0x01,0xff,0xe0,0x5d,0xd4,0x29,0x99,0x1f,0x35,0x00,0x3f,0xfb,0x68,0x01,0xff,0xde,0x3d,0xa2,0x00,0xfc,0x57,
0x00,0x1f,0xfd,0xa3,0x10,0x0f,0xfe,0xe3,0x61,0x00,0x7f,0xf0,0x1e,0x80,0x3f,0xfb,0x4a,0x01,0xff,0xdb,0x69,0x00,0xff,0xe1,
0xac,0x00,0x7f,0xf6,0x70,0x03,0xff,0xb4,0x52,0x01,0xff,0xc5,0x74,0x00,0xff,0xec,0x10,0x60,0x07,0xff,0x63,0x80,0x3f,0xf8,
0xf2,0x01,0xff,0xd8,0x70,0x48,0x10,0x0f,0xfe,0xa1,0x59,0x80,0x7f,0xf1,0xc9,0x00,0x3f,0xfa,0xe4,0x00,0x7e,0xff,0xff,0xea,
0x6a,0x00,0x7f,0xf2,0x74,0x03,0xff,0xb0,0x20,0x1f,0xfe,0xe4,0x00,0xff,0xec,0x10,0x07,0xff,0xb8,0x80,0x3f,0xff,0xe0,0x1f,
0xfc,0x92,0x00,0xff,0xeb,0xb8,0x07,0xff,0xbc,0x40,0x3f,0xfa,0xe2,0x01,0xff,0xef,0x70,0x0f,0xfe,0xb9,0x80,0x7f,0xfb,0xdc,
0x03,0xff,0xae,0x60,0x1f,0xfe,0xf1,0x00,0xff,0xeb,0x88,0x07,0xff,0xbc,0xc0,0x3f,0xfb,0x22,0xce,0xff,0xfd,0x36,0x10,0x0f,
0xfe,0x51,0x08,0x07,0xff,0x5d,0xcb,0xa6,0x23,0xff,0xa7,0x3e,0x40,0x1f,0xfc,0x97,0x00,0xff,0xec,0x0a,0x80,0x7f,0xf5,0x86,
0x40,0x3f,0xf9,0x3e,0x01,0xff,0xd8,0x2f,0x00,0xff,0xeb,0xa1,0x80,0x7f,0xf2,0x14,0x03,0xff,0xae,0x41,0xc0,0x1f,0xfd,0x88,
0x00,0xff,0xe3,0xc0,0x07,0xff,0x61,0x81,0x40,0x3f,0xfb,0x08,0x80,0x0f,0xfe,0x28,0xb8,0x07,0xff,0x60,0x80,0x80,0x3f,0xfb,
0x32,0x01,0xff,0xc5,0xa0,0x0f,0xfe,0xcf,0x80,0x90,0x07,0xff,0x60,0xac,0x03,0xff,0x87,0x28,0x01,0xff,0xd9,0x40,0x02,0x00,
0x7f,0xf6,0x52,0xc0,0x3f,0xf8,0x34,0xc0,0x1f,0xfd,0x91,0x20,0x07,0x80,0x7f,0xf6,0x93,0x54,0x03,0xf9,0x79,0x40,0x3f,0xfb,
0x48,0x01,0x38,0x07,0xff,0x6c,0xab,0x61,0x4c,0xc8,0xd3,0xd4,0x20,0x1f,0xfd,0xbf,0x00,0x84,0xc0,0x3f,0xfb,0x84,0xf5,0x98,
0xb9,0x61,0x00,0xff,0xee,0xa0,0x06,0xb0,0x0f,0xff,0xf8,0x07,0xff,0x09,0x44,0x03,0x30,0x07,0xff,0xfc,0x03,0xff,0x85,0xc0,
0x1c,0x28,0x01,0xff,0xff,0x00,0xff,0xe0,0x0a,0x00,0x7b,0xc0,0x3f,0xff,0xe0,0x1f,0xfc,0x09,0x00,0xf9,0x0c,0x03,0xff,0xfe,
0x01,0xff,0x30,0x07,0xe8,0x00,0xff,0xff,0x80,0x7f,0x9c,0x40,0x3f,0x22,0x00,0x3f,0xff,0xe0,0x1f,0x86,0x40,0x3f,0xd2,0x01,
0xff,0xff,0x00,0xfd,0x02,0x01,0xfe,0x27,0x00,0xff,0xff,0x80,0x78,0x98,0x03,0xff,0x81,0x04,0x01,0xff,0xff,0x00,0xef,0x00,
0xff,0xe1,0x70,0x07,0xff,0xfc,0x03,0x41,0x00,0x7f,0xf0,0x8e,0x00,0x3f,0xff,0xe0,0x04,0x70,0x0f,0xfe,0x23,0xa8,0x07,0xff,
0xfc,0xac,0x03,0xff,0x8d,0x46,0x01,0xff,0xfd,0x1f,0x00,0xff,0xe4,0x69,0x00,0x7f,0xfe,0xc7,0x48,0x03,0xff,0x90,0x38,0x40,
0x1f,0xff,0xad,0x30,0x0f,0xfe,0x50,0xe1,0x80,0x7f,0xfd,0xc7,0x0c,0x03,0xff,0x98,0x38,0x80,0x1f,0xff,0x52,0xf3,0x00,0xff,
0xe7,0xdb,0x80,0x7f,0xfc,0xd7,0x44,0x03,0xff,0xa3,0x16,0x20,0x1f,0xff,0x09,0xa0,0x0f,0xfe,0xa2,0x7a,0x00,0x7f,0xfb,0x4f,
0x58,0x03,0xff,0xac,0x37,0x42,0x01,0xff,0xea,0x8c,0x20,0x0f,0xfe,0xca,0xfb,0x00,0x7f,0xf9,0xdb,0x9c,0x03,0xff,0xb8,0x33,
0xaa,0x01,0xff,0xe3,0x4d,0x91,0x00,0xff,0xef,0x95,0x6b,0x00,0x7f,0xf7,0xdb,0x6c,0x80,0x3f,0xfc,0x65,0x3d,0x26,0x01,0xff,
0xd9,0x28,0xe9,0x20,0x0f,0xff,0x38,0xb6,0x6c,0x18,0x07,0xff,0x4c,0xdf,0x35,0xc4,0x03,0xff,0xd8,0x4f,0x9d,0x4e,0x60,0x1f,
0xfc,0xb3,0x6a,0xec,0x83,0x00,0xff,0xf9,0x0a,0xc6,0x7e,0xdc,0x32,0x99,0x08,0x07,0x08,0x8d,0x1a,0x2b,0x7f,0x25,0x44,0x03,
0xff,0xaa,0x00,0x00,0x00,0xff,0xeb,0x0a,0x34,0x55,0xe6,0xf7,0xff,0xbb,0x72,0xea,0x19,0x04,0x03,0xff,0xec,0x4b,0x39,0xfd,
0x72,0xea,0x86,0x42,0x01,0xe1,0x23,0x45,0x79,0xbe,0xfc,0x85,0x10,0x0f,0xff,0x72,0x4e,0xea,0x98,0xc0,0x3f,0xf9,0xc6,0xf5,
0xdb,0x06,0x01,0xff,0xe8,0x4a,0xfb,0x62,0x00,0xff,0xeb,0x13,0xe7,0x49,0x80,0x7f,0xf8,0x86,0x3a,0xd4,0x03,0xff,0xba,0x2d,
0x9a,0xc0,0x1f,0xfd,0xe2,0x9e,0x71,0x00,0xff,0xf1,0x14,0xf3,0x80,0x7f,0xf6,0x86,0x75,0x80,0x3f,0xfc,0xe3,0x1c,0xc0,0x1f,
0xfd,0x76,0xf6,0x00,0xff,0xf5,0x8c,0xe1,0x80,0x7f,0xf4,0xcb,0x24,0x40,0x3f,0xfd,0xc7,0x90,0x01,0xff,0xd1,0x5d,0x30,0x0f,
0xff,0x93,0xe1,0x00,0x7f,0xf3,0xa6,0x80,0x3f,0xfe,0xa7,0x88,0x01,0xff,0xcc,0xb6,0x00,0xff,0xfb,0x8d,0xa8,0x07,0xff,0x2b,
0x10,0x03,0xff,0xf5,0x4c,0x01,0xff,0xc8,0xb3,0x00,0xff,0xfe,0x4a,0x80,0x7f,0xf1,0xa9,0x00,0x3f,0xff,0xd4,0x80,0x1f,0xfc,
0x47,0x50,0x0f,0xff,0xf8,0x51,0x00,0x7f,0xf0,0x92,0x00,0x3f,0xff,0xe0,0x01,0xe0,0x0f,0xfe,0x15,0x00,0x7f,0xff,0xc0,0x31,
0xc0,0x07,0xff,0x02,0x44,0x03,0xff,0xfe,0x01,0xce,0x40,0x1f,0xe2,0x60,0x0f,0xff,0xf8,0x07,0xd2,0x01,0xfe,0x90,0x0f,0xff,
0xf8,0x07,0xe4,0x40,0x07,0xe3,0x40,0x0f,0xff,0xf8,0x07,0xf7,0x80,0x7e,0x90,0x0f,0xff,0xf8,0x07,0xf9,0x0c,0x03,0xe5,0x00,
0xff,0xff,0x80,0x7f,0xd4,0x01,0xe6,0x00,0xff,0xff,0x80,0x7f,0xf0,0x1c,0x03,0xda,0x01,0xff,0xff,0x00,0xff,0xe0,0x09,0x80,
0x72,0x00,0x7f,0xff,0xc0,0x3f,0xf8,0x36,0x01,0x8c,0x03,0xff,0xfe,0x01,0xff,0xc2,0x30,0x0c,0xa0,0x1f,0xff,0xf0,0x0f,0xfe,
0x12,0x80,0x6f,0x00,0xff,0xff,0x80,0x7f,0xf0,0x84,0x40,0x11,0x00,0x7f,0xf7,0x52,0x2f,0x31,0x70,0x80,0x1f,0xfd,0xd2,0x00,
0x9c,0x03,0xff,0xb7,0x1d,0x6e,0x86,0x64,0x7b,0xe6,0x00,0xff,0xed,0xb0,0x04,0x20,0x1f,0xfd,0x93,0xd7,0x10,0x0f,0xc3,0x36,
0x20,0x1f,0xfd,0x93,0x00,0x8c,0x03,0xff,0xb0,0x78,0x40,0x1f,0xfc,0x04,0xd0,0x0f,0xff,0xf8,0x00,0x74,0x03,0xff,0x86,0x72,
0x01,0xff,0xff,0x08,0x10,0x0f,0xfe,0x23,0x18,0x07,0xff,0x5c,0x40,0x3f,0xfb,0x42,0xc0,0x1f,0xfc,0x6a,0x00,0xff,0xff,0x20,
0x07,0xff,0x1d,0xc0,0x3f,0xff,0xc4,0x01,0xff,0xc7,0x10,0x0f,0xff,0xf7,0x00,0x7f,0xf2,0x04,0x03,0xff,0xfe,0x01,0xff,0xea,
0x10,0x0f,0xff,0x7a,0x80,0x7f,0xf5,0x88,0x03,0xff,0xdf,0x24,0x01,0xff,0xd4,0x64,0x00,0xff,0xf7,0x96,0xeb,0x33,0xff,0xa5,
0xd2,0x01,0xff,0xf2,0x23,0x3f,0xfe,0x90,0x80,0x7f,0xff,0xc0,0x3f,0xff,0xe0,0x1f,0xff,0xf0,0x0f,0xfe,0x18,0xab,0xd6,0x6f,
0x7f,0xee,0xdb,0xa7,0x52,0x00,0xff,0xff,0x24,0xf7,0x2a,0x14,0xc8,0x40,0x30,0x92,0x2c,0x56,0xf5,0x30,0x80,0x7f,0xfd,0xc6,
0x3a,0xd8,0x40,0x3f,0xf8,0xc2,0xb3,0xd8,0xe2,0x01,0xff,0xf3,0x8e,0x71,0x00,0xff,0xe6,0x9c,0x75,0x18,0x07,0xff,0xbb,0xd7,
0x9c,0x03,0xff,0xa6,0xb9,0x66,0x01,0xff,0xec,0x6a,0x10,0x0f,0xfe,0xb2,0x65,0x10,0x07,0xff,0xfc,0x03,0xff,0x8c,0xbb,0x00,
0x1f,0xff,0xf0,0x0f,0xfe,0x3b,0xe9,0x80,0x7f,0xff,0xc0,0x3f,0xf8,0xc5,0x8c,0x01,0xff,0xff,0x00,0xff,0xe3,0xcd,0x00,0x7f,
0xff,0xc0,0x3f,0xf8,0xeb,0x60,0x1f,0xff,0xf0,0x0f,0xfe,0x3a,0x68,0x80,0x7f,0xff,0xc0,0x3f,0xf8,0xc5,0xa2,0x01,0xff,0xff,
0x00,0xff,0xe3,0x1e,0x80,0x7f,0xff,0xc0,0x3f,0xf8,0xe7,0x40,0x1f,0xff,0xf0,0x0f,0xfe,0x3a,0xb8,0x07,0xff,0xfc,0x03,0xff,
0x8f,0x06,0x01,0xff,0xff,0x00,0xff,0xe3,0xf0,0x07,0xff,0xfc,0x03,0xff,0x8e,0x52,0x01,0xff,0xff,0x00,0xff,0xe3,0xb1,0x80,
0x7f,0xff,0xc0,0x3f,0xf8,0xfe,0x01,0xff,0xff,0x00,0xff,0xe3,0x9a,0x80,0x7f,0xff,0xc0,0x3f,0xf8,0xf0,0x01,0xff,0xff,0x00,
0xff,0xe3,0x92,0x80,0x7f,0xff,0xc0,0x3f,0xf8,0xf2,0x01,0xff,0xff,0x00,0xff,0xe3,0x99,0x00,0x7f,0xff,0xc0,0x3f,0xf8,0xf4,
0x01,0xff,0xff,0x00,0xff,0xe3,0xb0,0x07,0xff,0xfc,0x03,0xff,0x8e,0x24,0x01,0xff,0xdf,0x27,0xbd,0xff,0xb6,0xd8,0x40,0x3f,
0xfb,0x88,0x01,0xff,0xdd,0x2b,0xd8,0x42,0x00,0x89,0x27,0xa4,0x03,0xff,0xb7,0x80,0x1f,0xfd,0xc6,0xd4,0x00,0xff,0x9b,0x48,
0x03,0xff,0xb2,0x80,0x1f,0xfd,0xb6,0x90,0x0f,0xfe,0x11,0x61,0x00,0x7f,0xf6,0x04,0x40,0x1f,0xfd,0x92,0x90,0x0f,0xfe,0x20,
0xf8,0x07,0xff,0x64,0x80,0x3f,0xfb,0x32,0x01,0xff,0xc6,0x27,0x00,0xff,0xec,0x30,0x07,0xff,0x60,0xd0,0x03,0xff,0x8f,0x00,
0x1f,0xfd,0x82,0x00,0xff,0xec,0x50,0x07,0xff,0x25,0x80,0x3f,0xfa,0xfc,0x01,0xff,0xd8,0x40,0x0f,0xfe,0x4d,0x00,0x7f,0xf5,
0xcc,0x03,0xff,0xae,0x24,0x01,0xff,0xc9,0x30,0x0f,0xfe,0xb8,0x80,0x7f,0xf5,0xc8,0x03,0xff,0x96,0x60,0x1f,0xff,0xa7,0x00,
0xff,0xe5,0xb0,0x07,0xff,0x59,0xc0,0x3f,0xfa,0xe2,0x01,0xff,0xcb,0x30,0x0f,0xfe,0xb0,0x80,0x7f,0xfb,0xc4,0x03,0xff,0xac,
0x26,0x01,0xff,0xd6,0x10,0x0f,0xfe,0x58,0x80,0x7f,0xf5,0xc4,0x03,0xff,0xac,0xe0,0x1f,0xfc,0xb3,0x00,0xff,0xeb,0x38,0x07,
0xff,0x5c,0x80,0x3f,0xf9,0x6e,0x01,0xff,0xd6,0x17,0x00,0xff,0xeb,0x08,0x80,0x3f,0xf9,0x22,0x40,0x1f,0xfd,0x63,0x20,0x0f,
0xfe,0xbb,0x80,0x7f,0xf2,0x5c,0x03,0xff,0xae,0x3c,0x01,0xff,0xd7,0xd0,0x0f,0xfe,0x4d,0x00,0x7f,0xf5,0xf4,0x80,0x3f,0xfa,
0xe8,0x40,0x1f,0xfc,0x74,0x30,0x0f,0xfe,0xbb,0x38,0x07,0xff,0x62,0x00,0x3f,0xf8,0xf2,0x01,0xff,0xd8,0x22,0x00,0x7f,0xf6,
0x14,0xc0,0x3f,0xf8,0xb0,0x40,0x1f,0xfd,0x81,0x03,0x00,0xff,0xec,0x69,0x00,0x7f,0xf0,0xd9,0xc0,0x3f,0xfb,0x08,0x00,0x40,
0x0f,0xfe,0xc0,0xe1,0x80,0x7f,0xf0,0x62,0x40,0x3f,0xfb,0x38,0x00,0xc0,0x0f,0xfe,0xc8,0xe4,0x08,0x07,0xf2,0x6b,0x80,0x7f,
0xf6,0x90,0x00,0x80,0x1f,0xfd,0xb7,0xeb,0x74,0x33,0x23,0x4e,0xd9,0x00,0x7f,0xf6,0xcc,0x02,0x40,0x0f,0xfe,0xe2,0x45,0xe6,
0x2e,0x58,0x80,0x3f,0xfb,0x8a,0x01,0xb8,0x03,0xff,0xfe,0x01,0xff,0xc2,0xe0,0x0c,0xa2,0x01,0xff,0xff,0x00,0xff,0xe0,0x0a,
0x00,0x73,0x00,0x7f,0xff,0xc0,0x3f,0xf8,0x0c,0x01,0xea,0x00,0xff,0xff,0x80,0x7f,0xf0,0x28,0x03,0xc4,0xa0,0x1f,0xff,0xf0,
0x0f,0xf2,0x90,0x07,0xd0,0x01,0xff,0xff,0x00,0xff,0x48,0x07,0xe2,0x50,0x0f,0xff,0xf8,0x07,0xe5,0x30,0x0f,0xe8,0x00,0xff,
0xff,0x80,0x7e,0x80,0x0f,0xf1,0x38,0x07,0xff,0xfc,0x03,0xd0,0x40,0x1f,0xf4,0x10,0x07,0xff,0xfc,0x03,0x13,0x80,0x7f,0xf0,
0x78,0x03,0xff,0xfe,0x01,0xbc,0x03,0xff,0x84,0x70,0x01,0xff,0xff,0x00,0x49,0x00,0x7f,0xf0,0xdd,0x40,0x3f,0xff,0xec,0xc0,
0x0f,0xfe,0x2d,0x18,0x07,0xff,0xf5,0x24,0x03,0xff,0x8f,0xa4,0x01,0xff,0xfb,0x3b,0x00,0xff,0xe4,0x0e,0x10,0x07,0xff,0xe4,
0xf0,0x03,0xff,0x94,0x38,0x40,0x1f,0xff,0x74,0xc0,0x0f,0xfe,0x60,0xe2,0x00,0x7f,0xfd,0x5a,0xc0,0x3f,0xf9,0xc3,0x6c,0x01,
0xff,0xf3,0x99,0x00,0x7f,0xf4,0x66,0x80,0x3f,0xfe,0x05,0x8c,0x01,0xff,0xd3,0x5d,0x30,0x0f,0xff,0x6b,0x69,0x80,0x7f,0xf5,
0x4b,0x24,0x03,0xff,0xd4,0x59,0x20,0x1f,0xfd,0x96,0xe6,0x00,0xff,0xf3,0x0c,0x69,0x80,0x7f,0xf6,0xc6,0x75,0x40,0x3f,0xfc,
0x6f,0xce,0x01,0xff,0xdf,0x2a,0xd6,0x00,0xff,0xef,0x0c,0x7c,0x00,0x7f,0xf8,0xca,0x7a,0x08,0x03,0xff,0xb2,0x95,0xce,0x01,
0xff,0xe7,0x17,0xdd,0x39,0x80,0x7f,0xf4,0xd2,0x7a,0xd4,0x03,0xff,0xd8,0x51,0x9d,0x4c,0x60,0x1f,0xfc,0xb4,0x7b,0xfb,0x61,
0x00,0xff,0xf8,0x8a,0xce,0x7e,0x54,0x32,0x18,0x88,0x03,0x84,0x8d,0x5a,0x6f,0x7e,0xe1,0x00,0x3f,0xfa,0xa0,0x00,0x00,0x02,
0xbf,0xff,0xff,0xff,0xff,0xff,0x07,0x50,0x01,0xe8,0x01,0xff,0xff,0x00,0xff,0xe0,0x95,0x88,0x88,0x03,0xff,0xfe,0x01,0xff,
0xc4,0x43,0x00,0xff,0xff,0x80,0x7f,0xf1,0x4c,0x03,0xff,0xfe,0x01,0xff,0xff,0x00,0xff,0xff,0x80,0x7f,0xff,0xc0,0x3f,0xff,
0xe0,0x1f,0xff,0xf0,0x0f,0xff,0xf8,0x07,0xff,0xfc,0x03,0xff,0xfe,0x01,0xff,0xff,0x00,0xff,0xff,0x80,0x7f,0xff,0xc0,0x3f,
0xff,0xe0,0x1f,0xfe,0xf1,0x00,0xff,0xff,0x80,0x7f,0xff,0xc0,0x3f,0xff,0xe0,0x1f,0xff,0xf0,0x0f,0xff,0xf8,0x07,0xff,0xfc,
0x03,0xff,0xfe,0x01,0xff,0xff,0x00,0xff,0xff,0x80,0x7f,0xff,0xc0,0x3f,0xff,0xe0,0x1f,0xff,0xf0,0x0f,0xff,0xf8,0x07,0xff,
0xfc,0x03,0xff,0xfe,0x00,0x70,0x0f,0xff,0xf8,0x07,0xff,0xfc,0x03,0xff,0xb0,0x60,0x1f,0xff,0xf0,0x0f,0xfe,0x33,0x00,0x7f,
0xf4,0x5b,0x33,0xff,0x9b,0x00,0x1f,0xfd,0x93,0x00,0xff,0xe8,0xe9,0x9f,0xff,0x38,0x03,0xff,0xb0,0x80,0x1f,0xfe,0xcf,0x00,
0xff,0xec,0x70,0x07,0xff,0xac,0x50,0x03,0xff,0xae,0x2a,0x01,0xff,0xeb,0x90,0x0f,0xfe,0xc3,0x80,0x7f,0xfb,0x18,0x03,0xff,
0xb1,0x60,0x1f,0xfe,0xb5,0x10,0x0f,0xfe,0xb9,0x90,0x07,0xff,0xaf,0x80,0x3f,0xfb,0x12,0x01,0xff,0xeb,0x24,0x00,0xff,0xec,
0x28,0x07,0xff,0x51,0xc0,0x3f,0xf9,0x54,0x01,0xff,0xd8,0x60,0x0c,0xc0,0x1f,0xfd,0x02,0x00,0xff,0xe5,0x30,0x07,0xff,0x62,
0xc0,0x31,0x38,0x07,0xff,0x39,0xc4,0x03,0xff,0x92,0xa2,0x01,0xff,0xd7,0x32,0x00,0xe8,0xda,0xaf,0xfe,0x66,0xc0,0x07,0xff,
0x2b,0x80,0x3f,0xfb,0x14,0x01,0xf1,0x2a,0xff,0xf3,0x08,0x03,0xff,0x94,0x48,0x01,0xff,0xd8,0x60,0x0f,0xff,0x5d,0x00,0x7f,
0xf6,0x18,0x03,0xff,0xd8,0xc0,0x1f,0xfd,0x8a,0x00,0xff,0xf5,0xa8,0x80,0x7f,0xf5,0xcc,0xc0,0x1f,0xfe,0xbe,0x00,0xff,0xec,
0x50,0x07,0xff,0xac,0x90,0x03,0xff,0xb0,0xc0,0x1f,0xfe,0xba,0x00,0xff,0xec,0x30,0x07,0xff,0xb1,0x80,0x3f,0xfb,0x14,0x01,
0xff,0xeb,0x51,0x00,0xff,0xeb,0x99,0x80,0x3f,0xfd,0x72,0x01,0xff,0xd8,0xa0,0x0f,0xff,0x59,0x18,0x07,0xff,0x61,0x80,0x3f,
0xfd,0x76,0x01,0xff,0xd8,0x60,0x0f,0xff,0x63,0x80,0x7f,0xf6,0x28,0x03,0xff,0xd6,0xc2,0x01,0xff,0xd7,0x23,0x00,0xff,0xf5,
0xd0,0x07,0xff,0x62,0xc0,0x3f,0xfd,0x64,0x60,0x1f,0xfd,0x86,0x00,0xff,0xf5,0xd8,0x07,0xff,0x61,0x80,0x3f,0xfd,0x8c,0x01,
0xff,0xd8,0xa0,0x0f,0xff,0x5b,0x00,0x7f,0xf6,0x08,0xc0,0x3f,0xfd,0x74,0x01,0xff,0xd8,0xb0,0x0f,0xff,0x59,0x98,0x03,0xff,
0xb0,0xe0,0x1f,0xfe,0xba,0x00,0xff,0xec,0x28,0x80,0x7f,0xfa,0xd8,0x03,0xff,0xb1,0x20,0x1f,0xfe,0xb6,0x00,0xff,0xec,0x11,
0x80,0x7f,0xfa,0xec,0x03,0xff,0xb1,0x40,0x1f,0xfe,0xb3,0x20,0x0f,0xfe,0xc3,0x00,0x7f,0xfa,0xe8,0x03,0xff,0xb0,0xa2,0x01,
0xff,0xeb,0x60,0x0f,0xfe,0xc4,0x80,0x7f,0xfa,0xd8,0x03,0xff,0xb0,0x46,0x01,0xff,0xeb,0xb0,0x0f,0xfe,0xc5,0x00,0x7f,0xfa,
0xcc,0x80,0x3f,0xfb,0x0c,0x01,0xff,0xeb,0x90,0x0f,0xfe,0xc2,0x88,0x07,0xff,0xa8,0x54,0x03,0xff,0xb1,0xc0,0x1f,0xfe,0xb6,
0x00,0xff,0xec,0x12,0x00,0x7f,0xfa,0xe8,0x03,0xff,0xb1,0x40,0x1f,0xfe,0xb4,0x20,0x0f,0xfe,0xc3,0x00,0x7f,0xfa,0xf8,0x03,
0xff,0xb0,0xa2,0x01,0xff,0xea,0x15,0x00,0xff,0xec,0x70,0x07,0xff,0xad,0x80,0x3f,0xfb,0x04,0x80,0x1f,0xfe,0xba,0x00,0xff,
0xec,0x50,0x07,0xff,0xad,0x08,0x03,0xff,0xb0,0xc0,0x1f,0xfe,0xbe,0x00,0xff,0xec,0x28,0x80,0x7f,0xfa,0x85,0x40,0x3f,0xfb,
0x1c,0x01,0xff,0xeb,0x60,0x0f,0xfe,0xc0,0xa0,0x07,0xff,0xae,0x80,0x3f,0xfb,0x12,0x01,0xff,0xeb,0x42,0x00,0xff,0xec,0x30,
0x07,0xff,0xaf,0x80,0x3f,0xfb,0x08,0x20,0x1f,0xfe,0xa1,0x50,0x0f,0xfe,0xc7,0x80,0x7f,0xfa,0xd8,0x03,0xff,0xb0,0x28,0x01,
0xff,0xeb,0x90,0x0f,0xfe,0xc4,0x80,0x7f,0xfa,0xd0,0x40,0x3f,0xfb,0x0c,0x01,0xff,0xeb,0xf0,0x0f,0xfe,0xc2,0x08,0x07,0xff,
0xa8,0x50,0x03,0xff,0xb1,0xe0,0x1f,0xfe,0xb9,0x00,0xff,0xec,0x0a,0x00,0x7f,0xfa,0xd8,0x03,0xff,0xb0,0xc0,0x1f,0xfe,0xb5,
0x10,0x0f,0xfe,0xc4,0x80,0x7f,0xfa,0xf8,0x03,0xff,0xb0,0x82,0x01,0xff,0xea,0x24,0x00,0xff,0xec,0x70,0x07,0xff,0xae,0x80,
0x3f,0xfb,0x02,0xa0,0x1f,0xfe,0xb6,0x00,0xff,0xec,0x30,0x07,0xff,0xad,0x44,0x03,0xff,0xb1,0x40,0x1f,0xfe,0xbe,0x00,0xff,
0xec,0x21,0x00,0x7f,0xfa,0x89,0x00,0x3f,0xfb,0x1c,0x01,0xff,0xeb,0xa0,0x0f,0xfe,0xc0,0xa8,0x07,0xff,0xad,0x80,0x3f,0xfb,
0x0c,0x01,0xff,0xeb,0x51,0x00,0xff,0xec,0x50,0x07,0xff,0xae,0x40,0x3f,0xfb,0x08,0x40,0x1f,0xfe,0xa2,0x30,0x0f,0xfe,0xc7,
0x00,0x7f,0xfa,0xe8,0x03,0xff,0xb0,0x2a,0x01,0xff,0xeb,0x60,0x0f,0xfe,0xc3,0x00,0x7f,0xfa,0xd4,0x40,0x3f,0xfb,0x14,0x01,
0xff,0xeb,0x90,0x0f,0xfe,0xc2,0x10,0x07,0xff,0xa8,0x8c,0x03,0xff,0xb1,0xc0,0x1f,0xfe,0xbb,0x00,0xff,0xec,0x0a,0x80,0x7f,
0xfa,0xdc,0x03,0xff,0xb0,0xc0,0x1f,0xfe,0xb6,0x10,0x0f,0xfe,0xc5,0x00,0x7f,0xfa,0xe8,0x03,0xff,0xb0,0x64,0x01,0xff,0xea,
0x23,0x00,0xff,0xec,0x48,0x07,0xff,0xae,0xc0,0x3f,0xfb,0x02,0xa0,0x1f,0xfe,0xb6,0x00,0xff,0xec,0x38,0x07,0xff,0xad,0x80,
0x3f,0xfb,0x36,0x01,0xff,0xeb,0xa0,0x0f,0xfe,0xc1,0x90,0x07,0xff,0xa8,0xcc,0x01,0xff,0xd8,0x90,0x0f,0xff,0x5d,0x00,0x7f,
0xf6,0x05,0x40,0x3f,0xfd,0x6c,0x01,0xff,0xd8,0x70,0x0f,0xff,0x5a,0x80,0x7f,0xf6,0x6c,0x03,0xff,0xfe,0x01,0xff,0xc5,0x52,
0x00,0xff,0xf5,0xab,0x88,0x07,0xff,0x50,0x5a,0x80,0x3f,0xfb,0x80,0x00,0x00,0x00,0xff,0xec,0x89,0xab,0xcd,0xe6,0xf7,0x3f,
0xee,0xdd,0x65,0xcb,0xa9,0x88,0x07,0xff,0xe9,0x1e,0xfb,0x99,0x50,0xc8,0x64,0x22,0x00,0x84,0x88,0x68,0xd1,0x59,0xdc,0xa6,
0x30,0x0f,0xff,0x91,0x3e,0x7d,0xc2,0x08,0x07,0xff,0x2c,0x56,0x73,0xed,0x40,0x3f,0xfd,0x84,0xfb,0xa8,0x30,0x0f,0xfe,0xaa,
0x57,0xd2,0x80,0x7f,0xf9,0xd2,0xf6,0x08,0x03,0xff,0xb6,0xb5,0xd0,0x20,0x1f,0xfe,0x25,0xdb,0x40,0x0f,0xff,0x00,0xbf,0x49,
0x00,0x7f,0xf7,0x93,0x68,0x80,0x3f,0xfc,0xad,0xb2,0x20,0x1f,0xfd,0xa2,0xbb,0x10,0x07,0xff,0xa5,0xbd,0x80,0x3f,0xfb,0x11,
0xa8,0x01,0xff,0xec,0x19,0xc2,0x00,0xff,0xea,0x0e,0x38,0x07,0xff,0xc0,0xf5,0x40,0x3f,0xfa,0x49,0xe6,0x01,0xff,0xf3,0xa9,
0x00,0xff,0xe8,0x3d,0x88,0x07,0xff,0xd5,0xb0,0x40,0x3f,0xf9,0xaf,0x00,0x1f,0xff,0x83,0xc1,0x00,0xff,0xe5,0xbc,0x00,0x7f,
0xfe,0x8b,0xc8,0x03,0xff,0x93,0x10,0x00,0xff,0xfe,0x0e,0x10,0x07,0xff,0x1d,0x5c,0x03,0xff,0xfc,0x3e,0x01,0xff,0xc6,0x3a,
0x00,0xff,0xff,0x81,0x58,0x07,0xff,0x10,0x74,0x03,0xff,0xfe,0x01,0x23,0x80,0x7f,0xf0,0xec,0x40,0x3f,0xff,0xe0,0x1a,0x08,
0x03,0xff,0x82,0xaa,0x00,0xff,0xff,0x80,0x7b,0xc0,0x3f,0xf8,0x36,0x01,0xff,0xff,0x00,0xf8,0x9c,0x03,0xfe,0x71,0x00,0xff,
0xff,0x80,0x7e,0x91,0x00,0xfe,0x19,0x00,0xff,0xff,0x80,0x7f,0x0c,0x00,0x7f,0x30,0x80,0x7f,0xff,0xc0,0x3f,0xcc,0x20,0x1f,
0xa4,0x03,0xff,0xfe,0x01,0xff,0xc0,0x60,0x0f,0x90,0x40,0x3f,0xff,0xe0,0x1f,0xfc,0x09,0x00,0xfb,0x80,0x3f,0xff,0xe0,0x1f,
0xfc,0x11,0x40,0x0f,0x28,0x07,0xff,0xfc,0x03,0xff,0x85,0xa0,0x1c,0x80,0x1f,0xff,0xf0,0x0f,0xfe,0x1b,0x80,0x76,0x00,0x7f,
0xff,0xc0,0x3f,0xf8,0x62,0x40,0x18,0xc0,0x3f,0xfb,0x84,0xd3,0x79,0x8b,0xa8,0x40,0x0f,0xfe,0xea,0x00,0x64,0x00,0xff,0xed,
0x26,0x6c,0xb2,0x19,0x91,0x5e,0xfe,0x48,0x03,0xff,0xb5,0xe0,0x10,0x80,0x7f,0xf6,0xaa,0xcc,0x03,0xfe,0x6d,0x80,0x0f,0xfe,
0xca,0x80,0x44,0x01,0xff,0xd9,0xb5,0x00,0xff,0xe1,0xbd,0x80,0x7f,0xf6,0x08,0x02,0x60,0x0f,0xfe,0xc4,0xa0,0x07,0xff,0x15,
0x28,0x03,0xff,0xae,0x20,0x11,0x80,0x7f,0xf5,0xcd,0x80,0x3f,0xf8,0xea,0x80,0x1f,0xfd,0x72,0x00,0x08,0x07,0xff,0x5e,0x40,
0x3f,0xf9,0x3e,0x01,0xff,0xda,0xf0,0x0f,0xfe,0xba,0x80,0x7f,0xf2,0x50,0x40,0x3f,0xfa,0xc2,0x01,0xff,0xd9,0x30,0x0f,0xfe,
0x5a,0x80,0x7f,0xf5,0x9c,0x01,0xe0,0x1f,0xfd,0x66,0x00,0xff,0xe5,0x90,0x07,0xff,0x59,0xc0,0x02,0x01,0xff,0xd6,0x30,0x0f,
0xfe,0x58,0x80,0x7f,0xff,0x0c,0x03,0xff,0x96,0x20,0x1f,0xfd,0x62,0x00,0x10,0x07,0xff,0x59,0x80,0x3f,0xf9,0x64,0x01,0xff,
0xd6,0x10,0x03,0x00,0x7f,0xf5,0x8c,0x03,0xff,0x96,0xa0,0x1f,0xfd,0x52,0x00,0x88,0x03,0xff,0xae,0x80,0x1f,0xfc,0x93,0x10,
0x0f,0xfe,0xab,0x00,0x63,0x00,0xff,0xeb,0x78,0x07,0xff,0x26,0x40,0x3f,0xfa,0xd8,0x01,0x94,0x03,0xff,0xac,0x88,0x00,0xff,
0xe3,0xa2,0x80,0x7f,0xf5,0x8c,0x03,0x68,0x07,0xff,0x5e,0x88,0x03,0xff,0x8a,0x54,0x01,0xff,0xd7,0x40,0x0c,0x80,0x1f,0xfd,
0x71,0xc3,0x00,0xff,0xe1,0x9e,0x08,0x07,0xff,0x59,0x40,0x3c,0xa0,0x1f,0xfd,0x71,0xc9,0x10,0x0f,0xf8,0xa7,0x04,0x03,0xff,
0xaf,0xc0,0x1e,0xe0,0x0f,0xfe,0xcb,0x75,0xb1,0x88,0x04,0x48,0xf7,0xac,0x01,0xff,0xd8,0x14,0x00,0xf2,0x10,0x07,0xff,0x69,
0x27,0x3b,0xfe,0xdb,0x84,0x00,0xff,0xed,0x40,0x07,0xeb,0x00,0xff,0xff,0x80,0x7f,0xc2,0xc0,0x1f,0x98,0x40,0x3f,0xff,0xe0,
0x1f,0xe8,0x00,0xff,0x58,0x07,0xff,0xfc,0x03,0xf8,0xd8,0x03,0xfc,0xa8,0x01,0xff,0xff,0x00,0xf8,0x74,0x03,0xff,0x81,0x42,
0x01,0xff,0xff,0x00,0xf5,0x88,0x07,0xff,0x00,0x68,0x03,0xff,0xfe,0x01,0xd0,0xa0,0x1f,0xfc,0x24,0x80,0x0f,0xff,0xf8,0x04,
0xce,0x01,0xff,0xc4,0x76,0x00,0xff,0xff,0x83,0x48,0x07,0xff,0x1a,0x58,0x03,0xff,0xfc,0xf2,0x01,0xff,0xc8,0x96,0x00,0xff,
0xfe,0x4c,0x00,0x7f,0xf2,0xa4,0x80,0x3f,0xff,0x46,0xc0,0x1f,0xfc,0xb4,0x20,0x0f,0xff,0xd1,0xb0,0x07,0xff,0x29,0xac,0x03,
0xff,0xf9,0x32,0x00,0xff,0xe4,0x34,0x80,0x7f,0xff,0x9a,0x80,0x3f,0xf8,0xcb,0x20,0x1f,0xff,0xf0,0x59,0x00,0xff,0xe2,0x1d,
0x00,0x7f,0xff,0xc0,0x26,0x70,0x0f,0xfe,0x1f,0x00,0x7f,0xff,0xc0,0x3a,0x10,0x03,0xff,0x83,0x24,0x01,0xff,0xff,0x00,0xf5,
0x08,0x07,0xfc,0x6c,0x01,0xff,0xff,0x00,0xf8,0x60,0x03,0xfe,0xf0,0x0f,0xff,0xf8,0x07,0xf3,0x10,0x07,0xf2,0x98,0x07,0xff,
0xfc,0x03,0xfd,0x00,0x1f,0xd2,0x01,0xff,0xff,0x00,0xff,0x94,0x80,0x3e,0x33,0x00,0x7f,0xf6,0x85,0xab,0x7f,0xed,0xa5,0x00,
0xff,0xed,0xc0,0x07,0xd2,0x01,0xff,0xda,0x8e,0x95,0x20,0x08,0x96,0xb9,0xc0,0x3f,0xfb,0x2a,0x20,0x1e,0x50,0x0f,0xfe,0xc0,
0xe3,0x80,0x7f,0x86,0x30,0x40,0x3f,0xfb,0x0c,0x01,0xca,0x01,0xff,0xd9,0xc3,0x00,0xff,0xe0,0x9e,0x08,0x07,0xff,0x5e,0x80,
0x3b,0xc0,0x3f,0xfb,0x14,0x40,0x1f,0xfc,0x32,0xa0,0x0f,0xfe,0xb9,0x10,0x03,0x28,0x07,0xff,0x5d,0x14,0x03,0xff,0x8a,0x8a,
0x01,0xff,0xd7,0x50,0x08,0xc0,0x3f,0xfb,0x10,0x01,0xff,0xc7,0xb0,0x0f,0xfe,0xbd,0x80,0x48,0x01,0xff,0xd7,0x33,0x00,0x7f,
0xf1,0xc5,0x40,0x3f,0xfa,0xc6,0x01,0x60,0x07,0xff,0x5e,0xc0,0x3f,0xf9,0x3c,0x01,0xff,0xd7,0x30,0x02,0x80,0x7f,0xf5,0xd4,
0x03,0xff,0x92,0x80,0x1f,0xfd,0x74,0x01,0x10,0x07,0xff,0x5c,0x80,0x3f,0xf9,0x44,0x01,0xff,0xd6,0xe0,0x20,0x0f,0xfe,0xb9,
0x00,0x7f,0xf2,0xd8,0x03,0xff,0xac,0xa0,0xc0,0x1f,0xfd,0x76,0x00,0xff,0xe5,0x90,0x07,0xff,0x58,0x80,0x80,0x3f,0xfa,0xe2,
0x01,0xff,0xcb,0x10,0x0f,0xfe,0xb0,0x87,0x80,0x7f,0xf5,0xcc,0x03,0xff,0xde,0x22,0x00,0xff,0xeb,0x98,0x07,0xff,0x2c,0x40,
0x3f,0xfa,0xe6,0x60,0x0f,0xfe,0xb8,0x80,0x7f,0xf2,0xcc,0x03,0xff,0xf8,0xe0,0x1f,0xfc,0xb1,0x00,0xff,0xeb,0x88,0x07,0xff,
0x60,0x80,0x3f,0xf9,0x6a,0x01,0xff,0xd7,0x13,0x00,0xff,0xeb,0x88,0x80,0x3f,0xf9,0x22,0x20,0x0f,0xff,0xea,0x00,0x7f,0xf2,
0x5c,0x03,0xff,0xb0,0x7c,0x01,0xff,0xd8,0xe0,0x0f,0xfe,0x4d,0x00,0x7f,0xf6,0x04,0x40,0x1f,0xfd,0x84,0x20,0x0f,0xfe,0x39,
0x98,0x03,0xff,0xae,0x20,0x40,0x1f,0xfd,0x98,0x00,0xff,0xe3,0xf8,0x07,0xff,0x60,0x81,0x40,0x3f,0xfb,0x2a,0x80,0x1f,0xfc,
0x56,0x30,0x0f,0xfe,0xc3,0x00,0x88,0x03,0xff,0xb3,0x66,0x01,0xff,0xc3,0x49,0x00,0xff,0xec,0xe8,0x01,0x40,0x3f,0xfb,0x5a,
0x80,0x1f,0xfc,0x15,0xb0,0x0f,0xfe,0xd2,0x00,0x0c,0x03,0xff,0xb4,0x37,0x44,0x01,0xfc,0x55,0x40,0x0f,0xfe,0xd9,0x80,0x30,
0x03,0xff,0xb8,0xbb,0x8e,0xa6,0x72,0xc6,0x6a,0x80,0x7f,0xf6,0xd0,0x02,0x40,0x0f,0xfe,0xf1,0xc5,0x66,0x54,0xe6,0x01,0xff,
0xdd,0xc0,0x0c,0xa0,0x1f,0xff,0xf0,0x0f,0xfe,0x23,0x00,0x6e,0x00,0xff,0xff,0x80,0x7f,0xf0,0xcc,0x40,0x32,0x08,0x07,0xff,
0xfc,0x03,0xff,0x85,0x20,0x1e,0x60,0x0f,0xff,0xf8,0x07,0xff,0x04,0x54,0x03,0xd2,0x01,0xff,0xff,0x00,0xff,0xe0,0xb0,0x07,
0xc2,0xc0,0x1f,0xff,0xf0,0x0f,0xfe,0x04,0x80,0x7e,0x80,0x0f,0xff,0xf8,0x07,0xfd,0x02,0x01,0xf8,0x5c,0x03,0xff,0xfe,0x01,
0xfc,0x2e,0x01,0xfe,0x91,0x00,0xff,0xff,0x80,0x7e,0xb0,0x0f,0xf8,0x6c,0x03,0xff,0xfe,0x01,0xf2,0xa8,0x03,0xff,0x80,0xa8,
0x01,0xff,0xff,0x00,0xe1,0xb0,0x0f,0xfe,0x15,0x08,0x07,0xff,0xfc,0x03,0x50,0x80,0x7f,0xf0,0x87,0x40,0x3f,0xff,0xe0,0x14,
0x20,0x07,0xff,0x10,0xe4,0x03,0xff,0xfe,0x0c,0xe0,0x1f,0xfc,0x66,0x70,0x0f,0xff,0xf2,0x48,0x07,0xff,0x22,0x18,0x03,0xff,
0xf8,0x96,0x01,0xff,0xca,0x97,0x00,0xff,0xfd,0x25,0x80,0x7f,0xf3,0x22,0x00,0x1f,0xff,0x86,0xb0,0x0f,0xfe,0x73,0xd8,0x80,
0x7f,0xfd,0x66,0x40,0x1f,0xfd,0x04,0xc3,0x00,0xff,0xf9,0x0e,0x30,0x07,0xff,0x48,0xb2,0x00,0x3f,0xfe,0x0b,0xe6,0x01,0xff,
0xd5,0x7d,0x40,0x0f,0xff,0x60,0xd5,0x04,0x03,0xff,0xae,0x57,0x62,0x00,0xff,0xf4,0xbf,0x28,0x07,0xff,0x6d,0x36,0x8c,0x03,
0xff,0xca,0xdd,0x00,0x1f,0xfd,0xf5,0xcb,0x50,0x0f,0xff,0x0b,0xec,0x88,0x07,0xff,0x89,0x2b,0xa0,0x80,0x3f,0xfb,0x67,0x3f,
0x04,0x01,0xff,0xe6,0x17,0xdd,0x41,0x80,0x7f,0xf5,0x4e,0x3b,0x18,0x03,0xff,0xd8,0x4f,0x9f,0x6e,0x82,0x01,0xff,0xcb,0x14,
0x7b,0xfc,0x71,0x00,0xff,0xf9,0x24,0x5f,0x73,0x25,0xd5,0x0c,0x84,0x03,0x84,0x44,0x8a,0xf3,0x7b,0xd7,0x08,0x01,0xff,0xd5,
0x00,0x00,0x00,0xff,0xec,0x92,0x3c,0xd6,0x6f,0x73,0xff,0x76,0xe5,0xcb,0xa9,0x00,0x7f,0xfe,0x92,0x2f,0xf6,0xe1,0x94,0xc8,
0x44,0x01,0x84,0x8d,0x1a,0x2b,0x7f,0x25,0x44,0x03,0xff,0xe2,0x2d,0x7f,0x6e,0x80,0x1f,0xfc,0xb3,0x6a,0xec,0x72,0x00,0xff,
0xf6,0x2d,0xf4,0xa0,0x07,0xff,0x4c,0xe3,0x71,0x84,0x03,0xff,0xcc,0x31,0xd4,0x80,0x1f,0xfd,0x93,0x9e,0x92,0x00,0xff,0xf1,
0x0c,0xf3,0x88,0x07,0xff,0x79,0xb6,0x88,0x03,0xff,0xbf,0x1c,0xc0,0x1f,0xfe,0x35,0xd9,0x10,0x0f,0xfe,0xda,0xf3,0x80,0x7f,
0xf9,0xdb,0xd8,0x03,0xff,0xb0,0x37,0x42,0x01,0xff,0xe9,0x19,0xb2,0x00,0xff,0xea,0xa7,0xa0,0x07,0xff,0xb5,0x31,0x40,0x3f,
0xfa,0x73,0x62,0x01,0xff,0xef,0x1a,0x90,0x0f,0xfe,0x8d,0xb0,0x07,0xff,0xcd,0xac,0x03,0xff,0x9c,0x3a,0x80,0x1f,0xff,0x54,
0xc1,0x00,0xff,0xe5,0x97,0x90,0x07,0xff,0xdc,0xf0,0x40,0x3f,0xf9,0x25,0x82,0x01,0xff,0xf9,0x2c,0x10,0x0f,0xfe,0x38,0xf8,
0x80,0x7f,0xfe,0xcb,0x40,0x3f,0xf8,0xfa,0x40,0x1f,0xff,0xd3,0x90,0x0f,0xfe,0x2c,0x98,0x07,0xff,0xfd,0x98,0x01,0xff,0xc3,
0x56,0x00,0xff,0xff,0x80,0x24,0x80,0x3f,0xf8,0x23,0x60,0x1f,0xff,0xf0,0x0d,0xc0,0x1f,0xfc,0x1b,0x10,0x0f,0xff,0xf8,0x06,
0x37,0x00,0xff,0x91,0x40,0x3f,0xff,0xe0,0x1e,0x81,0x00,0xff,0x48,0x07,0xff,0xfc,0x03,0xf5,0x80,0x7f,0x31,0x00,0x7f,0xff,
0xc0,0x3f,0x29,0x00,0x7e,0xb0,0x0f,0xff,0xf8,0x07,0xfa,0x00,0x3e,0x52,0x00,0xff,0xff,0x80,0x7f,0x94,0x40,0x3d,0xc0,0x1f,
0xff,0xf0,0x0f,0xfe,0x04,0x80,0x70,0xa0,0x07,0xff,0xfc,0x03,0xff,0x80,0xc0,0x1c,0xc0,0x1f,0xff,0xf0,0x0f,0xfe,0x08,0xa0,
0x06,0xa0,0x0f,0xff,0xf8,0x07,0xff,0x0b,0x80,0x21,0x20,0x0f,0xfe,0xe1,0x3d,0x66,0x57,0x08,0x01,0xff,0xdc,0x50,0x09,0x00,
0x3f,0xfb,0x69,0x9b,0x0a,0x67,0x23,0xdf,0x38,0x07,0xff,0x6c,0xc0,0x18,0x01,0xff,0xda,0x9b,0x30,0x0f,0xe1,0x8d,0x20,0x0f,
0xfe,0xca,0x00,0x10,0x03,0xff,0xb3,0x6c,0x01,0xff,0xc1,0x2c,0x20,0x0f,0xfe,0xc6,0x00,0x08,0x03,0xff,0xb1,0x28,0x01,0xff,
0xc3,0x1e,0x00,0xff,0xec,0x20,0x18,0x07,0xff,0x61,0x18,0x03,0xff,0x8a,0x6c,0x01,0xff,0xd8,0x26,0x00,0xff,0xec,0x50,0x07,
0xff,0x1e,0x00,0x3f,0xfb,0x0c,0x40,0x1f,0xfd,0x75,0x10,0x0f,0xfe,0x38,0xa8,0x07,0xff,0x5c,0xb8,0x03,0xff,0xaf,0x20,0x1f,
0xfc,0x9e,0x00,0xff,0xeb,0xf9,0x00,0x7f,0xf5,0xcc,0x03,0xff,0x92,0xa0,0x1f,0xfd,0x73,0x00,0xff,0xeb,0xa0,0x07,0xff,0x28,
0x44,0x01,0xff,0xd6,0x17,0x00,0xff,0xeb,0x10,0x07,0xff,0x2c,0x80,0x3f,0xfa,0xce,0x20,0x1f,0xfd,0x61,0x00,0xff,0xe5,0xb8,
0x07,0xff,0xeb,0xc0,0x3f,0xf9,0x62,0x01,0xff,0xd6,0x10,0x0f,0xfe,0xbf,0x80,0x7f,0xf2,0xc4,0x03,0xff,0xac,0x62,0x01,0xff,
0xd6,0x20,0x0f,0xfe,0x5b,0x80,0x7f,0xfe,0x9c,0x03,0xff,0x96,0x40,0x1f,0xfd,0x77,0x00,0xff,0xeb,0x10,0x80,0x7f,0xf2,0x44,
0x40,0x1f,0xfd,0x71,0x00,0xff,0xeb,0xb8,0x07,0xff,0x25,0xc0,0x3f,0xfb,0x06,0x01,0xff,0xd7,0xb0,0x0f,0xfe,0x4d,0x00,0x7f,
0xf6,0x38,0x03,0xff,0xae,0x4a,0x01,0xff,0xc7,0x33,0x00,0x7f,0xf6,0x0c,0x03,0xff,0xb1,0x62,0x01,0xff,0xc6,0xf0,0x0f,0xfe,
0xcb,0x00,0x7f,0xf6,0x07,0x40,0x3f,0xf8,0xb2,0x60,0x1f,0xfd,0x92,0x00,0xff,0xec,0x9d,0x80,0x7f,0xf0,0xe5,0x80,0x3f,0xfb,
0x64,0x01,0xff,0xd9,0x4e,0x50,0x0f,0xf9,0x35,0x80,0x3f,0xfb,0x8a,0x01,0xff,0xda,0x1a,0xd8,0x42,0x10,0x12,0x49,0xdb,0x20,
0x0f,0xfe,0xee,0x00,0x7f,0xf7,0x09,0xef,0x7b,0xfb,0x6d,0x88,0x03,0xff,0xbe,0x80,0x1f,0xff,0xf0,0x0f,0xfe,0x42,0x00,0x7f,
0xff,0xc0,0x3f,0xf8,0xfc,0x01,0xff,0xff,0x00,0xff,0xe3,0xa8,0x80,0x7f,0xff,0xc0,0x3f,0xf8,0xec,0x01,0xff,0xff,0x00,0xff,
0xe3,0xc8,0x07,0xff,0xfc,0x03,0xff,0x8e,0x2e,0x01,0xff,0xff,0x00,0xff,0xe3,0xc0,0x80,0x7f,0xff,0xc0,0x3f,0xf8,0xf0,0x01,
0xff,0xff,0x00,0xff,0xe3,0xb1,0x80,0x7f,0xff,0xc0,0x3f,0xf8,0xfc,0x01,0xff,0xff,0x00,0xff,0xe3,0x94,0x80,0x7f,0xff,0xc0,
0x3f,0xf8,0xec,0xa0,0x1f,0xff,0xf0,0x0f,0xfe,0x3d,0x18,0x07,0xff,0xfc,0x03,0xff,0x8f,0xa2,0x01,0xff,0xff,0x00,0xff,0xe3,
0x0e,0x08,0x07,0xff,0xfc,0x03,0xff,0x8c,0x58,0x20,0x1f,0xff,0xf0,0x0f,0xfe,0x31,0x61,0x00,0x7f,0xff,0xc0,0x3f,0xf8,0xc5,
0x86,0x01,0xff,0xff,0x00,0xff,0xe3,0x0e,0x30,0x07,0xff,0xfc,0x03,0xff,0x8f,0x34,0x20,0x1f,0xff,0xf0,0x0f,0xfe,0x32,0xfa,
0x80,0x7f,0xff,0xc0,0x3f,0xf8,0xc3,0x58,0x60,0x1f,0xff,0xf0,0x0f,0xfe,0x31,0xe5,0x10,0x07,0xff,0x58,0x69,0x40,0x3f,0xfd,
0x8b,0xb6,0x80,0x1f,0xfd,0x37,0xe5,0xd0,0x0f,0xff,0x72,0x5e,0xb9,0x00,0x7f,0xf3,0x45,0xfa,0x00,0x3f,0xfe,0x65,0x1b,0xa8,
0x40,0x0f,0xfe,0x39,0x35,0xf4,0x08,0x07,0xff,0xdc,0x9e,0xff,0x69,0xd4,0xc8,0x40,0x30,0x91,0xac,0x57,0x6c,0xa0,0x07,0xff,
0xf8,0x96,0x2b,0x37,0xbf,0xf7,0x6e,0x53,0xa8,0x80,0x7f,0xff,0xc0,0x3f,0xff,0xe0,0x1f,0xff,0xf0,0x0f,0xff,0xf8,0x07,0xff,
0x59,0x77,0xff,0xff,0xa5,0xd2,0x01,0xff,0xf0,0x2a,0x20,0x0f,0xfe,0x90,0xb4,0x00,0x7f,0xfb,0xd0,0x03,0xff,0xac,0x80,0x1f,
0xfe,0xf1,0x00,0xff,0xeb,0x08,0x07,0xff,0xfc,0x03,0xff,0x8e,0x60,0x1f,0xfc,0x8f,0x00,0xff,0xfe,0x88,0x07,0xff,0x20,0x40,
0x3f,0xff,0xc4,0x01,0xff,0xc7,0x50,0x0f,0xff,0xf2,0x80,0x7f,0xf1,0x84,0xc0,0x3f,0xff,0xd2,0x01,0xff,0xc6,0x80,0x0f,0xff,
0xf8,0xb8,0x07,0xff,0x10,0xd8,0x03,0xff,0xae,0x60,0x1f,0xfd,0xc8,0x40,0x0f,0xfe,0x11,0x68,0x07,0xff,0x70,0x40,0x3f,0xfb,
0x36,0xa0,0x1f,0xfc,0x03,0xc1,0x00,0xff,0xec,0x08,0x04,0x60,0x1f,0xfd,0xaa,0x92,0x00,0xfc,0x33,0x82,0x01,0xff,0xd9,0x70,
0x09,0x80,0x3f,0xfb,0x6d,0xb6,0xe8,0x66,0x47,0xbe,0x60,0x0f,0xfe,0xd8,0x80,0x44,0x01,0xff,0xdd,0x48,0xbc,0xc5,0xc2,0x00,
0x7f,0xf7,0x48,0x02,0x11,0x00,0x7f,0xff,0xc0,0x3f,0xf8,0x5a,0x01,0x94,0x03,0xff,0xfe,0x01,0xff,0xc2,0x70,0x0d,0x80,0x1f,
0xff,0xf0,0x0f,0xfe,0x08,0x90,0x06,0x40,0x0f,0xff,0xf8,0x07,0xff,0x05,0x00,0x38,0xc4,0x03,0xff,0xfe,0x01,0xff,0xc0,0xf0,
0x0f,0x30,0x07,0xff,0xfc,0x03,0xff,0x80,0xa0,0x1e,0xa0,0x0f,0xff,0xf8,0x07,0xfc,0xc0,0x1f,0x12,0x00,0x7f,0xff,0xc0,0x3f,
0xd6,0x01,0xfa,0x00,0x3f,0xff,0xe0,0x1f,0xca,0x40,0x1f,0x8d,0x40,0x3f,0xff,0xe0,0x1f,0xa0,0x03,0xfd,0x00,0x1f,0xff,0xf0,
0x0f,0x9c,0x80,0x3f,0xc5,0x20,0x1f,0xff,0xf0,0x0e,0x28,0x00,0xff,0xe0,0x32,0x00,0x7f,0xff,0xc0,0x37,0x00,0x7f,0xf0,0xa8,
0x40,0x3f,0xff,0xe0,0x09,0x30,0x0f,0xfe,0x10,0xe8,0x07,0xff,0xfc,0x15,0x80,0x3f,0xf8,0x87,0x60,0x1f,0xff,0xe4,0xa0,0x0f,
0xfe,0x32,0x50,0x07,0xff,0xf1,0x2c,0x03,0xff,0x90,0xb6,0x01,0xff,0xfa,0x5b,0x00,0xff,0xe5,0x26,0x08,0x07,0xff,0xdd,0xe8,
0x03,0xff,0x98,0x7e,0x60,0x1f,0xff,0x5a,0x80,0x0f,0xfe,0x70,0xe4,0x00,0x7f,0xfc,0x93,0x94,0x03,0xff,0xa2,0xfa,0x60,0x1f,
0xfe,0xe1,0x9b,0x10,0x0f,0xfe,0x99,0x65,0x08,0x07,0xff,0xad,0xfd,0x80,0x3f,0xfa,0xeb,0xd2,0x20,0x1f,0xfe,0x76,0xe8,0x10,
0x0f,0xfe,0xd3,0x75,0x18,0x07,0xff,0x88,0x63,0xa4,0x40,0x3f,0xfb,0xcb,0x9a,0xc2,0x01,0xff,0xdd,0x5b,0xe7,0x10,0x0f,0xff,
0x11,0x4f,0x63,0x90,0x07,0xff,0x58,0x9a,0xfe,0x90,0x03,0xff,0xd0,0x71,0xbd,0x4e,0x60,0x1f,0xfc,0xe3,0x6a,0xed,0x94,0x00,
0xff,0xf7,0x0a,0xc6,0x7f,0x5c,0xba,0xa1,0x90,0x80,0x78,0x48,0xd1,0x5e,0x6f,0xbf,0x25,0x44,0x03,0xff,0xa2,0x00,0x00,0x00,
0xff,0xe0,0x24,0x5e,0xff,0xdd,0xb7,0x08,0x01,0xff,0xc9,0x29,0xfb,0x74,0x20,0x08,0x49,0x1e,0xfa,0x48,0x03,0xff,0x88,0x33,
0xac,0x01,0xff,0xc1,0x16,0xd8,0x00,0xff,0xe1,0x1f,0xb0,0x07,0xff,0x19,0xf4,0xc0,0x3f,0xe5,0xc1,0x00,0xff,0xe4,0x16,0x20,
0x07,0xf2,0xd0,0x07,0xff,0x32,0xd0,0x03,0xe3,0xa0,0x0f,0xfe,0x75,0x90,0x07,0xb4,0x03,0xff,0xa1,0xe0,0x1d,0x02,0x01,0xff,
0xd0,0x27,0x00,0x85,0xc0,0x3f,0xfa,0x52,0x01,0x30,0x07,0xff,0x4c,0x58,0x01,0x40,0x1f,0xfd,0x4d,0x01,0x20,0x0f,0xfe,0xa2,
0x02,0x00,0x7f,0xf5,0x90,0x80,0x3f,0xfa,0xc5,0xc0,0x1f,0xfd,0x6e,0x30,0x0f,0xfe,0xb0,0x88,0x03,0xff,0xac,0x62,0x01,0xff,
0xd6,0x33,0x00,0x7f,0xf5,0x87,0x80,0x3f,0xfa,0xdc,0x40,0x1f,0xfd,0x65,0x40,0x0f,0xfe,0xb1,0x89,0x80,0x7f,0xf5,0x14,0x01,
0x40,0x1f,0xfd,0x4e,0x00,0x30,0x07,0xff,0x4c,0x90,0x02,0x80,0x0f,0xfe,0x94,0x80,0x67,0x20,0x0f,0xfe,0x82,0xa0,0x07,0x78,
0x07,0xff,0x3c,0xa8,0x03,0xc5,0x60,0x1f,0xfc,0xd1,0xc0,0x0f,0xc9,0x60,0x1f,0xfc,0xb2,0xc1,0x00,0xfe,0x4c,0x20,0x0f,0xfe,
0x42,0x61,0x00,0x7f,0xc7,0xac,0x01,0xff,0xc5,0x19,0xb1,0x00,0xff,0xe1,0x4e,0xb0,0x80,0x7f,0xf0,0x0a,0x39,0x80,0x3f,0xf8,
0xa5,0x3d,0x6e,0x84,0x01,0x09,0x24,0x66,0xb8,0x07,0xff,0x29,0x22,0xf7,0xfe,0xed,0xb7,0x30,0x0f,0xff,0xf8,0x07,0xff,0xfc,
0x03,0xff,0xfe,0x01,0xff,0xff,0x00,0xff,0xff,0x80,0x7f,0xff,0xc0,0x3f,0xff,0xe0,0x1f,0xff,0xf0,0x0f,0xff,0xf8,0x07,0xff,
0xfc,0x03,0xff,0xfe,0x01,0xff,0xf3,0x48,0xbd,0xff,0xbb,0x6e,0x10,0x03,0xff,0x92,0x53,0xf6,0xe8,0x40,0x10,0x92,0x3d,0xf4,
0x90,0x07,0xff,0x10,0x67,0x58,0x03,0xff,0x82,0x2d,0xb0,0x01,0xff,0xc2,0x3f,0x60,0x0f,0xfe,0x33,0xe9,0x80,0x7f,0xcb,0x82,
0x01,0xff,0xc8,0x2c,0x40,0x0f,0xe5,0xa0,0x0f,0xfe,0x65,0xa0,0x07,0xc7,0x40,0x1f,0xfc,0xeb,0x20,0x0f,0x68,0x07,0xff,0x43,
0xc0,0x3a,0x04,0x03,0xff,0xa0,0x4e,0x01,0x0b,0x80,0x7f,0xf4,0xa4,0x02,0x60,0x0f,0xfe,0x98,0xb0,0x02,0x80,0x3f,0xfa,0x9a,
0x02,0x40,0x1f,0xfd,0x44,0x04,0x00,0xff,0xeb,0x21,0x00,0x7f,0xf5,0x8b,0x80,0x3f,0xfa,0xdc,0x60,0x1f,0xfd,0x61,0x10,0x07,
0xff,0x58,0xc4,0x03,0xff,0xac,0x66,0x00,0xff,0xeb,0x0f,0x00,0x7f,0xf5,0xb8,0x80,0x3f,0xfa,0xca,0x80,0x1f,0xfd,0x63,0x13,
0x00,0xff,0xea,0x28,0x02,0x80,0x3f,0xfa,0x9c,0x00,0x60,0x0f,0xfe,0x99,0x20,0x05,0x00,0x1f,0xfd,0x29,0x00,0xce,0x40,0x1f,
0xfd,0x05,0x40,0x0e,0xf0,0x0f,0xfe,0x79,0x50,0x07,0x8a,0xc0,0x3f,0xf9,0xa3,0x80,0x1f,0x92,0xc0,0x3f,0xf9,0x65,0x82,0x01,
0xfc,0x98,0x40,0x1f,0xfc,0x84,0xc2,0x00,0xff,0x8f,0x58,0x03,0xff,0x8a,0x33,0x62,0x01,0xff,0xc2,0x9d,0x61,0x00,0xff,0xe0,
0x14,0x73,0x00,0x7f,0xf1,0x4a,0x7a,0xdd,0x08,0x02,0x12,0x48,0xcd,0x70,0x0f,0xf0,0x00,0x00,0x00,0xff,0xe6,0x9b,0x4d,0xef,
0x7f,0xee,0xdb,0x96,0x30,0x0f,0xff,0x10,0xb5,0x7e,0x4b,0x21,0x08,0x06,0x12,0x46,0x9c,0xfb,0x61,0x00,0xff,0xee,0x1d,0x74,
0xa8,0x07,0xff,0x19,0x27,0xad,0x00,0x3f,0xfb,0x09,0x98,0x50,0x0f,0xfe,0x62,0x5e,0xa8,0x07,0xff,0x50,0xae,0xc6,0x01,0xff,
0xd0,0x2a,0xc3,0x00,0xff,0xe8,0xb6,0xa0,0x07,0xff,0x50,0xf2,0x00,0x3f,0xf9,0xc5,0x92,0x01,0xff,0xd8,0x7d,0x30,0x0f,0xfe,
0x59,0xe1,0x80,0x7f,0xf6,0x8b,0x10,0x03,0xff,0x92,0xb8,0x20,0x1f,0xfd,0xdb,0x60,0x0f,0xfe,0x3b,0x50,0x07,0xff,0x82,0x60,
0x03,0xff,0x8a,0xb2,0x01,0xff,0xe2,0x76,0x00,0xff,0xe1,0x9d,0x00,0x7f,0xf9,0x25,0x40,0x3f,0xf8,0x25,0xa0,0x1f,0xfe,0x6a,
0x30,0x0f,0xfe,0x04,0x88,0x07,0xff,0x9f,0x80,0x3f,0xe6,0x40,0x0f,0xff,0x41,0x40,0x07,0xf1,0x48,0x07,0xff,0xa9,0xcc,0x03,
0xf4,0x80,0x7f,0xfb,0x38,0x03,0xe4,0x40,0x07,0xff,0xb0,0x94,0x03,0xde,0x01,0xff,0xee,0x80,0x0e,0x34,0x00,0xff,0xf7,0x12,
0x80,0x6a,0x00,0xff,0xf8,0x70,0x06,0x60,0x0f,0xff,0x82,0x08,0x01,0x00,0x3f,0xf9,0xc2,0xd7,0xbf,0xed,0xb6,0x10,0x0f,0xfe,
0x73,0x80,0x34,0x03,0xff,0x9a,0xff,0x28,0x40,0x02,0x49,0xe8,0x00,0xff,0xe6,0xe8,0x01,0x00,0x3f,0xf9,0x63,0x70,0x20,0x1f,
0xcf,0x82,0x01,0xff,0xcb,0x40,0x12,0x00,0xff,0xe5,0xea,0x00,0x7f,0xf0,0x0f,0x04,0x03,0xff,0x96,0x6a,0x01,0xff,0xcb,0xa3,
0x00,0xff,0xe1,0x15,0x00,0x7f,0xf2,0xd8,0x80,0x3f,0xf9,0x48,0xa0,0x1f,0xfc,0x44,0x40,0x07,0xff,0x2b,0x78,0x03,0xff,0x95,
0x00,0x1f,0xfc,0x68,0x00,0xff,0xe5,0x11,0x00,0x3f,0xf9,0x22,0x60,0x1f,0xfc,0x63,0x10,0x0f,0xfe,0x48,0x88,0x03,0xff,0x92,
0x80,0x1f,0xfc,0x85,0x00,0xff,0xe4,0xb0,0x07,0xff,0x28,0x80,0x3f,0xf9,0x04,0x01,0xff,0xe0,0xf0,0x0f,0xfe,0x40,0x80,0x7f,
0xf8,0x3c,0x03,0xff,0x90,0x20,0x1f,0xfc,0xa1,0x00,0xff,0xe4,0x88,0x07,0xff,0x20,0xc0,0x3f,0xf9,0x22,0x60,0x1f,0xfc,0x94,
0x00,0xff,0xe4,0x20,0x07,0xff,0x25,0xf8,0x03,0xff,0x92,0x44,0x00,0xff,0xe3,0x18,0x80,0x7f,0xf2,0x48,0x80,0x1f,0xfc,0xa8,
0x00,0xff,0xe3,0x40,0x07,0xff,0x2b,0x98,0x03,0xff,0x94,0xa8,0x01,0xff,0xc4,0x44,0x00,0x7f,0xf2,0x88,0xc0,0x3f,0xf9,0x74,
0x40,0x1f,0xfc,0x22,0xa0,0x0f,0xfe,0x5a,0x01,0x80,0x7f,0xf2,0x87,0x0c,0x03,0xff,0x80,0x78,0x20,0x1f,0xfc,0xa1,0x10,0x58,
0x07,0xff,0x2c,0x71,0xc0,0x3f,0xcf,0x82,0x01,0xff,0xcb,0x70,0x02,0x00,0x7f,0xf3,0x63,0xa5,0x08,0x00,0x49,0x3d,0x00,0x1f,
0xfc,0xdc,0x00,0x19,0x00,0x7f,0xf3,0x45,0xaf,0x7f,0xdb,0x6c,0x20,0x1f,0xfc,0xe5,0x00,0xa8,0x03,0xff,0xe0,0xc0,0x19,0x80,
0x3f,0xfe,0x14,0x01,0x85,0x80,0x3f,0xfd,0xc6,0x60,0x0e,0x80,0x0f,0xff,0x74,0x00,0x78,0x5c,0x03,0xff,0xd8,0x88,0x00,0xfa,
0x08,0x03,0xff,0xd7,0x20,0x1f,0xd2,0x01,0xff,0xea,0x82,0x00,0xfe,0x46,0x00,0xff,0xf4,0x1b,0x80,0x7f,0xd2,0x40,0x1f,0xfe,
0x7e,0x00,0xff,0xe0,0xe0,0x80,0x7f,0xf9,0x6c,0x80,0x3f,0xf8,0x23,0x80,0x1f,0xfe,0x4a,0x40,0x0f,0xfe,0x19,0x58,0x07,0xff,
0x8a,0x14,0x03,0xff,0x8a,0x98,0x20,0x1f,0xfd,0xf9,0x70,0x0f,0xfe,0x39,0xf9,0x00,0x7f,0xf7,0x6d,0x80,0x3f,0xf9,0x23,0x8a,
0x01,0xff,0xda,0x2d,0x40,0x0f,0xfe,0x58,0xd5,0x04,0x03,0xff,0xae,0xfa,0x40,0x1f,0xfc,0xe5,0xf5,0x00,0xff,0xea,0x1e,0x40,
0x07,0xff,0x44,0x6b,0x10,0x03,0xff,0xa0,0x55,0x86,0x01,0xff,0xd4,0x3b,0xd6,0x00,0xff,0xe6,0x25,0xea,0x80,0x7f,0xf6,0x0a,
0x7e,0x94,0x40,0x3f,0xf8,0xa9,0x3d,0x68,0x01,0xff,0xdd,0x5a,0xed,0x97,0x42,0x10,0x0c,0x24,0x8d,0x39,0xf6,0xc2,0x01,0xff,
0xc9,0x00,0x00,
};
static const lv_font_fmt_txt_glyph_dsc_t glyphs_black_188[]={{0,0,0,0,0,0},
{.bitmap_index=0,.adv_w=1260,.box_w=71,.box_h=31,.ofs_x=4,.ofs_y=38},
{.bitmap_index=112,.adv_w=1724,.box_w=98,.box_h=133,.ofs_x=5,.ofs_y=-1},
{.bitmap_index=1263,.adv_w=1071,.box_w=58,.box_h=131,.ofs_x=4,.ofs_y=0},
{.bitmap_index=1679,.adv_w=1732,.box_w=98,.box_h=132,.ofs_x=5,.ofs_y=0},
{.bitmap_index=2830,.adv_w=1672,.box_w=97,.box_h=132,.ofs_x=3,.ofs_y=-1},
{.bitmap_index=4014,.adv_w=1928,.box_w=110,.box_h=131,.ofs_x=4,.ofs_y=0},
{.bitmap_index=4938,.adv_w=1670,.box_w=96,.box_h=132,.ofs_x=5,.ofs_y=-1},
{.bitmap_index=6004,.adv_w=1660,.box_w=95,.box_h=133,.ofs_x=5,.ofs_y=-1},
{.bitmap_index=7295,.adv_w=1537,.box_w=94,.box_h=131,.ofs_x=1,.ofs_y=0},
{.bitmap_index=8247,.adv_w=1672,.box_w=97,.box_h=133,.ofs_x=4,.ofs_y=-1},
{.bitmap_index=9698,.adv_w=1615,.box_w=95,.box_h=133,.ofs_x=1,.ofs_y=-1},
{.bitmap_index=10991,.adv_w=1146,.box_w=36,.box_h=95,.ofs_x=17,.ofs_y=0},
{.bitmap_index=11490,.adv_w=1122,.box_w=66,.box_h=65,.ofs_x=2,.ofs_y=86}};
static const uint16_t unicode_black_188[]={0,3,4,5,6,7,8,9,10,11,12,13,131};
static const lv_font_fmt_txt_cmap_t cmap_black_188[]={{.range_start=45,.range_length=132,.glyph_id_start=1,.unicode_list=unicode_black_188,.list_length=13,.type=LV_FONT_FMT_TXT_CMAP_SPARSE_TINY}};
static const lv_font_fmt_txt_dsc_t dsc_black_188={.glyph_bitmap=bitmap_black_188,.glyph_dsc=glyphs_black_188,.cmaps=cmap_black_188,.cmap_num=1,.bpp=4,.bitmap_format=LV_FONT_FMT_TXT_COMPRESSED};
const lv_font_t font_wf_black_188={.get_glyph_dsc=lv_font_get_glyph_dsc_fmt_txt,.get_glyph_bitmap=lv_font_get_bitmap_fmt_txt,.line_height=152,.base_line=1,.dsc=&dsc_black_188,.user_data=(void *)font_license};
static const uint8_t bitmap_semibold_14[]={
0x48,0x8c,0x38,0xef,0x8c,0x00,0x00,0x01,0xae,0xe4,0x88,0x02,0x95,0x10,0xd6,0x02,0x8d,0x54,0x55,0x01,0x07,0x80,0x34,0x08,
0x03,0xe1,0x00,0xff,0xe5,0x89,0x07,0x80,0x34,0x08,0x51,0xaa,0x8a,0xa0,0x05,0x2a,0x21,0xac,0x00,0x00,0x00,0x08,0xff,0x2b,
0x80,0x13,0x94,0x04,0x40,0x1f,0xfd,0x20,0x00,0x00,0x03,0xcf,0xe7,0x00,0xb4,0xd8,0xa1,0x81,0x06,0x65,0x83,0x40,0xea,0x80,
0x1c,0x74,0x40,0xc3,0x60,0x18,0xa4,0x9c,0x03,0x78,0x70,0x06,0xa2,0x83,0x00,0x99,0x54,0xe0,0x11,0x48,0x1c,0x44,0x0c,0x00,
0x67,0x78,0x00,0x00,0x00,0x4f,0xfe,0x96,0x77,0x84,0x00,0x51,0x0e,0x12,0x90,0x02,0x48,0xe0,0x05,0x00,0x06,0x00,0xbe,0xde,
0x14,0x00,0x69,0x21,0x89,0x22,0x01,0x18,0xb3,0x81,0x01,0x28,0xcc,0xbc,0x2c,0x30,0xd8,0x28,0xc0,0x00,0x00,0x00,0xbb,0x00,
0x39,0x46,0x80,0x3b,0x85,0x80,0x31,0x23,0x80,0x75,0x85,0x87,0xd0,0x01,0xd0,0x80,0x32,0x8b,0xcc,0x81,0xd0,0x80,0xd9,0x80,
0x46,0xff,0xf8,0x15,0xc0,0x3f,0xf8,0x80,0x00,0x00,0x4f,0xfe,0x80,0x02,0x3b,0xd8,0x00,0xe8,0x89,0x00,0x3f,0xbb,0xa8,0x00,
0x91,0x04,0xec,0xd5,0xd6,0x0e,0x94,0x20,0x00,0xd8,0xfa,0x00,0x49,0x8c,0xcf,0x3a,0x1c,0x1a,0x8c,0x50,0xa0,0x00,0x00,0x03,
0xcf,0xe7,0x00,0x69,0xb1,0xc2,0x98,0xc4,0xe0,0x63,0x81,0x00,0xec,0x00,0x3f,0xbe,0x84,0x00,0xa8,0x6e,0xc0,0x07,0xac,0x0a,
0x00,0x68,0x00,0x85,0x83,0x40,0x04,0xc4,0x6f,0x58,0x1c,0x1a,0x8a,0x50,0xa0,0x00,0x00,0xaf,0xfe,0x90,0x27,0x72,0x80,0xfc,
0x45,0xa1,0x8a,0xa0,0x05,0x8a,0x00,0x44,0x6e,0x01,0x94,0x34,0x03,0x58,0xa0,0x04,0x46,0xe0,0x19,0x43,0x40,0x35,0x0a,0x00,
0x44,0x47,0x00,0x80,0x00,0x00,0x02,0xbf,0xe6,0x00,0x7a,0x29,0xca,0x11,0x1e,0xb0,0x34,0x03,0xe2,0x37,0x9c,0x0a,0x04,0x06,
0x21,0x22,0x3a,0xf5,0x8c,0x38,0x78,0xa1,0x28,0x81,0x00,0x0d,0xd0,0x62,0x70,0x74,0x30,0xd8,0xa1,0x80,0x00,0x00,0x03,0xcf,
0xd5,0x00,0x69,0xb0,0x51,0xa8,0xcc,0xbc,0x2c,0x81,0x40,0x80,0x84,0x14,0x08,0x00,0xe1,0x13,0xe0,0x01,0xb3,0x67,0x00,0x9f,
0x7e,0x80,0x07,0x8e,0x02,0x00,0x31,0x89,0xc0,0xf0,0xd3,0x63,0x85,0x00,0x00,0x01,0x06,0xe5,0x30,0x15,0xf4,0x00,0xc2,0x0d,
0xca,0x60,0x20,0x00,0x00,0x02,0x85,0x02,0xd7,0xa6,0xb4,0xf8,0xb3,0xc0,0x43,0xc8,0x9e,0x46,0x68,0x6c,0x00,0x00,
};
static const lv_font_fmt_txt_glyph_dsc_t glyphs_semibold_14[]={{0,0,0,0,0,0},
{.bitmap_index=0,.adv_w=90,.box_w=6,.box_h=2,.ofs_x=0,.ofs_y=4},
{.bitmap_index=7,.adv_w=127,.box_w=8,.box_h=11,.ofs_x=0,.ofs_y=0},
{.bitmap_index=45,.adv_w=79,.box_w=4,.box_h=11,.ofs_x=0,.ofs_y=0},
{.bitmap_index=58,.adv_w=124,.box_w=8,.box_h=11,.ofs_x=0,.ofs_y=0},
{.bitmap_index=101,.adv_w=119,.box_w=7,.box_h=11,.ofs_x=0,.ofs_y=0},
{.bitmap_index=141,.adv_w=131,.box_w=8,.box_h=11,.ofs_x=0,.ofs_y=0},
{.bitmap_index=178,.adv_w=119,.box_w=7,.box_h=11,.ofs_x=0,.ofs_y=0},
{.bitmap_index=215,.adv_w=118,.box_w=7,.box_h=11,.ofs_x=0,.ofs_y=0},
{.bitmap_index=257,.adv_w=109,.box_w=7,.box_h=11,.ofs_x=0,.ofs_y=0},
{.bitmap_index=294,.adv_w=120,.box_w=7,.box_h=11,.ofs_x=0,.ofs_y=0},
{.bitmap_index=334,.adv_w=118,.box_w=7,.box_h=11,.ofs_x=0,.ofs_y=0},
{.bitmap_index=375,.adv_w=80,.box_w=3,.box_h=8,.ofs_x=1,.ofs_y=1},
{.bitmap_index=389,.adv_w=85,.box_w=5,.box_h=6,.ofs_x=0,.ofs_y=7}};
static const uint16_t unicode_semibold_14[]={0,3,4,5,6,7,8,9,10,11,12,13,131};
static const lv_font_fmt_txt_cmap_t cmap_semibold_14[]={{.range_start=45,.range_length=132,.glyph_id_start=1,.unicode_list=unicode_semibold_14,.list_length=13,.type=LV_FONT_FMT_TXT_CMAP_SPARSE_TINY}};
static const lv_font_fmt_txt_dsc_t dsc_semibold_14={.glyph_bitmap=bitmap_semibold_14,.glyph_dsc=glyphs_semibold_14,.cmaps=cmap_semibold_14,.cmap_num=1,.bpp=4,.bitmap_format=LV_FONT_FMT_TXT_COMPRESSED};
const lv_font_t font_wf_semibold_14={.get_glyph_dsc=lv_font_get_glyph_dsc_fmt_txt,.get_glyph_bitmap=lv_font_get_bitmap_fmt_txt,.line_height=13,.base_line=0,.dsc=&dsc_semibold_14,.user_data=(void *)font_license};
static const uint8_t bitmap_semibold_26[]={
0x1a,0xbb,0xf9,0x8d,0x51,0x3e,0xc0,0x0f,0xe3,0x00,0x00,0x00,0x9b,0x3b,0xfa,0xd0,0x03,0x0e,0x49,0x88,0x0a,0x5c,0x80,0x54,
0x60,0x02,0x41,0x00,0x33,0x81,0x20,0x02,0xb6,0xf9,0x80,0x12,0x0a,0x00,0x55,0x00,0x52,0x20,0x27,0xe0,0x0d,0x00,0xe5,0x00,
0x30,0x80,0x7e,0x10,0x0f,0xff,0xf8,0x07,0x84,0x03,0xf0,0x80,0x5c,0x00,0xd0,0x0e,0x50,0x03,0x20,0x01,0x54,0x01,0x48,0x80,
0x99,0x28,0x02,0xb6,0xf9,0x80,0x12,0x00,0xb3,0x00,0x12,0x08,0x01,0x9c,0x00,0x39,0x26,0x20,0x2b,0x72,0x00,0x00,0x00,0x01,
0x8f,0xf9,0x5b,0x9c,0x03,0x58,0x07,0x84,0xe0,0xc0,0x2c,0xc3,0xb0,0x07,0xff,0xfc,0x03,0xff,0x9c,0x00,0x00,0x00,0x0c,0x6f,
0xfb,0x1c,0x40,0x32,0x73,0x90,0x00,0xe3,0xc8,0x00,0x36,0x01,0x19,0x80,0x03,0xe0,0x09,0x00,0x0f,0x66,0x34,0x40,0x98,0x0c,
0x01,0x02,0x00,0x29,0x00,0x78,0x38,0x00,0x80,0x30,0x80,0x0c,0x3e,0xec,0x80,0x1b,0x40,0x1a,0x06,0x88,0x00,0xc8,0x80,0x02,
0x80,0x7c,0x34,0x00,0x62,0x00,0xfa,0x84,0x06,0x00,0x3e,0x84,0x00,0x50,0x80,0x79,0x9c,0x01,0x08,0x01,0xe3,0x90,0x03,0x38,
0x07,0x8b,0x40,0x09,0x20,0x1e,0x1f,0x10,0x2a,0x00,0xfb,0x48,0x07,0x04,0x03,0xd2,0x60,0x03,0xab,0xbe,0xa0,0x20,0x08,0x91,
0x3c,0xa2,0x20,0x0f,0xfe,0x00,0x00,0x00,0xaf,0xff,0xf2,0x08,0x07,0xfd,0x88,0x9e,0x00,0xe7,0xbb,0xec,0x00,0x91,0x00,0x1c,
0xf0,0x00,0x4b,0x00,0xe6,0x80,0x01,0xd8,0x07,0x34,0x80,0x0f,0x00,0x38,0x64,0x02,0x29,0x20,0x0c,0x2e,0x01,0x0b,0x61,0x00,
0x68,0x9f,0xe5,0x01,0xe0,0x0e,0x60,0x1a,0x10,0x32,0x00,0xfc,0x80,0x07,0x33,0x80,0x38,0xc0,0x05,0x99,0x08,0x06,0x30,0x00,
0x90,0x01,0x00,0x33,0x80,0x0a,0x80,0x10,0x20,0x06,0x20,0x02,0x38,0x81,0x75,0xec,0x80,0x20,0x01,0xa2,0x00,0x42,0x00,0x2b,
0x80,0x0f,0xdc,0x80,0x52,0xa8,0x00,0x00,0x00,0x00,0xe2,0xff,0x80,0x3f,0xd6,0x00,0x50,0x0f,0xf3,0x00,0x24,0x03,0xf9,0x80,
0x06,0x60,0x0f,0xeb,0x00,0x48,0x07,0xf2,0x10,0x0a,0x80,0x7f,0x78,0x02,0x40,0x3f,0x89,0x00,0x0c,0x00,0xaf,0xf2,0x80,0x56,
0x00,0x61,0x00,0xfc,0x2c,0x00,0xb0,0x0f,0xe6,0x00,0x21,0x00,0x7f,0x48,0x01,0x73,0x32,0x80,0x2e,0x80,0x40,0x02,0x67,0x80,
0x21,0x40,0x0f,0xfe,0x09,0x87,0xff,0xe5,0x00,0x56,0x80,0x7f,0xfb,0x00,0x00,0x00,0x9f,0xff,0xf0,0x98,0x07,0xff,0x08,0x91,
0x3c,0xa2,0x01,0x45,0xdf,0xa8,0x03,0xff,0xb8,0x53,0xbf,0xb2,0x20,0x1d,0x0c,0x40,0x4d,0xc6,0x01,0xe3,0x40,0x0b,0x40,0x30,
0xee,0x5e,0x88,0x0b,0x4c,0xda,0x40,0x02,0x60,0x06,0x1b,0x30,0xc0,0x36,0x80,0x04,0x91,0x02,0x01,0x8c,0x02,0xbb,0xa0,0x03,
0x78,0x00,0xb4,0x00,0xc6,0x00,0x36,0x00,0x62,0x18,0x03,0x33,0x00,0x0d,0x43,0x48,0x00,0x66,0x00,0x16,0x80,0x07,0x64,0xc4,
0x47,0x1a,0x20,0x00,0x00,0x00,0x0c,0xef,0xfb,0x1c,0x03,0x27,0x31,0x00,0x0e,0x34,0x40,0x6c,0x02,0x33,0x00,0x0b,0x41,0x80,
0x03,0xb9,0x8a,0x00,0x19,0x68,0x02,0x48,0x00,0xa6,0x00,0x60,0x08,0x80,0x34,0xbb,0x98,0x03,0xf2,0xc4,0x08,0x02,0x38,0xef,
0xe9,0x20,0x0e,0x97,0x10,0x16,0xd3,0x00,0xf1,0x98,0x02,0xd0,0x0e,0xdc,0xc6,0x88,0x0a,0x80,0x4c,0x40,0x02,0x60,0x06,0x00,
0x5e,0x01,0xb4,0x00,0x40,0x1f,0xf0,0x90,0x03,0xc0,0x36,0x80,0x0e,0xc0,0x0c,0x40,0x02,0x70,0x06,0x9a,0x00,0x37,0x31,0xa0,
0x03,0x40,0xa2,0x00,0x19,0x80,0x05,0xc0,0x01,0xd8,0x31,0x02,0x8c,0x20,0x00,0x00,0x4f,0xff,0xf8,0xc4,0x03,0xfe,0x70,0x09,
0x13,0xc0,0x13,0x80,0x53,0x77,0xa0,0x00,0x26,0x93,0x44,0x01,0xa8,0x00,0xe0,0x2c,0xa0,0x1c,0xc0,0x0a,0x00,0xfc,0xa0,0x02,
0x30,0x0f,0xdc,0x00,0xa0,0x0f,0xc2,0x80,0x05,0x00,0xfc,0xe0,0x03,0x20,0x0f,0xd4,0x00,0xa0,0x0f,0xc4,0x60,0x07,0x00,0xfd,
0x40,0x04,0x10,0x0f,0xcc,0x00,0xe0,0x0f,0xc6,0x20,0x05,0x00,0xfd,0x40,0x06,0x00,0xfe,0x60,0x06,0x80,0x7e,0x50,0x00,0xa0,
0x07,0xef,0x00,0x30,0x07,0x80,0x00,0x00,0x00,0x0c,0x6f,0xfb,0x1c,0x03,0x17,0xb9,0x00,0x0e,0x34,0x40,0x1e,0x20,0x04,0x30,
0x01,0x50,0x29,0x00,0xed,0xe5,0x80,0x10,0xb4,0x01,0x24,0x00,0x45,0x00,0x38,0x07,0xff,0x03,0x00,0x12,0x40,0x03,0x50,0x02,
0x20,0xc0,0x77,0x32,0x00,0x30,0x86,0x88,0x00,0xcc,0x00,0x39,0x00,0x48,0x80,0x78,0xd8,0x0d,0xc0,0x13,0xfd,0x00,0x09,0x1a,
0x00,0x3b,0x00,0xba,0x00,0x1d,0x40,0x18,0x01,0xb0,0x01,0xe2,0x01,0xf0,0x80,0x4c,0x00,0x30,0x0d,0xe0,0x01,0xc0,0x04,0x90,
0x00,0xd8,0x01,0x6c,0x20,0x3b,0x79,0x80,0x01,0x98,0x74,0x40,0x08,0x60,0x02,0xe0,0x01,0xfb,0x90,0x00,0xe3,0x48,0x00,0x00,
0x00,0x00,0x8a,0x77,0xfa,0xd0,0x03,0x97,0x58,0x80,0x52,0xe4,0x02,0x1a,0x00,0x0a,0x10,0x01,0x9c,0x01,0x00,0x03,0xeb,0xd9,
0x00,0x48,0x01,0x00,0x10,0x01,0x31,0x00,0x98,0x10,0x01,0x00,0x33,0x80,0x18,0x03,0xff,0x80,0x60,0x20,0x03,0x00,0xce,0x01,
0x90,0x01,0xe0,0x13,0x10,0x06,0x90,0x01,0xf5,0xec,0x80,0x71,0xc0,0x00,0x50,0x80,0x3e,0x7b,0x41,0x02,0x96,0x00,0xf2,0x5f,
0x7e,0xb0,0x07,0x24,0xc8,0xc0,0x3f,0xb5,0x99,0x60,0x18,0x80,0x06,0x1e,0x00,0x62,0x00,0x2a,0x00,0x18,0x1c,0x00,0x3b,0x79,
0x40,0x03,0x30,0x0d,0x80,0x48,0x60,0x02,0xd0,0x09,0x35,0x88,0x00,0x71,0xa2,0x00,0x00,0x00,0x09,0xfa,0x02,0x60,0x54,0x00,
0xe2,0x60,0x54,0x09,0xfa,0x00,0xff,0xe5,0x4f,0xd0,0x13,0x02,0xa0,0x07,0x13,0x02,0xa0,0x00,0x00,0x00,0x1d,0xff,0x51,0x00,
0x49,0x88,0x02,0xba,0x40,0x0a,0x07,0xed,0x50,0xe0,0x41,0x48,0x12,0xa1,0x31,0x20,0x10,0x0c,0x60,0x44,0x05,0x30,0x02,0x90,
0x12,0x08,0x66,0x54,0x08,0x21,0x40,0x03,0x30,0x0c,0x80,0x13,0x10,0x05,0x70,0x80,0x00,0x00,
};
static const lv_font_fmt_txt_glyph_dsc_t glyphs_semibold_26[]={{0,0,0,0,0,0},
{.bitmap_index=0,.adv_w=168,.box_w=10,.box_h=3,.ofs_x=0,.ofs_y=7},
{.bitmap_index=11,.adv_w=236,.box_w=13,.box_h=19,.ofs_x=1,.ofs_y=0},
{.bitmap_index=95,.adv_w=147,.box_w=7,.box_h=19,.ofs_x=1,.ofs_y=0},
{.bitmap_index=117,.adv_w=229,.box_w=13,.box_h=19,.ofs_x=1,.ofs_y=0},
{.bitmap_index=224,.adv_w=221,.box_w=12,.box_h=19,.ofs_x=1,.ofs_y=0},
{.bitmap_index=321,.adv_w=243,.box_w=14,.box_h=19,.ofs_x=0,.ofs_y=0},
{.bitmap_index=400,.adv_w=220,.box_w=12,.box_h=19,.ofs_x=1,.ofs_y=0},
{.bitmap_index=485,.adv_w=220,.box_w=12,.box_h=19,.ofs_x=1,.ofs_y=0},
{.bitmap_index=592,.adv_w=203,.box_w=13,.box_h=19,.ofs_x=0,.ofs_y=0},
{.bitmap_index=680,.adv_w=222,.box_w=12,.box_h=19,.ofs_x=1,.ofs_y=0},
{.bitmap_index=793,.adv_w=219,.box_w=13,.box_h=19,.ofs_x=0,.ofs_y=0},
{.bitmap_index=906,.adv_w=148,.box_w=5,.box_h=13,.ofs_x=2,.ofs_y=1},
{.bitmap_index=931,.adv_w=157,.box_w=10,.box_h=9,.ofs_x=0,.ofs_y=13}};
static const uint16_t unicode_semibold_26[]={0,3,4,5,6,7,8,9,10,11,12,13,131};
static const lv_font_fmt_txt_cmap_t cmap_semibold_26[]={{.range_start=45,.range_length=132,.glyph_id_start=1,.unicode_list=unicode_semibold_26,.list_length=13,.type=LV_FONT_FMT_TXT_CMAP_SPARSE_TINY}};
static const lv_font_fmt_txt_dsc_t dsc_semibold_26={.glyph_bitmap=bitmap_semibold_26,.glyph_dsc=glyphs_semibold_26,.cmaps=cmap_semibold_26,.cmap_num=1,.bpp=4,.bitmap_format=LV_FONT_FMT_TXT_COMPRESSED};
const lv_font_t font_wf_semibold_26={.get_glyph_dsc=lv_font_get_glyph_dsc_fmt_txt,.get_glyph_bitmap=lv_font_get_bitmap_fmt_txt,.line_height=22,.base_line=0,.dsc=&dsc_semibold_26,.user_data=(void *)font_license};
static const uint8_t bitmap_semibold_28[]={
0x1d,0xee,0xfc,0x80,0x42,0x3f,0x88,0x03,0xfc,0x60,0x00,0x00,0x00,0x8e,0xb7,0xfd,0xb2,0x40,0x1d,0x18,0xa4,0x00,0x26,0xd6,
0x00,0x9d,0xc0,0x1f,0xa5,0x40,0x12,0x00,0x2c,0xff,0x58,0x80,0x20,0x10,0x40,0x1e,0x60,0x04,0xa0,0x01,0x14,0x00,0x22,0x00,
0x64,0x00,0x9c,0x40,0x02,0x01,0xe1,0x00,0xff,0xff,0x80,0x7f,0xf3,0x84,0x00,0x20,0x1e,0x10,0x00,0x90,0x00,0x88,0x01,0x90,
0x02,0x64,0x10,0x07,0x98,0x01,0x28,0x00,0x44,0x08,0x00,0x16,0x7f,0xac,0x40,0x12,0x00,0x67,0x00,0xfd,0x28,0x01,0x46,0x29,
0x00,0x09,0xb5,0x80,0x00,0x00,0x00,0x00,0x36,0xff,0xb9,0x36,0x48,0x02,0xf2,0x00,0xf9,0x14,0x02,0x9f,0xbf,0x00,0x88,0x03,
0xff,0xfe,0x01,0xff,0xcd,0x10,0x08,0x00,0x00,0x00,0x9a,0xfb,0xfa,0xd4,0x03,0x87,0x65,0x04,0x05,0x2b,0x04,0x02,0xc2,0x00,
0x84,0x02,0x3a,0x00,0x29,0x00,0x1b,0xfb,0x8c,0x00,0x44,0x06,0x00,0x0a,0x40,0x03,0x24,0x00,0xc0,0x30,0x02,0x00,0x73,0x80,
0x04,0x31,0x55,0x80,0x1c,0xe0,0x01,0x06,0xaa,0x28,0x06,0x52,0x00,0x58,0x07,0xe1,0xb0,0x02,0x18,0x07,0xea,0x10,0x04,0x00,
0x7e,0x84,0x00,0x41,0x80,0x7c,0xce,0x00,0x57,0x00,0xf9,0x24,0x00,0x74,0x01,0xf1,0x58,0x00,0xb4,0x03,0xe1,0xc0,0x00,0xf8,
0x80,0x7d,0x82,0x00,0xd2,0x00,0xfa,0xc8,0x01,0x66,0x01,0xf4,0x20,0x05,0x5d,0xde,0xd1,0x10,0x06,0x11,0xf8,0x80,0x40,0x3f,
0xf8,0x20,0x00,0x00,0x8f,0xff,0xf8,0xc4,0x03,0xfe,0x7e,0x11,0xf8,0x03,0x3b,0xbb,0xbc,0x80,0x11,0x98,0x03,0xd4,0xa0,0x03,
0xc0,0x0f,0x52,0x80,0x0f,0x00,0x3d,0x4a,0x00,0x3c,0x00,0xf5,0x28,0x04,0x84,0x01,0xe2,0x00,0xcf,0xae,0x01,0xd0,0x6b,0x28,
0x00,0x85,0x00,0xec,0xa6,0xb6,0x00,0x58,0x07,0xf4,0x00,0x04,0xc0,0x3f,0x08,0x80,0x0c,0xf3,0x23,0x00,0xe3,0x00,0x1d,0x33,
0x10,0x03,0x88,0x00,0x6e,0x00,0xb0,0x0c,0x80,0x13,0xf0,0x00,0xe0,0x00,0x52,0x00,0x22,0x22,0x00,0x0f,0xfd,0xa4,0x00,0x90,
0x05,0x98,0x04,0x20,0x14,0xa0,0x05,0x92,0x60,0x02,0x6d,0x60,0x00,0x00,0x00,0x00,0xea,0xff,0x58,0x07,0xf0,0xa8,0x03,0x80,
0x3f,0xa4,0x00,0x2a,0x01,0xfc,0xc0,0x09,0x00,0xfe,0x61,0x00,0x30,0x07,0xf5,0x80,0x18,0x40,0x3f,0x21,0x00,0x2c,0x03,0xfb,
0xc0,0x08,0x40,0x0e,0xff,0x20,0x00,0x90,0x01,0xe0,0x10,0x80,0x75,0x80,0x09,0x00,0x3f,0x0b,0x00,0x2c,0x03,0xf9,0x80,0x26,
0x00,0xfe,0xa0,0x0b,0xff,0x80,0x2b,0xe2,0x00,0xff,0xe0,0x09,0x88,0xfe,0x00,0x84,0xf3,0xbb,0xf0,0x05,0x58,0x01,0xff,0xe7,
0x10,0x0c,0x00,0x00,0x8f,0xff,0xf8,0x03,0xff,0x8c,0x23,0xf1,0x00,0x64,0xee,0xfb,0x40,0x3f,0xf8,0xa2,0x01,0xff,0xce,0x5c,
0xff,0x6b,0x80,0x79,0x68,0xc0,0x05,0x1a,0x20,0x1f,0x08,0x04,0x54,0x01,0xcb,0xdc,0xf6,0x00,0x21,0xf1,0x99,0x68,0x40,0x12,
0x20,0x0b,0x6c,0xc5,0x00,0x72,0x80,0x08,0x03,0xf8,0x80,0x02,0xb7,0x68,0x00,0xe2,0x00,0x08,0x22,0x1c,0x40,0x21,0x40,0x01,
0x20,0x05,0xa2,0x03,0x40,0x15,0x0c,0x00,0x0f,0xba,0x40,0x03,0x10,0x3b,0x80,0x21,0x00,0x96,0x40,0x28,0xb5,0x10,0x14,0xaa,
0x00,0x00,0x00,0x00,0x00,0x9a,0xfb,0xfa,0xd4,0x03,0x0e,0xca,0x08,0x0a,0x55,0x80,0x58,0x40,0x10,0x80,0x49,0x20,0x84,0x00,
0x6f,0xee,0x20,0x01,0x87,0x00,0x05,0x20,0x01,0xa0,0x08,0x84,0x00,0xe0,0x18,0x59,0xa1,0x00,0xfe,0x99,0x88,0x03,0x26,0x7f,
0xb5,0xc0,0x3c,0xb6,0x60,0x02,0x8d,0x10,0x0f,0x84,0x02,0x2a,0x00,0xe4,0xee,0x94,0x00,0x86,0x01,0xa8,0x40,0x68,0x40,0x16,
0x01,0x18,0x80,0x64,0x00,0x10,0x04,0xe0,0x1c,0x40,0x01,0x10,0x01,0xc0,0x38,0x80,0x03,0xa0,0x03,0x10,0x0c,0x80,0x0d,0x40,
0x0a,0x84,0x06,0x84,0x00,0xa3,0x00,0x04,0xee,0x94,0x00,0xc4,0x0e,0xc0,0x10,0x80,0x4b,0x20,0x14,0xda,0x90,0x0a,0x55,0x00,
0x00,0x00,0x00,0x3f,0xff,0xfe,0x01,0x38,0x07,0xff,0x00,0x40,0x30,0x8f,0x80,0x21,0x00,0xa7,0xbb,0xa4,0x00,0x24,0xcc,0x55,
0x00,0x75,0x00,0x1c,0x0a,0x68,0xc0,0x31,0x90,0x02,0x80,0x3f,0xa8,0x00,0x46,0x01,0xfc,0xc0,0x0a,0x00,0xfe,0x50,0x09,0x80,
0x3f,0xb8,0x00,0x82,0x01,0xf8,0x50,0x01,0xc0,0x1f,0xcc,0x01,0x28,0x07,0xf5,0x00,0x18,0x03,0xf8,0xc8,0x01,0x40,0x1f,0xd4,
0x00,0x23,0x00,0xfe,0x70,0x05,0x00,0x7f,0x28,0x80,0x14,0x03,0xfb,0x80,0x06,0x40,0x1f,0x85,0x00,0x14,0x01,0xfc,0xe0,0x13,
0x00,0x78,0x00,0x00,0x00,0x96,0xfb,0xfa,0xd0,0x03,0xaa,0x88,0x20,0x29,0x74,0x01,0x4a,0x80,0x42,0x01,0x2b,0x80,0xb0,0x01,
0x7b,0xa3,0x00,0x48,0x38,0x00,0x68,0x40,0x70,0x00,0x26,0x20,0x02,0x00,0xe1,0x00,0x31,0x00,0x0c,0x03,0x08,0x80,0x0c,0xa0,
0x15,0x90,0x1e,0x80,0x08,0xc2,0x40,0x09,0xbf,0x86,0x00,0x90,0x03,0x20,0x07,0xcc,0x80,0x08,0x40,0x08,0x40,0x26,0x70,0x27,
0x00,0x37,0xf7,0xb0,0x02,0x06,0x80,0x05,0x20,0x14,0x88,0x01,0xcc,0x00,0x80,0x1c,0xa0,0x0f,0x00,0xff,0xe0,0x90,0x01,0x00,
0x39,0x40,0x1d,0xa0,0x02,0x90,0x00,0xd0,0x80,0x15,0x0c,0x00,0xdf,0xdc,0x50,0x02,0x90,0x69,0x80,0x42,0x01,0x25,0x00,0x07,
0x25,0x04,0x05,0x2a,0xc0,0x00,0x00,0x00,0x00,0x0b,0xe7,0x7e,0xc9,0x00,0x63,0xf8,0x31,0x02,0x6d,0x50,0x0b,0x44,0x02,0x10,
0x0a,0x90,0x1c,0x40,0x13,0xfd,0xa6,0x00,0x80,0xb0,0x03,0x30,0x00,0x5c,0x00,0x32,0x20,0x03,0x00,0x31,0x08,0x01,0x80,0x3f,
0x84,0x00,0x26,0x00,0xc0,0x0c,0x60,0x19,0x40,0x0c,0xc0,0x01,0x70,0x06,0xa0,0x0a,0x7f,0xb4,0x80,0x31,0x50,0x06,0x10,0x0f,
0x97,0x58,0x80,0x57,0x44,0x03,0x8a,0x77,0xfa,0x88,0x03,0x0a,0x20,0x80,0x3f,0x9a,0xed,0xc0,0x1c,0x20,0x10,0x80,0x0c,0x40,
0x23,0x00,0x85,0x00,0x2a,0x10,0x2e,0x00,0x94,0x90,0x00,0x9d,0xcd,0x20,0x03,0x08,0x51,0x80,0x42,0x01,0x24,0x80,0x07,0x25,
0x04,0x05,0x2a,0xc0,0x00,0x00,0x00,0x05,0xee,0x18,0x50,0x8b,0xc0,0x3d,0x42,0x5e,0x0b,0xda,0x60,0x1f,0xfc,0x95,0xee,0x18,
0x50,0x8b,0xc0,0x3d,0x42,0x5e,0x00,0x00,0x00,0x0c,0xf7,0xe2,0x80,0x43,0xec,0x20,0x75,0x20,0x0a,0x11,0x56,0x30,0x32,0x12,
0x06,0xa9,0xca,0x87,0xb8,0x11,0x80,0x5c,0x0a,0x01,0xfc,0x6e,0x04,0x60,0x17,0x03,0x12,0x06,0xa9,0xc2,0x87,0x85,0x08,0xab,
0x1c,0x1d,0x00,0x7d,0x84,0x0e,0xa0,0x00,0x00,0x00,
};
static const lv_font_fmt_txt_glyph_dsc_t glyphs_semibold_28[]={{0,0,0,0,0,0},
{.bitmap_index=0,.adv_w=181,.box_w=11,.box_h=3,.ofs_x=0,.ofs_y=7},
{.bitmap_index=12,.adv_w=254,.box_w=14,.box_h=20,.ofs_x=1,.ofs_y=0},
{.bitmap_index=103,.adv_w=158,.box_w=7,.box_h=20,.ofs_x=1,.ofs_y=0},
{.bitmap_index=129,.adv_w=247,.box_w=14,.box_h=20,.ofs_x=1,.ofs_y=0},
{.bitmap_index=244,.adv_w=238,.box_w=13,.box_h=20,.ofs_x=1,.ofs_y=0},
{.bitmap_index=351,.adv_w=262,.box_w=14,.box_h=20,.ofs_x=1,.ofs_y=0},
{.bitmap_index=436,.adv_w=238,.box_w=13,.box_h=20,.ofs_x=1,.ofs_y=0},
{.bitmap_index=532,.adv_w=237,.box_w=13,.box_h=20,.ofs_x=1,.ofs_y=0},
{.bitmap_index=651,.adv_w=219,.box_w=14,.box_h=20,.ofs_x=0,.ofs_y=0},
{.bitmap_index=748,.adv_w=239,.box_w=13,.box_h=20,.ofs_x=1,.ofs_y=0},
{.bitmap_index=872,.adv_w=236,.box_w=13,.box_h=20,.ofs_x=1,.ofs_y=0},
{.bitmap_index=991,.adv_w=159,.box_w=5,.box_h=13,.ofs_x=2,.ofs_y=1},
{.bitmap_index=1016,.adv_w=169,.box_w=10,.box_h=10,.ofs_x=0,.ofs_y=14}};
static const uint16_t unicode_semibold_28[]={0,3,4,5,6,7,8,9,10,11,12,13,131};
static const lv_font_fmt_txt_cmap_t cmap_semibold_28[]={{.range_start=45,.range_length=132,.glyph_id_start=1,.unicode_list=unicode_semibold_28,.list_length=13,.type=LV_FONT_FMT_TXT_CMAP_SPARSE_TINY}};
static const lv_font_fmt_txt_dsc_t dsc_semibold_28={.glyph_bitmap=bitmap_semibold_28,.glyph_dsc=glyphs_semibold_28,.cmaps=cmap_semibold_28,.cmap_num=1,.bpp=4,.bitmap_format=LV_FONT_FMT_TXT_COMPRESSED};
const lv_font_t font_wf_semibold_28={.get_glyph_dsc=lv_font_get_glyph_dsc_fmt_txt,.get_glyph_bitmap=lv_font_get_bitmap_fmt_txt,.line_height=24,.base_line=0,.dsc=&dsc_semibold_28,.user_data=(void *)font_license};
static const uint8_t bitmap_semibold_52[]={
0x02,0x33,0xff,0xe1,0x90,0x26,0xe6,0x7f,0xf0,0xf5,0x04,0x03,0xff,0xd8,0xc0,0x1f,0xfc,0x57,0x00,0x00,0x00,0xf8,0x9a,0xb7,
0xbf,0xdb,0x90,0x80,0x1f,0xfc,0x02,0xad,0x95,0x21,0x00,0x11,0xbd,0xeb,0x00,0x7f,0x36,0xa8,0x07,0xfc,0x53,0x62,0x01,0xe7,
0x90,0x0f,0xfe,0x1a,0x60,0x80,0x64,0x80,0x0f,0xfe,0x29,0x68,0x06,0x90,0x0f,0x0b,0xd6,0x5c,0x98,0x07,0x8d,0x40,0x0a,0x40,
0x1c,0x9f,0x0a,0x68,0xd9,0x40,0x1e,0x80,0x07,0x80,0x71,0xd8,0x80,0x79,0x68,0x03,0x88,0x80,0x80,0x1d,0x00,0x1f,0xca,0x60,
0x1c,0xa0,0x20,0x1c,0x80,0x1f,0xeb,0x00,0xef,0x10,0x0e,0x10,0x0f,0xf8,0x40,0x38,0x8c,0x03,0xff,0x8a,0x60,0x1f,0xff,0xf0,
0x0f,0xff,0xf8,0x07,0xff,0xfc,0x03,0xff,0xfe,0x01,0xff,0xd3,0x30,0x0f,0xfe,0x29,0x80,0x78,0x40,0x38,0x40,0x3f,0xe1,0x00,
0xe2,0x01,0x00,0xe4,0x00,0xff,0x58,0x07,0x70,0x20,0x07,0x40,0x07,0xf2,0x98,0x07,0x20,0x78,0x07,0x1d,0x80,0x7c,0x94,0x01,
0xc4,0x40,0x52,0x00,0xe4,0xe8,0x43,0x46,0xbb,0x00,0x7a,0x00,0x29,0x00,0xf0,0xbd,0xe5,0xca,0x00,0x79,0x14,0x02,0x49,0x00,
0xff,0xe2,0x95,0x80,0x73,0x50,0x07,0xff,0x0d,0x30,0x03,0xe5,0xd5,0x00,0xff,0x8a,0x6c,0x40,0x3f,0x15,0x74,0xa9,0x08,0x00,
0x4d,0xef,0x58,0x03,0x80,0x00,0x00,0x00,0xe6,0xdf,0xfe,0x90,0x09,0xba,0x48,0x03,0x88,0x1b,0xa4,0x40,0x3f,0x4c,0x84,0x03,
0xfc,0x60,0x1f,0xfc,0xd3,0x00,0x96,0xa4,0x03,0xd8,0xd7,0xf4,0xa6,0x01,0xe5,0x94,0x00,0xff,0xff,0x80,0x7f,0xff,0xc0,0x3f,
0xff,0xe0,0x1f,0xff,0xf0,0x0f,0xff,0x53,0x00,0x71,0x00,0x00,0x00,0x00,0xf9,0x67,0x3b,0xfd,0xd9,0x28,0x01,0xff,0xc0,0x18,
0xfa,0x63,0x10,0x00,0x9b,0x5f,0x30,0x07,0xf1,0xfb,0x80,0x7f,0xc3,0x38,0x20,0x1e,0x4c,0x10,0x0f,0xfe,0x11,0xe0,0x80,0x61,
0xb0,0x0f,0xfe,0x29,0x50,0x06,0xb0,0x0f,0x96,0xb2,0xe5,0x00,0x3c,0x8a,0x00,0x15,0x00,0xe1,0xda,0x53,0x46,0xba,0x00,0xf4,
0x80,0x10,0x03,0xda,0x40,0x1e,0x59,0x00,0xe3,0x10,0x20,0x0e,0x33,0x00,0x7e,0x61,0x00,0xe5,0x0f,0x00,0xe5,0x00,0xff,0x28,
0x07,0x08,0x08,0x07,0x08,0x07,0xf9,0xc0,0x3e,0xf1,0x00,0x87,0x80,0x3f,0xc6,0x01,0xce,0x0d,0xdf,0xf7,0x30,0x07,0xf3,0x80,
0x70,0x90,0x07,0xff,0x10,0x64,0x03,0x9c,0x03,0xff,0x8b,0x62,0x01,0xd6,0x01,0xff,0xc4,0x55,0x00,0x73,0x10,0x07,0xff,0x0c,
0xa8,0x03,0x86,0x00,0x3f,0xf8,0x63,0xe0,0x1e,0xb1,0x00,0xff,0xe1,0xe9,0x00,0x73,0x28,0x07,0xff,0x0e,0x8c,0x03,0x8e,0x40,
0x3f,0xf8,0x72,0xa0,0x1c,0x3a,0x01,0xff,0xc3,0x76,0x00,0xf6,0x08,0x07,0xff,0x09,0x60,0x03,0xd6,0x40,0x1f,0xfc,0x23,0xa0,
0x0f,0x52,0x00,0x7f,0xf0,0x8b,0x40,0x3d,0x0a,0x01,0xff,0xc2,0x1c,0x10,0x0e,0x77,0x00,0x7f,0xf0,0x87,0x04,0x03,0x9a,0x00,
0x3f,0xf8,0x7a,0x40,0x1c,0xb2,0x01,0xff,0xc3,0xb3,0x00,0xe4,0xa0,0x0f,0xfe,0x1d,0x20,0x07,0x1d,0x80,0x7f,0xf0,0xe9,0x40,
0x38,0x60,0xcf,0xff,0x82,0x40,0xaa,0x00,0xf0,0xde,0x67,0xff,0x07,0x48,0xc0,0x3f,0xf9,0x62,0x01,0xff,0xe6,0x20,0x0f,0xfe,
0x58,0x80,0x00,0x00,0x4f,0xff,0xfe,0x4b,0x90,0x07,0xff,0x27,0x80,0x3f,0xfc,0x46,0x01,0xff,0xca,0x5c,0xcf,0xfe,0x09,0x00,
0x7d,0xc0,0x67,0xff,0xc0,0x92,0x00,0xf3,0x38,0x07,0xff,0x02,0xd4,0x03,0xcd,0x20,0x1f,0xfc,0x0b,0x40,0x0f,0x34,0x80,0x7f,
0xf0,0x31,0x00,0x3c,0xd2,0x01,0xff,0x0e,0x18,0x07,0x9a,0x40,0x3f,0xe1,0xc3,0x00,0xf3,0x48,0x07,0xfc,0x38,0x40,0x1e,0x69,
0x00,0xff,0x87,0x08,0x03,0xec,0x10,0x0f,0xf8,0x88,0x01,0xfa,0xbb,0x0c,0x03,0xf8,0xd8,0x03,0xfc,0x79,0x00,0x1f,0xd2,0x60,
0x1f,0xf3,0xc0,0x07,0xf7,0x02,0x6f,0xf5,0x10,0x07,0x39,0x80,0x7e,0x2f,0xb2,0x01,0x5d,0x30,0x0e,0xf0,0x0f,0xfe,0x26,0x80,
0x71,0x98,0x03,0xff,0x86,0x2a,0x01,0xc8,0x01,0xff,0xc4,0xc0,0x0e,0xc0,0x0f,0xfe,0x21,0x00,0x73,0x00,0x7f,0xf1,0x18,0x03,
0x8e,0xf7,0x78,0x03,0xff,0x8a,0xa4,0x5c,0x60,0x1f,0xc2,0x01,0xc6,0x40,0x1c,0xa0,0x1f,0xca,0x01,0xc2,0xc0,0x1d,0xa0,0x1f,
0xda,0x01,0xcb,0xe0,0x1c,0x86,0x01,0xf1,0xa0,0x07,0x6a,0x88,0x07,0x69,0x00,0x71,0x68,0x07,0x90,0x24,0x03,0x87,0x65,0x4d,
0x67,0x44,0x03,0x9c,0x00,0xe4,0x01,0xe6,0xac,0xa6,0x00,0xf1,0x40,0x05,0xe2,0x01,0xff,0xc4,0xe0,0x0c,0x58,0x40,0x1f,0xfc,
0x11,0xc3,0x00,0xe2,0xd7,0x00,0xff,0x9b,0xcc,0x03,0xf4,0x7c,0xa9,0x00,0x44,0xb3,0xd2,0x20,0x18,0x00,0x00,0x00,0xff,0x0f,
0x7f,0xf1,0x80,0x7f,0xf1,0xe4,0x40,0x31,0x18,0x07,0xff,0x1d,0xc0,0x3a,0xc0,0x3f,0xf8,0xee,0x01,0xc2,0xc0,0x1f,0xfc,0x79,
0x00,0xe9,0x00,0xff,0xe3,0xb0,0x80,0x73,0x00,0x7f,0xf1,0xec,0x03,0x98,0x40,0x3f,0xf8,0xca,0x40,0x1d,0x60,0x1f,0xfc,0x79,
0x00,0xe5,0x20,0x0f,0xfe,0x31,0x98,0x03,0xa0,0x03,0xff,0x8f,0x00,0x1c,0x84,0x01,0xff,0xc6,0x24,0x00,0xef,0x00,0xff,0xe3,
0xc0,0x07,0x1a,0x00,0x7f,0xf1,0x85,0x40,0x3a,0x40,0x38,0xff,0xfa,0x40,0x3e,0x90,0x0e,0x25,0x00,0xe6,0x00,0xe2,0x00,0xf0,
0xb8,0x07,0x58,0x07,0xff,0x1d,0x80,0x38,0x58,0x03,0xff,0x8f,0x20,0x1d,0x20,0x1f,0xfc,0x76,0x10,0x0e,0x60,0x0f,0xfe,0x3d,
0x80,0x73,0x88,0x07,0xff,0x19,0x48,0x03,0xa4,0x03,0xff,0x8f,0x20,0x1e,0xef,0xff,0xd4,0x01,0xc9,0xfe,0xa0,0x30,0x0f,0xfe,
0x63,0x00,0x7f,0xff,0xc0,0x39,0xc3,0x73,0x3f,0xf8,0x70,0x01,0xc7,0x98,0xa0,0x23,0x3f,0xfe,0x19,0x00,0x73,0x99,0x84,0x03,
0xff,0xfe,0x01,0xff,0xff,0x00,0xff,0xf6,0x30,0x07,0x10,0x04,0x00,0x00,0x3f,0xff,0xfe,0x48,0x83,0x80,0x7f,0xf2,0x48,0x03,
0xff,0xf6,0x20,0x1f,0x16,0x67,0xff,0x0b,0x48,0x03,0xe6,0x33,0xff,0xe1,0x10,0x07,0xff,0xfc,0x03,0xff,0xdc,0x24,0x41,0x00,
0xff,0xe2,0xa5,0x77,0x37,0x5d,0xca,0x40,0x0f,0xfe,0x03,0xd5,0xa8,0x80,0x61,0x5b,0xc2,0x00,0xff,0x1a,0x80,0x7f,0x8f,0x50,
0x03,0xff,0x97,0x66,0x01,0xff,0xcb,0xe0,0x0f,0xf9,0xb3,0xbf,0x5c,0x40,0x38,0x98,0x03,0xf0,0xec,0x98,0x81,0x46,0x08,0x07,
0x50,0x07,0xea,0x20,0x0f,0x14,0x00,0x71,0x82,0x5d,0x56,0xb4,0x00,0xfc,0xc0,0x1e,0x40,0x45,0x5c,0x80,0x1f,0xe3,0x00,0xe2,
0x00,0xff,0xe2,0xb0,0x07,0x08,0x07,0xff,0x2f,0xc0,0x8b,0x84,0x03,0xfc,0x20,0x1d,0xe9,0xbb,0xde,0x01,0xfe,0x50,0x0e,0x26,
0x00,0xe1,0x40,0x0f,0xc8,0x20,0x1c,0xe4,0x40,0x0e,0x80,0x0f,0xde,0x01,0xe2,0x0a,0x00,0xe3,0x90,0x0f,0x4a,0x00,0x73,0x00,
0x18,0x03,0xcd,0xac,0x88,0x7d,0x60,0x0f,0x58,0x00,0x64,0x03,0xc5,0x37,0x68,0x20,0x0f,0x39,0x00,0x4c,0xc0,0x0f,0xfe,0x22,
0xc0,0x07,0x4b,0x80,0x7f,0xf0,0x9a,0x80,0x3e,0x8c,0x30,0x0f,0xf1,0x5c,0x80,0x7f,0x1e,0x61,0xcc,0x40,0x02,0x6f,0x9a,0x80,
0x1c,0x00,0x00,0x00,0xf0,0xb5,0x6f,0xfd,0xd9,0x08,0x01,0xff,0x0c,0xf4,0xa9,0x00,0x42,0x6f,0x7a,0xa0,0x1f,0x93,0xd8,0x03,
0xfe,0x2a,0xa0,0x07,0x92,0xc4,0x03,0xff,0x84,0xb6,0x01,0x86,0xc0,0x3f,0xf8,0xa8,0xe0,0x14,0x00,0x7c,0xb5,0x97,0x04,0x01,
0xe8,0x00,0x98,0x03,0x87,0x29,0x4d,0x1f,0x54,0x03,0xca,0x06,0x01,0xea,0x30,0x0f,0x51,0x00,0x76,0x83,0x80,0x71,0x20,0x07,
0xe5,0x00,0xe2,0x01,0x00,0xe6,0x00,0xfe,0xd0,0x0e,0x30,0x0f,0xfe,0x2a,0xe6,0x74,0x00,0x7f,0xf1,0x8c,0xf8,0x40,0x3f,0xf8,
0x02,0x44,0x10,0x0f,0xfe,0x29,0x4f,0x73,0x75,0xdf,0x6a,0x01,0xff,0xc1,0x6d,0x61,0x00,0xe4,0xad,0x30,0x0f,0xf2,0x48,0x07,
0xf8,0xb1,0x00,0x3f,0xf9,0x76,0x60,0x1f,0xfc,0xbe,0x00,0xff,0x9b,0x3f,0xd8,0xe0,0x1e,0x26,0x00,0xfe,0xb9,0x30,0x01,0xc6,
0x00,0x7a,0x80,0x3f,0x3a,0x00,0x78,0xe0,0x03,0x8c,0x40,0x3e,0xa0,0x0f,0xcc,0x01,0xe5,0x00,0xf0,0x90,0x07,0xe1,0x30,0x0e,
0x20,0x0f,0x10,0x07,0xf9,0x80,0x38,0x40,0x3c,0xe0,0x1f,0xe3,0x00,0xf0,0x80,0x73,0x80,0x7f,0x8c,0x03,0x85,0xc0,0x38,0x80,
0x3f,0xcc,0x01,0xc6,0x60,0x0e,0x13,0x00,0xfc,0x46,0x01,0xce,0x06,0x01,0xd2,0x01,0xfa,0x00,0x38,0x48,0x2c,0x03,0x95,0xc0,
0x3c,0xea,0x01,0xcc,0x00,0x70,0x0f,0x46,0x32,0x21,0xb2,0x00,0x3d,0x20,0x14,0x80,0x78,0xe6,0xed,0x26,0x01,0xe8,0x10,0x09,
0x98,0x01,0xff,0xc4,0x47,0x00,0xe9,0x60,0x0f,0xfe,0x12,0xd8,0x07,0xd3,0x64,0x01,0xfe,0x2a,0xa0,0x07,0xf2,0x6e,0x39,0x88,
0x00,0x4d,0xaf,0x54,0x03,0x80,0x00,0x00,0x8f,0xff,0xfe,0x52,0x90,0x07,0xff,0x28,0x80,0x3f,0xff,0xe0,0x08,0xcc,0xff,0x58,
0x07,0x88,0x03,0x88,0xcf,0xfc,0x40,0x1e,0x50,0x0f,0xfe,0x25,0x00,0x73,0x04,0x4c,0xe5,0x00,0xfe,0x23,0x00,0xea,0x02,0x66,
0xc0,0x1f,0xea,0x00,0xe2,0x30,0x0f,0xfe,0x23,0x00,0x75,0x00,0x7f,0xf1,0x14,0x40,0x39,0x80,0x3f,0xf8,0x9c,0x01,0xc8,0x20,
0x1f,0xfc,0x31,0x40,0x0e,0xf0,0x0f,0xfe,0x23,0x00,0x70,0xa0,0x07,0xff,0x12,0x80,0x39,0x80,0x3f,0xf8,0x88,0x40,0x1d,0x40,
0x1f,0xfc,0x4e,0x00,0xe3,0x20,0x0f,0xfe,0x22,0x80,0x75,0x00,0x7f,0xf1,0x18,0x03,0xcc,0x01,0xff,0xc4,0xa0,0x0e,0x50,0x0f,
0xfe,0x21,0x18,0x07,0x48,0x07,0xff,0x12,0xc0,0x38,0x8c,0x03,0xff,0x88,0xe0,0x1d,0x40,0x1f,0xfc,0x45,0x10,0x0e,0x60,0x0f,
0xfe,0x27,0x00,0x72,0x08,0x07,0xff,0x0c,0x50,0x03,0xb8,0x03,0xff,0x89,0x20,0x1c,0x2a,0x01,0xff,0xc4,0x60,0x0e,0x70,0x0f,
0xfe,0x22,0x08,0x07,0x58,0x07,0xff,0x13,0x80,0x38,0xc8,0x03,0xff,0x86,0x2a,0x01,0xd4,0x01,0xff,0xc4,0x70,0x0f,0x38,0x07,
0xff,0x12,0xc0,0x39,0x44,0x03,0xff,0x86,0x64,0x01,0xdc,0x01,0xff,0xc4,0x40,0x0e,0x24,0x00,0xff,0x80,0x00,0x00,0x00,0xf9,
0x67,0x3b,0xfd,0xd9,0x28,0x01,0xff,0xc0,0x6e,0xa6,0x31,0x00,0x09,0xb5,0xea,0x00,0x7e,0x1c,0x91,0x00,0xff,0x15,0xc8,0x07,
0x87,0x0c,0x03,0xff,0x84,0xd2,0x01,0xd4,0x40,0x1f,0xfc,0x46,0x60,0x04,0x88,0x00,0xf2,0xd6,0x5c,0x10,0x07,0xa0,0x02,0xf0,
0x0f,0x5d,0x29,0xa3,0xeb,0x80,0x70,0xa8,0x01,0x00,0x3a,0x50,0x03,0xd0,0x80,0x1d,0x80,0x40,0x1e,0x60,0x0f,0xde,0x01,0xc4,
0x01,0xf1,0x00,0x7f,0x30,0x07,0x38,0x18,0x07,0x18,0x07,0xf3,0x00,0x73,0x00,0x90,0x06,0x14,0x00,0xfd,0xa0,0x1d,0xa0,0x0b,
0x00,0xe9,0x10,0x0f,0x23,0x00,0x73,0x00,0x18,0x80,0x31,0x7b,0x10,0x00,0xe6,0xc0,0x39,0xc4,0x02,0xf1,0x00,0xc3,0x3b,0xfe,
0xc6,0x00,0xe5,0x80,0x0c,0x58,0x40,0x1f,0xfc,0x27,0xa0,0x0f,0x84,0x03,0xff,0x92,0x78,0x60,0x1f,0xfc,0x27,0xa0,0x0e,0xe1,
0x00,0xe8,0xdf,0xec,0x60,0x0e,0x58,0x00,0x9c,0x80,0x30,0xeb,0x90,0x09,0xcd,0x00,0x73,0x88,0x02,0x40,0x3a,0x88,0x03,0xca,
0xc0,0x1d,0x20,0x62,0x01,0x89,0x00,0x3f,0x58,0x07,0x28,0x20,0x07,0x38,0x07,0xf1,0x08,0x06,0x21,0xd0,0x0e,0x20,0x0f,0xf1,
0x00,0x71,0x08,0x07,0x78,0x07,0xff,0x11,0xc0,0x3d,0xc0,0x1f,0xe1,0x00,0xf1,0x00,0x71,0x00,0x7f,0x88,0x03,0x9f,0x80,0x39,
0x04,0x03,0xf2,0x00,0x78,0x94,0x03,0xcc,0x01,0xfa,0x00,0x38,0x84,0x88,0x01,0xd0,0xa0,0x1e,0x93,0x00,0xea,0x00,0x40,0x07,
0xaa,0xd4,0xd1,0xb5,0x80,0x3c,0xc0,0x05,0x30,0x0f,0x25,0x65,0xc9,0x00,0x7a,0x04,0x02,0xd1,0x00,0xff,0xe2,0x2b,0x80,0x61,
0xc2,0x00,0xff,0xe1,0x35,0x00,0x78,0xb6,0x04,0x03,0xfc,0x57,0x20,0x1f,0xcf,0xd4,0xc6,0x20,0x01,0x37,0xcd,0x40,0x0e,0x00,
0x00,0x00,0xf8,0x9e,0xfb,0xfd,0xdb,0x4a,0x01,0xff,0xc0,0x2b,0xd8,0x41,0x00,0x09,0x2d,0x7c,0x00,0x7f,0x36,0xa0,0x07,0xfc,
0xfa,0x40,0x1e,0x69,0x00,0xff,0xe1,0x16,0x10,0x06,0x39,0x00,0xff,0xe2,0x0f,0x80,0x6f,0x00,0xf0,0xbd,0xe5,0x38,0x80,0x71,
0x38,0x00,0xcc,0x01,0xc9,0xd0,0x86,0xb1,0xe6,0x01,0xd2,0x00,0xa0,0x0e,0x2b,0x00,0xf0,0xf0,0x07,0x09,0x82,0x00,0x75,0x00,
0x7e,0x25,0x00,0xe4,0x02,0x00,0xe5,0x00,0xfe,0xc0,0x0e,0xd0,0x0f,0x88,0x03,0xf8,0x80,0x38,0x44,0x01,0xff,0xca,0x71,0x00,
0xf0,0x80,0x7f,0x10,0x07,0xc2,0x01,0xc8,0x01,0xfd,0x80,0x1f,0x28,0x07,0x48,0x07,0xe1,0x50,0x0f,0xb0,0x03,0x8e,0x00,0x3e,
0xa0,0x0f,0xcc,0x01,0xe7,0xb4,0x10,0x15,0xd4,0x00,0xfc,0x2e,0x01,0xe4,0xbe,0xfe,0xa2,0x00,0xff,0x41,0x00,0x7f,0xf2,0xfc,
0x80,0x3f,0xf9,0x45,0x8a,0x01,0xfe,0x4a,0x00,0xff,0x0d,0x63,0x08,0x07,0x25,0x5b,0x00,0x7f,0xf0,0x0e,0x7b,0x9b,0xae,0xfb,
0x50,0x0f,0xfe,0x28,0x91,0x04,0x03,0xff,0xb0,0x3b,0xdd,0xa8,0x03,0xff,0x8a,0x64,0x23,0x90,0x03,0xf9,0xc0,0x3f,0xf8,0x22,
0x20,0x0f,0xc6,0x01,0xf1,0x00,0x79,0x80,0x3f,0x48,0x07,0x30,0x00,0xc0,0x3a,0x10,0x03,0x86,0xc4,0x03,0xb0,0x01,0x40,0x1e,
0xba,0x53,0x48,0xf4,0x00,0xf3,0x80,0x18,0x80,0x3c,0xb5,0x96,0xe2,0x01,0xe8,0x10,0x0b,0x80,0x3f,0xf8,0xa8,0xe0,0x18,0xf0,
0x40,0x3f,0xf8,0x4b,0x60,0x1e,0x3f,0x60,0x0f,0xf8,0xaa,0x80,0x1f,0x86,0x7a,0x54,0x80,0x21,0x37,0xcd,0x50,0x0c,0x00,0x00,
0x01,0x9e,0xe5,0x98,0x03,0x18,0x44,0x98,0x6c,0x40,0x1d,0x3c,0x01,0xe6,0xe0,0x0f,0x33,0x08,0x03,0xa4,0x31,0x84,0x49,0x86,
0x03,0x3d,0xcb,0x30,0x0f,0xff,0xf0,0xcf,0x72,0xcc,0x01,0x8c,0x22,0x4c,0x36,0x20,0x0e,0x9e,0x00,0xf3,0x70,0x07,0x99,0x84,
0x01,0xd2,0x18,0xc2,0x24,0xc3,0x00,0x00,0x00,0xe5,0xbe,0xff,0x6c,0x98,0x07,0xe3,0xda,0x41,0x00,0x13,0x65,0x00,0x79,0x70,
0x80,0x3f,0x2e,0x88,0x04,0x54,0x01,0xff,0x16,0x80,0x5e,0x01,0x9b,0x3f,0xac,0xc0,0x23,0x70,0x42,0x00,0xaa,0x4c,0x05,0x31,
0x00,0x29,0x0d,0x00,0x99,0x40,0x3d,0x40,0x10,0x9a,0x80,0x5a,0x01,0xf0,0xa8,0x04,0xa2,0x01,0x30,0x07,0xe3,0x00,0xc2,0x01,
0x30,0x07,0xe3,0x00,0x8d,0x40,0x2d,0x00,0xf8,0x54,0x02,0x6d,0x00,0x99,0x40,0x3d,0x40,0x10,0x9a,0x18,0x05,0x52,0x40,0x04,
0xc4,0x00,0xa0,0x01,0xc0,0x19,0xb7,0xfd,0x66,0x01,0x23,0x00,0x0a,0xc0,0x3f,0xe2,0xa0,0x0c,0x9a,0x40,0x1f,0x9b,0x44,0x03,
0x8b,0x69,0x04,0x00,0x4d,0x92,0x01,0x80,0x00,0x00,
};
static const lv_font_fmt_txt_glyph_dsc_t glyphs_semibold_52[]={{0,0,0,0,0,0},
{.bitmap_index=0,.adv_w=336,.box_w=19,.box_h=6,.ofs_x=1,.ofs_y=13},
{.bitmap_index=20,.adv_w=472,.box_w=25,.box_h=36,.ofs_x=2,.ofs_y=0},
{.bitmap_index=223,.adv_w=294,.box_w=13,.box_h=36,.ofs_x=2,.ofs_y=0},
{.bitmap_index=277,.adv_w=458,.box_w=25,.box_h=36,.ofs_x=2,.ofs_y=0},
{.bitmap_index=532,.adv_w=442,.box_w=23,.box_h=36,.ofs_x=2,.ofs_y=0},
{.bitmap_index=765,.adv_w=487,.box_w=27,.box_h=36,.ofs_x=1,.ofs_y=0},
{.bitmap_index=950,.adv_w=441,.box_w=24,.box_h=36,.ofs_x=2,.ofs_y=0},
{.bitmap_index=1155,.adv_w=440,.box_w=24,.box_h=36,.ofs_x=2,.ofs_y=0},
{.bitmap_index=1424,.adv_w=406,.box_w=24,.box_h=36,.ofs_x=1,.ofs_y=0},
{.bitmap_index=1630,.adv_w=444,.box_w=24,.box_h=36,.ofs_x=2,.ofs_y=0},
{.bitmap_index=1921,.adv_w=438,.box_w=24,.box_h=36,.ofs_x=1,.ofs_y=0},
{.bitmap_index=2184,.adv_w=295,.box_w=8,.box_h=24,.ofs_x=5,.ofs_y=0},
{.bitmap_index=2240,.adv_w=314,.box_w=18,.box_h=17,.ofs_x=1,.ofs_y=25}};
static const uint16_t unicode_semibold_52[]={0,3,4,5,6,7,8,9,10,11,12,13,131};
static const lv_font_fmt_txt_cmap_t cmap_semibold_52[]={{.range_start=45,.range_length=132,.glyph_id_start=1,.unicode_list=unicode_semibold_52,.list_length=13,.type=LV_FONT_FMT_TXT_CMAP_SPARSE_TINY}};
static const lv_font_fmt_txt_dsc_t dsc_semibold_52={.glyph_bitmap=bitmap_semibold_52,.glyph_dsc=glyphs_semibold_52,.cmaps=cmap_semibold_52,.cmap_num=1,.bpp=4,.bitmap_format=LV_FONT_FMT_TXT_COMPRESSED};
const lv_font_t font_wf_semibold_52={.get_glyph_dsc=lv_font_get_glyph_dsc_fmt_txt,.get_glyph_bitmap=lv_font_get_bitmap_fmt_txt,.line_height=42,.base_line=0,.dsc=&dsc_semibold_52,.user_data=(void *)font_license};
static const uint8_t bitmap_semibold_56[]={
0x08,0x99,0xff,0xe2,0xa9,0xbb,0x37,0xff,0x16,0x40,0x3f,0xfe,0x04,0x01,0xff,0xc6,0x60,0x00,0x00,0x00,0xf8,0x9a,0xb7,0xbf,
0xdd,0x92,0xa2,0x01,0xff,0xc0,0x3b,0xd9,0x52,0x10,0x00,0x9b,0x57,0x49,0x00,0x7f,0x46,0x20,0x07,0xff,0x01,0xb5,0x40,0x3e,
0xb7,0x00,0xff,0xe2,0x54,0x00,0x75,0x20,0x07,0xff,0x19,0xd8,0x02,0x45,0x00,0xf8,0x51,0x94,0xc0,0x3f,0x48,0x80,0x24,0x03,
0xc3,0x3d,0x73,0x59,0xce,0x01,0xf5,0x81,0x90,0x07,0x0e,0x30,0x07,0x0c,0x58,0x07,0x94,0x2c,0x03,0xd6,0x40,0x1f,0x91,0xc0,
0x3c,0xa6,0x01,0xc2,0xa0,0x1f,0xe9,0x00,0xf6,0xb0,0x07,0x20,0x07,0xfc,0x24,0x01,0xc4,0x60,0x1c,0x60,0x1f,0xfc,0x01,0x00,
0xe1,0x00,0xff,0xff,0x80,0x7f,0xff,0xc0,0x3f,0xff,0xe0,0x1f,0xff,0xf0,0x0f,0xff,0xf8,0x07,0xff,0x74,0x80,0x38,0xc0,0x3f,
0xf8,0x02,0x01,0xc4,0xe0,0x1c,0x80,0x1f,0xf0,0x90,0x07,0x0e,0x00,0x70,0xa8,0x07,0xfa,0x40,0x3d,0x88,0x01,0xeb,0x20,0x0f,
0xc8,0xe0,0x1e,0x43,0x30,0x07,0x0e,0x30,0x07,0x0c,0x58,0x07,0x98,0x01,0x00,0x1e,0x19,0xeb,0x9a,0xce,0x70,0x0f,0xa0,0x00,
0x8c,0x01,0xf0,0xa3,0x29,0x80,0x7e,0xa1,0x00,0xa5,0x00,0x3f,0xf8,0xd0,0xa0,0x1d,0x6e,0x01,0xff,0xc4,0xa7,0x00,0xfa,0x31,
0x00,0x3f,0xf8,0x0d,0xca,0x01,0xfc,0x77,0xb2,0xa4,0x20,0x01,0x36,0xae,0x91,0x00,0xe0,0x00,0x00,0x00,0xe1,0x9e,0xff,0xeb,
0x00,0x86,0x39,0x84,0x03,0x98,0x00,0xfc,0xe0,0x1f,0xc7,0xd0,0x01,0xff,0x58,0x80,0x7f,0xf0,0x3c,0x03,0xff,0x9e,0x20,0x01,
0x5a,0xf5,0x00,0xf2,0x3d,0xf5,0x28,0x07,0xe2,0x84,0x00,0xff,0xff,0x80,0x7f,0xff,0xc0,0x3f,0xff,0xe0,0x1f,0xff,0xf0,0x0f,
0xff,0xf8,0x07,0xff,0x5c,0x80,0x39,0x80,0x00,0x00,0x00,0xf8,0x5a,0xb3,0xbf,0xdd,0x94,0xa2,0x01,0xff,0xc1,0x2a,0xe9,0x53,
0x10,0x00,0x9a,0xd7,0x48,0x80,0x7f,0x9f,0x54,0x03,0xff,0x80,0xdc,0xa0,0x1f,0xa6,0x00,0x3f,0xf8,0x94,0xc0,0x1e,0x76,0x00,
0xff,0xe3,0x4a,0x00,0x62,0x80,0x0f,0xc8,0xaa,0x30,0x0f,0xd4,0x01,0xa0,0x03,0xe7,0xfb,0xaa,0x67,0x30,0x07,0x85,0xc0,0x25,
0x00,0xf5,0x40,0x07,0x0c,0xc8,0x03,0xd4,0x00,0x30,0x0f,0x22,0x80,0x7e,0x64,0x00,0xe2,0x10,0x60,0x0f,0x70,0x07,0xfb,0x40,
0x3c,0xa0,0x60,0x1e,0x60,0x0f,0xf2,0x80,0x7f,0xf3,0x98,0x03,0xf2,0x88,0xf1,0x10,0x03,0xfd,0x80,0x1e,0x50,0x3e,0xee,0xd1,
0x00,0xfe,0x16,0x00,0xe2,0x10,0x0f,0xfe,0x34,0x80,0x79,0x40,0x3f,0xf8,0xc6,0xe0,0x1e,0x90,0x0f,0xfe,0x37,0x00,0x79,0x84,
0x03,0xff,0x8b,0x44,0x01,0xc3,0x00,0x1f,0xfc,0x56,0x50,0x0f,0x40,0x80,0x7f,0xf1,0x12,0x40,0x3c,0xac,0x01,0xff,0xc4,0x3b,
0x00,0xf1,0x50,0x07,0xff,0x10,0x74,0x03,0xef,0x00,0xff,0xe2,0x0e,0x08,0x07,0xac,0x80,0x3f,0xf8,0x9a,0x40,0x1e,0x94,0x00,
0xff,0xe2,0x51,0x80,0x79,0xd8,0x03,0xff,0x89,0x0a,0x01,0xe5,0x80,0x0f,0xfe,0x23,0x38,0x07,0x8e,0x80,0x3f,0xf8,0x89,0x20,
0x1e,0x2c,0x00,0xff,0xe2,0x1d,0x80,0x78,0xb0,0x03,0xff,0x88,0x5a,0x01,0xe1,0xf1,0x00,0xff,0xe1,0x8e,0x08,0x07,0xb4,0x80,
0x3f,0xf8,0x63,0x82,0x01,0xeb,0x30,0x0f,0xfe,0x26,0x90,0x07,0xa9,0x00,0x3f,0xf8,0x98,0x60,0x1e,0x2c,0x99,0xff,0xe1,0x40,
0x19,0x80,0x3e,0x26,0x6f,0xfe,0x1b,0x98,0x07,0xff,0xfc,0x03,0xc4,0x01,0xff,0xcd,0x10,0x00,0x00,0x1f,0xff,0xfe,0x5a,0x90,
0x07,0xff,0x2c,0x80,0x3f,0xff,0xe6,0xec,0xdf,0xfc,0x14,0x00,0xff,0x44,0xcf,0xff,0x02,0x18,0x03,0xe2,0x60,0x0f,0xfe,0x09,
0x61,0x00,0x78,0xb0,0x40,0x3f,0xf8,0x05,0x84,0x01,0xe2,0xc1,0x00,0xff,0xe0,0x16,0x08,0x07,0x8b,0x04,0x03,0xff,0x80,0x78,
0x20,0x1e,0x2c,0x10,0x0f,0xfe,0x01,0xe8,0x80,0x78,0xb0,0x40,0x3f,0xf8,0x07,0x82,0x01,0xe2,0xc1,0x00,0xff,0xe0,0x26,0x00,
0x7c,0x58,0x20,0x1f,0xfc,0x04,0xb0,0x0f,0xd4,0x60,0x1f,0xfc,0x1f,0x00,0xfe,0x8d,0xd3,0x00,0x7f,0xd2,0x01,0xff,0x14,0xe0,
0x80,0x7f,0x14,0x80,0x7f,0xf0,0x0f,0xc4,0x03,0xf9,0x94,0x00,0xd3,0x08,0x01,0xe1,0xd0,0x0f,0xf5,0x3e,0xcb,0x3d,0xe9,0x00,
0x71,0xa8,0x07,0xfa,0x08,0x03,0x17,0x80,0x7a,0x00,0x3f,0xf8,0xa4,0xe0,0x1c,0x46,0x01,0xff,0xc5,0xa0,0x0f,0x20,0x07,0xff,
0x14,0x84,0x03,0xb4,0x03,0xff,0x8c,0x40,0x1c,0xc0,0x1f,0xfc,0x67,0x00,0xe1,0x8d,0xde,0x70,0x0f,0xfe,0x32,0x11,0x75,0x00,
0x7f,0xce,0x01,0xc2,0xc0,0x1c,0x40,0x1f,0xf1,0x00,0x73,0x90,0x07,0x90,0x03,0xf8,0xc4,0x03,0x8f,0x00,0x3d,0xe0,0x1f,0xd2,
0x01,0xec,0x41,0x00,0xe4,0x50,0x0f,0x91,0x40,0x3c,0x80,0xc0,0x1e,0xa6,0x00,0xe6,0xb0,0x0f,0x30,0x02,0x04,0x03,0xd3,0xd5,
0x37,0xd2,0x01,0xf4,0x00,0x54,0x01,0xf0,0xab,0x20,0x80,0x7d,0x22,0x01,0x24,0x80,0x7f,0xf1,0x59,0x80,0x1c,0xd6,0x01,0xff,
0xc3,0x89,0x00,0xf9,0x39,0x80,0x3f,0xe4,0xc7,0x00,0xfe,0x19,0xe9,0x52,0x00,0x89,0x23,0x6c,0xc0,0x38,0x00,0x00,0x00,0xff,
0x17,0x7f,0xf5,0x00,0x7f,0xf2,0x2c,0x40,0x3b,0xc0,0x3f,0xf8,0xe2,0xc0,0x1c,0x4a,0x01,0xff,0xc7,0x60,0x0f,0x58,0x07,0xff,
0x22,0x40,0x38,0x58,0x03,0xff,0x8e,0xc2,0x01,0xcc,0x01,0xff,0xc8,0xb0,0x0f,0x48,0x07,0xff,0x1d,0x48,0x03,0x98,0x40,0x3f,
0xf8,0xf2,0x01,0xeb,0x00,0xff,0xe3,0x99,0x80,0x39,0x48,0x03,0xff,0x8f,0x00,0x1e,0x90,0x0f,0xfe,0x39,0x20,0x07,0x19,0x80,
0x3f,0xf8,0xf6,0x01,0xe9,0x00,0xff,0xe3,0x8b,0x00,0x71,0x28,0x07,0xff,0x1e,0x40,0x3d,0x60,0x1e,0xbf,0xfe,0x70,0x0f,0x98,
0x03,0x85,0x80,0x3c,0xa0,0x1d,0xc0,0x1e,0x61,0x00,0xe9,0x00,0xff,0xe4,0x58,0x07,0x98,0x03,0xff,0x8e,0xa4,0x01,0xcc,0x20,
0x1f,0xfc,0x79,0x00,0xf5,0x80,0x7f,0xf1,0xd0,0xc0,0x39,0x48,0x03,0xff,0x8f,0xe0,0x1e,0x90,0x0f,0xfe,0x39,0x20,0x07,0x19,
0x80,0x3f,0xf8,0xf6,0x01,0xe3,0xff,0xff,0x08,0x07,0x37,0xfb,0x10,0x03,0xff,0x9c,0x46,0x01,0xff,0xeb,0x30,0x0f,0xfe,0x7d,
0xb3,0x7f,0xf1,0x40,0x3c,0x4c,0xc8,0x69,0x9f,0xfe,0x28,0x80,0x72,0x4c,0x98,0x03,0xff,0xfe,0x01,0xff,0xff,0x00,0xff,0xff,
0x80,0x7f,0xf1,0x48,0x03,0xb8,0x02,0x00,0x00,0x0e,0xff,0xff,0xe4,0xf0,0x00,0x44,0x01,0xff,0xc9,0x10,0x0f,0xff,0xf8,0x07,
0xff,0x00,0xd9,0xbf,0xf8,0x70,0x01,0xfd,0x53,0x3f,0xfc,0x37,0x00,0xff,0xff,0x80,0x7f,0xfd,0x0c,0x03,0xff,0xa0,0x28,0xf1,
0x07,0x51,0x00,0xff,0xe2,0x15,0x75,0xc3,0xba,0x2b,0xb1,0x40,0x3f,0xf8,0x33,0xaa,0x01,0xf8,0xeb,0x04,0x03,0xfe,0x30,0x0f,
0xfe,0x01,0xf9,0x00,0x7f,0xf3,0x07,0x04,0x03,0xff,0x98,0x36,0x01,0xff,0xc0,0x6c,0xef,0xd8,0x10,0x0f,0x29,0x80,0x7f,0x16,
0xc9,0x88,0x13,0xf1,0x80,0x7a,0x80,0x3f,0xbc,0x80,0x3e,0xd0,0x0f,0x38,0x0a,0x19,0xf4,0x10,0x07,0xe1,0x50,0x0e,0x11,0x05,
0xe6,0x73,0x80,0x7f,0xb0,0x03,0xca,0x01,0xff,0xc6,0x50,0x0f,0x10,0x07,0xff,0x18,0x40,0x3c,0x20,0x1f,0xfc,0xf2,0x2f,0x00,
0x7f,0xc2,0x01,0xe1,0x16,0xef,0xa0,0x03,0xfc,0xa0,0x1e,0x31,0x10,0x07,0x28,0x07,0xfb,0x40,0x3c,0xe0,0xa0,0x1c,0x4a,0x01,
0xf8,0x90,0x03,0x84,0x83,0x80,0x3d,0x62,0x01,0xf7,0x00,0x79,0xc0,0x0a,0x20,0x1c,0x38,0x60,0x18,0xb0,0xc0,0x3d,0x40,0x14,
0x00,0x78,0xb3,0x15,0x39,0xa6,0x01,0xe5,0x30,0x09,0x90,0x03,0xe3,0x56,0x30,0x0f,0x86,0xc0,0x3a,0xcc,0x03,0xff,0x88,0x38,
0x20,0x1e,0xc5,0x00,0xff,0xe1,0x1e,0x10,0x07,0xea,0xb2,0x00,0xff,0x0c,0xe1,0x00,0x7f,0x93,0x71,0xcc,0x40,0x02,0x6d,0x7c,
0xc0,0x1e,0x00,0x00,0x00,0xf8,0x5a,0xb7,0xfe,0xec,0x95,0x00,0xff,0xe0,0x9d,0xf4,0xa9,0x00,0x42,0x6d,0x5f,0x00,0x1f,0xe8,
0xc4,0x00,0xff,0xe0,0x3f,0x18,0x07,0xd4,0xe0,0x1f,0xfc,0x31,0xc4,0x00,0xe7,0x50,0x0f,0xfe,0x35,0x08,0x04,0x50,0x01,0xf9,
0x19,0x48,0x03,0xe1,0xb0,0x0a,0x80,0x3e,0x7f,0xb9,0xad,0xc2,0x00,0xf2,0x88,0x01,0x40,0x3d,0x30,0x01,0xc7,0xa4,0x01,0xe4,
0x00,0x10,0x07,0x1b,0x00,0x7e,0x90,0x0f,0x10,0x08,0x07,0xac,0x03,0xf9,0x00,0x3d,0xe0,0x60,0x1e,0x20,0x0f,0xf0,0x80,0x77,
0x80,0x7f,0xf1,0xff,0x77,0x9c,0x03,0xff,0x8e,0x24,0x5c,0x01,0xff,0xda,0x6a,0xdf,0xf7,0x64,0xa0,0x07,0xff,0x0d,0x3a,0x54,
0x80,0x02,0x6d,0x7a,0x80,0x1f,0xfc,0x09,0xb1,0x00,0xfe,0x2b,0x80,0x0f,0xf8,0xc0,0x3f,0xf8,0x2f,0x00,0x1f,0xfc,0xd7,0x50,
0x0f,0xfe,0x09,0xaa,0x8c,0x03,0xf5,0x80,0x7f,0xc7,0xb9,0x54,0xce,0x50,0x0f,0x0b,0x00,0x7f,0x1e,0x10,0x06,0x1a,0x60,0x0f,
0x50,0x07,0xf7,0x00,0x7e,0x91,0x00,0xe3,0x00,0xfc,0x44,0x00,0xfe,0x60,0x0f,0x18,0x07,0xca,0x01,0xfe,0xc0,0x0f,0x30,0x07,
0xde,0x01,0xfe,0x60,0x0f,0x18,0x07,0xc2,0x01,0xfe,0x30,0x0f,0x8c,0x03,0xff,0x8a,0x60,0x1f,0x08,0x07,0xb8,0x03,0xfc,0xc0,
0x1e,0x20,0x20,0x0e,0x40,0x0f,0xf6,0x80,0x79,0x81,0x00,0x38,0xc8,0x03,0xf9,0xc0,0x38,0x48,0x30,0x03,0xdc,0x01,0xfa,0x44,
0x03,0x9c,0x00,0xa2,0x01,0xc7,0x84,0x01,0x86,0x98,0x03,0xd4,0x01,0x48,0x07,0x8f,0x72,0xa9,0x9c,0xa0,0x1e,0x53,0x00,0x9c,
0xc0,0x3e,0x35,0x51,0x80,0x7c,0x36,0x01,0xda,0x40,0x1f,0xfc,0x5a,0x10,0x0e,0x1c,0x40,0x0f,0xfe,0x10,0xe2,0x00,0x7c,0x37,
0x22,0x01,0xff,0x3f,0x98,0x07,0xf9,0xba,0xd8,0xc4,0x00,0x24,0xb5,0xf0,0x20,0x1c,0x00,0x00,0x6f,0xff,0xfe,0x62,0x70,0x07,
0xff,0x30,0x80,0x3f,0xff,0xe0,0x1f,0xcc,0xdf,0xfc,0x02,0x00,0xf1,0x00,0x71,0x4c,0xff,0xf0,0x00,0x3e,0x40,0x0f,0xfe,0x29,
0x90,0x07,0x30,0x78,0x06,0x60,0x0f,0xfa,0x80,0x3d,0x40,0xff,0xfa,0xc0,0x3f,0xe6,0x00,0xe2,0x30,0x0f,0xfe,0x2b,0x00,0x7a,
0x80,0x3f,0xf8,0xd4,0x01,0xe6,0x00,0xff,0xe2,0x91,0x80,0x72,0x08,0x07,0xff,0x16,0x80,0x3d,0xc0,0x1f,0xfc,0x66,0x00,0xe1,
0x50,0x0f,0xfe,0x2a,0x08,0x07,0x38,0x07,0xff,0x1b,0x80,0x3d,0x40,0x1f,0xfc,0x51,0x50,0x0e,0x23,0x00,0xff,0xe2,0xb0,0x07,
0xa8,0x03,0xff,0x8d,0x40,0x1e,0x60,0x0f,0xfe,0x29,0x90,0x07,0x20,0x80,0x7f,0xf1,0x68,0x03,0xde,0x01,0xff,0xc6,0x60,0x0e,
0x14,0x00,0xff,0xe2,0xa8,0x07,0x98,0x03,0xff,0x8d,0xc0,0x1e,0xa0,0x0f,0xfe,0x29,0x20,0x07,0x19,0x00,0x7f,0xf1,0x68,0x03,
0xd4,0x01,0xff,0xc6,0x60,0x0f,0x38,0x07,0xff,0x15,0x04,0x03,0x94,0x40,0x3f,0xf8,0xbc,0x01,0xee,0x00,0xff,0xe2,0x8a,0x80,
0x70,0xa0,0x07,0xff,0x15,0xc0,0x3c,0xc0,0x1f,0xfc,0x6a,0x00,0xf5,0x00,0x7f,0xf1,0x4c,0xc0,0x1c,0x64,0x01,0xff,0xc5,0xa0,
0x0f,0x50,0x07,0xff,0x19,0xc0,0x3c,0xc0,0x1f,0xfc,0x55,0x10,0x0e,0x60,0x0f,0xfe,0x37,0x00,0x7a,0x80,0x3f,0xf8,0xc8,0x01,
0xc6,0x60,0x0f,0xfe,0x00,0x00,0x00,0x00,0xfc,0xb3,0x9d,0xfe,0xec,0x95,0x00,0xff,0xe0,0x8c,0x7d,0x31,0x88,0x00,0x4d,0xab,
0x9c,0x03,0xfc,0x9e,0xe0,0x1f,0xf0,0xc6,0x90,0x07,0xc9,0x62,0x01,0xff,0xc2,0x2c,0x20,0x0e,0x2b,0x00,0xff,0xe2,0x8e,0x00,
0x77,0x00,0x7e,0x35,0x51,0x80,0x7c,0x30,0x01,0x19,0x80,0x3c,0xdd,0x95,0x4c,0xd4,0x00,0xf3,0x88,0x02,0x80,0x3c,0xf2,0x20,
0x18,0xad,0x40,0x3c,0x80,0x04,0x00,0xe1,0x80,0x0f,0xd6,0x01,0xec,0x00,0x18,0x07,0x38,0x07,0xf0,0x98,0x07,0x18,0x07,0xe1,
0x00,0xff,0x38,0x07,0xe3,0x00,0xe3,0x00,0xff,0x30,0x07,0x18,0x01,0x00,0x39,0x08,0x03,0xf2,0x10,0x07,0x60,0x02,0x80,0x3d,
0xc0,0x1f,0x15,0x00,0x79,0x40,0x06,0x80,0x1c,0x7a,0xc4,0x00,0x38,0xd1,0x00,0xe8,0x00,0xd4,0x20,0x1c,0x53,0xbf,0xec,0x70,
0x0f,0x2b,0x80,0x61,0xd1,0x00,0xff,0xe2,0x2d,0x00,0x78,0xf0,0x03,0xff,0x86,0x54,0x01,0xf1,0x78,0x07,0xff,0x0c,0xb0,0x40,
0x38,0xb0,0x80,0x3f,0xf8,0x87,0xa0,0x1d,0xc2,0x01,0xc3,0x1b,0xfd,0x8e,0x01,0xe3,0x80,0x09,0x4c,0x03,0x8b,0xdc,0x80,0x4e,
0x34,0x40,0x39,0xc4,0x01,0xc0,0x1e,0xf1,0x00,0xf1,0x50,0x07,0xa4,0x00,0x80,0x1c,0xc4,0x01,0xf9,0x0c,0x03,0x90,0x10,0x03,
0xd8,0x01,0xfe,0xb0,0x0e,0x30,0x20,0x0f,0x30,0x07,0xf8,0x80,0x3c,0x5c,0x01,0xe1,0x00,0xff,0x08,0x07,0x84,0x03,0xff,0x8c,
0x20,0x1f,0x78,0x07,0x98,0x03,0xfc,0x40,0x1e,0x13,0x00,0xf6,0x00,0x7f,0xb0,0x03,0xc4,0xa0,0x1e,0x60,0x0f,0xe2,0x40,0x0e,
0x20,0x13,0x00,0xe1,0x90,0x0f,0xdc,0x01,0xe5,0x00,0x48,0x07,0x9a,0x84,0x03,0x15,0x98,0x07,0xa8,0x00,0xa4,0x01,0xe5,0xec,
0xaa,0x66,0xa0,0x07,0x94,0x80,0x2e,0x00,0xfc,0x6a,0xa3,0x00,0xf8,0x6c,0x03,0x1c,0x80,0x7f,0xf1,0x47,0x44,0x03,0x9a,0x84,
0x03,0xff,0x84,0x58,0x60,0x1f,0x2f,0xb0,0x07,0xfc,0x31,0xa4,0x01,0xfc,0x33,0xd4,0xa6,0x20,0x01,0x36,0xae,0x70,0x0f,0x00,
0x00,0x00,0x00,0xf8,0xe2,0xfb,0xfd,0xdb,0x4c,0x20,0x1f,0xfc,0x04,0xcc,0x3a,0x08,0x00,0x49,0x67,0xa8,0x80,0x3f,0xaa,0xcc,
0x03,0xfe,0x5d,0x60,0x0f,0xb1,0x40,0x3f,0xf8,0x72,0xe0,0x1d,0x46,0x01,0xff,0xc5,0x85,0x00,0x91,0x40,0x3e,0x14,0x64,0x10,
0x0f,0xac,0x40,0x10,0x01,0xe1,0xbe,0xb9,0xbe,0xa1,0x00,0xe1,0x90,0x33,0x00,0x70,0xfa,0x00,0x72,0xe0,0x07,0x98,0x10,0x03,
0xd0,0x20,0x1f,0x13,0x80,0x70,0x96,0x00,0x79,0x80,0x3f,0xa8,0x03,0xca,0xc0,0x1c,0x80,0x1f,0xe2,0x10,0x0e,0xf3,0x00,0xe2,
0x00,0xff,0x8c,0x03,0x88,0x03,0xff,0x98,0x26,0x01,0xc4,0x01,0xff,0x10,0x07,0x84,0x03,0x94,0x03,0xfc,0x40,0x1f,0x28,0x07,
0x0a,0x80,0x7f,0x58,0x07,0xd8,0x01,0xeb,0x10,0x0f,0x8d,0x80,0x3e,0x51,0x00,0xe1,0xf4,0x00,0xe5,0xc0,0x0f,0xe6,0x00,0xf0,
0xde,0xd4,0xdf,0x50,0x07,0xfa,0x08,0x03,0xe2,0x56,0x41,0x00,0xff,0xe0,0x70,0x07,0xff,0x30,0xf0,0x40,0x3f,0xf8,0x04,0x20,
0x1f,0xc7,0xea,0x01,0xfe,0x5c,0x20,0x0f,0xf0,0xd7,0x42,0x08,0x00,0x4d,0xf2,0x84,0x03,0xff,0x82,0x2f,0x7d,0xfe,0xec,0x83,
0x00,0xff,0xf8,0x56,0xee,0xc4,0x00,0xff,0xe3,0x29,0x16,0x3c,0x00,0xff,0x08,0x07,0xff,0x04,0x80,0x3f,0xc4,0x01,0xf1,0x00,
0x72,0x00,0x7f,0x28,0x07,0x88,0x1c,0x03,0x86,0x40,0x3e,0x1b,0x00,0xf7,0x86,0x00,0x79,0xa4,0x40,0x32,0x78,0x80,0x79,0xc1,
0x84,0x03,0xcd,0xd7,0x35,0xb6,0x20,0x1e,0x51,0x00,0x58,0x07,0xe4,0x65,0x20,0x0f,0x86,0xc0,0x25,0x70,0x0f,0xfe,0x35,0x08,
0x06,0x88,0x00,0x7f,0xf0,0xcb,0x10,0x03,0xcf,0xa8,0x01,0xff,0x0b,0xe9,0x80,0x7e,0x2b,0xe8,0x52,0x00,0x84,0xda,0xba,0x00,
0x38,0x00,0x00,0x00,0x26,0x7f,0x50,0x80,0x12,0xcc,0x05,0x7c,0x42,0x40,0x38,0x64,0x48,0x03,0xc6,0x01,0xfc,0x24,0x01,0xe3,
0x09,0x00,0xe1,0x90,0x4b,0x30,0x15,0xf1,0x00,0x26,0x7f,0x50,0x80,0x7f,0xff,0xc0,0x3f,0x93,0x3f,0xa8,0x40,0x09,0x66,0x02,
0xbe,0x21,0x20,0x1c,0x32,0x24,0x01,0xe3,0x00,0xfe,0x12,0x00,0xf1,0x84,0x80,0x70,0xc8,0x25,0x98,0x0a,0xf8,0x80,0x00,0x00,
0x00,0xe1,0x7c,0xef,0xf6,0x41,0x00,0x7f,0x47,0x41,0x88,0x00,0xdf,0x64,0x03,0xc3,0x8e,0x01,0xfc,0xda,0x40,0x1a,0x8c,0x03,
0xfe,0x2f,0x00,0xa1,0x00,0x21,0x8d,0xfe,0x92,0x00,0x8a,0x80,0x5c,0x02,0x2f,0x72,0x01,0x6c,0x30,0x09,0x49,0xc0,0x37,0x08,
0x07,0x0e,0x80,0x6a,0xc0,0x08,0xcc,0x01,0xf0,0xa8,0x04,0x62,0x01,0x28,0x07,0xf6,0x80,0x4c,0x01,0xff,0xc7,0x20,0x09,0x40,
0x3f,0xb4,0x02,0x6f,0x00,0x8c,0xc0,0x1f,0x0a,0x80,0x58,0xe0,0x1b,0x84,0x03,0xda,0x01,0x94,0x60,0x02,0x2f,0x71,0x01,0x5d,
0x30,0x09,0x88,0x1d,0x00,0x21,0x8e,0xfe,0xa2,0x00,0x8a,0x40,0x2b,0x40,0x0f,0xf8,0xbc,0x03,0xae,0x00,0x3f,0x9b,0x48,0x03,
0xcf,0xd0,0x62,0x00,0x37,0xd9,0x00,0xc0,0x00,0x00,
};
static const lv_font_fmt_txt_glyph_dsc_t glyphs_semibold_56[]={{0,0,0,0,0,0},
{.bitmap_index=0,.adv_w=362,.box_w=20,.box_h=6,.ofs_x=1,.ofs_y=14},
{.bitmap_index=19,.adv_w=509,.box_w=26,.box_h=39,.ofs_x=3,.ofs_y=0},
{.bitmap_index=235,.adv_w=316,.box_w=14,.box_h=39,.ofs_x=2,.ofs_y=0},
{.bitmap_index=298,.adv_w=494,.box_w=27,.box_h=39,.ofs_x=2,.ofs_y=0},
{.bitmap_index=571,.adv_w=476,.box_w=25,.box_h=39,.ofs_x=2,.ofs_y=0},
{.bitmap_index=838,.adv_w=524,.box_w=28,.box_h=39,.ofs_x=2,.ofs_y=0},
{.bitmap_index=1041,.adv_w=475,.box_w=26,.box_h=39,.ofs_x=2,.ofs_y=0},
{.bitmap_index=1276,.adv_w=474,.box_w=26,.box_h=39,.ofs_x=2,.ofs_y=0},
{.bitmap_index=1578,.adv_w=437,.box_w=26,.box_h=39,.ofs_x=1,.ofs_y=0},
{.bitmap_index=1807,.adv_w=478,.box_w=26,.box_h=39,.ofs_x=2,.ofs_y=0},
{.bitmap_index=2138,.adv_w=472,.box_w=25,.box_h=39,.ofs_x=2,.ofs_y=0},
{.bitmap_index=2427,.adv_w=318,.box_w=9,.box_h=26,.ofs_x=5,.ofs_y=0},
{.bitmap_index=2496,.adv_w=339,.box_w=19,.box_h=18,.ofs_x=1,.ofs_y=27}};
static const uint16_t unicode_semibold_56[]={0,3,4,5,6,7,8,9,10,11,12,13,131};
static const lv_font_fmt_txt_cmap_t cmap_semibold_56[]={{.range_start=45,.range_length=132,.glyph_id_start=1,.unicode_list=unicode_semibold_56,.list_length=13,.type=LV_FONT_FMT_TXT_CMAP_SPARSE_TINY}};
static const lv_font_fmt_txt_dsc_t dsc_semibold_56={.glyph_bitmap=bitmap_semibold_56,.glyph_dsc=glyphs_semibold_56,.cmaps=cmap_semibold_56,.cmap_num=1,.bpp=4,.bitmap_format=LV_FONT_FMT_TXT_COMPRESSED};
const lv_font_t font_wf_semibold_56={.get_glyph_dsc=lv_font_get_glyph_dsc_fmt_txt,.get_glyph_bitmap=lv_font_get_bitmap_fmt_txt,.line_height=45,.base_line=0,.dsc=&dsc_semibold_56,.user_data=(void *)font_license};
static const uint8_t bitmap_semibold_104[]={
0x05,0x66,0xff,0xea,0x28,0x4d,0x4c,0xff,0xf5,0x29,0xcc,0x03,0xff,0xad,0xc0,0x1f,0xff,0xf0,0x0f,0xff,0xf8,0x07,0xff,0xfc,
0x03,0xff,0x9f,0xe0,0x1f,0xfd,0x6d,0x00,0x00,0x00,0xff,0xe2,0xa3,0xd6,0x6f,0x7f,0xdd,0xb7,0x2e,0x60,0x1f,0xfd,0x36,0xbf,
0xb8,0x53,0x21,0x00,0x84,0x91,0xa3,0x3e,0xd4,0x03,0xff,0x9a,0x33,0xf2,0x80,0x1f,0xfc,0x54,0xae,0x81,0x00,0xff,0xe4,0xbf,
0x30,0x07,0xff,0x28,0x5f,0xdc,0x03,0xff,0x8c,0x59,0x00,0x1f,0xfc,0xe1,0x8c,0x10,0x0f,0xfe,0x19,0xe1,0x80,0x7f,0xf4,0x4f,
0xcc,0x03,0xff,0x82,0x98,0x20,0x1f,0xfd,0x31,0xc4,0x00,0xff,0x8e,0xc0,0x3f,0xfa,0xf6,0x60,0x1f,0xc3,0xa0,0x1f,0xfd,0x9d,
0x10,0x0f,0xd4,0x20,0x1f,0xfd,0x91,0xa0,0x0f,0x95,0x00,0x3f,0xf8,0x88,0xd1,0x30,0xc8,0x01,0xff,0xc4,0x45,0x00,0xf4,0x00,
0x7f,0xf0,0x8e,0xfe,0xe5,0xd9,0xe6,0xfe,0x8c,0x03,0xff,0x85,0x60,0x1c,0xa4,0x01,0xff,0xc1,0xac,0x40,0x0f,0xe5,0xca,0x00,
0xff,0xe0,0x8a,0x80,0x6e,0x00,0xff,0xe0,0x0e,0x28,0x07,0xff,0x05,0x74,0x40,0x3f,0xf8,0x12,0x01,0x0a,0x00,0x7f,0xf0,0x34,
0xc0,0x3f,0xf8,0x65,0xa0,0x1f,0xfc,0x03,0x20,0x03,0x80,0x7f,0xf0,0x20,0xc0,0x3f,0xf8,0xa7,0x00,0x1f,0xfc,0x05,0x00,0x78,
0x07,0xfc,0x2e,0x01,0xff,0xc7,0x71,0x00,0xff,0xb4,0x00,0x80,0x1f,0xf3,0x00,0x7f,0xf2,0x64,0x03,0xfe,0x40,0x01,0x00,0x7f,
0xd8,0x01,0xff,0xc9,0x40,0x0f,0xf8,0x40,0x40,0x3f,0xf8,0x08,0x01,0xff,0xc9,0x30,0x0f,0xfe,0x01,0x10,0x03,0xfe,0x10,0x0f,
0xfe,0x59,0x00,0x7f,0xcc,0x01,0xff,0xc0,0x30,0x0f,0xfe,0x58,0x80,0x7f,0xc2,0xe0,0x1f,0xf0,0x80,0x7f,0xf2,0xdc,0x03,0xff,
0xfe,0x01,0xff,0xff,0x00,0xff,0xff,0x80,0x7f,0xff,0xc0,0x3f,0xff,0xe0,0x1f,0xff,0xf0,0x0f,0xff,0xf8,0x07,0xff,0xfc,0x03,
0xff,0xfe,0x01,0xff,0xff,0x00,0xff,0xff,0x80,0x7f,0xff,0xc0,0x3f,0xff,0xe0,0x1f,0xff,0xf0,0x0f,0xff,0xf8,0x07,0xff,0xfc,
0x03,0xff,0xfe,0x01,0xff,0xff,0x00,0xff,0xff,0x80,0x7f,0xfb,0x5c,0x03,0xfe,0x10,0x0f,0xfe,0x5b,0x80,0x7f,0xc2,0x20,0x0f,
0xf8,0xc0,0x3f,0xf9,0x62,0x01,0xff,0xc0,0x30,0x0f,0xf8,0x40,0x3f,0xf9,0x64,0x01,0xff,0x30,0x80,0x7f,0xf0,0x10,0x03,0xff,
0x92,0x60,0x1f,0xfc,0x02,0x03,0x00,0xff,0xb0,0x03,0xff,0x92,0x80,0x1f,0xf1,0x00,0x14,0x03,0xfe,0x60,0x0f,0xfe,0x4c,0x80,
0x7f,0xce,0x00,0xc0,0x0f,0xf8,0x5c,0x03,0xff,0x8e,0xe2,0x01,0xff,0x60,0x01,0x40,0x3f,0xf8,0x10,0x60,0x1f,0xfc,0x53,0x80,
0x0f,0xfe,0x03,0x80,0x4a,0x01,0xff,0xc0,0xd3,0x00,0xff,0xe1,0x96,0x80,0x7f,0xf0,0x10,0x40,0x29,0x00,0xff,0xe0,0x0e,0x28,
0x07,0xff,0x05,0x74,0x40,0x3f,0xf8,0x1e,0x01,0x8c,0xc0,0x1f,0xfc,0x1a,0xc4,0x00,0xfe,0x4c,0xa0,0x0f,0xfe,0x09,0x20,0x07,
0x78,0x07,0xff,0x08,0xef,0xee,0x1d,0x9e,0x6f,0xec,0xc0,0x3f,0xf8,0x52,0x01,0xe3,0x60,0x0f,0xfe,0x22,0x3c,0x4c,0x32,0x00,
0x7f,0xf1,0x15,0x00,0x3e,0x92,0x00,0xff,0xec,0x95,0x00,0x7f,0x78,0x80,0x7f,0xf5,0xc7,0xc0,0x3f,0xc5,0xa0,0x1f,0xfd,0x61,
0xd2,0x00,0xff,0x8f,0x04,0x03,0xff,0xa6,0x58,0x60,0x1f,0xfc,0x13,0xf4,0x00,0xff,0xe8,0xa6,0x10,0x07,0xff,0x0c,0x6e,0x44,
0x03,0xff,0x9a,0x33,0x62,0x01,0xff,0xc6,0x6f,0x71,0x00,0xff,0xe4,0x8c,0x73,0x00,0x7f,0xf2,0x46,0x3a,0x50,0x03,0xff,0x8a,
0xb5,0xce,0x01,0xff,0xce,0x6b,0xfb,0x85,0x32,0x10,0x08,0x49,0x1a,0x33,0xe9,0x40,0x3f,0xf8,0x40,0x00,0x00,0x00,0xff,0x8a,
0x7b,0xff,0xfd,0xc4,0x01,0xfc,0x33,0xac,0x20,0x1f,0xe1,0x40,0x0f,0x86,0x79,0x80,0x3f,0xf8,0x42,0x01,0xc3,0x3c,0xc0,0x1f,
0xfc,0x81,0x8e,0x60,0x0f,0xfe,0x40,0xc7,0x38,0x07,0xff,0x24,0xbd,0xc0,0x3f,0xf9,0x68,0x20,0x1f,0xfe,0x63,0x00,0xff,0xe6,
0x88,0x07,0xff,0x35,0xc0,0x3f,0xfa,0xe2,0xd4,0x60,0x1f,0xfc,0x01,0x00,0xf1,0x3e,0x74,0xab,0x00,0x7f,0xf0,0x0c,0x02,0x38,
0xdd,0x41,0x80,0x7f,0xf1,0x06,0x65,0xd8,0xe4,0x01,0xff,0xc8,0x66,0x08,0x07,0xff,0xfc,0x03,0xff,0xfe,0x01,0xff,0xff,0x00,
0xff,0xff,0x80,0x7f,0xff,0xc0,0x3f,0xff,0xe0,0x1f,0xff,0xf0,0x0f,0xff,0xf8,0x07,0xff,0xfc,0x03,0xff,0xfe,0x01,0xff,0xff,
0x00,0xff,0xff,0x80,0x7f,0xff,0xc0,0x3f,0xff,0xe0,0x1f,0xff,0xf0,0x0f,0xff,0xf8,0x07,0xff,0xfc,0x03,0xff,0xfe,0x01,0xff,
0xff,0x00,0xff,0xe1,0x18,0x07,0xfc,0x20,0x1f,0xfc,0x1c,0x00,0xff,0x0a,0x00,0x00,0x00,0x00,0xff,0xe2,0x0a,0xc5,0x6f,0x7f,
0xdd,0xb9,0x2e,0x80,0x1f,0xfd,0x32,0x8d,0xea,0x75,0x21,0x00,0x84,0x8d,0xa2,0xfe,0xd8,0x03,0xff,0x9c,0x99,0xae,0x40,0x1f,
0xfc,0x44,0x9e,0x81,0x00,0xff,0xe4,0x9e,0x59,0x80,0x7f,0xf2,0x45,0xf9,0x80,0x3f,0xf8,0xef,0x86,0x01,0xff,0xce,0x9c,0x10,
0x0f,0xfe,0x25,0xc0,0x07,0xff,0x44,0xfd,0x00,0x3f,0xf8,0x23,0x88,0x01,0xff,0xd3,0x1b,0x40,0x0f,0xfe,0x06,0x98,0x07,0xff,
0x5a,0xcc,0x03,0xfd,0x46,0x01,0xff,0xd8,0xd1,0x00,0xfc,0xaa,0x00,0xff,0xec,0x8d,0x80,0x7e,0xb0,0x0f,0xfe,0x21,0x33,0xcc,
0x3a,0x08,0x07,0xff,0x0d,0x50,0x03,0xcc,0x20,0x1f,0xfc,0x27,0xed,0x98,0x67,0x8b,0xeb,0x40,0x0f,0xfe,0x14,0x00,0x7a,0xc0,
0x3f,0xf8,0x27,0xd0,0x20,0x1f,0x92,0xe8,0x03,0xff,0x82,0x68,0x01,0x8c,0x80,0x3f,0xf8,0x09,0x82,0x01,0xff,0xc0,0x5d,0x10,
0x0f,0xfe,0x06,0x80,0x64,0x00,0xff,0xe0,0x15,0x80,0x7f,0xf0,0xcb,0x40,0x3f,0xf8,0x0e,0x01,0xb0,0x03,0xff,0x81,0x20,0x1f,
0xfc,0x53,0x60,0x0f,0xf8,0x4c,0x02,0x50,0x0f,0xf8,0xd0,0x03,0xff,0x8d,0x00,0x1f,0xfc,0x05,0x00,0x84,0x03,0xfe,0xb0,0x0f,
0xfe,0x38,0x98,0x07,0xfd,0xe0,0x01,0x00,0xff,0xe0,0x20,0x07,0xff,0x21,0x40,0x3f,0xe3,0x00,0xff,0xe1,0x88,0x07,0xff,0x23,
0x80,0x3f,0xe1,0x00,0xff,0xe1,0x98,0x07,0xff,0xe7,0x80,0x3f,0xe1,0x00,0xff,0xec,0x28,0x07,0xfc,0x60,0x01,0x00,0xff,0xe0,
0x08,0x07,0xff,0x1c,0x4c,0x03,0xfe,0xf0,0x0b,0x26,0x7f,0xda,0x01,0xff,0xc8,0x60,0x0f,0xfe,0x02,0x80,0x46,0xcd,0xfe,0x20,
0x0f,0xfe,0x44,0x80,0x7f,0xc2,0x60,0x1f,0xfd,0x66,0x10,0x0f,0xf9,0x00,0x3f,0xfa,0xf0,0x01,0xff,0xc0,0xe0,0x0f,0xfe,0xb4,
0x88,0x07,0xfc,0x28,0x01,0xff,0xd5,0x36,0x00,0xff,0xe0,0x48,0x07,0xff,0x5b,0x80,0x3f,0xf8,0x02,0xe0,0x1f,0xfd,0x59,0x20,
0x0f,0xfe,0x04,0x80,0x7f,0xf5,0x55,0x80,0x3f,0xf8,0x02,0xe0,0x1f,0xfd,0x42,0xa0,0x0f,0xfe,0x0d,0x80,0x7f,0xf5,0x7c,0x03,
0xff,0x82,0x8a,0x01,0xff,0xd4,0xa2,0x00,0xff,0xe0,0xc8,0x07,0xff,0x52,0x14,0x03,0xff,0x83,0x24,0x01,0xff,0xd3,0x57,0x00,
0xff,0xe0,0xa3,0x00,0x7f,0xf4,0xce,0x80,0x3f,0xf8,0x23,0x40,0x1f,0xfd,0x32,0xd0,0x0f,0xfe,0x16,0x88,0x07,0xff,0x4f,0xc4,
0x03,0xff,0x83,0x26,0x01,0xff,0xd3,0xb2,0x00,0xff,0xe0,0xb3,0x00,0x3f,0xfa,0x72,0x80,0x1f,0xfc,0x13,0x90,0x0f,0xfe,0x9b,
0xb0,0x07,0xff,0x04,0x74,0x03,0xff,0xa6,0x90,0x01,0xff,0xc2,0xc1,0x00,0xff,0xe9,0x1d,0x80,0x7f,0xf0,0xac,0x80,0x3f,0xfa,
0x43,0xa0,0x1f,0xfc,0x28,0x40,0x0f,0xfe,0x9e,0x88,0x07,0xff,0x05,0x9c,0x03,0xff,0xa7,0x66,0x01,0xff,0xc1,0x49,0x00,0xff,
0xe9,0xca,0x00,0x7f,0xf0,0x4e,0xc0,0x3f,0xfa,0x6c,0xc0,0x0f,0xfe,0x08,0xe8,0x07,0xff,0x4d,0x24,0x03,0xff,0x82,0x38,0x20,
0x1f,0xfd,0x23,0xb0,0x0f,0xfe,0x16,0x90,0x07,0xff,0x48,0xb4,0x03,0xff,0x85,0x46,0x01,0xff,0xd2,0x1f,0x10,0x0f,0xfe,0x0c,
0x28,0x07,0xff,0x4f,0x48,0x03,0xff,0x82,0xee,0x00,0xff,0xe9,0xd1,0x80,0x7f,0xf0,0x56,0x00,0x3f,0xfa,0x72,0xa0,0x1f,0xfc,
0x14,0xa0,0x0f,0xfe,0x9b,0xb0,0x07,0xff,0x04,0xec,0x03,0xff,0xa6,0xd0,0x01,0xff,0xc1,0x2d,0x00,0xff,0xe9,0xa4,0x80,0x7f,
0xf0,0x47,0xc4,0x03,0xff,0xa4,0x76,0x01,0xff,0xc2,0xd2,0x00,0xff,0xe9,0x16,0x00,0x7f,0xf0,0xac,0xc0,0x3f,0xfa,0x43,0x80,
0x1f,0xfc,0x24,0x26,0x6f,0xfe,0x82,0x00,0x2c,0x40,0x3f,0xf8,0x49,0x33,0xff,0xd1,0xb5,0x06,0x00,0xff,0xf1,0x18,0x07,0xff,
0xfc,0x03,0xff,0xfe,0x01,0xff,0xff,0x00,0xff,0xff,0x80,0x7f,0xf8,0x2c,0x03,0xff,0xc2,0x28,0x00,0x00,0x07,0xff,0xff,0xef,
0x60,0x02,0xc0,0x3f,0xfb,0xc6,0x40,0x1f,0xfe,0x11,0x00,0xff,0xff,0x80,0x7f,0xff,0xc0,0x3f,0xff,0xe0,0x1f,0xfe,0x87,0x00,
0xff,0xf0,0xd4,0xcf,0xff,0x39,0xc0,0x3f,0xf8,0x82,0x02,0xcd,0xff,0xce,0x20,0x0f,0xfe,0x19,0x10,0x03,0xff,0x9f,0x6a,0x01,
0xff,0xc2,0x1f,0x00,0xff,0xe7,0xda,0x00,0x7f,0xf0,0x87,0x08,0x03,0xff,0x9d,0x68,0x01,0xff,0xc2,0x1c,0x20,0x0f,0xfe,0x75,
0xa0,0x07,0xff,0x08,0x70,0x80,0x3f,0xf9,0xd6,0x80,0x1f,0xfc,0x21,0xc2,0x00,0xff,0xe7,0x5a,0x00,0x7f,0xf0,0x87,0x08,0x03,
0xff,0x9d,0x68,0x01,0xff,0xc2,0x1c,0x20,0x0f,0xfe,0x75,0xa0,0x07,0xff,0x08,0x70,0x80,0x3f,0xf9,0xd6,0x80,0x1f,0xfc,0x21,
0xd2,0x00,0xff,0xe7,0x62,0x00,0x7f,0xf0,0x87,0x4c,0x03,0xff,0x9d,0x86,0x01,0xff,0xc3,0xd3,0x00,0xff,0xe7,0x61,0x80,0x7f,
0xf0,0xf0,0xc0,0x3f,0xf9,0xd8,0x60,0x1f,0xfc,0x3c,0x30,0x0f,0xfe,0x76,0x18,0x07,0xff,0x0f,0x0c,0x03,0xff,0x9d,0x86,0x01,
0xff,0xc3,0xb3,0x00,0xff,0xe6,0x8e,0x18,0x07,0xff,0x0c,0xc0,0x40,0x3f,0xf9,0xb6,0x60,0x1f,0xfc,0x43,0xbe,0xd8,0x30,0x0f,
0xfe,0xf9,0x3e,0x59,0x80,0x7f,0xf2,0x2c,0x40,0x3f,0xf9,0x49,0x92,0x01,0xff,0xc7,0x1b,0x00,0xff,0xe6,0x36,0x88,0x07,0xff,
0x19,0x58,0x03,0xff,0x98,0x58,0x20,0x1f,0xfc,0x69,0x20,0x0f,0xfe,0x61,0x60,0x07,0xff,0x1f,0x80,0x3e,0x22,0x08,0x07,0xff,
0x0c,0xa8,0x03,0xff,0x8c,0x70,0x01,0xa3,0xb7,0x5d,0xc9,0x30,0x0f,0xfe,0x0a,0xa0,0x07,0xff,0x19,0xd0,0x17,0x9c,0x40,0x21,
0x6c,0xb1,0x00,0xff,0xe0,0x50,0x07,0xff,0x1e,0xfa,0x84,0x03,0xf2,0x60,0x80,0x7f,0xc2,0xc0,0x1f,0xfc,0x71,0x00,0xff,0x8b,
0x00,0x3f,0xf8,0x16,0x01,0xff,0xd4,0x28,0x00,0xff,0x88,0xc0,0x3f,0xfa,0x8e,0x20,0x1f,0xf5,0x00,0x7f,0xf5,0x58,0x03,0xfe,
0x40,0x0f,0xfe,0xad,0x00,0x7f,0xc4,0x20,0x1f,0xfd,0x42,0x10,0x0f,0xf9,0x00,0x3f,0xfa,0xa8,0x01,0xff,0x10,0x07,0xff,0x54,
0x80,0x3f,0xed,0x00,0xff,0xea,0xf0,0x07,0xfc,0xc0,0x1f,0xfd,0x53,0x00,0xff,0x84,0x03,0xff,0xaa,0x20,0x1f,0xfc,0x13,0x3f,
0xf0,0x80,0x7f,0xf5,0x4f,0x33,0xfe,0xe1,0x00,0xff,0xea,0x90,0x07,0xfc,0xa0,0x1f,0xfc,0x81,0x00,0xff,0x8c,0xc0,0x1f,0xf0,
0x80,0x7f,0xf2,0x0c,0x03,0xff,0x80,0x20,0x1f,0xf6,0x80,0x7f,0xf2,0x38,0x03,0xfe,0x66,0x00,0x7f,0xc6,0x01,0xff,0xc8,0x30,
0x0f,0xf8,0x88,0x01,0xff,0x28,0x07,0xff,0x21,0x00,0x3f,0xee,0xd0,0x0f,0xf8,0x50,0x03,0xff,0x8c,0x80,0x1f,0xfc,0x04,0x40,
0x07,0xff,0x03,0x80,0x3f,0xf8,0xde,0x01,0xff,0xc0,0x31,0x30,0x0f,0xf9,0x48,0x03,0xff,0x88,0x48,0x01,0xff,0x20,0x02,0xc0,
0x3f,0xf8,0x12,0x01,0xff,0xc4,0xe0,0x0f,0xfe,0x06,0x80,0x18,0x03,0xff,0x80,0x90,0x01,0xff,0xc2,0x93,0x00,0xff,0xe0,0x38,
0x00,0x58,0x03,0xff,0x80,0xf2,0x01,0xff,0xc0,0x96,0x00,0xff,0xe0,0x30,0x80,0x56,0x01,0xff,0xc1,0x6d,0x50,0x0f,0xcb,0xac,
0x01,0xff,0xc1,0xb0,0x0c,0x4e,0x01,0xff,0xc1,0x2a,0xea,0x86,0x78,0xae,0xa2,0x00,0xff,0xe0,0xa9,0x00,0x74,0x10,0x07,0xff,
0x08,0x55,0xe6,0x1d,0x44,0x03,0xff,0x84,0x36,0x01,0xf4,0x80,0x7f,0xf6,0x2c,0x40,0x3e,0x4a,0x00,0xff,0xeb,0x32,0x80,0x7f,
0x2c,0x00,0x7f,0xf5,0x16,0x40,0x3f,0xe7,0x90,0x0f,0xfe,0x92,0xd0,0x07,0xff,0x05,0xac,0x40,0x3f,0xf9,0xf1,0x40,0x1f,0xfc,
0x34,0xf5,0x00,0xff,0xe6,0x1e,0x38,0x07,0xff,0x14,0x6b,0x0c,0x03,0xff,0x90,0x55,0x86,0x01,0xff,0xc8,0x3c,0xd7,0x10,0x0f,
0xfe,0x1a,0xde,0xa8,0x07,0xff,0x30,0xa3,0xb6,0x58,0xc8,0x40,0x02,0x46,0xd3,0x9f,0x48,0x01,0xff,0xc1,0x00,0x00,0x00,0xff,
0xe4,0xd7,0xff,0xfc,0xe0,0x1f,0xfd,0xb5,0x50,0x07,0xff,0x9e,0x40,0x3f,0xf8,0x0c,0x01,0xff,0xda,0x33,0x00,0x7f,0xcc,0x20,
0x1f,0xfd,0xa8,0x00,0xff,0xe0,0x58,0x07,0xff,0x68,0x90,0x03,0xfe,0x52,0x00,0xff,0xed,0x58,0x07,0xff,0x02,0x40,0x3f,0xfb,
0x42,0xc0,0x1f,0xf1,0x98,0x03,0xff,0xb5,0x20,0x1f,0xfc,0x09,0x00,0xff,0xed,0xb0,0x07,0xfc,0x4a,0x01,0xff,0xda,0x61,0x00,
0xff,0xac,0x03,0xff,0xb7,0x60,0x1f,0xf0,0xb0,0x07,0xff,0x69,0x48,0x03,0xfe,0x60,0x0f,0xfe,0xdc,0x80,0x7f,0xf0,0x24,0x03,
0xff,0xb4,0x66,0x00,0xff,0x98,0x40,0x3f,0xfb,0x52,0x01,0xff,0xc0,0xb0,0x0f,0xfe,0xd1,0x28,0x07,0xfc,0x84,0x01,0xff,0xda,
0xb0,0x0f,0xfe,0x04,0x00,0x7f,0xf6,0x85,0x80,0x3f,0xe3,0x30,0x07,0xff,0x69,0x80,0x3f,0xf8,0x12,0x01,0xff,0xdb,0x90,0x0f,
0xf8,0x94,0x03,0xff,0xb4,0xc2,0x01,0xff,0x58,0x07,0xff,0x6e,0xc0,0x3f,0xe1,0x60,0x0f,0xfe,0xd2,0x10,0x07,0xfc,0xc0,0x1f,
0xfd,0xb8,0x00,0xff,0xe0,0x48,0x07,0xff,0x68,0xcc,0x01,0xff,0x30,0x80,0x7f,0xf6,0xa4,0x03,0xff,0x81,0x60,0x1f,0xfd,0xa2,
0x50,0x0f,0xf9,0x08,0x03,0xfe,0x5f,0xff,0xf7,0x10,0x07,0xff,0x0a,0xc0,0x3f,0xf8,0x1e,0x01,0xff,0xc0,0xf0,0x0f,0xf0,0xa0,
0x07,0xff,0x04,0x58,0x03,0xfe,0x34,0x00,0xff,0xed,0x30,0x07,0xff,0x02,0x40,0x3f,0xfb,0x72,0x01,0xff,0x0a,0x80,0x7f,0xf6,
0x98,0x40,0x3f,0xe9,0x00,0xff,0xed,0xd8,0x07,0xff,0x01,0xc0,0x3f,0xfb,0x48,0x40,0x1f,0xf3,0x80,0x7f,0xf6,0xfc,0x03,0xff,
0x81,0x20,0x1f,0xfd,0xa3,0x40,0x0f,0xf9,0x44,0x03,0xff,0xb5,0x20,0x1f,0xfc,0x09,0x00,0xff,0xed,0x0a,0x80,0x7f,0xc8,0x60,
0x1f,0xfd,0xa9,0x00,0xff,0xe0,0x78,0x07,0xff,0x6d,0xc0,0x3f,0xe2,0x40,0x0f,0xfe,0xd3,0x80,0x7f,0xf0,0x2c,0x03,0xff,0xb7,
0x20,0x1f,0xfc,0x06,0x00,0xff,0xe3,0x08,0x07,0xfc,0x20,0x1f,0x28,0x80,0x7f,0xf0,0x3f,0xff,0xf8,0xe8,0x01,0xff,0x47,0xff,
0x18,0x48,0x07,0xff,0x9a,0xc0,0xc0,0x3f,0xff,0xe0,0x1f,0xff,0xf0,0x0f,0xff,0xf8,0x07,0xff,0xfc,0x03,0xff,0xfe,0x01,0xff,
0xe2,0xf0,0xd9,0x9f,0xfe,0xa0,0x80,0x7f,0xc9,0x33,0xa9,0xc0,0x99,0xbf,0xfa,0x88,0x01,0xff,0x6b,0x36,0x50,0x0f,0xff,0xf8,
0x07,0xff,0xfc,0x03,0xff,0xfe,0x01,0xff,0xff,0x00,0xff,0xff,0x80,0x7f,0xff,0xc0,0x3f,0xff,0xe0,0x1f,0xff,0xf0,0x0f,0xff,
0xf8,0x07,0xff,0xfc,0x03,0xff,0xfe,0x01,0xff,0xff,0x00,0xff,0xec,0x78,0x07,0xf8,0x50,0x03,0xc0,0x00,0x00,0x4f,0xff,0xfe,
0xef,0x08,0x05,0xa0,0x1f,0xfd,0xd1,0x40,0x0f,0xff,0xf8,0x07,0xff,0xfc,0x03,0xff,0xfe,0x01,0xff,0xff,0x00,0xff,0xff,0x88,
0x07,0xff,0x0c,0xe6,0x7f,0xfa,0x36,0x80,0x1f,0xfc,0x3b,0x66,0xff,0xe8,0xa0,0x07,0xff,0xfc,0x03,0xff,0xfe,0x01,0xff,0xff,
0x00,0xff,0xe7,0x08,0x07,0xff,0xfc,0x03,0xff,0xfe,0x01,0xff,0xff,0x00,0xff,0xff,0x80,0x7f,0xff,0xc0,0x3f,0xff,0xe0,0x1f,
0xfc,0xd1,0x58,0xcd,0xef,0xf7,0x6d,0xc2,0x08,0x07,0xff,0x4d,0x6f,0xa9,0xcc,0x84,0x00,0x24,0x8f,0x7d,0x6a,0x01,0xff,0xcf,
0x4d,0xa4,0x00,0xff,0xe1,0x25,0x73,0x00,0x7f,0xf2,0xfa,0xac,0x80,0x3f,0xf8,0xc3,0x3a,0x60,0x1f,0xfc,0x97,0x50,0x0f,0xfe,
0x51,0x63,0x00,0x7f,0xf8,0xa6,0x40,0x1f,0xfe,0x26,0x80,0x0f,0xff,0x13,0xb0,0x07,0xff,0x8a,0x48,0x03,0xff,0xc5,0xc0,0x1f,
0xfc,0xb1,0x47,0x89,0x86,0x20,0x0f,0xfe,0x19,0xa8,0x07,0xff,0x21,0x2f,0xae,0x1d,0x9e,0x77,0x4c,0x01,0xff,0xc2,0x80,0x0f,
0xfe,0x30,0xdd,0x90,0x03,0xf1,0x4e,0x88,0x07,0xff,0x00,0x8c,0x03,0xff,0x88,0x5e,0x80,0x1f,0xfc,0x02,0xf1,0x00,0xff,0xe0,
0x50,0x07,0xff,0x13,0xc4,0x03,0xff,0x84,0x3a,0x01,0xff,0xc0,0x70,0x0f,0xfe,0x1b,0x90,0x07,0xff,0x10,0xd0,0x03,0xfe,0x12,
0x0f,0x00,0xff,0x86,0x40,0x3f,0xf8,0xdc,0x01,0xff,0xc0,0x70,0x6d,0xcc,0xff,0x78,0x80,0x7f,0xf1,0x94,0x03,0xff,0x81,0xa0,
0x02,0x33,0xff,0x08,0x07,0xff,0x20,0x80,0x3f,0xe3,0x00,0xff,0xeb,0x20,0x07,0xfc,0xc0,0x1f,0xfd,0x6f,0x00,0xff,0x8c,0x03,
0xff,0xac,0x60,0x1f,0xf0,0x80,0x7f,0xf5,0x84,0x03,0xff,0xc4,0xe0,0x1f,0xfe,0x27,0x00,0xff,0xf1,0x08,0x07,0xff,0x04,0xa2,
0x3f,0xe2,0x00,0xff,0xe4,0x10,0x07,0xfc,0x21,0x0e,0xff,0xf4,0x80,0x7f,0xf2,0x30,0x03,0xfe,0x20,0x30,0x0f,0xf9,0x00,0x3f,
0xf9,0x08,0x01,0xff,0x30,0x60,0x07,0xff,0x01,0x40,0x3f,0xf8,0xca,0x01,0xff,0xc0,0xd0,0x40,0x0f,0xfe,0x07,0x00,0x7f,0xf1,
0xb8,0x03,0xff,0x80,0x60,0x24,0x01,0xff,0x21,0x80,0x7f,0xf1,0x0d,0x00,0x3f,0xf8,0x08,0x00,0x50,0x0f,0xfe,0x07,0x80,0x7f,
0xf1,0x3c,0x03,0xff,0x80,0x80,0x15,0x00,0x7f,0xf0,0x0e,0x40,0x3f,0xf8,0x54,0x60,0x1f,0xfc,0x0e,0x00,0x89,0x00,0x3f,0xf8,
0x0d,0x40,0x1f,0xf0,0xd2,0x80,0x7f,0xf0,0x05,0x40,0x37,0x80,0x7f,0xf0,0x57,0x54,0x03,0xf3,0x7a,0x80,0x7f,0xf0,0x64,0x03,
0x91,0x00,0x1f,0xfc,0x12,0xae,0xb8,0x67,0x8b,0xf9,0x10,0x0f,0xfe,0x08,0xb8,0x07,0xa8,0x03,0xff,0x86,0x28,0xf3,0x0e,0x80,
0x1f,0xfc,0x4a,0x00,0xf8,0x64,0x03,0xff,0xb0,0xc8,0x01,0xf9,0x9c,0x03,0xff,0xac,0x92,0x01,0xfe,0x86,0x00,0xff,0xea,0x1d,
0x80,0x7f,0xf0,0x25,0x80,0x3f,0xfa,0x49,0xa0,0x1f,0xfc,0x29,0xa0,0x0f,0xfe,0x83,0xd8,0x80,0x7f,0xf0,0xd7,0x50,0x03,0xff,
0x98,0x79,0x00,0x1f,0xfc,0x62,0xbb,0x18,0x07,0xff,0x20,0xab,0x0c,0x03,0xff,0x92,0x99,0x87,0x10,0x0f,0xfe,0x1b,0x5e,0xa8,
0x07,0xff,0x34,0xe3,0xb2,0x58,0xc8,0x40,0x02,0x46,0xb3,0x9f,0x28,0x01,0xff,0xc2,0x00,0x00,0x00,0xff,0xe1,0x93,0x4d,0xef,
0x7f,0xdd,0xb7,0x2c,0x40,0x1f,0xfd,0x03,0xae,0xd9,0x64,0x21,0x00,0x84,0x91,0xa7,0x7a,0x4c,0x03,0xff,0x96,0xdb,0x8a,0x20,
0x1f,0xfc,0x31,0x6c,0xd5,0x00,0xff,0xe3,0xa6,0xc9,0x00,0x7f,0xf2,0x4a,0xb0,0xc0,0x3f,0xf8,0x91,0x64,0x01,0xff,0xcd,0x3c,
0x70,0x0f,0xfe,0x16,0x38,0x07,0xff,0x46,0x28,0x03,0xff,0x81,0x86,0x01,0xff,0xd3,0x5a,0x00,0xff,0x59,0x80,0x7f,0xf5,0x56,
0x00,0x3f,0x3a,0x00,0x7f,0xf5,0xdd,0x00,0x3c,0x50,0x01,0xff,0xd9,0x90,0x0f,0x48,0x07,0xff,0x10,0x9a,0x26,0x18,0x80,0x3f,
0xf8,0x64,0xe0,0x18,0xd0,0x03,0xff,0x84,0xdb,0xa9,0x76,0x79,0xdd,0x28,0x07,0xff,0x0a,0x40,0x35,0x00,0x7f,0xf0,0x47,0x24,
0x80,0x3e,0x2a,0xa0,0x07,0xff,0x04,0x50,0x02,0x70,0x0f,0xfe,0x00,0xf9,0x80,0x7f,0xcb,0x80,0x1f,0xfc,0x1e,0x00,0x10,0x80,
0x7f,0xf0,0x34,0x40,0x3f,0xf8,0x27,0x20,0x1f,0xfc,0x07,0x00,0x20,0x07,0xff,0x01,0x8c,0x03,0xff,0x86,0xc4,0x01,0xff,0x10,
0x03,0x80,0x3f,0xf8,0x10,0x01,0xff,0xc5,0xb0,0x0f,0xfe,0x01,0x00,0x80,0x7f,0xc6,0x20,0x1f,0xfc,0x57,0x00,0xff,0xe0,0x08,
0x18,0x07,0xfc,0x80,0x1f,0xfc,0x61,0x10,0x07,0xfc,0xe0,0x20,0x1f,0xf7,0x80,0x7f,0xf1,0xcc,0x03,0xff,0x9a,0x20,0x1f,0xfc,
0x71,0x00,0xff,0xf0,0xd8,0x07,0xf8,0x54,0x03,0xff,0xaa,0xff,0xdd,0xfe,0x10,0x0f,0xfe,0xb8,0x8f,0xf0,0x07,0xff,0xfc,0x03,
0xff,0xfe,0x01,0xff,0xec,0x48,0xbd,0xff,0xbb,0x72,0x58,0x80,0x3f,0xfa,0x45,0x3f,0x6e,0x84,0x01,0x09,0x1b,0x4e,0xe3,0x80,
0x7f,0xf3,0xe7,0x58,0x03,0xff,0x84,0x71,0xf0,0x01,0xff,0xcb,0x2d,0x60,0x0f,0xfe,0x3b,0xea,0x00,0x7f,0xf2,0x37,0x08,0x03,
0xff,0x92,0x56,0xe0,0x1f,0xfc,0x74,0x10,0x0f,0xfe,0x64,0x48,0x07,0xff,0x85,0xa0,0x03,0xff,0xc2,0xec,0x01,0xff,0xe1,0x92,
0x00,0xff,0xf0,0xc8,0x07,0xff,0x28,0x55,0xe2,0x61,0x44,0x03,0xff,0x86,0x88,0x00,0xff,0xe3,0x9d,0xf5,0x43,0xb3,0xd7,0x62,
0x00,0x7f,0xf0,0xbc,0x03,0xff,0x8d,0x18,0x80,0x1f,0x8e,0xe4,0x03,0xff,0x82,0x84,0x01,0xff,0xc4,0x97,0x00,0xff,0xe0,0x35,
0x00,0x7f,0xf0,0x68,0x03,0xff,0x86,0xcc,0x00,0xff,0xe1,0x2b,0x80,0x7f,0xf0,0x10,0x03,0xff,0x87,0x00,0x1f,0xfc,0x48,0x20,
0x0f,0xf8,0xc4,0x03,0xff,0x82,0xc2,0x01,0xff,0xc5,0xb0,0x0f,0xfe,0x02,0x00,0x7f,0xf0,0x68,0x03,0xff,0x8c,0xc0,0x1f,0xfc,
0x02,0x00,0xff,0xe0,0x98,0x07,0xff,0x1d,0x00,0x3f,0xed,0x00,0xff,0xe0,0x20,0x07,0xff,0x23,0x00,0x3f,0xe6,0x00,0xff,0xe0,
0x10,0x07,0xff,0x20,0x80,0x3f,0xe1,0x00,0xff,0xe0,0x70,0x07,0xff,0x21,0x80,0x3f,0xf9,0x82,0x01,0xff,0xc8,0x10,0x0f,0xf8,
0xc4,0x03,0xff,0xa8,0x60,0x1f,0xfe,0x13,0x00,0xff,0xe0,0x18,0x07,0xfc,0x20,0x1f,0xfc,0x81,0x00,0xff,0x8c,0x40,0x3f,0xef,
0x00,0xff,0xe4,0x30,0x07,0xfc,0x3c,0x01,0xff,0x10,0x07,0xff,0x23,0x40,0x3f,0xe6,0x20,0x0f,0xf9,0x00,0x3f,0xf9,0x08,0x01,
0xff,0x12,0x80,0x7f,0xc2,0x60,0x1f,0xfc,0x61,0x30,0x0f,0xfb,0x44,0x80,0x3f,0xea,0x00,0xff,0xe3,0x30,0x07,0xff,0x01,0x01,
0x00,0x3f,0xe6,0x10,0x0f,0xfe,0x2c,0x80,0x7f,0xc4,0x21,0xa0,0x1f,0xfc,0x0b,0x00,0xff,0xe2,0x48,0x80,0x7f,0xca,0x00,0x41,
0x00,0xff,0x95,0x80,0x3f,0xf8,0x4a,0xc0,0x1f,0xfc,0x0a,0x00,0xa4,0x03,0xff,0x81,0x2e,0x01,0xff,0xc0,0x6a,0x00,0xff,0xe0,
0x19,0x00,0x4c,0x01,0xff,0xc1,0x8c,0x40,0x0f,0xc7,0x72,0x01,0xff,0xc1,0x80,0x0c,0x2e,0x01,0xff,0xc1,0x3b,0xea,0x87,0x67,
0xae,0xc4,0x00,0xff,0xe0,0x9a,0x00,0x74,0x10,0x07,0xff,0x08,0x55,0xe2,0x61,0x44,0x03,0xff,0x87,0xe0,0x1f,0x70,0x07,0xff,
0x61,0xcc,0x03,0xe3,0x80,0x0f,0xfe,0xb1,0xc0,0x07,0xf3,0xb8,0x03,0xff,0xa8,0x5a,0x01,0xff,0x43,0x80,0x7f,0xf4,0x8b,0x04,
0x03,0xff,0x81,0x14,0x01,0xff,0xd0,0x5d,0x10,0x0f,0xfe,0x12,0xea,0x00,0x7f,0xf3,0x06,0xa8,0x01,0xff,0xc5,0x2b,0xb1,0x00,
0x7f,0xf2,0x63,0x94,0x03,0xff,0x90,0x9b,0x8c,0x20,0x1f,0xfc,0x34,0x9f,0x70,0x0f,0xfe,0x61,0xcf,0x64,0xb1,0x90,0x80,0x04,
0x8d,0x62,0xfa,0xd8,0x03,0xff,0x82,0x00,0x00,0x1d,0xff,0xff,0xf0,0x4a,0x90,0x07,0xff,0x81,0x80,0x3f,0xff,0xe0,0x1f,0xff,
0xf0,0x0f,0xff,0xf8,0x07,0xff,0xfc,0x03,0xff,0xfe,0x01,0xff,0x0c,0xcf,0xff,0x2a,0x00,0x3f,0xf8,0x04,0x01,0xfe,0x56,0x6f,
0xfe,0x52,0x00,0x7f,0xf0,0x14,0x03,0xff,0xab,0x40,0x1f,0xfc,0x0a,0x00,0xff,0xea,0xb8,0x07,0xfc,0x64,0x01,0xff,0xd4,0x51,
0x00,0xff,0xa8,0x03,0xfe,0x10,0x0f,0xfe,0x4f,0x00,0x7f,0xf0,0x1c,0x10,0xc4,0x7e,0x2e,0x00,0xff,0xe4,0x0a,0x00,0x7f,0xca,
0x20,0x0c,0xee,0xfb,0x50,0x03,0xff,0x90,0xc0,0x1f,0xfc,0x0e,0x00,0xff,0xea,0xd0,0x07,0xfc,0x28,0x01,0xff,0xd4,0x32,0x00,
0xff,0x98,0x03,0xff,0xab,0x40,0x1f,0xfc,0x0a,0x00,0xff,0xea,0xb0,0x07,0xfc,0x64,0x01,0xff,0xd4,0x50,0x0f,0xfe,0x05,0x00,
0x7f,0xf5,0x64,0x03,0xff,0x80,0xc0,0x1f,0xfd,0x42,0x30,0x0f,0xf9,0x40,0x3f,0xfa,0xb4,0x01,0xff,0xc0,0xe0,0x0f,0xfe,0xab,
0x00,0x7f,0xc2,0x80,0x1f,0xfd,0x44,0x10,0x0f,0xf9,0x80,0x3f,0xfa,0xbc,0x01,0xff,0xc0,0xa0,0x0f,0xfe,0xa0,0xa8,0x07,0xfc,
0x64,0x01,0xff,0xd4,0x70,0x0f,0xfe,0x05,0x00,0x7f,0xf5,0x68,0x03,0xff,0x80,0xc0,0x1f,0xfd,0x42,0x30,0x0f,0xf9,0x40,0x3f,
0xfa,0xb4,0x01,0xff,0xc0,0xe0,0x0f,0xfe,0xab,0x00,0x7f,0xc2,0x80,0x1f,0xfd,0x44,0x10,0x0f,0xf9,0x80,0x3f,0xfa,0xbe,0x01,
0xff,0xc0,0xa0,0x0f,0xfe,0xa0,0xa0,0x07,0xfc,0x64,0x01,0xff,0xd4,0x60,0x0f,0xfe,0x05,0x00,0x7f,0xf5,0x68,0x03,0xff,0x80,
0xc0,0x1f,0xfd,0x43,0x20,0x0f,0xf9,0x40,0x3f,0xfa,0xb4,0x01,0xff,0xc0,0xe0,0x0f,0xfe,0xab,0x80,0x7f,0xc4,0x80,0x1f,0xfd,
0x45,0x10,0x0f,0xfa,0x80,0x3f,0xfa,0xbc,0x01,0xff,0xc0,0x50,0x0f,0xfe,0xa0,0xa0,0x07,0xfc,0x84,0x01,0xff,0xd4,0x60,0x0f,
0xfe,0x07,0x00,0x7f,0xf5,0x68,0x03,0xff,0x80,0xa0,0x1f,0xfd,0x43,0x20,0x0f,0xf9,0x80,0x3f,0xfa,0xb2,0x01,0xff,0xc0,0xa0,
0x0f,0xfe,0xaa,0x80,0x7f,0xc4,0x60,0x1f,0xfd,0x46,0x00,0xff,0xe0,0x50,0x07,0xff,0x56,0x80,0x3f,0xf8,0x0c,0x01,0xff,0xd4,
0x23,0x00,0xff,0x90,0x40,0x3f,0xfa,0x94,0x01,0xff,0xc0,0xe0,0x0f,0xfe,0xab,0x00,0x7f,0xf0,0x14,0x03,0xff,0xa8,0x82,0x01,
0xff,0x30,0x07,0xff,0x57,0x80,0x3f,0xf8,0x14,0x01,0xff,0xd4,0x15,0x00,0xff,0x88,0xc0,0x3f,0xfa,0x8e,0x01,0xff,0xc0,0xa0,
0x0f,0xfe,0xad,0x00,0x7f,0xf0,0x18,0x03,0xff,0xa8,0x46,0x01,0xff,0x20,0x80,0x7f,0xf5,0x2c,0x03,0xff,0x81,0xc0,0x1f,0xfd,
0x57,0x00,0xff,0xe0,0x28,0x07,0xff,0x51,0x44,0x03,0xfe,0x60,0x0f,0xfe,0xaf,0x00,0x7f,0xf0,0x28,0x03,0xff,0xa8,0x28,0x01,
0xff,0x11,0x80,0x7f,0xf5,0x18,0x03,0xff,0x81,0x40,0x1f,0xfd,0x5a,0x00,0xff,0xe0,0x30,0x07,0xff,0x50,0xc8,0x03,0xfe,0x41,
0x00,0xff,0xea,0x50,0x07,0xff,0x03,0x80,0x3f,0xfa,0xac,0x01,0xff,0x0a,0x80,0x7f,0xf5,0x44,0x03,0xfe,0x90,0x0f,0xfe,0x58,
0x00,0x00,0x00,0xff,0xe2,0xa3,0xd6,0x77,0xfd,0xdb,0x72,0xc4,0x01,0xff,0xd2,0x5b,0xfb,0x85,0x31,0x00,0x84,0x91,0xa7,0x7a,
0x48,0x03,0xff,0x9a,0xfd,0x48,0x01,0xff,0xc3,0x16,0xdb,0x30,0x0f,0xfe,0x4a,0xf4,0x08,0x07,0xff,0x21,0x32,0x84,0x03,0xff,
0x8d,0x34,0x20,0x1f,0xfc,0xc5,0xf3,0x00,0xff,0xe2,0x63,0x00,0x7f,0xf3,0xc7,0x10,0x03,0xff,0x85,0x86,0x01,0xff,0xd2,0xb4,
0x00,0xff,0xe0,0x51,0x80,0x7f,0xf5,0x2c,0x80,0x3f,0xce,0xa0,0x1f,0xfd,0x6f,0x00,0xfe,0x28,0x00,0xff,0xeb,0x94,0x00,0x7e,
0x90,0x0f,0xfe,0x19,0x2c,0x4c,0x31,0x80,0x7f,0xf0,0xdc,0x80,0x3c,0xa8,0x01,0xff,0xc1,0x4c,0xda,0x76,0x79,0xce,0x60,0x0f,
0xfe,0x14,0x00,0x7b,0x80,0x3f,0xf8,0x33,0x66,0x01,0xf0,0xcd,0x88,0x07,0xff,0x01,0x44,0x03,0x12,0x00,0x7f,0xf0,0x29,0x80,
0x3f,0xe4,0xf1,0x00,0xff,0xe0,0x38,0x06,0xa0,0x0f,0xfe,0x03,0xa8,0x07,0xff,0x04,0x74,0x03,0xff,0x81,0x40,0x19,0x00,0x3f,
0xe1,0x80,0x0f,0xfe,0x19,0xc0,0x07,0xfc,0x60,0x18,0xc0,0x3f,0xe9,0x00,0xff,0xe2,0xb8,0x07,0xff,0x00,0xc0,0x04,0x01,0xff,
0xc0,0x60,0x0f,0xfe,0x32,0x00,0x7f,0xca,0x00,0x60,0x0f,0xf8,0x84,0x03,0xff,0x8d,0x80,0x1f,0xf0,0x80,0x04,0x03,0xfe,0x70,
0x0f,0xfe,0x39,0x80,0x7f,0xde,0x01,0xff,0xc2,0x30,0x0f,0xfe,0x98,0x80,0x7f,0xf0,0x8c,0x03,0xff,0xa6,0x20,0x01,0x00,0xff,
0x98,0x03,0xff,0x8e,0x40,0x1f,0xf7,0x80,0x14,0x03,0xfe,0x30,0x0f,0xfe,0x3f,0x80,0x7f,0xc4,0x00,0x11,0x00,0x7f,0xc8,0x01,
0xff,0xc6,0x40,0x0f,0xf9,0xc0,0x24,0x00,0xff,0xb8,0x03,0xff,0x8a,0x64,0x01,0xff,0x10,0x05,0xe0,0x1f,0xf2,0x98,0x07,0xff,
0x12,0x00,0x3f,0xe6,0x00,0xca,0x01,0xff,0xc0,0xe0,0x0f,0xfe,0x1b,0xa0,0x07,0xfd,0xa0,0x1c,0xe0,0x1f,0xf1,0x58,0x07,0xff,
0x05,0xa0,0x03,0xfe,0x24,0x00,0xe8,0x10,0x0f,0xf9,0x30,0x80,0x3f,0x86,0xa4,0x03,0xff,0x81,0x20,0x1f,0x40,0x07,0xff,0x00,
0xf6,0xd8,0x80,0x22,0x5a,0xe5,0x00,0xff,0xe0,0x22,0x00,0x3e,0x64,0x00,0xff,0xe0,0xa4,0xef,0xfd,0xb4,0xa0,0x1f,0xfc,0x11,
0xa0,0x0f,0xea,0x20,0x0f,0xfe,0xb6,0x08,0x07,0xf0,0xf8,0x80,0x7f,0xf5,0x30,0x80,0x3f,0xe2,0xc2,0x00,0xff,0xe8,0x96,0x18,
0x07,0xff,0x04,0xb4,0x03,0xff,0xa3,0xe6,0x01,0xff,0xc2,0x1b,0x00,0xff,0xe8,0xf9,0x80,0x7f,0xf0,0x53,0xd0,0x03,0xff,0xa2,
0x58,0xc0,0x1f,0xf2,0x58,0x80,0x7f,0xf5,0x25,0xc0,0x3f,0x8a,0xc0,0x3f,0xfa,0xf0,0xa0,0x1f,0xbc,0x03,0xff,0x84,0xb5,0xbf,
0xf7,0x5b,0x90,0x07,0xff,0x06,0x88,0x03,0xce,0x40,0x1f,0xfc,0x05,0xea,0x52,0x00,0x85,0x23,0x68,0x40,0x3f,0xf8,0x12,0x01,
0xc3,0x00,0x1f,0xfc,0x09,0xa1,0x00,0xff,0x2f,0x90,0x07,0xfc,0x88,0x00,0xcc,0x01,0xff,0xc0,0x86,0x00,0xff,0xe0,0x8e,0x08,
0x07,0xfd,0xe0,0x1a,0x80,0x3f,0xe3,0x70,0x0f,0xfe,0x18,0xd8,0x07,0xfc,0x84,0x00,0x32,0x00,0xff,0xbc,0x03,0xff,0x8a,0xa4,
0x01,0xff,0x28,0x02,0xc0,0x3f,0xe2,0x30,0x0f,0xfe,0x35,0x80,0x7f,0xd6,0x00,0x40,0x0f,0xf9,0x40,0x3f,0xf8,0xee,0x01,0xff,
0x18,0x00,0xc0,0x3f,0xec,0x00,0xff,0xe3,0x89,0x00,0x7f,0xc6,0x40,0x1f,0xfc,0x06,0x00,0xff,0xe4,0x30,0x07,0xfc,0xcc,0x00,
0xff,0xe0,0x10,0x07,0xff,0x20,0x80,0x3f,0xed,0x10,0x0f,0xfe,0xa8,0x80,0x7f,0xf0,0x0c,0x03,0xff,0xc2,0x20,0x1f,0xfd,0x61,
0x00,0xff,0xe0,0x18,0x07,0xff,0x00,0x40,0x3f,0xf9,0x06,0x01,0xff,0xc0,0x10,0x0f,0xfe,0x01,0x00,0x7f,0xf2,0x1c,0x03,0xfe,
0x16,0x00,0xff,0xe0,0x28,0x07,0xff,0x20,0x80,0x3f,0xee,0x20,0x0f,0xfe,0x06,0x80,0x7f,0xf1,0xd0,0x03,0xff,0x80,0xa0,0x40,
0x1f,0xf2,0x08,0x07,0xff,0x1b,0x80,0x3f,0xf8,0x04,0x08,0x01,0xff,0xc0,0x90,0x0f,0xfe,0x29,0xa8,0x07,0xfc,0x42,0x1a,0x01,
0xff,0xc0,0x72,0x00,0xff,0xe2,0x78,0x07,0xff,0x01,0x40,0x08,0x20,0x1f,0xfc,0x0f,0x10,0x0f,0xfe,0x14,0x98,0x07,0xff,0x02,
0xc0,0x26,0x00,0xff,0xe0,0x16,0x10,0x07,0xff,0x02,0x58,0x03,0xff,0x80,0x46,0x01,0x48,0x07,0xff,0x04,0xb6,0x04,0x03,0xf2,
0xeb,0x00,0x7f,0xf0,0x6c,0x03,0x0b,0x80,0x7f,0xf0,0x9f,0xb2,0x5d,0x9e,0x2b,0xa8,0x80,0x3f,0xf8,0x22,0xc0,0x1d,0x02,0x01,
0xff,0xc3,0x36,0x89,0x87,0x51,0x00,0xff,0xe1,0xd0,0x07,0xd4,0x01,0xff,0xd9,0x54,0x00,0xf9,0x20,0x03,0xff,0xae,0x74,0x01,
0xfc,0xea,0x01,0xff,0xd5,0x2d,0x00,0xff,0xa9,0x80,0x3f,0xfa,0x67,0x82,0x01,0xff,0xc0,0x99,0x00,0x7f,0xf4,0x57,0x04,0x03,
0xff,0x84,0xda,0x80,0x1f,0xfc,0xd2,0xba,0x00,0xff,0xe2,0x95,0xd9,0x00,0x3f,0xf9,0x23,0x1a,0x80,0x1f,0xfc,0x84,0xbd,0x72,
0x00,0xff,0xe2,0x2d,0x73,0x80,0x7f,0xf3,0x0a,0x37,0xa9,0xd0,0x84,0x02,0x12,0x36,0x8b,0xfa,0x50,0x0f,0xfe,0x08,0x00,0x00,
0x00,0xff,0xe2,0x0a,0x3d,0x6e,0xbb,0xfd,0xdb,0x70,0xa4,0x01,0xff,0xd1,0x16,0xbe,0xb8,0x52,0x20,0x80,0x04,0x91,0xeb,0x75,
0x04,0x01,0xff,0xcd,0x7e,0x94,0x00,0xff,0xe1,0x93,0xed,0x90,0x07,0xff,0x25,0xba,0x00,0x3f,0xf9,0x29,0xb4,0x20,0x1f,0xfc,
0x6a,0x91,0x00,0xff,0xe6,0x2f,0x98,0x07,0xff,0x0c,0x75,0x40,0x3f,0xf9,0xe3,0x8c,0x01,0xff,0xc1,0x1c,0x20,0x0f,0xfe,0x94,
0xb0,0x07,0xff,0x03,0x08,0x03,0xff,0xa9,0x2a,0x01,0xfe,0xa2,0x00,0xff,0xeb,0x51,0x00,0x7e,0x55,0x00,0x7f,0xf6,0x38,0x03,
0xf5,0x80,0x7f,0xf0,0xc9,0x62,0x61,0xd4,0x40,0x3f,0xf8,0x46,0xc0,0x1e,0x71,0x00,0xff,0xe0,0xae,0x6d,0x3b,0x3c,0x57,0x51,
0x00,0x7f,0xf0,0x60,0x03,0xd2,0x01,0xff,0xc1,0xaa,0x18,0x07,0xe5,0xd7,0x00,0xff,0xe0,0x0b,0x00,0x65,0x10,0x0f,0xfe,0x06,
0x28,0x07,0xff,0x02,0x1c,0x03,0xff,0x81,0x60,0x1b,0x80,0x3f,0xf8,0x12,0x60,0x1f,0xfc,0x28,0x30,0x0f,0xf8,0x88,0x01,0x20,
0x07,0xfc,0x4c,0x01,0xff,0xc4,0xf0,0x0f,0xfe,0x02,0x80,0x10,0x03,0xff,0x81,0x00,0x1f,0xfc,0x53,0x40,0x0f,0xfa,0xc0,0x18,
0x01,0xff,0x0a,0x80,0x7f,0xf1,0xb8,0x03,0xfe,0x30,0x01,0x80,0x7f,0xc8,0x01,0xff,0xc7,0x40,0x0f,0xfe,0x01,0x03,0x00,0x7f,
0xd8,0x01,0xff,0xc7,0x12,0x00,0xff,0x98,0x08,0x03,0xfe,0x40,0x0f,0xfe,0x43,0x80,0x7f,0xc4,0x01,0xff,0xc1,0x20,0x0f,0xfe,
0x41,0x00,0x7f,0xdc,0x20,0x1f,0xfd,0x5f,0x00,0xff,0xe0,0x18,0x07,0xfc,0x20,0x1f,0xfd,0x51,0x00,0xff,0xe0,0x08,0x07,0xff,
0x27,0xc0,0x3f,0xf8,0x06,0x01,0xff,0xe2,0x10,0x0f,0xfe,0x00,0x80,0x7f,0xf2,0x08,0x03,0xff,0x9a,0xa0,0x1f,0xfc,0x87,0x00,
0xff,0xe0,0x90,0x07,0xfc,0x60,0x1f,0xfc,0x82,0x00,0xff,0xe0,0xb0,0x07,0xfd,0x60,0x1f,0xfc,0x74,0x00,0xff,0xe1,0x18,0x07,
0xfc,0x64,0x01,0xff,0xc6,0xe0,0x0f,0xfe,0x16,0x80,0x7f,0xf0,0x2c,0x03,0xff,0x8a,0x2a,0x01,0xff,0xc2,0x40,0x0f,0xfe,0x03,
0x18,0x07,0xff,0x12,0x00,0x3f,0xf8,0x62,0x60,0x1f,0xfc,0x0e,0x00,0xff,0xe1,0xa3,0x00,0x7f,0xf1,0x2c,0x03,0xff,0x80,0x58,
0x20,0x1f,0xfc,0x04,0xb0,0x0f,0xfe,0x2b,0x80,0x7f,0xf0,0x4f,0xd0,0x03,0xfd,0x16,0x01,0xff,0xc7,0x70,0x0f,0xfe,0x08,0xde,
0x39,0x88,0x00,0x52,0x79,0xc0,0x3f,0xf9,0x12,0x01,0xff,0xc3,0x38,0xce,0xff,0x75,0xb0,0x80,0x7f,0xf2,0x46,0x40,0x3f,0xfc,
0x4c,0x60,0x1f,0xfe,0x2d,0x10,0x0f,0xff,0x08,0xe8,0x07,0xff,0x88,0xf4,0x40,0x3f,0xfc,0x25,0xe6,0x01,0xff,0xcb,0xa8,0x00,
0xff,0xe4,0x0e,0x40,0x07,0xff,0x20,0xb1,0x40,0x3f,0xf9,0x6f,0xd0,0x20,0x1f,0xfc,0x31,0x8d,0x30,0x0f,0xfe,0x68,0xbf,0x5b,
0x10,0x07,0xf0,0xad,0x73,0x80,0x7f,0xf4,0x92,0x77,0xf2,0xea,0x65,0x59,0xdc,0xa5,0x00,0xff,0xec,0x1a,0x2b,0x31,0x4c,0x40,
0x3f,0xff,0xe0,0x1f,0xff,0xf0,0x0f,0xff,0x88,0xde,0xef,0xf6,0x18,0x07,0xff,0x59,0x10,0x45,0xfc,0x72,0x01,0xff,0xd6,0x30,
0x0f,0xf8,0x40,0x3f,0xf8,0xfe,0x01,0xff,0xce,0x70,0x0f,0xfe,0x38,0x80,0x7f,0xf0,0x8c,0x03,0xfe,0x30,0x0f,0xfe,0x3a,0x00,
0x7f,0xc2,0x00,0x10,0x0f,0xfe,0x01,0x80,0x7f,0xf1,0x48,0x80,0x1f,0xf7,0x80,0x1c,0x03,0xff,0x81,0x20,0x1f,0xfc,0x5b,0x00,
0xff,0xe0,0x18,0x00,0xc0,0x3f,0xf8,0x0a,0x60,0x1f,0xfc,0x33,0x60,0x0f,0xfe,0x02,0x80,0x46,0x01,0xff,0xc0,0xd1,0x00,0xff,
0xe0,0x8e,0x80,0x7f,0xf0,0x08,0x40,0x2b,0x00,0xff,0xe0,0x0f,0x98,0x07,0xfc,0x7e,0x20,0x1f,0xfc,0x0a,0x00,0xcc,0x01,0xff,
0xc1,0x1c,0x81,0x00,0xf8,0xab,0x04,0x03,0xff,0x82,0xc0,0x18,0x54,0x03,0xff,0x84,0xfd,0x92,0xec,0xf3,0xba,0x50,0x0f,0xfe,
0x13,0x08,0x07,0x40,0x07,0xff,0x10,0xda,0x26,0x18,0x80,0x3f,0xf8,0x90,0x01,0xe2,0x80,0x0f,0xfe,0xcc,0x88,0x07,0xce,0x80,
0x1f,0xfd,0x75,0x60,0x0f,0xea,0x30,0x0f,0xfe,0xaa,0x50,0x07,0xf8,0x74,0xc0,0x3f,0xfa,0x69,0x60,0x1f,0xfc,0x01,0xc6,0x00,
0xff,0xe8,0xc5,0x80,0x7f,0xf0,0xe6,0xc8,0x03,0xff,0x9a,0x78,0xe0,0x1f,0xfc,0x54,0xd9,0x10,0x0f,0xfe,0x49,0x56,0x18,0x07,
0xff,0x21,0xba,0xd4,0x03,0xff,0x88,0x2d,0x9a,0xa0,0x1f,0xfc,0xc4,0xaf,0xc8,0x64,0x21,0x00,0x84,0x91,0xa7,0x7a,0x4c,0x03,
0xff,0x80,0x00,0x00,0x00,0xc2,0xf9,0xdf,0xd4,0xa0,0x1f,0x2f,0x41,0x88,0x0a,0xd5,0x88,0x06,0x5a,0x00,0xfc,0x9a,0x01,0x0d,
0x00,0x7f,0x8e,0x00,0x12,0x01,0xff,0xc0,0x71,0x05,0x00,0xff,0xe0,0xa0,0x10,0x07,0xff,0x04,0x80,0x3f,0xf8,0x7e,0x01,0xff,
0xc3,0xf0,0x20,0x0f,0xfe,0x09,0x02,0x80,0x7f,0xf0,0x50,0x24,0x03,0xff,0x80,0xe2,0x03,0x40,0x1f,0xe3,0x80,0x09,0x68,0x03,
0xf2,0x60,0x07,0x2f,0x41,0x88,0x0a,0xdd,0x80,0x3e,0x17,0xce,0xfe,0xa4,0x00,0xff,0xff,0x80,0x7f,0xff,0xc0,0x3f,0xff,0xe0,
0x1f,0xff,0xf0,0x0f,0xfe,0x00,0xbe,0x77,0xf5,0x28,0x07,0xcb,0xd0,0x62,0x02,0xb5,0x62,0x01,0x96,0x80,0x3f,0x26,0x80,0x43,
0x40,0x1f,0xe3,0x80,0x04,0x80,0x7f,0xf0,0x1c,0x41,0x40,0x3f,0xf8,0x28,0x04,0x01,0xff,0xc1,0x20,0x0f,0xfe,0x1f,0x80,0x7f,
0xf0,0xfc,0x08,0x03,0xff,0x82,0x40,0xa0,0x1f,0xfc,0x14,0x09,0x00,0xff,0xe0,0x38,0x80,0xd0,0x07,0xf8,0xe0,0x02,0x5a,0x00,
0xfc,0x98,0x01,0xcb,0xd0,0x62,0x02,0xb7,0x60,0x08,0x00,0x00,0x00,0xff,0xe0,0x1b,0xde,0xf7,0xfb,0xb2,0x14,0x03,0xff,0x94,
0xfb,0x90,0x84,0x20,0x01,0x37,0xaf,0x92,0x00,0xff,0xe2,0xb7,0x41,0x00,0x7f,0xf0,0x1b,0x64,0x03,0xff,0x84,0x37,0x22,0x01,
0xff,0xc4,0x6d,0x30,0x0f,0xf8,0xb1,0x00,0x3f,0xf8,0xe5,0x8a,0x01,0xfc,0x38,0x40,0x1f,0xfc,0xaa,0x40,0x0f,0xd8,0x20,0x1f,
0xfc,0xcb,0x30,0x0f,0x49,0x00,0x7f,0xf3,0xb8,0x03,0x91,0x80,0x3f,0x85,0xef,0xbf,0xb2,0x0c,0x03,0xf8,0xa0,0x03,0x40,0x07,
0xf3,0xf4,0x20,0x80,0x9b,0xe5,0x00,0x7f,0x38,0x80,0x10,0xc0,0x3f,0x54,0x00,0x7f,0x2e,0x88,0x07,0xe9,0x00,0x70,0x07,0xe9,
0x50,0x0f,0xf8,0xb4,0x03,0xf3,0x00,0x14,0x03,0xe5,0x60,0x0f,0xfe,0x09,0xc0,0x07,0xc2,0x68,0x01,0xfa,0x00,0x3f,0xf8,0x6e,
0x20,0x1f,0x21,0x80,0x7c,0x64,0x01,0xff,0xc4,0x70,0x0f,0xb7,0x80,0x3e,0x40,0x0f,0xfe,0x2e,0x80,0x7c,0xc6,0x01,0xf7,0x00,
0x7f,0xf1,0x58,0x03,0xe1,0x10,0x07,0xc6,0x01,0xff,0xc5,0x30,0x0f,0x8c,0x40,0x3e,0x30,0x0f,0xfe,0x29,0x80,0x7c,0x66,0x00,
0xfb,0x80,0x3f,0xf8,0xac,0x01,0xf0,0xf8,0x07,0xc8,0x01,0xff,0xc5,0xd0,0x0f,0x99,0x40,0x3e,0x32,0x00,0xff,0xe2,0x38,0x07,
0xda,0x60,0x1f,0xa0,0x03,0xff,0x86,0xc2,0x01,0xf2,0x02,0x80,0x7c,0xac,0x01,0xff,0xc1,0x29,0x00,0xf8,0x8c,0x24,0x03,0xf4,
0xa8,0x07,0xfc,0x58,0x01,0xfa,0x80,0x06,0x60,0x0f,0xd5,0x00,0x1f,0xcb,0x82,0x01,0xf0,0xb8,0x05,0xe0,0x1f,0xcf,0xd0,0x62,
0x02,0x4f,0x94,0x20,0x1f,0xa4,0x03,0x1b,0x80,0x7f,0x0b,0xe7,0x7f,0x6c,0x18,0x07,0xf1,0xb8,0x07,0x41,0x80,0x7f,0xf3,0x47,
0x80,0x3e,0xd2,0x00,0xff,0xe6,0x69,0x00,0x7c,0x38,0x60,0x1f,0xfc,0xab,0x30,0x0f,0xe1,0xc5,0x00,0xff,0xe3,0x96,0xa0,0x07,
0xff,0x02,0xa8,0x20,0x1f,0xfc,0x47,0xd2,0x00,0xff,0xe1,0x2f,0x49,0x00,0x7f,0xc2,0xdd,0x00,0x1f,0xfc,0x66,0xdc,0x84,0x21,
0x00,0x09,0xbd,0xf4,0x88,0x07,0xf0,0x00,0x00,
};
static const lv_font_fmt_txt_glyph_dsc_t glyphs_semibold_104[]={{0,0,0,0,0,0},
{.bitmap_index=0,.adv_w=672,.box_w=36,.box_h=11,.ofs_x=3,.ofs_y=26},
{.bitmap_index=33,.adv_w=945,.box_w=49,.box_h=75,.ofs_x=5,.ofs_y=-1},
{.bitmap_index=597,.adv_w=588,.box_w=26,.box_h=73,.ofs_x=4,.ofs_y=0},
{.bitmap_index=761,.adv_w=917,.box_w=49,.box_h=74,.ofs_x=4,.ofs_y=0},
{.bitmap_index=1388,.adv_w=884,.box_w=46,.box_h=74,.ofs_x=4,.ofs_y=-1},
{.bitmap_index=2014,.adv_w=974,.box_w=53,.box_h=73,.ofs_x=3,.ofs_y=0},
{.bitmap_index=2445,.adv_w=882,.box_w=47,.box_h=74,.ofs_x=5,.ofs_y=-1},
{.bitmap_index=2970,.adv_w=880,.box_w=46,.box_h=75,.ofs_x=5,.ofs_y=-1},
{.bitmap_index=3681,.adv_w=812,.box_w=47,.box_h=73,.ofs_x=2,.ofs_y=0},
{.bitmap_index=4178,.adv_w=887,.box_w=47,.box_h=75,.ofs_x=4,.ofs_y=-1},
{.bitmap_index=4992,.adv_w=877,.box_w=47,.box_h=75,.ofs_x=3,.ofs_y=-1},
{.bitmap_index=5716,.adv_w=591,.box_w=16,.box_h=50,.ofs_x=10,.ofs_y=0},
{.bitmap_index=5892,.adv_w=629,.box_w=35,.box_h=35,.ofs_x=2,.ofs_y=50}};
static const uint16_t unicode_semibold_104[]={0,3,4,5,6,7,8,9,10,11,12,13,131};
static const lv_font_fmt_txt_cmap_t cmap_semibold_104[]={{.range_start=45,.range_length=132,.glyph_id_start=1,.unicode_list=unicode_semibold_104,.list_length=13,.type=LV_FONT_FMT_TXT_CMAP_SPARSE_TINY}};
static const lv_font_fmt_txt_dsc_t dsc_semibold_104={.glyph_bitmap=bitmap_semibold_104,.glyph_dsc=glyphs_semibold_104,.cmaps=cmap_semibold_104,.cmap_num=1,.bpp=4,.bitmap_format=LV_FONT_FMT_TXT_COMPRESSED};
const lv_font_t font_wf_semibold_104={.get_glyph_dsc=lv_font_get_glyph_dsc_fmt_txt,.get_glyph_bitmap=lv_font_get_bitmap_fmt_txt,.line_height=86,.base_line=1,.dsc=&dsc_semibold_104,.user_data=(void *)font_license};
static const uint8_t bitmap_semibold_112[]={
0x01,0x33,0xff,0xeb,0x88,0x1f,0x66,0x7f,0xf5,0xf9,0x54,0x01,0xff,0xd9,0xd0,0x0f,0xff,0xf8,0x07,0xff,0xfc,0x03,0xff,0xfe,
0x01,0xff,0xff,0x00,0xff,0xe0,0x20,0x80,0x7f,0xf5,0xc6,0xc0,0x00,0x00,0x00,0xff,0xe2,0x8a,0x3d,0x5e,0xf7,0xfd,0xdc,0xca,
0x85,0x20,0x0f,0xfe,0xa0,0xbe,0x75,0xc2,0xa1,0x08,0x04,0x22,0x35,0x7a,0xde,0x94,0x00,0xff,0xe7,0x9d,0xf4,0x18,0x07,0xff,
0x14,0x5a,0xf5,0xc0,0x3f,0xf9,0x65,0x78,0x80,0x1f,0xfc,0xb2,0x8e,0x60,0x0f,0xfe,0x43,0xea,0x00,0x7f,0xf3,0xc6,0x70,0x80,
0x3f,0xf8,0xb7,0x00,0x1f,0xfd,0x33,0xd4,0x00,0xff,0xe1,0x0e,0xa0,0x07,0xff,0x5a,0xd8,0x03,0xff,0x80,0x38,0x40,0x1f,0xfd,
0x89,0x60,0x0f,0xfb,0x48,0x03,0xff,0xb5,0x2a,0x01,0xfd,0x06,0x01,0xff,0xdc,0xa2,0x00,0xf8,0xdc,0x03,0xff,0xbd,0xc0,0x1f,
0x70,0x07,0xff,0x14,0xde,0xaf,0x2e,0xa5,0x44,0x03,0xff,0x88,0x6c,0x01,0xca,0x40,0x1f,0xfc,0x37,0xec,0x85,0x43,0x45,0x6a,
0xea,0x30,0x0f,0xfe,0x1c,0x00,0x74,0x00,0x7f,0xf0,0x8f,0xa0,0x40,0x3f,0xcb,0x92,0x01,0xff,0xc2,0x16,0x00,0x8c,0x80,0x3f,
0xf8,0x2b,0x82,0x01,0xff,0xc2,0x6c,0x10,0x0f,0xfe,0x0d,0x00,0x54,0x01,0xff,0xc1,0x3a,0x00,0xff,0xe2,0x9d,0x00,0x7f,0xf0,
0x4c,0x80,0x0e,0x01,0xff,0xc1,0xd0,0x0f,0xfe,0x3a,0x40,0x07,0xff,0x05,0x40,0x44,0x01,0xff,0xc0,0x71,0x00,0xff,0xe4,0x38,
0x80,0x7f,0xf0,0x30,0x10,0x03,0xff,0x83,0x20,0x1f,0xfc,0xa9,0x00,0xff,0xe0,0x28,0x10,0x07,0xff,0x00,0xc4,0x03,0xff,0x94,
0xa0,0x1f,0xfc,0x01,0x17,0x00,0x7f,0xf0,0x10,0x03,0xff,0x96,0x42,0x01,0xff,0xc0,0x22,0x00,0x7f,0xf0,0x34,0x03,0xff,0x98,
0xa0,0x1f,0xfc,0x06,0x70,0x0f,0xfe,0x00,0x80,0x7f,0xf3,0x04,0x03,0xff,0x80,0x62,0x01,0xff,0xc0,0x60,0x0f,0xfe,0x61,0x00,
0x7f,0xfd,0x04,0x03,0xff,0xfe,0x01,0xff,0xff,0x00,0xff,0xff,0x80,0x7f,0xff,0xc0,0x3f,0xff,0xe0,0x1f,0xff,0xf0,0x0f,0xff,
0xf8,0x07,0xff,0xfc,0x03,0xff,0xfe,0x01,0xff,0xff,0x00,0xff,0xff,0x80,0x7f,0xff,0xc0,0x3f,0xff,0xe0,0x1f,0xff,0xf0,0x0f,
0xff,0xf8,0x07,0xff,0xfc,0x03,0xff,0xfe,0x01,0xff,0xff,0x00,0xff,0xff,0x80,0x7f,0xff,0xc0,0x3f,0xff,0xe0,0x1f,0xfd,0x91,
0x00,0xff,0xf3,0x08,0x07,0xff,0x05,0x80,0x3f,0xf9,0x84,0x01,0xff,0xc0,0x37,0x00,0xff,0xe0,0x08,0x07,0xff,0x30,0x40,0x3f,
0xf8,0x02,0x40,0x1f,0xfc,0x0d,0x00,0xff,0xe6,0x28,0x07,0xff,0x01,0xb8,0x03,0xff,0x80,0x80,0x1f,0xfc,0xb2,0x10,0x0f,0xfe,
0x01,0x18,0x07,0xff,0x00,0xc4,0x03,0xff,0x94,0xa0,0x1f,0xfc,0x02,0x04,0x00,0xff,0xe0,0xc8,0x07,0xff,0x2a,0x40,0x3f,0xf8,
0x0e,0x00,0x30,0x0f,0xfe,0x03,0x88,0x07,0xff,0x21,0xc4,0x03,0xff,0x81,0x80,0x0b,0x00,0xff,0xe0,0xe8,0x07,0xff,0x1d,0x20,
0x03,0xff,0x82,0xe0,0x05,0x00,0xff,0xe0,0x9d,0x00,0x7f,0xf1,0x4e,0x80,0x3f,0xf8,0x28,0x20,0x02,0x40,0x0f,0xfe,0x0a,0xe0,
0x80,0x7f,0xf0,0x9b,0x04,0x03,0xff,0x83,0xe0,0x1b,0xc0,0x3f,0xf8,0x47,0xd0,0x20,0x1f,0xe4,0xc9,0x00,0xff,0xe1,0x12,0x00,
0x64,0x40,0x07,0xff,0x0d,0xfb,0x21,0x50,0xcc,0xad,0x5d,0x66,0x01,0xff,0xc3,0x90,0x0f,0x48,0x07,0xff,0x14,0xde,0xaf,0x31,
0x52,0xa2,0x01,0xff,0xc4,0x54,0x00,0xf1,0x40,0x07,0xff,0x74,0x6c,0x03,0xf3,0xa8,0x07,0xff,0x73,0x44,0x03,0xfa,0x8c,0x03,
0xff,0xb5,0x46,0x01,0xff,0x61,0x80,0x7f,0xf6,0x29,0x40,0x3f,0xf8,0x38,0xa0,0x1f,0xfd,0x51,0xc5,0x00,0xff,0xe1,0xd4,0x80,
0x7f,0xf4,0xd3,0xcc,0x03,0xff,0x8a,0xda,0xa0,0x1f,0xfc,0xf1,0xab,0x10,0x0f,0xfe,0x39,0x56,0x28,0x07,0xff,0x2c,0xa7,0x94,
0x03,0xff,0x96,0x75,0xd0,0x60,0x1f,0xfc,0x51,0x6c,0xd6,0x00,0xff,0xe7,0x8b,0xe7,0xdc,0x2a,0x10,0x80,0x61,0x35,0x7a,0xde,
0x93,0x00,0xff,0xe1,0x80,0x00,0x00,0x00,0xff,0xe0,0xb6,0xff,0xff,0xf0,0x14,0x03,0xfe,0x5d,0x92,0x00,0xff,0xe0,0x70,0x07,
0xf2,0x6d,0x10,0x07,0xff,0x29,0x32,0xc8,0x03,0xff,0x94,0x77,0x63,0x00,0xff,0xe5,0x15,0x62,0x00,0x7f,0xf2,0x86,0x75,0x40,
0x3f,0xf9,0x98,0xc0,0x1f,0xfc,0xe2,0x00,0xff,0xff,0x80,0x7f,0xf6,0x04,0x03,0xff,0x9e,0x60,0x1f,0xf0,0x90,0x07,0xff,0x08,
0x40,0x3f,0x13,0xe7,0x48,0x07,0xff,0x20,0xe3,0x75,0x06,0x01,0xff,0xc4,0x60,0x02,0xcf,0x63,0x90,0x07,0xff,0x1e,0xed,0xf4,
0xc2,0x01,0xff,0xca,0x14,0x00,0xff,0xff,0x80,0x7f,0xff,0xc0,0x3f,0xff,0xe0,0x1f,0xff,0xf0,0x0f,0xff,0xf8,0x07,0xff,0xfc,
0x03,0xff,0xfe,0x01,0xff,0xff,0x00,0xff,0xff,0x80,0x7f,0xff,0xc0,0x3f,0xff,0xe0,0x1f,0xff,0xf0,0x0f,0xff,0xf8,0x07,0xff,
0xfc,0x03,0xff,0xfe,0x01,0xff,0xff,0x00,0xff,0xff,0x80,0x7f,0xff,0xc0,0x3f,0xff,0xe0,0x1f,0xff,0xf0,0x0f,0xff,0xf8,0x07,
0xff,0xfc,0x03,0xff,0x82,0xa4,0x01,0xff,0x70,0x00,0x00,0x00,0xff,0xe2,0x93,0x45,0x6f,0x73,0xfd,0xdb,0xaa,0x85,0x20,0x0f,
0xfe,0xaa,0x57,0x6c,0xba,0x90,0x88,0x00,0x24,0x45,0x7a,0xdd,0x49,0x80,0x7f,0xf3,0xc5,0xfa,0xd4,0x40,0x3f,0xf8,0x84,0xd9,
0xac,0x01,0xff,0xcc,0x7f,0x81,0x00,0xff,0xe5,0x14,0xea,0x00,0x7f,0xf2,0x0f,0x60,0x40,0x3f,0xf9,0xc5,0x76,0x10,0x0f,0xfe,
0x2b,0xe1,0x00,0x7f,0xf4,0x93,0xcc,0x03,0xff,0x87,0x30,0x01,0xff,0xd5,0x1c,0x50,0x0f,0xfe,0x0d,0x30,0x07,0xff,0x62,0x90,
0x03,0xfe,0x75,0x00,0xff,0xed,0x59,0x80,0x7f,0x24,0x00,0x7f,0xf7,0x38,0x03,0xfa,0x80,0x3f,0xfb,0xa5,0x20,0x1f,0x40,0x80,
0x7f,0xf1,0x09,0xa6,0xf3,0x17,0x2a,0x20,0x1f,0xfc,0x46,0x20,0x0f,0x38,0x07,0xff,0x0d,0x2f,0x65,0x90,0xcc,0x8d,0x5d,0x46,
0x01,0xff,0xc3,0x80,0x0e,0x60,0x0f,0xfe,0x1c,0xda,0x00,0x7f,0x97,0x1c,0x03,0xff,0x84,0xa2,0x01,0xa8,0x03,0xff,0x85,0x8c,
0x01,0xff,0xc2,0x8a,0x00,0xff,0xe1,0x30,0x04,0x26,0x01,0xff,0xc1,0xa3,0x00,0xff,0xe2,0x2c,0x80,0x7f,0xf0,0x6c,0x02,0x50,
0x0f,0xfe,0x0a,0x28,0x07,0xff,0x19,0x8c,0x03,0xff,0x80,0x60,0x11,0x80,0x7f,0xf0,0x60,0x03,0xff,0x91,0x00,0x1f,0xfc,0x14,
0x00,0x70,0x07,0xff,0x00,0x4c,0x03,0xff,0x90,0x82,0x01,0xff,0xc0,0x30,0x01,0x00,0x7f,0xf0,0x1c,0x03,0xff,0x94,0x80,0x1f,
0xfc,0x0f,0x00,0xff,0xe1,0xf0,0x07,0xff,0x28,0x80,0x3f,0xf8,0x02,0x01,0xff,0xc3,0x10,0x0f,0xfe,0x57,0x80,0x7f,0xf0,0x0c,
0x03,0xff,0xb5,0xe0,0x1f,0xfc,0x03,0x00,0xff,0xed,0x18,0x07,0xff,0x00,0x40,0x3f,0xf8,0x66,0x01,0xff,0xca,0x40,0x0f,0xfe,
0x07,0x00,0x30,0x03,0xfe,0x17,0x00,0xff,0xe4,0xa0,0x07,0xff,0x05,0x40,0x0f,0xdd,0xff,0xc0,0x20,0x0f,0xfe,0x4f,0x80,0x7f,
0xf0,0x4c,0x02,0x11,0xff,0x80,0x3f,0xf9,0x44,0x80,0x1f,0xfc,0x05,0x00,0xff,0xec,0xc8,0x07,0xff,0x07,0x00,0x3f,0xfb,0x08,
0x80,0x0f,0xfe,0x0b,0x00,0x7f,0xf6,0x24,0x03,0xff,0x82,0xc0,0x1f,0xfd,0x87,0x20,0x0f,0xfe,0x0d,0x00,0x7f,0xf5,0xce,0x00,
0x3f,0xf8,0x28,0x60,0x1f,0xfd,0x7e,0x00,0xff,0xe1,0x40,0x07,0xff,0x5e,0x48,0x03,0xff,0x82,0xa6,0x01,0xff,0xd6,0x66,0x00,
0x7f,0xf0,0xac,0x03,0xff,0xac,0x72,0x01,0xff,0xc2,0x81,0x00,0xff,0xea,0x8e,0x80,0x7f,0xf0,0x8d,0xc0,0x3f,0xfa,0xda,0x20,
0x1f,0xfc,0x2e,0x00,0xff,0xeb,0x51,0x80,0x7f,0xf0,0xa4,0x80,0x3f,0xfa,0xb0,0xa0,0x1f,0xfc,0x25,0x60,0x0f,0xfe,0xaa,0xb8,
0x07,0xff,0x08,0xa8,0x03,0xff,0xaa,0x74,0x01,0xff,0xc3,0xf0,0x0f,0xfe,0xa9,0x68,0x07,0xff,0x0e,0x88,0x03,0xff,0xa8,0x3e,
0x20,0x1f,0xfc,0x27,0x50,0x0f,0xfe,0xae,0x90,0x07,0xff,0x09,0x20,0x03,0xff,0xab,0x46,0x01,0xff,0xc2,0x2b,0x00,0xff,0xea,
0xc2,0x80,0x7f,0xf0,0x87,0x00,0x3f,0xfa,0xaa,0xe0,0x1f,0xfc,0x3d,0x10,0x0f,0xfe,0xa1,0xd0,0x07,0xff,0x0e,0x8c,0x03,0xff,
0xa8,0x5a,0x01,0xff,0xc3,0x85,0x00,0xff,0xea,0x0f,0x88,0x07,0xff,0x09,0x9c,0x03,0xff,0xab,0xa4,0x01,0xff,0xc2,0x49,0x00,
0xff,0xea,0xd1,0x80,0x7f,0xf0,0x8e,0xc0,0x3f,0xfa,0xb0,0xa0,0x1f,0xfc,0x22,0xd0,0x0f,0xfe,0xab,0x38,0x07,0xff,0x08,0x7c,
0x40,0x3f,0xfa,0x8b,0x20,0x1f,0xfc,0x3d,0x20,0x0f,0xfe,0xa1,0xd0,0x07,0xff,0x0e,0xcc,0x03,0xff,0xa8,0x5a,0x01,0xff,0xc3,
0xa4,0x00,0xff,0xea,0x0e,0x08,0x07,0xff,0x0a,0x14,0x03,0xff,0xab,0x82,0x01,0xff,0xc2,0x77,0x00,0x7f,0xf5,0x70,0x80,0x3f,
0xf8,0x4b,0x00,0x1f,0xfd,0x5a,0x30,0x0f,0xfe,0x12,0x50,0x07,0xff,0x56,0x54,0x03,0xff,0x84,0x76,0x01,0xff,0xd5,0x86,0x00,
0xff,0xe1,0x16,0x80,0x7f,0xf5,0x5d,0xc0,0x1f,0xfc,0x21,0xf1,0x00,0xff,0xea,0x34,0x00,0x7f,0xf0,0xf4,0x80,0x3f,0xfa,0x8b,
0x20,0x1f,0xfc,0x38,0x03,0x3f,0xfe,0x90,0x80,0xd0,0x07,0xff,0x12,0x33,0x3f,0xfa,0x7c,0x68,0x01,0xff,0xe6,0x43,0x00,0xff,
0xff,0x80,0x7f,0xff,0xc0,0x3f,0xff,0xe0,0x1f,0xff,0xf0,0x0f,0xff,0xf8,0x07,0xff,0x71,0x08,0x03,0xff,0xc8,0x2a,0x00,0x00,
0x02,0xdf,0xff,0xff,0x0c,0x80,0x10,0x80,0x3f,0xfc,0x2c,0x01,0xff,0xff,0x00,0xff,0xff,0x80,0x7f,0xff,0xc0,0x3f,0xff,0xe0,
0x1f,0xff,0xf0,0x0f,0xfe,0x7a,0x80,0x7f,0xf9,0x4f,0xb3,0x3f,0xfa,0x06,0x01,0xff,0xc4,0x10,0x08,0x4c,0xff,0xf9,0xea,0x60,
0x1f,0xfc,0x49,0x00,0xff,0xe9,0x34,0x80,0x7f,0xf1,0x19,0xc0,0x3f,0xfa,0x2d,0x20,0x1f,0xfc,0x46,0x90,0x0f,0xfe,0x8b,0x48,
0x07,0xff,0x11,0xa4,0x03,0xff,0xa2,0xf2,0x01,0xff,0xc4,0x69,0x00,0xff,0xe8,0xbc,0x00,0x7f,0xf1,0x1a,0x40,0x3f,0xfa,0x2f,
0x00,0x1f,0xfc,0x46,0x90,0x0f,0xfe,0x8c,0x40,0x03,0xff,0x88,0xd2,0x01,0xff,0xd1,0x87,0x00,0xff,0xe2,0x34,0x80,0x7f,0xf4,
0x61,0xc0,0x3f,0xf8,0x8d,0x20,0x1f,0xfd,0x19,0x70,0x0f,0xfe,0x23,0x48,0x07,0xff,0x46,0x58,0x03,0xff,0x88,0xb2,0x01,0xff,
0xd1,0x96,0x00,0xff,0xe2,0x2d,0x00,0x7f,0xf4,0x65,0x80,0x3f,0xf8,0x8b,0x40,0x1f,0xfd,0x1a,0x60,0x0f,0xfe,0x22,0xd0,0x07,
0xff,0x46,0x94,0x03,0xff,0x88,0xb4,0x01,0xff,0xd1,0xa5,0x00,0xff,0xe2,0x2d,0x00,0x7f,0xf4,0x69,0x40,0x3f,0xf8,0xa6,0x82,
0x01,0xff,0xcf,0x75,0x00,0xff,0xe3,0x35,0xf6,0xc1,0x00,0x7f,0xf8,0xc9,0xf6,0xcc,0x03,0xff,0x94,0xe4,0x01,0xff,0xcc,0x4c,
0x90,0x0f,0xfe,0x57,0x00,0x7f,0xf3,0x9b,0x48,0x03,0xff,0x90,0x70,0x01,0xff,0xce,0x2c,0x30,0x0f,0xfe,0x43,0xa0,0x07,0xff,
0x38,0x74,0x80,0x3f,0xf9,0x14,0x20,0x1f,0xfc,0xe1,0xf0,0x0f,0xfe,0x40,0xd0,0x07,0x14,0xe6,0xe4,0xa8,0x07,0xff,0x0c,0xa4,
0x03,0xff,0x90,0x8c,0x00,0x19,0xd6,0x32,0x36,0xaf,0x80,0x0f,0xfe,0x13,0x18,0x07,0xff,0x22,0x59,0x9e,0xc0,0x1f,0x9f,0x48,
0x03,0xff,0x83,0x00,0x1f,0xfc,0x99,0x90,0x80,0x7f,0x8b,0x08,0x03,0xff,0x80,0x86,0x01,0xff,0xd6,0x1f,0x00,0xff,0xe0,0xc8,
0x07,0xff,0x5c,0x9c,0x03,0xff,0x80,0xa2,0x01,0xff,0xd7,0x80,0x0f,0xfe,0x0b,0x80,0x7f,0xf6,0x18,0x03,0xff,0x81,0x80,0x1f,
0xfd,0x8d,0x00,0xff,0xe0,0x20,0x07,0xff,0x61,0x00,0x3f,0xf8,0x02,0x40,0x1f,0xfd,0x83,0x00,0xff,0xe0,0x30,0x07,0xff,0x61,
0x80,0x3f,0xf8,0x04,0x01,0xff,0xd8,0x20,0x0f,0xfe,0x07,0x80,0x7f,0xf6,0x38,0x03,0xff,0x80,0x60,0x1f,0xfe,0x51,0x00,0xff,
0xec,0x18,0x07,0xff,0x05,0x3b,0xbf,0xed,0x20,0x0f,0xfe,0x51,0x80,0x7f,0xf0,0x1f,0x44,0x7f,0xe2,0x50,0x0f,0xfe,0xbb,0x88,
0x07,0xff,0x03,0x80,0x3f,0xf9,0x42,0x01,0xff,0xc0,0x1f,0x00,0xff,0xe0,0x18,0x07,0xff,0x2b,0x80,0x3f,0xf8,0x06,0x20,0x1f,
0xfc,0x07,0x00,0xff,0xe5,0x10,0x07,0xff,0x03,0x88,0x03,0xff,0x80,0x42,0x01,0xff,0xc9,0x40,0x0f,0xfe,0x01,0x28,0x07,0xff,
0x05,0xc0,0x3f,0xf9,0x06,0x01,0xff,0xc1,0x61,0x10,0x07,0xff,0x03,0x40,0x3f,0xf9,0x14,0x01,0xff,0xc1,0x30,0x40,0x0f,0xfe,
0x02,0x08,0x07,0xff,0x1d,0xc0,0x3f,0xf8,0x06,0x00,0xc0,0x0f,0xfe,0x0c,0x00,0x7f,0xf1,0x9c,0x40,0x3f,0xf8,0x16,0x00,0x70,
0x0f,0xfe,0x0b,0x18,0x07,0xff,0x10,0xa0,0x03,0xff,0x82,0xa0,0x01,0x60,0x0f,0xfe,0x0e,0x88,0x07,0xff,0x08,0x7c,0x03,0xff,
0x82,0x64,0x01,0x58,0x07,0xff,0x04,0x7c,0xc0,0x3f,0xf8,0x03,0xa4,0x01,0xff,0xc1,0x90,0x0c,0x48,0x01,0xff,0xc1,0x1c,0x81,
0x00,0xfe,0x7f,0x30,0x0f,0xfe,0x09,0x28,0x07,0x48,0x07,0xff,0x0d,0xfa,0xdd,0x0c,0xc8,0xd5,0xf0,0x20,0x1f,0xfc,0x2b,0x00,
0xf1,0x38,0x07,0xff,0x11,0x22,0xf3,0x17,0x2a,0x01,0xff,0xc4,0x36,0x00,0xfa,0x08,0x03,0xff,0xb7,0xc0,0x1f,0xde,0x20,0x1f,
0xfd,0x99,0x20,0x0f,0xe2,0xd0,0x0f,0xfe,0xc3,0xb0,0x07,0xfc,0x76,0x01,0xff,0xd6,0x68,0x00,0xff,0xe0,0xa6,0x90,0x07,0xff,
0x4d,0xe4,0x03,0xff,0x86,0x58,0x80,0x1f,0xfd,0x01,0xb8,0x00,0xff,0xe2,0x8d,0xc8,0x80,0x7f,0xf3,0x5b,0xd0,0x03,0xff,0x90,
0xdd,0x02,0x01,0xff,0xc9,0x5d,0x91,0x00,0xff,0xe5,0xbf,0x52,0x00,0x7f,0xf1,0x0e,0x3a,0x88,0x03,0xff,0x9e,0xb7,0xf7,0x0a,
0x62,0x01,0x09,0x1a,0xc5,0xf6,0x38,0x80,0x7f,0xf0,0x80,0x00,0x00,0x00,0xff,0xe5,0x5f,0xff,0xff,0x01,0x00,0x3f,0xfb,0xae,
0x80,0x1f,0xfe,0xa9,0x00,0xff,0xe0,0x12,0x00,0x7f,0xf7,0x18,0x40,0x3f,0xf8,0x16,0x01,0xff,0xdd,0xb0,0x0f,0xfe,0x00,0xb0,
0x07,0xff,0x71,0x08,0x03,0xff,0x80,0xc0,0x1f,0xfd,0xdf,0x00,0xff,0xe0,0xc8,0x07,0xff,0x70,0xd0,0x03,0xff,0x80,0xc2,0x01,
0xff,0xdc,0x90,0x0f,0xfe,0x0d,0x80,0x7f,0xf7,0x09,0x40,0x3f,0xf8,0x08,0x40,0x1f,0xfd,0xcb,0x00,0xff,0xe0,0xc0,0x07,0xff,
0x70,0x58,0x03,0xff,0x80,0x66,0x00,0xff,0xee,0x30,0x07,0xff,0x06,0x40,0x3f,0xfb,0xb2,0x01,0xff,0xc0,0x25,0x00,0xff,0xee,
0x30,0x80,0x7f,0xf0,0x2c,0x03,0xff,0xbb,0x60,0x1f,0xfc,0x01,0x60,0x0f,0xfe,0xe2,0x10,0x07,0xff,0x01,0x80,0x3f,0xfb,0xb0,
0x01,0xff,0xc1,0x90,0x0f,0xfe,0xe1,0x98,0x03,0xff,0x80,0xc2,0x01,0xff,0xdc,0x90,0x0f,0xfe,0x0d,0x80,0x7f,0xf7,0x09,0x40,
0x3f,0xf8,0x0a,0x40,0x1f,0xfd,0xcb,0x00,0xff,0xe0,0xc8,0x07,0xff,0x70,0x58,0x03,0xff,0x80,0x66,0x00,0xff,0xee,0x48,0x07,
0xff,0x06,0x40,0x3f,0xfb,0xac,0x01,0xff,0xc0,0x25,0x00,0xff,0xee,0x30,0x80,0x7f,0xf0,0x2c,0x03,0xff,0xbb,0x60,0x1f,0xfc,
0x01,0x60,0x0f,0xfe,0xe2,0x90,0x07,0xff,0x02,0x40,0x3f,0xfb,0xb2,0x01,0xff,0xc1,0x60,0x0f,0xfe,0xe1,0x98,0x03,0xff,0x80,
0xc2,0x01,0xff,0xc0,0x6f,0xff,0xfb,0x00,0x3f,0xf8,0x70,0x01,0xff,0xc1,0xb0,0x0f,0xfe,0x0d,0x00,0x7f,0xc6,0x60,0x0f,0xfe,
0x09,0x20,0x07,0xff,0x01,0x48,0x03,0xff,0xb9,0x60,0x1f,0xfc,0x19,0x00,0xff,0xee,0x0b,0x00,0x7f,0xf0,0x0c,0xc0,0x1f,0xfd,
0xc9,0x00,0xff,0xe0,0xc0,0x07,0xff,0x75,0x80,0x3f,0xf8,0x04,0x80,0x1f,0xfd,0xc6,0x10,0x0f,0xfe,0x05,0x80,0x7f,0xf7,0x6c,
0x03,0xff,0x80,0x2c,0x01,0xff,0xdc,0x52,0x00,0xff,0xe0,0x48,0x07,0xff,0x76,0x40,0x3f,0xf8,0x2c,0x01,0xff,0xdc,0x43,0x00,
0xff,0xe0,0x30,0x80,0x7f,0xf7,0x3c,0x03,0xff,0x83,0x60,0x1f,0xfd,0xc2,0x40,0x0f,0xfe,0x02,0x90,0x07,0xff,0x72,0x00,0x3f,
0xf8,0x32,0x01,0xff,0xdc,0x15,0x00,0xff,0xe0,0x19,0x80,0x3f,0xfb,0x92,0x01,0xff,0xc1,0xa0,0x0f,0xfe,0x40,0x80,0x7f,0xf0,
0x1c,0x03,0xe7,0x00,0xff,0xe0,0xcf,0xff,0xff,0x20,0x80,0x3f,0xf8,0x17,0xff,0xce,0xc0,0x1f,0xfe,0xab,0xc0,0x0f,0xff,0x50,
0x88,0x03,0xff,0xd6,0xe0,0x1f,0xff,0xf0,0x0f,0xff,0xf8,0x07,0xff,0xfc,0x03,0xff,0xd4,0xe0,0x1f,0xfe,0xa1,0x30,0x0f,0xff,
0x52,0xc6,0xe6,0x7f,0xf5,0x84,0x03,0xff,0x81,0x19,0x9b,0x64,0x08,0xcf,0xff,0xac,0x40,0x1f,0xfc,0x04,0x33,0xc4,0x01,0xff,
0xff,0x00,0xff,0xff,0x80,0x7f,0xff,0xc0,0x3f,0xff,0xe0,0x1f,0xff,0xf0,0x0f,0xff,0xf8,0x07,0xff,0xfc,0x03,0xff,0xfe,0x01,
0xff,0xff,0x00,0xff,0xff,0x80,0x7f,0xff,0xc0,0x3f,0xff,0xe0,0x1f,0xff,0xf0,0x0f,0xff,0xd5,0x00,0x7f,0xc6,0x60,0x0f,0x00,
0x00,0x00,0x0c,0xff,0xff,0xf0,0x50,0x04,0x46,0x01,0xff,0xe0,0x51,0x00,0xff,0xff,0x80,0x7f,0xff,0xc0,0x3f,0xff,0xe0,0x1f,
0xff,0xf0,0x0f,0xff,0xf8,0x07,0xff,0xf4,0x84,0x03,0xff,0x86,0x39,0x9f,0xfd,0x3d,0xd0,0x07,0xff,0x10,0x8c,0xff,0xfa,0x64,
0x01,0xff,0xff,0x00,0xff,0xff,0x80,0x7f,0xff,0xc0,0x3f,0xff,0xe0,0x1f,0xff,0xf0,0x0f,0xff,0xf8,0x07,0xff,0xdd,0xc0,0x3f,
0xff,0xe0,0x1f,0xff,0xf0,0x0f,0xff,0xf8,0x07,0xff,0x4c,0x52,0x2f,0x7b,0xfd,0xdb,0x92,0xc4,0x01,0xff,0xd6,0x5b,0xeb,0x74,
0x21,0x00,0x09,0x1b,0x4e,0xf4,0x90,0x07,0xff,0x45,0xba,0x90,0x03,0xff,0x84,0x2d,0xb8,0x80,0x1f,0xfc,0xd2,0xc9,0x10,0x0f,
0xfe,0x39,0xdd,0x10,0x07,0xff,0x29,0x34,0xc0,0x3f,0xf9,0x6b,0xaa,0x01,0xff,0xe5,0xa7,0x00,0xff,0xf2,0xc4,0x80,0x7f,0xf9,
0x59,0xc0,0x3f,0xfc,0xb0,0x80,0x1f,0xfe,0x5a,0x00,0xff,0xf2,0x8c,0x00,0x7f,0xf3,0x11,0xeb,0x31,0x74,0xe6,0x01,0xff,0xc4,
0x72,0x00,0xff,0xe4,0x0b,0xf5,0xc2,0x99,0x91,0x63,0x35,0x00,0x3f,0xf8,0x76,0x01,0xff,0xc7,0x5f,0x81,0x00,0xfe,0x2b,0xa0,
0x0f,0xfe,0x13,0x80,0x7f,0xf1,0x9e,0x84,0x03,0xff,0x82,0xb6,0x01,0xff,0xc1,0x15,0x00,0xff,0xe2,0x2c,0x00,0x7f,0xf1,0x12,
0x00,0x3f,0xf8,0x3e,0x01,0xff,0xc4,0xb0,0x0f,0xfe,0x33,0x88,0x07,0xff,0x01,0x00,0x3f,0xf8,0x6c,0x20,0x1f,0xfc,0x76,0x00,
0xff,0xe0,0x09,0x12,0x55,0x7f,0xe6,0x80,0x0f,0xfe,0x45,0x80,0x7f,0xf0,0x5c,0x1a,0xab,0xfe,0x91,0x00,0xff,0xe4,0x18,0x07,
0xff,0x07,0x40,0x3f,0xfb,0x06,0x01,0xff,0xc0,0x20,0x0f,0xfe,0xc2,0x80,0x7f,0xf0,0x18,0x03,0xff,0xb1,0xe0,0x1f,0xfc,0x01,
0x00,0xff,0xec,0x18,0x07,0xff,0x00,0xc0,0x3f,0xfb,0x02,0x01,0xff,0xc0,0x10,0x0f,0xfe,0xc3,0x80,0x7f,0xf9,0x5c,0x03,0xff,
0xca,0x20,0x1f,0xfc,0x01,0x02,0x44,0xff,0x84,0x03,0xff,0x94,0x40,0x1f,0xfc,0x03,0x2d,0xbb,0xff,0xbc,0x03,0xff,0x95,0xa0,
0x1f,0xfc,0x06,0x10,0x0f,0xfe,0x00,0xa0,0x07,0xff,0x25,0x00,0x3f,0xf8,0x04,0x60,0x1f,0xfc,0x1c,0x00,0xff,0xe4,0x18,0x80,
0x7f,0xf0,0x38,0x08,0x03,0xff,0x80,0xc0,0x1f,0xfc,0x8a,0x00,0xff,0xe0,0x98,0x20,0x07,0xff,0x00,0x50,0x03,0xff,0x8e,0xe0,
0x1f,0xfc,0x14,0x0d,0x00,0xff,0xe0,0xc8,0x07,0xff,0x1a,0x04,0x03,0xff,0x80,0x60,0x04,0x10,0x0f,0xfe,0x01,0x38,0x07,0xff,
0x10,0xdc,0x03,0xff,0x83,0x60,0x13,0x80,0x7f,0xf0,0x61,0x00,0x3f,0xf8,0x43,0xc0,0x1f,0xfc,0x26,0x00,0xac,0x03,0xff,0x85,
0x6a,0x01,0xff,0xc0,0x3f,0x20,0x0f,0xfe,0x0a,0x88,0x04,0x4a,0x01,0xff,0xc2,0xaa,0x10,0x07,0xe1,0x8c,0x10,0x0f,0xfe,0x14,
0x80,0x74,0x80,0x7f,0xf0,0xd7,0x6d,0xd0,0xcc,0x8f,0x5c,0xe0,0x1f,0xfc,0x35,0x30,0x0e,0x37,0x00,0xff,0xe2,0x24,0x5e,0x62,
0xe1,0x40,0x3f,0xf8,0xb6,0x01,0xf4,0x10,0x07,0xff,0x6e,0x44,0x03,0xf7,0x88,0x07,0xff,0x65,0x98,0x01,0xfc,0x5a,0x01,0xff,
0xd8,0x49,0x00,0xff,0x8e,0xc0,0x3f,0xfa,0xc9,0x60,0x1f,0xfc,0x14,0xd2,0x00,0xff,0xe9,0xbd,0x80,0x7f,0xf0,0xcb,0x10,0x03,
0xff,0xa3,0x50,0x01,0xff,0xc5,0x1b,0xa1,0x00,0xff,0xe6,0xaf,0x28,0x07,0xff,0x21,0x7a,0x04,0x03,0xff,0x92,0x99,0x42,0x01,
0xff,0xcb,0x7e,0xa5,0x00,0xff,0xe2,0x14,0x75,0x98,0x07,0xff,0x3d,0x6b,0xf2,0x14,0xc8,0x03,0x09,0x23,0xd7,0x6b,0x88,0x07,
0xff,0x08,0x00,0x00,0x00,0xff,0xe2,0x9b,0xcd,0xef,0x7f,0xdd,0xb9,0x2e,0x80,0x1f,0xfd,0x46,0xbf,0xc8,0x64,0x21,0x00,0x84,
0x8d,0xa2,0xff,0x1c,0x40,0x3f,0xf9,0xa5,0x3f,0x28,0x01,0xff,0xc5,0x38,0xea,0x20,0x0f,0xfe,0x48,0xce,0xb0,0x07,0xff,0x2d,
0x76,0x44,0x03,0xff,0x8c,0x9e,0xc0,0x1f,0xfc,0xf6,0xf5,0x00,0xff,0xe2,0x45,0x88,0x07,0xff,0x44,0x6a,0x40,0x3f,0xf8,0x52,
0xe0,0x1f,0xfd,0x56,0xa0,0x0f,0xfe,0x04,0xb0,0x07,0xff,0x5d,0x68,0x03,0xfc,0xcc,0x00,0xff,0xec,0xab,0x00,0x7e,0x29,0x00,
0xff,0xed,0xc9,0x00,0x7d,0xc0,0x1f,0xfd,0xd9,0x00,0xf2,0x18,0x07,0xff,0x10,0x9a,0xaf,0x2e,0x98,0x80,0x3f,0xf8,0x88,0x80,
0x0e,0x80,0x0f,0xfe,0x19,0x56,0xca,0xa1,0xa2,0xce,0xd9,0x80,0x7f,0xf0,0xfc,0x03,0x11,0x80,0x7f,0xf0,0x9b,0x54,0x03,0xf9,
0x31,0xc0,0x3f,0xf8,0x48,0x20,0x12,0x80,0x7f,0xf0,0x9e,0x40,0x3f,0xf8,0x31,0x00,0x0f,0xfe,0x13,0x80,0x58,0x01,0xff,0xc1,
0x58,0x00,0xff,0xe1,0xba,0x80,0x7f,0xf0,0x7c,0x02,0x50,0x0f,0xfe,0x0d,0x80,0x7f,0xf1,0x6c,0x03,0xff,0x82,0x80,0x01,0x10,
0x07,0xff,0x01,0xc4,0x03,0xff,0x8a,0x2c,0x01,0xff,0xc0,0x20,0x01,0x80,0x7f,0xf0,0x6c,0x03,0xff,0x8f,0x80,0x1f,0xfc,0x31,
0x00,0xff,0xe0,0x09,0x80,0x7f,0xf1,0xd0,0x03,0xff,0x82,0x20,0xe0,0x1f,0xfc,0x03,0x00,0xff,0xe4,0x08,0x07,0xff,0x41,0x80,
0x3f,0xf9,0x22,0x01,0xff,0xe5,0x30,0x0f,0xfe,0x00,0x80,0x7f,0xf6,0x3d,0xdf,0xfe,0xc0,0x0f,0xfe,0xc9,0x44,0x7f,0xc6,0x01,
0xff,0xff,0x00,0xff,0xff,0x80,0x7f,0xff,0xc0,0x02,0x45,0x08,0x07,0xff,0x70,0x9e,0xfb,0xfb,0x76,0xef,0xda,0x73,0x00,0xff,
0xea,0xae,0x6c,0x20,0x80,0x7c,0x4b,0x19,0xd0,0x20,0x1f,0xfd,0x03,0xda,0x30,0x0f,0xfe,0x18,0xbf,0x48,0x80,0x7f,0xf3,0x5f,
0x08,0x03,0xff,0x90,0xde,0xa0,0x1f,0xfc,0xa6,0x98,0x00,0xff,0xe5,0x8d,0x50,0x03,0xff,0x92,0x4c,0x01,0xff,0xce,0x5c,0x10,
0x0f,0xff,0x21,0xe8,0x07,0xff,0x94,0xe8,0x03,0xff,0xca,0xae,0x01,0xff,0xe5,0x82,0x00,0xff,0xf2,0xc8,0x07,0xff,0x2c,0x9e,
0xfb,0xfd,0xd9,0x28,0x01,0xff,0xc4,0x43,0x00,0xff,0xe4,0x0d,0xec,0x20,0x80,0x04,0xda,0xf5,0x40,0x3f,0xf8,0x72,0x01,0xff,
0xc7,0x4e,0x40,0x0f,0xf1,0x54,0x80,0x7f,0xf0,0x94,0x40,0x3f,0xf8,0xa7,0x60,0x1f,0xfc,0x26,0x90,0x0f,0xfe,0x13,0x80,0x7f,
0xf1,0x74,0x03,0xff,0x88,0xcc,0x00,0xff,0xe0,0xe8,0x07,0xff,0x12,0x04,0x03,0xff,0x8b,0x22,0x01,0xff,0xc0,0x40,0x0f,0xfe,
0x23,0x80,0x7f,0xf1,0xd8,0x03,0xff,0x82,0x60,0x1f,0xfc,0x26,0x00,0xff,0xe4,0x48,0x07,0xff,0x05,0x80,0x3f,0xf8,0x58,0x01,
0xff,0xc8,0x13,0x00,0xff,0xe0,0x68,0x07,0xff,0x09,0x00,0x3f,0xf9,0x28,0x01,0xff,0xc0,0x20,0x0f,0xfe,0x10,0x80,0x7f,0xf2,
0x78,0x03,0xff,0x80,0x20,0x1f,0xfc,0x12,0x00,0xff,0xe5,0x28,0x07,0xff,0x01,0xc0,0x3f,0xf8,0x22,0x01,0xff,0xca,0x10,0x0f,
0xfe,0x00,0x80,0x7f,0xf0,0x5c,0x03,0xff,0xb0,0xe0,0x1f,0xff,0x27,0x00,0xff,0xe5,0x08,0x07,0xff,0x00,0x44,0x01,0xff,0xd7,
0x70,0x0f,0xfe,0x03,0x90,0x07,0xff,0x00,0xc0,0x3f,0xf9,0x44,0x01,0xff,0xc0,0x10,0x10,0x0f,0xfe,0x00,0x80,0x7f,0xf2,0x70,
0x03,0xff,0x80,0x40,0x40,0x1f,0xfc,0x04,0x00,0xff,0xe4,0xa0,0x07,0xff,0x03,0x41,0x40,0x3f,0xf8,0x1e,0x01,0xff,0xc8,0x31,
0x00,0xff,0xe0,0x38,0x60,0x07,0xff,0x01,0x44,0x03,0xff,0x8f,0x20,0x1f,0xfc,0x01,0x20,0x40,0x0f,0xfe,0x0c,0x00,0x7f,0xf1,
0x8d,0x40,0x3f,0xf8,0x08,0x00,0x13,0x00,0xff,0xe0,0x31,0x80,0x7f,0xf1,0x7c,0x03,0xff,0x83,0xe0,0x15,0x00,0x7f,0xf0,0x78,
0x40,0x3f,0xf8,0x72,0x60,0x1f,0xfc,0x15,0x00,0x98,0x40,0x3f,0xf8,0x05,0x84,0x01,0xff,0xc1,0x96,0x00,0xff,0xe0,0xb0,0x07,
0x30,0x07,0xff,0x04,0xb5,0xc0,0x3f,0xc9,0xac,0x01,0xff,0xc2,0xb0,0x0e,0x90,0x0f,0xfe,0x1c,0x7d,0x3a,0x19,0x91,0xa7,0xac,
0x80,0x3f,0xf8,0x4c,0x40,0x1c,0x32,0x01,0xff,0xc4,0x58,0xbc,0xc5,0xcb,0x08,0x07,0xff,0x12,0xc0,0x3e,0x63,0x00,0xff,0xed,
0xc9,0x00,0x7e,0xe1,0x00,0xff,0xec,0xa3,0x00,0x7f,0x16,0x80,0x7f,0xf6,0x0a,0x80,0x3f,0xe3,0xb0,0x0f,0xfe,0xb1,0x60,0x80,
0x7f,0xf0,0x13,0x04,0x03,0xff,0xa6,0x78,0x20,0x1f,0xfc,0x23,0xf4,0x00,0xff,0xe8,0xbe,0x08,0x07,0xff,0x10,0x6e,0x44,0x03,
0xff,0x9a,0x57,0x00,0x1f,0xfc,0x86,0xe8,0x10,0x0f,0xfe,0x49,0x56,0xa0,0x07,0xff,0x2d,0xfa,0x94,0x03,0xff,0x88,0x2d,0x9a,
0xa0,0x1f,0xfc,0xf5,0xaf,0xc9,0x63,0x21,0x00,0x84,0x91,0xeb,0x7a,0x4c,0x03,0xff,0x84,0x00,0x00,0x0b,0xff,0xff,0xf2,0x30,
0xa0,0x07,0xff,0x93,0x40,0x3f,0xfc,0xce,0x01,0xff,0xff,0x00,0xff,0xff,0x80,0x7f,0xff,0xc0,0x3f,0xff,0xe0,0x1f,0xff,0xf0,
0x0f,0xfe,0xa3,0x80,0x7f,0xc7,0x99,0xff,0xcc,0x90,0x0f,0xfe,0x09,0x80,0x7f,0xcc,0x67,0xff,0xcc,0x10,0x0f,0xfe,0x0d,0x80,
0x7f,0xf6,0x28,0x03,0xff,0x80,0x46,0x01,0xff,0xd7,0x42,0x00,0xff,0xe0,0x50,0x07,0xff,0x63,0x80,0x3f,0xf8,0x2c,0x01,0xff,
0xd7,0x15,0x00,0xff,0xe0,0x20,0x80,0x98,0x07,0xf7,0x80,0x7f,0xf2,0x9c,0x03,0xff,0x83,0xc0,0x16,0x77,0x7e,0xf5,0x00,0xff,
0xe5,0x50,0x07,0xff,0x00,0x54,0x03,0x08,0xfe,0x00,0xff,0xe5,0x91,0x80,0x7f,0xf0,0x18,0x03,0xff,0xb1,0x60,0x1f,0xfc,0x1a,
0x00,0xff,0xec,0x38,0x07,0xff,0x00,0xc8,0x03,0xff,0xae,0xa2,0x01,0xff,0xc0,0xa0,0x0f,0xfe,0xc7,0x00,0x7f,0xf0,0x5c,0x03,
0xff,0xae,0x28,0x01,0xff,0xc0,0x51,0x00,0xff,0xeb,0xb0,0x07,0xff,0x07,0x80,0x3f,0xfb,0x14,0x01,0xff,0xc0,0x14,0x00,0xff,
0xeb,0x99,0x00,0x7f,0xf0,0x18,0x03,0xff,0xb1,0x20,0x1f,0xfc,0x1a,0x00,0xff,0xec,0x28,0x07,0xff,0x00,0xc8,0x03,0xff,0xae,
0xc0,0x1f,0xfc,0x1a,0x00,0xff,0xec,0x50,0x07,0xff,0x05,0x80,0x3f,0xfa,0xe4,0x60,0x1f,0xfc,0x05,0x00,0xff,0xec,0x50,0x07,
0xff,0x06,0x40,0x3f,0xfb,0x0c,0x01,0xff,0xc0,0x23,0x00,0xff,0xeb,0xa8,0x80,0x7f,0xf0,0x28,0x03,0xff,0xb1,0xc0,0x1f,0xfc,
0x16,0x00,0xff,0xeb,0x8a,0x00,0x7f,0xf0,0x10,0x40,0x3f,0xfa,0xec,0x01,0xff,0xc1,0xe0,0x0f,0xfe,0xc5,0x00,0x7f,0xf0,0x54,
0x03,0xff,0xae,0x64,0x01,0xff,0xc0,0x60,0x0f,0xfe,0xc5,0x00,0x7f,0xf0,0x68,0x03,0xff,0xb0,0xc0,0x1f,0xfc,0x02,0x30,0x0f,
0xfe,0xbb,0x00,0x7f,0xf0,0x68,0x03,0xff,0xb1,0x40,0x1f,0xfc,0x16,0x00,0xff,0xeb,0x91,0x80,0x7f,0xf0,0x10,0x40,0x3f,0xfa,
0xf4,0x01,0xff,0xc1,0xe0,0x0f,0xfe,0xc3,0x00,0x7f,0xf0,0x05,0x40,0x3f,0xfa,0xe8,0x20,0x1f,0xfc,0x06,0x00,0xff,0xec,0x70,
0x07,0xff,0x06,0x80,0x3f,0xfa,0xe2,0xa0,0x1f,0xfc,0x03,0x20,0x0f,0xfe,0xbb,0x00,0x7f,0xf0,0x68,0x03,0xff,0xb1,0x40,0x1f,
0xfc,0x17,0x00,0xff,0xeb,0x99,0x00,0x7f,0xf0,0x14,0x40,0x3f,0xfa,0xf4,0x01,0xff,0xc1,0xe0,0x0f,0xfe,0xc3,0x00,0x7f,0xf0,
0x05,0x00,0x3f,0xfa,0xea,0x01,0xff,0xc1,0x60,0x0f,0xfe,0xc7,0x00,0x7f,0xf0,0x68,0x03,0xff,0xae,0x48,0x01,0xff,0xc0,0x32,
0x00,0xff,0xeb,0xd0,0x07,0xff,0x06,0x80,0x3f,0xfb,0x0c,0x01,0xff,0xc1,0x60,0x0f,0xfe,0xba,0x08,0x07,0xff,0x01,0x80,0x3f,
0xfb,0x1c,0x01,0xff,0xc1,0xa0,0x0f,0xfe,0xb8,0xa8,0x07,0xff,0x00,0x8c,0x03,0xff,0xae,0xe0,0x1f,0xfc,0x1a,0x00,0xff,0xec,
0x50,0x07,0xff,0x05,0x80,0x3f,0xfa,0xe6,0x60,0x0f,0xfe,0x02,0x08,0x07,0xff,0x5e,0x80,0x3f,0xf8,0x3c,0x01,0xff,0xd8,0x70,
0x0f,0xfe,0x00,0xa8,0x07,0xff,0x5d,0x44,0x03,0xff,0x80,0xe0,0x1f,0xfd,0x8e,0x00,0xff,0xe0,0xd0,0x07,0xff,0x5c,0x50,0x03,
0xff,0x80,0x46,0x01,0xff,0xd7,0x60,0x0f,0xfe,0x0d,0x00,0x7f,0xf6,0x28,0x03,0xff,0x82,0xc0,0x1f,0xfd,0x74,0x20,0x0f,0xfe,
0x02,0x88,0x07,0xff,0x5f,0x80,0x3f,0xf8,0x3c,0x01,0xff,0xd8,0x50,0x0f,0xfe,0x00,0xa0,0x07,0xff,0x60,0x80,0x3f,0xf8,0x10,
0x01,0xff,0xcd,0x00,0x00,0x00,0xff,0xe3,0x0a,0xc5,0x67,0x73,0xfd,0xdc,0xca,0x74,0x00,0xff,0xea,0x8b,0xe7,0x53,0xa9,0x88,
0x80,0x02,0x23,0x58,0xbf,0xc6,0x10,0x0f,0xfe,0x79,0x57,0x41,0x80,0x7f,0xf1,0x0e,0x7a,0x44,0x03,0xff,0x96,0x35,0xaa,0x01,
0xff,0xca,0x6e,0x80,0x0f,0xfe,0x4a,0xfa,0x80,0x7f,0xf3,0x9f,0x48,0x03,0xff,0x8d,0x14,0x20,0x1f,0xfd,0x02,0xd5,0x00,0xff,
0xe2,0x4b,0x80,0x7f,0xf5,0x29,0x40,0x3f,0xf8,0x52,0xc0,0x1f,0xfd,0x6a,0x40,0x0f,0xfe,0x03,0x30,0x03,0xff,0xb1,0x44,0x01,
0xfe,0x29,0x00,0xff,0xec,0x8f,0x00,0x7f,0xb8,0x03,0xff,0xb6,0x6a,0x01,0xf9,0x8c,0x03,0xff,0x88,0xb3,0x79,0x8a,0x73,0x00,
0xff,0xe2,0x58,0x07,0xe8,0x00,0xff,0xe1,0xc7,0xd3,0x21,0x99,0x63,0x35,0x00,0x3f,0xf8,0x42,0xe0,0x1e,0x61,0x00,0xff,0xe0,
0x9e,0xb8,0x07,0xf1,0x5d,0x00,0x7f,0xf0,0xa8,0x03,0xd4,0x01,0xff,0xc1,0x3c,0x20,0x0f,0xfe,0x02,0xd8,0x07,0xff,0x04,0x90,
0x03,0x09,0x80,0x7f,0xf0,0x74,0x03,0xff,0x86,0x92,0x01,0xff,0xc1,0xd0,0x0c,0x80,0x1f,0xfc,0x19,0x10,0x0f,0xfe,0x23,0x20,
0x07,0xff,0x01,0x40,0x36,0x00,0x7f,0xf0,0x05,0x80,0x3f,0xf8,0xd0,0x01,0xff,0xc0,0x30,0x0c,0x40,0x1f,0xfc,0x07,0x00,0xff,
0xe3,0x98,0x80,0x7f,0xf0,0x0c,0x02,0x60,0x0f,0xfe,0x06,0x80,0x7f,0xf2,0x1c,0x03,0xff,0x80,0xe0,0x11,0x80,0x7f,0xf0,0x10,
0x03,0xff,0x91,0xe0,0x1f,0xfc,0x01,0x00,0x84,0x03,0xff,0xaa,0x60,0x1f,0xfc,0x03,0x00,0x84,0x03,0xff,0xaa,0x60,0x1f,0xfc,
0x03,0x00,0x8c,0x03,0xff,0xaa,0x20,0x1f,0xfc,0x01,0x00,0x98,0x03,0xff,0x80,0x60,0x1f,0xfc,0x8e,0x00,0xff,0xe0,0x38,0x04,
0x60,0x1f,0xfc,0x04,0x00,0xff,0xe4,0x28,0x07,0xff,0x00,0xc0,0x2c,0x00,0xff,0xe0,0x50,0x07,0xff,0x1c,0x4c,0x03,0xfe,0x30,
0x0c,0x80,0x1f,0xfc,0x02,0x40,0x0f,0xfe,0x34,0x80,0x7f,0xf0,0x10,0x03,0x98,0x03,0xff,0x81,0x20,0x1f,0xfc,0x52,0x70,0x0f,
0xfe,0x05,0x00,0x75,0x00,0x7f,0xf0,0x0a,0x00,0x3f,0xf8,0x63,0xe0,0x1f,0xfc,0x03,0x20,0x0e,0x34,0x00,0xff,0xe0,0x3b,0x80,
0x3f,0xf8,0x23,0xa4,0x01,0xff,0xc0,0x80,0x0f,0xa4,0x03,0xff,0x83,0x14,0x20,0x1f,0xe6,0xf3,0x00,0xff,0xe0,0x22,0x00,0x3e,
0x28,0x00,0xff,0xe0,0xaf,0x53,0x10,0x80,0x05,0x23,0xa4,0x40,0x3f,0xf8,0x03,0x20,0x1f,0xce,0x60,0x1f,0xfc,0x25,0x9d,0xef,
0xf7,0x5b,0x88,0x07,0xff,0x0a,0x88,0x03,0xfd,0xa4,0x01,0xff,0xd8,0x94,0x00,0xff,0x87,0x08,0x03,0xff,0xad,0x2c,0x01,0xff,
0xc1,0x1c,0x30,0x0f,0xfe,0xa5,0xb0,0x07,0xff,0x0c,0x70,0x40,0x3f,0xfa,0x52,0x80,0x1f,0xfc,0x42,0xc1,0x00,0xff,0xe9,0x4b,
0x00,0x7f,0xf0,0xd7,0x4c,0x03,0xff,0xa9,0x34,0x01,0xff,0xc1,0x5a,0x00,0xff,0xeb,0xad,0x80,0x7f,0xc9,0x40,0x1f,0xfd,0x94,
0xa0,0x0f,0xe1,0xa0,0x0f,0xfe,0x1a,0xce,0x77,0xfb,0xb2,0x0c,0x03,0xff,0x84,0xae,0x01,0xfa,0xc4,0x03,0xff,0x82,0xdd,0x4c,
0x62,0x00,0x13,0x7c,0xd4,0x00,0xff,0xe0,0xc1,0x00,0x79,0x14,0x03,0xff,0x83,0x72,0x20,0x1f,0xe2,0xb7,0x00,0xff,0xe0,0xc8,
0x07,0xbc,0x03,0xff,0x83,0x68,0x01,0xff,0xc2,0x87,0x00,0xff,0xe0,0x21,0x80,0x62,0x40,0x0f,0xfe,0x04,0x20,0x07,0xff,0x12,
0x0c,0x03,0xff,0x81,0x20,0x1a,0x80,0x3f,0xf8,0x04,0xe0,0x1f,0xfc,0x6f,0x00,0xff,0xe0,0x28,0x80,0x4a,0x01,0xff,0xc0,0xb0,
0x0f,0xfe,0x39,0xa0,0x07,0xff,0x01,0x00,0x04,0x40,0x0f,0xfe,0x03,0x80,0x7f,0xf2,0x38,0x03,0xff,0x81,0xe0,0x04,0x00,0xff,
0xe0,0x18,0x80,0x7f,0xf2,0x10,0x03,0xff,0x80,0x80,0x0f,0x00,0xff,0xe0,0x28,0x07,0xff,0x24,0x44,0x01,0xff,0x08,0x81,0x40,
0x3f,0xf8,0x1e,0x01,0xff,0xca,0x50,0x0f,0xfe,0x02,0x81,0x00,0x7f,0xf0,0x0c,0x03,0xff,0x94,0x20,0x1f,0xfc,0x02,0x01,0x00,
0xff,0xe0,0x08,0x07,0xff,0x28,0xc0,0x3f,0xf8,0x02,0x01,0xff,0xe7,0x10,0x0f,0xfe,0xc1,0x80,0x7f,0xf0,0x3c,0x40,0x3f,0xf8,
0x22,0x01,0xff,0xd7,0xf0,0x0f,0xfe,0x11,0x00,0x7f,0xf2,0x98,0x03,0xff,0x80,0x20,0x20,0x1f,0xfc,0x0d,0x00,0xff,0xe5,0x18,
0x07,0xff,0x00,0xc1,0x40,0x3f,0xf8,0x0e,0x01,0xff,0xc9,0x30,0x0f,0xfe,0x0b,0x01,0x00,0x7f,0xf0,0x08,0xc0,0x3f,0xf9,0x14,
0x01,0xff,0xc1,0x30,0xf0,0x0f,0xfe,0x0d,0x00,0x7f,0xf2,0x1c,0x03,0xff,0x80,0x20,0x07,0x00,0xff,0xe0,0xb0,0x80,0x7f,0xf1,
0xa0,0x40,0x3f,0xf8,0x08,0x00,0x13,0x00,0xff,0xe0,0xd0,0x07,0xff,0x14,0x9c,0x03,0xff,0x83,0xe0,0x15,0x80,0x7f,0xf0,0x52,
0x00,0x3f,0xf8,0x63,0xe0,0x1f,0xfc,0x25,0x00,0x98,0x03,0xff,0x84,0xf2,0x01,0xff,0xc1,0x2c,0x20,0x0f,0xfe,0x0b,0x00,0x61,
0x70,0x0f,0xfe,0x13,0x6a,0x00,0x7f,0x9f,0x48,0x03,0xff,0x85,0x60,0x1d,0x20,0x1f,0xfc,0x32,0xbe,0x96,0x43,0x32,0x35,0x7c,
0x00,0x7f,0xf0,0xd0,0x80,0x38,0x60,0x03,0xff,0x88,0x2d,0x37,0x98,0xb9,0x50,0x0f,0xfe,0x2c,0x80,0x7c,0xe4,0x01,0xff,0xdc,
0x82,0x00,0xfd,0xe0,0x1f,0xfd,0xb4,0x70,0x0f,0xe2,0xb0,0x0f,0xfe,0xc9,0xd8,0x07,0xfc,0x94,0x01,0xff,0xd7,0x3d,0x00,0xff,
0xe0,0xad,0x88,0x07,0xff,0x51,0x70,0x40,0x3f,0xf8,0x49,0x86,0x01,0xff,0xd2,0x8a,0x00,0xff,0xe2,0x96,0x48,0x80,0x7f,0xf3,
0x93,0x5c,0x03,0xff,0x90,0xdd,0x24,0x01,0xff,0xca,0x4b,0xb1,0x00,0x7f,0xf2,0xdb,0x6d,0x84,0x03,0xff,0x88,0x6f,0xb6,0x80,
0x1f,0xfc,0xf4,0x9e,0xda,0x74,0x21,0x10,0x00,0x48,0xd6,0x2b,0xb2,0x08,0x03,0xff,0x84,0x00,0x00,0x00,0xff,0xe2,0x92,0xc5,
0xe6,0xf7,0xfb,0xb7,0x25,0x8c,0x03,0xff,0xa8,0x51,0xba,0xa7,0x43,0x21,0x00,0x09,0x1b,0x4e,0x7d,0x28,0x07,0xff,0x3c,0xf3,
0x5c,0x80,0x3f,0xf8,0x8b,0x5f,0x00,0x1f,0xfc,0xb2,0xbc,0x30,0x0f,0xfe,0x53,0xf3,0x80,0x7f,0xf2,0x1b,0x50,0x03,0xff,0x9a,
0x31,0x82,0x01,0xff,0xc5,0xa9,0x00,0xff,0xe8,0x9f,0xa0,0x07,0xff,0x0e,0xd4,0x03,0xff,0xa6,0x36,0xa0,0x1f,0xfc,0x1b,0x40,
0x0f,0xfe,0xb5,0x20,0x07,0xfd,0x28,0x01,0xff,0xd8,0xb3,0x00,0xfe,0x56,0x00,0xff,0xed,0x70,0x07,0xe1,0xb0,0x0f,0xfe,0xd9,
0x40,0x07,0xd0,0x20,0x1f,0xfc,0x31,0x69,0xbc,0xc5,0xca,0x80,0x7f,0xf1,0x1c,0x80,0x38,0x58,0x03,0xff,0x84,0x55,0xd2,0xc8,
0x66,0x46,0xaf,0x91,0x00,0xff,0xe1,0x40,0x07,0x40,0x07,0xff,0x09,0x75,0x40,0x3f,0xcd,0xe6,0x01,0xff,0xc1,0x51,0x00,0xce,
0x01,0xff,0xc1,0x6a,0x00,0xff,0xe0,0x8e,0x18,0x07,0xff,0x06,0x40,0x25,0x10,0x0f,0xfe,0x01,0xc8,0x07,0xff,0x13,0x44,0x03,
0xff,0x80,0xc0,0x17,0x80,0x7f,0xf0,0x7c,0x03,0xff,0x8a,0x32,0x01,0xff,0xc0,0x13,0x00,0x20,0x07,0xff,0x01,0x0c,0x03,0xff,
0x8c,0xe2,0x01,0xff,0xc0,0x40,0x21,0x00,0xff,0xe0,0x78,0x07,0xff,0x21,0xc0,0x3f,0xf8,0x18,0x0e,0x01,0xff,0xc1,0x40,0x0f,
0xfe,0x46,0x80,0x7f,0xf0,0x14,0x08,0x03,0xff,0x80,0x80,0x1f,0xfc,0x94,0x00,0xff,0xe0,0x08,0x68,0x07,0xff,0x03,0x00,0x3f,
0xf9,0x44,0x01,0xff,0xc0,0x21,0x00,0xff,0xe0,0x10,0x07,0xff,0x29,0x80,0x3f,0xf8,0x0c,0xe0,0x1f,0xfc,0x06,0x00,0xff,0xe5,
0x10,0x07,0xff,0x00,0x44,0x01,0xff,0xc0,0x10,0x0f,0xfe,0xb9,0x80,0x7f,0xf9,0x84,0x03,0xff,0x80,0x20,0x1f,0xfc,0xa3,0x00,
0xff,0xe7,0x38,0x07,0xff,0x28,0x40,0x3f,0xf8,0x2e,0x01,0xff,0xc0,0x20,0x0f,0xfe,0x53,0x00,0x7f,0xf0,0x44,0x03,0xff,0x81,
0xe0,0x1f,0xfc,0xa2,0x00,0xff,0xe0,0xe8,0x07,0xff,0x01,0xc0,0x3f,0xf9,0x28,0x01,0xff,0xc2,0x20,0x0f,0xfe,0x00,0x98,0x07,
0xff,0x23,0x40,0x3f,0xf8,0x4e,0x01,0xff,0xc1,0xa0,0x0f,0xfe,0x43,0x80,0x7f,0xf0,0x88,0x40,0x3f,0xf8,0x0c,0x20,0x1f,0xfc,
0x66,0x10,0x0f,0xfe,0x1a,0x00,0x7f,0xf0,0x68,0x03,0xff,0x8a,0x30,0x01,0xff,0xc4,0xf0,0x0f,0xfe,0x0a,0x38,0x07,0xff,0x12,
0x84,0x03,0xff,0x88,0x80,0x1f,0xfc,0x28,0x80,0x07,0xff,0x0a,0xd0,0x03,0xff,0x8a,0x2c,0x01,0xff,0xc2,0x7b,0x20,0x0f,0xf2,
0x6a,0x00,0x7f,0xf1,0xec,0x03,0xff,0x86,0x9b,0x6c,0x62,0x00,0x14,0x7d,0xb2,0x00,0xff,0xe4,0x13,0x00,0x7f,0xf1,0x12,0x73,
0xbf,0xdd,0x70,0x40,0x1f,0xfc,0xb8,0x10,0x0f,0xff,0x20,0xc0,0x07,0xff,0x95,0x98,0x01,0xff,0xe5,0x93,0x00,0xff,0xf2,0xe2,
0x00,0x7f,0xf9,0x6d,0x40,0x3f,0xf9,0xca,0x60,0x1f,0xfc,0x9a,0xa0,0x80,0x7f,0xf2,0xde,0x94,0x03,0xff,0x94,0xbe,0xc0,0x1f,
0xfc,0x82,0xb8,0x00,0xff,0xe6,0x8c,0xf3,0x88,0x07,0xff,0x0c,0xa7,0x50,0x03,0xff,0xa0,0x31,0xd9,0x0a,0x40,0x1f,0x0a,0x46,
0xe9,0x80,0x3f,0xfa,0xa6,0xf5,0xbf,0xdb,0xb7,0x7f,0x5b,0x90,0x07,0xff,0x70,0x48,0xa1,0x00,0xff,0xff,0x80,0x7f,0xff,0xc0,
0x3f,0xff,0xe0,0x02,0x88,0xff,0x8c,0x03,0xff,0xb3,0xee,0xff,0xf6,0x00,0x7f,0xf6,0x48,0x03,0xff,0xe4,0x20,0x1f,0xfc,0x83,
0x00,0xff,0xe8,0x10,0x07,0xff,0x21,0x80,0x3f,0xf8,0x06,0x00,0x10,0x0f,0xfe,0x02,0x00,0x7f,0xf1,0xc4,0xc0,0x3f,0xf8,0x02,
0x00,0x30,0x0f,0xfe,0x06,0x00,0x7f,0xf1,0xdc,0x03,0xff,0x82,0xe0,0x06,0x00,0xff,0xe0,0x21,0x80,0x7f,0xf1,0xa0,0x03,0xff,
0x82,0x40,0x0c,0x00,0xff,0xe0,0xf8,0x07,0xff,0x16,0x04,0x03,0xff,0x80,0x42,0x00,0x30,0x0f,0xfe,0x09,0xc8,0x07,0xff,0x0d,
0x5c,0x03,0xff,0x82,0x80,0x12,0x08,0x07,0xff,0x05,0xa4,0x03,0xff,0x82,0xf4,0x01,0xff,0xc2,0xd0,0x0c,0xe0,0x1f,0xfc,0x26,
0xc4,0x00,0xfe,0x4c,0x80,0x0f,0xfe,0x10,0xa0,0x06,0xb0,0x0f,0xfe,0x19,0xde,0xca,0xa1,0xa2,0xce,0xd9,0x80,0x7f,0xf0,0xe4,
0x03,0x89,0x80,0x3f,0xf8,0x84,0xd5,0x79,0x74,0xc4,0x01,0xff,0xc4,0x27,0x00,0xf4,0x08,0x07,0xff,0x72,0x40,0x3e,0x1a,0x00,
0xff,0xed,0xba,0x00,0x7e,0x47,0x00,0xff,0xec,0xa4,0x00,0x7f,0xa1,0xc0,0x3f,0xfa,0xe9,0x60,0x1f,0xfc,0x08,0x80,0x07,0xff,
0x55,0x6c,0x03,0xff,0x84,0xf6,0x20,0x1f,0xfd,0x29,0xa0,0x0f,0xfe,0x22,0x7b,0x00,0x7f,0xf3,0xd7,0x98,0x03,0xff,0x8c,0x33,
0xac,0x01,0xff,0xcb,0x5c,0xa1,0x00,0xff,0xe4,0x94,0xfc,0xa0,0x07,0xff,0x14,0xe7,0xa8,0xc0,0x3f,0xf9,0xcd,0x7f,0x70,0xc6,
0x42,0x01,0x09,0x1b,0x45,0xfe,0x30,0x80,0x7f,0xf0,0x40,0x00,0x00,0x00,0xe6,0xbe,0xfe,0xc8,0x20,0x0f,0x8f,0x65,0x04,0x04,
0xdf,0x5c,0x03,0x8f,0x08,0x03,0xf4,0x40,0x02,0x1d,0x00,0xff,0x9d,0x40,0x12,0x20,0x1f,0xfc,0x08,0x00,0x28,0x07,0xff,0x04,
0x8c,0x48,0x03,0xff,0x84,0xa4,0x01,0xff,0xc3,0xe0,0x0f,0xfe,0x29,0x00,0x7f,0xf0,0xf8,0x48,0x03,0xff,0x84,0xa0,0xa0,0x1f,
0xfc,0x12,0x30,0x91,0x00,0xff,0xe0,0x48,0x00,0x74,0x03,0xfe,0x74,0x00,0x8f,0x08,0x03,0xf4,0xc0,0x07,0x1e,0xca,0x08,0x09,
0xbf,0x30,0x07,0xe6,0xbe,0xfe,0xc8,0x10,0x0f,0xff,0xf8,0x07,0xff,0xfc,0x03,0xff,0xfe,0x01,0xff,0xff,0x00,0xff,0xf2,0xb5,
0xf7,0xf6,0x41,0x00,0x7c,0x7b,0x28,0x20,0x26,0xfa,0xe0,0x1c,0x78,0x40,0x1f,0xa2,0x00,0x10,0xe8,0x07,0xfc,0xea,0x00,0x91,
0x00,0xff,0xe0,0x40,0x01,0x40,0x3f,0xf8,0x24,0x62,0x40,0x1f,0xfc,0x25,0x20,0x0f,0xfe,0x1f,0x00,0x7f,0xf1,0x48,0x03,0xff,
0x87,0xc2,0x40,0x1f,0xfc,0x25,0x05,0x00,0xff,0xe0,0x91,0x84,0x88,0x07,0xff,0x02,0x40,0x03,0xa0,0x1f,0xf3,0xa0,0x04,0x78,
0x40,0x1f,0xa6,0x00,0x38,0xf6,0x50,0x40,0x4d,0xf9,0x80,0x20,0x00,0x00,0x00,0xff,0xe0,0x93,0x4e,0x77,0xfb,0xb6,0x9c,0xc0,
0x3f,0xf9,0x8d,0x9b,0x2c,0x62,0x00,0x12,0x58,0xce,0x81,0x00,0xff,0xe3,0xaf,0x49,0x80,0x7f,0xf0,0x05,0xfa,0x00,0x3f,0xf8,
0x83,0x74,0x20,0x1f,0xfc,0x57,0xd4,0x00,0xff,0xe0,0x9f,0xa0,0x07,0xff,0x20,0xad,0x80,0x3f,0xe3,0xc1,0x00,0xff,0xe5,0xcb,
0x80,0x7f,0x16,0x80,0x7f,0xf3,0xa1,0x80,0x3f,0x78,0x80,0x7f,0xf3,0xe4,0xc0,0x3d,0x24,0x01,0xfe,0x5a,0xdf,0xf7,0x5b,0x88,
0x07,0xfb,0x80,0x38,0xd8,0x03,0xf9,0x76,0x94,0x80,0x02,0x91,0xd0,0x01,0xfc,0x4e,0x01,0xa0,0x03,0xfa,0x28,0x80,0x3f,0x9e,
0xc4,0x03,0xf4,0x80,0x44,0x80,0x1f,0xa1,0xc0,0x3f,0xf8,0x09,0xa0,0x1f,0x85,0x80,0x14,0x01,0xf9,0x1c,0x03,0xff,0x84,0x70,
0x01,0xfa,0x80,0x0a,0x01,0xfa,0x40,0x3f,0xf8,0x8e,0x40,0x1f,0x18,0x88,0x80,0x3e,0x42,0x00,0xff,0xe2,0xd0,0x07,0xe4,0x50,
0x0f,0xda,0x01,0xff,0xc6,0x50,0x0f,0xda,0x40,0x1f,0x94,0x03,0xff,0x8c,0x40,0x1f,0x88,0x40,0x3f,0x08,0x07,0xff,0x1c,0x40,
0x3e,0x1f,0x00,0xff,0xec,0xf8,0x07,0xe1,0x00,0xff,0xe3,0x88,0x07,0xe1,0x00,0xfc,0xa0,0x1f,0xfc,0x62,0x00,0xfc,0x24,0x01,
0xfb,0x40,0x3f,0xf8,0xca,0x01,0xfb,0x54,0x03,0xf2,0x10,0x07,0xff,0x16,0x80,0x3f,0x18,0x90,0x07,0xe9,0x00,0xff,0xe2,0x39,
0x00,0x7e,0x50,0xa0,0x0f,0xc8,0xe0,0x1f,0xfc,0x23,0x80,0x0f,0xc8,0x20,0xa0,0x1f,0xd0,0xe0,0x1f,0xfc,0x04,0xd0,0x0f,0xed,
0x00,0x12,0x80,0x7f,0x45,0x10,0x07,0xf3,0xd8,0x80,0x7e,0x16,0x00,0xa0,0x03,0xfc,0xbb,0x4a,0x40,0x01,0x48,0xe8,0x00,0xff,
0x40,0x06,0x27,0x00,0xff,0x96,0xb7,0xfd,0xd6,0xe2,0x01,0xfe,0x36,0x00,0xe8,0x30,0x0f,0xfe,0x8f,0x00,0x7d,0xa2,0x01,0xff,
0xcf,0xa2,0x00,0xf8,0x70,0x40,0x3f,0xf9,0xb2,0xa0,0x1f,0xc5,0x84,0x01,0xff,0xcb,0xa6,0x00,0xff,0x8b,0x14,0x03,0xff,0x90,
0x58,0xa0,0x1f,0xfc,0x11,0xaa,0x10,0x07,0xff,0x15,0xf4,0xc0,0x3f,0xf8,0x8b,0xb2,0x60,0x1f,0xfc,0x01,0x7e,0x80,0x0f,0xfe,
0x43,0x66,0xcb,0x18,0x80,0x04,0x92,0x33,0xa0,0x40,0x3f,0xc0,0x00,0x00,
};
static const lv_font_fmt_txt_glyph_dsc_t glyphs_semibold_112[]={{0,0,0,0,0,0},
{.bitmap_index=0,.adv_w=724,.box_w=39,.box_h=12,.ofs_x=3,.ofs_y=28},
{.bitmap_index=38,.adv_w=1018,.box_w=52,.box_h=80,.ofs_x=6,.ofs_y=-1},
{.bitmap_index=655,.adv_w=632,.box_w=28,.box_h=78,.ofs_x=4,.ofs_y=0},
{.bitmap_index=827,.adv_w=988,.box_w=52,.box_h=79,.ofs_x=5,.ofs_y=0},
{.bitmap_index=1512,.adv_w=952,.box_w=50,.box_h=79,.ofs_x=4,.ofs_y=-1},
{.bitmap_index=2197,.adv_w=1048,.box_w=56,.box_h=78,.ofs_x=4,.ofs_y=0},
{.bitmap_index=2690,.adv_w=950,.box_w=50,.box_h=79,.ofs_x=5,.ofs_y=-1},
{.bitmap_index=3268,.adv_w=948,.box_w=50,.box_h=80,.ofs_x=5,.ofs_y=-1},
{.bitmap_index=4051,.adv_w=874,.box_w=51,.box_h=78,.ofs_x=2,.ofs_y=0},
{.bitmap_index=4613,.adv_w=955,.box_w=51,.box_h=80,.ofs_x=4,.ofs_y=-1},
{.bitmap_index=5539,.adv_w=944,.box_w=50,.box_h=80,.ofs_x=4,.ofs_y=-1},
{.bitmap_index=6325,.adv_w=636,.box_w=17,.box_h=53,.ofs_x=11,.ofs_y=1},
{.bitmap_index=6518,.adv_w=678,.box_w=38,.box_h=37,.ofs_x=2,.ofs_y=53}};
static const uint16_t unicode_semibold_112[]={0,3,4,5,6,7,8,9,10,11,12,13,131};
static const lv_font_fmt_txt_cmap_t cmap_semibold_112[]={{.range_start=45,.range_length=132,.glyph_id_start=1,.unicode_list=unicode_semibold_112,.list_length=13,.type=LV_FONT_FMT_TXT_CMAP_SPARSE_TINY}};
static const lv_font_fmt_txt_dsc_t dsc_semibold_112={.glyph_bitmap=bitmap_semibold_112,.glyph_dsc=glyphs_semibold_112,.cmaps=cmap_semibold_112,.cmap_num=1,.bpp=4,.bitmap_format=LV_FONT_FMT_TXT_COMPRESSED};
const lv_font_t font_wf_semibold_112={.get_glyph_dsc=lv_font_get_glyph_dsc_fmt_txt,.get_glyph_bitmap=lv_font_get_bitmap_fmt_txt,.line_height=91,.base_line=1,.dsc=&dsc_semibold_112,.user_data=(void *)font_license};
