// Generated by tools/gen_location_font.swift; new location/settings font, 24px, 2bpp.
#include "lvgl.h"
static const uint8_t bitmap[]={
/* U+20 */

/* U+21 */
0x3d,0x3d,0x3d,0x3d,0x3d,0x3d,0x3c,0x3c,0x2c,0x2c,0x28,0x28,0x14,0x00,0x29,0x7d,0x7d,
/* U+22 */
0x74,0xe7,0x4e,0x74,0xe7,0x4e,0x74,0xe7,0x4e,
/* U+23 */
0x00,0x64,0x18,0x00,0x1d,0x0b,0x00,0x0b,0x03,0x80,0x02,0xc0,0xe0,0x00,0xb0,0x34,0x06,0xbe,0xbf,0x91,0xbf,0xaf,0xe4,0x07,
0x42,0xc0,0x01,0xd0,0xb0,0x00,0x74,0x38,0x02,0xae,0xaf,0x91,0xff,0xff,0xfc,0x03,0x81,0xd0,0x00,0xe0,0x74,0x00,0x74,0x2c,
0x00,0x1d,0x0b,0x00,0x07,0x43,0x80,0x00,
/* U+24 */
0x00,0x0d,0x00,0x00,0x17,0x90,0x00,0x2f,0xfe,0x00,0x2f,0xbb,0xe0,0x1f,0x0d,0x2d,0x0b,0x43,0x47,0x83,0xd0,0xd0,0x50,0xb8,
0x34,0x00,0x1f,0x9d,0x00,0x02,0xff,0x90,0x00,0x1b,0xff,0x40,0x00,0x3b,0xf8,0x00,0x0d,0x1f,0x44,0x03,0x42,0xd7,0x80,0xd0,
0xb8,0xf0,0x34,0x2d,0x2e,0x4d,0x1f,0x03,0xfb,0xaf,0x40,0x2f,0xff,0x40,0x00,0x78,0x00,0x00,0x0d,0x00,0x00,0x01,0x00,0x00,

/* U+25 */
0x00,0x00,0x00,0x01,0x40,0x0b,0xe4,0x00,0x07,0x80,0x3d,0x7c,0x00,0x0f,0x40,0x74,0x1e,0x00,0x2d,0x00,0xb0,0x0e,0x00,0x78,
0x00,0xb0,0x0f,0x00,0xf0,0x00,0xb0,0x0f,0x02,0xd0,0x00,0xb4,0x0e,0x0b,0x80,0x00,0x78,0x2d,0x1e,0x01,0x40,0x2f,0xf8,0x3c,
0x1f,0xf4,0x05,0x90,0xb4,0x78,0x2c,0x00,0x01,0xe0,0xb0,0x1e,0x00,0x07,0xc0,0xb0,0x0e,0x00,0x0b,0x40,0xf0,0x0e,0x00,0x2d,
0x00,0xb0,0x0e,0x00,0x78,0x00,0xb0,0x1d,0x00,0xf0,0x00,0x78,0x7c,0x02,0xd0,0x00,0x1f,0xf4,0x02,0x40,0x00,0x01,0x00,
/* U+26 */
0x01,0xfe,0x40,0x00,0x7e,0xfd,0x00,0x0f,0x42,0xe0,0x00,0xf0,0x1f,0x00,0x0f,0x41,0xe0,0x00,0xb8,0x7d,0x00,0x03,0xef,0x40,
0x00,0x2f,0xd0,0x00,0x0b,0xfd,0x00,0x03,0xe1,0xf0,0xb4,0xb8,0x0b,0xcf,0x0f,0x00,0x2e,0xe0,0xf0,0x00,0xfd,0x0f,0x40,0x07,
0xd0,0xb8,0x01,0xff,0x47,0xfa,0xfd,0x7d,0x0b,0xfe,0x42,0xf0,0x01,0x00,0x00,
/* U+27 */
0x77,0x77,0x77,
/* U+28 */
0x00,0x90,0x2c,0x07,0x40,0xf0,0x1e,0x02,0xc0,0x3c,0x07,0x80,0xb8,0x0b,0x80,0xb4,0x0f,0x40,0xb4,0x0b,0x80,0xb8,0x07,0x80,
0x3c,0x02,0xc0,0x1d,0x00,0xe0,0x07,0x40,0x28,0x01,0x90,
/* U+29 */
0x90,0x2c,0x03,0x80,0xb0,0x1d,0x03,0xc0,0xb4,0x2e,0x07,0x81,0xf0,0x7c,0x0f,0x07,0xc1,0xf0,0x7c,0x2e,0x0b,0x43,0xc1,0xe0,
0xb4,0x38,0x2c,0x09,0x00,
/* U+2a */
0x01,0x80,0x11,0x80,0x7a,0xee,0x07,0xe4,0x07,0xa0,0x1d,0x38,0x04,0x10,
/* U+2b */
0x00,0x2c,0x00,0x00,0x0b,0x00,0x00,0x02,0xc0,0x00,0x00,0xb0,0x00,0x00,0x2c,0x00,0x2f,0xff,0xff,0xda,0xab,0xea,0xa4,0x00,
0xb0,0x00,0x00,0x2c,0x00,0x00,0x0b,0x00,0x00,0x02,0xc0,0x00,0x00,0xb0,0x00,
/* U+2c */
0xa7,0xef,0x89,0x37,0x44,0x00,
/* U+2d */
0xaa,0xaa,0xff,0xf5,0x55,0x40,
/* U+2e */
0xa7,0xef,0x80,
/* U+2f */
0x00,0x06,0x40,0x02,0xc0,0x00,0xe0,0x00,0xb4,0x00,0x38,0x00,0x1d,0x00,0x0b,0x00,0x03,0x80,0x02,0xd0,0x00,0xf0,0x00,0x74,
0x00,0x2c,0x00,0x0e,0x00,0x07,0x40,0x03,0xc0,0x01,0xd0,0x00,0xb0,0x00,0x38,0x00,0x04,0x00,0x00,
/* U+30 */
0x02,0xbe,0x40,0x1f,0xff,0xe0,0x3e,0x01,0xf4,0x7c,0x00,0xb8,0xb8,0x00,0x7c,0xb4,0x00,0x3c,0xf4,0x00,0x3d,0xf4,0x00,0x3d,
0xf4,0x00,0x2d,0xf4,0x00,0x3d,0xf4,0x00,0x3d,0xf4,0x00,0x3d,0xb8,0x00,0x7c,0x7c,0x00,0xb8,0x3e,0x01,0xf4,0x1f,0xeb,0xe0,
0x07,0xff,0x80,0x00,0x10,0x00,
/* U+31 */
0x00,0x78,0x02,0xe0,0x6f,0xaf,0xfe,0xaa,0xf8,0x01,0xe0,0x07,0x80,0x1e,0x00,0x78,0x01,0xe0,0x07,0x80,0x1e,0x00,0x78,0x01,
0xe0,0x07,0x80,0x1e,0x00,0x78,
/* U+32 */
0x00,0xaf,0x90,0x07,0xff,0xf4,0x0f,0x80,0xbd,0x2e,0x00,0x2e,0x2d,0x00,0x1e,0x3c,0x00,0x1e,0x00,0x00,0x2e,0x00,0x00,0x7c,
0x00,0x01,0xf4,0x00,0x0b,0xd0,0x00,0x7e,0x40,0x02,0xf4,0x00,0x0b,0x80,0x00,0x1e,0x00,0x00,0x3d,0x00,0x00,0x3e,0xaa,0xaa,
0x7f,0xff,0xfe,
/* U+33 */
0x06,0xfe,0x40,0x7f,0xff,0x43,0xd0,0x2f,0x2e,0x00,0x3d,0xb4,0x00,0xb5,0x40,0x03,0xd0,0x00,0x2e,0x00,0x2b,0xe0,0x00,0xbf,
0xd0,0x00,0x07,0xd0,0x00,0x07,0x94,0x00,0x0f,0xf0,0x00,0x3f,0xd0,0x01,0xfb,0x80,0x0f,0x8f,0xea,0xf8,0x0b,0xff,0x40,0x00,
0x40,0x00,
/* U+34 */
0x00,0x00,0xf0,0x00,0x00,0xbc,0x00,0x00,0x7f,0x00,0x00,0x3b,0xc0,0x00,0x2c,0xf0,0x00,0x1d,0x3c,0x00,0x1e,0x0f,0x00,0x0b,
0x03,0xc0,0x0b,0x40,0xf0,0x07,0x80,0x3c,0x03,0xc0,0x0f,0x01,0xfa,0xab,0xe9,0x7f,0xff,0xff,0x40,0x00,0x3c,0x00,0x00,0x0f,
0x00,0x00,0x03,0xc0,0x00,0x00,0xf0,0x00,
/* U+35 */
0x0a,0xaa,0xa4,0x1f,0xff,0xf4,0x2d,0x00,0x00,0x2c,0x00,0x00,0x3c,0x00,0x00,0x38,0x00,0x00,0x7a,0xff,0x40,0x7f,0xaf,0xe0,
0xb8,0x01,0xf4,0x10,0x00,0x7c,0x00,0x00,0x3c,0x00,0x00,0x3d,0xa0,0x00,0x3c,0xf4,0x00,0x7c,0xb8,0x01,0xf4,0x3f,0xab,0xe0,
0x0b,0xff,0x40,0x00,0x10,0x00,
/* U+36 */
0x01,0xbe,0x40,0x0b,0xff,0xe0,0x1f,0x41,0xf4,0x3d,0x00,0x78,0x78,0x00,0x14,0xb4,0x00,0x00,0xf1,0xae,0x40,0xf7,0xff,0xe0,
0xfe,0x01,0xf8,0xfc,0x00,0x7c,0xf8,0x00,0x3d,0xf4,0x00,0x2d,0xb4,0x00,0x2d,0x78,0x00,0x3c,0x3d,0x00,0xb8,0x1f,0xab,0xf0,
0x06,0xff,0x80,0x00,0x10,0x00,
/* U+37 */
0xaa,0xaa,0xa8,0xbf,0xff,0xfd,0x15,0x55,0x78,0x00,0x00,0xf0,0x00,0x02,0xd0,0x00,0x07,0x80,0x00,0x0f,0x00,0x00,0x2d,0x00,
0x00,0x7c,0x00,0x00,0xb8,0x00,0x00,0xf4,0x00,0x01,0xf0,0x00,0x02,0xd0,0x00,0x03,0xd0,0x00,0x07,0xc0,0x00,0x07,0xc0,0x00,
0x0b,0x80,0x00,
/* U+38 */
0x02,0xfe,0x40,0x1f,0xff,0xe0,0x3e,0x01,0xf4,0x7c,0x00,0xb8,0x78,0x00,0xb8,0x3c,0x00,0xf4,0x2e,0x02,0xf0,0x0b,0xff,0x80,
0x0b,0xff,0xd0,0x7e,0x01,0xf8,0xb8,0x00,0x7c,0xf4,0x00,0x3d,0xf4,0x00,0x3d,0xb4,0x00,0x3c,0x7d,0x00,0xb8,0x2f,0xab,0xf0,
0x07,0xff,0x80,0x00,0x10,0x00,
/* U+39 */
0x06,0xfe,0x00,0x1f,0xff,0xd0,0x7d,0x02,0xf0,0xb8,0x00,0xb4,0xf0,0x00,0x7c,0xf0,0x00,0x7c,0xf0,0x00,0x7c,0xf4,0x00,0xbd,
0x7d,0x01,0xfd,0x2f,0xaf,0xbc,0x0b,0xfd,0x3c,0x00,0x00,0x3c,0x00,0x00,0x78,0xb8,0x00,0xb4,0x7c,0x01,0xf0,0x2f,0xab,0xd0,
0x0b,0xfe,0x40,0x00,0x10,0x00,
/* U+3a */
0x57,0xef,0x95,0x00,0x00,0x00,0x00,0x0a,0x7e,0xf8,
/* U+3b */
0x57,0xef,0x95,0x00,0x00,0x00,0x00,0x0a,0x7e,0xf8,0x93,0x74,0x40,
/* U+3c */
0x00,0x00,0x0b,0x40,0x00,0x6f,0x80,0x01,0xbe,0x00,0x06,0xf4,0x00,0x1f,0x90,0x00,0x3e,0x40,0x00,0x0b,0xd0,0x00,0x00,0x6f,
0x80,0x00,0x01,0xbe,0x40,0x00,0x02,0xf9,0x00,0x00,0x07,0xe0,0x00,0x00,0x19,
/* U+3d */
0x55,0x55,0x55,0x3f,0xff,0xff,0xd5,0x55,0x55,0x50,0x00,0x00,0x00,0x00,0x00,0x00,0x15,0x55,0x55,0x4f,0xff,0xff,0xf4,
/* U+3e */
0xe4,0x00,0x00,0x1f,0x90,0x00,0x00,0x7f,0x40,0x00,0x01,0xbe,0x00,0x00,0x06,0xf9,0x00,0x00,0x0b,0xd0,0x00,0x06,0xf4,0x00,
0x1b,0xd0,0x00,0x7e,0x40,0x02,0xf9,0x00,0x0b,0xe4,0x00,0x03,0x80,0x00,0x00,
/* U+3f */
0x00,0x55,0x00,0x1f,0xfe,0x01,0xf9,0xbf,0x0f,0x40,0x3d,0x78,0x00,0xba,0xd0,0x01,0xe1,0x00,0x0b,0x80,0x00,0x7d,0x00,0x07,
0xd0,0x00,0x3e,0x00,0x02,0xe0,0x00,0x1f,0x00,0x00,0x78,0x00,0x01,0xa0,0x00,0x00,0x00,0x00,0x2a,0x00,0x00,0xbc,0x00,0x02,
0xf0,0x00,
/* U+40 */
0x00,0x01,0x54,0x00,0x00,0x1b,0xff,0xe0,0x00,0x2e,0x40,0x1f,0x80,0x2e,0x00,0x00,0xb4,0x1d,0x01,0xa4,0x5b,0x4e,0x03,0xff,
0x78,0xe7,0x43,0xd0,0xbd,0x3a,0xc2,0xd0,0x0f,0x0b,0xa0,0xf0,0x03,0x82,0xf8,0x74,0x01,0xd0,0xab,0x1d,0x00,0xb0,0x3a,0xc7,
0x40,0x78,0x2c,0x75,0xf0,0x7e,0x1d,0x0f,0x2f,0xfb,0xed,0x01,0xe2,0xa4,0x68,0x64,0x2e,0x00,0x00,0xb4,0x01,0xf5,0x05,0xb4,
0x00,0x0b,0xff,0xe4,0x00,0x00,0x05,0x40,0x00,
/* U+41 */
0x00,0x0b,0xd0,0x00,0x00,0x0f,0xe0,0x00,0x00,0x1e,0xf0,0x00,0x00,0x3c,0xb4,0x00,0x00,0x78,0x7c,0x00,0x00,0xb4,0x3d,0x00,
0x00,0xf0,0x2e,0x00,0x01,0xe0,0x1f,0x00,0x03,0xd0,0x0f,0x40,0x07,0xc0,0x0b,0x80,0x0b,0xff,0xff,0xd0,0x0f,0xff,0xff,0xe0,
0x1f,0x00,0x01,0xf0,0x2d,0x00,0x00,0xf4,0x7c,0x00,0x00,0xb8,0xb8,0x00,0x00,0x7c,0xf4,0x00,0x00,0x3e,
/* U+42 */
0xff,0xff,0xf8,0x0f,0xaa,0xaf,0xe0,0xf0,0x00,0x1f,0x4f,0x00,0x00,0xf4,0xf0,0x00,0x0b,0x8f,0x00,0x00,0xf4,0xf0,0x00,0x2e,
0x0f,0xaa,0xbf,0x80,0xff,0xff,0xf9,0x0f,0x40,0x16,0xf4,0xf0,0x00,0x07,0xcf,0x00,0x00,0x3d,0xf0,0x00,0x03,0xdf,0x00,0x00,
0x7c,0xf0,0x00,0x1f,0x8f,0xff,0xff,0xe0,0xff,0xff,0xe4,0x00,
/* U+43 */
0x00,0x05,0x54,0x00,0x02,0xff,0xf9,0x00,0x7f,0xa6,0xfd,0x03,0xe0,0x00,0xbd,0x2e,0x00,0x00,0xb9,0xf4,0x00,0x01,0xfb,0x80,
0x00,0x00,0x2e,0x00,0x00,0x00,0xb4,0x00,0x00,0x03,0xd0,0x00,0x00,0x0b,0x40,0x00,0x00,0x2e,0x00,0x00,0x05,0xbc,0x00,0x00,
0x3d,0xf4,0x00,0x01,0xf2,0xe0,0x00,0x0f,0x87,0xf4,0x00,0xbc,0x07,0xfe,0xaf,0xd0,0x02,0xff,0xf8,0x00,0x00,0x14,0x00,0x00,

/* U+44 */
0xff,0xff,0x90,0x0f,0xaa,0xff,0xd0,0xf0,0x00,0x6f,0x4f,0x00,0x00,0xbc,0xf0,0x00,0x03,0xdf,0x00,0x00,0x2e,0xf0,0x00,0x01,
0xef,0x00,0x00,0x1f,0xf0,0x00,0x01,0xff,0x00,0x00,0x1e,0xf0,0x00,0x02,0xef,0x00,0x00,0x2e,0xf0,0x00,0x07,0xdf,0x00,0x00,
0xf8,0xf0,0x00,0x7f,0x0f,0xff,0xff,0x80,0xff,0xfe,0x90,0x00,
/* U+45 */
0xff,0xff,0xfe,0xfa,0xaa,0xaa,0xf0,0x00,0x00,0xf0,0x00,0x00,0xf0,0x00,0x00,0xf0,0x00,0x00,0xf0,0x00,0x00,0xfa,0xaa,0xa8,
0xff,0xff,0xfc,0xf4,0x00,0x00,0xf0,0x00,0x00,0xf0,0x00,0x00,0xf0,0x00,0x00,0xf0,0x00,0x00,0xf0,0x00,0x00,0xff,0xff,0xfe,
0xff,0xff,0xfe,
/* U+46 */
0xff,0xff,0xff,0xea,0xaa,0xaf,0x00,0x00,0x3c,0x00,0x00,0xf0,0x00,0x03,0xc0,0x00,0x0f,0x00,0x00,0x3e,0xaa,0xa8,0xff,0xff,
0xf3,0xd0,0x00,0x0f,0x00,0x00,0x3c,0x00,0x00,0xf0,0x00,0x03,0xc0,0x00,0x0f,0x00,0x00,0x3c,0x00,0x00,0xf0,0x00,0x00,
/* U+47 */
0x00,0x05,0x54,0x00,0x00,0xbf,0xff,0x40,0x03,0xfa,0x6b,0xe0,0x0f,0xc0,0x01,0xf8,0x2e,0x00,0x00,0x7c,0x3d,0x00,0x00,0x3d,
0x7c,0x00,0x00,0x00,0xb8,0x00,0x00,0x00,0xb4,0x00,0x00,0x00,0xf4,0x00,0xbf,0xfe,0xf4,0x00,0xbf,0xfe,0xb8,0x00,0x00,0x1e,
0xbc,0x00,0x00,0x2e,0x3d,0x00,0x00,0x3e,0x2f,0x00,0x00,0x7e,0x0f,0xd0,0x02,0xfe,0x02,0xfe,0xaf,0x9e,0x00,0x6f,0xfe,0x0e,
0x00,0x01,0x40,0x00,
/* U+48 */
0xf0,0x00,0x02,0xdf,0x00,0x00,0x2d,0xf0,0x00,0x02,0xdf,0x00,0x00,0x2d,0xf0,0x00,0x02,0xdf,0x00,0x00,0x2d,0xf0,0x00,0x02,
0xdf,0xaa,0xaa,0xbd,0xff,0xff,0xff,0xdf,0x40,0x00,0x3d,0xf0,0x00,0x02,0xdf,0x00,0x00,0x2d,0xf0,0x00,0x02,0xdf,0x00,0x00,
0x2d,0xf0,0x00,0x02,0xdf,0x00,0x00,0x2d,0xf0,0x00,0x02,0xd0,
/* U+49 */
0xf7,0xdf,0x7d,0xf7,0xdf,0x7d,0xf7,0xdf,0x7d,0xf7,0xdf,0x7d,0xf4,
/* U+4a */
0x00,0x00,0xb8,0x00,0x02,0xe0,0x00,0x0b,0x80,0x00,0x2e,0x00,0x00,0xb8,0x00,0x02,0xe0,0x00,0x0b,0x80,0x00,0x2e,0x00,0x00,
0xb8,0x00,0x02,0xe0,0x00,0x0b,0x9a,0x00,0x2e,0x7c,0x00,0xb9,0xf0,0x03,0xd3,0xd0,0x1f,0x4b,0xea,0xf8,0x0b,0xff,0x80,0x01,
0x50,0x00,
/* U+4b */
0xf0,0x00,0x0b,0xdf,0x00,0x02,0xf4,0xf0,0x00,0xbc,0x0f,0x00,0x2f,0x00,0xf0,0x0b,0xc0,0x0f,0x02,0xe0,0x00,0xf0,0xbc,0x00,
0x0f,0x7f,0xc0,0x00,0xff,0xbe,0x00,0x0f,0xe1,0xf8,0x00,0xf8,0x07,0xd0,0x0f,0x00,0x2f,0x00,0xf0,0x00,0xf8,0x0f,0x00,0x07,
0xe0,0xf0,0x00,0x2f,0x4f,0x00,0x00,0xfc,0xf0,0x00,0x07,0xe0,
/* U+4c */
0xf0,0x00,0x00,0xf0,0x00,0x00,0xf0,0x00,0x00,0xf0,0x00,0x00,0xf0,0x00,0x00,0xf0,0x00,0x00,0xf0,0x00,0x00,0xf0,0x00,0x00,
0xf0,0x00,0x00,0xf0,0x00,0x00,0xf0,0x00,0x00,0xf0,0x00,0x00,0xf0,0x00,0x00,0xf0,0x00,0x00,0xf0,0x00,0x00,0xff,0xff,0xfd,
0xff,0xff,0xfd,
/* U+4d */
0xfd,0x00,0x00,0x1f,0xff,0x80,0x00,0x0b,0xff,0xf0,0x00,0x03,0xff,0xed,0x00,0x02,0xef,0xf7,0x80,0x00,0xf7,0xfc,0xf0,0x00,
0x79,0xff,0x1e,0x00,0x2d,0x7f,0xc3,0xc0,0x0f,0x1f,0xf0,0xb4,0x07,0x87,0xfc,0x1e,0x02,0xd1,0xff,0x03,0xc0,0xf0,0x7f,0xc0,
0xb4,0xb4,0x1f,0xf0,0x1e,0x3c,0x07,0xfc,0x03,0xde,0x01,0xff,0x00,0x7f,0x40,0x7f,0xc0,0x0f,0xc0,0x1f,0xf0,0x02,0xe0,0x07,
0xc0,
/* U+4e */
0xf8,0x00,0x02,0xef,0xd0,0x00,0x2e,0xff,0x00,0x02,0xef,0xb8,0x00,0x2e,0xf3,0xd0,0x02,0xef,0x1f,0x00,0x2e,0xf0,0xb8,0x02,
0xef,0x07,0xd0,0x2e,0xf0,0x2f,0x02,0xef,0x00,0xf8,0x2e,0xf0,0x07,0xd2,0xef,0x00,0x2e,0x2e,0xf0,0x00,0xf6,0xef,0x00,0x07,
0xee,0xf0,0x00,0x2f,0xef,0x00,0x00,0xfe,0xf0,0x00,0x07,0xe0,
/* U+4f */
0x00,0x05,0x50,0x00,0x00,0x2f,0xff,0x90,0x00,0x7f,0xa6,0xfd,0x00,0x7e,0x00,0x0b,0xd0,0x2e,0x00,0x00,0xbc,0x1f,0x40,0x00,
0x0f,0x8b,0x80,0x00,0x01,0xf2,0xd0,0x00,0x00,0x7c,0xf4,0x00,0x00,0x0f,0x7d,0x00,0x00,0x03,0xdf,0x40,0x00,0x00,0xf2,0xd0,
0x00,0x00,0x7c,0xb8,0x00,0x00,0x2f,0x1f,0x40,0x00,0x0f,0x42,0xe0,0x00,0x0b,0xc0,0x3f,0x40,0x0b,0xd0,0x02,0xfe,0xaf,0xd0,
0x00,0x2f,0xff,0x80,0x00,0x00,0x14,0x00,0x00,
/* U+50 */
0xff,0xff,0xe4,0x3e,0xaa,0xff,0x4f,0x00,0x02,0xf3,0xc0,0x00,0x3d,0xf0,0x00,0x0b,0xbc,0x00,0x02,0xef,0x00,0x00,0xf7,0xc0,
0x01,0xbc,0xff,0xff,0xfd,0x3f,0xff,0xf9,0x0f,0x00,0x00,0x03,0xc0,0x00,0x00,0xf0,0x00,0x00,0x3c,0x00,0x00,0x0f,0x00,0x00,
0x03,0xc0,0x00,0x00,0xf0,0x00,0x00,0x00,
/* U+51 */
0x00,0x05,0x50,0x00,0x00,0x2f,0xff,0x90,0x00,0x7f,0xa6,0xfd,0x00,0x7e,0x00,0x0b,0xd0,0x2e,0x00,0x00,0xbc,0x1f,0x40,0x00,
0x0f,0x8b,0x80,0x00,0x01,0xf2,0xd0,0x00,0x00,0x7c,0xf4,0x00,0x00,0x0f,0x7d,0x00,0x00,0x03,0xdf,0x40,0x00,0x00,0xf2,0xd0,
0x00,0x00,0x7c,0xb8,0x00,0x00,0x2e,0x1f,0x40,0x09,0x0f,0x42,0xe0,0x03,0xeb,0x80,0x3f,0x40,0x7f,0xd0,0x02,0xfe,0xaf,0xf4,
0x00,0x2f,0xff,0xaf,0x40,0x00,0x15,0x01,0xe0,0x00,0x00,0x00,0x10,
/* U+52 */
0xff,0xff,0xf8,0x0f,0xaa,0xaf,0xf0,0xf0,0x00,0x1f,0x8f,0x00,0x00,0xbc,0xf0,0x00,0x07,0xcf,0x00,0x00,0x7c,0xf0,0x00,0x0b,
0x8f,0x55,0x56,0xf0,0xff,0xff,0xf8,0x0f,0xaa,0xab,0xe0,0xf0,0x00,0x1f,0x4f,0x00,0x00,0xb8,0xf0,0x00,0x07,0x8f,0x00,0x00,
0x78,0xf0,0x00,0x07,0xcf,0x00,0x00,0x7c,0xf0,0x00,0x03,0xd0,
/* U+53 */
0x00,0x59,0x40,0x00,0x7f,0xff,0x80,0x1f,0x95,0xbe,0x03,0xd0,0x01,0xf4,0x7c,0x00,0x0b,0x8b,0x80,0x00,0x78,0x7d,0x00,0x00,
0x03,0xf9,0x00,0x00,0x0f,0xfe,0x90,0x00,0x1b,0xff,0xd0,0x00,0x01,0xbf,0x80,0x00,0x00,0xbd,0xa0,0x00,0x03,0xdf,0x40,0x00,
0x2e,0xb8,0x00,0x03,0xd7,0xe0,0x00,0xbc,0x1f,0xea,0xbf,0x40,0x6f,0xff,0x90,0x00,0x15,0x40,0x00,
/* U+54 */
0xff,0xff,0xff,0xea,0xab,0xfa,0xaa,0x00,0x1f,0x00,0x00,0x01,0xf0,0x00,0x00,0x1f,0x00,0x00,0x01,0xf0,0x00,0x00,0x1f,0x00,
0x00,0x01,0xf0,0x00,0x00,0x1f,0x00,0x00,0x01,0xf0,0x00,0x00,0x1f,0x00,0x00,0x01,0xf0,0x00,0x00,0x1f,0x00,0x00,0x01,0xf0,
0x00,0x00,0x1f,0x00,0x00,0x01,0xf0,0x00,0x00,0x1f,0x00,0x00,
/* U+55 */
0x7c,0x00,0x00,0xb9,0xf0,0x00,0x02,0xe7,0xc0,0x00,0x0b,0x9f,0x00,0x00,0x2e,0x7c,0x00,0x00,0xb9,0xf0,0x00,0x02,0xe7,0xc0,
0x00,0x0b,0x9f,0x00,0x00,0x2e,0x7c,0x00,0x00,0xb9,0xf0,0x00,0x02,0xe7,0xc0,0x00,0x0b,0x8f,0x00,0x00,0x2d,0x3d,0x00,0x00,
0xf4,0xb8,0x00,0x07,0xc1,0xf8,0x00,0x7e,0x02,0xfe,0xab,0xf0,0x01,0xbf,0xfd,0x00,0x00,0x15,0x00,0x00,
/* U+56 */
0xb8,0x00,0x00,0xf5,0xf0,0x00,0x07,0xc3,0xd0,0x00,0x2e,0x0b,0x80,0x00,0xf4,0x1f,0x00,0x07,0xc0,0x3d,0x00,0x2e,0x00,0xb8,
0x00,0xf4,0x01,0xf0,0x07,0xc0,0x03,0xd0,0x2e,0x00,0x0b,0x80,0xf4,0x00,0x1f,0x07,0xc0,0x00,0x3d,0x2e,0x00,0x00,0xb8,0xf4,
0x00,0x01,0xf7,0xc0,0x00,0x03,0xee,0x00,0x00,0x0b,0xf0,0x00,0x00,0x0f,0x80,0x00,
/* U+57 */
0xb8,0x00,0x1f,0x80,0x01,0xe7,0xc0,0x02,0xf8,0x00,0x2d,0x3d,0x00,0x3f,0xc0,0x03,0xd2,0xd0,0x03,0xad,0x00,0x7c,0x2e,0x00,
0x75,0xe0,0x07,0x81,0xf0,0x0b,0x4f,0x00,0xb4,0x0f,0x40,0xf0,0xf0,0x0f,0x00,0xb4,0x1e,0x0b,0x41,0xf0,0x07,0x81,0xd0,0x78,
0x1e,0x00,0x7c,0x2c,0x03,0xc2,0xd0,0x03,0xc3,0xc0,0x2c,0x3c,0x00,0x2d,0x78,0x02,0xd7,0x80,0x01,0xeb,0x40,0x1e,0x78,0x00,
0x1e,0xb0,0x00,0xfb,0x40,0x00,0xfe,0x00,0x0b,0xf0,0x00,0x0b,0xd0,0x00,0x7e,0x00,0x00,0x7d,0x00,0x03,0xd0,0x00,
/* U+58 */
0x7d,0x00,0x02,0xf0,0xbc,0x00,0x1f,0x40,0xf8,0x00,0xf8,0x01,0xf4,0x0b,0x80,0x02,0xf0,0x7d,0x00,0x03,0xe3,0xd0,0x00,0x07,
0xee,0x00,0x00,0x0b,0xf0,0x00,0x00,0x1f,0xc0,0x00,0x00,0xff,0x80,0x00,0x0b,0xdf,0x40,0x00,0x7d,0x2f,0x00,0x03,0xe0,0x3e,
0x00,0x2f,0x00,0x7d,0x01,0xf4,0x00,0xbc,0x0f,0x80,0x00,0xf8,0xbc,0x00,0x01,0xf4,
/* U+59 */
0xbd,0x00,0x00,0x7c,0xf8,0x00,0x03,0xd1,0xf4,0x00,0x2e,0x02,0xf0,0x01,0xf4,0x03,0xe0,0x0f,0x80,0x07,0xd0,0xbc,0x00,0x0b,
0xc7,0xd0,0x00,0x0f,0xae,0x00,0x00,0x1f,0xf0,0x00,0x00,0x2f,0x40,0x00,0x00,0x7c,0x00,0x00,0x01,0xf0,0x00,0x00,0x07,0xc0,
0x00,0x00,0x1f,0x00,0x00,0x00,0x7c,0x00,0x00,0x01,0xf0,0x00,0x00,0x07,0xc0,0x00,
/* U+5a */
0x2f,0xff,0xff,0xf2,0xaa,0xaa,0xbf,0x00,0x00,0x07,0xd0,0x00,0x01,0xf4,0x00,0x00,0x3e,0x00,0x00,0x0b,0xc0,0x00,0x02,0xf0,
0x00,0x00,0x7d,0x00,0x00,0x1f,0x80,0x00,0x03,0xe0,0x00,0x00,0xbc,0x00,0x00,0x2f,0x00,0x00,0x07,0xd0,0x00,0x01,0xf8,0x00,
0x00,0x3e,0x00,0x00,0x07,0xff,0xff,0xff,0x7f,0xff,0xff,0xf0,
/* U+5b */
0x2a,0x87,0xfd,0x78,0x07,0x80,0x78,0x07,0x80,0x78,0x07,0x80,0x78,0x07,0x80,0x78,0x07,0x80,0x78,0x07,0x80,0x78,0x07,0x80,
0x78,0x07,0x80,0x78,0x07,0x80,0x78,0x07,0xfd,0x6a,0x80,
/* U+5c */
0x90,0x00,0xe0,0x00,0xb0,0x00,0x78,0x00,0x2c,0x00,0x1d,0x00,0x0e,0x00,0x0b,0x00,0x07,0x80,0x03,0xc0,0x01,0xd0,0x00,0xe0,
0x00,0xb0,0x00,0x74,0x00,0x3c,0x00,0x1d,0x00,0x0e,0x00,0x0b,0x00,0x01,
/* U+5d */
0xaa,0x7f,0xd0,0x74,0x1d,0x07,0x41,0xd0,0x74,0x1d,0x07,0x41,0xd0,0x74,0x1d,0x07,0x41,0xd0,0x74,0x1d,0x07,0x41,0xd0,0x74,
0x1d,0x07,0x7f,0xda,0xa4,
/* U+5e */
0x00,0x28,0x00,0x00,0x7e,0x00,0x00,0xbb,0x00,0x01,0xd3,0x80,0x02,0xc2,0xc0,0x07,0x40,0xe0,0x0b,0x00,0xb0,0x1d,0x00,0x38,
0x2c,0x00,0x2c,0x74,0x00,0x0e,0x60,0x00,0x06,
/* U+5f */
0x55,0x55,0x55,0xff,0xff,0xff,
/* U+60 */
0x54,0x0f,0x40,0xf0,0x1e,0x01,0x40,
/* U+61 */
0x01,0xa9,0x00,0x1f,0xff,0xd0,0x3e,0x46,0xf0,0x78,0x00,0xf4,0x54,0x00,0xf4,0x00,0x16,0xf4,0x1b,0xff,0xf4,0x7e,0x50,0xb4,
0xf4,0x00,0xb4,0xf0,0x00,0xf4,0xf4,0x02,0xf4,0xbe,0xaf,0xb9,0x2f,0xf8,0x7e,0x01,0x00,0x04,
/* U+62 */
0x78,0x00,0x00,0x1e,0x00,0x00,0x07,0x80,0x00,0x01,0xe0,0x00,0x00,0x78,0x5a,0x40,0x1e,0x7f,0xfc,0x07,0xf9,0x1b,0xc1,0xf8,
0x00,0xb8,0x7c,0x00,0x1f,0x1e,0x00,0x03,0xd7,0x80,0x00,0xb5,0xe0,0x00,0x3d,0x78,0x00,0x0f,0x1f,0x40,0x07,0xc7,0xf0,0x07,
0xd1,0xef,0xab,0xe0,0x79,0xbf,0xe0,0x00,0x01,0x00,0x00,
/* U+63 */
0x01,0x69,0x00,0x2f,0xff,0x42,0xf5,0x6f,0x5f,0x00,0x2e,0xb4,0x00,0x2b,0xd0,0x00,0x0f,0x00,0x00,0x3c,0x00,0x00,0xf4,0x00,
0x2a,0xe0,0x01,0xf7,0xd0,0x0f,0x4b,0xea,0xf8,0x07,0xff,0x80,0x00,0x40,0x00,
/* U+64 */
0x00,0x00,0x1e,0x00,0x00,0x1e,0x00,0x00,0x1e,0x00,0x00,0x1e,0x01,0x69,0x1e,0x0b,0xff,0x9e,0x3f,0x56,0xfe,0x7c,0x00,0x7e,
0xb4,0x00,0x2e,0xf4,0x00,0x2e,0xf0,0x00,0x1e,0xf0,0x00,0x1e,0xf4,0x00,0x2e,0xb8,0x00,0x3e,0x3d,0x00,0xbe,0x1f,0xab,0xee,
0x06,0xff,0x5e,0x00,0x10,0x00,
/* U+65 */
0x01,0x65,0x00,0x0b,0xff,0xc0,0x2e,0x46,0xf0,0x78,0x00,0xb8,0xb4,0x00,0x3c,0xf5,0x55,0x7c,0xff,0xff,0xfd,0xf5,0x55,0x54,
0xf0,0x00,0x00,0xb8,0x00,0x7c,0x3d,0x00,0xb8,0x1f,0xab,0xf0,0x06,0xff,0x80,0x00,0x14,0x00,
/* U+66 */
0x00,0x14,0x0b,0xf0,0x7e,0x82,0xe0,0x0b,0x41,0x6e,0x5b,0xff,0x96,0xe5,0x0b,0x40,0x2d,0x00,0xb4,0x02,0xd0,0x0b,0x40,0x2d,
0x00,0xb4,0x02,0xd0,0x0b,0x40,0x2d,0x00,
/* U+67 */
0x01,0x65,0x14,0x0b,0xff,0x6d,0x2f,0x56,0xfd,0x7c,0x00,0xbd,0xb4,0x00,0x3d,0xf0,0x00,0x3d,0xf0,0x00,0x2d,0xf0,0x00,0x3d,
0xf4,0x00,0x3d,0xb8,0x00,0x7d,0x3d,0x01,0xfd,0x1f,0xef,0xad,0x06,0xfe,0x2c,0x00,0x00,0x3c,0x64,0x00,0x7c,0x7c,0x01,0xf4,
0x2f,0xab,0xe0,0x06,0xfe,0x40,
/* U+68 */
0x78,0x00,0x01,0xe0,0x00,0x07,0x80,0x00,0x1e,0x00,0x00,0x78,0x6a,0x41,0xeb,0xff,0x87,0xf9,0x6f,0x5f,0x40,0x2e,0x7c,0x00,
0x79,0xe0,0x01,0xe7,0x80,0x07,0x9e,0x00,0x1e,0x78,0x00,0x79,0xe0,0x01,0xe7,0x80,0x07,0x9e,0x00,0x1e,0x78,0x00,0x78,
/* U+69 */
0x79,0xe1,0x40,0x15,0xe7,0x9e,0x79,0xe7,0x9e,0x79,0xe7,0x9e,0x78,
/* U+6a */
0x07,0x81,0xe0,0x14,0x00,0x01,0x41,0xe0,0x78,0x1e,0x07,0x81,0xe0,0x78,0x1e,0x07,0x81,0xe0,0x78,0x1e,0x07,0x81,0xe0,0x78,
0x2e,0x7f,0x59,0x00,
/* U+6b */
0x78,0x00,0x01,0xe0,0x00,0x07,0x80,0x00,0x1e,0x00,0x00,0x78,0x00,0x55,0xe0,0x0b,0xd7,0x80,0xbc,0x1e,0x0b,0x80,0x78,0xb8,
0x01,0xeb,0xd0,0x07,0xfb,0xc0,0x1f,0x8b,0x80,0x78,0x0f,0x41,0xe0,0x1f,0x07,0x80,0x2e,0x1e,0x00,0x3d,0x78,0x00,0x7c,
/* U+6c */
0x79,0xe7,0x9e,0x79,0xe7,0x9e,0x79,0xe7,0x9e,0x79,0xe7,0x9e,0x78,
/* U+6d */
0x54,0x59,0x40,0x69,0x07,0x6f,0xfd,0x7f,0xfc,0x7f,0x56,0xfe,0x47,0xe7,0xd0,0x0f,0x80,0x1f,0x78,0x00,0xb4,0x00,0xf7,0x80,
0x0b,0x40,0x0f,0x78,0x00,0xb4,0x00,0xf7,0x80,0x0b,0x40,0x0f,0x78,0x00,0xb4,0x00,0xf7,0x80,0x0b,0x40,0x0f,0x78,0x00,0xb4,
0x00,0xf7,0x80,0x0b,0x40,0x0f,0x78,0x00,0xb4,0x00,0xf0,
/* U+6e */
0x54,0x5a,0x41,0xd7,0xff,0x87,0xb9,0x6f,0x5f,0x40,0x2e,0x7c,0x00,0x79,0xe0,0x01,0xe7,0x80,0x07,0x9e,0x00,0x1e,0x78,0x00,
0x79,0xe0,0x01,0xe7,0x80,0x07,0x9e,0x00,0x1e,0x78,0x00,0x78,
/* U+6f */
0x01,0x69,0x00,0x0b,0xff,0xd0,0x2f,0x56,0xf8,0x7c,0x00,0x7c,0xb8,0x00,0x2e,0xf4,0x00,0x1e,0xf0,0x00,0x1f,0xf0,0x00,0x1e,
0xf4,0x00,0x2e,0xb8,0x00,0x3d,0x3d,0x00,0xbc,0x1f,0xeb,0xf4,0x06,0xff,0x80,0x00,0x10,0x00,
/* U+70 */
0x14,0x5a,0x40,0x1e,0x7f,0xfc,0x07,0xf9,0x1b,0xc1,0xf8,0x00,0xb8,0x7c,0x00,0x1f,0x1e,0x00,0x03,0xd7,0x80,0x00,0xb5,0xe0,
0x00,0x3d,0x78,0x00,0x0f,0x1f,0x40,0x07,0xc7,0xf0,0x07,0xd1,0xef,0xab,0xe0,0x79,0xbf,0xe0,0x1e,0x01,0x00,0x07,0x80,0x00,
0x01,0xe0,0x00,0x00,0x78,0x00,0x00,0x19,0x00,0x00,0x00,
/* U+71 */
0x01,0x69,0x15,0x0b,0xff,0x9e,0x3f,0x56,0xfe,0x7c,0x00,0x7e,0xb4,0x00,0x2e,0xf4,0x00,0x2e,0xf0,0x00,0x1e,0xf0,0x00,0x1e,
0xf4,0x00,0x2e,0xb8,0x00,0x3e,0x3d,0x00,0xbe,0x1f,0xab,0xee,0x06,0xff,0x5e,0x00,0x10,0x1e,0x00,0x00,0x1e,0x00,0x00,0x1e,
0x00,0x00,0x1e,0x00,0x00,0x19,
/* U+72 */
0x50,0x1a,0xd7,0xfb,0x7e,0xaf,0x80,0xbd,0x02,0xe0,0x0b,0x80,0x2e,0x00,0xb8,0x02,0xe0,0x0b,0x80,0x2e,0x00,0xb8,0x00,
/* U+73 */
0x06,0xa4,0x00,0xbf,0xfe,0x0b,0x91,0xbd,0x3d,0x00,0xb8,0xb8,0x00,0x41,0xfe,0x40,0x01,0xff,0xe4,0x00,0x1b,0xf8,0x00,0x02,
0xf3,0x80,0x03,0xdf,0x40,0x1f,0x1f,0xaa,0xf8,0x1b,0xff,0x40,0x01,0x40,0x00,
/* U+74 */
0x0b,0x40,0x2d,0x00,0xb4,0x16,0xe5,0xbf,0xfd,0x6e,0x50,0xb4,0x02,0xd0,0x0b,0x40,0x2d,0x00,0xb4,0x02,0xd0,0x0b,0x40,0x2d,
0x00,0x7e,0x80,0xbf,
/* U+75 */
0x54,0x00,0x15,0xe0,0x01,0xe7,0x80,0x07,0x9e,0x00,0x1e,0x78,0x00,0x79,0xe0,0x01,0xe7,0x80,0x07,0x9e,0x00,0x1e,0x78,0x00,
0x79,0xe0,0x02,0xe7,0xd0,0x1f,0x8b,0xea,0xee,0x0b,0xfd,0x38,0x01,0x00,0x00,
/* U+76 */
0x54,0x00,0x15,0x7c,0x00,0x2d,0x3d,0x00,0x3c,0x2e,0x00,0x78,0x1f,0x00,0xb4,0x0f,0x40,0xf0,0x07,0x81,0xe0,0x03,0xc2,0xc0,
0x02,0xd3,0x80,0x01,0xe7,0x40,0x00,0xfb,0x00,0x00,0xbe,0x00,0x00,0x7d,0x00,
/* U+77 */
0x54,0x00,0x50,0x00,0x57,0xc0,0x1f,0x40,0x2d,0x3d,0x01,0xf8,0x03,0xd2,0xd0,0x2e,0xc0,0x3c,0x1e,0x03,0xad,0x07,0x80,0xf0,
0x75,0xe0,0xb4,0x0b,0x47,0x4e,0x0f,0x00,0x78,0xb0,0xb1,0xe0,0x03,0xce,0x07,0x5d,0x00,0x2d,0xd0,0x7a,0xc0,0x01,0xed,0x03,
0xf8,0x00,0x0f,0xc0,0x2f,0x40,0x00,0xb8,0x01,0xf0,0x00,
/* U+78 */
0x14,0x00,0x15,0x2e,0x00,0x7c,0x0f,0x40,0xf4,0x07,0xd2,0xe0,0x02,0xeb,0x80,0x00,0xbf,0x00,0x00,0x7e,0x00,0x00,0xbf,0x40,
0x02,0xe7,0xc0,0x07,0xc2,0xe0,0x0f,0x40,0xf4,0x2e,0x00,0x7d,0x7c,0x00,0x2e,
/* U+79 */
0x54,0x00,0x15,0x78,0x00,0x2d,0x3d,0x00,0x3c,0x2e,0x00,0x78,0x1f,0x00,0xb4,0x0f,0x40,0xf0,0x07,0x81,0xe0,0x03,0xc2,0xc0,
0x02,0xd3,0x80,0x01,0xe7,0x40,0x00,0xfb,0x00,0x00,0x7e,0x00,0x00,0x3d,0x00,0x00,0x3c,0x00,0x00,0xb4,0x00,0x00,0xf0,0x00,
0x2f,0xd0,0x00,0x2f,0x40,0x00,
/* U+7a */
0x15,0x55,0x54,0xff,0xff,0xe1,0x55,0x6f,0x40,0x00,0xf4,0x00,0x0b,0x80,0x00,0xb8,0x00,0x07,0xc0,0x00,0x7d,0x00,0x03,0xd0,
0x00,0x2d,0x00,0x02,0xe0,0x00,0x1f,0xaa,0xaa,0x7f,0xff,0xfc,
/* U+7b */
0x00,0x64,0x1f,0xd0,0xb4,0x02,0xc0,0x0f,0x00,0x3c,0x00,0xf0,0x03,0xc0,0x0f,0x00,0x7c,0x07,0xd0,0x3d,0x00,0x7d,0x00,0x78,
0x00,0xf0,0x03,0xc0,0x0f,0x00,0x3c,0x00,0xf0,0x03,0xc0,0x0b,0x40,0x1f,0x90,0x1a,0x40,
/* U+7c */
0xdd,0xdd,0xdd,0xdd,0xdd,0xdd,0xdd,0xdd,0xdd,0xdd,0xdd,0xdd,
/* U+7d */
0x64,0x01,0xfc,0x00,0x78,0x00,0xe0,0x03,0xc0,0x0f,0x00,0x3c,0x00,0xf0,0x03,0xc0,0x0f,0x40,0x1f,0x40,0x1f,0x01,0xf4,0x0b,
0x40,0x3c,0x00,0xf0,0x03,0xc0,0x0f,0x00,0x3c,0x00,0xf0,0x07,0x81,0xbd,0x06,0x90,0x00,
/* U+7e */
0x1b,0xe0,0x05,0x7f,0xfe,0x5f,0xb4,0x6f,0xfd,0x10,0x01,0xa0,
/* U+b7 */
0xb7,0xeb,0x40,
/* U+d7 */
0x40,0x00,0x13,0xc0,0x02,0xd7,0xc0,0x2e,0x07,0xc2,0xe0,0x07,0xee,0x00,0x07,0xe0,0x00,0x2f,0xc0,0x02,0xe7,0xc0,0x2e,0x07,
0xc2,0xe0,0x07,0xce,0x00,0x07,0x40,0x00,0x04,
/* U+2026 */
0x69,0x00,0x69,0x00,0x69,0x7d,0x00,0x7d,0x00,0x7d,0x7d,0x00,0x7d,0x00,0x7d,
/* U+4e00 */
0xaa,0xaa,0xaa,0xaa,0xaa,0xab,0xff,0xff,0xff,0xff,0xfe,
/* U+4e01 */
0x7f,0xff,0xff,0xff,0xff,0xd6,0xaa,0xaa,0xfa,0xaa,0xa9,0x00,0x00,0x0b,0x00,0x00,0x00,0x00,0x00,0xb0,0x00,0x00,0x00,0x00,
0x0b,0x00,0x00,0x00,0x00,0x00,0xb0,0x00,0x00,0x00,0x00,0x0b,0x00,0x00,0x00,0x00,0x00,0xb0,0x00,0x00,0x00,0x00,0x0b,0x00,
0x00,0x00,0x00,0x00,0xb0,0x00,0x00,0x00,0x00,0x0b,0x00,0x00,0x00,0x00,0x00,0xb0,0x00,0x00,0x00,0x00,0x0b,0x00,0x00,0x00,
0x00,0x00,0xb0,0x00,0x00,0x00,0x00,0x0b,0x00,0x00,0x00,0x00,0x00,0xb0,0x00,0x00,0x00,0x00,0x0b,0x00,0x00,0x00,0x00,0x00,
0xb0,0x00,0x00,0x00,0x15,0x6f,0x00,0x00,0x00,0x01,0xff,0xd0,0x00,0x00,0x00,0x05,0x40,0x00,0x00,0x00,
/* U+4e03 */
0x00,0x00,0x50,0x00,0x00,0x00,0x00,0x0f,0x00,0x00,0x00,0x00,0x00,0xf0,0x00,0x00,0x00,0x00,0x0f,0x00,0x00,0x00,0x00,0x00,
0xf0,0x00,0x00,0x00,0x00,0x0f,0x00,0x00,0x00,0x00,0x00,0xf0,0x00,0x16,0xa0,0x00,0x0f,0x05,0xaf,0xfe,0x00,0x01,0xff,0xff,
0xa4,0x01,0x6b,0xff,0xa5,0x00,0x00,0xbf,0xe9,0xf0,0x00,0x00,0x05,0x40,0x0f,0x00,0x00,0x00,0x00,0x00,0xf0,0x00,0x00,0x00,
0x00,0x0f,0x00,0x00,0x00,0x00,0x00,0xf0,0x00,0x00,0x00,0x00,0x0f,0x00,0x00,0x00,0x00,0x00,0xf0,0x00,0x02,0xc0,0x00,0x0f,
0x00,0x00,0x2c,0x00,0x00,0xf0,0x00,0x03,0x80,0x00,0x0f,0x00,0x00,0x78,0x00,0x00,0xbf,0xff,0xff,0x40,0x00,0x02,0xaa,0xaa,
0x90,
/* U+4e07 */
0x7f,0xff,0xff,0xff,0xff,0xd6,0xaa,0xbe,0xaa,0xaa,0xa9,0x00,0x02,0xc0,0x00,0x00,0x00,0x00,0x2c,0x00,0x00,0x00,0x00,0x02,
0xc0,0x00,0x00,0x00,0x00,0x2c,0x00,0x00,0x00,0x00,0x03,0xc0,0x00,0x00,0x00,0x00,0x3f,0xff,0xff,0xd0,0x00,0x03,0x95,0x55,
0x6d,0x00,0x00,0x74,0x00,0x02,0xd0,0x00,0x0b,0x40,0x00,0x2d,0x00,0x00,0xb0,0x00,0x02,0xc0,0x00,0x0e,0x00,0x00,0x2c,0x00,
0x02,0xd0,0x00,0x02,0xc0,0x00,0x7c,0x00,0x00,0x2c,0x00,0x0f,0x40,0x00,0x02,0xc0,0x02,0xe0,0x00,0x00,0x38,0x01,0xf8,0x00,
0x00,0x07,0x80,0x7e,0x00,0x01,0xaa,0xf4,0x07,0x40,0x00,0x0f,0xfd,0x00,
/* U+4e08 */
0x00,0x00,0x00,0x64,0x00,0x00,0x00,0x00,0x07,0x40,0x00,0x00,0x00,0x00,0x74,0x00,0x00,0x00,0x00,0x07,0x40,0x00,0x6a,0xaa,
0xaa,0xba,0xaa,0x97,0xff,0xff,0xff,0xff,0xfe,0x15,0x55,0x55,0xb5,0x55,0x40,0x04,0x00,0x0b,0x00,0x00,0x01,0xe0,0x00,0xb0,
0x00,0x00,0x0b,0x00,0x0e,0x00,0x00,0x00,0x74,0x00,0xe0,0x00,0x00,0x03,0xc0,0x1d,0x00,0x00,0x00,0x1e,0x03,0xc0,0x00,0x00,
0x00,0xb8,0x74,0x00,0x00,0x00,0x02,0xef,0x00,0x00,0x00,0x00,0x0b,0xe0,0x00,0x00,0x00,0x00,0xbe,0x40,0x00,0x00,0x00,0x7e,
0xbe,0x00,0x00,0x00,0x1f,0x80,0xbe,0x00,0x00,0x2f,0xd0,0x01,0xfe,0x40,0x6f,0xd0,0x00,0x01,0xbf,0x9b,0x90,0x00,0x00,0x00,
0x6e,0x00,0x00,0x00,0x00,0x00,0x40,
/* U+4e09 */
0x0a,0xaa,0xaa,0xaa,0xaa,0x00,0xff,0xff,0xff,0xff,0xf0,0x00,0x00,0x00,0x00,0x00,0x00,0x00,0x00,0x00,0x00,0x00,0x00,0x00,
0x00,0x00,0x00,0x00,0x00,0x00,0x00,0x00,0x00,0x00,0x00,0x00,0x00,0x00,0x00,0x00,0x00,0x00,0x00,0x00,0x01,0x55,0x55,0x55,
0x54,0x00,0x1f,0xff,0xff,0xff,0x40,0x00,0x55,0x55,0x55,0x50,0x00,0x00,0x00,0x00,0x00,0x00,0x00,0x00,0x00,0x00,0x00,0x00,
0x00,0x00,0x00,0x00,0x00,0x00,0x00,0x00,0x00,0x00,0x00,0x00,0x00,0x00,0x00,0x00,0x00,0x00,0x00,0x00,0x00,0x06,0xaa,0xaa,
0xaa,0xaa,0xa9,0xbf,0xff,0xff,0xff,0xff,0xe0,
/* U+4e0a */
0x00,0x00,0x24,0x00,0x00,0x00,0x00,0x03,0x80,0x00,0x00,0x00,0x00,0x38,0x00,0x00,0x00,0x00,0x03,0x80,0x00,0x00,0x00,0x00,
0x38,0x00,0x00,0x00,0x00,0x03,0x80,0x00,0x00,0x00,0x00,0x38,0x00,0x00,0x00,0x00,0x03,0x95,0x55,0x40,0x00,0x00,0x3f,0xff,
0xfe,0x00,0x00,0x03,0xd5,0x55,0x50,0x00,0x00,0x38,0x00,0x00,0x00,0x00,0x03,0x80,0x00,0x00,0x00,0x00,0x38,0x00,0x00,0x00,
0x00,0x03,0x80,0x00,0x00,0x00,0x00,0x38,0x00,0x00,0x00,0x00,0x03,0x80,0x00,0x00,0x00,0x00,0x38,0x00,0x00,0x00,0x00,0x03,
0x80,0x00,0x00,0x00,0x00,0x38,0x00,0x00,0x01,0x55,0x57,0x95,0x55,0x55,0xbf,0xff,0xff,0xff,0xff,0xe5,0x55,0x55,0x55,0x55,
0x55,
/* U+4e0b */
0x55,0x55,0x55,0x55,0x55,0x5b,0xff,0xff,0xff,0xff,0xfe,0x55,0x55,0x6e,0x55,0x55,0x50,0x00,0x02,0xd0,0x00,0x00,0x00,0x00,
0x2d,0x00,0x00,0x00,0x00,0x02,0xd0,0x00,0x00,0x00,0x00,0x2f,0x40,0x00,0x00,0x00,0x02,0xfe,0x00,0x00,0x00,0x00,0x2d,0xbe,
0x00,0x00,0x00,0x02,0xd0,0xbd,0x00,0x00,0x00,0x2d,0x01,0xfd,0x00,0x00,0x02,0xd0,0x02,0xf0,0x00,0x00,0x2d,0x00,0x05,0x00,
0x00,0x02,0xd0,0x00,0x00,0x00,0x00,0x2d,0x00,0x00,0x00,0x00,0x02,0xd0,0x00,0x00,0x00,0x00,0x2d,0x00,0x00,0x00,0x00,0x02,
0xd0,0x00,0x00,0x00,0x00,0x2d,0x00,0x00,0x00,0x00,0x02,0xd0,0x00,0x00,0x00,0x00,0x2d,0x00,0x00,0x00,0x00,0x01,0x40,0x00,
0x00,
/* U+4e0d */
0x15,0x55,0x55,0x55,0x55,0x47,0xff,0xff,0xff,0xff,0xfd,0x15,0x55,0x56,0xd5,0x55,0x40,0x00,0x00,0x78,0x00,0x00,0x00,0x00,
0x0b,0x40,0x00,0x00,0x00,0x01,0xf0,0x00,0x00,0x00,0x00,0x7f,0x00,0x00,0x00,0x00,0x0f,0xf0,0x90,0x00,0x00,0x03,0xdf,0x0f,
0x80,0x00,0x01,0xf4,0xf0,0x3e,0x00,0x00,0x7d,0x0f,0x00,0xb8,0x00,0x1f,0x40,0xf0,0x02,0xe0,0x1b,0xd0,0x0f,0x00,0x0b,0x87,
0xe0,0x00,0xf0,0x00,0x2e,0x74,0x00,0x0f,0x00,0x00,0x80,0x00,0x00,0xf0,0x00,0x00,0x00,0x00,0x0f,0x00,0x00,0x00,0x00,0x00,
0xf0,0x00,0x00,0x00,0x00,0x0f,0x00,0x00,0x00,0x00,0x00,0xf0,0x00,0x00,0x00,0x00,0x0f,0x00,0x00,0x00,0x00,0x00,0x50,0x00,
0x00,
/* U+4e0e */
0x00,0x60,0x00,0x00,0x00,0x00,0x2c,0x00,0x00,0x00,0x00,0x0b,0x00,0x00,0x00,0x00,0x03,0xd5,0x55,0x55,0x54,0x00,0xff,0xff,
0xff,0xff,0x40,0x39,0x55,0x55,0x55,0x40,0x1e,0x00,0x00,0x00,0x00,0x07,0x40,0x00,0x00,0x00,0x01,0xd0,0x00,0x00,0x00,0x00,
0xba,0xaa,0xaa,0xaa,0x00,0x2f,0xff,0xff,0xff,0x80,0x00,0x00,0x00,0x00,0xe0,0x00,0x00,0x00,0x00,0x38,0x00,0x00,0x00,0x00,
0x0e,0x05,0x55,0x55,0x55,0x03,0x82,0xff,0xff,0xff,0x81,0xd0,0x55,0x55,0x55,0x50,0x74,0x00,0x00,0x00,0x00,0x1d,0x00,0x00,
0x00,0x00,0x0b,0x00,0x00,0x00,0x00,0x07,0x80,0x00,0x00,0x29,0xaf,0xd0,0x00,0x00,0x0f,0xfe,0x80,0x00,
/* U+4e14 */
0x00,0xaa,0xaa,0xaa,0xa0,0x00,0x0f,0xff,0xff,0xff,0x00,0x00,0xe0,0x00,0x00,0xb0,0x00,0x0e,0x00,0x00,0x0b,0x00,0x00,0xe0,
0x00,0x00,0xb0,0x00,0x0e,0x00,0x00,0x0b,0x00,0x00,0xfa,0xaa,0xaa,0xf0,0x00,0x0f,0xff,0xff,0xff,0x00,0x00,0xe0,0x00,0x00,
0xb0,0x00,0x0e,0x00,0x00,0x0b,0x00,0x00,0xe0,0x00,0x00,0xb0,0x00,0x0e,0x00,0x00,0x0b,0x00,0x00,0xf5,0x55,0x55,0xf0,0x00,
0x0f,0xff,0xff,0xff,0x00,0x00,0xe5,0x55,0x55,0xb0,0x00,0x0e,0x00,0x00,0x0b,0x00,0x00,0xe0,0x00,0x00,0xb0,0x00,0x0e,0x00,
0x00,0x0b,0x00,0x00,0xe0,0x00,0x00,0xb0,0x0b,0xff,0xff,0xff,0xff,0xfe,0x6a,0xaa,0xaa,0xaa,0xaa,0x90,
/* U+4e18 */
0x00,0x00,0x00,0x1b,0xe0,0x00,0x00,0x16,0xbf,0xf9,0x00,0x01,0xff,0xfe,0x90,0x00,0x00,0x1e,0x94,0x00,0x00,0x00,0x01,0xd0,
0x00,0x00,0x00,0x00,0x1d,0x00,0x00,0x00,0x00,0x01,0xd0,0x00,0x00,0x00,0x00,0x1d,0x00,0x00,0x00,0x00,0x01,0xff,0xff,0xff,
0xff,0x40,0x1e,0xaa,0xaa,0xfa,0xa4,0x01,0xd0,0x00,0x0e,0x00,0x00,0x1d,0x00,0x00,0xe0,0x00,0x01,0xd0,0x00,0x0e,0x00,0x00,
0x1d,0x00,0x00,0xe0,0x00,0x01,0xd0,0x00,0x0e,0x00,0x00,0x1d,0x00,0x00,0xe0,0x00,0x01,0xd0,0x00,0x0e,0x00,0x00,0x1d,0x00,
0x00,0xe0,0x00,0x16,0xe5,0x55,0x5f,0x55,0x47,0xff,0xff,0xff,0xff,0xfd,0x15,0x55,0x55,0x55,0x55,0x50,
/* U+4e1a */
0x00,0x01,0x40,0x10,0x00,0x00,0x00,0x1d,0x07,0x40,0x00,0x00,0x01,0xd0,0x74,0x00,0x00,0x00,0x1d,0x07,0x40,0x00,0x00,0x01,
0xd0,0x74,0x00,0x02,0x80,0x1d,0x07,0x40,0x28,0x2c,0x01,0xd0,0x74,0x03,0x81,0xd0,0x1d,0x07,0x40,0x74,0x0e,0x01,0xd0,0x74,
0x0b,0x00,0xf0,0x1d,0x07,0x40,0xb0,0x0b,0x41,0xd0,0x74,0x0e,0x00,0x78,0x1d,0x07,0x41,0xd0,0x03,0x81,0xd0,0x74,0x3c,0x00,
0x2c,0x1d,0x07,0x47,0x40,0x01,0xd1,0xd0,0x74,0xb0,0x00,0x0e,0x1d,0x07,0x4e,0x00,0x00,0x41,0xd0,0x74,0x00,0x00,0x00,0x1d,
0x07,0x40,0x00,0x00,0x01,0xd0,0x74,0x00,0x05,0x55,0x6d,0x5b,0x95,0x55,0xbf,0xff,0xff,0xff,0xff,0xe5,0x55,0x55,0x55,0x55,
0x55,
/* U+4e1b */
0x00,0x00,0x00,0x05,0x00,0x00,0x03,0x80,0x00,0xb0,0x00,0x00,0x38,0x00,0x0b,0x00,0x00,0x03,0x80,0x00,0xb0,0x00,0x00,0x38,
0x00,0x0b,0x00,0x00,0x03,0x80,0x00,0xa0,0x00,0x00,0x38,0x00,0x0e,0x00,0x00,0x07,0x40,0x00,0xf0,0x00,0x00,0x78,0x00,0x1f,
0x40,0x00,0x0b,0xe0,0x01,0xf8,0x00,0x00,0xb7,0x80,0x2e,0xd0,0x00,0x0e,0x2d,0x03,0x8e,0x00,0x02,0xd0,0xb4,0xb4,0xb0,0x00,
0x3c,0x03,0x8f,0x03,0x80,0x0b,0x40,0x12,0xd0,0x2d,0x01,0xe0,0x00,0x78,0x00,0xf4,0x7c,0x00,0x1f,0x00,0x07,0xcb,0x40,0x03,
0xc0,0x00,0x1d,0x10,0x00,0x14,0x00,0x00,0x41,0x55,0x55,0x55,0x55,0x54,0xbf,0xff,0xff,0xff,0xff,0xe5,0x55,0x55,0x55,0x55,
0x55,
/* U+4e1c */
0x00,0x00,0x90,0x00,0x00,0x00,0x00,0x1d,0x00,0x00,0x00,0x00,0x03,0xc0,0x00,0x00,0x02,0xaa,0xbe,0xaa,0xaa,0xa8,0x3f,0xff,
0xff,0xff,0xff,0xc0,0x01,0xe0,0x00,0x00,0x00,0x00,0x3c,0x00,0x00,0x00,0x00,0x07,0x40,0x64,0x00,0x00,0x01,0xe0,0x07,0x40,
0x00,0x00,0x3d,0x00,0x74,0x00,0x00,0x0b,0x80,0x07,0x40,0x00,0x00,0xff,0xff,0xff,0xff,0xf0,0x06,0xaa,0xab,0xaa,0xa9,0x00,
0x00,0x00,0x74,0x00,0x00,0x00,0x10,0x07,0x40,0x40,0x00,0x03,0xc0,0x74,0x2d,0x00,0x00,0xf4,0x07,0x40,0xb8,0x00,0x3d,0x00,
0x74,0x02,0xe0,0x1f,0x40,0x07,0x40,0x0b,0x47,0xd0,0x00,0x74,0x00,0x3d,0x74,0x01,0x5b,0x40,0x01,0xd0,0x00,0x2f,0xf0,0x00,
0x00,0x00,0x00,0x54,0x00,0x00,0x00,
/* U+4e24 */
0x6a,0xaa,0xaa,0xaa,0xaa,0x9b,0xff,0xff,0xff,0xff,0xfe,0x15,0x57,0x95,0x6d,0x55,0x40,0x00,0x34,0x02,0xc0,0x00,0x00,0x03,
0x40,0x2c,0x00,0x00,0x00,0x74,0x02,0xd0,0x00,0x1f,0xff,0xff,0xff,0xff,0x41,0xea,0xba,0xaa,0xea,0xb4,0x1d,0x07,0x40,0x2c,
0x07,0x41,0xd0,0xb4,0x02,0xc0,0x74,0x1d,0x0b,0x40,0x3d,0x07,0x41,0xd0,0xfd,0x03,0xf0,0x74,0x1d,0x1d,0xb0,0x76,0x87,0x41,
0xd2,0xc3,0x8b,0x1d,0x74,0x1d,0x78,0x29,0xe0,0xe7,0x41,0xdf,0x40,0x3c,0x07,0x74,0x1d,0xe0,0x0b,0x40,0x17,0x41,0xd0,0x00,
0x20,0x00,0x74,0x1d,0x00,0x00,0x00,0x07,0x41,0xd0,0x00,0x00,0x15,0xb4,0x1d,0x00,0x00,0x01,0xfe,0x00,0x40,0x00,0x00,0x05,
0x00,
/* U+4e2a */
0x00,0x00,0x0a,0x00,0x00,0x00,0x00,0x02,0xf8,0x00,0x00,0x00,0x00,0xba,0xd0,0x00,0x00,0x00,0x2e,0x0f,0x40,0x00,0x00,0x07,
0x80,0x7d,0x00,0x00,0x01,0xe0,0x01,0xf4,0x00,0x01,0xbc,0x00,0x07,0xe0,0x00,0x7e,0x00,0x50,0x0b,0xd0,0x6f,0x40,0x0f,0x00,
0x2f,0x9f,0x80,0x00,0xf0,0x00,0x6f,0x50,0x00,0x0f,0x00,0x00,0x50,0x00,0x00,0xf0,0x00,0x00,0x00,0x00,0x0f,0x00,0x00,0x00,
0x00,0x00,0xf0,0x00,0x00,0x00,0x00,0x0f,0x00,0x00,0x00,0x00,0x00,0xf0,0x00,0x00,0x00,0x00,0x0f,0x00,0x00,0x00,0x00,0x00,
0xf0,0x00,0x00,0x00,0x00,0x0f,0x00,0x00,0x00,0x00,0x00,0xf0,0x00,0x00,0x00,0x00,0x0f,0x00,0x00,0x00,0x00,0x00,0xf0,0x00,
0x00,0x00,0x00,0x05,0x00,0x00,0x00,
/* U+4e2d */
0x00,0x00,0x28,0x00,0x00,0x00,0x00,0x3c,0x00,0x00,0x00,0x00,0x3c,0x00,0x00,0x00,0x00,0x3c,0x00,0x00,0x55,0x55,0x7d,0x55,
0x55,0x7f,0xff,0xff,0xff,0xfe,0x75,0x55,0x7d,0x55,0x5e,0x74,0x00,0x3c,0x00,0x1e,0x74,0x00,0x3c,0x00,0x1e,0x74,0x00,0x3c,
0x00,0x1e,0x74,0x00,0x3c,0x00,0x1e,0x74,0x00,0x3c,0x00,0x1e,0x75,0x55,0x7d,0x55,0x5e,0x7f,0xff,0xff,0xff,0xfe,0x79,0x55,
0x7d,0x55,0x6e,0x74,0x00,0x3c,0x00,0x1d,0x00,0x00,0x3c,0x00,0x00,0x00,0x00,0x3c,0x00,0x00,0x00,0x00,0x3c,0x00,0x00,0x00,
0x00,0x3c,0x00,0x00,0x00,0x00,0x3c,0x00,0x00,0x00,0x00,0x3c,0x00,0x00,0x00,0x00,0x28,0x00,0x00,
/* U+4e30 */
0x00,0x00,0x05,0x00,0x00,0x00,0x00,0x00,0xf0,0x00,0x00,0x00,0x00,0x0f,0x00,0x00,0x00,0x55,0x55,0xf5,0x55,0x54,0x2f,0xff,
0xff,0xff,0xff,0x81,0x55,0x55,0xf5,0x55,0x54,0x00,0x00,0x0f,0x00,0x00,0x00,0x00,0x00,0xf0,0x00,0x00,0x00,0x00,0x0f,0x00,
0x00,0x00,0x6a,0xaa,0xfa,0xaa,0x90,0x07,0xff,0xff,0xff,0xfe,0x00,0x00,0x00,0xf0,0x00,0x00,0x00,0x00,0x0f,0x00,0x00,0x00,
0x00,0x00,0xf0,0x00,0x00,0x00,0x00,0x0f,0x00,0x00,0x07,0xff,0xff,0xff,0xff,0xfd,0x2a,0xaa,0xaf,0xaa,0xaa,0x90,0x00,0x00,
0xf0,0x00,0x00,0x00,0x00,0x0f,0x00,0x00,0x00,0x00,0x00,0xf0,0x00,0x00,0x00,0x00,0x0f,0x00,0x00,0x00,0x00,0x00,0xf0,0x00,
0x00,0x00,0x00,0x05,0x00,0x00,0x00,
/* U+4e34 */
0x00,0x90,0x06,0x40,0x00,0x00,0x38,0x02,0xd0,0x00,0x00,0x0e,0x00,0xf0,0x00,0x02,0x43,0x80,0xbe,0xaa,0xa9,0xe0,0xe0,0x3f,
0xff,0xff,0xb8,0x38,0x2d,0x00,0x00,0x0e,0x0e,0x1e,0x02,0x80,0x03,0x83,0x8f,0x40,0xb8,0x00,0xe0,0xe3,0x40,0x0b,0x40,0x38,
0x38,0x00,0x00,0xf0,0x0e,0x0e,0x00,0x00,0x00,0x03,0x83,0x82,0xff,0xff,0xf8,0xe0,0xe0,0xba,0xbe,0xaf,0x38,0x38,0x2c,0x0b,
0x02,0xce,0x0e,0x0b,0x02,0xc0,0xb3,0x83,0x82,0xc0,0xb0,0x2c,0xe0,0xe0,0xb0,0x2c,0x0b,0x38,0x38,0x2c,0x0b,0x02,0xc5,0x0e,
0x0b,0x02,0xc0,0xb0,0x03,0x82,0xea,0xfa,0xbc,0x00,0xe0,0xbf,0xff,0xff,0x00,0x38,0x2c,0x00,0x02,0xc0,0x05,0x05,0x00,0x00,
0x10,
/* U+4e39 */
0x00,0x2a,0xaa,0xaa,0xa0,0x00,0x03,0xff,0xff,0xff,0x00,0x00,0x38,0x00,0x00,0xb0,0x00,0x03,0x80,0x40,0x0b,0x00,0x00,0x38,
0x2d,0x00,0xb0,0x00,0x03,0x80,0xf0,0x0b,0x00,0x00,0x38,0x07,0x80,0xb0,0x00,0x03,0x80,0x1e,0x0b,0x00,0x00,0x38,0x00,0x80,
0xb0,0x00,0x03,0x80,0x00,0x0b,0x00,0xbf,0xff,0xff,0xff,0xff,0xe6,0xab,0xea,0xaa,0xaf,0xa9,0x00,0x78,0x00,0x00,0xb0,0x00,
0x07,0x40,0x00,0x0b,0x00,0x00,0xb0,0x00,0x00,0xb0,0x00,0x0f,0x00,0x00,0x0b,0x00,0x00,0xe0,0x00,0x00,0xb0,0x00,0x2d,0x00,
0x00,0x0b,0x00,0x07,0x80,0x00,0x00,0xb0,0x00,0xb4,0x00,0x02,0x6f,0x00,0x0a,0x00,0x00,0x3f,0xd0,0x00,
/* U+4e3a */
0x00,0x00,0x24,0x00,0x00,0x01,0x80,0x0e,0x00,0x00,0x00,0x78,0x03,0x80,0x00,0x00,0x0b,0x80,0xe0,0x00,0x00,0x00,0xb4,0x78,
0x00,0x00,0x00,0x08,0x1d,0x00,0x00,0x02,0xaa,0xab,0xaa,0xaa,0xa4,0xff,0xff,0xff,0xff,0xfd,0x00,0x00,0xb0,0x00,0x07,0x40,
0x00,0x2c,0x00,0x01,0xd0,0x00,0x0e,0x00,0x00,0xb4,0x00,0x03,0x89,0x00,0x2d,0x00,0x01,0xd3,0xc0,0x0b,0x40,0x00,0xb0,0x7c,
0x02,0xc0,0x00,0x78,0x07,0x80,0xb0,0x00,0x3d,0x00,0xb4,0x2c,0x00,0x2e,0x00,0x0d,0x0b,0x00,0x1e,0x00,0x00,0x03,0x80,0x2f,
0x00,0x00,0x00,0xe0,0x2f,0x40,0x00,0x00,0xb4,0x7e,0x00,0x00,0x65,0xb8,0x1d,0x00,0x00,0x0f,0xf8,0x00,0x00,0x00,0x00,0x50,
0x00,
/* U+4e3b */
0x00,0x00,0x14,0x00,0x00,0x00,0x00,0x03,0xc0,0x00,0x00,0x00,0x00,0x2d,0x00,0x00,0x00,0x00,0x00,0xe0,0x00,0x00,0x1a,0xaa,
0xae,0xaa,0xaa,0x42,0xff,0xff,0xff,0xff,0xf8,0x05,0x55,0x5f,0x55,0x55,0x00,0x00,0x00,0xf0,0x00,0x00,0x00,0x00,0x0f,0x00,
0x00,0x00,0x00,0x00,0xf0,0x00,0x00,0x00,0x00,0x0f,0x00,0x00,0x00,0x00,0x00,0xf0,0x00,0x00,0x0b,0xff,0xff,0xff,0xfe,0x00,
0x55,0x55,0xf5,0x55,0x50,0x00,0x00,0x0f,0x00,0x00,0x00,0x00,0x00,0xf0,0x00,0x00,0x00,0x00,0x0f,0x00,0x00,0x00,0x00,0x00,
0xf0,0x00,0x00,0x00,0x00,0x0f,0x00,0x00,0x00,0x00,0x00,0xf0,0x00,0x00,0xbf,0xff,0xff,0xff,0xff,0xe6,0xaa,0xaa,0xaa,0xaa,
0xa9,
/* U+4e3d */
0x55,0x55,0x55,0x55,0x55,0x5b,0xff,0xff,0xff,0xff,0xfe,0x15,0x55,0x55,0x55,0x55,0x40,0x00,0x00,0x00,0x00,0x00,0x05,0x55,
0x40,0x15,0x55,0x01,0xff,0xfe,0x0b,0xff,0xf4,0x1e,0x55,0xe0,0xb5,0x5b,0x41,0xd0,0x0e,0x0b,0x00,0x74,0x1d,0x00,0xe0,0xb0,
0x07,0x41,0xd9,0x0e,0x0b,0x60,0x74,0x1d,0xe0,0xe0,0xb3,0x47,0x41,0xd7,0x0e,0x0b,0x2c,0x74,0x1d,0x38,0xe0,0xb1,0xd7,0x41,
0xd1,0xce,0x0b,0x0b,0x74,0x1d,0x09,0xe0,0xb0,0x77,0x41,0xd0,0x0e,0x0b,0x00,0x74,0x1d,0x00,0xe0,0xb0,0x07,0x41,0xd0,0x0e,
0x0b,0x00,0x74,0x1d,0x00,0xe0,0xb0,0x07,0x41,0xd0,0x5d,0x0b,0x01,0xb4,0x1d,0x1f,0xd0,0xb0,0xbf,0x01,0x40,0x50,0x05,0x01,
0x40,
/* U+4e43 */
0x15,0x55,0x55,0x55,0x40,0x0b,0xff,0xff,0xff,0xf4,0x01,0x55,0x79,0x55,0x6c,0x00,0x00,0x0e,0x00,0x0f,0x00,0x00,0x03,0x80,
0x07,0x80,0x00,0x00,0xe0,0x01,0xd0,0x00,0x00,0x74,0x00,0xb0,0x00,0x00,0x1d,0x00,0x3c,0x00,0x00,0x07,0x40,0x1f,0xaa,0x80,
0x02,0xc0,0x07,0xff,0xf0,0x00,0xb0,0x00,0x00,0x2c,0x00,0x38,0x00,0x00,0x0b,0x00,0x1d,0x00,0x00,0x03,0xc0,0x0b,0x40,0x00,
0x00,0xe0,0x07,0x80,0x00,0x00,0x38,0x02,0xd0,0x00,0x00,0x0e,0x01,0xe0,0x00,0x00,0x07,0x81,0xf0,0x00,0x00,0x02,0xd1,0xf4,
0x00,0x00,0x00,0xf1,0xf4,0x00,0x01,0xaa,0xf8,0x34,0x00,0x00,0xbf,0xf8,0x00,
/* U+4e45 */
0x00,0x01,0x90,0x00,0x00,0x00,0x00,0x3c,0x00,0x00,0x00,0x00,0x07,0x80,0x00,0x00,0x00,0x00,0xb4,0x00,0x00,0x00,0x00,0x1f,
0xff,0xff,0x80,0x00,0x03,0xea,0xaa,0xf4,0x00,0x00,0xb4,0x00,0x0f,0x00,0x00,0x2e,0x00,0x02,0xe0,0x00,0x0b,0xc0,0x00,0x3c,
0x00,0x02,0xf0,0x00,0x0b,0x80,0x00,0x78,0x00,0x00,0xf0,0x00,0x01,0x00,0x00,0x2d,0x00,0x00,0x00,0x00,0x0b,0xc0,0x00,0x00,
0x00,0x01,0xfe,0x00,0x00,0x00,0x00,0x7d,0xb4,0x00,0x00,0x00,0x1f,0x47,0xc0,0x00,0x00,0x07,0xd0,0x1f,0x00,0x00,0x02,0xf4,
0x00,0xbd,0x00,0x01,0xbd,0x00,0x02,0xf4,0x01,0xbe,0x00,0x00,0x07,0xe0,0xbf,0x40,0x00,0x00,0x1f,0xeb,0x40,0x00,0x00,0x00,
0x2d,
/* U+4e49 */
0x00,0x00,0x50,0x00,0x00,0x00,0x00,0x1f,0x00,0x01,0x40,0x00,0x00,0xb8,0x00,0x2c,0x00,0x00,0x02,0xd0,0x03,0x80,0x07,0x40,
0x1f,0x00,0x74,0x00,0x3c,0x00,0x78,0x0b,0x40,0x02,0xe0,0x02,0x40,0xf0,0x00,0x0f,0x00,0x00,0x1e,0x00,0x00,0x78,0x00,0x03,
0xc0,0x00,0x03,0xc0,0x00,0x78,0x00,0x00,0x1e,0x00,0x0f,0x00,0x00,0x00,0xb8,0x02,0xe0,0x00,0x00,0x02,0xe0,0x7c,0x00,0x00,
0x00,0x0b,0x5f,0x40,0x00,0x00,0x00,0x3f,0xd0,0x00,0x00,0x00,0x01,0xf8,0x00,0x00,0x00,0x00,0xbf,0xe0,0x00,0x00,0x00,0x2f,
0x4b,0xd0,0x00,0x00,0x1f,0x80,0x1f,0x90,0x00,0x2f,0xd0,0x00,0x2f,0x90,0x6f,0xe0,0x00,0x00,0x6f,0xd7,0x90,0x00,0x00,0x00,
0x6d,0x10,0x00,0x00,0x00,0x00,0x00,
/* U+4e4b */
0x00,0x00,0x60,0x00,0x00,0x00,0x00,0x07,0x80,0x00,0x00,0x00,0x00,0x3c,0x00,0x00,0x00,0x00,0x01,0xe0,0x00,0x00,0x05,0x55,
0x5f,0x55,0x55,0x00,0xff,0xff,0xff,0xff,0xe0,0x05,0x55,0x55,0x55,0x6d,0x00,0x00,0x00,0x00,0x07,0x80,0x00,0x00,0x00,0x00,
0xf0,0x00,0x00,0x00,0x00,0x2d,0x00,0x00,0x00,0x00,0x0b,0x80,0x00,0x00,0x00,0x02,0xe0,0x00,0x00,0x00,0x00,0xb8,0x00,0x00,
0x00,0x00,0x2e,0x00,0x00,0x00,0x00,0x1f,0x80,0x00,0x00,0x00,0x0b,0xd0,0x00,0x00,0x00,0x57,0xe0,0x00,0x00,0x00,0x2f,0xf4,
0x00,0x00,0x00,0x0b,0xae,0x00,0x00,0x00,0x01,0xe0,0x7d,0x00,0x00,0x00,0x3c,0x01,0xff,0xaa,0xab,0xd7,0x40,0x01,0x6a,0xaa,
0xa9,
/* U+4e4c */
0x00,0x00,0x28,0x00,0x00,0x00,0x00,0x3c,0x00,0x00,0x00,0x00,0x74,0x00,0x00,0x01,0xff,0xff,0xff,0xe0,0x01,0xfa,0xaa,0xaa,
0xe0,0x01,0xe0,0x00,0x00,0xe0,0x01,0xe0,0x00,0x01,0xd0,0x01,0xe0,0x00,0x01,0xd0,0x01,0xe0,0x00,0x02,0xc0,0x01,0xe0,0x00,
0xff,0x80,0x01,0xe0,0x00,0x54,0x00,0x01,0xe0,0x00,0x00,0x00,0x01,0xfa,0xaa,0xaa,0xaa,0x00,0xaa,0xaa,0xaa,0xaf,0x00,0x00,
0x00,0x00,0x0b,0x00,0x00,0x00,0x00,0x0b,0x55,0x55,0x55,0x55,0x0b,0xbf,0xff,0xff,0xff,0x0b,0x15,0x55,0x55,0x55,0x0b,0x00,
0x00,0x00,0x00,0x0e,0x00,0x00,0x00,0x05,0x6e,0x00,0x00,0x00,0x0f,0xf8,0x00,0x00,0x00,0x05,0x50,
/* U+4e50 */
0x00,0x00,0x00,0x00,0x14,0x00,0x00,0x00,0x16,0xbf,0x00,0x2a,0xbf,0xff,0xe9,0x40,0x0f,0xaa,0x55,0x00,0x00,0x07,0x40,0x00,
0x00,0x00,0x01,0xd0,0x02,0xc0,0x00,0x00,0x70,0x00,0xb0,0x00,0x00,0x2c,0x00,0x2c,0x00,0x00,0x0e,0x00,0x0b,0x00,0x00,0x03,
0x95,0x56,0xd5,0x55,0x51,0xff,0xff,0xff,0xff,0xfc,0x55,0x55,0x7d,0x55,0x55,0x00,0x00,0x0b,0x00,0x00,0x00,0x14,0x02,0xc0,
0x20,0x00,0x0f,0x00,0xb0,0x1e,0x00,0x0b,0x40,0x2c,0x02,0xd0,0x03,0xc0,0x0b,0x00,0x38,0x02,0xd0,0x02,0xc0,0x0b,0x41,0xe0,
0x00,0xb0,0x00,0xe0,0xf0,0x00,0x2c,0x00,0x2d,0x74,0x05,0x5f,0x00,0x03,0x80,0x02,0xff,0x40,0x00,0x40,0x00,0x15,0x00,0x00,
0x00,
/* U+4e5d */
0x00,0x00,0x90,0x00,0x00,0x00,0x00,0x1d,0x00,0x00,0x00,0x00,0x01,0xd0,0x00,0x00,0x00,0x00,0x1d,0x00,0x00,0x00,0x00,0x01,
0xd0,0x00,0x00,0x00,0x55,0x6e,0x55,0x54,0x00,0x1f,0xff,0xff,0xff,0x80,0x00,0x55,0x6e,0x55,0x78,0x00,0x00,0x01,0xd0,0x03,
0x80,0x00,0x00,0x2c,0x00,0x38,0x00,0x00,0x02,0xc0,0x03,0x80,0x00,0x00,0x3c,0x00,0x38,0x00,0x00,0x03,0x80,0x03,0x80,0x00,
0x00,0x74,0x00,0x38,0x00,0x00,0x0b,0x00,0x03,0x80,0x00,0x01,0xe0,0x00,0x38,0x04,0x00,0x3d,0x00,0x03,0x80,0xb0,0x0b,0x80,
0x00,0x38,0x0a,0x02,0xf0,0x00,0x03,0x80,0xa1,0xfc,0x00,0x00,0x38,0x0e,0xbe,0x00,0x00,0x02,0xeb,0xd7,0x40,0x00,0x00,0x1b,
0xf8,
/* U+4e60 */
0x3f,0xff,0xff,0xff,0xf8,0x6a,0xaa,0xaa,0xaa,0xd0,0x00,0x00,0x00,0x07,0x40,0x00,0x00,0x00,0x1d,0x02,0x80,0x00,0x00,0x74,
0x0b,0x80,0x00,0x01,0xd0,0x0b,0xc0,0x00,0x07,0x40,0x07,0xc0,0x00,0x1d,0x00,0x07,0x80,0x00,0x74,0x00,0x04,0x00,0x01,0xd0,
0x00,0x00,0x1e,0x07,0x40,0x00,0x07,0xf4,0x1d,0x00,0x01,0xbd,0x00,0x74,0x01,0xbf,0x40,0x01,0xd0,0x7f,0x90,0x00,0x07,0x1f,
0xe4,0x00,0x00,0x2c,0x24,0x00,0x00,0x00,0xb0,0x00,0x00,0x00,0x03,0x80,0x00,0x00,0x55,0x6d,0x00,0x00,0x01,0xff,0xe0,0x00,
0x00,0x01,0x54,0x00,
/* U+4e61 */
0x00,0x01,0x90,0x00,0x00,0x00,0x7c,0x00,0x00,0x00,0x0f,0x40,0x00,0x00,0x02,0xd0,0x00,0x80,0x00,0xb8,0x00,0x3d,0x00,0x2d,
0x00,0x0b,0x80,0x0f,0x40,0x02,0xe0,0x03,0xe6,0xaa,0xf8,0x00,0x3f,0xfe,0xbe,0x00,0x01,0x00,0x0b,0x80,0x05,0x00,0x07,0xe0,
0x00,0xf0,0x01,0xf4,0x00,0x1e,0x00,0xbd,0x00,0x02,0xd0,0x7e,0x55,0x6a,0xfc,0x1f,0xff,0xff,0xaf,0x41,0xa9,0x54,0x02,0xe0,
0x00,0x00,0x00,0xb8,0x00,0x00,0x00,0x6e,0x00,0x00,0x00,0x6f,0x80,0x00,0x01,0xbf,0x90,0x00,0x1a,0xff,0x90,0x00,0x0b,0xfe,
0x40,0x00,0x00,0x24,0x00,0x00,0x00,0x00,
/* U+4e66 */
0x00,0x00,0x24,0x00,0x40,0x00,0x00,0x07,0x80,0x0f,0x40,0x00,0x00,0x78,0x00,0x6e,0x00,0x00,0x07,0x80,0x00,0x7d,0x1a,0xaa,
0xba,0xaa,0x91,0x81,0xff,0xff,0xff,0xfe,0x00,0x00,0x00,0x78,0x01,0xd0,0x00,0x00,0x07,0x80,0x1d,0x00,0x00,0x00,0x78,0x01,
0xd0,0x00,0x00,0x07,0x80,0x1d,0x00,0x00,0x00,0x78,0x02,0xd0,0x0b,0xff,0xff,0xff,0xff,0xf4,0x6a,0xaa,0xba,0xaa,0xab,0x40,
0x00,0x07,0x80,0x00,0x74,0x00,0x00,0x78,0x00,0x07,0x40,0x00,0x07,0x80,0x00,0x74,0x00,0x00,0x78,0x00,0x07,0x40,0x00,0x07,
0x80,0x00,0xb0,0x00,0x00,0x78,0x06,0xbe,0x00,0x00,0x07,0x80,0x7e,0x40,0x00,0x00,0x78,0x00,0x00,0x00,0x00,0x07,0x80,0x00,
0x00,0x00,0x00,0x14,0x00,0x00,0x00,
/* U+4e73 */
0x00,0x00,0x05,0x04,0x00,0x05,0x5a,0xaf,0xf1,0xd0,0x00,0xbf,0xfe,0x94,0x1d,0x00,0x00,0x00,0x00,0xa1,0xd0,0x00,0x60,0x74,
0x0e,0x1d,0x00,0x07,0x43,0x81,0xd1,0xd0,0x00,0x38,0x2c,0x2c,0x1d,0x00,0x02,0xc1,0x83,0x41,0xd0,0x00,0x00,0x00,0x00,0x1d,
0x00,0x03,0xff,0xff,0xd1,0xd0,0x00,0x2a,0xaa,0xb8,0x1d,0x00,0x00,0x00,0x2e,0x01,0xd0,0x00,0x00,0x0b,0x40,0x1d,0x00,0x00,
0x00,0xe0,0x01,0xd0,0x00,0x00,0x0e,0x5b,0x1d,0x00,0x00,0x5a,0xff,0xe1,0xd0,0x00,0xff,0xfe,0x50,0x1d,0x00,0xaa,0x50,0xe0,
0x01,0xd0,0x0b,0x00,0x0e,0x00,0x1d,0x00,0xe0,0x00,0xe0,0x01,0xd0,0x0e,0x05,0x6e,0x00,0x0f,0xab,0xd0,0x7f,0xc0,0x00,0x7f,
0xf4,0x01,0x50,0x00,0x00,0x00,0x00,
/* U+4e7e */
0x00,0x64,0x00,0x14,0x00,0x00,0x07,0x40,0x02,0xc0,0x00,0x55,0xb9,0x54,0x38,0x00,0x0b,0xff,0xff,0x8b,0x95,0x55,0x15,0xb5,
0x50,0xff,0xff,0xe0,0x07,0x40,0x2d,0x55,0x54,0x2a,0xfa,0xa7,0x80,0x00,0x03,0xea,0xaf,0x20,0x00,0x00,0x38,0x00,0xb0,0x55,
0x55,0x03,0x80,0x0b,0x1f,0xff,0xf4,0x3f,0xff,0xf0,0x55,0x6f,0x43,0x95,0x5b,0x00,0x02,0xd0,0x38,0x00,0xb0,0x00,0xb4,0x03,
0xea,0xaf,0x00,0x1e,0x00,0x3f,0xff,0xe0,0x07,0x80,0x00,0x07,0x40,0x00,0xf0,0x00,0x00,0x74,0x00,0x2c,0x00,0x9f,0xff,0xff,
0x87,0x40,0x0e,0xaa,0xba,0xa4,0xe0,0x00,0xd0,0x07,0x40,0x1e,0x00,0x1d,0x00,0x74,0x00,0xfa,0xab,0xc0,0x07,0x40,0x06,0xff,
0xf4,0x00,0x50,0x00,0x00,0x00,0x00,
/* U+4e8c */
0x07,0xff,0xff,0xff,0xfd,0x00,0x6a,0xaa,0xaa,0xaa,0x90,0x00,0x00,0x00,0x00,0x00,0x00,0x00,0x00,0x00,0x00,0x00,0x00,0x00,
0x00,0x00,0x00,0x00,0x00,0x00,0x00,0x00,0x00,0x00,0x00,0x00,0x00,0x00,0x00,0x00,0x00,0x00,0x00,0x00,0x00,0x00,0x00,0x00,
0x00,0x00,0x00,0x00,0x00,0x00,0x00,0x00,0x00,0x00,0x00,0x00,0x00,0x00,0x00,0x00,0x00,0x00,0x00,0x00,0x00,0x00,0x00,0x00,
0x00,0x00,0x00,0x00,0x00,0x00,0x00,0x00,0x00,0x00,0x0b,0xff,0xff,0xff,0xff,0xfe,0xbf,0xff,0xff,0xff,0xff,0xe0,
/* U+4e8e */
0x0a,0xaa,0xaa,0xaa,0xaa,0x00,0xff,0xff,0xff,0xff,0xf0,0x00,0x00,0x0b,0x00,0x00,0x00,0x00,0x00,0xb0,0x00,0x00,0x00,0x00,
0x0b,0x00,0x00,0x00,0x00,0x00,0xb0,0x00,0x00,0x00,0x00,0x0b,0x00,0x00,0x00,0x00,0x00,0xb0,0x00,0x00,0x55,0x55,0x5b,0x95,
0x55,0x5b,0xff,0xff,0xff,0xff,0xfe,0x15,0x55,0x5b,0x55,0x55,0x40,0x00,0x00,0xb0,0x00,0x00,0x00,0x00,0x0b,0x00,0x00,0x00,
0x00,0x00,0xb0,0x00,0x00,0x00,0x00,0x0b,0x00,0x00,0x00,0x00,0x00,0xb0,0x00,0x00,0x00,0x00,0x0b,0x00,0x00,0x00,0x00,0x00,
0xb0,0x00,0x00,0x00,0x00,0x0b,0x00,0x00,0x00,0x01,0x56,0xf0,0x00,0x00,0x00,0x1f,0xfd,0x00,0x00,0x00,
/* U+4e91 */
0x01,0x55,0x55,0x55,0x54,0x00,0x7f,0xff,0xff,0xff,0xe0,0x05,0x55,0x55,0x55,0x55,0x00,0x00,0x00,0x00,0x00,0x00,0x00,0x00,
0x00,0x00,0x00,0x00,0x00,0x00,0x00,0x00,0x00,0x00,0x00,0x00,0x00,0x00,0x06,0xaa,0xaa,0xaa,0xaa,0xa9,0xbf,0xff,0xff,0xff,
0xff,0xe1,0x55,0x5f,0x55,0x55,0x54,0x00,0x01,0xe0,0x00,0x00,0x00,0x00,0x2c,0x00,0x00,0x00,0x00,0x07,0x80,0x07,0x40,0x00,
0x00,0xf0,0x00,0x3c,0x00,0x00,0x2d,0x00,0x01,0xe0,0x00,0x07,0x80,0x00,0x0b,0x40,0x00,0xb4,0x00,0x00,0x7c,0x00,0x2d,0x00,
0x01,0x57,0xd0,0x0b,0xda,0xaf,0xff,0xff,0x00,0xff,0xff,0xea,0x54,0xb4,0x05,0x54,0x00,0x00,0x03,0x80,0x00,0x00,0x00,0x00,
0x10,
/* U+4e92 */
0x2a,0xaa,0xaa,0xaa,0xaa,0x87,0xff,0xff,0xff,0xff,0xfd,0x00,0x07,0x40,0x00,0x00,0x00,0x00,0xb4,0x00,0x00,0x00,0x00,0x0b,
0x00,0x00,0x00,0x00,0x00,0xe0,0x00,0x00,0x00,0x00,0x1f,0xff,0xff,0xe0,0x00,0x02,0xea,0xaa,0xae,0x00,0x00,0x2c,0x00,0x00,
0xe0,0x00,0x03,0x80,0x00,0x1d,0x00,0x00,0x74,0x00,0x01,0xd0,0x00,0x0b,0x40,0x00,0x2c,0x00,0x00,0xb0,0x00,0x02,0xc0,0x00,
0x0f,0xff,0xff,0xf8,0x00,0x00,0xaa,0xaa,0xab,0x80,0x00,0x00,0x00,0x00,0x38,0x00,0x00,0x00,0x00,0x07,0x40,0x00,0x00,0x00,
0x00,0x74,0x00,0x00,0x00,0x00,0x0b,0x40,0x0b,0xff,0xff,0xff,0xff,0xfe,0x6a,0xaa,0xaa,0xaa,0xaa,0x90,
/* U+4e94 */
0x05,0x55,0x55,0x55,0x55,0x02,0xff,0xff,0xff,0xff,0xf8,0x15,0x55,0x7d,0x55,0x55,0x40,0x00,0x03,0x80,0x00,0x00,0x00,0x00,
0x74,0x00,0x00,0x00,0x00,0x07,0x40,0x00,0x00,0x00,0x00,0xb0,0x00,0x00,0x00,0x00,0x0f,0x00,0x00,0x00,0x06,0xaa,0xfa,0xaa,
0x90,0x00,0xbf,0xff,0xff,0xfe,0x00,0x00,0x02,0xd0,0x00,0xe0,0x00,0x00,0x2c,0x00,0x0e,0x00,0x00,0x03,0x80,0x00,0xe0,0x00,
0x00,0x38,0x00,0x0e,0x00,0x00,0x07,0x40,0x00,0xe0,0x00,0x00,0xb0,0x00,0x0e,0x00,0x00,0x0b,0x00,0x00,0xe0,0x00,0x00,0xe0,
0x00,0x0e,0x00,0x55,0x5e,0x55,0x55,0xe5,0x5b,0xff,0xff,0xff,0xff,0xfe,0x55,0x55,0x55,0x55,0x55,0x50,
/* U+4e95 */
0x00,0x05,0x00,0x06,0x00,0x00,0x00,0xe0,0x00,0xb0,0x00,0x00,0x0e,0x00,0x0b,0x00,0x00,0x00,0xe0,0x00,0xb0,0x00,0x00,0x0e,
0x00,0x0b,0x00,0x02,0xff,0xff,0xff,0xff,0xf8,0x2a,0xaf,0xaa,0xaf,0xaa,0x80,0x00,0xe0,0x00,0xb0,0x00,0x00,0x0e,0x00,0x0b,
0x00,0x00,0x00,0xe0,0x00,0xb0,0x00,0x00,0x0e,0x00,0x0b,0x00,0x00,0x00,0xe0,0x00,0xb0,0x00,0x6a,0xaf,0xaa,0xaf,0xaa,0x9b,
0xff,0xff,0xff,0xff,0xfe,0x00,0x2d,0x00,0x0b,0x00,0x00,0x02,0xc0,0x00,0xb0,0x00,0x00,0x38,0x00,0x0b,0x00,0x00,0x0b,0x40,
0x00,0xb0,0x00,0x02,0xe0,0x00,0x0b,0x00,0x00,0xbc,0x00,0x00,0xb0,0x00,0x2f,0x40,0x00,0x0b,0x00,0x01,0x80,0x00,0x00,0xb0,
0x00,0x00,0x00,0x00,0x05,0x00,0x00,
/* U+4e9a */
0x05,0x55,0x55,0x55,0x55,0x03,0xff,0xff,0xff,0xff,0xfc,0x15,0x56,0xe5,0xb9,0x55,0x40,0x00,0x1d,0x07,0x40,0x00,0x00,0x01,
0xd0,0x74,0x00,0x00,0x00,0x1d,0x07,0x40,0x00,0x19,0x01,0xd0,0x74,0x07,0x00,0xe0,0x1d,0x07,0x40,0xb0,0x0b,0x01,0xd0,0x74,
0x0e,0x00,0x74,0x1d,0x07,0x41,0xd0,0x03,0x81,0xd0,0x74,0x2c,0x00,0x2c,0x1d,0x07,0x43,0x80,0x01,0xd1,0xd0,0x74,0x74,0x00,
0x0e,0x1d,0x07,0x4b,0x00,0x00,0xb1,0xd0,0x74,0xe0,0x00,0x05,0x1d,0x07,0x48,0x00,0x00,0x01,0xd0,0x74,0x00,0x00,0x00,0x1d,
0x07,0x40,0x00,0x55,0x56,0xe5,0xb9,0x55,0x5b,0xff,0xff,0xff,0xff,0xfe,0x55,0x55,0x55,0x55,0x55,0x50,
/* U+4ea4 */
0x00,0x00,0x28,0x00,0x00,0x00,0x00,0x02,0xd0,0x00,0x00,0x00,0x00,0x0e,0x00,0x00,0x06,0xaa,0xaa,0xfa,0xaa,0xa9,0xbf,0xff,
0xff,0xff,0xff,0xe0,0x00,0x00,0x00,0x00,0x00,0x00,0x0b,0x00,0x0e,0x00,0x00,0x02,0xe0,0x00,0xbc,0x00,0x00,0xb8,0x00,0x01,
0xf4,0x00,0x2e,0x00,0x00,0x07,0xd0,0x1f,0x84,0x00,0x06,0x5f,0x47,0xd1,0xe0,0x00,0xb4,0x7c,0x24,0x0b,0x40,0x1e,0x01,0xc0,
0x00,0x3d,0x07,0xc0,0x00,0x00,0x01,0xf5,0xf4,0x00,0x00,0x00,0x07,0xfd,0x00,0x00,0x00,0x00,0x2f,0x80,0x00,0x00,0x00,0x1b,
0xff,0x40,0x00,0x00,0x0b,0xe0,0xbe,0x40,0x00,0x1b,0xf4,0x01,0xbe,0x40,0x6f,0xf8,0x00,0x01,0xbf,0x97,0xe4,0x00,0x00,0x00,
0x7d,0x10,0x00,0x00,0x00,0x00,0x40,
/* U+4ea8 */
0x00,0x00,0x18,0x00,0x00,0x00,0x00,0x01,0xd0,0x00,0x00,0x15,0x55,0x5f,0x55,0x55,0x47,0xff,0xff,0xff,0xff,0xfd,0x00,0x00,
0x00,0x00,0x00,0x00,0x05,0x55,0x55,0x55,0x00,0x01,0xff,0xff,0xff,0xf4,0x00,0x1e,0x55,0x55,0x5b,0x40,0x01,0xd0,0x00,0x00,
0x74,0x00,0x1e,0xaa,0xaa,0xab,0x40,0x01,0xaa,0xaa,0xaa,0xa4,0x00,0x00,0x00,0x00,0x00,0x00,0x05,0x55,0x55,0x55,0x55,0x01,
0xff,0xff,0xff,0xff,0xd0,0x00,0x00,0x00,0x07,0xe4,0x00,0x00,0x00,0x1b,0xe0,0x00,0x00,0x00,0x0b,0x90,0x00,0x00,0x00,0x00,
0xb4,0x00,0x00,0x00,0x00,0x0b,0x40,0x00,0x00,0x00,0x00,0xb4,0x00,0x00,0x00,0x05,0x5f,0x00,0x00,0x00,0x00,0x7f,0xe0,0x00,
0x00,0x00,0x01,0x50,0x00,0x00,0x00,
/* U+4eac */
0x00,0x00,0x18,0x00,0x00,0x00,0x00,0x02,0xd0,0x00,0x00,0x00,0x00,0x1e,0x00,0x00,0x0b,0xff,0xff,0xff,0xff,0xfe,0x6a,0xaa,
0xaa,0xaa,0xaa,0x90,0x00,0x00,0x00,0x00,0x00,0x00,0x00,0x00,0x00,0x00,0x00,0x2f,0xff,0xff,0xff,0x80,0x02,0xea,0xaa,0xaa,
0xb8,0x00,0x2c,0x00,0x00,0x03,0x80,0x02,0xc0,0x00,0x00,0x38,0x00,0x2c,0x00,0x00,0x03,0x80,0x02,0xff,0xff,0xff,0xf8,0x00,
0x1a,0xaa,0xfa,0xaa,0x40,0x00,0x00,0x0b,0x00,0x00,0x00,0x01,0x40,0xb0,0x18,0x00,0x00,0x78,0x0b,0x02,0xe0,0x00,0x1f,0x00,
0xb0,0x0b,0x80,0x07,0xc0,0x0b,0x00,0x2e,0x02,0xf4,0x00,0xb0,0x00,0xb8,0xbc,0x01,0x5e,0x00,0x02,0xd2,0x00,0x3f,0xd0,0x00,
0x08,0x00,0x01,0x50,0x00,0x00,0x00,
/* U+4ead */
0x00,0x00,0x60,0x00,0x00,0x00,0x00,0x78,0x00,0x00,0xaa,0xaa,0xbe,0xaa,0xaa,0xff,0xff,0xff,0xff,0xff,0x00,0x00,0x00,0x00,
0x00,0x01,0xaa,0xaa,0xaa,0x40,0x03,0xea,0xaa,0xab,0xc0,0x03,0xc0,0x00,0x03,0xc0,0x03,0xd5,0x55,0x57,0xc0,0x02,0xff,0xff,
0xff,0x80,0x00,0x00,0x00,0x00,0x00,0x55,0x55,0x55,0x55,0x55,0xff,0xff,0xff,0xff,0xff,0xe0,0x00,0x00,0x00,0x0b,0xe1,0x55,
0x55,0x55,0x4b,0xa3,0xff,0xff,0xff,0xca,0x01,0x55,0x7d,0x55,0x40,0x00,0x00,0x3c,0x00,0x00,0x00,0x00,0x3c,0x00,0x00,0x00,
0x00,0x3c,0x00,0x00,0x00,0x05,0x78,0x00,0x00,0x00,0x0f,0xf4,0x00,0x00,0x00,0x05,0x40,0x00,0x00,
/* U+4eae */
0x00,0x00,0x18,0x00,0x00,0x00,0x00,0x01,0xe0,0x00,0x00,0x6a,0xaa,0xaf,0xaa,0xaa,0x96,0xaa,0xaa,0xaa,0xaa,0xa9,0x00,0x00,
0x00,0x00,0x00,0x00,0x06,0xaa,0xaa,0xa9,0x00,0x00,0xba,0xaa,0xaa,0xe0,0x00,0x0b,0x00,0x00,0x0e,0x00,0x00,0xb5,0x55,0x55,
0xe0,0x00,0x0b,0xff,0xff,0xfe,0x00,0x00,0x00,0x00,0x00,0x00,0x01,0xaa,0xaa,0xaa,0xaa,0xa4,0x2f,0xff,0xff,0xff,0xff,0x82,
0xc0,0x00,0x00,0x00,0x38,0x2c,0x01,0x55,0x55,0x03,0x82,0x80,0x7f,0xff,0xd0,0x28,0x00,0x07,0x40,0x1d,0x00,0x00,0x00,0xb0,
0x01,0xd0,0x04,0x00,0x1e,0x00,0x1d,0x01,0xd0,0x07,0xd0,0x01,0xd0,0x1d,0x16,0xf4,0x00,0x0e,0x56,0xc7,0xf8,0x00,0x00,0xbf,
0xf8,0x14,0x00,0x00,0x00,0x00,0x00,
/* U+4eb3 */
0x00,0x00,0x19,0x00,0x00,0x00,0x00,0x01,0xe0,0x00,0x00,0x7f,0xff,0xff,0xff,0xff,0xd2,0xaa,0xaa,0xaa,0xaa,0xa8,0x00,0x00,
0x00,0x00,0x00,0x00,0x0f,0xff,0xff,0xff,0x40,0x00,0xf0,0x00,0x00,0xb4,0x00,0x0f,0x55,0x55,0x5b,0x40,0x00,0xbf,0xff,0xff,
0xf4,0x00,0x00,0x00,0x00,0x00,0x00,0x2a,0xaa,0xaa,0xaa,0xaa,0x83,0xea,0xaa,0xaa,0xaa,0xbc,0x38,0x00,0x00,0x00,0x42,0xc3,
0x80,0x55,0x6b,0xfd,0x2c,0x28,0xbf,0xff,0xa5,0x01,0x40,0x01,0x41,0xd0,0x00,0x00,0x00,0x00,0x1d,0x56,0xab,0x81,0xaa,0xff,
0xff,0xfa,0xa4,0x3e,0xaa,0x6d,0x00,0x00,0x50,0x00,0x01,0xd0,0x00,0x0b,0x00,0x00,0x1e,0x55,0x55,0xe0,0x00,0x00,0xbf,0xff,
0xf9,
/* U+4ec0 */
0x00,0x14,0x00,0x18,0x00,0x00,0x03,0xc0,0x02,0xc0,0x00,0x00,0x74,0x00,0x2c,0x00,0x00,0x0f,0x00,0x02,0xc0,0x00,0x01,0xe0,
0x00,0x2c,0x00,0x00,0x2c,0x00,0x02,0xc0,0x00,0x07,0xc0,0x00,0x2c,0x00,0x01,0xfc,0x00,0x02,0xc0,0x00,0x3f,0xc2,0xaa,0xbe,
0xaa,0xab,0xac,0x7f,0xff,0xff,0xff,0xe2,0xc0,0x00,0x2c,0x00,0x08,0x2c,0x00,0x02,0xc0,0x00,0x02,0xc0,0x00,0x2c,0x00,0x00,
0x2c,0x00,0x02,0xc0,0x00,0x02,0xc0,0x00,0x2c,0x00,0x00,0x2c,0x00,0x02,0xc0,0x00,0x02,0xc0,0x00,0x2c,0x00,0x00,0x2c,0x00,
0x02,0xc0,0x00,0x02,0xc0,0x00,0x2c,0x00,0x00,0x2c,0x00,0x02,0xc0,0x00,0x02,0xc0,0x00,0x2c,0x00,0x00,0x2c,0x00,0x02,0xc0,
0x00,0x01,0x40,0x00,0x14,0x00,0x00,
/* U+4ec1 */
0x00,0x14,0x00,0x00,0x00,0x00,0x03,0xc0,0x00,0x00,0x00,0x00,0x78,0x00,0x00,0x00,0x00,0x0f,0x00,0x00,0x00,0x00,0x01,0xe0,
0xaa,0xaa,0xaa,0x40,0x2c,0x0f,0xff,0xff,0xf8,0x07,0x80,0x00,0x00,0x00,0x01,0xf8,0x00,0x00,0x00,0x00,0x3f,0x80,0x00,0x00,
0x00,0x0b,0xb8,0x00,0x00,0x00,0x00,0xe3,0x80,0x00,0x00,0x00,0x08,0x38,0x00,0x00,0x00,0x00,0x03,0x80,0x00,0x00,0x00,0x00,
0x38,0x00,0x00,0x00,0x00,0x03,0x80,0x00,0x00,0x00,0x00,0x38,0x00,0x00,0x00,0x00,0x03,0x80,0x00,0x00,0x00,0x00,0x38,0x00,
0x00,0x00,0x00,0x03,0x86,0xaa,0xaa,0xaa,0xa0,0x38,0x6a,0xaa,0xaa,0xaa,0x03,0x80,0x00,0x00,0x00,0x00,0x38,0x00,0x00,0x00,
0x00,0x01,0x40,0x00,0x00,0x00,0x00,
/* U+4ec6 */
0x00,0x05,0x00,0x60,0x00,0x00,0x00,0xf0,0x0b,0x00,0x00,0x00,0x2d,0x00,0xb0,0x00,0x00,0x03,0xc0,0x0b,0x00,0x00,0x00,0xb4,
0x00,0xb0,0x00,0x00,0x0f,0x00,0x0b,0x00,0x00,0x03,0xe0,0x00,0xb0,0x00,0x00,0xbe,0x00,0x0b,0x00,0x00,0x2f,0xe0,0x00,0xb4,
0x00,0x07,0x9e,0x00,0x0b,0xe4,0x00,0xf1,0xe0,0x00,0xb7,0xd0,0x08,0x1e,0x00,0x0b,0x0b,0x90,0x01,0xe0,0x00,0xb0,0x1f,0x40,
0x1e,0x00,0x0b,0x00,0x7d,0x01,0xe0,0x00,0xb0,0x00,0x80,0x1e,0x00,0x0b,0x00,0x00,0x01,0xe0,0x00,0xb0,0x00,0x00,0x1e,0x00,
0x0b,0x00,0x00,0x01,0xe0,0x00,0xb0,0x00,0x00,0x1e,0x00,0x0b,0x00,0x00,0x01,0xe0,0x00,0xb0,0x00,0x00,0x1e,0x00,0x0b,0x00,
0x00,0x00,0x50,0x00,0x50,0x00,0x00,
/* U+4ecb */
0x00,0x00,0x05,0x00,0x00,0x00,0x00,0x02,0xf8,0x00,0x00,0x00,0x00,0xba,0xe0,0x00,0x00,0x00,0x2e,0x0b,0x80,0x00,0x00,0x0b,
0x80,0x2e,0x00,0x00,0x02,0xe0,0x00,0xb8,0x00,0x01,0xf8,0x00,0x02,0xf4,0x00,0xbd,0x00,0x00,0x07,0xe0,0x7e,0x05,0x00,0x05,
0x0b,0xdb,0x80,0xe0,0x00,0xf0,0x1d,0x10,0x0e,0x00,0x0f,0x00,0x00,0x00,0xe0,0x00,0xf0,0x00,0x00,0x0e,0x00,0x0f,0x00,0x00,
0x00,0xe0,0x00,0xf0,0x00,0x00,0x0e,0x00,0x0f,0x00,0x00,0x01,0xd0,0x00,0xf0,0x00,0x00,0x2d,0x00,0x0f,0x00,0x00,0x03,0xc0,
0x00,0xf0,0x00,0x00,0x78,0x00,0x0f,0x00,0x00,0x0f,0x00,0x00,0xf0,0x00,0x02,0xd0,0x00,0x0f,0x00,0x00,0x74,0x00,0x00,0xf0,
0x00,0x01,0x00,0x00,0x05,0x00,0x00,
/* U+4ece */
0x00,0x14,0x00,0x05,0x00,0x00,0x03,0xc0,0x00,0xb4,0x00,0x00,0x3c,0x00,0x0b,0x40,0x00,0x03,0x80,0x00,0xb0,0x00,0x00,0x38,
0x00,0x0b,0x00,0x00,0x03,0x80,0x00,0xb0,0x00,0x00,0x38,0x00,0x0b,0x00,0x00,0x03,0x80,0x00,0xb0,0x00,0x00,0x74,0x00,0x0f,
0x40,0x00,0x07,0x40,0x00,0xf8,0x00,0x00,0xb8,0x00,0x1f,0xc0,0x00,0x0b,0xd0,0x01,0xfc,0x00,0x00,0xfb,0x40,0x2d,0xe0,0x00,
0x1e,0x3c,0x03,0xcb,0x00,0x02,0xd1,0xe0,0x78,0x74,0x00,0x3c,0x0b,0x8b,0x43,0x80,0x07,0x80,0x38,0xf0,0x2d,0x00,0xf4,0x01,
0x2e,0x00,0xe0,0x2e,0x00,0x07,0xc0,0x07,0x47,0xc0,0x00,0xf4,0x00,0x2d,0xf4,0x00,0x2d,0x00,0x01,0xf9,0x00,0x02,0x80,0x00,
0x09,
/* U+4ed1 */
0x00,0x00,0x05,0x00,0x00,0x00,0x00,0x02,0xf8,0x00,0x00,0x00,0x00,0x7a,0xe0,0x00,0x00,0x00,0x1e,0x0b,0x40,0x00,0x00,0x07,
0x80,0x2d,0x00,0x00,0x01,0xf0,0x00,0xf4,0x00,0x00,0x7d,0x00,0x03,0xe0,0x00,0x2f,0x40,0x00,0x0f,0x90,0x1f,0x90,0x00,0x00,
0x2f,0x4b,0xd3,0x80,0x00,0x00,0x7e,0xb4,0x38,0x00,0x01,0x90,0xa0,0x03,0x80,0x01,0xbe,0x00,0x00,0x38,0x06,0xfe,0x40,0x00,
0x03,0x9b,0xf9,0x00,0x00,0x00,0x3f,0xe4,0x00,0x00,0x00,0x03,0x90,0x00,0x00,0x00,0x00,0x38,0x00,0x00,0x0d,0x00,0x03,0x80,
0x00,0x01,0xe0,0x00,0x38,0x00,0x00,0x1d,0x00,0x03,0xc0,0x00,0x03,0xc0,0x00,0x2f,0xaa,0xaa,0xf8,0x00,0x00,0xbf,0xff,0xfe,
0x00,
/* U+4ed3 */
0x00,0x00,0x05,0x00,0x00,0x00,0x00,0x02,0xf8,0x00,0x00,0x00,0x00,0xba,0xe0,0x00,0x00,0x00,0x2e,0x0b,0x80,0x00,0x00,0x0b,
0x80,0x2e,0x00,0x00,0x02,0xe0,0x00,0xb8,0x00,0x01,0xf8,0x00,0x02,0xf4,0x00,0xbd,0x00,0x00,0x07,0xe0,0x7e,0x00,0x00,0x00,
0x0b,0xdb,0x43,0xff,0xff,0xfc,0x1e,0x50,0x3e,0xaa,0xab,0xc0,0x00,0x03,0x80,0x00,0x3c,0x00,0x00,0x38,0x00,0x03,0xc0,0x00,
0x03,0x80,0x00,0x3c,0x00,0x00,0x38,0x00,0x03,0xc0,0x00,0x03,0x80,0x2a,0xb8,0x00,0x00,0x38,0x02,0xfe,0x01,0x00,0x03,0x80,
0x00,0x00,0x74,0x00,0x38,0x00,0x00,0x0b,0x00,0x03,0xc0,0x00,0x00,0xf0,0x00,0x2e,0xaa,0xaa,0xbd,0x00,0x01,0xbf,0xff,0xff,
0x80,
/* U+4ed6 */
0x00,0x20,0x00,0x28,0x00,0x00,0x07,0x40,0x03,0xc0,0x00,0x00,0xb0,0x50,0x3c,0x00,0x00,0x1e,0x0e,0x03,0xc0,0x00,0x02,0xd0,
0xe0,0x3c,0x06,0x00,0x38,0x0e,0x03,0xef,0xf0,0x0b,0x80,0xe1,0xbf,0xeb,0x01,0xf8,0x0f,0xff,0xd0,0xb0,0x3f,0x9b,0xfe,0x7c,
0x0b,0x0b,0x79,0xfe,0x03,0xc0,0xb0,0xe3,0x80,0xe0,0x3c,0x0b,0x08,0x38,0x0e,0x03,0xc0,0xb0,0x03,0x80,0xe0,0x3c,0x0f,0x00,
0x38,0x0e,0x03,0xcb,0xe0,0x03,0x80,0xe0,0x3c,0x64,0x00,0x38,0x0e,0x03,0xc0,0x00,0x03,0x80,0xe0,0x3c,0x00,0x90,0x38,0x0e,
0x00,0x00,0x0e,0x03,0x80,0xe0,0x00,0x00,0xe0,0x38,0x0e,0x00,0x00,0x1d,0x03,0x80,0xba,0xaa,0xab,0xd0,0x38,0x06,0xff,0xff,
0xe4,0x01,0x40,0x00,0x00,0x00,0x00,
/* U+4ed9 */
0x00,0x10,0x00,0x19,0x00,0x00,0x0f,0x00,0x07,0x40,0x00,0x07,0x80,0x01,0xd0,0x00,0x03,0xc0,0x00,0x74,0x00,0x01,0xe0,0x40,
0x1d,0x00,0x40,0xb0,0x38,0x07,0x40,0xb0,0x78,0x0e,0x01,0xd0,0x2c,0x7e,0x03,0x80,0x74,0x0b,0x3f,0x80,0xe0,0x1d,0x02,0xee,
0xe0,0x38,0x07,0x40,0xbe,0x38,0x0e,0x01,0xd0,0x2e,0x0e,0x03,0x80,0x74,0x0b,0x03,0x80,0xe0,0x1d,0x02,0xc0,0xe0,0x38,0x07,
0x40,0xb0,0x38,0x0e,0x01,0xd0,0x2c,0x0e,0x03,0x80,0x74,0x0b,0x03,0x80,0xe0,0x1d,0x02,0xc0,0xe0,0x38,0x07,0x40,0xb0,0x38,
0x0e,0x01,0xd0,0x2c,0x0e,0x03,0xea,0xba,0xaf,0x03,0x80,0xff,0xff,0xff,0xc0,0xe0,0x00,0x00,0x00,0xb0,0x14,0x00,0x00,0x00,
0x14,
/* U+4ee3 */
0x00,0x14,0x02,0x81,0x00,0x00,0x03,0xc0,0x3c,0x74,0x00,0x00,0x74,0x03,0xc2,0xd0,0x00,0x0f,0x00,0x3c,0x0b,0x80,0x01,0xe0,
0x02,0xc0,0x28,0x00,0x2c,0x00,0x2c,0x00,0x00,0x07,0x80,0x02,0xc1,0x5a,0x81,0xf8,0x15,0xbf,0xff,0xfc,0x3f,0x8f,0xff,0xea,
0x50,0x0b,0xb8,0x65,0x1d,0x00,0x00,0xe3,0x80,0x01,0xd0,0x00,0x08,0x38,0x00,0x1e,0x00,0x00,0x03,0x80,0x00,0xe0,0x00,0x00,
0x38,0x00,0x0b,0x00,0x00,0x03,0x80,0x00,0x74,0x00,0x00,0x38,0x00,0x03,0x80,0x00,0x03,0x80,0x00,0x2c,0x00,0x90,0x38,0x00,
0x01,0xe0,0x0e,0x03,0x80,0x00,0x0b,0x40,0xd0,0x38,0x00,0x00,0x3c,0x1d,0x03,0x80,0x00,0x01,0xfb,0x80,0x38,0x00,0x00,0x06,
0xf4,0x01,0x40,0x00,0x00,0x00,0x00,
/* U+4ee4 */
0x00,0x00,0x05,0x00,0x00,0x00,0x00,0x01,0xf4,0x00,0x00,0x00,0x00,0x7a,0xe0,0x00,0x00,0x00,0x2e,0x0b,0x80,0x00,0x00,0x0b,
0x80,0x2e,0x00,0x00,0x02,0xe0,0x00,0xb9,0x00,0x01,0xf8,0x60,0x01,0xf8,0x00,0xbd,0x07,0xd0,0x06,0xf4,0x7e,0x00,0x1b,0xd0,
0x07,0xeb,0x40,0x00,0x1e,0x00,0x09,0x00,0x00,0x00,0x00,0x00,0x00,0x2a,0xaa,0xaa,0xaa,0x40,0x03,0xff,0xff,0xff,0xf8,0x00,
0x00,0x00,0x00,0x0f,0x40,0x00,0x00,0x00,0x02,0xd0,0x00,0x00,0x00,0x00,0xb4,0x00,0x00,0x0b,0x40,0x2d,0x00,0x00,0x00,0x7f,
0x9f,0x40,0x00,0x00,0x00,0x6f,0xd0,0x00,0x00,0x00,0x00,0x6f,0x40,0x00,0x00,0x00,0x00,0x7f,0x40,0x00,0x00,0x00,0x00,0xb0,
0x00,
/* U+4eea */
0x00,0x14,0x01,0x40,0x00,0x00,0x03,0xc0,0x3c,0x00,0x10,0x00,0xb4,0x01,0xe0,0x0b,0x40,0x0f,0x00,0x0b,0x40,0xb0,0x01,0xe1,
0xc0,0x7c,0x0f,0x00,0x2c,0x1d,0x02,0xd1,0xe0,0x0b,0x80,0xf0,0x04,0x1d,0x01,0xf8,0x0b,0x40,0x02,0xc0,0x3f,0x80,0x38,0x00,
0x3c,0x0b,0xb8,0x02,0xc0,0x07,0x80,0xe3,0x80,0x1e,0x00,0xf0,0x04,0x38,0x00,0xb4,0x1e,0x00,0x03,0x80,0x03,0xc3,0xd0,0x00,
0x38,0x00,0x1d,0x78,0x00,0x03,0x80,0x00,0xbf,0x00,0x00,0x38,0x00,0x07,0xe0,0x00,0x03,0x80,0x00,0xbf,0x00,0x00,0x38,0x00,
0x2e,0xbd,0x00,0x03,0x80,0x0b,0x81,0xf4,0x00,0x38,0x07,0xe0,0x07,0xe0,0x03,0x86,0xf8,0x00,0x1b,0xd0,0x38,0x78,0x00,0x00,
0x1e,0x01,0x41,0x00,0x00,0x00,0x00,
/* U+4eec */
0x00,0x14,0x14,0x00,0x00,0x00,0x0f,0x0e,0x00,0x00,0x00,0x07,0x41,0xe2,0xff,0xfc,0x03,0xc0,0x2d,0x6a,0xaf,0x01,0xe1,0x93,
0x40,0x02,0xc0,0xb0,0x74,0x00,0x00,0xb0,0x78,0x1d,0x00,0x00,0x2c,0x7e,0x07,0x40,0x00,0x0b,0x3f,0x81,0xd0,0x00,0x02,0xee,
0xe0,0x74,0x00,0x00,0xbe,0x38,0x1d,0x00,0x00,0x2e,0x0e,0x07,0x40,0x00,0x0b,0x03,0x81,0xd0,0x00,0x02,0xc0,0xe0,0x74,0x00,
0x00,0xb0,0x38,0x1d,0x00,0x00,0x2c,0x0e,0x07,0x40,0x00,0x0b,0x03,0x81,0xd0,0x00,0x02,0xc0,0xe0,0x74,0x00,0x00,0xb0,0x38,
0x1d,0x00,0x00,0x2c,0x0e,0x07,0x40,0x00,0x0b,0x03,0x81,0xd0,0x00,0x57,0x80,0xe0,0x74,0x00,0x3f,0xd0,0x14,0x04,0x00,0x01,
0x40,
/* U+4ef2 */
0x00,0x24,0x00,0x18,0x00,0x00,0x1e,0x00,0x0b,0x00,0x00,0x0b,0x00,0x02,0xc0,0x00,0x07,0x80,0x00,0xb0,0x00,0x02,0xd1,0x55,
0x7d,0x55,0x40,0xf0,0xbf,0xff,0xff,0xf0,0xb8,0x2d,0x57,0xd5,0x6c,0x7e,0x0b,0x00,0xb0,0x0b,0x3f,0x82,0xc0,0x2c,0x02,0xed,
0xe0,0xb0,0x0b,0x00,0xbe,0x38,0x2c,0x02,0xc0,0x2e,0x0e,0x0b,0x00,0xb0,0x0b,0x03,0x82,0xd5,0x7d,0x56,0xc0,0xe0,0xbf,0xff,
0xff,0xf0,0x38,0x2d,0x57,0xd5,0x6c,0x0e,0x06,0x00,0xb0,0x06,0x03,0x80,0x00,0x2c,0x00,0x00,0xe0,0x00,0x0b,0x00,0x00,0x38,
0x00,0x02,0xc0,0x00,0x0e,0x00,0x00,0xb0,0x00,0x03,0x80,0x00,0x2c,0x00,0x00,0xe0,0x00,0x0b,0x00,0x00,0x14,0x00,0x01,0x40,
0x00,
/* U+4ef6 */
0x00,0x24,0x00,0x09,0x00,0x00,0x07,0x80,0x01,0xd0,0x00,0x00,0xb4,0x3c,0x1d,0x00,0x00,0x0e,0x03,0x81,0xd0,0x00,0x02,0xd0,
0x74,0x1d,0x00,0x00,0x3c,0x0b,0xaa,0xea,0xa8,0x0b,0x80,0xff,0xff,0xff,0xc1,0xf8,0x1e,0x01,0xe0,0x00,0x3f,0x83,0xc0,0x1d,
0x00,0x0b,0xb8,0x74,0x01,0xd0,0x00,0xe3,0x87,0x00,0x1d,0x00,0x08,0x38,0x00,0x01,0xd0,0x00,0x03,0x80,0x00,0x1e,0x00,0x00,
0x38,0x7f,0xff,0xff,0xff,0x03,0x86,0xaa,0xae,0xaa,0xa0,0x38,0x00,0x01,0xd0,0x00,0x03,0x80,0x00,0x1d,0x00,0x00,0x38,0x00,
0x01,0xd0,0x00,0x03,0x80,0x00,0x1d,0x00,0x00,0x38,0x00,0x01,0xd0,0x00,0x03,0x80,0x00,0x1d,0x00,0x00,0x38,0x00,0x01,0xd0,
0x00,0x01,0x40,0x00,0x04,0x00,0x00,
/* U+4efb */
0x00,0x10,0x00,0x00,0x00,0x00,0x03,0xc0,0x00,0x01,0xa4,0x00,0x75,0x5a,0xab,0xff,0x80,0x0f,0x1f,0xff,0xe9,0x40,0x01,0xe0,
0x54,0x3c,0x00,0x00,0x2c,0x00,0x03,0xc0,0x00,0x0b,0x80,0x00,0x3c,0x00,0x01,0xf8,0x00,0x03,0xc0,0x00,0x3f,0x80,0x00,0x3c,
0x00,0x0b,0xb8,0x00,0x03,0xc0,0x00,0xe3,0x85,0x55,0x7d,0x55,0x54,0x38,0xff,0xff,0xff,0xff,0x03,0x85,0x55,0x7d,0x55,0x50,
0x38,0x00,0x03,0xc0,0x00,0x03,0x80,0x00,0x3c,0x00,0x00,0x38,0x00,0x03,0xc0,0x00,0x03,0x80,0x00,0x3c,0x00,0x00,0x38,0x00,
0x03,0xc0,0x00,0x03,0x80,0x00,0x3c,0x00,0x00,0x38,0x00,0x03,0xc0,0x00,0x03,0x82,0xff,0xff,0xff,0x80,0x38,0x1a,0xaa,0xaa,
0xa4,0x01,0x40,0x00,0x00,0x00,0x00,
/* U+4efd */
0x00,0x10,0x00,0x01,0x40,0x00,0x03,0xc0,0xb0,0x3c,0x00,0x00,0x74,0x0e,0x01,0xd0,0x00,0x0f,0x02,0xd0,0x0e,0x00,0x01,0xe0,
0x38,0x00,0xb4,0x00,0x2c,0x07,0x40,0x03,0xc0,0x0b,0x81,0xf0,0x00,0x2e,0x01,0xf8,0x3d,0x00,0x00,0xb8,0x3f,0x8b,0x40,0x00,
0x02,0xeb,0x79,0xe1,0x55,0x55,0x49,0xe3,0x84,0xbf,0xff,0xfc,0x04,0x38,0x05,0x7d,0x57,0xc0,0x03,0x80,0x03,0x80,0x3c,0x00,
0x38,0x00,0x38,0x03,0xc0,0x03,0x80,0x07,0x40,0x38,0x00,0x38,0x00,0xb0,0x03,0x80,0x03,0x80,0x0e,0x00,0x38,0x00,0x38,0x02,
0xd0,0x03,0x80,0x03,0x80,0x78,0x00,0x38,0x00,0x38,0x1f,0x00,0x07,0x40,0x03,0x87,0xd0,0x6a,0xf0,0x00,0x38,0x74,0x03,0xf9,
0x00,0x01,0x40,0x00,0x00,0x00,0x00,
/* U+4f0a */
0x00,0x20,0x00,0x00,0x00,0x00,0x07,0x40,0x00,0x00,0x00,0x00,0xf0,0xff,0xff,0xff,0x00,0x1e,0x0a,0xaf,0xaa,0xf0,0x02,0xd0,
0x00,0xf0,0x0b,0x00,0x3c,0x00,0x0f,0x00,0xb0,0x0b,0x80,0x00,0xf0,0x0b,0x01,0xf8,0x6a,0xaf,0xaa,0xfa,0x3f,0x87,0xff,0xff,
0xff,0xeb,0x78,0x00,0x0e,0x00,0xb0,0xe3,0x80,0x00,0xe0,0x0b,0x08,0x38,0x00,0x0e,0x00,0xb0,0x03,0x81,0xaa,0xfa,0xaf,0x00,
0x38,0x1f,0xff,0xff,0xf0,0x03,0x80,0x01,0xd0,0x00,0x00,0x38,0x00,0x2c,0x00,0x00,0x03,0x80,0x03,0x80,0x00,0x00,0x38,0x00,
0xb4,0x00,0x00,0x03,0x80,0x2e,0x00,0x00,0x00,0x38,0x0b,0xc0,0x00,0x00,0x03,0x86,0xf4,0x00,0x00,0x00,0x38,0x78,0x00,0x00,
0x00,0x01,0x40,0x00,0x00,0x00,0x00,
/* U+4f0d */
0x00,0x14,0x00,0x00,0x00,0x00,0x03,0xc0,0x00,0x00,0x00,0x00,0x75,0xff,0xff,0xff,0xc0,0x0f,0x1a,0xaf,0xaa,0xa4,0x01,0xe0,
0x00,0xe0,0x00,0x00,0x2c,0x00,0x0e,0x00,0x00,0x07,0x80,0x01,0xd0,0x00,0x01,0xf8,0x00,0x1d,0x00,0x00,0x3f,0x80,0x01,0xd0,
0x00,0x0b,0xb8,0x1a,0xae,0xaa,0x80,0xe3,0x81,0xff,0xff,0xfc,0x08,0x38,0x00,0x3c,0x02,0xc0,0x03,0x80,0x03,0x80,0x2c,0x00,
0x38,0x00,0x38,0x02,0xc0,0x03,0x80,0x07,0x40,0x2c,0x00,0x38,0x00,0x74,0x02,0xc0,0x03,0x80,0x07,0x40,0x2c,0x00,0x38,0x00,
0xb0,0x02,0xc0,0x03,0x80,0x0b,0x00,0x2c,0x00,0x38,0x15,0xf5,0x56,0xd4,0x03,0x8b,0xff,0xff,0xff,0xe0,0x38,0x55,0x55,0x55,
0x55,0x01,0x40,0x00,0x00,0x00,0x00,
/* U+4f11 */
0x00,0x14,0x00,0x14,0x00,0x00,0x03,0xc0,0x07,0x40,0x00,0x00,0x74,0x00,0x74,0x00,0x00,0x0f,0x00,0x07,0x40,0x00,0x01,0xe0,
0x00,0x74,0x00,0x00,0x2c,0x2a,0xab,0xea,0xa8,0x07,0x82,0xff,0xff,0xff,0x81,0xf8,0x00,0x2b,0xb0,0x00,0x3f,0x80,0x07,0x76,
0x80,0x0b,0xb8,0x00,0xa7,0x5c,0x00,0xe3,0x80,0x0d,0x74,0xd0,0x08,0x38,0x02,0xc7,0x47,0x00,0x03,0x80,0x34,0x74,0x34,0x00,
0x38,0x0b,0x07,0x42,0xd0,0x03,0x82,0xd0,0x74,0x0b,0x00,0x38,0x78,0x07,0x40,0x78,0x03,0x8f,0x00,0x74,0x01,0xe0,0x39,0xd0,
0x07,0x40,0x0a,0x03,0x84,0x00,0x74,0x00,0x00,0x38,0x00,0x07,0x40,0x00,0x03,0x80,0x00,0x74,0x00,0x00,0x38,0x00,0x07,0x40,
0x00,0x01,0x40,0x00,0x14,0x00,0x00,
/* U+4f1a */
0x00,0x00,0x0a,0x00,0x00,0x00,0x00,0x02,0xf8,0x00,0x00,0x00,0x00,0xb5,0xe0,0x00,0x00,0x00,0x3d,0x07,0xc0,0x00,0x00,0x0f,
0x40,0x1f,0x00,0x00,0x07,0xd0,0x00,0x7d,0x00,0x06,0xf4,0x00,0x01,0xf9,0x02,0xf9,0x55,0x55,0x56,0xf8,0xfd,0x3f,0xff,0xff,
0xc7,0xfa,0x01,0x55,0x55,0x54,0x0a,0x00,0x00,0x00,0x00,0x00,0x00,0x00,0x00,0x00,0x00,0x00,0x15,0x55,0x55,0x55,0x55,0x42,
0xff,0xff,0xff,0xff,0xf8,0x05,0x57,0xd5,0x55,0x55,0x40,0x00,0x78,0x00,0x90,0x00,0x00,0x1f,0x00,0x0b,0x40,0x00,0x02,0xd0,
0x00,0x3d,0x00,0x00,0xb8,0x00,0x01,0xf0,0x00,0x1e,0x01,0x56,0xaf,0x80,0x07,0xff,0xff,0xfa,0xad,0x00,0x2a,0x95,0x40,0x00,
0xe0,
/* U+4f1f */
0x00,0x14,0x00,0x24,0x00,0x00,0x03,0xc0,0x03,0x80,0x00,0x00,0x78,0x00,0x38,0x00,0x00,0x0f,0x2a,0xaf,0xea,0xa8,0x01,0xe2,
0xaa,0xbe,0xaa,0x80,0x2c,0x00,0x03,0x80,0x00,0x0b,0x80,0x00,0x38,0x00,0x01,0xf8,0x05,0x57,0x95,0x50,0x3f,0x80,0xbf,0xff,
0xff,0x0b,0xb8,0x05,0x57,0x95,0x50,0xe3,0x80,0x00,0x38,0x00,0x08,0x38,0x00,0x03,0x80,0x00,0x03,0x86,0xaa,0xbe,0xaa,0x90,
0x38,0x7f,0xff,0xff,0xfd,0x03,0x80,0x00,0x38,0x01,0xd0,0x38,0x00,0x03,0x80,0x1d,0x03,0x80,0x00,0x38,0x01,0xd0,0x38,0x00,
0x03,0x80,0x2c,0x03,0x80,0x00,0x38,0x6f,0x80,0x38,0x00,0x03,0x87,0xa0,0x03,0x80,0x00,0x38,0x00,0x00,0x38,0x00,0x03,0x80,
0x00,0x01,0x40,0x00,0x14,0x00,0x00,
/* U+4f20 */
0x00,0x10,0x00,0x64,0x00,0x00,0x03,0xc0,0x07,0x40,0x00,0x00,0x74,0x00,0xb0,0x00,0x00,0x0f,0x1a,0xaf,0xaa,0xa8,0x01,0xe2,
0xff,0xff,0xff,0xc0,0x2c,0x00,0x2d,0x00,0x00,0x07,0x80,0x02,0xc0,0x00,0x01,0xf8,0x00,0x38,0x00,0x00,0x3f,0x8b,0xff,0xff,
0xff,0xfb,0xb8,0x6a,0xfa,0xaa,0xaa,0xe3,0x80,0x0e,0x00,0x00,0x08,0x38,0x01,0xd0,0x00,0x00,0x03,0x80,0x2d,0x55,0x55,0x40,
0x38,0x03,0xff,0xff,0xf8,0x03,0x80,0x15,0x55,0x5b,0x40,0x38,0x00,0x00,0x01,0xe0,0x03,0x80,0x04,0x00,0x78,0x00,0x38,0x02,
0xf4,0x2e,0x00,0x03,0x80,0x07,0xfb,0x80,0x00,0x38,0x00,0x06,0xf4,0x00,0x03,0x80,0x00,0x07,0xf4,0x00,0x38,0x00,0x00,0x0b,
0xc0,0x01,0x40,0x00,0x00,0x14,0x00,
/* U+4f26 */
0x00,0x24,0x00,0x24,0x00,0x00,0x03,0x80,0x0b,0xd0,0x00,0x00,0xb4,0x01,0xeb,0x00,0x00,0x0f,0x00,0x3c,0x38,0x00,0x01,0xd0,
0x0b,0x41,0xe0,0x00,0x3c,0x02,0xd0,0x0b,0x80,0x0b,0x81,0xf8,0x00,0x2e,0x01,0xf8,0x7d,0x00,0x00,0xbd,0x3f,0x8f,0x40,0x00,
0x01,0xfb,0xb8,0x92,0xc0,0x00,0x05,0xe3,0x80,0x2c,0x00,0x18,0x08,0x38,0x02,0xc0,0x1f,0xd0,0x03,0x80,0x2c,0x6f,0xd0,0x00,
0x38,0x02,0xff,0x90,0x00,0x03,0x80,0x2e,0x40,0x00,0x00,0x38,0x02,0xc0,0x00,0x00,0x03,0x80,0x2c,0x00,0x01,0x80,0x38,0x02,
0xc0,0x00,0x2c,0x03,0x80,0x2c,0x00,0x02,0xc0,0x38,0x02,0xc0,0x00,0x38,0x03,0x80,0x1f,0xaa,0xaf,0x40,0x38,0x00,0xbf,0xff,
0xe0,0x01,0x40,0x00,0x00,0x00,0x00,
/* U+4f2f */
0x00,0x14,0x00,0x24,0x00,0x00,0x0b,0x00,0x0e,0x00,0x00,0x07,0x80,0x07,0x40,0x00,0x02,0xd0,0x02,0xc0,0x00,0x01,0xe0,0xbf,
0xff,0xff,0x80,0xb4,0x2e,0xaa,0xaa,0xe0,0x7c,0x0b,0x00,0x00,0x38,0x3f,0x02,0xc0,0x00,0x0e,0x2f,0xc0,0xb0,0x00,0x03,0xae,
0xb0,0x2c,0x00,0x00,0xee,0x2c,0x0b,0x00,0x00,0x3a,0x0b,0x02,0xd5,0x55,0x5e,0x02,0xc0,0xbf,0xff,0xff,0x80,0xb0,0x2d,0x55,
0x55,0xe0,0x2c,0x0b,0x00,0x00,0x38,0x0b,0x02,0xc0,0x00,0x0e,0x02,0xc0,0xb0,0x00,0x03,0x80,0xb0,0x2c,0x00,0x00,0xe0,0x2c,
0x0b,0x00,0x00,0x38,0x0b,0x02,0xea,0xaa,0xae,0x02,0xc0,0xbf,0xff,0xff,0x80,0xb0,0x2c,0x00,0x00,0xe0,0x14,0x05,0x00,0x00,
0x14,
/* U+4f3d */
0x00,0x50,0x90,0x00,0x00,0x00,0x2c,0x38,0x00,0x00,0x00,0x1e,0x0e,0x00,0x00,0x00,0x0b,0x43,0x80,0x05,0x55,0x03,0xc5,0xe5,
0x53,0xff,0xc1,0xd7,0xff,0xf8,0xe5,0xb0,0xf4,0x5e,0x5e,0x38,0x2c,0xbd,0x03,0x83,0x8e,0x0b,0x7f,0x40,0xe0,0xe3,0x82,0xed,
0xd0,0x34,0x38,0xe0,0xbd,0x74,0x1d,0x0e,0x38,0x2d,0x1d,0x07,0x43,0x4e,0x0b,0x07,0x41,0xd0,0xd3,0x82,0xc1,0xd0,0xb0,0x34,
0xe0,0xb0,0x74,0x2c,0x0d,0x38,0x2c,0x1d,0x0a,0x07,0x4e,0x0b,0x07,0x43,0x81,0xd3,0x82,0xc1,0xd1,0xd0,0x74,0xe0,0xb0,0x74,
0xb0,0x1d,0x39,0x6c,0x1d,0x38,0x0b,0x0f,0xff,0x07,0x6d,0x5b,0x83,0x96,0xc1,0xda,0x1f,0xc0,0xa0,0x60,0x10,0x00,0x00,0x00,
0x00,
/* U+4f4d */
0x00,0x14,0x00,0x50,0x00,0x00,0x03,0xc0,0x0b,0x40,0x00,0x00,0xb4,0x00,0x78,0x00,0x00,0x0f,0x00,0x03,0xc0,0x00,0x01,0xe2,
0xaa,0xbe,0xaa,0x90,0x3c,0x3f,0xff,0xff,0xfd,0x0b,0x80,0x00,0x00,0x00,0x01,0xf8,0x00,0x00,0x00,0x40,0x3f,0x80,0xb0,0x00,
0x1e,0x0b,0xb8,0x07,0x40,0x01,0xd0,0xe3,0x80,0x38,0x00,0x2c,0x08,0x38,0x03,0xc0,0x03,0x80,0x03,0x80,0x2c,0x00,0x38,0x00,
0x38,0x01,0xd0,0x07,0x40,0x03,0x80,0x1e,0x00,0xb0,0x00,0x38,0x00,0xe0,0x0e,0x00,0x03,0x80,0x0b,0x01,0xe0,0x00,0x38,0x00,
0x74,0x2d,0x00,0x03,0x80,0x06,0x03,0xc0,0x00,0x38,0x55,0x55,0x79,0x55,0x03,0x87,0xff,0xff,0xff,0xf0,0x38,0x15,0x55,0x55,
0x55,0x01,0x40,0x00,0x00,0x00,0x00,
/* U+4f4f */
0x00,0x14,0x00,0x50,0x00,0x00,0x03,0x80,0x0b,0x00,0x00,0x00,0xb4,0x00,0x74,0x00,0x00,0x0f,0x00,0x03,0x80,0x00,0x01,0xd2,
0xaa,0xae,0xaa,0x90,0x3c,0x7f,0xff,0xff,0xfd,0x0b,0x81,0x55,0x6d,0x55,0x41,0xf8,0x00,0x02,0xc0,0x00,0x3f,0x80,0x00,0x2c,
0x00,0x0b,0xb8,0x00,0x02,0xc0,0x00,0xe3,0x80,0x00,0x2c,0x00,0x04,0x38,0x00,0x02,0xc0,0x00,0x03,0x81,0xff,0xff,0xff,0x80,
0x38,0x1a,0xab,0xea,0xa4,0x03,0x80,0x00,0x2c,0x00,0x00,0x38,0x00,0x02,0xc0,0x00,0x03,0x80,0x00,0x2c,0x00,0x00,0x38,0x00,
0x02,0xc0,0x00,0x03,0x80,0x00,0x2c,0x00,0x00,0x38,0x00,0x02,0xc0,0x00,0x03,0x8b,0xff,0xff,0xff,0xf0,0x38,0x6a,0xaa,0xaa,
0xaa,0x01,0x40,0x00,0x00,0x00,0x00,
/* U+4f53 */
0x00,0x14,0x00,0x24,0x00,0x00,0x03,0x80,0x03,0x80,0x00,0x00,0xb4,0x00,0x38,0x00,0x00,0x0f,0x00,0x03,0x80,0x00,0x01,0xd6,
0xaa,0xba,0xaa,0x80,0x2c,0xbf,0xff,0xff,0xfc,0x07,0x81,0x57,0xbb,0x55,0x40,0xf8,0x00,0x77,0xa8,0x00,0x2f,0x80,0x0a,0x39,
0xc0,0x07,0xf8,0x00,0xd3,0x8e,0x00,0xb7,0x80,0x1c,0x38,0xb0,0x0d,0x38,0x03,0x83,0x87,0x40,0x43,0x80,0x74,0x38,0x2c,0x00,
0x38,0x0e,0x03,0x81,0xe0,0x03,0x82,0xc0,0x38,0x0b,0x40,0x38,0xb4,0x57,0x95,0x2d,0x03,0x9e,0x2f,0xff,0xf5,0xe0,0x39,0xc1,
0x5b,0x95,0x09,0x03,0x80,0x00,0x38,0x00,0x00,0x38,0x00,0x03,0x80,0x00,0x03,0x80,0x00,0x38,0x00,0x00,0x38,0x00,0x03,0x80,
0x00,0x01,0x40,0x00,0x14,0x00,0x00,
/* U+4f59 */
0x00,0x00,0x05,0x00,0x00,0x00,0x00,0x02,0xf8,0x00,0x00,0x00,0x01,0xf5,0xf4,0x00,0x00,0x00,0x7d,0x07,0xe0,0x00,0x00,0x6e,
0x00,0x0b,0x90,0x00,0x2f,0x80,0x00,0x2f,0x90,0x2f,0x90,0x00,0x00,0x6f,0x8f,0xd7,0xff,0xff,0xfd,0x7f,0x50,0x6a,0xaf,0xaa,
0x90,0x50,0x00,0x00,0xb0,0x00,0x00,0x00,0x00,0x0b,0x00,0x00,0x01,0x55,0x55,0xb5,0x55,0x54,0x2f,0xff,0xff,0xff,0xff,0x81,
0x55,0x55,0xb5,0x55,0x54,0x00,0x00,0x0b,0x00,0x00,0x00,0x02,0xc0,0xb0,0x3c,0x00,0x00,0x78,0x0b,0x01,0xf0,0x00,0x0f,0x00,
0xb0,0x07,0xc0,0x07,0xd0,0x0b,0x00,0x1f,0x01,0xf4,0x00,0xb0,0x00,0x78,0x28,0x05,0x6e,0x00,0x02,0xd0,0x00,0x7f,0x90,0x00,
0x00,
/* U+4f5b */
0x00,0x20,0x06,0x02,0x40,0x00,0x07,0x40,0xb0,0x74,0x00,0x00,0xf0,0x0b,0x07,0x40,0x00,0x1e,0x2a,0xfa,0xfe,0xa4,0x02,0xc2,
0xaf,0xaf,0xeb,0x80,0x38,0x00,0xb0,0x74,0x38,0x0b,0x40,0x0b,0x07,0x43,0x81,0xf4,0x00,0xb0,0x74,0x38,0x3f,0x47,0xff,0xff,
0xff,0x8b,0xb4,0x79,0xb9,0xb9,0x54,0xe7,0x4b,0x0b,0x07,0x40,0x08,0x74,0xb0,0xb0,0x74,0x00,0x07,0x4b,0x5f,0x5b,0x95,0x40,
0x74,0xff,0xff,0xff,0xfd,0x07,0x45,0x5e,0x57,0x95,0xd0,0x74,0x01,0xd0,0x74,0x1d,0x07,0x40,0x2c,0x07,0x41,0xd0,0x74,0x07,
0x80,0x74,0x2c,0x07,0x40,0xb4,0x07,0x6b,0xc0,0x74,0x2e,0x00,0x76,0xe4,0x07,0x4b,0xc0,0x07,0x40,0x00,0x74,0xe0,0x00,0x74,
0x00,0x01,0x44,0x00,0x01,0x00,0x00,
/* U+4f5c */
0x00,0x14,0x06,0x40,0x00,0x00,0x03,0xc0,0xb4,0x00,0x00,0x00,0x74,0x0e,0x00,0x00,0x00,0x0f,0x02,0xe5,0x55,0x54,0x01,0xe0,
0x3f,0xff,0xff,0xe0,0x2c,0x07,0xae,0x55,0x55,0x0b,0x80,0xf0,0xe0,0x00,0x01,0xf8,0x2e,0x0e,0x00,0x00,0x3f,0x87,0xc0,0xe0,
0x00,0x0b,0xb8,0xf4,0x0f,0xaa,0xa4,0xe3,0x8e,0x00,0xff,0xff,0x84,0x38,0x40,0x0e,0x00,0x00,0x03,0x80,0x00,0xe0,0x00,0x00,
0x38,0x00,0x0e,0x00,0x00,0x03,0x80,0x00,0xe0,0x00,0x00,0x38,0x00,0x0f,0xaa,0xa8,0x03,0x80,0x00,0xfa,0xaa,0x80,0x38,0x00,
0x0e,0x00,0x00,0x03,0x80,0x00,0xe0,0x00,0x00,0x38,0x00,0x0e,0x00,0x00,0x03,0x80,0x00,0xe0,0x00,0x00,0x38,0x00,0x0e,0x00,
0x00,0x01,0x40,0x00,0x50,0x00,0x00,
/* U+4f73 */
0x00,0x14,0x00,0x18,0x00,0x00,0x03,0xc0,0x02,0xc0,0x00,0x00,0x74,0x00,0x2c,0x00,0x00,0x0f,0x0a,0xab,0xea,0xa4,0x01,0xe0,
0xff,0xff,0xff,0x40,0x2c,0x00,0x02,0xc0,0x00,0x07,0x80,0x00,0x2c,0x00,0x01,0xf8,0x00,0x02,0xc0,0x00,0x3f,0x81,0x55,0x7d,
0x55,0x5b,0xb8,0x7f,0xff,0xff,0xfe,0xe3,0x81,0x55,0x55,0x55,0x48,0x38,0x00,0x02,0xc0,0x00,0x03,0x80,0x00,0x2c,0x00,0x00,
0x38,0x00,0x02,0xc0,0x00,0x03,0x81,0xff,0xff,0xff,0x40,0x38,0x1a,0xab,0xea,0xa4,0x03,0x80,0x00,0x2c,0x00,0x00,0x38,0x00,
0x02,0xc0,0x00,0x03,0x80,0x00,0x2c,0x00,0x00,0x38,0x00,0x02,0xc0,0x00,0x03,0x8b,0xff,0xff,0xff,0xf0,0x38,0x6a,0xaa,0xaa,
0xaa,0x01,0x40,0x00,0x00,0x00,0x00,
/* U+4f9d */
0x00,0x24,0x00,0x50,0x00,0x00,0x07,0x80,0x0b,0x40,0x00,0x00,0xb4,0x00,0x74,0x00,0x00,0x0e,0x00,0x03,0x80,0x00,0x02,0xd7,
0xff,0xff,0xff,0xc0,0x3c,0x6a,0xaf,0xfa,0xa8,0x0b,0x80,0x01,0xde,0x00,0x01,0xf8,0x00,0x38,0xb0,0x00,0x3f,0x80,0x0b,0x47,
0x40,0x0b,0x78,0x00,0xe0,0x74,0x1c,0xe3,0x80,0x2d,0x03,0x8b,0xc8,0x38,0x0b,0xd0,0x2e,0xe0,0x03,0x81,0xfd,0x01,0xf8,0x00,
0x38,0x7e,0xd0,0x0e,0x00,0x03,0x9f,0x6d,0x00,0xb0,0x00,0x39,0xc2,0xd0,0x07,0x80,0x03,0x80,0x2d,0x00,0x2c,0x00,0x38,0x02,
0xd0,0x01,0xe0,0x03,0x80,0x2d,0x06,0x0b,0x80,0x38,0x02,0xdb,0xf0,0x3d,0x03,0x80,0x3f,0xe4,0x01,0xf0,0x38,0x03,0x90,0x00,
0x05,0x01,0x40,0x00,0x00,0x00,0x00,
/* U+4faf */
0x00,0x10,0x00,0x00,0x00,0x00,0x07,0x46,0xaa,0xaa,0x40,0x00,0xb0,0xbf,0xff,0xf8,0x00,0x1e,0x00,0x00,0x03,0x80,0x02,0xd0,
0x00,0x00,0x38,0x00,0x3c,0x15,0x55,0x57,0x95,0x0b,0x87,0xff,0xff,0xff,0xe1,0xf8,0x01,0x40,0x00,0x00,0x3f,0x80,0x2c,0x00,
0x00,0x0b,0x78,0x07,0x95,0x55,0x54,0xe3,0x80,0xff,0xff,0xff,0x48,0x38,0x3d,0x02,0xc0,0x00,0x03,0x87,0x40,0x38,0x00,0x00,
0x38,0x00,0x03,0x80,0x00,0x03,0x8b,0xff,0xff,0xff,0xd0,0x38,0x6a,0xaf,0xfa,0xa9,0x03,0x80,0x00,0xeb,0x00,0x00,0x38,0x00,
0x2d,0x38,0x00,0x03,0x80,0x0b,0x81,0xe0,0x00,0x38,0x06,0xe0,0x07,0xd0,0x03,0x82,0xf8,0x00,0x1f,0x90,0x38,0x78,0x00,0x00,
0x2e,0x01,0x41,0x00,0x00,0x00,0x00,
/* U+4fdd */
0x00,0x20,0x00,0x00,0x00,0x00,0x07,0x86,0xaa,0xaa,0x90,0x00,0xb4,0xbf,0xff,0xfe,0x00,0x0e,0x0b,0x00,0x01,0xe0,0x02,0xd0,
0xb0,0x00,0x0e,0x00,0x3c,0x0b,0x00,0x00,0xe0,0x0b,0x80,0xb0,0x00,0x0e,0x01,0xf8,0x0b,0xaa,0xaa,0xe0,0x3f,0x80,0xbf,0xff,
0xfe,0x0b,0x78,0x00,0x03,0x80,0x00,0xe3,0x80,0x00,0x38,0x00,0x08,0x38,0x55,0x57,0xd5,0x55,0x03,0x8b,0xff,0xff,0xff,0xe0,
0x38,0x55,0x7b,0xb9,0x55,0x03,0x80,0x0b,0x39,0xd0,0x00,0x38,0x01,0xd3,0x8b,0x00,0x03,0x80,0x38,0x38,0x38,0x00,0x38,0x0b,
0x43,0x81,0xe0,0x03,0x87,0xd0,0x38,0x07,0x80,0x38,0xf4,0x03,0x80,0x2e,0x03,0x89,0x00,0x38,0x00,0x90,0x38,0x00,0x03,0x80,
0x00,0x01,0x40,0x00,0x14,0x00,0x00,
/* U+4fe1 */
0x00,0x60,0x00,0x14,0x00,0x00,0x0b,0x40,0x03,0x80,0x00,0x00,0xf0,0x00,0x2c,0x00,0x00,0x1d,0x55,0x56,0xe5,0x55,0x02,0xcb,
0xff,0xff,0xff,0xf0,0x78,0x15,0x55,0x55,0x55,0x0b,0x40,0x00,0x00,0x00,0x02,0xf4,0x07,0xff,0xff,0xf0,0x7f,0x40,0x6a,0xaa,
0xaa,0x0b,0xb4,0x00,0x00,0x00,0x00,0xd7,0x40,0x55,0x55,0x55,0x08,0x74,0x07,0xff,0xff,0xf0,0x07,0x40,0x00,0x00,0x00,0x00,
0x74,0x00,0x00,0x00,0x00,0x07,0x40,0xbf,0xff,0xff,0x40,0x74,0x0f,0xaa,0xaa,0xb4,0x07,0x40,0xf0,0x00,0x07,0x40,0x74,0x0f,
0x00,0x00,0x74,0x07,0x40,0xf0,0x00,0x07,0x40,0x74,0x0f,0xaa,0xaa,0xb4,0x07,0x40,0xff,0xff,0xff,0x40,0x74,0x0f,0x00,0x00,
0x74,0x01,0x40,0x50,0x00,0x01,0x00,
/* U+4fee */
0x00,0x10,0x00,0x64,0x00,0x00,0x07,0x40,0x0b,0x00,0x00,0x00,0xb0,0x01,0xfa,0xaa,0x40,0x1e,0x00,0x7f,0xff,0xf8,0x02,0xd1,
0x1f,0x80,0x0b,0x40,0x38,0x77,0xee,0x02,0xe0,0x0b,0x47,0x54,0x78,0xb8,0x01,0xf4,0x74,0x02,0xfe,0x00,0x3f,0x47,0x41,0xbf,
0xf9,0x0b,0xb4,0x76,0xfe,0x47,0xfe,0xe7,0x47,0x7e,0x40,0x46,0xe8,0x74,0x74,0x00,0x7c,0x00,0x07,0x47,0x40,0x6e,0x08,0x00,
0x74,0x74,0xbe,0x43,0xd0,0x07,0x47,0x46,0x01,0xf4,0x40,0x74,0x74,0x01,0xbc,0x1d,0x07,0x47,0x42,0xfe,0x07,0x80,0x74,0x74,
0x79,0x02,0xf0,0x07,0x41,0x01,0x01,0xb8,0x00,0x74,0x00,0x01,0xbd,0x00,0x07,0x40,0x06,0xfe,0x00,0x00,0x74,0x01,0xf9,0x00,
0x00,0x01,0x40,0x04,0x00,0x00,0x00,
/* U+5012 */
0x00,0x40,0x00,0x00,0x01,0x40,0x76,0xaa,0xa9,0x00,0xb0,0x2c,0xff,0xff,0x54,0x2c,0x0e,0x02,0xc0,0x07,0x0b,0x07,0x40,0xe1,
0x01,0xc2,0xc2,0xc0,0x74,0xe0,0x70,0xb1,0xf0,0x2c,0x2c,0x1c,0x2c,0xbc,0x1d,0x07,0x87,0x0b,0x7f,0x0b,0xaf,0xf1,0xc2,0xee,
0xc7,0xe9,0x5d,0x70,0xbd,0xb0,0x01,0x41,0x1c,0x2d,0x2c,0x00,0xb0,0x07,0x0b,0x0b,0x00,0x2c,0x01,0xc2,0xc2,0xc2,0xaf,0xa8,
0x70,0xb0,0xb0,0xff,0xff,0x1c,0x2c,0x2c,0x00,0xb0,0x07,0x0b,0x0b,0x00,0x2c,0x01,0xc2,0xc2,0xc0,0x0b,0x00,0x50,0xb0,0xb0,
0x02,0xc5,0x40,0x2c,0x2c,0x01,0xff,0xd0,0x0b,0x0b,0x1f,0xfe,0x50,0x57,0xc2,0xc6,0x90,0x00,0x2f,0xd0,0x50,0x00,0x00,0x01,
0x40,
/* U+5043 */
0x00,0x40,0x00,0x00,0x00,0x00,0x0f,0x2a,0xaa,0xaa,0xa9,0x01,0xe3,0xff,0xff,0xff,0xe0,0x2c,0x38,0x00,0x00,0x00,0x03,0x83,
0x82,0xaa,0xaa,0x00,0x78,0x38,0x3a,0xaa,0xb0,0x0f,0x43,0x83,0x40,0x07,0x02,0xf4,0x38,0x3f,0xff,0xf0,0x7f,0x43,0x83,0x95,
0x57,0x0b,0x74,0x38,0x39,0x55,0xb0,0xe7,0x43,0x83,0xff,0xff,0x04,0x74,0x38,0x00,0xe0,0x00,0x07,0x43,0x8a,0xbe,0xaa,0x90,
0x74,0x38,0xaf,0xaa,0xe9,0x07,0x43,0x80,0xe0,0x28,0x00,0x74,0x38,0x2f,0x9b,0x00,0x07,0x43,0x80,0x1f,0xe0,0x00,0x74,0x38,
0x5b,0xeb,0xe4,0x07,0x43,0x8b,0xa0,0x07,0x80,0x74,0x38,0x00,0x00,0x00,0x07,0x43,0xff,0xff,0xff,0xf0,0x74,0x2a,0xaa,0xaa,
0xaa,0x01,0x40,0x00,0x00,0x00,0x00,
/* U+504f */
0x00,0x10,0x00,0x60,0x00,0x00,0x2c,0x00,0x1e,0x00,0x00,0x0e,0x00,0x02,0xd0,0x00,0x07,0x4f,0xff,0xff,0xff,0x02,0xc3,0x95,
0x55,0x56,0xc0,0xe0,0xe0,0x00,0x00,0xb0,0xb4,0x38,0x00,0x00,0x2c,0x7d,0x0e,0x55,0x55,0x5b,0x3f,0x43,0xff,0xff,0xff,0xee,
0xd0,0xe0,0x00,0x00,0x0d,0x74,0x38,0x00,0x00,0x01,0x1d,0x0d,0xbf,0xff,0xff,0x07,0x47,0x6e,0xba,0xea,0xc1,0xd1,0xda,0x0d,
0x24,0x70,0x74,0x72,0x83,0x49,0x1c,0x1d,0x2c,0xb5,0xd7,0x9b,0x07,0x4a,0x2f,0xff,0xff,0xc1,0xd3,0x4a,0x1d,0x28,0xb0,0x75,
0xc2,0x83,0x49,0x1c,0x1d,0xe0,0xa0,0xd2,0x47,0x07,0xb4,0x28,0x34,0x92,0xc1,0xdc,0x0a,0x0c,0x26,0xf0,0x14,0x01,0x40,0x00,
0x50,
/* U+505c */
0x00,0x50,0x00,0xa0,0x00,0x00,0x0b,0x40,0x0b,0x00,0x00,0x00,0xe6,0xaa,0xba,0xaa,0x80,0x1d,0xbf,0xff,0xff,0xfd,0x03,0xc0,
0x00,0x00,0x00,0x00,0x78,0x0a,0xaa,0xaa,0x90,0x0b,0x40,0xfa,0xaa,0xad,0x01,0xf4,0x0e,0x00,0x01,0xd0,0x3f,0x40,0xfa,0xaa,
0xad,0x0b,0xb4,0x0a,0xaa,0xaa,0x90,0xe7,0x40,0x00,0x00,0x00,0x08,0x74,0xaa,0xaa,0xaa,0xa9,0x07,0x4b,0xaa,0xaa,0xaa,0xd0,
0x74,0xb0,0x00,0x00,0x1d,0x07,0x4b,0x00,0x00,0x01,0xd0,0x74,0x5f,0xff,0xff,0xf4,0x07,0x40,0x55,0x7d,0x55,0x00,0x74,0x00,
0x03,0x80,0x00,0x07,0x40,0x00,0x38,0x00,0x00,0x74,0x00,0x03,0x80,0x00,0x07,0x40,0x05,0xb8,0x00,0x00,0x74,0x00,0xff,0x40,
0x00,0x01,0x00,0x05,0x40,0x00,0x00,
/* U+510b */
0x00,0x10,0x01,0x90,0x00,0x00,0x0b,0x40,0x7d,0x55,0x40,0x00,0xf0,0x0f,0xff,0xfc,0x00,0x1d,0x07,0xd0,0x0b,0x40,0x02,0xc2,
0xf5,0x56,0xe5,0x50,0x78,0xff,0xff,0xff,0xfe,0x0b,0x4a,0xd0,0x64,0x24,0x02,0xf4,0x1d,0x1f,0x42,0xe4,0x7f,0x41,0xdf,0x86,
0x06,0xdf,0xb4,0x1d,0x40,0x74,0x04,0xd7,0x41,0xff,0xff,0xff,0xd4,0x74,0x1e,0x55,0x55,0x55,0x07,0x41,0xd1,0x55,0x55,0x00,
0x74,0x1c,0x3f,0xff,0xf4,0x07,0x42,0xc0,0x00,0x00,0x00,0x74,0x2c,0x3f,0xff,0xf4,0x07,0x42,0x81,0x55,0x55,0x00,0x74,0x38,
0x6a,0xaa,0xa4,0x07,0x47,0x4b,0xaa,0xab,0x80,0x74,0xb0,0xb0,0x00,0x28,0x07,0x5e,0x0b,0xaa,0xab,0x80,0x75,0xc0,0xba,0xaa,
0xb8,0x01,0x04,0x05,0x00,0x01,0x40,
/* U+513f */
0x00,0x0e,0x00,0x38,0x00,0x00,0x00,0xe0,0x03,0x80,0x00,0x00,0x0e,0x00,0x38,0x00,0x00,0x00,0xe0,0x03,0x80,0x00,0x00,0x0e,
0x00,0x38,0x00,0x00,0x00,0xe0,0x03,0x80,0x00,0x00,0x0e,0x00,0x38,0x00,0x00,0x00,0xe0,0x03,0x80,0x00,0x00,0x1e,0x00,0x38,
0x00,0x00,0x01,0xd0,0x03,0x80,0x00,0x00,0x1d,0x00,0x38,0x00,0x00,0x01,0xd0,0x03,0x80,0x00,0x00,0x2c,0x00,0x38,0x00,0x00,
0x03,0x80,0x03,0x80,0x00,0x00,0x78,0x00,0x38,0x00,0x40,0x0b,0x40,0x03,0x80,0x0e,0x01,0xe0,0x00,0x38,0x00,0xe0,0x3c,0x00,
0x03,0x80,0x0e,0x0b,0x80,0x00,0x3c,0x02,0xd2,0xe0,0x00,0x02,0xff,0xfc,0x78,0x00,0x00,0x06,0xaa,0x00,
/* U+5143 */
0x01,0x55,0x55,0x55,0x54,0x00,0x7f,0xff,0xff,0xff,0xd0,0x01,0x55,0x55,0x55,0x54,0x00,0x00,0x00,0x00,0x00,0x00,0x00,0x00,
0x00,0x00,0x00,0x00,0x00,0x00,0x00,0x00,0x00,0x00,0x00,0x00,0x00,0x00,0x01,0x55,0x55,0x55,0x55,0x54,0x7f,0xff,0xff,0xff,
0xff,0xd1,0x55,0x79,0x57,0x95,0x54,0x00,0x03,0x80,0x38,0x00,0x00,0x00,0x74,0x03,0x80,0x00,0x00,0x07,0x40,0x38,0x00,0x00,
0x00,0xb4,0x03,0x80,0x00,0x00,0x0f,0x00,0x38,0x00,0x00,0x01,0xe0,0x03,0x80,0x09,0x00,0x2c,0x00,0x38,0x00,0xd0,0x0b,0x80,
0x03,0x80,0x1d,0x06,0xe0,0x00,0x38,0x01,0xd6,0xf8,0x00,0x02,0xea,0xbc,0xb9,0x00,0x00,0x1b,0xfe,0x41,0x00,0x00,0x00,0x00,
0x00,
/* U+5145 */
0x00,0x00,0x60,0x00,0x00,0x00,0x00,0x1d,0x00,0x00,0x00,0x00,0x03,0xc0,0x00,0x02,0xaa,0xaa,0xfa,0xaa,0xa8,0xbf,0xff,0xff,
0xff,0xfe,0x00,0x01,0xd0,0x00,0x00,0x00,0x01,0xe0,0x01,0x80,0x00,0x00,0xf0,0x00,0x78,0x00,0x00,0xb4,0x00,0x0b,0x40,0x00,
0xb4,0x01,0x56,0xf4,0x00,0xfe,0xff,0xff,0xff,0x00,0x2e,0xaa,0x54,0x01,0xe0,0x00,0x04,0x01,0x80,0x2c,0x00,0x07,0x40,0xb0,
0x00,0x00,0x01,0xd0,0x2c,0x00,0x00,0x00,0xb0,0x0b,0x00,0x00,0x00,0x3c,0x02,0xc0,0x01,0x00,0x1d,0x00,0xb0,0x00,0xe0,0x1f,
0x00,0x2c,0x00,0x74,0x1f,0x40,0x0b,0x00,0x2d,0x7f,0x00,0x01,0xfa,0xaf,0x3d,0x00,0x00,0x2f,0xfe,0x40,
/* U+5148 */
0x00,0x00,0x06,0x00,0x00,0x00,0x0b,0x40,0xb0,0x00,0x00,0x00,0xf0,0x0b,0x00,0x00,0x00,0x1e,0x00,0xb0,0x00,0x00,0x02,0xff,
0xff,0xff,0xff,0x00,0x7e,0xaa,0xfa,0xaa,0xa0,0x0f,0x40,0x0b,0x00,0x00,0x02,0xe0,0x00,0xb0,0x00,0x00,0x2c,0x00,0x0b,0x00,
0x00,0x00,0x00,0x00,0xb0,0x00,0x00,0x6a,0xaa,0xaf,0xaa,0xaa,0x97,0xff,0xff,0xff,0xff,0xfe,0x00,0x03,0x80,0x2c,0x00,0x00,
0x00,0x78,0x02,0xc0,0x00,0x00,0x07,0x40,0x2c,0x00,0x00,0x00,0xb4,0x02,0xc0,0x00,0x00,0x1e,0x00,0x2c,0x00,0x90,0x02,0xd0,
0x02,0xc0,0x0e,0x00,0xb8,0x00,0x2c,0x00,0xe0,0x7e,0x00,0x02,0xd0,0x1d,0x6f,0x80,0x00,0x1f,0xab,0xc7,0x90,0x00,0x00,0xbf,
0xf4,0x10,0x00,0x00,0x00,0x00,0x00,
/* U+5149 */
0x00,0x00,0x0a,0x00,0x00,0x00,0x00,0x00,0xf0,0x00,0x40,0x07,0x40,0x0f,0x00,0x1d,0x00,0x3c,0x00,0xf0,0x03,0xc0,0x01,0xe0,
0x0f,0x00,0xb4,0x00,0x0b,0x40,0xf0,0x0f,0x00,0x00,0x7c,0x0f,0x02,0xd0,0x00,0x02,0x80,0xf0,0x28,0x00,0x00,0x00,0x0f,0x00,
0x00,0x06,0xaa,0xaa,0xfa,0xaa,0xa9,0x7f,0xff,0xff,0xff,0xff,0xd0,0x00,0x38,0x03,0x80,0x00,0x00,0x03,0x80,0x38,0x00,0x00,
0x00,0x78,0x03,0x80,0x00,0x00,0x07,0x40,0x38,0x00,0x00,0x00,0xb0,0x03,0x80,0x00,0x00,0x1e,0x00,0x38,0x00,0xa0,0x02,0xd0,
0x03,0x80,0x0e,0x00,0xb8,0x00,0x38,0x00,0xe0,0x7e,0x00,0x03,0x80,0x1d,0x7f,0x80,0x00,0x2f,0xff,0xcb,0x80,0x00,0x01,0xaa,
0xa4,
/* U+514b */
0x00,0x00,0x0a,0x00,0x00,0x00,0x00,0x00,0xf0,0x00,0x00,0x00,0x00,0x0f,0x00,0x00,0x07,0xff,0xff,0xff,0xff,0xfd,0x2a,0xaa,
0xaf,0xaa,0xaa,0x80,0x00,0x00,0xf0,0x00,0x00,0x00,0x00,0x0f,0x00,0x00,0x00,0x1f,0xff,0xff,0xff,0x40,0x02,0xea,0xaa,0xaa,
0xb8,0x00,0x2d,0x00,0x00,0x07,0x80,0x02,0xd0,0x00,0x00,0x78,0x00,0x2d,0x00,0x00,0x07,0x80,0x02,0xea,0xaa,0xaa,0xb8,0x00,
0x2f,0xff,0xff,0xff,0x80,0x00,0x03,0x80,0x74,0x00,0x00,0x00,0x78,0x07,0x40,0x00,0x00,0x0b,0x40,0x74,0x00,0x00,0x00,0xf0,
0x07,0x40,0x05,0x00,0x2d,0x00,0x74,0x00,0xe0,0x1f,0x80,0x07,0x80,0x1e,0x1f,0xd0,0x00,0x3e,0xab,0xd7,0xd0,0x00,0x01,0xbf,
0xe4,0x10,0x00,0x00,0x00,0x00,0x00,
/* U+5156 */
0x00,0x00,0x60,0x00,0x00,0x00,0x00,0x1e,0x00,0x00,0x05,0x55,0x57,0xd5,0x55,0x53,0xff,0xff,0xff,0xff,0xfc,0x55,0x59,0x55,
0x65,0x55,0x00,0x1f,0x00,0x1f,0x40,0x00,0x1f,0x41,0x01,0xf8,0x00,0x2f,0x02,0xe0,0x0b,0xc0,0x7e,0x02,0xe0,0x10,0x7d,0x3d,
0x02,0xe0,0x2d,0x07,0xc0,0x02,0xe0,0x03,0xd0,0x40,0x07,0xd0,0x15,0xbd,0x00,0x07,0xff,0xff,0xff,0xc0,0x01,0xa5,0x55,0x00,
0x78,0x00,0x00,0x60,0x18,0x05,0x00,0x00,0x2c,0x07,0x40,0x00,0x00,0x0e,0x01,0xd0,0x00,0x00,0x07,0x80,0x74,0x00,0xa0,0x07,
0xc0,0x1d,0x00,0x38,0x0b,0xd0,0x07,0x40,0x0e,0x6f,0x80,0x01,0xfa,0xaf,0x7e,0x40,0x00,0x2f,0xff,0x80,
/* U+515a */
0x00,0x00,0x0a,0x00,0x00,0x00,0x1d,0x00,0xf0,0x07,0x80,0x00,0xf0,0x0f,0x00,0xb4,0x00,0x07,0x40,0xf0,0x1e,0x00,0x15,0x7d,
0x5f,0x57,0xe5,0x43,0xff,0xff,0xff,0xff,0xfc,0x3d,0x55,0x55,0x55,0x57,0xc3,0xc0,0x00,0x00,0x00,0x2c,0x3c,0x15,0x55,0x55,
0x42,0xc2,0x87,0xff,0xff,0xfd,0x28,0x00,0x78,0x00,0x02,0xd0,0x00,0x07,0x40,0x00,0x1d,0x00,0x00,0x74,0x00,0x01,0xd0,0x00,
0x07,0x95,0x55,0x6d,0x00,0x00,0x7f,0xff,0xff,0xd0,0x00,0x01,0x6d,0x57,0x94,0x00,0x00,0x02,0xc0,0x74,0x00,0x00,0x00,0x78,
0x07,0x40,0x0d,0x00,0x0f,0x00,0x74,0x00,0xe0,0x07,0xd0,0x07,0x40,0x1d,0x1b,0xf4,0x00,0x3e,0xab,0xd7,0xe4,0x00,0x02,0xff,
0xf8,0x10,0x00,0x00,0x00,0x00,0x00,
/* U+5165 */
0x00,0x01,0x00,0x00,0x00,0x00,0x00,0xb8,0x00,0x00,0x00,0x00,0x02,0xe0,0x00,0x00,0x00,0x00,0x0b,0x40,0x00,0x00,0x00,0x00,
0x3c,0x00,0x00,0x00,0x00,0x01,0xe0,0x00,0x00,0x00,0x00,0x1f,0x00,0x00,0x00,0x00,0x02,0xf4,0x00,0x00,0x00,0x00,0x3b,0xc0,
0x00,0x00,0x00,0x07,0x5d,0x00,0x00,0x00,0x00,0xb0,0xe0,0x00,0x00,0x00,0x0e,0x0b,0x40,0x00,0x00,0x02,0xd0,0x38,0x00,0x00,
0x00,0x78,0x02,0xd0,0x00,0x00,0x0b,0x00,0x0f,0x00,0x00,0x02,0xe0,0x00,0x78,0x00,0x00,0x78,0x00,0x02,0xd0,0x00,0x1f,0x00,
0x00,0x0f,0x40,0x07,0xd0,0x00,0x00,0x7d,0x02,0xf4,0x00,0x00,0x01,0xf4,0xb8,0x00,0x00,0x00,0x07,0xe6,0x00,0x00,0x00,0x00,
0x09,
/* U+5168 */
0x00,0x00,0x05,0x00,0x00,0x00,0x00,0x02,0xf8,0x00,0x00,0x00,0x00,0xb5,0xf0,0x00,0x00,0x00,0x7d,0x07,0xd0,0x00,0x00,0x1f,
0x40,0x1f,0x40,0x00,0x0b,0xd0,0x00,0x7e,0x00,0x07,0xe0,0x00,0x00,0xbe,0x07,0xf4,0x00,0x00,0x01,0xfd,0xf4,0xbf,0xff,0xff,
0xe1,0xe4,0x06,0xaa,0xfa,0xa9,0x00,0x00,0x00,0x0f,0x00,0x00,0x00,0x00,0x00,0xf0,0x00,0x00,0x00,0x00,0x0f,0x00,0x00,0x00,
0x00,0x00,0xf0,0x00,0x00,0x03,0xff,0xff,0xff,0xf8,0x00,0x1a,0xaa,0xfa,0xaa,0x40,0x00,0x00,0x0f,0x00,0x00,0x00,0x00,0x00,
0xf0,0x00,0x00,0x00,0x00,0x0f,0x00,0x00,0x00,0x00,0x00,0xf0,0x00,0x00,0x3f,0xff,0xff,0xff,0xff,0xc2,0xaa,0xaa,0xaa,0xaa,
0xa8,
/* U+516b */
0x00,0x00,0x00,0x14,0x00,0x00,0x00,0x24,0x03,0x80,0x00,0x00,0x07,0x40,0x38,0x00,0x00,0x00,0x74,0x03,0x80,0x00,0x00,0x0b,
0x00,0x2c,0x00,0x00,0x00,0xf0,0x02,0xc0,0x00,0x00,0x0e,0x00,0x1d,0x00,0x00,0x01,0xd0,0x01,0xd0,0x00,0x00,0x2c,0x00,0x0e,
0x00,0x00,0x03,0x80,0x00,0xb0,0x00,0x00,0x78,0x00,0x07,0x40,0x00,0x0b,0x40,0x00,0x38,0x00,0x00,0xf0,0x00,0x02,0xd0,0x00,
0x1d,0x00,0x00,0x1e,0x00,0x03,0xc0,0x00,0x00,0xb4,0x00,0x78,0x00,0x00,0x07,0x80,0x0f,0x00,0x00,0x00,0x2d,0x02,0xe0,0x00,
0x00,0x00,0xf4,0x7c,0x00,0x00,0x00,0x07,0xcb,0x40,0x00,0x00,0x00,0x1e,0x20,0x00,0x00,0x00,0x00,0x90,
/* U+516c */
0x00,0x00,0x00,0x04,0x00,0x00,0x00,0xb4,0x02,0xd0,0x00,0x00,0x0f,0x00,0x1e,0x00,0x00,0x01,0xe0,0x00,0xf0,0x00,0x00,0x3d,
0x00,0x0b,0x80,0x00,0x07,0x80,0x00,0x3c,0x00,0x00,0xb0,0x00,0x01,0xe0,0x00,0x2e,0x00,0x00,0x0f,0x40,0x07,0xc0,0x04,0x00,
0x7d,0x01,0xf4,0x02,0xd0,0x01,0xf4,0x3e,0x00,0x3c,0x00,0x0b,0xdb,0x80,0x07,0x40,0x00,0x2e,0x20,0x00,0xf0,0x00,0x00,0x80,
0x00,0x1d,0x00,0x50,0x00,0x00,0x03,0xc0,0x0e,0x00,0x00,0x00,0xb4,0x00,0x74,0x00,0x00,0x1e,0x00,0x03,0xc0,0x00,0x03,0xc0,
0x00,0x1e,0x00,0x00,0xb4,0x00,0x01,0xf4,0x00,0x2e,0x5a,0xaf,0xff,0x80,0x07,0xff,0xff,0xa5,0x6d,0x00,0x25,0x50,0x00,0x00,
0xe0,0x00,0x00,0x00,0x00,0x04,0x00,
/* U+516d */
0x00,0x00,0x40,0x00,0x00,0x00,0x00,0x0e,0x00,0x00,0x00,0x00,0x00,0x7d,0x00,0x00,0x00,0x00,0x01,0xf4,0x00,0x00,0x00,0x00,
0x07,0xd0,0x00,0x00,0x00,0x00,0x08,0x00,0x00,0x15,0x55,0x55,0x55,0x55,0x4b,0xff,0xff,0xff,0xff,0xfe,0x6a,0xaa,0xaa,0xaa,
0xaa,0x90,0x00,0x00,0x00,0x00,0x00,0x00,0x00,0x00,0x00,0x00,0x00,0x00,0x64,0x00,0x90,0x00,0x00,0x0f,0x00,0x0f,0x00,0x00,
0x01,0xe0,0x00,0x78,0x00,0x00,0x3d,0x00,0x02,0xd0,0x00,0x07,0x80,0x00,0x0f,0x00,0x00,0xf4,0x00,0x00,0x78,0x00,0x2e,0x00,
0x00,0x02,0xd0,0x0b,0xc0,0x00,0x00,0x1f,0x02,0xf4,0x00,0x00,0x00,0xb4,0x7d,0x00,0x00,0x00,0x03,0xc2,0x40,0x00,0x00,0x00,
0x28,
/* U+5170 */
0x00,0x10,0x00,0x00,0x80,0x00,0x0b,0x40,0x00,0x2d,0x00,0x00,0x3c,0x00,0x03,0xc0,0x00,0x01,0xe0,0x00,0x74,0x00,0x00,0x0b,
0x40,0x0f,0x00,0x00,0x00,0x00,0x01,0xd0,0x00,0x2f,0xff,0xff,0xff,0xff,0x82,0xaa,0xaa,0xaa,0xaa,0xa8,0x00,0x00,0x00,0x00,
0x00,0x00,0x00,0x00,0x00,0x00,0x00,0x00,0x00,0x00,0x00,0x00,0x00,0x00,0x00,0x00,0x00,0x00,0x01,0x55,0x55,0x55,0x54,0x00,
0x3f,0xff,0xff,0xff,0xc0,0x01,0x55,0x55,0x55,0x54,0x00,0x00,0x00,0x00,0x00,0x00,0x00,0x00,0x00,0x00,0x00,0x00,0x00,0x00,
0x00,0x00,0x00,0x00,0x00,0x00,0x00,0x00,0x05,0x55,0x55,0x55,0x55,0x55,0xbf,0xff,0xff,0xff,0xff,0xe1,0x55,0x55,0x55,0x55,
0x54,
/* U+5171 */
0x00,0x09,0x00,0x06,0x00,0x00,0x00,0xe0,0x00,0xb0,0x00,0x00,0x0e,0x00,0x0b,0x00,0x00,0x00,0xe0,0x00,0xb0,0x00,0x00,0x0e,
0x00,0x0b,0x00,0x01,0xaa,0xfa,0xaa,0xfa,0xa4,0x1f,0xff,0xff,0xff,0xff,0x40,0x00,0xe0,0x00,0xb0,0x00,0x00,0x0e,0x00,0x0b,
0x00,0x00,0x00,0xe0,0x00,0xb0,0x00,0x00,0x0e,0x00,0x0b,0x00,0x00,0x00,0xe0,0x00,0xb0,0x00,0x55,0x5e,0x55,0x5b,0x55,0x5b,
0xff,0xff,0xff,0xff,0xfe,0x55,0x55,0x55,0x55,0x55,0x50,0x00,0x20,0x00,0x40,0x00,0x00,0x0b,0x80,0x1f,0x40,0x00,0x02,0xe0,
0x00,0x7e,0x00,0x01,0xf8,0x00,0x01,0xf8,0x00,0xbe,0x00,0x00,0x02,0xf0,0x7f,0x40,0x00,0x00,0x0b,0xd7,0x80,0x00,0x00,0x00,
0x2d,
/* U+5173 */
0x00,0x04,0x00,0x01,0x40,0x00,0x03,0xc0,0x00,0x38,0x00,0x00,0x1e,0x00,0x07,0x40,0x00,0x00,0xb4,0x00,0xe0,0x00,0x00,0x03,
0xc0,0x1d,0x00,0x00,0xaa,0xaa,0xab,0xea,0xa0,0x0f,0xff,0xff,0xff,0xff,0x00,0x00,0x00,0xf0,0x00,0x00,0x00,0x00,0x0f,0x00,
0x00,0x00,0x00,0x00,0xe0,0x00,0x00,0x00,0x00,0x0e,0x00,0x00,0x01,0x55,0x56,0xe5,0x55,0x54,0x7f,0xff,0xff,0xff,0xff,0xd1,
0x55,0x57,0xf9,0x55,0x54,0x00,0x00,0x7a,0xd0,0x00,0x00,0x00,0x0b,0x0e,0x00,0x00,0x00,0x01,0xe0,0x78,0x00,0x00,0x00,0x7c,
0x02,0xe0,0x00,0x00,0x2e,0x00,0x0b,0xd0,0x00,0x2f,0x80,0x00,0x1f,0x90,0x6f,0x90,0x00,0x00,0x2f,0x97,0x90,0x00,0x00,0x00,
0x6d,0x00,0x00,0x00,0x00,0x00,0x40,
/* U+5174 */
0x00,0x00,0x40,0x00,0x04,0x00,0x00,0x1e,0x00,0x01,0xe0,0x0a,0x00,0xf0,0x00,0x2d,0x00,0xf0,0x07,0x40,0x03,0x80,0x07,0x80,
0x3c,0x00,0x74,0x00,0x3c,0x02,0xd0,0x0b,0x00,0x01,0xd0,0x0e,0x01,0xe0,0x00,0x0f,0x00,0xb4,0x2d,0x00,0x00,0xb4,0x05,0x03,
0x80,0x00,0x02,0x00,0x00,0xb4,0x00,0x00,0x00,0x00,0x0e,0x00,0x0a,0xaa,0xaa,0xab,0xfa,0xaa,0xbf,0xff,0xff,0xff,0xff,0xe0,
0x00,0x00,0x00,0x00,0x00,0x00,0x05,0x00,0x06,0x00,0x00,0x01,0xf0,0x00,0xb8,0x00,0x00,0x3d,0x00,0x02,0xd0,0x00,0x0b,0x40,
0x00,0x0f,0x40,0x01,0xe0,0x00,0x00,0x7c,0x00,0x7c,0x00,0x00,0x01,0xe0,0x1f,0x00,0x00,0x00,0x0b,0x82,0xc0,0x00,0x00,0x00,
0x34,
/* U+5175 */
0x00,0x00,0x00,0x00,0x10,0x00,0x00,0x00,0x56,0xbf,0x40,0x00,0x6f,0xff,0xfa,0x50,0x00,0x0b,0xa5,0x50,0x00,0x00,0x00,0xb0,
0x00,0x00,0x00,0x00,0x0b,0x00,0x00,0x00,0x00,0x00,0xb5,0x55,0x55,0x55,0x00,0x0b,0xff,0xff,0xff,0xf0,0x00,0xb5,0x55,0x5f,
0x55,0x00,0x0b,0x00,0x00,0xe0,0x00,0x00,0xb0,0x00,0x0e,0x00,0x00,0x0b,0x00,0x00,0xe0,0x00,0x00,0xb0,0x00,0x0e,0x00,0x00,
0x0b,0x00,0x00,0xe0,0x00,0x6a,0xfa,0xaa,0xaf,0xaa,0x9b,0xff,0xff,0xff,0xff,0xfe,0x00,0x05,0x00,0x05,0x00,0x00,0x01,0xf0,
0x01,0xf4,0x00,0x00,0x7d,0x00,0x07,0xe0,0x00,0x6f,0x40,0x00,0x0b,0x80,0x2f,0x80,0x00,0x00,0x2f,0x47,0xd0,0x00,0x00,0x00,
0x78,0x10,0x00,0x00,0x00,0x01,0x00,
/* U+5176 */
0x00,0x64,0x00,0x01,0x90,0x00,0x07,0x40,0x00,0x1d,0x00,0x15,0xb9,0x55,0x56,0xe5,0x47,0xff,0xff,0xff,0xff,0xfd,0x00,0x78,
0x00,0x02,0xd0,0x00,0x07,0x40,0x00,0x1d,0x00,0x00,0x79,0x55,0x56,0xd0,0x00,0x07,0xff,0xff,0xfd,0x00,0x00,0x79,0x55,0x56,
0xd0,0x00,0x07,0x40,0x00,0x1d,0x00,0x00,0x78,0x00,0x02,0xd0,0x00,0x07,0xff,0xff,0xfd,0x00,0x00,0x79,0x55,0x56,0xd0,0x00,
0x07,0x40,0x00,0x1d,0x00,0x00,0x74,0x00,0x01,0xd0,0x0b,0xff,0xff,0xff,0xff,0xfe,0xaa,0xaa,0xaa,0xaa,0xaa,0xa0,0x00,0x10,
0x00,0x40,0x00,0x00,0x1f,0x80,0x2f,0x40,0x00,0x1b,0xd0,0x00,0x6f,0x80,0x1f,0xe0,0x00,0x00,0x2f,0x83,0xd0,0x00,0x00,0x00,
0x6c,
/* U+5180 */
0x00,0x00,0x90,0x90,0x01,0x02,0xaa,0xad,0x0e,0x1a,0xf4,0x2a,0xaa,0xd0,0xff,0xe4,0x00,0x00,0x1d,0x0e,0x40,0x18,0x2a,0xbf,
0xd0,0xe5,0x56,0xc3,0xaa,0x5d,0x07,0xff,0xf4,0x00,0x55,0x55,0x55,0x54,0x00,0x1f,0xff,0xff,0xff,0x80,0x01,0xc0,0x0b,0x00,
0x38,0x00,0x1e,0xaa,0xfa,0xab,0x80,0x01,0xe5,0x5f,0x55,0x78,0x00,0x1d,0x00,0xb0,0x03,0x80,0x01,0xff,0xff,0xff,0xf8,0x00,
0x00,0xb0,0x00,0xe0,0x00,0x0a,0xab,0xaa,0xae,0xaa,0x00,0xaa,0xfe,0xab,0xfa,0xa0,0x00,0x0b,0x00,0x0e,0x00,0x06,0xaa,0xba,
0xaa,0xea,0xa9,0x6a,0xaa,0xaa,0xaa,0xaa,0x90,0x00,0x78,0x02,0x94,0x00,0x06,0xbe,0x00,0x1b,0xf9,0x02,0xf9,0x00,0x00,0x06,
0xf8,0x04,0x00,0x00,0x00,0x01,0x40,
/* U+5185 */
0x00,0x00,0x18,0x00,0x00,0x00,0x00,0x2d,0x00,0x00,0x00,0x00,0x2c,0x00,0x00,0x00,0x00,0x2c,0x00,0x00,0x6a,0xaa,0xbe,0xaa,
0xa9,0x7f,0xff,0xff,0xff,0xfe,0x74,0x00,0x38,0x00,0x1e,0x74,0x00,0x78,0x00,0x1e,0x74,0x00,0x78,0x00,0x1e,0x74,0x00,0xbd,
0x00,0x1e,0x74,0x01,0xeb,0x40,0x1e,0x74,0x03,0xd3,0xd0,0x1e,0x74,0x07,0x80,0xf4,0x1e,0x74,0x1f,0x00,0x3c,0x1e,0x74,0xbd,
0x00,0x1f,0x1e,0x76,0xf4,0x00,0x0b,0x5e,0x75,0x80,0x00,0x01,0x1e,0x74,0x00,0x00,0x00,0x1e,0x74,0x00,0x00,0x00,0x1e,0x74,
0x00,0x00,0x00,0x1d,0x74,0x00,0x00,0x2a,0xbd,0x74,0x00,0x00,0x2f,0xf8,0x50,0x00,0x00,0x00,0x00,
/* U+5188 */
0x6a,0xaa,0xaa,0xaa,0xa9,0x7f,0xff,0xff,0xff,0xfe,0x74,0x00,0x00,0x00,0x1e,0x74,0x00,0x00,0x00,0x0e,0x74,0x00,0x00,0x2c,
0x0e,0x74,0x74,0x00,0x78,0x0e,0x74,0x3d,0x00,0xf4,0x0e,0x74,0x0f,0x82,0xe0,0x0e,0x74,0x02,0xe7,0xc0,0x0e,0x74,0x00,0xbf,
0x40,0x0e,0x74,0x00,0x3f,0x00,0x0e,0x74,0x00,0xbf,0x80,0x0e,0x74,0x02,0xe2,0xd0,0x0e,0x74,0x0b,0x80,0xf4,0x0e,0x74,0x7e,
0x00,0x3d,0x0e,0x75,0xf8,0x00,0x1e,0x0e,0x74,0x90,0x00,0x04,0x0e,0x74,0x00,0x00,0x00,0x0e,0x74,0x00,0x00,0x00,0x1e,0x74,
0x00,0x00,0x05,0x6d,0x74,0x00,0x00,0x0f,0xf8,0x50,0x00,0x00,0x05,0x50,
/* U+518c */
0x02,0xaa,0xa0,0x6a,0xa9,0x00,0x3f,0xfe,0x0b,0xff,0xd0,0x03,0x80,0xe0,0xb0,0x1d,0x00,0x38,0x0e,0x0b,0x01,0xd0,0x03,0x80,
0xe0,0xb0,0x1d,0x00,0x38,0x0e,0x0b,0x01,0xd0,0x03,0x80,0xe0,0xb0,0x1d,0x00,0x38,0x0e,0x0b,0x01,0xd0,0x03,0x80,0xe0,0xb0,
0x1d,0x0f,0xff,0xff,0xff,0xff,0xff,0xab,0xea,0xfa,0xfa,0xae,0xa0,0x38,0x0e,0x0b,0x01,0xd0,0x03,0x80,0xe0,0xb0,0x1d,0x00,
0x74,0x0e,0x0b,0x01,0xd0,0x07,0x40,0xe0,0xa0,0x1d,0x00,0x74,0x0e,0x0e,0x01,0xd0,0x0b,0x00,0xe0,0xe0,0x1d,0x00,0xe0,0x0e,
0x1d,0x01,0xd0,0x1d,0x00,0xe2,0xc0,0x1d,0x02,0xc1,0x6e,0x38,0x57,0xd0,0x28,0x2f,0xd3,0x47,0xf8,0x00,
/* U+518d */
0x2a,0xaa,0xaa,0xaa,0xaa,0x83,0xff,0xff,0xff,0xff,0xfc,0x00,0x00,0x0f,0x00,0x00,0x00,0x00,0x00,0xf0,0x00,0x00,0x01,0x55,
0x5f,0x55,0x54,0x00,0x3f,0xff,0xff,0xff,0xc0,0x03,0x95,0x5f,0x55,0x6c,0x00,0x38,0x00,0xf0,0x02,0xc0,0x03,0x80,0x0f,0x00,
0x2c,0x00,0x3f,0xff,0xff,0xff,0xc0,0x03,0xea,0xaf,0xaa,0xbc,0x00,0x38,0x00,0xf0,0x02,0xc0,0x03,0x80,0x0f,0x00,0x2c,0x05,
0x79,0x55,0xf5,0x56,0xd5,0xbf,0xff,0xff,0xff,0xff,0xe5,0x79,0x55,0x55,0x56,0xd5,0x03,0x80,0x00,0x00,0x2c,0x00,0x38,0x00,
0x00,0x02,0xc0,0x03,0x80,0x00,0x00,0x2c,0x00,0x38,0x00,0x00,0x57,0xc0,0x03,0x80,0x00,0x0b,0xf4,0x00,0x14,0x00,0x00,0x54,
0x00,
/* U+5195 */
0x1a,0xaa,0xaa,0xaa,0xa4,0x0b,0xaa,0xaa,0xaa,0xad,0x02,0xc0,0x00,0x00,0x03,0x40,0xb3,0xff,0xff,0xf8,0xd0,0x2c,0x15,0x55,
0x54,0x34,0x0b,0x2a,0xaa,0xaa,0x4d,0x02,0xc6,0xfa,0xaa,0x93,0x40,0x00,0xb4,0x00,0x00,0x00,0x00,0x7f,0xff,0xfe,0x00,0x00,
0xb9,0x55,0x6f,0x40,0x00,0xb8,0x00,0x1f,0x40,0x01,0xff,0xff,0xff,0xff,0xc0,0x27,0xd5,0x6e,0x55,0xb0,0x00,0xe0,0x0b,0x00,
0x2c,0x00,0x39,0x56,0xd5,0x5b,0x00,0x0f,0xff,0xff,0xff,0xc0,0x00,0x55,0xf6,0xd5,0x50,0x00,0x01,0xf4,0xb0,0x00,0x90,0x06,
0xf4,0x2c,0x00,0x38,0x6f,0xe0,0x07,0x55,0x6d,0x7e,0x40,0x00,0xff,0xfe,0x04,0x00,0x00,0x05,0x54,0x00,
/* U+519b */
0x1a,0xaa,0xaa,0xaa,0xaa,0x42,0xff,0xff,0xff,0xff,0xf8,0x2c,0x00,0x40,0x00,0x03,0x82,0xc0,0x0e,0x00,0x00,0x38,0x18,0x02,
0xd0,0x00,0x02,0x80,0x55,0x7d,0x55,0x55,0x50,0x0b,0xff,0xff,0xff,0xff,0x00,0x55,0xe5,0x55,0x55,0x50,0x00,0x3c,0x02,0x40,
0x00,0x00,0x0b,0x40,0x38,0x00,0x00,0x02,0xd0,0x03,0x80,0x00,0x00,0x7f,0xaa,0xfe,0xaa,0x90,0x02,0xaa,0xab,0xea,0xa9,0x00,
0x00,0x00,0x38,0x00,0x00,0x00,0x00,0x03,0x80,0x00,0x01,0x55,0x55,0x79,0x55,0x54,0x7f,0xff,0xff,0xff,0xff,0xd1,0x55,0x55,
0x79,0x55,0x54,0x00,0x00,0x03,0x80,0x00,0x00,0x00,0x00,0x38,0x00,0x00,0x00,0x00,0x03,0x80,0x00,0x00,0x00,0x00,0x14,0x00,
0x00,
/* U+519c */
0x00,0x00,0x06,0x00,0x00,0x00,0x00,0x00,0xb0,0x00,0x00,0x00,0x00,0x0e,0x00,0x00,0x00,0x00,0x01,0xe0,0x00,0x00,0x1f,0xff,
0xff,0xff,0xff,0x41,0xea,0xab,0xfa,0xaa,0xb4,0x1d,0x00,0x7b,0x40,0x07,0x41,0xd0,0x0f,0x38,0x00,0x74,0x1d,0x02,0xd2,0x80,
0x07,0x40,0x40,0x7c,0x2c,0x00,0x10,0x00,0x0f,0x41,0xd0,0x09,0x00,0x02,0xd0,0x0f,0x03,0xe0,0x00,0xbc,0x00,0x75,0xf4,0x00,
0x2f,0x80,0x03,0xfd,0x00,0x1f,0xb8,0x00,0x1f,0x40,0x0b,0xd3,0x80,0x00,0xf4,0x00,0x74,0x38,0x00,0x07,0xc0,0x00,0x03,0x80,
0x00,0x1e,0x00,0x00,0x38,0x06,0x80,0xb8,0x00,0x03,0x9b,0xf8,0x02,0xf0,0x00,0x7f,0xf4,0x00,0x0b,0xd0,0x07,0xa4,0x00,0x00,
0x1c,
/* U+51a0 */
0x1a,0xaa,0xaa,0xaa,0xaa,0x42,0xff,0xff,0xff,0xff,0xf8,0x2c,0x00,0x00,0x00,0x03,0x82,0xc0,0x00,0x00,0x00,0x38,0x28,0x00,
0x00,0x00,0x76,0x80,0x6a,0xaa,0x00,0x07,0x40,0x0b,0xff,0xf1,0xaa,0xba,0x40,0x00,0x00,0x2f,0xff,0xfc,0x00,0x00,0x00,0x00,
0x74,0x00,0x00,0x00,0x04,0x07,0x40,0x3f,0xff,0xfc,0xe0,0x74,0x02,0xae,0xbe,0x8b,0x07,0x40,0x01,0xd2,0xc0,0x38,0x74,0x00,
0x1d,0x2c,0x01,0x87,0x40,0x01,0xc2,0xc0,0x00,0x74,0x00,0x2c,0x2c,0x00,0x07,0x40,0x03,0x82,0xc0,0x2f,0xf0,0xd0,0xb4,0x2c,
0x01,0xa9,0x1d,0x1e,0x02,0xc0,0x00,0x02,0xc7,0xd0,0x1f,0xaa,0xaa,0xf8,0xb4,0x00,0xbf,0xff,0xfe,0x40,
/* U+51b2 */
0x00,0x00,0x00,0x18,0x00,0x08,0x00,0x00,0x0b,0x00,0x0b,0x80,0x00,0x02,0xc0,0x00,0xb4,0x00,0x00,0xb0,0x00,0x0f,0x01,0x55,
0x7d,0x55,0x41,0xe0,0xff,0xff,0xff,0xf0,0x3c,0x3d,0x57,0xd5,0x6c,0x05,0x0e,0x00,0xb0,0x0b,0x00,0x03,0x80,0x2c,0x02,0xc0,
0x00,0xe0,0x0b,0x00,0xb0,0x00,0x38,0x02,0xc0,0x2c,0x06,0x0e,0x00,0xb0,0x0b,0x02,0xd3,0xd5,0x7d,0x56,0xc0,0xf0,0xff,0xff,
0xff,0xf0,0x78,0x3d,0x57,0xd5,0x6c,0x2d,0x09,0x00,0xb0,0x06,0x0e,0x00,0x00,0x2c,0x00,0x07,0x40,0x00,0x0b,0x00,0x02,0xc0,
0x00,0x02,0xc0,0x01,0xe0,0x00,0x00,0xb0,0x00,0xb4,0x00,0x00,0x2c,0x00,0x18,0x00,0x00,0x0b,0x00,0x00,0x00,0x00,0x01,0x40,
0x00,
/* U+51b6 */
0x00,0x00,0x00,0x50,0x00,0x02,0x00,0x00,0x1e,0x00,0x00,0x78,0x00,0x02,0xd0,0x00,0x02,0xe0,0x00,0x78,0x0a,0x00,0x0b,0x40,
0x0f,0x00,0xb4,0x00,0x3c,0x02,0xd0,0x03,0x80,0x01,0xd0,0x78,0x00,0x1d,0x00,0x04,0x1f,0x00,0x56,0xf0,0x00,0x07,0xff,0xff,
0xff,0x80,0x00,0x3a,0xa9,0x54,0x2d,0x00,0x00,0x00,0x00,0x00,0x90,0x09,0x00,0x00,0x00,0x00,0x00,0xe0,0xaa,0xaa,0xaa,0x00,
0x2d,0x0f,0xaa,0xaa,0xf0,0x03,0xc0,0xe0,0x00,0x0f,0x00,0x74,0x0e,0x00,0x00,0xf0,0x0f,0x00,0xe0,0x00,0x0f,0x01,0xe0,0x0e,
0x00,0x00,0xf0,0x2c,0x00,0xe0,0x00,0x0f,0x07,0x80,0x0f,0xaa,0xaa,0xf0,0xb4,0x00,0xff,0xff,0xff,0x06,0x00,0x0e,0x00,0x00,
0xf0,0x00,0x00,0x50,0x00,0x05,0x00,
/* U+51b7 */
0x00,0x00,0x00,0x64,0x00,0x01,0x00,0x00,0x0f,0xc0,0x00,0xb8,0x00,0x02,0xde,0x00,0x02,0xd0,0x00,0xb4,0x74,0x00,0x0b,0x40,
0x1e,0x02,0xd0,0x00,0x3c,0x07,0x80,0x0b,0x40,0x01,0x82,0xf0,0x40,0x2e,0x00,0x00,0xb8,0x1e,0x00,0xb9,0x00,0x3d,0x00,0xb8,
0x01,0xf0,0x02,0x40,0x02,0xd0,0x05,0x00,0x00,0x00,0x04,0x00,0x00,0x00,0x6a,0xaa,0xaa,0x90,0x00,0x96,0xaa,0xaa,0xbe,0x00,
0x2d,0x00,0x00,0x03,0xc0,0x03,0x80,0x00,0x00,0xb0,0x00,0xb4,0x00,0x00,0x2d,0x00,0x0e,0x00,0x39,0x0b,0x40,0x02,0xd0,0x01,
0xfa,0xd0,0x00,0x3c,0x00,0x02,0xf8,0x00,0x07,0x40,0x00,0x07,0xd0,0x00,0xf0,0x00,0x00,0x1f,0x80,0x01,0x00,0x00,0x00,0x3d,
0x00,0x00,0x00,0x00,0x00,0x40,0x00,
/* U+51c6 */
0x00,0x00,0x14,0x09,0x00,0x02,0x00,0x03,0xc0,0xe0,0x00,0x78,0x00,0x78,0x0b,0x00,0x02,0xd0,0x0b,0x40,0x74,0x00,0x0f,0x00,
0xfa,0xab,0xaa,0x90,0x78,0x1f,0xff,0xff,0xfd,0x02,0xd3,0xe0,0x07,0x40,0x00,0x04,0xbe,0x00,0x74,0x00,0x00,0x1e,0xe0,0x07,
0x40,0x00,0x02,0xcf,0xaa,0xba,0xa8,0x00,0x24,0xff,0xff,0xff,0xc0,0x04,0x0e,0x00,0x74,0x00,0x01,0xd0,0xe0,0x07,0x40,0x00,
0x2c,0x0e,0x00,0x74,0x00,0x03,0x80,0xfa,0xab,0xaa,0x80,0x74,0x0f,0xff,0xff,0xfc,0x0f,0x00,0xe0,0x07,0x40,0x01,0xe0,0x0e,
0x00,0x74,0x00,0x2d,0x00,0xe0,0x07,0x40,0x03,0xc0,0x0f,0xaa,0xba,0xa9,0x74,0x00,0xff,0xff,0xff,0xf7,0x00,0x0e,0x00,0x00,
0x00,0x00,0x00,0x50,0x00,0x00,0x00,
/* U+51c9 */
0x00,0x00,0x00,0xa0,0x00,0x02,0x00,0x00,0x0b,0x40,0x00,0xb8,0x00,0x00,0x78,0x00,0x02,0xd0,0xff,0xff,0xff,0xff,0x1f,0x05,
0x55,0x55,0x55,0x50,0x78,0x00,0x00,0x00,0x00,0x03,0xc0,0x55,0x55,0x55,0x00,0x14,0x0f,0xff,0xff,0xf0,0x00,0x00,0xe0,0x00,
0x0b,0x00,0x00,0x0e,0x00,0x00,0xb0,0x00,0x00,0xe0,0x00,0x0b,0x00,0x18,0x0e,0x55,0x55,0xb0,0x02,0xc0,0xff,0xff,0xff,0x00,
0x38,0x05,0x57,0xd5,0x50,0x07,0x40,0x00,0x3c,0x00,0x00,0xb0,0x0a,0x03,0xc2,0x80,0x1e,0x01,0xe0,0x3c,0x2d,0x02,0xd0,0x3d,
0x03,0xc0,0xf0,0x3c,0x0b,0x80,0x3c,0x07,0x87,0x81,0xe0,0x03,0xc0,0x2d,0xb4,0x18,0x05,0x78,0x00,0x86,0x00,0x00,0xff,0x40,
0x00,0x00,0x00,0x05,0x40,0x00,0x00,
/* U+51cc */
0x00,0x00,0x00,0x24,0x00,0x06,0x00,0x00,0x07,0x80,0x00,0x78,0x01,0xaa,0xba,0xaa,0x02,0xd0,0x2f,0xff,0xff,0xf0,0x0f,0x00,
0x00,0x78,0x00,0x00,0x78,0x00,0x07,0x80,0x00,0x03,0xc6,0xaa,0xbe,0xaa,0x80,0x10,0xbf,0xff,0xff,0xfc,0x00,0x00,0x18,0x00,
0x60,0x00,0x00,0x07,0x80,0x07,0x80,0x00,0x01,0xe0,0x40,0x1f,0x40,0x18,0x78,0x2d,0x00,0x7d,0x03,0xc6,0x07,0x80,0x01,0x90,
0x78,0x00,0xff,0xff,0xc0,0x0b,0x40,0x2e,0xaa,0xb8,0x00,0xf0,0x1f,0xd0,0x0b,0x40,0x1e,0x07,0xdb,0x81,0xe0,0x02,0xd0,0x74,
0x2e,0xb8,0x00,0x3c,0x00,0x00,0xfe,0x00,0x07,0x80,0x01,0xbe,0xfd,0x00,0xb4,0x06,0xfe,0x41,0xfe,0x52,0x01,0xf9,0x00,0x01,
0xbe,0x00,0x04,0x00,0x00,0x00,0x40,
/* U+51e4 */
0x02,0xaa,0xaa,0xaa,0xa4,0x00,0x7f,0xff,0xff,0xff,0x80,0x07,0x40,0x00,0x00,0x38,0x00,0x74,0x00,0x00,0x03,0x80,0x07,0x40,
0x00,0x00,0x38,0x00,0x74,0xbf,0xff,0xc3,0x80,0x07,0x46,0xaa,0xac,0x38,0x00,0x74,0x00,0x03,0xc3,0x80,0x07,0x46,0x00,0x78,
0x38,0x00,0x74,0xb8,0x0b,0x43,0x80,0x07,0x42,0xe0,0xf0,0x38,0x00,0x74,0x0b,0x9d,0x03,0x80,0x0b,0x00,0x2f,0xc0,0x38,0x00,
0xb0,0x00,0xf8,0x03,0x80,0x0e,0x00,0x1f,0xd0,0x38,0x00,0xe0,0x07,0xdf,0x43,0x80,0x1d,0x01,0xf0,0x7c,0x2c,0x73,0xc1,0xbd,
0x02,0xe2,0xc7,0x78,0x7e,0x00,0x09,0x1d,0xab,0x02,0x40,0x00,0x00,0xfd,0xa0,0x00,0x00,0x00,0x06,0xc0,
/* U+51ed */
0x00,0x24,0x00,0x00,0x04,0x00,0x07,0x80,0x15,0x6f,0xe0,0x00,0xf0,0xbf,0xff,0x94,0x00,0x2d,0x05,0x56,0xc0,0x00,0x0b,0xc0,
0x00,0x2c,0x00,0x02,0xfc,0x15,0x56,0xd5,0x54,0xba,0xc7,0xff,0xff,0xff,0xd6,0x2c,0x15,0x56,0xd5,0x55,0x02,0xc0,0x00,0x2c,
0x00,0x00,0x2c,0x00,0x02,0xc0,0x00,0x02,0xc0,0xaa,0xbe,0xaa,0x40,0x2c,0x0a,0xaa,0xaa,0xa4,0x01,0x40,0x00,0x00,0x00,0x00,
0x00,0x55,0x55,0x50,0x00,0x00,0x0f,0xff,0xff,0x00,0x00,0x00,0xe0,0x00,0xf0,0x00,0x00,0x0e,0x00,0x0b,0x00,0x00,0x01,0xe0,
0x00,0xb0,0x06,0x00,0x2d,0x00,0x0b,0x00,0xb0,0x0b,0x80,0x00,0xb0,0x0e,0x17,0xf0,0x00,0x0b,0xaa,0xe7,0xf4,0x00,0x00,0x6f,
0xf8,0x14,0x00,0x00,0x00,0x00,0x00,
/* U+51ef */
0x00,0x60,0x00,0x00,0x00,0x01,0x07,0x45,0x0a,0xaa,0x40,0x74,0x74,0x70,0xff,0xf8,0x07,0x47,0x47,0x0e,0x03,0x80,0x74,0x74,
0x70,0xe0,0x38,0x07,0x9b,0x9b,0x0e,0x03,0x80,0x7f,0xff,0xf0,0xe0,0x38,0x00,0x00,0x00,0x0e,0x03,0x80,0x00,0x00,0x00,0xe0,
0x38,0x0b,0xff,0xfd,0x0e,0x03,0x80,0x6a,0xaa,0xd0,0xe0,0x38,0x00,0x00,0x1d,0x0e,0x03,0x80,0x00,0x01,0xd0,0xd0,0x38,0x01,
0xaa,0xad,0x1d,0x03,0x80,0x1f,0xff,0xd1,0xd0,0x38,0x01,0xd0,0x00,0x1d,0x03,0x86,0x1d,0x00,0x02,0xc0,0x38,0x71,0xd0,0x05,
0x38,0x03,0x87,0x1d,0x1b,0xf7,0x40,0x38,0x72,0xef,0xe4,0xb0,0x03,0x8b,0x3f,0x90,0x1e,0x00,0x3e,0xe1,0x40,0x02,0xc0,0x01,
0xb9,
/* U+51f0 */
0x06,0xaa,0xaa,0xaa,0xa8,0x00,0xbf,0xff,0xff,0xff,0xc0,0x0b,0x00,0x04,0x00,0x2c,0x00,0xb0,0x01,0xd0,0x02,0xc0,0x0b,0x1a,
0xbe,0xa9,0x2c,0x00,0xb1,0xea,0xaa,0xe2,0xc0,0x0b,0x1d,0x00,0x0e,0x2c,0x00,0xb1,0xff,0xff,0xe2,0xc0,0x0b,0x1d,0x55,0x5e,
0x2c,0x00,0xb1,0xd0,0x00,0xe2,0xc0,0x0e,0x1f,0xff,0xfe,0x2c,0x00,0xe0,0x55,0x55,0x42,0xc0,0x0e,0x15,0x55,0x55,0x2c,0x01,
0xd2,0xff,0xff,0xf2,0xc0,0x1d,0x00,0x1d,0x00,0x2c,0x01,0xd0,0x01,0xd0,0x02,0xc0,0x2c,0x1f,0xff,0xfd,0x2c,0x63,0x80,0x55,
0xe5,0x41,0xd7,0x74,0x00,0x1d,0x00,0x1d,0xbb,0x0a,0xab,0xfa,0xa8,0xbe,0xa0,0xaa,0xaa,0xaa,0x87,0xd0,
/* U+51fb */
0x00,0x00,0x05,0x00,0x00,0x00,0x00,0x00,0xf0,0x00,0x00,0x00,0x00,0x0f,0x00,0x00,0x00,0x00,0x00,0xf0,0x00,0x00,0x0b,0xff,
0xff,0xff,0xfe,0x00,0x6a,0xaa,0xfa,0xaa,0x90,0x00,0x00,0x0f,0x00,0x00,0x00,0x00,0x00,0xf0,0x00,0x00,0x00,0x00,0x0f,0x00,
0x00,0x05,0x55,0x55,0xf5,0x55,0x55,0xbf,0xff,0xff,0xff,0xff,0xe1,0x55,0x55,0xf5,0x55,0x54,0x00,0x00,0x0f,0x00,0x00,0x00,
0x24,0x00,0xf0,0x01,0x80,0x07,0x40,0x0f,0x00,0x1d,0x00,0x74,0x00,0xf0,0x01,0xd0,0x07,0x40,0x0f,0x00,0x1d,0x00,0x74,0x00,
0xf0,0x01,0xd0,0x07,0x40,0x0f,0x00,0x1d,0x00,0x79,0x55,0xf5,0x56,0xd0,0x07,0xff,0xff,0xff,0xfd,0x00,0x15,0x55,0x55,0x56,
0xd0,0x00,0x00,0x00,0x00,0x14,0x00,
/* U+5200 */
0x7f,0xff,0xff,0xff,0xfd,0xaa,0xaf,0xea,0xaa,0xf0,0x00,0x2d,0x00,0x02,0xc0,0x00,0xb0,0x00,0x0b,0x00,0x02,0xc0,0x00,0x2c,
0x00,0x0f,0x00,0x00,0xb0,0x00,0x38,0x00,0x02,0xc0,0x00,0xe0,0x00,0x0b,0x00,0x07,0x40,0x00,0x2c,0x00,0x2c,0x00,0x00,0xb0,
0x00,0xe0,0x00,0x02,0xc0,0x07,0x40,0x00,0x0b,0x00,0x3c,0x00,0x00,0x2c,0x02,0xd0,0x00,0x00,0xb0,0x1e,0x00,0x00,0x03,0xc0,
0xf0,0x00,0x00,0x0e,0x1f,0x40,0x00,0x00,0x79,0xf4,0x00,0x00,0x07,0xdf,0x40,0x00,0xbf,0xfe,0x24,0x00,0x01,0xaa,0x90,
/* U+5206 */
0x00,0x00,0x00,0x04,0x00,0x00,0x00,0x28,0x02,0xc0,0x00,0x00,0x07,0x80,0x2d,0x00,0x00,0x00,0xf0,0x00,0xf0,0x00,0x00,0x2d,
0x00,0x07,0x80,0x00,0x07,0x80,0x00,0x2d,0x00,0x01,0xf0,0x00,0x00,0xf4,0x00,0x7c,0x00,0x00,0x07,0xd0,0x2f,0x00,0x00,0x00,
0x1f,0x8b,0x80,0x00,0x00,0x00,0x2e,0x51,0xff,0xff,0xff,0xf0,0x40,0x1a,0xaf,0xaa,0xaf,0x00,0x00,0x00,0xb0,0x00,0xf0,0x00,
0x00,0x0e,0x00,0x0e,0x00,0x00,0x01,0xd0,0x00,0xe0,0x00,0x00,0x3c,0x00,0x0e,0x00,0x00,0x07,0x40,0x00,0xe0,0x00,0x01,0xf0,
0x00,0x1d,0x00,0x00,0x7d,0x00,0x02,0xd0,0x00,0x1f,0x40,0x00,0x3c,0x00,0x1b,0xd0,0x15,0x6f,0x80,0x01,0xe0,0x03,0xff,0xe0,
0x00,0x04,0x00,0x05,0x50,0x00,0x00,
/* U+5207 */
0x01,0x40,0x00,0x00,0x00,0x00,0x38,0x00,0x00,0x00,0x00,0x03,0x80,0x7f,0xff,0xff,0xd0,0x38,0x06,0xab,0xea,0xad,0x03,0x80,
0x00,0x2c,0x01,0xd0,0x38,0x00,0x02,0xc0,0x1d,0x03,0xda,0xf0,0x2c,0x02,0xd6,0xbf,0xfa,0x02,0xc0,0x2d,0xff,0xd4,0x00,0x3c,
0x02,0xd5,0x38,0x00,0x03,0x80,0x2d,0x03,0x80,0x00,0x38,0x02,0xd0,0x38,0x00,0x07,0x80,0x2d,0x03,0x80,0x00,0xb4,0x02,0xc0,
0x38,0x00,0x0f,0x00,0x2c,0x03,0x81,0x81,0xe0,0x02,0xc0,0x39,0xbd,0x2d,0x00,0x2c,0x07,0xfe,0x07,0x80,0x02,0xc0,0xbe,0x00,
0xf0,0x00,0x3c,0x05,0x00,0x2d,0x00,0x07,0x80,0x00,0x0b,0x80,0x00,0xb4,0x00,0x03,0xe0,0x0a,0xbe,0x00,0x00,0xb8,0x00,0xae,
0x40,0x00,0x01,0x00,0x00,0x00,0x00,
/* U+5219 */
0x00,0x00,0x00,0x00,0x01,0x86,0xaa,0xaa,0x40,0x00,0xb2,0xff,0xff,0xe0,0x60,0x2c,0xb0,0x00,0x38,0x2c,0x0b,0x2c,0x04,0x0e,
0x0b,0x02,0xcb,0x07,0x43,0x82,0xc0,0xb2,0xc1,0xd0,0xe0,0xb0,0x2c,0xb0,0x74,0x38,0x2c,0x0b,0x2c,0x1d,0x0e,0x0b,0x02,0xcb,
0x07,0x43,0x82,0xc0,0xb2,0xc1,0xd0,0xe0,0xb0,0x2c,0xb0,0x74,0x38,0x2c,0x0b,0x2c,0x1d,0x0e,0x0b,0x02,0xcb,0x0b,0x03,0x82,
0xc0,0xb2,0xc2,0xc0,0xe0,0xb0,0x2c,0xb0,0xb0,0x38,0x2c,0x0b,0x14,0x78,0x00,0x0b,0x02,0xc0,0x2d,0x74,0x01,0x40,0xb0,0x1f,
0x1f,0x40,0x00,0x2c,0x1f,0x41,0xf4,0x00,0x0f,0x7f,0x40,0x1f,0x41,0x5b,0xae,0x00,0x01,0xd0,0xbf,0xd5,0x00,0x00,0x00,0x00,
0x00,
/* U+521a */
0x00,0x00,0x00,0x00,0x06,0xaa,0xaa,0xa9,0x00,0x0b,0xff,0xff,0xfe,0x05,0x0b,0xe0,0x00,0x0e,0x0e,0x0b,0xe0,0x01,0x4e,0x0e,
0x0b,0xe0,0x03,0x8e,0x0e,0x0b,0xea,0x07,0x4e,0x0e,0x0b,0xe7,0x4b,0x4e,0x0e,0x0b,0xe3,0xcb,0x0e,0x0e,0x0b,0xe1,0xee,0x0e,
0x0e,0x0b,0xe0,0xbd,0x0e,0x0e,0x0b,0xe0,0x3c,0x0e,0x0e,0x0b,0xe0,0x7d,0x0e,0x0e,0x0b,0xe0,0xbf,0x0e,0x0e,0x0b,0xe1,0xe7,
0x8e,0x0e,0x0b,0xe3,0xc2,0xce,0x0e,0x0b,0xeb,0x81,0xde,0x0e,0x0b,0xea,0x00,0x0e,0x05,0x0b,0xe0,0x00,0x0e,0x00,0x0b,0xe0,
0x00,0x0e,0x00,0x0b,0xe0,0x01,0x6d,0x05,0x5e,0xe0,0x03,0xfc,0x0f,0xfd,0x40,0x01,0x40,0x01,0x50,
/* U+5229 */
0x00,0x00,0x14,0x00,0x02,0x40,0x01,0xbe,0x00,0x00,0xe6,0xbf,0xf9,0x01,0x40,0x39,0xfa,0xf0,0x00,0xb0,0x0e,0x00,0x3c,0x00,
0x2c,0x03,0x80,0x0f,0x00,0x0b,0x00,0xe0,0x03,0xc0,0x02,0xc0,0x3a,0xff,0xff,0xf4,0xb0,0x0e,0x6a,0xbe,0xa9,0x2c,0x03,0x80,
0x1f,0x00,0x0b,0x00,0xe0,0x0f,0xe0,0x02,0xc0,0x38,0x07,0xfe,0x00,0xb0,0x0e,0x03,0xbc,0xe0,0x2c,0x03,0x82,0xcf,0x1f,0x0b,
0x00,0xe2,0xd3,0xc1,0xd2,0xc0,0x3a,0xe0,0xf0,0x10,0xb0,0x0e,0xe0,0x3c,0x00,0x2c,0x03,0x90,0x0f,0x00,0x05,0x00,0xe0,0x03,
0xc0,0x00,0x00,0x38,0x00,0xf0,0x00,0x00,0x0e,0x00,0x3c,0x00,0x01,0x5b,0x80,0x0f,0x00,0x00,0xff,0xd0,0x01,0x40,0x00,0x15,
0x00,
/* U+5230 */
0x00,0x00,0x00,0x00,0x01,0x9a,0xaa,0xaa,0x90,0x00,0xb7,0xff,0xff,0xf4,0x50,0x2c,0x02,0xc0,0x00,0x2c,0x0b,0x01,0xe0,0x60,
0x0b,0x02,0xc0,0xf0,0x2d,0x02,0xc0,0xb0,0x74,0x03,0xc0,0xb0,0x2c,0x78,0x01,0xb8,0x2c,0x0b,0x7e,0xaf,0xff,0x4b,0x02,0xef,
0xea,0x50,0xf2,0xc0,0xb0,0x00,0x50,0x14,0xb0,0x2c,0x00,0x38,0x00,0x2c,0x0b,0x00,0x0e,0x00,0x0b,0x02,0xc6,0xab,0xaa,0x42,
0xc0,0xb3,0xff,0xff,0xf0,0xb0,0x2c,0x00,0x78,0x00,0x2c,0x0b,0x00,0x0e,0x00,0x0b,0x02,0xc0,0x03,0x80,0x01,0x40,0xb0,0x00,
0xe0,0x54,0x00,0x2c,0x00,0x7e,0xfe,0x00,0x0b,0x6f,0xff,0xe5,0x01,0x5b,0xae,0xa5,0x00,0x00,0xff,0xd0,0x00,0x00,0x00,0x05,
0x40,
/* U+5236 */
0x00,0x05,0x00,0x00,0x01,0x83,0x83,0xc0,0x00,0x00,0xb1,0xe0,0xf0,0x00,0x50,0x2c,0xba,0xbe,0xa9,0x2c,0x0b,0x3f,0xff,0xff,
0x4b,0x02,0xed,0x03,0xc0,0x02,0xc0,0xbe,0x00,0xf0,0x00,0xb0,0x2c,0x00,0x3c,0x00,0x2c,0x0b,0xbf,0xff,0xff,0xcb,0x02,0xea,
0xab,0xea,0xa2,0xc0,0xb0,0x00,0xf0,0x00,0xb0,0x2c,0x00,0x3c,0x00,0x2c,0x0b,0x1a,0xaf,0xaa,0x4b,0x02,0xcb,0xff,0xff,0xe2,
0xc0,0xb2,0xc0,0xf0,0x38,0xb0,0x2c,0xb0,0x3c,0x0e,0x2c,0x0b,0x2c,0x0f,0x03,0x8b,0x02,0xcb,0x03,0xc0,0xe1,0x40,0xb2,0xc0,
0xf0,0x74,0x00,0x2c,0xb0,0x3d,0xfd,0x00,0x0b,0x2c,0x0f,0x29,0x01,0x57,0xc0,0x03,0xc0,0x00,0xff,0xd0,0x00,0x50,0x00,0x05,
0x40,
/* U+524d */
0x00,0x18,0x00,0x02,0x40,0x00,0x01,0xe0,0x00,0xb4,0x00,0x00,0x0b,0x40,0x0e,0x00,0x06,0xaa,0xba,0xaa,0xea,0xa9,0xbf,0xff,
0xff,0xff,0xff,0xe0,0x00,0x00,0x00,0x00,0x00,0x00,0x00,0x00,0x00,0x06,0x00,0xff,0xff,0x80,0x00,0xb0,0x0f,0xaa,0xb8,0x2c,
0x0b,0x00,0xe0,0x03,0x82,0xc0,0xb0,0x0e,0x00,0x38,0x2c,0x0b,0x00,0xfa,0xab,0x82,0xc0,0xb0,0x0f,0xff,0xf8,0x2c,0x0b,0x00,
0xe0,0x03,0x82,0xc0,0xb0,0x0e,0x00,0x38,0x2c,0x0b,0x00,0xe5,0x57,0x82,0xc0,0xb0,0x0f,0xff,0xf8,0x2c,0x0b,0x00,0xe5,0x57,
0x82,0xc0,0xb0,0x0e,0x00,0x38,0x14,0x0b,0x00,0xe0,0x03,0x80,0x00,0xb0,0x0e,0x05,0xb4,0x05,0x5f,0x00,0xe0,0xbf,0x00,0x7f,
0xd0,0x05,0x01,0x40,0x01,0x50,0x00,
/* U+5251 */
0x00,0x06,0x00,0x00,0x01,0x40,0x03,0xf0,0x00,0x00,0xb0,0x02,0xdf,0x00,0x10,0x2c,0x02,0xd1,0xf0,0x1d,0x0b,0x01,0xe0,0x1e,
0x07,0x42,0xc1,0xf0,0x01,0xe1,0xd0,0xb1,0xf0,0x00,0x2d,0x74,0x2d,0xf5,0x55,0x56,0x1d,0x0b,0xf5,0xff,0xfd,0x07,0x42,0xd4,
0x00,0x00,0x01,0xd0,0xb0,0x01,0x80,0x24,0x74,0x2c,0x10,0xb0,0x0e,0x1d,0x0b,0x1d,0x1d,0x07,0x47,0x42,0xc3,0xc3,0x82,0xc1,
0xd0,0xb0,0xb4,0xb0,0xb0,0x74,0x2c,0x0e,0x1d,0x38,0x1d,0x0b,0x02,0xc2,0x5d,0x07,0x42,0xc0,0x74,0x0a,0x01,0x40,0xb0,0x00,
0x07,0x9a,0x00,0x2c,0x01,0x6b,0xff,0x80,0x0b,0x2f,0xff,0xa5,0x01,0x57,0x86,0x94,0x00,0x00,0x7f,0xd0,0x00,0x00,0x00,0x05,
0x40,
/* U+529b */
0x00,0x00,0x90,0x00,0x00,0x00,0x03,0x80,0x00,0x00,0x00,0x0e,0x00,0x00,0x00,0x00,0x38,0x00,0x00,0x00,0x00,0xe0,0x00,0x00,
0xaa,0xab,0xea,0xaa,0xa7,0xff,0xff,0xff,0xff,0xc0,0x00,0x74,0x00,0x0e,0x00,0x01,0xd0,0x00,0x38,0x00,0x0b,0x00,0x00,0xe0,
0x00,0x2c,0x00,0x03,0x80,0x00,0xe0,0x00,0x0e,0x00,0x07,0x40,0x00,0x38,0x00,0x2c,0x00,0x00,0xe0,0x00,0xe0,0x00,0x07,0x40,
0x0b,0x40,0x00,0x1d,0x00,0x78,0x00,0x00,0x74,0x03,0xc0,0x00,0x02,0xc0,0x7d,0x00,0x00,0x0f,0x0b,0xe0,0x00,0x00,0x78,0xbd,
0x00,0x01,0x5b,0xd3,0x80,0x00,0x0f,0xfd,0x00,0x00,0x00,0x15,0x40,0x00,
/* U+529d */
0x00,0x00,0x00,0x18,0x00,0x00,0x00,0x00,0x0b,0x00,0x00,0x00,0x00,0x02,0xc0,0x00,0xbf,0xff,0x00,0xb0,0x00,0x2a,0xab,0xc0,
0x2c,0x00,0x00,0x00,0xb2,0xaf,0xaa,0xa0,0x00,0x2c,0xbf,0xff,0xf8,0x90,0x0e,0x00,0xb0,0x0e,0x2d,0x03,0x80,0x2c,0x03,0x83,
0xd1,0xd0,0x0b,0x00,0xe0,0x7c,0xb0,0x03,0x80,0x38,0x07,0xb8,0x00,0xe0,0x0e,0x00,0xbd,0x00,0x78,0x03,0x80,0x0f,0x40,0x1d,
0x00,0xe0,0x0b,0xf0,0x0b,0x00,0x38,0x07,0xde,0x03,0xc0,0x0e,0x02,0xd2,0xd1,0xe0,0x03,0x82,0xe0,0x38,0xb4,0x00,0xe2,0xe0,
0x04,0x38,0x00,0x76,0xe0,0x00,0x2d,0x00,0x2d,0x60,0x00,0x1e,0x06,0xae,0x00,0x00,0x0b,0x02,0xfe,0x40,
/* U+529f */
0x00,0x00,0x00,0x18,0x00,0x00,0x00,0x00,0x02,0xc0,0x00,0x00,0x00,0x00,0x2c,0x00,0x0b,0xff,0xfc,0x02,0xc0,0x00,0xaa,0xfa,
0x80,0x2c,0x00,0x00,0x1d,0x01,0xab,0xea,0xa8,0x01,0xd0,0x1f,0xff,0xff,0xd0,0x1d,0x00,0x02,0xc0,0x2d,0x01,0xd0,0x00,0x2c,
0x02,0xd0,0x1d,0x00,0x03,0xc0,0x2d,0x01,0xd0,0x00,0x38,0x02,0xd0,0x1d,0x00,0x03,0x80,0x2c,0x01,0xd0,0x00,0x78,0x02,0xc0,
0x1d,0x00,0x0b,0x40,0x2c,0x01,0xd0,0x40,0xb0,0x02,0xc0,0x1e,0xbd,0x0e,0x00,0x2c,0x1a,0xfe,0x42,0xd0,0x02,0xcf,0xf9,0x00,
0x3c,0x00,0x2c,0x50,0x00,0x0b,0x40,0x03,0xc0,0x00,0x01,0xf0,0x00,0x78,0x00,0x00,0x7c,0x05,0x6f,0x40,0x00,0x0b,0x40,0xbf,
0xd0,0x00,0x00,0x10,0x00,0x40,0x00,
/* U+52a0 */
0x00,0x50,0x00,0x00,0x00,0x00,0x2c,0x00,0x00,0x00,0x00,0x0b,0x00,0x00,0x00,0x00,0x02,0xc0,0x00,0x00,0x00,0x00,0xb0,0x00,
0x3f,0xff,0xda,0xbe,0xaa,0x0f,0xaa,0xfb,0xff,0xff,0x83,0x80,0x2c,0x03,0xc0,0xe0,0xe0,0x0b,0x00,0xe0,0x38,0x38,0x02,0xc0,
0x38,0x0e,0x0e,0x00,0xb0,0x0e,0x03,0x83,0x80,0x2c,0x03,0x80,0xe0,0xe0,0x0b,0x01,0xd0,0x38,0x38,0x02,0xc0,0xb4,0x0e,0x0e,
0x00,0xb0,0x2c,0x03,0x83,0x80,0x2c,0x0e,0x00,0xe0,0xe0,0x0b,0x07,0x80,0x38,0x38,0x02,0xc2,0xc0,0x0e,0x0e,0x00,0xb1,0xe0,
0x07,0x83,0x95,0x7c,0xb4,0x02,0xd0,0xff,0xff,0x78,0x16,0xe0,0x39,0x57,0xec,0x0f,0xe4,0x0e,0x00,0xb0,
/* U+52a1 */
0x00,0x02,0x40,0x00,0x00,0x00,0x00,0xb8,0x00,0x00,0x00,0x00,0x1f,0xaa,0xaa,0xa4,0x00,0x03,0xff,0xff,0xff,0x80,0x01,0xfc,
0x00,0x02,0xe0,0x00,0x7e,0xf4,0x01,0xf8,0x00,0x1f,0x47,0xe0,0xbe,0x00,0x00,0x80,0x0b,0xff,0x40,0x00,0x00,0x01,0xbf,0xe4,
0x00,0x00,0x06,0xff,0x5b,0xf9,0x00,0x6f,0xfe,0x40,0x1b,0xff,0xab,0xe5,0x01,0xd0,0x05,0xae,0x00,0x00,0x2c,0x00,0x00,0x00,
0x55,0x56,0xd5,0x55,0x40,0x1f,0xff,0xff,0xff,0xfd,0x00,0x55,0x5b,0x95,0x55,0xd0,0x00,0x00,0xb0,0x00,0x1d,0x00,0x00,0x2e,
0x00,0x01,0xd0,0x00,0x1b,0x80,0x00,0x2d,0x00,0x0b,0xe0,0x00,0x03,0xc0,0x1b,0xe4,0x01,0x55,0xb8,0x07,0xe4,0x00,0x1f,0xfe,
0x00,0x10,0x00,0x00,0x04,0x00,0x00,
/* U+52a8 */
0x00,0x00,0x00,0x06,0x00,0x00,0x00,0x00,0x00,0xb0,0x00,0x2f,0xff,0xe0,0x0b,0x00,0x02,0xaa,0xaa,0x00,0xb0,0x00,0x00,0x00,
0x00,0x0b,0x00,0x00,0x00,0x00,0x2a,0xfa,0xa9,0x00,0x00,0x03,0xff,0xff,0xd0,0x00,0x00,0x00,0xb0,0x1d,0x55,0x55,0x54,0x0b,
0x01,0xdb,0xff,0xff,0x80,0xb0,0x1d,0x56,0xd5,0x54,0x0f,0x01,0xd0,0x2c,0x00,0x00,0xe0,0x1d,0x03,0x82,0x00,0x0e,0x01,0xd0,
0x74,0x38,0x01,0xd0,0x1d,0x0b,0x02,0xc0,0x2d,0x01,0xd0,0xe0,0x0e,0x02,0xc0,0x1d,0x1d,0x01,0xf0,0x78,0x02,0xc3,0xd6,0xff,
0x8b,0x40,0x2c,0xbf,0xe9,0x2d,0xe0,0x02,0xc6,0x90,0x01,0x6d,0x00,0x3c,0x00,0x00,0x0b,0x81,0x5b,0x40,0x00,0x00,0xe0,0x2f,
0xe0,
/* U+52a9 */
0x00,0x00,0x00,0x05,0x00,0x01,0x55,0x50,0x03,0x80,0x01,0xff,0xfe,0x00,0xe0,0x00,0x79,0x57,0x80,0x38,0x00,0x1d,0x00,0xe0,
0x0e,0x00,0x07,0x40,0x38,0xab,0xea,0xa1,0xd5,0x5e,0x3f,0xff,0xfc,0x7f,0xff,0x80,0x38,0x0b,0x1e,0x55,0xe0,0x0e,0x02,0xc7,
0x40,0x38,0x03,0x80,0xb1,0xd0,0x0e,0x00,0xe0,0x2c,0x74,0x03,0x80,0x74,0x0b,0x1f,0xff,0xe0,0x1d,0x02,0xc7,0xaa,0xb8,0x0b,
0x00,0xb1,0xd0,0x0e,0x03,0xc0,0x2c,0x74,0x03,0x80,0xe0,0x0b,0x1d,0x00,0xf9,0xb4,0x02,0xc7,0x56,0xfe,0x7c,0x00,0xb6,0xff,
0xe4,0x1d,0x00,0x3a,0xf9,0x40,0x0f,0x00,0x1e,0x40,0x00,0x0f,0x41,0x6f,0x00,0x00,0x07,0x40,0xfe,0x40,0x00,0x00,0x40,0x00,
0x00,
/* U+52c3 */
0x00,0x14,0x00,0x01,0x00,0x00,0x0e,0x00,0x01,0xd0,0x01,0x57,0xd5,0x40,0x74,0x00,0xff,0xff,0xf0,0x1d,0x00,0x15,0x79,0x54,
0x07,0x40,0x00,0x0e,0x00,0x3f,0xff,0xf6,0xab,0xea,0x9a,0xba,0xbd,0xff,0xff,0xf4,0x1d,0x07,0x74,0x00,0x1d,0x0b,0x01,0xdd,
0x00,0x07,0x42,0xc0,0xb6,0xbf,0xff,0xd0,0xb0,0x2c,0x15,0x5f,0x40,0x2c,0x0b,0x00,0x07,0x40,0x0e,0x02,0xc0,0x07,0x80,0x07,
0x40,0xb0,0x01,0xc1,0x82,0xd0,0x2c,0x56,0xbf,0xf0,0xb0,0x0b,0x3f,0xfe,0x50,0x78,0x02,0xc5,0x07,0x00,0x2c,0x00,0xb0,0x01,
0xc0,0x1e,0x00,0x2c,0x00,0xb0,0x0f,0x40,0x0e,0x01,0x7c,0x0b,0x41,0xaf,0x41,0xfd,0x02,0x80,0x7f,0x80,
/* U+52c9 */
0x00,0x60,0x00,0x01,0x00,0x00,0x1e,0x00,0x00,0x70,0x00,0x03,0xea,0xa0,0x07,0x00,0x00,0xbf,0xff,0x40,0x70,0x00,0x2e,0x00,
0xe0,0x6b,0xaa,0x4b,0x80,0x2c,0x0f,0xff,0xf8,0x75,0x5b,0x95,0x0b,0x03,0x82,0xff,0xff,0xe0,0xb0,0x38,0x2d,0x6d,0x5e,0x0b,
0x03,0x82,0xc1,0xc0,0xe0,0xa0,0x38,0x2c,0x2c,0x0e,0x0e,0x03,0x82,0xc2,0xc0,0xe1,0xd0,0x38,0x2f,0xff,0xfe,0x1c,0x03,0x81,
0xab,0xfe,0x92,0xc0,0x34,0x00,0x3a,0x80,0x78,0x07,0x40,0x07,0x68,0x0b,0x00,0x74,0x00,0xe2,0x81,0xe0,0x0b,0x00,0x2d,0x28,
0x7c,0x2f,0xe4,0x07,0x82,0x87,0x01,0x90,0xb1,0xf4,0x28,0x00,0x00,0x0e,0x7c,0x02,0xea,0xaa,0xaa,0xdb,0x00,0x1b,0xff,0xff,
0xf8,
/* U+52d0 */
0x00,0x00,0x00,0x01,0x40,0x02,0xaa,0xaa,0x00,0xb0,0x00,0xbf,0xff,0xc0,0x2c,0x00,0x00,0x07,0xc0,0x0b,0x00,0x00,0x07,0x80,
0x02,0xc0,0x00,0x02,0xc0,0x0f,0xff,0xf6,0xaa,0xfa,0xa2,0xbe,0xac,0xaa,0xbe,0xa8,0x0b,0x0b,0x00,0x0b,0x00,0x03,0x82,0xc0,
0x03,0x80,0x00,0xe0,0xb0,0x1a,0xe0,0x00,0x38,0x2c,0x07,0xe0,0x00,0x0e,0x0b,0x00,0x00,0x00,0x07,0x42,0xcb,0xff,0xff,0x41,
0xc0,0xb2,0xda,0x79,0xd0,0xb0,0x2c,0xa2,0x8d,0x34,0x38,0x0b,0x28,0xa3,0x4d,0x1d,0x02,0xca,0x28,0xd3,0x4b,0x00,0xb2,0x8a,
0x34,0xe7,0x80,0x2c,0xa6,0xef,0xff,0xd0,0x0e,0xbf,0xfe,0x95,0xe0,0xaf,0x55,0x40,0x00,0x70,0x2e,0x40,
/* U+52d2 */
0x05,0x00,0x90,0x05,0x00,0x03,0x80,0x74,0x02,0xc0,0x05,0xf5,0x6e,0x40,0xb0,0x02,0xff,0xff,0xf4,0x2c,0x00,0x1f,0x55,0xd4,
0x0b,0x00,0x03,0x80,0x74,0x6b,0xea,0xa0,0xff,0xfd,0x2f,0xff,0xfc,0x16,0xe5,0x00,0x3c,0x0b,0x00,0x38,0x00,0x0f,0x02,0xca,
0xaf,0xa9,0x03,0x80,0xb3,0xeb,0xab,0x40,0xe0,0x2c,0xe0,0xe0,0xd0,0x38,0x0b,0x38,0x38,0x34,0x1d,0x02,0xce,0x5e,0x5d,0x0b,
0x40,0xb3,0xff,0xff,0x42,0xc0,0x2c,0x00,0xe0,0x00,0xe0,0x0b,0x00,0x38,0x00,0x78,0x03,0xbf,0xff,0xff,0x2c,0x00,0xe5,0x5b,
0x95,0x5e,0x00,0x38,0x00,0xe0,0x0b,0x40,0x1e,0x00,0x38,0x0b,0x82,0xaf,0x00,0x0e,0x02,0xc0,0xfe,0x40,0x01,0x40,0x10,0x00,
0x00,
/* U+52e4 */
0x02,0x40,0x50,0x02,0x40,0x00,0xd0,0x2c,0x00,0xe0,0x0f,0xff,0xff,0xf8,0x38,0x01,0x6e,0x57,0xd5,0x0e,0x00,0x03,0x40,0xb0,
0x03,0x80,0x00,0xff,0xfc,0x2f,0xff,0xf0,0x16,0xd5,0x06,0xba,0xac,0x55,0xb5,0x50,0x1e,0x0b,0x2f,0xff,0xfd,0x07,0x42,0xca,
0x07,0x03,0x41,0xd0,0xb2,0x96,0xd5,0xd0,0x74,0x2c,0xbf,0xff,0xf4,0x2c,0x0b,0x00,0x2d,0x00,0x0b,0x02,0xc5,0x5b,0x95,0x43,
0x80,0xb3,0xff,0xff,0xe1,0xd0,0x2c,0x00,0x70,0x00,0xb4,0x0b,0x1a,0xae,0xa8,0x3c,0x02,0xcb,0xff,0xff,0x1e,0x00,0xb0,0x01,
0xc0,0x0b,0x00,0x38,0x15,0xba,0xa7,0x80,0x1e,0x7f,0xff,0xeb,0xc1,0x6f,0x55,0x54,0x01,0xd0,0x7f,0x80,
/* U+52ff */
0x00,0x09,0x00,0x00,0x00,0x00,0x07,0x80,0x00,0x00,0x00,0x03,0xc0,0x00,0x00,0x00,0x01,0xe0,0x00,0x00,0x00,0x00,0xfe,0xaa,
0xaa,0xaa,0x40,0xbf,0xff,0xff,0xff,0xd0,0xb8,0x0b,0x01,0xd0,0x74,0xb8,0x03,0x80,0xb0,0x1d,0x78,0x01,0xd0,0x38,0x07,0x48,
0x00,0xf0,0x1d,0x01,0xd0,0x00,0xb4,0x0b,0x40,0x74,0x00,0x78,0x03,0xc0,0x1d,0x00,0x7c,0x01,0xd0,0x07,0x40,0x7d,0x00,0xf0,
0x01,0xd0,0x7d,0x00,0x74,0x00,0xb4,0xbd,0x00,0x7c,0x00,0x2d,0x28,0x00,0x7d,0x00,0x0b,0x00,0x00,0x7d,0x00,0x02,0xc0,0x00,
0x7d,0x00,0x00,0xf0,0x00,0xbd,0x00,0x00,0x78,0x01,0xf8,0x00,0x55,0xbd,0x00,0xb4,0x00,0x2f,0xfd,0x00,0x04,0x00,0x01,0x50,
0x00,
/* U+5300 */
0x00,0x24,0x00,0x00,0x00,0x00,0x74,0x00,0x00,0x00,0x00,0xb0,0x00,0x00,0x00,0x01,0xf5,0x55,0x55,0x54,0x02,0xff,0xff,0xff,
0xfd,0x03,0xd5,0x55,0x55,0x6c,0x0f,0x40,0x00,0x00,0x2c,0x2e,0x00,0x00,0x00,0x2c,0x7c,0x18,0x00,0x00,0x2c,0xf4,0x2f,0x80,
0x00,0x2c,0x50,0x06,0xf4,0x00,0x2c,0x00,0x00,0x7e,0x00,0x2c,0x00,0x00,0x0a,0x00,0x2c,0x00,0x00,0x00,0x00,0x2c,0x00,0x00,
0x01,0xb4,0x2c,0x00,0x00,0x1b,0xe4,0x2c,0x00,0x16,0xfe,0x00,0x3c,0x06,0xff,0x90,0x00,0x38,0x07,0xe4,0x00,0x00,0x78,0x01,
0x00,0x00,0x00,0xb4,0x00,0x00,0x01,0x5b,0xf0,0x00,0x00,0x07,0xff,0x80,0x00,0x00,0x01,0x50,0x00,
/* U+5305 */
0x00,0x09,0x00,0x00,0x00,0x00,0x02,0xd0,0x00,0x00,0x00,0x00,0x7c,0x00,0x00,0x00,0x00,0x0b,0xff,0xff,0xff,0xf0,0x01,0xfa,
0xaa,0xaa,0xaf,0x00,0x3c,0x00,0x00,0x00,0xb0,0x0f,0x40,0x00,0x00,0x0b,0x02,0xe5,0x55,0x55,0x00,0xb0,0x79,0xff,0xff,0xf4,
0x0b,0x01,0x1e,0x55,0x5b,0x40,0xb0,0x01,0xe0,0x00,0xb4,0x0b,0x00,0x1e,0x00,0x0b,0x40,0xf0,0x01,0xe0,0x00,0xb4,0x0f,0x00,
0x1e,0xaa,0xab,0x40,0xe0,0x01,0xff,0xff,0xf4,0x1e,0x00,0x1e,0x00,0x00,0x3f,0xc0,0x01,0xe0,0x00,0x01,0x50,0x00,0x1e,0x00,
0x00,0x00,0x1d,0x01,0xe0,0x00,0x00,0x01,0xd0,0x1e,0x00,0x00,0x00,0x2c,0x00,0xfa,0xaa,0xaa,0xab,0xc0,0x07,0xff,0xff,0xff,
0xf4,
/* U+5316 */
0x00,0x02,0x41,0x40,0x00,0x00,0x00,0x78,0x2c,0x00,0x00,0x00,0x0f,0x02,0xc0,0x00,0x00,0x02,0xd0,0x2c,0x00,0x10,0x00,0x3c,
0x02,0xc0,0x0b,0x80,0x0b,0x40,0x2c,0x02,0xf0,0x02,0xe0,0x02,0xc0,0xb8,0x00,0x7e,0x00,0x2c,0x2e,0x00,0x1f,0xe0,0x02,0xdf,
0x80,0x07,0xde,0x00,0x2f,0xd0,0x00,0xf4,0xe0,0x07,0xe0,0x00,0x09,0x0e,0x07,0xfc,0x00,0x00,0x00,0xe1,0xfa,0xc0,0x00,0x00,
0x0e,0x08,0x2c,0x00,0x00,0x00,0xe0,0x02,0xc0,0x00,0x00,0x0e,0x00,0x2c,0x00,0x04,0x00,0xe0,0x02,0xc0,0x00,0xe0,0x0e,0x00,
0x2c,0x00,0x0e,0x00,0xe0,0x02,0xc0,0x01,0xd0,0x0e,0x00,0x2c,0x00,0x1d,0x00,0xe0,0x01,0xfa,0xab,0xc0,0x0e,0x00,0x0b,0xff,
0xf4,0x00,0x50,0x00,0x00,0x00,0x00,
/* U+5317 */
0x00,0x02,0x40,0x24,0x00,0x00,0x00,0x38,0x07,0x80,0x00,0x00,0x03,0x80,0x78,0x00,0x00,0x00,0x38,0x07,0x80,0x00,0x00,0x03,
0x80,0x78,0x00,0x00,0x00,0x38,0x07,0x80,0x04,0x00,0x03,0x80,0x78,0x07,0xd7,0xff,0xf8,0x07,0x86,0xf4,0x6a,0xab,0x80,0x7b,
0xf4,0x00,0x00,0x38,0x07,0xe4,0x00,0x00,0x03,0x80,0x78,0x00,0x00,0x00,0x38,0x07,0x80,0x00,0x00,0x03,0x80,0x78,0x00,0x00,
0x00,0x38,0x07,0x80,0x00,0x00,0x03,0x80,0x78,0x00,0x00,0x00,0x38,0x07,0x80,0x04,0x00,0x07,0x80,0x78,0x00,0xe0,0x1b,0xf8,
0x07,0x80,0x0e,0x6f,0xe7,0x80,0x78,0x01,0xdb,0x90,0x38,0x07,0x80,0x1d,0x50,0x03,0x80,0x3e,0xab,0xc0,0x00,0x38,0x01,0xbf,
0xf4,0x00,0x01,0x40,0x00,0x00,0x00,
/* U+533a */
0x2a,0xaa,0xaa,0xaa,0xaa,0x1f,0xff,0xff,0xff,0xff,0xc7,0x80,0x00,0x00,0x00,0x01,0xd0,0x00,0x00,0x05,0x00,0x74,0x14,0x00,
0x03,0xc0,0x1d,0x0f,0x40,0x02,0xd0,0x07,0x41,0xf8,0x01,0xf0,0x01,0xd0,0x0b,0x80,0xf4,0x00,0x74,0x00,0xbd,0x78,0x00,0x1d,
0x00,0x07,0xfc,0x00,0x07,0x40,0x00,0x7e,0x00,0x01,0xd0,0x00,0x7f,0xd0,0x00,0x74,0x00,0x7d,0x7d,0x00,0x1d,0x00,0x7d,0x07,
0xd0,0x07,0x41,0xfd,0x00,0x7d,0x01,0xd2,0xf8,0x00,0x07,0xd0,0x74,0x60,0x00,0x00,0x60,0x1d,0x00,0x00,0x00,0x00,0x07,0x95,
0x55,0x55,0x55,0x51,0xff,0xff,0xff,0xff,0xfe,0x15,0x55,0x55,0x55,0x55,0x40,
/* U+5341 */
0x00,0x00,0x06,0x00,0x00,0x00,0x00,0x00,0xb0,0x00,0x00,0x00,0x00,0x0b,0x00,0x00,0x00,0x00,0x00,0xb0,0x00,0x00,0x00,0x00,
0x0b,0x00,0x00,0x00,0x00,0x00,0xb0,0x00,0x00,0x00,0x00,0x0b,0x00,0x00,0x00,0x00,0x00,0xb0,0x00,0x00,0x6a,0xaa,0xaf,0xaa,
0xaa,0x9b,0xff,0xff,0xff,0xff,0xfe,0x00,0x00,0x0b,0x00,0x00,0x00,0x00,0x00,0xb0,0x00,0x00,0x00,0x00,0x0b,0x00,0x00,0x00,
0x00,0x00,0xb0,0x00,0x00,0x00,0x00,0x0b,0x00,0x00,0x00,0x00,0x00,0xb0,0x00,0x00,0x00,0x00,0x0b,0x00,0x00,0x00,0x00,0x00,
0xb0,0x00,0x00,0x00,0x00,0x0b,0x00,0x00,0x00,0x00,0x00,0xb0,0x00,0x00,0x00,0x00,0x0b,0x00,0x00,0x00,0x00,0x00,0xb0,0x00,
0x00,0x00,0x00,0x05,0x00,0x00,0x00,
/* U+5343 */
0x00,0x00,0x00,0x01,0xad,0x00,0x55,0x56,0xaf,0xff,0x90,0x0f,0xff,0xff,0xe9,0x40,0x00,0x55,0x50,0xb0,0x00,0x00,0x00,0x00,
0x0b,0x00,0x00,0x00,0x00,0x00,0xb0,0x00,0x00,0x00,0x00,0x0b,0x00,0x00,0x00,0x00,0x00,0xb0,0x00,0x00,0x00,0x00,0x0b,0x00,
0x00,0x06,0xaa,0xaa,0xfa,0xaa,0xa9,0xbf,0xff,0xff,0xff,0xff,0xe0,0x00,0x00,0xb0,0x00,0x00,0x00,0x00,0x0b,0x00,0x00,0x00,
0x00,0x00,0xb0,0x00,0x00,0x00,0x00,0x0b,0x00,0x00,0x00,0x00,0x00,0xb0,0x00,0x00,0x00,0x00,0x0b,0x00,0x00,0x00,0x00,0x00,
0xb0,0x00,0x00,0x00,0x00,0x0b,0x00,0x00,0x00,0x00,0x00,0xb0,0x00,0x00,0x00,0x00,0x0b,0x00,0x00,0x00,0x00,0x00,0x50,0x00,
0x00,
/* U+534e */
0x00,0x05,0x00,0x40,0x00,0x00,0x00,0xf0,0x1d,0x00,0x10,0x00,0x2d,0x01,0xd0,0x0b,0x40,0x07,0x80,0x1d,0x07,0xd0,0x02,0xf0,
0x01,0xd6,0xf4,0x00,0xbe,0x00,0x1e,0xf8,0x00,0x3f,0xe0,0x06,0xf8,0x00,0x0b,0x8e,0x1b,0xfd,0x00,0x09,0x50,0xe1,0xf5,0xd0,
0x01,0xd0,0x0e,0x04,0x1d,0x00,0x1d,0x00,0xe0,0x00,0xfa,0xab,0xc0,0x0e,0x00,0x0b,0xff,0xe4,0x00,0xa0,0x0a,0x00,0x00,0x00,
0x00,0x00,0xf0,0x00,0x00,0x15,0x55,0x5f,0x55,0x55,0x47,0xff,0xff,0xff,0xff,0xfd,0x15,0x55,0x5f,0x55,0x55,0x40,0x00,0x00,
0xf0,0x00,0x00,0x00,0x00,0x0f,0x00,0x00,0x00,0x00,0x00,0xf0,0x00,0x00,0x00,0x00,0x0f,0x00,0x00,0x00,0x00,0x00,0xf0,0x00,
0x00,0x00,0x00,0x05,0x00,0x00,0x00,
/* U+5353 */
0x00,0x00,0x09,0x00,0x00,0x00,0x00,0x01,0xd0,0x00,0x00,0x00,0x00,0x1f,0xff,0xff,0x40,0x00,0x01,0xea,0xaa,0xa4,0x00,0x00,
0x1d,0x00,0x00,0x00,0x1a,0xaa,0xea,0xaa,0x40,0x02,0xff,0xff,0xff,0xfc,0x00,0x2c,0x00,0x00,0x03,0xc0,0x02,0xc0,0x00,0x00,
0x3c,0x00,0x2f,0xff,0xff,0xff,0xc0,0x02,0xea,0xaa,0xaa,0xbc,0x00,0x2c,0x00,0x00,0x03,0xc0,0x02,0xd5,0x55,0x55,0x7c,0x00,
0x2f,0xff,0xff,0xff,0xc0,0x00,0x55,0x5f,0x55,0x54,0x00,0x00,0x00,0xf0,0x00,0x00,0x6a,0xaa,0xaf,0xaa,0xaa,0x97,0xff,0xff,
0xff,0xff,0xfd,0x00,0x00,0x0f,0x00,0x00,0x00,0x00,0x00,0xf0,0x00,0x00,0x00,0x00,0x0f,0x00,0x00,0x00,0x00,0x00,0xf0,0x00,
0x00,0x00,0x00,0x05,0x00,0x00,0x00,
/* U+5355 */
0x00,0x04,0x00,0x02,0x40,0x00,0x01,0xe0,0x00,0xb4,0x00,0x00,0x0b,0x40,0x1e,0x00,0x00,0x00,0x28,0x02,0xc0,0x00,0x07,0xff,
0xff,0xff,0xfd,0x00,0x7a,0xaa,0xfa,0xaa,0xd0,0x07,0x40,0x0f,0x00,0x1d,0x00,0x74,0x00,0xf0,0x01,0xd0,0x07,0xaa,0xaf,0xaa,
0xad,0x00,0x7e,0xaa,0xfa,0xab,0xd0,0x07,0x40,0x0f,0x00,0x1d,0x00,0x74,0x00,0xf0,0x01,0xd0,0x07,0xaa,0xaf,0xaa,0xad,0x00,
0x7f,0xff,0xff,0xff,0xd0,0x00,0x00,0x0f,0x00,0x00,0x00,0x00,0x00,0xf0,0x00,0x00,0x6a,0xaa,0xaf,0xaa,0xaa,0x9b,0xff,0xff,
0xff,0xff,0xfe,0x00,0x00,0x0f,0x00,0x00,0x00,0x00,0x00,0xf0,0x00,0x00,0x00,0x00,0x0f,0x00,0x00,0x00,0x00,0x00,0xf0,0x00,
0x00,0x00,0x00,0x05,0x00,0x00,0x00,
/* U+5357 */
0x00,0x00,0x06,0x00,0x00,0x00,0x00,0x00,0xb4,0x00,0x00,0x55,0x55,0x5b,0x55,0x55,0x5b,0xff,0xff,0xff,0xff,0xfe,0x55,0x55,
0x5e,0x55,0x55,0x50,0x00,0x01,0xe0,0x00,0x00,0x05,0x55,0x6e,0x55,0x55,0x01,0xff,0xff,0xff,0xff,0xf4,0x1e,0x55,0x55,0x55,
0x5b,0x41,0xd0,0x24,0x02,0x80,0x74,0x1d,0x02,0xc0,0x38,0x07,0x41,0xd0,0x1d,0x07,0x40,0x74,0x1d,0x2f,0xff,0xff,0x87,0x41,
0xd1,0xaa,0xfa,0xa4,0x74,0x1d,0x00,0x0f,0x00,0x07,0x41,0xd0,0x00,0xf0,0x00,0x74,0x1d,0x7f,0xff,0xff,0xd7,0x41,0xd6,0xaa,
0xfa,0xa9,0x74,0x1d,0x00,0x0f,0x00,0x07,0x41,0xd0,0x00,0xf0,0x00,0x74,0x1d,0x00,0x0f,0x01,0x5b,0x41,0xd0,0x00,0xf0,0x1f,
0xe0,0x04,0x00,0x00,0x00,0x50,0x00,
/* U+535a */
0x02,0x40,0x00,0x18,0x14,0x00,0x38,0x00,0x01,0xd1,0xd0,0x03,0x82,0xff,0xff,0xff,0xd0,0x38,0x1a,0xaa,0xea,0xa9,0x03,0x80,
0x00,0x1d,0x00,0x00,0x38,0x0a,0xab,0xea,0xa8,0xab,0xe8,0xfa,0xae,0xab,0x8b,0xff,0xce,0x01,0xd0,0x38,0x03,0x80,0xfa,0xbe,
0xab,0x80,0x38,0x0f,0x56,0xe5,0x78,0x03,0x80,0xe0,0x1d,0x03,0x80,0x38,0x0f,0xff,0xff,0xf8,0x03,0x80,0xe5,0x6d,0x57,0x80,
0x38,0x0a,0x01,0x90,0x38,0x03,0x80,0x00,0x00,0x28,0x00,0x38,0x2a,0xaa,0xab,0xea,0x03,0x87,0xff,0xff,0xff,0xf0,0x38,0x01,
0x80,0x03,0xc0,0x03,0x80,0x1e,0x00,0x3c,0x00,0x38,0x00,0x7c,0x03,0xc0,0x03,0x80,0x01,0xd4,0x78,0x00,0x38,0x00,0x00,0xff,
0x80,0x01,0x40,0x00,0x05,0x50,0x00,
/* U+5361 */
0x00,0x00,0x24,0x00,0x00,0x00,0x00,0x03,0x80,0x00,0x00,0x00,0x00,0x38,0x00,0x00,0x00,0x00,0x03,0xea,0xaa,0x40,0x00,0x00,
0x3f,0xff,0xf8,0x00,0x00,0x03,0x80,0x00,0x00,0x00,0x00,0x38,0x00,0x00,0x00,0x00,0x03,0x80,0x00,0x00,0x55,0x55,0x79,0x55,
0x55,0x5b,0xff,0xff,0xff,0xff,0xfe,0x55,0x55,0x79,0x55,0x55,0x50,0x00,0x03,0x80,0x00,0x00,0x00,0x00,0x38,0x00,0x00,0x00,
0x00,0x03,0xe4,0x00,0x00,0x00,0x00,0x3f,0xe4,0x00,0x00,0x00,0x03,0x87,0xe4,0x00,0x00,0x00,0x38,0x0b,0xe0,0x00,0x00,0x03,
0x80,0x0b,0xc0,0x00,0x00,0x38,0x00,0x14,0x00,0x00,0x03,0x80,0x00,0x00,0x00,0x00,0x38,0x00,0x00,0x00,0x00,0x03,0x80,0x00,
0x00,0x00,0x00,0x14,0x00,0x00,0x00,
/* U+5362 */
0x00,0x00,0x0a,0x00,0x00,0x00,0x00,0x00,0xf0,0x00,0x00,0x00,0x00,0x0f,0x55,0x55,0x40,0x00,0x00,0xff,0xff,0xfd,0x00,0x00,
0x0f,0x55,0x55,0x40,0x00,0x00,0xf0,0x00,0x00,0x00,0x00,0x0f,0x00,0x00,0x00,0x3f,0xff,0xff,0xff,0xd0,0x03,0xd5,0x55,0x55,
0x6d,0x00,0x38,0x00,0x00,0x01,0xd0,0x03,0x80,0x00,0x00,0x1d,0x00,0x38,0x00,0x00,0x01,0xd0,0x03,0xff,0xff,0xff,0xfd,0x00,
0x3e,0xaa,0xaa,0xaa,0x90,0x07,0x80,0x00,0x00,0x00,0x00,0x74,0x00,0x00,0x00,0x00,0x0b,0x40,0x00,0x00,0x00,0x00,0xb0,0x00,
0x00,0x00,0x00,0x1e,0x00,0x00,0x00,0x00,0x02,0xc0,0x00,0x00,0x00,0x00,0x78,0x00,0x00,0x00,0x00,0x0b,0x00,0x00,0x00,0x00,
0x00,0x10,0x00,0x00,0x00,0x00,0x00,
/* U+5367 */
0x00,0x00,0x00,0x14,0x00,0x2a,0xaa,0xaa,0x0f,0x00,0x0b,0xff,0xff,0x83,0xc0,0x02,0x80,0x70,0x00,0xf0,0x00,0xa0,0x1c,0x00,
0x3c,0x00,0x28,0x07,0x00,0x0f,0x00,0x0a,0x01,0xc0,0x03,0xc0,0x02,0xd5,0xb9,0x40,0xf0,0x00,0xbf,0xff,0xf4,0x3d,0x00,0x2c,
0x00,0x1d,0x0f,0xd0,0x0a,0x00,0x07,0x43,0xee,0x02,0x80,0x01,0xd0,0xf1,0xe0,0xa0,0x00,0x74,0x3c,0x1f,0x6e,0xaa,0xbd,0x0f,
0x01,0xeb,0xab,0xea,0x43,0xc0,0x12,0x80,0x74,0x00,0xf0,0x00,0xa0,0x1d,0x00,0x3c,0x00,0x28,0x07,0x40,0x0f,0x00,0x0a,0x01,
0xd0,0x03,0xc0,0x02,0x80,0x74,0x00,0xf0,0x00,0xba,0xbe,0xa8,0x3c,0x00,0x2f,0xff,0xff,0x0f,0x00,0x00,0x00,0x00,0x01,0x40,
0x00,
/* U+536b */
0x01,0x55,0x55,0x55,0x54,0x00,0x7f,0xff,0xff,0xff,0xc0,0x05,0x55,0xb9,0x55,0x7c,0x00,0x00,0x07,0x40,0x02,0xc0,0x00,0x00,
0x74,0x00,0x2c,0x00,0x00,0x07,0x40,0x02,0xc0,0x00,0x00,0x74,0x00,0x2c,0x00,0x00,0x07,0x40,0x02,0xc0,0x00,0x00,0x74,0x00,
0x2c,0x00,0x00,0x07,0x40,0x02,0xc0,0x00,0x00,0x74,0x00,0x2c,0x00,0x00,0x07,0x40,0x02,0xc0,0x00,0x00,0x74,0x00,0x3c,0x00,
0x00,0x07,0x40,0x07,0x80,0x00,0x00,0x74,0x3f,0xf4,0x00,0x00,0x07,0x41,0xa9,0x00,0x00,0x00,0x74,0x00,0x00,0x00,0x00,0x07,
0x40,0x00,0x00,0x00,0x00,0x74,0x00,0x00,0x07,0xff,0xff,0xff,0xff,0xfd,0x6a,0xaa,0xaa,0xaa,0xaa,0x90,
/* U+5370 */
0x00,0x01,0x80,0x00,0x00,0x01,0xaf,0xe1,0x55,0x55,0x7f,0xf9,0x43,0xff,0xff,0x79,0x40,0x03,0xd5,0x5f,0x74,0x00,0x03,0x80,
0x0f,0x74,0x00,0x03,0x80,0x0f,0x74,0x00,0x03,0x80,0x0f,0x74,0x00,0x03,0x80,0x0f,0x74,0x00,0x03,0x80,0x0f,0x7f,0xff,0xd3,
0x80,0x0f,0x7a,0xaa,0x93,0x80,0x0f,0x74,0x00,0x03,0x80,0x0f,0x74,0x00,0x03,0x80,0x0f,0x74,0x00,0x03,0x80,0x0f,0x74,0x00,
0x03,0x80,0x0f,0x74,0x00,0x03,0x80,0x0f,0x74,0x06,0x83,0x80,0x0f,0xba,0xbf,0xd3,0x81,0x6e,0xff,0xe4,0x03,0x83,0xfd,0x64,
0x00,0x03,0x80,0x40,0x00,0x00,0x03,0x80,0x00,0x00,0x00,0x03,0x80,0x00,0x00,0x00,0x01,0x40,0x00,
/* U+5373 */
0x1a,0xaa,0xa4,0x2a,0xaa,0x8b,0xff,0xfd,0x0b,0xff,0xf2,0xc0,0x07,0x42,0xc0,0x2c,0xb0,0x01,0xd0,0xb0,0x0b,0x2c,0x00,0x74,
0x2c,0x02,0xcb,0xff,0xfd,0x0b,0x00,0xb2,0xea,0xab,0x42,0xc0,0x2c,0xb0,0x01,0xd0,0xb0,0x0b,0x2c,0x00,0x74,0x2c,0x02,0xcb,
0x00,0x1d,0x0b,0x00,0xb2,0xff,0xff,0x42,0xc0,0x2c,0xba,0xaa,0x90,0xb0,0x0b,0x2c,0x00,0x00,0x2c,0x02,0xcb,0x00,0x60,0x0b,
0x00,0xb2,0xc0,0x2d,0x02,0xc0,0x2c,0xb0,0x03,0xc0,0xb0,0x0b,0x2c,0x00,0xb4,0x2c,0x6b,0x8b,0x06,0xff,0x0b,0x1f,0xd3,0xef,
0xe5,0xe2,0xc0,0x01,0xfe,0x40,0x28,0xb0,0x00,0x24,0x00,0x00,0x2c,0x00,0x00,0x00,0x00,0x05,0x00,0x00,
/* U+5382 */
0x01,0x55,0x55,0x55,0x55,0x41,0xff,0xff,0xff,0xff,0xf0,0x79,0x55,0x55,0x55,0x54,0x1d,0x00,0x00,0x00,0x00,0x07,0x40,0x00,
0x00,0x00,0x01,0xd0,0x00,0x00,0x00,0x00,0x74,0x00,0x00,0x00,0x00,0x1d,0x00,0x00,0x00,0x00,0x07,0x40,0x00,0x00,0x00,0x01,
0xd0,0x00,0x00,0x00,0x00,0x74,0x00,0x00,0x00,0x00,0x2c,0x00,0x00,0x00,0x00,0x0b,0x00,0x00,0x00,0x00,0x03,0xc0,0x00,0x00,
0x00,0x00,0xe0,0x00,0x00,0x00,0x00,0x38,0x00,0x00,0x00,0x00,0x1d,0x00,0x00,0x00,0x00,0x0f,0x00,0x00,0x00,0x00,0x07,0x40,
0x00,0x00,0x00,0x02,0xc0,0x00,0x00,0x00,0x00,0xa0,0x00,0x00,0x00,0x00,0x00,
/* U+5386 */
0x05,0x55,0x55,0x55,0x55,0x40,0xff,0xff,0xff,0xff,0xfd,0x0f,0x55,0x55,0x55,0x55,0x40,0xe0,0x00,0x18,0x00,0x00,0x0e,0x00,
0x02,0xd0,0x00,0x00,0xe0,0x00,0x2d,0x00,0x00,0x0e,0x00,0x02,0xd0,0x00,0x00,0xe0,0x55,0x6d,0x55,0x50,0x0e,0x1f,0xff,0xff,
0xff,0x40,0xe0,0x55,0x7d,0x55,0xb4,0x0e,0x00,0x03,0x80,0x07,0x40,0xe0,0x00,0x38,0x00,0x74,0x1d,0x00,0x07,0x40,0x0b,0x41,
0xd0,0x00,0xb0,0x00,0xb0,0x1d,0x00,0x0e,0x00,0x0b,0x02,0xd0,0x02,0xd0,0x00,0xb0,0x3c,0x00,0xb8,0x00,0x0b,0x07,0x80,0x1f,
0x00,0x00,0xe0,0xb4,0x0b,0xd0,0x00,0x1e,0x0f,0x07,0xe4,0x02,0x9b,0xc0,0xa0,0x74,0x00,0x2f,0xe4,0x00,
/* U+539f */
0x0a,0xaa,0xaa,0xaa,0xaa,0x90,0xff,0xff,0xff,0xff,0xfd,0x0e,0x00,0x01,0xd0,0x00,0x00,0xe0,0x00,0x2d,0x00,0x00,0x0e,0x0a,
0xab,0xea,0xa9,0x00,0xe0,0xbf,0xff,0xff,0xe0,0x0e,0x0b,0x00,0x00,0x0e,0x00,0xe0,0xb0,0x00,0x00,0xe0,0x0e,0x0b,0xff,0xff,
0xfe,0x00,0xe0,0xba,0xaa,0xaa,0xe0,0x1e,0x0b,0x00,0x00,0x0e,0x01,0xd0,0xb0,0x00,0x00,0xe0,0x1d,0x0b,0xff,0xff,0xfe,0x01,
0xd0,0x55,0x5b,0x95,0x50,0x2c,0x00,0x00,0xb0,0x10,0x02,0xc0,0x2d,0x0b,0x07,0x40,0x3c,0x07,0x80,0xb0,0x2d,0x07,0x80,0xf4,
0x0b,0x00,0xf0,0x74,0x2d,0x00,0xb0,0x07,0x8b,0x07,0x81,0x5f,0x00,0x2d,0xa0,0x10,0x1f,0xe0,0x00,0x40,0x00,0x00,0x54,0x00,
0x00,
/* U+53a2 */
0x0a,0xaa,0xaa,0xaa,0xaa,0x80,0xff,0xff,0xff,0xff,0xfd,0x0e,0x00,0x00,0x00,0x00,0x00,0xe0,0x1d,0x00,0x00,0x00,0x0e,0x01,
0xd0,0x2a,0xaa,0x40,0xe0,0x1d,0x07,0xea,0xb4,0x0e,0x01,0xd0,0x74,0x07,0x40,0xe7,0xff,0xf7,0x40,0x74,0x0e,0x16,0xe5,0x74,
0x07,0x40,0xe0,0x2d,0x07,0xff,0xf4,0x0e,0x03,0xf0,0x79,0x5b,0x41,0xd0,0xbf,0x87,0x40,0x74,0x1d,0x0e,0xdd,0x74,0x07,0x41,
0xd2,0x9d,0xb7,0x95,0xb4,0x1c,0x75,0xd3,0x7f,0xff,0x42,0xca,0x1d,0x07,0x80,0x74,0x3c,0xd1,0xd0,0x74,0x07,0x47,0x84,0x1d,
0x07,0x40,0x74,0xb4,0x01,0xd0,0x7a,0xab,0x4f,0x00,0x1d,0x07,0xff,0xf4,0xa0,0x01,0xd0,0x74,0x07,0x40,0x00,0x04,0x01,0x00,
0x10,
/* U+53a6 */
0x0a,0xaa,0xaa,0xaa,0xaa,0x90,0xfa,0xaa,0xaa,0xaa,0xa9,0x0e,0x00,0x00,0x00,0x00,0x00,0xe2,0xff,0xff,0xff,0xf8,0x0e,0x15,
0x56,0xe5,0x55,0x40,0xe0,0x15,0x6d,0x55,0x40,0x0e,0x07,0xff,0xff,0xfc,0x00,0xe0,0x74,0x00,0x01,0xc0,0x0e,0x07,0xff,0xff,
0xfc,0x00,0xe0,0x74,0x00,0x02,0xc0,0x0e,0x07,0xaa,0xaa,0xac,0x01,0xd0,0x79,0x55,0x56,0xc0,0x1d,0x07,0x95,0x55,0x6c,0x01,
0xd0,0x6b,0xea,0xaa,0x80,0x1c,0x00,0xb4,0x00,0x00,0x02,0xc0,0x2f,0xff,0xff,0x80,0x3c,0x6f,0xe5,0x55,0xf4,0x07,0x8b,0x87,
0xe0,0x7c,0x00,0xb4,0x00,0x0b,0xee,0x00,0x0e,0x01,0x56,0xbf,0xfe,0xa5,0x90,0xff,0xf9,0x01,0xaf,0xf0,0x05,0x00,0x00,0x00,
0x00,
/* U+53bf */
0x00,0x6a,0xaa,0xaa,0xa0,0x00,0x07,0xff,0xff,0xff,0x00,0x00,0x74,0x00,0x00,0xb0,0x00,0x07,0x40,0x00,0x0b,0x00,0x00,0x79,
0x55,0x55,0xb0,0x00,0x07,0xff,0xff,0xff,0x00,0x00,0x75,0x55,0x55,0xb0,0x00,0x07,0x40,0x00,0x0b,0x00,0x00,0x79,0x55,0x55,
0xb0,0x00,0x07,0xff,0xff,0xff,0x00,0x00,0x79,0x55,0x55,0xb0,0x00,0x07,0x40,0x00,0x0b,0x00,0x00,0x74,0x00,0x00,0xb0,0x0f,
0xff,0xff,0xff,0xff,0xff,0xaa,0xab,0xea,0xaa,0xaa,0xa0,0x00,0xb4,0x00,0x60,0x00,0x00,0x1e,0x00,0x07,0xc0,0x00,0x07,0x80,
0x00,0x1f,0x00,0x00,0xf0,0x01,0x5a,0xf8,0x00,0x7e,0xbf,0xff,0xfa,0xe0,0x03,0xea,0x95,0x40,0x0b,0x40,0x00,0x00,0x00,0x00,
0x10,
/* U+53cb */
0x00,0x00,0x90,0x00,0x00,0x00,0x00,0x1d,0x00,0x00,0x00,0x00,0x01,0xd0,0x00,0x00,0x01,0x55,0x6d,0x55,0x55,0x54,0x7f,0xff,
0xff,0xff,0xff,0xe1,0x55,0x7d,0x55,0x55,0x55,0x00,0x03,0x80,0x00,0x00,0x00,0x00,0x74,0x00,0x00,0x00,0x00,0x07,0x40,0x00,
0x00,0x00,0x00,0xbf,0xff,0xff,0xd0,0x00,0x0f,0xfa,0xaa,0xbc,0x00,0x01,0xeb,0x00,0x03,0x80,0x00,0x2d,0x78,0x00,0xb4,0x00,
0x03,0xc2,0xc0,0x1e,0x00,0x00,0xb4,0x1e,0x03,0xc0,0x00,0x0f,0x00,0x78,0xf4,0x00,0x02,0xd0,0x02,0xfd,0x00,0x00,0x7c,0x00,
0x1f,0xc0,0x00,0x0f,0x40,0x1b,0xef,0x80,0x02,0xd0,0x1b,0xe0,0x7f,0x40,0xb8,0x2f,0xe4,0x00,0xbf,0x96,0x03,0xe4,0x00,0x00,
0x6e,
/* U+53cc */
0x15,0x55,0x41,0x55,0x55,0x07,0xff,0xfd,0x3f,0xff,0xf8,0x15,0x56,0xd2,0xe5,0x57,0x80,0x00,0x1d,0x1d,0x00,0x74,0x00,0x02,
0xc0,0xe0,0x07,0x42,0x80,0x2c,0x0a,0x00,0xb0,0x2e,0x03,0xc0,0xb0,0x0e,0x00,0xf4,0x38,0x07,0x01,0xd0,0x03,0xd7,0x40,0x78,
0x2c,0x00,0x1f,0xb0,0x02,0xc3,0x80,0x00,0xbe,0x00,0x1d,0xb4,0x00,0x02,0xe0,0x00,0xee,0x00,0x00,0x3f,0x00,0x0b,0xd0,0x00,
0x07,0xf8,0x00,0x7c,0x00,0x00,0xf2,0xd0,0x0f,0xe0,0x00,0x2d,0x0f,0x03,0xdb,0x40,0x07,0x80,0xb4,0xb8,0x3c,0x01,0xf4,0x01,
0x2e,0x01,0xe0,0x7d,0x00,0x0b,0x80,0x0b,0x8b,0x40,0x02,0xe0,0x00,0x2e,0x10,0x00,0x1c,0x00,0x00,0x90,
/* U+53cd */
0x00,0x00,0x00,0x00,0x05,0x00,0x00,0x01,0x56,0xaf,0xf0,0x02,0xff,0xff,0xfe,0xa5,0x00,0x2e,0x95,0x54,0x00,0x00,0x02,0xc0,
0x00,0x00,0x00,0x00,0x2c,0x00,0x00,0x00,0x00,0x02,0xc0,0x00,0x00,0x00,0x00,0x2d,0x55,0x55,0x55,0x40,0x02,0xff,0xff,0xff,
0xfd,0x00,0x2d,0x79,0x55,0x56,0xd0,0x02,0xc2,0xc0,0x00,0x3c,0x00,0x3c,0x1d,0x00,0x07,0x40,0x03,0x80,0xb0,0x00,0xf0,0x00,
0x38,0x07,0x80,0x2d,0x00,0x07,0x40,0x1e,0x07,0x80,0x00,0x74,0x00,0xb9,0xe0,0x00,0x0b,0x00,0x02,0xfc,0x00,0x01,0xe0,0x00,
0x2f,0xd0,0x00,0x2d,0x00,0x1f,0x9f,0x80,0x03,0xc0,0x1f,0xd0,0x2f,0x80,0xb4,0x2f,0xe0,0x00,0x6f,0x96,0x0b,0xd0,0x00,0x00,
0x6e,0x00,0x10,0x00,0x00,0x00,0x40,
/* U+53d1 */
0x00,0x00,0x28,0x01,0x00,0x00,0x19,0x03,0xc0,0xb4,0x00,0x02,0xc0,0x38,0x02,0xe0,0x00,0x38,0x07,0x80,0x0b,0x80,0x07,0x40,
0x74,0x00,0x2d,0x00,0xb4,0x0b,0x00,0x00,0x40,0x0f,0xff,0xff,0xff,0xff,0xd0,0xaa,0xbf,0xaa,0xaa,0xa9,0x00,0x02,0xd0,0x00,
0x00,0x00,0x00,0x3c,0x00,0x00,0x00,0x00,0x07,0xea,0xaa,0xa4,0x00,0x00,0xbf,0xff,0xff,0x40,0x00,0x1f,0xd0,0x00,0xb4,0x00,
0x02,0xdf,0x00,0x1e,0x00,0x00,0x78,0x78,0x02,0xd0,0x00,0x0b,0x02,0xe0,0xb4,0x00,0x02,0xe0,0x0b,0xae,0x00,0x00,0x7c,0x00,
0x2f,0x80,0x00,0x1f,0x40,0x1b,0xff,0x40,0x07,0xd0,0x1b,0xe0,0x7f,0x40,0xf4,0x1b,0xe4,0x00,0xbf,0x95,0x02,0xe4,0x00,0x00,
0x7d,0x00,0x00,0x00,0x00,0x00,0x40,
/* U+53d6 */
0x6a,0xaa,0xaa,0x00,0x00,0x0b,0xff,0xff,0xf5,0x55,0x54,0x0b,0x00,0xb1,0xff,0xff,0xc0,0xb0,0x0b,0x07,0x95,0x6c,0x0b,0x00,
0xb0,0x38,0x02,0x80,0xb5,0x5b,0x03,0x80,0x38,0x0b,0xff,0xf0,0x2c,0x07,0x40,0xb5,0x5b,0x01,0xc0,0x74,0x0b,0x00,0xb0,0x1d,
0x0b,0x00,0xb0,0x0b,0x00,0xe0,0xe0,0x0b,0x00,0xb0,0x0b,0x1d,0x00,0xbf,0xff,0x00,0x76,0xc0,0x0b,0x55,0xf0,0x03,0xb8,0x00,
0xb0,0x0b,0x00,0x1f,0x40,0x0b,0x00,0xb0,0x01,0xf0,0x00,0xb0,0x0b,0xb0,0x2f,0x40,0x0b,0xaf,0xfe,0x0b,0xac,0x0b,0xff,0xaf,
0x01,0xe0,0xe0,0x65,0x00,0xb0,0x7c,0x07,0x80,0x00,0x0b,0x1f,0x40,0x2e,0x00,0x00,0xb1,0xd0,0x00,0xa0,0x00,0x05,0x00,0x00,
0x00,
/* U+53d8 */
0x00,0x00,0x19,0x00,0x00,0x00,0x00,0x00,0xe0,0x00,0x00,0x15,0x55,0x5f,0x95,0x55,0x47,0xff,0xff,0xff,0xff,0xfd,0x15,0x56,
0xd5,0x79,0x55,0x40,0x04,0x2c,0x03,0x81,0x00,0x01,0xe2,0xc0,0x38,0xb8,0x00,0xbd,0x2c,0x03,0x82,0xf4,0x7e,0x02,0xc0,0x38,
0x07,0xd7,0x40,0x2c,0x03,0x80,0x1e,0x00,0x01,0x80,0x24,0x00,0x00,0x00,0x00,0x00,0x00,0x00,0x0b,0xff,0xff,0xff,0xf8,0x00,
0x5b,0x95,0x55,0x5f,0x40,0x00,0x2d,0x00,0x02,0xd0,0x00,0x00,0xf4,0x00,0xf8,0x00,0x00,0x02,0xe0,0x7d,0x00,0x00,0x00,0x0b,
0xfe,0x00,0x00,0x00,0x00,0x7f,0xe4,0x00,0x00,0x05,0xbf,0x5b,0xe5,0x00,0x6b,0xfe,0x40,0x07,0xfe,0x97,0xe5,0x00,0x00,0x05,
0xbe,0x10,0x00,0x00,0x00,0x00,0x00,
/* U+53d9 */
0x00,0x14,0x00,0x00,0x00,0x00,0x07,0xe0,0x05,0x55,0x54,0x00,0xfb,0x81,0xff,0xff,0xc0,0x2d,0x1e,0x1b,0x95,0x6c,0x0b,0x40,
0x78,0x74,0x02,0x83,0xd0,0x01,0xd3,0x40,0x38,0xb9,0x55,0x54,0x38,0x03,0x45,0xbf,0xff,0x02,0x80,0x74,0x00,0x2d,0x00,0x2c,
0x07,0x00,0x02,0xc0,0x02,0xc0,0xb0,0x00,0x2c,0x00,0x1e,0x0e,0x06,0xab,0xfa,0x90,0xb1,0xd0,0x6a,0xbe,0xa9,0x07,0x6c,0x00,
0x02,0xc0,0x00,0x3b,0x40,0x0e,0x2c,0x70,0x02,0xf0,0x01,0xd2,0xc7,0x40,0x1f,0x00,0x2c,0x2c,0x3c,0x03,0xf4,0x03,0xc2,0xc1,
0xd0,0xb7,0xc0,0x74,0x2c,0x0e,0x2e,0x1e,0x0b,0x02,0xc0,0x0b,0x80,0xb8,0x11,0x6c,0x02,0xe0,0x02,0xe0,0x3f,0x80,0x38,0x00,
0x0a,0x01,0x50,0x00,0x00,0x00,0x00,
/* U+53e0 */
0x00,0xff,0xff,0xff,0xf0,0x00,0x05,0x50,0x01,0xb9,0x00,0x00,0x6a,0xfa,0xb8,0x00,0x00,0x15,0x6b,0xaa,0xfa,0x50,0x0b,0xa9,
0x40,0x01,0x6e,0x02,0xaa,0xaa,0x2a,0xaa,0xa4,0x19,0x56,0xe1,0x55,0x5f,0x41,0xe9,0xb4,0x0f,0x97,0x80,0x06,0xfe,0x40,0x1f,
0xf9,0x0b,0xe4,0x6f,0x2e,0x91,0xbc,0x55,0x55,0x55,0x55,0x55,0x43,0xff,0xff,0xff,0xff,0xfc,0x38,0x00,0x00,0x00,0x02,0xc3,
0x87,0xff,0xff,0xfd,0x2c,0x28,0x79,0x55,0x56,0xd2,0x80,0x07,0xaa,0xaa,0xad,0x00,0x00,0x79,0x55,0x56,0xd0,0x00,0x07,0x95,
0x55,0x6d,0x00,0x00,0x7a,0xaa,0xaa,0xd0,0x01,0x57,0x95,0x55,0x6d,0x54,0xbf,0xff,0xff,0xff,0xff,0xe0,
/* U+53e3 */
0xaa,0xaa,0xaa,0xaa,0xab,0xff,0xff,0xff,0xfe,0xb0,0x00,0x00,0x00,0xeb,0x00,0x00,0x00,0x0e,0xb0,0x00,0x00,0x00,0xeb,0x00,
0x00,0x00,0x0e,0xb0,0x00,0x00,0x00,0xeb,0x00,0x00,0x00,0x0e,0xb0,0x00,0x00,0x00,0xeb,0x00,0x00,0x00,0x0e,0xb0,0x00,0x00,
0x00,0xeb,0x00,0x00,0x00,0x0e,0xb0,0x00,0x00,0x00,0xeb,0x00,0x00,0x00,0x0e,0xb0,0x00,0x00,0x00,0xeb,0x55,0x55,0x55,0x5e,
0xbf,0xff,0xff,0xff,0xeb,0x95,0x55,0x55,0x6e,0xb0,0x00,0x00,0x00,0xe0,
/* U+53e4 */
0x00,0x00,0x0a,0x00,0x00,0x00,0x00,0x00,0xf0,0x00,0x00,0x00,0x00,0x0f,0x00,0x00,0x00,0x00,0x00,0xf0,0x00,0x00,0x55,0x55,
0x5f,0x55,0x55,0x5b,0xff,0xff,0xff,0xff,0xfe,0x55,0x55,0x5f,0x55,0x55,0x50,0x00,0x00,0xf0,0x00,0x00,0x00,0x00,0x0f,0x00,
0x00,0x00,0x00,0x00,0xf0,0x00,0x00,0x00,0x00,0x0f,0x00,0x00,0x00,0x1f,0xff,0xff,0xff,0x40,0x01,0xea,0xaa,0xaa,0xb4,0x00,
0x1d,0x00,0x00,0x07,0x40,0x01,0xd0,0x00,0x00,0x74,0x00,0x1d,0x00,0x00,0x07,0x40,0x01,0xd0,0x00,0x00,0x74,0x00,0x1d,0x00,
0x00,0x07,0x40,0x01,0xd0,0x00,0x00,0x74,0x00,0x1f,0xaa,0xaa,0xaf,0x40,0x01,0xff,0xff,0xff,0xf4,0x00,0x1d,0x00,0x00,0x07,
0x40,0x00,0x40,0x00,0x00,0x10,0x00,
/* U+53e5 */
0x00,0x18,0x00,0x00,0x00,0x00,0x0f,0x00,0x00,0x00,0x00,0x07,0x80,0x00,0x00,0x00,0x03,0xea,0xaa,0xaa,0xa8,0x01,0xff,0xff,
0xff,0xff,0x40,0xf4,0x00,0x00,0x02,0xd0,0xb4,0x00,0x00,0x00,0xb4,0xb8,0x00,0x00,0x00,0x2c,0xb8,0x55,0x55,0x50,0x0b,0x28,
0x2f,0xff,0xf8,0x02,0xc0,0x0b,0x55,0x5e,0x00,0xb0,0x02,0xc0,0x03,0x80,0x2c,0x00,0xb0,0x00,0xe0,0x0b,0x00,0x2c,0x00,0x38,
0x02,0xc0,0x0b,0x00,0x0e,0x00,0xb0,0x02,0xc0,0x03,0x80,0x2c,0x00,0xbf,0xff,0xe0,0x0b,0x00,0x1a,0xaa,0xa4,0x03,0x80,0x00,
0x00,0x00,0x00,0xe0,0x00,0x00,0x00,0x00,0x74,0x00,0x00,0x00,0x15,0xbc,0x00,0x00,0x00,0x0b,0xfd,0x00,0x00,0x00,0x01,0x50,
0x00,
/* U+53ec */
0x05,0x55,0x55,0x55,0x55,0x1f,0xff,0xff,0xff,0xff,0x05,0x55,0xe5,0x55,0x5e,0x00,0x02,0xd0,0x00,0x0e,0x00,0x03,0xc0,0x00,
0x0e,0x00,0x0b,0x40,0x00,0x0e,0x00,0x1e,0x00,0x00,0x1e,0x00,0x7d,0x00,0x00,0x2d,0x02,0xf4,0x00,0x2a,0xbc,0x6f,0x80,0x00,
0x3f,0xe0,0x79,0x00,0x00,0x00,0x00,0x00,0xaa,0xaa,0xaa,0xa9,0x01,0xff,0xff,0xff,0xfd,0x01,0xd0,0x00,0x00,0x1d,0x01,0xd0,
0x00,0x00,0x1d,0x01,0xd0,0x00,0x00,0x1d,0x01,0xd0,0x00,0x00,0x1d,0x01,0xd0,0x00,0x00,0x1d,0x01,0xe5,0x55,0x55,0x6d,0x01,
0xff,0xff,0xff,0xfd,0x01,0xe5,0x55,0x55,0x6d,0x00,0x40,0x00,0x00,0x04,
/* U+53ef */
0x15,0x55,0x55,0x55,0x55,0x4b,0xff,0xff,0xff,0xff,0xfe,0x6a,0xaa,0xaa,0xaa,0xba,0x90,0x00,0x00,0x00,0x07,0x80,0x00,0x00,
0x00,0x00,0x78,0x00,0x00,0x00,0x00,0x07,0x80,0x02,0xaa,0xaa,0x40,0x78,0x00,0x3e,0xaa,0xb4,0x07,0x80,0x03,0x80,0x07,0x40,
0x78,0x00,0x38,0x00,0x74,0x07,0x80,0x03,0x80,0x07,0x40,0x78,0x00,0x38,0x00,0x74,0x07,0x80,0x03,0x80,0x07,0x40,0x78,0x00,
0x3e,0xaa,0xb4,0x07,0x80,0x03,0xff,0xff,0x40,0x78,0x00,0x38,0x00,0x00,0x07,0x80,0x03,0x80,0x00,0x00,0x78,0x00,0x00,0x00,
0x00,0x07,0x80,0x00,0x00,0x00,0x00,0x78,0x00,0x00,0x00,0x05,0x5b,0x40,0x00,0x00,0x00,0xff,0xe0,0x00,0x00,0x00,0x05,0x50,
0x00,
/* U+53f0 */
0x00,0x01,0x40,0x00,0x00,0x00,0x00,0xf4,0x00,0x00,0x00,0x00,0xb4,0x00,0x00,0x00,0x00,0xb8,0x00,0x64,0x00,0x00,0x78,0x00,
0x0f,0x00,0x00,0x78,0x00,0x01,0xe0,0x00,0x78,0x00,0x00,0x1d,0x00,0xb8,0x00,0x55,0x6b,0xd0,0xff,0xff,0xff,0xff,0xfc,0x2f,
0xaa,0xa5,0x54,0x07,0x80,0x00,0x00,0x00,0x00,0xb4,0x00,0x00,0x00,0x00,0x18,0x0a,0xaa,0xaa,0xaa,0xa0,0x03,0xff,0xff,0xff,
0xfc,0x00,0xe0,0x00,0x00,0x0b,0x00,0x38,0x00,0x00,0x02,0xc0,0x0e,0x00,0x00,0x00,0xb0,0x03,0x80,0x00,0x00,0x2c,0x00,0xe0,
0x00,0x00,0x0b,0x00,0x3d,0x55,0x55,0x57,0xc0,0x0f,0xff,0xff,0xff,0xf0,0x03,0x95,0x55,0x55,0x6c,0x00,0x50,0x00,0x00,0x05,
0x00,
/* U+53f3 */
0x00,0x00,0x18,0x00,0x00,0x00,0x00,0x02,0xc0,0x00,0x00,0x00,0x00,0x38,0x00,0x00,0x00,0x00,0x07,0x80,0x00,0x00,0x7f,0xff,
0xff,0xff,0xff,0xe6,0xaa,0xaf,0xaa,0xaa,0xa9,0x00,0x01,0xd0,0x00,0x00,0x00,0x00,0x3c,0x00,0x00,0x00,0x00,0x0b,0x80,0x00,
0x00,0x00,0x00,0xf0,0x00,0x00,0x00,0x00,0x2e,0x00,0x00,0x00,0x00,0x07,0xff,0xff,0xff,0xd0,0x01,0xff,0xaa,0xaa,0xad,0x00,
0xbd,0xf0,0x00,0x01,0xd0,0x2f,0x4f,0x00,0x00,0x1d,0x0b,0xd0,0xf0,0x00,0x01,0xd0,0xb4,0x0f,0x00,0x00,0x1d,0x00,0x00,0xf0,
0x00,0x01,0xd0,0x00,0x0f,0x00,0x00,0x1d,0x00,0x00,0xfa,0xaa,0xaa,0xd0,0x00,0x0f,0xff,0xff,0xfd,0x00,0x00,0xf0,0x00,0x01,
0xd0,0x00,0x05,0x00,0x00,0x05,0x00,
/* U+53f6 */
0x00,0x00,0x00,0x18,0x00,0x00,0x00,0x00,0x0b,0x00,0x0a,0xaa,0x40,0x02,0xc0,0x03,0xff,0xd0,0x00,0xb0,0x00,0xe0,0x74,0x00,
0x2c,0x00,0x38,0x1d,0x00,0x0b,0x00,0x0e,0x07,0x40,0x02,0xc0,0x03,0x81,0xd0,0x00,0xb0,0x00,0xe0,0x75,0xaa,0xbe,0xaa,0xb8,
0x1d,0xbf,0xff,0xff,0xfe,0x07,0x40,0x02,0xc0,0x03,0x81,0xd0,0x00,0xb0,0x00,0xe0,0x74,0x00,0x2c,0x00,0x38,0x1d,0x00,0x0b,
0x00,0x0e,0x07,0x40,0x02,0xc0,0x03,0x81,0xd0,0x00,0xb0,0x00,0xe0,0x74,0x00,0x2c,0x00,0x3f,0xfd,0x00,0x0b,0x00,0x0f,0x5b,
0x40,0x02,0xc0,0x03,0x81,0xd0,0x00,0xb0,0x00,0x90,0x00,0x00,0x2c,0x00,0x00,0x00,0x00,0x0b,0x00,0x00,0x00,0x00,0x01,0x40,
0x00,
/* U+5408 */
0x00,0x00,0x0a,0x00,0x00,0x00,0x00,0x02,0xf8,0x00,0x00,0x00,0x00,0xb5,0xe0,0x00,0x00,0x00,0x2d,0x07,0x80,0x00,0x00,0x0b,
0x40,0x1e,0x00,0x00,0x07,0xd0,0x00,0x7d,0x00,0x02,0xf4,0x00,0x01,0xf8,0x01,0xf8,0x00,0x00,0x06,0xf4,0xbd,0x7f,0xff,0xff,
0xdb,0xea,0x42,0xaa,0xaa,0xa8,0x1a,0x00,0x00,0x00,0x00,0x00,0x00,0x00,0x00,0x00,0x00,0x00,0x01,0x55,0x55,0x55,0x54,0x00,
0x2f,0xff,0xff,0xff,0x80,0x02,0xd5,0x55,0x55,0x78,0x00,0x2c,0x00,0x00,0x03,0x80,0x02,0xc0,0x00,0x00,0x38,0x00,0x2c,0x00,
0x00,0x03,0x80,0x02,0xc0,0x00,0x00,0x38,0x00,0x2e,0xaa,0xaa,0xab,0x80,0x02,0xff,0xff,0xff,0xf8,0x00,0x2c,0x00,0x00,0x03,
0x80,0x01,0x40,0x00,0x00,0x14,0x00,
/* U+5409 */
0x00,0x00,0x0a,0x00,0x00,0x00,0x00,0x00,0xf0,0x00,0x00,0x00,0x00,0x0f,0x00,0x00,0x06,0xaa,0xaa,0xfa,0xaa,0xa9,0x7f,0xff,
0xff,0xff,0xff,0xd0,0x00,0x00,0xf0,0x00,0x00,0x00,0x00,0x0f,0x00,0x00,0x00,0x00,0x00,0xf0,0x00,0x00,0x05,0x55,0x5f,0x55,
0x55,0x01,0xff,0xff,0xff,0xff,0xf4,0x05,0x55,0x55,0x55,0x55,0x00,0x00,0x00,0x00,0x00,0x00,0x00,0x00,0x00,0x00,0x00,0x00,
0x3f,0xff,0xff,0xff,0xc0,0x03,0xea,0xaa,0xaa,0xbc,0x00,0x3c,0x00,0x00,0x03,0xc0,0x03,0xc0,0x00,0x00,0x3c,0x00,0x3c,0x00,
0x00,0x03,0xc0,0x03,0xc0,0x00,0x00,0x3c,0x00,0x3d,0x55,0x55,0x57,0xc0,0x03,0xff,0xff,0xff,0xfc,0x00,0x3d,0x55,0x55,0x57,
0xc0,0x01,0x40,0x00,0x00,0x14,0x00,
/* U+540c */
0x6a,0xaa,0xaa,0xaa,0xa9,0xbf,0xff,0xff,0xff,0xfe,0xb0,0x00,0x00,0x00,0x0e,0xb0,0x00,0x00,0x00,0x0e,0xb0,0x55,0x55,0x55,
0x0e,0xb0,0xff,0xff,0xff,0x4e,0xb0,0x55,0x55,0x55,0x0e,0xb0,0x00,0x00,0x00,0x0e,0xb0,0x00,0x00,0x00,0x0e,0xb0,0x2f,0xff,
0xf8,0x0e,0xb0,0x2e,0xaa,0xb8,0x0e,0xb0,0x2c,0x00,0x38,0x0e,0xb0,0x2c,0x00,0x38,0x0e,0xb0,0x2c,0x00,0x38,0x0e,0xb0,0x2c,
0x00,0x38,0x0e,0xb0,0x2f,0xff,0xf8,0x0e,0xb0,0x2a,0xaa,0xa8,0x0e,0xb0,0x00,0x00,0x00,0x0e,0xb0,0x00,0x00,0x00,0x0e,0xb0,
0x00,0x00,0x05,0x6d,0xb0,0x00,0x00,0x0f,0xfc,0x50,0x00,0x00,0x05,0x50,
/* U+540d */
0x00,0x00,0x28,0x00,0x00,0x00,0x00,0x78,0x00,0x00,0x00,0x01,0xf5,0x55,0x54,0x00,0x07,0xff,0xff,0xfd,0x00,0x2f,0x55,0x55,
0x7c,0x01,0xf8,0x00,0x00,0xb4,0x1f,0xd1,0x00,0x01,0xe0,0x1e,0x07,0xd0,0x0b,0x80,0x00,0x00,0xb8,0x2e,0x00,0x00,0x00,0x1f,
0xf8,0x00,0x00,0x00,0x1f,0xd0,0x00,0x00,0x06,0xfd,0x00,0x00,0x01,0xbf,0xfe,0xaa,0xaa,0x6f,0xff,0xaa,0xaa,0xaf,0x79,0x5e,
0x00,0x00,0x0b,0x00,0x1e,0x00,0x00,0x0b,0x00,0x1e,0x00,0x00,0x0b,0x00,0x1e,0x00,0x00,0x0b,0x00,0x1e,0x00,0x00,0x0b,0x00,
0x1f,0xaa,0xaa,0xaf,0x00,0x1f,0xff,0xff,0xff,0x00,0x1e,0x00,0x00,0x0b,0x00,0x05,0x00,0x00,0x05,
/* U+540e */
0x00,0x00,0x00,0x00,0x05,0x00,0x00,0x00,0x15,0xaf,0xf0,0x02,0xbf,0xff,0xff,0xa5,0x00,0x7e,0xaa,0x55,0x00,0x00,0x07,0x40,
0x00,0x00,0x00,0x00,0x74,0x00,0x00,0x00,0x00,0x07,0x40,0x00,0x00,0x00,0x00,0x7e,0xaa,0xaa,0xaa,0xaa,0x07,0xff,0xff,0xff,
0xff,0xe0,0x74,0x00,0x00,0x00,0x00,0x07,0x40,0x00,0x00,0x00,0x00,0x74,0x00,0x00,0x00,0x00,0x0b,0x46,0xaa,0xaa,0xaa,0x00,
0xb0,0x7f,0xff,0xff,0xf0,0x0f,0x07,0x40,0x00,0x0f,0x00,0xe0,0x74,0x00,0x00,0xf0,0x1e,0x07,0x40,0x00,0x0f,0x02,0xd0,0x74,
0x00,0x00,0xf0,0x3c,0x07,0x40,0x00,0x0f,0x07,0x80,0x79,0x55,0x55,0xf0,0xf0,0x07,0xff,0xff,0xff,0x0a,0x00,0x79,0x55,0x55,
0xf0,0x00,0x01,0x00,0x00,0x05,0x00,
/* U+5410 */
0x00,0x00,0x00,0x14,0x00,0x00,0x00,0x00,0x0b,0x00,0x0a,0xaa,0x40,0x02,0xc0,0x03,0xff,0xd0,0x00,0xb0,0x00,0xe0,0x74,0x00,
0x2c,0x00,0x38,0x1d,0x00,0x0b,0x00,0x0e,0x07,0x40,0x02,0xc0,0x03,0x81,0xd1,0x55,0xb5,0x54,0xe0,0x74,0xff,0xff,0xff,0x78,
0x1d,0x15,0x5f,0x55,0x4e,0x07,0x40,0x02,0xc0,0x03,0x81,0xd0,0x00,0xb0,0x00,0xe0,0x74,0x00,0x2c,0x00,0x38,0x1d,0x00,0x0b,
0x00,0x0e,0x07,0x40,0x02,0xc0,0x03,0x81,0xd0,0x00,0xb0,0x00,0xe0,0x74,0x00,0x2c,0x00,0x3f,0xfd,0x00,0x0b,0x00,0x0f,0xab,
0x40,0x02,0xc0,0x03,0x81,0xd0,0x00,0xb0,0x00,0x50,0x02,0xff,0xff,0xff,0xc0,0x00,0x6a,0xaa,0xaa,0xa0,
/* U+5411 */
0x00,0x00,0x60,0x00,0x00,0x00,0x00,0xf0,0x00,0x00,0x00,0x01,0xe0,0x00,0x00,0x00,0x02,0xd0,0x00,0x00,0x7f,0xff,0xff,0xff,
0xfe,0x7a,0xaa,0xaa,0xaa,0xae,0x74,0x00,0x00,0x00,0x0e,0x74,0x00,0x00,0x00,0x0e,0x74,0x00,0x00,0x00,0x0e,0x74,0x1f,0xff,
0xf4,0x0e,0x74,0x1e,0xaa,0xb4,0x0e,0x74,0x1d,0x00,0x74,0x0e,0x74,0x1d,0x00,0x74,0x0e,0x74,0x1d,0x00,0x74,0x0e,0x74,0x1d,
0x00,0x74,0x0e,0x74,0x1d,0x55,0x74,0x0e,0x74,0x1f,0xff,0xf4,0x0e,0x74,0x05,0x55,0x50,0x0e,0x74,0x00,0x00,0x00,0x0e,0x74,
0x00,0x00,0x00,0x0e,0x74,0x00,0x00,0x15,0x6d,0x74,0x00,0x00,0x1f,0xfc,0x10,0x00,0x00,0x05,0x50,
/* U+5415 */
0x05,0x55,0x55,0x55,0x01,0xff,0xff,0xff,0xf4,0x1e,0x55,0x55,0x5b,0x41,0xe0,0x00,0x00,0x74,0x1e,0x00,0x00,0x07,0x41,0xe0,
0x00,0x00,0x74,0x1e,0x55,0x55,0x5b,0x41,0xff,0xff,0xff,0xf4,0x05,0x55,0x55,0x55,0x00,0x00,0x00,0x00,0x00,0x00,0x00,0x00,
0x00,0x0a,0xaa,0xaa,0xaa,0xaa,0xba,0xaa,0xaa,0xaa,0xeb,0x00,0x00,0x00,0x0e,0xb0,0x00,0x00,0x00,0xeb,0x00,0x00,0x00,0x0e,
0xb0,0x00,0x00,0x00,0xeb,0x00,0x00,0x00,0x0e,0xba,0xaa,0xaa,0xaa,0xeb,0xff,0xff,0xff,0xfe,0xb0,0x00,0x00,0x00,0xe5,0x00,
0x00,0x00,0x05,
/* U+541b */
0x02,0xaa,0xaa,0xaa,0xa4,0x00,0x3f,0xff,0xff,0xff,0x40,0x00,0x00,0xb4,0x00,0x74,0x00,0x00,0x0b,0x00,0x07,0x40,0x55,0x55,
0xb5,0x55,0xb9,0x5b,0xff,0xff,0xff,0xff,0xfe,0x00,0x01,0xe0,0x00,0x78,0x00,0x00,0x1d,0x00,0x07,0x40,0x00,0x02,0xd0,0x00,
0x74,0x00,0xbf,0xff,0xff,0xff,0x40,0x05,0x5f,0x95,0x55,0x54,0x00,0x01,0xe0,0x00,0x00,0x00,0x00,0x7d,0x00,0x00,0x00,0x00,
0x0f,0xff,0xff,0xff,0xd0,0x07,0xee,0x55,0x55,0x6d,0x02,0xf5,0xe0,0x00,0x02,0xd0,0xbd,0x1e,0x00,0x00,0x2d,0x0a,0x01,0xe0,
0x00,0x02,0xd0,0x00,0x1e,0xaa,0xaa,0xad,0x00,0x01,0xff,0xff,0xff,0xd0,0x00,0x1e,0x00,0x00,0x2d,0x00,0x00,0x50,0x00,0x01,
0x40,
/* U+542b */
0x00,0x00,0x05,0x00,0x00,0x00,0x00,0x02,0xf8,0x00,0x00,0x00,0x00,0xfa,0xe0,0x00,0x00,0x00,0x7d,0x0b,0x80,0x00,0x00,0x1f,
0x40,0x1f,0x40,0x00,0x1f,0x82,0x80,0x7f,0x40,0x1f,0xd0,0x2e,0x00,0x7f,0x4f,0xd0,0x00,0x78,0x00,0xbf,0x50,0x00,0x01,0x00,
0x00,0x50,0x1a,0xaa,0xaa,0xa9,0x00,0x01,0xff,0xff,0xff,0xe0,0x00,0x00,0x00,0x00,0x3d,0x00,0x00,0x00,0x00,0x0f,0x40,0x00,
0x00,0x00,0x07,0xd0,0x00,0x02,0xaa,0xaa,0xfe,0xa8,0x00,0x2f,0xff,0xff,0xff,0xc0,0x02,0xc0,0x00,0x00,0x3c,0x00,0x2c,0x00,
0x00,0x03,0xc0,0x02,0xc0,0x00,0x00,0x3c,0x00,0x2d,0x55,0x55,0x57,0xc0,0x02,0xff,0xff,0xff,0xfc,0x00,0x2d,0x55,0x55,0x57,
0xc0,0x01,0x40,0x00,0x00,0x14,0x00,
/* U+542c */
0x00,0x00,0x00,0x01,0xbf,0x1a,0xa9,0x06,0xbf,0xfe,0x4b,0xff,0x81,0xfa,0x94,0x02,0xc0,0xe0,0x74,0x00,0x00,0xb0,0x38,0x1d,
0x00,0x00,0x2c,0x0e,0x07,0x40,0x00,0x0b,0x03,0x81,0xd0,0x00,0x02,0xc0,0xe0,0x7e,0xaa,0xaa,0xb0,0x38,0x1f,0xab,0xfa,0xac,
0x0e,0x07,0x40,0xb0,0x0b,0x03,0x82,0xd0,0x2c,0x02,0xc0,0xe0,0xb0,0x0b,0x00,0xb0,0x38,0x3c,0x02,0xc0,0x2c,0x0e,0x0e,0x00,
0xb0,0x0b,0xab,0x87,0x80,0x2c,0x02,0xff,0xe2,0xd0,0x0b,0x00,0xb0,0x00,0xf0,0x02,0xc0,0x28,0x00,0xb4,0x00,0xb0,0x00,0x00,
0x7c,0x00,0x2c,0x00,0x00,0x3d,0x00,0x0b,0x00,0x00,0x0a,0x00,0x02,0xc0,0x00,0x00,0x00,0x00,0x50,0x00,
/* U+542f */
0x00,0x00,0x09,0x00,0x00,0x00,0x00,0x03,0xc0,0x00,0x00,0x00,0x00,0x74,0x00,0x00,0x1f,0xff,0xff,0xff,0xfd,0x07,0xaa,0xaa,
0xaa,0xab,0x41,0xd0,0x00,0x00,0x01,0xd0,0x74,0x00,0x00,0x00,0x74,0x1d,0x00,0x00,0x00,0x1d,0x07,0xaa,0xaa,0xaa,0xab,0x41,
0xff,0xff,0xff,0xff,0xd0,0x74,0x00,0x00,0x00,0x00,0x1d,0x00,0x00,0x00,0x00,0x07,0x40,0x00,0x00,0x00,0x02,0xc2,0xaa,0xaa,
0xaa,0x80,0xb0,0xff,0xff,0xff,0xf0,0x2c,0x38,0x00,0x00,0x2c,0x0e,0x0e,0x00,0x00,0x0b,0x07,0x83,0x80,0x00,0x02,0xc2,0xc0,
0xe0,0x00,0x00,0xb1,0xe0,0x39,0x55,0x55,0x7c,0xb0,0x0f,0xff,0xff,0xff,0x28,0x03,0x95,0x55,0x56,0xc0,0x00,0x50,0x00,0x00,
0x50,
/* U+5434 */
0x01,0x55,0x55,0x55,0x40,0x01,0xff,0xff,0xff,0xf0,0x00,0x78,0x00,0x00,0x2c,0x00,0x1e,0x00,0x00,0x0b,0x00,0x07,0x80,0x00,
0x02,0xc0,0x01,0xe5,0x55,0x55,0xb0,0x00,0x7f,0xff,0xff,0xfc,0x00,0x05,0x55,0x55,0x55,0x00,0x00,0x00,0x00,0x00,0x00,0x06,
0xaa,0xaa,0xaa,0xa9,0x01,0xff,0xff,0xff,0xff,0x40,0x00,0x00,0xe0,0x00,0x00,0x00,0x00,0x38,0x00,0x00,0x15,0x55,0x6e,0x55,
0x55,0x4f,0xff,0xff,0xff,0xff,0xf0,0x00,0x07,0xfd,0x00,0x00,0x00,0x02,0xd3,0xd0,0x00,0x00,0x06,0xe0,0x2e,0x40,0x00,0x1b,
0xd0,0x01,0xf9,0x01,0xbf,0x80,0x00,0x0b,0xf9,0xf9,0x00,0x00,0x00,0x1f,0x50,0x00,0x00,0x00,0x00,0x40,
/* U+543e */
0x1a,0xaa,0xaa,0xaa,0xaa,0x42,0xff,0xff,0xff,0xff,0xf8,0x00,0x00,0xb0,0x00,0x00,0x00,0x00,0x0e,0x00,0x00,0x00,0x01,0x55,
0xe5,0x55,0x50,0x00,0x3f,0xff,0xff,0xff,0x00,0x01,0x56,0xd5,0x55,0xf0,0x00,0x00,0x38,0x00,0x0b,0x00,0x00,0x07,0x40,0x00,
0xb0,0x06,0xaa,0xba,0xaa,0xaf,0xa9,0xbf,0xff,0xff,0xff,0xff,0xe0,0x00,0x00,0x00,0x00,0x00,0x00,0x00,0x00,0x00,0x00,0x00,
0x0a,0xaa,0xaa,0xaa,0x80,0x01,0xfa,0xaa,0xaa,0xb8,0x00,0x1e,0x00,0x00,0x03,0x80,0x01,0xe0,0x00,0x00,0x38,0x00,0x1e,0x00,
0x00,0x03,0x80,0x01,0xe5,0x55,0x55,0x78,0x00,0x1f,0xff,0xff,0xff,0x80,0x01,0xe5,0x55,0x55,0x78,0x00,0x05,0x00,0x00,0x01,
0x40,
/* U+5448 */
0x02,0xaa,0xaa,0xaa,0xa8,0x00,0x2f,0xff,0xff,0xff,0x80,0x02,0xc0,0x00,0x00,0x38,0x00,0x2c,0x00,0x00,0x03,0x80,0x02,0xc0,
0x00,0x00,0x38,0x00,0x2c,0x00,0x00,0x03,0x80,0x02,0xff,0xff,0xff,0xf8,0x00,0x1a,0xaa,0xaa,0xaa,0x40,0x00,0x00,0x00,0x00,
0x00,0x00,0x55,0x55,0x55,0x55,0x50,0x1f,0xff,0xff,0xff,0xff,0x40,0x55,0x55,0xf5,0x55,0x50,0x00,0x00,0x0b,0x00,0x00,0x00,
0x00,0x00,0xb0,0x00,0x00,0x02,0xaa,0xaf,0xaa,0xa8,0x00,0x2f,0xff,0xff,0xff,0xc0,0x00,0x00,0x0b,0x00,0x00,0x00,0x00,0x00,
0xb0,0x00,0x00,0x00,0x00,0x0b,0x00,0x00,0x0b,0xff,0xff,0xff,0xff,0xfe,0x6a,0xaa,0xaa,0xaa,0xaa,0x90,
/* U+5458 */
0x01,0xaa,0xaa,0xaa,0x40,0x02,0xea,0xaa,0xab,0x80,0x02,0xc0,0x00,0x03,0x80,0x02,0xc0,0x00,0x03,0x80,0x02,0xd5,0x55,0x57,
0x80,0x02,0xff,0xff,0xff,0x80,0x01,0x55,0x55,0x55,0x40,0x00,0x00,0x00,0x00,0x00,0x0f,0xff,0xff,0xff,0xf0,0x0f,0xaa,0xaa,
0xaa,0xf0,0x0e,0x00,0x00,0x00,0xb0,0x0e,0x00,0x28,0x00,0xb0,0x0e,0x00,0x3c,0x00,0xb0,0x0e,0x00,0x38,0x00,0xb0,0x0e,0x00,
0x78,0x00,0xb0,0x0e,0x00,0xb4,0x00,0xb0,0x0e,0x00,0xf0,0x00,0xb0,0x05,0x02,0xe2,0xe0,0x00,0x00,0x1b,0x81,0xbe,0x40,0x56,
0xfe,0x00,0x06,0xf9,0xff,0x90,0x00,0x00,0x6f,0x50,0x00,0x00,0x00,0x01,
/* U+5468 */
0x06,0xaa,0xaa,0xaa,0xaa,0x42,0xff,0xff,0xff,0xff,0xd0,0xb0,0x00,0x50,0x00,0x74,0x2c,0x00,0x2c,0x00,0x1d,0x0b,0x05,0x5b,
0x55,0x07,0x42,0xc3,0xff,0xff,0xd1,0xd0,0xb0,0x00,0xb4,0x00,0x74,0x2c,0x00,0x2c,0x00,0x1d,0x0b,0x15,0x5b,0x95,0x47,0x42,
0xcb,0xff,0xff,0xf5,0xd0,0xb0,0x00,0x00,0x00,0x74,0x2c,0x00,0x00,0x00,0x1d,0x0e,0x0b,0xff,0xff,0x07,0x43,0x82,0xd5,0x56,
0xc1,0xd0,0xe0,0xb0,0x00,0xb0,0x74,0x74,0x2c,0x00,0x2c,0x1d,0x1d,0x0b,0xaa,0xaf,0x07,0x4b,0x02,0xaa,0xaa,0x81,0xd3,0x80,
0x00,0x00,0x00,0x75,0xd0,0x00,0x00,0x05,0x6d,0x70,0x00,0x00,0x07,0xfe,0x00,0x00,0x00,0x00,0x54,0x00,
/* U+547c */
0x00,0x00,0x00,0x00,0x05,0x00,0x00,0x00,0x15,0xbf,0xca,0xaa,0x1b,0xff,0xfa,0x43,0xff,0xc6,0xa5,0xe0,0x00,0xe0,0xb0,0x00,
0x38,0x05,0x38,0x2c,0x14,0x0e,0x02,0xce,0x0b,0x0b,0x03,0x80,0xe3,0x82,0xc1,0xd0,0xe0,0x78,0xe0,0xb0,0x38,0x38,0x2c,0x38,
0x2c,0x0b,0x0e,0x0e,0x0e,0x0b,0x01,0x83,0x81,0x43,0x82,0xc0,0x00,0xe0,0x00,0xe0,0xb3,0xff,0xff,0xff,0xf8,0x2c,0xaa,0xaf,
0xaa,0xae,0x0b,0x00,0x03,0x80,0x03,0x82,0xc0,0x00,0xe0,0x00,0xe0,0xb0,0x00,0x38,0x00,0x3f,0xfc,0x00,0x0e,0x00,0x0e,0xab,
0x00,0x03,0x80,0x03,0x82,0xc0,0x00,0xe0,0x00,0x90,0x00,0x05,0x78,0x00,0x00,0x00,0x07,0xfd,0x00,0x00,0x00,0x00,0x54,0x00,
0x00,
/* U+548c */
0x00,0x00,0x10,0x00,0x00,0x00,0x05,0xbc,0x00,0x00,0x02,0xbf,0xf9,0x1f,0xff,0xf8,0xea,0xe0,0x07,0xaa,0xaf,0x00,0x38,0x01,
0xd0,0x03,0xc0,0x0e,0x00,0x74,0x00,0xf0,0x03,0x80,0x1d,0x00,0x3d,0xff,0xff,0xe7,0x40,0x0f,0x6a,0xbe,0xa5,0xd0,0x03,0xc0,
0x1e,0x00,0x74,0x00,0xf0,0x0f,0xd0,0x1d,0x00,0x3c,0x0b,0xfd,0x07,0x40,0x0f,0x03,0x7a,0xd1,0xd0,0x03,0xc2,0x8e,0x2d,0x74,
0x00,0xf2,0xd3,0x83,0x5d,0x00,0x3e,0xe0,0xe0,0x07,0x40,0x0f,0xa0,0x38,0x01,0xd0,0x03,0xd0,0x0e,0x00,0x74,0x00,0xf0,0x03,
0x80,0x1f,0xff,0xfc,0x00,0xe0,0x07,0xaa,0xaf,0x00,0x38,0x01,0xd0,0x03,0xc0,0x0e,0x00,0x64,0x00,0x50,0x01,0x00,0x00,0x00,
0x00,
/* U+54b8 */
0x00,0x00,0x00,0x18,0x00,0x00,0x00,0x00,0x01,0xd2,0xc0,0x00,0x00,0x00,0x1d,0x1d,0x00,0x15,0x55,0x55,0xd5,0xe4,0x0b,0xff,
0xff,0xff,0xff,0xd0,0xb5,0x55,0x56,0xe5,0x54,0x0b,0x00,0x00,0x1d,0x00,0x00,0xb0,0x55,0x50,0xe0,0x10,0x0b,0x2f,0xff,0x8e,
0x07,0x40,0xb1,0x55,0x54,0xe0,0xb0,0x0b,0x00,0x00,0x0e,0x0e,0x00,0xf0,0x55,0x50,0xb1,0xd0,0x0e,0x1f,0xff,0x0b,0x2c,0x00,
0xe1,0xd0,0x70,0x77,0x80,0x1e,0x1d,0x07,0x03,0xf0,0x01,0xd1,0xd0,0x70,0x3e,0x00,0x1d,0x1e,0xab,0x03,0xd0,0x42,0xc1,0xaa,
0xa0,0xfe,0x0b,0x38,0x00,0x00,0x2e,0xb0,0xbb,0x40,0x00,0x1b,0x87,0x8e,0xf0,0x00,0x07,0xe0,0x1f,0xda,0x00,0x00,0xf4,0x00,
0x78,0x00,0x00,0x04,0x00,0x00,0x00,
/* U+54c8 */
0x00,0x00,0x00,0x14,0x00,0x00,0x00,0x00,0x2f,0x00,0x0a,0xaa,0x00,0x2e,0xe0,0x03,0xff,0xd0,0x1e,0x1d,0x00,0xe0,0x74,0x0f,
0x02,0xd0,0x38,0x1d,0x1f,0x40,0x3d,0x0e,0x07,0x5f,0x40,0x07,0xd3,0x81,0xef,0x40,0x00,0x7e,0xe0,0x7f,0x6f,0xff,0xe2,0xb8,
0x1d,0x46,0xaa,0xa4,0x0e,0x07,0x40,0x00,0x00,0x03,0x81,0xd0,0x00,0x00,0x00,0xe0,0x74,0x15,0x55,0x54,0x38,0x1d,0x2f,0xff,
0xfe,0x0e,0x07,0x4b,0x55,0x57,0x83,0x81,0xd2,0xc0,0x00,0xe0,0xe5,0xb4,0xb0,0x00,0x38,0x3f,0xfd,0x2c,0x00,0x0e,0x0e,0x5b,
0x4b,0x00,0x03,0x83,0x81,0x82,0xea,0xaa,0xe0,0x00,0x00,0xbf,0xff,0xf8,0x00,0x00,0x2c,0x00,0x0e,0x00,0x00,0x05,0x00,0x01,
0x40,
/* U+54cd */
0x00,0x00,0x00,0x64,0x00,0x00,0x00,0x00,0x2d,0x00,0x0a,0xa9,0x00,0x0f,0x00,0x03,0xff,0xc5,0x57,0xd5,0x54,0xe0,0xb2,0xff,
0xff,0xff,0x78,0x2c,0xb4,0x00,0x02,0xde,0x0b,0x2c,0x00,0x00,0x77,0x82,0xcb,0x01,0x54,0x1d,0xe0,0xb2,0xc3,0xff,0x87,0x78,
0x2c,0xb0,0xe5,0xe1,0xde,0x0b,0x2c,0x38,0x38,0x77,0x82,0xcb,0x0e,0x0e,0x1d,0xe0,0xb2,0xc3,0x83,0x87,0x78,0x2c,0xb0,0xe0,
0xe1,0xde,0x0b,0x2c,0x38,0x38,0x77,0x82,0xcb,0x0e,0x5e,0x1d,0xe0,0xb2,0xc3,0xff,0x87,0x7f,0xfc,0xb0,0x55,0x41,0xde,0xaf,
0x2c,0x00,0x00,0x77,0x82,0xcb,0x00,0x00,0x2d,0x90,0x02,0xc0,0x01,0x6f,0x00,0x00,0xb0,0x00,0xff,0x40,0x00,0x04,0x00,0x15,
0x00,
/* U+5510 */
0x00,0x00,0x06,0x40,0x00,0x00,0x00,0x00,0x78,0x00,0x00,0x06,0xaa,0xab,0xea,0xaa,0x80,0xbf,0xff,0xff,0xff,0xfc,0x0b,0x00,
0x00,0x40,0x00,0x00,0xb0,0x00,0x1d,0x00,0x00,0x0b,0x0f,0xff,0xff,0xfc,0x00,0xb0,0x55,0x6d,0x56,0xc0,0x0b,0x00,0x01,0xd0,
0x2c,0x00,0xbf,0xff,0xff,0xff,0xfe,0x0b,0xaa,0xaa,0xea,0xbe,0x90,0xb0,0x00,0x1d,0x02,0xc0,0x0f,0x0a,0xaa,0xea,0xbc,0x00,
0xe0,0xaa,0xbf,0xaa,0x80,0x0e,0x00,0x01,0xd0,0x00,0x01,0xd0,0x55,0x6d,0x55,0x50,0x1d,0x0f,0xff,0xff,0xfe,0x02,0xc0,0xe0,
0x00,0x01,0xe0,0x38,0x0e,0x00,0x00,0x0e,0x0b,0x40,0xe0,0x00,0x00,0xe0,0xf0,0x0f,0xff,0xff,0xfe,0x05,0x00,0xfa,0xaa,0xaa,
0xe0,0x00,0x05,0x00,0x00,0x05,0x00,
/* U+5546 */
0x00,0x00,0x19,0x00,0x00,0x00,0x00,0x01,0xe0,0x00,0x00,0x6a,0xaa,0xaf,0xaa,0xaa,0x9b,0xff,0xff,0xff,0xff,0xfe,0x00,0x1d,
0x00,0x0b,0x40,0x00,0x00,0xf0,0x00,0xe0,0x00,0x00,0x0b,0x40,0x2d,0x00,0x01,0xff,0xff,0xff,0xff,0xf4,0x1e,0x55,0x55,0x55,
0x5b,0x41,0xd0,0x1d,0x07,0x40,0x74,0x1d,0x07,0xd0,0x7d,0x07,0x41,0xd1,0xf4,0x00,0xb8,0x74,0x1d,0xbd,0x00,0x02,0xe7,0x41,
0xde,0x55,0x55,0x5a,0x74,0x1d,0x07,0xff,0xfd,0x07,0x41,0xd0,0x74,0x01,0xd0,0x74,0x1d,0x07,0x40,0x1d,0x07,0x41,0xd0,0x74,
0x01,0xd0,0x74,0x1d,0x07,0xff,0xfd,0x07,0x41,0xd0,0x55,0x55,0x50,0x74,0x1d,0x00,0x00,0x00,0x5b,0x41,0xd0,0x00,0x00,0x1f,
0xe0,0x04,0x00,0x00,0x00,0x54,0x00,
/* U+5580 */
0x00,0x00,0x00,0x90,0x00,0x00,0x00,0x00,0x2c,0x00,0x0a,0xa9,0x2a,0xab,0xaa,0xa3,0xff,0x8f,0xff,0xff,0xfc,0xe0,0xe3,0x81,
0x40,0x0b,0x38,0x38,0xe1,0xd0,0x02,0xce,0x0e,0x00,0xf5,0x55,0x43,0x83,0x80,0xbf,0xff,0xd0,0xe0,0xe0,0xbd,0x01,0xe0,0x38,
0x38,0xfa,0xd1,0xe0,0x0e,0x0e,0x24,0x2e,0xf0,0x03,0x83,0x80,0x03,0xf4,0x00,0xe0,0xe0,0x07,0xef,0x90,0x38,0x38,0x6f,0x90,
0x7f,0x9e,0x0e,0xfe,0x40,0x01,0xbf,0x83,0x95,0xff,0xff,0xe5,0xe5,0xe0,0x7a,0xaa,0xb8,0x3f,0xf8,0x1d,0x00,0x0e,0x0e,0x5e,
0x07,0x40,0x03,0x83,0x83,0x81,0xd0,0x00,0xe0,0x90,0x00,0x7f,0xff,0xf8,0x00,0x00,0x1e,0x55,0x5e,0x00,0x00,0x01,0x00,0x01,
0x40,
/* U+5584 */
0x00,0x19,0x00,0x06,0x40,0x00,0x00,0xf0,0x00,0xf0,0x00,0x15,0x5b,0x95,0x6e,0x55,0x42,0xff,0xff,0xff,0xff,0xf8,0x00,0x00,
0x0f,0x00,0x00,0x00,0x55,0x55,0xf5,0x55,0x50,0x0b,0xff,0xff,0xff,0xfe,0x00,0x00,0x00,0xf0,0x00,0x00,0x15,0x55,0x5f,0x55,
0x55,0x43,0xff,0xff,0xff,0xff,0xfc,0x00,0x78,0x0f,0x01,0xd0,0x00,0x02,0xc0,0xf0,0x3c,0x00,0x6a,0xae,0xaf,0xab,0xaa,0x97,
0xff,0xff,0xff,0xff,0xfd,0x00,0x00,0x00,0x00,0x00,0x00,0x15,0x55,0x55,0x55,0x40,0x03,0xff,0xff,0xff,0xfc,0x00,0x39,0x55,
0x55,0x56,0xc0,0x03,0x80,0x00,0x00,0x2c,0x00,0x38,0x00,0x00,0x02,0xc0,0x03,0xff,0xff,0xff,0xfc,0x00,0x3d,0x55,0x55,0x57,
0xc0,0x01,0x40,0x00,0x00,0x14,0x00,
/* U+5587 */
0x00,0x00,0x05,0x00,0x00,0x40,0x00,0x02,0xc0,0x00,0x72,0xaa,0x15,0xb5,0x4b,0x1d,0xff,0xcf,0xff,0xf6,0xc7,0x74,0xb1,0x5b,
0x54,0xb1,0xdd,0x2c,0x02,0xc0,0x2c,0x77,0x4b,0x2f,0xff,0xcb,0x1d,0xd2,0xcb,0x6d,0xb2,0xc7,0x74,0xb2,0x8a,0x1c,0xb1,0xdd,
0x2c,0xa2,0x87,0x2c,0x77,0x4b,0x28,0xa1,0xcb,0x1d,0xd2,0xca,0x6d,0xb2,0xc7,0x74,0xb2,0xff,0xfc,0xb1,0xdd,0x2c,0x03,0xc0,
0x2c,0x77,0x4b,0x01,0xf0,0x0b,0x1d,0xd2,0xc0,0xff,0x42,0xc7,0x75,0xb0,0x7b,0xb4,0xb1,0xdf,0xfc,0x76,0xcb,0x44,0x77,0x55,
0x78,0xb0,0x90,0x1d,0xd0,0x3c,0x2c,0x00,0x07,0x10,0x08,0x0b,0x00,0x56,0xc0,0x00,0x02,0xc0,0x2f,0xd0,0x00,0x00,0x10,0x00,
0x00,
/* U+559c */
0x00,0x00,0x0a,0x00,0x00,0x00,0x00,0x00,0xf0,0x00,0x00,0x2f,0xff,0xff,0xff,0xff,0x81,0x55,0x55,0xf5,0x55,0x54,0x00,0x00,
0x0f,0x00,0x00,0x00,0xff,0xff,0xff,0xff,0xf0,0x05,0x55,0x55,0x55,0x55,0x00,0x15,0x55,0x55,0x55,0x40,0x02,0xfa,0xaa,0xaa,
0xf8,0x00,0x2c,0x00,0x00,0x03,0x80,0x02,0xd5,0x55,0x55,0x78,0x00,0x1f,0xff,0xff,0xff,0x40,0x00,0x0f,0x00,0x0b,0x00,0x05,
0x55,0xb9,0x55,0xe5,0x55,0xbf,0xff,0xff,0xff,0xff,0xe0,0x00,0x00,0x00,0x00,0x00,0x01,0xaa,0xaa,0xaa,0xa4,0x00,0x3f,0xff,
0xff,0xff,0xc0,0x03,0x80,0x00,0x00,0x2c,0x00,0x38,0x00,0x00,0x02,0xc0,0x03,0xff,0xff,0xff,0xfc,0x00,0x3d,0x55,0x55,0x57,
0xc0,0x01,0x40,0x00,0x00,0x14,0x00,
/* U+5609 */
0x00,0x00,0x0a,0x00,0x00,0x00,0x55,0x55,0xf5,0x55,0x50,0x2f,0xff,0xff,0xff,0xff,0x80,0x55,0x55,0xf5,0x55,0x50,0x05,0x55,
0x5f,0x55,0x55,0x00,0xbf,0xff,0xff,0xff,0xe0,0x00,0x00,0x00,0x00,0x00,0x00,0x1a,0xaa,0xaa,0xaa,0x40,0x02,0xea,0xaa,0xaa,
0xb4,0x00,0x2c,0x00,0x00,0x03,0x40,0x02,0xea,0xaa,0xaa,0xb4,0x00,0x1a,0xfa,0xaa,0xba,0x40,0x00,0x0b,0x00,0x0f,0x00,0x0a,
0xaa,0xfe,0xaa,0xfa,0xaa,0x6a,0xbe,0xaa,0xaa,0xaa,0x90,0x03,0x40,0x00,0x00,0x00,0x2a,0xba,0xa4,0xbf,0xff,0x02,0xaf,0xab,
0x8f,0x55,0xb0,0x01,0xd0,0x38,0xe0,0x0b,0x00,0x78,0x07,0x4e,0x00,0xb0,0x2f,0x01,0xb4,0xff,0xff,0x07,0x81,0xfe,0x0f,0x55,
0xb0,0x10,0x05,0x00,0x50,0x05,0x00,
/* U+560e */
0x00,0x06,0xaa,0xaa,0xaa,0x55,0x56,0xff,0xff,0xff,0xdf,0xfd,0x00,0x1e,0x00,0x03,0x87,0x46,0xab,0xaa,0x90,0xe0,0xd1,0xea,
0xaa,0xb8,0x38,0x34,0x75,0x55,0x5e,0x0e,0x0d,0x1f,0xff,0xff,0x83,0x83,0x47,0x40,0x00,0xe0,0xe0,0xd1,0xff,0xff,0xf8,0x38,
0x34,0x79,0x55,0x5e,0x0e,0x0d,0x1e,0x55,0x57,0x83,0x83,0x46,0xbe,0xaf,0xa0,0xe0,0xd0,0x0e,0x01,0xd0,0x38,0x34,0x02,0xc1,
0x7a,0xae,0xad,0x5a,0xff,0xff,0xa7,0xff,0x6f,0xaf,0x50,0x50,0xe0,0x00,0x01,0xd1,0xf8,0x24,0x00,0x00,0x2f,0xe0,0x50,0x00,
0x00,0x6f,0xd0,0x2c,0x00,0x1a,0xf9,0x6e,0x5e,0x00,0x1f,0x90,0x01,0xbf,0x00,0x01,0x00,0x00,0x01,0x00,
/* U+5634 */
0x00,0x00,0x09,0x06,0x00,0x00,0x00,0x53,0x81,0xd0,0x4a,0xa9,0x34,0xfe,0x76,0xf7,0xff,0x4d,0x3a,0x5f,0x90,0xe1,0xd3,0x4e,
0x07,0x41,0x78,0x74,0xd3,0x95,0xd0,0xee,0x1d,0xbf,0xfe,0x7e,0xb7,0x87,0x7a,0xb4,0x0a,0xe8,0xe1,0xd0,0x2e,0x55,0x40,0x38,
0x74,0x2e,0xaa,0xf4,0x0e,0x1d,0x6d,0x00,0x78,0x03,0x87,0xbf,0xaa,0xbe,0xa4,0xe1,0xd9,0xea,0xba,0xae,0x38,0x74,0x34,0x1d,
0x03,0x8e,0x1d,0x0e,0xab,0xaa,0xe3,0x87,0x47,0xaa,0xea,0xb8,0xe5,0xd1,0xd0,0x74,0x0e,0x3f,0xf4,0xba,0xaf,0xab,0x8e,0x54,
0x3e,0xab,0xaa,0xe3,0x80,0x2d,0x01,0xd0,0x38,0x50,0x1e,0x00,0x74,0x1d,0x00,0x0f,0x00,0x1d,0x7f,0x00,0x00,0x00,0x01,0x05,
0x00,
/* U+5668 */
0x06,0xaa,0x90,0x6a,0xaa,0x00,0xba,0xae,0x0b,0xaa,0xe0,0x0b,0x00,0xe0,0xb0,0x0a,0x00,0xb0,0x0e,0x0b,0x00,0xa0,0x0b,0x55,
0xe0,0xb5,0x5e,0x00,0xbf,0xfe,0x0b,0xff,0xe0,0x00,0x00,0x14,0x01,0x90,0x00,0x00,0x03,0xc0,0x0e,0x00,0x55,0x55,0xb9,0x55,
0xb9,0x5b,0xff,0xff,0xff,0xff,0xfe,0x00,0x0b,0x80,0x1e,0x00,0x00,0x07,0xe0,0x00,0x7d,0x00,0x06,0xf4,0x00,0x00,0xb9,0x0b,
0xf9,0x00,0x00,0x01,0xfe,0xab,0xff,0xf0,0xff,0xff,0xa0,0x75,0x5b,0x0e,0x55,0xe0,0x07,0x40,0xb0,0xe0,0x0a,0x00,0x74,0x0b,
0x0e,0x00,0xa0,0x07,0x40,0xb0,0xe0,0x0e,0x00,0x7f,0xff,0x0f,0xff,0xe0,0x07,0x95,0xb0,0xe5,0x5e,0x00,0x10,0x05,0x05,0x00,
0x50,
/* U+5676 */
0x00,0x00,0x05,0x01,0x80,0x00,0x00,0x03,0x80,0xb4,0x0a,0xa9,0x3f,0xff,0xff,0xfb,0xff,0x85,0x79,0x5b,0x54,0xe0,0xe0,0x05,
0x01,0x40,0x38,0x38,0x3f,0xff,0xff,0x0e,0x0e,0x0e,0x55,0x56,0xc3,0x83,0x83,0x80,0x00,0xb0,0xe0,0xe0,0xff,0xff,0xfc,0x38,
0x38,0x38,0x00,0x0b,0x0e,0x0e,0x0e,0x55,0x56,0xc3,0x83,0x83,0xff,0xff,0xf0,0xe0,0xe0,0x3c,0x00,0x00,0x38,0x38,0x7f,0xff,
0xff,0xde,0x0e,0xbe,0xaa,0xea,0xb7,0x83,0xf9,0x01,0xd0,0x1d,0xe5,0xe0,0xd0,0xfd,0x07,0x3f,0xf8,0x35,0xe6,0xe2,0xce,0x5e,
0x0d,0xa0,0x1d,0xb3,0x82,0x43,0x95,0x54,0x2c,0x00,0x00,0xff,0xfe,0x6e,0x00,0x00,0x00,0x01,0xfe,0x00,0x00,0x00,0x00,0x14,
0x00,
/* U+56ca */
0x00,0x00,0x0a,0x00,0x00,0x02,0xaa,0xaa,0xfa,0xaa,0xa8,0x2a,0xaa,0xaf,0xaa,0xaa,0x80,0x15,0x55,0xf5,0x55,0x40,0x03,0xaa,
0xaf,0xaa,0xac,0x00,0x39,0x55,0xf5,0x56,0xc0,0x02,0xaa,0xaf,0xaa,0xa8,0x01,0x55,0x55,0xf5,0x55,0x54,0x3a,0xaa,0xaa,0xaa,
0xaa,0xc3,0x8a,0xaa,0x0a,0xaa,0x2c,0x25,0xd0,0x70,0xd0,0x75,0x80,0x1e,0xab,0x0e,0xab,0x40,0x00,0x0b,0x40,0x1e,0x00,0x02,
0xff,0xff,0xff,0xff,0xf4,0x00,0x0b,0x40,0x1e,0x00,0x00,0xbf,0xff,0xff,0xff,0xd0,0x00,0x07,0x40,0x1d,0x00,0x07,0xff,0xff,
0xff,0xff,0xfd,0x00,0x1b,0x41,0xe0,0x28,0x00,0x6b,0xd0,0x07,0xdb,0x00,0x7e,0x5d,0x15,0x47,0xe9,0x41,0x02,0xff,0xe8,0x06,
0xbd,0x00,0x15,0x00,0x00,0x00,0x40,
/* U+56db */
0xff,0xff,0xff,0xff,0xff,0xf5,0x5b,0x96,0xe5,0x5f,0xf0,0x0b,0x01,0xd0,0x0f,0xf0,0x0b,0x01,0xd0,0x0f,0xf0,0x0b,0x01,0xd0,
0x0f,0xf0,0x0b,0x01,0xd0,0x0f,0xf0,0x0b,0x01,0xd0,0x0f,0xf0,0x0b,0x01,0xd0,0x0f,0xf0,0x0b,0x01,0xd0,0x0f,0xf0,0x0e,0x01,
0xd0,0x0f,0xf0,0x2d,0x01,0xd0,0x0f,0xf0,0x78,0x00,0xfa,0x8f,0xf2,0xf0,0x00,0x7f,0xdf,0xf2,0x80,0x00,0x00,0x0f,0xf0,0x00,
0x00,0x00,0x0f,0xf0,0x00,0x00,0x00,0x0f,0xf0,0x00,0x00,0x00,0x0f,0xff,0xff,0xff,0xff,0xff,0xfa,0xaa,0xaa,0xaa,0xaf,0xf0,
0x00,0x00,0x00,0x0f,
/* U+56de */
0x15,0x55,0x55,0x55,0x54,0xbf,0xff,0xff,0xff,0xfe,0xb5,0x55,0x55,0x55,0x5e,0xb0,0x00,0x00,0x00,0x0e,0xb0,0x00,0x00,0x00,
0x0e,0xb0,0x00,0x00,0x00,0x0e,0xb0,0x2f,0xff,0xf8,0x0e,0xb0,0x2e,0xaa,0xb8,0x0e,0xb0,0x2c,0x00,0x38,0x0e,0xb0,0x2c,0x00,
0x38,0x0e,0xb0,0x2c,0x00,0x38,0x0e,0xb0,0x2c,0x00,0x38,0x0e,0xb0,0x2c,0x00,0x38,0x0e,0xb0,0x2f,0xff,0xf8,0x0e,0xb0,0x1a,
0xaa,0xa4,0x0e,0xb0,0x00,0x00,0x00,0x0e,0xb0,0x00,0x00,0x00,0x0e,0xb0,0x00,0x00,0x00,0x0e,0xba,0xaa,0xaa,0xaa,0xae,0xbf,
0xff,0xff,0xff,0xfe,0xb0,0x00,0x00,0x00,0x0e,
/* U+56e2 */
0x6a,0xaa,0xaa,0xaa,0xa9,0xbf,0xff,0xff,0xff,0xfe,0xb0,0x00,0x00,0x00,0x0e,0xb0,0x00,0x00,0x90,0x0e,0xb0,0x00,0x00,0xe0,
0x0e,0xb0,0x00,0x00,0xe0,0x0e,0xb1,0xaa,0xab,0xfa,0x4e,0xb0,0xaa,0xaf,0xfa,0x4e,0xb0,0x00,0x1e,0xe0,0x0e,0xb0,0x00,0x38,
0xe0,0x0e,0xb0,0x00,0xb0,0xe0,0x0e,0xb0,0x02,0xd0,0xe0,0x0e,0xb0,0x1f,0x40,0xe0,0x0e,0xb0,0xb8,0x00,0xe0,0x0e,0xb1,0xe0,
0x01,0xe0,0x0e,0xb0,0x40,0x56,0xd0,0x0e,0xb0,0x00,0x7f,0x80,0x0e,0xb0,0x00,0x00,0x00,0x0e,0xb5,0x55,0x55,0x55,0x5e,0xbf,
0xff,0xff,0xff,0xfe,0xb5,0x55,0x55,0x55,0x5e,0x50,0x00,0x00,0x00,0x05,
/* U+56ed */
0x6a,0xaa,0xaa,0xaa,0xa9,0xbf,0xff,0xff,0xff,0xfe,0xb0,0x00,0x00,0x00,0x0e,0xb0,0x00,0x00,0x00,0x0e,0xb0,0x2a,0xaa,0xa8,
0x0e,0xb0,0x2a,0xaa,0xa8,0x0e,0xb0,0x00,0x00,0x00,0x0e,0xb0,0x00,0x00,0x00,0x0e,0xb1,0xaa,0xaa,0xaa,0x4e,0xb1,0xff,0xff,
0xff,0x4e,0xb0,0x03,0x83,0x80,0x0e,0xb0,0x07,0x43,0x80,0x0e,0xb0,0x0b,0x43,0x80,0x0e,0xb0,0x0e,0x03,0x81,0x8e,0xb0,0x2d,
0x03,0x82,0xce,0xb1,0xf4,0x03,0xd7,0x8e,0xb3,0xd0,0x01,0xff,0x4e,0xb1,0x00,0x00,0x00,0x0e,0xb0,0x00,0x00,0x00,0x0e,0xbf,
0xff,0xff,0xff,0xfe,0xb5,0x55,0x55,0x55,0x5e,0x50,0x00,0x00,0x00,0x05,
/* U+56f4 */
0xaa,0xaa,0xaa,0xaa,0xaa,0xff,0xff,0xff,0xff,0xff,0xf0,0x00,0x10,0x00,0x0f,0xf0,0x00,0x38,0x00,0x0f,0xf1,0x55,0x79,0x55,
0x0f,0xf2,0xff,0xff,0xff,0x4f,0xf0,0x00,0x38,0x00,0x0f,0xf0,0x00,0x38,0x00,0x0f,0xf0,0x7f,0xff,0xfd,0x0f,0xf0,0x55,0x79,
0x54,0x0f,0xf0,0x00,0x38,0x00,0x0f,0xf2,0xaa,0xbe,0xaa,0x4f,0xf2,0xaa,0xbe,0xab,0x4f,0xf0,0x00,0x38,0x03,0x4f,0xf0,0x00,
0x38,0x07,0x4f,0xf0,0x00,0x38,0x6f,0x0f,0xf0,0x00,0x38,0xb9,0x0f,0xf0,0x00,0x38,0x00,0x0f,0xf5,0x55,0x55,0x55,0x5f,0xff,
0xff,0xff,0xff,0xff,0xf5,0x55,0x55,0x55,0x5f,0x50,0x00,0x00,0x00,0x05,
/* U+56fa */
0x6a,0xaa,0xaa,0xaa,0xa9,0xbf,0xff,0xff,0xff,0xfe,0xb0,0x00,0x00,0x00,0x0e,0xb0,0x00,0x28,0x00,0x0e,0xb0,0x00,0x3c,0x00,
0x0e,0xb1,0x55,0x7d,0x55,0x4e,0xb2,0xff,0xff,0xff,0x8e,0xb1,0x55,0x7d,0x55,0x4e,0xb0,0x00,0x3c,0x00,0x0e,0xb0,0x00,0x3c,
0x00,0x0e,0xb0,0x3f,0xff,0xfc,0x0e,0xb0,0x3d,0x55,0x6c,0x0e,0xb0,0x38,0x00,0x2c,0x0e,0xb0,0x38,0x00,0x2c,0x0e,0xb0,0x38,
0x00,0x2c,0x0e,0xb0,0x3f,0xff,0xfc,0x0e,0xb0,0x2a,0xaa,0xa8,0x0e,0xb0,0x00,0x00,0x00,0x0e,0xb5,0x55,0x55,0x55,0x5e,0xbf,
0xff,0xff,0xff,0xfe,0xb5,0x55,0x55,0x55,0x5e,0x50,0x00,0x00,0x00,0x05,
/* U+56fd */
0x6a,0xaa,0xaa,0xaa,0xa9,0xff,0xff,0xff,0xff,0xff,0xf0,0x00,0x00,0x00,0x0f,0xf0,0x00,0x00,0x00,0x0f,0xf0,0xaa,0xaa,0xaa,
0x0f,0xf0,0xbf,0xff,0xfe,0x0f,0xf0,0x00,0x3c,0x00,0x0f,0xf0,0x00,0x3c,0x00,0x0f,0xf0,0x00,0x3c,0x00,0x0f,0xf0,0x2a,0xbe,
0xa8,0x0f,0xf0,0x3f,0xff,0xfc,0x0f,0xf0,0x00,0x3c,0x50,0x0f,0xf0,0x00,0x3c,0x74,0x0f,0xf0,0x00,0x3c,0x2c,0x0f,0xf1,0x55,
0x7d,0x59,0x4f,0xf2,0xff,0xff,0xff,0x8f,0xf0,0x55,0x55,0x55,0x0f,0xf0,0x00,0x00,0x00,0x0f,0xf5,0x55,0x55,0x55,0x5f,0xff,
0xff,0xff,0xff,0xff,0xf5,0x55,0x55,0x55,0x5f,0x50,0x00,0x00,0x00,0x05,
/* U+56fe */
0x6a,0xaa,0xaa,0xaa,0xa9,0xbf,0xff,0xff,0xff,0xfe,0xb0,0x01,0x40,0x00,0x0e,0xb0,0x03,0xc0,0x00,0x0e,0xb0,0x0b,0xff,0xfc,
0x0e,0xb0,0x2e,0x55,0x78,0x0e,0xb0,0xbb,0x81,0xf0,0x0e,0xb1,0xd1,0xf7,0xd0,0x0e,0xb0,0x40,0x7f,0x40,0x0e,0xb0,0x16,0xfb,
0xf9,0x0e,0xb2,0xfe,0x40,0x6f,0x8e,0xb1,0x91,0xe0,0x01,0x8e,0xb0,0x00,0xbe,0x40,0x0e,0xb0,0x00,0x07,0xc0,0x0e,0xb0,0x15,
0x00,0x40,0x0e,0xb0,0x2f,0xe4,0x00,0x0e,0xb0,0x01,0xbf,0xa4,0x0e,0xb0,0x00,0x01,0xb8,0x0e,0xb0,0x00,0x00,0x04,0x0e,0xbf,
0xff,0xff,0xff,0xfe,0xb5,0x55,0x55,0x55,0x5e,0x50,0x00,0x00,0x00,0x05,
/* U+5708 */
0xaa,0xaa,0xaa,0xaa,0xaa,0xba,0xaa,0xaa,0xaa,0xae,0xa0,0x00,0x14,0x00,0x0a,0xa0,0x34,0x38,0x38,0x0a,0xa0,0x1c,0x38,0x74,
0x0a,0xa1,0xff,0xff,0xff,0x4a,0xa0,0x55,0xb5,0x55,0x0a,0xa0,0x00,0xe0,0x00,0x0a,0xa3,0xff,0xff,0xff,0xca,0xa1,0x5b,0x95,
0xb5,0x4a,0xa0,0x1f,0x40,0x78,0x0a,0xa0,0x7f,0xff,0xee,0x0a,0xa2,0xee,0x00,0xe7,0xda,0xa7,0x4a,0x15,0xd0,0x9a,0xa0,0x0a,
0x1f,0x85,0x0a,0xa0,0x0a,0x00,0x0e,0x0a,0xa0,0x0b,0xaa,0xad,0x0a,0xa0,0x06,0xaa,0xa8,0x0a,0xa0,0x00,0x00,0x00,0x0a,0xbf,
0xff,0xff,0xff,0xfe,0xb5,0x55,0x55,0x55,0x5e,0x50,0x00,0x00,0x00,0x05,
/* U+571f */
0x00,0x00,0x05,0x00,0x00,0x00,0x00,0x00,0xf0,0x00,0x00,0x00,0x00,0x0f,0x00,0x00,0x00,0x00,0x00,0xf0,0x00,0x00,0x00,0x00,
0x0f,0x00,0x00,0x00,0x00,0x00,0xf0,0x00,0x00,0x00,0x00,0x0f,0x00,0x00,0x00,0x00,0x00,0xf0,0x00,0x00,0x0a,0xaa,0xaf,0xaa,
0xaa,0x00,0xbf,0xff,0xff,0xff,0xe0,0x00,0x00,0x0f,0x00,0x00,0x00,0x00,0x00,0xf0,0x00,0x00,0x00,0x00,0x0f,0x00,0x00,0x00,
0x00,0x00,0xf0,0x00,0x00,0x00,0x00,0x0f,0x00,0x00,0x00,0x00,0x00,0xf0,0x00,0x00,0x00,0x00,0x0f,0x00,0x00,0x00,0x00,0x00,
0xf0,0x00,0x00,0x00,0x00,0x0f,0x00,0x00,0x00,0x00,0x00,0xf0,0x00,0x00,0xbf,0xff,0xff,0xff,0xff,0xe6,0xaa,0xaa,0xaa,0xaa,
0xa9,
/* U+5723 */
0x05,0x55,0x55,0x55,0x54,0x01,0xff,0xff,0xff,0xff,0x80,0x05,0xb9,0x55,0x55,0xb4,0x00,0x02,0xd0,0x00,0x1e,0x00,0x00,0x0f,
0x40,0x07,0x80,0x00,0x00,0x3d,0x02,0xe0,0x00,0x00,0x00,0xba,0xf4,0x00,0x00,0x00,0x07,0xfd,0x00,0x00,0x00,0x1b,0xfa,0xfe,
0x40,0x01,0x6f,0xf8,0x01,0xff,0x94,0xff,0xa4,0x05,0x01,0xbf,0xe6,0x40,0x00,0xf0,0x00,0x19,0x00,0x00,0x0f,0x00,0x00,0x00,
0x55,0x55,0xf5,0x55,0x50,0x0f,0xff,0xff,0xff,0xff,0x00,0x00,0x00,0xf0,0x00,0x00,0x00,0x00,0x0f,0x00,0x00,0x00,0x00,0x00,
0xf0,0x00,0x00,0x00,0x00,0x0f,0x00,0x00,0x0b,0xff,0xff,0xff,0xff,0xfe,0x6a,0xaa,0xaa,0xaa,0xaa,0x90,
/* U+5728 */
0x00,0x00,0x64,0x00,0x00,0x00,0x00,0x0b,0x40,0x00,0x00,0x00,0x00,0xf0,0x00,0x00,0x01,0x55,0x5e,0x55,0x55,0x55,0x7f,0xff,
0xff,0xff,0xff,0xe1,0x55,0xb9,0x55,0x55,0x55,0x00,0x0f,0x00,0x00,0x00,0x00,0x02,0xd0,0x02,0x80,0x00,0x00,0x78,0x00,0x3c,
0x00,0x00,0x0f,0x40,0x03,0xc0,0x00,0x02,0xe0,0x00,0x3c,0x00,0x00,0xbd,0x05,0x57,0xd5,0x54,0x2f,0xd1,0xff,0xff,0xff,0x8b,
0x9d,0x05,0x57,0xd5,0x50,0xa1,0xd0,0x00,0x3c,0x00,0x00,0x1d,0x00,0x03,0xc0,0x00,0x01,0xd0,0x00,0x3c,0x00,0x00,0x1d,0x00,
0x03,0xc0,0x00,0x01,0xd0,0x00,0x3c,0x00,0x00,0x1d,0x00,0x03,0xc0,0x00,0x01,0xd7,0xff,0xff,0xff,0xe0,0x1d,0x6a,0xaa,0xaa,
0xa9,0x00,0x50,0x00,0x00,0x00,0x00,
/* U+5729 */
0x01,0x40,0x00,0x00,0x00,0x00,0x2c,0x01,0xaa,0xaa,0xa8,0x02,0xc0,0x2f,0xff,0xff,0xd0,0x2c,0x00,0x00,0x74,0x00,0x02,0xc0,
0x00,0x07,0x40,0x00,0x2c,0x00,0x00,0x74,0x00,0x56,0xd5,0x00,0x07,0x40,0x0b,0xff,0xf0,0x00,0x74,0x00,0x56,0xe5,0x00,0x07,
0x40,0x00,0x2c,0x07,0xff,0xff,0xfe,0x02,0xc0,0x6a,0xaf,0xea,0xa0,0x2c,0x00,0x00,0x74,0x00,0x02,0xc0,0x00,0x07,0x40,0x00,
0x2c,0x00,0x00,0x74,0x00,0x02,0xc0,0x00,0x07,0x40,0x00,0x2c,0x18,0x00,0x74,0x00,0x02,0xef,0x80,0x07,0x40,0x06,0xbf,0x90,
0x00,0x74,0x00,0xfa,0x40,0x00,0x07,0x40,0x04,0x00,0x00,0x00,0x74,0x00,0x00,0x00,0x05,0x5b,0x00,0x00,0x00,0x00,0xbf,0xe0,
0x00,0x00,0x00,0x01,0x50,0x00,0x00,
/* U+5730 */
0x01,0x40,0x00,0x06,0x00,0x00,0x38,0x00,0x00,0xb0,0x00,0x03,0x80,0x00,0x0b,0x00,0x00,0x38,0x03,0x80,0xb0,0x00,0x03,0x80,
0x38,0x0b,0x00,0x00,0x38,0x03,0x80,0xb0,0x18,0x57,0x94,0x38,0x0b,0xbf,0xcf,0xff,0xc3,0x86,0xff,0xac,0x5b,0x94,0x3f,0xff,
0x42,0xc0,0x38,0x2f,0xe4,0xb0,0x2c,0x03,0x82,0xb8,0x0b,0x02,0xc0,0x38,0x03,0x80,0xb0,0x2c,0x03,0x80,0x38,0x0b,0x02,0xc0,
0x38,0x03,0x80,0xb1,0xbc,0x03,0x80,0x38,0x0b,0x2f,0x40,0x38,0x53,0x80,0xb1,0x40,0x03,0xfd,0x38,0x0b,0x00,0x56,0xfe,0x43,
0x80,0x50,0x0b,0xf9,0x00,0x38,0x00,0x00,0xa4,0x00,0x03,0xc0,0x00,0x0e,0x00,0x00,0x2f,0xaa,0xab,0xd0,0x00,0x00,0xbf,0xff,
0xe4,
/* U+5733 */
0x01,0x40,0x00,0x00,0x00,0x00,0xb0,0x03,0x80,0x00,0x70,0x2c,0x00,0xe0,0x74,0x1c,0x0b,0x00,0x38,0x1d,0x07,0x02,0xc0,0x0e,
0x07,0x41,0xc0,0xb0,0x03,0x81,0xd0,0x71,0x6d,0x50,0xe0,0x74,0x1e,0xff,0xfc,0x38,0x1d,0x07,0x56,0xe5,0x0e,0x07,0x41,0xc0,
0xb0,0x03,0x81,0xd0,0x70,0x2c,0x00,0xe0,0x74,0x1c,0x0b,0x00,0x38,0x1d,0x07,0x02,0xc0,0x0e,0x07,0x41,0xc0,0xb0,0x03,0x81,
0xd0,0x70,0x2c,0x01,0xd0,0x74,0x1c,0x0b,0x09,0x74,0x1d,0x07,0x02,0xef,0x6c,0x07,0x41,0xda,0xf9,0x0e,0x01,0xd0,0x7b,0x90,
0x07,0x40,0x74,0x1d,0x00,0x03,0xc0,0x1d,0x07,0x00,0x02,0xd0,0x06,0x41,0xc0,0x00,0xe0,0x00,0x00,0x70,0x00,0x10,0x00,0x00,
0x14,
/* U+573a */
0x03,0xc0,0x15,0x55,0x54,0x00,0xf0,0x0b,0xff,0xff,0x80,0x3c,0x01,0x55,0x5b,0xd0,0x0f,0x00,0x00,0x0b,0x80,0x03,0xc0,0x00,
0x1f,0x40,0x00,0xf0,0x00,0x2f,0x40,0x0b,0xff,0xf0,0x7e,0x00,0x02,0xaf,0xa8,0xbe,0x55,0x55,0x03,0xc0,0x3f,0xff,0xff,0xc0,
0xf0,0x05,0x6d,0x79,0xb0,0x3c,0x00,0x0e,0x1d,0x2c,0x0f,0x00,0x0b,0x4b,0x0b,0x03,0xc0,0x03,0x83,0xc2,0xc0,0xf0,0x03,0xd1,
0xe0,0xb0,0x3c,0x03,0xd0,0xb0,0x2c,0x0f,0x19,0xd0,0x78,0x0e,0x07,0xff,0x00,0x78,0x03,0xbf,0xf9,0x00,0x7c,0x00,0xea,0x40,
0x00,0xbc,0x00,0xb4,0x00,0x01,0xf8,0x1a,0xb8,0x00,0x00,0x24,0x07,0xf9,0x00,
/* U+5740 */
0x02,0x40,0x00,0x02,0x40,0x00,0x38,0x00,0x00,0x38,0x00,0x03,0x80,0x00,0x03,0x80,0x00,0x38,0x00,0x00,0x38,0x00,0x03,0x80,
0x00,0x03,0x80,0x00,0x38,0x01,0x90,0x38,0x00,0x57,0xd5,0x1d,0x03,0x80,0x0f,0xff,0xe1,0xd0,0x38,0x00,0x57,0x95,0x1d,0x03,
0xff,0xd0,0x38,0x01,0xd0,0x3e,0xa8,0x03,0x80,0x1d,0x03,0x80,0x00,0x38,0x01,0xd0,0x38,0x00,0x03,0x80,0x1d,0x03,0x80,0x00,
0x38,0x01,0xd0,0x38,0x00,0x03,0x80,0x1d,0x03,0x80,0x00,0x38,0x11,0xd0,0x38,0x00,0x03,0xef,0x1d,0x03,0x80,0x0a,0xff,0x91,
0xd0,0x38,0x00,0xf9,0x40,0x1d,0x03,0x80,0x04,0x00,0x16,0xd5,0x79,0x55,0x00,0x07,0xff,0xff,0xff,0xf0,0x00,0x15,0x55,0x55,
0x55,
/* U+5742 */
0x01,0x40,0x00,0x00,0x01,0x40,0x38,0x00,0x00,0x1a,0xfc,0x03,0x80,0x1b,0xff,0xfa,0x40,0x38,0x02,0xe9,0x54,0x00,0x03,0x80,
0x2c,0x00,0x00,0x00,0x38,0x02,0xc0,0x00,0x00,0x57,0x94,0x2c,0x00,0x00,0x0b,0xff,0xe2,0xea,0xaa,0xa4,0x57,0xd5,0x2f,0xff,
0xff,0x80,0x38,0x02,0xcb,0x00,0x74,0x03,0x80,0x2c,0x74,0x07,0x00,0x38,0x02,0xc3,0x40,0xb0,0x03,0x80,0x2c,0x28,0x0e,0x00,
0x38,0x03,0x82,0xd1,0xd0,0x03,0x80,0x38,0x0e,0x3c,0x00,0x38,0x67,0x40,0x7b,0x40,0x03,0xff,0x74,0x03,0xe0,0x06,0xbe,0x4b,
0x00,0x7e,0x00,0xf9,0x01,0xe0,0x1f,0xb8,0x04,0x00,0x2c,0x07,0xd2,0xf4,0x00,0x07,0x82,0xf4,0x0b,0xe0,0x00,0x70,0x78,0x00,
0x1e,0x00,0x00,0x01,0x00,0x00,0x00,
/* U+574a */
0x01,0x40,0x00,0x18,0x00,0x00,0x2c,0x00,0x01,0xd0,0x00,0x02,0xc0,0x00,0x0e,0x00,0x00,0x2c,0x00,0x00,0xb0,0x00,0x02,0xc0,
0x7f,0xff,0xff,0xe0,0x2c,0x06,0xbf,0xaa,0xaa,0x16,0xd5,0x01,0xd0,0x00,0x0b,0xff,0xf0,0x1d,0x00,0x00,0x56,0xd5,0x01,0xd0,
0x00,0x00,0x2c,0x00,0x1d,0x00,0x00,0x02,0xc0,0x02,0xff,0xff,0x40,0x2c,0x00,0x2e,0xaa,0xb4,0x02,0xc0,0x02,0xc0,0x07,0x40,
0x2c,0x00,0x38,0x00,0x74,0x02,0xc0,0x07,0x80,0x07,0x40,0x2c,0x64,0xb4,0x00,0x74,0x02,0xff,0x4f,0x00,0x07,0x46,0xfe,0x41,
0xe0,0x00,0x74,0xf9,0x00,0x3c,0x00,0x07,0x04,0x00,0x0b,0x40,0x00,0xb0,0x00,0x02,0xe0,0x05,0x6e,0x00,0x00,0x2c,0x00,0xff,
0x80,
/* U+574e */
0x02,0x40,0x02,0x80,0x00,0x00,0x38,0x00,0x3c,0x00,0x00,0x03,0x80,0x03,0x80,0x00,0x00,0x38,0x00,0x74,0x00,0x00,0x03,0x80,
0x0b,0xff,0xff,0x80,0x38,0x00,0xfa,0xaa,0xb8,0x57,0x94,0x2d,0x00,0x07,0x4b,0xff,0xd7,0xc1,0x40,0xb0,0x57,0x94,0xb4,0x2c,
0x0f,0x00,0x38,0x0e,0x02,0xc1,0xe0,0x03,0x80,0x00,0x38,0x2d,0x00,0x38,0x00,0x03,0x80,0x40,0x03,0x80,0x00,0x3c,0x00,0x00,
0x38,0x00,0x07,0xe0,0x00,0x03,0x80,0x00,0xbf,0x40,0x00,0x38,0x60,0x0f,0x38,0x00,0x03,0xfe,0x02,0xd1,0xd0,0x06,0xfe,0x40,
0x7c,0x0b,0x40,0xf9,0x00,0x1f,0x40,0x7d,0x04,0x00,0x0b,0xd0,0x01,0xf4,0x00,0x02,0xf4,0x00,0x07,0xe0,0x00,0x78,0x00,0x00,
0x0d,0x00,0x01,0x00,0x00,0x00,0x00,
/* U+575b */
0x01,0x40,0x00,0x00,0x00,0x00,0x38,0x00,0x00,0x00,0x00,0x03,0x80,0x2a,0xaa,0xaa,0x40,0x38,0x03,0xff,0xff,0xf4,0x03,0x80,
0x00,0x00,0x00,0x00,0x38,0x00,0x00,0x00,0x00,0x57,0x94,0x00,0x00,0x00,0x0f,0xff,0xd0,0x00,0x00,0x00,0x5b,0x94,0x00,0x00,
0x00,0x00,0x38,0x0f,0xff,0xff,0xfe,0x03,0x80,0xaa,0xba,0xaa,0x90,0x38,0x00,0x0f,0x00,0x00,0x03,0x80,0x00,0xe0,0x10,0x00,
0x38,0x00,0x1d,0x03,0x80,0x03,0x80,0x02,0xc0,0x2c,0x00,0x38,0x60,0x38,0x01,0xe0,0x03,0xfe,0x07,0x40,0x0b,0x06,0xfe,0x40,
0xf0,0x00,0x74,0xfd,0x00,0x1e,0x16,0xbf,0x85,0x00,0x0b,0xff,0xfe,0xac,0x00,0x00,0xbe,0x94,0x01,0xd0,0x00,0x00,0x00,0x00,
0x0e,
/* U+575d */
0x01,0x40,0x00,0x00,0x00,0x00,0x38,0x02,0xaa,0xaa,0xa0,0x03,0x80,0x3f,0xff,0xff,0x00,0x38,0x03,0x80,0x00,0xb0,0x03,0x80,
0x38,0x00,0x0b,0x00,0x38,0x03,0x81,0xd0,0xb0,0x57,0x94,0x38,0x1d,0x0b,0x0f,0xff,0xd3,0x81,0xd0,0xb0,0x57,0xd4,0x38,0x1d,
0x0b,0x00,0x38,0x03,0x81,0xd0,0xb0,0x03,0x80,0x38,0x1d,0x0b,0x00,0x38,0x03,0x81,0xd0,0xb0,0x03,0x80,0x38,0x2c,0x0b,0x00,
0x38,0x03,0x82,0xc0,0xb0,0x03,0x80,0x38,0x3c,0x0b,0x00,0x38,0x52,0x47,0x80,0x60,0x03,0xfe,0x00,0xb0,0x40,0x06,0xbe,0x40,
0x1e,0x1e,0x40,0xbe,0x00,0x0b,0xd0,0xbd,0x05,0x00,0x06,0xf4,0x01,0xf8,0x00,0x06,0xfd,0x00,0x03,0xe0,0x00,0x7d,0x00,0x00,
0x0a,0x00,0x01,0x00,0x00,0x00,0x00,
/* U+5761 */
0x01,0x40,0x00,0x09,0x00,0x00,0x38,0x00,0x00,0xe0,0x00,0x03,0x80,0x00,0x0e,0x00,0x00,0x38,0x06,0xaa,0xfa,0xa9,0x03,0x80,
0xbf,0xff,0xff,0xd0,0x38,0x0b,0x00,0xe0,0x2c,0x57,0x94,0xb0,0x0e,0x03,0x8f,0xff,0xcb,0x00,0xe0,0x74,0x5b,0x94,0xb0,0x0e,
0x00,0x00,0x38,0x0b,0x55,0xf5,0x40,0x03,0x80,0xbf,0xff,0xff,0x00,0x38,0x0b,0x79,0x55,0xf0,0x03,0x80,0xf2,0xc0,0x1e,0x00,
0x38,0x0e,0x1d,0x02,0xc0,0x03,0x80,0xe0,0xf0,0x38,0x00,0x38,0x5d,0x07,0x8b,0x40,0x03,0xf9,0xd0,0x1e,0xe0,0x06,0xfe,0x6c,
0x00,0xbc,0x00,0xf9,0x07,0x80,0x2f,0xe0,0x04,0x00,0xb0,0x1f,0x8b,0xd0,0x00,0x1e,0x1b,0xd0,0x1f,0xd0,0x01,0xd3,0xe0,0x00,
0x2e,0x00,0x00,0x10,0x00,0x00,0x00,
/* U+5764 */
0x01,0x40,0x00,0x05,0x00,0x00,0xe0,0x00,0x03,0x80,0x00,0x38,0x00,0x00,0xe0,0x00,0x0e,0x00,0x00,0x38,0x00,0x03,0x80,0x3f,
0xff,0xff,0x80,0xe0,0x0f,0xab,0xea,0xf1,0x7d,0x43,0x80,0xe0,0x2e,0xff,0xf4,0xe0,0x38,0x0b,0x57,0xd5,0x38,0x0e,0x02,0xc0,
0xe0,0x0f,0xff,0xff,0xf0,0x38,0x03,0xea,0xfa,0xbc,0x0e,0x00,0xe0,0x38,0x0b,0x03,0x80,0x38,0x0e,0x02,0xc0,0xe0,0x0e,0x03,
0x80,0xb0,0x38,0x03,0xff,0xff,0xfc,0x0e,0x18,0xfa,0xbe,0xaf,0x03,0xfe,0x38,0x0e,0x02,0xdb,0xf9,0x04,0x03,0x80,0x0f,0x90,
0x00,0x00,0xe0,0x01,0x00,0x00,0x00,0x38,0x00,0x00,0x00,0x00,0x0e,0x00,0x00,0x00,0x00,0x03,0x80,0x00,0x00,0x00,0x00,0x50,
0x00,
/* U+576a */
0x01,0x40,0x00,0x00,0x00,0x00,0x38,0x05,0x55,0x55,0x54,0x03,0x80,0xbf,0xff,0xff,0xd0,0x38,0x01,0x55,0xe5,0x54,0x03,0x80,
0x10,0x0e,0x01,0x40,0x38,0x03,0x80,0xe0,0x38,0x57,0xd4,0x2c,0x0e,0x07,0x4f,0xff,0xe2,0xd0,0xe0,0xb0,0x57,0xd5,0x1d,0x0e,
0x0e,0x00,0x38,0x00,0xe0,0xe1,0xd0,0x03,0x80,0x0a,0x0e,0x18,0x00,0x38,0x00,0x00,0xe0,0x00,0x03,0x81,0xaa,0xaf,0xaa,0xa0,
0x38,0x1f,0xff,0xff,0xff,0x03,0x80,0x00,0x0e,0x00,0x00,0x38,0x50,0x00,0xe0,0x00,0x03,0xfe,0x00,0x0e,0x00,0x06,0xfe,0x40,
0x00,0xe0,0x00,0xf9,0x00,0x00,0x0e,0x00,0x04,0x00,0x00,0x00,0xe0,0x00,0x00,0x00,0x00,0x0e,0x00,0x00,0x00,0x00,0x00,0xe0,
0x00,0x00,0x00,0x00,0x09,0x00,0x00,
/* U+577b */
0x02,0x40,0x00,0x00,0x00,0x00,0x38,0x00,0x00,0x05,0xb4,0x03,0x80,0x00,0x6b,0xfe,0x40,0x38,0x02,0xff,0xfd,0x00,0x03,0x80,
0x3d,0x42,0xc0,0x00,0x38,0x03,0x80,0x2c,0x00,0x17,0x94,0x38,0x02,0xc0,0x0b,0xff,0xd3,0x80,0x2c,0x00,0x57,0x95,0x38,0x02,
0xc0,0x00,0x38,0x03,0xea,0xbe,0xa9,0x03,0x80,0x3f,0xff,0xff,0xe0,0x38,0x03,0x80,0x1d,0x00,0x03,0x80,0x38,0x00,0xd0,0x00,
0x38,0x03,0x80,0x0e,0x00,0x03,0x80,0x38,0x00,0xe0,0x00,0x38,0x53,0x80,0x0b,0x00,0x03,0xfe,0x38,0x00,0x70,0x56,0xbe,0x43,
0x81,0x83,0x47,0xbd,0x00,0x38,0x2d,0x28,0xb5,0x00,0x03,0xf8,0xf1,0xda,0x00,0x00,0xbe,0x47,0x4b,0xd0,0x00,0x05,0x00,0x28,
0x3c,
/* U+5792 */
0x00,0x00,0xa0,0x00,0x00,0x00,0x00,0x2e,0x01,0xd0,0x00,0x00,0x0b,0x80,0x0f,0x40,0x00,0x02,0xe0,0x00,0x7d,0x00,0x06,0xfe,
0xab,0xff,0xf4,0x00,0x7f,0xea,0xa5,0x57,0xd0,0x00,0x50,0x00,0x02,0x48,0x00,0x0f,0x00,0x00,0xb4,0x00,0x02,0xd1,0x40,0x2e,
0x1c,0x00,0xb8,0x2d,0x07,0x80,0xe0,0x1e,0x05,0xe1,0xf5,0x5b,0x87,0xff,0xff,0x6f,0xff,0xfd,0x2a,0x50,0x29,0x55,0x00,0xe0,
0x00,0x00,0xa0,0x00,0x04,0x00,0x00,0x0b,0x00,0x00,0x00,0xaa,0xaa,0xfa,0xaa,0xa0,0x0b,0xff,0xff,0xff,0xfe,0x00,0x00,0x00,
0xb0,0x00,0x00,0x00,0x00,0x0b,0x00,0x00,0x00,0x00,0x00,0xb0,0x00,0x00,0xbf,0xff,0xff,0xff,0xff,0xe6,0xaa,0xaa,0xaa,0xaa,
0xa9,
/* U+57a3 */
0x01,0x40,0x00,0x00,0x00,0x00,0x38,0x0a,0xaa,0xaa,0xa9,0x03,0x81,0xff,0xff,0xff,0xd0,0x38,0x00,0x00,0x00,0x00,0x03,0x80,
0x00,0x00,0x00,0x00,0x38,0x01,0x55,0x55,0x50,0x57,0x94,0x2f,0xff,0xff,0x0b,0xff,0xd2,0xd5,0x55,0xb0,0x57,0x94,0x2c,0x00,
0x0b,0x00,0x38,0x02,0xc0,0x00,0xb0,0x03,0x80,0x2d,0x55,0x5b,0x00,0x38,0x02,0xff,0xff,0xf0,0x03,0x80,0x2d,0x55,0x5b,0x00,
0x38,0x02,0xc0,0x00,0xb0,0x03,0x80,0x2c,0x00,0x0b,0x00,0x38,0x62,0xd5,0x55,0xb0,0x03,0xfe,0x2f,0xff,0xff,0x06,0xfe,0x41,
0x55,0x55,0x50,0xf9,0x00,0x00,0x00,0x00,0x04,0x00,0x00,0x00,0x00,0x00,0x00,0x02,0xff,0xff,0xff,0xe0,0x00,0x1a,0xaa,0xaa,
0xa9,
/* U+57a6 */
0x02,0xaa,0xaa,0xaa,0xa4,0x00,0x2e,0xaa,0xaa,0xab,0x80,0x02,0xc0,0x00,0x00,0x38,0x00,0x2d,0x55,0x55,0x57,0x80,0x02,0xff,
0xff,0xff,0xf8,0x00,0x2c,0x00,0x00,0x03,0x80,0x02,0xd5,0x55,0x55,0x78,0x00,0x2f,0xff,0xff,0xff,0x80,0x02,0xd5,0x5f,0x55,
0x5e,0x00,0x2c,0x00,0x78,0x07,0xd0,0x02,0xc0,0x51,0xf6,0xe0,0x00,0x3e,0xbf,0x07,0xfd,0x40,0x03,0xfa,0x45,0x06,0xff,0xd0,
0x14,0x00,0xb0,0x01,0x58,0x05,0x55,0x5b,0x55,0x55,0x00,0xff,0xff,0xff,0xff,0xf0,0x05,0x55,0x5f,0x55,0x55,0x00,0x00,0x00,
0xb0,0x00,0x00,0x00,0x00,0x0b,0x00,0x00,0x07,0xff,0xff,0xff,0xff,0xfd,0x6a,0xaa,0xaa,0xaa,0xaa,0x90,
/* U+57ab */
0x00,0x60,0x00,0x18,0x00,0x00,0x07,0x40,0x01,0xd0,0x00,0x00,0x74,0x00,0x1c,0x00,0x06,0xaf,0xe8,0xab,0xea,0x80,0x2a,0xfa,
0x8a,0xbe,0xb8,0x00,0x07,0x40,0x02,0xc3,0x80,0x00,0x74,0x04,0x38,0x28,0x00,0x5b,0xfd,0xfb,0x42,0x80,0x7f,0xfa,0x47,0xf0,
0x2c,0x05,0x57,0x40,0x1f,0xd1,0xc6,0x00,0x74,0x07,0x9f,0x5d,0xa0,0x0b,0x41,0xf0,0x24,0xee,0x1f,0xf0,0x1c,0x00,0x07,0xc0,
0x54,0x00,0xa0,0x00,0x14,0x00,0x00,0x0f,0x00,0x00,0x00,0x15,0x55,0xf5,0x55,0x40,0x07,0xff,0xff,0xff,0xfd,0x00,0x15,0x55,
0xf5,0x55,0x40,0x00,0x00,0x0f,0x00,0x00,0x00,0x00,0x00,0xf0,0x00,0x00,0x7f,0xff,0xff,0xff,0xff,0xd6,0xaa,0xaa,0xaa,0xaa,
0xa9,
/* U+57c7 */
0x01,0x40,0x00,0x00,0x00,0x00,0xb0,0x1a,0xaa,0xaa,0x90,0x2c,0x0b,0xff,0xff,0xf4,0x0b,0x00,0x04,0x00,0x78,0x02,0xc0,0x07,
0xd0,0xb4,0x00,0xb0,0x00,0x7e,0xf4,0x01,0x7d,0x41,0x56,0xf5,0x56,0xff,0xf5,0xff,0xff,0xff,0x57,0xd5,0x79,0x5e,0x56,0xc0,
0xb0,0x1d,0x03,0x80,0xb0,0x2c,0x07,0x40,0xe0,0x2c,0x0b,0x01,0xff,0xff,0xff,0x02,0xc0,0x7a,0xaf,0xab,0xc0,0xb0,0x1d,0x03,
0x80,0xb0,0x2c,0x07,0x40,0xe0,0x2c,0x0b,0x15,0xea,0xba,0xaf,0x02,0xfd,0x7f,0xff,0xff,0xdb,0xf9,0x1d,0x03,0x80,0xbb,0x90,
0x07,0x40,0xe0,0x2d,0x40,0x01,0xd0,0x38,0x0b,0x00,0x00,0x74,0x0e,0x17,0xc0,0x00,0x1d,0x03,0x4b,0xd0,0x00,0x01,0x00,0x00,
0x00,
/* U+57ce */
0x05,0x00,0x00,0x05,0x18,0x00,0xb0,0x00,0x00,0xb0,0xd0,0x0b,0x00,0x00,0x0b,0x0b,0x00,0xb0,0x00,0x00,0xb0,0x20,0x0b,0x02,
0xff,0xff,0xff,0xd0,0xb0,0x2e,0xaa,0xfa,0xa9,0x5f,0x52,0xc0,0x0b,0x00,0x0f,0xff,0x2c,0x00,0xb0,0x00,0x5b,0x52,0xc0,0x07,
0x07,0x40,0xb0,0x2f,0xfc,0x74,0xb0,0x0b,0x02,0xea,0xc7,0x4e,0x00,0xb0,0x2c,0x1c,0x35,0xe0,0x0b,0x03,0x81,0xc3,0xad,0x00,
0xb0,0x38,0x1c,0x2b,0x80,0x0b,0x17,0x42,0xc2,0xf4,0x00,0xbb,0x74,0x2c,0x1e,0x00,0x6f,0x97,0x43,0x82,0xe0,0x4f,0x90,0xf3,
0xf4,0x7f,0x0b,0x40,0x1d,0x15,0x1e,0x74,0xa0,0x03,0xc0,0x0b,0x82,0xde,0x00,0x74,0x03,0xe0,0x0f,0xd0,0x02,0x00,0x24,0x00,
0x68,
/* U+57d4 */
0x02,0x40,0x00,0x09,0x14,0x00,0x38,0x00,0x01,0xd1,0xd0,0x03,0x80,0x00,0x1d,0x07,0x40,0x38,0x1a,0xaa,0xfa,0xba,0x03,0x81,
0xff,0xff,0xff,0xe0,0x38,0x00,0x01,0xd0,0x00,0x57,0x94,0x00,0x1d,0x00,0x0b,0xff,0xda,0xab,0xfa,0xa8,0x57,0x94,0xba,0xaf,
0xab,0xc0,0x38,0x0b,0x01,0xd0,0x2c,0x03,0x80,0xb0,0x1d,0x02,0xc0,0x38,0x0b,0xaa,0xea,0xbc,0x03,0x80,0xbf,0xff,0xff,0xc0,
0x38,0x0b,0x01,0xd0,0x2c,0x03,0x80,0xb0,0x1d,0x02,0xc0,0x38,0x0b,0x56,0xe5,0x6c,0x03,0xad,0xbf,0xff,0xff,0xc6,0xfe,0x4b,
0x01,0xe0,0x2c,0xb9,0x00,0xb0,0x1d,0x02,0xc0,0x00,0x0b,0x01,0xd0,0x2c,0x00,0x00,0xb0,0x1d,0x17,0xc0,0x00,0x0b,0x01,0xd3,
0xf4,0x00,0x00,0x50,0x04,0x14,0x00,
/* U+57e0 */
0x02,0x40,0x00,0x28,0x00,0x00,0x38,0x00,0x03,0xc0,0x00,0x03,0x80,0x2a,0xba,0xaa,0x00,0x38,0x07,0xff,0xff,0xf0,0x03,0x80,
0x74,0x00,0x0b,0x00,0x38,0x07,0x40,0x00,0xb0,0x57,0x94,0x7f,0xff,0xff,0x0b,0xff,0xd7,0x95,0x55,0x50,0x57,0x95,0x74,0x00,
0x00,0x00,0x38,0x07,0xaa,0xaa,0xa4,0x03,0x80,0x7a,0xaa,0xab,0x80,0x38,0x07,0x40,0x00,0x38,0x03,0x80,0x74,0x00,0x03,0x80,
0x38,0x07,0xff,0xff,0xf8,0x03,0x84,0x15,0x6e,0x55,0x40,0x3a,0xc0,0x01,0xd0,0x00,0x07,0xf9,0x55,0x6e,0x55,0x5b,0xe4,0x7f,
0xff,0xff,0xff,0xa0,0x01,0x55,0x6d,0x55,0x50,0x00,0x00,0x01,0xd0,0x00,0x00,0x00,0x00,0x1d,0x00,0x00,0x00,0x00,0x01,0xd0,
0x00,0x00,0x00,0x00,0x04,0x00,0x00,
/* U+57fa */
0x00,0x28,0x00,0x02,0x80,0x00,0x03,0xc0,0x00,0x38,0x00,0x2a,0xbe,0xaa,0xab,0xea,0x82,0xab,0xea,0xaa,0xbe,0xa8,0x00,0x3c,
0x00,0x03,0x80,0x00,0x03,0xea,0xaa,0xb8,0x00,0x00,0x3e,0xaa,0xab,0x80,0x00,0x03,0xc0,0x00,0x38,0x00,0x00,0x3d,0x55,0x57,
0x80,0x00,0x03,0xff,0xff,0xf8,0x00,0x00,0x3c,0x00,0x03,0x80,0x05,0x57,0xd5,0x55,0x7d,0x54,0x7f,0xff,0xff,0xff,0xff,0xd0,
0x07,0x80,0x00,0x7d,0x00,0x00,0xf0,0x0f,0x00,0xf0,0x00,0x7d,0x00,0xf0,0x07,0xe0,0x7e,0x2f,0xff,0xff,0x8b,0xd7,0x41,0x55,
0xf5,0x54,0x09,0x00,0x00,0x0f,0x00,0x00,0x00,0x00,0x00,0xf0,0x00,0x00,0x1f,0xff,0xff,0xff,0xff,0x00,0xaa,0xaa,0xaa,0xaa,
0xa0,
/* U+5802 */
0x00,0x00,0x05,0x00,0x00,0x00,0x0a,0x00,0xf0,0x0b,0x00,0x00,0xb4,0x0f,0x01,0xe0,0x00,0x03,0x80,0xf0,0x2d,0x00,0x2a,0xbe,
0xaf,0xab,0xea,0x83,0xff,0xff,0xff,0xff,0xfc,0x38,0x00,0x00,0x00,0x02,0xc3,0x80,0x00,0x00,0x00,0x2c,0x38,0x2f,0xff,0xff,
0x82,0xc3,0x83,0xea,0xaa,0xbc,0x2c,0x14,0x38,0x00,0x02,0xc0,0x40,0x03,0x80,0x00,0x2c,0x00,0x00,0x3e,0xaa,0xab,0xc0,0x00,
0x02,0xaa,0xfa,0xa8,0x00,0x00,0x00,0x0f,0x00,0x00,0x00,0x00,0x00,0xf0,0x00,0x00,0x07,0xff,0xff,0xff,0xfd,0x00,0x6a,0xaa,
0xfa,0xaa,0x90,0x00,0x00,0x0f,0x00,0x00,0x00,0x00,0x00,0xf0,0x00,0x00,0x7f,0xff,0xff,0xff,0xff,0xd6,0xaa,0xaa,0xaa,0xaa,
0xa9,
/* U+5806 */
0x01,0x40,0x01,0x41,0x40,0x00,0x2c,0x00,0x74,0x78,0x00,0x02,0xc0,0x0b,0x02,0xc0,0x00,0x2c,0x00,0xe0,0x1d,0x00,0x02,0xc0,
0x1e,0xaa,0xea,0x90,0x2c,0x02,0xff,0xff,0xfe,0x16,0xd4,0x7d,0x55,0xd5,0x4b,0xff,0xdb,0xd0,0x1d,0x00,0x57,0xd5,0xfd,0x01,
0xd0,0x00,0x2c,0x2d,0xea,0xae,0xa8,0x02,0xc2,0x5f,0xff,0xff,0xc0,0x2c,0x11,0xd0,0x1d,0x00,0x02,0xc0,0x1d,0x01,0xd0,0x00,
0x2c,0x01,0xd0,0x1d,0x00,0x02,0xc0,0x1e,0xaa,0xea,0x80,0x2c,0x61,0xff,0xff,0xfc,0x02,0xff,0x1d,0x01,0xd0,0x06,0xfe,0x41,
0xd0,0x1d,0x00,0xb9,0x00,0x1d,0x01,0xd0,0x04,0x00,0x01,0xea,0xae,0xa9,0x00,0x00,0x1f,0xff,0xff,0xf0,0x00,0x01,0xd0,0x00,
0x00,0x00,0x00,0x15,0x00,0x00,0x00,
/* U+5821 */
0x00,0x14,0x00,0x00,0x00,0x00,0x03,0xc6,0xaa,0xaa,0x90,0x00,0xb4,0xba,0xaa,0xad,0x00,0x0e,0x0b,0x00,0x00,0xd0,0x02,0xd0,
0xb5,0x55,0x5d,0x00,0xbc,0x0b,0xff,0xff,0xd0,0x2f,0xc0,0x00,0x38,0x00,0x0b,0xac,0x15,0x57,0x95,0x54,0xe2,0xc7,0xff,0xff,
0xff,0xc4,0x2c,0x15,0x6f,0xf9,0x54,0x02,0xc0,0x0b,0x38,0xe0,0x00,0x2c,0x0b,0xc3,0x87,0xd0,0x02,0xc7,0xe0,0x38,0x0b,0xd0,
0x2c,0x24,0x12,0x80,0x09,0x01,0x40,0x0b,0x00,0x00,0x00,0x00,0x00,0xb0,0x00,0x00,0x0b,0xff,0xff,0xff,0xfe,0x00,0xaa,0xaa,
0xfa,0xaa,0xa0,0x00,0x00,0x0b,0x00,0x00,0x00,0x00,0x00,0xb0,0x00,0x00,0x7f,0xff,0xff,0xff,0xff,0xd6,0xaa,0xaa,0xaa,0xaa,
0xa9,
/* U+5830 */
0x05,0x00,0x00,0x00,0x00,0x00,0x74,0x0f,0xff,0xff,0xfd,0x07,0x40,0xfa,0xaa,0xaa,0x90,0x74,0x0e,0x00,0x00,0x00,0x07,0x40,
0xe1,0xaa,0xaa,0x40,0x74,0x0e,0x1e,0xaa,0xb4,0x5b,0x50,0xe1,0xc0,0x07,0x4f,0xff,0x8e,0x1f,0xff,0xf4,0x5b,0x94,0xe1,0xd5,
0x57,0x40,0x74,0x0e,0x1d,0x55,0x74,0x07,0x40,0xe1,0xff,0xff,0x40,0x74,0x0e,0x00,0xb0,0x00,0x07,0x40,0xe2,0xaf,0xaa,0x90,
0x74,0x0e,0x2b,0xea,0xe9,0x07,0x40,0xe0,0xb4,0x2c,0x00,0x75,0x8e,0x0f,0x97,0x40,0x07,0xbc,0xe0,0x1b,0xf4,0x06,0xfd,0x0e,
0x1a,0xfb,0xe4,0xf9,0x00,0xe3,0xe4,0x06,0x84,0x00,0x0e,0x00,0x00,0x00,0x00,0x00,0xff,0xff,0xff,0xe0,0x00,0x0a,0xaa,0xaa,
0xaa,
/* U+5854 */
0x05,0x40,0x05,0x00,0x50,0x00,0x74,0x00,0xf0,0x0b,0x00,0x07,0x46,0xaf,0xaa,0xfa,0x90,0x74,0x7f,0xff,0xff,0xfe,0x07,0x40,
0x0f,0x00,0xb0,0x00,0x74,0x00,0xf1,0x4b,0x00,0x6b,0xa4,0x00,0x7e,0x00,0x0b,0xff,0xc0,0x1e,0x78,0x00,0x07,0x40,0x0b,0x82,
0xe0,0x00,0x74,0x07,0xe0,0x0b,0xd0,0x07,0x42,0xfd,0x55,0x6f,0xd0,0x74,0xb9,0xff,0xff,0x6e,0x07,0x41,0x05,0x55,0x50,0x50,
0x74,0x00,0x00,0x00,0x00,0x07,0x40,0x2a,0xaa,0xa9,0x00,0x74,0x83,0xff,0xff,0xe0,0x07,0xbc,0x34,0x00,0x0e,0x06,0xfe,0x03,
0x40,0x00,0xe0,0xbd,0x00,0x34,0x00,0x0e,0x05,0x00,0x03,0xea,0xaa,0xe0,0x00,0x00,0x3f,0xff,0xfe,0x00,0x00,0x03,0x40,0x00,
0xe0,0x00,0x00,0x10,0x00,0x04,0x00,
/* U+5858 */
0x06,0x00,0x00,0x18,0x00,0x00,0x74,0x00,0x01,0xd0,0x00,0x07,0x40,0xaa,0xaf,0xaa,0x90,0x74,0x1f,0xff,0xff,0xfd,0x07,0x41,
0xd0,0x05,0x00,0x00,0x74,0x1d,0x00,0xb0,0x00,0x07,0x41,0xd7,0xff,0xff,0x0f,0xff,0x9d,0x15,0xb5,0xb0,0x6b,0xa5,0xd0,0x0b,
0x07,0x00,0x74,0x1f,0xff,0xff,0xff,0x07,0x41,0xea,0xab,0xab,0xa0,0x74,0x1d,0x00,0xb0,0x70,0x07,0x41,0xd6,0xaf,0xab,0x00,
0x74,0x1c,0x6a,0xfa,0xa0,0x07,0x42,0xc0,0x0b,0x00,0x00,0x74,0x6c,0x55,0xb5,0x54,0x07,0xb7,0x8b,0xff,0xff,0x86,0xfe,0x78,
0xb0,0x00,0x38,0xb9,0x0b,0x4b,0x00,0x03,0x80,0x00,0xe0,0xb0,0x00,0x78,0x00,0x1d,0x0b,0xff,0xff,0x80,0x01,0xc0,0xb5,0x55,
0x78,0x00,0x00,0x05,0x00,0x01,0x00,
/* U+585e */
0x00,0x00,0x28,0x00,0x00,0x00,0x00,0x01,0xe0,0x00,0x00,0x2a,0xaa,0xaf,0xaa,0xaa,0x82,0xea,0xbe,0xab,0xea,0xb8,0x2c,0x02,
0xc0,0x38,0x03,0x82,0xc5,0x6d,0x57,0x95,0x38,0x29,0xff,0xff,0xff,0xf6,0x80,0x00,0x2c,0x03,0x80,0x00,0x00,0x56,0xd5,0x79,
0x50,0x00,0x0f,0xff,0xff,0xff,0x00,0x00,0x02,0xd0,0x78,0x00,0x00,0x00,0x2c,0x03,0x80,0x00,0x7f,0xff,0xff,0xff,0xff,0xd1,
0x56,0xe5,0x55,0xb9,0x54,0x00,0x78,0x0a,0x02,0xd0,0x00,0x6e,0x00,0xf0,0x0b,0x90,0x7e,0x6a,0xaf,0xaa,0x9b,0xd6,0x41,0xaa,
0xfa,0xa4,0x19,0x00,0x00,0x0f,0x00,0x00,0x00,0x00,0x00,0xf0,0x00,0x00,0x1f,0xff,0xff,0xff,0xff,0x41,0xaa,0xaa,0xaa,0xaa,
0xa4,
/* U+5885 */
0x1a,0xaa,0xa8,0xaa,0xaa,0x42,0xeb,0xeb,0x8a,0xaa,0xf4,0x2c,0x2c,0x28,0x04,0x1d,0x02,0xeb,0xeb,0x81,0xeb,0x40,0x2d,0x6d,
0x78,0x07,0xd0,0x02,0xc2,0xc2,0x9a,0xbe,0xa9,0x2f,0xff,0xf9,0xab,0xeb,0xd1,0x56,0xd5,0x40,0x2c,0x38,0x00,0x2c,0x00,0x02,
0xcb,0x02,0xff,0xff,0xc0,0x2c,0x90,0x15,0x6d,0x54,0x02,0xc0,0x00,0x02,0xd5,0x50,0x38,0x00,0x7f,0xff,0xfd,0xbf,0x40,0x02,
0x95,0x40,0x55,0x50,0x00,0x00,0x00,0x0b,0x00,0x00,0x00,0xaa,0xaa,0xfa,0xaa,0xa0,0x0f,0xff,0xff,0xff,0xff,0x00,0x00,0x00,
0xb0,0x00,0x00,0x00,0x00,0x0b,0x00,0x00,0x06,0xaa,0xaa,0xfa,0xaa,0xa9,0x6a,0xaa,0xaa,0xaa,0xaa,0x90,
/* U+589e */
0x01,0x40,0x05,0x00,0x24,0x01,0xd0,0x02,0xd0,0x1e,0x00,0x74,0x00,0x38,0x07,0x40,0x1d,0x02,0xaf,0xab,0xea,0x07,0x40,0xff,
0xff,0xff,0xc1,0xd0,0x34,0x07,0x00,0x71,0x79,0x4d,0x71,0xc3,0x5e,0xff,0xf3,0x4d,0x71,0xc7,0x5b,0x94,0xd2,0x9c,0xa1,0xc1,
0xd0,0x34,0x07,0x00,0x70,0x74,0x0f,0xff,0xff,0xfc,0x1d,0x02,0xaa,0xaa,0xaa,0x07,0x40,0x00,0x00,0x00,0x01,0xd0,0x0f,0xff,
0xff,0xd0,0x74,0x03,0xaa,0xaa,0xb4,0x1d,0x24,0xe0,0x00,0x1d,0x07,0xfd,0x39,0x55,0x5b,0x5b,0xf8,0x0f,0xff,0xff,0xdb,0x90,
0x03,0x80,0x00,0x75,0x00,0x00,0xe0,0x00,0x1d,0x00,0x00,0x3f,0xff,0xff,0x40,0x00,0x0e,0x55,0x56,0xd0,0x00,0x01,0x40,0x00,
0x50,
/* U+58a8 */
0x06,0xaa,0xaa,0xaa,0xa9,0x00,0x7a,0xaa,0xfa,0xaa,0xd0,0x07,0x4d,0x0a,0x06,0x1d,0x00,0x74,0x74,0xa1,0xe1,0xd0,0x07,0x42,
0x4a,0x18,0x1d,0x00,0x7f,0xff,0xff,0xff,0xd0,0x01,0x55,0x5f,0x55,0x54,0x00,0x55,0x55,0xf5,0x55,0x50,0x0f,0xff,0xff,0xff,
0xff,0x40,0x00,0x00,0xf0,0x00,0x00,0x55,0x55,0x5f,0x55,0x55,0x57,0xff,0xff,0xff,0xff,0xfe,0x01,0x01,0x00,0x10,0x04,0x00,
0xb4,0x38,0x03,0x41,0xd0,0x2d,0x02,0xca,0x2c,0x0b,0x87,0x40,0x04,0xf0,0x40,0x1d,0x02,0xff,0xff,0xff,0xf8,0x40,0x15,0x55,
0xf5,0x55,0x40,0x00,0x00,0x0f,0x00,0x00,0x02,0xaa,0xaa,0xfa,0xaa,0xa8,0x7f,0xff,0xff,0xff,0xff,0xc0,
/* U+58c1 */
0x00,0x00,0x00,0x06,0x00,0x00,0xaa,0xa9,0x00,0x74,0x00,0x0f,0xff,0xe1,0xab,0xaa,0x40,0xd0,0x0e,0x2f,0xeb,0xf8,0x0d,0x00,
0xe0,0x74,0x1c,0x00,0xff,0xfe,0x03,0x82,0x80,0x1e,0xaa,0x96,0xbe,0xba,0x91,0xd0,0x00,0x7f,0xff,0xfd,0x1d,0xff,0xf0,0x03,
0x80,0x02,0x9e,0x5b,0x00,0x38,0x00,0x75,0xc0,0x72,0xff,0xff,0x8b,0x1e,0xab,0x15,0x79,0x54,0x51,0xaa,0xa0,0x03,0x80,0x00,
0x00,0x00,0xa0,0x24,0x00,0x00,0x00,0x0b,0x00,0x00,0x00,0x6a,0xaa,0xfa,0xaa,0x90,0x0b,0xff,0xff,0xff,0xff,0x00,0x00,0x00,
0xb0,0x00,0x00,0x00,0x00,0x0b,0x00,0x00,0x00,0x00,0x00,0xb0,0x00,0x00,0xbf,0xff,0xff,0xff,0xff,0xe5,0x55,0x55,0x55,0x55,
0x55,
/* U+58e4 */
0x06,0x00,0x00,0x28,0x00,0x00,0x74,0x00,0x02,0xc0,0x00,0x07,0x42,0xff,0xff,0xff,0xe0,0x74,0x15,0x55,0x55,0x55,0x07,0x40,
0x55,0x51,0x55,0x40,0x74,0x0b,0xae,0x2e,0xb4,0x1b,0x50,0xa0,0xa2,0x83,0x4b,0xff,0x8b,0xfe,0x2f,0xf4,0x5b,0x94,0x17,0x80,
0xb0,0x00,0x74,0x0a,0xba,0xaf,0xa8,0x07,0x40,0xab,0xaa,0xfa,0x80,0x74,0x00,0x34,0x0b,0x00,0x07,0x40,0xbf,0xff,0xff,0x80,
0x74,0x00,0x78,0x0b,0x00,0x07,0x41,0x5b,0x95,0xb5,0x50,0x75,0x9a,0xaf,0xbe,0xa9,0x07,0xf8,0x02,0xd1,0xc1,0x4b,0xf8,0x01,
0xf4,0x0e,0x78,0xa4,0x06,0xfe,0x00,0x7e,0x00,0x00,0x24,0xa0,0x52,0xe0,0x00,0x00,0x0b,0xbd,0x07,0xd0,0x00,0x00,0xf9,0x00,
0x0a,0x00,0x00,0x04,0x00,0x00,0x00,
/* U+58f0 */
0x00,0x00,0x0a,0x00,0x00,0x00,0x00,0x00,0xf0,0x00,0x00,0x6a,0xaa,0xaf,0xaa,0xaa,0x97,0xff,0xff,0xff,0xff,0xfd,0x00,0x00,
0x0f,0x00,0x00,0x00,0x00,0x00,0xf0,0x00,0x00,0x0f,0xff,0xff,0xff,0xff,0x00,0xaa,0xaa,0xaa,0xaa,0xa0,0x00,0x00,0x00,0x00,
0x00,0x00,0x6a,0xaa,0xaa,0xaa,0x90,0x07,0xff,0xff,0xff,0xfe,0x00,0x74,0x00,0xb0,0x00,0xe0,0x07,0x40,0x0b,0x00,0x0e,0x00,
0xb4,0x00,0xb4,0x01,0xe0,0x0b,0xff,0xff,0xff,0xfe,0x00,0xb5,0x55,0x55,0x55,0x50,0x0f,0x00,0x00,0x00,0x00,0x00,0xe0,0x00,
0x00,0x00,0x00,0x2d,0x00,0x00,0x00,0x00,0x03,0xc0,0x00,0x00,0x00,0x00,0xb8,0x00,0x00,0x00,0x00,0x0b,0x00,0x00,0x00,0x00,
0x00,0x10,0x00,0x00,0x00,0x00,0x00,
/* U+58f6 */
0x00,0x00,0x0a,0x00,0x00,0x00,0x00,0x00,0xf0,0x00,0x00,0x3f,0xff,0xff,0xff,0xff,0xc2,0xaa,0xaa,0xfa,0xaa,0xa8,0x00,0x00,
0x0f,0x00,0x00,0x00,0x55,0x55,0xf5,0x55,0x50,0x0b,0xff,0xff,0xff,0xfe,0x00,0x00,0x00,0x00,0x00,0x00,0x00,0x00,0x00,0x00,
0x00,0x03,0xff,0xff,0xff,0xff,0xfc,0x3e,0xaa,0xaa,0xaa,0xab,0xc3,0x80,0x00,0x00,0x00,0x2c,0x28,0x01,0xd0,0x74,0x02,0x80,
0x14,0x1d,0x07,0x41,0x90,0x03,0x81,0xd0,0x74,0x2d,0x00,0x2d,0x1d,0x07,0x47,0x80,0x00,0xe1,0xd0,0x74,0xb4,0x00,0x0b,0x5d,
0x07,0x5e,0x00,0x00,0x51,0xd0,0x74,0x40,0x00,0x00,0x1d,0x07,0x40,0x00,0x7f,0xff,0xff,0xff,0xff,0xd6,0xaa,0xaa,0xaa,0xaa,
0xa9,
/* U+5907 */
0x00,0x02,0x90,0x00,0x00,0x00,0x00,0x78,0x00,0x00,0x00,0x00,0x1f,0xff,0xff,0xf0,0x00,0x07,0xea,0xaa,0xaf,0x00,0x01,0xfd,
0x00,0x07,0xd0,0x00,0xbd,0xb8,0x02,0xf4,0x00,0x2e,0x02,0xe0,0xb8,0x00,0x00,0x40,0x07,0xfe,0x00,0x00,0x00,0x01,0xbf,0xe4,
0x00,0x00,0x06,0xfe,0x4b,0xf9,0x40,0x6f,0xf9,0x00,0x06,0xff,0xeb,0xa4,0x00,0x00,0x01,0x69,0x02,0xff,0xff,0xff,0xf8,0x00,
0x2d,0x55,0xf5,0x57,0x80,0x02,0xc0,0x0a,0x00,0x38,0x00,0x2d,0x00,0xa0,0x03,0x80,0x02,0xff,0xff,0xff,0xf8,0x00,0x2d,0x55,
0xf5,0x57,0x80,0x02,0xc0,0x0a,0x00,0x38,0x00,0x2d,0x00,0xf0,0x07,0x80,0x02,0xff,0xff,0xff,0xf8,0x00,0x2d,0x55,0x55,0x57,
0x80,0x01,0x40,0x00,0x00,0x14,0x00,
/* U+590d */
0x00,0x28,0x00,0x00,0x00,0x00,0x07,0x80,0x00,0x00,0x00,0x00,0xbf,0xff,0xff,0xff,0x40,0x1f,0xaa,0xaa,0xaa,0xa4,0x07,0xc0,
0x00,0x00,0x00,0x01,0xfe,0xaa,0xaa,0xaa,0x40,0x7d,0xba,0xaa,0xaa,0xb8,0x07,0x4b,0x00,0x00,0x03,0x80,0x00,0xba,0xaa,0xaa,
0xb8,0x00,0x0b,0xaa,0xaa,0xab,0x80,0x00,0xb0,0x00,0x00,0x38,0x00,0x0b,0x55,0x55,0x57,0x80,0x00,0xbf,0xff,0xff,0xf8,0x00,
0x00,0x78,0x00,0x00,0x00,0x00,0x1f,0x95,0x55,0x54,0x00,0x0b,0xff,0xff,0xff,0x80,0x0b,0xfe,0x00,0x01,0xf0,0x02,0xe4,0x7d,
0x00,0x7c,0x00,0x04,0x00,0xbd,0x7e,0x00,0x00,0x00,0x02,0xff,0x80,0x00,0x05,0x6b,0xfe,0xbf,0xe9,0x52,0xff,0xe4,0x00,0x6b,
0xfd,0x15,0x00,0x00,0x00,0x00,0x40,
/* U+590f */
0x6a,0xaa,0xaa,0xaa,0xaa,0x97,0xff,0xff,0xff,0xff,0xfd,0x00,0x00,0x1e,0x00,0x00,0x00,0x1a,0xaa,0xea,0xaa,0x40,0x01,0xea,
0xaa,0xaa,0xb8,0x00,0x1d,0x00,0x00,0x03,0x80,0x01,0xff,0xff,0xff,0xf8,0x00,0x1d,0x55,0x55,0x57,0x80,0x01,0xe5,0x55,0x55,
0x78,0x00,0x1f,0xaa,0xaa,0xaf,0x80,0x01,0xd0,0x00,0x00,0x38,0x00,0x1e,0xaa,0xaa,0xab,0x80,0x01,0xab,0xaa,0xaa,0xa4,0x00,
0x01,0xf0,0x00,0x00,0x00,0x00,0xbf,0xff,0xff,0xf0,0x00,0xbf,0x95,0x55,0x6e,0x00,0x7e,0x6f,0x40,0x0b,0x80,0x01,0x00,0x6f,
0x4b,0xd0,0x00,0x00,0x00,0xbf,0xf5,0x00,0x05,0xaa,0xff,0xab,0xff,0xe9,0xbf,0xa9,0x40,0x05,0xab,0xe0,
/* U+5916 */
0x00,0x14,0x00,0x06,0x00,0x00,0x03,0xc0,0x00,0xb0,0x00,0x00,0x78,0x00,0x0b,0x00,0x00,0x0b,0x95,0x50,0xb0,0x00,0x00,0xff,
0xff,0x0b,0x00,0x00,0x1e,0x55,0xb0,0xb0,0x00,0x03,0xc0,0x0b,0x0b,0x00,0x00,0xb8,0x00,0xe0,0xb0,0x00,0x1f,0x00,0x1d,0x0b,
0xd0,0x07,0xd0,0x02,0xd0,0xbf,0x40,0xf8,0x90,0x3c,0x0b,0x2d,0x06,0x0f,0x87,0x80,0xb0,0xb8,0x00,0x2f,0xf0,0x0b,0x02,0xe0,
0x00,0x7e,0x00,0xb0,0x0a,0x00,0x03,0xc0,0x0b,0x00,0x00,0x00,0xf4,0x00,0xb0,0x00,0x00,0x2e,0x00,0x0b,0x00,0x00,0x0b,0x80,
0x00,0xb0,0x00,0x07,0xe0,0x00,0x0b,0x00,0x01,0xf8,0x00,0x00,0xb0,0x00,0x7d,0x00,0x00,0x0b,0x00,0x02,0x00,0x00,0x00,0xb0,
0x00,0x00,0x00,0x00,0x05,0x00,0x00,
/* U+591a */
0x00,0x00,0x14,0x00,0x00,0x00,0x00,0x7c,0x00,0x00,0x00,0x02,0xf9,0x55,0x40,0x00,0x6f,0xff,0xff,0xc0,0x1b,0xf9,0x00,0x07,
0x40,0x7f,0x90,0x00,0x1e,0x00,0x14,0x1d,0x00,0x7c,0x00,0x00,0x0f,0x46,0xe0,0x00,0x00,0x03,0xef,0x40,0x00,0x01,0x6b,0xf9,
0x14,0x00,0x0f,0xfe,0x40,0x7c,0x00,0x05,0x40,0x06,0xf4,0x00,0x00,0x00,0x6f,0xff,0xff,0x00,0x5b,0xf9,0x55,0x6e,0x07,0xfe,
0x40,0x00,0x7c,0x02,0x50,0x50,0x01,0xf4,0x00,0x01,0xf0,0x07,0xd0,0x00,0x00,0x78,0x6f,0x40,0x00,0x00,0x1f,0xf8,0x00,0x00,
0x05,0xbf,0x90,0x00,0x6b,0xff,0xe4,0x00,0x00,0x7e,0xa5,0x00,0x00,0x00,
/* U+5927 */
0x00,0x00,0x0a,0x00,0x00,0x00,0x00,0x00,0xf0,0x00,0x00,0x00,0x00,0x0f,0x00,0x00,0x00,0x00,0x00,0xe0,0x00,0x00,0x00,0x00,
0x0e,0x00,0x00,0x00,0x00,0x00,0xe0,0x00,0x00,0x15,0x55,0x5e,0x55,0x55,0x4b,0xff,0xff,0xff,0xff,0xfe,0x55,0x55,0x6f,0x95,
0x55,0x50,0x00,0x03,0xf8,0x00,0x00,0x00,0x00,0x3a,0xc0,0x00,0x00,0x00,0x07,0x5d,0x00,0x00,0x00,0x00,0xb0,0xe0,0x00,0x00,
0x00,0x1e,0x07,0x40,0x00,0x00,0x03,0xc0,0x2c,0x00,0x00,0x00,0xb4,0x00,0xe0,0x00,0x00,0x1f,0x00,0x07,0x80,0x00,0x07,0xd0,
0x00,0x2e,0x00,0x01,0xf4,0x00,0x00,0xb8,0x00,0xbd,0x00,0x00,0x02,0xf4,0x7f,0x40,0x00,0x00,0x0b,0xdb,0x80,0x00,0x00,0x00,
0x1e,0x10,0x00,0x00,0x00,0x00,0x00,
/* U+5929 */
0x05,0x55,0x55,0x55,0x55,0x01,0xff,0xff,0xff,0xff,0xf4,0x15,0x55,0x5f,0x55,0x55,0x40,0x00,0x00,0xf0,0x00,0x00,0x00,0x00,
0x0e,0x00,0x00,0x00,0x00,0x00,0xe0,0x00,0x00,0x00,0x00,0x1d,0x00,0x00,0x00,0x00,0x01,0xd0,0x00,0x00,0x3f,0xff,0xff,0xff,
0xff,0xd2,0xaa,0xab,0xfa,0xaa,0xa8,0x00,0x00,0x3b,0x80,0x00,0x00,0x00,0x0b,0x5d,0x00,0x00,0x00,0x00,0xf0,0xe0,0x00,0x00,
0x00,0x1e,0x0b,0x40,0x00,0x00,0x07,0xc0,0x2d,0x00,0x00,0x00,0xf4,0x00,0xf0,0x00,0x00,0x2e,0x00,0x07,0xc0,0x00,0x1b,0x80,
0x00,0x1f,0x40,0x0b,0xe0,0x00,0x00,0x7d,0x07,0xf4,0x00,0x00,0x01,0xf9,0xb8,0x00,0x00,0x00,0x02,0xe1,0x00,0x00,0x00,0x00,
0x04,
/* U+592a */
0x00,0x00,0x09,0x00,0x00,0x00,0x00,0x00,0xe0,0x00,0x00,0x00,0x00,0x0e,0x00,0x00,0x00,0x00,0x00,0xe0,0x00,0x00,0x00,0x00,
0x1e,0x00,0x00,0x05,0x55,0x56,0xe5,0x55,0x55,0xbf,0xff,0xff,0xff,0xff,0xe1,0x55,0x56,0xf5,0x55,0x54,0x00,0x00,0x3f,0x40,
0x00,0x00,0x00,0x03,0xb8,0x00,0x00,0x00,0x00,0x75,0xd0,0x00,0x00,0x00,0x0b,0x0e,0x00,0x00,0x00,0x01,0xe0,0xb4,0x00,0x00,
0x00,0x2d,0x03,0x80,0x00,0x00,0x07,0x80,0x2d,0x00,0x00,0x00,0xb4,0x00,0xf4,0x00,0x00,0x2f,0x80,0x07,0xc0,0x00,0x0b,0xae,
0x00,0x1f,0x00,0x02,0xe0,0xb8,0x00,0x78,0x01,0xb8,0x03,0xd0,0x02,0xf4,0xbe,0x00,0x0f,0x00,0x07,0xdb,0x40,0x00,0x50,0x00,
0x1e,
/* U+592e */
0x00,0x00,0x0a,0x00,0x00,0x00,0x00,0x00,0xf0,0x00,0x00,0x00,0x00,0x0f,0x00,0x00,0x00,0x05,0x55,0xf5,0x55,0x00,0x02,0xff,
0xff,0xff,0xf8,0x00,0x2d,0x55,0xf5,0x57,0x80,0x02,0xc0,0x0f,0x00,0x38,0x00,0x2c,0x00,0xf0,0x03,0x80,0x02,0xc0,0x0f,0x00,
0x38,0x00,0x2c,0x00,0xf0,0x03,0x80,0x02,0xc0,0x0f,0x00,0x38,0x00,0x2c,0x00,0xf0,0x03,0x80,0x7f,0xff,0xff,0xff,0xff,0xd6,
0xaa,0xaa,0xfe,0xaa,0xa9,0x00,0x00,0x3a,0xd0,0x00,0x00,0x00,0x0b,0x4f,0x00,0x00,0x00,0x02,0xe0,0x78,0x00,0x00,0x00,0xb8,
0x02,0xe0,0x00,0x00,0x7e,0x00,0x0b,0xd0,0x00,0x6f,0x40,0x00,0x1f,0x90,0x6f,0x90,0x00,0x00,0x2f,0x97,0xd0,0x00,0x00,0x00,
0x6d,0x10,0x00,0x00,0x00,0x00,0x40,
/* U+5931 */
0x00,0x00,0x0a,0x00,0x00,0x00,0x07,0x40,0xf0,0x00,0x00,0x00,0xb0,0x0f,0x00,0x00,0x00,0x1e,0x00,0xf0,0x00,0x00,0x02,0xe5,
0x5f,0x55,0x55,0x00,0x7f,0xff,0xff,0xff,0xf0,0x1f,0x55,0x5f,0x55,0x55,0x03,0xd0,0x00,0xf0,0x00,0x00,0xb8,0x00,0x0f,0x00,
0x00,0x02,0x00,0x00,0xe0,0x00,0x00,0x00,0x00,0x0e,0x00,0x00,0x07,0xff,0xff,0xff,0xff,0xfd,0x6a,0xaa,0xbf,0xea,0xaa,0x90,
0x00,0x03,0xec,0x00,0x00,0x00,0x00,0x75,0xd0,0x00,0x00,0x00,0x0b,0x0b,0x40,0x00,0x00,0x01,0xe0,0x3c,0x00,0x00,0x00,0x7c,
0x01,0xf4,0x00,0x00,0x2f,0x00,0x07,0xd0,0x00,0x2f,0x80,0x00,0x0b,0x90,0x6f,0xd0,0x00,0x00,0x2f,0x9b,0x90,0x00,0x00,0x00,
0x2d,
/* U+5934 */
0x00,0x00,0x00,0x90,0x00,0x00,0x00,0x00,0x0e,0x00,0x00,0x00,0x78,0x00,0xe0,0x00,0x00,0x02,0xf4,0x0e,0x00,0x00,0x00,0x06,
0xe0,0xe0,0x00,0x00,0x40,0x09,0x0e,0x00,0x00,0x0f,0x40,0x00,0xe0,0x00,0x00,0x7e,0x40,0x0e,0x00,0x00,0x00,0x7e,0x01,0xd0,
0x00,0x00,0x00,0xa0,0x1d,0x00,0x00,0x00,0x00,0x02,0xd0,0x00,0x01,0x55,0x55,0x6d,0x55,0x55,0x7f,0xff,0xff,0xff,0xff,0xd1,
0x55,0x55,0xb9,0x55,0x54,0x00,0x00,0x0b,0x40,0x00,0x00,0x00,0x01,0xfd,0x00,0x00,0x00,0x00,0x7d,0xb8,0x00,0x00,0x00,0x1f,
0x41,0xf4,0x00,0x00,0x0b,0xd0,0x02,0xe0,0x00,0x0b,0xe0,0x00,0x07,0xd0,0x1b,0xf4,0x00,0x00,0x1f,0x83,0xe4,0x00,0x00,0x00,
0x2c,0x10,0x00,0x00,0x00,0x00,0x00,
/* U+5937 */
0x00,0x00,0x09,0x00,0x00,0x00,0x00,0x00,0xe0,0x00,0x00,0x6a,0xaa,0xaf,0xaa,0xaa,0x96,0xaa,0xaa,0xfa,0xaa,0xa9,0x00,0x00,
0x0e,0x00,0x00,0x00,0x55,0x55,0xf5,0x55,0x40,0x0b,0xff,0xff,0xff,0xfc,0x00,0x00,0x00,0xe0,0x02,0xc0,0x00,0x00,0x0e,0x00,
0x2c,0x00,0x3f,0xff,0xff,0xff,0xc0,0x07,0x95,0x6e,0x55,0x54,0x00,0xb0,0x02,0xd0,0x00,0x00,0x0b,0x55,0x7d,0x55,0x55,0x40,
0xff,0xff,0xff,0xff,0xf4,0x00,0x00,0xbe,0x00,0x07,0x40,0x00,0x1e,0x74,0x00,0x74,0x00,0x03,0xc2,0xd0,0xaf,0x00,0x00,0xb4,
0x0f,0x4f,0x90,0x00,0x7e,0x00,0x3e,0x00,0x00,0x2f,0x40,0x00,0xbe,0x00,0x2f,0xd0,0x00,0x01,0xbe,0x47,0xd0,0x00,0x00,0x01,
0xbd,0x10,0x00,0x00,0x00,0x00,0x40,
/* U+5939 */
0x00,0x00,0x0a,0x00,0x00,0x00,0x00,0x00,0xf0,0x00,0x00,0x00,0x00,0x0f,0x00,0x00,0x01,0xaa,0xaa,0xfa,0xaa,0xa4,0x2f,0xff,
0xff,0xff,0xff,0x80,0x00,0x00,0xf0,0x00,0x00,0x01,0x80,0x0f,0x00,0x24,0x00,0x2d,0x00,0xf0,0x07,0x40,0x01,0xe0,0x0f,0x00,
0xb0,0x00,0x0f,0x00,0xe0,0x0e,0x00,0x00,0x74,0x0e,0x02,0xd0,0x01,0x55,0x55,0xe5,0x7d,0x54,0xbf,0xff,0xff,0xff,0xff,0xe5,
0x55,0x57,0xf9,0x55,0x55,0x00,0x00,0x7a,0xc0,0x00,0x00,0x00,0x0b,0x0e,0x00,0x00,0x00,0x01,0xe0,0x78,0x00,0x00,0x00,0x7c,
0x02,0xe0,0x00,0x00,0x2e,0x00,0x0b,0x90,0x00,0x1f,0x80,0x00,0x1f,0x80,0x6f,0xd0,0x00,0x00,0x2f,0x97,0x90,0x00,0x00,0x00,
0x6d,
/* U+5947 */
0x00,0x00,0x06,0x00,0x00,0x00,0x00,0x00,0xb0,0x00,0x00,0x1a,0xaa,0xaf,0xaa,0xaa,0x41,0xff,0xff,0xff,0xff,0xf4,0x00,0x00,
0x2d,0x00,0x00,0x00,0x00,0x1b,0xf9,0x00,0x00,0x00,0x1b,0xd6,0xfe,0x50,0x00,0xaf,0xe0,0x01,0xaf,0xe0,0x07,0x90,0x00,0x00,
0x19,0x05,0x55,0x55,0x55,0x55,0x55,0xbf,0xff,0xff,0xff,0xff,0xe5,0x55,0x55,0x55,0x5b,0x95,0x00,0x00,0x00,0x00,0x74,0x00,
0x1a,0xaa,0xa4,0x07,0x40,0x02,0xff,0xff,0x80,0x74,0x00,0x2c,0x00,0x38,0x07,0x40,0x02,0xc0,0x03,0x80,0x74,0x00,0x2c,0x00,
0x38,0x07,0x40,0x02,0xff,0xff,0x80,0x74,0x00,0x15,0x55,0x54,0x07,0x40,0x00,0x00,0x00,0x15,0xb4,0x00,0x00,0x00,0x02,0xfe,
0x00,0x00,0x00,0x00,0x15,0x40,0x00,
/* U+5948 */
0x00,0x00,0x09,0x00,0x00,0x00,0x00,0x01,0xd0,0x00,0x00,0x00,0x00,0x2d,0x00,0x00,0x01,0xff,0xff,0xff,0xff,0xf4,0x05,0x56,
0xf5,0xb9,0x55,0x40,0x00,0x7c,0x02,0xd0,0x00,0x00,0x2f,0x40,0x0b,0x80,0x00,0x1b,0x80,0x00,0x2e,0x40,0x1b,0xe5,0x55,0x55,
0xbf,0x47,0xe2,0xff,0xff,0xf8,0xbd,0x10,0x15,0x55,0x55,0x00,0x40,0x00,0x00,0x00,0x00,0x00,0x05,0x55,0x55,0x55,0x55,0x00,
0xbf,0xff,0xff,0xff,0xe0,0x05,0x55,0x5b,0x55,0x55,0x00,0x00,0x00,0xb0,0x10,0x00,0x00,0x2d,0x0b,0x07,0x80,0x00,0x0b,0x80,
0xb0,0x2f,0x40,0x06,0xe0,0x0b,0x00,0x7d,0x02,0xf8,0x00,0xb0,0x00,0xf4,0x3d,0x01,0x5f,0x00,0x03,0x81,0x00,0x3f,0xd0,0x00,
0x00,0x00,0x01,0x50,0x00,0x00,0x00,
/* U+5949 */
0x00,0x00,0x0a,0x00,0x00,0x00,0x00,0x00,0xb0,0x00,0x00,0x1f,0xff,0xff,0xff,0xff,0x40,0x55,0x56,0xe5,0x55,0x50,0x00,0x00,
0x2c,0x00,0x00,0x00,0x2a,0xab,0xea,0xaa,0x80,0x02,0xaa,0xfe,0xaa,0xa8,0x00,0x00,0x0f,0x00,0x00,0x00,0x15,0x56,0xe5,0x55,
0x55,0x47,0xff,0xff,0xff,0xff,0xfd,0x15,0x6e,0x55,0x5b,0x95,0x40,0x07,0x80,0x50,0x2d,0x00,0x02,0xe0,0x0b,0x00,0xb8,0x01,
0xf9,0x55,0xf5,0x56,0xf4,0xbd,0x2f,0xff,0xff,0x86,0xfa,0x00,0x55,0xb5,0x50,0x06,0x00,0x00,0x0b,0x00,0x00,0x00,0x2a,0xaa,
0xfa,0xaa,0x90,0x03,0xff,0xff,0xff,0xfd,0x00,0x00,0x00,0xb0,0x00,0x00,0x00,0x00,0x0b,0x00,0x00,0x00,0x00,0x00,0xb0,0x00,
0x00,0x00,0x00,0x05,0x00,0x00,0x00,
/* U+594e */
0x00,0x00,0x09,0x00,0x00,0x00,0x00,0x01,0xe0,0x00,0x00,0x15,0x55,0x6d,0x55,0x55,0x43,0xff,0xff,0xff,0xff,0xfc,0x15,0x56,
0xe5,0x79,0x55,0x40,0x00,0xb8,0x01,0xe0,0x00,0x00,0x7d,0x0b,0x07,0xd0,0x00,0xbf,0x40,0xf0,0x1b,0xe4,0xbe,0x7f,0xff,0xff,
0xdb,0xe6,0x41,0x55,0xf5,0x54,0x09,0x00,0x00,0x0b,0x00,0x00,0x00,0x00,0x00,0xf0,0x00,0x00,0x1f,0xff,0xff,0xff,0xff,0x40,
0x55,0x55,0x55,0x55,0x50,0x00,0x00,0x0a,0x00,0x00,0x00,0x00,0x00,0xb0,0x00,0x00,0x03,0xff,0xff,0xff,0xfc,0x00,0x1a,0xaa,
0xfa,0xaa,0x80,0x00,0x00,0x0b,0x00,0x00,0x00,0x00,0x00,0xb0,0x00,0x00,0x7f,0xff,0xff,0xff,0xff,0xd6,0xaa,0xaa,0xaa,0xaa,
0xa9,
/* U+597d */
0x00,0xa0,0x00,0x00,0x00,0x00,0x0e,0x00,0x15,0x55,0x54,0x01,0xd0,0x07,0xff,0xff,0xc0,0x2d,0x00,0x15,0x55,0xb8,0x02,0xc0,
0x00,0x00,0x0f,0x0b,0xff,0xfc,0x00,0x03,0xd0,0x6b,0xeb,0xc0,0x00,0xb4,0x00,0x74,0x2c,0x00,0x2d,0x00,0x0b,0x03,0x80,0x02,
0xc0,0x00,0xf0,0x38,0x00,0x2c,0x00,0x1e,0x07,0x4a,0xab,0xea,0xa2,0xd0,0x74,0xff,0xff,0xff,0x2c,0x0b,0x00,0x02,0xd0,0x03,
0xe1,0xe0,0x00,0x2c,0x00,0x0b,0xad,0x00,0x02,0xc0,0x00,0x1f,0xc0,0x00,0x2c,0x00,0x00,0xbd,0x00,0x02,0xc0,0x00,0x1e,0xb8,
0x00,0x2c,0x00,0x03,0xc2,0xe0,0x02,0xc0,0x01,0xf4,0x0a,0x00,0x2c,0x00,0x7e,0x00,0x01,0x5b,0xc0,0x07,0x40,0x00,0x1f,0xf4,
0x00,0x10,0x00,0x00,0x00,0x00,0x00,
/* U+5982 */
0x00,0xa0,0x00,0x00,0x00,0x00,0x3c,0x00,0x00,0x00,0x00,0x0e,0x00,0x05,0x55,0x54,0x07,0x40,0x02,0xff,0xfe,0x56,0xd5,0x50,
0xb5,0x57,0xaf,0xff,0xfd,0x2c,0x00,0xe5,0x7d,0x5b,0x0b,0x00,0x38,0x1e,0x02,0xc2,0xc0,0x0e,0x07,0x40,0xa0,0xb0,0x03,0x82,
0xc0,0x38,0x2c,0x00,0xe0,0xe0,0x0d,0x0b,0x00,0x38,0x74,0x07,0x42,0xc0,0x0e,0x2d,0x03,0xc0,0xb0,0x03,0x8b,0xd1,0xd0,0x2c,
0x00,0xe0,0x7e,0xb0,0x0b,0x00,0x38,0x02,0xf8,0x02,0xc0,0x0e,0x00,0x3f,0x40,0xb0,0x03,0x80,0x2e,0xf4,0x2c,0x00,0xe0,0x2e,
0x1f,0x8b,0xaa,0xb8,0x2e,0x00,0xe2,0xff,0xfe,0x7e,0x00,0x00,0xb0,0x03,0x8e,0x00,0x00,0x14,0x00,0x50,
/* U+5983 */
0x01,0x90,0x00,0x00,0x00,0x00,0x1d,0x00,0x6a,0xaa,0xa4,0x02,0xc0,0x0b,0xff,0xff,0x40,0x2c,0x00,0x00,0x00,0x74,0x03,0x80,
0x00,0x00,0x07,0x4f,0xff,0xfc,0x00,0x00,0x74,0xab,0xaa,0xc0,0x00,0x07,0x40,0xb0,0x2c,0x00,0x00,0x74,0x0f,0x03,0x80,0x00,
0x07,0x40,0xe0,0x38,0x2a,0xaa,0xb4,0x1d,0x07,0x43,0xff,0xff,0x42,0xc0,0x74,0x38,0x00,0x00,0x3c,0x0b,0x03,0x80,0x00,0x03,
0xe1,0xe0,0x38,0x00,0x00,0x0b,0xac,0x03,0x80,0x00,0x00,0x2f,0x80,0x38,0x00,0x05,0x00,0xbd,0x03,0x80,0x00,0xb0,0x1e,0xf4,
0x38,0x00,0x0b,0x07,0xc7,0xd3,0x80,0x00,0xe1,0xf4,0x1d,0x38,0x00,0x1e,0x7d,0x00,0x03,0xff,0xff,0xdb,0x40,0x00,0x1a,0xaa,
0xa4,0x10,0x00,0x00,0x00,0x00,0x00,
/* U+59cb */
0x02,0x40,0x00,0x14,0x00,0x00,0x74,0x00,0x03,0xc0,0x00,0x07,0x40,0x00,0x74,0x00,0x00,0xb4,0x00,0x0f,0x02,0x40,0x0b,0x00,
0x01,0xd0,0x38,0x0f,0xff,0xe0,0x38,0x02,0xd0,0xaf,0xad,0x0b,0x00,0x0e,0x01,0xe1,0xd2,0xd0,0x05,0xb4,0x1d,0x1d,0x7e,0xbf,
0xff,0xc2,0xc1,0xc7,0xea,0x95,0x1d,0x3c,0x2c,0x00,0x00,0x00,0x93,0x82,0xc0,0x00,0x00,0x00,0x74,0x38,0x1a,0xaa,0xaa,0x47,
0xc7,0x41,0xea,0xaa,0xf4,0x1f,0xb0,0x1d,0x00,0x07,0x40,0x7e,0x01,0xd0,0x00,0x74,0x02,0xf0,0x1d,0x00,0x07,0x40,0x3f,0x81,
0xd0,0x00,0x74,0x0b,0x6e,0x1d,0x00,0x07,0x41,0xd0,0xb1,0xea,0xaa,0xb4,0x78,0x01,0x1f,0xff,0xff,0x4b,0x00,0x01,0xd0,0x00,
0x74,0x00,0x00,0x14,0x00,0x05,0x00,
/* U+59d1 */
0x01,0x80,0x00,0x05,0x00,0x00,0x38,0x00,0x00,0xb0,0x00,0x03,0x80,0x00,0x0b,0x00,0x00,0x78,0x00,0x00,0xb0,0x00,0x07,0x40,
0x00,0x0b,0x00,0x0b,0xff,0xf2,0xaa,0xfa,0xaa,0xaf,0xaf,0x3f,0xff,0xff,0xe0,0xe0,0xb0,0x00,0xb0,0x00,0x1e,0x0a,0x00,0x0b,
0x00,0x01,0xd0,0xe0,0x00,0xb0,0x00,0x2c,0x0e,0x00,0x0b,0x00,0x03,0xc1,0xd0,0x00,0xb4,0x00,0x38,0x2c,0x0b,0xff,0xff,0x47,
0xd3,0x80,0xb5,0x55,0xb4,0x1f,0xb4,0x0b,0x00,0x07,0x40,0x2f,0x00,0xb0,0x00,0x74,0x01,0xf8,0x0b,0x00,0x07,0x40,0x2e,0xe0,
0xb0,0x00,0x74,0x07,0x4b,0x8b,0x00,0x07,0x41,0xe0,0x28,0xb5,0x55,0xb4,0x7c,0x00,0x0b,0xff,0xff,0x47,0x00,0x00,0xb5,0x55,
0x74,0x00,0x00,0x05,0x00,0x01,0x00,
/* U+59d4 */
0x00,0x00,0x00,0x00,0x50,0x00,0x15,0x6a,0xab,0xff,0x80,0x03,0xff,0xff,0xaa,0x50,0x00,0x00,0x00,0xf0,0x00,0x00,0x00,0x00,
0x0f,0x00,0x00,0x02,0xff,0xff,0xff,0xff,0xf8,0x1a,0xaa,0xff,0xfa,0xaa,0x80,0x00,0x7c,0xf3,0xd0,0x00,0x00,0x6e,0x0f,0x0b,
0x90,0x00,0x6f,0x40,0xf0,0x1f,0xe0,0x7f,0x80,0x0a,0x00,0x2f,0xd2,0x40,0x06,0x40,0x00,0x18,0x00,0x00,0xf0,0x00,0x00,0x07,
0xff,0xff,0xff,0xff,0xfd,0x6a,0xaf,0xaa,0xab,0xea,0x90,0x01,0xe0,0x00,0xb4,0x00,0x00,0x3d,0x00,0x1e,0x00,0x00,0x07,0xfa,
0x47,0xc0,0x00,0x00,0x01,0xbf,0xf4,0x00,0x00,0x00,0x06,0xff,0xe4,0x00,0x05,0x6b,0xf9,0x1b,0xf9,0x01,0xff,0xe4,0x00,0x06,
0xf0,0x05,0x00,0x00,0x00,0x01,0x00,
/* U+59da */
0x02,0x40,0x00,0x91,0x80,0x00,0x38,0x00,0x0e,0x1d,0x00,0x07,0x40,0x00,0xe1,0xd0,0x00,0x74,0x05,0x0e,0x1d,0x09,0x0b,0x40,
0xb0,0xe1,0xd1,0xdf,0xff,0xe7,0x4e,0x1d,0x3c,0xaf,0xad,0x38,0xe1,0xdb,0x40,0xe0,0xd2,0xce,0x1d,0xf0,0x1d,0x1d,0x0e,0xe1,
0xd9,0x02,0xd1,0xc0,0x4e,0x1d,0x00,0x2c,0x2c,0x00,0xe1,0xe0,0x03,0x82,0x80,0x2e,0x1f,0x80,0x78,0x38,0x0b,0xe1,0xdf,0x47,
0xd7,0x42,0xdd,0x1d,0x7d,0x1f,0xb1,0xf5,0xd1,0xd1,0xe0,0x7e,0x09,0x1d,0x1d,0x00,0x02,0xf4,0x02,0xc1,0xd0,0x40,0x7f,0xd0,
0x38,0x1d,0x0b,0x0b,0x5f,0x0b,0x41,0xd0,0xb2,0xe0,0x51,0xe0,0x1d,0x0a,0xb8,0x00,0x7c,0x01,0xe6,0xdb,0x00,0x0b,0x40,0x0b,
0xf8,0x00,0x00,0x10,0x00,0x00,0x00,
/* U+59dc */
0x00,0x19,0x00,0x06,0x40,0x00,0x00,0xf0,0x00,0xb0,0x00,0x05,0x5b,0x95,0x5e,0x55,0x02,0xff,0xff,0xff,0xff,0xf8,0x15,0x55,
0x5f,0x55,0x55,0x40,0x00,0x00,0xf0,0x00,0x00,0x06,0xaa,0xaf,0xaa,0xa9,0x00,0x6a,0xaa,0xfa,0xaa,0x90,0x00,0x00,0x0f,0x00,
0x00,0x05,0x55,0x55,0xf5,0x55,0x55,0xbf,0xff,0xff,0xff,0xff,0xe1,0x55,0x56,0x55,0x55,0x54,0x00,0x00,0x78,0x00,0x00,0x01,
0x55,0x5f,0x55,0x55,0x54,0x7f,0xff,0xff,0xff,0xff,0xd1,0x55,0xf5,0x55,0x7d,0x54,0x00,0x2d,0x00,0x0b,0x40,0x00,0x07,0xe5,
0x02,0xe0,0x00,0x00,0x1a,0xfe,0xb8,0x00,0x00,0x00,0x02,0xff,0xe4,0x00,0x01,0x5a,0xfd,0x5b,0xf9,0x01,0xff,0xf9,0x00,0x0b,
0xf8,0x05,0x40,0x00,0x00,0x06,0x00,
/* U+5a01 */
0x00,0x00,0x00,0x19,0x00,0x00,0x00,0x00,0x01,0xd2,0xc0,0x00,0x00,0x00,0x1d,0x1d,0x00,0xaa,0xaa,0xaa,0xfa,0xf9,0x1f,0xff,
0xff,0xff,0xff,0xd1,0xd0,0x00,0x01,0xd0,0x00,0x1d,0x00,0x00,0x1e,0x00,0x01,0xd6,0xaa,0xa4,0xe0,0x74,0x1d,0x6b,0xea,0x4e,
0x0b,0x01,0xd0,0x2c,0x00,0xe0,0xb0,0x1d,0x03,0x80,0x0b,0x0e,0x01,0xd6,0xbe,0xa4,0xb1,0xd0,0x1d,0x6f,0xaf,0x4b,0x2c,0x01,
0xd0,0xe0,0x70,0x77,0x80,0x2c,0x1d,0x0a,0x03,0xf4,0x02,0xc2,0xd1,0xd0,0x2f,0x00,0x2c,0x1f,0xac,0x02,0xd0,0x53,0x80,0x1f,
0x80,0x3d,0x0b,0x78,0x02,0xff,0x4b,0xe0,0xeb,0x41,0xb8,0x62,0xe7,0x5d,0xb0,0xbe,0x00,0xb8,0x2f,0xc6,0x0a,0x40,0x06,0x00,
0xb4,
/* U+5a04 */
0x00,0x00,0x0a,0x00,0x00,0x00,0x1d,0x00,0xf0,0x0b,0x00,0x00,0xb0,0x0f,0x01,0xd0,0x00,0x03,0x80,0xf0,0x38,0x00,0x00,0x14,
0x0f,0x01,0x00,0x03,0xff,0xff,0xff,0xff,0xfc,0x2a,0xaa,0xff,0xfa,0xaa,0x80,0x00,0x7c,0xf3,0xd0,0x00,0x00,0x2e,0x0f,0x0b,
0x90,0x00,0x6f,0x40,0xf0,0x1f,0xd0,0xbf,0x80,0x0f,0x00,0x1f,0xe6,0x40,0x06,0x40,0x00,0x19,0x00,0x00,0xf4,0x00,0x00,0x07,
0xff,0xff,0xff,0xff,0xfd,0x6a,0xaf,0xea,0xab,0xfa,0x90,0x01,0xe0,0x00,0x78,0x00,0x00,0x3c,0x00,0x1f,0x00,0x00,0x0b,0xf9,
0x47,0xd0,0x00,0x00,0x05,0xbf,0xf4,0x00,0x00,0x00,0x06,0xff,0xe4,0x00,0x05,0x5b,0xf9,0x1b,0xf9,0x02,0xff,0xe4,0x00,0x06,
0xf8,0x05,0x00,0x00,0x00,0x01,0x00,
/* U+5a7a */
0x00,0x00,0x00,0x18,0x00,0x02,0xaa,0xaa,0x42,0x80,0x00,0x2a,0xaa,0xf4,0x39,0x55,0x40,0x28,0x1d,0x0b,0xff,0xfd,0x00,0xeb,
0x41,0xe0,0x1e,0x06,0xab,0xfa,0x7f,0x42,0xc0,0x6a,0xfe,0xbf,0x6c,0x38,0x00,0x29,0xc7,0x10,0xeb,0x00,0x0b,0x1c,0xd0,0x07,
0xe0,0x02,0xd1,0xc4,0x02,0xff,0x90,0xb4,0x2c,0x02,0xf9,0x2f,0x95,0x3f,0x81,0x29,0x00,0x2d,0x01,0x50,0xb4,0x00,0x00,0x05,
0x55,0x6e,0x55,0x55,0x55,0xbf,0xff,0xff,0xff,0xff,0xe1,0x55,0xf5,0x55,0x79,0x54,0x00,0x2d,0x00,0x0f,0x40,0x00,0x0b,0xe5,
0x03,0xd0,0x00,0x00,0x16,0xfe,0xf4,0x00,0x00,0x00,0x06,0xff,0xe4,0x00,0x05,0x6b,0xf9,0x1b,0xf9,0x01,0xff,0xa4,0x00,0x06,
0xf4,0x04,0x00,0x00,0x00,0x01,0x00,
/* U+5a92 */
0x02,0x40,0x06,0x00,0x19,0x00,0x74,0x00,0xb0,0x01,0xd0,0x07,0x40,0x5b,0x55,0x6e,0x40,0xb0,0x0b,0xff,0xff,0xfd,0x0b,0x00,
0x0b,0x40,0x1d,0x0f,0xff,0xe0,0xb0,0x01,0xd0,0xaf,0xae,0x0b,0xaa,0xad,0x01,0xd0,0xe0,0xbe,0xab,0xd0,0x1d,0x0d,0x0b,0x00,
0x1d,0x02,0xc1,0xd0,0xb0,0x01,0xd0,0x3c,0x1d,0x0b,0xff,0xfd,0x03,0x82,0xc0,0x55,0xf5,0x40,0x74,0x38,0x00,0x0e,0x00,0x07,
0xc7,0x45,0x55,0xf5,0x55,0x1f,0xb0,0xff,0xff,0xff,0xf0,0x7f,0x05,0x5a,0xea,0x54,0x01,0xf4,0x02,0xce,0x34,0x00,0x3f,0xd0,
0x74,0xe1,0xd0,0x0b,0x4f,0x2e,0x0e,0x0b,0x42,0xd0,0x5b,0x80,0xe0,0x2e,0x78,0x00,0xd0,0x0e,0x00,0xaa,0x00,0x00,0x00,0xe0,
0x00,0x00,0x00,0x00,0x05,0x00,0x00,
/* U+5ae9 */
0x05,0x00,0x09,0x00,0x50,0x00,0xa0,0x00,0xd0,0x0b,0x00,0x0e,0x01,0x5d,0x50,0xe0,0x00,0xd0,0x3f,0xff,0x4e,0x00,0x1d,0x01,
0x5e,0x51,0xe5,0x5f,0xff,0x40,0xd0,0x1f,0xfe,0xae,0xb6,0xae,0xa2,0xd6,0xd2,0xc7,0x2e,0xeb,0x3c,0x28,0x28,0x72,0x4d,0x77,
0xc2,0x83,0x87,0x24,0xd7,0xfd,0x38,0x34,0xb2,0x4d,0x7d,0xd3,0x47,0x4a,0x24,0xd7,0x0a,0x34,0xb0,0xd2,0xae,0xb0,0xb7,0x07,
0x9d,0x2b,0xfa,0x07,0xb0,0x1f,0xc0,0x2e,0x00,0x3e,0x00,0x7c,0x03,0xf8,0x02,0xd0,0x07,0xe0,0xad,0xe0,0x2d,0x00,0xbb,0x5d,
0xd7,0x87,0xf0,0x1d,0x17,0x8d,0x18,0xb7,0x83,0xc0,0xf0,0xd0,0x2d,0x2d,0xb4,0x0d,0x0d,0x0b,0x80,0xe6,0x00,0x00,0xd0,0xa0,
0x06,0x00,0x00,0x04,0x00,0x00,0x00,
/* U+5b50 */
0x02,0xaa,0xaa,0xaa,0xa4,0x00,0x3f,0xff,0xff,0xff,0xc0,0x00,0x00,0x00,0x01,0xf4,0x00,0x00,0x00,0x00,0x7d,0x00,0x00,0x00,
0x00,0x2f,0x40,0x00,0x00,0x00,0x1f,0x80,0x00,0x00,0x00,0x07,0xd0,0x00,0x00,0x00,0x00,0x74,0x00,0x00,0x00,0x00,0x07,0x40,
0x00,0x01,0x55,0x55,0xb9,0x55,0x54,0x7f,0xff,0xff,0xff,0xff,0xd5,0x55,0x55,0xb9,0x55,0x55,0x00,0x00,0x07,0x40,0x00,0x00,
0x00,0x00,0x74,0x00,0x00,0x00,0x00,0x07,0x40,0x00,0x00,0x00,0x00,0x74,0x00,0x00,0x00,0x00,0x07,0x40,0x00,0x00,0x00,0x00,
0x74,0x00,0x00,0x00,0x00,0x07,0x40,0x00,0x00,0x00,0x55,0xf4,0x00,0x00,0x00,0x0f,0xfe,0x00,0x00,0x00,0x00,0x55,0x00,0x00,
0x00,
/* U+5b58 */
0x00,0x00,0x90,0x00,0x00,0x00,0x00,0x1e,0x00,0x00,0x00,0x00,0x02,0xd0,0x00,0x00,0x03,0xff,0xff,0xff,0xff,0xfe,0x2a,0xab,
0xaa,0xaa,0xaa,0x90,0x00,0xf0,0x00,0x00,0x00,0x00,0x2d,0x00,0x00,0x00,0x00,0x03,0xc2,0xaa,0xaa,0xa0,0x00,0xb4,0x3f,0xff,
0xff,0x40,0x1e,0x00,0x00,0x02,0xe0,0x07,0xd0,0x00,0x01,0xf4,0x01,0xfd,0x00,0x00,0x7d,0x00,0x7e,0xd0,0x00,0x0f,0x00,0x0b,
0x5d,0x00,0x00,0xf0,0x00,0x51,0xd3,0xff,0xff,0xff,0xf0,0x1d,0x2a,0xaa,0xfa,0xaa,0x01,0xd0,0x00,0x0f,0x00,0x00,0x1d,0x00,
0x00,0xf0,0x00,0x01,0xd0,0x00,0x0f,0x00,0x00,0x1d,0x00,0x00,0xf0,0x00,0x01,0xd0,0x05,0x5e,0x00,0x00,0x1d,0x00,0xbf,0xd0,
0x00,0x00,0x40,0x01,0x50,0x00,0x00,
/* U+5b59 */
0x00,0x00,0x00,0x01,0x00,0x01,0x55,0x54,0x00,0x70,0x00,0x3f,0xff,0xc0,0x07,0x00,0x01,0x55,0x78,0x00,0x70,0x00,0x00,0x0f,
0x00,0x07,0x00,0x00,0x02,0xd0,0x00,0x70,0x00,0x00,0x78,0x02,0x47,0x1c,0x00,0x0f,0x00,0x38,0x71,0xd0,0x00,0xf0,0x07,0x47,
0x0e,0x00,0x0f,0x00,0x74,0x70,0xb0,0x00,0xf6,0xcb,0x07,0x07,0x41,0x6f,0xf8,0xe0,0x70,0x78,0xff,0xf4,0x1e,0x07,0x03,0xca,
0x4f,0x02,0xd0,0x70,0x2d,0x00,0xf0,0x3c,0x07,0x01,0xd0,0x0f,0x07,0x80,0x70,0x0e,0x00,0xf0,0x74,0x07,0x00,0xb0,0x0f,0x01,
0x00,0x70,0x00,0x00,0xf0,0x00,0x07,0x00,0x00,0x0f,0x00,0x00,0xb0,0x00,0x15,0xe0,0x01,0x5f,0x00,0x03,0xfd,0x00,0x2f,0xe0,
0x00,0x15,0x00,0x01,0x50,0x00,0x00,
/* U+5b5a */
0x00,0x00,0x00,0x00,0x15,0x00,0x05,0x55,0x5a,0xbf,0xf4,0x1f,0xff,0xff,0xfa,0x94,0x00,0x55,0x55,0x40,0x02,0x40,0x01,0x90,
0x2c,0x00,0x78,0x00,0x0e,0x01,0xe0,0x0f,0x00,0x00,0xb4,0x0b,0x02,0xd0,0x00,0x03,0x40,0x74,0x28,0x00,0x01,0x55,0x55,0x55,
0x50,0x00,0x3f,0xff,0xff,0xff,0x80,0x01,0x55,0x55,0x56,0xf4,0x00,0x00,0x00,0x06,0xf4,0x00,0x00,0x00,0x07,0xf4,0x00,0x00,
0x00,0x00,0xb4,0x00,0x00,0x55,0x55,0x5b,0x55,0x55,0x5b,0xff,0xff,0xff,0xff,0xfe,0x55,0x55,0x5b,0x55,0x55,0x50,0x00,0x00,
0xb0,0x00,0x00,0x00,0x00,0x0b,0x00,0x00,0x00,0x00,0x00,0xb0,0x00,0x00,0x00,0x01,0x5f,0x00,0x00,0x00,0x00,0x3f,0xe0,0x00,
0x00,
/* U+5b5c */
0x00,0x00,0x00,0x24,0x00,0x01,0x55,0x55,0x07,0x40,0x00,0x3f,0xff,0xe0,0xb4,0x00,0x01,0x55,0x6d,0x0b,0x00,0x00,0x00,0x07,
0x80,0xfa,0xaa,0x90,0x01,0xf0,0x1f,0xff,0xfd,0x00,0x7c,0x01,0xd0,0x1d,0x00,0x0b,0x40,0x2c,0x01,0xd0,0x00,0xb0,0x07,0xc0,
0x1d,0x00,0x0b,0x04,0xbd,0x02,0xc0,0x00,0xbb,0xde,0xe0,0x2c,0x00,0x1b,0xe6,0xcb,0x03,0x80,0x6f,0xf4,0x78,0x34,0x74,0x0b,
0x9b,0x07,0x02,0xcb,0x00,0x40,0xb0,0x00,0x0e,0xd0,0x00,0x0b,0x00,0x00,0xbc,0x00,0x00,0xb0,0x00,0x0b,0xc0,0x00,0x0b,0x00,
0x02,0xfe,0x00,0x00,0xb0,0x00,0xb8,0x78,0x00,0x0b,0x00,0x6e,0x02,0xf4,0x15,0xf0,0x2f,0x80,0x07,0xe2,0xfd,0x07,0x90,0x00,
0x1e,0x05,0x00,0x10,0x00,0x00,0x00,
/* U+5b5d */
0x00,0x00,0x28,0x00,0x00,0x00,0x00,0x03,0xc0,0x00,0x10,0x05,0x55,0x7d,0x55,0x47,0x80,0x7f,0xff,0xff,0xf9,0xf0,0x00,0x00,
0x3c,0x00,0xbc,0x00,0x00,0x03,0xc0,0x1f,0x00,0x55,0x55,0x7d,0x5b,0xe5,0x5b,0xff,0xff,0xff,0xff,0xfe,0x15,0x55,0x56,0xf9,
0x55,0x40,0x00,0x01,0xbd,0x00,0x00,0x00,0x6a,0xbf,0xaa,0x90,0x00,0x0b,0xff,0xff,0xfd,0x00,0x06,0xf9,0x00,0x1f,0x40,0x0b,
0xf9,0x00,0x0b,0x80,0x00,0xa4,0x00,0x02,0xd0,0x00,0x00,0x55,0x55,0x6d,0x55,0x54,0x1f,0xff,0xff,0xff,0xff,0xc0,0x55,0x55,
0x6d,0x55,0x54,0x00,0x00,0x02,0xc0,0x00,0x00,0x00,0x00,0x2c,0x00,0x00,0x00,0x00,0x57,0xc0,0x00,0x00,0x00,0x1f,0xf8,0x00,
0x00,0x00,0x00,0x54,0x00,0x00,0x00,
/* U+5b5f */
0x01,0xaa,0xaa,0xaa,0xa0,0x00,0x1f,0xff,0xff,0xff,0x00,0x00,0x00,0x00,0x1b,0x80,0x00,0x00,0x00,0x1b,0x90,0x00,0x00,0x00,
0x03,0xd0,0x00,0x00,0x00,0x00,0x38,0x00,0x00,0x7f,0xff,0xff,0xff,0xff,0xd2,0xaa,0xaa,0xbe,0xaa,0xa8,0x00,0x00,0x03,0x80,
0x00,0x00,0x00,0x00,0x38,0x00,0x00,0x00,0x02,0xaf,0x40,0x00,0x00,0x00,0x2f,0xa0,0x00,0x00,0x00,0x00,0x00,0x00,0x00,0x00,
0x3f,0xff,0xff,0xff,0xc0,0x03,0xaa,0xea,0xba,0xbc,0x00,0x34,0x1d,0x07,0x42,0xc0,0x03,0x41,0xd0,0x74,0x2c,0x00,0x34,0x1d,
0x07,0x42,0xc0,0x07,0x81,0xd0,0x74,0x2c,0x0b,0xff,0xff,0xff,0xff,0xff,0x6a,0xaa,0xaa,0xaa,0xaa,0xa0,
/* U+5b81 */
0x00,0x00,0x19,0x00,0x00,0x00,0x00,0x01,0xe0,0x00,0x00,0x00,0x00,0x0f,0x00,0x00,0x03,0xff,0xff,0xff,0xff,0xfc,0x3e,0xaa,
0xaa,0xaa,0xab,0xc3,0x80,0x00,0x00,0x00,0x2c,0x38,0x00,0x00,0x00,0x02,0xc2,0x80,0x00,0x00,0x00,0x28,0x00,0x00,0x00,0x00,
0x00,0x06,0xaa,0xaa,0xaa,0xaa,0xa9,0x7f,0xff,0xff,0xff,0xff,0xd0,0x00,0x00,0xb4,0x00,0x00,0x00,0x00,0x0b,0x40,0x00,0x00,
0x00,0x00,0xb4,0x00,0x00,0x00,0x00,0x0b,0x40,0x00,0x00,0x00,0x00,0xb4,0x00,0x00,0x00,0x00,0x0b,0x40,0x00,0x00,0x00,0x00,
0xb4,0x00,0x00,0x00,0x00,0x0b,0x40,0x00,0x00,0x00,0x00,0xb4,0x00,0x00,0x00,0x05,0x5f,0x00,0x00,0x00,0x00,0xbf,0xe0,0x00,
0x00,0x00,0x01,0x50,0x00,0x00,0x00,
/* U+5b87 */
0x00,0x00,0x19,0x00,0x00,0x00,0x00,0x00,0xe0,0x00,0x00,0x1a,0xaa,0xaf,0xaa,0xaa,0x43,0xff,0xff,0xff,0xff,0xfc,0x3c,0x00,
0x00,0x00,0x03,0xc3,0x80,0x00,0x00,0x00,0x2c,0x38,0x00,0x00,0x00,0x02,0xc1,0x4a,0xaa,0xaa,0xaa,0x14,0x00,0xbf,0xff,0xff,
0xf0,0x00,0x00,0x00,0xb4,0x00,0x00,0x00,0x00,0x0b,0x40,0x00,0x00,0x00,0x00,0xb4,0x00,0x00,0x15,0x55,0x5b,0x55,0x55,0x47,
0xff,0xff,0xff,0xff,0xfd,0x15,0x55,0x5b,0x95,0x55,0x40,0x00,0x00,0xb4,0x00,0x00,0x00,0x00,0x0b,0x40,0x00,0x00,0x00,0x00,
0xb4,0x00,0x00,0x00,0x00,0x0b,0x40,0x00,0x00,0x00,0x00,0xb4,0x00,0x00,0x00,0x09,0x6f,0x00,0x00,0x00,0x00,0xff,0xe0,0x00,
0x00,
/* U+5b89 */
0x00,0x00,0x18,0x00,0x00,0x00,0x00,0x01,0xe0,0x00,0x00,0x15,0x55,0x5f,0x55,0x55,0x43,0xff,0xff,0xff,0xff,0xfc,0x3d,0x55,
0x55,0x55,0x57,0xc3,0x80,0x01,0x00,0x00,0x2c,0x38,0x00,0x78,0x00,0x02,0xc3,0x80,0x0b,0x40,0x00,0x2c,0x00,0x01,0xe0,0x00,
0x00,0x06,0xaa,0xbe,0xaa,0xaa,0xa9,0xbf,0xff,0xff,0xff,0xff,0xe0,0x01,0xf0,0x00,0x78,0x00,0x00,0x2d,0x00,0x0b,0x40,0x00,
0x07,0x80,0x01,0xe0,0x00,0x00,0xf8,0x00,0x2d,0x00,0x00,0x06,0xf9,0x0b,0x80,0x00,0x00,0x02,0xfe,0xf0,0x00,0x00,0x00,0x01,
0xff,0x40,0x00,0x00,0x00,0x7f,0xbf,0x40,0x00,0x00,0x7f,0x80,0xbf,0x40,0x2a,0xff,0x90,0x00,0xbf,0x43,0xfe,0x40,0x00,0x00,
0xb8,0x00,0x00,0x00,0x00,0x01,0x00,
/* U+5b8c */
0x00,0x00,0x18,0x00,0x00,0x00,0x00,0x02,0xd0,0x00,0x00,0x00,0x00,0x1e,0x00,0x00,0x07,0xff,0xff,0xff,0xff,0xfc,0x7e,0xaa,
0xaa,0xaa,0xab,0xc7,0x80,0x00,0x00,0x00,0x2c,0x78,0x00,0x00,0x00,0x02,0xc7,0x86,0xaa,0xaa,0xa9,0x2c,0x14,0xbf,0xff,0xff,
0xe1,0x40,0x00,0x00,0x00,0x00,0x00,0x00,0x00,0x00,0x00,0x00,0x00,0x00,0x00,0x00,0x00,0x00,0x7f,0xff,0xff,0xff,0xff,0xd6,
0xaa,0xbe,0xab,0xea,0xa9,0x00,0x03,0x80,0x38,0x00,0x00,0x00,0x38,0x03,0x80,0x00,0x00,0x07,0x40,0x38,0x00,0x40,0x00,0xf0,
0x03,0x80,0x0e,0x00,0x2e,0x00,0x38,0x00,0xe0,0x1f,0x80,0x03,0x80,0x0e,0x1f,0xe0,0x00,0x2e,0xab,0xd7,0xe4,0x00,0x01,0xbf,
0xf8,0x10,0x00,0x00,0x00,0x00,0x00,
/* U+5b8f */
0x00,0x00,0x18,0x00,0x00,0x00,0x00,0x07,0x80,0x00,0x01,0x55,0x55,0xf5,0x55,0x54,0xbf,0xff,0xff,0xff,0xfe,0x2d,0x55,0x55,
0x55,0x57,0x8b,0x00,0x24,0x00,0x00,0xe2,0xc0,0x1e,0x00,0x00,0x38,0x60,0x07,0x40,0x00,0x09,0x00,0x02,0xc0,0x00,0x00,0x0f,
0xff,0xff,0xff,0xff,0xf2,0xaa,0xbe,0xaa,0xaa,0xa8,0x00,0x2d,0x00,0x00,0x00,0x00,0x0e,0x01,0x40,0x00,0x00,0x0b,0x40,0xb4,
0x00,0x00,0x03,0xc0,0x38,0x00,0x00,0x02,0xd0,0x2d,0x06,0x00,0x01,0xf0,0x1e,0x01,0xe0,0x00,0xf4,0x0b,0x40,0x2d,0x00,0xb8,
0x0b,0x40,0x03,0x80,0xb8,0x07,0x80,0x56,0xf4,0x7c,0x07,0xef,0xff,0xff,0x08,0x01,0xea,0x54,0x01,0xd0,0x00,0x00,0x00,0x00,
0x10,
/* U+5b95 */
0x00,0x00,0x18,0x00,0x00,0x00,0x00,0x01,0xd0,0x00,0x00,0x15,0x55,0x5f,0x55,0x55,0x43,0xff,0xff,0xff,0xff,0xfc,0x3d,0x55,
0x55,0x55,0x57,0xc3,0x80,0x00,0x00,0x00,0x2c,0x38,0x00,0x00,0x00,0x02,0xc1,0x00,0x00,0x00,0x00,0x00,0x6a,0xaa,0xaa,0xaa,
0xaa,0x9b,0xff,0xff,0xff,0xff,0xfe,0x00,0x02,0xd0,0x00,0x00,0x00,0x00,0xb4,0x00,0x00,0x00,0x00,0x1e,0x00,0x00,0x00,0x00,
0x07,0xea,0xaa,0xaa,0x80,0x02,0xff,0xff,0xff,0xfd,0x01,0xff,0x80,0x00,0x01,0xd0,0xbe,0x38,0x00,0x00,0x1d,0x0a,0x43,0x80,
0x00,0x01,0xd0,0x00,0x38,0x00,0x00,0x1d,0x00,0x03,0x95,0x55,0x56,0xd0,0x00,0x3f,0xff,0xff,0xfd,0x00,0x03,0x95,0x55,0x56,
0xd0,0x00,0x14,0x00,0x00,0x14,0x00,
/* U+5b97 */
0x00,0x00,0x24,0x00,0x00,0x00,0x00,0x38,0x00,0x00,0x15,0x55,0x6d,0x55,0x54,0x7f,0xff,0xff,0xff,0xfd,0x79,0x55,0x55,0x55,
0x6d,0x74,0x00,0x00,0x00,0x1d,0x74,0x00,0x00,0x00,0x1d,0x65,0xaa,0xaa,0xaa,0x59,0x01,0xff,0xff,0xff,0x80,0x00,0x00,0x00,
0x00,0x00,0x00,0x00,0x00,0x00,0x00,0x55,0x55,0x55,0x55,0x55,0xbf,0xff,0xff,0xff,0xff,0x55,0x55,0x6e,0x55,0x55,0x00,0x00,
0x1d,0x00,0x00,0x00,0x60,0x1d,0x0b,0x00,0x01,0xf0,0x1d,0x07,0xc0,0x03,0xd0,0x1d,0x01,0xf0,0x0f,0x40,0x1d,0x00,0x78,0x7d,
0x00,0x1d,0x00,0x2e,0x74,0x05,0x6d,0x00,0x0a,0x10,0x0f,0xf8,0x00,0x00,0x00,0x05,0x40,0x00,0x00,
/* U+5b98 */
0x00,0x00,0xa0,0x00,0x00,0x00,0x00,0x74,0x00,0x00,0x55,0x55,0x7d,0x55,0x55,0xff,0xff,0xff,0xff,0xff,0xf5,0x55,0x55,0x55,
0x5f,0xe0,0x00,0x00,0x00,0x0b,0xe1,0x55,0x55,0x55,0x4b,0x52,0xff,0xff,0xff,0x86,0x02,0xd5,0x55,0x57,0x80,0x02,0xc0,0x00,
0x03,0x80,0x02,0xc0,0x00,0x03,0x80,0x02,0xff,0xff,0xff,0x80,0x02,0xea,0xaa,0xaa,0x40,0x02,0xc0,0x00,0x00,0x00,0x02,0xc0,
0x00,0x00,0x00,0x02,0xff,0xff,0xff,0xe0,0x02,0xea,0xaa,0xaa,0xe0,0x02,0xc0,0x00,0x00,0xe0,0x02,0xc0,0x00,0x00,0xe0,0x02,
0xc0,0x00,0x00,0xe0,0x02,0xff,0xff,0xff,0xe0,0x02,0xd5,0x55,0x55,0xe0,0x01,0x40,0x00,0x00,0x50,
/* U+5b9a */
0x00,0x00,0x18,0x00,0x00,0x00,0x00,0x01,0xe0,0x00,0x00,0x00,0x00,0x0f,0x40,0x00,0x02,0xff,0xff,0xff,0xff,0xf8,0x2d,0x55,
0x55,0x55,0x57,0x82,0xc0,0x00,0x00,0x00,0x38,0x2c,0x00,0x00,0x00,0x03,0x82,0xc5,0x55,0x55,0x55,0x28,0x00,0xff,0xff,0xff,
0xf0,0x00,0x00,0x00,0xb0,0x00,0x00,0x00,0x00,0x0b,0x00,0x00,0x00,0x06,0x00,0xb0,0x00,0x00,0x00,0xb0,0x0b,0x00,0x00,0x00,
0x0e,0x00,0xba,0xaa,0x80,0x01,0xe0,0x0b,0xff,0xfc,0x00,0x2d,0x00,0xb0,0x00,0x00,0x03,0xf0,0x0b,0x00,0x00,0x00,0xbb,0x80,
0xb0,0x00,0x00,0x1e,0x1e,0x4b,0x00,0x00,0x03,0xd0,0x7e,0xf0,0x00,0x00,0xb8,0x00,0xbf,0xfa,0xaa,0xaa,0x00,0x00,0x5a,0xbf,
0xfe,
/* U+5b9b */
0x00,0x00,0x28,0x00,0x00,0x00,0x00,0x02,0xd0,0x00,0x00,0x2a,0xaa,0xaf,0xaa,0xaa,0x43,0xff,0xff,0xff,0xff,0xf8,0x38,0x00,
0x00,0x00,0x03,0x83,0x81,0x40,0x00,0x00,0x38,0x38,0x3c,0x00,0x00,0x02,0x40,0x07,0x80,0x0a,0xaa,0x90,0x00,0xff,0xf8,0xff,
0xfe,0x00,0x1e,0x57,0x8e,0x00,0xe0,0x03,0xc0,0x74,0xe0,0x0e,0x00,0xb4,0x0b,0x0e,0x00,0xe0,0x2e,0x00,0xe0,0xe0,0x0e,0x07,
0xca,0x1e,0x0e,0x15,0xd0,0x70,0xba,0xc0,0xe2,0xfc,0x00,0x02,0xf4,0x0e,0x05,0x00,0x00,0x1f,0x00,0xe0,0x00,0x40,0x03,0xd0,
0x0e,0x00,0x0e,0x00,0xf4,0x00,0xe0,0x01,0xd0,0x7d,0x00,0x0b,0x00,0x2d,0x6f,0x40,0x00,0xbf,0xff,0xc7,0x80,0x00,0x02,0xaa,
0xa4,
/* U+5b9c */
0x00,0x00,0x18,0x00,0x00,0x00,0x00,0x01,0xd0,0x00,0x00,0x05,0x55,0x5f,0x55,0x55,0x02,0xff,0xff,0xff,0xff,0xf8,0x2d,0x55,
0x55,0x55,0x57,0x82,0xc0,0x00,0x00,0x00,0x38,0x2c,0x00,0x00,0x00,0x03,0x81,0x83,0xff,0xff,0xfd,0x24,0x00,0x3e,0xaa,0xaa,
0xd0,0x00,0x03,0x80,0x00,0x1d,0x00,0x00,0x38,0x00,0x01,0xd0,0x00,0x03,0xea,0xaa,0xad,0x00,0x00,0x3f,0xff,0xff,0xd0,0x00,
0x03,0x80,0x00,0x1d,0x00,0x00,0x38,0x00,0x01,0xd0,0x00,0x03,0x95,0x55,0x6d,0x00,0x00,0x3f,0xff,0xff,0xd0,0x00,0x03,0x95,
0x55,0x6d,0x00,0x00,0x38,0x00,0x01,0xd0,0x00,0x03,0x80,0x00,0x1d,0x00,0x6a,0xbe,0xaa,0xab,0xfa,0xa6,0xaa,0xaa,0xaa,0xaa,
0xaa,
/* U+5b9d */
0x00,0x00,0x50,0x00,0x00,0x00,0x00,0x78,0x00,0x00,0x00,0x00,0x3c,0x00,0x00,0xbf,0xff,0xff,0xff,0xfe,0xba,0xaa,0xaa,0xaa,
0xae,0xb0,0x00,0x00,0x00,0x0e,0xb0,0x00,0x00,0x00,0x0e,0xa5,0x55,0x55,0x55,0x59,0x0b,0xff,0xff,0xff,0xf0,0x05,0x55,0x7d,
0x55,0x50,0x00,0x00,0x3c,0x00,0x00,0x00,0x00,0x3c,0x00,0x00,0x00,0x00,0x3c,0x00,0x00,0x02,0xaa,0xbe,0xaa,0x80,0x07,0xff,
0xff,0xff,0xc0,0x00,0x00,0x3c,0x00,0x00,0x00,0x00,0x3c,0x0e,0x00,0x00,0x00,0x3c,0x0b,0x40,0x00,0x00,0x3c,0x02,0xd0,0x00,
0x00,0x3c,0x00,0xd0,0xff,0xff,0xff,0xff,0xff,0xaa,0xaa,0xaa,0xaa,0xaa,
/* U+5ba1 */
0x00,0x00,0x64,0x00,0x00,0x00,0x00,0x78,0x00,0x00,0xaa,0xaa,0xbe,0xaa,0xaa,0xfa,0xaa,0xaa,0xaa,0xaf,0xe0,0x00,0x00,0x00,
0x0b,0xe0,0x00,0x2c,0x00,0x0b,0x90,0x00,0x2c,0x00,0x05,0x06,0xaa,0xbe,0xaa,0xa0,0x0b,0xff,0xff,0xff,0xf0,0x0b,0x00,0x2c,
0x00,0xb0,0x0b,0x00,0x2c,0x00,0xb0,0x0b,0x55,0x7d,0x55,0xb0,0x0b,0xff,0xff,0xff,0xf0,0x0b,0x55,0x7d,0x55,0xb0,0x0b,0x00,
0x2c,0x00,0xb0,0x0b,0x00,0x2c,0x00,0xb0,0x0b,0xff,0xff,0xff,0xf0,0x0b,0xaa,0xbe,0xaa,0xf0,0x0b,0x00,0x2c,0x00,0xb0,0x00,
0x00,0x2c,0x00,0x00,0x00,0x00,0x2c,0x00,0x00,0x00,0x00,0x2c,0x00,0x00,0x00,0x00,0x14,0x00,0x00,
/* U+5ba3 */
0x00,0x00,0x54,0x00,0x00,0x00,0x00,0x78,0x00,0x00,0x55,0x55,0x7d,0x55,0x55,0xff,0xff,0xff,0xff,0xff,0xe5,0x55,0x55,0x55,
0x5f,0xe0,0x00,0x00,0x00,0x0b,0xaa,0xaa,0xaa,0xaa,0xaa,0x0a,0xaa,0xaa,0xaa,0xa0,0x00,0x00,0x00,0x00,0x00,0x01,0x55,0x55,
0x55,0x40,0x03,0xff,0xff,0xff,0xc0,0x03,0x80,0x00,0x02,0xc0,0x03,0x80,0x00,0x02,0xc0,0x03,0xff,0xff,0xff,0xc0,0x03,0xea,
0xaa,0xab,0xc0,0x03,0x80,0x00,0x02,0xc0,0x03,0xd5,0x55,0x57,0xc0,0x03,0xff,0xff,0xff,0xc0,0x01,0x55,0x55,0x55,0x40,0x00,
0x00,0x00,0x00,0x00,0xaa,0xaa,0xaa,0xaa,0xaa,0xaa,0xaa,0xaa,0xaa,0xaa,
/* U+5bab */
0x00,0x00,0x60,0x00,0x00,0x00,0x00,0x74,0x00,0x00,0x55,0x55,0x7d,0x55,0x55,0xff,0xff,0xff,0xff,0xff,0xf5,0x55,0x55,0x55,
0x5f,0xe0,0x00,0x00,0x00,0x0b,0xe0,0x55,0x55,0x55,0x0b,0xe1,0xff,0xff,0xff,0x4b,0x01,0xe5,0x55,0x5b,0x40,0x01,0xd0,0x00,
0x07,0x40,0x01,0xd0,0x00,0x07,0x40,0x01,0xff,0xff,0xff,0x40,0x00,0xaa,0xaa,0xaa,0x00,0x00,0x00,0x00,0x00,0x00,0x00,0x00,
0x00,0x00,0x00,0x1f,0xff,0xff,0xff,0xf4,0x1e,0x55,0x55,0x55,0xb4,0x1e,0x00,0x00,0x00,0x74,0x1e,0x00,0x00,0x00,0x74,0x1e,
0x00,0x00,0x00,0xb4,0x1f,0xff,0xff,0xff,0xf4,0x1e,0x55,0x55,0x55,0xb4,0x05,0x00,0x00,0x00,0x50,
/* U+5bb6 */
0x00,0x00,0x64,0x00,0x00,0x00,0x00,0x0e,0x00,0x00,0x05,0x55,0x57,0xe5,0x55,0x53,0xff,0xff,0xff,0xff,0xfc,0xe0,0x00,0x00,
0x00,0x0b,0x38,0x00,0x00,0x00,0x02,0xc9,0x2a,0xaa,0xaa,0xa8,0x60,0x1f,0xff,0xff,0xff,0x40,0x00,0x01,0xb9,0x00,0x00,0x00,
0x06,0xfc,0x00,0x05,0x00,0x6f,0xd7,0x80,0x1f,0x81,0xfe,0x41,0xf4,0xbf,0x40,0x14,0x02,0xff,0xfd,0x00,0x00,0x0b,0xe2,0xe7,
0x80,0x00,0x6f,0x80,0xb4,0x74,0x02,0xfe,0x40,0xbe,0x0e,0x00,0x64,0x01,0xf6,0x81,0xd0,0x00,0x07,0xe0,0xb0,0x3d,0x00,0x6f,
0x90,0x38,0x03,0xd2,0xfe,0x40,0x0e,0x00,0x7d,0xa4,0x00,0x5b,0x40,0x07,0x00,0x00,0xff,0x80,0x00,0x00,0x00,0x15,0x00,0x00,
0x00,
/* U+5bb9 */
0x00,0x00,0x19,0x00,0x00,0x00,0x00,0x00,0xe0,0x00,0x00,0x1a,0xaa,0xaf,0xaa,0xaa,0x42,0xff,0xff,0xff,0xff,0xf8,0x2c,0x00,
0x00,0x00,0x03,0x82,0xc0,0x28,0x02,0x80,0x38,0x28,0x1f,0x80,0x2f,0x42,0x80,0x0b,0xd0,0x00,0x2f,0x40,0x0b,0xe0,0x1f,0x40,
0x7e,0x03,0xe4,0x0b,0xed,0x00,0xb8,0x14,0x02,0xe0,0xb4,0x01,0x00,0x01,0xb8,0x02,0xe4,0x00,0x01,0xbd,0x00,0x07,0xe0,0x01,
0xbe,0x00,0x00,0x0b,0xe4,0xbe,0xaa,0xaa,0xaa,0xab,0xd2,0x0f,0xff,0xff,0xff,0x08,0x00,0xe0,0x00,0x00,0xb0,0x00,0x0e,0x00,
0x00,0x0b,0x00,0x00,0xe0,0x00,0x00,0xb0,0x00,0x0e,0x55,0x55,0x5b,0x00,0x00,0xff,0xff,0xff,0xf0,0x00,0x0f,0x55,0x55,0x5b,
0x00,0x00,0x50,0x00,0x00,0x50,0x00,
/* U+5bbd */
0x00,0x00,0x28,0x00,0x00,0x00,0x00,0x01,0xe0,0x00,0x00,0x2a,0xaa,0xaf,0xaa,0xaa,0x42,0xff,0xff,0xff,0xff,0xf8,0x2c,0x00,
0x00,0x04,0x03,0x82,0xc0,0x74,0x01,0xd0,0x38,0x1a,0xab,0xaa,0xae,0xaa,0x40,0x2f,0xff,0xff,0xff,0xc0,0x00,0x07,0x40,0x1d,
0x00,0x00,0x00,0x64,0x01,0x90,0x00,0x00,0x55,0x55,0x55,0x50,0x00,0x0f,0xff,0xff,0xff,0x00,0x00,0xf5,0x55,0x55,0xf0,0x00,
0x0e,0x00,0x50,0x0b,0x00,0x00,0xe0,0x0e,0x00,0xb0,0x00,0x0e,0x01,0xd0,0x0b,0x00,0x00,0xe0,0x2d,0xd0,0xb0,0x00,0x0e,0x07,
0xdd,0x0b,0x00,0x00,0x41,0xf5,0xd0,0x11,0xd0,0x01,0xbd,0x1d,0x00,0x1d,0x1a,0xfd,0x00,0xe5,0x5b,0xcb,0xe9,0x00,0x0b,0xff,
0xf4,0x10,0x00,0x00,0x00,0x00,0x00,
/* U+5bbe */
0x00,0x00,0x19,0x00,0x00,0x00,0x00,0x01,0xe0,0x00,0x00,0x2f,0xff,0xff,0xff,0xff,0x82,0xea,0xaa,0xaa,0xaa,0xb8,0x2c,0x00,
0x00,0x00,0x03,0x82,0xc0,0x00,0x05,0xa8,0x38,0x28,0x2a,0xbf,0xfe,0x82,0x80,0x07,0xea,0x54,0x00,0x00,0x00,0x74,0x00,0x00,
0x00,0x00,0x07,0x95,0x55,0x55,0x40,0x00,0x7f,0xff,0xff,0xfc,0x00,0x07,0x95,0x55,0xe5,0x40,0x00,0x74,0x00,0x1d,0x00,0x00,
0x07,0x40,0x01,0xd0,0x00,0x00,0x74,0x00,0x1d,0x00,0x07,0xff,0xff,0xff,0xff,0xfd,0x6a,0xaa,0xaa,0xaa,0xaa,0x90,0x00,0x10,
0x00,0x00,0x00,0x00,0x0b,0x80,0x2e,0x00,0x00,0x07,0xe0,0x00,0xbe,0x00,0x0b,0xf4,0x00,0x00,0xbe,0x02,0xe4,0x00,0x00,0x00,
0xb4,0x04,0x00,0x00,0x00,0x01,0x00,
/* U+5bbf */
0x00,0x00,0x19,0x00,0x00,0x00,0x00,0x03,0x80,0x00,0x01,0xaa,0xaa,0xfa,0xaa,0xa8,0xbf,0xff,0xff,0xff,0xfe,0x2c,0x00,0x00,
0x00,0x03,0x8b,0x0a,0x00,0x00,0x00,0xa2,0xc3,0x85,0x55,0x55,0x50,0x02,0xd7,0xff,0xff,0xfe,0x00,0xf0,0x55,0x7d,0x55,0x40,
0x78,0x00,0x0e,0x00,0x00,0x3e,0x01,0x5b,0x95,0x50,0x2f,0x80,0xff,0xff,0xf8,0x1f,0xe0,0x38,0x00,0x0e,0x0f,0x78,0x0e,0x00,
0x03,0x87,0x5e,0x03,0x80,0x00,0xe1,0x87,0x80,0xff,0xff,0xf8,0x01,0xe0,0x3e,0xaa,0xae,0x00,0x78,0x0e,0x00,0x03,0x80,0x1e,
0x03,0x80,0x00,0xe0,0x07,0x80,0xe0,0x00,0x38,0x01,0xe0,0x3f,0xff,0xfe,0x00,0x78,0x0e,0x55,0x57,0x80,0x04,0x01,0x40,0x00,
0x50,
/* U+5bc6 */
0x00,0x00,0x18,0x00,0x00,0x00,0x00,0x01,0xe0,0x00,0x00,0x2f,0xff,0xff,0xff,0xff,0x82,0xea,0xaa,0xaa,0xaa,0xb8,0x2c,0x00,
0x24,0x00,0x03,0x82,0xc4,0x02,0xc0,0x2c,0x28,0x01,0xe0,0x0f,0x0b,0x80,0x00,0x2c,0x74,0x62,0xd1,0x00,0x03,0x87,0x41,0xf4,
0x7c,0x00,0xb4,0x74,0xbd,0x01,0xe0,0x1e,0x07,0xbe,0x01,0x87,0x80,0x40,0xbe,0x40,0x2c,0x2d,0x01,0xbf,0xea,0xab,0x80,0x86,
0xfe,0x6f,0xff,0xe4,0x00,0x79,0x00,0x00,0x00,0x00,0x00,0x14,0x00,0xb0,0x00,0x50,0x07,0x40,0x0b,0x00,0x0e,0x00,0x74,0x00,
0xb0,0x00,0xe0,0x07,0x40,0x0b,0x00,0x0e,0x00,0x79,0x55,0xb5,0x55,0xe0,0x07,0xff,0xff,0xff,0xfe,0x00,0x15,0x55,0x55,0x56,
0xe0,0x00,0x00,0x00,0x00,0x05,0x00,
/* U+5bcc */
0x00,0x00,0x64,0x00,0x00,0x00,0x00,0x78,0x00,0x00,0xaa,0xaa,0xbe,0xaa,0xaa,0xfa,0xaa,0xaa,0xaa,0xaf,0xe0,0x00,0x00,0x00,
0x0b,0xe6,0xaa,0xaa,0xaa,0x8b,0x96,0xaa,0xaa,0xaa,0x96,0x00,0x00,0x00,0x00,0x00,0x01,0xff,0xff,0xff,0x40,0x01,0xe5,0x55,
0x57,0x80,0x01,0xd0,0x00,0x03,0x80,0x01,0xea,0xaa,0xab,0x80,0x01,0xaa,0xaa,0xaa,0x40,0x00,0x00,0x00,0x00,0x00,0x1f,0xff,
0xff,0xff,0xf8,0x1d,0x55,0x7d,0x55,0x78,0x1c,0x00,0x2c,0x00,0x38,0x1f,0xff,0xff,0xff,0xf8,0x1d,0x55,0x7d,0x55,0x78,0x1c,
0x00,0x2c,0x00,0x38,0x1f,0xaa,0xbe,0xaa,0xb8,0x1e,0xaa,0xaa,0xaa,0xb8,0x14,0x00,0x00,0x00,0x14,
/* U+5bd2 */
0x00,0x00,0x19,0x00,0x00,0x00,0x00,0x01,0xe0,0x00,0x00,0x2a,0xaa,0xaf,0xaa,0xaa,0x82,0xea,0xbe,0xab,0xea,0xb8,0x2c,0x02,
0xc0,0x38,0x03,0x82,0xc5,0x6d,0x57,0x95,0x38,0x29,0xff,0xff,0xff,0xf6,0x80,0x00,0x2c,0x03,0x80,0x00,0x00,0x16,0xd5,0x79,
0x50,0x00,0x0b,0xff,0xff,0xff,0x00,0x00,0x16,0xd5,0x79,0x40,0x00,0x00,0x2d,0x07,0x80,0x00,0x7f,0xff,0xff,0xff,0xff,0xd1,
0x55,0xf5,0x55,0xe5,0x54,0x00,0x2d,0x50,0x07,0x80,0x00,0x0b,0x4f,0x90,0x1e,0x00,0x0b,0xd0,0x1b,0xe4,0x7e,0x07,0xe0,0x00,
0x07,0x80,0xbd,0x74,0x1e,0x90,0x00,0x00,0x90,0x01,0xaf,0xe4,0x00,0x00,0x00,0x00,0x1b,0xf9,0x00,0x00,0x00,0x00,0x06,0xf8,
0x00,0x00,0x00,0x00,0x01,0x00,0x00,
/* U+5bdf */
0x00,0x00,0x19,0x00,0x00,0x00,0x00,0x00,0xe0,0x00,0x00,0x2f,0xff,0xff,0xff,0xff,0x82,0xea,0xaa,0xaa,0xaa,0xb8,0x2c,0x1d,
0x00,0x80,0x03,0x82,0xc7,0xe5,0x4e,0xaa,0xb8,0x15,0xfa,0xf8,0xbf,0xfd,0x40,0x7e,0x0b,0x07,0x47,0x40,0x2e,0x79,0xd0,0x3d,
0xe0,0x07,0xe0,0xf8,0x01,0xf8,0x00,0x07,0x5e,0x00,0x07,0x80,0x00,0x1f,0xfa,0xaa,0xbe,0x00,0x07,0xe2,0xaa,0xa9,0x7e,0x07,
0xf4,0x00,0x00,0x00,0xbd,0x65,0x55,0x55,0x55,0x55,0x80,0x7f,0xff,0xff,0xff,0xc0,0x01,0x55,0x5f,0x55,0x54,0x00,0x01,0x80,
0xe0,0x50,0x00,0x00,0xb8,0x0e,0x0b,0xd0,0x00,0x6e,0x00,0xe0,0x1b,0x80,0x2f,0x81,0x1e,0x00,0x1f,0x43,0x90,0x2f,0xd0,0x00,
0x28,0x00,0x01,0x54,0x00,0x00,0x00,
/* U+5be8 */
0x00,0x00,0x18,0x00,0x00,0x00,0x00,0x01,0xe0,0x00,0x00,0x2f,0xff,0xff,0xff,0xff,0x83,0xea,0xae,0xab,0xaa,0xbc,0x3c,0x02,
0xc0,0x38,0x03,0xc3,0xdf,0xff,0xff,0xff,0x7c,0x14,0xaa,0xea,0xba,0xa1,0x40,0x00,0x2c,0x03,0x80,0x00,0x00,0xbf,0xff,0xff,
0xe0,0x00,0x06,0xae,0xab,0xa9,0x00,0x00,0x02,0xc0,0x38,0x00,0x03,0xff,0xff,0xff,0xff,0xfc,0x2a,0xae,0xaa,0xaf,0xaa,0x80,
0x07,0x80,0x50,0x3d,0x00,0x07,0xe0,0x0e,0x00,0xb9,0x0b,0xea,0xaa,0xfa,0xab,0xbd,0x24,0xaa,0xaf,0xaa,0xa1,0x90,0x00,0x00,
0xe0,0x00,0x00,0x00,0x1d,0x0e,0x0a,0x40,0x00,0x07,0x80,0xe0,0x6e,0x00,0x07,0xe1,0x5e,0x00,0x7e,0x00,0xb4,0x1f,0xd0,0x00,
0xb0,0x00,0x00,0x50,0x00,0x00,0x00,
/* U+5bf9 */
0x00,0x00,0x00,0x00,0x18,0x00,0x00,0x00,0x00,0x02,0xc0,0x15,0x55,0x40,0x00,0x2c,0x03,0xff,0xfd,0x00,0x02,0xc0,0x15,0x56,
0xc0,0x00,0x2c,0x00,0x00,0x2c,0xbf,0xff,0xfe,0x00,0x02,0xc6,0xaa,0xbe,0xa3,0x80,0x28,0x00,0x02,0xc0,0x2d,0x03,0x80,0x00,
0x2c,0x00,0xb4,0x74,0x10,0x02,0xc0,0x03,0xdb,0x07,0x40,0x2c,0x00,0x1f,0xe0,0x3d,0x02,0xc0,0x00,0x7d,0x01,0xf0,0x2c,0x00,
0x03,0xe0,0x07,0x82,0xc0,0x00,0xbf,0x40,0x2d,0x2c,0x00,0x1e,0x3c,0x00,0x42,0xc0,0x03,0xc1,0xe0,0x00,0x2c,0x00,0xf4,0x09,
0x00,0x02,0xc0,0x7d,0x00,0x00,0x00,0x2c,0x0b,0x40,0x00,0x00,0x02,0xc0,0x50,0x00,0x00,0x15,0x7c,0x00,0x00,0x00,0x07,0xff,
0x40,0x00,0x00,0x00,0x15,0x40,0x00,
/* U+5bfa */
0x00,0x00,0x0a,0x00,0x00,0x00,0x00,0x00,0xf0,0x00,0x00,0x00,0x00,0x0f,0x00,0x00,0x00,0xbf,0xff,0xff,0xff,0xe0,0x0a,0xaa,
0xaf,0xaa,0xaa,0x00,0x00,0x00,0xf0,0x00,0x00,0x00,0x00,0x0f,0x00,0x00,0x00,0x00,0x00,0xf0,0x00,0x00,0xbf,0xff,0xff,0xff,
0xff,0xe6,0xaa,0xaa,0xaa,0xaa,0xa9,0x00,0x00,0x00,0x02,0x40,0x00,0x00,0x00,0x00,0x38,0x00,0x15,0x55,0x55,0x5b,0x95,0x42,
0xff,0xff,0xff,0xff,0xfc,0x00,0x00,0x00,0x07,0x80,0x00,0x06,0x40,0x00,0x38,0x00,0x00,0x7d,0x00,0x03,0x80,0x00,0x01,0xf0,
0x00,0x38,0x00,0x00,0x07,0x80,0x03,0x80,0x00,0x00,0x2d,0x00,0x38,0x00,0x00,0x00,0x01,0x5b,0x40,0x00,0x00,0x00,0x3f,0xf0,
0x00,0x00,0x00,0x01,0x50,0x00,0x00,
/* U+5bfb */
0x01,0xaa,0xaa,0xaa,0xa4,0x00,0x2f,0xff,0xff,0xff,0x40,0x00,0x00,0x00,0x00,0x74,0x00,0x00,0x00,0x00,0x07,0x40,0x00,0xff,
0xff,0xff,0xf4,0x00,0x0a,0xaa,0xaa,0xab,0x40,0x00,0x00,0x00,0x00,0x74,0x00,0x15,0x55,0x55,0x57,0x40,0x03,0xff,0xff,0xff,
0xf4,0x00,0x15,0x55,0x55,0x55,0x00,0x00,0x00,0x00,0x07,0x40,0x01,0x55,0x55,0x55,0x79,0x54,0xbf,0xff,0xff,0xff,0xff,0xe5,
0x55,0x55,0x55,0xb9,0x55,0x00,0x10,0x00,0x07,0x40,0x00,0x07,0xd0,0x00,0x74,0x00,0x00,0x1f,0x40,0x07,0x40,0x00,0x00,0x7d,
0x00,0x74,0x00,0x00,0x00,0xd0,0x07,0x40,0x00,0x00,0x00,0x15,0xb4,0x00,0x00,0x00,0x03,0xfe,0x00,0x00,0x00,0x00,0x05,0x00,
0x00,
/* U+5bff */
0x00,0x00,0x18,0x00,0x00,0x00,0x00,0x02,0xc0,0x00,0x00,0x0a,0xaa,0xbe,0xaa,0xaa,0x00,0xaa,0xab,0xea,0xaa,0xa0,0x00,0x00,
0x3c,0x00,0x00,0x00,0x15,0x57,0x95,0x55,0x40,0x07,0xff,0xff,0xff,0xfc,0x00,0x15,0x5b,0x55,0x55,0x40,0x00,0x00,0xb0,0x00,
0x00,0x06,0xaa,0xaf,0xaa,0xaa,0xa9,0x6a,0xab,0xea,0xab,0xea,0x90,0x00,0x78,0x00,0x3c,0x00,0x00,0x0f,0x40,0x03,0xc0,0x00,
0x02,0xfa,0xaa,0xbe,0xa8,0x00,0x7f,0xff,0xff,0xff,0xc0,0x1f,0x40,0x00,0x3c,0x00,0x07,0xd2,0x40,0x03,0xc0,0x02,0xf4,0x7e,
0x00,0x3c,0x00,0xb8,0x00,0xbd,0x03,0xc0,0x06,0x00,0x00,0x90,0x3c,0x00,0x00,0x00,0x00,0x57,0x80,0x00,0x00,0x00,0x1f,0xf4,
0x00,0x00,0x00,0x00,0x54,0x00,0x00,
/* U+5c01 */
0x00,0x14,0x00,0x00,0x09,0x00,0x03,0x80,0x00,0x00,0xe0,0x00,0x38,0x00,0x00,0x0e,0x01,0x57,0x95,0x40,0x00,0xe0,0x3f,0xff,
0xf8,0x00,0x0e,0x01,0x57,0x95,0x5a,0xaa,0xfa,0x00,0x38,0x02,0xff,0xff,0xe0,0x03,0x80,0x00,0x00,0xe0,0x6a,0xbe,0xa8,0x00,
0x0e,0x0b,0xff,0xff,0xc1,0x00,0xe0,0x00,0x00,0x00,0xb0,0x0e,0x00,0x03,0x80,0x07,0x80,0xe0,0x00,0x38,0x00,0x2c,0x0e,0x01,
0x57,0x95,0x41,0xe0,0xe0,0x7f,0xff,0xfc,0x0b,0x0e,0x01,0x57,0x95,0x40,0x60,0xe0,0x00,0x38,0x00,0x00,0x0e,0x00,0x03,0x80,
0x00,0x00,0xe0,0x00,0x38,0x15,0x00,0x0e,0x01,0x5b,0xff,0xd0,0x00,0xe0,0xbf,0xff,0xa4,0x05,0x6d,0x06,0x94,0x00,0x00,0xff,
0x80,0x00,0x00,0x00,0x01,0x40,0x00,
/* U+5c04 */
0x00,0x24,0x00,0x00,0x09,0x00,0x07,0x80,0x00,0x00,0xe0,0x0a,0xba,0xa4,0x00,0x0e,0x01,0xff,0xff,0x40,0x00,0xe0,0x1d,0x00,
0x34,0x00,0x0e,0x01,0xd0,0x03,0x5f,0xff,0xfe,0x1f,0xff,0xf5,0xaa,0xaf,0xa1,0xe5,0x57,0x40,0x00,0xe0,0x1d,0x00,0x34,0x00,
0x0e,0x01,0xea,0xab,0x40,0x00,0xe0,0x1f,0xaa,0xf4,0xb0,0x0e,0x01,0xd0,0x03,0x47,0x40,0xe0,0x1d,0x00,0x34,0x2c,0x0e,0x0b,
0xff,0xff,0x41,0xe0,0xe0,0x6a,0xaa,0xf4,0x0b,0x0e,0x00,0x00,0x7f,0x40,0x60,0xe0,0x00,0x2e,0x74,0x00,0x0e,0x00,0x1b,0x83,
0x40,0x00,0xe0,0x1b,0xd0,0x34,0x00,0x0e,0x0b,0xd0,0x07,0x40,0x00,0xe0,0x60,0x15,0xb4,0x05,0x6e,0x00,0x02,0xfe,0x00,0xff,
0xd0,0x00,0x00,0x00,0x05,0x50,0x00,
/* U+5c06 */
0x00,0x28,0x00,0x24,0x00,0x00,0x03,0x80,0x0b,0x40,0x00,0x00,0x38,0x01,0xff,0xff,0xc5,0x03,0x80,0x7e,0xaa,0xbc,0xb0,0x38,
0x2f,0x40,0x07,0x83,0x83,0x8f,0xd5,0x01,0xf0,0x2d,0x38,0xa0,0xf4,0xbd,0x00,0xe3,0x80,0x02,0xfe,0x00,0x06,0x38,0x01,0xbf,
0x40,0x00,0x03,0x82,0xff,0x41,0x40,0x00,0x38,0x2a,0x40,0x2c,0x00,0x03,0x80,0x00,0x02,0xc0,0x00,0x78,0xbf,0xff,0xff,0xf0,
0x1f,0x8a,0xaa,0xab,0xea,0x0b,0xf8,0x00,0x00,0x2c,0x02,0xe3,0x80,0xb0,0x02,0xc0,0xf8,0x38,0x07,0x80,0x2c,0x09,0x03,0x80,
0x1e,0x02,0xc0,0x00,0x38,0x00,0xb0,0x2c,0x00,0x03,0x80,0x00,0x02,0xc0,0x00,0x38,0x00,0x15,0x7c,0x00,0x03,0x80,0x02,0xff,
0x80,0x00,0x14,0x00,0x05,0x40,0x00,
/* U+5c09 */
0x00,0x00,0x00,0x00,0x06,0x01,0xaa,0xaa,0xa0,0x00,0xb0,0x2f,0xff,0xff,0x00,0x0b,0x02,0xc0,0x00,0xb0,0x00,0xb0,0x2c,0x00,
0x0b,0x00,0x0b,0x02,0xea,0xaa,0xf2,0xaa,0xfa,0x2f,0xff,0xfe,0x2f,0xff,0xf2,0xc0,0x00,0x00,0x00,0xb0,0x2c,0x15,0x54,0x00,
0x0b,0x02,0xc7,0xff,0xe0,0x40,0xb0,0x2c,0x15,0x54,0x2c,0x0b,0x02,0xc0,0x00,0x01,0xd0,0xb0,0x2c,0xff,0xff,0x4e,0x0b,0x02,
0x8a,0xae,0xa4,0x74,0xb0,0x38,0x02,0xc0,0x03,0x8b,0x03,0x86,0x2c,0x60,0x14,0xb0,0x38,0xa2,0xcb,0x00,0x0b,0x07,0x4d,0x2c,
0x34,0x00,0xb0,0xb1,0xc2,0xc2,0x80,0x0b,0x0a,0x28,0x2c,0x1c,0x00,0xb0,0xe0,0x17,0xc0,0x01,0x5e,0x09,0x01,0xf4,0x00,0x3f,
0xd0,0x00,0x00,0x00,0x01,0x50,0x00,
/* U+5c0f */
0x00,0x00,0x01,0x00,0x00,0x00,0x00,0x00,0x74,0x00,0x00,0x00,0x00,0x07,0x40,0x00,0x00,0x00,0x00,0x74,0x00,0x00,0x00,0x00,
0x07,0x40,0x00,0x00,0x00,0x00,0x74,0x00,0x00,0x00,0x80,0x07,0x40,0x70,0x00,0x1e,0x00,0x74,0x07,0x40,0x02,0xd0,0x07,0x40,
0x3c,0x00,0x3c,0x00,0x74,0x02,0xd0,0x07,0xc0,0x07,0x40,0x1e,0x00,0x78,0x00,0x74,0x00,0xb0,0x0f,0x00,0x07,0x40,0x07,0x81,
0xe0,0x00,0x74,0x00,0x3c,0x3d,0x00,0x07,0x40,0x02,0xdb,0x80,0x00,0x74,0x00,0x1e,0xf4,0x00,0x07,0x40,0x00,0xf6,0x00,0x00,
0x74,0x00,0x09,0x00,0x00,0x07,0x40,0x00,0x00,0x00,0x00,0xb4,0x00,0x00,0x00,0x0a,0xaf,0x00,0x00,0x00,0x00,0xff,0xd0,0x00,
0x00,
/* U+5c14 */
0x00,0x64,0x00,0x00,0x00,0x00,0xb4,0x00,0x00,0x00,0x00,0xf0,0x00,0x00,0x00,0x01,0xfa,0xaa,0xaa,0xa8,0x02,0xff,0xff,0xff,
0xfc,0x07,0x80,0x00,0x00,0x38,0x0f,0x00,0x00,0x00,0x74,0x2d,0x00,0x2c,0x00,0xb0,0xb8,0x00,0x2c,0x00,0xf0,0x60,0x00,0x2c,
0x00,0x10,0x00,0x00,0x2c,0x00,0x00,0x00,0xb0,0x2c,0x0b,0x00,0x00,0xe0,0x2c,0x07,0x40,0x02,0xd0,0x2c,0x02,0xc0,0x03,0x80,
0x2c,0x01,0xd0,0x0b,0x40,0x2c,0x00,0xb0,0x1e,0x00,0x2c,0x00,0x74,0x3c,0x00,0x2c,0x00,0x2c,0xb4,0x00,0x2c,0x00,0x1e,0xa0,
0x00,0x2c,0x00,0x0f,0x00,0x15,0x7c,0x00,0x05,0x00,0x1f,0xf4,0x00,0x00,0x00,0x05,0x40,0x00,0x00,
/* U+5c16 */
0x00,0x00,0x05,0x00,0x00,0x00,0x00,0x00,0xf0,0x00,0x00,0x00,0x14,0x0f,0x02,0x40,0x00,0x03,0x80,0xf0,0x2d,0x00,0x00,0xb4,
0x0f,0x00,0xf0,0x00,0x1e,0x00,0xf0,0x07,0xc0,0x07,0xc0,0x0f,0x00,0x1e,0x01,0xf4,0x00,0xf0,0x00,0xb4,0x3d,0x00,0x0f,0x00,
0x03,0xc1,0x40,0x00,0xb0,0x00,0x10,0x00,0x00,0x00,0x00,0x00,0x00,0x00,0x00,0xe0,0x00,0x00,0x00,0x00,0x0e,0x00,0x00,0x06,
0xaa,0xaa,0xfa,0xaa,0xa9,0xbf,0xff,0xff,0xff,0xff,0xe0,0x00,0x07,0xac,0x00,0x00,0x00,0x00,0xf0,0xe0,0x00,0x00,0x00,0x2d,
0x07,0x80,0x00,0x00,0x1f,0x80,0x1f,0x40,0x00,0x1b,0xe0,0x00,0x7e,0x40,0x6f,0xe4,0x00,0x00,0x7f,0x9b,0xe0,0x00,0x00,0x00,
0x6e,0x10,0x00,0x00,0x00,0x00,0x40,
/* U+5c1a */
0x00,0x00,0x28,0x00,0x00,0x05,0x00,0x3c,0x00,0xa0,0x0f,0x00,0x3c,0x01,0xe0,0x07,0x80,0x3c,0x02,0xc0,0x02,0xd0,0x3c,0x07,
0x80,0x00,0xd0,0x3c,0x0b,0x00,0x00,0x00,0x3c,0x00,0x00,0x6a,0xaa,0xbe,0xaa,0xa9,0x7f,0xff,0xff,0xff,0xfd,0x74,0x00,0x00,
0x00,0x1d,0x74,0x00,0x00,0x00,0x1d,0x74,0x05,0x55,0x54,0x1d,0x74,0x1f,0xff,0xf4,0x1d,0x74,0x1d,0x00,0x74,0x1d,0x74,0x1d,
0x00,0x74,0x1d,0x74,0x1d,0x00,0x74,0x1d,0x74,0x1d,0x00,0x74,0x1d,0x74,0x1f,0xff,0xf4,0x1d,0x74,0x1a,0xaa,0xa4,0x1d,0x74,
0x00,0x00,0x00,0x1d,0x74,0x00,0x00,0x01,0x6d,0x74,0x00,0x00,0x03,0xfc,0x10,0x00,0x00,0x01,0x50,
/* U+5c24 */
0x00,0x00,0x18,0x04,0x00,0x00,0x00,0x03,0xc1,0xe0,0x00,0x00,0x00,0x3c,0x07,0x80,0x00,0x00,0x03,0xc0,0x2e,0x00,0x00,0x00,
0x3c,0x00,0xa0,0x00,0x00,0x03,0x80,0x00,0x00,0x7f,0xff,0xff,0xff,0xff,0xd6,0xaa,0xaf,0xef,0xaa,0xa9,0x00,0x00,0x74,0xe0,
0x00,0x00,0x00,0x0b,0x0e,0x00,0x00,0x00,0x00,0xf0,0xe0,0x00,0x00,0x00,0x0e,0x0e,0x00,0x00,0x00,0x02,0xd0,0xe0,0x00,0x00,
0x00,0x3c,0x0e,0x00,0x00,0x00,0x07,0x40,0xe0,0x00,0x00,0x00,0xf0,0x0e,0x00,0x04,0x00,0x2d,0x00,0xe0,0x00,0xe0,0x0b,0x80,
0x0e,0x00,0x0e,0x01,0xf0,0x00,0xe0,0x00,0xe0,0xbd,0x00,0x0e,0x00,0x1d,0x2f,0x00,0x00,0xba,0xab,0xd7,0x80,0x00,0x06,0xff,
0xf4,0x10,0x00,0x00,0x00,0x00,0x00,
/* U+5c27 */
0x00,0x02,0x40,0x00,0x00,0x00,0x00,0x3c,0x00,0x00,0x00,0x00,0x02,0xd0,0x01,0x55,0x01,0x56,0xaf,0xff,0xff,0xf4,0x7f,0xff,
0xfe,0xa9,0x55,0x01,0x54,0x07,0x80,0x06,0x00,0x00,0x00,0x2d,0x02,0xe0,0x00,0x00,0x00,0xf6,0xf8,0x04,0x00,0x00,0x1b,0xf9,
0x01,0xd0,0x05,0xaf,0xff,0x90,0x2c,0x2f,0xff,0x90,0x1f,0xff,0x81,0xa5,0x00,0x00,0x16,0xa0,0x00,0x00,0x00,0x00,0x00,0x06,
0xaa,0xaa,0xaa,0xaa,0xa9,0x7f,0xff,0xff,0xff,0xff,0xd0,0x00,0x2c,0x0b,0x00,0x00,0x00,0x07,0x80,0xb0,0x00,0x00,0x00,0xb4,
0x0b,0x00,0x05,0x00,0x2e,0x00,0xb0,0x00,0xe0,0x1f,0x80,0x0b,0x40,0x0e,0x6f,0xd0,0x00,0x7a,0xaa,0xd7,0xe4,0x00,0x02,0xff,
0xf8,0x10,0x00,0x00,0x00,0x00,0x00,
/* U+5c3c */
0x02,0xaa,0xaa,0xaa,0xaa,0x00,0xff,0xff,0xff,0xff,0x80,0x38,0x00,0x00,0x00,0xe0,0x0e,0x00,0x00,0x00,0x38,0x03,0x80,0x00,
0x00,0x0e,0x00,0xe5,0x55,0x55,0x57,0x80,0x3f,0xff,0xff,0xff,0xe0,0x0e,0x55,0x55,0x55,0x54,0x07,0x41,0x40,0x00,0x00,0x01,
0xd0,0xb0,0x00,0x00,0x00,0x74,0x2c,0x00,0x01,0xf0,0x1c,0x0b,0x00,0x1b,0xf8,0x0b,0x02,0xc6,0xff,0x90,0x02,0xc0,0xbf,0xe9,
0x00,0x00,0xa0,0x2e,0x40,0x00,0x00,0x38,0x0b,0x00,0x00,0x06,0x1d,0x02,0xc0,0x00,0x01,0xcf,0x00,0xb0,0x00,0x00,0xb7,0x40,
0x2c,0x00,0x00,0x7e,0xc0,0x07,0xff,0xff,0xfd,0x60,0x00,0x6a,0xaa,0xa9,0x00,
/* U+5c3e */
0x06,0xaa,0xaa,0xaa,0xaa,0x00,0x7f,0xff,0xff,0xff,0xf0,0x07,0x40,0x00,0x00,0x0f,0x00,0x74,0x00,0x00,0x00,0xf0,0x07,0x95,
0x55,0x55,0x5f,0x00,0x7f,0xff,0xff,0xff,0xf0,0x07,0x95,0x55,0x55,0x55,0x00,0x74,0x00,0x00,0x16,0x40,0x07,0x45,0x5a,0xbf,
0xf8,0x00,0x75,0xff,0xfe,0x50,0x00,0x0b,0x04,0x03,0x80,0x00,0x00,0xb0,0x00,0x3d,0x5a,0xa0,0x0b,0x0a,0xff,0xff,0xe9,0x00,
0xf0,0xaa,0x78,0x00,0x00,0x0e,0x00,0x03,0x80,0x15,0x41,0xe0,0x15,0xbe,0xff,0xfd,0x2d,0x3f,0xff,0xea,0x55,0x03,0xc1,0x54,
0x38,0x00,0x08,0x74,0x00,0x03,0x80,0x01,0xdb,0x00,0x00,0x2e,0xaa,0xbc,0x60,0x00,0x01,0xff,0xff,0x40,
/* U+5c45 */
0x06,0xaa,0xaa,0xaa,0xaa,0x00,0x7f,0xff,0xff,0xff,0xf4,0x07,0x40,0x00,0x00,0x07,0x40,0x74,0x00,0x00,0x00,0x74,0x07,0x95,
0x55,0x55,0x5b,0x40,0x7f,0xff,0xff,0xff,0xf4,0x07,0x55,0x55,0xe5,0x55,0x00,0x74,0x00,0x0d,0x00,0x00,0x07,0x40,0x00,0xe0,
0x00,0x00,0xbf,0xff,0xff,0xff,0xfd,0x0b,0xaa,0xaa,0xea,0xaa,0x80,0xb0,0x00,0x0d,0x00,0x00,0x0f,0x00,0x00,0xd0,0x00,0x00,
0xe0,0xaa,0xae,0xaa,0x90,0x0e,0x0f,0xff,0xff,0xfe,0x01,0xd0,0xe0,0x00,0x00,0xe0,0x2d,0x0e,0x00,0x00,0x0e,0x03,0x80,0xe0,
0x00,0x00,0xe0,0x74,0x0e,0x55,0x55,0x5e,0x0b,0x00,0xff,0xff,0xff,0xe0,0xa0,0x0e,0x55,0x55,0x5e,0x00,0x00,0x50,0x00,0x00,
0x50,
/* U+5c4f */
0x06,0xaa,0xaa,0xaa,0xaa,0x40,0x7f,0xff,0xff,0xff,0xf4,0x07,0x40,0x00,0x00,0x07,0x40,0x74,0x00,0x00,0x00,0x74,0x07,0xaa,
0xaa,0xaa,0xab,0x40,0x7f,0xff,0xff,0xff,0xf4,0x07,0x40,0x00,0x00,0x10,0x00,0x74,0x0b,0x00,0x0b,0x40,0x0b,0x40,0x78,0x01,
0xd0,0x00,0xb1,0xab,0xea,0xbe,0xa4,0x0b,0x1f,0xff,0xff,0xff,0x80,0xb0,0x02,0xd0,0x1d,0x00,0x0e,0x00,0x2c,0x01,0xd0,0x00,
0xe0,0x02,0xc0,0x1d,0x00,0x0e,0x6a,0xbe,0xab,0xea,0xa1,0xd6,0xaf,0xea,0xbf,0xaa,0x2d,0x00,0x78,0x01,0xd0,0x03,0xc0,0x0b,
0x00,0x1d,0x00,0x78,0x02,0xe0,0x01,0xd0,0x0b,0x41,0xf8,0x00,0x1d,0x00,0x70,0x2e,0x00,0x01,0xd0,0x00,0x00,0x00,0x00,0x04,
0x00,
/* U+5c6f */
0x00,0x00,0x05,0x00,0x00,0x00,0x00,0x01,0xd0,0x00,0x00,0x00,0x00,0x1d,0x00,0x00,0x01,0x55,0x56,0xe5,0x55,0x54,0x7f,0xff,
0xff,0xff,0xff,0xd1,0x55,0x55,0xe5,0x55,0x54,0x00,0x00,0x1d,0x00,0x00,0x00,0x74,0x01,0xd0,0x03,0xc0,0x07,0x40,0x1d,0x00,
0x3c,0x00,0x74,0x01,0xd0,0x03,0xc0,0x07,0x40,0x1d,0x00,0x3c,0x00,0x74,0x01,0xd0,0x03,0xc0,0x07,0x40,0x1d,0x00,0x3c,0x00,
0x7f,0xff,0xff,0xff,0xc0,0x06,0xaa,0xbf,0xaa,0xa8,0x00,0x00,0x01,0xd0,0x00,0x00,0x00,0x00,0x1d,0x00,0x00,0x40,0x00,0x01,
0xd0,0x00,0x0b,0x00,0x00,0x1d,0x00,0x00,0xe0,0x00,0x01,0xe0,0x00,0x0e,0x00,0x00,0x0f,0xaa,0xab,0xd0,0x00,0x00,0x7f,0xff,
0xf8,
/* U+5c71 */
0x00,0x00,0x14,0x00,0x00,0x00,0x00,0x3c,0x00,0x00,0x00,0x00,0x3c,0x00,0x00,0x00,0x00,0x3c,0x00,0x00,0x60,0x00,0x3c,0x00,
0x09,0x74,0x00,0x3c,0x00,0x1d,0x74,0x00,0x3c,0x00,0x1d,0x74,0x00,0x3c,0x00,0x1d,0x74,0x00,0x3c,0x00,0x1d,0x74,0x00,0x3c,
0x00,0x1d,0x74,0x00,0x3c,0x00,0x1d,0x74,0x00,0x3c,0x00,0x1d,0x74,0x00,0x3c,0x00,0x1d,0x74,0x00,0x3c,0x00,0x1d,0x74,0x00,
0x3c,0x00,0x1d,0x74,0x00,0x3c,0x00,0x1d,0x74,0x00,0x3c,0x00,0x1d,0x74,0x00,0x3c,0x00,0x1d,0x75,0x55,0x7d,0x55,0x6d,0x7f,
0xff,0xff,0xff,0xfd,0x15,0x55,0x55,0x55,0x6d,0x00,0x00,0x00,0x00,0x1d,
/* U+5c7f */
0x00,0x50,0x00,0x90,0x00,0x00,0x0a,0x00,0x0e,0x00,0x00,0x00,0xa0,0x00,0xe0,0x00,0x02,0x4a,0x18,0x0f,0xaa,0xa9,0x34,0xa2,
0xc1,0xff,0xff,0xd3,0x4a,0x2c,0x1d,0x00,0x00,0x34,0xa2,0xc1,0xd0,0x00,0x03,0x4a,0x2c,0x2c,0x00,0x00,0x34,0xa2,0xc2,0xc0,
0x00,0x03,0x4a,0x2c,0x2f,0xff,0xfc,0x34,0xa2,0xc1,0xaa,0xab,0xc3,0x4a,0x2c,0x00,0x00,0x2c,0x34,0xa2,0xc0,0x00,0x02,0xc3,
0x4a,0x2c,0x00,0x00,0x2c,0x34,0xa2,0xca,0xaa,0xa2,0xc3,0x4a,0x2c,0xbf,0xfe,0x28,0x34,0xa6,0xc0,0x00,0x03,0x87,0xaf,0xfc,
0x00,0x00,0x38,0x3e,0x96,0xc0,0x00,0x03,0x80,0x00,0x04,0x00,0x00,0x74,0x00,0x00,0x00,0x06,0x6f,0x40,0x00,0x00,0x00,0x7f,
0xd0,
/* U+5c90 */
0x00,0x80,0x00,0x06,0x00,0x00,0x1d,0x00,0x00,0xb0,0x00,0x01,0xd0,0x00,0x0b,0x00,0x01,0x1d,0x14,0x00,0xb4,0x00,0x75,0xd3,
0x6f,0xff,0xff,0xd7,0x5d,0x35,0xaa,0xba,0xa8,0x75,0xd3,0x40,0x0b,0x00,0x07,0x5d,0x34,0x00,0xb0,0x00,0x75,0xd3,0x40,0x0b,
0x00,0x07,0x5d,0x35,0xaa,0xba,0xa4,0x75,0xd3,0x5f,0xff,0xff,0x87,0x5d,0x34,0x38,0x00,0x74,0x75,0xd3,0x41,0xc0,0x0b,0x07,
0x5d,0x34,0x0e,0x01,0xe0,0x75,0xd3,0x40,0xb0,0x2c,0x07,0x5d,0x34,0x03,0x8b,0x40,0x75,0xd7,0x40,0x1e,0xe0,0x07,0xaf,0xf4,
0x00,0xbc,0x00,0x7e,0xa7,0x40,0x2f,0xe0,0x00,0x00,0x10,0x1f,0x87,0xd0,0x00,0x00,0x2f,0xd0,0x1f,0xd0,0x00,0x07,0xd0,0x00,
0x2e,0x00,0x00,0x10,0x00,0x00,0x00,
/* U+5c91 */
0x00,0x00,0x0a,0x00,0x00,0x00,0xa0,0x00,0xf0,0x00,0xb0,0x0e,0x00,0x0f,0x00,0x0b,0x00,0xe0,0x00,0xf0,0x00,0xb0,0x0f,0xff,
0xff,0xff,0xff,0x00,0xaa,0xaa,0xfa,0xaa,0xa0,0x00,0x00,0x7f,0x80,0x00,0x00,0x00,0x1f,0x5f,0x40,0x00,0x00,0x0b,0x80,0x7d,
0x00,0x00,0x07,0xe0,0x00,0xbd,0x00,0x07,0xf4,0x74,0x02,0xf9,0x0b,0xf4,0x06,0xf8,0x02,0xfd,0x74,0x00,0x06,0xe0,0x02,0xd0,
0x00,0x00,0x04,0x00,0x00,0x07,0xff,0xff,0xff,0xfc,0x00,0x6a,0xaa,0xaa,0xab,0x80,0x00,0x00,0x00,0x00,0xf0,0x00,0x00,0x00,
0x00,0x7d,0x00,0x00,0x00,0x00,0x1f,0x40,0x00,0x00,0x00,0x1b,0xd0,0x00,0x00,0x00,0x1b,0xe0,0x00,0x00,0x00,0x07,0xe0,0x00,
0x00,0x00,0x00,0x10,0x00,0x00,0x00,
/* U+5c94 */
0x00,0x03,0x80,0x2d,0x00,0x00,0x00,0xf4,0x00,0xf4,0x00,0x00,0x2e,0x00,0x03,0xd0,0x00,0x1f,0x80,0x00,0x0b,0x90,0x1f,0xd0,
0x00,0x00,0x2f,0x87,0xeb,0xff,0xff,0xfd,0x6d,0x10,0x6a,0xfa,0xaa,0xd0,0x40,0x00,0x1d,0x00,0x2d,0x00,0x00,0x02,0xc0,0x02,
0xc0,0x00,0x00,0xb4,0x00,0x2c,0x00,0x00,0x7e,0x00,0x07,0x80,0x00,0xbf,0x40,0x7f,0xf4,0x00,0x0a,0x40,0x02,0xa9,0x00,0x00,
0x00,0x00,0x50,0x00,0x00,0x01,0x40,0x0f,0x00,0x14,0x00,0x38,0x00,0xf0,0x01,0xd0,0x03,0x80,0x0f,0x00,0x1d,0x00,0x38,0x00,
0xf0,0x01,0xd0,0x03,0x95,0x5f,0x55,0x6d,0x00,0x3f,0xff,0xff,0xff,0xd0,0x01,0x55,0x55,0x55,0x6d,0x00,0x00,0x00,0x00,0x01,
0x40,
/* U+5c97 */
0x00,0x00,0xa0,0x00,0x05,0x00,0x0f,0x00,0x05,0xe0,0x00,0xf0,0x00,0xbe,0x00,0x0f,0x00,0x0b,0xfa,0xaa,0xfa,0xaa,0xfb,0xff,
0xff,0xff,0xfe,0x00,0x00,0x00,0x00,0x05,0x55,0x55,0x55,0x55,0xff,0xff,0xff,0xff,0xfe,0x55,0x55,0x55,0x5b,0xe0,0x00,0x00,
0x50,0xbe,0x1d,0x00,0x1e,0x0b,0xe1,0xb8,0x03,0xc0,0xbe,0x02,0xf4,0xf4,0x0b,0xe0,0x07,0xfd,0x00,0xbe,0x00,0x1f,0xd0,0x0b,
0xe0,0x07,0xef,0x40,0xbe,0x06,0xf4,0x7e,0x0b,0xe2,0xf8,0x00,0xb4,0xbe,0x3d,0x00,0x01,0x0b,0xe1,0x00,0x00,0x15,0xfe,0x00,
0x00,0x07,0xfd,0x40,0x00,0x00,0x15,0x00,
/* U+5c9a */
0x00,0x00,0x0a,0x00,0x00,0x00,0x34,0x00,0xf0,0x01,0xc0,0x07,0x80,0x0f,0x00,0x2d,0x00,0x78,0x00,0xf0,0x02,0xd0,0x07,0xff,
0xff,0xff,0xfd,0x00,0x2a,0xaa,0xaa,0xaa,0x80,0x00,0x00,0x00,0x00,0x00,0x00,0x1a,0xaa,0xaa,0xaa,0x00,0x02,0xff,0xff,0xff,
0xf4,0x00,0x2d,0x55,0x55,0x5b,0x40,0x02,0xc0,0x00,0x10,0x74,0x00,0x2c,0x10,0x07,0x47,0x40,0x02,0xc7,0x80,0xf0,0x74,0x00,
0x2c,0x1f,0x1d,0x07,0x40,0x03,0x80,0x7f,0xc0,0x74,0x00,0x38,0x01,0xf4,0x07,0x40,0x07,0x40,0x2f,0xd0,0x74,0x00,0xb4,0x0b,
0x9f,0x07,0x47,0x0f,0x07,0xe0,0x7c,0x78,0xa2,0xd2,0xf4,0x02,0xe3,0x8e,0x78,0x28,0x00,0x04,0x2f,0xd7,0x40,0x00,0x00,0x00,
0xb8,
/* U+5c9b */
0x00,0x02,0x80,0x00,0x00,0x00,0x1e,0x00,0x00,0x00,0x55,0xb9,0x55,0x50,0x07,0xff,0xff,0xff,0x80,0x1d,0x55,0x55,0x5e,0x00,
0x74,0x10,0x00,0x78,0x01,0xd2,0xd0,0x01,0xd0,0x07,0x42,0xe0,0x07,0x40,0x1d,0x02,0xe6,0xbc,0x00,0x74,0x01,0x0a,0x90,0x01,
0xd0,0x00,0x00,0x00,0x07,0x95,0x55,0x55,0x54,0x1f,0xff,0xff,0xff,0xf4,0x00,0x00,0x00,0x01,0xd0,0x01,0x80,0x00,0x07,0x50,
0x0b,0x00,0x50,0x1d,0xe0,0x2c,0x03,0x80,0xb3,0x80,0xb0,0x0e,0x02,0xce,0x02,0xc0,0x38,0x0b,0x3a,0xaf,0xaa,0xe0,0x38,0xff,
0xff,0xff,0x96,0xe0,0x00,0x00,0x02,0xfe,0x00,0x00,0x00,0x05,0x50,0x00,
/* U+5ca2 */
0x00,0x00,0x05,0x00,0x00,0x00,0xa0,0x00,0xf0,0x00,0x90,0x0b,0x00,0x0f,0x00,0x0e,0x00,0xb0,0x00,0xf0,0x00,0xe0,0x0b,0x55,
0x5f,0x55,0x5e,0x00,0xbf,0xff,0xff,0xff,0xe0,0x05,0x55,0x55,0x55,0x55,0x00,0x00,0x00,0x00,0x00,0x00,0x6a,0xaa,0xaa,0xaa,
0xaa,0x9b,0xff,0xff,0xff,0xff,0xfe,0x00,0x00,0x00,0x00,0xf0,0x00,0x00,0x00,0x00,0x0f,0x00,0x02,0xff,0xff,0x00,0xf0,0x00,
0x2e,0x55,0xb0,0x0f,0x00,0x02,0xc0,0x0b,0x00,0xf0,0x00,0x2c,0x00,0xb0,0x0f,0x00,0x02,0xc0,0x0b,0x00,0xf0,0x00,0x2f,0xff,
0xf0,0x0f,0x00,0x02,0xea,0xaa,0x00,0xf0,0x00,0x2c,0x00,0x00,0x0f,0x00,0x01,0x40,0x00,0x55,0xe0,0x00,0x00,0x00,0x0b,0xfd,
0x00,0x00,0x00,0x00,0x55,0x00,0x00,
/* U+5ca9 */
0x00,0x00,0x0a,0x00,0x00,0x00,0x64,0x00,0xf0,0x01,0x90,0x07,0x40,0x0f,0x00,0x1d,0x00,0x74,0x00,0xf0,0x01,0xd0,0x07,0x40,
0x0f,0x00,0x1d,0x00,0x7f,0xff,0xff,0xff,0xd0,0x02,0xaa,0xaa,0xaa,0xa9,0x00,0x00,0x00,0x00,0x00,0x00,0x00,0x00,0x00,0x00,
0x00,0x0b,0xff,0xff,0xff,0xff,0xfe,0x6a,0xab,0xea,0xaa,0xaa,0x90,0x00,0x78,0x00,0x00,0x00,0x00,0x1f,0x00,0x00,0x00,0x00,
0x03,0xe5,0x55,0x55,0x40,0x01,0xff,0xff,0xff,0xfd,0x00,0xbf,0x95,0x55,0x56,0xd0,0x7e,0x78,0x00,0x00,0x1d,0x0b,0x43,0x80,
0x00,0x01,0xd0,0x00,0x38,0x00,0x00,0x1d,0x00,0x03,0x95,0x55,0x56,0xd0,0x00,0x3f,0xff,0xff,0xfd,0x00,0x03,0x80,0x00,0x02,
0xd0,0x00,0x14,0x00,0x00,0x14,0x00,
/* U+5cab */
0x00,0x90,0x00,0x02,0x40,0x00,0x34,0x00,0x00,0xe0,0x00,0x0d,0x00,0x00,0x38,0x00,0x83,0x49,0x00,0x0e,0x00,0x74,0xd3,0x45,
0x57,0x95,0x5d,0x34,0xd2,0xff,0xff,0xf7,0x4d,0x34,0xb5,0x79,0x6d,0xd3,0x4d,0x2c,0x0e,0x07,0x74,0xd3,0x4b,0x03,0x81,0xdd,
0x34,0xd2,0xc0,0xe0,0x77,0x4d,0x34,0xb0,0x38,0x1d,0xd3,0x4d,0x2c,0x1e,0x0b,0x74,0xd3,0x4b,0xff,0xff,0xdd,0x34,0xd2,0xd6,
0xe5,0xb7,0x4d,0x34,0xb0,0x38,0x1d,0xd3,0x4d,0x2c,0x0e,0x07,0x74,0xd3,0x4b,0x03,0x81,0xde,0xbf,0xd2,0xc0,0xe0,0x77,0xfa,
0x74,0xb0,0x38,0x1c,0x40,0x05,0x2e,0xae,0xab,0x00,0x00,0x0b,0xff,0xff,0xc0,0x00,0x02,0xc0,0x00,0x70,0x00,0x00,0x50,0x00,
0x04,
/* U+5cad */
0x01,0x80,0x00,0x05,0x00,0x00,0x1c,0x00,0x01,0xf4,0x00,0x01,0xc0,0x00,0x3b,0x80,0x06,0x1c,0x60,0x0b,0x1d,0x00,0x71,0xc7,
0x01,0xd0,0xb0,0x07,0x1c,0x70,0x78,0x03,0x80,0x71,0xc7,0x1f,0x40,0x1f,0x07,0x1c,0x77,0xd3,0xc0,0x7c,0x71,0xc7,0xf4,0x1f,
0x01,0xf7,0x1c,0x75,0x00,0x78,0x05,0x71,0xc7,0x00,0x01,0x00,0x07,0x1c,0x71,0xaa,0xaa,0xa4,0x71,0xc7,0x1a,0xaa,0xaf,0x47,
0x1c,0x70,0x00,0x00,0xe0,0x71,0xc7,0x00,0x00,0x2c,0x07,0x1c,0x70,0x00,0x0b,0x40,0x71,0xcb,0x07,0x81,0xd0,0x0b,0xaf,0xf0,
0x1f,0xb8,0x00,0xbe,0x9b,0x00,0x7f,0x00,0x00,0x00,0x10,0x00,0xb8,0x00,0x00,0x00,0x00,0x02,0xe0,0x00,0x00,0x00,0x00,0x0b,
0x40,
/* U+5cb1 */
0x00,0x04,0x05,0x01,0x00,0x00,0x02,0xd0,0x74,0xb4,0x00,0x00,0x78,0x07,0x82,0xe0,0x00,0x0f,0x00,0x38,0x06,0x00,0x02,0xd0,
0x02,0xc1,0x6b,0x80,0xbd,0x01,0x6f,0xff,0xe4,0x3f,0xd2,0xff,0xf9,0x40,0x0b,0x5d,0x29,0x4f,0x00,0x00,0x51,0xd0,0x00,0x74,
0x00,0x00,0x1d,0x00,0x03,0xc0,0x1d,0x01,0xd0,0x00,0x1e,0x02,0xd0,0x1d,0x00,0x00,0x7d,0x78,0x01,0xd0,0x00,0x01,0xff,0x00,
0x04,0x00,0x60,0x01,0x40,0x01,0x40,0x0b,0x00,0x05,0x00,0x38,0x00,0xb0,0x00,0xe0,0x03,0x80,0x0b,0x00,0x0e,0x00,0x38,0x00,
0xb0,0x00,0xe0,0x03,0x80,0x0b,0x00,0x0e,0x00,0x3e,0xaa,0xfa,0xaa,0xe0,0x03,0xff,0xff,0xff,0xfe,0x00,0x00,0x00,0x00,0x00,
0xe0,0x00,0x00,0x00,0x00,0x04,0x00,
/* U+5cb3 */
0x00,0x00,0x00,0x00,0x10,0x00,0x00,0x00,0x16,0xbf,0xc0,0x00,0xaf,0xff,0xfe,0x94,0x00,0x1f,0xa9,0x54,0x00,0x00,0x01,0xe0,
0x00,0x00,0x00,0x00,0x1e,0x00,0x00,0x00,0x00,0x01,0xea,0xaa,0xaa,0xa9,0x00,0x1f,0xff,0xff,0xff,0xf0,0x01,0xe0,0x00,0x1d,
0x00,0x00,0x1e,0x00,0x01,0xd0,0x00,0x01,0xe0,0x00,0x1d,0x00,0x01,0x5e,0x55,0x55,0xd5,0x54,0xbf,0xff,0xff,0xff,0xff,0xe5,
0x55,0x55,0x55,0x55,0x55,0x00,0x00,0x05,0x00,0x00,0x00,0x14,0x00,0xf0,0x00,0x40,0x07,0x40,0x0f,0x00,0x1d,0x00,0x74,0x00,
0xf0,0x01,0xd0,0x07,0x40,0x0f,0x00,0x1d,0x00,0x79,0x55,0xf5,0x56,0xd0,0x07,0xff,0xff,0xff,0xfd,0x00,0x15,0x55,0x55,0x56,
0xd0,0x00,0x00,0x00,0x00,0x14,0x00,
/* U+5cb7 */
0x00,0x90,0x00,0x00,0x00,0x00,0x1d,0x00,0xaa,0xaa,0xa4,0x01,0xd0,0x0f,0xff,0xff,0x81,0x1d,0x14,0xe0,0x00,0x38,0x75,0xd3,
0x4e,0x00,0x03,0x87,0x5d,0x34,0xe0,0x00,0x38,0x75,0xd3,0x4f,0x55,0x57,0x87,0x5d,0x34,0xff,0xff,0xf8,0x75,0xd3,0x4e,0x02,
0xd0,0x07,0x5d,0x34,0xe0,0x1c,0x00,0x75,0xd3,0x4e,0x01,0xd0,0x07,0x5d,0x34,0xf5,0x6e,0x55,0x75,0xd3,0x4f,0xff,0xff,0xe7,
0x5d,0x34,0xe0,0x1d,0x00,0x75,0xd3,0x4e,0x00,0xd0,0x07,0x5d,0x34,0xe0,0x0e,0x00,0x75,0xd7,0x4e,0x00,0xa0,0x07,0xaf,0xf4,
0xe0,0x07,0x06,0x7f,0xa7,0x4e,0x00,0x74,0xb0,0x00,0x34,0xe6,0xe2,0x8e,0x00,0x00,0x1f,0xf9,0x1f,0xd0,0x00,0x00,0xe4,0x00,
0x78,
/* U+5cb8 */
0x00,0x00,0x0a,0x00,0x00,0x00,0xa0,0x00,0xb0,0x00,0xa0,0x0b,0x00,0x0b,0x00,0x0e,0x00,0xb0,0x00,0xb0,0x00,0xe0,0x0b,0xaa,
0xaf,0xaa,0xae,0x00,0xbf,0xff,0xff,0xff,0xe0,0x00,0x00,0x00,0x00,0x00,0x00,0x55,0x55,0x55,0x55,0x54,0x0f,0xff,0xff,0xff,
0xff,0xd0,0xe5,0x55,0x55,0x55,0x54,0x0e,0x00,0x00,0x00,0x00,0x00,0xe0,0xaa,0xaa,0xaa,0xa0,0x0e,0x1f,0xff,0xff,0xff,0x00,
0xe0,0x00,0x0e,0x00,0x00,0x1d,0x00,0x00,0xe0,0x00,0x01,0xd0,0x00,0x0e,0x00,0x00,0x1d,0x7f,0xff,0xff,0xff,0xd2,0xc6,0xaa,
0xaf,0xaa,0xa9,0x3c,0x00,0x00,0xe0,0x00,0x07,0x40,0x00,0x0e,0x00,0x00,0xb0,0x00,0x00,0xe0,0x00,0x0a,0x00,0x00,0x0e,0x00,
0x00,0x00,0x00,0x00,0x50,0x00,0x00,
/* U+5cc4 */
0x00,0x90,0x00,0x00,0x00,0x00,0x0e,0x00,0xaa,0xaa,0xa4,0x00,0xe0,0x0b,0xff,0xff,0x82,0x4e,0x14,0x1d,0x00,0xb4,0x34,0xe3,
0x80,0xf0,0x1e,0x03,0x4e,0x38,0x07,0x87,0xc0,0x34,0xe3,0x80,0x2e,0xf4,0x03,0x4e,0x38,0x01,0xfd,0x00,0x34,0xe3,0x81,0xbe,
0xf9,0x43,0x4e,0x39,0xfe,0x42,0xff,0x34,0xe3,0x89,0x02,0x41,0x53,0x4e,0x38,0x00,0x34,0x00,0x34,0xe3,0x81,0x5b,0x95,0x43,
0x4e,0x38,0x7f,0xff,0xf8,0x34,0xe3,0x80,0x07,0x80,0x03,0x4e,0x38,0x00,0x34,0x00,0x34,0xe7,0x80,0x07,0x80,0x07,0xaf,0xf9,
0xff,0xff,0xfe,0x3e,0x53,0x85,0x5b,0x95,0x50,0x00,0x14,0x00,0x34,0x00,0x00,0x00,0x00,0x03,0x40,0x00,0x00,0x00,0x00,0x34,
0x00,0x00,0x00,0x00,0x01,0x40,0x00,
/* U+5cd2 */
0x00,0x80,0x00,0x00,0x00,0x00,0x74,0x06,0xaa,0xaa,0xa0,0x1d,0x01,0xff,0xff,0xfc,0x87,0x48,0x70,0x00,0x07,0x71,0xd7,0x1c,
0x00,0x01,0xdc,0x75,0xc7,0x15,0x55,0x77,0x1d,0x71,0xcb,0xff,0x5d,0xc7,0x5c,0x70,0x00,0x07,0x71,0xd7,0x1c,0x00,0x01,0xdc,
0x75,0xc7,0x05,0x54,0x77,0x1d,0x71,0xc7,0xff,0x1d,0xc7,0x5c,0x71,0xc1,0xc7,0x71,0xd7,0x1c,0x70,0x71,0xdc,0x75,0xc7,0x1c,
0x1c,0x77,0x1d,0x71,0xc7,0x07,0x1d,0xc7,0x5c,0x71,0xc1,0xc7,0x71,0xd7,0x1c,0x7e,0xf1,0xde,0xbf,0xc7,0x1a,0xa8,0x77,0xe9,
0x71,0xc0,0x00,0x1c,0x00,0x04,0x70,0x00,0x07,0x00,0x00,0x1c,0x00,0x56,0xc0,0x00,0x07,0x00,0x1f,0xe0,0x00,0x00,0x40,0x01,
0x40,
/* U+5cd9 */
0x00,0x50,0x00,0x06,0x00,0x00,0x0d,0x00,0x00,0x74,0x00,0x00,0xd0,0x00,0x0b,0x40,0x01,0x0d,0x14,0xff,0xff,0xfc,0x74,0xd3,
0x4a,0xab,0xaa,0x47,0x4d,0x34,0x00,0x74,0x00,0x74,0xd3,0x40,0x07,0x40,0x07,0x4d,0x35,0x55,0xb9,0x55,0x74,0xd3,0x6f,0xff,
0xff,0xf7,0x4d,0x34,0x00,0x00,0x00,0x74,0xd3,0x40,0x00,0x28,0x07,0x4d,0x34,0x00,0x02,0xc0,0x74,0xd3,0x5f,0xff,0xff,0xd7,
0x4d,0x35,0xaa,0xab,0xe9,0x74,0xd3,0x40,0x00,0x2c,0x07,0x4d,0x34,0x70,0x02,0xc0,0x74,0xd3,0x47,0x80,0x2c,0x07,0xaf,0xf4,
0x1d,0x02,0xc0,0x7f,0xa7,0x40,0xb0,0x2c,0x01,0x00,0x34,0x01,0x02,0xc0,0x00,0x00,0x00,0x05,0x7c,0x00,0x00,0x00,0x00,0xbf,
0x40,0x00,0x00,0x00,0x01,0x40,0x00,
/* U+5ce1 */
0x00,0x90,0x00,0x02,0x40,0x00,0x0d,0x00,0x00,0x74,0x00,0x00,0xd0,0x00,0x07,0x40,0x02,0x0d,0x14,0xaa,0xba,0xa8,0x74,0xd3,
0x8f,0xff,0xff,0xd7,0x4d,0x38,0x00,0x74,0x00,0x74,0xd3,0x86,0x07,0x43,0x47,0x4d,0x38,0x74,0x74,0x74,0x74,0xd3,0x83,0x47,
0x4b,0x07,0x4d,0x38,0x28,0x74,0xe0,0x74,0xd3,0x81,0x47,0x45,0x07,0x4d,0x38,0x55,0xb5,0x55,0x74,0xd3,0x9f,0xff,0xff,0xe7,
0x4d,0x38,0x55,0xfd,0x55,0x74,0xd3,0x80,0x1f,0xc0,0x07,0x4d,0x38,0x02,0xce,0x00,0x74,0xd7,0x80,0x78,0x74,0x07,0xaf,0xf8,
0x0b,0x03,0x80,0x7e,0x97,0x81,0xe0,0x1e,0x00,0x00,0x10,0xbc,0x00,0xb4,0x00,0x00,0x2f,0x00,0x02,0xd0,0x00,0x03,0x80,0x00,
0x0a,
/* U+5ce8 */
0x00,0x80,0x00,0x00,0x90,0x00,0x1c,0x00,0x06,0xcd,0x40,0x01,0xc0,0x16,0xf4,0xde,0x06,0x1c,0x67,0xfc,0x0d,0x78,0x71,0xc7,
0x12,0xc0,0xd1,0xd7,0x1c,0x70,0x2c,0x0d,0x04,0x71,0xc7,0x02,0xc0,0xd0,0x07,0x1c,0x73,0xff,0xff,0xfd,0x71,0xc7,0x2a,0xea,
0xfa,0x97,0x1c,0x70,0x2c,0x0e,0x00,0x71,0xc7,0x02,0xc0,0xe1,0x47,0x1c,0x70,0x2c,0x0a,0x2c,0x71,0xc7,0x02,0xed,0xa3,0x87,
0x1c,0x71,0xbf,0x8a,0x74,0x71,0xc7,0x7f,0xd0,0xbe,0x07,0x1c,0x71,0x2c,0x07,0xd0,0x71,0xcb,0x02,0xc0,0x78,0x0b,0xaf,0xf0,
0x2c,0x1f,0x46,0x7e,0x9b,0x02,0xc7,0xf8,0xa0,0x00,0x10,0x2c,0xf6,0xce,0x00,0x00,0x06,0xc9,0x1f,0xc0,0x00,0x01,0xf8,0x00,
0xb8,0x00,0x00,0x04,0x00,0x01,0x00,
/* U+5cea */
0x00,0x90,0x00,0x00,0x00,0x00,0x0d,0x00,0x06,0x07,0x40,0x00,0xd0,0x01,0xf0,0x7d,0x01,0x0d,0x14,0x7d,0x01,0xf4,0x74,0xd2,
0x8f,0x40,0x03,0xd7,0x4d,0x29,0xd0,0xb4,0x18,0x74,0xd2,0x80,0x1f,0xc0,0x07,0x4d,0x28,0x03,0xde,0x00,0x74,0xd2,0x80,0xb4,
0x74,0x07,0x4d,0x28,0x2e,0x02,0xd0,0x74,0xd2,0x8b,0x80,0x0f,0x87,0x4d,0x2a,0xe0,0x00,0x2e,0x74,0xd2,0xb9,0x55,0x55,0xa7,
0x4d,0x29,0x7f,0xff,0xf0,0x74,0xd2,0x87,0x95,0x5f,0x07,0x4d,0x28,0x74,0x00,0xb0,0x74,0xd3,0x87,0x40,0x0b,0x07,0xaf,0xf8,
0x74,0x00,0xb0,0x7f,0xa7,0x87,0x40,0x0b,0x01,0x00,0x28,0x7a,0xaa,0xf0,0x00,0x00,0x07,0xff,0xff,0x00,0x00,0x00,0x74,0x00,
0xb0,0x00,0x00,0x01,0x40,0x05,0x00,
/* U+5cf0 */
0x00,0x40,0x00,0x24,0x00,0x00,0x1c,0x00,0x0b,0x40,0x00,0x01,0xc0,0x01,0xfa,0xaa,0x06,0x1c,0x20,0x7e,0xaa,0xf0,0x71,0xc7,
0x5f,0xd0,0x1d,0x07,0x1c,0x76,0xdf,0x47,0x80,0x71,0xc7,0x40,0x3e,0xe0,0x07,0x1c,0x74,0x06,0xfe,0x40,0x71,0xc7,0x5b,0xf9,
0xbf,0xa7,0x1c,0x7b,0xe4,0x50,0x6e,0x71,0xc7,0x50,0x0b,0x00,0x07,0x1c,0x75,0xaa,0xfa,0xa8,0x71,0xc7,0x5f,0xff,0xff,0x87,
0x1c,0x74,0x00,0xb0,0x00,0x71,0xc7,0x40,0x0b,0x40,0x07,0x1c,0x74,0xff,0xff,0xf4,0x71,0xc7,0x45,0x5b,0x55,0x0b,0x6e,0xf4,
0x00,0xb0,0x00,0xbf,0xeb,0x6a,0xaf,0xaa,0x91,0x00,0x22,0xaa,0xfe,0xaa,0x00,0x00,0x00,0x0b,0x00,0x00,0x00,0x00,0x00,0xb0,
0x00,0x00,0x00,0x00,0x05,0x00,0x00,
/* U+5cfb */
0x00,0x90,0x00,0x14,0x00,0x00,0x0d,0x00,0x07,0x80,0x00,0x00,0xd0,0x00,0xf0,0x38,0x02,0x4d,0x10,0x2d,0x01,0xd0,0x34,0xd3,
0x4b,0x45,0x6f,0x43,0x4d,0x36,0xff,0xfe,0xbc,0x34,0xd3,0x59,0x50,0x01,0x83,0x4d,0x34,0x0a,0x07,0x40,0x34,0xd3,0x42,0xd0,
0x2e,0x03,0x4d,0x34,0xb8,0x90,0xb8,0x34,0xd3,0x7e,0x1e,0x01,0xe3,0x4d,0x36,0x43,0xc0,0x04,0x34,0xd3,0x40,0xbe,0xaa,0x03,
0x4d,0x34,0x2e,0xaa,0xf0,0x34,0xd3,0x4f,0xd0,0x1e,0x03,0x4d,0x36,0xef,0x02,0xc0,0x34,0xd7,0x54,0x78,0xb4,0x07,0xaf,0xf4,
0x02,0xee,0x00,0x7e,0x97,0x40,0x1f,0xc0,0x00,0x00,0x10,0x1b,0xef,0x80,0x00,0x00,0x6f,0xd0,0x2f,0x90,0x00,0x0f,0x90,0x00,
0x6f,
/* U+5d02 */
0x00,0x90,0x00,0x60,0x14,0x00,0x0d,0x00,0x0b,0x03,0x80,0x00,0xd0,0x15,0xb5,0x7d,0x52,0x0d,0x25,0xff,0xff,0xfe,0x74,0xd3,
0x85,0xb5,0x79,0x47,0x4d,0x38,0x0b,0x03,0x80,0x74,0xd3,0x80,0x50,0x14,0x07,0x4d,0x38,0xaa,0xaa,0xa8,0x74,0xd3,0x8f,0xff,
0xff,0xd7,0x4d,0x38,0xd0,0x00,0x1d,0x74,0xd3,0x8d,0x0a,0x01,0xd7,0x4d,0x38,0x50,0xe0,0x04,0x74,0xd3,0x81,0x5e,0x55,0x07,
0x4d,0x38,0xbf,0xff,0xf4,0x74,0xd3,0x85,0x6e,0x57,0x47,0x4d,0x38,0x02,0xc0,0x74,0x74,0xd7,0x80,0x38,0x07,0x47,0xaf,0xf8,
0x07,0x40,0x74,0x7e,0x97,0x81,0xf0,0x07,0x40,0x00,0x14,0x7c,0x00,0x74,0x00,0x00,0x1f,0x41,0x5f,0x00,0x00,0x03,0xd0,0x2f,
0xd0,
/* U+5d03 */
0x00,0x80,0x00,0x06,0x00,0x00,0x1c,0x00,0x00,0xb0,0x00,0x01,0xc0,0x00,0x0b,0x00,0x02,0x1c,0x21,0xaa,0xfa,0xa8,0x71,0xc7,
0x1f,0xff,0xff,0x87,0x1c,0x70,0x00,0xb0,0x00,0x71,0xc7,0x05,0x0b,0x02,0x47,0x1c,0x70,0xe0,0xb0,0xb4,0x71,0xc7,0x07,0x4b,
0x0e,0x07,0x1c,0x70,0x28,0xb1,0xd0,0x71,0xc7,0x01,0x8b,0x28,0x07,0x1c,0x72,0xff,0xff,0xfe,0x71,0xc7,0x1a,0xbf,0xea,0x97,
0x1c,0x70,0x06,0xba,0x00,0x71,0xc7,0x00,0xdb,0x34,0x07,0x1c,0x70,0x1c,0xb2,0x80,0x71,0xd7,0x03,0x4b,0x0d,0x07,0xaf,0xf0,
0xe0,0xb0,0xb4,0x7e,0x97,0x7c,0x0b,0x02,0xd0,0x00,0x1f,0x40,0xb0,0x0f,0x00,0x00,0x90,0x0b,0x00,0x50,0x00,0x00,0x00,0xb0,
0x00,0x00,0x00,0x00,0x05,0x00,0x00,
/* U+5d06 */
0x00,0x80,0x00,0x19,0x00,0x00,0x1c,0x00,0x00,0xe0,0x00,0x01,0xc0,0x00,0x0b,0x00,0x02,0x1c,0x22,0xff,0xff,0xfd,0x71,0xc7,
0x6e,0xaa,0xaa,0xd7,0x1c,0x76,0xc0,0x00,0x0d,0x71,0xc7,0x6c,0x64,0x60,0xd7,0x1c,0x75,0x8b,0x07,0x89,0x71,0xc7,0x41,0xd0,
0x2d,0x07,0x1c,0x74,0x7c,0x00,0xf0,0x71,0xc7,0x5f,0x00,0x07,0x87,0x1c,0x75,0xc0,0x00,0x18,0x71,0xc7,0x40,0x00,0x00,0x07,
0x1c,0x75,0xff,0xff,0xfc,0x71,0xc7,0x5a,0xab,0xaa,0x87,0x1c,0x74,0x00,0x74,0x00,0x71,0xd7,0x40,0x07,0x40,0x07,0xaf,0xf4,
0x00,0x74,0x00,0x7e,0x97,0x40,0x07,0x40,0x00,0x00,0x10,0x00,0x74,0x00,0x00,0x00,0x3f,0xff,0xff,0xf0,0x00,0x02,0xaa,0xaa,
0xaa,
/* U+5d07 */
0x00,0x00,0x0a,0x00,0x00,0x00,0xb0,0x00,0xf0,0x00,0xe0,0x0b,0x00,0x0f,0x00,0x0e,0x00,0xba,0xaa,0xfa,0xaa,0xe0,0x0b,0xff,
0xff,0xff,0xfe,0x00,0x00,0x01,0x80,0x00,0x00,0x00,0x00,0x1e,0x00,0x00,0x01,0xaa,0xaa,0xfa,0xaa,0xa4,0x2f,0xaa,0xaa,0xaa,
0xaf,0x82,0xd0,0x00,0x00,0x00,0x78,0x2d,0x15,0x55,0x55,0x47,0x81,0xd7,0xff,0xff,0xfd,0x74,0x00,0x00,0x00,0x00,0x00,0x00,
0x00,0x00,0x00,0x00,0x00,0x7f,0xff,0xff,0xff,0xff,0xd2,0xaa,0xaa,0xfa,0xaa,0xa8,0x00,0x00,0x0b,0x00,0x00,0x00,0x01,0xe0,
0xb0,0xb4,0x00,0x00,0xb8,0x0b,0x06,0xf4,0x00,0xbd,0x00,0xb0,0x06,0xe0,0x2e,0x01,0x5f,0x00,0x07,0xc0,0x40,0x2f,0xe0,0x00,
0x14,0x00,0x01,0x50,0x00,0x00,0x00,
/* U+5d16 */
0x00,0x00,0x02,0x40,0x00,0x00,0x2c,0x00,0x38,0x00,0xb0,0x02,0xc0,0x03,0x80,0x0b,0x00,0x2e,0xaa,0xbe,0xaa,0xf0,0x02,0xaa,
0xaa,0xaa,0xaa,0x00,0x00,0x00,0x00,0x00,0x00,0x06,0xaa,0xaa,0xaa,0xaa,0x90,0xbf,0xff,0xff,0xff,0xfd,0x0b,0x00,0x00,0x50,
0x00,0x00,0xb0,0x00,0x0e,0x00,0x00,0x0b,0x0b,0xff,0xff,0xfe,0x00,0xb0,0x6a,0xaf,0xaa,0x90,0x0b,0x00,0x00,0xe0,0x00,0x00,
0xe2,0xaa,0xaf,0xaa,0xa8,0x0e,0x2a,0xaa,0xaa,0xaa,0x80,0xe0,0x00,0x05,0x00,0x00,0x1d,0x00,0x00,0xe0,0x00,0x01,0xd1,0xff,
0xff,0xff,0xf4,0x2c,0x05,0x55,0xf5,0x55,0x07,0x80,0x00,0x0e,0x00,0x00,0xb0,0x6a,0xaa,0xfa,0xaa,0x9a,0x0a,0xaa,0xaa,0xaa,
0xaa,
/* U+5d4a */
0x01,0x40,0x00,0x00,0x01,0x00,0x28,0x01,0x5a,0xab,0xf8,0x02,0x80,0x3f,0xff,0xa5,0x05,0x28,0x50,0x00,0xd0,0x00,0xb2,0x8d,
0x00,0x1e,0x00,0x0b,0x28,0xd7,0xff,0xff,0xfd,0xb2,0x8d,0x55,0x5e,0x55,0x4b,0x28,0xd0,0x24,0xd2,0x40,0xb2,0x8d,0x17,0x4d,
0x35,0xcb,0x28,0xd7,0xf4,0xd3,0xf8,0xb2,0x8d,0x17,0x4d,0x38,0x0b,0x28,0xd0,0x34,0xd3,0x49,0xb2,0x8d,0x1f,0x4d,0x34,0xab,
0x28,0xdb,0xb5,0xe2,0xfd,0xb2,0x8d,0x02,0x7f,0x85,0x4b,0x28,0xd0,0x0e,0xfd,0x00,0xb2,0x8d,0x02,0xcd,0xb4,0x0b,0x7f,0xd0,
0xb4,0xd2,0xd0,0xbf,0xad,0x7d,0x0d,0x0b,0x80,0x00,0x6f,0x40,0xd0,0x2f,0x00,0x02,0x80,0x0d,0x00,0x60,0x00,0x00,0x00,0xd0,
0x00,0x00,0x00,0x00,0x04,0x00,0x00,
/* U+5d69 */
0x00,0x00,0x18,0x00,0x00,0x1d,0x00,0x2c,0x00,0x74,0x1d,0x00,0x2c,0x00,0x74,0x1f,0xff,0xff,0xff,0xf4,0x1a,0xaa,0xba,0xaa,
0xa4,0x00,0x00,0x38,0x00,0x00,0xff,0xff,0xff,0xff,0xff,0xaa,0xaa,0xaa,0xaa,0xaa,0x00,0x00,0x00,0x00,0x00,0x02,0xff,0xff,
0xff,0x80,0x02,0xd5,0x55,0x57,0x80,0x02,0xd5,0x55,0x57,0x80,0x02,0xff,0xff,0xff,0x80,0x00,0x00,0x00,0x00,0x00,0x6a,0xaa,
0xaa,0xaa,0xa9,0x7a,0xaa,0xaa,0xaa,0xad,0x74,0x00,0x00,0x00,0x1d,0x74,0x2f,0xff,0xf8,0x1d,0x74,0x2d,0x55,0x78,0x1d,0x74,
0x2d,0x55,0x78,0x1d,0x74,0x2f,0xff,0xf8,0x6d,0x74,0x00,0x00,0x07,0xf8,0x14,0x00,0x00,0x01,0x40,
/* U+5dcd */
0x00,0x00,0x05,0x00,0x00,0x00,0x70,0x00,0xa0,0x00,0xd0,0x07,0x00,0x0a,0x00,0x0d,0x00,0x7a,0xaa,0xfa,0xaa,0xd0,0x06,0xaa,
0xaa,0xaa,0xa9,0x00,0x00,0x14,0x00,0x90,0x00,0x1a,0xaf,0xd0,0x1d,0x00,0x01,0xab,0x80,0x7f,0xff,0xf0,0x00,0x74,0x07,0x5b,
0x5b,0x03,0xff,0xfe,0x74,0x70,0xb0,0x00,0xb9,0x07,0xff,0xff,0x00,0x2b,0xb9,0x75,0xb5,0xb0,0x6d,0x34,0xb7,0x4a,0x0b,0x06,
0x06,0x40,0x7f,0xff,0xf0,0x00,0xd0,0x01,0x6e,0x55,0x03,0xff,0xfe,0x01,0xd4,0x80,0x17,0x55,0xd0,0x2b,0x59,0x40,0xb0,0x3c,
0x07,0x76,0x58,0x0b,0x9b,0x40,0xe3,0x69,0x80,0x1f,0xd0,0x2c,0x34,0x05,0x1b,0xeb,0x8b,0x42,0x95,0xe7,0xd0,0x19,0xd0,0x1f,
0xfd,0x10,0x00,0x04,0x00,0x00,0x00,
/* U+5ddd */
0x01,0x40,0x00,0x00,0x05,0x01,0xd0,0x06,0x40,0x1e,0x01,0xd0,0x07,0x40,0x1e,0x01,0xd0,0x07,0x40,0x1e,0x01,0xd0,0x07,0x40,
0x1e,0x01,0xd0,0x07,0x40,0x1e,0x01,0xd0,0x07,0x40,0x1e,0x01,0xd0,0x07,0x40,0x1e,0x01,0xd0,0x07,0x40,0x1e,0x01,0xd0,0x07,
0x40,0x1e,0x02,0xd0,0x07,0x40,0x1e,0x02,0xc0,0x07,0x40,0x1e,0x02,0xc0,0x07,0x40,0x1e,0x02,0xc0,0x07,0x40,0x1e,0x03,0xc0,
0x07,0x40,0x1e,0x07,0x80,0x07,0x40,0x1e,0x07,0x40,0x07,0x40,0x1e,0x0b,0x00,0x07,0x40,0x1e,0x1e,0x00,0x07,0x40,0x1e,0x2d,
0x00,0x07,0x40,0x1e,0xb8,0x00,0x06,0x40,0x1e,0xb0,0x00,0x00,0x00,0x1e,0x00,0x00,0x00,0x00,0x05,
/* U+5dde */
0x00,0x04,0x00,0x00,0x01,0x40,0x0b,0x00,0x28,0x01,0xd0,0x02,0xc0,0x0b,0x00,0x74,0x00,0xb0,0x02,0xc0,0x1d,0x00,0x2c,0x00,
0xb0,0x07,0x40,0x0b,0x00,0x2c,0x01,0xd0,0x92,0xc0,0x0b,0x10,0x74,0x38,0xbb,0x02,0xf8,0x1d,0x0d,0x2d,0xd0,0xb7,0x47,0x47,
0x4b,0x2c,0x2c,0xe1,0xd2,0xc2,0xc7,0x4b,0x2c,0x74,0xe0,0xb0,0xe2,0xc3,0x9d,0x74,0x38,0x1c,0xb0,0xa7,0x44,0x0e,0x00,0x2c,
0x01,0xd0,0x07,0x40,0x0b,0x00,0x74,0x02,0xc0,0x02,0xc0,0x1d,0x00,0xf0,0x00,0xb0,0x07,0x40,0x78,0x00,0x2c,0x01,0xd0,0x2c,
0x00,0x0b,0x00,0x74,0x1e,0x00,0x02,0xc0,0x1d,0x0f,0x00,0x00,0xb0,0x07,0x47,0x40,0x00,0x18,0x01,0xd0,0x40,0x00,0x00,0x00,
0x14,
/* U+5de2 */
0x01,0x40,0x09,0x00,0x24,0x02,0xe0,0x0b,0x80,0x3d,0x02,0xe0,0x0b,0x40,0x7c,0x01,0xf4,0x07,0xd0,0x2e,0x00,0x0b,0x80,0x2e,
0x01,0xf4,0x00,0xa0,0x01,0x80,0x19,0x00,0xff,0xff,0xff,0xff,0x00,0x39,0x55,0xf5,0x57,0xc0,0x0e,0x00,0x3c,0x00,0xb0,0x03,
0xff,0xff,0xff,0xfc,0x00,0xfa,0xab,0xea,0xaf,0x00,0x38,0x00,0xf0,0x02,0xc0,0x0f,0xaa,0xbe,0xaa,0xf0,0x02,0xaa,0xaf,0xaa,
0xa8,0x00,0x00,0x03,0xc0,0x00,0x02,0xaa,0xaa,0xfa,0xaa,0xa8,0xff,0xff,0xff,0xff,0xff,0x00,0x01,0xdf,0x78,0x00,0x00,0x07,
0xd3,0xc7,0xd0,0x00,0x1b,0x80,0xf0,0x2f,0x40,0xbe,0x40,0x3c,0x01,0xbe,0x68,0x00,0x0f,0x00,0x06,0x80,0x00,0x01,0x40,0x00,
0x00,
/* U+5de5 */
0x0a,0xaa,0xaa,0xaa,0xaa,0x00,0xff,0xff,0xff,0xff,0xf0,0x00,0x00,0x0f,0x00,0x00,0x00,0x00,0x00,0xf0,0x00,0x00,0x00,0x00,
0x0f,0x00,0x00,0x00,0x00,0x00,0xf0,0x00,0x00,0x00,0x00,0x0f,0x00,0x00,0x00,0x00,0x00,0xf0,0x00,0x00,0x00,0x00,0x0f,0x00,
0x00,0x00,0x00,0x00,0xf0,0x00,0x00,0x00,0x00,0x0f,0x00,0x00,0x00,0x00,0x00,0xf0,0x00,0x00,0x00,0x00,0x0f,0x00,0x00,0x00,
0x00,0x00,0xf0,0x00,0x00,0x00,0x00,0x0f,0x00,0x00,0x00,0x00,0x00,0xf0,0x00,0x00,0x00,0x00,0x0f,0x00,0x00,0x0b,0xff,0xff,
0xff,0xff,0xfe,0xaa,0xaa,0xaa,0xaa,0xaa,0xa0,
/* U+5de6 */
0x00,0x00,0x64,0x00,0x00,0x00,0x00,0x0b,0x40,0x00,0x00,0x00,0x00,0xb0,0x00,0x00,0x00,0x00,0x0f,0x00,0x00,0x00,0x7f,0xff,
0xff,0xff,0xff,0xe2,0xaa,0xae,0xaa,0xaa,0xa9,0x00,0x02,0xc0,0x00,0x00,0x00,0x00,0x38,0x00,0x00,0x00,0x00,0x07,0x40,0x00,
0x00,0x00,0x00,0xb0,0x00,0x00,0x00,0x00,0x1e,0x00,0x00,0x00,0x00,0x02,0xff,0xff,0xff,0xe0,0x00,0x7e,0xaa,0xfa,0xaa,0x00,
0x0f,0x40,0x0f,0x00,0x00,0x02,0xe0,0x00,0xf0,0x00,0x00,0x7c,0x00,0x0f,0x00,0x00,0x1f,0x40,0x00,0xf0,0x00,0x07,0xd0,0x00,
0x0f,0x00,0x00,0xb4,0x00,0x00,0xf0,0x00,0x05,0x00,0x00,0x0f,0x00,0x00,0x00,0xbf,0xff,0xff,0xff,0xe0,0x0a,0xaa,0xaa,0xaa,
0xa9,
/* U+5de7 */
0x00,0x00,0xbf,0xff,0xff,0xfb,0xff,0xe6,0xae,0xaa,0xaa,0x6b,0xe9,0x01,0xd0,0x00,0x00,0x2c,0x00,0x1d,0x00,0x00,0x02,0xc0,
0x02,0xc0,0x00,0x00,0x2c,0x00,0x38,0x00,0x00,0x02,0xc0,0x03,0x80,0x00,0x00,0x2c,0x00,0x79,0x55,0x54,0x02,0xc0,0x0b,0xff,
0xff,0x80,0x2c,0x00,0x55,0x55,0x78,0x02,0xc0,0x00,0x00,0x03,0x80,0x2c,0x00,0x00,0x00,0x38,0x02,0xc0,0x00,0x00,0x03,0x80,
0x2d,0xb4,0x00,0x00,0x38,0x07,0xfe,0x00,0x00,0x03,0x8b,0xf9,0x00,0x00,0x00,0x74,0xa4,0x00,0x00,0x00,0x07,0x40,0x00,0x00,
0x00,0x00,0xb0,0x00,0x00,0x00,0x15,0x6e,0x00,0x00,0x00,0x07,0xff,0x80,0x00,0x00,0x00,0x15,0x40,0x00,
/* U+5de8 */
0x6a,0xaa,0xaa,0xaa,0xa8,0x7f,0xff,0xff,0xff,0xf8,0x74,0x00,0x00,0x00,0x00,0x74,0x00,0x00,0x00,0x00,0x74,0x00,0x00,0x00,
0x00,0x74,0x00,0x00,0x00,0x00,0x7f,0xff,0xff,0xff,0xc0,0x7a,0xaa,0xaa,0xab,0xc0,0x74,0x00,0x00,0x02,0xc0,0x74,0x00,0x00,
0x02,0xc0,0x74,0x00,0x00,0x02,0xc0,0x74,0x00,0x00,0x02,0xc0,0x75,0x55,0x55,0x56,0xc0,0x7f,0xff,0xff,0xff,0xc0,0x79,0x55,
0x55,0x55,0x40,0x74,0x00,0x00,0x00,0x00,0x74,0x00,0x00,0x00,0x00,0x74,0x00,0x00,0x00,0x00,0x74,0x00,0x00,0x00,0x00,0x7f,
0xff,0xff,0xff,0xfd,0x6a,0xaa,0xaa,0xaa,0xa9,
/* U+5de9 */
0x00,0x00,0x1a,0xaa,0xa0,0x05,0x55,0x51,0xff,0xff,0x00,0xbf,0xff,0x1d,0x00,0xb0,0x05,0x7d,0x51,0xd0,0x0b,0x00,0x02,0xc0,
0x1d,0x00,0xb0,0x00,0x2c,0x01,0xd0,0x0b,0x00,0x02,0xc0,0x1d,0x90,0xb0,0x00,0x2c,0x01,0xde,0x0b,0x00,0x02,0xc0,0x1d,0x74,
0xb0,0x00,0x2c,0x01,0xd3,0x8b,0x00,0x02,0xc0,0x1d,0x1d,0xb0,0x00,0x2c,0x01,0xc0,0xeb,0x00,0x02,0xc0,0x2c,0x0b,0xb0,0x00,
0x2c,0x16,0xc0,0x0b,0x00,0x02,0xdb,0x68,0x00,0xb0,0x71,0x7f,0x93,0x80,0x0b,0x07,0xfe,0x40,0x74,0x00,0xb0,0x79,0x00,0x0b,
0x00,0x0b,0x0b,0x00,0x01,0xe0,0x00,0xb0,0xb0,0x00,0x2d,0x00,0x07,0xee,0x00,0x02,0x80,0x00,0x1a,0x90,
/* U+5deb */
0x15,0x55,0x55,0x55,0x55,0x43,0xff,0xff,0xff,0xff,0xfc,0x15,0x55,0x5f,0x55,0x55,0x40,0x00,0x00,0xf0,0x00,0x00,0x00,0x74,
0x0f,0x00,0xa0,0x00,0x07,0x00,0xf0,0x0e,0x00,0x00,0xb0,0x0f,0x00,0xe0,0x00,0x0a,0x00,0xf0,0x1d,0x00,0x00,0xe0,0x0f,0x01,
0xd0,0x00,0x1f,0x00,0xf0,0x2e,0x00,0x02,0xf8,0x0f,0x03,0xf4,0x00,0x79,0xd0,0xf0,0xb6,0xc0,0x0b,0x4b,0x0f,0x0f,0x0e,0x01,
0xe0,0x78,0xf2,0xd0,0x78,0x3c,0x02,0xdf,0x3c,0x02,0xd7,0x40,0x0d,0xfb,0x40,0x0d,0x10,0x00,0x0f,0x10,0x00,0x00,0x00,0x00,
0xf0,0x00,0x00,0x15,0x55,0x5f,0x55,0x55,0x4b,0xff,0xff,0xff,0xff,0xfe,0x55,0x55,0x55,0x55,0x55,0x50,
/* U+5df2 */
0x55,0x55,0x55,0x55,0x50,0x2f,0xff,0xff,0xff,0xfc,0x05,0x55,0x55,0x55,0x5b,0x00,0x00,0x00,0x00,0x02,0xc0,0x00,0x00,0x00,
0x00,0xb0,0x0b,0x00,0x00,0x00,0x2c,0x02,0xc0,0x00,0x00,0x0b,0x00,0xb0,0x00,0x00,0x02,0xc0,0x2d,0x55,0x55,0x55,0xb0,0x0b,
0xff,0xff,0xff,0xfc,0x02,0xd5,0x55,0x55,0x55,0x00,0xb0,0x00,0x00,0x00,0x00,0x2c,0x00,0x00,0x00,0x00,0x0b,0x00,0x00,0x00,
0x00,0x02,0xc0,0x00,0x00,0x00,0x34,0xb0,0x00,0x00,0x00,0x0e,0x2c,0x00,0x00,0x00,0x07,0x4b,0x00,0x00,0x00,0x01,0xd1,0xe0,
0x00,0x00,0x01,0xf0,0x3f,0xff,0xff,0xff,0xf8,0x01,0xaa,0xaa,0xaa,0xa0,0x00,
/* U+5df4 */
0x55,0x55,0x55,0x55,0x50,0xff,0xff,0xff,0xff,0xf0,0xe5,0x55,0xf5,0x55,0xf0,0xe0,0x00,0xe0,0x00,0xf0,0xe0,0x00,0xe0,0x00,
0xf0,0xe0,0x00,0xe0,0x00,0xf0,0xe0,0x00,0xe0,0x00,0xf0,0xe0,0x00,0xe0,0x00,0xf0,0xe0,0x00,0xe0,0x00,0xf0,0xff,0xff,0xff,
0xff,0xf0,0xfa,0xaa,0xaa,0xaa,0xa0,0xe0,0x00,0x00,0x00,0x00,0xe0,0x00,0x00,0x00,0x00,0xe0,0x00,0x00,0x00,0x00,0xe0,0x00,
0x00,0x00,0x09,0xe0,0x00,0x00,0x00,0x0e,0xe0,0x00,0x00,0x00,0x0e,0xe0,0x00,0x00,0x00,0x1d,0xf4,0x00,0x00,0x00,0x6d,0xbf,
0xff,0xff,0xff,0xf8,0x1a,0xaa,0xaa,0xaa,0x90,
/* U+5e01 */
0x00,0x00,0x00,0x00,0x04,0x00,0x00,0x00,0x5a,0xfe,0x5a,0xaa,0xbf,0xff,0xe5,0xff,0xff,0xfe,0x54,0x00,0x00,0x00,0x3c,0x00,
0x00,0x00,0x00,0x3c,0x00,0x00,0x00,0x00,0x3c,0x00,0x00,0x15,0x55,0x7d,0x55,0x54,0x2f,0xff,0xff,0xff,0xf8,0x2d,0x55,0x7d,
0x55,0x78,0x2c,0x00,0x3c,0x00,0x38,0x2c,0x00,0x3c,0x00,0x38,0x2c,0x00,0x3c,0x00,0x38,0x2c,0x00,0x3c,0x00,0x38,0x2c,0x00,
0x3c,0x00,0x38,0x2c,0x00,0x3c,0x00,0x38,0x2c,0x00,0x3c,0x00,0x38,0x2c,0x00,0x3c,0x05,0x78,0x2c,0x00,0x3c,0x0b,0xf4,0x18,
0x00,0x3c,0x05,0x50,0x00,0x00,0x3c,0x00,0x00,0x00,0x00,0x3c,0x00,0x00,0x00,0x00,0x14,0x00,0x00,
/* U+5e02 */
0x00,0x00,0x28,0x00,0x00,0x00,0x00,0x02,0xd0,0x00,0x00,0x00,0x00,0x1e,0x00,0x00,0x0b,0xff,0xff,0xff,0xff,0xfe,0xaa,0xaa,
0xaf,0xaa,0xaa,0xa0,0x00,0x00,0xf0,0x00,0x00,0x00,0x00,0x0f,0x00,0x00,0x00,0x00,0x00,0xf0,0x00,0x00,0x07,0xff,0xff,0xff,
0xfe,0x00,0x7a,0xaa,0xfa,0xaa,0xe0,0x07,0x40,0x0f,0x00,0x0e,0x00,0x74,0x00,0xf0,0x00,0xe0,0x07,0x40,0x0f,0x00,0x0e,0x00,
0x74,0x00,0xf0,0x00,0xe0,0x07,0x40,0x0f,0x00,0x0e,0x00,0x74,0x00,0xf0,0x00,0xe0,0x07,0x40,0x0f,0x00,0x0e,0x00,0x74,0x00,
0xf0,0x6b,0xd0,0x07,0x40,0x0f,0x02,0xe8,0x00,0x00,0x00,0xf0,0x00,0x00,0x00,0x00,0x0f,0x00,0x00,0x00,0x00,0x00,0xf0,0x00,
0x00,0x00,0x00,0x05,0x00,0x00,0x00,
/* U+5e03 */
0x00,0x00,0x28,0x00,0x00,0x00,0x00,0x07,0x80,0x00,0x00,0x00,0x00,0xb4,0x00,0x00,0x01,0x55,0x5f,0x95,0x55,0x55,0x7f,0xff,
0xff,0xff,0xff,0xe1,0x55,0x7d,0x55,0x55,0x54,0x00,0x0f,0x40,0x40,0x00,0x00,0x02,0xe0,0x1d,0x00,0x00,0x00,0x78,0x01,0xd0,
0x00,0x00,0x1f,0x95,0x6e,0x55,0x50,0x07,0xff,0xff,0xff,0xff,0x01,0xf7,0x95,0x5e,0x55,0xb0,0xbd,0x38,0x01,0xd0,0x0b,0x0b,
0x03,0x80,0x1d,0x00,0xb0,0x00,0x38,0x01,0xd0,0x0b,0x00,0x03,0x80,0x1d,0x00,0xb0,0x00,0x38,0x01,0xd0,0x0b,0x00,0x03,0x80,
0x1d,0x00,0xb0,0x00,0x38,0x01,0xd1,0xaf,0x00,0x03,0x80,0x1d,0x1f,0x90,0x00,0x00,0x01,0xd0,0x00,0x00,0x00,0x00,0x1d,0x00,
0x00,0x00,0x00,0x00,0x40,0x00,0x00,
/* U+5e08 */
0x00,0x90,0x00,0x00,0x00,0x00,0x38,0x6a,0xaa,0xaa,0x90,0x0e,0x2f,0xff,0xff,0xf9,0x43,0x80,0x00,0xe0,0x00,0xe0,0xe0,0x00,
0x38,0x00,0x38,0x38,0x00,0x0e,0x00,0x0e,0x0e,0x0a,0xab,0xea,0xa3,0x83,0x83,0xea,0xfa,0xbc,0xe0,0xe0,0xe0,0x38,0x0b,0x38,
0x38,0x38,0x0e,0x02,0xce,0x0e,0x0e,0x03,0x80,0xb3,0x83,0x83,0x80,0xe0,0x2c,0xe0,0xe0,0xe0,0x38,0x0b,0x38,0x38,0x38,0x0e,
0x02,0xce,0x1e,0x0e,0x03,0x80,0xb3,0x87,0x43,0x80,0xe0,0x2c,0x42,0xc0,0xe0,0x38,0x0b,0x00,0xe0,0x38,0x0e,0x02,0xc0,0xb4,
0x0e,0x03,0x8a,0xe0,0x78,0x03,0x80,0xe2,0xe4,0x7c,0x00,0x00,0x38,0x00,0x2d,0x00,0x00,0x0e,0x00,0x00,0x00,0x00,0x01,0x40,
0x00,
/* U+5e38 */
0x00,0x00,0x28,0x00,0x00,0x07,0x40,0x3c,0x02,0xd0,0x03,0xc0,0x3c,0x07,0x80,0x01,0xd0,0x3c,0x0b,0x00,0xff,0xff,0xff,0xff,
0xff,0xfa,0xaa,0xaa,0xaa,0xaf,0xe0,0x00,0x00,0x00,0x0b,0xe0,0xaa,0xaa,0xaa,0x0b,0xa1,0xff,0xff,0xff,0x4a,0x01,0xe0,0x00,
0x07,0x40,0x01,0xe0,0x00,0x07,0x40,0x01,0xfa,0xaa,0xaf,0x40,0x00,0xaa,0xbe,0xaa,0x00,0x00,0x00,0x3c,0x00,0x00,0x05,0x55,
0x7d,0x55,0x54,0x1f,0xff,0xff,0xff,0xf8,0x1d,0x55,0x7d,0x55,0x78,0x1d,0x00,0x3c,0x00,0x78,0x1d,0x00,0x3c,0x00,0x78,0x1d,
0x00,0x3c,0x05,0xb4,0x1d,0x00,0x3c,0x0b,0xe0,0x04,0x00,0x3c,0x00,0x00,0x00,0x00,0x14,0x00,0x00,
/* U+5e72 */
0x05,0x55,0x55,0x55,0x55,0x00,0xff,0xff,0xff,0xff,0xf0,0x05,0x55,0x5f,0x55,0x55,0x00,0x00,0x00,0xf0,0x00,0x00,0x00,0x00,
0x0f,0x00,0x00,0x00,0x00,0x00,0xf0,0x00,0x00,0x00,0x00,0x0f,0x00,0x00,0x00,0x00,0x00,0xf0,0x00,0x00,0x00,0x00,0x0f,0x00,
0x00,0x0b,0xff,0xff,0xff,0xff,0xfe,0x6a,0xaa,0xaf,0xaa,0xaa,0xa0,0x00,0x00,0xf0,0x00,0x00,0x00,0x00,0x0f,0x00,0x00,0x00,
0x00,0x00,0xf0,0x00,0x00,0x00,0x00,0x0f,0x00,0x00,0x00,0x00,0x00,0xf0,0x00,0x00,0x00,0x00,0x0f,0x00,0x00,0x00,0x00,0x00,
0xf0,0x00,0x00,0x00,0x00,0x0f,0x00,0x00,0x00,0x00,0x00,0xf0,0x00,0x00,0x00,0x00,0x0f,0x00,0x00,0x00,0x00,0x00,0x50,0x00,
0x00,
/* U+5e73 */
0x1a,0xaa,0xaa,0xaa,0xaa,0x42,0xff,0xff,0xff,0xff,0xf8,0x00,0x00,0x0e,0x00,0x00,0x00,0x00,0x00,0xe0,0x00,0x00,0x03,0x80,
0x0e,0x00,0x2d,0x00,0x3c,0x00,0xe0,0x03,0x80,0x01,0xe0,0x0e,0x00,0xb4,0x00,0x0f,0x00,0xe0,0x0e,0x00,0x00,0x78,0x0e,0x02,
0xd0,0x00,0x02,0x40,0xe0,0x18,0x00,0x00,0x00,0x0e,0x00,0x00,0x06,0xaa,0xaa,0xfa,0xaa,0xa9,0xbf,0xff,0xff,0xff,0xff,0xe0,
0x00,0x00,0xe0,0x00,0x00,0x00,0x00,0x0e,0x00,0x00,0x00,0x00,0x00,0xe0,0x00,0x00,0x00,0x00,0x0e,0x00,0x00,0x00,0x00,0x00,
0xe0,0x00,0x00,0x00,0x00,0x0e,0x00,0x00,0x00,0x00,0x00,0xe0,0x00,0x00,0x00,0x00,0x0e,0x00,0x00,0x00,0x00,0x00,0x50,0x00,
0x00,
/* U+5e74 */
0x00,0x24,0x00,0x00,0x00,0x00,0x0b,0x40,0x00,0x00,0x00,0x00,0xf0,0x00,0x00,0x00,0x00,0x1f,0xff,0xff,0xff,0xf8,0x03,0xea,
0xab,0xea,0xaa,0x80,0xf8,0x00,0x1d,0x00,0x00,0x2e,0x00,0x01,0xd0,0x00,0x0b,0x80,0x00,0x1d,0x00,0x00,0x60,0x55,0x56,0xe5,
0x55,0x00,0x0b,0xff,0xff,0xff,0xf0,0x00,0xb5,0x56,0xd5,0x55,0x00,0x0b,0x00,0x1d,0x00,0x00,0x00,0xb0,0x01,0xd0,0x00,0x00,
0x0b,0x00,0x1d,0x00,0x00,0x00,0xb0,0x01,0xd0,0x00,0x06,0xaf,0xaa,0xae,0xaa,0xa9,0xbf,0xff,0xff,0xff,0xff,0xe0,0x00,0x00,
0x2d,0x00,0x00,0x00,0x00,0x01,0xd0,0x00,0x00,0x00,0x00,0x1d,0x00,0x00,0x00,0x00,0x01,0xd0,0x00,0x00,0x00,0x00,0x1d,0x00,
0x00,0x00,0x00,0x01,0x40,0x00,0x00,
/* U+5e7f */
0x00,0x00,0x0a,0x00,0x00,0x00,0x00,0x00,0xb4,0x00,0x00,0x00,0x00,0x07,0x80,0x00,0x00,0xff,0xff,0xff,0xff,0xfe,0x0f,0xaa,
0xaa,0xaa,0xaa,0x90,0xf0,0x00,0x00,0x00,0x00,0x0f,0x00,0x00,0x00,0x00,0x00,0xf0,0x00,0x00,0x00,0x00,0x0f,0x00,0x00,0x00,
0x00,0x00,0xf0,0x00,0x00,0x00,0x00,0x0f,0x00,0x00,0x00,0x00,0x00,0xe0,0x00,0x00,0x00,0x00,0x0e,0x00,0x00,0x00,0x00,0x00,
0xe0,0x00,0x00,0x00,0x00,0x1d,0x00,0x00,0x00,0x00,0x01,0xd0,0x00,0x00,0x00,0x00,0x1d,0x00,0x00,0x00,0x00,0x02,0xc0,0x00,
0x00,0x00,0x00,0x38,0x00,0x00,0x00,0x00,0x07,0x40,0x00,0x00,0x00,0x00,0xb0,0x00,0x00,0x00,0x00,0x0a,0x00,0x00,0x00,0x00,
0x00,0x10,0x00,0x00,0x00,0x00,0x00,
/* U+5e84 */
0x00,0x00,0x0a,0x00,0x00,0x00,0x00,0x00,0xb4,0x00,0x00,0x00,0x00,0x07,0x80,0x00,0x00,0xbf,0xff,0xff,0xff,0xfe,0x0f,0xaa,
0xaa,0xaa,0xaa,0xa0,0xf0,0x00,0x00,0x00,0x00,0x0f,0x00,0x00,0xa0,0x00,0x00,0xf0,0x00,0x0b,0x00,0x00,0x0f,0x00,0x00,0xb0,
0x00,0x00,0xf0,0x00,0x0b,0x00,0x00,0x0f,0x00,0x00,0xb0,0x00,0x00,0xe0,0xaa,0xaf,0xaa,0xa4,0x0e,0x0b,0xff,0xff,0xff,0x41,
0xe0,0x00,0x0b,0x00,0x00,0x1d,0x00,0x00,0xb0,0x00,0x01,0xd0,0x00,0x0b,0x00,0x00,0x1d,0x00,0x00,0xb0,0x00,0x02,0xc0,0x00,
0x0b,0x00,0x00,0x38,0x00,0x00,0xb0,0x00,0x07,0x41,0x55,0x5b,0x55,0x54,0xb0,0x7f,0xff,0xff,0xff,0xea,0x01,0x55,0x55,0x55,
0x55,
/* U+5e86 */
0x00,0x00,0x0a,0x00,0x00,0x00,0x00,0x00,0xb4,0x00,0x00,0x00,0x00,0x07,0x80,0x00,0x00,0xff,0xff,0xff,0xff,0xfe,0x0f,0xaa,
0xaa,0xaa,0xaa,0x90,0xf0,0x00,0x04,0x00,0x00,0x0f,0x00,0x00,0xe0,0x00,0x00,0xf0,0x00,0x0e,0x00,0x00,0x0f,0x00,0x00,0xe0,
0x00,0x00,0xf0,0x00,0x0e,0x00,0x00,0x0f,0x3f,0xff,0xff,0xff,0xd0,0xe2,0xaa,0xbf,0xaa,0xa8,0x0e,0x00,0x02,0xf4,0x00,0x01,
0xe0,0x00,0x3a,0xc0,0x00,0x1d,0x00,0x0b,0x5d,0x00,0x01,0xd0,0x01,0xe0,0xf0,0x00,0x2d,0x00,0x2c,0x07,0x80,0x02,0xc0,0x0b,
0x40,0x2e,0x00,0x38,0x02,0xe0,0x00,0xb8,0x07,0x40,0xb8,0x00,0x02,0xe0,0xf0,0x7e,0x00,0x00,0x0b,0xda,0x0f,0x40,0x00,0x00,
0x1e,0x00,0x40,0x00,0x00,0x00,0x00,
/* U+5e90 */
0x00,0x00,0x0a,0x00,0x00,0x00,0x00,0x00,0xb4,0x00,0x00,0x05,0x55,0x57,0x95,0x55,0x50,0xff,0xff,0xff,0xff,0xfe,0x0f,0x55,
0x55,0x55,0x55,0x50,0xf0,0x00,0x0e,0x00,0x00,0x0f,0x00,0x00,0xb0,0x00,0x00,0xf0,0x6a,0xaf,0xea,0xa4,0x0f,0x07,0xff,0xff,
0xff,0x80,0xf0,0x74,0x00,0x00,0x38,0x0f,0x07,0x40,0x00,0x03,0x80,0xe0,0x74,0x00,0x00,0x38,0x0e,0x0b,0xaa,0xaa,0xab,0x81,
0xe0,0xbf,0xff,0xff,0xf4,0x1d,0x0b,0x00,0x00,0x00,0x01,0xd0,0xe0,0x00,0x00,0x00,0x1d,0x0e,0x00,0x00,0x00,0x02,0xc1,0xd0,
0x00,0x00,0x00,0x38,0x2c,0x00,0x00,0x00,0x07,0x47,0x80,0x00,0x00,0x00,0xf0,0xb4,0x00,0x00,0x00,0x0a,0x06,0x00,0x00,0x00,
0x00,
/* U+5e93 */
0x00,0x00,0x0a,0x00,0x00,0x00,0x00,0x00,0xb4,0x00,0x00,0x05,0x55,0x5b,0xd5,0x55,0x50,0xff,0xff,0xff,0xff,0xfe,0x0f,0x55,
0x55,0x55,0x55,0x40,0xf0,0x00,0xe0,0x00,0x00,0x0f,0x00,0x1d,0x00,0x00,0x00,0xf2,0xab,0xfa,0xaa,0xa8,0x0f,0x2a,0xbe,0xaa,
0xaa,0x40,0xf0,0x0b,0x40,0x00,0x00,0x0f,0x01,0xe0,0x38,0x00,0x00,0xe0,0x2d,0x03,0x80,0x00,0x0e,0x07,0x95,0x79,0x55,0x00,
0xe0,0xbf,0xff,0xff,0xf0,0x1e,0x01,0x55,0x79,0x55,0x01,0xd0,0x00,0x03,0x80,0x00,0x2d,0x00,0x00,0x38,0x00,0x02,0xcb,0xff,
0xff,0xff,0xff,0x38,0x6a,0xaa,0xbe,0xaa,0xa7,0x80,0x00,0x03,0x80,0x00,0xb4,0x00,0x00,0x38,0x00,0x0a,0x00,0x00,0x03,0x80,
0x00,0x00,0x00,0x00,0x14,0x00,0x00,
/* U+5e94 */
0x00,0x00,0x0a,0x00,0x00,0x00,0x00,0x00,0xb4,0x00,0x00,0x05,0x55,0x57,0x95,0x55,0x50,0xff,0xff,0xff,0xff,0xfe,0x0f,0x55,
0x55,0x55,0x55,0x50,0xf0,0x00,0x00,0x00,0x00,0x0f,0x00,0x01,0x00,0x00,0x00,0xf0,0x00,0xb0,0x00,0xa0,0x0f,0x18,0x0b,0x00,
0x0e,0x00,0xf1,0xd0,0x74,0x01,0xd0,0x0e,0x0e,0x03,0x80,0x2d,0x00,0xe0,0xb0,0x3c,0x03,0xc0,0x0e,0x07,0x42,0xc0,0x78,0x00,
0xe0,0x78,0x1d,0x07,0x40,0x1d,0x03,0xc1,0xe0,0xb0,0x01,0xd0,0x2c,0x0e,0x0e,0x00,0x2d,0x01,0xd0,0x01,0xd0,0x02,0xc0,0x04,
0x00,0x3c,0x00,0x38,0x00,0x00,0x07,0x80,0x07,0x45,0x55,0x55,0xb9,0x54,0xb0,0xbf,0xff,0xff,0xff,0xda,0x05,0x55,0x55,0x55,
0x54,
/* U+5e95 */
0x00,0x00,0x06,0x00,0x00,0x00,0x00,0x00,0xb4,0x00,0x00,0x05,0x55,0x5b,0x95,0x55,0x50,0xff,0xff,0xff,0xff,0xfe,0x0f,0x55,
0x55,0x55,0x55,0x40,0xf0,0x00,0x00,0x01,0x50,0x0f,0x00,0x55,0xab,0xff,0x00,0xf0,0xbf,0xff,0xe5,0x00,0x0f,0x0b,0x50,0x38,
0x00,0x00,0xf0,0xb0,0x02,0xc0,0x00,0x0e,0x0b,0x00,0x2c,0x00,0x00,0xe0,0xb5,0x56,0xd5,0x54,0x0e,0x0b,0xff,0xff,0xff,0xc0,
0xd0,0xb5,0x55,0xe5,0x54,0x1d,0x0b,0x00,0x0e,0x00,0x01,0xd0,0xb0,0x00,0xb0,0x00,0x1d,0x0b,0x00,0x07,0x40,0x02,0xc0,0xb0,
0x14,0x38,0x09,0x38,0x0b,0x02,0xd1,0xd0,0xe7,0x40,0xb6,0x8f,0x0f,0x1d,0xb0,0x1f,0xf8,0x78,0x7f,0xc6,0x00,0xa4,0x02,0x41,
0xf4,
/* U+5e97 */
0x00,0x00,0x0a,0x00,0x00,0x00,0x00,0x00,0xb4,0x00,0x00,0x05,0x55,0x57,0x95,0x55,0x50,0xbf,0xff,0xff,0xff,0xfe,0x0b,0x55,
0x55,0x55,0x55,0x50,0xb0,0x00,0x19,0x00,0x00,0x0b,0x00,0x01,0xd0,0x00,0x00,0xb0,0x00,0x1d,0x00,0x00,0x0b,0x00,0x01,0xea,
0xaa,0x80,0xb0,0x00,0x1f,0xff,0xfd,0x0b,0x00,0x01,0xd0,0x00,0x00,0xa0,0x00,0x1d,0x00,0x00,0x0e,0x00,0x01,0xd0,0x00,0x00,
0xe0,0xaa,0xae,0xaa,0x90,0x0e,0x0f,0xff,0xff,0xfe,0x01,0xd0,0xe0,0x00,0x00,0xe0,0x1d,0x0e,0x00,0x00,0x0e,0x02,0xc0,0xe0,
0x00,0x00,0xe0,0x38,0x0e,0x00,0x00,0x0e,0x07,0x40,0xf5,0x55,0x56,0xe0,0xb0,0x0f,0xff,0xff,0xfe,0x06,0x00,0xe5,0x55,0x55,
0xe0,0x00,0x05,0x00,0x00,0x05,0x00,
/* U+5e9c */
0x00,0x00,0x06,0x40,0x00,0x00,0x00,0x00,0x78,0x00,0x00,0x06,0xaa,0xab,0xea,0xaa,0x90,0xbf,0xff,0xff,0xff,0xfd,0x0b,0x00,
0x00,0x00,0x00,0x00,0xb0,0x0a,0x00,0x01,0x80,0x0b,0x00,0xe0,0x00,0x1d,0x00,0xb0,0x1d,0x00,0x01,0xd0,0x0b,0x02,0xc1,0x55,
0x6d,0x40,0xb0,0x78,0xbf,0xff,0xfe,0x0b,0x0f,0x85,0x55,0x6e,0x50,0xe2,0xf8,0x00,0x01,0xd0,0x0e,0x7b,0x80,0x40,0x1d,0x00,
0xe7,0x38,0x2c,0x01,0xd0,0x1d,0x13,0x81,0xe0,0x1d,0x01,0xd0,0x38,0x07,0x81,0xd0,0x2d,0x03,0x80,0x2d,0x1d,0x03,0xc0,0x38,
0x00,0x81,0xd0,0x78,0x03,0x80,0x00,0x1d,0x0b,0x40,0x38,0x00,0x01,0xd0,0xe0,0x03,0x80,0x15,0x7c,0x09,0x00,0x38,0x01,0xff,
0x80,0x00,0x01,0x40,0x05,0x40,0x00,
/* U+5ea6 */
0x00,0x00,0x06,0x40,0x00,0x00,0x00,0x00,0x38,0x00,0x00,0x0a,0xaa,0xab,0xea,0xaa,0x90,0xff,0xff,0xff,0xff,0xfd,0x0f,0x00,
0x50,0x00,0x50,0x00,0xf0,0x0e,0x00,0x0e,0x00,0x0f,0x55,0xe5,0x55,0xe5,0x40,0xff,0xff,0xff,0xff,0xfd,0x0f,0x55,0xe5,0x55,
0xe5,0x40,0xf0,0x0e,0x00,0x0e,0x00,0x0e,0x00,0xea,0xaa,0xe0,0x00,0xe0,0x0f,0xff,0xfe,0x00,0x0e,0x00,0x00,0x00,0x00,0x00,
0xe1,0x55,0x55,0x55,0x40,0x1d,0x2f,0xff,0xff,0xfd,0x01,0xd0,0x2d,0x00,0x0b,0x80,0x1d,0x00,0xf4,0x02,0xe0,0x02,0xc0,0x02,
0xe1,0xf8,0x00,0x38,0x00,0x0b,0xfd,0x00,0x07,0x40,0x01,0xbf,0xe4,0x00,0xb0,0x5a,0xf9,0x1b,0xf9,0x4a,0x0f,0xe9,0x00,0x06,
0xfe,0x00,0x50,0x00,0x00,0x00,0x40,
/* U+5eb5 */
0x00,0x00,0x06,0x00,0x00,0x00,0x00,0x00,0x74,0x00,0x00,0x0b,0xff,0xff,0xff,0xff,0xd0,0xfa,0xaa,0xaa,0xaa,0xa9,0x0f,0x00,
0x02,0x40,0x00,0x00,0xf0,0x00,0x74,0x00,0x00,0x0f,0x7f,0xff,0xff,0xff,0x80,0xf2,0xab,0xea,0xfa,0xa4,0x0f,0x00,0x78,0x07,
0x80,0x00,0xf0,0x1e,0x19,0x1e,0x00,0x0e,0x0b,0xd5,0xd5,0xbd,0x00,0xfb,0xff,0xff,0xff,0xf9,0x0e,0xeb,0x01,0xd0,0x3a,0xc0,
0xe0,0xb0,0x1d,0x03,0x80,0x1d,0x0b,0xff,0xff,0xf8,0x01,0xd0,0xb5,0x5d,0x57,0x80,0x1c,0x0b,0x01,0xd0,0x38,0x02,0xc0,0xba,
0xae,0xab,0x80,0x38,0x06,0xaa,0xea,0xa4,0x97,0x40,0x00,0x1d,0x00,0x0e,0xb0,0x00,0x00,0xe5,0x56,0xda,0x00,0x00,0x0b,0xff,
0xf8,0x00,0x00,0x00,0x05,0x54,0x00,
/* U+5eb7 */
0x00,0x00,0x06,0x40,0x00,0x00,0x00,0x00,0x38,0x00,0x00,0x0f,0xff,0xff,0xff,0xff,0xd0,0xfa,0xaa,0xae,0xaa,0xa9,0x0e,0x00,
0x01,0xd0,0x00,0x00,0xe1,0xaa,0xae,0xaa,0x80,0x0e,0x1a,0xab,0xfa,0xbd,0x00,0xe0,0x00,0x1d,0x01,0xd0,0x0e,0x55,0x56,0xd5,
0x6d,0x50,0xff,0xff,0xff,0xff,0xfe,0x0e,0x00,0x01,0xd0,0x2d,0x00,0xe0,0x00,0x1d,0x01,0xd0,0x0d,0x1f,0xff,0xff,0xfd,0x01,
0xd1,0x55,0x6e,0x55,0x40,0x1d,0x10,0x01,0xd0,0x09,0x01,0xc3,0xe0,0x2f,0x42,0xe0,0x2c,0x0b,0x8b,0xfd,0xf4,0x03,0x80,0x0b,
0xed,0xbd,0x00,0x34,0x0b,0xe1,0xd1,0xf4,0x07,0x0b,0xe4,0x1d,0x06,0xf4,0xe0,0xe4,0x16,0xd0,0x07,0xe9,0x00,0x07,0xfc,0x00,
0x04,0x00,0x00,0x15,0x00,0x00,0x00,
/* U+5ec9 */
0x00,0x00,0x0a,0x00,0x00,0x00,0x00,0x00,0x74,0x00,0x00,0x0b,0xff,0xff,0xff,0xff,0xd0,0xba,0xaa,0xaa,0xaa,0xa9,0x0b,0x00,
0xb0,0x03,0x80,0x00,0xb1,0x57,0x95,0xb5,0x50,0x0b,0x3f,0xff,0xff,0xff,0xc0,0xb1,0x56,0xd5,0xe5,0x54,0x0b,0x05,0x6d,0x5d,
0x54,0x00,0xb0,0xff,0xff,0xff,0xe0,0x0b,0x05,0x6d,0x5d,0x5e,0x00,0xe0,0x02,0xc1,0xd0,0xe0,0x0e,0x7f,0xff,0xff,0xff,0xe0,
0xe1,0x56,0xe6,0xe6,0xe5,0x0d,0x00,0x2c,0x1d,0x0e,0x01,0xd0,0xab,0xea,0xea,0xe0,0x1d,0x0a,0xfe,0xaf,0xe9,0x02,0xc0,0x1f,
0xc1,0xed,0x00,0x38,0x07,0xac,0x1d,0xb4,0x07,0x42,0xe2,0xc1,0xd2,0xe4,0xb1,0xf8,0x2c,0x1d,0x07,0xe9,0x09,0x02,0xc1,0xd0,
0x09,0x00,0x00,0x14,0x05,0x00,0x00,
/* U+5eca */
0x00,0x00,0x0a,0x00,0x00,0x00,0x00,0x00,0xb4,0x00,0x00,0x0b,0xff,0xff,0xff,0xff,0xd0,0xfa,0xaa,0xaa,0xaa,0xa9,0x0e,0x01,
0x80,0x00,0x00,0x00,0xe0,0x1e,0x00,0x00,0x00,0x0e,0x15,0xf5,0x4b,0xff,0xc0,0xe1,0xff,0xf8,0xba,0xb8,0x0e,0x1c,0x03,0x8b,
0x07,0x40,0xe1,0xc0,0x38,0xb0,0xb0,0x0e,0x1f,0xff,0x8b,0x0e,0x00,0xe1,0xd5,0x78,0xb1,0xc0,0x1d,0x1c,0x03,0x8b,0x28,0x01,
0xd1,0xea,0xb8,0xb1,0xd0,0x1d,0x1f,0xff,0x8b,0x0b,0x01,0xd1,0xc0,0x00,0xb0,0x74,0x2c,0x1c,0x0d,0x0b,0x03,0x83,0xc1,0xc0,
0xb0,0xb0,0x2c,0x38,0x1c,0x0b,0x4b,0x03,0x87,0x42,0xdb,0xf8,0xb7,0xf4,0xb0,0x3f,0x91,0xcb,0x29,0x0a,0x01,0x40,0x08,0xb0,
0x00,0x00,0x00,0x00,0x05,0x00,0x00,
/* U+5ef6 */
0x00,0x00,0x00,0x00,0x01,0x01,0x55,0x40,0x00,0x16,0xf4,0x7f,0xfd,0x2b,0xff,0xf9,0x41,0x57,0xc2,0xaa,0xb4,0x00,0x00,0xb4,
0x00,0x07,0x40,0x00,0x1e,0x00,0x00,0x74,0x00,0x03,0xc0,0x00,0x07,0x40,0x00,0xb4,0x01,0xd0,0x74,0x00,0x1e,0x54,0x1d,0x07,
0xaa,0x42,0xff,0xd1,0xd0,0x7f,0xf4,0x00,0x1d,0x1d,0x07,0x40,0x00,0x01,0xc1,0xd0,0x74,0x00,0x74,0x2c,0x1d,0x07,0x40,0x03,
0x82,0xc1,0xd0,0x74,0x00,0x2d,0x38,0x1d,0x07,0x40,0x00,0xe7,0x41,0xe5,0xb5,0x54,0x07,0xe0,0x1f,0xff,0xff,0xd0,0x3e,0x00,
0x55,0x55,0x54,0x0b,0xf8,0x00,0x00,0x00,0x02,0xe2,0xf9,0x40,0x00,0x00,0xb8,0x06,0xff,0xea,0xaa,0xaa,0x00,0x01,0x6a,0xff,
0xff,
/* U+5efa */
0x00,0x00,0x00,0x28,0x00,0x01,0x55,0x40,0x03,0xc0,0x00,0x3f,0xfc,0x3f,0xff,0xff,0x01,0x5b,0x82,0xab,0xea,0xf0,0x00,0xf0,
0x00,0x3c,0x0b,0x00,0x2d,0x0a,0xab,0xea,0xf9,0x07,0x81,0xff,0xff,0xff,0xe0,0xf4,0x00,0x03,0xc0,0xb0,0x2e,0x54,0x15,0x7d,
0x5b,0x03,0xff,0xc3,0xff,0xff,0xf0,0x15,0x6c,0x15,0x7d,0x55,0x00,0x02,0xc0,0x03,0xc0,0x00,0x14,0x28,0x7f,0xff,0xff,0x42,
0x83,0x86,0xab,0xea,0xa4,0x1d,0x74,0x00,0x3c,0x00,0x00,0xeb,0x05,0x57,0xd5,0x54,0x0b,0xe1,0xff,0xff,0xff,0xc0,0x3d,0x00,
0x03,0xc0,0x00,0x07,0xe0,0x00,0x3c,0x00,0x01,0xf7,0xe4,0x01,0x40,0x00,0x7d,0x0b,0xff,0xea,0xaa,0xe3,0x40,0x05,0xaa,0xaa,
0xaa,
/* U+5f00 */
0x05,0x55,0x55,0x55,0x55,0x01,0xff,0xff,0xff,0xff,0xf4,0x0a,0xaf,0xaa,0xab,0xaa,0x40,0x00,0xf0,0x00,0x74,0x00,0x00,0x0f,
0x00,0x07,0x40,0x00,0x00,0xf0,0x00,0x74,0x00,0x00,0x0f,0x00,0x07,0x40,0x00,0x00,0xf0,0x00,0x74,0x00,0x00,0x0f,0x00,0x07,
0x40,0x0b,0xff,0xff,0xff,0xff,0xfe,0x6a,0xaf,0xaa,0xab,0xaa,0x90,0x01,0xe0,0x00,0x74,0x00,0x00,0x1d,0x00,0x07,0x40,0x00,
0x02,0xd0,0x00,0x74,0x00,0x00,0x2c,0x00,0x07,0x40,0x00,0x03,0x80,0x00,0x74,0x00,0x00,0xb4,0x00,0x07,0x40,0x00,0x1e,0x00,
0x00,0x74,0x00,0x07,0xc0,0x00,0x07,0x40,0x02,0xf4,0x00,0x00,0x74,0x00,0x28,0x00,0x00,0x07,0x40,0x00,
/* U+5f0b */
0x00,0x00,0x64,0x04,0x00,0x00,0x00,0x07,0x42,0xd0,0x00,0x00,0x00,0x74,0x0b,0x40,0x00,0x00,0x07,0x80,0x2e,0x00,0x00,0x00,
0x38,0x00,0xa0,0x00,0x00,0x03,0x80,0x00,0x00,0x00,0x00,0x38,0x55,0xab,0xc0,0x55,0xab,0xff,0xff,0xe8,0x7f,0xff,0xfe,0x95,
0x00,0x06,0x95,0x02,0xc0,0x00,0x00,0x00,0x00,0x2d,0x00,0x00,0x00,0x00,0x01,0xd0,0x00,0x00,0x00,0x00,0x0e,0x00,0x00,0x00,
0x00,0x00,0xf0,0x00,0x00,0x00,0x00,0x07,0x40,0x00,0x00,0x00,0x00,0x38,0x00,0x00,0x00,0x00,0x02,0xd0,0x01,0x80,0x00,0x00,
0x0f,0x00,0x1d,0x00,0x00,0x00,0x78,0x02,0xc0,0x00,0x00,0x02,0xe0,0x38,0x00,0x00,0x00,0x07,0xeb,0x40,0x00,0x00,0x00,0x1b,
0xe0,0x00,0x00,0x00,0x00,0x04,0x00,
/* U+5f0f */
0x00,0x00,0x00,0x60,0x10,0x00,0x00,0x00,0x0b,0x0b,0x40,0x00,0x00,0x00,0xb0,0x3c,0x00,0x00,0x00,0x0b,0x01,0xe0,0x15,0x55,
0x55,0xb5,0x59,0x47,0xff,0xff,0xff,0xff,0xfd,0x15,0x55,0x55,0xb5,0x55,0x50,0x00,0x00,0x07,0x40,0x00,0x00,0x00,0x00,0x74,
0x00,0x00,0x00,0x00,0x07,0x80,0x00,0x2a,0xaa,0xa8,0x78,0x00,0x03,0xff,0xff,0xc3,0x80,0x00,0x00,0x3c,0x00,0x3c,0x00,0x00,
0x03,0xc0,0x02,0xd0,0x00,0x00,0x3c,0x00,0x1e,0x00,0x00,0x03,0xc0,0x00,0xe0,0x00,0x00,0x3c,0x00,0x0b,0x00,0x40,0x03,0xc1,
0xa0,0x74,0x0e,0x01,0x7f,0xff,0x03,0xc1,0xd7,0xff,0xe5,0x00,0x1e,0x2c,0x69,0x40,0x00,0x00,0xbb,0x80,0x00,0x00,0x00,0x02,
0xf0,0x00,0x00,0x00,0x00,0x04,0x00,
/* U+5f13 */
0x55,0x55,0x55,0x55,0x2f,0xff,0xff,0xff,0x85,0x55,0x55,0x55,0xe0,0x00,0x00,0x00,0x38,0x00,0x00,0x00,0x0e,0x00,0x00,0x00,
0x03,0x82,0xaa,0xaa,0xaa,0xe0,0xff,0xff,0xff,0xf8,0x38,0x00,0x00,0x00,0x1d,0x00,0x00,0x00,0x07,0x40,0x00,0x00,0x02,0xc0,
0x00,0x00,0x00,0xff,0xff,0xff,0xff,0xaa,0xaa,0xaa,0xaa,0xe0,0x00,0x00,0x00,0x38,0x00,0x00,0x00,0x0e,0x00,0x00,0x00,0x03,
0x80,0x00,0x00,0x01,0xd0,0x00,0x00,0x00,0xb4,0x00,0x01,0x56,0xf8,0x00,0x00,0xbf,0xf8,0x00,0x00,0x05,0x40,0x00,
/* U+5f20 */
0x00,0x00,0x06,0x00,0x00,0x06,0xaa,0x80,0xb0,0x00,0x00,0xbf,0xfc,0x0b,0x00,0x07,0x40,0x02,0xc0,0xb0,0x00,0xf4,0x00,0x2c,
0x0b,0x00,0x3d,0x00,0x02,0xc0,0xb0,0x1f,0x40,0x15,0x6c,0x0b,0x0b,0xd0,0x03,0xff,0xc0,0xb1,0xe0,0x00,0x39,0x54,0x0b,0x04,
0x00,0x07,0x80,0x00,0xb0,0x00,0x00,0x74,0x00,0x6f,0xaa,0xaa,0x97,0x40,0x0b,0xff,0xff,0xfe,0xbf,0xfd,0x0b,0x07,0x40,0x06,
0xaa,0xd0,0xb0,0x2c,0x00,0x00,0x1d,0x0b,0x01,0xd0,0x00,0x01,0xd0,0xb0,0x0f,0x00,0x00,0x1d,0x0b,0x00,0x74,0x00,0x01,0xd0,
0xb0,0x03,0xd0,0x00,0x1d,0x0b,0x01,0x1f,0x00,0x02,0xc0,0xb1,0xf4,0x7c,0x15,0xb8,0x0f,0xf9,0x01,0xf2,0xfe,0x00,0xf8,0x00,
0x09,0x05,0x00,0x04,0x00,0x00,0x00,
/* U+5f25 */
0x00,0x00,0x02,0x40,0x00,0x06,0xaa,0x80,0x74,0x00,0x00,0xbf,0xfc,0x0b,0x00,0x00,0x00,0x02,0xc0,0xfa,0xaa,0xa9,0x00,0x2c,
0x0f,0xff,0xff,0xd0,0x02,0xc1,0xd0,0x00,0x2c,0x15,0x6c,0x3c,0x00,0x03,0x83,0xff,0xcb,0x80,0xb0,0x74,0x79,0x54,0xf0,0x0b,
0x06,0x07,0x40,0x05,0x00,0xb0,0x00,0x74,0x00,0x01,0x0b,0x09,0x07,0x40,0x00,0x74,0xb0,0xb0,0xbf,0xfc,0x0b,0x0b,0x07,0x46,
0xab,0xc0,0xe0,0xb0,0x34,0x00,0x2c,0x1d,0x0b,0x02,0x80,0x02,0xc2,0xc0,0xb0,0x2c,0x00,0x2c,0x38,0x0b,0x01,0xd0,0x02,0xcb,
0x40,0xb0,0x0e,0x00,0x2c,0x60,0x0b,0x00,0xa0,0x03,0xc0,0x00,0xb0,0x00,0x15,0xb4,0x01,0x5f,0x00,0x02,0xfe,0x00,0x2f,0xe0,
0x00,0x00,0x00,0x01,0x54,0x00,0x00,
/* U+5f3a */
0x2a,0xa8,0x0a,0xaa,0xaa,0x07,0xff,0xd0,0xfa,0xaa,0xf0,0x00,0x1d,0x0e,0x00,0x07,0x00,0x01,0xd0,0xe0,0x00,0x70,0x00,0x1d,
0x0e,0x00,0x0b,0x01,0x56,0xd0,0xff,0xff,0xf0,0x2f,0xfd,0x05,0x5f,0x55,0x03,0xd5,0x40,0x00,0xf0,0x00,0x38,0x00,0x2a,0xaf,
0xaa,0x83,0x80,0x03,0xff,0xff,0xfc,0x34,0x00,0x38,0x0f,0x02,0xc7,0xea,0x93,0x80,0xf0,0x2c,0x6a,0xad,0x38,0x0f,0x02,0xc0,
0x01,0xd3,0xea,0xfa,0xbc,0x00,0x1d,0x2f,0xff,0xff,0x80,0x01,0xd0,0x00,0xf0,0x50,0x00,0x1d,0x00,0x0f,0x0b,0x00,0x01,0xd0,
0x00,0xf0,0x38,0x00,0x2c,0x00,0x1f,0xaf,0xc1,0x5b,0x87,0xff,0xff,0xad,0x2f,0xe0,0x6a,0x54,0x00,0xe0,0x50,0x00,0x00,0x00,
0x04,
/* U+5f52 */
0x00,0x24,0x00,0x00,0x00,0x00,0x38,0x00,0x00,0x00,0x50,0x38,0xaa,0xaa,0xaa,0xe0,0x38,0xbf,0xff,0xff,0xe0,0x38,0x00,0x00,
0x0f,0xe0,0x38,0x00,0x00,0x0f,0xe0,0x38,0x00,0x00,0x0f,0xe0,0x38,0x00,0x00,0x0f,0xe0,0x38,0x00,0x00,0x0f,0xe0,0x38,0x00,
0x00,0x0f,0xe0,0x38,0x2a,0xaa,0xaf,0xe0,0x38,0x7f,0xff,0xff,0xe0,0x38,0x00,0x00,0x0f,0xe0,0x78,0x00,0x00,0x0f,0x50,0x74,
0x00,0x00,0x0f,0x00,0xb0,0x00,0x00,0x0f,0x00,0xe0,0x00,0x00,0x0f,0x02,0xd0,0x00,0x00,0x0f,0x07,0x80,0x55,0x55,0x5f,0x1f,
0x01,0xff,0xff,0xff,0x7d,0x00,0x55,0x55,0x5f,0xf0,0x00,0x00,0x00,0x0a,
/* U+5f53 */
0x00,0x00,0x14,0x00,0x00,0x00,0x00,0xf0,0x00,0x01,0xc0,0x03,0xc0,0x03,0x87,0x80,0x0f,0x00,0x2d,0x0b,0x80,0x3c,0x01,0xe0,
0x0b,0x40,0xf0,0x0f,0x40,0x1d,0x03,0xc0,0x78,0x00,0x00,0x0f,0x00,0x00,0x2a,0xaa,0xbe,0xaa,0xa8,0xff,0xff,0xff,0xff,0xf0,
0x00,0x00,0x00,0x02,0xc0,0x00,0x00,0x00,0x0b,0x00,0x00,0x00,0x00,0x2c,0x05,0x55,0x55,0x55,0xb0,0xff,0xff,0xff,0xff,0xc1,
0x55,0x55,0x55,0x5f,0x00,0x00,0x00,0x00,0x2c,0x00,0x00,0x00,0x00,0xb0,0x00,0x00,0x00,0x02,0xc5,0x55,0x55,0x55,0x5b,0x7f,
0xff,0xff,0xff,0xfc,0x55,0x55,0x55,0x55,0xb0,0x00,0x00,0x00,0x00,0x40,
/* U+5f5d */
0x00,0x09,0x00,0x00,0x00,0x00,0x02,0xff,0xff,0xff,0x00,0x00,0x79,0x55,0x55,0xe0,0x00,0x0b,0xaa,0xaa,0xad,0x00,0x00,0xaa,
0xaa,0xab,0xc0,0x01,0x55,0x55,0x55,0x79,0x54,0x7f,0xff,0xff,0xff,0xff,0xd0,0x01,0x40,0x00,0xa0,0x00,0x0d,0x28,0x70,0x74,
0x2c,0x00,0x72,0x8d,0x1f,0xfe,0x50,0x3f,0xff,0xfc,0x1a,0x43,0x41,0x5b,0xd5,0x5b,0xea,0xfc,0x02,0xef,0x81,0xa6,0xd4,0x91,
0xf2,0x9b,0x87,0x1d,0xb0,0x38,0x28,0x15,0xd1,0xd2,0x80,0x00,0x50,0x04,0x64,0x04,0x00,0x0b,0x00,0x0b,0x00,0x0f,0xff,0xff,
0xff,0xff,0xff,0x55,0x6e,0x55,0x5b,0x55,0x50,0x03,0x80,0x00,0xb0,0x00,0x06,0xf4,0x00,0x0b,0x00,0x00,0xf8,0x00,0x00,0xb0,
0x00,0x04,0x00,0x00,0x05,0x00,0x00,
/* U+5f66 */
0x00,0x00,0x1d,0x00,0x00,0x00,0x00,0x01,0xe0,0x00,0x00,0x2a,0xaa,0xaf,0xaa,0xaa,0x82,0xff,0xff,0xff,0xff,0xfc,0x00,0x0e,
0x00,0x03,0xc0,0x00,0x00,0xb0,0x00,0x74,0x00,0x00,0x07,0x80,0x0b,0x00,0x00,0xaa,0xbe,0xaa,0xfa,0xa9,0x0f,0xff,0xff,0xff,
0xff,0xd0,0xe0,0x00,0x00,0x64,0x00,0x0e,0x00,0x00,0x6e,0x00,0x00,0xe0,0x01,0x6f,0x80,0x00,0x0e,0x1a,0xfe,0x40,0xb8,0x00,
0xe0,0xe9,0x00,0x6e,0x00,0x0e,0x00,0x00,0x6f,0x41,0x01,0xd0,0x00,0x6f,0x80,0x7c,0x1d,0x16,0xfe,0x40,0x2f,0x41,0xd1,0xf9,
0x40,0x1b,0x80,0x3c,0x00,0x00,0x1b,0xd0,0x07,0x80,0x00,0x6f,0xe0,0x00,0xb0,0x01,0xbf,0x90,0x00,0x06,0x07,0xfe,0x90,0x00,
0x00,0x00,0x25,0x00,0x00,0x00,0x00,
/* U+5f69 */
0x00,0x00,0x01,0x00,0x05,0x00,0x05,0x5b,0xf4,0x00,0xf0,0xbf,0xff,0xe9,0x00,0x3d,0x06,0x55,0x50,0x00,0x1f,0x40,0x10,0x28,
0x07,0x0b,0xd0,0x03,0x82,0xc0,0xa2,0xe0,0x00,0x2c,0x1d,0x0d,0x18,0x00,0x01,0xd0,0xe1,0xc0,0x00,0x2c,0x0a,0x00,0x28,0x00,
0x07,0x80,0x00,0xe0,0x00,0x01,0xe0,0x00,0x0e,0x00,0x00,0xb8,0x02,0xaa,0xfa,0xa4,0x7e,0x00,0x3f,0xff,0xff,0x9f,0x40,0x00,
0x02,0xe0,0x00,0x80,0x05,0x00,0x7f,0x00,0x00,0x01,0xf0,0x0e,0xfd,0x00,0x00,0x3d,0x02,0xcf,0xb8,0x00,0x0b,0x40,0xf4,0xe1,
0xf0,0x02,0xd0,0x7d,0x0e,0x06,0x01,0xf8,0x0b,0x40,0xe0,0x00,0xbd,0x00,0x10,0x0e,0x00,0x2f,0x40,0x00,0x00,0xe0,0x02,0x80,
0x00,0x00,0x05,0x00,0x00,0x00,0x00,
/* U+5f6c */
0x01,0x80,0x09,0x00,0x00,0x00,0x2c,0x00,0xe0,0x00,0x1d,0x02,0xc0,0x0e,0x00,0x07,0x80,0x2c,0x00,0xe0,0x01,0xf0,0x02,0xc0,
0x0e,0x00,0xbc,0x07,0xff,0xcb,0xfe,0x2e,0x00,0x6b,0xe8,0xaf,0xa3,0x80,0x00,0x3c,0x00,0xe0,0x00,0x04,0x07,0xc0,0x1f,0x00,
0x01,0xe0,0xbe,0x02,0xf4,0x00,0x7c,0x0f,0xe8,0x3f,0xd0,0x1f,0x01,0xad,0xd7,0xea,0x0b,0xd0,0x36,0xc9,0xde,0x36,0xe0,0x07,
0x2c,0x1c,0xe1,0xc4,0x00,0xd2,0xc2,0x8e,0x04,0x00,0x0c,0x2c,0x24,0xe0,0x00,0x0e,0x42,0xc1,0x0e,0x00,0x03,0xd0,0x2c,0x00,
0xe0,0x00,0xf4,0x02,0xc0,0x0e,0x00,0x7d,0x00,0x2c,0x00,0xe0,0x2f,0x40,0x02,0xc0,0x0e,0x0b,0xd0,0x00,0x2c,0x00,0xe0,0xa0,
0x00,0x01,0x40,0x05,0x00,0x00,0x00,
/* U+5f6d */
0x00,0x14,0x00,0x00,0x01,0x00,0x01,0xd0,0x00,0x00,0xb4,0x55,0x6e,0x55,0x40,0x2e,0x0b,0xff,0xff,0xf8,0x0b,0x80,0x55,0x6e,
0x55,0x4b,0xe0,0x00,0x01,0xd0,0x07,0xf4,0x00,0x15,0x6e,0x55,0x38,0x00,0x02,0xff,0xff,0xe0,0x00,0x28,0x00,0x00,0x00,0x00,
0x0b,0x80,0x00,0x00,0x00,0x02,0xe0,0x0f,0xff,0xfc,0x01,0xf8,0x00,0xea,0xaa,0xc1,0xbd,0x00,0x0e,0x00,0x2c,0x7e,0x00,0x00,
0xe0,0x02,0xc2,0x40,0x04,0x0f,0xff,0xfc,0x00,0x01,0xe0,0xaa,0xaa,0x80,0x00,0x7d,0x05,0x00,0x60,0x00,0x1f,0x40,0xb0,0x0b,
0x00,0x07,0xc0,0x07,0x41,0xd0,0x06,0xf0,0x00,0x39,0x6e,0xe2,0xf8,0x00,0xbf,0xff,0xea,0xfd,0x00,0x0a,0xa5,0x40,0x1d,0x00,
0x00,
/* U+5f70 */
0x00,0x18,0x00,0x00,0x01,0x00,0x01,0xd0,0x00,0x00,0xf0,0x2a,0xaf,0xaa,0x40,0x2d,0x02,0xbe,0xaf,0xa4,0x0b,0x80,0x02,0xc0,
0xb0,0x07,0xe0,0x00,0x1d,0x0a,0x02,0xf4,0x00,0x6a,0xfa,0xfa,0x98,0x00,0x06,0xaa,0xaa,0xa8,0x00,0x28,0x00,0x00,0x00,0x00,
0x07,0x80,0xff,0xff,0xe0,0x01,0xf0,0x0e,0xaa,0xae,0x00,0xbc,0x00,0xd0,0x00,0xe0,0x2e,0x00,0x0f,0xaa,0xae,0x0f,0x80,0x00,
0xe5,0x55,0xe0,0x90,0x05,0x0d,0x00,0x0e,0x00,0x01,0xe0,0xff,0xff,0xe0,0x00,0x3d,0x05,0x5f,0x55,0x00,0x0b,0x40,0x00,0xe0,
0x00,0x02,0xd0,0xbf,0xff,0xff,0x80,0xf8,0x06,0xaa,0xfa,0xa4,0x7d,0x00,0x00,0x0e,0x00,0x2f,0x40,0x00,0x00,0xe0,0x02,0x80,
0x00,0x00,0x05,0x00,0x00,0x00,0x00,
/* U+5f81 */
0x00,0x50,0x00,0x00,0x00,0x00,0x03,0xc1,0x55,0x55,0x55,0x00,0x2d,0x1f,0xff,0xff,0xfe,0x01,0xe0,0x15,0x56,0xe5,0x54,0x1f,
0x40,0x00,0x07,0x40,0x01,0xf4,0x00,0x00,0x1d,0x00,0x0f,0x41,0x40,0x00,0x74,0x00,0x20,0x0f,0x0a,0x01,0xd0,0x00,0x00,0xb4,
0x2c,0x07,0x40,0x00,0x07,0x80,0xb0,0x1d,0x00,0x00,0x7c,0x02,0xc0,0x7f,0xfc,0x07,0xf0,0x0b,0x01,0xea,0xa0,0x7f,0xc0,0x2c,
0x07,0x40,0x02,0xdb,0x00,0xb0,0x1d,0x00,0x04,0x2c,0x02,0xc0,0x74,0x00,0x00,0xb0,0x0b,0x01,0xd0,0x00,0x02,0xc0,0x2c,0x07,
0x40,0x00,0x0b,0x00,0xb0,0x1d,0x00,0x00,0x2c,0x02,0xc0,0x74,0x00,0x00,0xb0,0x5b,0x56,0xe5,0x54,0x02,0xc3,0xff,0xff,0xff,
0xf4,0x0b,0x05,0x55,0x55,0x55,0x40,0x14,0x00,0x00,0x00,0x00,0x00,
/* U+5f85 */
0x00,0x50,0x00,0x09,0x00,0x00,0x0f,0x00,0x00,0xe0,0x00,0x01,0xd0,0x00,0x0e,0x00,0x00,0x78,0x07,0xff,0xff,0xfc,0x1f,0x00,
0x6a,0xae,0xaa,0x47,0xd0,0x00,0x00,0xe0,0x00,0xf0,0x2c,0x00,0x0e,0x00,0x08,0x07,0x95,0x56,0xe5,0x55,0x00,0xb1,0xff,0xff,
0xff,0xf0,0x1e,0x00,0x00,0x00,0x00,0x07,0xc0,0x00,0x00,0x28,0x01,0xfc,0x00,0x00,0x03,0x80,0x7e,0xc1,0xff,0xff,0xff,0xea,
0x2c,0x0a,0xaa,0xab,0xe9,0x42,0xc0,0x04,0x00,0x38,0x00,0x2c,0x01,0xd0,0x03,0x80,0x02,0xc0,0x0b,0x40,0x38,0x00,0x2c,0x00,
0x3d,0x03,0x80,0x02,0xc0,0x01,0xd0,0x38,0x00,0x2c,0x00,0x00,0x03,0x80,0x02,0xc0,0x00,0x15,0xb8,0x00,0x2c,0x00,0x03,0xfe,
0x40,0x00,0x40,0x00,0x00,0x00,0x00,
/* U+5f90 */
0x00,0x10,0x00,0x19,0x00,0x00,0x0b,0x40,0x07,0xf0,0x00,0x01,0xe0,0x01,0xf7,0x80,0x00,0x3c,0x00,0x3c,0x1e,0x00,0x0f,0x40,
0x0b,0x40,0xb8,0x03,0xd0,0x07,0xd0,0x02,0xf4,0xb4,0x02,0xf4,0x00,0x07,0xe9,0x07,0x7c,0xbf,0xff,0x8a,0x00,0xf1,0x06,0xae,
0xa4,0x00,0x2d,0x00,0x01,0xd0,0x00,0x07,0xc0,0x00,0x1d,0x00,0x01,0xfc,0x1a,0xaa,0xea,0xa8,0x7f,0xc2,0xff,0xff,0xff,0xcb,
0x2c,0x00,0x01,0xd0,0x00,0x42,0xc0,0x00,0x1d,0x00,0x00,0x2c,0x02,0xd1,0xd2,0xc0,0x02,0xc0,0x3c,0x1d,0x1e,0x00,0x2c,0x07,
0x41,0xd0,0xf0,0x02,0xc0,0xf0,0x1d,0x07,0x80,0x2c,0x2d,0x01,0xd0,0x2d,0x02,0xc1,0x81,0x6d,0x01,0x40,0x2c,0x00,0x3f,0x80,
0x00,0x01,0x40,0x00,0x00,0x00,0x00,
/* U+5f92 */
0x00,0x50,0x00,0x18,0x00,0x00,0x0b,0x00,0x01,0xd0,0x00,0x01,0xe0,0x00,0x1d,0x00,0x00,0x3c,0x0a,0xab,0xfa,0xa4,0x0f,0x40,
0xaa,0xbe,0xaa,0x43,0xd0,0x00,0x01,0xd0,0x00,0xb4,0x00,0x00,0x1d,0x00,0x09,0x06,0x40,0x01,0xd0,0x00,0x00,0xf1,0xaa,0xae,
0xaa,0x90,0x2d,0x2f,0xff,0xff,0xfd,0x07,0xc0,0x00,0x00,0x00,0x01,0xfc,0x00,0x01,0xd0,0x00,0x7f,0xc0,0x74,0x1d,0x00,0x0a,
0x2c,0x07,0x41,0xd0,0x00,0x42,0xc0,0xb0,0x1f,0xff,0x80,0x2c,0x0b,0x01,0xea,0xa4,0x02,0xc0,0xf0,0x1d,0x00,0x00,0x2c,0x1f,
0x81,0xd0,0x00,0x02,0xc3,0xed,0x1d,0x00,0x00,0x2c,0x78,0xf5,0xd0,0x00,0x02,0xcf,0x02,0xfe,0x55,0x50,0x2c,0x90,0x06,0xff,
0xfe,0x01,0x40,0x00,0x00,0x15,0x50,
/* U+5f97 */
0x00,0x10,0x00,0x00,0x00,0x00,0x07,0x86,0xaa,0xaa,0xa0,0x00,0xf0,0x7a,0xaa,0xaf,0x00,0x2d,0x07,0x40,0x00,0xb0,0x0b,0x40,
0x7a,0xaa,0xaf,0x07,0xd0,0x07,0xaa,0xaa,0xf0,0xf4,0x10,0x74,0x00,0x0b,0x08,0x03,0x87,0xaa,0xaa,0xf0,0x00,0xb4,0x7f,0xff,
0xff,0x00,0x1e,0x00,0x00,0x00,0x00,0x07,0xc1,0x55,0x55,0x55,0x51,0xfc,0x1f,0xff,0xff,0xfd,0xbf,0xc0,0x00,0x00,0x78,0x0a,
0x2c,0x00,0x00,0x07,0x80,0x42,0xc7,0xff,0xff,0xff,0xe0,0x2c,0x6a,0xaa,0xab,0xea,0x02,0xc0,0x14,0x00,0x78,0x00,0x2c,0x03,
0xd0,0x07,0x80,0x02,0xc0,0x0f,0x00,0x78,0x00,0x2c,0x00,0x7c,0x07,0x80,0x02,0xc0,0x01,0x55,0xb4,0x00,0x2c,0x00,0x01,0xff,
0x00,0x01,0x40,0x00,0x05,0x40,0x00,
/* U+5faa */
0x00,0x00,0x00,0x00,0x01,0x00,0x0b,0x40,0x55,0x6b,0xf8,0x00,0xe0,0xff,0xff,0xa5,0x00,0x2d,0x0e,0x54,0x14,0x00,0x0b,0x80,
0xd0,0x02,0xc0,0x02,0xe0,0x0e,0xaa,0xbe,0xa9,0xb8,0x00,0xff,0xff,0xff,0xe6,0x03,0x8d,0x00,0x38,0x00,0x00,0xb4,0xd0,0x03,
0x80,0x00,0x1e,0x0d,0x3f,0xff,0xf8,0x07,0xc0,0xd3,0xaa,0xab,0x81,0xf8,0x1d,0x38,0x00,0x38,0x7f,0x81,0xd3,0x95,0x57,0x8f,
0x78,0x1d,0x3f,0xff,0xf8,0x43,0x81,0xc3,0x80,0x03,0x80,0x38,0x2c,0x38,0x00,0x38,0x03,0x82,0xc3,0xff,0xff,0x80,0x38,0x38,
0x39,0x55,0x78,0x03,0x87,0x43,0x80,0x03,0x80,0x38,0xb0,0x3e,0xaa,0xb8,0x03,0x8e,0x03,0xff,0xff,0x80,0x38,0xd0,0x38,0x00,
0x38,0x01,0x00,0x01,0x40,0x01,0x40,
/* U+5fae */
0x00,0x40,0x14,0x00,0x50,0x00,0x2c,0x52,0x81,0x0e,0x00,0x07,0x8a,0x28,0xb0,0xe0,0x00,0xb0,0xa2,0x8b,0x1d,0x00,0x2d,0x0a,
0x28,0xb1,0xfa,0xa7,0x80,0xa2,0x8b,0x2e,0xbe,0xe0,0x0b,0xff,0xf2,0x82,0x88,0x1c,0x55,0x55,0x38,0x28,0x02,0xc0,0x00,0x07,
0x83,0x80,0x78,0x6a,0xa9,0xbc,0x34,0x0f,0x4f,0xff,0xee,0xd3,0x42,0xf4,0x00,0x01,0xc9,0x74,0xbf,0x40,0x00,0x08,0x67,0x0e,
0x74,0x3f,0xf8,0x07,0xa0,0x47,0x43,0x97,0x80,0x3d,0x00,0x74,0x38,0x38,0x02,0xd0,0x07,0x43,0x43,0x84,0x2d,0x00,0x74,0x74,
0x39,0xc7,0xe0,0x07,0x47,0x03,0xf4,0xf7,0x40,0x74,0xf0,0x3d,0x2d,0x2c,0x07,0x6d,0x02,0x0b,0x81,0xf0,0x76,0x80,0x00,0xa0,
0x06,0x05,0x00,0x00,0x00,0x00,0x00,
/* U+5fb7 */
0x00,0x50,0x00,0x18,0x00,0x00,0x0b,0x40,0x02,0xc0,0x00,0x01,0xe2,0xff,0xff,0xff,0xc0,0x3c,0x1a,0xab,0xea,0xa8,0x0f,0x40,
0x00,0x38,0x00,0x03,0xd0,0x0a,0xab,0xaa,0xa4,0xb4,0x10,0xff,0xff,0xff,0x89,0x07,0x8e,0x1d,0x28,0x38,0x00,0xb4,0xe1,0xd2,
0x83,0x80,0x1e,0x0e,0x5d,0x6d,0x78,0x07,0xc0,0xff,0xff,0xff,0x81,0xfc,0x05,0x55,0x55,0x50,0x7f,0xc0,0x55,0x55,0x55,0x4a,
0x2c,0x2f,0xff,0xff,0xfc,0x02,0xc1,0x55,0x55,0x55,0x40,0x2c,0x00,0x11,0x80,0x10,0x02,0xc2,0xcb,0x0e,0x07,0x40,0x2c,0x38,
0xb0,0x78,0x2c,0x02,0xc7,0x4b,0x01,0x55,0xd0,0x2c,0xb0,0xb0,0x02,0x8e,0x02,0xce,0x07,0x95,0x78,0x60,0x2c,0x10,0x3f,0xff,
0x40,0x01,0x40,0x00,0x15,0x40,0x00,
/* U+5fbd */
0x00,0x50,0x08,0x00,0x50,0x00,0x1e,0x21,0xd2,0x4e,0x00,0x02,0xc7,0x5d,0x34,0xe0,0x00,0x74,0x75,0xd3,0x5d,0x00,0x1e,0x07,
0x9e,0x75,0xfa,0xa7,0x80,0x7f,0xff,0x6e,0xbe,0xe0,0x74,0x00,0x03,0xc2,0x84,0x0b,0x55,0x55,0x7c,0x28,0x01,0xdb,0xff,0xfb,
0xc3,0x80,0x3c,0x02,0x81,0xdc,0x34,0x0b,0x80,0xb4,0x18,0xd3,0x42,0xf8,0x2d,0x1d,0x0a,0x74,0xbb,0x8b,0xaf,0x40,0xa7,0x0a,
0x38,0x56,0xd5,0x07,0xa0,0x43,0x80,0xb0,0xb0,0x3d,0x00,0x38,0x7d,0xab,0x42,0xd0,0x03,0x8b,0xee,0x68,0x2d,0x00,0x38,0x00,
0xd1,0x07,0xf0,0x03,0x83,0x4d,0x70,0xf7,0x80,0x38,0xa0,0xd3,0xad,0x2d,0x03,0x9d,0x1d,0x2f,0x80,0xe0,0x38,0x4b,0xc0,0x60,
0x06,0x01,0x40,0x10,0x00,0x00,0x00,
/* U+5fc3 */
0x00,0x00,0x10,0x00,0x00,0x00,0x00,0x0b,0x40,0x00,0x00,0x00,0x00,0x3d,0x00,0x00,0x00,0x00,0x00,0xf4,0x00,0x00,0x00,0x00,
0x07,0xc0,0x00,0x00,0x00,0x60,0x1e,0x00,0x00,0x00,0x0b,0x00,0xb4,0x00,0x00,0x00,0xb0,0x01,0x02,0x40,0x07,0x4b,0x00,0x00,
0x78,0x00,0xb0,0xb0,0x00,0x02,0xc0,0x0f,0x0b,0x00,0x00,0x1d,0x00,0xe0,0xb0,0x00,0x00,0xf0,0x1d,0x0b,0x00,0x00,0x07,0x42,
0xd0,0xb0,0x00,0x00,0x38,0x3c,0x0b,0x00,0x01,0x82,0xc7,0x80,0xb0,0x00,0x1d,0x1d,0xb4,0x0b,0x00,0x02,0xc0,0xff,0x00,0xb0,
0x00,0x2c,0x09,0x60,0x0b,0x00,0x02,0xc0,0x00,0x00,0xb4,0x00,0xb8,0x00,0x00,0x07,0xff,0xff,0x40,0x00,0x00,0x1a,0xaa,0x90,
0x00,
/* U+5fd7 */
0x00,0x00,0x0a,0x00,0x00,0x00,0x00,0x00,0xf0,0x00,0x00,0x00,0x00,0x0f,0x00,0x00,0x02,0xaa,0xaa,0xfa,0xaa,0xa8,0x7f,0xff,
0xff,0xff,0xff,0xd0,0x00,0x00,0xf0,0x00,0x00,0x00,0x00,0x0f,0x00,0x00,0x00,0x00,0x00,0xf0,0x00,0x00,0x00,0x00,0x0f,0x00,
0x00,0x00,0xbf,0xff,0xff,0xff,0xe0,0x06,0xaa,0xaa,0xaa,0xa9,0x00,0x00,0x00,0x00,0x00,0x00,0x00,0x05,0x0a,0x00,0x00,0x00,
0x50,0xe0,0xb0,0x01,0xd0,0x0f,0x0e,0x07,0x80,0x1e,0x00,0xe0,0xe0,0x3c,0x00,0xb0,0x1d,0x0e,0x01,0xd0,0x97,0x82,0xc0,0xe0,
0x04,0x1d,0x2c,0x38,0x0e,0x00,0x01,0xd1,0xdb,0x40,0xf0,0x00,0x2c,0x0e,0x60,0x0b,0xea,0xaf,0x80,0x00,0x00,0x6f,0xff,0xe0,
0x00,
/* U+5fd9 */
0x01,0x80,0x00,0x04,0x00,0x00,0x2d,0x00,0x01,0xe0,0x00,0x02,0xd0,0x00,0x0f,0x00,0x00,0x2d,0x00,0x00,0xb4,0x00,0x02,0xd8,
0x00,0x07,0x80,0x02,0x6d,0xd7,0xff,0xff,0xff,0x76,0xde,0x6b,0xea,0xaa,0xa7,0x6d,0xb0,0x78,0x00,0x00,0x72,0xd7,0x07,0x80,
0x00,0x0b,0x2d,0x34,0x78,0x00,0x00,0xa2,0xd1,0x07,0x80,0x00,0x0a,0x2d,0x00,0x78,0x00,0x00,0x02,0xd0,0x07,0x80,0x00,0x00,
0x2d,0x00,0x78,0x00,0x00,0x02,0xd0,0x07,0x80,0x00,0x00,0x2d,0x00,0x78,0x00,0x00,0x02,0xd0,0x07,0x80,0x00,0x00,0x2d,0x00,
0x78,0x00,0x00,0x02,0xd0,0x07,0x80,0x00,0x00,0x2d,0x00,0x78,0x00,0x00,0x02,0xd0,0x07,0xff,0xff,0xd0,0x2d,0x00,0x2a,0xaa,
0xa9,0x01,0x40,0x00,0x00,0x00,0x00,
/* U+5fe0 */
0x00,0x00,0x05,0x00,0x00,0x00,0x00,0x00,0xf0,0x00,0x00,0x00,0x00,0x0f,0x00,0x00,0x00,0x2a,0xaa,0xfa,0xaa,0x80,0x07,0xea,
0xaf,0xaa,0xbc,0x00,0x74,0x00,0xf0,0x02,0xc0,0x07,0x40,0x0f,0x00,0x2c,0x00,0x74,0x00,0xf0,0x02,0xc0,0x07,0x40,0x0f,0x00,
0x2c,0x00,0x7f,0xff,0xff,0xff,0xc0,0x02,0xaa,0xaf,0xaa,0xa8,0x00,0x00,0x00,0xf0,0x00,0x00,0x00,0x00,0x0a,0x00,0x00,0x00,
0x00,0x00,0x00,0x00,0x00,0x05,0x0e,0x0e,0x00,0x1c,0x00,0xf0,0xe0,0x74,0x01,0xe0,0x1e,0x0e,0x03,0xc0,0x0b,0x02,0xd0,0xe0,
0x1d,0x1c,0x38,0x38,0x0e,0x00,0x42,0xc2,0xcb,0x40,0xe0,0x00,0x2c,0x1e,0xa0,0x0f,0xaa,0xaf,0x80,0x40,0x00,0x6f,0xff,0xa0,
0x00,
/* U+5ffb */
0x00,0x90,0x00,0x00,0x01,0x40,0x1e,0x00,0x00,0x1a,0xf8,0x01,0xe0,0x0a,0xff,0xf9,0x40,0x1e,0x00,0xfa,0x54,0x00,0x01,0xe5,
0x0e,0x00,0x00,0x02,0x5e,0xe0,0xe0,0x00,0x00,0x39,0xeb,0x0e,0x00,0x00,0x03,0x5e,0x74,0xe0,0x00,0x00,0x75,0xe3,0x8f,0xff,
0xff,0xe7,0x1e,0x2c,0xfa,0xaf,0xea,0xb1,0xe0,0x0e,0x00,0xb0,0x0a,0x1e,0x00,0xe0,0x0b,0x00,0x01,0xe0,0x1d,0x00,0xb0,0x00,
0x1e,0x01,0xd0,0x0b,0x00,0x01,0xe0,0x1d,0x00,0xb0,0x00,0x1e,0x02,0xc0,0x0b,0x00,0x01,0xe0,0x2c,0x00,0xb0,0x00,0x1e,0x07,
0x80,0x0b,0x00,0x01,0xe0,0xb4,0x00,0xb0,0x00,0x1e,0x1e,0x00,0x0b,0x00,0x01,0xe2,0xd0,0x00,0xb0,0x00,0x1e,0x28,0x00,0x0b,
0x00,0x00,0x50,0x00,0x00,0x50,0x00,
/* U+6000 */
0x01,0x90,0x00,0x00,0x00,0x00,0x1d,0x05,0x55,0x55,0x55,0x01,0xd0,0xff,0xff,0xff,0xd0,0x1d,0x05,0x55,0xb5,0x54,0x01,0xd4,
0x00,0x0e,0x00,0x03,0x5d,0xe0,0x01,0xe0,0x00,0x35,0xdb,0x00,0x3d,0x00,0x07,0x5d,0x74,0x07,0xd0,0x00,0x71,0xd3,0x80,0xfe,
0x90,0x0b,0x1d,0x2c,0x1e,0xef,0x40,0xe1,0xd0,0x07,0x9d,0x3c,0x09,0x1d,0x01,0xf1,0xd1,0xe0,0x01,0xd0,0x3d,0x1d,0x07,0x80,
0x1d,0x0f,0x41,0xd0,0x2d,0x01,0xd2,0xe0,0x1d,0x00,0xf0,0x1d,0x04,0x01,0xd0,0x04,0x01,0xd0,0x00,0x1d,0x00,0x00,0x1d,0x00,
0x01,0xd0,0x00,0x01,0xd0,0x00,0x1d,0x00,0x00,0x1d,0x00,0x01,0xd0,0x00,0x01,0xd0,0x00,0x1d,0x00,0x00,0x1d,0x00,0x01,0xd0,
0x00,0x00,0x40,0x00,0x04,0x00,0x00,
/* U+6012 */
0x00,0x64,0x00,0x00,0x00,0x00,0x0b,0x40,0x00,0x00,0x00,0x15,0xf5,0x52,0xff,0xff,0x47,0xff,0xff,0x1f,0xaa,0xb4,0x16,0xd5,
0xb0,0xb0,0x0b,0x00,0x38,0x0e,0x07,0x40,0xe0,0x0b,0x41,0xd0,0x2c,0x2d,0x00,0xf4,0x38,0x01,0xe7,0x80,0x07,0xeb,0x00,0x07,
0xe0,0x00,0x0b,0xf0,0x00,0xbe,0x40,0x01,0xfb,0xd0,0x7e,0xbe,0x41,0xf8,0x1b,0x6f,0x41,0xbd,0x7d,0x00,0x11,0x40,0x01,0x81,
0x00,0x00,0x50,0x00,0x00,0x01,0x45,0x0b,0x40,0x28,0x00,0x74,0x74,0x38,0x02,0xd0,0x0b,0x07,0x41,0xd0,0x0f,0x00,0xe0,0x74,
0x0a,0x18,0x74,0x2d,0x07,0x40,0x01,0xd3,0xc3,0xc0,0x74,0x00,0x2c,0x1e,0x74,0x07,0xea,0xab,0x80,0x40,0x00,0x2f,0xff,0xe4,
0x00,
/* U+601d */
0x01,0xaa,0xaa,0xaa,0xa4,0x00,0x2f,0xff,0xff,0xff,0x40,0x02,0xc0,0x0e,0x00,0x74,0x00,0x2c,0x00,0xe0,0x07,0x40,0x02,0xc0,
0x0e,0x00,0x74,0x00,0x2f,0xff,0xff,0xff,0x40,0x02,0xea,0xaf,0xaa,0xb4,0x00,0x2c,0x00,0xe0,0x07,0x40,0x02,0xc0,0x0e,0x00,
0x74,0x00,0x2d,0x55,0xe5,0x57,0x40,0x02,0xff,0xff,0xff,0xf4,0x00,0x15,0x55,0x55,0x55,0x40,0x00,0x00,0x05,0x00,0x00,0x00,
0x50,0x90,0xb0,0x03,0x80,0x0b,0x4e,0x07,0x80,0x2d,0x00,0xf0,0xe0,0x2d,0x00,0xf0,0x1d,0x0e,0x00,0xd1,0x97,0x42,0xc0,0xe0,
0x00,0x1d,0x3c,0x78,0x0e,0x00,0x02,0xd1,0xeb,0x00,0xba,0xaa,0xbc,0x09,0x10,0x06,0xff,0xfe,0x40,0x00,
/* U+6052 */
0x01,0x80,0x00,0x00,0x00,0x00,0x2c,0x06,0xaa,0xaa,0xa9,0x02,0xc0,0xbf,0xff,0xff,0xe0,0x2c,0x00,0x00,0x00,0x00,0x02,0xd4,
0x00,0x00,0x00,0x02,0x6d,0xc1,0x55,0x55,0x50,0x76,0xdd,0x2f,0xff,0xff,0x47,0x2c,0xa2,0xd5,0x55,0x74,0xb2,0xcb,0x2c,0x00,
0x07,0x4a,0x2c,0x76,0xc0,0x00,0x74,0xe2,0xc1,0x2d,0x55,0x57,0x4e,0x2c,0x02,0xff,0xff,0xf4,0x02,0xc0,0x2d,0x55,0x57,0x40,
0x2c,0x02,0xc0,0x00,0x74,0x02,0xc0,0x2c,0x00,0x07,0x40,0x2c,0x02,0xd0,0x00,0x74,0x02,0xc0,0x2f,0xff,0xff,0x40,0x2c,0x01,
0x55,0x55,0x54,0x02,0xc0,0x00,0x00,0x00,0x00,0x2c,0x00,0x00,0x00,0x00,0x02,0xc1,0xff,0xff,0xff,0xf0,0x2c,0x1a,0xaa,0xaa,
0xaa,0x01,0x80,0x00,0x00,0x00,0x00,
/* U+6069 */
0x02,0xaa,0xaa,0xaa,0xa8,0x00,0x3f,0xff,0xff,0xff,0xc0,0x03,0x80,0x05,0x00,0x2c,0x00,0x38,0x00,0xb0,0x02,0xc0,0x03,0x8a,
0xaf,0xaa,0x2c,0x00,0x38,0xaa,0xfa,0xa2,0xc0,0x03,0x80,0x1e,0x00,0x2c,0x00,0x38,0x07,0xf9,0x02,0xc0,0x03,0x82,0xf1,0xf8,
0x2c,0x00,0x38,0xf8,0x01,0xf2,0xc0,0x03,0x85,0x00,0x01,0x2c,0x00,0x3e,0xaa,0xaa,0xab,0xc0,0x03,0xff,0xff,0xff,0xfc,0x00,
0x00,0x00,0x00,0x00,0x00,0x06,0x1d,0x0e,0x00,0x28,0x00,0xf1,0xd0,0xb4,0x02,0xd0,0x1d,0x1d,0x03,0xc1,0x4b,0x42,0xc1,0xd0,
0x18,0x2c,0x3c,0x78,0x1d,0x00,0x03,0x81,0xeb,0x00,0xfa,0xaa,0xf8,0x09,0x00,0x07,0xff,0xfe,0x00,0x00,
/* U+606d */
0x00,0x09,0x00,0x09,0x00,0x00,0x00,0xe0,0x00,0xe0,0x00,0x00,0x0e,0x00,0x0e,0x00,0x01,0xff,0xff,0xff,0xff,0xf4,0x1a,0xaf,
0xaa,0xae,0xaa,0x00,0x00,0xe0,0x00,0xe0,0x00,0x00,0x0e,0x00,0x0e,0x00,0x01,0x55,0xf5,0x56,0xe5,0x54,0x7f,0xff,0xff,0xff,
0xff,0xd1,0x55,0xf5,0x55,0xe5,0x54,0x00,0x2d,0x00,0x07,0x80,0x00,0x1f,0x41,0x00,0x1f,0x40,0x1b,0x90,0x74,0x00,0x7f,0x4b,
0xd0,0x07,0x40,0x00,0xbf,0x60,0x00,0x74,0x50,0xe0,0x60,0x0e,0x07,0x4b,0x0b,0x00,0x01,0xe0,0x74,0x74,0x38,0x00,0x3c,0x07,
0x43,0x82,0xc0,0x0b,0x80,0x74,0x2c,0x1e,0x00,0xf0,0x07,0x41,0xe0,0xb0,0x05,0x05,0xb4,0x0e,0x06,0x00,0x00,0xff,0x00,0x00,
0x00,0x00,0x05,0x40,0x00,0x00,0x00,
/* U+606f */
0x00,0x00,0x18,0x00,0x00,0x00,0x00,0x03,0xc0,0x00,0x00,0x01,0xff,0xff,0xff,0xf8,0x00,0x1e,0xaa,0xaa,0xab,0x80,0x01,0xd0,
0x00,0x00,0x38,0x00,0x1e,0x55,0x55,0x57,0x80,0x01,0xff,0xff,0xff,0xf8,0x00,0x1d,0x00,0x00,0x03,0x80,0x01,0xd0,0x00,0x00,
0x38,0x00,0x1f,0xff,0xff,0xff,0x80,0x01,0xe5,0x55,0x55,0x78,0x00,0x1d,0x00,0x00,0x03,0x80,0x01,0xea,0xaa,0xaa,0xb8,0x00,
0x1f,0xff,0xff,0xff,0x80,0x00,0x00,0x04,0x00,0x00,0x00,0x50,0x91,0xe0,0x01,0x80,0x0e,0x1d,0x07,0x80,0x1e,0x01,0xd1,0xd0,
0x2d,0x14,0xb4,0x2c,0x1d,0x00,0x82,0xc3,0xc7,0x81,0xd0,0x00,0x38,0x1e,0xb4,0x0f,0xaa,0xaf,0x40,0xa1,0x00,0xbf,0xff,0xe0,
0x00,
/* U+6070 */
0x01,0x80,0x00,0x15,0x00,0x00,0x2c,0x00,0x03,0xe0,0x00,0x02,0xc0,0x00,0xbb,0x40,0x00,0x2d,0x40,0x0e,0x2c,0x00,0x02,0xec,
0x02,0xc0,0xe0,0x07,0x2d,0xd0,0xb4,0x07,0x80,0x72,0xca,0x2e,0x00,0x2e,0x0b,0x2c,0x7b,0x80,0x00,0xb8,0xa2,0xc3,0xeb,0xff,
0xfa,0xea,0x2c,0x78,0xaa,0xaa,0x4a,0xd2,0xc1,0x00,0x00,0x00,0x09,0x2c,0x00,0x00,0x00,0x00,0x02,0xc0,0x15,0x55,0x55,0x00,
0x2c,0x02,0xff,0xff,0xe0,0x02,0xc0,0x2d,0x55,0x5e,0x00,0x2c,0x02,0xc0,0x00,0xe0,0x02,0xc0,0x2c,0x00,0x0e,0x00,0x2c,0x02,
0xc0,0x00,0xe0,0x02,0xc0,0x2c,0x00,0x0e,0x00,0x2c,0x02,0xea,0xaa,0xe0,0x02,0xc0,0x2f,0xff,0xfe,0x00,0x2c,0x02,0xc0,0x00,
0xe0,0x01,0x40,0x14,0x00,0x05,0x00,
/* U+609f */
0x01,0x80,0x00,0x00,0x00,0x00,0x2c,0x06,0xaa,0xaa,0xa8,0x02,0xc0,0xbf,0xff,0xff,0xc0,0x2c,0x00,0x07,0x40,0x00,0x02,0xc4,
0x00,0xb4,0x00,0x03,0x6d,0xc1,0x5b,0x55,0x50,0x72,0xcd,0x3f,0xff,0xfe,0x07,0x2c,0xa1,0x5e,0x55,0xe0,0x72,0xc7,0x01,0xd0,
0x0e,0x0a,0x2c,0x00,0x2c,0x00,0xe0,0xe2,0xc1,0xab,0xea,0xaf,0xa9,0x2c,0x1f,0xff,0xff,0xff,0x02,0xc0,0x00,0x00,0x00,0x00,
0x2c,0x00,0x00,0x00,0x00,0x02,0xc0,0x2f,0xff,0xff,0x40,0x2c,0x02,0xea,0xaa,0xf4,0x02,0xc0,0x2c,0x00,0x07,0x40,0x2c,0x02,
0xc0,0x00,0x74,0x02,0xc0,0x2c,0x00,0x07,0x40,0x2c,0x02,0xd5,0x55,0xb4,0x02,0xc0,0x2f,0xff,0xff,0x40,0x2c,0x02,0xd5,0x55,
0xb4,0x01,0x40,0x14,0x00,0x05,0x00,
/* U+60e0 */
0x00,0x00,0x0a,0x00,0x00,0x00,0x00,0x00,0xf0,0x00,0x00,0xbf,0xff,0xff,0xff,0xff,0xe5,0x55,0x55,0xf5,0x55,0x55,0x01,0x55,
0x5f,0x55,0x54,0x00,0x7f,0xff,0xff,0xff,0xd0,0x07,0x40,0x0f,0x00,0x1d,0x00,0x75,0x55,0xf5,0x55,0xd0,0x07,0xff,0xff,0xff,
0xfd,0x00,0x74,0x00,0xf0,0x01,0xd0,0x07,0xaa,0xaf,0xaa,0xad,0x00,0x6a,0xaa,0xfa,0xab,0xd0,0x00,0x00,0x0f,0x00,0x2d,0x02,
0xaa,0xaa,0xfa,0xff,0xf4,0x3f,0xfe,0xaa,0xa9,0x56,0xd0,0x00,0x40,0x50,0x00,0x48,0x0a,0x0e,0x0f,0x40,0x2c,0x00,0xe0,0xe0,
0x3d,0x01,0xf0,0x1c,0x0e,0x01,0xd2,0xc7,0x83,0x80,0xe0,0x00,0x38,0x2d,0xb0,0x0f,0xaa,0xab,0x80,0x91,0x00,0x7f,0xff,0xe0,
0x00,
/* U+60f3 */
0x00,0x50,0x00,0x00,0x00,0x00,0x0b,0x00,0x2a,0xaa,0xa0,0x00,0xb0,0x03,0xff,0xff,0x06,0xaf,0xa9,0x38,0x00,0xb0,0xbf,0xff,
0xd3,0x80,0x0b,0x00,0x0f,0x00,0x3f,0xff,0xf0,0x02,0xf8,0x03,0x95,0x5b,0x00,0x7b,0xe0,0x38,0x00,0xb0,0x0d,0xb7,0xd3,0xea,
0xaf,0x02,0x8b,0x0e,0x3e,0xaa,0xf0,0xb0,0xb0,0x03,0x80,0x0b,0x0d,0x0b,0x00,0x39,0x55,0xb0,0x00,0xb0,0x03,0xff,0xff,0x00,
0x06,0x00,0x15,0x55,0x50,0x00,0x05,0x09,0x00,0x04,0x00,0xa0,0xe1,0xf0,0x02,0xd0,0x0f,0x0e,0x07,0x80,0x1f,0x01,0xe0,0xe0,
0x2d,0x18,0x78,0x2c,0x0e,0x00,0x02,0xc2,0xd7,0x80,0xe0,0x00,0x2c,0x1e,0xb0,0x0b,0xea,0xaf,0x80,0x40,0x00,0x6f,0xff,0xa0,
0x00,
/* U+611f */
0x00,0x00,0x00,0x18,0x14,0x00,0x00,0x00,0x01,0xd2,0xc0,0x05,0x55,0x55,0x6e,0x6e,0x40,0xff,0xff,0xff,0xff,0xfc,0x0f,0x00,
0x00,0x1d,0x00,0x00,0xe0,0x00,0x01,0xd0,0x40,0x0e,0x3f,0xff,0x8e,0x0e,0x00,0xe1,0x55,0x54,0xe1,0xd0,0x0e,0x00,0x00,0x0b,
0x2c,0x01,0xd1,0xff,0xf4,0x77,0x80,0x1d,0x1d,0x5b,0x43,0xf0,0x42,0xc1,0xd0,0x74,0x2d,0x0a,0x78,0x1e,0x5b,0x4b,0xe0,0xeb,
0x41,0xff,0xf6,0xeb,0xac,0x60,0x00,0x00,0x28,0x1f,0x40,0x10,0xa0,0xe0,0x00,0x00,0x0b,0x4f,0x0b,0x40,0x1d,0x00,0xe0,0xf0,
0x2d,0x11,0xf0,0x1d,0x0f,0x00,0x82,0xc7,0x83,0xc0,0xf0,0x00,0x3c,0x2e,0xb4,0x0b,0xaa,0xaf,0x80,0x91,0x00,0x6f,0xff,0xe0,
0x00,
/* U+6148 */
0x00,0x28,0x00,0x06,0x40,0x00,0x01,0xd0,0x00,0xb4,0x00,0x00,0x0f,0x00,0x1e,0x00,0x07,0xff,0xff,0xff,0xff,0xfd,0x2a,0xfa,
0xaa,0xaf,0xaa,0x80,0x0f,0x00,0x01,0xe0,0x00,0x02,0xd0,0xa0,0x2c,0x09,0x00,0x78,0x2d,0x07,0x42,0xd0,0x1f,0xbf,0x82,0xfb,
0xf4,0x01,0xaa,0xe0,0x2e,0xbe,0x00,0x00,0x78,0x90,0x07,0x8e,0x00,0x1e,0x0a,0x01,0xe0,0xb0,0x0b,0x96,0xf4,0xb9,0xbf,0x42,
0xff,0xa7,0x9f,0xe9,0x68,0x15,0x00,0x14,0x40,0x01,0x80,0x00,0x50,0x60,0x01,0x40,0x07,0x47,0x47,0x40,0x2d,0x00,0xb0,0x74,
0x2d,0x14,0xf0,0x1e,0x07,0x40,0xd2,0xc7,0x82,0xd0,0x74,0x00,0x2c,0x2d,0x78,0x07,0xea,0xab,0x80,0x91,0x00,0x2f,0xff,0xe4,
0x00,
/* U+6208 */
0x00,0x00,0x50,0x00,0x00,0x00,0x00,0x74,0x0e,0x00,0x00,0x00,0x1d,0x01,0xf0,0x00,0x00,0x07,0x80,0x1f,0x00,0x00,0x01,0xe0,
0x01,0x40,0x00,0x00,0x38,0x00,0x56,0x80,0x00,0x1e,0xab,0xff,0xf1,0xab,0xff,0xff,0xa9,0x50,0xff,0xa9,0xf0,0x00,0x00,0x10,
0x00,0x2c,0x00,0x08,0x00,0x00,0x0b,0x00,0x0f,0x40,0x00,0x01,0xd0,0x0b,0x40,0x00,0x00,0x78,0x0b,0x40,0x00,0x00,0x0f,0x1f,
0x80,0x00,0x00,0x02,0xef,0x40,0x00,0x00,0x00,0x7f,0x40,0x00,0x00,0x00,0xbf,0x40,0x01,0x00,0x02,0xf9,0xf0,0x01,0xd0,0x1b,
0xe4,0x1e,0x00,0xb1,0xbf,0x90,0x02,0xe4,0x3c,0x79,0x00,0x00,0x2f,0xad,0x00,0x00,0x00,0x01,0xfe,0x00,
/* U+6210 */
0x00,0x00,0x00,0x60,0x50,0x00,0x00,0x00,0x0b,0x0f,0x40,0x00,0x00,0x00,0xb0,0x3d,0x00,0x00,0x00,0x0b,0x00,0x90,0x07,0xff,
0xff,0xff,0xff,0xe0,0xba,0xaa,0xaf,0xaa,0xa9,0x0b,0x40,0x00,0x74,0x00,0x00,0xb4,0x00,0x07,0x40,0x00,0x0b,0x40,0x00,0x74,
0x0b,0x00,0xb5,0x55,0x07,0x80,0xe0,0x0b,0xff,0xf0,0x38,0x1d,0x00,0xb5,0x5b,0x02,0xc3,0xc0,0x0b,0x40,0xb0,0x2c,0x78,0x00,
0xb0,0x0b,0x01,0xdf,0x00,0x0b,0x00,0xb0,0x0f,0xd0,0x00,0xe0,0x0b,0x00,0xbc,0x00,0x0e,0x00,0xe0,0x0f,0x40,0x41,0xd1,0x6e,
0x03,0xfc,0x0b,0x2c,0x3f,0x80,0xf9,0xe0,0xe3,0x80,0x00,0x7d,0x0b,0x5e,0xb4,0x00,0x6f,0x40,0x3f,0xda,0x00,0x07,0x80,0x00,
0xb8,
/* U+6216 */
0x00,0x00,0x00,0x60,0x00,0x00,0x00,0x00,0x0b,0x07,0x40,0x00,0x00,0x00,0xb0,0x3c,0x06,0xaa,0xaa,0xab,0xaa,0xe9,0xbf,0xff,
0xff,0xff,0xff,0xe0,0x00,0x00,0x0b,0x40,0x00,0x00,0x00,0x00,0xb4,0x00,0x00,0x55,0x55,0x07,0x40,0x50,0x1f,0xff,0xf4,0x74,
0x0b,0x01,0xd5,0x5b,0x47,0x40,0xe0,0x1d,0x00,0x74,0x74,0x2d,0x01,0xd0,0x07,0x43,0x83,0xc0,0x1d,0x00,0x74,0x38,0x74,0x01,
0xea,0xab,0x42,0xcf,0x00,0x1f,0xff,0xf4,0x2e,0xd0,0x00,0x00,0x00,0x01,0xfc,0x00,0x00,0x00,0x18,0x0f,0x40,0x40,0x05,0xbf,
0xc2,0xf4,0x0a,0x6f,0xfe,0x94,0x7f,0x80,0xe7,0xe5,0x00,0x2f,0x2e,0x1d,0x00,0x00,0x0b,0xc0,0xbb,0xc0,0x00,0x01,0xe0,0x02,
0xf4,0x00,0x00,0x04,0x00,0x01,0x00,
/* U+6234 */
0x00,0x06,0x00,0x09,0x10,0x00,0x00,0xb0,0x00,0xd3,0x80,0x1f,0xff,0xff,0x4d,0x1e,0x00,0x55,0xb5,0x50,0xe0,0x74,0x00,0x0b,
0x00,0x0e,0x00,0x0b,0xff,0xff,0xff,0xff,0xfe,0x55,0x55,0x55,0x5e,0x55,0x50,0xaa,0xaa,0xa0,0xe0,0x00,0x1e,0xaf,0xab,0x0e,
0x06,0x01,0xd0,0xa0,0x70,0xb0,0xb0,0x1f,0xff,0xff,0x0b,0x0a,0x01,0xd0,0xa0,0x70,0xb0,0xe0,0x1f,0xff,0xff,0x07,0x5d,0x00,
0x5a,0x5a,0x50,0x76,0xc0,0x15,0xe5,0xe5,0x43,0xb8,0x02,0xff,0xff,0xf4,0x2f,0x40,0x00,0xa0,0xa0,0x01,0xf0,0x02,0xaf,0xaf,
0xa8,0x1e,0x07,0x2a,0xaa,0xaa,0x83,0xf0,0xb0,0x19,0x0a,0x00,0xb7,0x8e,0x1b,0x80,0x7d,0x3d,0x1e,0xd3,0x90,0x00,0xb6,0x40,
0xb8,
/* U+623f */
0x00,0x00,0x0a,0x00,0x00,0x00,0x00,0x00,0xb4,0x00,0x00,0x06,0xaa,0xaf,0xea,0xaa,0x00,0x7f,0xff,0xff,0xff,0xf4,0x07,0x40,
0x00,0x00,0x07,0x40,0x74,0x00,0x00,0x00,0x74,0x07,0x40,0x00,0x00,0x0b,0x40,0x7f,0xff,0xff,0xff,0xf4,0x07,0x95,0x55,0x55,
0x55,0x00,0x74,0x00,0x19,0x00,0x00,0x07,0x40,0x00,0xf0,0x00,0x00,0xb5,0xaa,0xaf,0xaa,0xa9,0x0b,0x1f,0xff,0xff,0xff,0xe0,
0xb0,0x03,0xc0,0x00,0x00,0x0e,0x00,0x38,0x00,0x00,0x00,0xe0,0x07,0xea,0xaa,0xa0,0x0e,0x00,0xba,0xaa,0xae,0x02,0xd0,0x0e,
0x00,0x00,0xe0,0x3c,0x03,0xc0,0x00,0x0e,0x07,0x40,0xb8,0x00,0x01,0xd0,0xb0,0x7e,0x00,0x15,0x7d,0x0a,0x0b,0x40,0x02,0xff,
0x80,0x00,0x00,0x00,0x05,0x40,0x00,
/* U+624b */
0x00,0x00,0x00,0x00,0x04,0x00,0x00,0x00,0x05,0xaf,0xe0,0x0a,0xab,0xff,0xff,0xa4,0x00,0xaa,0xaa,0xb9,0x00,0x00,0x00,0x00,
0x07,0x40,0x00,0x00,0x00,0x00,0x74,0x00,0x00,0x00,0x00,0x07,0x40,0x00,0x00,0x6a,0xaa,0xba,0xaa,0xa0,0x0b,0xff,0xff,0xff,
0xff,0x00,0x00,0x00,0xb4,0x00,0x00,0x00,0x00,0x07,0x40,0x00,0x00,0x00,0x00,0x74,0x00,0x00,0x00,0x00,0x07,0x40,0x00,0x0b,
0xff,0xff,0xff,0xff,0xfe,0xaa,0xaa,0xaf,0xaa,0xaa,0xa0,0x00,0x00,0x74,0x00,0x00,0x00,0x00,0x07,0x40,0x00,0x00,0x00,0x00,
0x74,0x00,0x00,0x00,0x00,0x07,0x40,0x00,0x00,0x00,0x00,0x74,0x00,0x00,0x00,0x05,0x5f,0x00,0x00,0x00,0x00,0xbf,0xe0,0x00,
0x00,0x00,0x01,0x50,0x00,0x00,0x00,
/* U+624e */
0x00,0x24,0x00,0x90,0x00,0x00,0x03,0x80,0x1e,0x00,0x00,0x00,0x38,0x01,0xe0,0x00,0x00,0x03,0x80,0x1e,0x00,0x00,0x15,0x79,
0x51,0xe0,0x00,0x07,0xff,0xff,0x1e,0x00,0x00,0x55,0xbd,0x51,0xe0,0x00,0x00,0x03,0x80,0x1e,0x00,0x00,0x00,0x38,0x01,0xe0,
0x00,0x00,0x03,0x80,0x1e,0x00,0x00,0x00,0x38,0x11,0xe0,0x00,0x00,0x03,0xaf,0x5e,0x00,0x00,0x05,0xbf,0x91,0xe0,0x00,0x0b,
0xff,0x80,0x1e,0x00,0x00,0x69,0x38,0x01,0xe0,0x00,0x00,0x03,0x80,0x1e,0x00,0x0e,0x00,0x38,0x01,0xe0,0x00,0xe0,0x03,0x80,
0x1e,0x00,0x0e,0x00,0x38,0x01,0xe0,0x01,0xd0,0x03,0x80,0x0e,0x00,0x2d,0x15,0xb8,0x00,0xfa,0xab,0xc2,0xff,0x00,0x06,0xff,
0xe4,0x05,0x00,0x00,0x00,0x00,0x00,
/* U+6258 */
0x01,0x80,0x00,0x00,0x00,0x00,0x1d,0x00,0x00,0x06,0xf0,0x01,0xd0,0x01,0x5b,0xf9,0x00,0x1d,0x07,0xff,0xe4,0x00,0x01,0xd0,
0x2a,0xb4,0x00,0x0b,0xff,0xe0,0x07,0x40,0x00,0xaa,0xe9,0x00,0x74,0x00,0x00,0x1d,0x00,0x07,0x40,0x00,0x01,0xd0,0x00,0x74,
0x00,0x00,0x1d,0x00,0x07,0x40,0x59,0x01,0xd1,0x05,0xbb,0xff,0xe0,0x1e,0xe7,0xff,0xfa,0x50,0x1b,0xf9,0x69,0xb4,0x00,0x0f,
0xfd,0x00,0x07,0x40,0x00,0x51,0xd0,0x00,0x74,0x00,0x00,0x1d,0x00,0x07,0x40,0x00,0x01,0xd0,0x00,0x74,0x00,0xa0,0x1d,0x00,
0x07,0x40,0x0b,0x01,0xd0,0x00,0x74,0x00,0xe0,0x1d,0x00,0x07,0x40,0x1e,0x57,0xd0,0x00,0x7e,0xab,0xd7,0xf8,0x00,0x01,0xbf,
0xe4,0x14,0x00,0x00,0x00,0x00,0x00,
/* U+626b */
0x01,0x90,0x00,0x00,0x00,0x00,0x74,0x00,0x00,0x00,0x00,0x1d,0x02,0xaa,0xaa,0xa8,0x07,0x40,0xff,0xff,0xff,0x16,0xd5,0x00,
0x00,0x03,0xef,0xff,0xc0,0x00,0x00,0xf5,0x6e,0x50,0x00,0x00,0x3c,0x07,0x40,0x00,0x00,0x0f,0x01,0xd0,0x00,0x00,0x03,0xc0,
0x74,0x00,0x00,0x00,0xf0,0x1d,0x21,0xaa,0xaa,0xbc,0x07,0xbd,0x7f,0xff,0xff,0x1b,0xf8,0x00,0x00,0x03,0xff,0xf4,0x00,0x00,
0x00,0xf5,0x1d,0x00,0x00,0x00,0x3c,0x07,0x40,0x00,0x00,0x0f,0x01,0xd0,0x00,0x00,0x03,0xc0,0x74,0x00,0x00,0x00,0xf0,0x1d,
0x05,0x55,0x55,0x7c,0x07,0x42,0xff,0xff,0xff,0x27,0xd0,0x55,0x55,0x57,0xcf,0xe0,0x00,0x00,0x00,0xa0,
/* U+626c */
0x01,0x80,0x00,0x00,0x00,0x00,0xb0,0x0a,0xaa,0xaa,0x40,0x2c,0x03,0xff,0xff,0xd0,0x0b,0x00,0x00,0x02,0xd0,0x16,0xd4,0x00,
0x07,0xd0,0x2f,0xff,0x80,0x0b,0x80,0x05,0x6e,0x50,0x1f,0x80,0x00,0x0b,0x00,0x2f,0x40,0x00,0x02,0xc0,0x3f,0x55,0x55,0x40,
0xb0,0x1f,0xff,0xff,0xf0,0x2c,0x60,0x1e,0x1e,0x2c,0x0b,0xf8,0x07,0x47,0x4b,0x1b,0xe4,0x03,0x82,0xc2,0xff,0xf0,0x02,0xc0,
0xe0,0xb9,0x2c,0x02,0xd0,0x74,0x2c,0x0b,0x03,0xd0,0x3c,0x0b,0x02,0xc3,0xd0,0x2d,0x03,0x80,0xb0,0x50,0x2e,0x00,0xe0,0x2c,
0x00,0x2e,0x00,0x38,0x0b,0x00,0x7e,0x00,0x1d,0x57,0xc0,0x3d,0x06,0xaf,0x1f,0xd0,0x05,0x02,0xfe,0x40,
/* U+6276 */
0x01,0x80,0x00,0x09,0x00,0x00,0x2c,0x00,0x01,0xe0,0x00,0x02,0xc0,0x00,0x1e,0x00,0x00,0x2c,0x00,0x01,0xe0,0x00,0x16,0xd4,
0x2a,0xaf,0xaa,0x4f,0xff,0xe2,0xff,0xff,0xf8,0x57,0xd5,0x00,0x1e,0x00,0x00,0x2c,0x00,0x01,0xe0,0x00,0x02,0xc0,0x00,0x1e,
0x00,0x00,0x2c,0x00,0x01,0xe0,0x00,0x02,0xca,0x15,0x5e,0x55,0x40,0x2f,0xdb,0xff,0xff,0xfe,0x1b,0xe0,0x55,0x6f,0x95,0x5f,
0xfc,0x00,0x03,0xf8,0x00,0x92,0xc0,0x00,0x76,0xc0,0x00,0x2c,0x00,0x0b,0x1e,0x00,0x02,0xc0,0x01,0xd0,0xb0,0x00,0x2c,0x00,
0x3c,0x03,0x80,0x02,0xc0,0x0b,0x40,0x2e,0x00,0x2c,0x02,0xd0,0x00,0xb8,0x5b,0xc0,0xb4,0x00,0x02,0xe7,0xf4,0x1d,0x00,0x00,
0x0a,0x14,0x00,0x00,0x00,0x00,0x00,
/* U+627e */
0x01,0x80,0x01,0x80,0x40,0x00,0x2d,0x00,0x2c,0x2d,0x00,0x02,0xd0,0x02,0xc0,0xf4,0x00,0x2d,0x00,0x2c,0x07,0x80,0x16,0xd5,
0x02,0xd0,0x00,0x0b,0xff,0xf0,0x2d,0x01,0x64,0x56,0xe5,0x02,0xeb,0xff,0x80,0x2d,0x06,0xff,0xe9,0x40,0x02,0xd0,0xba,0xe0,
0x00,0x00,0x2d,0x00,0x0e,0x00,0x60,0x02,0xd6,0x00,0xe0,0x0e,0x00,0x2f,0xf0,0x0b,0x02,0xd0,0x1b,0xf4,0x00,0xb0,0x78,0x0f,
0xfd,0x00,0x07,0x5f,0x00,0xa2,0xd0,0x00,0x3b,0xc0,0x00,0x2d,0x00,0x02,0xf0,0x00,0x02,0xd0,0x00,0xbd,0x00,0x90,0x2d,0x00,
0x7e,0xe0,0x0e,0x02,0xd0,0xbe,0x47,0x41,0xd0,0x2d,0x0a,0x40,0x3d,0x2c,0x17,0xc0,0x00,0x00,0xff,0x43,0xf8,0x00,0x00,0x02,
0xe0,0x14,0x00,0x00,0x00,0x00,0x00,
/* U+627f */
0x00,0xaa,0xaa,0xaa,0xa0,0x00,0x0f,0xff,0xff,0xff,0x00,0x00,0x00,0x00,0x0b,0x80,0x00,0x00,0x00,0x1b,0x90,0x00,0x00,0x00,
0x07,0xd0,0x00,0x00,0x00,0x00,0xb0,0x0a,0x04,0xbf,0xf1,0x5b,0x54,0xb0,0xe6,0xaf,0x3f,0xff,0xcb,0x2d,0x00,0xa1,0x5b,0x54,
0xbb,0x40,0x0e,0x00,0xb0,0x07,0xe0,0x00,0xe1,0x5b,0x95,0x78,0x00,0x1d,0x7f,0xff,0xe3,0x80,0x02,0xc0,0x0b,0x40,0x2c,0x00,
0x38,0x00,0xb0,0x02,0xd0,0x07,0x8a,0xaf,0xaa,0x4e,0x00,0xb1,0xff,0xff,0xf8,0xb0,0x1e,0x00,0x0b,0x40,0x07,0x87,0xc0,0x00,
0xb0,0x00,0x2d,0xf4,0x00,0x0b,0x00,0x01,0xe5,0x00,0x15,0xb0,0x00,0x09,0x00,0x02,0xfe,0x00,0x00,0x00,0x00,0x15,0x40,0x00,
0x00,
/* U+629a */
0x01,0x90,0x00,0x00,0x00,0x00,0x1d,0x01,0x55,0x55,0x54,0x01,0xd0,0x3f,0xff,0xff,0x80,0x1d,0x01,0x56,0xd5,0x54,0x01,0xd0,
0x00,0x2c,0x00,0x07,0xff,0xf0,0x02,0xc0,0x00,0x6b,0xea,0x00,0x2c,0x00,0x00,0x1d,0x00,0x02,0xc0,0x00,0x01,0xd0,0x00,0x3c,
0x00,0x00,0x1d,0x0b,0xff,0xff,0xfd,0x01,0xd6,0x6a,0xba,0xea,0x90,0x1f,0xe0,0x07,0x5d,0x00,0x1b,0xe4,0x00,0xb5,0xd0,0x0b,
0xfd,0x00,0x0f,0x1d,0x00,0x51,0xd0,0x00,0xe1,0xd0,0x00,0x1d,0x00,0x2d,0x1d,0x00,0x01,0xd0,0x07,0x81,0xd0,0x50,0x1d,0x00,
0xb4,0x1d,0x0b,0x01,0xd0,0x1e,0x01,0xd0,0xb0,0x1d,0x07,0xc0,0x1d,0x0e,0x16,0xd1,0xf0,0x00,0xfa,0xe3,0xf8,0x2c,0x00,0x0b,
0xf8,0x14,0x00,0x00,0x00,0x00,0x00,
/* U+62c9 */
0x01,0x90,0x00,0x14,0x00,0x00,0x1d,0x00,0x02,0xc0,0x00,0x01,0xd0,0x00,0x1d,0x00,0x00,0x1d,0x00,0x00,0xe0,0x00,0x16,0xd5,
0x6a,0xaf,0xaa,0x9b,0xff,0xf7,0xff,0xff,0xfd,0x56,0xe5,0x00,0x00,0x00,0x00,0x1d,0x00,0x00,0x00,0x50,0x01,0xd0,0x0e,0x00,
0x0f,0x00,0x1d,0x00,0xf0,0x00,0xe0,0x01,0xd6,0x0b,0x00,0x1d,0x00,0x1f,0xf0,0x74,0x01,0xd0,0x1b,0xf4,0x07,0x80,0x2c,0x0f,
0xfd,0x00,0x38,0x03,0xc0,0x91,0xd0,0x03,0xc0,0x38,0x00,0x1d,0x00,0x2c,0x07,0x40,0x01,0xd0,0x02,0xd0,0xb0,0x00,0x1d,0x00,
0x1d,0x0e,0x00,0x01,0xd0,0x00,0x41,0xe0,0x00,0x1d,0x05,0x55,0x6e,0x55,0x16,0xd0,0xff,0xff,0xff,0xf3,0xf8,0x05,0x55,0x55,
0x55,0x14,0x00,0x00,0x00,0x00,0x00,
/* U+62d0 */
0x01,0x80,0x00,0x00,0x00,0x00,0xb0,0x02,0xaa,0xaa,0x90,0x2c,0x00,0xff,0xff,0xf4,0x0b,0x00,0x38,0x00,0x1d,0x16,0xd4,0x0e,
0x00,0x07,0x6f,0xff,0x83,0x80,0x01,0xd5,0x6e,0x50,0xe0,0x00,0x74,0x0b,0x00,0x3e,0xaa,0xad,0x02,0xc0,0x0f,0xff,0xff,0x40,
0xb0,0x00,0x0b,0x00,0x00,0x2c,0x60,0x02,0xc0,0x00,0x0b,0xbc,0x55,0xf5,0x55,0x1b,0xf4,0x7f,0xff,0xff,0xff,0xf0,0x05,0x5e,
0x55,0xb9,0x2c,0x00,0x0b,0x40,0x2c,0x0b,0x00,0x03,0xc0,0x0b,0x02,0xc0,0x01,0xe0,0x02,0xc0,0xb0,0x00,0xf0,0x00,0xb0,0x2c,
0x00,0xb4,0x00,0x2c,0x0b,0x01,0xb8,0x00,0x0e,0x57,0xc1,0xf8,0x06,0xaf,0x5f,0xd0,0xb4,0x01,0xfe,0x40,
/* U+62d6 */
0x01,0x40,0x02,0x40,0x00,0x00,0x2c,0x00,0x74,0x00,0x00,0x02,0xc0,0x0b,0x00,0x00,0x00,0x2c,0x01,0xff,0xff,0xfd,0x02,0xc0,
0x2e,0xaa,0xaa,0x9b,0xff,0xd7,0x80,0x00,0x00,0x6b,0xe9,0xf0,0x0a,0x00,0x00,0x2c,0x2d,0x50,0xa0,0x04,0x02,0xc2,0x8e,0x0a,
0x1b,0x40,0x2c,0x00,0xe0,0xff,0xb4,0x02,0xc5,0x0e,0xbf,0x43,0x40,0x2e,0xd6,0xf9,0xe0,0x34,0x1b,0xf8,0xee,0x0a,0x03,0x4f,
0xfc,0x00,0xe0,0xa0,0x74,0xa6,0xc0,0x0e,0x0a,0x0b,0x40,0x2c,0x00,0xe0,0xa7,0xe0,0x02,0xc0,0x0e,0x0a,0x14,0x00,0x2c,0x00,
0xe0,0xa0,0x0e,0x02,0xc0,0x0e,0x00,0x00,0xe0,0x2c,0x00,0xe0,0x00,0x1d,0x57,0x80,0x0b,0xaa,0xab,0xc7,0xf4,0x00,0x6f,0xff,
0xe4,0x14,0x00,0x00,0x00,0x00,0x00,
/* U+62db */
0x01,0x80,0x00,0x00,0x00,0x00,0xb0,0x0a,0xaa,0xaa,0xa0,0x2c,0x03,0xff,0xff,0xfc,0x0b,0x00,0x00,0xe0,0x0b,0x16,0xd5,0x00,
0x74,0x02,0xef,0xff,0xc0,0x2c,0x00,0xb5,0x6e,0x50,0x0e,0x00,0x38,0x0b,0x00,0x0b,0x40,0x0e,0x02,0xc0,0x0b,0x80,0x07,0x80,
0xb0,0x0b,0x80,0x6b,0xd0,0x2c,0xa7,0x80,0x1f,0x90,0x0b,0xf8,0x40,0x00,0x00,0x6b,0xe4,0x1a,0xaa,0xaa,0x7f,0xf0,0x07,0xff,
0xff,0xe9,0x2c,0x01,0xd0,0x00,0x38,0x0b,0x00,0x74,0x00,0x0e,0x02,0xc0,0x1d,0x00,0x03,0x80,0xb0,0x07,0x40,0x00,0xe0,0x2c,
0x01,0xd0,0x00,0x38,0x0b,0x00,0x75,0x55,0x5e,0x5b,0xc0,0x1f,0xff,0xff,0x9f,0xd0,0x07,0x95,0x55,0xe0,0x00,0x01,0x40,0x00,
0x14,
/* U+62dc */
0x00,0x5b,0xe6,0xaa,0xaa,0x9a,0xff,0xf9,0x7f,0xff,0xfd,0xba,0xf0,0x00,0x02,0xc0,0x00,0x0b,0x00,0x00,0x2c,0x00,0x00,0xb0,
0x00,0x02,0xc0,0x00,0x0b,0x00,0x3f,0xff,0xfc,0x2a,0xfa,0x92,0xab,0xea,0x83,0xff,0xfd,0x00,0x2c,0x00,0x00,0xb0,0x00,0x02,
0xc0,0x00,0x0b,0x00,0x2a,0xbe,0xa8,0x00,0xb0,0x03,0xff,0xff,0xc0,0x0b,0x00,0x00,0x2c,0x00,0xbf,0xff,0xd0,0x02,0xc0,0x06,
0xaf,0xa9,0x00,0x2c,0x00,0x01,0xd0,0x0f,0xff,0xff,0xe0,0x2c,0x00,0xaa,0xbe,0xa9,0x03,0x80,0x00,0x02,0xc0,0x00,0x74,0x00,
0x00,0x2c,0x00,0x1f,0x00,0x00,0x02,0xc0,0x03,0xd0,0x00,0x00,0x2c,0x00,0x74,0x00,0x00,0x02,0xc0,0x00,0x00,0x00,0x00,0x14,
0x00,
/* U+62e9 */
0x01,0x80,0x00,0x00,0x00,0x00,0x2c,0x02,0xaa,0xaa,0xa4,0x02,0xc0,0x3f,0xff,0xff,0x40,0x2c,0x00,0xb4,0x00,0xf0,0x02,0xc0,
0x03,0x80,0x2d,0x0b,0xff,0xe0,0x1e,0x0b,0x80,0x6b,0xe9,0x00,0xba,0xe0,0x00,0x2c,0x00,0x07,0xfc,0x00,0x02,0xc0,0x06,0xfa,
0xf9,0x40,0x2c,0x0b,0xf8,0x06,0xff,0x02,0xc5,0x64,0x0a,0x00,0x50,0x2e,0xe0,0x00,0xe0,0x00,0x1b,0xf8,0x1a,0xaf,0xaa,0x4f,
0xfc,0x02,0xff,0xff,0xf8,0x92,0xc0,0x00,0x0e,0x00,0x00,0x2c,0x00,0x00,0xe0,0x00,0x02,0xc0,0x55,0x5f,0x55,0x50,0x2c,0x0f,
0xff,0xff,0xfe,0x02,0xc0,0x55,0x5f,0x55,0x50,0x2c,0x00,0x00,0xe0,0x00,0x57,0xc0,0x00,0x0e,0x00,0x07,0xf4,0x00,0x00,0xe0,
0x00,0x14,0x00,0x00,0x00,0x00,0x00,
/* U+62f1 */
0x01,0x80,0x01,0x40,0x10,0x00,0x2c,0x00,0x38,0x07,0x40,0x02,0xc0,0x03,0x80,0x74,0x00,0x2c,0x00,0x38,0x07,0x40,0x02,0xc0,
0x03,0x80,0x74,0x0b,0xff,0xd5,0xb9,0x5b,0x94,0x6b,0xe9,0xff,0xff,0xff,0xd0,0x2c,0x01,0x79,0x57,0x54,0x02,0xc0,0x03,0x80,
0x74,0x00,0x2c,0x00,0x38,0x07,0x40,0x02,0xc4,0x03,0x80,0x74,0x00,0x2f,0xc0,0x38,0x07,0x40,0x1b,0xe4,0x57,0x95,0x75,0x5f,
0xfc,0x2f,0xff,0xff,0xff,0x92,0xc1,0x55,0x55,0x55,0x50,0x2c,0x00,0x10,0x01,0x00,0x02,0xc0,0x03,0xc0,0xb4,0x00,0x2c,0x00,
0xb4,0x02,0xd0,0x02,0xc0,0x1e,0x00,0x0f,0x00,0x2c,0x07,0xc0,0x00,0x78,0x57,0xc1,0xf4,0x00,0x02,0xd7,0xf8,0x2d,0x00,0x00,
0x0e,0x14,0x00,0x00,0x00,0x00,0x40,
/* U+62fd */
0x01,0x80,0x00,0x09,0x00,0x00,0x2c,0x00,0x01,0xd0,0x00,0x02,0xc0,0x15,0x5e,0x55,0x00,0x2c,0x03,0xff,0xff,0xf4,0x16,0xd4,
0x39,0x5e,0x57,0x4b,0xff,0xe3,0x81,0xd0,0x34,0x56,0xe5,0x38,0x1d,0x03,0x40,0x2c,0x03,0xea,0xfa,0xb4,0x02,0xc0,0x3e,0xaf,
0xab,0x40,0x2c,0x03,0x81,0xd0,0x34,0x02,0xc6,0x38,0x1d,0x03,0x40,0x2e,0xf3,0x96,0xe5,0xb4,0x1b,0xf4,0x3f,0xff,0xff,0x4f,
0xfc,0x00,0x00,0xe0,0x00,0x92,0xc0,0x00,0x0e,0x07,0x40,0x2c,0x00,0x00,0xb2,0xe0,0x02,0xc0,0x00,0x0b,0xf4,0x00,0x2c,0x00,
0x02,0xfd,0x09,0x02,0xc0,0x06,0xff,0x80,0xe0,0x2c,0x2f,0xf9,0x1d,0x1d,0x57,0xc2,0xa4,0x00,0xbb,0xc7,0xf4,0x00,0x00,0x02,
0xf4,
/* U+6301 */
0x01,0x40,0x00,0x05,0x00,0x00,0x2c,0x00,0x00,0xe0,0x00,0x02,0xc0,0x00,0x0e,0x00,0x00,0x2c,0x02,0xff,0xff,0xf8,0x02,0xc0,
0x1a,0xaf,0xaa,0x4b,0xff,0xe0,0x00,0xe0,0x00,0x6b,0xe9,0x00,0x0e,0x00,0x00,0x2c,0x06,0xaa,0xfa,0xa9,0x02,0xc0,0x7f,0xff,
0xff,0xe0,0x2c,0x00,0x00,0x00,0x00,0x02,0xc5,0x00,0x00,0x28,0x00,0x2e,0xe0,0x00,0x03,0x80,0x1b,0xf8,0xbf,0xff,0xff,0xeb,
0xfc,0x0a,0xaa,0xab,0xe9,0x66,0xc0,0x00,0x00,0x38,0x00,0x2c,0x01,0xd0,0x03,0x80,0x02,0xc0,0x0f,0x00,0x38,0x00,0x2c,0x00,
0x78,0x03,0x80,0x02,0xc0,0x02,0xd0,0x38,0x00,0x2c,0x00,0x04,0x03,0x80,0x57,0xc0,0x00,0x15,0xb8,0x07,0xf4,0x00,0x02,0xff,
0x40,0x14,0x00,0x00,0x05,0x40,0x00,
/* U+6307 */
0x00,0x90,0x14,0x00,0x00,0x00,0x1d,0x01,0xd0,0x00,0x60,0x01,0xd0,0x1d,0x01,0xbf,0x40,0x1d,0x01,0xda,0xfe,0x40,0x01,0xd0,
0x1f,0xe9,0x00,0x4b,0xff,0xf1,0xd0,0x00,0x0d,0x6a,0xea,0x1d,0x00,0x01,0xd0,0x1d,0x01,0xe5,0x55,0x6c,0x01,0xd0,0x0f,0xff,
0xff,0x80,0x1d,0x00,0x15,0x55,0x40,0x01,0xd1,0x40,0x00,0x00,0x00,0x1e,0xf5,0xff,0xff,0xf8,0x1b,0xf9,0x1e,0xaa,0xab,0x8b,
0xfd,0x01,0xd0,0x00,0x38,0xa5,0xd0,0x1d,0x00,0x03,0x80,0x1d,0x01,0xea,0xaa,0xb8,0x01,0xd0,0x1f,0xff,0xff,0x80,0x1d,0x01,
0xd0,0x00,0x38,0x01,0xd0,0x1d,0x00,0x03,0x80,0x1d,0x01,0xe5,0x55,0x78,0x56,0xd0,0x1f,0xff,0xff,0x87,0xf8,0x01,0xe5,0x55,
0x78,0x14,0x00,0x05,0x00,0x01,0x40,
/* U+6309 */
0x01,0x40,0x00,0x28,0x00,0x00,0x3c,0x00,0x02,0xc0,0x00,0x03,0xc0,0x00,0x1d,0x00,0x00,0x3c,0x0b,0xff,0xff,0xfd,0x03,0xc0,
0xba,0xaa,0xaa,0xdb,0xff,0xcb,0x00,0x00,0x1d,0x6b,0xe8,0xb0,0x64,0x01,0xd0,0x3c,0x0b,0x0b,0x00,0x1d,0x03,0xc0,0x00,0xf0,
0x00,0x00,0x3c,0x00,0x0e,0x00,0x00,0x03,0xc5,0xff,0xff,0xff,0xf0,0x3f,0xda,0xbe,0xab,0xea,0x1b,0xf4,0x07,0x80,0x2c,0x0f,
0xfc,0x00,0xb0,0x03,0x80,0x93,0xc0,0x0e,0x00,0x74,0x00,0x3c,0x01,0xf4,0x0f,0x00,0x03,0xc0,0x06,0xf6,0xd0,0x00,0x3c,0x00,
0x06,0xf8,0x00,0x03,0xc0,0x00,0x6f,0xe4,0x00,0x3c,0x00,0x6f,0x8b,0xe0,0x5b,0x81,0xbf,0x80,0x1b,0xd7,0xf4,0x3e,0x40,0x00,
0x1e,0x14,0x01,0x00,0x00,0x00,0x40,
/* U+632f */
0x01,0x80,0x00,0x00,0x00,0x00,0x2c,0x06,0xaa,0xaa,0xa8,0x02,0xc0,0x7f,0xff,0xff,0xc0,0x2c,0x07,0x40,0x00,0x00,0x17,0xd4,
0x74,0x00,0x00,0x0b,0xff,0xd7,0x55,0x55,0x50,0x57,0xd5,0x75,0xff,0xff,0x00,0x2c,0x07,0x40,0x00,0x00,0x02,0xc0,0x74,0x00,
0x00,0x00,0x2c,0x07,0x55,0x55,0x54,0x02,0xc5,0xbf,0xff,0xff,0xd0,0x2f,0xdb,0x5e,0x6d,0x54,0x1b,0xe4,0xb1,0xd1,0xc0,0x4f,
0xfc,0x0a,0x1d,0x1d,0x2d,0x52,0xc0,0xe1,0xd0,0xeb,0x80,0x2c,0x0d,0x1d,0x0b,0xd0,0x02,0xc1,0xd1,0xd0,0x74,0x00,0x2c,0x2c,
0x1d,0x03,0xc0,0x02,0xc3,0x81,0xd0,0x1e,0x00,0x2c,0x74,0x1d,0x68,0xb8,0x57,0x8e,0x03,0xfe,0x42,0xe7,0xf4,0x90,0x29,0x00,
0x09,
/* U+6362 */
0x02,0x80,0x00,0xa0,0x00,0x00,0x3c,0x00,0x1e,0x00,0x00,0x03,0xc0,0x03,0xfa,0xa4,0x00,0x3c,0x00,0xba,0xaf,0x40,0x17,0xd4,
0x2e,0x00,0xe0,0x0b,0xff,0xdb,0x80,0x2d,0x00,0x57,0xd5,0xe0,0x07,0x80,0x00,0x3c,0x03,0xff,0xff,0xf8,0x03,0xc0,0x3a,0xae,
0xab,0x80,0x3c,0x03,0x80,0xd0,0x38,0x03,0xc5,0x38,0x1d,0x03,0x80,0x3f,0xd3,0x81,0xd0,0x38,0x1b,0xe4,0x38,0x1d,0x03,0x8f,
0xfc,0x17,0x96,0xe5,0x79,0x93,0xc2,0xff,0xff,0xff,0xf0,0x3c,0x00,0x07,0xf4,0x00,0x03,0xc0,0x00,0xb2,0xc0,0x00,0x3c,0x00,
0x2e,0x0e,0x00,0x03,0xc0,0x0b,0x80,0x78,0x00,0x3c,0x02,0xe0,0x02,0xf4,0x5b,0x81,0xf8,0x00,0x07,0xe7,0xf4,0x3d,0x00,0x00,
0x0b,0x00,0x01,0x00,0x00,0x00,0x10,
/* U+636e */
0x01,0x80,0x00,0x00,0x00,0x00,0x2c,0x06,0xaa,0xaa,0xa8,0x02,0xc0,0x7f,0xff,0xff,0xd0,0x2c,0x07,0x40,0x00,0x1d,0x02,0xc0,
0x74,0x00,0x01,0xdb,0xff,0xd7,0x95,0x55,0x6d,0x6b,0xe9,0x7f,0xff,0xff,0xd0,0x2c,0x07,0x55,0x79,0x54,0x02,0xc0,0x74,0x03,
0x80,0x00,0x2c,0x0b,0x40,0x38,0x00,0x02,0xc4,0xbf,0xff,0xff,0xe0,0x2f,0xdb,0xaa,0xbe,0xa9,0x1b,0xe4,0xb0,0x03,0x80,0x0f,
0xfc,0x0e,0x00,0x38,0x00,0x52,0xc0,0xe1,0x57,0xd5,0x40,0x2c,0x0d,0x3f,0xff,0xf8,0x02,0xc1,0xd3,0x80,0x03,0x80,0x2c,0x2c,
0x38,0x00,0x38,0x02,0xc3,0x83,0x80,0x03,0x80,0x2c,0x74,0x39,0x55,0x78,0x57,0x8b,0x03,0xff,0xff,0x87,0xf4,0xa0,0x39,0x55,
0x78,0x14,0x00,0x01,0x40,0x01,0x40,
/* U+6387 */
0x01,0x80,0x00,0x00,0x00,0x00,0x2c,0x0a,0xaa,0x6a,0xa9,0x02,0xc0,0xff,0xf6,0xab,0xd0,0x2c,0x00,0x0b,0x00,0x2c,0x16,0xd4,
0x70,0xe3,0x83,0x8b,0xff,0xe7,0xed,0x1e,0xb0,0x57,0xd5,0x0f,0x80,0x7e,0x00,0x2c,0x01,0xfd,0x07,0xf4,0x02,0xc0,0x7d,0xf5,
0xf7,0xd0,0x2c,0x1e,0x07,0xb8,0x1f,0x02,0xc5,0x80,0x02,0x00,0x50,0x2f,0xd5,0x55,0x15,0x54,0x0b,0xe4,0xff,0xf7,0xff,0xdb,
0xfc,0x00,0x0b,0x00,0x2c,0xa6,0xc0,0x60,0xb1,0x82,0xc0,0x2c,0x07,0x8e,0x1d,0x38,0x02,0xc0,0x1f,0xd0,0xeb,0x40,0x2c,0x00,
0x7c,0x07,0xe0,0x02,0xc0,0x1f,0xf0,0x7d,0x00,0x2c,0x07,0xd7,0x5f,0xf4,0x6b,0x82,0xf4,0x1b,0xd7,0xd7,0xf4,0x78,0x01,0xe0,
0x1f,0x00,0x01,0x00,0x04,0x00,0x00,
/* U+6396 */
0x02,0x40,0x00,0x24,0x00,0x00,0x38,0x00,0x02,0xc0,0x00,0x03,0x80,0x00,0x1d,0x00,0x00,0x38,0x1f,0xff,0xff,0xfe,0x17,0x91,
0xaa,0xaa,0xaa,0x9f,0xff,0x80,0x64,0x24,0x00,0x57,0xd4,0x0b,0x07,0x40,0x00,0x38,0x00,0xe0,0xba,0xa4,0x03,0x80,0x1d,0x0f,
0xff,0xc0,0x38,0x02,0xc1,0xd0,0x28,0x03,0x84,0x78,0x2c,0x43,0x40,0x3f,0xcb,0x87,0x9e,0x74,0x6b,0xe6,0xf8,0xbc,0x7f,0x0f,
0xf8,0x7f,0x9e,0xd1,0xe0,0x43,0x8b,0x29,0x8b,0x1d,0x00,0x38,0x12,0x80,0x77,0x80,0x03,0x80,0x28,0x02,0xf4,0x00,0x38,0x02,
0x80,0x1f,0x00,0x03,0x80,0x28,0x07,0xf8,0x00,0x38,0x02,0x81,0xf6,0xe0,0x5b,0x40,0x28,0xb8,0x0b,0xdb,0xe0,0x02,0x8e,0x00,
0x1e,0x00,0x00,0x14,0x00,0x00,0x00,
/* U+63a5 */
0x01,0x80,0x00,0x18,0x00,0x00,0x2c,0x00,0x02,0xd0,0x00,0x02,0xc0,0x55,0x6e,0x55,0x40,0x2c,0x07,0xff,0xff,0xfc,0x02,0xc0,
0x01,0x00,0x28,0x0b,0xff,0xc0,0xb4,0x03,0x80,0x6b,0xe8,0x03,0x80,0xb4,0x00,0x2c,0x00,0x2c,0x0e,0x00,0x02,0xc0,0xff,0xff,
0xff,0xd0,0x2c,0x0a,0xaa,0xaa,0xa9,0x02,0xc4,0x00,0x60,0x00,0x00,0x2f,0xc0,0x0b,0x00,0x00,0x1b,0xe4,0xaa,0xfa,0xaa,0xaf,
0xfc,0x1f,0xff,0xff,0xff,0x92,0xc0,0x07,0x40,0x2c,0x00,0x2c,0x00,0xe0,0x03,0x80,0x02,0xc0,0x1e,0x40,0xb4,0x00,0x2c,0x00,
0x7f,0x9e,0x00,0x02,0xc0,0x00,0x6f,0xd0,0x00,0x2c,0x00,0x07,0xff,0x80,0x57,0xc0,0x6b,0xf4,0x2f,0x87,0xf4,0x1f,0xe4,0x00,
0x6d,0x14,0x00,0x40,0x00,0x00,0x40,
/* U+63a7 */
0x01,0x80,0x00,0x28,0x00,0x00,0x2c,0x00,0x02,0xc0,0x00,0x02,0xc0,0x00,0x1d,0x00,0x00,0x2c,0x0f,0xff,0xff,0xfd,0x02,0xc0,
0xfa,0xaa,0xaa,0xdb,0xff,0xce,0x00,0x00,0x1d,0x6b,0xe8,0xe0,0x91,0x91,0xd0,0x2c,0x09,0x2d,0x0f,0x09,0x02,0xc0,0x07,0x80,
0x78,0x00,0x2c,0x01,0xf0,0x01,0xe0,0x02,0xc4,0x7d,0x00,0x0b,0x40,0x2f,0xc7,0x40,0x00,0x24,0x1b,0xe4,0x00,0x00,0x00,0x0f,
0xfc,0x0b,0xff,0xff,0xfc,0x52,0xc0,0xaa,0xaf,0xaa,0x80,0x2c,0x00,0x00,0xe0,0x00,0x02,0xc0,0x00,0x0e,0x00,0x00,0x2c,0x00,
0x00,0xe0,0x00,0x02,0xc0,0x00,0x0e,0x00,0x00,0x2c,0x00,0x01,0xe0,0x00,0x57,0xc2,0xff,0xff,0xff,0xf7,0xf4,0x1a,0xaa,0xaa,
0xaa,0x14,0x00,0x00,0x00,0x00,0x00,
/* U+63aa */
0x01,0x80,0x01,0x40,0x14,0x00,0x2c,0x00,0x2c,0x03,0x80,0x02,0xc0,0x02,0xc0,0x38,0x00,0x2c,0x0b,0xff,0xff,0xfd,0x17,0xd4,
0x6b,0xea,0xbe,0x9b,0xff,0xd0,0x2c,0x03,0x80,0x57,0xd5,0x02,0xc0,0x38,0x00,0x2c,0x05,0x7d,0x57,0x95,0x02,0xc1,0xff,0xff,
0xff,0xf0,0x2c,0x05,0x55,0x55,0x55,0x02,0xc5,0x00,0x00,0x00,0x00,0x2e,0xe1,0xaa,0xaa,0xa4,0x17,0xf4,0x1f,0xaa,0xaf,0x4f,
0xfc,0x01,0xd0,0x00,0x74,0xa6,0xc0,0x1d,0x00,0x07,0x40,0x2c,0x01,0xea,0xaa,0xb4,0x02,0xc0,0x1f,0xff,0xff,0x40,0x2c,0x01,
0xd0,0x00,0x74,0x02,0xc0,0x1d,0x00,0x07,0x40,0x2c,0x01,0xe5,0x55,0xb4,0x57,0x80,0x1f,0xff,0xff,0x47,0xf4,0x01,0xe5,0x55,
0x74,0x00,0x00,0x04,0x00,0x01,0x00,
/* U+63b7 */
0x06,0x00,0x00,0x00,0x00,0x00,0x74,0x24,0x0b,0x1a,0xa9,0x07,0x42,0xc0,0xe2,0xff,0xd0,0x74,0x0e,0x1d,0x28,0x1d,0x1b,0x50,
0x73,0x82,0x82,0xcb,0xff,0x55,0x79,0x28,0x38,0x5b,0x97,0xff,0xf2,0x87,0x40,0x74,0x01,0xd0,0x28,0x70,0x07,0x40,0x1d,0x02,
0x8a,0x00,0x74,0x01,0xd0,0x28,0xe0,0x07,0x40,0x1d,0x02,0x8b,0x00,0x7a,0x6a,0xea,0x68,0x38,0x1b,0xf7,0xff,0xf6,0x82,0xcf,
0xf4,0x02,0xc0,0x28,0x1d,0x57,0x40,0x38,0x02,0x80,0xd0,0x74,0x03,0xc0,0x28,0x0e,0x07,0x40,0x7e,0x02,0x80,0xd0,0x74,0x0e,
0x38,0x28,0x2d,0x07,0x42,0xd1,0xd2,0x9f,0x80,0x74,0x78,0x0b,0x68,0x50,0x6f,0x1e,0x00,0x36,0x80,0x0b,0xe2,0x80,0x00,0x28,
0x00,
/* U+63cf */
0x01,0x80,0x01,0x40,0x24,0x00,0x2c,0x00,0x2c,0x03,0x80,0x02,0xc0,0x02,0xc0,0x38,0x00,0x2c,0x0a,0xbe,0xab,0xea,0x56,0xd4,
0xab,0xea,0xbe,0xab,0xff,0xd0,0x2c,0x03,0x80,0x57,0xd4,0x02,0xc0,0x38,0x00,0x2c,0x00,0x14,0x01,0x40,0x02,0xc0,0x15,0x55,
0x55,0x40,0x2c,0x03,0xff,0xff,0xfc,0x02,0xca,0x38,0x0b,0x02,0xc0,0x2f,0xe3,0x80,0xa0,0x2c,0x5b,0xe4,0x38,0x0a,0x02,0xcf,
0xfc,0x03,0x80,0xa0,0x2c,0x92,0xc0,0x3e,0xaf,0xab,0xc0,0x2c,0x03,0xea,0xfa,0xbc,0x02,0xc0,0x38,0x0a,0x02,0xc0,0x2c,0x03,
0x80,0xa0,0x2c,0x02,0xc0,0x38,0x0a,0x02,0xc0,0x2c,0x03,0x95,0xf5,0x6c,0x6b,0xc0,0x3f,0xff,0xff,0xc7,0xf4,0x03,0x95,0x55,
0x6c,0x00,0x00,0x14,0x00,0x01,0x40,
/* U+63d0 */
0x01,0x80,0x00,0x00,0x00,0x00,0x2c,0x02,0xaa,0xaa,0xa0,0x02,0xc0,0x2e,0xaa,0xae,0x00,0x2c,0x02,0xc0,0x00,0xe0,0x02,0xc0,
0x2d,0x55,0x5e,0x0b,0xff,0xd2,0xff,0xff,0xe0,0x6b,0xe9,0x2c,0x00,0x0e,0x00,0x2c,0x02,0xc0,0x00,0xe0,0x02,0xc0,0x2f,0xff,
0xfe,0x00,0x2c,0x01,0xaa,0xaa,0x90,0x02,0xc4,0x00,0x00,0x00,0x00,0x2f,0xda,0xaa,0xaa,0xa9,0x1b,0xe5,0xaa,0xbf,0xaa,0x9f,
0xfc,0x00,0x01,0xd0,0x00,0x52,0xc0,0x38,0x1d,0x00,0x00,0x2c,0x03,0x81,0xea,0xa4,0x02,0xc0,0x78,0x1f,0xff,0x40,0x2c,0x0b,
0xc1,0xd0,0x00,0x02,0xc0,0xee,0x1d,0x00,0x00,0x2c,0x2d,0x7e,0xd0,0x00,0x57,0xc7,0x81,0xff,0xaa,0xa7,0xf4,0x70,0x01,0xaa,
0xfe,0x14,0x00,0x00,0x00,0x00,0x00,
/* U+63ed */
0x01,0x40,0x00,0x00,0x00,0x00,0xf0,0x0a,0xaa,0xaa,0x80,0x3c,0x02,0xea,0xaa,0xf0,0x0f,0x00,0xb0,0x00,0x2c,0x17,0xd4,0x2e,
0xaa,0xaf,0x2f,0xff,0x4b,0xaa,0xab,0xc5,0x7d,0x42,0xc0,0x00,0xb0,0x0f,0x00,0xb5,0x55,0x7c,0x03,0xc0,0x2f,0xff,0xff,0x00,
0xf0,0x02,0xc0,0x00,0x00,0x3c,0x81,0xf5,0x55,0x54,0x0f,0xf0,0xff,0xff,0xff,0x1b,0xe0,0xf4,0x05,0x01,0xff,0xf1,0xf4,0x07,
0x40,0xb9,0x3c,0x77,0x42,0xd0,0x2c,0x0f,0x00,0xd2,0xee,0x0b,0x03,0xc0,0x36,0xd1,0xf2,0xc0,0xf0,0x0d,0x10,0x04,0xb0,0x3c,
0x03,0xaa,0xa4,0x2c,0x0f,0x00,0xff,0xfe,0x0f,0x5b,0x80,0x00,0x00,0x07,0x9f,0xd0,0x00,0x00,0xbf,0xc0,0x00,0x00,0x00,0x15,
0x40,
/* U+64ad */
0x01,0x40,0x00,0x00,0x01,0x40,0x38,0x05,0x55,0xaf,0xfc,0x03,0x81,0xff,0xff,0xa5,0x00,0x38,0x05,0x41,0xd0,0x50,0x03,0x80,
0x18,0x1d,0x0e,0x0b,0xff,0xc1,0xd1,0xd1,0xc0,0x6b,0xe9,0x5e,0x6e,0x7d,0x50,0x38,0x1f,0xff,0xff,0xfe,0x03,0x80,0x01,0xed,
0xd0,0x00,0x38,0x00,0x75,0xd7,0x80,0x03,0x84,0x6d,0x1d,0x1f,0x40,0x3f,0xef,0x41,0x80,0x2f,0x1b,0xe6,0xea,0xaa,0xaa,0xaf,
0xf8,0x07,0xaa,0xea,0xb4,0x93,0x80,0x70,0x1d,0x07,0x40,0x38,0x07,0x01,0xd0,0x74,0x03,0x80,0x7f,0xff,0xff,0x40,0x38,0x07,
0x96,0xe5,0xb4,0x03,0x80,0x70,0x1d,0x07,0x40,0x38,0x07,0x55,0xd5,0x74,0x5b,0x80,0x7f,0xff,0xff,0x47,0xf4,0x07,0x55,0x55,
0x74,0x14,0x00,0x50,0x00,0x01,0x00,
/* U+6500 */
0x00,0x50,0x10,0x90,0x60,0x00,0x0a,0x07,0xad,0x07,0x00,0x2f,0xfd,0x1f,0x87,0xff,0x81,0xaf,0x97,0x9e,0x6f,0xa4,0x02,0xf0,
0x10,0x40,0xf4,0x00,0x7f,0xdb,0x6d,0x2f,0xe0,0x1d,0xab,0x2f,0x4a,0x77,0x87,0x4a,0x1b,0xad,0xc7,0x1c,0x10,0xa0,0x90,0x50,
0x70,0x00,0x00,0x03,0xc0,0x00,0x00,0x2f,0xff,0xff,0xff,0xff,0xc1,0x55,0xbd,0x55,0xb9,0x54,0x00,0x6e,0x01,0x66,0xd0,0x00,
0x6f,0xbf,0xfe,0x8b,0x90,0x7e,0x41,0x5b,0x00,0x1b,0xe6,0x4a,0xaa,0xba,0xa9,0x09,0x00,0xaa,0xaf,0xaa,0xa0,0x00,0x00,0x00,
0x70,0x00,0x00,0x1f,0xff,0xff,0xff,0xff,0x40,0x55,0x55,0xb5,0x55,0x50,0x00,0x00,0x0b,0x00,0x00,0x00,0x00,0x3f,0xe0,0x00,
0x00,0x00,0x01,0x54,0x00,0x00,0x00,
/* U+6538 */
0x00,0x10,0x00,0x64,0x00,0x00,0x07,0x80,0x07,0x40,0x00,0x00,0xb4,0x00,0xb0,0x00,0x00,0x0e,0x00,0x0f,0x00,0x00,0x01,0xd1,
0x01,0xff,0xff,0xe0,0x3c,0x38,0x1e,0xaa,0xf9,0x0b,0x83,0x83,0xc0,0x0e,0x01,0xf8,0x38,0x7c,0x00,0xe0,0x3f,0x83,0x8b,0xd0,
0x1d,0x0b,0x78,0x39,0xee,0x01,0xd0,0xe3,0x83,0x8c,0xb0,0x1c,0x04,0x38,0x38,0x07,0x43,0xc0,0x03,0x83,0x80,0x38,0x74,0x00,
0x38,0x38,0x01,0xdb,0x00,0x03,0x83,0x80,0x0e,0xe0,0x00,0x38,0x38,0x00,0x7c,0x00,0x03,0x83,0x80,0x07,0xd0,0x00,0x38,0x38,
0x01,0xff,0x00,0x03,0x80,0x00,0x7c,0x7c,0x00,0x38,0x00,0x2f,0x01,0xf4,0x03,0x80,0x1f,0x80,0x07,0xe0,0x38,0x02,0xd0,0x00,
0x1e,0x01,0x40,0x00,0x00,0x00,0x00,
/* U+6539 */
0x00,0x00,0x00,0x60,0x00,0x00,0x00,0x00,0x07,0x40,0x00,0xbf,0xff,0x80,0xb0,0x00,0x06,0xaa,0xb8,0x0f,0x00,0x00,0x00,0x03,
0x81,0xff,0xff,0xd0,0x00,0x38,0x1e,0xaa,0xe9,0x00,0x03,0x82,0xc0,0x1d,0x00,0x00,0x38,0x7c,0x01,0xd0,0x00,0x03,0x8b,0xd0,
0x1d,0x01,0xaa,0xb9,0xee,0x02,0xc0,0x1f,0xff,0xac,0xb0,0x2c,0x01,0xd0,0x00,0x47,0x43,0x80,0x1d,0x00,0x00,0x38,0x74,0x01,
0xd0,0x00,0x02,0xdf,0x00,0x1d,0x00,0x00,0x0f,0xd0,0x01,0xd0,0x00,0x00,0x7c,0x00,0x1d,0x00,0x50,0x0b,0xd0,0x01,0xd1,0xbe,
0x02,0xef,0x00,0x2e,0xbe,0x40,0xb8,0x7c,0x03,0xfe,0x40,0x7e,0x01,0xf4,0x29,0x00,0x2f,0x80,0x07,0xe0,0x00,0x07,0x90,0x00,
0x1f,
/* U+653e */
0x01,0x90,0x00,0x14,0x00,0x00,0x1e,0x00,0x03,0xc0,0x00,0x00,0xb0,0x00,0x78,0x00,0x00,0x07,0x40,0x07,0x40,0x00,0xbf,0xff,
0xf4,0xbf,0xff,0xd6,0xba,0xaa,0x4f,0xaa,0xf9,0x07,0x40,0x01,0xd0,0x1d,0x00,0x74,0x00,0x3c,0x01,0xd0,0x07,0x40,0x0b,0xd0,
0x1d,0x00,0x7e,0xa8,0xfe,0x02,0xc0,0x07,0xff,0xcd,0xb0,0x2c,0x00,0x74,0x2c,0x07,0x43,0x80,0x07,0x02,0xc0,0x38,0x74,0x00,
0xb0,0x2c,0x01,0xdf,0x00,0x0b,0x02,0xc0,0x0f,0xd0,0x00,0xe0,0x2c,0x00,0x7c,0x00,0x1e,0x02,0xc0,0x0b,0xd0,0x01,0xd0,0x2c,
0x02,0xef,0x00,0x2c,0x03,0x80,0xb8,0x7c,0x07,0x80,0x38,0x2f,0x01,0xf4,0xb4,0x5b,0x5f,0x80,0x07,0xda,0x0f,0xe1,0xd0,0x00,
0x1e,
/* U+653f */
0x00,0x00,0x00,0x18,0x00,0x00,0x00,0x00,0x03,0xc0,0x00,0x15,0x55,0x54,0x38,0x00,0x07,0xff,0xff,0xc7,0x40,0x00,0x15,0x6d,
0x54,0xbe,0xaa,0xa0,0x02,0xc0,0x0b,0xff,0xfe,0x00,0x2c,0x00,0xe0,0x0e,0x01,0x82,0xc0,0x1d,0x00,0xe0,0x1d,0x2c,0x03,0xe0,
0x0e,0x01,0xd2,0xea,0x7f,0x01,0xd0,0x1d,0x2f,0xff,0x74,0x1d,0x01,0xd2,0xd1,0xd3,0x82,0xc0,0x1d,0x2c,0x08,0x2c,0x38,0x01,
0xd2,0xc0,0x00,0xeb,0x40,0x1d,0x2c,0x00,0x0b,0xe0,0x01,0xd2,0xc0,0x00,0x3d,0x00,0x1d,0x2d,0x68,0x07,0xd0,0x01,0xd2,0xff,
0x81,0xff,0x40,0x2f,0xfe,0x40,0x7c,0x3d,0x0b,0xe9,0x00,0x6f,0x01,0xf4,0x50,0x00,0x2f,0x80,0x07,0xe0,0x00,0x03,0x90,0x00,
0x0b,
/* U+6545 */
0x00,0x10,0x00,0x14,0x00,0x00,0x07,0x40,0x03,0x80,0x00,0x00,0x74,0x00,0x74,0x00,0x00,0x07,0x40,0x0b,0x40,0x00,0x00,0x74,
0x00,0xfa,0xaa,0x96,0xab,0xaa,0x5f,0xff,0xfe,0xbf,0xff,0xf6,0xd5,0x5e,0x40,0x07,0x40,0x7c,0x00,0xe0,0x00,0x74,0x0b,0xc0,
0x1d,0x00,0x07,0x41,0xed,0x01,0xd0,0x00,0x74,0x2c,0xa0,0x1c,0x00,0x07,0x40,0x47,0x02,0xc0,0x2f,0xff,0xe0,0x38,0x38,0x02,
0xea,0xae,0x02,0xcb,0x40,0x2c,0x00,0xe0,0x0e,0xe0,0x02,0xc0,0x0e,0x00,0xbd,0x00,0x2c,0x00,0xe0,0x07,0xc0,0x02,0xc0,0x0e,
0x00,0xfe,0x00,0x2d,0x55,0xe0,0x3d,0x78,0x02,0xff,0xfe,0x1f,0x42,0xe0,0x2d,0x55,0x5b,0xd0,0x0b,0xd2,0xc0,0x00,0xa0,0x00,
0x1e,
/* U+6548 */
0x00,0x60,0x00,0x09,0x00,0x00,0x07,0x40,0x01,0xe0,0x00,0x00,0x38,0x00,0x1d,0x00,0x0b,0xff,0xff,0xd2,0xd0,0x00,0x6a,0xaa,
0xa9,0x3e,0xaa,0xa0,0x00,0x10,0x03,0xff,0xfe,0x03,0x87,0x80,0x74,0x0e,0x00,0xb4,0x2e,0x0b,0x00,0xe0,0x0e,0x00,0xb5,0xf4,
0x1d,0x02,0xd0,0x02,0x6f,0x81,0xd0,0xb8,0x01,0x07,0xac,0x1c,0x0a,0x00,0x2c,0x35,0xd3,0xc0,0x07,0x47,0x80,0x0e,0x78,0x00,
0x3e,0xb0,0x00,0xbb,0x00,0x00,0xbe,0x00,0x03,0xe0,0x00,0x03,0xe0,0x00,0x2d,0x00,0x00,0x7f,0x80,0x07,0xe0,0x00,0x1f,0x2e,
0x01,0xfb,0x80,0x07,0xd0,0xf0,0x7d,0x2d,0x02,0xf4,0x01,0x2f,0x40,0xf4,0xbd,0x00,0x1f,0xd0,0x07,0xea,0x00,0x01,0xe0,0x00,
0x0a,0x00,0x00,0x04,0x00,0x00,0x00,
/* U+654f */
0x01,0x80,0x00,0x02,0x40,0x00,0x2d,0x00,0x00,0x74,0x00,0x07,0xd5,0x55,0x0b,0x40,0x00,0xbf,0xff,0xf0,0xf0,0x00,0x1e,0x55,
0x55,0x0f,0xff,0xe7,0xc0,0x00,0x02,0xea,0xba,0xba,0xaa,0xa9,0x3c,0x07,0x01,0xbf,0xff,0xdb,0xc0,0xb0,0x0e,0x24,0x1e,0xfd,
0x0b,0x00,0xe2,0xd1,0xd9,0xe0,0xa0,0x0e,0x0b,0x1d,0x0b,0x0e,0x01,0xe5,0x55,0xd0,0x74,0xe0,0xff,0xff,0xff,0x83,0x9d,0x06,
0xe5,0x56,0xd4,0x1e,0xc0,0x1d,0x74,0x1c,0x00,0xf8,0x02,0xc2,0xd1,0xc0,0x0b,0x40,0x2c,0x09,0x2c,0x00,0xf8,0x03,0xea,0xab,
0xe4,0x2f,0xd0,0x3f,0xff,0xff,0x87,0x8f,0x00,0x00,0x03,0x81,0xf0,0x78,0x00,0x05,0xb4,0xbc,0x02,0xe0,0x01,0xfe,0x0b,0x00,
0x0a,0x00,0x05,0x00,0x00,0x00,0x00,
/* U+6556 */
0x00,0x18,0x00,0x09,0x00,0x00,0x02,0xc0,0x01,0xd0,0x00,0x6a,0xbe,0xa9,0x1d,0x00,0x06,0xab,0xea,0x92,0xc0,0x00,0x00,0x2c,
0x00,0x3f,0xff,0xe0,0x02,0xc0,0x03,0xea,0xf9,0x2f,0xff,0xf8,0x74,0x0a,0x01,0xab,0xea,0x4b,0x80,0xe0,0x00,0x2c,0x00,0xf8,
0x0e,0x00,0x02,0xc0,0x2e,0xc0,0xd0,0xbf,0xff,0xff,0x9d,0x1d,0x05,0x6e,0x55,0x54,0xe1,0xd0,0x02,0xc0,0x00,0x0b,0x2c,0x00,
0x2c,0x00,0x00,0x3b,0x80,0x03,0xff,0xf8,0x02,0xf4,0x00,0x79,0x5b,0x40,0x1f,0x00,0x07,0x40,0x74,0x01,0xf0,0x00,0xb0,0x07,
0x40,0x7f,0x80,0x1e,0x00,0x74,0x0f,0x6e,0x03,0xc0,0x07,0x43,0xd0,0xb8,0xb8,0x16,0xf1,0xf8,0x02,0xea,0x01,0xfd,0x1d,0x00,
0x0a,0x00,0x00,0x00,0x40,0x00,0x00,
/* U+6566 */
0x00,0x64,0x00,0x09,0x00,0x00,0x03,0x80,0x01,0xe0,0x00,0xbf,0xff,0xff,0x1d,0x00,0x06,0xaa,0xaa,0xa2,0xd0,0x00,0x00,0x00,
0x00,0x2f,0xff,0xd1,0xaa,0xaa,0x43,0xea,0xf9,0x1f,0xaa,0xb8,0x38,0x0a,0x01,0xd0,0x03,0x8b,0x40,0xe0,0x1d,0x00,0x78,0xf8,
0x0e,0x01,0xff,0xff,0x9f,0x80,0xd0,0x05,0x55,0x56,0xec,0x1d,0x00,0x00,0x00,0x18,0xd2,0xc0,0x3f,0xff,0xfc,0x0a,0x38,0x01,
0x55,0x5f,0x40,0x77,0x40,0x00,0x07,0x80,0x03,0xf0,0x00,0x01,0xe0,0x00,0x1e,0x00,0x15,0x6f,0xfe,0x02,0xe0,0x0b,0xff,0xfa,
0x50,0xbb,0x80,0x55,0x1d,0x00,0x2e,0x2d,0x00,0x01,0xd0,0x0b,0x80,0xf4,0x01,0x6d,0x07,0xe0,0x07,0xe0,0x2f,0xc0,0x78,0x00,
0x0a,0x01,0x50,0x01,0x00,0x00,0x00,
/* U+6570 */
0x00,0x18,0x00,0x09,0x00,0x02,0x82,0xc2,0x81,0xe0,0x00,0x1d,0x2c,0x74,0x1d,0x00,0x00,0xa2,0xce,0x02,0xd0,0x00,0x00,0x2c,
0x00,0x2f,0xff,0xd7,0xff,0xff,0xd3,0xea,0xf9,0x6a,0xfe,0xa8,0x38,0x0b,0x00,0x2a,0xf4,0x07,0x80,0xe0,0x0b,0x2d,0xe4,0xfc,
0x0e,0x06,0xd2,0xc7,0x9f,0xc0,0xd0,0xb4,0x2c,0x02,0xdd,0x1d,0x00,0x05,0x40,0x28,0xa1,0xd0,0x00,0xb0,0x00,0x07,0x2c,0x07,
0xff,0xff,0x80,0x3b,0x80,0x6b,0xea,0xb8,0x02,0xf4,0x00,0x38,0x07,0x40,0x1f,0x00,0x0b,0x00,0xe0,0x01,0xf0,0x00,0xfd,0x7c,
0x00,0x3f,0x80,0x01,0xbf,0x40,0x0b,0x5e,0x00,0x1b,0xfe,0x42,0xd0,0xb4,0x6f,0xd0,0xbd,0xb8,0x02,0xeb,0x90,0x00,0x4d,0x00,
0x0a,
/* U+6574 */
0x00,0x24,0x00,0x18,0x00,0x05,0x57,0x95,0x42,0xc0,0x00,0xbf,0xff,0xfc,0x3e,0xaa,0x90,0x03,0x80,0x07,0xff,0xfd,0x2a,0xbe,
0xa4,0xf0,0x0a,0x03,0x97,0x97,0x6f,0x40,0xd0,0x38,0x38,0x3b,0xbc,0x1d,0x03,0xeb,0xeb,0x51,0xe3,0x80,0x15,0xb9,0x50,0x07,
0xf0,0x00,0x2f,0xe4,0x00,0x7f,0x40,0x2e,0x3a,0xf4,0xbe,0x6f,0x8f,0x43,0x82,0x5e,0x40,0x6d,0x40,0x14,0x00,0x00,0x00,0x41,
0xaa,0xaa,0xaa,0xaa,0xa4,0x1a,0xaa,0xaf,0xaa,0xaa,0x40,0x00,0x00,0xe0,0x00,0x00,0x00,0xa0,0x0e,0x55,0x54,0x00,0x0a,0x00,
0xff,0xff,0xc0,0x00,0xa0,0x0e,0x55,0x54,0x00,0x0a,0x00,0xe0,0x00,0x00,0x6a,0xfa,0xaf,0xaa,0xaa,0x9b,0xff,0xff,0xff,0xff,
0xfe,
/* U+6587 */
0x00,0x00,0x60,0x00,0x00,0x00,0x00,0x07,0x80,0x00,0x00,0x00,0x00,0x2c,0x00,0x00,0x00,0x00,0x01,0xe0,0x00,0x00,0x6a,0xaa,
0xaf,0xaa,0xaa,0x97,0xff,0xff,0xff,0xff,0xfd,0x15,0xb5,0x55,0x55,0xe5,0x40,0x07,0x80,0x00,0x2c,0x00,0x00,0x2c,0x00,0x03,
0x80,0x00,0x01,0xd0,0x00,0x74,0x00,0x00,0x0f,0x00,0x0f,0x00,0x00,0x00,0x78,0x02,0xd0,0x00,0x00,0x02,0xd0,0x78,0x00,0x00,
0x00,0x0b,0x4f,0x00,0x00,0x00,0x00,0x3e,0xd0,0x00,0x00,0x00,0x01,0xf8,0x00,0x00,0x00,0x00,0x2f,0xe0,0x00,0x00,0x00,0x1f,
0x4b,0xd0,0x00,0x00,0x0b,0x90,0x2f,0x40,0x00,0x1b,0xe0,0x00,0x7f,0x80,0x6f,0xe4,0x00,0x00,0x7f,0x9b,0xd0,0x00,0x00,0x00,
0x6e,0x10,0x00,0x00,0x00,0x00,0x40,
/* U+6597 */
0x00,0x00,0x00,0x01,0x80,0x00,0x00,0x40,0x00,0x2c,0x00,0x00,0x2e,0x00,0x02,0xc0,0x00,0x00,0xb8,0x00,0x2c,0x00,0x00,0x02,
0xf4,0x02,0xc0,0x00,0x00,0x07,0xd0,0x2c,0x00,0x01,0x00,0x1f,0x42,0xc0,0x00,0x7d,0x00,0x60,0x2c,0x00,0x01,0xf4,0x00,0x02,
0xc0,0x00,0x07,0xe0,0x00,0x2c,0x00,0x00,0x0b,0x80,0x02,0xc0,0x00,0x00,0x2e,0x00,0x2c,0x00,0x00,0x00,0x90,0x02,0xc0,0x00,
0x00,0x00,0x00,0x2d,0x69,0x00,0x00,0x16,0xaf,0xff,0xe1,0x5a,0xff,0xff,0xbd,0x40,0x7f,0xfe,0x95,0x02,0xc0,0x06,0x50,0x00,
0x00,0x2c,0x00,0x00,0x00,0x00,0x02,0xc0,0x00,0x00,0x00,0x00,0x2c,0x00,0x00,0x00,0x00,0x02,0xc0,0x00,0x00,0x00,0x00,0x2c,
0x00,0x00,0x00,0x00,0x01,0x40,0x00,
/* U+65ad */
0x00,0x02,0x40,0x00,0x00,0x42,0x00,0x34,0x00,0x05,0xbd,0x75,0x83,0x4a,0x2f,0xfe,0x47,0x5c,0x34,0xd2,0xd4,0x00,0x74,0xd3,
0x5d,0x28,0x00,0x07,0x4a,0x35,0xc2,0x80,0x00,0x74,0x63,0x58,0x28,0x00,0x07,0x40,0x34,0x02,0x95,0x55,0x76,0xff,0xfe,0x2f,
0xff,0xf7,0x5a,0xba,0x92,0xd5,0xe5,0x74,0x0b,0x80,0x28,0x0e,0x07,0x41,0xfe,0x02,0x80,0xe0,0x74,0x37,0xb8,0x38,0x0e,0x07,
0x4e,0x35,0xe3,0x80,0xe0,0x77,0xc3,0x49,0x38,0x0e,0x07,0x64,0x34,0x07,0x40,0xe0,0x74,0x03,0x40,0x74,0x0e,0x07,0x40,0x34,
0x0b,0x00,0xe0,0x74,0x00,0x00,0xf0,0x0e,0x07,0xff,0xff,0x5e,0x00,0xe0,0x2a,0xaa,0xa6,0xd0,0x0e,0x00,0x00,0x00,0x28,0x00,
0xe0,0x00,0x00,0x00,0x00,0x05,0x00,
/* U+65af */
0x05,0x00,0x50,0x00,0x00,0x00,0xe0,0x0e,0x00,0x01,0xbc,0x0e,0x00,0xe0,0x6b,0xfe,0x47,0xff,0xff,0xd7,0xe9,0x00,0x6f,0xaa,
0xf9,0x74,0x00,0x00,0xe0,0x0e,0x07,0x40,0x00,0x0e,0x00,0xe0,0x74,0x00,0x00,0xff,0xfe,0x07,0x40,0x00,0x0f,0xaa,0xe0,0x7f,
0xff,0xe0,0xe0,0x0e,0x07,0xeb,0xfa,0x0e,0x00,0xe0,0x74,0x1d,0x00,0xff,0xfe,0x07,0x41,0xd0,0x0f,0x55,0xe0,0x70,0x1d,0x00,
0xe0,0x0e,0x0b,0x01,0xd0,0x1e,0x55,0xe4,0xb0,0x1d,0x0b,0xff,0xff,0xde,0x01,0xd0,0x55,0x55,0x54,0xe0,0x1d,0x00,0x24,0x20,
0x1d,0x01,0xd0,0x0b,0x43,0x82,0xc0,0x1d,0x02,0xd0,0x1d,0x78,0x01,0xd0,0x78,0x00,0x9b,0x00,0x1d,0x0b,0x00,0x00,0xa0,0x01,
0xd0,0x00,0x00,0x00,0x00,0x04,0x00,
/* U+65b0 */
0x00,0xa0,0x00,0x00,0x00,0x40,0x07,0x40,0x00,0x05,0xbc,0x6a,0xba,0xa8,0x7f,0xfe,0x4b,0xff,0xff,0xd7,0x95,0x00,0x00,0x00,
0x40,0x74,0x00,0x00,0xe0,0x0e,0x07,0x40,0x00,0x0b,0x01,0xd0,0x74,0x00,0x00,0x74,0x2c,0x07,0x40,0x00,0xbf,0xff,0xfd,0x7f,
0xff,0xf5,0x57,0xd5,0x57,0xaa,0xfa,0x00,0x38,0x00,0x74,0x0e,0x00,0x03,0x80,0x07,0x40,0xe0,0x6a,0xbe,0xa8,0x74,0x0e,0x06,
0xab,0xea,0x8b,0x00,0xe0,0x00,0x38,0x00,0xb0,0x0e,0x00,0xa3,0x8d,0x0b,0x00,0xe0,0x1e,0x38,0xa0,0xe0,0x0e,0x02,0xd3,0x87,
0x4e,0x00,0xe0,0x3c,0x38,0x3a,0xd0,0x0e,0x07,0x43,0x81,0x7c,0x00,0xe0,0xf0,0x38,0x07,0x40,0x0e,0x05,0x2f,0x40,0x70,0x00,
0xe0,0x01,0x50,0x00,0x00,0x05,0x00,
/* U+65b9 */
0x00,0x00,0x18,0x00,0x00,0x00,0x00,0x02,0xd0,0x00,0x00,0x00,0x00,0x0f,0x00,0x00,0x00,0x00,0x00,0x74,0x00,0x00,0x7f,0xff,
0xff,0xff,0xff,0xe6,0xaa,0xbe,0xaa,0xaa,0xa9,0x00,0x02,0xc0,0x00,0x00,0x00,0x00,0x2c,0x00,0x00,0x00,0x00,0x03,0xc0,0x00,
0x00,0x00,0x00,0x38,0x00,0x00,0x00,0x00,0x03,0xff,0xff,0xf8,0x00,0x00,0x7a,0xaa,0xab,0x80,0x00,0x07,0x40,0x00,0x38,0x00,
0x00,0xb0,0x00,0x03,0x80,0x00,0x0e,0x00,0x00,0x38,0x00,0x01,0xd0,0x00,0x03,0x80,0x00,0x3c,0x00,0x00,0x34,0x00,0x0b,0x40,
0x00,0x07,0x40,0x02,0xe0,0x00,0x00,0x74,0x00,0xbc,0x00,0x00,0x0f,0x00,0x2f,0x00,0x01,0x56,0xd0,0x03,0x80,0x00,0x1f,0xf8,
0x00,0x00,0x00,0x00,0x14,0x00,0x00,
/* U+65bd */
0x02,0x40,0x00,0x90,0x00,0x00,0x3c,0x00,0x1d,0x00,0x00,0x01,0xd0,0x03,0xc0,0x00,0x01,0x5e,0x54,0x7f,0xff,0xfd,0xbf,0xff,
0x8b,0xaa,0xaa,0x95,0xf5,0x55,0xe0,0x00,0x00,0x0b,0x00,0x2c,0x03,0x40,0x00,0xb0,0x07,0x40,0x34,0x00,0x0b,0x55,0x63,0x43,
0x46,0x40,0xbf,0xf4,0x34,0x3f,0xf4,0x0b,0x5b,0x43,0xaf,0xe7,0x40,0xa0,0x74,0xbf,0xb4,0x34,0x0e,0x07,0x7f,0x83,0x43,0x40,
0xe0,0x71,0x34,0x34,0x34,0x0e,0x07,0x03,0x43,0x43,0x41,0xd0,0x70,0x34,0x34,0xb4,0x1d,0x0b,0x03,0x43,0x7e,0x02,0xc0,0xb0,
0x34,0x35,0x44,0x38,0x0b,0x03,0x42,0x40,0xb7,0x80,0xb0,0x38,0x00,0x0e,0xb1,0x6e,0x02,0xd5,0x56,0xda,0x1f,0x80,0x1f,0xff,
0xf8,0x00,0x00,0x00,0x15,0x54,0x00,
/* U+65c5 */
0x01,0x80,0x00,0x90,0x00,0x00,0x2c,0x00,0x1e,0x00,0x00,0x01,0xd0,0x02,0xd0,0x00,0x01,0x5e,0x54,0x3f,0xff,0xfd,0xbf,0xff,
0xcb,0xaa,0xaa,0x85,0xb9,0x55,0xe0,0x00,0x00,0x0b,0x00,0x7c,0x00,0x06,0x00,0xb0,0x07,0x41,0x6b,0xf4,0x0b,0x55,0x42,0xff,
0xe4,0x00,0xbf,0xf8,0x3d,0x74,0x00,0x0b,0x57,0x83,0x83,0x80,0x00,0xb0,0x38,0x38,0x2c,0x08,0x0b,0x03,0x83,0x82,0xc7,0xd0,
0xa0,0x38,0x38,0x1e,0xf4,0x0e,0x03,0x83,0x80,0xf8,0x00,0xe0,0x38,0x38,0x0b,0x40,0x1d,0x03,0x83,0x80,0x78,0x02,0xd0,0x38,
0x38,0x02,0xd0,0x3c,0x03,0x83,0x80,0x0f,0x07,0x80,0x74,0x39,0x68,0x78,0xb4,0x5f,0x07,0xff,0x82,0xea,0x0f,0xd0,0x7a,0x40,
0x0a,0x00,0x40,0x00,0x00,0x00,0x00,
/* U+65cc */
0x01,0x40,0x00,0x40,0x00,0x00,0x2c,0x00,0x1d,0x00,0x00,0x01,0xd0,0x02,0xc0,0x00,0x01,0x5e,0x50,0x3e,0xaa,0xa9,0xbf,0xff,
0x8b,0xff,0xff,0xd5,0xf5,0x55,0xe0,0x00,0x00,0x0a,0x00,0x3c,0x02,0xc0,0x00,0xa0,0x07,0x4d,0x2c,0x00,0x0b,0x55,0x02,0xc2,
0xc0,0x00,0xbf,0xf0,0x3e,0xbe,0xa8,0x0f,0x5b,0x0b,0xff,0xff,0xc0,0xe0,0x71,0xe0,0x2c,0x00,0x0e,0x0b,0x28,0x02,0xc0,0x00,
0xe0,0xb0,0x00,0x2c,0x00,0x0e,0x0b,0x01,0x57,0xd5,0x41,0xd0,0xb0,0x3f,0xff,0xf8,0x1d,0x0b,0x00,0x02,0xc0,0x02,0xc0,0xb0,
0x00,0x2c,0x00,0x38,0x0b,0x00,0x02,0xc0,0x07,0x80,0xf0,0x00,0x2c,0x00,0xb5,0x6e,0x1f,0xff,0xff,0xea,0x1f,0x81,0xaa,0xaa,
0xa9,0x10,0x40,0x00,0x00,0x00,0x00,
/* U+65cf */
0x01,0x40,0x01,0x40,0x00,0x00,0x2c,0x00,0x2c,0x00,0x00,0x01,0xd0,0x03,0x80,0x00,0x00,0x0e,0x00,0x7f,0xff,0xfc,0xbf,0xff,
0x8b,0xaa,0xaa,0x86,0xba,0xa5,0xd0,0x00,0x00,0x0b,0x00,0x3c,0x70,0x00,0x00,0xb0,0x07,0x4b,0x00,0x00,0x0b,0x40,0x20,0xff,
0xff,0x40,0xbf,0xf4,0x2e,0xba,0xa4,0x0b,0xab,0x47,0x87,0x40,0x00,0xb0,0x34,0xb0,0x74,0x00,0x0b,0x03,0x41,0x07,0x40,0x00,
0xb0,0x35,0xaa,0xfe,0xa9,0x0e,0x07,0x5f,0xff,0xff,0xd0,0xe0,0x74,0x00,0xfc,0x00,0x1d,0x07,0x40,0x1d,0xe0,0x01,0xd0,0x74,
0x03,0xc7,0x40,0x2c,0x07,0x40,0xb4,0x28,0x03,0x80,0x74,0x2e,0x01,0xf4,0xb4,0x5f,0x0b,0x80,0x07,0xda,0x1f,0xd1,0xe0,0x00,
0x0a,0x00,0x40,0x04,0x00,0x00,0x00,
/* U+65d7 */
0x02,0x40,0x02,0x40,0x00,0x00,0x38,0x00,0xb0,0x00,0x00,0x02,0xc0,0x0f,0xaa,0xaa,0x91,0x5d,0x52,0xff,0xff,0xfd,0xbf,0xff,
0xb4,0x00,0x00,0x05,0xf5,0x5a,0x28,0x00,0x90,0x0e,0x00,0x03,0x80,0x1e,0x00,0xe0,0x02,0xff,0xff,0xfd,0x0f,0x55,0x17,0xd5,
0x5e,0x40,0xff,0xe0,0x38,0x00,0xd0,0x0e,0x5e,0x03,0xea,0xad,0x00,0xe0,0xe0,0x3e,0xaa,0xd0,0x0e,0x0e,0x03,0x80,0x0d,0x00,
0xe0,0xe0,0x3e,0xaa,0xd0,0x1d,0x0e,0x03,0xea,0xad,0x01,0xd0,0xe0,0x38,0x00,0xd0,0x2c,0x0e,0x17,0xd5,0x6e,0x52,0xc0,0xe7,
0xff,0xff,0xfe,0x38,0x0e,0x00,0x50,0x10,0x07,0x41,0xd0,0x1f,0x03,0xd0,0xb1,0x6c,0x1b,0x80,0x0b,0x8e,0x2f,0x43,0xd0,0x00,
0x1e,0x00,0x40,0x10,0x00,0x00,0x40,
/* U+65e0 */
0x05,0x55,0x55,0x55,0x54,0x00,0xbf,0xff,0xff,0xff,0xd0,0x05,0x55,0x7d,0x55,0x54,0x00,0x00,0x03,0xc0,0x00,0x00,0x00,0x00,
0x38,0x00,0x00,0x00,0x00,0x03,0x80,0x00,0x00,0x00,0x00,0x38,0x00,0x00,0x00,0x00,0x07,0x80,0x00,0x00,0x6a,0xaa,0xfe,0xaa,
0xaa,0x96,0xaa,0xaf,0xef,0xaa,0xa9,0x00,0x00,0xb0,0xb0,0x00,0x00,0x00,0x0f,0x0b,0x00,0x00,0x00,0x01,0xe0,0xb0,0x00,0x00,
0x00,0x2d,0x0b,0x00,0x00,0x00,0x07,0x80,0xb0,0x00,0x00,0x01,0xf4,0x0b,0x00,0x04,0x00,0x3d,0x00,0xb0,0x00,0xe0,0x1b,0x80,
0x0b,0x00,0x0d,0x0b,0xe0,0x00,0xb0,0x01,0xd7,0xf4,0x00,0x0b,0xaa,0xbc,0x78,0x00,0x00,0x2f,0xff,0x40,
/* U+65e5 */
0x2a,0xaa,0xaa,0xa9,0x7f,0xff,0xff,0xfe,0x78,0x00,0x00,0x0e,0x78,0x00,0x00,0x0e,0x78,0x00,0x00,0x0e,0x78,0x00,0x00,0x0e,
0x78,0x00,0x00,0x0e,0x78,0x00,0x00,0x0e,0x78,0x00,0x00,0x1e,0x7f,0xff,0xff,0xfe,0x7a,0xaa,0xaa,0xae,0x78,0x00,0x00,0x0e,
0x78,0x00,0x00,0x0e,0x78,0x00,0x00,0x0e,0x78,0x00,0x00,0x0e,0x78,0x00,0x00,0x0e,0x78,0x00,0x00,0x0e,0x79,0x55,0x55,0x5e,
0x7f,0xff,0xff,0xfe,0x79,0x55,0x55,0x6e,0x78,0x00,0x00,0x0e,0x10,0x00,0x00,0x05,
/* U+65e6 */
0x00,0x55,0x55,0x55,0x50,0x00,0x1f,0xff,0xff,0xff,0x40,0x01,0xe5,0x55,0x55,0xb4,0x00,0x1e,0x00,0x00,0x07,0x40,0x01,0xe0,
0x00,0x00,0x74,0x00,0x1e,0x00,0x00,0x07,0x40,0x01,0xe0,0x00,0x00,0x74,0x00,0x1f,0xff,0xff,0xff,0x40,0x01,0xea,0xaa,0xaa,
0xb4,0x00,0x1e,0x00,0x00,0x07,0x40,0x01,0xe0,0x00,0x00,0x74,0x00,0x1e,0x00,0x00,0x07,0x40,0x01,0xe0,0x00,0x00,0x74,0x00,
0x1e,0x55,0x55,0x5b,0x40,0x01,0xff,0xff,0xff,0xf4,0x00,0x05,0x55,0x55,0x55,0x00,0x00,0x00,0x00,0x00,0x00,0x00,0x00,0x00,
0x00,0x00,0x00,0x00,0x00,0x00,0x00,0x00,0x0b,0xff,0xff,0xff,0xff,0xfe,0x6a,0xaa,0xaa,0xaa,0xaa,0x90,
/* U+65e7 */
0x50,0x00,0x00,0x00,0x03,0xc0,0x15,0x55,0x55,0x5f,0x00,0xbf,0xff,0xff,0xbc,0x02,0xd5,0x55,0x5e,0xf0,0x0b,0x00,0x00,0x3b,
0xc0,0x2c,0x00,0x00,0xef,0x00,0xb0,0x00,0x03,0xbc,0x02,0xc0,0x00,0x0e,0xf0,0x0b,0x00,0x00,0x3b,0xc0,0x2c,0x00,0x00,0xef,
0x00,0xb5,0x55,0x57,0xbc,0x02,0xff,0xff,0xfe,0xf0,0x0b,0x55,0x55,0x7b,0xc0,0x2c,0x00,0x00,0xef,0x00,0xb0,0x00,0x03,0xbc,
0x02,0xc0,0x00,0x0e,0xf0,0x0b,0x00,0x00,0x3b,0xc0,0x2c,0x00,0x00,0xef,0x00,0xb0,0x00,0x03,0xbc,0x02,0xea,0xaa,0xae,0xf0,
0x0b,0xff,0xff,0xfb,0xc0,0x2c,0x00,0x00,0xe5,0x00,0x00,0x00,0x01,0x00,
/* U+65ec */
0x00,0x18,0x00,0x00,0x00,0x00,0x3c,0x00,0x00,0x00,0x00,0xb8,0x00,0x00,0x00,0x00,0xff,0xff,0xff,0xff,0x01,0xea,0xaa,0xaa,
0xaf,0x03,0xc0,0x00,0x00,0x0b,0x0b,0x40,0x00,0x00,0x0b,0x2e,0x55,0x55,0x50,0x0b,0xbc,0xff,0xff,0xe0,0x0b,0xf0,0xe0,0x01,
0xe0,0x0b,0x40,0xe0,0x00,0xe0,0x0f,0x00,0xe0,0x00,0xe0,0x0f,0x00,0xfa,0xaa,0xe0,0x0f,0x00,0xfa,0xaa,0xe0,0x0f,0x00,0xe0,
0x00,0xe0,0x0e,0x00,0xe0,0x00,0xe0,0x0e,0x00,0xe0,0x01,0xe0,0x0e,0x00,0xff,0xff,0xe0,0x0e,0x00,0x55,0x55,0x50,0x1e,0x00,
0x00,0x00,0x00,0x2d,0x00,0x00,0x00,0x55,0xb8,0x00,0x00,0x00,0xff,0xe0,0x00,0x00,0x00,0x05,0x00,
/* U+65f6 */
0x00,0x00,0x00,0x00,0x50,0x00,0x00,0x00,0x00,0x2c,0x0a,0xaa,0x80,0x00,0x0b,0x03,0xea,0xf0,0x00,0x02,0xc0,0xe0,0x2c,0x55,
0x55,0xb5,0x78,0x0b,0x3f,0xff,0xff,0xfe,0x02,0xc5,0x55,0x5f,0x57,0x80,0xb0,0x00,0x02,0xc0,0xe0,0x2c,0x00,0x00,0xb0,0x3e,
0xaf,0x01,0x00,0x2c,0x0f,0xff,0xc3,0xc0,0x0b,0x03,0x80,0xb0,0x78,0x02,0xc0,0xe0,0x2c,0x0b,0x40,0xb0,0x38,0x0b,0x00,0xe0,
0x2c,0x0e,0x02,0xc0,0x2d,0x0b,0x03,0x80,0xb0,0x03,0x42,0xc0,0xe5,0x7c,0x00,0x00,0xb0,0x3f,0xff,0x00,0x00,0x2c,0x0e,0x57,
0xc0,0x00,0x0b,0x03,0x80,0xa0,0x00,0x02,0xc0,0x50,0x00,0x01,0x56,0xf0,0x00,0x00,0x00,0xbf,0xf4,0x00,
/* U+65fa */
0x00,0x00,0x6a,0xaa,0xaa,0x7f,0xfe,0x2f,0xff,0xff,0xde,0xab,0xc0,0x01,0xd0,0x03,0x80,0xf0,0x00,0x74,0x00,0xe0,0x3c,0x00,
0x1d,0x00,0x38,0x0f,0x00,0x07,0x40,0x0e,0x03,0xc0,0x01,0xd0,0x03,0x80,0xf0,0x00,0x74,0x00,0xea,0xbc,0x00,0x1d,0x00,0x3f,
0xff,0x0f,0xff,0xff,0x8e,0x03,0xc2,0xab,0xfa,0xa3,0x80,0xf0,0x00,0x74,0x00,0xe0,0x3c,0x00,0x1d,0x00,0x38,0x0f,0x00,0x07,
0x40,0x0e,0x03,0xc0,0x01,0xd0,0x03,0x95,0xf0,0x00,0x74,0x00,0xff,0xfc,0x00,0x1d,0x00,0x39,0x5f,0x00,0x07,0x40,0x0e,0x02,
0x85,0x56,0xd5,0x50,0x00,0x03,0xff,0xff,0xfe,0x00,0x00,0x55,0x55,0x55,0x40,
/* U+6602 */
0x06,0xaa,0xaa,0xaa,0x90,0x07,0xea,0xaa,0xab,0xd0,0x07,0x40,0x00,0x01,0xd0,0x07,0x55,0x55,0x55,0xd0,0x07,0xff,0xff,0xff,
0xd0,0x07,0x55,0x55,0x55,0xd0,0x07,0x40,0x00,0x01,0xd0,0x07,0xff,0xff,0xff,0xd0,0x06,0xaa,0xaa,0xaa,0x90,0x00,0x01,0x40,
0x00,0x00,0x01,0xaf,0xc5,0x55,0x54,0x2f,0xe9,0x07,0xff,0xfd,0x3d,0x00,0x07,0x55,0x6d,0x38,0x00,0x07,0x40,0x1d,0x38,0x00,
0x07,0x40,0x1d,0x38,0x00,0x07,0x40,0x1d,0x38,0x05,0x47,0x40,0x1d,0x3a,0xbf,0xc7,0x45,0x6c,0x7f,0xe5,0x07,0x4b,0xf8,0x24,
0x00,0x07,0x41,0x40,0x00,0x00,0x07,0x40,0x00,0x00,0x00,0x06,0x00,0x00,
/* U+6606 */
0x2a,0xaa,0xaa,0xaa,0x40,0x2e,0xaa,0xaa,0xab,0x80,0x2c,0x00,0x00,0x03,0x80,0x2d,0x55,0x55,0x57,0x80,0x2f,0xff,0xff,0xff,
0x80,0x2d,0x55,0x55,0x57,0x80,0x2c,0x00,0x00,0x03,0x80,0x2e,0xaa,0xaa,0xab,0x80,0x2f,0xff,0xff,0xff,0x80,0x00,0x00,0x00,
0x00,0x00,0x38,0x00,0x0e,0x00,0x00,0x38,0x00,0x0e,0x00,0x64,0x39,0x55,0x0e,0x6b,0xf4,0x3f,0xff,0x0f,0xfe,0x40,0x39,0x55,
0x0e,0x40,0x00,0x38,0x00,0x0e,0x00,0x00,0x38,0x00,0x0e,0x00,0x14,0x38,0x00,0x0e,0x00,0x1d,0x38,0x16,0x4e,0x00,0x2c,0x7e,
0xff,0x4f,0xaa,0xbc,0xbe,0x90,0x07,0xff,0xe4,
/* U+660c */
0x0a,0xaa,0xaa,0xaa,0x00,0xff,0xff,0xff,0xf4,0x0e,0x00,0x00,0x07,0x40,0xe0,0x00,0x00,0xb4,0x0f,0xff,0xff,0xff,0x40,0xe5,
0x55,0x55,0xb4,0x0e,0x00,0x00,0x07,0x40,0xea,0xaa,0xaa,0xb4,0x0f,0xff,0xff,0xff,0x40,0x00,0x00,0x00,0x00,0x00,0x00,0x00,
0x00,0x0b,0xff,0xff,0xff,0xfe,0xba,0xaa,0xaa,0xaa,0xeb,0x00,0x00,0x00,0x0e,0xb0,0x00,0x00,0x00,0xeb,0xff,0xff,0xff,0xfe,
0xb5,0x55,0x55,0x55,0xeb,0x00,0x00,0x00,0x0e,0xb5,0x55,0x55,0x55,0xeb,0xff,0xff,0xff,0xfe,0xb5,0x55,0x55,0x55,0xe5,0x00,
0x00,0x00,0x05,
/* U+660e */
0x55,0x54,0x0a,0xaa,0xaa,0xff,0xfd,0x1f,0xff,0xfe,0xf5,0x6d,0x1e,0x00,0x0e,0xe0,0x1d,0x1e,0x00,0x0e,0xe0,0x1d,0x1e,0x00,
0x0e,0xe0,0x1d,0x1e,0x00,0x0e,0xe0,0x1d,0x1f,0xff,0xfe,0xe0,0x1d,0x1f,0xaa,0xae,0xff,0xfd,0x1e,0x00,0x0e,0xfa,0xbd,0x1e,
0x00,0x0e,0xe0,0x1d,0x1e,0x00,0x0e,0xe0,0x1d,0x1e,0x55,0x5e,0xe0,0x1d,0x1f,0xff,0xfe,0xe0,0x1d,0x1e,0x55,0x5e,0xe0,0x1d,
0x2d,0x00,0x0e,0xf5,0x6d,0x2c,0x00,0x0e,0xff,0xfd,0x38,0x00,0x0e,0xf5,0x54,0x78,0x00,0x0e,0xe0,0x00,0xf4,0x00,0x0e,0x50,
0x01,0xe0,0x05,0x6d,0x00,0x01,0xc0,0x0f,0xf8,0x00,0x00,0x40,0x01,0x40,
/* U+6613 */
0x06,0xaa,0xaa,0xaa,0x90,0x1f,0xaa,0xaa,0xaf,0x40,0x74,0x00,0x00,0x1d,0x01,0xe5,0x55,0x55,0x74,0x07,0xff,0xff,0xff,0xd0,
0x1e,0x55,0x55,0x57,0x40,0x74,0x00,0x00,0x1d,0x01,0xfa,0xaa,0xaa,0xb4,0x06,0xaf,0xaa,0xaa,0x90,0x00,0xb4,0x00,0x00,0x00,
0x0b,0x95,0x55,0x55,0x41,0xff,0xff,0xff,0xff,0x7f,0x55,0xf5,0x7d,0x6f,0xe0,0x0f,0x01,0xd0,0xb4,0x01,0xf0,0x0e,0x02,0xc0,
0x2f,0x40,0xb4,0x0b,0x0b,0xe0,0x0b,0x40,0x38,0xb8,0x01,0xf4,0x01,0xe0,0x40,0x2f,0x40,0x0b,0x40,0x1b,0xe0,0x15,0xbc,0x00,
0x79,0x00,0xff,0xd0,
/* U+6614 */
0x00,0x05,0x00,0x05,0x00,0x00,0x00,0xe0,0x00,0xb0,0x00,0x00,0x0e,0x00,0x0b,0x00,0x01,0xff,0xff,0xff,0xff,0xf8,0x1a,0xaf,
0xaa,0xaf,0xaa,0x40,0x00,0xe0,0x00,0xb0,0x00,0x00,0x0e,0x00,0x0b,0x00,0x01,0x55,0xe5,0x55,0xb5,0x54,0x7f,0xff,0xff,0xff,
0xff,0xd1,0x55,0x55,0x55,0x55,0x54,0x00,0x00,0x00,0x00,0x00,0x00,0x1a,0xaa,0xaa,0xaa,0x40,0x01,0xfa,0xaa,0xaa,0xf4,0x00,
0x1d,0x00,0x00,0x07,0x40,0x01,0xd0,0x00,0x00,0x74,0x00,0x1e,0xaa,0xaa,0xab,0x40,0x01,0xff,0xff,0xff,0xf4,0x00,0x1d,0x00,
0x00,0x07,0x40,0x01,0xd0,0x00,0x00,0x74,0x00,0x1e,0x55,0x55,0x5b,0x40,0x01,0xff,0xff,0xff,0xf4,0x00,0x1e,0x55,0x55,0x57,
0x40,0x00,0x40,0x00,0x00,0x10,0x00,
/* U+661f */
0x07,0xff,0xff,0xff,0xf4,0x01,0xea,0xaa,0xaa,0xad,0x00,0x74,0x00,0x00,0x07,0x40,0x1e,0x55,0x55,0x56,0xd0,0x07,0xff,0xff,
0xff,0xf4,0x01,0xd0,0x00,0x00,0x1d,0x00,0x74,0x00,0x00,0x07,0x40,0x1f,0xaa,0xaa,0xab,0xd0,0x06,0xaa,0xaa,0xaa,0xa4,0x00,
0x90,0x02,0x40,0x00,0x00,0x74,0x00,0xe0,0x00,0x00,0x3e,0xaa,0xbe,0xaa,0xa8,0x1f,0xff,0xff,0xff,0xfe,0x0f,0x00,0x03,0x80,
0x00,0x0b,0x40,0x00,0xe0,0x00,0x03,0x86,0xaa,0xbe,0xaa,0xa0,0x81,0xaa,0xaf,0xaa,0xa8,0x00,0x00,0x03,0x80,0x00,0x00,0x00,
0x00,0xe0,0x00,0x01,0xaa,0xaa,0xbe,0xaa,0xaa,0x6a,0xaa,0xaa,0xaa,0xaa,0x80,
/* U+6625 */
0x00,0x00,0x0a,0x00,0x00,0x00,0x00,0x01,0xe0,0x00,0x00,0x1f,0xff,0xff,0xff,0xff,0x41,0x55,0x57,0xd5,0x55,0x54,0x00,0x00,
0x38,0x00,0x00,0x00,0x6a,0xab,0xea,0xaa,0x90,0x07,0xff,0xff,0xff,0xfd,0x00,0x00,0x1e,0x00,0x00,0x00,0x15,0x56,0xd5,0x55,
0x55,0x47,0xff,0xff,0xff,0xff,0xfd,0x15,0x6e,0x55,0x57,0xd5,0x40,0x07,0xc0,0x00,0x1e,0x00,0x01,0xfe,0xaa,0xaa,0xf8,0x01,
0xbf,0xea,0xaa,0xbe,0xf4,0xbe,0x78,0x00,0x01,0xd7,0xea,0x07,0x80,0x00,0x1d,0x0a,0x00,0x7f,0xff,0xff,0xd0,0x00,0x07,0xaa,
0xaa,0xad,0x00,0x00,0x78,0x00,0x01,0xd0,0x00,0x07,0x80,0x00,0x1d,0x00,0x00,0x7f,0xff,0xff,0xd0,0x00,0x07,0x95,0x55,0x6d,
0x00,0x00,0x14,0x00,0x01,0x40,0x00,
/* U+662d */
0x00,0x00,0x6a,0xaa,0xaa,0xaa,0xa8,0x7f,0xff,0xff,0xfa,0xbc,0x00,0xe0,0x0b,0xe0,0x2c,0x00,0xe0,0x0b,0xe0,0x2c,0x01,0xd0,
0x0f,0xe0,0x2c,0x03,0xc0,0x0e,0xe0,0x2c,0x07,0x40,0x0e,0xe0,0x2c,0x1e,0x00,0x1e,0xfa,0xbc,0x7c,0x06,0xbd,0xff,0xfc,0xa0,
0x06,0xe4,0xe0,0x2c,0x00,0x00,0x00,0xe0,0x2c,0x2a,0xaa,0xa9,0xe0,0x2c,0x3f,0xff,0xfe,0xe0,0x2c,0x3c,0x00,0x0e,0xe0,0x2c,
0x3c,0x00,0x0e,0xf5,0x6c,0x3c,0x00,0x0e,0xff,0xfc,0x3c,0x00,0x0e,0xe5,0x6c,0x3c,0x00,0x0e,0xe0,0x2c,0x3d,0x55,0x6e,0x50,
0x00,0x3f,0xff,0xfe,0x00,0x00,0x3d,0x55,0x5e,0x00,0x00,0x14,0x00,0x05,
/* U+662f */
0x00,0xaa,0xaa,0xaa,0xa4,0x00,0x1f,0xaa,0xaa,0xab,0x40,0x01,0xe0,0x00,0x00,0x74,0x00,0x1e,0x55,0x55,0x5b,0x40,0x01,0xff,
0xff,0xff,0xf4,0x00,0x1e,0x00,0x00,0x07,0x40,0x01,0xe0,0x00,0x00,0x74,0x00,0x1f,0xff,0xff,0xff,0x40,0x00,0xaa,0xaa,0xaa,
0xa4,0x00,0x00,0x00,0x00,0x00,0x00,0x6a,0xaa,0xaa,0xaa,0xaa,0x9b,0xff,0xff,0xff,0xff,0xfe,0x00,0x00,0x0b,0x00,0x00,0x00,
0x07,0x40,0xb0,0x00,0x00,0x00,0xf0,0x0b,0x55,0x54,0x00,0x1e,0x00,0xbf,0xff,0xc0,0x02,0xf4,0x0b,0x40,0x00,0x00,0xb9,0xd0,
0xb0,0x00,0x00,0x1f,0x0b,0x8b,0x00,0x00,0x07,0xd0,0x2f,0xfa,0xaa,0xa9,0x74,0x00,0x1a,0xff,0xff,0xd0,
/* U+663e */
0x02,0xaa,0xaa,0xaa,0xa8,0x00,0x3f,0xff,0xff,0xff,0xc0,0x03,0xc0,0x00,0x00,0x2c,0x00,0x3c,0x00,0x00,0x02,0xc0,0x03,0xea,
0xaa,0xaa,0xbc,0x00,0x3f,0xff,0xff,0xff,0xc0,0x03,0xc0,0x00,0x00,0x2c,0x00,0x3c,0x00,0x00,0x02,0xc0,0x03,0xea,0xaa,0xaa,
0xbc,0x00,0x3f,0xff,0xff,0xff,0xc0,0x00,0x00,0x00,0x00,0x00,0x00,0x00,0x19,0x06,0x40,0x00,0x09,0x01,0xd0,0x74,0x07,0x40,
0xf0,0x1d,0x07,0x40,0xf0,0x07,0x81,0xd0,0x74,0x1d,0x00,0x2c,0x1d,0x07,0x43,0xc0,0x01,0xe1,0xd0,0x74,0xb4,0x00,0x08,0x1d,
0x07,0x46,0x00,0x00,0x01,0xd0,0x74,0x00,0x07,0xff,0xff,0xff,0xff,0xfd,0x6a,0xaa,0xaa,0xaa,0xaa,0x90,
/* U+6643 */
0x02,0xaa,0xaa,0xaa,0xa8,0x00,0x3e,0xaa,0xaa,0xab,0xc0,0x03,0xc0,0x00,0x00,0x3c,0x00,0x3d,0x55,0x55,0x57,0xc0,0x03,0xff,
0xff,0xff,0xfc,0x00,0x3c,0x00,0x00,0x03,0xc0,0x03,0xc0,0x00,0x00,0x3c,0x00,0x3f,0xff,0xff,0xff,0xc0,0x01,0x55,0x5f,0x55,
0x54,0x00,0x1d,0x00,0xf0,0x07,0x40,0x00,0xf0,0x0f,0x00,0xe0,0x00,0x07,0x80,0xf0,0x2c,0x00,0x00,0x18,0x0f,0x02,0x40,0x07,
0xff,0xff,0xff,0xff,0xfd,0x6a,0xab,0xea,0xbe,0xaa,0x90,0x00,0x38,0x03,0x80,0x00,0x00,0x07,0x40,0x38,0x00,0x00,0x01,0xf0,
0x03,0x80,0x0d,0x00,0xbd,0x00,0x38,0x01,0xd5,0xbe,0x40,0x03,0xea,0xbc,0xbe,0x40,0x00,0x1f,0xff,0x81,0x00,0x00,0x00,0x00,
0x00,
/* U+664b */
0x1a,0xaa,0xaa,0xaa,0xaa,0x42,0xff,0xff,0xff,0xff,0xf8,0x00,0x01,0xd0,0x74,0x00,0x00,0x74,0x1d,0x07,0x42,0xc0,0x02,0xc1,
0xd0,0x74,0x78,0x00,0x1e,0x1d,0x07,0x4b,0x00,0x00,0xa1,0xd0,0x74,0xa0,0x01,0x55,0x6e,0x5b,0x95,0x54,0x7f,0xff,0xff,0xff,
0xff,0xd1,0x55,0x55,0x55,0x55,0x54,0x00,0x00,0x00,0x00,0x00,0x00,0x2a,0xaa,0xaa,0xaa,0x80,0x02,0xea,0xaa,0xaa,0xb8,0x00,
0x2c,0x00,0x00,0x03,0x80,0x02,0xc0,0x00,0x00,0x38,0x00,0x2f,0xff,0xff,0xff,0x80,0x02,0xea,0xaa,0xaa,0xb8,0x00,0x2c,0x00,
0x00,0x03,0x80,0x02,0xc0,0x00,0x00,0x38,0x00,0x2f,0xff,0xff,0xff,0x80,0x02,0xd5,0x55,0x55,0x78,0x00,0x18,0x00,0x00,0x02,
0x40,
/* U+664f */
0x01,0xaa,0xaa,0xaa,0xa8,0x00,0x2e,0xaa,0xaa,0xab,0x80,0x02,0xc0,0x00,0x00,0x38,0x00,0x2e,0xaa,0xaa,0xab,0x80,0x02,0xea,
0xaa,0xaa,0xb8,0x00,0x2c,0x00,0x00,0x03,0x80,0x02,0xff,0xff,0xff,0xf8,0x00,0x1a,0xaa,0xea,0xaa,0x40,0x00,0x00,0x0b,0x00,
0x00,0x00,0xff,0xff,0xff,0xff,0xf4,0x0e,0xaa,0xaa,0xaa,0xab,0x40,0xe0,0x02,0x80,0x00,0x74,0x05,0x00,0xb4,0x00,0x01,0x06,
0xaa,0xaf,0xaa,0xaa,0xa9,0x2a,0xaf,0xea,0xab,0xea,0x90,0x01,0xe0,0x00,0x78,0x00,0x00,0x3e,0x40,0x1e,0x00,0x00,0x01,0xaf,
0xeb,0x80,0x00,0x00,0x00,0x2f,0xfe,0x40,0x00,0x55,0xaf,0xe5,0xbf,0x90,0x1f,0xfe,0x90,0x00,0x6f,0x80,0x50,0x00,0x00,0x00,
0x10,
/* U+6656 */
0x00,0x00,0xaa,0xaa,0xaa,0x6a,0xa9,0x3f,0xff,0xff,0xdf,0xab,0x8e,0x00,0x00,0x77,0x80,0xe3,0x83,0x80,0x1d,0xe0,0x38,0x51,
0xd0,0x01,0x38,0x0e,0x15,0xb9,0x55,0x4e,0x03,0x8b,0xff,0xff,0xf7,0x80,0xe0,0x2d,0x00,0x00,0xfa,0xb8,0x0e,0x09,0x00,0x3f,
0xfe,0x0b,0x47,0x40,0x0e,0x03,0x83,0x81,0xd0,0x03,0x80,0xe1,0xfa,0xbe,0xa8,0xe0,0x38,0x6a,0xaf,0xaa,0x38,0x0e,0x00,0x07,
0x40,0x0e,0x03,0x80,0x01,0xd0,0x03,0x96,0xe1,0x55,0xb9,0x55,0xff,0xf9,0xff,0xff,0xff,0xf8,0x1e,0x15,0x57,0x95,0x5e,0x03,
0x40,0x01,0xd0,0x01,0x40,0x00,0x00,0x74,0x00,0x00,0x00,0x00,0x1d,0x00,0x00,0x00,0x00,0x01,0x40,0x00,
/* U+666e */
0x00,0x18,0x00,0x06,0x00,0x00,0x01,0xe0,0x00,0xb0,0x00,0x00,0x0b,0x00,0x1e,0x00,0x02,0xff,0xff,0xff,0xff,0xf8,0x1a,0xaa,
0xea,0xba,0xaa,0x40,0x14,0x0e,0x0b,0x00,0x80,0x02,0xc0,0xe0,0xb0,0x2c,0x00,0x1e,0x0e,0x0b,0x07,0x40,0x00,0xa0,0xe0,0xb0,
0xa0,0x06,0xaa,0xaf,0xaf,0xaa,0xa9,0xbf,0xff,0xff,0xff,0xff,0xe0,0x00,0x00,0x00,0x00,0x00,0x00,0x55,0x55,0x55,0x50,0x00,
0x1f,0xff,0xff,0xff,0x40,0x01,0xd0,0x00,0x00,0x74,0x00,0x1d,0x00,0x00,0x07,0x40,0x01,0xea,0xaa,0xaa,0xb4,0x00,0x1e,0xaa,
0xaa,0xab,0x40,0x01,0xd0,0x00,0x00,0x74,0x00,0x1d,0x55,0x55,0x57,0x40,0x01,0xff,0xff,0xff,0xf4,0x00,0x1d,0x55,0x55,0x5b,
0x40,0x00,0x40,0x00,0x00,0x10,0x00,
/* U+666f */
0x02,0xff,0xff,0xff,0xfc,0x00,0x3d,0x55,0x55,0x57,0xc0,0x03,0x80,0x00,0x00,0x2c,0x00,0x3f,0xff,0xff,0xff,0xc0,0x03,0x80,
0x00,0x00,0x2c,0x00,0x3d,0x55,0x55,0x57,0xc0,0x02,0xff,0xff,0xff,0xfc,0x00,0x00,0x01,0xe0,0x00,0x00,0x6a,0xaa,0xaf,0xaa,
0xaa,0x96,0xaa,0xaa,0xaa,0xaa,0xa9,0x00,0x00,0x00,0x00,0x00,0x00,0x1f,0xff,0xff,0xff,0x80,0x01,0xe5,0x55,0x55,0x78,0x00,
0x1d,0x00,0x00,0x03,0x80,0x01,0xe5,0x55,0x55,0x78,0x00,0x1f,0xff,0xff,0xff,0x80,0x00,0x00,0x0b,0x00,0x00,0x00,0x07,0xc0,
0xb0,0x79,0x00,0x06,0xf4,0x0b,0x02,0xfe,0x07,0xf8,0x15,0xb0,0x01,0xbe,0x74,0x02,0xfe,0x00,0x01,0xa0,0x00,0x15,0x40,0x00,
0x00,
/* U+6674 */
0x00,0x00,0x00,0x18,0x00,0x00,0x00,0x00,0x0b,0x00,0x0a,0xaa,0x4b,0xff,0xff,0xf7,0xea,0xe1,0x55,0xb5,0x54,0xe0,0x38,0x00,
0x2c,0x00,0x38,0x0e,0x0f,0xff,0xff,0x8e,0x03,0x81,0x56,0xd5,0x53,0x80,0xe0,0x00,0xb0,0x00,0xe0,0x39,0xff,0xff,0xff,0xfe,
0xae,0x6a,0xaa,0xaa,0x9f,0xff,0x80,0x00,0x00,0x03,0x80,0xe0,0xbf,0xff,0xf4,0xe0,0x38,0x2d,0x55,0x6d,0x38,0x0e,0x0b,0x00,
0x07,0x4e,0x03,0x82,0xff,0xff,0xd3,0x80,0xe0,0xba,0xaa,0xb4,0xe5,0x78,0x2c,0x00,0x1d,0x3f,0xfe,0x0b,0xaa,0xaf,0x4e,0x57,
0x82,0xea,0xaa,0xd3,0x80,0xd0,0xb0,0x00,0x74,0x50,0x00,0x2c,0x01,0x6d,0x00,0x00,0x0b,0x00,0xfe,0x00,0x00,0x01,0x40,0x15,
0x00,
/* U+6682 */
0x00,0xa0,0x00,0x00,0x01,0x01,0x5e,0x55,0x40,0x16,0xf8,0xbf,0xff,0xfd,0x3f,0xf9,0x05,0xb9,0x55,0x43,0x90,0x00,0x0b,0x09,
0x00,0x38,0x00,0x02,0xd0,0xd0,0x03,0x80,0x00,0x2f,0xff,0xfd,0x7f,0xff,0xe1,0x55,0xe5,0x47,0x96,0xe5,0x00,0x0d,0x00,0x70,
0x1c,0x01,0x56,0xfa,0xcb,0x01,0xc0,0x7f,0xff,0xa9,0xe0,0x1c,0x01,0x00,0xd0,0x2c,0x01,0xc0,0x00,0x09,0x00,0x40,0x18,0x00,
0x1a,0xaa,0xaa,0xaa,0x80,0x02,0xff,0xff,0xff,0xfc,0x00,0x2c,0x00,0x00,0x02,0xc0,0x02,0xd5,0x55,0x55,0x6c,0x00,0x2f,0xff,
0xff,0xff,0xc0,0x02,0xc0,0x00,0x00,0x2c,0x00,0x2c,0x00,0x00,0x02,0xc0,0x02,0xff,0xff,0xff,0xfc,0x00,0x2d,0x55,0x55,0x57,
0xc0,0x01,0x40,0x00,0x00,0x14,0x00,
/* U+6697 */
0x00,0x00,0x00,0x64,0x00,0x00,0x00,0x00,0x1e,0x00,0x0f,0xff,0x45,0x57,0xd5,0x53,0xea,0xd2,0xff,0xff,0xfd,0xe0,0x74,0x5f,
0x55,0xb9,0x38,0x1d,0x02,0xc0,0x2c,0x0e,0x07,0x40,0x74,0x0a,0x03,0x81,0xd0,0x1d,0x03,0x80,0xe0,0x75,0xab,0xea,0xea,0x7e,
0xad,0x7f,0xff,0xff,0xef,0xff,0x40,0x00,0x00,0x03,0x81,0xd0,0x00,0x00,0x00,0xe0,0x74,0x3f,0xff,0xfd,0x38,0x1d,0x0e,0x55,
0x5b,0x4e,0x07,0x43,0x80,0x01,0xd3,0x81,0xd0,0xe0,0x00,0x74,0xe5,0xb4,0x3f,0xff,0xfd,0x3f,0xfd,0x0e,0x55,0x5b,0x4e,0x57,
0x43,0x80,0x01,0xd3,0x80,0x90,0xe5,0x55,0x74,0x00,0x00,0x3f,0xff,0xfd,0x00,0x00,0x0e,0x55,0x5b,0x40,0x00,0x01,0x40,0x00,
0x40,
/* U+66a8 */
0x2f,0xff,0xd6,0xaa,0xaa,0x42,0x95,0x5d,0x6a,0xae,0xa4,0x29,0x55,0xd1,0x81,0xc0,0x02,0xea,0xad,0x28,0x2c,0x00,0x28,0x00,
0xd3,0xeb,0xea,0x82,0xff,0xfd,0x6a,0xfe,0xa8,0x29,0x5b,0x40,0x1f,0xc0,0x02,0x80,0x74,0x07,0x9c,0x0d,0x39,0xaf,0xd2,0xf1,
0xe6,0xd7,0xfe,0x4a,0xb8,0x0b,0xf8,0x14,0x00,0x00,0x00,0x00,0x00,0x1f,0xff,0xff,0xff,0x40,0x01,0xd5,0x55,0x55,0xb4,0x00,
0x1d,0x55,0x55,0x57,0x40,0x01,0xff,0xff,0xff,0xf4,0x00,0x1d,0x00,0x00,0x07,0x40,0x01,0xd5,0x55,0x55,0xb4,0x00,0x1f,0xff,
0xff,0xff,0x40,0x00,0x00,0x00,0x00,0x00,0x06,0xaa,0xaa,0xaa,0xaa,0xa9,0x6a,0xaa,0xaa,0xaa,0xaa,0x90,
/* U+66d9 */
0x00,0x01,0xaa,0xaa,0xaa,0x3f,0xf8,0x7a,0xfa,0xeb,0x8e,0xae,0x1c,0x28,0x70,0xa3,0x82,0x87,0x5a,0x5d,0x68,0xe0,0xa1,0xff,
0xff,0xfe,0x38,0x28,0x00,0x78,0x00,0x0e,0x0a,0x05,0x5e,0x54,0xa3,0x82,0x83,0xff,0xff,0xb4,0xea,0xe0,0x01,0xe0,0xb8,0x3f,
0xf8,0x55,0x79,0xb9,0x5e,0x0a,0x7f,0xff,0xff,0xfb,0x82,0x85,0x57,0xe5,0x54,0xe0,0xa0,0x1b,0xe5,0x54,0x38,0x29,0xbf,0xff,
0xff,0x4e,0x0a,0xbb,0x95,0x55,0xd3,0x97,0x80,0xe5,0x55,0x74,0xff,0xe0,0x3f,0xff,0xfd,0x39,0x78,0x0e,0x55,0x57,0x4e,0x05,
0x03,0x80,0x01,0xd0,0x00,0x00,0xff,0xff,0xf4,0x00,0x00,0x39,0x55,0x6d,0x00,0x00,0x05,0x00,0x01,0x00,
/* U+66f2 */
0x00,0x06,0x00,0x90,0x00,0x00,0x0b,0x01,0xe0,0x00,0x00,0x0b,0x01,0xe0,0x00,0x00,0x0b,0x01,0xe0,0x00,0x15,0x5b,0x96,0xe5,
0x54,0x7f,0xff,0xff,0xff,0xfd,0x79,0x5b,0x55,0xe5,0x6d,0x74,0x0b,0x01,0xe0,0x1d,0x74,0x0b,0x01,0xe0,0x1d,0x74,0x0b,0x01,
0xe0,0x1d,0x74,0x0b,0x01,0xe0,0x1d,0x79,0x5b,0x55,0xe5,0x6d,0x7f,0xff,0xff,0xff,0xfd,0x79,0x5b,0x55,0xe5,0x6d,0x74,0x0b,
0x01,0xe0,0x1d,0x74,0x0b,0x01,0xe0,0x1d,0x74,0x0b,0x01,0xe0,0x1d,0x74,0x0b,0x01,0xe0,0x1d,0x74,0x0b,0x01,0xe0,0x1d,0x7a,
0xab,0xaa,0xea,0xad,0x7f,0xff,0xff,0xff,0xfd,0x74,0x00,0x00,0x00,0x1d,0x10,0x00,0x00,0x00,0x04,
/* U+66f4 */
0x6a,0xaa,0xaa,0xaa,0xaa,0x97,0xff,0xff,0xff,0xff,0xfd,0x00,0x00,0x0f,0x00,0x00,0x00,0x00,0x00,0xf0,0x00,0x00,0x07,0xff,
0xff,0xff,0xfd,0x00,0x7a,0xaa,0xfa,0xaa,0xd0,0x07,0x40,0x0f,0x00,0x1d,0x00,0x74,0x00,0xf0,0x01,0xd0,0x07,0xff,0xff,0xff,
0xfd,0x00,0x79,0x55,0xf5,0x56,0xd0,0x07,0x40,0x0f,0x00,0x1d,0x00,0x74,0x00,0xe0,0x01,0xd0,0x07,0xff,0xff,0xff,0xfd,0x00,
0x2a,0xaa,0xea,0xaa,0x80,0x00,0x90,0x2d,0x00,0x00,0x00,0x0b,0x83,0xc0,0x00,0x00,0x00,0x1f,0xb8,0x00,0x00,0x00,0x00,0x7f,
0x90,0x00,0x00,0x00,0x1b,0xef,0xe4,0x00,0x05,0xaf,0xe0,0x1b,0xfe,0xa5,0xbf,0x90,0x00,0x06,0xbf,0xf1,0x00,0x00,0x00,0x00,
0x05,
/* U+66f9 */
0x00,0x02,0x80,0x28,0x00,0x00,0x00,0x2c,0x03,0x80,0x00,0xbf,0xff,0xff,0xff,0xff,0xe5,0x55,0x7d,0x57,0xd5,0x55,0x00,0x02,
0xc0,0x38,0x00,0x00,0xff,0xff,0xff,0xff,0xf0,0x0e,0xab,0xea,0xbe,0xab,0x00,0xe0,0x2c,0x03,0x80,0xb0,0x0f,0xab,0xea,0xbe,
0xaf,0x00,0xe5,0x7d,0x57,0xd5,0xb0,0x0e,0x02,0xc0,0x38,0x0b,0x00,0xfa,0xbe,0xab,0xea,0xf0,0x0a,0xaa,0xaa,0xaa,0xaa,0x00,
0x00,0x00,0x00,0x00,0x00,0x01,0xff,0xff,0xff,0xf8,0x00,0x1e,0x55,0x55,0x5b,0x80,0x01,0xd0,0x00,0x00,0x78,0x00,0x1f,0xff,
0xff,0xff,0x80,0x01,0xe5,0x55,0x55,0xb8,0x00,0x1d,0x00,0x00,0x07,0x80,0x01,0xff,0xff,0xff,0xf8,0x00,0x1e,0x55,0x55,0x5b,
0x80,0x01,0x40,0x00,0x00,0x14,0x00,
/* U+66fc */
0x01,0xaa,0xaa,0xaa,0xa8,0x00,0x2e,0x55,0x55,0x57,0x80,0x02,0xd0,0x00,0x00,0x38,0x00,0x2f,0xff,0xff,0xff,0x80,0x02,0xc0,
0x00,0x00,0x38,0x00,0x2e,0xaa,0xaa,0xab,0x80,0x01,0xaa,0xaa,0xaa,0xa8,0x00,0x00,0x00,0x00,0x00,0x00,0x2f,0xff,0xff,0xff,
0xff,0x82,0xd5,0x7d,0x57,0xd5,0x78,0x2c,0x03,0xc0,0x3c,0x03,0x82,0xea,0xbe,0xab,0xea,0xb8,0x1a,0xaa,0xaa,0xaa,0xaa,0x40,
0x00,0x00,0x00,0x00,0x00,0x0f,0xff,0xff,0xff,0xfd,0x00,0x5b,0xd5,0x55,0x5b,0x80,0x00,0x1f,0x40,0x07,0xd0,0x00,0x00,0x2f,
0x5b,0xe0,0x00,0x00,0x01,0xbf,0xf4,0x00,0x05,0x6b,0xfe,0x9b,0xfa,0x54,0x7f,0xa9,0x00,0x06,0xbf,0xe1,0x00,0x00,0x00,0x00,
0x14,
/* U+66fe */
0x00,0x50,0x00,0x64,0x00,0x0e,0x00,0x0b,0x00,0x00,0xb0,0x00,0xe0,0x06,0xab,0xaa,0xae,0xa9,0xbf,0xff,0xff,0xff,0xeb,0x04,
0x0e,0x01,0x0e,0xb1,0xd0,0xe0,0x74,0xeb,0x0e,0x0e,0x0a,0x0e,0xb0,0x74,0xe1,0xd0,0xeb,0x01,0x4e,0x14,0x0e,0xbf,0xff,0xff,
0xff,0xe6,0xaa,0xaa,0xaa,0xa9,0x00,0x00,0x00,0x00,0x00,0xaa,0xaa,0xaa,0xa0,0x0f,0xaa,0xaa,0xaf,0x00,0xe0,0x00,0x00,0xb0,
0x0e,0x55,0x55,0x5b,0x00,0xff,0xff,0xff,0xf0,0x0e,0x00,0x00,0x0b,0x00,0xe0,0x00,0x00,0xb0,0x0f,0xff,0xff,0xff,0x00,0xf5,
0x55,0x55,0xb0,0x05,0x00,0x00,0x05,0x00,
/* U+6700 */
0x01,0xaa,0xaa,0xaa,0xa4,0x00,0x2e,0xaa,0xaa,0xab,0x80,0x02,0xc0,0x00,0x00,0x38,0x00,0x2f,0xff,0xff,0xff,0x80,0x02,0xd5,
0x55,0x55,0x78,0x00,0x2d,0x00,0x00,0x03,0x80,0x02,0xff,0xff,0xff,0xf8,0x00,0x00,0x00,0x00,0x00,0x00,0x15,0x55,0x55,0x55,
0x55,0x4b,0xff,0xff,0xff,0xff,0xfe,0x07,0x40,0x3c,0x00,0x00,0x00,0x74,0x03,0xc5,0x55,0x50,0x07,0xff,0xfc,0xff,0xff,0x40,
0x75,0x57,0xc7,0x80,0xb0,0x07,0x40,0x3c,0x2c,0x0e,0x00,0x7f,0xff,0xc1,0xe2,0xd0,0x07,0x95,0x7c,0x07,0xb8,0x00,0x74,0x03,
0xd0,0x2f,0x00,0x5b,0xab,0xff,0x47,0xf9,0x07,0xfa,0x97,0xc7,0xe1,0xf8,0x00,0x00,0x3c,0xf4,0x02,0xd0,0x00,0x01,0x40,0x00,
0x04,
/* U+6708 */
0x02,0xaa,0xaa,0xaa,0x41,0xff,0xff,0xff,0xe0,0x78,0x00,0x00,0x78,0x1e,0x00,0x00,0x1e,0x07,0x80,0x00,0x07,0x81,0xe0,0x00,
0x01,0xe0,0x7e,0xaa,0xaa,0xf8,0x1f,0xaa,0xaa,0xbe,0x07,0x80,0x00,0x07,0x81,0xe0,0x00,0x01,0xe0,0x78,0x00,0x00,0x78,0x1e,
0x00,0x00,0x1e,0x07,0xff,0xff,0xff,0x81,0xfa,0xaa,0xaa,0xe0,0xb4,0x00,0x00,0x78,0x2c,0x00,0x00,0x1e,0x0f,0x00,0x00,0x07,
0x87,0x80,0x00,0x01,0xe2,0xd0,0x00,0x00,0x79,0xe0,0x00,0x05,0x6d,0x74,0x00,0x02,0xff,0x04,0x00,0x00,0x14,0x00,
/* U+6709 */
0x00,0x00,0x64,0x00,0x00,0x00,0x00,0x0b,0x40,0x00,0x00,0x00,0x00,0xf0,0x00,0x00,0x07,0xff,0xff,0xff,0xff,0xfe,0x6a,0xab,
0xea,0xaa,0xaa,0x90,0x00,0xb8,0x00,0x00,0x00,0x00,0x1f,0x00,0x00,0x00,0x00,0x03,0xe5,0x55,0x55,0x40,0x00,0xbf,0xff,0xff,
0xf8,0x00,0x1f,0xd0,0x00,0x03,0x80,0x07,0xdd,0x00,0x00,0x38,0x01,0xf1,0xe5,0x55,0x57,0x80,0xbc,0x1f,0xff,0xff,0xf8,0x0b,
0x01,0xd0,0x00,0x07,0x80,0x00,0x1d,0x00,0x00,0x38,0x00,0x01,0xe5,0x55,0x57,0x80,0x00,0x1f,0xff,0xff,0xf8,0x00,0x01,0xe5,
0x55,0x57,0x80,0x00,0x1d,0x00,0x00,0x38,0x00,0x01,0xd0,0x00,0x03,0x80,0x00,0x1d,0x00,0x05,0x78,0x00,0x01,0xd0,0x01,0xff,
0x40,0x00,0x04,0x00,0x05,0x40,0x00,
/* U+670d */
0x0a,0xaa,0x42,0xaa,0xaa,0x41,0xff,0xf8,0x7f,0xff,0xf8,0x1d,0x02,0x87,0x40,0x03,0x41,0xd0,0x28,0x74,0x00,0x74,0x1d,0x02,
0x87,0x40,0x07,0x41,0xd0,0x28,0x74,0x00,0xb4,0x1f,0xff,0x87,0x42,0xaf,0x01,0xea,0xb8,0x74,0x2a,0x90,0x1d,0x02,0x87,0x40,
0x00,0x01,0xd0,0x28,0x7e,0xaa,0xa4,0x1d,0x02,0x87,0xfe,0xab,0x81,0xe5,0x78,0x76,0x80,0x74,0x1f,0xff,0x87,0x5d,0x0b,0x01,
0xd5,0x68,0x74,0xe0,0xf0,0x1d,0x02,0x87,0x4b,0x5e,0x01,0xc0,0x28,0x74,0x3e,0xc0,0x2c,0x02,0x87,0x41,0xf8,0x03,0x80,0x28,
0x74,0x1f,0x80,0x38,0x02,0x87,0x4b,0xef,0x47,0x40,0x78,0x7a,0xe0,0x7e,0x70,0x7f,0x47,0xb8,0x00,0xa0,0x01,0x40,0x14,0x00,
0x00,
/* U+6710 */
0x00,0x00,0x00,0x90,0x00,0x06,0xaa,0x80,0x74,0x00,0x02,0xff,0xf0,0x2c,0x00,0x00,0xb0,0x2c,0x0f,0xaa,0xaa,0x2c,0x0b,0x0b,
0xff,0xff,0xcb,0x02,0xc7,0x80,0x00,0xb2,0xc0,0xb2,0xc0,0x00,0x2c,0xbf,0xfd,0xd0,0x00,0x0b,0x2e,0xaf,0xa6,0xaa,0x42,0xcb,
0x02,0xc2,0xff,0xe0,0xb2,0xc0,0xb0,0xb0,0x38,0x2c,0xb0,0x2c,0x2c,0x0e,0x0b,0x2d,0x5b,0x0b,0x03,0x82,0xcb,0xff,0xc2,0xc0,
0xe0,0xb2,0xd5,0xb0,0xb0,0x38,0x2c,0xb0,0x2c,0x2e,0xae,0x0b,0x38,0x0b,0x0a,0xaa,0x82,0xce,0x02,0xc0,0x00,0x00,0xf7,0x80,
0xb0,0x00,0x00,0x39,0xd0,0x2c,0x00,0x00,0x1e,0xb0,0x5f,0x00,0x05,0x6f,0x28,0x3f,0x40,0x03,0xfe,0x41,0x05,0x00,0x00,0x14,
0x00,
/* U+6714 */
0x04,0x00,0x50,0x00,0x00,0x07,0x40,0x2c,0x0a,0xaa,0xa0,0xf0,0x1e,0x07,0xff,0xfc,0x1e,0x0b,0x01,0xd0,0x0b,0x56,0x97,0x95,
0x74,0x02,0xef,0xff,0xff,0x9d,0x00,0xb5,0x57,0xd5,0x57,0x40,0x2c,0x00,0xe0,0x01,0xfa,0xaf,0x28,0x38,0x28,0x7e,0xab,0xce,
0x0e,0x0b,0x1d,0x00,0xb3,0x83,0x82,0xc7,0x40,0x2c,0xe0,0xe0,0xb1,0xd0,0x0b,0x38,0x38,0x2c,0x74,0x02,0xce,0x5e,0x5b,0x1f,
0xff,0xf3,0xff,0xff,0xcb,0x95,0x6c,0x56,0xd5,0x52,0xc0,0x0b,0x00,0xf0,0x00,0xf0,0x02,0xc0,0x78,0x00,0x38,0x00,0xb0,0x2d,
0x00,0x2d,0x00,0x2c,0x1e,0x00,0x1f,0x00,0x0b,0x1f,0x00,0x0b,0x40,0x9b,0xcb,0x00,0x03,0x80,0x3f,0xd0,0x00,0x00,0x40,0x00,
0x00,
/* U+6717 */
0x01,0x80,0x00,0x00,0x00,0x01,0xd0,0x01,0xaa,0xaa,0x00,0xe0,0x01,0xff,0xfe,0x7f,0xff,0xd1,0xd0,0x0e,0x7a,0xaa,0xd1,0xd0,
0x0e,0x74,0x01,0xd1,0xd0,0x0e,0x74,0x01,0xd1,0xd0,0x0e,0x7a,0xaa,0xd1,0xfa,0xae,0x7f,0xff,0xd1,0xea,0xae,0x74,0x01,0xd1,
0xd0,0x0e,0x74,0x01,0xd1,0xd0,0x0e,0x79,0x56,0xd1,0xd0,0x0e,0x7f,0xff,0xd2,0xd0,0x0e,0x75,0x55,0x42,0xff,0xfe,0x74,0x0a,
0x02,0xd5,0x5e,0x74,0x0b,0x03,0xc0,0x0e,0x74,0x07,0x43,0x80,0x0e,0x74,0x07,0x87,0x40,0x0e,0x75,0xbf,0xdb,0x40,0x0e,0xbf,
0xe5,0xef,0x00,0x0e,0xf9,0x00,0x6d,0x01,0x6e,0x40,0x00,0x28,0x03,0xfd,0x00,0x00,0x00,0x00,0x50,
/* U+671b */
0x00,0x64,0x00,0x00,0x00,0x00,0x07,0x40,0x0a,0xaa,0xa4,0x00,0x38,0x00,0xfa,0xab,0x47,0xff,0xff,0x8e,0x00,0x74,0x6b,0xaa,
0xa4,0xfa,0xab,0x40,0x34,0x00,0x0f,0xaa,0xb4,0x03,0x40,0x00,0xe0,0x07,0x40,0x34,0x00,0x0f,0xaa,0xb4,0x03,0x40,0x61,0xea,
0xab,0x40,0x7a,0xbf,0x2c,0x00,0x74,0x0b,0xfa,0x47,0x81,0xab,0x40,0x54,0x00,0x70,0x0f,0xe0,0x00,0x00,0x00,0x00,0x00,0x00,
0xff,0xff,0xff,0xff,0xf0,0x05,0x55,0x5f,0x55,0x55,0x00,0x00,0x00,0xf0,0x00,0x00,0x01,0x55,0x5f,0x55,0x54,0x00,0x3f,0xff,
0xff,0xff,0xc0,0x00,0x00,0x0f,0x00,0x00,0x00,0x00,0x00,0xf0,0x00,0x00,0x2a,0xaa,0xaf,0xaa,0xaa,0x86,0xaa,0xaa,0xaa,0xaa,
0xa9,
/* U+671d */
0x00,0x28,0x00,0x00,0x00,0x00,0x0e,0x00,0x0a,0xaa,0xa5,0x57,0xd5,0x43,0xff,0xfd,0xff,0xff,0xf4,0xe0,0x0f,0x00,0x38,0x00,
0x38,0x03,0xc0,0x0e,0x00,0x0e,0x00,0xf1,0xab,0xea,0x43,0x80,0x3c,0xba,0xaa,0xd0,0xfa,0xaf,0x2c,0x00,0x34,0x3e,0xab,0xcb,
0x55,0x5d,0x0e,0x00,0xf2,0xff,0xff,0x43,0x80,0x3c,0xb4,0x01,0xd0,0xe0,0x0f,0x2c,0x00,0x34,0x38,0x03,0xcb,0xaa,0xad,0x1f,
0xff,0xf1,0xab,0xea,0x47,0xaa,0xbc,0x00,0xe0,0x02,0xd0,0x0f,0x00,0x3c,0x00,0xb0,0x03,0xef,0xff,0xff,0x38,0x00,0xf5,0x57,
0xd5,0x5e,0x00,0x3c,0x00,0xe0,0x0f,0x40,0x0f,0x00,0x38,0x07,0x80,0x5b,0x80,0x0e,0x01,0xc0,0x3f,0xd0,0x01,0x40,0x10,0x01,
0x40,
/* U+6728 */
0x00,0x00,0x09,0x00,0x00,0x00,0x00,0x00,0xf0,0x00,0x00,0x00,0x00,0x0f,0x00,0x00,0x00,0x00,0x00,0xf0,0x00,0x00,0x00,0x00,
0x0f,0x00,0x00,0x06,0xaa,0xaa,0xfa,0xaa,0xa9,0x7f,0xff,0xff,0xff,0xff,0xd0,0x00,0x0e,0xfa,0x00,0x00,0x00,0x01,0xdf,0x74,
0x00,0x00,0x00,0x38,0xf3,0x80,0x00,0x00,0x0b,0x4f,0x1d,0x00,0x00,0x00,0xe0,0xf0,0xb0,0x00,0x00,0x2d,0x0f,0x07,0x80,0x00,
0x07,0x80,0xf0,0x2d,0x00,0x02,0xe0,0x0f,0x00,0xb4,0x00,0xbc,0x00,0xf0,0x03,0xd0,0x2f,0x40,0x0f,0x00,0x1f,0x47,0xd0,0x00,
0xf0,0x00,0x7d,0x34,0x00,0x0f,0x00,0x01,0x80,0x00,0x00,0xf0,0x00,0x00,0x00,0x00,0x0f,0x00,0x00,0x00,0x00,0x00,0xf0,0x00,
0x00,0x00,0x00,0x05,0x00,0x00,0x00,
/* U+672a */
0x00,0x00,0x05,0x00,0x00,0x00,0x00,0x00,0xf0,0x00,0x00,0x00,0x00,0x0f,0x00,0x00,0x00,0x55,0x55,0xf5,0x55,0x50,0x0f,0xff,
0xff,0xff,0xff,0x00,0x55,0x55,0xf5,0x55,0x50,0x00,0x00,0x0f,0x00,0x00,0x00,0x00,0x00,0xf0,0x00,0x00,0x00,0x00,0x0f,0x00,
0x00,0x01,0x55,0x55,0xf5,0x55,0x54,0x7f,0xff,0xff,0xff,0xff,0xd1,0x55,0x5b,0xfe,0x55,0x54,0x00,0x01,0xdf,0x74,0x00,0x00,
0x00,0x38,0xf2,0x80,0x00,0x00,0x0b,0x4f,0x0e,0x00,0x00,0x02,0xd0,0xf0,0x78,0x00,0x00,0xb8,0x0f,0x02,0xe0,0x00,0x7e,0x00,
0xf0,0x0b,0x80,0x1f,0x80,0x0f,0x00,0x2f,0x4b,0xd0,0x00,0xf0,0x00,0x7e,0x64,0x00,0x0f,0x00,0x01,0x80,0x00,0x00,0xf0,0x00,
0x00,0x00,0x00,0x05,0x00,0x00,0x00,
/* U+672b */
0x00,0x00,0x0a,0x00,0x00,0x00,0x00,0x00,0xf0,0x00,0x00,0x00,0x00,0x0f,0x00,0x00,0x01,0x55,0x55,0xf5,0x55,0x54,0xbf,0xff,
0xff,0xff,0xff,0xe5,0x55,0x55,0xf5,0x55,0x55,0x00,0x00,0x0f,0x00,0x00,0x00,0x00,0x00,0xf0,0x00,0x00,0x00,0x00,0x0f,0x00,
0x00,0x01,0xaa,0xaa,0xfa,0xaa,0xa4,0x2f,0xff,0xff,0xff,0xff,0x80,0x00,0x0b,0xfa,0x00,0x00,0x00,0x01,0xdf,0x74,0x00,0x00,
0x00,0x78,0xf2,0xd0,0x00,0x00,0x0f,0x0f,0x0b,0x40,0x00,0x03,0xd0,0xf0,0x3d,0x00,0x01,0xf4,0x0f,0x00,0xf8,0x00,0xbd,0x00,
0xf0,0x03,0xe4,0x7f,0x40,0x0f,0x00,0x0b,0xef,0x80,0x00,0xf0,0x00,0x1e,0x50,0x00,0x0f,0x00,0x00,0x40,0x00,0x00,0xf0,0x00,
0x00,0x00,0x00,0x05,0x00,0x00,0x00,
/* U+672c */
0x00,0x00,0x05,0x00,0x00,0x00,0x00,0x00,0xf0,0x00,0x00,0x00,0x00,0x0f,0x00,0x00,0x00,0x00,0x00,0xf0,0x00,0x00,0x15,0x55,
0x5f,0x55,0x55,0x47,0xff,0xff,0xff,0xff,0xfd,0x15,0x55,0xbf,0xe5,0x55,0x40,0x00,0x0d,0xf7,0x00,0x00,0x00,0x01,0xcf,0x34,
0x00,0x00,0x00,0x38,0xf2,0xc0,0x00,0x00,0x0b,0x0f,0x0e,0x00,0x00,0x01,0xd0,0xf0,0x78,0x00,0x00,0x78,0x0f,0x02,0xd0,0x00,
0x1f,0x00,0xf0,0x0b,0x40,0x07,0xd0,0x0f,0x00,0x3d,0x01,0xf4,0x55,0xf5,0x54,0xf8,0xbd,0x3f,0xff,0xff,0xc3,0xeb,0x01,0x55,
0xf5,0x54,0x09,0x00,0x00,0x0f,0x00,0x00,0x00,0x00,0x00,0xf0,0x00,0x00,0x00,0x00,0x0f,0x00,0x00,0x00,0x00,0x00,0xf0,0x00,
0x00,0x00,0x00,0x05,0x00,0x00,0x00,
/* U+672d */
0x00,0x60,0x00,0xa0,0x00,0x00,0x0b,0x00,0x0f,0x00,0x00,0x00,0xb0,0x00,0xf0,0x00,0x00,0x0b,0x00,0x0f,0x00,0x00,0x00,0xb0,
0x00,0xf0,0x00,0x0b,0xff,0xff,0x4f,0x00,0x00,0x6a,0xfa,0xa4,0xf0,0x00,0x00,0x0f,0x00,0x0f,0x00,0x00,0x01,0xf4,0x00,0xf0,
0x00,0x00,0x2f,0xd0,0x0f,0x00,0x00,0x03,0xfb,0x00,0xf0,0x00,0x00,0xab,0x2c,0x0f,0x00,0x00,0x1d,0xb1,0xe0,0xf0,0x00,0x03,
0xcb,0x07,0x4f,0x00,0x00,0xb4,0xb0,0x10,0xf0,0x00,0x0e,0x0b,0x00,0x0f,0x00,0x00,0x40,0xb0,0x00,0xf0,0x00,0xe0,0x0b,0x00,
0x0f,0x00,0x0e,0x00,0xb0,0x00,0xf0,0x00,0xe0,0x0b,0x00,0x0f,0x00,0x1d,0x00,0xb0,0x00,0xba,0xab,0xc0,0x0b,0x00,0x02,0xff,
0xe4,0x00,0x50,0x00,0x00,0x00,0x00,
/* U+6742 */
0x00,0x00,0x60,0x00,0x00,0x00,0x00,0x0f,0x00,0x00,0x00,0x00,0x00,0xe0,0x00,0x00,0x01,0xff,0xff,0xff,0xf4,0x00,0x1a,0xab,
0xea,0xaf,0x40,0x00,0x00,0x38,0x00,0xb4,0x04,0x00,0x0b,0x40,0x0b,0x41,0xd0,0x02,0xe0,0x00,0xb4,0x1d,0x00,0xb8,0x00,0x07,
0x42,0xd1,0xbe,0x00,0x00,0x3f,0xf8,0x7e,0x40,0x06,0x01,0xa9,0x01,0x00,0x00,0xb0,0x00,0x00,0x00,0x00,0x0b,0x00,0x00,0x07,
0xff,0xff,0xff,0xff,0xfd,0x2a,0xaa,0xaf,0xaa,0xaa,0x80,0x01,0x00,0xb0,0x04,0x00,0x00,0x78,0x0b,0x02,0xd0,0x00,0x1f,0x00,
0xb0,0x1f,0x40,0x0b,0xc0,0x0b,0x00,0x3e,0x02,0xf0,0x00,0xb0,0x00,0xf4,0xb8,0x05,0x5f,0x00,0x03,0xd1,0x00,0x7f,0xd0,0x00,
0x14,0x00,0x01,0x50,0x00,0x00,0x00,
/* U+6743 */
0x00,0x60,0x00,0x00,0x00,0x00,0x0f,0x00,0x00,0x00,0x00,0x00,0xf0,0x1f,0xff,0xff,0x40,0x0f,0x01,0xba,0xaa,0xb4,0x00,0xf0,
0x07,0x40,0x07,0x4b,0xff,0xfc,0x38,0x00,0xb0,0x6a,0xfa,0x82,0x80,0x0e,0x00,0x1f,0x00,0x2c,0x01,0xd0,0x02,0xf4,0x01,0xd0,
0x1d,0x00,0x3f,0xd0,0x1e,0x03,0xc0,0x07,0xfb,0x40,0xb0,0x78,0x00,0xdf,0x3c,0x07,0x4b,0x00,0x2c,0xf1,0xd0,0x3d,0xe0,0x07,
0x8f,0x04,0x01,0xfc,0x00,0xf0,0xf0,0x00,0x0f,0x80,0x09,0x0f,0x00,0x01,0xf8,0x00,0x40,0xf0,0x00,0x3e,0xe0,0x00,0x0f,0x00,
0x0b,0x4b,0x40,0x00,0xf0,0x02,0xe0,0x3d,0x00,0x0f,0x01,0xf8,0x01,0xf8,0x00,0xf0,0x7d,0x00,0x07,0xe0,0x0f,0x07,0x40,0x00,
0x0a,0x00,0x50,0x00,0x00,0x00,0x00,
/* U+674e */
0x00,0x00,0x05,0x00,0x00,0x00,0x00,0x00,0xb0,0x00,0x00,0x00,0x00,0x0b,0x00,0x00,0x02,0xff,0xff,0xff,0xff,0xf8,0x15,0x55,
0xff,0xf5,0x55,0x40,0x00,0x2c,0xb3,0x80,0x00,0x00,0x1f,0x4b,0x0b,0x40,0x00,0x1f,0x80,0xb0,0x2f,0x80,0x6f,0x90,0x0b,0x00,
0x2f,0x97,0x90,0x00,0x00,0x00,0x6d,0x10,0xff,0xff,0xff,0xe0,0x00,0x0a,0xaa,0xaa,0xbd,0x00,0x00,0x00,0x00,0x2e,0x40,0x00,
0x00,0x00,0x2f,0x40,0x00,0x00,0x00,0x07,0x80,0x00,0x06,0xaa,0xaa,0xba,0xaa,0xa9,0x7f,0xff,0xff,0xff,0xff,0xd0,0x00,0x00,
0x74,0x00,0x00,0x00,0x00,0x07,0x40,0x00,0x00,0x00,0x00,0x74,0x00,0x00,0x00,0x01,0x5b,0x00,0x00,0x00,0x00,0x3f,0xe0,0x00,
0x00,0x00,0x01,0x54,0x00,0x00,0x00,
/* U+674f */
0x00,0x00,0x05,0x00,0x00,0x00,0x00,0x00,0xb0,0x00,0x00,0x00,0x00,0x0b,0x00,0x00,0x01,0xaa,0xaa,0xfa,0xaa,0xa4,0x2f,0xff,
0xff,0xff,0xff,0x80,0x00,0x1b,0xfb,0x40,0x00,0x00,0x02,0xdb,0x38,0x00,0x00,0x00,0xb4,0xb1,0xf4,0x00,0x00,0x7d,0x0b,0x02,
0xe0,0x00,0x7e,0x40,0xb0,0x0b,0xd0,0x7f,0x80,0x0b,0x00,0x1b,0xe7,0x80,0x00,0x50,0x00,0x1a,0x00,0x55,0x55,0x55,0x50,0x00,
0x0f,0xff,0xff,0xff,0x00,0x00,0xe0,0x00,0x00,0xb0,0x00,0x0e,0x00,0x00,0x0b,0x00,0x00,0xe0,0x00,0x00,0xb0,0x00,0x0e,0x00,
0x00,0x0b,0x00,0x00,0xe0,0x00,0x00,0xb0,0x00,0x0f,0xaa,0xaa,0xaf,0x00,0x00,0xff,0xff,0xff,0xf0,0x00,0x0e,0x00,0x00,0x0b,
0x00,0x00,0x50,0x00,0x00,0x10,0x00,
/* U+6751 */
0x00,0x60,0x00,0x00,0x14,0x00,0x0b,0x00,0x00,0x02,0xc0,0x00,0xb0,0x00,0x00,0x2c,0x00,0x0b,0x00,0x00,0x02,0xc0,0x00,0xb0,
0x00,0x00,0x2c,0x0b,0xff,0xf8,0xaa,0xab,0xea,0x6a,0xfa,0x8f,0xff,0xff,0xe0,0x0f,0x00,0x00,0x02,0xc0,0x02,0xf4,0x00,0x00,
0x2c,0x00,0x3f,0xc0,0x10,0x02,0xc0,0x07,0xbb,0x07,0x80,0x2c,0x00,0xab,0x38,0x2d,0x02,0xc0,0x1c,0xb1,0xd0,0xf0,0x2c,0x03,
0x8b,0x04,0x07,0x82,0xc0,0xb0,0xb0,0x00,0x3c,0x2c,0x0e,0x0b,0x00,0x01,0x82,0xc0,0x40,0xb0,0x00,0x00,0x2c,0x00,0x0b,0x00,
0x00,0x02,0xc0,0x00,0xb0,0x00,0x00,0x2c,0x00,0x0b,0x00,0x00,0x02,0xc0,0x00,0xb0,0x00,0x69,0xbc,0x00,0x0b,0x00,0x07,0xff,
0x40,0x00,0x50,0x00,0x00,0x00,0x00,
/* U+675c */
0x00,0x90,0x00,0x05,0x00,0x00,0x1d,0x00,0x00,0xb0,0x00,0x01,0xd0,0x00,0x0b,0x00,0x00,0x1d,0x00,0x00,0xb0,0x00,0x01,0xd0,
0x00,0x0b,0x00,0x0b,0xff,0xf8,0x00,0xb0,0x00,0x6a,0xfa,0x80,0x0b,0x00,0x00,0x2d,0x01,0x55,0xb5,0x54,0x03,0xf0,0x2f,0xff,
0xff,0xd0,0x7f,0x81,0x55,0xb5,0x54,0x0b,0xee,0x00,0x0b,0x00,0x00,0xdd,0x74,0x00,0xb0,0x00,0x29,0xd2,0x40,0x0b,0x00,0x07,
0x5d,0x00,0x00,0xb0,0x00,0xa1,0xd0,0x00,0x0b,0x00,0x0d,0x1d,0x00,0x00,0xb0,0x00,0x41,0xd0,0x00,0x0b,0x00,0x00,0x1d,0x00,
0x00,0xb0,0x00,0x01,0xd0,0x00,0x0b,0x00,0x00,0x1d,0x00,0x00,0xb4,0x00,0x01,0xd0,0xff,0xff,0xff,0xf0,0x1d,0x0a,0xaa,0xaa,
0xaa,0x00,0x40,0x00,0x00,0x00,0x00,
/* U+675e */
0x00,0x90,0x00,0x00,0x00,0x00,0x0e,0x02,0xaa,0xaa,0xa0,0x00,0xe0,0x2f,0xff,0xff,0x00,0x0e,0x00,0x00,0x00,0xb0,0x00,0xe0,
0x00,0x00,0x0b,0x0b,0xff,0xf4,0x00,0x00,0xb0,0x6a,0xfa,0x40,0x00,0x0b,0x00,0x1e,0x00,0x00,0x00,0xb0,0x02,0xe0,0x00,0x00,
0x0b,0x00,0x3f,0x40,0xaa,0xaa,0xf0,0x07,0xfd,0x0f,0xff,0xff,0x00,0xee,0xb0,0xe0,0x00,0x00,0x2c,0xe3,0x8e,0x00,0x00,0x03,
0x4e,0x28,0xe0,0x00,0x00,0xb0,0xe0,0x0e,0x00,0x00,0x0d,0x0e,0x00,0xe0,0x00,0x09,0x40,0xe0,0x0e,0x00,0x00,0xe0,0x0e,0x00,
0xe0,0x00,0x0e,0x00,0xe0,0x0e,0x00,0x01,0xd0,0x0e,0x00,0xf0,0x00,0x2d,0x00,0xe0,0x0b,0xff,0xff,0x80,0x0e,0x00,0x1a,0xaa,
0x90,0x00,0x50,0x00,0x00,0x00,0x00,
/* U+6765 */
0x00,0x00,0x05,0x00,0x00,0x00,0x00,0x00,0xf0,0x00,0x00,0x00,0x00,0x0f,0x00,0x00,0x01,0xaa,0xaa,0xfa,0xaa,0xa8,0x1f,0xff,
0xff,0xff,0xff,0x80,0x00,0x00,0xf0,0x00,0x00,0x01,0xd0,0x0f,0x00,0xb0,0x00,0x0f,0x00,0xf0,0x0e,0x00,0x00,0x78,0x0f,0x02,
0xd0,0x00,0x02,0xc0,0xf0,0x38,0x00,0x00,0x14,0x0f,0x0b,0x40,0x07,0xff,0xff,0xff,0xff,0xfd,0x6a,0xaa,0xbf,0xea,0xaa,0x90,
0x00,0x0d,0xf7,0x00,0x00,0x00,0x02,0xcf,0x28,0x00,0x00,0x00,0xb4,0xf0,0xe0,0x00,0x00,0x2d,0x0f,0x07,0x80,0x00,0x1f,0x40,
0xf0,0x1f,0x40,0x0b,0xd0,0x0f,0x00,0x3e,0x07,0xe0,0x00,0xf0,0x00,0xbd,0xb4,0x00,0x0f,0x00,0x01,0xe0,0x00,0x00,0xf0,0x00,
0x00,0x00,0x00,0x05,0x00,0x00,0x00,
/* U+6768 */
0x00,0x90,0x00,0x00,0x00,0x00,0x38,0x06,0xaa,0xaa,0x40,0x0e,0x02,0xff,0xff,0xd0,0x03,0x80,0x00,0x02,0xe0,0x00,0xe0,0x00,
0x07,0xd0,0x2f,0xff,0xd0,0x0b,0xd0,0x06,0xaf,0xa4,0x0b,0x80,0x00,0x07,0x80,0x1f,0x40,0x00,0x02,0xe0,0x2f,0x95,0x55,0x41,
0xfe,0x0b,0xff,0xff,0xf0,0xbe,0xd0,0x0b,0x4e,0x2c,0x37,0xad,0x07,0x43,0x4b,0x28,0xe2,0x82,0xc1,0xd2,0xcd,0x38,0x42,0xd0,
0xb0,0xbb,0x0e,0x02,0xe0,0x78,0x2f,0x43,0x82,0xe0,0x2c,0x0b,0x40,0xe1,0xd0,0x1e,0x03,0x80,0x38,0x00,0x1f,0x00,0xe0,0x0e,
0x00,0x1f,0x00,0x38,0x03,0x80,0x2f,0x40,0x1d,0x00,0xe0,0x2e,0x06,0xaf,0x00,0x38,0x01,0x01,0xfe,0x40,0x04,0x00,0x00,0x00,
0x00,
/* U+676d */
0x01,0x80,0x00,0x64,0x00,0x00,0x2c,0x00,0x03,0x80,0x00,0x02,0xc0,0x00,0x2c,0x00,0x00,0x2c,0x05,0x56,0xe5,0x54,0x02,0xc0,
0x7f,0xff,0xff,0xc7,0xff,0xe1,0x55,0x55,0x54,0x6b,0xea,0x00,0x00,0x00,0x00,0x3c,0x00,0x00,0x00,0x00,0x07,0xd0,0x0b,0xff,
0xf0,0x00,0xbf,0x00,0xb9,0x5b,0x00,0x0b,0xe8,0x0b,0x00,0xb0,0x01,0xed,0xe0,0xb0,0x0b,0x00,0x2a,0xc7,0x4b,0x00,0xb0,0x07,
0x2c,0x20,0xb0,0x0b,0x00,0xe2,0xc0,0x0b,0x00,0xb0,0x09,0x2c,0x00,0xb0,0x0b,0x00,0x42,0xc0,0x0e,0x00,0xb0,0x00,0x2c,0x01,
0xd0,0x0b,0x0a,0x02,0xc0,0x2c,0x00,0xb0,0xb0,0x2c,0x03,0x80,0x0b,0x0b,0x02,0xc0,0xf4,0x00,0x79,0xe0,0x2c,0x1d,0x00,0x02,
0xfd,0x01,0x40,0x00,0x00,0x00,0x00,
/* U+677e */
0x00,0x90,0x00,0x00,0x10,0x00,0x0e,0x00,0x0e,0x07,0x00,0x00,0xe0,0x01,0xd0,0x74,0x00,0x0e,0x00,0x2d,0x03,0x80,0x00,0xe0,
0x03,0xc0,0x2c,0x0b,0xff,0xf4,0x38,0x01,0xd0,0x6a,0xfa,0x47,0x40,0x0e,0x00,0x1e,0x00,0xf0,0x00,0xb4,0x02,0xe0,0x2d,0x04,
0x03,0xc0,0x3f,0x43,0xc0,0xe0,0x1e,0x0b,0xfd,0x74,0x1d,0x00,0xa0,0xde,0xb1,0x02,0xc0,0x04,0x28,0xe3,0x80,0x38,0x00,0x07,
0x4e,0x28,0x07,0x40,0x00,0xa0,0xe0,0x00,0xf0,0xb0,0x09,0x0e,0x00,0x1e,0x07,0x80,0x40,0xe0,0x02,0xc0,0x2c,0x00,0x0e,0x00,
0x78,0x01,0xd0,0x00,0xe0,0x0b,0x00,0x0e,0x00,0x0e,0x01,0xe5,0xaf,0xf4,0x00,0xe0,0x3f,0xff,0x97,0x80,0x0e,0x02,0x95,0x00,
0x2c,0x00,0x40,0x00,0x00,0x01,0x00,
/* U+6781 */
0x00,0x90,0x00,0x00,0x00,0x00,0x0e,0x0a,0xaa,0xaa,0x80,0x00,0xe0,0xff,0xff,0xfc,0x00,0x0e,0x00,0x74,0x02,0xc0,0x00,0xe0,
0x07,0x40,0x38,0x0b,0xff,0xf4,0x74,0x07,0x40,0x6a,0xfa,0x47,0x40,0x74,0x00,0x2e,0x00,0x78,0x0b,0x00,0x03,0xe0,0x0b,0xc0,
0xff,0xc0,0x7f,0x80,0xbd,0x0a,0xb8,0x0a,0xed,0x0b,0xe0,0x03,0x40,0xde,0xb4,0xba,0x00,0x74,0x28,0xe3,0x8e,0x74,0x0b,0x07,
0x4e,0x11,0xe2,0xc1,0xe0,0xe0,0xe0,0x1d,0x1e,0x2c,0x09,0x0e,0x02,0xc0,0xbb,0x80,0x40,0xe0,0x38,0x03,0xf0,0x00,0x0e,0x07,
0x40,0x7f,0x00,0x00,0xe0,0xf0,0x1f,0xbd,0x00,0x0e,0x2e,0x0b,0xd1,0xf4,0x00,0xe3,0xc7,0xf4,0x07,0xe0,0x0e,0x34,0x78,0x00,
0x1e,0x00,0x50,0x00,0x00,0x00,0x00,
/* U+6797 */
0x00,0x60,0x00,0x06,0x40,0x00,0x0b,0x00,0x00,0x74,0x00,0x00,0xb0,0x00,0x07,0x40,0x00,0x0b,0x00,0x00,0x74,0x00,0x00,0xb0,
0x00,0x07,0x40,0x07,0xff,0xfd,0xbf,0xff,0xfd,0x6a,0xfa,0x9a,0xaf,0xea,0x90,0x0f,0x00,0x00,0xfc,0x00,0x01,0xf4,0x00,0x2f,
0xe0,0x00,0x2f,0xd0,0x03,0xbb,0x00,0x07,0xb7,0x40,0x77,0x74,0x00,0xab,0x2d,0x09,0x75,0x80,0x1c,0xb0,0xe1,0xc7,0x4d,0x03,
0x8b,0x05,0x38,0x74,0xb0,0xb0,0xb0,0x0b,0x07,0x43,0x8a,0x0b,0x02,0xd0,0x74,0x2d,0x40,0xb0,0x78,0x07,0x40,0xf0,0x0b,0x02,
0x00,0x74,0x05,0x00,0xb0,0x00,0x07,0x40,0x00,0x0b,0x00,0x00,0x74,0x00,0x00,0xb0,0x00,0x07,0x40,0x00,0x0b,0x00,0x00,0x74,
0x00,0x00,0x50,0x00,0x01,0x00,0x00,
/* U+679c */
0x02,0xaa,0xaa,0xaa,0xa8,0x00,0x3f,0xff,0xff,0xff,0xc0,0x03,0x80,0x0f,0x00,0x2c,0x00,0x38,0x00,0xf0,0x02,0xc0,0x03,0xea,
0xaf,0xaa,0xbc,0x00,0x3e,0xaa,0xfa,0xab,0xc0,0x03,0x80,0x0f,0x00,0x2c,0x00,0x38,0x00,0xf0,0x02,0xc0,0x03,0xff,0xff,0xff,
0xfc,0x00,0x2a,0xaa,0xfa,0xaa,0x80,0x00,0x00,0x0f,0x00,0x00,0x01,0x55,0x55,0xf5,0x55,0x54,0x7f,0xff,0xff,0xff,0xff,0xd5,
0x55,0x5f,0xfe,0x55,0x55,0x00,0x01,0xdf,0x74,0x00,0x00,0x00,0x74,0xf1,0xe0,0x00,0x00,0x2d,0x0f,0x07,0x80,0x00,0x1f,0x40,
0xf0,0x1f,0x40,0x1f,0x80,0x0f,0x00,0x2f,0x4b,0xd0,0x00,0xf0,0x00,0x7e,0x10,0x00,0x0f,0x00,0x00,0x80,0x00,0x00,0x50,0x00,
0x00,
/* U+679d */
0x01,0x90,0x00,0x06,0x00,0x00,0x1d,0x00,0x00,0xb0,0x00,0x01,0xd0,0x00,0x0b,0x00,0x00,0x1d,0x00,0x00,0xb0,0x00,0x01,0xd0,
0x3f,0xff,0xff,0xdb,0xff,0xf6,0xaa,0xfa,0xa8,0x6b,0xfa,0x00,0x0b,0x00,0x00,0x2d,0x00,0x00,0xb0,0x00,0x03,0xe0,0x00,0x0b,
0x00,0x00,0x7f,0x41,0xaa,0xfa,0xa4,0x0b,0xed,0x2f,0xff,0xff,0x40,0xed,0xb4,0xb4,0x00,0xb0,0x29,0xd3,0x83,0x80,0x0e,0x03,
0x5d,0x10,0x2c,0x02,0xd0,0xb1,0xd0,0x01,0xe0,0x38,0x0d,0x1d,0x00,0x0b,0x4b,0x40,0x41,0xd0,0x00,0x2e,0xd0,0x00,0x1d,0x00,
0x00,0xf8,0x00,0x01,0xd0,0x00,0x6f,0xd0,0x00,0x1d,0x00,0x2f,0x4b,0x90,0x01,0xd0,0x2f,0x80,0x1f,0x90,0x1d,0x07,0x90,0x00,
0x2e,0x00,0x40,0x10,0x00,0x00,0x40,
/* U+679e */
0x00,0x90,0x05,0x00,0x90,0x00,0x1d,0x00,0xe0,0x0e,0x00,0x01,0xd0,0x0e,0x00,0xe0,0x00,0x1d,0x00,0xe0,0x0e,0x00,0x01,0xd0,
0x0e,0x00,0xe0,0x0b,0xff,0xf4,0xe0,0x0e,0x00,0x6b,0xfa,0x4e,0x00,0xe0,0x00,0x2d,0x00,0xe0,0x0e,0x00,0x03,0xe0,0x0e,0x01,
0xe0,0x00,0x7f,0x41,0xd0,0x1f,0x00,0x0b,0xed,0x1f,0x01,0xf0,0x00,0xdd,0xb1,0xf8,0x1f,0x40,0x29,0xd3,0x5d,0xe2,0xe8,0x07,
0x5d,0x12,0xc7,0x79,0xc0,0xe1,0xd0,0x38,0x13,0x8d,0x09,0x1d,0x03,0x40,0x74,0xa0,0x41,0xd0,0x74,0x0b,0x0b,0x00,0x1d,0x0b,
0x00,0xe0,0x74,0x01,0xd1,0xe0,0x2d,0x02,0x80,0x1d,0x2d,0x03,0xc0,0x1d,0x01,0xd3,0x80,0xb4,0x00,0xf0,0x1d,0x24,0x06,0x00,
0x06,0x00,0x40,0x00,0x00,0x00,0x00,
/* U+67a3 */
0x00,0x00,0x05,0x00,0x00,0x00,0x00,0x00,0xb0,0x00,0x00,0x2a,0xaa,0xaf,0xaa,0xaa,0x81,0xaa,0xaa,0xfa,0xaa,0xa8,0x00,0x00,
0x0b,0x00,0x00,0x00,0x15,0x55,0xf5,0x55,0x40,0x03,0xff,0xff,0xff,0xfc,0x00,0x39,0x55,0xb5,0x57,0xc0,0x03,0x80,0x0f,0x40,
0x3c,0x00,0x38,0x07,0xfd,0x03,0xc0,0x02,0x82,0xeb,0x78,0x28,0x00,0x01,0xf4,0xb1,0xf4,0x00,0x02,0xf8,0x0b,0x02,0xf8,0x06,
0xfd,0x00,0xa0,0x06,0xf9,0xb9,0x06,0x40,0x00,0x06,0xe5,0x00,0x7f,0xa4,0x00,0x04,0x00,0x00,0x5b,0xfe,0x00,0x00,0x05,0x00,
0x05,0xa0,0x00,0x01,0xfe,0x94,0x00,0x00,0x00,0x01,0xaf,0xf9,0x00,0x00,0x00,0x00,0x06,0xff,0x90,0x00,0x00,0x00,0x01,0x6e,
0x00,
/* U+67b6 */
0x00,0x60,0x00,0x00,0x00,0x00,0x0b,0x00,0x00,0x00,0x00,0x15,0xb5,0x54,0x7f,0xff,0x47,0xff,0xff,0x87,0xaa,0xb4,0x00,0xe0,
0x38,0x74,0x07,0x40,0x1d,0x03,0x87,0x40,0x74,0x02,0xc0,0x38,0x74,0x07,0x40,0x38,0x07,0x47,0x40,0x74,0x0b,0x40,0x74,0x74,
0x07,0x42,0xd0,0x5f,0x07,0xff,0xf4,0xb8,0x1f,0xd0,0x15,0x55,0x41,0x00,0x50,0xa0,0x00,0x00,0x00,0x00,0x0f,0x00,0x00,0x06,
0xaa,0xaa,0xfa,0xaa,0xa9,0x7f,0xff,0xff,0xff,0xff,0xd0,0x00,0x1e,0xfb,0x00,0x00,0x00,0x07,0x8f,0x2d,0x00,0x00,0x01,0xe0,
0xf0,0xb4,0x00,0x01,0xf8,0x0f,0x02,0xf4,0x01,0xfd,0x00,0xf0,0x07,0xe4,0x7e,0x00,0x0f,0x00,0x0b,0xd2,0x00,0x00,0xf0,0x00,
0x04,0x00,0x00,0x05,0x00,0x00,0x00,
/* U+67cf */
0x00,0x90,0x00,0x09,0x00,0x00,0x38,0x00,0x07,0x80,0x00,0x0e,0x00,0x01,0xd0,0x00,0x03,0x80,0x00,0xb0,0x00,0x00,0xe0,0x1f,
0xff,0xff,0xaf,0xff,0xd7,0xaa,0xaa,0xe6,0xaf,0xa5,0xd0,0x00,0x38,0x07,0x80,0x74,0x00,0x0e,0x02,0xe0,0x1d,0x00,0x03,0x80,
0xfd,0x07,0x40,0x00,0xe0,0xae,0xd1,0xd0,0x00,0x38,0x37,0xad,0x79,0x55,0x5e,0x28,0xe3,0x9f,0xff,0xff,0x8d,0x38,0x47,0x55,
0x55,0xeb,0x0e,0x01,0xd0,0x00,0x3b,0x43,0x80,0x74,0x00,0x0e,0x40,0xe0,0x1d,0x00,0x03,0x80,0x38,0x07,0x40,0x00,0xe0,0x0e,
0x01,0xd0,0x00,0x38,0x03,0x80,0x7a,0xaa,0xae,0x00,0xe0,0x1f,0xff,0xff,0x80,0x38,0x07,0x40,0x00,0xe0,0x05,0x00,0x40,0x00,
0x10,
/* U+67d4 */
0x01,0xaa,0xaa,0xaa,0xa0,0x00,0x2f,0xff,0xff,0xff,0x00,0x00,0x07,0x80,0x0b,0x80,0x00,0x00,0x1f,0x87,0xd0,0x00,0x15,0x55,
0x6f,0xf5,0x55,0x42,0xff,0xff,0xff,0xff,0xf8,0x05,0x55,0xb6,0xd5,0x5f,0x00,0x00,0x6d,0x2c,0x03,0xd0,0x00,0x6e,0x02,0xc0,
0xf4,0x01,0xbe,0x44,0x78,0x1d,0x00,0x7e,0x41,0xff,0x40,0x00,0x01,0x00,0x05,0x50,0x00,0x00,0x00,0x00,0x0f,0x00,0x00,0x01,
0x55,0x55,0xf5,0x55,0x54,0x7f,0xff,0xff,0xff,0xff,0xd1,0x55,0x5e,0xfb,0x55,0x54,0x00,0x07,0x8f,0x2e,0x00,0x00,0x06,0xe0,
0xf0,0xb9,0x00,0x06,0xf4,0x0f,0x01,0xfd,0x07,0xf8,0x00,0xf0,0x01,0xfe,0x74,0x00,0x0f,0x00,0x01,0x90,0x00,0x00,0x50,0x00,
0x00,
/* U+67d8 */
0x00,0x90,0x00,0x00,0x00,0x00,0x0e,0x05,0x55,0x55,0x55,0x00,0xe0,0xff,0xff,0xff,0xe0,0x0e,0x05,0x5b,0x95,0x55,0x00,0xe0,
0x00,0x74,0x00,0x0b,0xff,0xf4,0x0b,0x00,0x00,0x6a,0xfa,0x40,0xe0,0x00,0x00,0x1e,0x00,0x0d,0x00,0x00,0x02,0xe0,0x01,0xd0,
0x00,0x00,0x3f,0x80,0x3d,0x55,0x50,0x07,0xee,0x07,0xff,0xff,0x80,0xde,0x78,0xf9,0x55,0x78,0x2c,0xe2,0x6f,0x80,0x03,0x83,
0x4e,0x07,0xf8,0x00,0x38,0xb0,0xe1,0xf7,0x80,0x03,0x89,0x0e,0x2c,0x38,0x00,0x38,0x40,0xe1,0x43,0x80,0x03,0x80,0x0e,0x00,
0x38,0x00,0x38,0x00,0xe0,0x03,0x80,0x03,0x80,0x0e,0x00,0x39,0x55,0x78,0x00,0xe0,0x03,0xff,0xff,0x80,0x0e,0x00,0x39,0x55,
0x78,0x00,0x50,0x01,0x40,0x01,0x40,
/* U+67de */
0x00,0x50,0x02,0x40,0x00,0x00,0x0e,0x00,0x78,0x00,0x00,0x00,0xe0,0x07,0x40,0x00,0x00,0x0e,0x00,0xb5,0x55,0x55,0x00,0xe0,
0x0f,0xff,0xff,0xeb,0xff,0xf1,0xe7,0xd5,0x55,0x6a,0xfa,0x2c,0x38,0x00,0x00,0x2e,0x03,0x83,0x80,0x00,0x03,0xe0,0xb4,0x38,
0x00,0x00,0x7f,0x4f,0x03,0xd5,0x54,0x0a,0xfc,0x10,0x3f,0xff,0xc0,0xde,0xb0,0x03,0x80,0x00,0x2c,0xe3,0x80,0x38,0x00,0x07,
0x8e,0x1d,0x03,0x80,0x00,0xb0,0xe0,0x40,0x38,0x00,0x0e,0x0e,0x00,0x03,0xea,0xa9,0x80,0xe0,0x00,0x3f,0xff,0xd0,0x0e,0x00,
0x03,0x80,0x00,0x00,0xe0,0x00,0x38,0x00,0x00,0x0e,0x00,0x03,0x80,0x00,0x00,0xe0,0x00,0x38,0x00,0x00,0x0e,0x00,0x03,0x80,
0x00,0x00,0x50,0x00,0x14,0x00,0x00,
/* U+67e5 */
0x00,0x00,0x0a,0x00,0x00,0x00,0x00,0x00,0xb0,0x00,0x00,0x15,0x55,0x5f,0x55,0x55,0x42,0xff,0xff,0xff,0xff,0xfc,0x00,0x01,
0xeb,0xb4,0x00,0x00,0x00,0x78,0xb2,0xe0,0x00,0x00,0x6d,0x0b,0x07,0x90,0x01,0xbe,0x40,0xb0,0x1b,0xe4,0xbe,0x40,0x06,0x00,
0x1b,0xe6,0x4a,0xaa,0xaa,0xaa,0x19,0x00,0xff,0xff,0xff,0xf4,0x00,0x0e,0x00,0x00,0x07,0x40,0x00,0xe0,0x00,0x00,0x74,0x00,
0x0f,0xff,0xff,0xff,0x40,0x00,0xea,0xaa,0xaa,0xb4,0x00,0x0e,0x00,0x00,0x07,0x40,0x00,0xe5,0x55,0x55,0xb4,0x00,0x0f,0xff,
0xff,0xff,0x40,0x00,0x55,0x55,0x55,0x50,0x00,0x00,0x00,0x00,0x00,0x00,0x7f,0xff,0xff,0xff,0xff,0xd6,0xaa,0xaa,0xaa,0xaa,
0xa9,
/* U+67ef */
0x00,0x90,0x00,0x00,0x00,0x00,0x1d,0x00,0x00,0x00,0x00,0x01,0xd0,0xbf,0xff,0xff,0xf0,0x1d,0x06,0xaa,0xaa,0xb9,0x01,0xd0,
0x00,0x00,0x07,0x4b,0xff,0xf4,0x00,0x00,0x74,0x6b,0xfa,0x40,0x00,0x07,0x40,0x2d,0x02,0xaa,0xa0,0x74,0x03,0xe0,0x2e,0xab,
0x47,0x40,0x7f,0x82,0xc0,0x74,0x74,0x0a,0xed,0x2c,0x07,0x47,0x41,0xdd,0xb6,0xc0,0x74,0x74,0x35,0xd3,0x6c,0x07,0x47,0x4b,
0x1d,0x02,0xc0,0x74,0x74,0xd1,0xd0,0x2e,0xab,0x47,0x48,0x1d,0x02,0xff,0xf4,0x74,0x01,0xd0,0x00,0x00,0x07,0x40,0x1d,0x00,
0x00,0x00,0x74,0x01,0xd0,0x00,0x00,0x07,0x40,0x1d,0x00,0x00,0x00,0x74,0x01,0xd0,0x00,0x01,0x5b,0x00,0x1d,0x00,0x00,0x3f,
0xe0,0x00,0x40,0x00,0x01,0x54,0x00,
/* U+67f1 */
0x00,0x90,0x00,0x14,0x00,0x00,0x0e,0x00,0x02,0xc0,0x00,0x00,0xe0,0x00,0x1e,0x00,0x00,0x0e,0x00,0x00,0xb0,0x00,0x01,0xe0,
0x15,0x5b,0x95,0x5b,0xff,0xf7,0xff,0xff,0xfe,0x6a,0xea,0x15,0x5b,0x55,0x40,0x1e,0x00,0x00,0xb4,0x00,0x02,0xf0,0x00,0x0b,
0x40,0x00,0x3f,0x80,0x00,0xb4,0x00,0x06,0xee,0x00,0x0b,0x40,0x00,0xde,0x74,0x00,0xb4,0x00,0x1c,0xe2,0xdf,0xff,0xff,0xc3,
0x4e,0x05,0xaa,0xfa,0xa8,0xb0,0xe0,0x00,0x0b,0x40,0x0d,0x0e,0x00,0x00,0xb4,0x00,0x80,0xe0,0x00,0x0b,0x40,0x00,0x0e,0x00,
0x00,0xb4,0x00,0x00,0xe0,0x00,0x0b,0x40,0x00,0x0e,0x00,0x00,0xb4,0x00,0x00,0xe0,0xbf,0xff,0xff,0xe0,0x0e,0x06,0xaa,0xaa,
0xaa,0x00,0x50,0x00,0x00,0x00,0x00,
/* U+67f3 */
0x01,0x80,0x00,0x50,0x00,0x00,0xb0,0x01,0xbc,0x00,0x00,0x2c,0x06,0xf9,0x2f,0xfc,0x0b,0x02,0xe0,0x0b,0xab,0x02,0xc0,0xa0,
0x52,0xc1,0xef,0xff,0x68,0x28,0xb0,0x7a,0xbe,0x8a,0x0a,0x2c,0x1c,0x0f,0x02,0x82,0x8b,0x07,0x07,0xd0,0xa0,0xa2,0xc1,0xc2,
0xfd,0x28,0x28,0xb0,0x70,0xfe,0xca,0x0a,0x2c,0x1c,0x6b,0x3a,0x82,0x8b,0x07,0x36,0xc5,0xa0,0xe2,0xc1,0xec,0xb0,0x29,0xb8,
0xb0,0x7d,0x2c,0x1f,0xfd,0x2c,0x1f,0x0b,0x07,0x97,0x4b,0x07,0x02,0xc0,0x42,0xc2,0xc2,0xc0,0xb0,0x00,0xe0,0xb7,0xe0,0x2c,
0x00,0xb4,0x2c,0x50,0x0b,0x00,0xb8,0x0b,0x00,0x02,0xc1,0xf8,0x02,0xc0,0x00,0xb0,0xb4,0x00,0xb0,0x00,0x14,0x00,0x00,0x14,
0x00,
/* U+67f4 */
0x00,0x04,0x00,0x60,0x00,0x00,0x01,0xd0,0x07,0x00,0x00,0x09,0x1d,0x00,0x70,0x1b,0x80,0xe1,0xfa,0x97,0x6f,0xe4,0x0e,0x1f,
0xa9,0x7f,0x90,0x00,0xe1,0xd0,0x07,0x40,0x00,0x0e,0x1d,0x00,0x70,0x00,0x90,0xe1,0xd0,0x07,0x00,0x1d,0x0e,0x1e,0xae,0x74,
0x02,0xd6,0xff,0xfe,0x93,0xff,0xfc,0x7e,0x94,0x05,0x1a,0xa9,0x00,0x00,0x00,0xb0,0x00,0x00,0x00,0x00,0x0b,0x00,0x00,0x07,
0xff,0xff,0xff,0xff,0xfd,0x6a,0xaa,0xff,0xfa,0xaa,0x90,0x00,0x1e,0xb7,0x40,0x00,0x00,0x07,0x8b,0x2d,0x00,0x00,0x01,0xe0,
0xb0,0xb8,0x00,0x01,0xb8,0x0b,0x01,0xf4,0x01,0xbd,0x00,0xb0,0x07,0xe4,0x7e,0x00,0x0b,0x00,0x07,0xe1,0x00,0x00,0xb0,0x00,
0x08,
/* U+6807 */
0x01,0x80,0x00,0x00,0x00,0x00,0x1d,0x00,0x55,0x55,0x50,0x01,0xd0,0x1f,0xff,0xff,0x80,0x1d,0x00,0x55,0x55,0x54,0x01,0xd0,
0x00,0x00,0x00,0x07,0xff,0xf0,0x00,0x00,0x00,0x6a,0xea,0x00,0x00,0x00,0x00,0x2d,0x01,0x55,0x55,0x55,0x03,0xd0,0x7f,0xff,
0xff,0xf0,0x7f,0x41,0x55,0xb5,0x55,0x0b,0xfc,0x00,0x0b,0x00,0x01,0xed,0xb0,0x50,0xb0,0x90,0x29,0xd7,0x8b,0x0b,0x0e,0x07,
0x1d,0x14,0xe0,0xb0,0xb0,0xe1,0xd0,0x1d,0x0b,0x07,0x49,0x1d,0x02,0xc0,0xb0,0x38,0x01,0xd0,0x38,0x0b,0x02,0xc0,0x1d,0x0b,
0x40,0xb0,0x1d,0x01,0xd0,0xe0,0x0b,0x00,0xe0,0x1d,0x1d,0x00,0xb0,0x0e,0x01,0xd0,0x01,0x5f,0x00,0x40,0x1d,0x00,0x2f,0xd0,
0x00,0x00,0x40,0x00,0x00,0x00,0x00,
/* U+6811 */
0x01,0x80,0x00,0x00,0x06,0x00,0x2c,0x00,0x00,0x00,0x74,0x02,0xc0,0x55,0x40,0x07,0x40,0x2c,0x0f,0xfd,0x00,0x74,0x02,0xc0,
0x56,0xd0,0x07,0x4b,0xff,0xd0,0x1d,0xbf,0xff,0x57,0xd4,0x01,0xc6,0xab,0xa0,0x3c,0x18,0x2c,0x00,0x74,0x07,0xd1,0xd2,0xc0,
0x07,0x40,0xbf,0x0b,0x38,0x00,0x74,0x0f,0xe8,0x7b,0x8e,0x07,0x41,0xac,0xd2,0xf4,0x74,0x74,0x36,0xcb,0x0f,0x03,0x87,0x4b,
0x2c,0x20,0xf4,0x2d,0x74,0xd2,0xc0,0x1f,0xc0,0x87,0x4c,0x2c,0x02,0xdd,0x00,0x74,0x42,0xc0,0x74,0xb0,0x07,0x40,0x2c,0x0f,
0x07,0x80,0x74,0x02,0xc2,0xd0,0x38,0x07,0x40,0x2c,0x78,0x01,0x00,0x74,0x02,0xc7,0x00,0x01,0x5b,0x00,0x2c,0x00,0x00,0x2f,
0xe0,0x01,0x40,0x00,0x00,0x54,0x00,
/* U+6816 */
0x01,0x90,0x00,0x00,0x00,0x00,0x1d,0x06,0xaa,0xaa,0xa9,0x01,0xd0,0xbf,0xff,0xff,0xf0,0x1d,0x00,0x0b,0x0e,0x00,0x01,0xd0,
0x00,0xb0,0xe0,0x0b,0xff,0xf0,0x0b,0x0e,0x00,0x6b,0xea,0x15,0xb5,0xe5,0x40,0x2d,0x03,0xff,0xff,0xfc,0x03,0xd0,0x39,0xb5,
0xe6,0xc0,0x7f,0x03,0x87,0x0d,0x2c,0x0b,0xf8,0x38,0xb0,0xd2,0xc0,0xed,0xe3,0x8a,0x0d,0x2c,0x29,0xd7,0x78,0xe0,0xd2,0xc3,
0x5d,0x37,0x9d,0x0e,0x2c,0xb1,0xd0,0x3a,0xc0,0xfb,0xcd,0x1d,0x03,0xb8,0x06,0xbc,0x41,0xd0,0x39,0x00,0x02,0xc0,0x1d,0x03,
0x80,0x00,0x2c,0x01,0xd0,0x38,0x00,0x02,0xc0,0x1d,0x03,0xea,0xaa,0xac,0x01,0xd0,0x3f,0xff,0xff,0xc0,0x1d,0x03,0x80,0x00,
0x2c,0x00,0x40,0x14,0x00,0x01,0x40,
/* U+6817 */
0x2a,0xaa,0xaa,0xaa,0xaa,0x97,0xff,0xff,0xff,0xff,0xfd,0x00,0x01,0xc0,0x34,0x00,0x00,0x00,0x1c,0x03,0x40,0x00,0x0b,0xff,
0xff,0xff,0xfe,0x00,0xba,0xae,0xab,0xaa,0xe0,0x0b,0x01,0xc0,0x34,0x0e,0x00,0xb0,0x1c,0x03,0x40,0xe0,0x0b,0x02,0xd0,0x78,
0x0e,0x00,0xbf,0xff,0xff,0xff,0xe0,0x05,0x55,0x55,0x55,0x55,0x00,0x00,0x00,0xb0,0x00,0x00,0x00,0x00,0x0b,0x00,0x00,0x0b,
0xff,0xff,0xff,0xff,0xfe,0x6a,0xaa,0xff,0xfa,0xaa,0x90,0x00,0x1d,0xb7,0x80,0x00,0x00,0x0b,0x4b,0x1f,0x00,0x00,0x07,0xd0,
0xb0,0x7d,0x00,0x0b,0xe0,0x0b,0x00,0xbe,0x07,0xe4,0x00,0xb0,0x01,0xbd,0x24,0x00,0x0b,0x00,0x01,0x80,0x00,0x00,0x50,0x00,
0x00,
/* U+6821 */
0x00,0x90,0x00,0x28,0x00,0x00,0x1d,0x00,0x01,0xd0,0x00,0x01,0xd0,0x00,0x0e,0x00,0x00,0x1d,0x06,0xaa,0xba,0xa9,0x01,0xd0,
0x7f,0xff,0xff,0xeb,0xff,0xf0,0x00,0x00,0x00,0x6a,0xfa,0x01,0x40,0x24,0x00,0x2d,0x00,0x38,0x03,0xc0,0x03,0xe0,0x0b,0x40,
0x1e,0x00,0x7f,0x01,0xe0,0x00,0xb4,0x0a,0xec,0x3c,0x00,0x17,0xc1,0xdd,0xab,0x78,0x07,0x9e,0x29,0xd7,0x92,0xc0,0x74,0x47,
0x1d,0x24,0x1d,0x0b,0x00,0xe1,0xd0,0x00,0xf1,0xe0,0x08,0x1d,0x00,0x07,0xad,0x00,0x01,0xd0,0x00,0x2f,0x80,0x00,0x1d,0x00,
0x01,0xf4,0x00,0x01,0xd0,0x00,0x7f,0xe0,0x00,0x1d,0x00,0x6f,0x4b,0xd0,0x01,0xd0,0x6f,0x80,0x1f,0xd0,0x1d,0x0f,0x90,0x00,
0x2e,0x00,0x40,0x40,0x00,0x00,0x00,
/* U+682a */
0x01,0x80,0x00,0x06,0x00,0x00,0x2c,0x00,0x34,0x70,0x00,0x02,0xc0,0x07,0x47,0x00,0x00,0x2c,0x00,0xb0,0x70,0x00,0x02,0xc0,
0x0f,0xaf,0xaa,0x8b,0xff,0xd1,0xff,0xff,0xf8,0xab,0xe9,0x3c,0x07,0x00,0x00,0x3c,0x07,0x80,0x70,0x00,0x07,0xd0,0x10,0x07,
0x00,0x00,0xbf,0x01,0x55,0xb5,0x54,0x0f,0xe8,0x7f,0xff,0xff,0xe1,0xec,0xd5,0x57,0xfe,0x55,0x36,0xcb,0x40,0x7b,0xb0,0x07,
0x2c,0x20,0x0e,0x77,0x40,0xe2,0xc0,0x01,0xc7,0x2c,0x08,0x2c,0x00,0x38,0x70,0xd0,0x02,0xc0,0x0f,0x07,0x0b,0x40,0x2c,0x03,
0xd0,0x70,0x3c,0x02,0xc1,0xf4,0x07,0x01,0xe0,0x2c,0x1d,0x00,0x70,0x06,0x02,0xc0,0x00,0x07,0x00,0x00,0x2c,0x00,0x00,0x70,
0x00,0x01,0x40,0x00,0x05,0x00,0x00,
/* U+6839 */
0x01,0x40,0x00,0x00,0x00,0x00,0x1d,0x01,0xaa,0xaa,0xa0,0x01,0xd0,0x1f,0xff,0xff,0x00,0x1d,0x01,0xd0,0x00,0xb0,0x01,0xd0,
0x1d,0x00,0x0b,0x0b,0xff,0xf5,0xd5,0x55,0xb0,0x6b,0xfa,0x1f,0xff,0xff,0x00,0x2d,0x01,0xd5,0x55,0xb0,0x03,0xe0,0x1d,0x00,
0x0b,0x00,0x7f,0x41,0xd0,0x00,0xb0,0x0b,0xed,0x1f,0xff,0xff,0x01,0xdd,0xb1,0xea,0xfa,0xa0,0x29,0xd3,0x5d,0x0b,0x00,0x07,
0x1d,0x11,0xd0,0x74,0x1d,0xe1,0xd0,0x1d,0x03,0x87,0x8c,0x1d,0x01,0xd0,0x2e,0xe0,0x41,0xd0,0x1d,0x00,0xf4,0x00,0x1d,0x01,
0xd0,0x0b,0x40,0x01,0xd0,0x1d,0x05,0x2d,0x00,0x1d,0x01,0xdb,0xe0,0xf8,0x01,0xd0,0x3f,0xe4,0x02,0xe0,0x1d,0x02,0x90,0x00,
0x0a,0x00,0x40,0x00,0x00,0x00,0x00,
/* U+683c */
0x01,0x80,0x00,0x50,0x00,0x00,0x1d,0x00,0x1e,0x00,0x00,0x01,0xd0,0x02,0xe5,0x55,0x00,0x1d,0x00,0x7f,0xff,0xf0,0x01,0xd0,
0x0f,0x55,0x5e,0x0b,0xff,0xe2,0xf8,0x03,0xc0,0x6b,0xea,0xb9,0xe0,0xb4,0x00,0x2d,0x06,0x07,0xae,0x00,0x03,0xe0,0x00,0x2f,
0x80,0x00,0x7f,0x40,0x07,0xf9,0x00,0x0b,0xed,0x02,0xf5,0xf8,0x01,0xed,0xb6,0xf8,0x02,0xf9,0x35,0xd3,0xf9,0x00,0x06,0xe7,
0x1d,0x05,0xaa,0xaa,0xa5,0xe1,0xd0,0x1f,0xff,0xff,0x08,0x1d,0x01,0xe0,0x00,0xb0,0x01,0xd0,0x1e,0x00,0x0b,0x00,0x1d,0x01,
0xe0,0x00,0xb0,0x01,0xd0,0x1e,0x00,0x0b,0x00,0x1d,0x01,0xe5,0x55,0xb0,0x01,0xd0,0x1f,0xff,0xff,0x00,0x1d,0x01,0xe5,0x55,
0xb0,0x00,0x40,0x05,0x00,0x05,0x00,
/* U+683e */
0x00,0x00,0x18,0x00,0x00,0x00,0x00,0x01,0xd0,0x00,0x00,0x2a,0xaa,0xaf,0xaa,0xaa,0x83,0xff,0xff,0xff,0xff,0xfc,0x00,0x02,
0xc0,0x38,0x00,0x00,0x00,0x2c,0x03,0x80,0x00,0x00,0xe2,0xc0,0x38,0xf4,0x00,0x3d,0x2c,0x03,0x87,0xd0,0x1f,0x42,0xc0,0x38,
0x0f,0x47,0xd0,0x2c,0x03,0x80,0x3d,0x20,0x02,0xc0,0x38,0x00,0x80,0x00,0x00,0xa0,0x00,0x00,0x00,0x00,0x0f,0x00,0x00,0x06,
0xaa,0xaa,0xfa,0xaa,0xa9,0x7f,0xff,0xff,0xff,0xff,0xd0,0x00,0x0b,0xfe,0x00,0x00,0x00,0x02,0xdf,0x78,0x00,0x00,0x01,0xf4,
0xf1,0xf4,0x00,0x01,0xbd,0x0f,0x07,0xe4,0x01,0xbe,0x00,0xf0,0x0b,0xe4,0xbe,0x00,0x0f,0x00,0x0b,0xe2,0x00,0x00,0xf0,0x00,
0x08,0x00,0x00,0x05,0x00,0x00,0x00,
/* U+6842 */
0x00,0x90,0x00,0x0a,0x00,0x00,0x0e,0x00,0x00,0xb0,0x00,0x00,0xe0,0x00,0x0b,0x00,0x00,0x0e,0x01,0xaa,0xfa,0xa4,0x00,0xe0,
0x1f,0xff,0xff,0x8b,0xff,0xf4,0x00,0xb0,0x00,0x6a,0xfa,0x40,0x0b,0x00,0x00,0x1e,0x00,0x00,0xb0,0x00,0x02,0xf0,0x6a,0xaf,
0xaa,0x90,0x3f,0x87,0xff,0xff,0xfe,0x0a,0xee,0x00,0x00,0x00,0x00,0xde,0x74,0x00,0xa0,0x00,0x2c,0xe2,0x40,0x0b,0x00,0x07,
0x4e,0x00,0x00,0xb0,0x00,0xf0,0xe0,0x2f,0xff,0xff,0x8d,0x0e,0x01,0xaa,0xfa,0xa8,0x40,0xe0,0x00,0x0b,0x00,0x00,0x0e,0x00,
0x00,0xb0,0x00,0x00,0xe0,0x00,0x0b,0x00,0x00,0x0e,0x00,0x00,0xb0,0x00,0x00,0xe0,0xbf,0xff,0xff,0xe0,0x0e,0x0a,0xaa,0xaa,
0xaa,0x00,0x50,0x00,0x00,0x00,0x00,
/* U+6843 */
0x01,0x80,0x01,0x91,0x80,0x00,0x2c,0x00,0x1d,0x2c,0x00,0x02,0xc0,0x01,0xd2,0xc0,0x00,0x2c,0x04,0x1d,0x2c,0x08,0x02,0xc1,
0xe1,0xd2,0xc2,0xdb,0xff,0xdb,0x1d,0x2c,0x38,0x6b,0xe9,0x75,0xd2,0xcb,0x40,0x3c,0x03,0x9d,0x2d,0xe0,0x07,0xd0,0x1e,0xd2,
0xdc,0x00,0xbf,0x40,0x5d,0x2c,0x00,0x0f,0xec,0x01,0xd2,0xe0,0x01,0xec,0xe0,0x7d,0x2f,0x80,0x36,0xc6,0x1f,0xd2,0xde,0x07,
0x2c,0x0b,0xac,0x2c,0x7d,0xe2,0xc2,0xe3,0xc2,0xc1,0xdc,0x2c,0x14,0x38,0x2c,0x04,0x42,0xc0,0x07,0x82,0xc0,0x40,0x2c,0x00,
0xb4,0x2c,0x0b,0x02,0xc0,0x1e,0x02,0xc0,0xa0,0x2c,0x03,0xd0,0x2c,0x0e,0x02,0xc0,0xf8,0x01,0xea,0xd0,0x2c,0x1e,0x00,0x0b,
0xf8,0x01,0x40,0x40,0x00,0x00,0x00,
/* U+6848 */
0x00,0x00,0x18,0x00,0x00,0x00,0x00,0x01,0xe0,0x00,0x00,0x1a,0xaa,0xaf,0xaa,0xaa,0x42,0xea,0xaa,0xaa,0xaa,0xb8,0x2c,0x00,
0x24,0x00,0x03,0x81,0x80,0x0b,0x40,0x00,0x24,0x1a,0xaa,0xfa,0xaa,0xaa,0x41,0xaa,0xba,0xaa,0xfa,0xa4,0x00,0x0e,0x00,0x1e,
0x00,0x00,0x02,0xfa,0x4b,0x80,0x00,0x00,0x01,0xbf,0xf4,0x00,0x00,0x55,0x6f,0xeb,0xf9,0x00,0x1f,0xfe,0x95,0x06,0xbf,0x00,
0x40,0x00,0xf0,0x00,0x50,0x15,0x55,0x5f,0x55,0x55,0x47,0xff,0xff,0xff,0xff,0xfd,0x15,0x55,0xff,0xb5,0x55,0x40,0x00,0x6c,
0xf2,0xd0,0x00,0x00,0x6e,0x0f,0x0b,0x90,0x00,0x6f,0x40,0xf0,0x1b,0xe4,0x7f,0x80,0x0f,0x00,0x1b,0xd2,0x40,0x00,0xf0,0x00,
0x08,0x00,0x00,0x05,0x00,0x00,0x00,
/* U+6850 */
0x01,0x80,0x00,0x00,0x00,0x00,0xb0,0x1a,0xaa,0xaa,0xa0,0x2c,0x07,0xff,0xff,0xfc,0x0b,0x01,0xc0,0x00,0x0b,0x02,0xc0,0x70,
0x00,0x02,0xdf,0xff,0x9c,0x55,0x54,0xb6,0xbe,0x97,0x2f,0xff,0x2c,0x0b,0x01,0xc0,0x00,0x0b,0x03,0xd0,0x70,0x00,0x02,0xc1,
0xfc,0x1c,0x15,0x54,0xb0,0xbe,0x87,0x1f,0xfe,0x2c,0x7b,0x79,0xc7,0x42,0x8b,0x2a,0xc7,0xb1,0xd0,0xa2,0xdc,0xb0,0x5c,0x74,
0x28,0xbe,0x2c,0x07,0x1d,0x0a,0x2f,0x4b,0x01,0xc7,0x42,0x8b,0x42,0xc0,0x71,0xff,0xe2,0xc0,0xb0,0x1c,0x2a,0xa4,0xb0,0x2c,
0x07,0x00,0x00,0x2c,0x0b,0x01,0xc0,0x00,0x0b,0x02,0xc0,0x70,0x00,0x57,0xc0,0xb0,0x1c,0x00,0x3f,0xd0,0x04,0x05,0x00,0x05,
0x40,
/* U+6851 */
0x01,0xff,0xff,0xff,0xf4,0x00,0x05,0x55,0x55,0x6e,0x40,0x00,0x7a,0x50,0x1b,0x40,0x00,0x01,0x6b,0xff,0x80,0x00,0x00,0x56,
0xbe,0xaf,0x94,0x00,0x7f,0xa4,0x00,0x1b,0xd0,0x01,0x00,0x00,0x00,0x04,0x02,0xff,0xff,0x9f,0xff,0xf8,0x15,0x55,0xb4,0x55,
0x5b,0x40,0xb9,0x2d,0x0b,0x92,0xd0,0x01,0xbf,0x40,0x1b,0xf4,0x01,0x6f,0xbe,0x06,0xfb,0xe4,0x2e,0x40,0xaa,0xe4,0x07,0x40,
0x00,0x00,0xb0,0x00,0x00,0x7f,0xff,0xff,0xff,0xff,0xd5,0x55,0x6e,0xfb,0x95,0x55,0x00,0x02,0x8b,0x2d,0x00,0x00,0x02,0xe0,
0xb0,0xb8,0x00,0x06,0xf4,0x0b,0x01,0xf9,0x07,0xf8,0x00,0xb0,0x01,0xfe,0x24,0x00,0x0b,0x00,0x01,0x90,0x00,0x00,0x50,0x00,
0x00,
/* U+6853 */
0x00,0x50,0x00,0x00,0x00,0x00,0x0e,0x06,0xaa,0xaa,0xa9,0x00,0xe0,0x7f,0xff,0xff,0xe0,0x0e,0x00,0x00,0x00,0x00,0x00,0xe0,
0x00,0x00,0x00,0x07,0xff,0xf4,0x55,0x55,0x54,0x6a,0xfa,0x4f,0xff,0xff,0x40,0x1e,0x00,0xf5,0x55,0x74,0x02,0xe0,0x0f,0x00,
0x07,0x40,0x3f,0x40,0xf0,0x00,0x74,0x07,0xfc,0x0f,0x55,0x57,0x40,0xde,0xa0,0xff,0xff,0xf4,0x1c,0xe7,0x8f,0x55,0x57,0x43,
0x4e,0x28,0xf0,0x00,0x74,0xb0,0xe0,0x0f,0x00,0x07,0x4d,0x0e,0x00,0xf5,0x55,0x74,0x40,0xe0,0x0f,0xff,0xff,0x40,0x0e,0x00,
0x55,0x55,0x54,0x00,0xe0,0x00,0x00,0x00,0x00,0x0e,0x00,0x00,0x00,0x00,0x00,0xe0,0xbf,0xff,0xff,0xf0,0x0e,0x06,0xaa,0xaa,
0xaa,0x00,0x50,0x00,0x00,0x00,0x00,
/* U+6865 */
0x01,0x80,0x00,0x00,0x05,0x00,0x2c,0x00,0x15,0x6b,0xf0,0x02,0xc0,0x2f,0xff,0xa4,0x00,0x2c,0x01,0x56,0xc0,0x00,0x02,0xc0,
0x00,0x2c,0x00,0x0b,0xff,0xe0,0x03,0x80,0x00,0xab,0xe9,0xbf,0xff,0xff,0xd0,0x3c,0x0a,0xaf,0xaf,0xa9,0x07,0xd0,0x01,0xe0,
0xb0,0x00,0xbf,0x00,0x7c,0x03,0x80,0x0f,0xe8,0x0f,0x40,0x1d,0x01,0xec,0xe7,0xe4,0x06,0xb8,0x36,0xc7,0xf7,0x80,0xb1,0xf7,
0x2c,0x09,0x38,0x0b,0x05,0xe2,0xc0,0x03,0x40,0xb0,0x0c,0x2c,0x00,0x74,0x0b,0x00,0x42,0xc0,0x0b,0x40,0xb0,0x00,0x2c,0x00,
0xf0,0x0b,0x00,0x02,0xc0,0x1d,0x00,0xb0,0x00,0x2c,0x03,0xc0,0x0b,0x00,0x02,0xc0,0xf4,0x00,0xb0,0x00,0x2c,0x1d,0x00,0x0b,
0x00,0x01,0x40,0x00,0x00,0x50,0x00,
/* U+6866 */
0x01,0x80,0x01,0x82,0x40,0x00,0x1d,0x00,0x2c,0x38,0x00,0x01,0xd0,0x07,0x83,0x82,0x80,0x1d,0x00,0xb0,0x39,0xf8,0x01,0xd0,
0x1f,0x03,0xbd,0x0b,0xff,0xe3,0xf0,0x3e,0x00,0x6b,0xea,0xbf,0x2f,0x80,0x00,0x3d,0x0a,0xb3,0xb8,0x09,0x07,0xd0,0x4b,0x13,
0x80,0xe0,0xbf,0x40,0xb0,0x38,0x1d,0x0e,0xec,0x0b,0x02,0xfb,0xc1,0xdd,0xe0,0xb0,0x1a,0xa4,0x35,0xd7,0x40,0x06,0x00,0x07,
0x1d,0x20,0x00,0xf0,0x00,0xe1,0xd0,0x00,0x0f,0x00,0x08,0x1d,0x0b,0xff,0xff,0xfe,0x01,0xd0,0x6a,0xaf,0xaa,0xa0,0x1d,0x00,
0x00,0xf0,0x00,0x01,0xd0,0x00,0x0f,0x00,0x00,0x1d,0x00,0x00,0xf0,0x00,0x01,0xd0,0x00,0x0f,0x00,0x00,0x1d,0x00,0x00,0xf0,
0x00,0x01,0x40,0x00,0x05,0x00,0x00,
/* U+6881 */
0x0e,0x40,0xaa,0xaa,0xa4,0x00,0x7e,0x5f,0xff,0xff,0x40,0x00,0x74,0x00,0xb0,0x74,0x02,0x40,0x06,0x0e,0x07,0x50,0x7e,0x01,
0xe1,0xd0,0x77,0x40,0xb8,0x2c,0x2c,0x07,0x68,0x00,0x02,0x47,0x40,0x75,0xc0,0x0b,0x01,0xe0,0x07,0x4e,0x02,0xd0,0xb8,0x00,
0xb0,0xb1,0xf4,0x7e,0x02,0xae,0x00,0x7d,0x0b,0x45,0x2a,0x80,0x01,0x00,0x00,0xb0,0x00,0x00,0x00,0x00,0x0b,0x00,0x00,0x07,
0xff,0xff,0xff,0xff,0xfd,0x2a,0xaa,0xff,0xba,0xaa,0x80,0x00,0x2c,0xb3,0x80,0x00,0x00,0x0b,0x4b,0x1f,0x00,0x00,0x07,0xd0,
0xb0,0x7d,0x00,0x06,0xf4,0x0b,0x00,0xbd,0x07,0xf8,0x00,0xb0,0x01,0xfe,0x78,0x00,0x0b,0x00,0x02,0xe0,0x00,0x00,0x50,0x00,
0x00,
/* U+6885 */
0x01,0x80,0x06,0x40,0x00,0x00,0x2c,0x00,0xb4,0x00,0x00,0x02,0xc0,0x1f,0xaa,0xaa,0x90,0x2c,0x02,0xff,0xff,0xfd,0x02,0xc0,
0x78,0x00,0x00,0x0b,0xff,0xdf,0x40,0x00,0x00,0xab,0xea,0xef,0xff,0xff,0x80,0x3c,0x09,0xd5,0x55,0x78,0x07,0xc0,0x2c,0x28,
0x03,0x40,0xbe,0x02,0xc2,0xe0,0x74,0x0f,0xe4,0x2c,0x07,0x47,0x41,0xed,0xd7,0xd5,0x65,0xb9,0x36,0xcb,0xff,0xff,0xff,0xf7,
0x2c,0x53,0x81,0x00,0x74,0xe2,0xc0,0x38,0x78,0x07,0x48,0x2c,0x07,0x41,0xe0,0x74,0x02,0xc0,0x74,0x06,0x07,0x00,0x2c,0x07,
0xaa,0xaa,0xb9,0x02,0xc0,0xbf,0xff,0xff,0xe0,0x2c,0x00,0x00,0x00,0xb0,0x02,0xc0,0x00,0x04,0x6e,0x00,0x2c,0x00,0x00,0xff,
0x80,0x01,0x40,0x00,0x05,0x50,0x00,
/* U+6893 */
0x01,0x40,0x00,0x18,0x00,0x00,0x1d,0x00,0x01,0xd0,0x00,0x01,0xd0,0x00,0x0e,0x00,0x00,0x1d,0x06,0xaa,0xfa,0xa9,0x01,0xd0,
0x6a,0xaa,0xaa,0x9b,0xff,0xe0,0x10,0x00,0x50,0x6b,0xea,0x0b,0x40,0x0e,0x00,0x2d,0x00,0x3c,0x01,0xd0,0x03,0xd0,0x01,0xd0,
0x38,0x00,0x7f,0x41,0x55,0x57,0x95,0x0a,0xe8,0xbf,0xff,0xff,0xf1,0xdd,0xe5,0x55,0xf5,0x55,0x35,0xd7,0x40,0x0b,0x00,0x07,
0x1d,0x20,0x00,0xb0,0x00,0xd1,0xd0,0x15,0x5f,0x55,0x4c,0x1d,0x07,0xff,0xff,0xfd,0x01,0xd0,0x15,0x5f,0x55,0x40,0x1d,0x00,
0x00,0xb0,0x00,0x01,0xd0,0x00,0x0b,0x00,0x00,0x1d,0x00,0x00,0xb0,0x00,0x01,0xd0,0x00,0x0b,0x00,0x00,0x1d,0x00,0x00,0xb0,
0x00,0x00,0x40,0x00,0x05,0x00,0x00,
/* U+68a6 */
0x00,0x24,0x00,0x02,0x40,0x00,0x03,0x80,0x00,0x38,0x00,0x15,0x79,0x50,0x57,0x95,0x43,0xff,0xff,0x6f,0xff,0xfc,0x15,0xbd,
0x51,0x5f,0xf5,0x40,0x1f,0xd0,0x02,0xba,0x80,0x03,0xbf,0x80,0x73,0x9d,0x00,0xe3,0x9f,0x1e,0x38,0xb4,0x7c,0x38,0x67,0x83,
0x82,0xe7,0x43,0x80,0x70,0x38,0x0a,0x00,0x14,0x74,0x01,0x40,0x00,0x00,0x1f,0x00,0x00,0x00,0x00,0x0b,0xea,0xaa,0xa4,0x00,
0x07,0xff,0xff,0xff,0x40,0x07,0xe4,0x00,0x00,0xf0,0x00,0xa4,0x60,0x00,0x2d,0x00,0x00,0x07,0xd0,0x0b,0x80,0x00,0x00,0x1f,
0x87,0xe0,0x00,0x00,0x00,0x2f,0xf4,0x00,0x00,0x00,0x1b,0xf8,0x00,0x00,0x16,0xaf,0xe4,0x00,0x00,0x03,0xfe,0x90,0x00,0x00,
0x00,0x14,0x00,0x00,0x00,0x00,0x00,
/* U+68a7 */
0x01,0x80,0x00,0x00,0x00,0x00,0x2c,0x06,0xaa,0xaa,0xa8,0x02,0xc0,0xbf,0xff,0xff,0xd0,0x2c,0x00,0x03,0x80,0x00,0x02,0xc0,
0x00,0x74,0x00,0x0b,0xff,0xe1,0x5b,0x55,0x50,0x6b,0xe9,0x3f,0xff,0xfe,0x00,0x3c,0x00,0x1e,0x00,0xe0,0x07,0xd0,0x01,0xd0,
0x0e,0x00,0x7e,0x00,0x1d,0x00,0xe0,0x0b,0xf4,0xab,0xea,0xaf,0xa1,0xed,0xcb,0xff,0xff,0xff,0x2a,0xce,0x00,0x00,0x00,0x07,
0x2c,0x60,0x00,0x00,0x00,0xa2,0xc0,0x2f,0xff,0xff,0x4d,0x2c,0x02,0xea,0xaa,0xf4,0x42,0xc0,0x2c,0x00,0x07,0x40,0x2c,0x02,
0xc0,0x00,0x74,0x02,0xc0,0x2c,0x00,0x07,0x40,0x2c,0x02,0xd5,0x55,0xb4,0x02,0xc0,0x2f,0xff,0xff,0x40,0x2c,0x02,0xd5,0x55,
0xb4,0x01,0x40,0x14,0x00,0x05,0x00,
/* U+68a8 */
0x00,0x00,0x14,0x00,0x01,0x01,0xaa,0xbf,0xd0,0x00,0x74,0x1f,0xae,0x50,0x09,0x07,0x40,0x00,0xd0,0x00,0xe0,0x74,0x2a,0xae,
0xaa,0x0e,0x07,0x43,0xff,0xff,0xf0,0xe0,0x74,0x00,0x3e,0x00,0x0e,0x07,0x40,0x1e,0xf9,0x00,0xe0,0x74,0x07,0x8e,0xf9,0x0e,
0x07,0x02,0xe0,0xd2,0xf4,0x00,0x74,0x78,0x0d,0x01,0x00,0x0b,0x01,0x00,0xd0,0x00,0x2f,0xe0,0x00,0x05,0x0b,0x01,0x54,0x00,
0x00,0x00,0xb0,0x00,0x00,0x7f,0xff,0xff,0xff,0xff,0xd6,0xaa,0xaf,0xff,0xaa,0xa9,0x00,0x02,0xcb,0x38,0x00,0x00,0x00,0xf4,
0xb1,0xf4,0x00,0x00,0x7d,0x0b,0x03,0xe0,0x00,0xbe,0x00,0xb0,0x0b,0xe0,0x7f,0x40,0x0b,0x00,0x1f,0xd2,0x40,0x00,0xb0,0x00,
0x18,0x00,0x00,0x05,0x00,0x00,0x00,
/* U+68c0 */
0x01,0x80,0x00,0x09,0x00,0x00,0x2c,0x00,0x02,0xf4,0x00,0x02,0xc0,0x00,0x7b,0x80,0x00,0x2c,0x00,0x0f,0x2d,0x00,0x02,0xc0,
0x02,0xd0,0xf0,0x0b,0xff,0xe0,0xb8,0x07,0xc0,0x6b,0xe9,0x2e,0x00,0x1f,0x40,0x3c,0x0b,0xea,0xaa,0xbd,0x07,0xe1,0xe2,0xff,
0xf5,0xf0,0xbf,0x48,0x00,0x00,0x05,0x0b,0xed,0x00,0x14,0x01,0x01,0xec,0xb1,0x83,0x80,0x74,0x2a,0xc5,0x2c,0x2c,0x0b,0x07,
0x2c,0x01,0xd2,0xd0,0xf0,0xe2,0xc0,0x1e,0x1d,0x0e,0x0d,0x2c,0x00,0xe0,0xe1,0xd0,0x42,0xc0,0x0b,0x0e,0x2c,0x00,0x2c,0x00,
0x74,0x43,0x80,0x02,0xc0,0x01,0x00,0x74,0x00,0x2c,0x00,0x00,0x0b,0x00,0x02,0xc0,0xff,0xff,0xff,0xe0,0x2c,0x0a,0xaa,0xaa,
0xa9,0x00,0x40,0x00,0x00,0x00,0x00,
/* U+68c9 */
0x01,0x90,0x00,0x09,0x00,0x00,0x74,0x00,0x07,0x40,0x00,0x1d,0x01,0xaa,0xea,0xa4,0x07,0x40,0xbf,0xff,0xfe,0x01,0xd0,0x2c,
0x00,0x03,0xaf,0xff,0xcb,0x00,0x00,0xe6,0xbf,0xa2,0xff,0xff,0xf8,0x0b,0x40,0xb5,0x55,0x6e,0x03,0xe0,0x2c,0x00,0x03,0x81,
0xfe,0x0b,0xaa,0xaa,0xe0,0xae,0xd2,0xff,0xff,0xf4,0x77,0x6d,0x00,0x38,0x00,0x35,0xd2,0x00,0x1e,0x00,0x2c,0x74,0x2f,0xff,
0xff,0xfe,0x1d,0x0b,0xaa,0xea,0xae,0x07,0x42,0xc0,0x38,0x0b,0x01,0xd0,0xb0,0x0e,0x02,0xc0,0x74,0x2c,0x03,0x80,0xb0,0x1d,
0x0b,0x00,0xe0,0x2c,0x07,0x42,0xc0,0x38,0xaf,0x01,0xd0,0xb0,0x0e,0x2e,0x40,0x74,0x00,0x03,0x80,0x00,0x04,0x00,0x00,0x50,
0x00,
/* U+68e0 */
0x00,0x40,0x0a,0x00,0x10,0x00,0x1d,0x00,0xf0,0x0b,0x40,0x00,0xf0,0x0f,0x01,0xe0,0x01,0x57,0x95,0xf5,0x6d,0x54,0x3f,0xff,
0xff,0xff,0xff,0xc3,0xd5,0x55,0x55,0x55,0x7c,0x38,0x00,0x00,0x00,0x02,0xc3,0x87,0xff,0xff,0xfd,0x2c,0x14,0x7a,0xaa,0xaa,
0xd1,0x40,0x07,0x40,0x00,0x1d,0x00,0x00,0x74,0x00,0x01,0xd0,0x00,0x07,0xff,0xff,0xfd,0x00,0x00,0x15,0x5f,0x55,0x40,0x00,
0x00,0x00,0xf0,0x00,0x00,0x1a,0xaa,0xaf,0xaa,0xaa,0x42,0xff,0xff,0xff,0xff,0xfc,0x00,0x01,0xef,0xb4,0x00,0x00,0x00,0xb8,
0xf2,0xe0,0x00,0x00,0x6e,0x0f,0x07,0xd0,0x00,0xbf,0x40,0xf0,0x1b,0xe0,0x7f,0x40,0x0f,0x00,0x1f,0xe3,0x40,0x00,0xf0,0x00,
0x1c,0x00,0x00,0x05,0x00,0x00,0x00,
/* U+68e3 */
0x01,0x80,0x00,0x18,0x00,0x00,0x1d,0x00,0x02,0xc0,0x00,0x01,0xd0,0x2a,0xbe,0xaa,0x00,0x1d,0x02,0xab,0xea,0xe0,0x01,0xd0,
0x00,0x2c,0x0e,0x0b,0xff,0xe0,0x02,0xc0,0xe0,0x6b,0xe9,0xbf,0xff,0xff,0xd0,0x2d,0x06,0xab,0xea,0xf9,0x03,0xd0,0x00,0x2c,
0x0e,0x00,0x7f,0x40,0x02,0xc0,0xe0,0x0a,0xed,0x3f,0xff,0xfe,0x01,0xed,0xb1,0x56,0xd5,0x50,0x35,0xd1,0x00,0x2c,0x01,0x47,
0x1d,0x0a,0x02,0xd0,0x3c,0xd1,0xd0,0xb4,0x7f,0x0b,0x48,0x1d,0x02,0x9f,0xfb,0xd0,0x01,0xd0,0x07,0xad,0xf4,0x00,0x1d,0x01,
0xe2,0xc7,0x80,0x01,0xd0,0xb8,0x2c,0x1f,0x40,0x1d,0x2e,0x02,0xc0,0x7e,0x01,0xd1,0x41,0x2c,0x00,0xd0,0x1d,0x00,0x7f,0x80,
0x00,0x00,0x40,0x01,0x50,0x00,0x00,
/* U+68f1 */
0x00,0x40,0x00,0x09,0x00,0x00,0x1d,0x00,0x00,0xe0,0x00,0x01,0xd0,0x15,0x5e,0x55,0x00,0x1d,0x02,0xff,0xff,0xf4,0x01,0xd0,
0x00,0x0e,0x00,0x0b,0xff,0xe0,0x00,0xe0,0x00,0x6b,0xea,0x6a,0xaf,0xaa,0x80,0x2d,0x07,0xff,0xff,0xfd,0x03,0xd0,0x01,0x80,
0x24,0x00,0x7f,0x40,0x78,0x02,0xd0,0x0b,0xec,0x1e,0x04,0x0b,0x41,0xed,0xb7,0xc2,0xc0,0x2d,0x29,0xd2,0xb4,0xb4,0x00,0x97,
0x1d,0x01,0x1f,0xff,0xd0,0xe1,0xd0,0x07,0xea,0xad,0x0c,0x1d,0x01,0xf8,0x03,0x80,0x41,0xd0,0xbd,0xe0,0xb4,0x00,0x1d,0x0a,
0x07,0xad,0x00,0x01,0xd0,0x00,0x2f,0x80,0x00,0x1d,0x00,0x1b,0xfe,0x40,0x01,0xd0,0x6f,0xe0,0xbe,0x40,0x1d,0x1f,0x90,0x00,
0xbf,0x00,0x40,0x40,0x00,0x00,0x50,
/* U+690d */
0x01,0x80,0x00,0x09,0x00,0x00,0x2c,0x00,0x00,0xe0,0x00,0x02,0xc0,0x55,0x6e,0x55,0x50,0x2c,0x1f,0xff,0xff,0xfe,0x02,0xc0,
0x00,0x1d,0x00,0x0b,0xff,0xd0,0x02,0xd0,0x00,0x6b,0xe9,0x1a,0xbe,0xaa,0x00,0x3c,0x02,0xff,0xff,0xf0,0x07,0xc0,0x2c,0x00,
0x0b,0x00,0xbe,0x02,0xd5,0x55,0xb0,0x0f,0xf4,0x2f,0xff,0xff,0x01,0xed,0xd2,0xd5,0x55,0xb0,0x36,0xce,0x2c,0x00,0x0b,0x0b,
0x2c,0x52,0xff,0xff,0xf0,0xe2,0xc0,0x2e,0xaa,0xaf,0x08,0x2c,0x02,0xc0,0x00,0xb0,0x02,0xc0,0x2e,0x55,0x5f,0x00,0x2c,0x02,
0xff,0xff,0xf0,0x02,0xc0,0x2c,0x00,0x0b,0x00,0x2c,0x02,0xc0,0x00,0xb0,0x02,0xc3,0xff,0xff,0xff,0xf0,0x2c,0x2a,0xaa,0xaa,
0xaa,0x01,0x40,0x00,0x00,0x00,0x00,
/* U+6912 */
0x01,0x40,0x09,0x00,0x00,0x00,0x38,0x00,0xe0,0x00,0x00,0x03,0x80,0x0e,0x07,0xff,0xd0,0x38,0x00,0xfa,0x7e,0xad,0x57,0x94,
0x0f,0xf2,0xc1,0xdb,0xff,0xd0,0xe0,0x1c,0x1c,0x57,0x94,0x0e,0x01,0xc1,0xc0,0x78,0x00,0xe0,0x1c,0x2c,0x0b,0xd2,0xff,0xf8,
0xd2,0x80,0xff,0x2a,0xfa,0x8d,0x38,0x1f,0xa8,0x0e,0x00,0xe3,0x42,0x79,0xd4,0xe1,0x0b,0x70,0x73,0x85,0xce,0x34,0x7a,0x0a,
0x38,0x2c,0xe3,0x83,0xe0,0xd3,0x83,0x8e,0x2c,0x3d,0x08,0x38,0x74,0xe1,0xd2,0xc0,0x03,0x8b,0x0e,0x0d,0x7e,0x00,0x38,0xe0,
0xe0,0x4b,0xb4,0x03,0x84,0x0e,0x01,0xd3,0x80,0x38,0x00,0xe0,0x78,0x1d,0x03,0x80,0x5e,0x0f,0x00,0xf0,0x38,0x0b,0xd0,0xd0,
0x06,0x01,0x40,0x00,0x00,0x00,0x00,
/* U+695a */
0x00,0x18,0x00,0x02,0x40,0x00,0x02,0xc0,0x00,0x38,0x00,0x15,0x6d,0x50,0x57,0x95,0x43,0xff,0xff,0x5f,0xff,0xf8,0x15,0xbd,
0x50,0x5b,0x95,0x00,0x1e,0xe0,0x01,0xfe,0x00,0x03,0x6e,0xd0,0x37,0xbc,0x01,0xe2,0xcb,0x5e,0x38,0xf0,0x3c,0x2c,0x27,0xc3,
0x87,0xc2,0x42,0xc0,0x20,0x38,0x18,0x00,0x04,0x00,0x01,0x00,0x01,0xaa,0xaa,0xaa,0xaa,0xa4,0x1a,0xaa,0xaf,0xaa,0xab,0x80,
0x00,0x00,0xe0,0x00,0x74,0x00,0x60,0x0e,0x00,0x0b,0x00,0x0b,0x00,0xf5,0x55,0x10,0x01,0xe0,0x0f,0xff,0xf0,0x00,0x2e,0x00,
0xe0,0x00,0x00,0x07,0xf8,0x0e,0x00,0x00,0x01,0xf1,0xf4,0xe0,0x00,0x00,0x7c,0x07,0xff,0xaa,0xaa,0x97,0x40,0x06,0xab,0xff,
0xfd,0x10,0x00,0x00,0x00,0x00,0x00,
/* U+695e */
0x01,0x80,0x00,0x00,0x00,0x00,0x1d,0x02,0xaa,0xaa,0xa8,0x01,0xd0,0x3e,0xba,0xeb,0xc0,0x1d,0x03,0x87,0x0d,0x2c,0x01,0xd0,
0x38,0x70,0xd2,0xcb,0xff,0xf3,0x87,0x0d,0x2c,0x6b,0xea,0x39,0xb5,0xd6,0xc0,0x2d,0x03,0xff,0xff,0xfc,0x03,0xd0,0x15,0x55,
0x55,0x40,0x7e,0x00,0x00,0xe0,0x00,0x0b,0xf4,0x15,0x5b,0x55,0x51,0xee,0xcb,0xff,0xff,0xff,0x29,0xda,0x55,0xf5,0x55,0x57,
0x5d,0x74,0x0e,0x00,0x00,0xe1,0xd2,0x00,0xe5,0x55,0x4d,0x1d,0x00,0x1f,0xff,0xf4,0x41,0xd0,0x03,0xc0,0x07,0x40,0x1d,0x00,
0x74,0x00,0x74,0x01,0xd0,0x1e,0x00,0x07,0x40,0x1d,0x07,0xd0,0x00,0x70,0x01,0xd2,0xf0,0x05,0x6f,0x00,0x1d,0x38,0x00,0x7f,
0xd0,0x00,0x40,0x00,0x00,0x00,0x00,
/* U+697c */
0x01,0x80,0x04,0x06,0x01,0x00,0x1d,0x01,0xe0,0xb0,0x74,0x01,0xd0,0x0b,0x0b,0x0e,0x00,0x1d,0x00,0x78,0xb1,0xd0,0x01,0xd0,
0x01,0x0b,0x04,0x0b,0xff,0xf7,0xff,0xff,0xfd,0x6b,0xea,0x2a,0xbf,0xfa,0x90,0x2d,0x00,0x1d,0xb7,0x40,0x03,0xe0,0x07,0x8b,
0x2d,0x00,0x7f,0x42,0xe0,0xb0,0xb8,0x0a,0xec,0xb4,0x0b,0x01,0xe1,0xdd,0xb1,0x02,0x80,0x00,0x35,0xd6,0x00,0x74,0x00,0x0b,
0x1d,0x0b,0xff,0xff,0xff,0xe1,0xd0,0xaa,0xea,0xae,0xa8,0x1d,0x00,0x2c,0x02,0xc0,0x01,0xd0,0x07,0x40,0x38,0x00,0x1d,0x00,
0xbe,0x4b,0x40,0x01,0xd0,0x00,0x7f,0xe0,0x00,0x1d,0x00,0x06,0xff,0x80,0x01,0xd0,0x1b,0xf8,0x2f,0x90,0x1d,0x0b,0xe4,0x00,
0x2e,0x00,0x40,0x50,0x00,0x00,0x00,
/* U+6986 */
0x01,0x80,0x00,0x04,0x00,0x00,0x1d,0x00,0x03,0xf0,0x00,0x01,0xd0,0x01,0xf7,0xc0,0x00,0x1d,0x00,0x7d,0x1f,0x00,0x01,0xd0,
0x1f,0x40,0x78,0x07,0xff,0xd7,0xe5,0x55,0xf4,0x6b,0xea,0xf7,0xff,0xf7,0xd0,0x2d,0x2c,0x15,0x55,0x0a,0x03,0xd0,0x00,0x00,
0x00,0x00,0x7f,0x46,0xaa,0x44,0x34,0x0b,0xec,0x7a,0xb4,0xd3,0x41,0xed,0xe7,0x07,0x4d,0x34,0x29,0xd7,0x70,0x74,0xd3,0x47,
0x1d,0x17,0xff,0x4d,0x34,0xe1,0xd0,0x75,0x74,0xd3,0x49,0x1d,0x07,0x07,0x4d,0x34,0x01,0xd0,0x7a,0xb4,0xd3,0x40,0x1d,0x07,
0xab,0x4d,0x34,0x01,0xd0,0x70,0x74,0x83,0x40,0x1d,0x07,0x07,0x40,0x34,0x01,0xd0,0x70,0xb4,0x07,0x40,0x1d,0x07,0x2f,0x0b,
0xf0,0x00,0x40,0x11,0x40,0x14,0x00,
/* U+6995 */
0x01,0x80,0x00,0x24,0x00,0x00,0x2c,0x00,0x02,0xc0,0x00,0x02,0xc0,0x55,0x6e,0x55,0x40,0x2c,0x0b,0xff,0xff,0xfc,0x02,0xc0,
0xb0,0x00,0x02,0xcb,0xff,0xeb,0x04,0x04,0x1c,0xab,0xe9,0xa1,0xd1,0xf5,0x80,0x3c,0x00,0xb8,0x07,0xd0,0x07,0xd0,0x6e,0x04,
0x0b,0x40,0xbf,0x4b,0x42,0xe0,0x2d,0x0f,0xed,0x00,0xb7,0xc0,0x41,0xec,0xf0,0x7d,0x0b,0x40,0x36,0xc6,0x1f,0x40,0x2e,0x0b,
0x2c,0x0b,0xc0,0x00,0xbd,0xd2,0xc2,0xfa,0xaa,0xab,0xfc,0x2c,0x05,0xff,0xff,0xe5,0x02,0xc0,0x1d,0x00,0x0e,0x00,0x2c,0x01,
0xd0,0x00,0xe0,0x02,0xc0,0x1d,0x00,0x0e,0x00,0x2c,0x01,0xd0,0x00,0xe0,0x02,0xc0,0x1f,0xff,0xfe,0x00,0x2c,0x01,0xe5,0x55,
0xe0,0x01,0x40,0x04,0x00,0x05,0x00,
/* U+69d0 */
0x01,0x80,0x00,0x60,0x00,0x00,0x2c,0x00,0x0e,0x00,0x00,0x02,0xc0,0x56,0xe5,0x55,0x00,0x2c,0x07,0xff,0xff,0xf0,0x02,0xc0,
0x70,0x2c,0x0b,0x0b,0xff,0xd7,0x02,0xc0,0xb0,0xab,0xe9,0x74,0x2c,0x0b,0x00,0x3c,0x07,0xff,0xff,0xf0,0x07,0xd0,0x75,0x7d,
0x5b,0x00,0xbf,0x07,0x03,0x80,0xb0,0x0f,0xe8,0x70,0x38,0x0b,0x01,0xed,0xd7,0xff,0xff,0xf0,0x26,0xca,0x6a,0xfa,0xaa,0x07,
0x2c,0x10,0x0f,0x50,0x80,0xe2,0xc0,0x01,0xee,0x18,0x0c,0x2c,0x00,0x3d,0xe2,0x54,0x42,0xc0,0x07,0x8e,0x21,0xc0,0x2c,0x00,
0xf4,0xeb,0xa9,0x02,0xc0,0x2e,0x0e,0x00,0x50,0x2c,0x0f,0x80,0xe0,0x0b,0x02,0xc3,0xe0,0x0b,0x96,0xe0,0x2c,0x78,0x00,0x6f,
0xf9,0x01,0x40,0x00,0x00,0x00,0x00,
/* U+6a0a */
0x00,0x50,0x00,0x00,0x24,0x00,0x0e,0x06,0x0a,0x07,0x40,0x00,0xe0,0x2e,0xd0,0x74,0x03,0xff,0xe0,0xf8,0x7f,0xfc,0x1a,0xe9,
0x2e,0xd6,0xba,0x40,0x2e,0x07,0x4a,0x0b,0x40,0x03,0xf8,0x00,0x40,0xfc,0x00,0xbe,0xe6,0x1e,0x2f,0xf0,0x1d,0xe7,0x7f,0x87,
0x76,0xc7,0x8e,0x11,0xf4,0xd7,0x4e,0xb0,0xe0,0xba,0xd8,0x74,0x45,0x0e,0x0d,0x0a,0x07,0x40,0x00,0xe0,0x05,0x00,0x74,0x00,
0x00,0x00,0xe0,0x01,0x00,0x1a,0xaa,0xae,0xaa,0xaa,0x83,0xff,0xff,0xff,0xff,0xfc,0x00,0x00,0x7a,0xd0,0x00,0x00,0x00,0x1f,
0x0b,0x40,0x00,0x00,0x0b,0xd0,0x2e,0x00,0x00,0x07,0xf4,0x00,0xbe,0x00,0x6f,0xf4,0x00,0x01,0xbe,0x5b,0xe4,0x00,0x00,0x01,
0xbe,0x00,0x00,0x00,0x00,0x00,0x40,
/* U+6a1f */
0x01,0x80,0x00,0x18,0x00,0x00,0x2c,0x00,0x01,0xd0,0x00,0x02,0xc0,0x6a,0xaf,0xaa,0x80,0x2c,0x06,0xbe,0xab,0xe8,0x02,0xc0,
0x03,0x80,0x38,0x07,0xff,0xd0,0x2c,0x0b,0x00,0x6b,0xe9,0xab,0xea,0xfa,0x90,0x3c,0x0a,0xaa,0xaa,0xa9,0x07,0xd0,0x00,0x00,
0x00,0x00,0xbf,0x02,0xaa,0xaa,0xa0,0x0f,0xe8,0x2e,0xaa,0xab,0x01,0xad,0xd2,0xc0,0x00,0xb0,0x36,0xca,0x2f,0xff,0xff,0x0b,
0x2c,0x12,0xd5,0x55,0xb0,0xd2,0xc0,0x2c,0x00,0x0b,0x08,0x2c,0x02,0xff,0xff,0xf0,0x02,0xc0,0x15,0x5e,0x55,0x00,0x2c,0x00,
0x00,0xe0,0x00,0x02,0xc2,0xff,0xff,0xff,0xe0,0x2c,0x15,0x56,0xe5,0x55,0x02,0xc0,0x00,0x0e,0x00,0x00,0x2c,0x00,0x00,0xe0,
0x00,0x00,0x40,0x00,0x04,0x00,0x00,
/* U+6a21 */
0x01,0x80,0x02,0x40,0x60,0x00,0x2c,0x00,0x34,0x0b,0x00,0x02,0xc1,0xab,0xaa,0xfa,0x90,0x2c,0x2f,0xff,0xff,0xfe,0x02,0xc0,
0x03,0x40,0xb0,0x07,0xff,0xd0,0x24,0x06,0x00,0x6b,0xe9,0x6a,0xaa,0xaa,0x00,0x2c,0x07,0xff,0xff,0xf0,0x03,0xd0,0x74,0x00,
0x07,0x00,0xbf,0x07,0xaa,0xaa,0xb0,0x0f,0xe8,0x7a,0xaa,0xaf,0x01,0xed,0xd7,0x40,0x00,0x70,0x36,0xcb,0x7a,0xaa,0xab,0x07,
0x2c,0x26,0xaa,0xea,0xa0,0xe2,0xc0,0x00,0x2c,0x00,0x08,0x2c,0x15,0x56,0xd5,0x55,0x02,0xc3,0xff,0xff,0xff,0xe0,0x2c,0x00,
0x0b,0xb4,0x00,0x02,0xc0,0x02,0xd2,0xd0,0x00,0x2c,0x01,0xb8,0x0b,0x80,0x02,0xc1,0xbd,0x00,0x2f,0x80,0x2c,0x3d,0x00,0x00,
0x2e,0x01,0x41,0x00,0x00,0x00,0x40,
/* U+6a2a */
0x01,0x90,0x01,0x80,0x24,0x00,0x1d,0x00,0x1d,0x03,0x80,0x01,0xd0,0x16,0xe5,0xb9,0x40,0x1d,0x03,0xff,0xff,0xfd,0x01,0xd0,
0x01,0xd0,0x78,0x0b,0xff,0xe0,0x1d,0x03,0x80,0x6b,0xea,0x6a,0xea,0xbe,0x90,0x2d,0x0b,0xff,0xff,0xfe,0x03,0xe0,0x00,0x0b,
0x00,0x00,0x7f,0x80,0x55,0xf5,0x54,0x0a,0xed,0x2f,0xff,0xff,0x81,0xdd,0xb6,0xd0,0xb0,0x38,0x39,0xd3,0x6c,0x0b,0x03,0x87,
0x1d,0x02,0xea,0xfa,0xb8,0xe1,0xd0,0x2e,0xaf,0xab,0x88,0x1d,0x02,0xc0,0xb0,0x38,0x01,0xd0,0x2d,0x5f,0x57,0x80,0x1d,0x02,
0xff,0xff,0xf8,0x01,0xd0,0x00,0x40,0x10,0x00,0x1d,0x00,0x2d,0x07,0x90,0x01,0xd0,0x6f,0x80,0x1f,0x90,0x1d,0x0f,0x80,0x00,
0x2f,0x00,0x40,0x40,0x00,0x00,0x10,
/* U+6b21 */
0x00,0x00,0x09,0x00,0x00,0x01,0x00,0x01,0xe0,0x00,0x00,0x78,0x00,0x2d,0x00,0x00,0x02,0xe0,0x02,0xd0,0x00,0x00,0x0b,0x40,
0x3f,0xff,0xff,0xc0,0x2d,0x07,0xea,0xaa,0xbc,0x00,0xe0,0xb4,0x00,0x03,0x80,0x00,0x1e,0x02,0x40,0x74,0x00,0x03,0xd0,0x38,
0x0b,0x00,0x00,0x78,0x03,0x80,0xe0,0x00,0x07,0x00,0x78,0x1d,0x00,0x00,0x00,0x07,0x80,0x00,0x00,0xe0,0x00,0xbd,0x00,0x00,
0x1d,0x00,0x0b,0xe0,0x00,0x03,0xc0,0x00,0xe7,0x40,0x00,0x74,0x00,0x1d,0x38,0x00,0x0f,0x00,0x03,0xc1,0xd0,0x01,0xe0,0x00,
0xb4,0x0b,0x40,0x3c,0x00,0x2e,0x00,0x3d,0x07,0x80,0x1f,0x80,0x00,0xf4,0xf0,0x0b,0xe0,0x00,0x03,0xd5,0x01,0xe4,0x00,0x00,
0x0a,0x00,0x04,0x00,0x00,0x00,0x00,
/* U+6b59 */
0x00,0x09,0x00,0x06,0x00,0x00,0x03,0xf8,0x00,0xb0,0x00,0x00,0xf5,0xf4,0x0b,0x00,0x00,0x7d,0x02,0xd0,0xe0,0x00,0x1f,0xbf,
0xeb,0x8f,0xaa,0x9b,0x81,0x54,0x25,0xfa,0xad,0xa6,0xaa,0xa8,0x2c,0x01,0xd0,0x7a,0xaa,0xc3,0x85,0x1c,0x07,0x00,0x2c,0xb4,
0xe2,0xc0,0x7f,0xff,0xcf,0x0e,0x38,0x01,0x55,0x54,0x50,0xd3,0x45,0x55,0x15,0x50,0x0d,0x00,0x7f,0xf3,0xff,0x41,0xe0,0x00,
0x07,0x00,0x34,0x1f,0x00,0x74,0x73,0x83,0x42,0xf4,0x01,0xd7,0x0a,0x34,0x3a,0x80,0x05,0xf0,0x1b,0x43,0x5c,0x00,0xbf,0x0b,
0xf4,0xb0,0xe0,0x7d,0x77,0xe7,0x4e,0x0b,0x46,0x07,0x20,0x36,0xd0,0x3c,0x00,0xb0,0x07,0x78,0x01,0xe0,0xfe,0x0b,0xe7,0x00,
0x0b,0x05,0x00,0x10,0x10,0x00,0x00,
/* U+6b63 */
0x05,0x55,0x55,0x55,0x55,0x41,0xff,0xff,0xff,0xff,0xf8,0x05,0x55,0x57,0x95,0x55,0x40,0x00,0x00,0x78,0x00,0x00,0x00,0x00,
0x07,0x80,0x00,0x00,0x00,0x00,0x78,0x00,0x00,0x00,0x00,0x07,0x80,0x00,0x00,0x0a,0x00,0x78,0x00,0x00,0x00,0xe0,0x07,0x80,
0x00,0x00,0x0e,0x00,0x7e,0xaa,0x90,0x00,0xe0,0x07,0xff,0xfd,0x00,0x0e,0x00,0x78,0x00,0x00,0x00,0xe0,0x07,0x80,0x00,0x00,
0x0e,0x00,0x78,0x00,0x00,0x00,0xe0,0x07,0x80,0x00,0x00,0x0e,0x00,0x78,0x00,0x00,0x00,0xe0,0x07,0x80,0x00,0x00,0x0e,0x00,
0x78,0x00,0x00,0x55,0xf5,0x57,0x95,0x55,0x5b,0xff,0xff,0xff,0xff,0xfe,0x55,0x55,0x55,0x55,0x55,0x50,
/* U+6b65 */
0x00,0x00,0x06,0x00,0x00,0x00,0x00,0x00,0xb0,0x00,0x00,0x00,0xa0,0x0b,0x00,0x00,0x00,0x0e,0x00,0xba,0xaa,0x90,0x00,0xe0,
0x0b,0xff,0xfd,0x00,0x0e,0x00,0xb0,0x00,0x00,0x00,0xe0,0x0b,0x00,0x00,0x00,0x0e,0x00,0xb0,0x00,0x00,0xaa,0xfa,0xaf,0xaa,
0xaa,0xab,0xff,0xff,0xff,0xff,0xfe,0x00,0x00,0x0b,0x00,0x00,0x00,0x01,0x80,0xb0,0x00,0x00,0x00,0x3c,0x0b,0x00,0x1d,0x00,
0x0f,0x40,0xb0,0x03,0xc0,0x02,0xd0,0x0b,0x00,0xb4,0x00,0xb8,0x00,0xb0,0x1e,0x00,0x2e,0x00,0x0b,0x07,0xc0,0x01,0x40,0x00,
0x02,0xf4,0x00,0x00,0x00,0x01,0xb8,0x00,0x00,0x00,0x02,0xfe,0x00,0x00,0x05,0x6a,0xfe,0x40,0x00,0x00,0xff,0xf9,0x00,0x00,
0x00,0x05,0x40,0x00,0x00,0x00,0x00,
/* U+6b66 */
0x00,0x00,0x00,0x18,0x14,0x00,0x00,0x00,0x01,0xd3,0xc0,0x0b,0xff,0xfd,0x1d,0x1e,0x00,0xaa,0xaa,0x91,0xd0,0xb4,0x00,0x00,
0x00,0x1d,0x03,0x40,0x00,0x00,0x01,0xd0,0x00,0xbf,0xff,0xff,0xff,0xff,0xe6,0xaa,0xaa,0xab,0xfa,0xa9,0x00,0x00,0x00,0x1e,
0x00,0x00,0x00,0x28,0x00,0xe0,0x00,0x00,0x03,0x80,0x0e,0x00,0x00,0xb0,0x38,0x00,0xb0,0x00,0x0b,0x03,0xd5,0x4b,0x00,0x00,
0xb0,0x3f,0xf8,0x74,0x00,0x0b,0x03,0x80,0x07,0x80,0x00,0xb0,0x38,0x00,0x38,0x00,0x0b,0x03,0x80,0x02,0xc0,0x40,0xb0,0x38,
0x05,0x1e,0x0e,0x0b,0x03,0xef,0xd0,0xb0,0xe0,0xba,0xff,0x94,0x07,0x9d,0xbf,0xfa,0x40,0x00,0x2f,0xca,0x50,0x00,0x00,0x00,
0xb8,
/* U+6bb7 */
0x00,0x00,0x50,0x00,0x00,0x00,0x55,0xbf,0x46,0xaa,0x80,0x1f,0xfe,0x50,0x7f,0xfd,0x01,0xd0,0x00,0x07,0x01,0xd0,0x1d,0x55,
0x50,0xb0,0x1d,0x01,0xff,0xfe,0x0b,0x01,0xd0,0x1d,0x00,0xe0,0xe0,0x1d,0x01,0xd0,0x0e,0x2d,0x01,0xe9,0x1f,0xff,0xe7,0x80,
0x0b,0xe1,0xd5,0x5e,0x20,0x00,0x00,0x1d,0x00,0xe1,0x55,0x55,0x01,0xff,0xfe,0x2f,0xff,0xf8,0x2e,0x55,0x51,0x79,0x5b,0x42,
0xc0,0x00,0x03,0x80,0xb0,0x2e,0xaa,0xa0,0x2c,0x1e,0x02,0xea,0xaf,0x00,0xe2,0xd0,0x38,0x00,0xb0,0x07,0xb8,0x03,0x80,0x0b,
0x00,0x2f,0x00,0x74,0x00,0xa0,0x07,0xf4,0x0b,0x00,0x0e,0x02,0xf7,0xe0,0xe0,0x56,0xd1,0xfc,0x0b,0xd9,0x07,0xf8,0x7d,0x00,
0x1f,0x00,0x14,0x01,0x00,0x00,0x10,
/* U+6bd4 */
0x10,0x00,0x01,0x00,0x00,0x0e,0x00,0x01,0xd0,0x00,0x03,0x80,0x00,0x74,0x00,0x00,0xe0,0x00,0x1d,0x00,0x00,0x38,0x00,0x07,
0x40,0x00,0x0e,0x00,0x01,0xd0,0x01,0x43,0x80,0x00,0x74,0x06,0xf0,0xfa,0xa9,0x1d,0x1b,0xe4,0x3f,0xff,0xc7,0xff,0x80,0x0e,
0x55,0x41,0xf9,0x00,0x03,0x80,0x00,0x74,0x00,0x00,0xe0,0x00,0x1d,0x00,0x00,0x38,0x00,0x07,0x40,0x00,0x0e,0x00,0x01,0xd0,
0x00,0x03,0x80,0x00,0x74,0x00,0x00,0xe0,0x00,0x1d,0x00,0x04,0x38,0x00,0x07,0x40,0x03,0x8e,0x00,0x01,0xd0,0x01,0xd3,0x80,
0x18,0x74,0x00,0x74,0xe6,0xff,0x5e,0x00,0x2c,0x7f,0xe9,0x03,0xff,0xfe,0x1e,0x40,0x00,0x6a,0xa9,0x00,
/* U+6bd5 */
0x05,0x00,0x00,0x50,0x00,0x00,0xf0,0x00,0x1e,0x00,0x00,0x0f,0x00,0x01,0xe0,0x0b,0x80,0xf5,0x55,0x1e,0x1b,0xe4,0x0f,0xff,
0xf1,0xef,0xe0,0x00,0xf5,0x55,0x1f,0x90,0x00,0x0f,0x00,0x01,0xe0,0x00,0x40,0xf0,0x00,0x1e,0x00,0x1d,0x0f,0x00,0x65,0xe0,
0x01,0xc0,0xf6,0xbf,0x4f,0x55,0xbc,0x1f,0xf9,0x40,0xbf,0xff,0x40,0xa4,0x00,0x50,0x55,0x40,0x00,0x00,0x0e,0x00,0x00,0x00,
0x00,0x00,0xe0,0x00,0x00,0x55,0x55,0x5f,0x55,0x55,0x5f,0xff,0xff,0xff,0xff,0xfe,0x55,0x55,0x5f,0x55,0x55,0x50,0x00,0x00,
0xe0,0x00,0x00,0x00,0x00,0x0e,0x00,0x00,0x00,0x00,0x00,0xe0,0x00,0x00,0x00,0x00,0x0e,0x00,0x00,0x00,0x00,0x00,0xe0,0x00,
0x00,0x00,0x00,0x05,0x00,0x00,0x00,
/* U+6c0f */
0x00,0x00,0x05,0xaf,0xc0,0x16,0xab,0xff,0xfa,0x40,0x7f,0xfe,0xbd,0x00,0x00,0x74,0x00,0x3c,0x00,0x00,0x74,0x00,0x3c,0x00,
0x00,0x74,0x00,0x2c,0x00,0x00,0x74,0x00,0x2c,0x00,0x00,0x74,0x00,0x2c,0x00,0x00,0x7a,0xaa,0xbe,0xaa,0xa8,0x7f,0xff,0xff,
0xff,0xfc,0x74,0x00,0x1d,0x00,0x00,0x74,0x00,0x0e,0x00,0x00,0x74,0x00,0x0b,0x00,0x00,0x74,0x00,0x0b,0x40,0x00,0x74,0x00,
0x03,0x80,0x00,0x74,0x00,0x02,0xc0,0x04,0x74,0x00,0x01,0xe0,0x0e,0x74,0x05,0x80,0xb4,0x1d,0x75,0xbf,0xd0,0x3d,0x2c,0xff,
0xe9,0x00,0x1f,0xb8,0xa9,0x00,0x00,0x06,0xf0,
/* U+6c11 */
0x6a,0xaa,0xaa,0xaa,0xa0,0x7f,0xff,0xff,0xff,0xe0,0x74,0x00,0x00,0x00,0xe0,0x74,0x00,0x00,0x00,0xe0,0x74,0x00,0x00,0x00,
0xe0,0x79,0x55,0x55,0x55,0xe0,0x7f,0xff,0xff,0xff,0xe0,0x79,0x55,0x6d,0x55,0x50,0x74,0x00,0x2c,0x00,0x00,0x74,0x00,0x1d,
0x00,0x00,0x79,0x55,0x5e,0x55,0x54,0x7f,0xff,0xff,0xff,0xfd,0x79,0x55,0x5b,0x55,0x54,0x74,0x00,0x07,0x40,0x00,0x74,0x00,
0x03,0x80,0x00,0x74,0x00,0x02,0xc0,0x04,0x74,0x00,0x00,0xe0,0x0b,0x74,0x05,0x80,0x74,0x0a,0x75,0xbf,0xc0,0x2d,0x0e,0xbf,
0xf9,0x00,0x0b,0xfd,0xa9,0x00,0x00,0x01,0xf8,
/* U+6c14 */
0x00,0x24,0x00,0x00,0x00,0x00,0x0b,0x80,0x00,0x00,0x00,0x00,0xf5,0x55,0x55,0x55,0x00,0x2f,0xff,0xff,0xff,0xf0,0x03,0xd5,
0x55,0x55,0x55,0x00,0xb4,0x00,0x00,0x00,0x00,0x2e,0x2a,0xaa,0xaa,0xa8,0x07,0xc3,0xff,0xff,0xff,0xc0,0x70,0x00,0x00,0x00,
0x00,0x00,0x00,0x00,0x00,0x00,0x00,0x0b,0xff,0xff,0xff,0xd0,0x00,0xaa,0xaa,0xaa,0xad,0x00,0x00,0x00,0x00,0x01,0xd0,0x00,
0x00,0x00,0x00,0x1d,0x00,0x00,0x00,0x00,0x01,0xd0,0x00,0x00,0x00,0x00,0x0d,0x00,0x00,0x00,0x00,0x00,0xd0,0x50,0x00,0x00,
0x00,0x0e,0x0b,0x00,0x00,0x00,0x00,0xe0,0xa0,0x00,0x00,0x00,0x0b,0x0e,0x00,0x00,0x00,0x00,0x7e,0xd0,0x00,0x00,0x00,0x02,
0xf8,0x00,0x00,0x00,0x00,0x01,0x00,
/* U+6c34 */
0x00,0x00,0x06,0x00,0x00,0x00,0x00,0x00,0xb0,0x00,0x00,0x00,0x00,0x0b,0x00,0x00,0x00,0x00,0x00,0xb0,0x00,0x00,0x00,0x00,
0x0b,0x00,0x06,0x00,0x00,0x00,0xb0,0x00,0xf4,0x6a,0xaa,0x4b,0x80,0x3d,0x07,0xff,0xf4,0xbc,0x0f,0x80,0x00,0x0b,0x4b,0xd3,
0xe0,0x00,0x00,0xf0,0xbb,0xb4,0x00,0x00,0x1e,0x0b,0x7d,0x00,0x00,0x02,0xd0,0xb2,0xc0,0x00,0x00,0x78,0x0b,0x0e,0x00,0x00,
0x0b,0x40,0xb0,0x78,0x00,0x01,0xe0,0x0b,0x02,0xd0,0x00,0x7d,0x00,0xb0,0x0f,0x40,0x1f,0x40,0x0b,0x00,0x3d,0x07,0xe0,0x00,
0xb0,0x00,0xf8,0xf8,0x00,0x0b,0x00,0x03,0xe6,0x00,0x00,0xb0,0x00,0x0a,0x00,0x05,0x5f,0x00,0x00,0x00,0x00,0x7f,0xe0,0x00,
0x00,0x00,0x01,0x50,0x00,0x00,0x00,
/* U+6c38 */
0x00,0x00,0x50,0x00,0x00,0x00,0x00,0x0b,0xe4,0x00,0x00,0x00,0x00,0x1b,0xf4,0x00,0x00,0x00,0x00,0x1b,0x80,0x00,0x00,0x00,
0x00,0x04,0x00,0x00,0x1f,0xff,0xf4,0x00,0x14,0x01,0xaa,0xaf,0x40,0x07,0xc0,0x00,0x00,0x78,0x01,0xf0,0x00,0x00,0x07,0xc0,
0x7d,0x01,0x55,0x54,0x7e,0x2f,0x40,0x7f,0xff,0xc7,0xfb,0x80,0x05,0x55,0x78,0x77,0xd0,0x00,0x00,0x0b,0x47,0x5d,0x00,0x00,
0x01,0xf0,0x74,0xb4,0x00,0x00,0x2d,0x07,0x43,0xc0,0x00,0x07,0x80,0x74,0x1e,0x00,0x02,0xf0,0x07,0x40,0x78,0x00,0xbc,0x00,
0x74,0x01,0xf4,0x7e,0x00,0x07,0x40,0x07,0xdb,0x80,0x00,0x74,0x00,0x1e,0x10,0x01,0x5b,0x40,0x00,0x00,0x00,0x7f,0xf0,0x00,
0x00,0x00,0x01,0x54,0x00,0x00,0x00,
/* U+6c40 */
0x28,0x00,0x00,0x00,0x00,0x02,0xf4,0x1f,0xff,0xff,0xfe,0x07,0xd0,0xaa,0xab,0xaa,0x90,0x1f,0x00,0x00,0x38,0x00,0x00,0x10,
0x00,0x03,0x80,0x00,0x00,0x00,0x00,0x38,0x00,0x74,0x00,0x00,0x03,0x80,0x02,0xe0,0x00,0x00,0x38,0x00,0x0b,0x80,0x00,0x03,
0x80,0x00,0x2d,0x00,0x00,0x38,0x00,0x00,0x40,0x00,0x03,0x80,0x00,0x00,0x00,0x00,0x38,0x00,0x00,0x10,0x00,0x03,0x80,0x00,
0x0b,0x40,0x00,0x38,0x00,0x00,0xf0,0x00,0x03,0x80,0x00,0x2d,0x00,0x00,0x38,0x00,0x07,0xc0,0x00,0x03,0x80,0x00,0xb4,0x00,
0x00,0x38,0x00,0x1e,0x00,0x00,0x07,0x80,0x02,0xd0,0x00,0x55,0xb4,0x00,0x38,0x00,0x0b,0xfe,0x00,0x00,0x00,0x00,0x15,0x00,
0x00,
/* U+6c47 */
0x28,0x00,0x6a,0xaa,0xaa,0x92,0xf4,0x0b,0xff,0xff,0xfd,0x07,0xd0,0xb0,0x00,0x00,0x00,0x0f,0x4b,0x00,0x00,0x00,0x00,0x10,
0xb0,0x00,0x00,0x00,0x00,0x0b,0x00,0x00,0x00,0x78,0x00,0xb0,0x00,0x00,0x02,0xe0,0x0b,0x00,0x00,0x00,0x0b,0xc0,0xb0,0x00,
0x00,0x00,0x1d,0x0b,0x00,0x00,0x00,0x00,0x40,0xb0,0x00,0x00,0x00,0x00,0x0b,0x00,0x00,0x00,0x00,0x00,0xb0,0x00,0x00,0x00,
0x0e,0x0b,0x00,0x00,0x00,0x02,0xd0,0xb0,0x00,0x00,0x00,0x3c,0x0b,0x00,0x00,0x00,0x0b,0x40,0xb0,0x00,0x00,0x00,0xf0,0x0b,
0x00,0x00,0x00,0x1e,0x00,0xb5,0x55,0x55,0x43,0xc0,0x0b,0xff,0xff,0xfe,0x78,0x00,0x6a,0xaa,0xaa,0x90,
/* U+6c49 */
0x2c,0x00,0x00,0x00,0x00,0x01,0xf4,0x1f,0xff,0xff,0xf8,0x07,0xd1,0xbe,0xaa,0xab,0x80,0x0f,0x41,0xd0,0x00,0x74,0x00,0x10,
0x1d,0x00,0x0b,0x01,0x00,0x00,0xe0,0x00,0xe0,0x7d,0x00,0x0b,0x00,0x1d,0x01,0xf4,0x00,0xb0,0x02,0xc0,0x07,0xd0,0x07,0x40,
0x3c,0x00,0x1d,0x00,0x2c,0x07,0x40,0x00,0x00,0x01,0xd0,0xf0,0x00,0x00,0x00,0x0b,0x2d,0x00,0x00,0x64,0x00,0x7b,0x80,0x00,
0x0b,0x00,0x02,0xf4,0x00,0x01,0xe0,0x00,0x2f,0x00,0x00,0x2d,0x00,0x0b,0xfc,0x00,0x07,0x80,0x02,0xe1,0xf0,0x00,0xb4,0x00,
0xb8,0x07,0xd0,0x1f,0x00,0x7e,0x00,0x1f,0x42,0xd0,0x2f,0x40,0x00,0x7e,0x2c,0x03,0x80,0x00,0x00,0xe0,
/* U+6c55 */
0x00,0x00,0x00,0x19,0x00,0x0b,0x40,0x00,0x07,0x40,0x01,0xf4,0x00,0x01,0xd0,0x00,0x1f,0x80,0x00,0x74,0x00,0x00,0xb4,0x40,
0x1d,0x00,0x40,0x04,0x78,0x07,0x40,0xb1,0x00,0x1e,0x01,0xd0,0x2e,0xe0,0x07,0x80,0x74,0x0b,0x2e,0x01,0xe0,0x1d,0x02,0xc2,
0xe0,0x78,0x07,0x40,0xb0,0x1d,0x1e,0x01,0xd0,0x2c,0x00,0x07,0x80,0x74,0x0b,0x00,0x01,0xe0,0x1d,0x02,0xc0,0x38,0x78,0x07,
0x40,0xb0,0x1d,0x1e,0x01,0xd0,0x2c,0x0f,0x07,0x80,0x74,0x0b,0x07,0x41,0xe0,0x1d,0x02,0xc2,0xc0,0x78,0x07,0x40,0xb1,0xe0,
0x1e,0x01,0xd0,0x2c,0xb0,0x07,0xea,0xba,0xaf,0x78,0x01,0xff,0xff,0xff,0xdd,0x00,0x00,0x00,0x00,0xb0,0x00,0x00,0x00,0x00,
0x14,
/* U+6c5d */
0x00,0x00,0x00,0x60,0x00,0x02,0x80,0x00,0x0b,0x00,0x00,0x2f,0x40,0x00,0xe0,0x00,0x00,0x7d,0x00,0x1e,0x00,0x00,0x00,0xf0,
0x01,0xd0,0x00,0x00,0x00,0x15,0x6d,0x55,0x54,0x10,0x0b,0xff,0xff,0xff,0xeb,0x40,0x55,0xb9,0x57,0xd5,0x2e,0x00,0x0b,0x00,
0x38,0x00,0xb8,0x00,0xe0,0x07,0x40,0x01,0xc0,0x1d,0x00,0x74,0x00,0x00,0x02,0xc0,0x0b,0x00,0x00,0x00,0x78,0x01,0xe0,0x00,
0x0d,0x07,0xd0,0x2c,0x00,0x02,0xd0,0x1f,0x87,0x80,0x00,0x3c,0x00,0x2f,0xf0,0x00,0x07,0x40,0x00,0x7f,0x00,0x00,0xb0,0x00,
0x0b,0xbd,0x00,0x0e,0x00,0x07,0xe1,0xf8,0x02,0xd0,0x02,0xf4,0x02,0xf4,0x3c,0x06,0xf9,0x00,0x07,0xd7,0x80,0xf9,0x00,0x00,
0x1e,0x00,0x04,0x00,0x00,0x00,0x00,
/* U+6c5f */
0x28,0x00,0x00,0x00,0x00,0x02,0xf4,0x1f,0xff,0xff,0xfc,0x07,0xd1,0xaa,0xae,0xaa,0x80,0x0f,0x00,0x01,0xd0,0x00,0x00,0x00,
0x00,0x1d,0x00,0x01,0x00,0x00,0x01,0xd0,0x00,0xb8,0x00,0x00,0x1d,0x00,0x02,0xe0,0x00,0x01,0xd0,0x00,0x07,0xc0,0x00,0x1d,
0x00,0x00,0x1d,0x00,0x01,0xd0,0x00,0x00,0x00,0x00,0x1d,0x00,0x00,0x00,0x00,0x01,0xd0,0x00,0x00,0xa0,0x00,0x1d,0x00,0x00,
0x1e,0x00,0x01,0xd0,0x00,0x02,0xc0,0x00,0x1d,0x00,0x00,0x78,0x00,0x01,0xd0,0x00,0x0b,0x00,0x00,0x1d,0x00,0x00,0xe0,0x00,
0x01,0xd0,0x00,0x2d,0x01,0x55,0x6d,0x55,0x43,0x80,0xbf,0xff,0xff,0xff,0x74,0x05,0x55,0x55,0x55,0x50,
/* U+6c60 */
0x00,0x00,0x00,0x18,0x00,0x02,0x80,0x00,0x02,0xc0,0x00,0x2e,0x00,0x50,0x2c,0x00,0x00,0xbc,0x0f,0x02,0xc0,0x00,0x01,0xe0,
0xf0,0x2c,0x06,0x40,0x04,0x0f,0x02,0xdb,0xf4,0x00,0x00,0xf0,0x6f,0xeb,0x47,0x40,0x0f,0xbf,0xd0,0x74,0x7d,0x06,0xfe,0x6c,
0x07,0x40,0xb4,0xbf,0x02,0xc0,0x74,0x02,0xc4,0xb0,0x2c,0x07,0x40,0x00,0x0f,0x02,0xc0,0x74,0x00,0x00,0xf0,0x2c,0x07,0x40,
0x08,0x0f,0x02,0xc6,0xf0,0x02,0xd0,0xf0,0x2c,0x79,0x00,0x3c,0x0f,0x02,0xc0,0x00,0x07,0x40,0xf0,0x2c,0x00,0xa0,0xf0,0x0f,
0x00,0x00,0x0e,0x1e,0x00,0xf0,0x00,0x00,0xe2,0xd0,0x0b,0x40,0x00,0x2d,0x3c,0x00,0x7f,0xff,0xff,0xc7,0x40,0x01,0xaa,0xaa,
0xa4,
/* U+6c64 */
0x38,0x01,0xaa,0xaa,0xa8,0x0b,0xd0,0x7f,0xff,0xff,0x00,0x7d,0x00,0x00,0x1f,0x40,0x07,0x80,0x00,0x6e,0x00,0x00,0x40,0x00,
0xbd,0x00,0x00,0x00,0x01,0xf8,0x00,0x07,0x40,0x02,0xf4,0x00,0x00,0xb8,0x07,0xf5,0x55,0x55,0x0b,0x81,0xff,0xff,0xff,0xc0,
0xb0,0x01,0xe0,0xb4,0xb0,0x00,0x00,0xb4,0x2c,0x2c,0x00,0x00,0x78,0x0e,0x0b,0x00,0x90,0x2c,0x07,0x42,0xc0,0xb4,0x7d,0x03,
0xc0,0xb0,0x3c,0x7d,0x02,0xd0,0x2c,0x1d,0x1d,0x01,0xe0,0x0e,0x0b,0x00,0x01,0xf4,0x03,0x87,0x80,0x01,0xf0,0x00,0xe2,0xd0,
0x06,0xf0,0x00,0xb4,0xf0,0x0b,0xe0,0x15,0xb8,0x74,0x02,0x80,0x0f,0xf8,0x00,
/* U+6c68 */
0x1d,0x00,0x15,0x55,0x55,0x47,0xe0,0x1f,0xff,0xff,0xf0,0x2e,0x07,0x95,0x55,0x6c,0x02,0xe1,0xd0,0x00,0x0b,0x00,0x10,0x74,
0x00,0x02,0xc4,0x00,0x1d,0x00,0x00,0xb7,0xd0,0x07,0x40,0x00,0x2c,0x7d,0x01,0xd0,0x00,0x0b,0x07,0xe0,0x74,0x00,0x02,0xc0,
0x38,0x1f,0xff,0xff,0xf0,0x00,0x07,0xea,0xaa,0xbc,0x00,0x01,0xd0,0x00,0x0b,0x00,0x24,0x74,0x00,0x02,0xc0,0x2d,0x1d,0x00,
0x00,0xb0,0x0f,0x07,0x40,0x00,0x2c,0x0b,0x41,0xd0,0x00,0x0b,0x03,0xc0,0x74,0x00,0x02,0xc2,0xd0,0x1d,0x00,0x00,0xb0,0xf0,
0x07,0xff,0xff,0xfc,0xb4,0x01,0xea,0xaa,0xaf,0x2c,0x00,0x74,0x00,0x02,0xc0,0x00,0x04,0x00,0x00,0x50,
/* U+6c6a */
0x2d,0x01,0xaa,0xaa,0xaa,0x91,0xf8,0x2f,0xff,0xff,0xfd,0x02,0xe0,0x00,0x1d,0x00,0x00,0x0b,0x40,0x01,0xd0,0x00,0x00,0x10,
0x00,0x1d,0x00,0x01,0x00,0x00,0x01,0xd0,0x00,0xb8,0x00,0x00,0x1d,0x00,0x02,0xf4,0x00,0x01,0xd0,0x00,0x07,0xd0,0x00,0x1d,
0x00,0x00,0x1d,0x0a,0xab,0xfa,0xa8,0x00,0x00,0xff,0xff,0xff,0x80,0x00,0x00,0x01,0xd0,0x00,0x00,0xe0,0x00,0x1d,0x00,0x00,
0x1d,0x00,0x01,0xd0,0x00,0x02,0xc0,0x00,0x1d,0x00,0x00,0x78,0x00,0x01,0xd0,0x00,0x0b,0x00,0x00,0x1d,0x00,0x01,0xe0,0x00,
0x01,0xd0,0x00,0x2d,0x01,0x55,0x6d,0x55,0x43,0x80,0x7f,0xff,0xff,0xfe,0x74,0x06,0xaa,0xaa,0xaa,0x90,
/* U+6c76 */
0x00,0x00,0x00,0x60,0x00,0x03,0x80,0x00,0x0b,0x40,0x00,0x2e,0x00,0x00,0x78,0x00,0x00,0xb8,0x00,0x03,0xc0,0x00,0x01,0xe7,
0xff,0xff,0xff,0xe0,0x04,0x2b,0xaa,0xaa,0xe9,0x10,0x00,0x38,0x00,0x1d,0x0b,0x80,0x02,0xc0,0x02,0xc0,0x2e,0x00,0x1d,0x00,
0x38,0x00,0xb8,0x00,0xe0,0x07,0x40,0x02,0xc0,0x0b,0x00,0xb0,0x00,0x00,0x00,0x78,0x1e,0x00,0x00,0x00,0x02,0xd2,0xd0,0x00,
0x19,0x00,0x0f,0x78,0x00,0x02,0xd0,0x00,0x7f,0x00,0x00,0x38,0x00,0x03,0xe0,0x00,0x07,0x40,0x00,0xbf,0x40,0x00,0xf0,0x00,
0x2e,0x7d,0x00,0x1e,0x00,0x1f,0x80,0xf8,0x02,0xd0,0x1b,0xd0,0x02,0xf4,0x78,0x1b,0xe4,0x00,0x0b,0xe7,0x41,0xe4,0x00,0x00,
0x1e,0x00,0x04,0x00,0x00,0x00,0x00,
/* U+6c7e */
0x00,0x00,0x00,0x00,0x40,0x02,0x40,0x00,0x34,0x2c,0x00,0x3d,0x00,0x0b,0x41,0xe0,0x00,0xb8,0x00,0xf0,0x0f,0x00,0x02,0xe0,
0x1d,0x00,0x74,0x00,0x08,0x03,0xc0,0x03,0xc0,0x00,0x00,0xb4,0x00,0x1f,0x0b,0x40,0x1e,0x00,0x00,0xb8,0x7d,0x07,0xc0,0x00,
0x02,0xe0,0xf4,0xf6,0xaa,0xaa,0x8a,0x03,0x85,0x7f,0xff,0xfc,0x00,0x00,0x00,0x2d,0x02,0xc0,0x00,0x00,0x02,0xc0,0x2c,0x00,
0x0a,0x00,0x38,0x02,0xc0,0x01,0xe0,0x07,0x80,0x2c,0x00,0x2c,0x00,0xb4,0x02,0xc0,0x07,0x80,0x0f,0x00,0x3c,0x00,0xb4,0x02,
0xd0,0x03,0x80,0x0e,0x00,0x7c,0x00,0x38,0x02,0xd0,0x1f,0x40,0x03,0x80,0x3c,0x07,0xd0,0x16,0xf4,0x07,0x40,0x74,0x03,0xfe,
0x00,0x00,0x01,0x00,0x00,0x00,0x00,
/* U+6c81 */
0x00,0x00,0x00,0x40,0x00,0x01,0xd0,0x00,0x3d,0x00,0x00,0x1f,0x40,0x01,0xf8,0x00,0x00,0x7d,0x00,0x02,0xe0,0x00,0x00,0xf4,
0x00,0x0b,0xd0,0x00,0x01,0x00,0x70,0x1e,0x00,0x00,0x00,0x0b,0x00,0x40,0x07,0x40,0x00,0xb0,0x01,0x40,0x7d,0x02,0xcb,0x00,
0x2c,0x00,0xb8,0x2c,0xb0,0x01,0xd0,0x02,0xc2,0x8b,0x00,0x0e,0x00,0x00,0x38,0xb0,0x00,0xb0,0x00,0x03,0x8b,0x00,0x07,0x40,
0x14,0x34,0xb0,0x00,0x38,0x03,0xc7,0x4b,0x00,0x02,0xc0,0x74,0xb0,0xb0,0x07,0x5d,0x0b,0x0e,0x0b,0x00,0x74,0xe0,0xe0,0xe0,
0xb0,0x07,0x4f,0x1d,0x1d,0x0b,0x00,0x70,0x43,0xc1,0xc0,0xb0,0x0b,0x00,0x78,0x00,0x07,0xaa,0xe0,0x07,0x40,0x00,0x2f,0xfd,
0x00,
/* U+6c82 */
0x00,0x00,0x00,0x00,0x01,0x42,0x80,0x00,0x00,0x5b,0xf8,0x2e,0x00,0x6f,0xff,0xf9,0x00,0xb8,0x0b,0xa9,0x50,0x00,0x01,0xe0,
0xb0,0x00,0x00,0x00,0x04,0x0b,0x00,0x00,0x00,0x00,0x00,0xb0,0x00,0x00,0x07,0x40,0x0b,0x00,0x00,0x00,0x7e,0x00,0xbf,0xff,
0xff,0xe0,0xb8,0x0b,0xaa,0xbf,0xaa,0x02,0xc0,0xb0,0x01,0xd0,0x00,0x00,0x0b,0x00,0x1d,0x00,0x00,0x00,0xf0,0x01,0xd0,0x00,
0x08,0x0e,0x00,0x1d,0x00,0x02,0xd1,0xe0,0x01,0xd0,0x00,0x3c,0x1d,0x00,0x1d,0x00,0x07,0x42,0xd0,0x01,0xd0,0x00,0xb0,0x3c,
0x00,0x1d,0x00,0x1e,0x0b,0x40,0x01,0xd0,0x02,0xd0,0xe0,0x00,0x1d,0x00,0x3c,0x2d,0x00,0x01,0xd0,0x07,0x41,0x80,0x00,0x1d,
0x00,0x00,0x00,0x00,0x00,0x50,0x00,
/* U+6c83 */
0x00,0x00,0x00,0x00,0x05,0x02,0x80,0x00,0x00,0x5b,0xf4,0x2e,0x02,0xaf,0xff,0xe9,0x00,0xb8,0x2f,0xab,0xd0,0x00,0x01,0xe0,
0x00,0x38,0x00,0x00,0x04,0x00,0x03,0x80,0x00,0x00,0x00,0x00,0x38,0x00,0x07,0x40,0x00,0x03,0x80,0x00,0x7d,0x00,0x00,0x38,
0x00,0x00,0xb8,0x6a,0xaf,0xea,0xa9,0x02,0xc6,0xaa,0xff,0xaa,0x90,0x00,0x00,0x0b,0xd0,0x00,0x00,0x00,0x00,0xfe,0x00,0x00,
0x08,0x00,0x1e,0xb0,0x00,0x02,0xd0,0x02,0xd7,0x40,0x00,0x3c,0x00,0x78,0x3c,0x00,0x07,0x80,0x0b,0x41,0xe0,0x00,0xb0,0x02,
0xe0,0x0b,0x40,0x1e,0x00,0x7c,0x00,0x7d,0x02,0xd0,0x1f,0x40,0x01,0xf4,0x3c,0x0b,0xd0,0x00,0x07,0xd7,0x40,0xf4,0x00,0x00,
0x1e,0x00,0x01,0x00,0x00,0x00,0x00,
/* U+6c85 */
0x28,0x00,0x55,0x55,0x55,0x01,0xf0,0x1f,0xff,0xff,0xf4,0x07,0xd1,0x55,0x55,0x55,0x00,0x1e,0x00,0x00,0x00,0x00,0x00,0x00,
0x00,0x00,0x00,0x01,0x00,0x00,0x00,0x00,0x00,0xb4,0x00,0x00,0x00,0x00,0x02,0xe0,0x6a,0xaa,0xaa,0xa9,0x0b,0x87,0xff,0xff,
0xff,0xd0,0x2c,0x00,0xb0,0x38,0x00,0x00,0x00,0x0b,0x03,0x80,0x00,0x00,0x00,0xb0,0x38,0x00,0x01,0xd0,0x0e,0x03,0x80,0x00,
0x2c,0x00,0xe0,0x38,0x00,0x03,0x80,0x1d,0x03,0x80,0x00,0xb4,0x02,0xc0,0x38,0x00,0x0f,0x00,0x78,0x03,0x80,0xb1,0xd0,0x1f,
0x00,0x38,0x0b,0x2c,0x07,0xd0,0x03,0x80,0xe3,0x82,0xf4,0x00,0x2e,0x6e,0x74,0x78,0x00,0x01,0xff,0x80,0x01,0x00,0x00,0x00,
0x00,
/* U+6c88 */
0x00,0x00,0x00,0x24,0x00,0x02,0x40,0x00,0x03,0x80,0x00,0x3d,0x00,0x00,0x38,0x00,0x00,0xb8,0x00,0x03,0x80,0x00,0x02,0xe2,
0xaa,0xbe,0xaa,0x40,0x04,0x3f,0xff,0xff,0xf8,0x00,0x03,0x80,0x74,0x03,0x87,0x40,0x38,0x07,0x40,0x38,0x2d,0x03,0x80,0xb0,
0x03,0x80,0xb8,0x38,0x0b,0x00,0x38,0x02,0xc1,0x00,0xeb,0x01,0x00,0x00,0x00,0x1e,0xb0,0x00,0x00,0x00,0x02,0xdb,0x00,0x00,
0x09,0x00,0x38,0xb0,0x00,0x01,0xd0,0x07,0x4b,0x00,0x00,0x3c,0x00,0xb0,0xb0,0x00,0x07,0x80,0x2e,0x0b,0x00,0x50,0xb0,0x07,
0x80,0xb0,0x0b,0x1e,0x00,0xf4,0x0b,0x00,0xb2,0xd0,0x7d,0x00,0xb0,0x0e,0x3c,0x1f,0x40,0x0b,0xaa,0xd7,0x42,0xd0,0x00,0x6f,
0xf8,
/* U+6c90 */
0x00,0x00,0x00,0x24,0x00,0x02,0xc0,0x00,0x03,0x80,0x00,0x1f,0x40,0x00,0x38,0x00,0x00,0x7d,0x00,0x03,0x80,0x00,0x00,0xf0,
0x00,0x38,0x00,0x00,0x01,0x3f,0xff,0xff,0xf8,0x00,0x02,0xab,0xff,0xaa,0x8b,0x40,0x00,0x2f,0xf0,0x00,0x7d,0x00,0x03,0xba,
0x80,0x00,0xb8,0x00,0x77,0x9c,0x00,0x02,0x80,0x0a,0x38,0xd0,0x00,0x00,0x01,0xd3,0x8b,0x00,0x00,0x00,0x2c,0x38,0x34,0x00,
0x04,0x07,0x43,0x82,0xd0,0x01,0xd0,0xf0,0x38,0x0f,0x00,0x2c,0x2d,0x03,0x80,0x78,0x07,0x87,0x80,0x38,0x02,0xd0,0xb4,0xf0,
0x03,0x80,0x0e,0x0e,0x09,0x00,0x38,0x00,0x41,0xd0,0x00,0x03,0x80,0x00,0x3c,0x00,0x00,0x38,0x00,0x02,0x80,0x00,0x03,0x80,
0x00,0x00,0x00,0x00,0x14,0x00,0x00,
/* U+6c99 */
0x00,0x00,0x00,0x18,0x00,0x02,0x80,0x00,0x02,0xc0,0x00,0x2e,0x00,0x00,0x2c,0x00,0x00,0xb8,0x01,0x42,0xc3,0x80,0x01,0xe0,
0x2d,0x2c,0x2d,0x00,0x04,0x03,0xc2,0xc0,0xe0,0x00,0x00,0x38,0x2c,0x07,0x47,0x40,0x07,0x42,0xc0,0x3c,0x7d,0x00,0xb0,0x2c,
0x01,0xd0,0xb8,0x1e,0x02,0xc0,0x0f,0x02,0xc2,0xd0,0x2c,0x00,0x40,0x00,0x78,0x02,0xc0,0x20,0x00,0x0b,0x00,0x2c,0x0b,0x40,
0x08,0x10,0x02,0xc0,0xf0,0x02,0xd0,0x00,0x2c,0x2d,0x00,0x3c,0x00,0x00,0x0b,0x80,0x07,0x80,0x00,0x02,0xe0,0x00,0xb0,0x00,
0x00,0xb8,0x00,0x1e,0x00,0x00,0x7e,0x00,0x02,0xd0,0x00,0x6f,0x40,0x00,0x3c,0x01,0xbf,0x80,0x00,0x07,0x40,0x3e,0x40,0x00,
0x00,0x00,0x01,0x00,0x00,0x00,0x00,
/* U+6c9a */
0x00,0x00,0x00,0x06,0x00,0x03,0x80,0x00,0x00,0xb0,0x00,0x2f,0x40,0x00,0x0b,0x00,0x00,0x7d,0x00,0x00,0xb0,0x00,0x01,0xd0,
0x00,0x0b,0x00,0x00,0x00,0x05,0x00,0xb0,0x00,0x10,0x00,0xb0,0x0b,0x00,0x0b,0x80,0x0b,0x00,0xb0,0x00,0x2e,0x00,0xb0,0x0b,
0xff,0xc0,0x7c,0x0b,0x00,0xba,0xa8,0x01,0x80,0xb0,0x0b,0x00,0x00,0x00,0x0b,0x00,0xb0,0x00,0x00,0x00,0xb0,0x0b,0x00,0x00,
0x19,0x0b,0x00,0xb0,0x00,0x02,0xc0,0xb0,0x0b,0x00,0x00,0x78,0x0b,0x00,0xb0,0x00,0x0b,0x40,0xb0,0x0b,0x00,0x00,0xf0,0x0b,
0x00,0xb0,0x00,0x2d,0x00,0xb0,0x0b,0x00,0x03,0xc0,0x0b,0x00,0xb0,0x00,0x78,0x2f,0xff,0xff,0xff,0xe7,0x41,0xaa,0xaa,0xaa,
0xa9,
/* U+6c9b */
0x00,0x00,0x00,0x18,0x00,0x03,0x80,0x00,0x02,0xc0,0x00,0x2e,0x00,0x00,0x2c,0x00,0x00,0xbc,0x2a,0xab,0xea,0xa9,0x01,0xe7,
0xff,0xff,0xff,0xe0,0x04,0x00,0x02,0xc0,0x00,0x10,0x00,0x00,0x2c,0x00,0x0b,0x80,0x00,0x02,0xc0,0x00,0x2e,0x01,0xff,0xff,
0xff,0x80,0xb8,0x1f,0xab,0xea,0xbc,0x02,0x81,0xd0,0x2c,0x03,0xc0,0x00,0x1d,0x02,0xc0,0x3c,0x00,0x01,0xd0,0x2c,0x03,0xc0,
0x09,0x1d,0x02,0xc0,0x3c,0x02,0xd1,0xd0,0x2c,0x03,0xc0,0x3c,0x1d,0x02,0xc0,0x3c,0x07,0x41,0xd0,0x2c,0x03,0xc0,0xf0,0x1d,
0x02,0xc0,0x78,0x1e,0x01,0xd0,0x2c,0x7f,0x42,0xd0,0x1d,0x02,0xc1,0x50,0x3c,0x00,0x00,0x2c,0x00,0x07,0x40,0x00,0x02,0xc0,
0x00,0x00,0x00,0x00,0x14,0x00,0x00,
/* U+6c9f */
0x00,0x00,0x0a,0x00,0x00,0x0e,0x00,0x07,0x80,0x00,0x01,0xf4,0x02,0xd0,0x00,0x00,0x1f,0x40,0xf4,0x00,0x00,0x00,0xe0,0x7f,
0xff,0xff,0xc0,0x00,0x3e,0xaa,0xaa,0xf1,0x00,0x2d,0x00,0x00,0x2d,0xe0,0x1e,0x01,0x00,0x0b,0x2f,0x0f,0x01,0xd0,0x02,0xc1,
0xf2,0x40,0xb0,0x00,0xb0,0x18,0x00,0x74,0x00,0x2c,0x00,0x00,0x2c,0x60,0x0b,0x00,0x00,0x1d,0x1d,0x02,0xc0,0x38,0x0a,0x03,
0x80,0xf0,0x2d,0x0b,0x40,0xb4,0x3c,0x0f,0x07,0xab,0xfe,0x0f,0x07,0x42,0xfe,0x95,0xd3,0x83,0xc0,0x00,0x00,0x24,0xe1,0xe0,
0x00,0x00,0x00,0x38,0xb4,0x00,0x00,0x00,0x1e,0x3c,0x00,0x00,0x05,0x5f,0x19,0x00,0x00,0x03,0xff,0x40,0x00,0x00,0x00,0x55,
0x00,
/* U+6ca1 */
0x28,0x00,0x1a,0xaa,0xa0,0x02,0xf4,0x01,0xff,0xff,0x00,0x07,0xd0,0x1d,0x00,0xb0,0x00,0x1f,0x01,0xd0,0x0b,0x00,0x00,0x40,
0x2c,0x00,0xb0,0x01,0x00,0x03,0x80,0x0b,0x00,0xb4,0x00,0xf4,0x00,0x7a,0x92,0xe0,0x7d,0x00,0x02,0xfe,0x0b,0x82,0x40,0x00,
0x00,0x00,0x28,0x05,0x55,0x55,0x40,0x00,0x02,0xff,0xff,0xff,0x00,0x00,0x1b,0x95,0x56,0xf0,0x00,0x90,0x2c,0x00,0x2d,0x00,
0x1d,0x01,0xe0,0x07,0x80,0x03,0xc0,0x0b,0x40,0xf4,0x00,0x78,0x00,0x2d,0x7d,0x00,0x0b,0x40,0x00,0xff,0x40,0x01,0xe0,0x00,
0x1b,0xf4,0x00,0x2d,0x00,0x1b,0xeb,0xe4,0x03,0xc0,0x6f,0xe0,0x0b,0xf9,0x64,0x0b,0xe0,0x00,0x1b,0xf0,0x00,0x10,0x00,0x00,
0x05,
/* U+6ca7 */
0x00,0x00,0x00,0x14,0x00,0x02,0x80,0x00,0x0b,0xd0,0x00,0x1f,0x40,0x01,0xef,0x00,0x00,0x7d,0x00,0x3c,0x78,0x00,0x01,0xe0,
0x0b,0x42,0xd0,0x00,0x00,0x02,0xd0,0x0b,0x80,0x10,0x00,0xb8,0x00,0x2e,0x0b,0x40,0x7e,0x00,0x00,0xbd,0x2e,0x1f,0x6a,0xaa,
0xa5,0xe0,0xb8,0x93,0xea,0xaf,0x85,0x02,0xc0,0x38,0x00,0x78,0x00,0x00,0x03,0x80,0x07,0x80,0x00,0x00,0x38,0x00,0x78,0x00,
0x0d,0x03,0x80,0x07,0x80,0x02,0xd0,0x38,0x15,0xb4,0x00,0x3c,0x03,0x82,0xff,0x00,0x07,0x40,0x38,0x05,0x40,0x00,0xf0,0x03,
0x80,0x00,0x18,0x1e,0x00,0x38,0x00,0x02,0xc2,0xc0,0x03,0xc0,0x00,0x3c,0x78,0x00,0x2e,0xaa,0xaf,0x87,0x40,0x01,0xbf,0xff,
0xe0,
/* U+6cad */
0x00,0x00,0x00,0x24,0x00,0x02,0x90,0x00,0x03,0x8b,0x00,0x1f,0x40,0x00,0x38,0x38,0x00,0x7e,0x00,0x03,0x81,0xe0,0x00,0xb4,
0x00,0x38,0x05,0x00,0x01,0x15,0x57,0x95,0x54,0x00,0x07,0xff,0xff,0xff,0xd7,0x40,0x15,0x6f,0xf5,0x54,0x2e,0x00,0x03,0xbb,
0x40,0x00,0x7d,0x00,0x77,0xac,0x00,0x01,0xd0,0x0b,0x38,0xd0,0x00,0x00,0x00,0xd3,0x8a,0x00,0x00,0x00,0x1c,0x38,0x70,0x00,
0x0a,0x02,0x83,0x83,0x80,0x00,0xe0,0xb4,0x38,0x1d,0x00,0x2d,0x1e,0x03,0x80,0xb0,0x03,0x83,0xc0,0x38,0x03,0x80,0x74,0xb4,
0x03,0x80,0x1e,0x0f,0x1e,0x00,0x38,0x00,0xb1,0xd0,0x80,0x03,0x80,0x01,0x3c,0x00,0x00,0x38,0x00,0x03,0x80,0x00,0x03,0x80,
0x00,0x00,0x00,0x00,0x14,0x00,0x00,
/* U+6cb3 */
0x28,0x01,0x55,0x55,0x55,0x42,0xe0,0x7f,0xff,0xff,0xff,0x0b,0xc6,0xaa,0xaa,0xaf,0x90,0x1e,0x00,0x00,0x00,0xb0,0x00,0x40,
0x00,0x00,0x0b,0x00,0x00,0x00,0x00,0x00,0xb0,0x74,0x01,0xaa,0xa8,0x0b,0x07,0xd0,0x1e,0xab,0xd0,0xb0,0x0b,0x41,0xd0,0x1d,
0x0b,0x00,0x2c,0x1d,0x01,0xd0,0xb0,0x00,0x01,0xd0,0x1d,0x0b,0x00,0x00,0x1d,0x01,0xd0,0xb0,0x00,0x91,0xd0,0x1d,0x0b,0x00,
0x1d,0x1e,0xaa,0xd0,0xb0,0x03,0xc1,0xff,0xfd,0x0b,0x00,0x78,0x00,0x00,0x00,0xb0,0x0b,0x00,0x00,0x00,0x0b,0x01,0xe0,0x00,
0x00,0x00,0xb0,0x2d,0x00,0x00,0x00,0x0b,0x03,0xc0,0x00,0x00,0x55,0xf0,0x78,0x00,0x00,0x1f,0xfd,0x00,0x00,0x00,0x00,0x55,
0x00,
/* U+6cb9 */
0x00,0x00,0x00,0x18,0x00,0x07,0x40,0x00,0x0b,0x00,0x01,0xf4,0x00,0x02,0xc0,0x00,0x0f,0x40,0x00,0xb0,0x00,0x00,0xb1,0x55,
0x6d,0x55,0x40,0x00,0xbf,0xff,0xff,0xf1,0x00,0x2d,0x56,0xd5,0x6d,0xe0,0x0b,0x00,0xb0,0x0b,0x2e,0x02,0xc0,0x2c,0x02,0xc1,
0xf4,0xb0,0x0b,0x00,0xb0,0x1d,0x2c,0x02,0xc0,0x2c,0x00,0x0b,0x55,0xb5,0x5b,0x00,0x02,0xff,0xff,0xff,0xc0,0x34,0xb5,0x5b,
0x55,0xb0,0x1d,0x2c,0x02,0xc0,0x2c,0x0f,0x0b,0x00,0xb0,0x0b,0x07,0x82,0xc0,0x2c,0x02,0xc2,0xc0,0xb0,0x0b,0x00,0xb0,0xe0,
0x2c,0x02,0xc0,0x2c,0xb4,0x0b,0xaa,0xfa,0xaf,0x3c,0x02,0xff,0xff,0xff,0xca,0x00,0xb0,0x00,0x00,0xb0,0x00,0x14,0x00,0x00,
0x14,
/* U+6cbb */
0x00,0x00,0x00,0x50,0x00,0x02,0xd0,0x00,0x0f,0x00,0x00,0x1f,0x80,0x02,0xd0,0x00,0x00,0x2e,0x00,0x3c,0x05,0x00,0x00,0xb4,
0x0b,0x40,0xb4,0x00,0x01,0x01,0xe0,0x03,0x80,0x10,0x00,0x38,0x00,0x1d,0x07,0x80,0x0b,0x00,0x15,0xf0,0x2e,0x03,0xfa,0xff,
0xff,0x80,0x7d,0x3f,0xaa,0x54,0x2d,0x01,0xc0,0x00,0x00,0x00,0x90,0x00,0x00,0x00,0x00,0x00,0x00,0x00,0xaa,0xaa,0xaa,0x00,
0x06,0x0f,0xaa,0xaa,0xf0,0x00,0xf0,0xf0,0x00,0x0b,0x00,0x1d,0x0f,0x00,0x00,0xb0,0x03,0xc0,0xf0,0x00,0x0b,0x00,0x74,0x0f,
0x00,0x00,0xb0,0x0f,0x00,0xf0,0x00,0x0b,0x01,0xe0,0x0f,0xaa,0xaa,0xf0,0x3c,0x00,0xff,0xff,0xff,0x02,0x80,0x0f,0x00,0x00,
0xb0,0x00,0x00,0x50,0x00,0x05,0x00,
/* U+6cbd */
0x00,0x00,0x00,0x18,0x00,0x02,0xd0,0x00,0x02,0xc0,0x00,0x1f,0x40,0x00,0x2c,0x00,0x00,0x7d,0x00,0x02,0xc0,0x00,0x00,0xb0,
0x00,0x2c,0x00,0x00,0x00,0x7f,0xff,0xff,0xfe,0x10,0x06,0xaa,0xbf,0xaa,0xa7,0x80,0x00,0x02,0xc0,0x00,0x2e,0x00,0x00,0x2c,
0x00,0x00,0x7c,0x00,0x02,0xc0,0x00,0x01,0xd0,0x00,0x2c,0x00,0x00,0x00,0x00,0x02,0xd0,0x00,0x00,0x00,0xbf,0xff,0xff,0x40,
0x0d,0x0b,0xaa,0xaa,0xb4,0x02,0xd0,0xb0,0x00,0x07,0x40,0x38,0x0b,0x00,0x00,0x74,0x07,0x40,0xb0,0x00,0x07,0x40,0xf0,0x0b,
0x00,0x00,0x74,0x1e,0x00,0xb0,0x00,0x07,0x42,0xc0,0x0b,0x55,0x55,0xb4,0x78,0x00,0xbf,0xff,0xff,0x47,0x40,0x0b,0x55,0x55,
0xb4,0x00,0x00,0x50,0x00,0x01,0x00,
/* U+6cbe */
0x00,0x00,0x00,0xa0,0x00,0x02,0xd0,0x00,0x0b,0x00,0x00,0x1f,0x40,0x00,0xb0,0x00,0x00,0x7e,0x00,0x0b,0x00,0x00,0x00,0xb0,
0x00,0xb5,0x55,0x50,0x01,0x00,0x0b,0xff,0xfe,0x10,0x00,0x00,0xb5,0x55,0x57,0x80,0x00,0x0b,0x00,0x00,0x2e,0x00,0x00,0xb0,
0x00,0x00,0x78,0x00,0x0b,0x00,0x00,0x01,0xc0,0x55,0xb5,0x55,0x00,0x00,0x1f,0xff,0xff,0xf0,0x00,0x01,0xe5,0x55,0x5f,0x00,
0x0a,0x1d,0x00,0x00,0xb0,0x00,0xe1,0xd0,0x00,0x0b,0x00,0x2d,0x1d,0x00,0x00,0xb0,0x03,0xc1,0xd0,0x00,0x0b,0x00,0x74,0x1d,
0x00,0x00,0xb0,0x0f,0x01,0xd0,0x00,0x0b,0x01,0xe0,0x1e,0x55,0x55,0xb0,0x2d,0x01,0xff,0xff,0xff,0x02,0x80,0x1e,0x55,0x55,
0xf0,0x00,0x00,0x50,0x00,0x05,0x00,
/* U+6cbf */
0x1d,0x00,0x05,0x55,0x54,0x01,0xf4,0x01,0xff,0xff,0x40,0x07,0xe0,0x1d,0x00,0x74,0x00,0x0b,0x41,0xd0,0x07,0x40,0x00,0x20,
0x2d,0x00,0x74,0x00,0x00,0x03,0xc0,0x07,0x40,0xb4,0x00,0x78,0x00,0x74,0x07,0xe0,0x0f,0x40,0x07,0x95,0x0b,0x82,0xe0,0x00,
0x3f,0xf0,0x2d,0x78,0x00,0x00,0x55,0x00,0x40,0x00,0x00,0x00,0x00,0x00,0x07,0xff,0xff,0xe0,0x00,0x50,0xbe,0xaa,0xae,0x00,
0x0e,0x0b,0x40,0x00,0xe0,0x02,0xd0,0xb4,0x00,0x0e,0x00,0x3c,0x0b,0x40,0x00,0xe0,0x0b,0x40,0xb4,0x00,0x0e,0x00,0xf0,0x0b,
0x40,0x00,0xe0,0x1e,0x00,0xb5,0x55,0x5e,0x03,0xc0,0x0b,0xff,0xff,0xe0,0x78,0x00,0xb5,0x55,0x5e,0x00,0x00,0x05,0x00,0x00,
0x50,
/* U+6cc9 */
0x00,0x00,0x14,0x00,0x00,0x00,0x00,0x07,0x40,0x00,0x00,0x01,0x55,0xf5,0x55,0x54,0x00,0x3f,0xff,0xff,0xff,0xc0,0x03,0xd5,
0x55,0x55,0x6c,0x00,0x38,0x00,0x00,0x02,0xc0,0x03,0xea,0xaa,0xaa,0xbc,0x00,0x3e,0xaa,0xaa,0xab,0xc0,0x03,0x80,0x00,0x00,
0x2c,0x00,0x38,0x00,0x00,0x02,0xc0,0x03,0xff,0xff,0xff,0xfc,0x00,0x15,0x55,0xb5,0x55,0x40,0x00,0x00,0x0b,0x00,0x05,0x06,
0xaa,0xa8,0xb8,0x01,0xf0,0x7f,0xff,0x8b,0xe0,0xb8,0x00,0x00,0xb4,0xb7,0xbd,0x00,0x00,0x1e,0x0b,0x1f,0x40,0x00,0x07,0xc0,
0xb0,0x78,0x00,0x01,0xf4,0x0b,0x01,0xf4,0x01,0xfd,0x00,0xb0,0x07,0xe0,0xbe,0x05,0x5f,0x00,0x0b,0xe6,0x40,0x7f,0xd0,0x00,
0x1d,0x00,0x01,0x50,0x00,0x00,0x00,
/* U+6cca */
0x00,0x00,0x00,0x24,0x00,0x28,0x00,0x00,0x78,0x00,0x2e,0x00,0x00,0xb4,0x00,0x07,0xc0,0x00,0xb0,0x00,0x01,0xe0,0xff,0xff,
0xff,0x00,0x50,0xfa,0xaa,0xaf,0x00,0x00,0xe0,0x00,0x0b,0x74,0x00,0xe0,0x00,0x0b,0x7d,0x00,0xe0,0x00,0x0b,0x0b,0x80,0xe0,
0x00,0x0b,0x02,0xc0,0xe0,0x00,0x0b,0x00,0x00,0xf5,0x55,0x5b,0x00,0x00,0xff,0xff,0xff,0x00,0x90,0xe5,0x55,0x5b,0x01,0xd0,
0xe0,0x00,0x0b,0x03,0xc0,0xe0,0x00,0x0b,0x07,0x80,0xe0,0x00,0x0b,0x0b,0x40,0xe0,0x00,0x0b,0x1e,0x00,0xe0,0x00,0x0b,0x2d,
0x00,0xfa,0xaa,0xaf,0x3c,0x00,0xff,0xff,0xff,0x78,0x00,0xe0,0x00,0x0b,0x00,0x00,0x50,0x00,0x00,
/* U+6ccc */
0x00,0x00,0x01,0x00,0x00,0x01,0xc0,0x00,0x38,0x00,0x00,0x1f,0x40,0x01,0xe0,0x09,0x00,0x7d,0x00,0x07,0xc1,0xe0,0x00,0xf0,
0x00,0x1d,0x2d,0x00,0x01,0x00,0x28,0x03,0xc0,0x00,0x00,0x03,0x80,0x78,0x07,0x40,0x00,0x38,0x0b,0x40,0x7d,0x00,0xe3,0x80,
0xf0,0x00,0xb8,0x1d,0x38,0x1d,0x60,0x02,0xc1,0xd3,0x83,0xcb,0x00,0x00,0x2c,0x38,0xb8,0x38,0x00,0x02,0xc3,0x9f,0x02,0xc0,
0x19,0x38,0x3a,0xd0,0x1d,0x02,0xd7,0x43,0xf8,0x00,0xe0,0x38,0xb0,0x3f,0x00,0x0a,0x07,0x41,0x03,0xd0,0x00,0x00,0xf0,0x01,
0xf8,0x00,0xb0,0x1e,0x00,0x7f,0x80,0x0b,0x02,0xd0,0x2f,0x7c,0x00,0xe0,0x3c,0x1f,0x82,0xea,0xbd,0x07,0x82,0xd0,0x1b,0xff,
0x80,
/* U+6cd5 */
0x00,0x00,0x00,0x24,0x00,0x02,0x80,0x00,0x03,0x80,0x00,0x1f,0x00,0x00,0x38,0x00,0x00,0x7d,0x00,0x03,0x80,0x00,0x01,0xe2,
0xaa,0xbe,0xaa,0x80,0x04,0x2f,0xff,0xff,0xfc,0x10,0x00,0x00,0x38,0x00,0x07,0x80,0x00,0x03,0x80,0x00,0x2e,0x00,0x00,0x38,
0x00,0x00,0xb8,0x00,0x03,0x80,0x00,0x02,0x8a,0xaa,0xbe,0xaa,0x90,0x00,0xff,0xff,0xff,0xfe,0x00,0x00,0x01,0xe0,0x00,0x00,
0x09,0x00,0x2c,0x00,0x00,0x01,0xd0,0x07,0x80,0x64,0x00,0x2c,0x00,0xb4,0x03,0x80,0x07,0x80,0x1e,0x00,0x2d,0x00,0xb4,0x02,
0xc0,0x00,0xe0,0x0f,0x00,0x78,0x00,0x1b,0x42,0xd0,0x1f,0x5a,0xff,0xf8,0x3c,0x03,0xff,0xfe,0x96,0xd3,0x80,0x19,0x50,0x00,
0x1e,0x00,0x00,0x00,0x00,0x00,0x40,
/* U+6cd7 */
0x28,0x01,0x55,0x55,0x55,0x4b,0xd0,0xbf,0xff,0xff,0xf0,0x7d,0x2d,0x6d,0x6d,0x6c,0x07,0x8b,0x0b,0x0a,0x0b,0x00,0x02,0xc2,
0xc2,0x82,0xc4,0x00,0xb0,0xb0,0xa0,0xbb,0x80,0x2c,0x2c,0x28,0x2c,0xb8,0x0b,0x0b,0x0a,0x0b,0x0b,0x82,0xc2,0x82,0x82,0xc0,
0xa0,0xb0,0xe0,0xa0,0xb0,0x00,0x2c,0x38,0x28,0x2c,0x00,0x0b,0x1d,0x0b,0x0b,0x01,0xd2,0xcb,0x01,0xff,0xc0,0xb0,0xb7,0x40,
0x1a,0xf0,0x38,0x2d,0xc0,0x00,0x2c,0x2d,0x0b,0x00,0x00,0x0b,0x0f,0x02,0xc0,0x00,0x02,0xc7,0x40,0xb5,0x55,0x55,0xb2,0xc0,
0x2f,0xff,0xff,0xfd,0xe0,0x0b,0x55,0x55,0x5b,0x74,0x02,0xc0,0x00,0x02,0xc0,
/* U+6ce2 */
0x00,0x00,0x00,0x19,0x00,0x02,0x80,0x00,0x01,0xd0,0x00,0x1f,0x40,0x00,0x1d,0x00,0x00,0x7d,0x1a,0xaa,0xea,0xa9,0x00,0xe1,
0xff,0xff,0xff,0xd0,0x00,0x1d,0x01,0xd0,0x2c,0x10,0x01,0xc0,0x1d,0x03,0x87,0x80,0x1c,0x01,0xd0,0x74,0x2e,0x01,0xc0,0x1d,
0x01,0x00,0xb8,0x1d,0x55,0xd5,0x40,0x01,0xc2,0xff,0xff,0xfe,0x00,0x00,0x2d,0xf5,0x55,0xe0,0x00,0x02,0xc7,0x40,0x1d,0x00,
0x1d,0x38,0x38,0x02,0xc0,0x02,0xc3,0x82,0xd0,0x78,0x00,0x38,0x74,0x0b,0x4f,0x00,0x07,0x47,0x40,0x3e,0xd0,0x00,0xf0,0xf0,
0x01,0xf8,0x00,0x1e,0x1e,0x00,0x7f,0xe0,0x02,0xc2,0xc0,0x2f,0x4b,0xd0,0x38,0x78,0x6f,0x80,0x1f,0xd7,0x47,0x0f,0x90,0x00,
0x2e,0x00,0x00,0x50,0x00,0x00,0x00,
/* U+6cf0 */
0x00,0x00,0x0a,0x00,0x00,0x00,0x00,0x00,0xf0,0x00,0x00,0x1f,0xff,0xff,0xff,0xff,0x40,0xaa,0xaa,0xea,0xaa,0xa0,0x00,0x00,
0x2c,0x00,0x00,0x00,0x15,0x57,0xd5,0x55,0x40,0x03,0xff,0xff,0xff,0xfc,0x00,0x00,0x0f,0x00,0x00,0x00,0x00,0x02,0xd0,0x00,
0x00,0x07,0xff,0xff,0xff,0xff,0xfd,0x6a,0xaf,0xaa,0xab,0xea,0x90,0x03,0xd0,0x50,0x1d,0x00,0x01,0xf4,0x0b,0x00,0x78,0x00,
0xbd,0x00,0xb0,0x16,0xf8,0x7e,0x28,0x0b,0x03,0xc2,0xf7,0x41,0xe0,0xb4,0xb4,0x05,0x00,0x06,0x6f,0xed,0x00,0x00,0x00,0x2e,
0xbb,0xe4,0x00,0x00,0x2f,0x4b,0x07,0xe4,0x00,0x6f,0x80,0xb0,0x07,0xe0,0x0b,0x80,0x0b,0x00,0x0b,0x00,0x00,0x2f,0xe0,0x00,
0x00,0x00,0x00,0x54,0x00,0x00,0x00,
/* U+6cf8 */
0x00,0x00,0x00,0x24,0x00,0x02,0x80,0x00,0x03,0x80,0x00,0x1f,0x00,0x00,0x3d,0x55,0x50,0x7c,0x00,0x03,0xff,0xfe,0x01,0xe0,
0x00,0x39,0x55,0x40,0x04,0x00,0x03,0x80,0x00,0x10,0x00,0x00,0x38,0x00,0x07,0x80,0x0f,0xff,0xff,0xf8,0x1e,0x01,0xea,0xaa,
0xab,0xc0,0x78,0x1d,0x00,0x00,0x3c,0x01,0x81,0xd0,0x00,0x03,0xc0,0x00,0x1d,0x00,0x00,0x3c,0x00,0x01,0xea,0xaa,0xab,0xc0,
0x1d,0x1f,0xff,0xff,0xfc,0x02,0xc2,0xd0,0x00,0x00,0x00,0x38,0x2c,0x00,0x00,0x00,0x07,0x42,0x80,0x00,0x00,0x00,0xb0,0x38,
0x00,0x00,0x00,0x0e,0x0b,0x40,0x00,0x00,0x02,0xd1,0xe0,0x00,0x00,0x00,0x3c,0x2d,0x00,0x00,0x00,0x02,0x83,0x80,0x00,0x00,
0x00,
/* U+6cfd */
0x2d,0x00,0xaa,0xaa,0xaa,0x01,0xf8,0x1f,0xff,0xff,0xf0,0x02,0xe0,0x1d,0x00,0x1d,0x00,0x0b,0x40,0xb0,0x07,0xc0,0x00,0x10,
0x07,0x81,0xf4,0x01,0x00,0x00,0x1f,0xbd,0x00,0x7d,0x00,0x00,0xbf,0x40,0x01,0xf4,0x01,0xbf,0xbf,0x94,0x07,0xd2,0xfe,0x40,
0x6f,0xf0,0x1d,0x29,0x01,0x40,0x15,0x00,0x00,0x00,0x2c,0x00,0x00,0x00,0x06,0xaa,0xea,0xa4,0x00,0x64,0xbf,0xff,0xff,0x40,
0x0b,0x00,0x02,0xd0,0x00,0x01,0xe0,0x00,0x2c,0x00,0x00,0x2d,0x15,0x56,0xd5,0x55,0x07,0x83,0xff,0xff,0xff,0xe0,0xb4,0x15,
0x56,0xd5,0x55,0x1e,0x00,0x00,0x2c,0x00,0x02,0xd0,0x00,0x02,0xc0,0x00,0x28,0x00,0x00,0x2c,0x00,0x00,0x00,0x00,0x01,0x40,
0x00,
/* U+6cfe */
0x28,0x01,0xaa,0xaa,0xa4,0x02,0xe0,0x1f,0xff,0xff,0x80,0x0b,0x80,0x00,0x00,0xb4,0x00,0x1e,0x00,0x00,0x2d,0x00,0x00,0x40,
0x00,0x07,0x80,0x00,0x00,0x00,0x02,0xf0,0x00,0x74,0x00,0x00,0xbf,0x90,0x07,0xd0,0x00,0x7e,0x1f,0x80,0x0b,0x80,0xbf,0x40,
0x2f,0x40,0x2c,0x7f,0x40,0x00,0x7d,0x00,0x02,0x40,0x00,0x01,0x80,0x00,0x00,0x00,0x00,0x00,0x00,0x81,0xff,0xff,0xff,0x00,
0x2d,0x0a,0xab,0xea,0xa0,0x03,0xc0,0x00,0x3c,0x00,0x00,0x74,0x00,0x03,0xc0,0x00,0x0f,0x00,0x00,0x3c,0x00,0x01,0xe0,0x00,
0x03,0xc0,0x00,0x2d,0x00,0x00,0x3c,0x00,0x07,0x80,0xbf,0xff,0xff,0xfd,0x74,0x06,0xaa,0xaa,0xaa,0x90,
/* U+6d0b */
0x00,0x00,0x04,0x00,0x14,0x02,0x80,0x02,0xc0,0x03,0xc0,0x2e,0x00,0x1e,0x00,0xb4,0x00,0x78,0x00,0xb4,0x0e,0x00,0x01,0xe0,
0x06,0x42,0xd0,0x00,0x04,0x3f,0xff,0xff,0xfd,0x00,0x01,0xaa,0xbe,0xaa,0x87,0x40,0x00,0x02,0xc0,0x00,0x3d,0x00,0x00,0x2c,
0x00,0x00,0xb8,0x00,0x02,0xc0,0x00,0x02,0xc0,0xff,0xff,0xff,0x40,0x04,0x0a,0xab,0xea,0xa4,0x00,0x00,0x00,0x2c,0x00,0x00,
0x09,0x00,0x02,0xc0,0x00,0x01,0xd0,0x00,0x2c,0x00,0x00,0x2c,0x6a,0xab,0xea,0xaa,0x07,0x8b,0xff,0xff,0xff,0xf0,0xb0,0x00,
0x02,0xc0,0x00,0x0e,0x00,0x00,0x2c,0x00,0x02,0xd0,0x00,0x02,0xc0,0x00,0x3c,0x00,0x00,0x2c,0x00,0x07,0x40,0x00,0x02,0xc0,
0x00,0x10,0x00,0x00,0x14,0x00,0x00,
/* U+6d1b */
0x00,0x00,0x02,0x80,0x00,0x02,0x80,0x00,0x78,0x00,0x00,0x2e,0x00,0x0f,0xaa,0xa8,0x00,0x7c,0x01,0xff,0xff,0xd0,0x01,0xf0,
0x7c,0x00,0x38,0x00,0x05,0x1f,0xe0,0x0b,0x00,0x00,0x07,0xdb,0x82,0xd0,0x07,0x40,0x70,0x2e,0xb8,0x00,0x7d,0x00,0x00,0xbe,
0x00,0x00,0xb8,0x00,0x2f,0xf4,0x00,0x02,0xc0,0x1f,0x97,0xf4,0x00,0x00,0x6f,0xd0,0x07,0xf9,0x00,0x0f,0x90,0x00,0x06,0xe0,
0x09,0x56,0xaa,0xaa,0x80,0x02,0xd0,0x7f,0xff,0xfc,0x00,0x3c,0x07,0x40,0x02,0xc0,0x07,0x80,0x74,0x00,0x2c,0x00,0xb0,0x07,
0x40,0x02,0xc0,0x1e,0x00,0x74,0x00,0x2c,0x02,0xd0,0x07,0x95,0x56,0xc0,0x3c,0x00,0x7f,0xff,0xfc,0x07,0x80,0x07,0x55,0x56,
0xc0,0x00,0x00,0x10,0x00,0x14,0x00,
/* U+6d1e */
0x38,0x02,0xaa,0xaa,0xaa,0x8b,0x81,0xff,0xff,0xff,0xf0,0x7d,0x74,0x00,0x00,0x2c,0x07,0x5d,0x00,0x00,0x0b,0x00,0x07,0x45,
0x55,0x52,0xc4,0x01,0xd3,0xff,0xfc,0xbb,0x80,0x74,0x00,0x00,0x2c,0xb8,0x1d,0x00,0x00,0x0b,0x07,0x87,0x45,0x55,0x42,0xc0,
0x61,0xd1,0xff,0xf4,0xb0,0x00,0x74,0x74,0x1d,0x2c,0x00,0x1d,0x1c,0x07,0x4b,0x00,0x97,0x47,0x01,0xd2,0xc0,0x75,0xd1,0xc0,
0x74,0xb0,0x3c,0x74,0x70,0x1d,0x2c,0x1d,0x1d,0x1f,0xff,0x4b,0x0f,0x07,0x46,0xaa,0x92,0xc7,0x81,0xd0,0x00,0x00,0xb3,0xc0,
0x74,0x00,0x00,0x2d,0xe0,0x1d,0x00,0x05,0x6e,0x70,0x07,0x40,0x02,0xff,0x40,0x00,0x40,0x00,0x15,0x00,
/* U+6d25 */
0x00,0x00,0x00,0x64,0x00,0x02,0xd0,0x00,0x07,0x40,0x00,0x1f,0x41,0xaa,0xfe,0xaa,0x00,0x7d,0x1a,0xaf,0xea,0xe0,0x00,0xd0,
0x00,0x74,0x0e,0x00,0x00,0x00,0x07,0x40,0xe0,0x10,0x0b,0xff,0xff,0xff,0xe7,0x80,0x6a,0xab,0xaa,0xf9,0x2e,0x00,0x00,0x74,
0x0e,0x00,0xb8,0x00,0x07,0x40,0xe0,0x02,0x81,0xff,0xff,0xfe,0x00,0x00,0x1a,0xab,0xaa,0x90,0x00,0x00,0x00,0x74,0x00,0x00,
0x1d,0x15,0x5b,0x95,0x50,0x02,0xd2,0xff,0xff,0xff,0x40,0x38,0x15,0x5b,0x95,0x50,0x07,0x40,0x00,0x74,0x00,0x00,0xb0,0x55,
0x5b,0x95,0x55,0x0e,0x0f,0xff,0xff,0xff,0xf2,0xd0,0x55,0x57,0x55,0x54,0x3c,0x00,0x00,0x74,0x00,0x02,0x80,0x00,0x07,0x40,
0x00,0x00,0x00,0x00,0x10,0x00,0x00,
/* U+6d2a */
0x00,0x00,0x05,0x00,0x50,0x02,0xd0,0x00,0xf0,0x0b,0x00,0x1f,0x40,0x0f,0x00,0xb0,0x00,0x3e,0x00,0xf0,0x0b,0x00,0x00,0x90,
0x0f,0x00,0xb0,0x00,0x00,0x15,0xf5,0x5b,0x94,0x10,0x03,0xff,0xff,0xff,0xdb,0x80,0x15,0xf5,0x5b,0x54,0x2e,0x00,0x0f,0x00,
0xb0,0x00,0x7c,0x00,0xf0,0x0b,0x00,0x01,0xc0,0x0f,0x00,0xb0,0x00,0x00,0x00,0xf0,0x0b,0x00,0x00,0x01,0x5f,0x55,0xb5,0x50,
0x0d,0xbf,0xff,0xff,0xff,0x02,0xd5,0x55,0x55,0x55,0x50,0x38,0x00,0x50,0x05,0x00,0x07,0x40,0x0f,0x00,0xf4,0x00,0xf0,0x02,
0xd0,0x07,0xc0,0x1e,0x00,0x78,0x00,0x1e,0x02,0xc0,0x1f,0x00,0x00,0xb8,0x78,0x07,0xd0,0x00,0x03,0xd7,0x40,0xb4,0x00,0x00,
0x1d,0x00,0x01,0x00,0x00,0x00,0x00,
/* U+6d2e */
0x00,0x00,0x06,0x06,0x00,0x02,0xd0,0x00,0x74,0xb0,0x00,0x1f,0x40,0x07,0x4b,0x00,0x00,0x3d,0x00,0x74,0xb0,0x14,0x00,0x9b,
0x07,0x4b,0x03,0xc0,0x00,0x74,0x74,0xb0,0xb4,0x10,0x02,0xc7,0x4b,0x0f,0x07,0x80,0x1d,0x74,0xb2,0xd0,0x2e,0x00,0xe7,0x4b,
0x28,0x00,0xb8,0x05,0x74,0xb0,0x00,0x02,0x80,0x0b,0x4b,0x80,0x00,0x00,0x01,0xf0,0xbf,0x40,0x00,0x00,0xbf,0x0b,0x6e,0x00,
0x28,0x2d,0xb0,0xb0,0x79,0x03,0x9f,0x4e,0x0b,0x01,0xd0,0x74,0x91,0xe0,0xb0,0x04,0x0b,0x00,0x2d,0x0b,0x00,0x40,0xf0,0x03,
0xc0,0xb0,0x0b,0x1e,0x00,0xb4,0x0b,0x00,0xa2,0xd0,0x2f,0x00,0xb4,0x0e,0x3c,0x07,0xd0,0x07,0xab,0xd6,0x80,0xb4,0x00,0x2f,
0xf8,0x00,0x01,0x00,0x00,0x00,0x00,
/* U+6d31 */
0x28,0x06,0xaa,0xaa,0xaa,0x92,0xf0,0x7f,0xff,0xff,0xfd,0x07,0xd0,0x38,0x00,0x2c,0x00,0x1f,0x03,0x80,0x02,0xc0,0x00,0x40,
0x38,0x00,0x2c,0x00,0x00,0x03,0xea,0xab,0xc0,0x78,0x00,0x3f,0xff,0xfc,0x02,0xe0,0x03,0x80,0x02,0xc0,0x0b,0x80,0x38,0x00,
0x2c,0x00,0x2c,0x03,0x80,0x02,0xc0,0x00,0x00,0x3d,0x55,0x7c,0x00,0x00,0x03,0xff,0xff,0xc0,0x00,0x90,0x3d,0x55,0x7c,0x00,
0x1d,0x03,0x80,0x02,0xc0,0x03,0xc0,0x38,0x00,0x2c,0x00,0x78,0x03,0x80,0x07,0xea,0x0b,0x40,0x7e,0xbf,0xff,0xe1,0xe0,0xff,
0xfe,0xa7,0xc0,0x2d,0x06,0x50,0x00,0x2c,0x07,0xc0,0x00,0x00,0x02,0xc0,0x74,0x00,0x00,0x00,0x2c,0x00,0x00,0x00,0x00,0x01,
0x40,
/* U+6d32 */
0x00,0x00,0x14,0x00,0x01,0x8a,0x00,0x0e,0x02,0x80,0xb2,0xe0,0x03,0x80,0xa0,0x2c,0x2e,0x00,0xe0,0x28,0x0b,0x02,0xe0,0x38,
0x0a,0x02,0xc0,0x10,0x0e,0x02,0x80,0xb0,0x00,0x03,0x80,0xa0,0x2e,0xd0,0x1c,0xe6,0x2a,0x8b,0x7d,0x0a,0x39,0x8a,0x62,0xc3,
0xd3,0x8e,0x32,0x8c,0xb0,0x38,0xd3,0x8c,0xa3,0x6c,0x04,0x70,0xe2,0x68,0x9b,0x00,0x2c,0x74,0x9a,0x1a,0xc0,0x01,0x1d,0x02,
0x80,0xb0,0x28,0x0b,0x00,0xa0,0x2c,0x1e,0x03,0xc0,0x28,0x0b,0x0b,0x41,0xe0,0x0a,0x02,0xc3,0xc0,0xb4,0x02,0x80,0xb1,0xd0,
0x38,0x00,0xa0,0x2c,0xb0,0x2d,0x00,0x28,0x0b,0x38,0x1e,0x00,0x0a,0x02,0xdd,0x0b,0x00,0x01,0x40,0xb0,0x00,0x40,0x00,0x00,
0x14,
/* U+6d3c */
0x00,0x00,0x00,0x24,0x00,0x02,0x80,0x00,0x03,0x80,0x00,0x2f,0x40,0x00,0x38,0x00,0x00,0x7d,0x1a,0xab,0xea,0xa4,0x01,0xe1,
0xaa,0xfe,0xaa,0x40,0x00,0x00,0x03,0x80,0x00,0x10,0x00,0x00,0x38,0x00,0x0b,0x80,0x00,0x03,0x80,0x00,0x2e,0x06,0xaa,0xbe,
0xaa,0x90,0xb8,0xbf,0xff,0xff,0xfd,0x02,0x80,0x00,0x00,0x00,0x00,0x00,0x00,0x03,0x80,0x00,0x00,0x00,0x00,0x38,0x00,0x00,
0x1d,0x00,0x03,0x80,0x00,0x02,0xc2,0xff,0xff,0xff,0x40,0x38,0x1a,0xab,0xea,0xa4,0x0b,0x40,0x00,0x38,0x00,0x00,0xf0,0x00,
0x03,0x80,0x00,0x1d,0x00,0x00,0x38,0x00,0x02,0xc0,0x00,0x03,0x80,0x00,0x78,0x0f,0xff,0xff,0xff,0xe7,0x40,0xaa,0xaa,0xaa,
0xaa,
/* U+6d41 */
0x00,0x00,0x00,0x60,0x00,0x02,0xd0,0x00,0x07,0x40,0x00,0x1f,0x40,0x00,0x7c,0x00,0x00,0x7d,0x7f,0xff,0xff,0xfd,0x00,0x91,
0x5b,0x95,0x55,0x40,0x00,0x00,0xf0,0x06,0x00,0x10,0x00,0x2d,0x00,0x78,0x07,0x80,0x07,0x80,0x02,0xd0,0x2e,0x01,0xf5,0x6a,
0xbf,0x40,0xb8,0x3f,0xff,0xea,0xb8,0x02,0x81,0x54,0x00,0x02,0x80,0x00,0x05,0x05,0x05,0x00,0x00,0x00,0xb0,0xb0,0xb0,0x00,
0x1d,0x0f,0x0b,0x0b,0x00,0x02,0xd0,0xe0,0xb0,0xb0,0x00,0x38,0x0e,0x0b,0x0b,0x00,0x07,0x41,0xd0,0xb0,0xb0,0x00,0xb0,0x1d,
0x0b,0x0b,0x06,0x0e,0x03,0xc0,0xb0,0xb0,0xb1,0xd0,0xb4,0x0b,0x0b,0x0b,0x3c,0x1f,0x00,0xb0,0x79,0xe2,0x82,0xc0,0x0b,0x03,
0xfd,
/* U+6d48 */
0x00,0x00,0x00,0x60,0x00,0x02,0xd0,0x00,0x0b,0x00,0x00,0x1f,0x40,0x00,0xbf,0xff,0xc0,0x2e,0x00,0x0b,0xaa,0xa8,0x00,0xa0,
0x00,0xb0,0x00,0x00,0x00,0x00,0x0b,0x00,0x00,0x10,0x00,0xff,0xff,0xff,0x07,0x80,0x0f,0xaa,0xaa,0xf0,0x2f,0x40,0xe0,0x00,
0x0b,0x00,0x7d,0x0e,0x02,0x80,0xb0,0x01,0xd0,0xe0,0x3c,0x0b,0x00,0x00,0x0e,0x03,0xc0,0xb0,0x00,0x00,0xe0,0x38,0x0b,0x00,
0x0a,0x0e,0x03,0x80,0xb0,0x00,0xe0,0xe0,0x38,0x0b,0x00,0x2d,0x0e,0x07,0x40,0xb0,0x03,0xc0,0xe0,0xb0,0x0b,0x00,0xb4,0x05,
0x1e,0x28,0x00,0x0f,0x00,0x07,0xc2,0xf4,0x01,0xe0,0x01,0xf4,0x07,0xe0,0x3c,0x02,0xfd,0x00,0x0b,0xd2,0x80,0xb9,0x00,0x00,
0x1e,0x00,0x01,0x00,0x00,0x00,0x40,
/* U+6d49 */
0x00,0x00,0x14,0x00,0x00,0x07,0x80,0x02,0xc6,0xaa,0xaa,0x2e,0x00,0x2c,0xbf,0xff,0xe0,0x78,0x52,0xc0,0x0b,0x00,0x01,0x0e,
0x2c,0x00,0xb0,0x00,0x00,0xe2,0xc1,0x5f,0x54,0x00,0x0e,0x2c,0x7f,0xff,0xd7,0x40,0xe2,0xc7,0x4b,0x1d,0x2d,0x0e,0x2c,0x74,
0xb1,0xd0,0xb4,0xe2,0xc7,0x4b,0x1d,0x02,0x0e,0x2c,0x74,0xb1,0xd0,0x00,0xe2,0xc7,0x4b,0x1d,0x00,0x0e,0x2c,0x74,0xb1,0xd0,
0x24,0xe2,0xc7,0x4b,0x1d,0x07,0x4e,0x2c,0x74,0xb1,0xd0,0xb0,0xe3,0x87,0x4b,0x1d,0x0e,0x05,0x38,0x74,0xb1,0xd1,0xd0,0x07,
0x47,0x4b,0x2d,0x2c,0x00,0xf0,0x74,0xbf,0xc3,0x80,0x1d,0x02,0x4b,0x50,0x74,0x07,0xc0,0x00,0xb0,0x07,0x00,0xb4,0x00,0x0b,
0x00,0x00,0x01,0x00,0x00,0x50,0x00,
/* U+6d4b */
0x00,0x00,0x00,0x00,0x01,0x4d,0x01,0x55,0x54,0x00,0xb3,0xd0,0xff,0xff,0x05,0x2c,0x2d,0x38,0x02,0xc3,0x4b,0x02,0x8d,0x14,
0xb0,0xd2,0xc0,0x03,0x4a,0x2c,0x34,0xb0,0x00,0xd2,0x8b,0x0d,0x2e,0x80,0x34,0xa2,0xc3,0x4b,0x78,0x0d,0x28,0xb0,0xd2,0xc7,
0x83,0x4a,0x2c,0x34,0xb0,0x74,0xd2,0x8b,0x0d,0x2c,0x00,0x34,0xa2,0xc3,0x4b,0x00,0x0d,0x28,0xb0,0xd2,0xc0,0x93,0x4e,0x2c,
0x34,0xb0,0x38,0xd3,0x4b,0x0d,0x2c,0x2d,0x34,0xd2,0xc3,0x4b,0x0e,0x04,0x70,0x10,0xd2,0xc7,0x40,0x2c,0x40,0x14,0xb2,0xc0,
0x1e,0x78,0x00,0x2c,0xe0,0x1f,0x0b,0x40,0x0b,0x74,0x2f,0x40,0xb4,0x57,0xdc,0x0e,0x00,0x0a,0x2f,0xe0,0x01,0x00,0x00,0x01,
0x40,
/* U+6d4e */
0x00,0x00,0x00,0x60,0x00,0x02,0x80,0x00,0x07,0x80,0x00,0x2e,0x01,0x55,0x7d,0x55,0x40,0x78,0x3f,0xff,0xff,0xfc,0x01,0xe1,
0x6d,0x55,0x7d,0x40,0x04,0x01,0xe0,0x07,0x40,0x10,0x00,0x0b,0x40,0xf0,0x0b,0x80,0x00,0x2e,0x7c,0x00,0x2e,0x00,0x00,0xbf,
0x40,0x00,0x78,0x01,0x6f,0xfe,0x40,0x02,0x86,0xff,0x41,0xbf,0xe0,0x00,0x79,0x40,0x00,0x5a,0x00,0x00,0x19,0x00,0x24,0x00,
0x04,0x01,0xd0,0x03,0x80,0x01,0xe0,0x1d,0x00,0x38,0x00,0x2d,0x01,0xd0,0x03,0x80,0x07,0x80,0x2c,0x00,0x38,0x00,0xb4,0x02,
0xc0,0x03,0x80,0x0e,0x00,0x78,0x00,0x38,0x02,0xd0,0x0f,0x40,0x03,0x80,0x3c,0x07,0xe0,0x00,0x38,0x07,0x40,0xb4,0x00,0x03,
0x80,0x00,0x00,0x00,0x00,0x14,0x00,
/* U+6d4f */
0x00,0x00,0x50,0x00,0x01,0x8d,0x00,0x2d,0x00,0x00,0xb2,0xd0,0x07,0x80,0x18,0x2c,0x2d,0x00,0xe0,0x0b,0x0b,0x02,0xca,0xbe,
0xa2,0xc2,0xc0,0x13,0xff,0xfc,0xb0,0xb1,0x00,0x00,0x2c,0x2c,0x2e,0xd0,0x00,0x0e,0x0b,0x0b,0x2d,0x02,0x03,0x82,0xc2,0xc2,
0xd1,0xe1,0xd0,0xb0,0xb0,0x24,0x2d,0x74,0x2c,0x2c,0x00,0x03,0xac,0x0b,0x0b,0x00,0x00,0x7e,0x02,0xc2,0xc0,0x24,0x0b,0x40,
0xb0,0xb0,0x2d,0x02,0xe0,0x2c,0x2c,0x0f,0x00,0xfc,0x0b,0x0b,0x07,0x40,0xb7,0x82,0xc2,0xc2,0xc0,0x78,0xb4,0x50,0xb1,0xe0,
0x3c,0x0e,0x00,0x2c,0xb0,0x2d,0x02,0xc0,0x0b,0x38,0x2e,0x00,0x01,0x57,0x9d,0x0e,0x00,0x00,0x7f,0xd0,0x01,0x00,0x00,0x05,
0x40,
/* U+6d51 */
0x2d,0x01,0xaa,0xaa,0xaa,0x91,0xf8,0x1f,0xff,0xff,0xfd,0x02,0xe1,0xc0,0x00,0x01,0xd0,0x0b,0x5c,0x0e,0x00,0x1d,0x00,0x11,
0x41,0xe0,0x00,0x41,0x00,0x05,0x6e,0x55,0x54,0x7d,0x01,0xff,0xff,0xff,0xd1,0xf4,0x00,0xb4,0x00,0x00,0x07,0xd0,0x1e,0x09,
0x00,0x00,0x1d,0x02,0xc0,0xe0,0x00,0x00,0x00,0x78,0x0e,0x00,0x00,0x00,0x0b,0xaa,0xfa,0xa8,0x00,0x64,0x6a,0xaf,0xaa,0x80,
0x0b,0x00,0x00,0xe0,0x00,0x01,0xe0,0x00,0x0e,0x00,0x00,0x2d,0x15,0x55,0xf5,0x55,0x07,0x83,0xff,0xff,0xff,0xf0,0xb4,0x15,
0x55,0xe5,0x55,0x1e,0x00,0x00,0x0e,0x00,0x02,0xd0,0x00,0x00,0xe0,0x00,0x2c,0x00,0x00,0x0e,0x00,0x00,0x00,0x00,0x00,0x50,
0x00,
/* U+6d54 */
0x2d,0x01,0xaa,0xaa,0xaa,0x01,0xf4,0x1f,0xff,0xff,0xf0,0x02,0xe0,0x00,0x00,0x0b,0x00,0x09,0x00,0x00,0x00,0xb0,0x00,0x00,
0xbf,0xff,0xff,0x01,0x00,0x06,0xaa,0xaa,0xf0,0x78,0x00,0x00,0x00,0x0b,0x02,0xe0,0x05,0x55,0x55,0xf0,0x07,0xc1,0xff,0xff,
0xff,0x00,0x18,0x05,0x55,0x55,0x40,0x00,0x00,0x00,0x00,0x38,0x00,0x00,0x15,0x55,0x57,0x94,0x00,0x57,0xff,0xff,0xff,0xe0,
0x0e,0x15,0x55,0x57,0x95,0x02,0xd0,0x10,0x00,0x38,0x00,0x38,0x07,0x80,0x03,0x80,0x0b,0x40,0x1f,0x00,0x38,0x00,0xe0,0x00,
0x7c,0x03,0x80,0x2d,0x00,0x01,0x80,0x38,0x03,0xc0,0x00,0x01,0x5b,0x40,0x74,0x00,0x00,0x2f,0xf0,0x00,0x00,0x00,0x00,0x54,
0x00,
/* U+6d59 */
0x00,0x00,0x50,0x00,0x00,0x02,0x80,0x0e,0x00,0x01,0xac,0x2e,0x00,0xe0,0x2f,0xff,0x80,0xb8,0x0e,0x02,0xe5,0x00,0x02,0xc0,
0xf0,0x2c,0x00,0x00,0x01,0xff,0xf2,0xc0,0x00,0x10,0x05,0xf5,0x2c,0x00,0x0b,0x40,0x0e,0x02,0xc0,0x00,0x3d,0x00,0xe0,0x2e,
0xaa,0xa0,0xb4,0x0e,0x02,0xea,0xfa,0x03,0x40,0xe1,0x2c,0x0e,0x00,0x00,0x0f,0xb2,0xc0,0xe0,0x00,0x06,0xfd,0x28,0x0e,0x00,
0x35,0xff,0x03,0x80,0xe0,0x07,0x59,0xe0,0x38,0x0e,0x00,0xb0,0x0e,0x03,0x40,0xe0,0x0e,0x00,0xe0,0x74,0x0e,0x01,0xe0,0x0e,
0x0b,0x00,0xe0,0x2d,0x00,0xe0,0xe0,0x0e,0x03,0xc0,0x0e,0x1d,0x00,0xe0,0x78,0x05,0xe2,0xc0,0x0e,0x07,0x41,0xfd,0x28,0x00,
0xe0,0x00,0x05,0x00,0x00,0x05,0x00,
/* U+6d5a */
0x00,0x00,0x00,0x50,0x00,0x02,0xc0,0x00,0x2d,0x04,0x00,0x1f,0x40,0x0b,0x80,0xf0,0x00,0x7d,0x02,0xe0,0x07,0xc0,0x00,0xf0,
0xb8,0x55,0xbe,0x00,0x00,0x2f,0xff,0xfa,0xb8,0x10,0x01,0x95,0x40,0x01,0x87,0x80,0x00,0x70,0x1e,0x00,0x2e,0x00,0x2e,0x00,
0xbd,0x00,0x78,0x1b,0x82,0x01,0xf8,0x01,0xdb,0xd0,0xf0,0x02,0xe0,0x00,0x60,0x2d,0x00,0x04,0x00,0x00,0x0b,0xea,0xa9,0x00,
0x0d,0x02,0xfa,0xab,0xd0,0x01,0xd1,0xfd,0x00,0x38,0x00,0x3c,0xbd,0xf0,0x0b,0x40,0x07,0x82,0x03,0x82,0xe0,0x00,0xb0,0x00,
0x1f,0xb8,0x00,0x0e,0x00,0x00,0xbf,0x00,0x02,0xd0,0x00,0x7e,0xbe,0x40,0x3c,0x06,0xbe,0x40,0xbf,0x92,0x40,0xbe,0x40,0x00,
0x6f,
/* U+6d60 */
0x00,0x00,0x00,0x00,0x05,0x02,0xc0,0x0b,0x90,0x02,0xe0,0x1f,0x40,0x2f,0xd2,0xf4,0x00,0x7d,0x00,0x1b,0xf8,0x00,0x00,0x90,
0x06,0xff,0xd0,0x00,0x00,0x1b,0xf9,0x1f,0xd0,0x10,0x07,0xe4,0xd0,0x1f,0x87,0x80,0x10,0x1d,0x00,0x24,0x2e,0x05,0x57,0xd5,
0x55,0x50,0xb9,0xff,0xff,0xff,0xff,0x02,0x85,0x5f,0x55,0x55,0x50,0x00,0x02,0xd1,0x90,0x00,0x00,0x00,0x78,0x1d,0x00,0x00,
0x24,0x1f,0xaa,0xea,0xa4,0x03,0x87,0xff,0xff,0xff,0x80,0x75,0xf7,0x41,0xd0,0x38,0x0b,0x1c,0x74,0x1d,0x03,0x80,0xe0,0x07,
0x41,0xd0,0x38,0x1d,0x00,0x74,0x1d,0x03,0x82,0xc0,0x07,0x41,0xd5,0x78,0x38,0x00,0x74,0x1d,0x7f,0x42,0x40,0x01,0x01,0xd0,
0x00,0x00,0x00,0x00,0x04,0x00,0x00,
/* U+6d66 */
0x00,0x00,0x00,0x14,0x14,0x02,0x80,0x00,0x03,0xc2,0xd0,0x2f,0x00,0x00,0x3c,0x0b,0x00,0x7d,0x6a,0xab,0xea,0xba,0x01,0xe7,
0xff,0xff,0xff,0xe0,0x04,0x00,0x03,0xc0,0x00,0x10,0x00,0x00,0x3c,0x00,0x07,0x80,0x1a,0xab,0xea,0xa4,0x2e,0x01,0xea,0xbe,
0xab,0x80,0xb8,0x1d,0x03,0xc0,0x38,0x02,0x81,0xd0,0x3c,0x03,0x80,0x00,0x1e,0xab,0xea,0xb8,0x00,0x01,0xff,0xff,0xff,0x80,
0x09,0x1d,0x03,0xc0,0x38,0x01,0xe1,0xd0,0x3c,0x03,0x80,0x2c,0x1d,0x57,0xd5,0x78,0x07,0x81,0xff,0xff,0xff,0x80,0xb4,0x1d,
0x03,0xc0,0x78,0x0f,0x01,0xd0,0x3c,0x03,0x82,0xd0,0x1d,0x03,0xc0,0x38,0x3c,0x01,0xd0,0x3c,0x5b,0x47,0x80,0x1d,0x03,0xcb,
0xf0,0x00,0x01,0x40,0x14,0x14,0x00,
/* U+6d69 */
0x00,0x00,0x00,0x09,0x00,0x02,0xc0,0x02,0x81,0xd0,0x00,0x1f,0x40,0x38,0x1d,0x00,0x00,0x7d,0x07,0x41,0xd0,0x00,0x01,0xd0,
0xbf,0xff,0xff,0x80,0x00,0x1e,0xaa,0xea,0xa8,0x10,0x02,0xc0,0x1d,0x00,0x07,0x80,0x38,0x01,0xd0,0x00,0x2e,0x00,0x00,0x1d,
0x00,0x00,0xb8,0x55,0x56,0xe5,0x55,0x02,0x87,0xff,0xff,0xff,0xf0,0x00,0x15,0x55,0x55,0x54,0x00,0x00,0x00,0x00,0x00,0x00,
0x09,0x06,0xaa,0xaa,0xa0,0x02,0xd0,0x7f,0xff,0xff,0x40,0x3c,0x07,0x40,0x00,0xb4,0x07,0x80,0x74,0x00,0x0b,0x40,0xb4,0x07,
0x40,0x00,0xb4,0x0e,0x00,0x74,0x00,0x0b,0x41,0xd0,0x07,0x55,0x55,0xb4,0x3c,0x00,0x7f,0xff,0xff,0x43,0x80,0x07,0x55,0x55,
0xb4,0x00,0x00,0x50,0x00,0x05,0x00,
/* U+6d6a */
0x00,0x00,0x00,0x90,0x00,0x02,0xd0,0x00,0x0f,0x00,0x00,0x1f,0x40,0xaa,0xba,0xa9,0x00,0x7e,0x0f,0xff,0xff,0xe0,0x00,0xb4,
0xe0,0x00,0x0e,0x00,0x01,0x0e,0x00,0x00,0xe0,0x10,0x00,0xe5,0x55,0x5e,0x07,0x80,0x0f,0xff,0xff,0xe0,0x2f,0x40,0xe5,0x55,
0x5e,0x00,0x7d,0x0e,0x00,0x00,0xe0,0x01,0xd0,0xe5,0x55,0x5e,0x00,0x00,0x0f,0xff,0xff,0xe0,0x00,0x00,0xe5,0x6d,0x55,0x00,
0x06,0x0e,0x01,0xd0,0x00,0x00,0xb0,0xe0,0x0f,0x02,0xc0,0x1e,0x0e,0x00,0xb5,0xb8,0x02,0xc0,0xe0,0x03,0xfd,0x00,0x78,0x0e,
0x00,0x1f,0x00,0x0b,0x40,0xe0,0x00,0xb8,0x01,0xe0,0x0e,0x1a,0x82,0xe0,0x2d,0x02,0xff,0xe4,0x0b,0xd2,0x80,0x2e,0x90,0x00,
0x1e,
/* U+6d6e */
0x00,0x00,0x00,0x00,0x05,0x03,0x80,0x15,0x5a,0xaf,0xf8,0x2e,0x03,0xff,0xfe,0x94,0x00,0x78,0x00,0x00,0x00,0x24,0x01,0xe1,
0x80,0xb0,0x07,0x40,0x04,0x1d,0x07,0x40,0xa0,0x10,0x00,0xa0,0x2c,0x1d,0x0b,0x80,0x07,0x01,0x82,0x80,0x2e,0x00,0x55,0x55,
0x55,0x00,0xb8,0x0f,0xff,0xff,0xf0,0x02,0x80,0x55,0x55,0x7d,0x00,0x00,0x00,0x00,0x1e,0x00,0x00,0x00,0x00,0x0f,0x80,0x00,
0x19,0x00,0x00,0xe0,0x00,0x02,0xc6,0xaa,0xaf,0xaa,0xa0,0x38,0x7f,0xff,0xff,0xff,0x07,0x40,0x00,0x0e,0x00,0x00,0xf0,0x00,
0x00,0xe0,0x00,0x1e,0x00,0x00,0x0e,0x00,0x02,0xc0,0x00,0x00,0xe0,0x00,0x38,0x00,0x05,0x6d,0x00,0x07,0x40,0x00,0xff,0x80,
0x00,
/* U+6d77 */
0x00,0x00,0x24,0x00,0x00,0x03,0x80,0x07,0x80,0x00,0x00,0x2e,0x00,0xfa,0xaa,0xaa,0x90,0x7c,0x1f,0xff,0xff,0xfd,0x01,0x87,
0xc0,0x00,0x00,0x00,0x00,0xf4,0x00,0x00,0x00,0x00,0x1e,0xff,0xff,0xff,0x47,0x40,0x4e,0x55,0x55,0xb0,0x2e,0x01,0xd0,0xe0,
0x0b,0x00,0xb8,0x1d,0x07,0x80,0xb0,0x02,0x41,0xd0,0x1d,0x0b,0x00,0x01,0xae,0xaa,0xaa,0xba,0x00,0x3f,0xff,0xff,0xff,0xf0,
0x00,0x2c,0x04,0x00,0xb0,0x02,0xd2,0xc1,0xe0,0x0b,0x00,0x38,0x38,0x07,0xc0,0xe0,0x07,0x43,0x80,0x18,0x0e,0x00,0xf0,0x7a,
0xaa,0xaa,0xf9,0x1e,0x07,0xff,0xff,0xff,0xe2,0xc0,0x00,0x00,0x01,0xd0,0x78,0x00,0x00,0x01,0x7c,0x07,0x40,0x00,0x07,0xff,
0x40,0x00,0x00,0x00,0x15,0x40,0x00,
/* U+6d82 */
0x00,0x00,0x00,0x14,0x00,0x02,0x80,0x00,0x0f,0xd0,0x00,0x2f,0x00,0x02,0xef,0x40,0x00,0x7d,0x00,0xb4,0x7c,0x00,0x01,0xe0,
0x2e,0x01,0xf4,0x00,0x04,0x1f,0x80,0x07,0xe0,0x10,0x07,0xd0,0x00,0x1b,0xd7,0x80,0xf6,0xff,0xff,0x1e,0x2e,0x04,0x1a,0xbe,
0xa0,0x00,0x7d,0x00,0x03,0x80,0x00,0x01,0xc0,0x00,0x38,0x00,0x00,0x00,0x6a,0xab,0xea,0xa4,0x00,0x07,0xff,0xff,0xff,0xc0,
0x0d,0x00,0x03,0x80,0x00,0x02,0xd0,0x00,0x38,0x00,0x00,0x3c,0x07,0x43,0x87,0x40,0x07,0x40,0xb0,0x38,0x2c,0x00,0xb0,0x1e,
0x03,0x80,0xe0,0x1e,0x03,0xc0,0x38,0x07,0x42,0xd0,0xb4,0x03,0x80,0x3c,0x3c,0x0a,0x05,0xb8,0x01,0x86,0x40,0x00,0xff,0x40,
0x00,0x00,0x00,0x05,0x40,0x00,0x00,
/* U+6d89 */
0x00,0x00,0x00,0x09,0x00,0x02,0xd0,0x00,0x00,0xe0,0x00,0x1f,0x80,0x14,0x0e,0x00,0x00,0x2e,0x02,0x80,0xff,0xf8,0x00,0xb0,
0x28,0x0f,0xaa,0x80,0x00,0x02,0x80,0xe0,0x00,0x10,0x00,0x28,0x0e,0x00,0x07,0x80,0x17,0xd5,0xe5,0x55,0x2e,0x07,0xff,0xff,
0xff,0xf0,0x7d,0x15,0x55,0x55,0x55,0x01,0xd0,0x00,0x1d,0x00,0x00,0x00,0x00,0x81,0xd0,0x04,0x00,0x00,0x2c,0x1d,0x02,0xd0,
0x06,0x03,0x81,0xd0,0x78,0x00,0xf0,0xb0,0x1d,0x0f,0x00,0x1d,0x2d,0x01,0xd2,0xd0,0x03,0xc7,0x80,0x19,0xf8,0x00,0xb4,0x10,
0x00,0x7d,0x00,0x0f,0x00,0x00,0x6f,0x40,0x02,0xd0,0x00,0x6f,0x80,0x00,0x3c,0x05,0xbf,0x80,0x00,0x07,0x40,0xbe,0x40,0x00,
0x00,0x00,0x01,0x00,0x00,0x00,0x00,
/* U+6d9e */
0x00,0x00,0x00,0x14,0x00,0x02,0xd0,0x00,0x02,0xc0,0x00,0x1f,0x80,0x00,0x2c,0x00,0x00,0x2e,0x1a,0xab,0xea,0xa8,0x00,0xb5,
0xff,0xff,0xff,0x80,0x01,0x00,0x02,0xc0,0x00,0x10,0x00,0x10,0x2c,0x05,0x07,0x80,0x0b,0x02,0xc0,0xe0,0x1f,0x40,0x38,0x2c,
0x1d,0x00,0x7d,0x01,0xd2,0xc3,0x80,0x01,0xd0,0x09,0x2c,0x74,0x00,0x00,0x7f,0xff,0xff,0xfd,0x00,0x02,0xaa,0xff,0xaa,0x90,
0x09,0x00,0x3a,0xec,0x00,0x01,0xd0,0x0b,0x6c,0xe0,0x00,0x3c,0x01,0xe2,0xc7,0x40,0x07,0x80,0x78,0x2c,0x2d,0x00,0xb4,0x1f,
0x02,0xc0,0xb4,0x0e,0x0b,0xc0,0x2c,0x02,0xd2,0xd1,0xe0,0x02,0xc0,0x0b,0x3c,0x04,0x00,0x2c,0x00,0x07,0x80,0x00,0x02,0xc0,
0x00,0x00,0x00,0x00,0x14,0x00,0x00,
/* U+6d9f */
0x00,0x00,0x00,0x01,0x40,0x03,0x80,0x60,0x00,0x38,0x00,0x2e,0x07,0x80,0x07,0x40,0x00,0x7c,0x1f,0x2f,0xff,0xfc,0x01,0xd0,
0x75,0xae,0xaa,0x80,0x00,0x00,0x01,0xc0,0x00,0x10,0x00,0x00,0x38,0xb0,0x07,0x80,0x00,0x07,0x4b,0x00,0x2e,0x0a,0xa0,0xe0,
0xb0,0x00,0xb8,0xff,0x5f,0xff,0xf8,0x02,0x40,0x74,0xaa,0xfa,0x40,0x00,0x07,0x40,0x0b,0x00,0x00,0x00,0x74,0x00,0xb0,0x00,
0x09,0x07,0x55,0x5f,0x55,0x01,0xd0,0x76,0xff,0xff,0xd0,0x3c,0x07,0x40,0x0b,0x00,0x07,0x40,0x74,0x00,0xb0,0x00,0xf0,0x07,
0x40,0x0b,0x00,0x1e,0x01,0xf8,0x00,0xb0,0x03,0xc0,0x7e,0xe4,0x05,0x00,0x78,0x1f,0x07,0xfa,0xaa,0xa7,0x01,0xc0,0x06,0xbf,
0xfe,
/* U+6da1 */
0x2d,0x00,0xaa,0xaa,0xa9,0x07,0xd0,0x2f,0xff,0xff,0x80,0x7d,0x0b,0x00,0x00,0xe0,0x02,0x42,0xc0,0x00,0x38,0x00,0x00,0xb0,
0x00,0x0e,0x04,0x00,0x2e,0xaa,0xab,0x87,0x80,0x0b,0xff,0xff,0xe0,0xb8,0x00,0x00,0xf0,0x00,0x0b,0x80,0x00,0x38,0x00,0x00,
0xa0,0x55,0x5f,0x55,0x50,0x00,0x3f,0xff,0xff,0xfc,0x00,0x0f,0x56,0xe5,0x5b,0x01,0xd3,0x80,0xb8,0x02,0xc0,0xb0,0xe0,0x3f,
0x80,0xb0,0x38,0x38,0x2d,0x78,0x2c,0x1d,0x0e,0x1e,0x0b,0x4b,0x0b,0x03,0x9f,0x40,0xb6,0xc3,0x80,0xe2,0x00,0x04,0xb2,0xd0,
0x38,0x00,0x00,0x2c,0xf0,0x0e,0x00,0x01,0x5f,0x28,0x03,0x80,0x00,0xbf,0x80,0x00,0x50,0x00,0x15,0x00,
/* U+6da6 */
0x00,0x00,0x40,0x00,0x00,0x0b,0x40,0x78,0x06,0xaa,0xa1,0xf4,0x07,0xc2,0xff,0xfc,0x0f,0x40,0x7c,0x00,0x0b,0x00,0x92,0x45,
0x00,0x02,0xc0,0x01,0xe0,0x00,0x00,0xb1,0x00,0x78,0xaa,0xa9,0x2d,0xe0,0x1e,0x3f,0xff,0x8b,0x2e,0x07,0x80,0x38,0x02,0xc2,
0xe1,0xe0,0x0e,0x00,0xb0,0x28,0x78,0x03,0x80,0x2c,0x00,0x1e,0x1a,0xfa,0x4b,0x00,0x07,0x86,0xbe,0x92,0xc0,0x75,0xe0,0x0e,
0x00,0xb0,0x2c,0x78,0x03,0x80,0x2c,0x0e,0x1e,0x00,0xe0,0x0b,0x07,0x47,0x85,0x7d,0x52,0xc2,0xc1,0xe7,0xff,0xfc,0xb0,0xe0,
0x78,0x00,0x00,0x2c,0xb4,0x1e,0x00,0x00,0x0b,0x3c,0x07,0x80,0x00,0x57,0xca,0x01,0xe0,0x00,0x2f,0xd0,0x00,0x10,0x00,0x01,
0x40,
/* U+6da7 */
0x00,0x00,0x40,0x00,0x00,0x0b,0x40,0x7c,0x0a,0xaa,0xa1,0xf4,0x07,0xd2,0xff,0xfc,0x1f,0x40,0x7c,0x00,0x0b,0x00,0x91,0x45,
0x00,0x02,0xc0,0x01,0xe0,0x00,0x00,0xb1,0x00,0x78,0x6a,0xa9,0x2d,0xe0,0x1e,0x1e,0xab,0x4b,0x2e,0x07,0x87,0x01,0xd2,0xc2,
0xe1,0xe1,0xc0,0x74,0xb0,0x28,0x78,0x70,0x1d,0x2c,0x00,0x1e,0x1e,0xab,0x4b,0x00,0x07,0x87,0xab,0xd2,0xc0,0x75,0xe1,0xc0,
0x74,0xb0,0x2d,0x78,0x70,0x1d,0x2c,0x0e,0x1e,0x1c,0x07,0x4b,0x07,0x47,0x87,0x96,0xd2,0xc2,0xc1,0xe1,0xff,0xf4,0xb0,0xe0,
0x78,0x00,0x00,0x2c,0x74,0x1e,0x00,0x00,0x0b,0x2c,0x07,0x80,0x00,0x07,0xca,0x01,0xe0,0x00,0x1f,0xe0,0x00,0x14,0x00,0x01,
0x40,
/* U+6daa */
0x00,0x00,0x00,0x60,0x00,0x03,0x80,0x00,0x07,0x40,0x00,0x2e,0x01,0x55,0x79,0x55,0x40,0xb8,0x7f,0xff,0xff,0xfc,0x02,0xd1,
0x55,0x55,0x55,0x40,0x04,0x01,0x40,0x01,0x80,0x10,0x00,0x3c,0x00,0x3c,0x0b,0x40,0x01,0xd0,0x07,0x80,0x3d,0x00,0x0e,0x00,
0xb0,0x00,0xb8,0x6a,0xba,0xaf,0xa9,0x02,0x8b,0xff,0xff,0xff,0xe0,0x00,0x00,0x00,0x00,0x00,0x00,0x00,0x00,0x00,0x00,0x00,
0x09,0x0a,0xaa,0xaa,0xa0,0x01,0xd0,0xbf,0xff,0xff,0x00,0x3c,0x0b,0x00,0x00,0xb0,0x07,0x80,0xb0,0x00,0x0b,0x00,0xf0,0x0b,
0x00,0x00,0xb0,0x1e,0x00,0xb0,0x00,0x0b,0x03,0xc0,0x0b,0xaa,0xaa,0xf0,0x78,0x00,0xbf,0xff,0xff,0x07,0x40,0x0b,0x00,0x00,
0xb0,0x00,0x00,0x50,0x00,0x05,0x00,
/* U+6daf */
0x2d,0x01,0xaa,0xaa,0xaa,0x91,0xf4,0x2f,0xff,0xff,0xfe,0x07,0xd2,0xd0,0x01,0x40,0x00,0x09,0x2d,0x00,0x38,0x00,0x00,0x02,
0xd0,0x03,0x80,0x01,0x00,0x2d,0x2f,0xff,0xf8,0x78,0x02,0xd2,0xab,0xea,0x82,0xe0,0x2d,0x00,0x38,0x00,0x07,0x82,0xd0,0x03,
0x80,0x00,0x18,0x2c,0x6a,0xbe,0xa9,0x00,0x02,0xcb,0xff,0xff,0xd0,0x00,0x2c,0x00,0x14,0x00,0x01,0xd2,0x80,0x03,0x80,0x00,
0x2c,0x38,0x00,0x38,0x00,0x03,0x83,0x82,0xab,0xea,0x80,0x74,0x74,0x3f,0xff,0xfc,0x0b,0x0b,0x40,0x03,0x80,0x00,0xe0,0xa0,
0x00,0x38,0x00,0x2d,0x0d,0x00,0x03,0x80,0x03,0xc2,0xc1,0xff,0xff,0xfe,0x28,0x28,0x1a,0xaa,0xaa,0xa0,
/* U+6db5 */
0x3c,0x00,0x6a,0xaa,0xa8,0x01,0xf4,0x0b,0xff,0xff,0xd0,0x03,0xd0,0x00,0x00,0xb8,0x00,0x0e,0x00,0x00,0x2d,0x00,0x00,0x00,
0x00,0x1f,0x40,0x01,0x00,0x51,0x02,0xc1,0x58,0xb8,0x0b,0x38,0x2c,0x39,0xd2,0xe0,0xb1,0xd2,0xcb,0x1d,0x0b,0x8b,0x0b,0x2d,
0xd1,0xd0,0x28,0xb0,0x27,0xc4,0x1d,0x00,0x0b,0x00,0xfe,0x01,0xd0,0x00,0xb0,0x2a,0xf8,0x1d,0x01,0xdb,0x0b,0x2d,0xe1,0xd0,
0x2c,0xb2,0xc2,0xc7,0x9d,0x03,0x8b,0x74,0x2c,0x2e,0xd0,0xb4,0xb1,0x03,0xc0,0x5d,0x0f,0x0b,0x07,0xf8,0x01,0xd1,0xd0,0xb0,
0x29,0x00,0x1d,0x2c,0x0b,0x55,0x55,0x56,0xd7,0x80,0xbf,0xff,0xff,0xfd,0x74,0x00,0x00,0x00,0x01,0xd0,0x00,0x00,0x00,0x00,
0x04,
/* U+6dbf */
0x28,0x01,0x55,0x55,0x55,0x52,0xf0,0x7f,0xff,0xff,0xfe,0x07,0xd1,0x55,0xf5,0x55,0x50,0x1e,0x00,0x3d,0x00,0x00,0x00,0x00,
0x0f,0x40,0x01,0x41,0x00,0x0b,0xf8,0x00,0x7c,0xb4,0x0b,0xe1,0xe0,0x2e,0x02,0xe0,0x64,0x0b,0x5f,0x80,0x0b,0x80,0x41,0xff,
0xf4,0x00,0x2c,0x1d,0x7e,0xe3,0x80,0x00,0x00,0xbe,0x1e,0x2c,0x00,0x00,0x6f,0xc0,0xe1,0xd0,0x01,0xdb,0x9d,0x1f,0x0d,0x00,
0x2c,0x00,0x97,0xf0,0xa0,0x03,0x80,0x02,0xeb,0x07,0x40,0xb4,0x00,0xb8,0x74,0x3c,0x0f,0x00,0xbe,0x07,0x41,0xd1,0xd0,0x7e,
0x40,0x74,0x0b,0x2c,0x1f,0x40,0x0b,0x00,0x53,0x80,0x40,0x16,0xf0,0x00,0x74,0x00,0x03,0xfd,0x00,0x00,
/* U+6dc0 */
0x00,0x00,0x00,0x50,0x00,0x02,0x40,0x00,0x0b,0x00,0x00,0x2e,0x00,0x00,0x78,0x00,0x00,0xb8,0x7f,0xff,0xff,0xfc,0x02,0xd7,
0xaa,0xaa,0xab,0xc0,0x04,0x70,0x00,0x00,0x2c,0x00,0x07,0x00,0x00,0x02,0xc7,0x40,0x75,0x55,0x55,0x6c,0x7d,0x01,0xff,0xff,
0xff,0x00,0xb4,0x05,0x56,0xd5,0x50,0x02,0xc0,0x00,0x2c,0x00,0x00,0x00,0x01,0x02,0xc0,0x00,0x00,0x00,0x74,0x2c,0x00,0x00,
0x08,0x0b,0x02,0xea,0xa0,0x01,0xd0,0xb0,0x2e,0xaa,0x00,0x3c,0x0e,0x02,0xc0,0x00,0x07,0x81,0xf0,0x2c,0x00,0x00,0xf0,0x2f,
0x82,0xc0,0x00,0x1e,0x07,0x9e,0x2c,0x00,0x03,0xd0,0xb4,0x7f,0xc0,0x00,0x78,0x1e,0x01,0xbe,0xa5,0x67,0x42,0xd0,0x01,0xbf,
0xff,
/* U+6dc4 */
0x00,0x00,0x14,0x05,0x01,0x0b,0x40,0x0f,0x03,0xc0,0xe1,0xf4,0x07,0x42,0xd0,0xb4,0x1f,0x43,0x81,0xe0,0x78,0x00,0xf2,0xd0,
0xb0,0x3c,0x00,0x00,0xe0,0x38,0x1e,0x01,0x00,0x2d,0x0b,0x42,0xd1,0xe0,0x03,0xc0,0xf0,0x3c,0x2e,0x00,0x78,0x1e,0x07,0x81,
0xf0,0x0a,0x02,0x80,0xa0,0x1d,0x00,0x00,0x00,0x00,0x00,0x07,0xff,0xff,0xfe,0x00,0x01,0xea,0xae,0xab,0x80,0x34,0x74,0x0b,
0x00,0xe0,0x1d,0x1d,0x02,0xc0,0x38,0x0f,0x07,0xaa,0xba,0xae,0x07,0x41,0xff,0xff,0xff,0x82,0xc0,0x74,0x0b,0x00,0xe1,0xe0,
0x1d,0x02,0xc0,0x38,0xb0,0x07,0x40,0xb0,0x0e,0x38,0x01,0xff,0xff,0xff,0x9d,0x00,0x79,0x55,0x55,0xe0,0x00,0x04,0x00,0x00,
0x14,
/* U+6dc5 */
0x00,0x00,0x90,0x00,0x00,0x47,0x40,0x0e,0x00,0x05,0xbd,0x2e,0x00,0xe0,0x1f,0xfe,0x40,0xb8,0x0e,0x02,0xd4,0x00,0x02,0xc0,
0xe0,0x2c,0x00,0x00,0x02,0xff,0xf6,0xc0,0x00,0x00,0x1a,0xfa,0x6c,0x00,0x0b,0x40,0x1e,0x02,0xc0,0x00,0x7d,0x02,0xe0,0x2f,
0xff,0xf0,0xf4,0x3f,0x42,0xd6,0xe5,0x03,0x87,0xfd,0x2c,0x0d,0x00,0x00,0xae,0xb2,0xc0,0xd0,0x00,0x1c,0xe3,0xa8,0x0d,0x00,
0x03,0x8e,0x13,0x80,0xd0,0x0b,0x74,0xe0,0x38,0x0d,0x00,0xe2,0x0e,0x07,0x40,0xd0,0x1d,0x00,0xe0,0x74,0x0d,0x02,0xc0,0x0e,
0x0b,0x00,0xd0,0x38,0x00,0xe0,0xe0,0x0d,0x07,0x40,0x0e,0x2d,0x00,0xd0,0xb0,0x00,0xe3,0xc0,0x0d,0x0a,0x00,0x0e,0x24,0x00,
0xd0,0x00,0x00,0x50,0x00,0x04,0x00,
/* U+6dc7 */
0x00,0x00,0x18,0x00,0x14,0x02,0x80,0x02,0xc0,0x02,0xc0,0x2e,0x00,0x2c,0x00,0x2c,0x00,0xb8,0x6b,0xea,0xab,0xe8,0x01,0xe6,
0xbe,0xaa,0xbe,0x80,0x04,0x02,0xc0,0x02,0xc0,0x00,0x00,0x2c,0x00,0x2c,0x0b,0x40,0x02,0xea,0xab,0xc0,0x7d,0x00,0x2f,0xff,
0xfc,0x00,0xb8,0x02,0xc0,0x02,0xc0,0x02,0x80,0x2c,0x00,0x2c,0x00,0x00,0x02,0xea,0xab,0xc0,0x00,0x00,0x2e,0xaa,0xbc,0x00,
0x18,0x02,0xc0,0x02,0xc0,0x02,0xc0,0x2c,0x00,0x2c,0x00,0x38,0x6b,0xea,0xab,0xe9,0x0b,0x4b,0xff,0xff,0xff,0xe0,0xf0,0x00,
0x00,0x04,0x00,0x1e,0x00,0x0b,0x41,0xe4,0x02,0xc0,0x06,0xe0,0x07,0xe0,0x38,0x02,0xf4,0x00,0x0b,0x87,0x40,0xb8,0x00,0x00,
0x1e,0x00,0x01,0x00,0x00,0x00,0x40,
/* U+6dd6 */
0x00,0x00,0x00,0x60,0x00,0x01,0xd0,0x00,0x0b,0x00,0x00,0x1f,0x40,0x00,0xbf,0xff,0xc0,0x2e,0x00,0x0b,0xaa,0xa8,0x00,0xa0,
0x00,0xb0,0x00,0x00,0x00,0x0a,0xaf,0xaa,0xa0,0x10,0x00,0xfa,0xaa,0xaf,0x07,0x80,0x0e,0x00,0x00,0xb0,0x2e,0x00,0xe0,0x00,
0x0b,0x00,0x7c,0x0f,0xff,0xff,0xf0,0x01,0xc0,0xe5,0x55,0x5b,0x00,0x00,0x0e,0x00,0x00,0xb0,0x00,0x00,0xe5,0x55,0x5b,0x00,
0x0e,0x0f,0xff,0xff,0xf0,0x01,0xd0,0x00,0x38,0x00,0x00,0x2c,0x00,0x03,0x80,0x00,0x07,0x86,0xaa,0xbe,0xaa,0x90,0xb4,0xbf,
0xff,0xff,0xfe,0x0e,0x00,0x00,0x38,0x00,0x02,0xd0,0x00,0x03,0x80,0x00,0x3c,0x00,0x00,0x38,0x00,0x02,0x80,0x00,0x03,0x80,
0x00,0x00,0x00,0x00,0x14,0x00,0x00,
/* U+6dde */
0x00,0x00,0x50,0x00,0x00,0x01,0x00,0x0b,0x00,0x60,0x90,0x78,0x00,0xb0,0x0b,0x0e,0x01,0xe0,0x0b,0x00,0xb0,0xa0,0x07,0x80,
0xb0,0x0e,0x07,0x00,0x12,0xaf,0xa1,0xd0,0x74,0x00,0x2f,0xff,0x1d,0x03,0x85,0x00,0x0f,0x02,0xc0,0x2c,0xb4,0x02,0xf0,0x78,
0x01,0xd2,0xe0,0x3f,0x4b,0x4a,0x0e,0x0b,0x07,0xbc,0xa0,0xe0,0x70,0x00,0x9b,0xa5,0x1d,0x01,0x00,0x1c,0xb3,0x82,0xc0,0x00,
0x03,0x8b,0x10,0x38,0x00,0x05,0x70,0xb0,0x03,0x58,0x00,0xb2,0x0b,0x00,0x74,0xd0,0x0e,0x00,0xb0,0x0b,0x0a,0x01,0xd0,0x0b,
0x00,0xd0,0x70,0x2c,0x00,0xb0,0x2c,0x03,0x43,0x80,0x0b,0x03,0x85,0xb8,0x74,0x00,0xb0,0xbf,0xfa,0xcb,0x00,0x0b,0x06,0x90,
0x0d,0x10,0x00,0x50,0x00,0x00,0x00,
/* U+6dee */
0x00,0x00,0x14,0x09,0x00,0x02,0x80,0x03,0xc0,0xe0,0x00,0x2e,0x00,0x78,0x0b,0x00,0x00,0x78,0x0b,0x40,0x74,0x00,0x01,0xe0,
0xf5,0x57,0x95,0x50,0x09,0x1f,0xff,0xff,0xfd,0x10,0x03,0xe5,0x57,0x95,0x4b,0x40,0xbe,0x00,0x38,0x00,0x2d,0x1f,0xe0,0x03,
0x80,0x00,0xb6,0xde,0xaa,0xba,0xa4,0x02,0x95,0xff,0xff,0xff,0x80,0x00,0x1e,0x00,0x78,0x00,0x00,0x01,0xe0,0x03,0x80,0x00,
0x18,0x1e,0x00,0x38,0x00,0x02,0xc1,0xfa,0xab,0xea,0x80,0x38,0x1f,0xff,0xff,0xf8,0x0b,0x41,0xe0,0x03,0x80,0x00,0xf0,0x1e,
0x00,0x38,0x00,0x1e,0x01,0xe0,0x03,0x80,0x02,0xc0,0x1e,0x55,0xb9,0x55,0x38,0x01,0xff,0xff,0xff,0xe7,0x40,0x1e,0x00,0x00,
0x00,0x10,0x00,0x50,0x00,0x00,0x00,
/* U+6df1 */
0x28,0x01,0xaa,0xaa,0xaa,0x81,0xf4,0x1f,0xff,0xff,0xfc,0x07,0xd1,0xd0,0x00,0x02,0xc0,0x0b,0x5d,0x04,0x14,0x2c,0x00,0x11,
0xd2,0xc3,0xd2,0x81,0x00,0x00,0x74,0x0f,0x40,0x78,0x00,0x1e,0x00,0x3c,0x02,0xf0,0x0b,0x80,0x01,0xf0,0x07,0xc0,0xe0,0x18,
0x06,0x00,0x1d,0x00,0x02,0xc0,0x00,0x00,0x00,0x00,0x2c,0x00,0x00,0x00,0x3f,0xff,0xff,0xfd,0x00,0x61,0x56,0xee,0xe5,0x50,
0x0f,0x00,0x36,0xcd,0x00,0x01,0xd0,0x0a,0x2c,0x74,0x00,0x2c,0x02,0xc2,0xc2,0x80,0x07,0x40,0xb4,0x2c,0x1e,0x00,0xb0,0x2d,
0x02,0xc0,0x7d,0x1e,0x0f,0x40,0x2c,0x01,0xf2,0xc0,0x90,0x02,0xc0,0x05,0x28,0x00,0x00,0x2c,0x00,0x00,0x00,0x00,0x01,0x40,
0x00,
/* U+6df3 */
0x00,0x00,0x00,0xa0,0x00,0x02,0xd0,0x00,0x07,0x80,0x00,0x1f,0x43,0xff,0xff,0xff,0xe0,0x7d,0x2a,0xaa,0xaa,0xa9,0x00,0x90,
0x00,0x00,0x00,0x00,0x00,0x06,0xaa,0xaa,0xa0,0x10,0x00,0x7a,0xaa,0xaf,0x07,0x80,0x07,0x40,0x00,0xf0,0x2e,0x00,0x74,0x00,
0x0f,0x00,0x78,0x07,0xff,0xff,0xf0,0x01,0x80,0x15,0x55,0x55,0x00,0x00,0x00,0x00,0x00,0x00,0x00,0x01,0xff,0xff,0xff,0x00,
0x1d,0x05,0x55,0x5b,0xd0,0x02,0xc0,0x00,0x07,0xe0,0x00,0x38,0x00,0x01,0xe0,0x00,0x07,0x4b,0xff,0xff,0xff,0xf0,0xb0,0x6a,
0xaa,0xfa,0xaa,0x0e,0x00,0x00,0x0e,0x00,0x02,0xd0,0x00,0x00,0xe0,0x00,0x3c,0x00,0x05,0x6e,0x00,0x02,0x80,0x00,0x7f,0xd0,
0x00,0x00,0x00,0x01,0x50,0x00,0x00,
/* U+6e05 */
0x00,0x00,0x00,0x28,0x00,0x01,0xd0,0x00,0x03,0xc0,0x00,0x1f,0x43,0xff,0xff,0xff,0xd0,0x2e,0x15,0x57,0xd5,0x54,0x00,0x90,
0x00,0x3c,0x00,0x00,0x00,0x0f,0xff,0xff,0xf4,0x10,0x00,0x55,0x7d,0x55,0x07,0x80,0x00,0x03,0xc0,0x00,0x2e,0x0b,0xff,0xff,
0xff,0xf0,0x7c,0x55,0x55,0x55,0x55,0x01,0xc0,0x00,0x00,0x00,0x00,0x00,0x0b,0xff,0xff,0xe0,0x00,0x00,0xb5,0x55,0x5e,0x00,
0x09,0x0b,0x00,0x00,0xe0,0x02,0xd0,0xbf,0xff,0xfe,0x00,0x38,0x0b,0x55,0x55,0xe0,0x07,0x40,0xb0,0x00,0x0e,0x00,0xb0,0x0b,
0xaa,0xaa,0xe0,0x0e,0x00,0xba,0xaa,0xae,0x02,0xd0,0x0b,0x00,0x00,0xe0,0x3c,0x00,0xb0,0x01,0x5e,0x02,0x80,0x0b,0x00,0x2f,
0xd0,0x00,0x00,0x50,0x00,0x50,0x00,
/* U+6e0c */
0x2c,0x00,0x6a,0xaa,0xa4,0x01,0xf4,0x0b,0xff,0xff,0x80,0x07,0xd0,0x00,0x00,0x38,0x00,0x1d,0x00,0x00,0x03,0x80,0x00,0x00,
0x3f,0xff,0xf8,0x01,0x00,0x02,0xaa,0xab,0x80,0x78,0x00,0x00,0x00,0x74,0x02,0xe0,0x15,0x55,0x5b,0x95,0x0b,0x87,0xff,0xff,
0xff,0xe0,0x28,0x15,0x57,0x95,0x54,0x00,0x01,0x40,0x38,0x02,0x00,0x00,0x2e,0x03,0x80,0xb4,0x01,0xd0,0xb8,0x7d,0x2e,0x00,
0x2d,0x01,0x5f,0xfb,0x80,0x03,0x80,0x07,0xba,0xe0,0x00,0x74,0x01,0xe3,0x8b,0x40,0x0f,0x00,0xb8,0x38,0x2e,0x01,0xe0,0x7e,
0x03,0x80,0xbd,0x2d,0x0f,0x40,0x38,0x01,0xe3,0xc0,0x40,0x57,0x80,0x04,0x64,0x00,0x0f,0xf4,0x00,0x00,0x00,0x00,0x54,0x00,
0x00,
/* U+6e11 */
0x28,0x00,0xaa,0xaa,0xa8,0x02,0xe0,0x1f,0xaa,0xab,0xc0,0x0b,0x81,0xd0,0x00,0x2c,0x00,0x1e,0x1d,0x00,0x02,0xc0,0x00,0x41,
0xe5,0x55,0x6c,0x01,0x00,0x1f,0xff,0xff,0xc0,0xb4,0x00,0x00,0x74,0x00,0x03,0xd0,0x15,0x57,0x55,0x50,0x0b,0x87,0xff,0xff,
0xff,0x40,0x28,0x79,0x57,0x55,0xb4,0x00,0x07,0x40,0x74,0x07,0x40,0x00,0x7a,0xab,0xaa,0xb4,0x01,0xd7,0xea,0xfa,0xaf,0x40,
0x2c,0x74,0x07,0x40,0x74,0x03,0x87,0x40,0x74,0x07,0x40,0xb4,0x7f,0xff,0xff,0xf4,0x0f,0x01,0x55,0xb9,0x55,0x01,0xe0,0x00,
0x07,0x40,0x06,0x2c,0x00,0x00,0x74,0x00,0xb7,0x80,0x00,0x03,0xd5,0x6e,0x74,0x00,0x00,0x1f,0xff,0x80,
/* U+6e1d */
0x00,0x00,0x00,0x14,0x00,0x03,0x80,0x00,0x0f,0xd0,0x00,0x2e,0x00,0x07,0xdf,0x40,0x00,0x78,0x01,0xf4,0x3d,0x00,0x01,0xe0,
0x7c,0x00,0xb8,0x00,0x04,0x2f,0x55,0x57,0xf4,0x10,0x1f,0xaf,0xff,0xe7,0xdb,0x41,0xd0,0x55,0x55,0x1a,0x2e,0x00,0x00,0x00,
0x00,0x00,0xb8,0x2a,0xa8,0x10,0x74,0x02,0xc3,0xea,0xd3,0x87,0x40,0x00,0x38,0x1d,0x38,0x74,0x00,0x03,0x81,0xd3,0x87,0x40,
0x1d,0x3f,0xfd,0x38,0x74,0x02,0xc3,0x95,0xd3,0x87,0x40,0x38,0x38,0x1d,0x38,0x74,0x0b,0x43,0xea,0xd3,0x87,0x40,0xf0,0x3e,
0xad,0x38,0x74,0x1d,0x03,0x81,0xd2,0x47,0x42,0xc0,0x38,0x1d,0x00,0x74,0x78,0x03,0x82,0xc0,0x0b,0x07,0x40,0x38,0xf8,0x1f,
0xe0,0x00,0x01,0x45,0x00,0x54,0x00,
/* U+6e20 */
0x0f,0x40,0x6a,0xaa,0xaa,0x80,0x7e,0x4b,0xaa,0xaa,0xa8,0x00,0x74,0xb0,0x00,0x00,0x02,0x40,0x0b,0xaa,0xaa,0x90,0x3f,0x40,
0xbf,0xff,0xfe,0x00,0x78,0x0b,0x00,0x00,0xe0,0x00,0x14,0xb5,0x55,0x5e,0x00,0x07,0xcb,0xff,0xff,0xe0,0x02,0xf0,0xb0,0x00,
0x00,0x00,0xbc,0x0b,0x55,0x55,0x54,0x2e,0x00,0xbf,0xff,0xff,0xc2,0x80,0x05,0x55,0x55,0x54,0x00,0x00,0x0b,0x00,0x00,0x01,
0x55,0x55,0xf5,0x55,0x54,0x7f,0xff,0xff,0xff,0xff,0xe1,0x55,0x5e,0xfb,0x95,0x54,0x00,0x07,0x8b,0x2e,0x00,0x00,0x06,0xe0,
0xb0,0x7d,0x00,0x06,0xf4,0x0b,0x01,0xbe,0x47,0xf8,0x00,0xb0,0x01,0xfe,0x78,0x00,0x0b,0x00,0x01,0x90,0x00,0x00,0x50,0x00,
0x00,
/* U+6e21 */
0x00,0x00,0x00,0x18,0x00,0x02,0x80,0x00,0x01,0xe0,0x00,0x2f,0x02,0xaa,0xaf,0xaa,0x90,0x7d,0x2f,0xff,0xff,0xfd,0x01,0xe2,
0xc0,0x00,0x00,0x00,0x00,0x2c,0x1d,0x02,0xc0,0x10,0x02,0xd5,0xe5,0x6d,0x4b,0x40,0x2f,0xff,0xff,0xfe,0x2e,0x02,0xd5,0xe5,
0x6d,0x40,0xb8,0x2c,0x1d,0x02,0xc0,0x02,0xc3,0x81,0xea,0xac,0x00,0x00,0x38,0x1f,0xff,0xc0,0x00,0x03,0x80,0x00,0x00,0x00,
0x1d,0x74,0xaa,0xaa,0xa0,0x02,0xc7,0x4f,0xff,0xff,0x00,0x38,0x74,0x1c,0x00,0xe0,0x0b,0x4b,0x00,0xe0,0x2d,0x00,0xf0,0xf0,
0x07,0x8b,0x80,0x1d,0x0e,0x00,0x1f,0xe0,0x02,0xc2,0xd0,0x06,0xfe,0x40,0x78,0x3c,0x1b,0xf8,0x7f,0x97,0x43,0x47,0xf8,0x00,
0x6e,0x00,0x00,0x10,0x00,0x00,0x40,
/* U+6e29 */
0x1d,0x00,0xaa,0xaa,0xa9,0x01,0xf8,0x0b,0xff,0xff,0xd0,0x02,0xe0,0xb0,0x00,0x1d,0x00,0x0a,0x0b,0x00,0x01,0xd0,0x00,0x00,
0xba,0xaa,0xad,0x01,0x00,0x0b,0xaa,0xaa,0xd0,0x78,0x00,0xb0,0x00,0x1d,0x02,0xe0,0x0b,0x00,0x01,0xd0,0x07,0xc0,0xbf,0xff,
0xfd,0x00,0x1c,0x06,0xaa,0xaa,0x90,0x00,0x00,0x00,0x00,0x00,0x00,0x00,0x15,0x55,0x55,0x54,0x00,0x92,0xff,0xff,0xff,0x80,
0x1d,0x2c,0x38,0x78,0x78,0x03,0xc2,0xc2,0x83,0x83,0x80,0x74,0x2c,0x28,0x38,0x38,0x0b,0x02,0xc2,0x83,0x83,0x80,0xe0,0x2c,
0x28,0x38,0x38,0x2d,0x02,0xc2,0x83,0x83,0x83,0xc1,0xbe,0xbe,0xbe,0xbe,0x28,0x1a,0xaa,0xaa,0xaa,0xa0,
/* U+6e2d */
0x28,0x02,0xaa,0xaa,0xaa,0x8b,0xd0,0xba,0xaf,0xaa,0xe0,0x7d,0x2c,0x02,0xc0,0x28,0x07,0x8b,0xaa,0xfa,0xae,0x00,0x02,0xea,
0xbe,0xab,0x84,0x00,0xb0,0x0b,0x00,0xa7,0x80,0x2d,0x57,0xd5,0x78,0xb8,0x0b,0xff,0xff,0xfe,0x07,0xd0,0x00,0x00,0x00,0x00,
0x74,0x15,0x55,0x55,0x40,0x00,0x0b,0xff,0xff,0xf0,0x00,0x02,0xc0,0x00,0x2c,0x00,0xa0,0xb0,0x00,0x0b,0x00,0x74,0x2f,0xff,
0xff,0xc0,0x2c,0x0b,0x55,0x55,0xb0,0x1e,0x02,0xc0,0x00,0x2c,0x0b,0x00,0xbf,0xff,0xff,0x03,0x80,0x2d,0x55,0x57,0xc2,0xd0,
0x0b,0x00,0x00,0xb0,0xe0,0x02,0xc0,0x05,0x7c,0x74,0x00,0xb0,0x03,0xfd,0x00,0x00,0x14,0x00,0x54,0x00,
/* U+6e2f */
0x00,0x00,0x05,0x00,0x90,0x02,0x80,0x00,0xb0,0x0e,0x00,0x2e,0x00,0x0b,0x00,0xe0,0x00,0x7c,0x2f,0xff,0xff,0xf8,0x01,0xf1,
0xaf,0xaa,0xea,0x40,0x05,0x00,0xb0,0x0e,0x00,0x00,0x00,0x0b,0x00,0xe0,0x07,0x40,0x6a,0xfa,0xae,0xa9,0x7e,0x0b,0xff,0xff,
0xff,0xd0,0xb8,0x01,0xe0,0x0a,0x00,0x02,0xc0,0x3c,0x00,0x78,0x00,0x04,0x0b,0x95,0x56,0xe0,0x00,0x07,0xff,0xff,0xf7,0xd0,
0x01,0xf7,0x80,0x0b,0x0b,0x01,0xd8,0x38,0x00,0xb0,0x00,0x3c,0x03,0xd5,0x5b,0x00,0x07,0x80,0x3f,0xff,0xf0,0x00,0xb0,0x03,
0x80,0x00,0x00,0x1e,0x00,0x38,0x00,0x01,0xd2,0xd0,0x03,0xc0,0x00,0x2c,0x3c,0x00,0x2e,0xaa,0xab,0xc7,0x80,0x01,0xbf,0xff,
0xe4,
/* U+6e38 */
0x00,0x01,0x80,0x02,0x40,0x07,0x40,0x1d,0x00,0x78,0x00,0x7d,0x00,0xe0,0x0b,0x40,0x00,0xf4,0x0f,0x00,0xb5,0x55,0x02,0x7f,
0xff,0x8f,0xff,0xf0,0x02,0xfe,0xaa,0xe5,0x55,0x00,0x03,0x80,0x38,0x00,0x07,0x00,0x38,0x0b,0x40,0x00,0x7d,0x03,0x80,0xa7,
0xff,0xd1,0xf4,0x7e,0xa4,0x2a,0xbc,0x07,0x47,0xff,0x40,0x0b,0x40,0x00,0x74,0x74,0x01,0xe0,0x00,0x07,0x47,0x40,0x38,0x00,
0x10,0xb0,0x74,0x03,0x80,0x07,0x4b,0x07,0x6f,0xff,0xf0,0xb0,0xe0,0x75,0x57,0xd5,0x0e,0x0e,0x07,0x40,0x38,0x02,0xd1,0xd0,
0x74,0x03,0x80,0x3c,0x2c,0x07,0x40,0x38,0x07,0x87,0x80,0xb0,0x03,0x80,0xb0,0xb4,0xae,0x05,0xb8,0x0a,0x0a,0x0f,0x90,0x7e,
0x40,
/* U+6e44 */
0x2d,0x00,0xaa,0xaa,0xaa,0x87,0xe0,0x3f,0xff,0xff,0xf0,0x2e,0x0e,0x01,0xd0,0x2c,0x02,0xd3,0x80,0x74,0x0b,0x00,0x10,0xe0,
0x1d,0x02,0xc4,0x00,0x3f,0xff,0xff,0xf7,0xd0,0x0e,0x55,0x55,0x54,0x7d,0x03,0x80,0x00,0x00,0x07,0xd0,0xe2,0xaa,0xaa,0x40,
0x74,0x74,0xff,0xff,0xe0,0x00,0x1d,0x38,0x00,0x38,0x00,0x07,0x4e,0x00,0x0e,0x00,0x62,0xc3,0xff,0xff,0x80,0x3c,0xb0,0xe5,
0x55,0xe0,0x1e,0x2c,0x38,0x00,0x38,0x0f,0x0e,0x0f,0xaa,0xae,0x07,0x87,0x43,0xea,0xab,0x82,0xd2,0xc0,0xe0,0x00,0xe1,0xe1,
0xd0,0x39,0x55,0x78,0xb4,0xb0,0x0f,0xff,0xfe,0x2c,0x28,0x03,0x95,0x57,0x80,0x00,0x00,0x50,0x00,0x50,
/* U+6e56 */
0x24,0x00,0x74,0x06,0xaa,0x8b,0x80,0x1d,0x02,0xff,0xf0,0xb8,0x07,0x40,0xb0,0x1c,0x0b,0x41,0xd0,0x2c,0x07,0x00,0x5a,0xfa,
0x9b,0x01,0xc4,0x06,0xbf,0xa6,0xc0,0x7b,0x40,0x07,0x40,0xbf,0xfc,0xb4,0x01,0xd0,0x2e,0xab,0x0b,0x80,0x74,0x0b,0x01,0xc0,
0xa0,0x1d,0x02,0xc0,0x70,0x00,0xab,0xa4,0xb0,0x1c,0x00,0x3f,0xfe,0x2c,0x07,0x02,0x8e,0x03,0x8b,0xff,0xc0,0xe3,0x80,0xe2,
0xea,0xb0,0x74,0xe0,0x38,0xe0,0x1c,0x2c,0x38,0x0e,0x38,0x07,0x0e,0x0e,0x03,0x9d,0x01,0xcb,0x43,0xff,0xeb,0x00,0x73,0xc0,
0xfa,0xa7,0x80,0x1d,0xe0,0x38,0x01,0xd0,0x4b,0x70,0x00,0x00,0x60,0x3f,0x80,0x00,0x00,0x00,0x05,0x40,
/* U+6e58 */
0x00,0x00,0x50,0x00,0x00,0x09,0x00,0x2c,0x05,0x55,0x53,0xd0,0x0b,0x01,0xff,0xf8,0x2d,0x02,0xc0,0x75,0x5e,0x03,0x40,0xb0,
0x1c,0x03,0x80,0x0b,0xff,0xe7,0x00,0xe0,0x02,0xaf,0xa5,0xc0,0x39,0x80,0x03,0xc0,0x79,0x5e,0x7c,0x01,0xf0,0x1f,0xff,0x87,
0xc0,0xbe,0x07,0x40,0xe0,0x70,0x3b,0xd1,0xc0,0x38,0x00,0x2a,0xdd,0x70,0x0e,0x00,0x1c,0xb3,0x9c,0x03,0x80,0x0e,0x2c,0x57,
0x95,0xe0,0x7b,0x0b,0x01,0xff,0xf8,0x2c,0x42,0xc0,0x74,0x0e,0x0e,0x00,0xb0,0x1c,0x03,0x87,0x40,0x2c,0x07,0x00,0xe2,0xc0,
0x0b,0x01,0xc0,0x38,0xe0,0x02,0xc0,0x75,0x5e,0x74,0x00,0xb0,0x1f,0xff,0x9c,0x00,0x2c,0x07,0x55,0xe0,0x00,0x05,0x01,0x40,
0x14,
/* U+6e5b */
0x00,0x00,0x18,0x00,0x18,0x02,0x80,0x02,0xc0,0x02,0xc0,0x2e,0x06,0xbe,0xaa,0xbe,0x90,0x7d,0x7f,0xff,0xff,0xfe,0x01,0xe0,
0x2c,0x00,0x2c,0x00,0x04,0x02,0xc0,0x02,0xc0,0x10,0x00,0x2f,0xff,0xfc,0x0b,0x40,0x02,0xd5,0x56,0xc0,0x3d,0x00,0x2c,0x00,
0x2c,0x00,0xb8,0x02,0xff,0xff,0xc0,0x02,0x80,0x2d,0x55,0x7c,0x00,0x00,0x02,0xc0,0x02,0xc0,0x00,0x0a,0xbe,0xaa,0xbe,0xa0,
0x18,0xff,0xff,0xff,0xff,0x02,0xc1,0xd0,0x00,0x00,0x00,0x38,0x1d,0x07,0x4b,0x00,0x0b,0x41,0xd0,0xe0,0x7c,0x00,0xf0,0x1d,
0x2c,0x01,0xe0,0x1d,0x01,0xd7,0x40,0x07,0x42,0xc0,0x1d,0x10,0x00,0x10,0x38,0x01,0xfa,0xaa,0xaa,0x87,0x40,0x1a,0xaa,0xaa,
0xa8,
/* U+6e5f */
0x00,0x00,0x00,0x64,0x00,0x01,0xd0,0x00,0x0b,0x40,0x00,0x1f,0x80,0xaa,0xfa,0xaa,0x00,0x2e,0x0f,0xaa,0xaa,0xf0,0x00,0xa0,
0xe0,0x00,0x0b,0x00,0x00,0x0e,0x55,0x55,0xf0,0x10,0x00,0xff,0xff,0xff,0x07,0x80,0x0e,0x00,0x00,0xb0,0x2e,0x00,0xe0,0x00,
0x0b,0x00,0x7c,0x0f,0xff,0xff,0xf0,0x01,0xc0,0x55,0x55,0x55,0x00,0x00,0x00,0x00,0x00,0x00,0x00,0x02,0xaa,0xaa,0xaa,0x80,
0x09,0x2a,0xaf,0xea,0xa8,0x01,0xd0,0x00,0x38,0x00,0x00,0x3c,0x00,0x03,0x80,0x00,0x07,0x41,0xaa,0xbe,0xaa,0x40,0xb0,0x1a,
0xab,0xea,0xa4,0x0e,0x00,0x00,0x38,0x00,0x02,0xd0,0x00,0x03,0x80,0x00,0x3c,0x0f,0xff,0xff,0xff,0xe2,0x80,0xaa,0xaa,0xaa,
0xaa,
/* U+6e7e */
0x00,0x00,0x00,0xa0,0x00,0x07,0x40,0x00,0x0b,0x40,0x00,0x2e,0x06,0xaa,0xbe,0xaa,0x80,0xb8,0x6a,0xbe,0xfe,0xa8,0x02,0xd0,
0x03,0x83,0x40,0x00,0x04,0x09,0x38,0x35,0xd0,0x00,0x02,0xe3,0x83,0x4b,0x4a,0x00,0xb4,0x38,0x34,0x2e,0x78,0x1d,0x02,0x83,
0x40,0x91,0xf0,0x05,0x55,0x55,0x40,0x07,0x81,0xff,0xff,0xfd,0x00,0x10,0x05,0x55,0x55,0xd0,0x00,0x00,0x00,0x00,0x0d,0x00,
0x09,0x0b,0xff,0xff,0xd0,0x02,0xd0,0xea,0xaa,0xa9,0x00,0x38,0x1d,0x00,0x00,0x00,0x07,0x42,0xe5,0x55,0x55,0x40,0xf0,0x2f,
0xff,0xff,0xf4,0x1e,0x00,0x00,0x00,0x07,0x42,0xc0,0x00,0x00,0x00,0x74,0x78,0x00,0x00,0x15,0x5b,0x07,0x40,0x00,0x03,0xff,
0xd0,0x00,0x00,0x00,0x05,0x50,0x00,
/* U+6e7f */
0x2c,0x01,0xaa,0xaa,0xaa,0x01,0xf4,0x1e,0xaa,0xaa,0xf0,0x07,0xd1,0xd0,0x00,0x0b,0x00,0x1e,0x1d,0x00,0x00,0xb0,0x00,0x41,
0xe5,0x55,0x5b,0x01,0x00,0x1f,0xff,0xff,0xf0,0x78,0x01,0xd0,0x00,0x0b,0x02,0xe0,0x1d,0x00,0x00,0xb0,0x0b,0x81,0xe5,0x55,
0x5b,0x00,0x28,0x1f,0xff,0xff,0xf0,0x00,0x00,0x00,0x00,0x00,0x00,0x00,0x00,0x38,0x34,0x00,0x06,0x46,0x03,0x83,0x41,0xd0,
0xb4,0xb4,0x38,0x34,0x2c,0x0f,0x03,0xc3,0x83,0x47,0x41,0xe0,0x1d,0x38,0x34,0xf0,0x2d,0x00,0xb3,0x83,0x5d,0x03,0xc0,0x05,
0x38,0x34,0x40,0x38,0x00,0x03,0x83,0x40,0x07,0x42,0xaa,0xbe,0xbe,0xaa,0x74,0x2a,0xaa,0xaa,0xaa,0xa0,
/* U+6e86 */
0x00,0x00,0x10,0x00,0x00,0x03,0x40,0x0b,0x80,0x00,0x00,0x2d,0x01,0xee,0x1f,0xff,0xc0,0xb4,0x28,0x74,0xb9,0x6c,0x03,0x8b,
0x02,0xc3,0x42,0xc0,0x01,0xd0,0x0e,0x34,0x2c,0x00,0x38,0x00,0x93,0x42,0x8b,0x02,0x7f,0xfc,0x38,0x38,0x78,0x01,0x79,0x42,
0x83,0x41,0xe0,0x03,0x80,0x2c,0x74,0x07,0x40,0x38,0x01,0xdb,0x00,0x02,0xab,0xea,0x0d,0xa0,0x00,0x1a,0xbe,0xa0,0xad,0x00,
0x74,0x03,0x80,0x07,0xc0,0x0b,0x0a,0x39,0xc0,0x7c,0x00,0xa0,0xe3,0x8d,0x07,0xc0,0x0d,0x1d,0x38,0xa0,0xfd,0x01,0xd2,0xc3,
0x8b,0x2d,0xf0,0x2c,0x38,0x38,0x67,0x87,0x83,0x87,0x43,0x80,0xf0,0x2d,0x74,0x71,0x74,0x3d,0x00,0xf7,0x01,0x3f,0x47,0x40,
0x06,0x00,0x01,0x40,0x00,0x00,0x00,
/* U+6e90 */
0x24,0x02,0xaa,0xaa,0xaa,0x92,0xe0,0x3f,0xff,0xff,0xfe,0x0b,0x83,0xc0,0x0b,0x00,0x00,0x1e,0x3c,0x00,0xe0,0x00,0x00,0x53,
0xc7,0xff,0xff,0x40,0x00,0x3c,0x7a,0xaa,0xb4,0x74,0x03,0xc7,0x00,0x07,0x47,0xd0,0x3c,0x75,0x55,0x74,0x0b,0x43,0xc7,0xff,
0xff,0x40,0x2c,0x38,0x70,0x00,0x74,0x00,0x43,0x87,0x00,0x07,0x40,0x00,0x38,0x7a,0xaa,0xf4,0x00,0x93,0x46,0xab,0xaa,0x40,
0x1d,0x74,0x00,0x74,0x00,0x03,0xc7,0x42,0x47,0x49,0x00,0x74,0xb0,0x74,0x74,0xb0,0x0b,0x0b,0x0b,0x07,0x47,0x41,0xe0,0xe1,
0xe0,0x74,0x2c,0x2d,0x1c,0x2c,0x07,0x41,0xd3,0x83,0x82,0x44,0xb4,0x0e,0x74,0x24,0x00,0xbf,0x00,0x00,0x00,0x00,0x05,0x40,
0x00,
/* U+6ea7 */
0x2c,0x0a,0xaa,0xaa,0xaa,0x91,0xf4,0xaa,0xbe,0xbe,0xa9,0x07,0xd0,0x03,0x83,0x80,0x00,0x09,0x00,0x38,0x38,0x00,0x00,0x02,
0xff,0xff,0xff,0x41,0x00,0x2e,0xbe,0xba,0xb4,0x78,0x02,0xc2,0x83,0x47,0x42,0xe0,0x2c,0x28,0x34,0x74,0x07,0x82,0xd6,0x97,
0x9b,0x40,0x18,0x2f,0xff,0xff,0xf4,0x00,0x00,0x55,0x55,0x55,0x00,0x00,0x00,0x03,0x80,0x00,0x01,0xd0,0x00,0x38,0x00,0x00,
0x2c,0xbf,0xff,0xff,0xfd,0x03,0x85,0x5b,0xbf,0x95,0x40,0x74,0x00,0xb3,0x9d,0x00,0x0b,0x00,0x2c,0x38,0x74,0x00,0xe0,0x1b,
0x43,0x82,0xe0,0x2d,0x1b,0x90,0x38,0x07,0xd3,0xc2,0xd0,0x03,0x80,0x1f,0x28,0x10,0x00,0x38,0x00,0x10,0x00,0x00,0x01,0x40,
0x00,
/* U+6eaa */
0x00,0x00,0x00,0x00,0x05,0x43,0x80,0x56,0xaa,0xbf,0xfc,0x2f,0x0b,0xff,0xfe,0xa5,0x00,0x7d,0x04,0x01,0x00,0x74,0x01,0xd2,
0xc0,0x74,0x0b,0x00,0x00,0x1d,0x03,0x80,0xe0,0x10,0x00,0xb1,0x14,0x1d,0x0b,0x40,0x00,0xb4,0x0a,0x00,0x3d,0x00,0x78,0x07,
0xd0,0x00,0xb8,0x2f,0xbf,0xe1,0x40,0x02,0x81,0x56,0xf8,0x3c,0x00,0x00,0x00,0xb8,0x01,0xe0,0x00,0x01,0xbe,0xaa,0xff,0x40,
0x2c,0x3f,0xef,0x95,0x7c,0x03,0xc0,0x00,0xb4,0x01,0x40,0x74,0x55,0x5b,0x55,0x54,0x0b,0x0f,0xff,0xff,0xff,0xd0,0xe0,0x55,
0x5f,0xd5,0x54,0x1d,0x00,0x03,0xcb,0x40,0x02,0xc0,0x01,0xf4,0x3e,0x00,0x78,0x06,0xf8,0x00,0xbe,0x97,0x41,0xf9,0x00,0x00,
0xbd,0x00,0x04,0x00,0x00,0x00,0x40,
/* U+6ec1 */
0x00,0x00,0x00,0x00,0x40,0x02,0x40,0xaa,0x90,0x2f,0x00,0x7d,0x1f,0xfe,0x07,0xb4,0x00,0xf5,0xd0,0xd0,0xb2,0xc0,0x03,0x9d,
0x1d,0x1d,0x0e,0x00,0x11,0xd2,0xc7,0x80,0x78,0x00,0x1d,0x39,0xe0,0x02,0xeb,0x01,0xd3,0x6d,0xff,0xe6,0x7c,0x1d,0x70,0x06,
0xe5,0x01,0xf1,0xdb,0x00,0x0d,0x00,0x07,0x1d,0x74,0x00,0xd0,0x00,0x01,0xd3,0x86,0xae,0xa8,0x00,0x1d,0x2c,0xbf,0xff,0xc0,
0x01,0xd1,0xd0,0x0d,0x00,0x07,0x5d,0x0d,0x00,0xd1,0x00,0xb1,0xd0,0xe3,0x4d,0x34,0x0e,0x1d,0x6d,0x70,0xd2,0x81,0xd1,0xdf,
0x8a,0x0d,0x1c,0x2c,0x1d,0x41,0xd0,0xd0,0xe3,0x81,0xd0,0x38,0x0d,0x0b,0x74,0x1d,0x07,0x45,0xd0,0x2b,0x01,0xd0,0x01,0xfc,
0x00,0x00,0x04,0x00,0x05,0x00,0x00,
/* U+6ecb */
0x00,0x00,0x14,0x00,0x18,0x02,0x80,0x02,0xd0,0x03,0xc0,0x2e,0x00,0x0e,0x00,0x74,0x00,0x7d,0x00,0x74,0x0f,0x00,0x01,0xe7,
0xff,0xff,0xff,0xe0,0x04,0x6a,0xaa,0xaa,0xaa,0x10,0x00,0x18,0x00,0x24,0x07,0x80,0x02,0xc0,0x07,0x40,0x1e,0x00,0x34,0x00,
0xb0,0x00,0x7c,0x0b,0x05,0x0e,0x04,0x01,0xd0,0xe0,0xe1,0xc1,0xd0,0x00,0x2c,0x1d,0x38,0x38,0x00,0x03,0x83,0x8b,0x07,0x40,
0x0d,0xbf,0xf4,0xff,0xf0,0x01,0xd6,0x5e,0x09,0x5d,0x00,0x3c,0x01,0xd0,0x02,0xc0,0x07,0x40,0x38,0x00,0x74,0x00,0xb0,0x0b,
0x28,0x0e,0x34,0x1e,0x01,0xd1,0xc2,0xd2,0x82,0xc0,0x7d,0xbd,0x79,0xbc,0x38,0x0b,0xfa,0xdb,0xfa,0xd7,0x40,0x10,0x0a,0x50,
0x0a,
/* U+6ed1 */
0xa0,0x01,0xaa,0xaa,0xa4,0x2f,0x40,0xba,0xaa,0xae,0x01,0xf4,0x2c,0x00,0x03,0x80,0x1f,0x0b,0x55,0x40,0xe0,0x01,0x42,0xff,
0xf0,0x38,0x00,0x00,0xb0,0x2c,0x0e,0x0e,0x00,0x6d,0x5b,0x57,0x92,0xe0,0xbf,0xff,0xff,0xfd,0x1e,0x2d,0x55,0x55,0x57,0x41,
0xdb,0x55,0x55,0x55,0xd0,0x11,0x9f,0xff,0xff,0x64,0x00,0x07,0x55,0x56,0xd0,0x01,0x01,0xd0,0x00,0x74,0x01,0xd0,0x7f,0xff,
0xfd,0x00,0xb0,0x1e,0x55,0x5b,0x40,0x78,0x07,0x40,0x01,0xd0,0x2d,0x01,0xfa,0xaa,0xf4,0x0e,0x00,0x7a,0xaa,0xad,0x07,0x40,
0x1d,0x00,0x07,0x43,0xc0,0x07,0x40,0x02,0xc0,0xe0,0x01,0xd0,0x1f,0xe0,0x00,0x00,0x10,0x01,0x50,0x00,
/* U+6ed5 */
0x00,0x00,0x00,0x0a,0x00,0x02,0xaa,0x90,0x80,0xe0,0xa0,0x2f,0xfd,0x0e,0x0d,0x0e,0x02,0xc1,0xd0,0xb1,0xd2,0xc0,0x2c,0x1d,
0x3f,0xff,0xff,0x82,0xc1,0xd2,0xab,0xea,0xa8,0x2c,0x1d,0x00,0x74,0x00,0x02,0xff,0xd1,0x5b,0x55,0x54,0x2e,0xad,0xbf,0xff,
0xff,0xe2,0xc1,0xd5,0x7d,0x5b,0x54,0x2c,0x1d,0x0b,0x40,0x38,0x02,0xc1,0xd1,0xd0,0xd1,0xe0,0x2d,0x5d,0xb8,0x0d,0x07,0xd2,
0xff,0xee,0xd0,0xd0,0xfa,0x3d,0x5d,0x4b,0x0d,0x2c,0x03,0x81,0xd0,0x26,0xfb,0x40,0x38,0x1d,0x00,0xff,0xf0,0x03,0x41,0xd0,
0x79,0xd7,0xd0,0x74,0x1d,0x7d,0x0d,0x0f,0x4b,0x01,0xdb,0x40,0xd0,0x3d,0xb0,0x6d,0x40,0x5d,0x00,0x8a,0x1f,0xc0,0x2f,0xc0,
0x00,0x00,0x50,0x00,0x50,0x00,0x00,
/* U+6ee1 */
0x00,0x00,0x05,0x00,0x90,0x03,0x80,0x00,0xe0,0x0e,0x00,0x2e,0x06,0xaf,0xaa,0xfa,0x90,0xb8,0x7f,0xff,0xff,0xfd,0x02,0xd0,
0x0e,0x00,0xe0,0x00,0x04,0x00,0xa0,0x09,0x00,0x10,0x05,0x55,0x55,0x55,0x5b,0x40,0xff,0xff,0xff,0xfe,0x3e,0x05,0x57,0x96,
0xd5,0x50,0xb8,0x00,0x34,0x1c,0x00,0x02,0xc0,0x03,0x82,0xc0,0x00,0x00,0x3f,0xff,0xff,0xfc,0x00,0x03,0x97,0x96,0xd6,0xc0,
0x1d,0x38,0x78,0x2c,0x2c,0x02,0xc3,0x87,0xd2,0xe2,0xc0,0x38,0x38,0xa7,0x3b,0x6c,0x07,0x43,0x9d,0x27,0x5a,0xc0,0xf0,0x3a,
0xc0,0xb0,0x6c,0x1e,0x03,0xb4,0x1d,0x02,0xc2,0xc0,0x38,0x03,0x80,0x2c,0x38,0x03,0x80,0x14,0x17,0xc7,0x40,0x38,0x00,0x07,
0xf4,0x00,0x01,0x00,0x00,0x14,0x00,
/* U+6ee6 */
0x00,0x00,0x00,0x60,0x00,0x03,0x80,0x00,0x0b,0x40,0x00,0x1f,0x40,0x55,0x79,0x55,0x40,0x7d,0x3f,0xff,0xff,0xfc,0x00,0xd1,
0x57,0x97,0xd5,0x40,0x00,0x04,0x38,0x38,0x40,0x10,0x00,0xe3,0x83,0x8e,0x0b,0x40,0x1d,0x38,0x38,0x74,0x2e,0x03,0x83,0x83,
0x82,0xc0,0xb8,0xb4,0x38,0x38,0x1d,0x02,0xc6,0x03,0x83,0x80,0x90,0x00,0x00,0x15,0x54,0x00,0x00,0x00,0x00,0x2c,0x00,0x00,
0x1d,0x2a,0xab,0xea,0xa8,0x02,0xd7,0xff,0xff,0xff,0xd0,0x3c,0x00,0x2b,0xf8,0x00,0x07,0x40,0x0b,0x2d,0xe0,0x00,0xf0,0x01,
0xd2,0xc7,0x40,0x1e,0x00,0xb8,0x2c,0x2e,0x02,0xd0,0xbd,0x02,0xc0,0x7d,0x3c,0x1e,0x00,0x2c,0x01,0xe7,0x40,0x40,0x02,0xc0,
0x00,0x00,0x00,0x00,0x14,0x00,0x00,
/* U+6ee8 */
0x00,0x00,0x00,0x60,0x00,0x02,0xd0,0x00,0x07,0x40,0x00,0x1f,0x41,0x55,0x7d,0x55,0x40,0x7d,0x7f,0xff,0xff,0xfd,0x00,0xd7,
0x95,0x55,0x56,0xd0,0x00,0x78,0x00,0x00,0x1d,0x10,0x07,0x80,0x06,0xf1,0xd7,0x80,0x02,0xbf,0xfa,0x40,0x2e,0x00,0x3e,0x94,
0x00,0x00,0xb8,0x03,0x80,0x00,0x00,0x02,0xc0,0x3e,0xaa,0xaa,0x00,0x00,0x03,0xea,0xaf,0xe4,0x00,0x00,0x38,0x00,0xb0,0x00,
0x08,0x03,0x80,0x0b,0x00,0x02,0xd0,0x38,0x00,0xb0,0x00,0x38,0x57,0xd5,0x5b,0x95,0x07,0x47,0xff,0xff,0xff,0xf0,0xb0,0x00,
0x10,0x04,0x00,0x1e,0x00,0x07,0x40,0xe0,0x02,0xd0,0x02,0xf0,0x0b,0xd0,0x38,0x02,0xf8,0x00,0x1b,0x92,0x40,0x79,0x00,0x00,
0x2d,0x00,0x01,0x00,0x00,0x00,0x40,
/* U+6ee9 */
0x00,0x00,0x00,0x14,0x50,0x03,0x40,0x00,0x02,0xcb,0x00,0x3d,0x05,0x50,0x38,0x74,0x00,0xb6,0xff,0x47,0x83,0x80,0x02,0x15,
0xb4,0x7a,0xbe,0x90,0x00,0x07,0x4b,0xff,0xfe,0x00,0x10,0x74,0xf4,0x38,0x06,0x03,0x47,0x6f,0x43,0x80,0x78,0x2c,0xb7,0xf4,
0x38,0x01,0xe0,0xeb,0x77,0xab,0xe9,0x07,0x4b,0xe1,0x7f,0xff,0xd0,0x00,0x3e,0x07,0x43,0x80,0x00,0x01,0xd0,0x74,0x38,0x00,
0x50,0x2f,0x07,0x43,0x80,0x0b,0x03,0xf4,0x7a,0xbe,0x90,0xe0,0x76,0xc7,0xff,0xfd,0x1d,0x0f,0x1d,0x74,0x38,0x02,0xc1,0xd0,
0xd7,0x43,0x80,0x38,0x3c,0x00,0x74,0x38,0x07,0x4b,0x40,0x07,0xab,0xea,0xb4,0xe0,0x00,0x7f,0xff,0xf6,0x04,0x00,0x07,0x40,
0x00,0x00,0x00,0x00,0x10,0x00,0x00,
/* U+6ef4 */
0x00,0x00,0x00,0x64,0x00,0x03,0x80,0x00,0x03,0x80,0x00,0x1f,0x46,0xaa,0xbe,0xaa,0xa0,0x7d,0x6a,0xaa,0xaa,0xa9,0x00,0xd0,
0x18,0x00,0x38,0x00,0x00,0x00,0xe0,0x0b,0x40,0x10,0x00,0x0b,0x00,0xe0,0x0b,0x80,0x1f,0xff,0xff,0xfc,0x2e,0x01,0xe5,0x6d,
0x56,0xc0,0x7c,0x1c,0x01,0xc0,0x2c,0x01,0xc1,0xc5,0x6d,0x52,0xc0,0x00,0x1c,0xbf,0xff,0x6c,0x00,0x01,0xc0,0x2c,0x02,0xc0,
0x0d,0x1c,0x01,0xc0,0x2c,0x01,0xd1,0xc3,0xff,0xd2,0xc0,0x3c,0x1c,0x39,0x5e,0x2c,0x07,0x81,0xc3,0x40,0xe2,0xc0,0xb0,0x1c,
0x34,0x0e,0x2c,0x1e,0x01,0xc3,0xaa,0xe2,0xc2,0xd0,0x1c,0x2a,0xa9,0x2c,0x7c,0x01,0xc0,0x00,0x07,0x87,0x40,0x1c,0x00,0x0f,
0xf4,0x10,0x00,0x40,0x00,0x54,0x00,
/* U+6f14 */
0x00,0x00,0x00,0x64,0x00,0x03,0x80,0x00,0x07,0x80,0x00,0x2e,0x07,0xff,0xff,0xff,0xd0,0xbc,0x7e,0xaa,0xaa,0xae,0x01,0xe7,
0x40,0x00,0x01,0xe0,0x04,0x79,0x55,0x55,0x5e,0x10,0x02,0xbf,0xff,0xff,0x9b,0x40,0x00,0x02,0xc0,0x00,0x2e,0x00,0x00,0x2c,
0x00,0x00,0xb8,0x1f,0xff,0xff,0xf8,0x02,0x81,0xe5,0x6d,0x57,0x80,0x00,0x1d,0x02,0xc0,0x78,0x00,0x01,0xe5,0x7d,0x5b,0x80,
0x09,0x1f,0xff,0xff,0xf8,0x01,0xd1,0xd0,0x2c,0x07,0x80,0x2c,0x1d,0x02,0xc0,0x78,0x07,0x81,0xff,0xff,0xff,0x80,0xb0,0x0a,
0xaa,0xaa,0xa4,0x1e,0x00,0x06,0x00,0x90,0x02,0xd0,0x02,0xf4,0x0f,0x90,0x38,0x06,0xf8,0x00,0x1b,0x96,0x40,0xf9,0x00,0x00,
0x1e,
/* U+6f20 */
0x00,0x00,0x06,0x00,0x90,0x02,0x80,0x00,0x70,0x0e,0x00,0x1f,0x06,0xab,0xaa,0xfa,0x90,0x7d,0x7f,0xff,0xff,0xfe,0x00,0xf0,
0x07,0x00,0xe0,0x00,0x00,0x00,0x60,0x09,0x00,0x10,0x00,0x55,0x55,0x55,0x0b,0x80,0x0b,0xff,0xff,0xf0,0x2e,0x00,0xa0,0x00,
0x0b,0x00,0xb8,0x0b,0xaa,0xaa,0xf0,0x01,0xd0,0xba,0xaa,0xaf,0x00,0x00,0x0a,0x00,0x00,0xb0,0x00,0x00,0xba,0xaa,0xaf,0x00,
0x1d,0x0a,0xab,0xea,0xa0,0x02,0xc0,0x00,0x28,0x00,0x00,0x38,0x55,0x57,0x95,0x55,0x0b,0x47,0xff,0xff,0xff,0xe0,0xf0,0x00,
0x1f,0xe4,0x00,0x1e,0x00,0x02,0xd7,0x80,0x02,0xc0,0x01,0xf4,0x1f,0x40,0x38,0x01,0xfd,0x00,0x6f,0x47,0x40,0xb9,0x00,0x00,
0x6e,0x00,0x05,0x00,0x00,0x00,0x40,
/* U+6f2f */
0x2d,0x01,0xaa,0xaa,0xaa,0x01,0xf4,0x1e,0xab,0xea,0xb0,0x02,0xe1,0xd0,0x38,0x0b,0x00,0x0a,0x1e,0xab,0xaa,0xb0,0x00,0x01,
0xea,0xbe,0xaf,0x01,0x00,0x1d,0x03,0x80,0xb0,0x78,0x01,0xd5,0x79,0x5b,0x02,0xf4,0x1f,0xff,0xff,0xf0,0x07,0xd0,0x06,0xe0,
0x10,0x00,0x1d,0x01,0xe4,0x07,0x80,0x00,0x01,0xfe,0xaf,0xd0,0x00,0x00,0x1a,0x9b,0xe1,0x40,0x00,0x90,0x06,0xe4,0x2d,0x00,
0x1d,0x06,0xe4,0x55,0xf0,0x03,0xc2,0xff,0xff,0xea,0xc0,0x74,0x15,0x52,0xc0,0x09,0x0b,0x00,0x60,0x2c,0x28,0x01,0xe0,0x1e,
0x02,0xc1,0xe0,0x2d,0x07,0x80,0x2c,0x07,0x83,0x81,0xe0,0x02,0xc0,0x1d,0x64,0x1c,0x03,0xf8,0x00,0x90,0x00,0x00,0x14,0x00,
0x00,
/* U+6f33 */
0x00,0x00,0x00,0xa0,0x00,0x03,0xc0,0x00,0x0b,0x40,0x00,0x1f,0x42,0xaa,0xfe,0xaa,0x80,0x7d,0x2b,0xea,0xaf,0xa4,0x00,0xd0,
0x1d,0x00,0xf0,0x00,0x00,0x00,0xa0,0x1e,0x00,0x10,0x0f,0xff,0xff,0xff,0xdb,0x80,0xaa,0xaa,0xaa,0xa9,0x2e,0x00,0x00,0x00,
0x00,0x00,0xb8,0x0f,0xff,0xff,0xe0,0x02,0x81,0xe5,0x55,0x5e,0x00,0x00,0x1d,0x00,0x00,0xe0,0x00,0x01,0xff,0xff,0xfe,0x00,
0x1d,0x1e,0x55,0x55,0xe0,0x02,0xd1,0xe0,0x00,0x0e,0x00,0x38,0x1f,0xff,0xff,0xe0,0x07,0x40,0x55,0x79,0x55,0x00,0xb0,0x00,
0x03,0x80,0x00,0x1e,0x1f,0xff,0xff,0xff,0xe2,0xd0,0x55,0x5b,0x95,0x55,0x3c,0x00,0x00,0x38,0x00,0x02,0x80,0x00,0x03,0x80,
0x00,0x00,0x00,0x00,0x14,0x00,0x00,
/* U+6f3e */
0x00,0x00,0x24,0x00,0x60,0x07,0x40,0x02,0xc0,0x0e,0x00,0x2e,0x05,0x5e,0x56,0xe5,0x40,0xb8,0xff,0xff,0xff,0xf8,0x01,0x80,
0x00,0xb4,0x00,0x00,0x00,0x15,0x5b,0x95,0x50,0x10,0x02,0xff,0xff,0xfe,0x0b,0x40,0x00,0x07,0x40,0x00,0x2d,0x1a,0xaa,0xba,
0xaa,0x80,0xb9,0xaa,0xaa,0xaa,0xa8,0x02,0x80,0x07,0x90,0x00,0x00,0x00,0x00,0x5b,0xf9,0x00,0x00,0x01,0xaa,0xa9,0x80,0x00,
0x24,0x1a,0xab,0x80,0x24,0x03,0x80,0x00,0x2c,0x1f,0x80,0x75,0xaa,0x92,0xeb,0xd0,0x0f,0x1a,0xae,0x2f,0xd0,0x01,0xe0,0x02,
0xc2,0xad,0x00,0x2d,0x00,0xb4,0x28,0xb8,0x03,0x80,0x6e,0x02,0x82,0xf4,0x74,0x2f,0x45,0x78,0x07,0xeb,0x02,0x80,0xbf,0x40,
0x09,0x00,0x00,0x01,0x40,0x00,0x00,
/* U+6f4d */
0x00,0x00,0x90,0x09,0x60,0x07,0x40,0x1e,0x00,0xeb,0x40,0x2d,0x02,0xc0,0x1d,0x78,0x00,0xb4,0x38,0x02,0xc2,0xc0,0x02,0x87,
0x40,0x2e,0xae,0x90,0x00,0xb0,0xd3,0xff,0xfe,0x00,0x0e,0x1d,0x78,0x2c,0x0a,0x01,0xd2,0xcb,0x82,0xc0,0xb8,0x3d,0xb4,0xf8,
0x2c,0x02,0xe7,0xff,0x2f,0xea,0xe8,0x0b,0x10,0xe2,0x6f,0xff,0xc0,0x00,0x2c,0x12,0x82,0xc0,0x00,0x03,0x80,0x28,0x2c,0x00,
0xb0,0xb0,0x52,0x82,0xc0,0x0b,0x1e,0xbe,0x2e,0xbe,0x80,0xe3,0xf9,0x02,0xff,0xfd,0x1d,0x14,0x00,0x28,0x2c,0x02,0xc0,0x00,
0x12,0x82,0xc0,0x38,0x00,0x6e,0x28,0x2c,0x07,0x46,0xff,0x92,0xea,0xe9,0xb0,0x7e,0x40,0x2f,0xff,0xfa,0x00,0x00,0x02,0x80,
0x00,0x00,0x00,0x00,0x14,0x00,0x00,
/* U+6f58 */
0x00,0x00,0x00,0x00,0x05,0x02,0x80,0x15,0x5a,0xaf,0xf4,0x2f,0x47,0xff,0xfe,0xa5,0x00,0x7d,0x10,0x07,0x40,0x40,0x00,0xd0,
0xa0,0x74,0x2d,0x00,0x00,0x07,0x47,0x43,0x80,0x10,0x05,0x79,0xb9,0xb9,0x47,0x80,0xbf,0xff,0xff,0xfd,0x2e,0x00,0x0b,0x7a,
0x80,0x00,0xb8,0x02,0xd7,0x4b,0x40,0x02,0xc1,0xf4,0x74,0x2e,0x40,0x02,0xf8,0x02,0x40,0x7e,0x00,0x19,0xaa,0xaa,0xaa,0x90,
0x04,0x1f,0xab,0xea,0xe0,0x01,0xd1,0xd0,0x34,0x0e,0x00,0x3c,0x1d,0x03,0x40,0xe0,0x07,0x81,0xff,0xff,0xfe,0x00,0xb0,0x1e,
0x57,0x95,0xe0,0x0e,0x01,0xd0,0x34,0x0e,0x01,0xd0,0x1d,0x57,0x95,0xe0,0x3c,0x01,0xff,0xff,0xfe,0x07,0x80,0x1e,0x55,0x55,
0xe0,0x00,0x00,0x40,0x00,0x05,0x00,
/* U+6f5c */
0x00,0x00,0x24,0x00,0x24,0x02,0x80,0x03,0x80,0x07,0x40,0x1f,0x0b,0xff,0x8b,0xff,0xc0,0x7d,0x6b,0xe8,0x6b,0xa8,0x01,0x80,
0x34,0x00,0x74,0x00,0x00,0x5b,0x94,0x5b,0x95,0x10,0x0f,0xff,0xdf,0xff,0xd7,0x80,0x0b,0x40,0x0f,0xc0,0x2e,0x00,0xfd,0x01,
0xee,0x00,0xb8,0x2d,0xb4,0x7c,0x74,0x02,0x8b,0x82,0x6f,0x02,0xe0,0x02,0xe0,0x01,0x80,0x0a,0x00,0x04,0xaa,0xaa,0xaa,0x00,
0x18,0x0f,0xff,0xff,0xe0,0x02,0xc0,0xe0,0x00,0x0e,0x00,0x38,0x0e,0x00,0x00,0xe0,0x0b,0x40,0xfa,0xaa,0xae,0x00,0xf0,0x0f,
0xaa,0xaa,0xe0,0x1e,0x00,0xe0,0x00,0x0e,0x02,0xd0,0x0e,0x00,0x00,0xe0,0x38,0x00,0xff,0xff,0xfe,0x02,0x40,0x0f,0x55,0x55,
0xe0,0x00,0x00,0x50,0x00,0x05,0x00,
/* U+6f5e */
0x00,0x00,0x00,0x02,0x40,0x03,0x40,0xaa,0x90,0x74,0x00,0x2e,0x0f,0xfe,0x0b,0xaa,0x40,0xb8,0xd0,0xa0,0xff,0xf8,0x02,0x8d,
0x0a,0x2d,0x07,0x40,0x00,0xd0,0xa7,0xe0,0xb0,0x10,0x0d,0x0a,0xbb,0x5e,0x0b,0x40,0xea,0xe5,0x2a,0xc0,0x3d,0x0f,0xfe,0x01,
0xf8,0x00,0xf4,0x03,0x40,0x1f,0x80,0x02,0x04,0x34,0x0b,0xef,0x40,0x00,0xd3,0x42,0xe0,0x7e,0x00,0x0d,0x39,0xb8,0x00,0xa0,
0x74,0xd3,0xf5,0xaa,0xa4,0x0b,0x4d,0x39,0x0f,0xff,0x80,0xf0,0xd3,0x40,0xe0,0x38,0x0e,0x0d,0x34,0x0e,0x03,0x81,0xd0,0xd3,
0x40,0xe0,0x38,0x2c,0x0d,0x3a,0x8e,0x03,0x83,0x81,0xeb,0xf4,0xe5,0x78,0x74,0x7f,0xe4,0x0f,0xff,0x87,0x02,0x40,0x00,0xe5,
0x78,0x00,0x00,0x00,0x04,0x01,0x00,
/* U+6f62 */
0x00,0x00,0x05,0x00,0x90,0x02,0x80,0x00,0xe0,0x1d,0x00,0x2f,0x01,0x5f,0x56,0xe5,0x40,0x7d,0x3f,0xff,0xff,0xf8,0x01,0xe0,
0x0f,0x01,0xe0,0x00,0x04,0x00,0xe0,0x1d,0x00,0x10,0x0a,0xaf,0xaa,0xea,0x9b,0x40,0xff,0xff,0xff,0xfe,0x2e,0x00,0x00,0x38,
0x00,0x00,0xb8,0x00,0x03,0x80,0x00,0x02,0xc1,0xff,0xff,0xff,0x00,0x00,0x1e,0x57,0x95,0xb0,0x00,0x01,0xd0,0x38,0x0b,0x00,
0x1d,0x1e,0xab,0xea,0xb0,0x02,0xc1,0xea,0xbe,0xaf,0x00,0x38,0x1d,0x03,0x80,0xb0,0x0b,0x41,0xd5,0x79,0x5b,0x00,0xf0,0x1f,
0xff,0xff,0xf0,0x1d,0x00,0x55,0x55,0x95,0x02,0xc0,0x01,0xf0,0x1e,0x40,0x78,0x02,0xf8,0x00,0x6f,0x87,0x40,0xf9,0x00,0x00,
0x6e,0x00,0x04,0x00,0x00,0x00,0x40,
/* U+6f6d */
0x28,0x0a,0xaa,0xaa,0xaa,0x91,0xf0,0xaa,0xbe,0xbe,0xa9,0x07,0xd0,0x03,0x83,0x80,0x00,0x1d,0x2a,0xbe,0xba,0xa4,0x00,0x03,
0xeb,0xeb,0xeb,0x81,0x00,0x38,0x38,0x38,0x38,0xb8,0x03,0x97,0x97,0x97,0x82,0xe0,0x3f,0xff,0xff,0xf8,0x0b,0x80,0x00,0x00,
0x00,0x00,0x28,0x0f,0xff,0xff,0xe0,0x00,0x00,0xe5,0x55,0x5f,0x00,0x00,0x0e,0x00,0x00,0xf0,0x01,0x80,0xff,0xff,0xff,0x00,
0x2c,0x0e,0x00,0x00,0xf0,0x03,0x80,0xe5,0x55,0x5f,0x00,0x74,0x0a,0xab,0xea,0xa0,0x0f,0x00,0x00,0x3c,0x00,0x01,0xe0,0xaa,
0xab,0xea,0xaa,0x2c,0x0f,0xff,0xff,0xff,0xe3,0x80,0x00,0x03,0xc0,0x00,0x24,0x00,0x00,0x3c,0x00,0x00,0x00,0x00,0x01,0x40,
0x00,
/* U+6f6e */
0x00,0x00,0x10,0x00,0x00,0x03,0x40,0x07,0x40,0x2a,0xa8,0x2d,0x15,0x75,0x47,0xff,0xd0,0xb6,0xff,0xfe,0x74,0x1d,0x02,0x95,
0x75,0x47,0x41,0xd0,0x00,0x07,0x40,0x74,0x1d,0x10,0x0a,0xba,0x87,0x41,0xdb,0x40,0xea,0xac,0x7f,0xfd,0x7c,0x0d,0x01,0xc7,
0xaa,0xd1,0xf0,0xd0,0x2c,0x74,0x1d,0x07,0x4f,0xff,0xc7,0x41,0xd0,0x00,0xd0,0x2c,0x74,0x1d,0x00,0x0d,0x01,0xc7,0x41,0xd0,
0x34,0xea,0xac,0x7f,0xfd,0x07,0x4a,0xbe,0x87,0x96,0xd0,0xb0,0x07,0x40,0xb0,0x1d,0x0e,0x00,0x74,0x0b,0x01,0xd1,0xd2,0xff,
0xfd,0xa0,0x1d,0x2c,0x1a,0xba,0x9e,0x01,0xd3,0x80,0x07,0x42,0xd0,0x1d,0x74,0x00,0x74,0x3c,0x16,0xc7,0x00,0x07,0x43,0x82,
0xf8,0x00,0x00,0x10,0x00,0x05,0x00,
/* U+6f7c */
0x00,0x00,0x00,0x90,0x00,0x03,0x80,0x00,0x0f,0x00,0x00,0x1e,0x02,0xaa,0xfa,0xaa,0x40,0x7c,0x2b,0xea,0xaf,0xa4,0x01,0xd0,
0x1d,0x00,0xe0,0x00,0x04,0x00,0xe0,0x1d,0x00,0x10,0x0f,0xff,0xff,0xff,0xdb,0x40,0xaa,0xaa,0xaa,0xa9,0x7d,0x00,0x00,0x00,
0x00,0x00,0xb4,0x1f,0xff,0xff,0xe0,0x02,0x81,0xd5,0x79,0x5e,0x00,0x00,0x1d,0x57,0x95,0xe0,0x00,0x01,0xff,0xff,0xfe,0x00,
0x19,0x1d,0x03,0x80,0xe0,0x02,0xd1,0xe5,0x79,0x5e,0x00,0x38,0x1f,0xff,0xff,0xe0,0x07,0x40,0x00,0x38,0x00,0x00,0xf0,0x2a,
0xab,0xea,0xa4,0x1e,0x02,0xaa,0xbe,0xaa,0x42,0xd0,0x00,0x03,0x80,0x00,0x3c,0x1a,0xaa,0xbe,0xaa,0x97,0x81,0xaa,0xaa,0xaa,
0xaa,
/* U+6f84 */
0x2d,0x01,0xaa,0x97,0x1e,0x01,0xf4,0x1f,0xfd,0x3b,0x80,0x02,0xe0,0x02,0xc2,0xe0,0x50,0x09,0x28,0x38,0x0d,0x1e,0x00,0x01,
0xfb,0x00,0xbb,0x81,0x00,0x03,0xd0,0x02,0xd0,0x78,0x00,0xba,0xaa,0xab,0x42,0xe0,0x7d,0x7f,0xfe,0x2d,0x07,0xcb,0x40,0x00,
0x00,0xa0,0x1c,0x00,0x00,0x00,0x00,0x00,0x00,0x7f,0xff,0xfe,0x00,0x00,0x07,0x95,0x56,0xe0,0x00,0xe0,0x74,0x00,0x0e,0x00,
0x1d,0x07,0x40,0x00,0xe0,0x02,0xc0,0x7a,0xaa,0xae,0x00,0x78,0x06,0xaa,0xaa,0x90,0x0b,0x40,0x18,0x00,0x24,0x00,0xf0,0x01,
0xe0,0x07,0x40,0x2d,0x00,0x0b,0x40,0xe0,0x03,0xc0,0x3f,0xff,0xff,0xfd,0x28,0x02,0xaa,0xaa,0xaa,0x90,
/* U+6f9c */
0x00,0x00,0x50,0x00,0x00,0x0a,0x00,0x3d,0x05,0x55,0x52,0xe0,0x07,0xc2,0xff,0xfc,0x1e,0x00,0x78,0x00,0x0b,0x01,0xd6,0x04,
0x14,0x02,0xc0,0x02,0xc0,0x0e,0x00,0xb1,0x00,0xb2,0xab,0xaa,0x6e,0xd0,0x2c,0x6a,0xea,0x9b,0x2d,0x0b,0x00,0x38,0x02,0xc2,
0xd2,0xc7,0xff,0xfc,0xb0,0x28,0xb1,0x92,0x57,0x2c,0x00,0x2c,0x68,0x99,0xcb,0x00,0x0b,0x19,0xaa,0x72,0xc0,0xa2,0xc7,0x5e,
0x5c,0xb0,0x38,0xb1,0xaf,0xea,0x2c,0x1d,0x2c,0x02,0xf4,0x0b,0x0b,0x0b,0x02,0x7b,0x42,0xc3,0x82,0xc2,0xcd,0x78,0xb1,0xd0,
0xb2,0xd3,0x46,0x2c,0xb0,0x2c,0x50,0xd0,0x0b,0x38,0x0b,0x00,0x24,0x56,0xd9,0x02,0xc0,0x00,0x2f,0xe0,0x00,0x50,0x00,0x01,
0x40,
/* U+6fa7 */
0x00,0x00,0x02,0x41,0x80,0x02,0x80,0x00,0x38,0x2c,0x00,0x1e,0x02,0xff,0xff,0xff,0x80,0x78,0x3a,0xbe,0xbe,0xb8,0x01,0xe3,
0x82,0x82,0x82,0x80,0x05,0x3e,0xbe,0xbe,0xb8,0x20,0x03,0x97,0x97,0x97,0x8b,0x80,0x38,0x28,0x28,0x28,0x1f,0x03,0xff,0xff,
0xff,0x80,0x7c,0x2a,0xaa,0xaa,0xa4,0x01,0xc1,0x55,0x55,0x55,0x40,0x00,0xbf,0xff,0xff,0xfd,0x00,0x01,0x55,0x55,0x55,0x40,
0x1d,0x1a,0xaa,0xaa,0xa0,0x02,0xc1,0xfa,0xaa,0xaf,0x00,0x38,0x1d,0x00,0x00,0xb0,0x07,0x41,0xd5,0x55,0x5b,0x00,0xb0,0x1f,
0xff,0xff,0xf0,0x1e,0x00,0x1d,0x00,0xb4,0x02,0xd0,0x00,0xe0,0x0e,0x00,0x38,0x1f,0xff,0xff,0xff,0xe7,0x41,0xaa,0xaa,0xaa,
0xaa,
/* U+6fb3 */
0x00,0x00,0x00,0x24,0x00,0x02,0x80,0x00,0x0b,0x40,0x00,0x2f,0x02,0xaa,0xfa,0xaa,0x80,0x7d,0x3e,0xaa,0xaa,0xbc,0x01,0xe3,
0x80,0x14,0x02,0xc0,0x00,0x38,0x92,0x8a,0x2c,0x10,0x03,0x87,0x28,0xd2,0xcb,0x80,0x38,0x76,0xac,0x2c,0x2e,0x03,0x9f,0xff,
0xf6,0xc0,0xb8,0x38,0x0b,0x80,0x2c,0x02,0x83,0x82,0xef,0x42,0xc0,0x00,0x38,0xb2,0x9e,0x2c,0x00,0x03,0x98,0x28,0x62,0xc0,
0x1d,0x38,0x01,0x40,0x2c,0x02,0xc0,0x00,0x38,0x00,0x00,0x38,0x55,0x57,0x95,0x55,0x0b,0x4f,0xff,0xff,0xff,0xf0,0xf0,0x00,
0x1f,0xf4,0x00,0x1e,0x00,0x07,0xd7,0xd0,0x02,0xc0,0x06,0xf4,0x1f,0x80,0x78,0x1b,0xf8,0x00,0x6f,0x97,0x41,0xe8,0x00,0x00,
0x6e,
/* U+6fc2 */
0x00,0x00,0x00,0x28,0x00,0x02,0x80,0x00,0x02,0xc0,0x00,0x1f,0x42,0xaa,0xbf,0xaa,0x90,0x7d,0x3e,0xaa,0xaa,0xa9,0x01,0xe3,
0x82,0x40,0x60,0x00,0x00,0x38,0x2c,0x0b,0x00,0x10,0x03,0xff,0xff,0xff,0xd7,0x80,0x39,0x5e,0x6d,0x54,0x2e,0x03,0x80,0xe1,
0xd0,0x00,0xb8,0x39,0xff,0xff,0xf4,0x02,0x83,0x85,0xe6,0xd7,0x40,0x00,0x38,0x0e,0x1c,0x74,0x00,0x03,0xff,0xff,0xff,0xe0,
0x1d,0x79,0x5e,0x6d,0x74,0x02,0xc7,0x45,0xe6,0xd7,0x40,0x38,0x75,0xff,0xff,0xf4,0x0b,0x4b,0x02,0xe1,0xf4,0x00,0xf0,0xb0,
0x7e,0x1f,0x80,0x1d,0x1e,0x1d,0xe1,0xde,0x02,0xc2,0xdb,0x4e,0x1c,0x7d,0x78,0x38,0xd0,0xe1,0xc0,0xa7,0x43,0x44,0x0e,0x1c,
0x00,0x00,0x00,0x00,0x50,0x40,0x00,
/* U+6fc9 */
0x00,0x00,0x00,0x04,0x60,0x02,0x01,0x55,0x41,0xdb,0x40,0x78,0x2f,0xfd,0x2c,0x78,0x01,0xe2,0xc1,0xd2,0x82,0xc0,0x07,0xac,
0x1d,0x3a,0xae,0x90,0x12,0xc1,0xd7,0xff,0xfe,0x00,0x2c,0x1d,0xf8,0x38,0x0b,0x02,0xff,0xdf,0x83,0x80,0x78,0x2e,0xaf,0xf8,
0x38,0x02,0xe2,0xc1,0xf7,0xeb,0xe8,0x0a,0x2c,0x1e,0x3f,0xff,0xc0,0x02,0xc1,0xd3,0x83,0x80,0x00,0x2e,0xad,0x38,0x38,0x00,
0x02,0xff,0xd3,0x83,0x80,0x07,0x6c,0x1d,0x3e,0xbe,0x80,0xb2,0xc1,0xd3,0xff,0xfc,0x0e,0x2c,0x1d,0x38,0x38,0x01,0xd2,0xc1,
0xd3,0x83,0x80,0x3c,0x2f,0xfd,0x38,0x38,0x07,0x82,0xea,0xd3,0xeb,0xe9,0xb4,0x2c,0x1c,0x3f,0xff,0xeb,0x01,0x40,0x03,0x80,
0x00,0x00,0x00,0x00,0x14,0x00,0x00,
/* U+6fde */
0x00,0x00,0x00,0xa0,0x00,0x02,0x80,0x05,0x5f,0x55,0x40,0x2e,0x00,0xfa,0xaa,0xbc,0x00,0x7c,0x0f,0x55,0x56,0xc0,0x01,0xd0,
0xfa,0xaa,0xbc,0x00,0x04,0x0f,0x55,0x56,0xc0,0x10,0x00,0xfa,0xaa,0xbc,0x07,0x80,0x0e,0x55,0x56,0xc0,0x2e,0x00,0xbf,0xff,
0xfc,0x00,0xb8,0x00,0x00,0x00,0x00,0x02,0x83,0xff,0xff,0xff,0x40,0x00,0x39,0x57,0x95,0x74,0x00,0x03,0xea,0xba,0xab,0x40,
0x28,0x39,0x5b,0x95,0xb4,0x03,0x83,0x95,0x79,0x57,0x40,0x74,0x3f,0xff,0xff,0xf4,0x0b,0x00,0x00,0x00,0x00,0x00,0xe1,0xff,
0xff,0xff,0xfe,0x1d,0x1a,0xae,0xaa,0xfa,0xa2,0xc0,0x02,0xc0,0x0e,0x00,0x38,0x00,0xb8,0x00,0xe0,0x07,0x40,0x3e,0x00,0x0e,
0x00,0x00,0x01,0x00,0x00,0x50,0x00,
/* U+6fe0 */
0x00,0x00,0x00,0xa0,0x00,0x02,0x40,0x00,0x0b,0x40,0x00,0x3d,0x0f,0xff,0xff,0xff,0xd0,0xb4,0x55,0x55,0x55,0x54,0x02,0xd0,
0x6a,0xaa,0xa8,0x00,0x04,0x0b,0xaa,0xaa,0xc0,0x50,0x00,0xb0,0x00,0x2c,0x0b,0x80,0x0b,0xff,0xff,0xc0,0x2e,0x00,0x00,0x00,
0x00,0x00,0xb8,0xaa,0xaa,0xaa,0xa9,0x02,0x4e,0xaa,0xaa,0xaa,0xd0,0x00,0xe0,0x00,0x00,0x1d,0x00,0x0e,0x7f,0xff,0xf9,0xd0,
0x28,0x51,0x7f,0x55,0x04,0x03,0x81,0x6e,0x28,0x07,0x40,0x74,0xb9,0x0b,0xd6,0xe0,0x0b,0x01,0x0b,0x8f,0xf4,0x00,0xe0,0x1b,
0x92,0xf7,0x40,0x1d,0x1f,0x81,0xfb,0x1d,0x03,0xc0,0x41,0xb4,0xb0,0xb8,0x78,0x06,0xf8,0x0b,0x02,0xe7,0x41,0xe4,0x0f,0xd0,
0x04,0x00,0x00,0x00,0x50,0x00,0x00,
/* U+6fee */
0x00,0x00,0x40,0x14,0x10,0x02,0x80,0x0e,0x52,0xcb,0x09,0x2e,0x01,0xdb,0x2c,0xb2,0xc0,0xb8,0x2c,0x3a,0xcb,0x74,0x02,0xc3,
0x81,0x6c,0xb1,0x00,0x00,0x75,0xab,0xeb,0xa9,0x00,0x0f,0x5b,0xfa,0xbf,0x9b,0x02,0xf4,0x0e,0x01,0xc0,0x78,0x3f,0x40,0xb0,
0x28,0x01,0xeb,0x74,0xaf,0xab,0xe8,0x0a,0x57,0x4a,0xab,0xaa,0x80,0x00,0x74,0x00,0x34,0x00,0x00,0x07,0x46,0xab,0xaa,0x40,
0x14,0x74,0x7f,0xff,0xf8,0x03,0x87,0x40,0x07,0x40,0x00,0x74,0x74,0x55,0xb5,0x55,0x0f,0x07,0x5f,0xff,0xff,0xd1,0xe0,0x74,
0x00,0xed,0x00,0x2d,0x07,0x40,0x2d,0xb0,0x03,0x80,0x74,0x0b,0x42,0xd0,0x74,0x07,0x4b,0xd0,0x0b,0x97,0x00,0x75,0xe4,0x00,
0x1e,0x00,0x01,0x00,0x00,0x00,0x00,
/* U+700d */
0x00,0x00,0x00,0x1d,0x00,0x07,0x80,0x15,0x55,0xe5,0x55,0x2e,0x07,0xff,0xff,0xff,0xf0,0xb8,0x74,0x00,0x00,0x00,0x02,0xd7,
0x46,0xaa,0xaa,0x40,0x00,0x74,0xb5,0xb5,0x74,0x10,0x07,0x4b,0xab,0xab,0x4b,0x40,0x74,0xb5,0xb9,0xb4,0x7d,0x07,0x4b,0x5b,
0x57,0x40,0xf4,0x74,0x6a,0xba,0xa4,0x03,0x87,0x45,0x5b,0x55,0x00,0x00,0x74,0xff,0xff,0xf8,0x00,0x07,0x40,0x07,0x00,0x00,
0x28,0x72,0xff,0xff,0xfe,0x03,0x8b,0x15,0xd5,0x69,0x50,0x74,0xa0,0x79,0x11,0xe4,0x0f,0x0a,0x6d,0x07,0x02,0xe1,0xe0,0xe6,
0x6a,0xba,0xa5,0x2d,0x1d,0x06,0xab,0xaa,0x03,0xc3,0x80,0x00,0x70,0x00,0x78,0x74,0x55,0x5b,0x95,0x57,0x4b,0x07,0xff,0xff,
0xfe,0x00,0x10,0x00,0x00,0x00,0x00,
/* U+704c */
0x00,0x00,0x09,0x00,0x90,0x03,0x80,0x15,0xe5,0x5e,0x54,0x2e,0x0b,0xff,0xff,0xff,0xe0,0xb8,0x55,0xf5,0x5e,0x55,0x02,0xd0,
0x09,0x00,0x90,0x00,0x04,0x2f,0xfd,0x3f,0xf8,0x10,0x03,0x96,0xd3,0x96,0x8b,0x40,0x38,0x1d,0x34,0x28,0x2e,0x03,0xea,0xd3,
0xab,0x80,0xb8,0x16,0x55,0x65,0x54,0x02,0x80,0x74,0x1d,0x00,0x00,0x00,0x0f,0xaa,0xfa,0xa9,0x01,0x02,0xfa,0xaf,0xaa,0x90,
0x38,0x7e,0x00,0xb0,0x00,0x07,0x5f,0xfa,0xaf,0xaa,0x80,0xb2,0xde,0xaa,0xfa,0xa4,0x0e,0x10,0xe0,0x0b,0x00,0x01,0xd0,0x0f,
0xff,0xff,0xf8,0x2c,0x00,0xe5,0x5b,0x55,0x43,0x80,0x0e,0x00,0xb0,0x00,0x74,0x00,0xff,0xff,0xff,0xe7,0x00,0x0e,0xaa,0xaa,
0xa9,0x00,0x00,0x50,0x00,0x00,0x00,
/* U+705e */
0x38,0x02,0xaa,0xaa,0xaa,0x82,0xe0,0x15,0x57,0x95,0x54,0x07,0x85,0x55,0x79,0x55,0x40,0x18,0xfa,0xab,0xea,0xbd,0x00,0x0e,
0x00,0x38,0x00,0xd1,0x00,0xe7,0xf3,0x9f,0xcd,0xb4,0x05,0x15,0x38,0x54,0x42,0xd0,0x06,0xa3,0x9a,0x80,0x0b,0x41,0x81,0x40,
0x00,0x00,0x28,0xae,0xae,0x6f,0xfc,0x00,0x06,0xd6,0xd6,0xd5,0xc0,0x00,0x1d,0x6c,0x2c,0x1c,0x01,0x81,0xae,0x42,0xeb,0xc0,
0x2c,0x56,0xd5,0x2e,0xac,0x03,0x87,0xae,0xb2,0xc1,0xc0,0x74,0x71,0xc7,0x2e,0xac,0x0f,0x07,0xff,0xf2,0xea,0xc1,0xd0,0x01,
0xc0,0x28,0x1c,0x2c,0x1f,0xff,0xf7,0x41,0xc3,0x80,0x56,0xd5,0xb0,0x2c,0x24,0x00,0x1c,0x0a,0x1f,0x80,0x00,0x00,0x40,0x00,
0x50,
/* U+706f */
0x00,0x50,0x00,0x00,0x00,0x00,0x0e,0x00,0x00,0x00,0x00,0x00,0xe0,0x1f,0xff,0xff,0xf0,0x0e,0x01,0xaa,0xae,0xa9,0x10,0xe0,
0xd0,0x01,0xe0,0x03,0x8e,0x2d,0x00,0x1e,0x00,0x74,0xeb,0x40,0x01,0xe0,0x07,0x4f,0xd0,0x00,0x1e,0x00,0x74,0xf4,0x00,0x01,
0xe0,0x0b,0x0e,0x00,0x00,0x1e,0x00,0xa0,0xe0,0x00,0x01,0xe0,0x05,0x0e,0x00,0x00,0x1e,0x00,0x01,0xe0,0x00,0x01,0xe0,0x00,
0x1e,0x00,0x00,0x1e,0x00,0x02,0xf4,0x00,0x01,0xe0,0x00,0x2d,0xd0,0x00,0x1e,0x00,0x03,0x8b,0x40,0x01,0xe0,0x00,0x74,0x3c,
0x00,0x1e,0x00,0x0f,0x01,0xd0,0x01,0xe0,0x01,0xe0,0x04,0x00,0x1e,0x00,0x78,0x00,0x00,0x56,0xd0,0x07,0x00,0x00,0x0f,0xfc,
0x00,0x00,0x00,0x00,0x54,0x00,0x00,
/* U+7075 */
0x0a,0xaa,0xaa,0xaa,0xa0,0x07,0xff,0xff,0xff,0xfc,0x00,0x00,0x00,0x00,0x0f,0x00,0x00,0x00,0x00,0x03,0xc0,0x07,0xff,0xff,
0xff,0xf0,0x01,0xaa,0xaa,0xaa,0xbc,0x00,0x00,0x00,0x00,0x0f,0x00,0x00,0x00,0x00,0x03,0xc0,0x2f,0xff,0xff,0xff,0xf0,0x05,
0x55,0x55,0x55,0x54,0x00,0x00,0x02,0x80,0x00,0x00,0x02,0x00,0xf0,0x00,0x90,0x02,0xd0,0x38,0x00,0xb4,0x01,0xe0,0x0f,0x00,
0x78,0x00,0xf0,0x0b,0xe0,0x7c,0x00,0x74,0x07,0xad,0x1d,0x00,0x04,0x07,0xd3,0xd0,0x00,0x00,0x07,0xd0,0x3e,0x40,0x00,0x1f,
0xd0,0x02,0xf9,0x01,0xbf,0x40,0x00,0x1b,0xf9,0xf9,0x00,0x00,0x00,0x6f,0xd0,0x00,0x00,0x00,0x00,0x10,
/* U+7089 */
0x00,0x40,0x00,0x09,0x00,0x00,0x0e,0x00,0x00,0xf0,0x00,0x00,0xe0,0x00,0x07,0x40,0x00,0x0e,0x00,0xaa,0xbe,0xa9,0x00,0xe2,
0x8f,0xff,0xff,0xd2,0x4e,0x78,0xe0,0x00,0x1d,0x74,0xee,0x0e,0x00,0x01,0xd7,0x0f,0x80,0xe0,0x00,0x1d,0x70,0xe0,0x0e,0x00,
0x01,0xdb,0x1d,0x00,0xe5,0x55,0x6d,0xa1,0xd0,0x0f,0xff,0xff,0xde,0x1d,0x00,0xe5,0x55,0x54,0x01,0xd0,0x1d,0x00,0x00,0x00,
0x1e,0x01,0xd0,0x00,0x00,0x02,0xf4,0x1d,0x00,0x00,0x00,0x3a,0xd2,0xc0,0x00,0x00,0x07,0x4b,0x2c,0x00,0x00,0x00,0xb0,0x23,
0x80,0x00,0x00,0x0e,0x00,0xb4,0x00,0x00,0x02,0xd0,0x0e,0x00,0x00,0x00,0x78,0x01,0xd0,0x00,0x00,0x07,0x00,0x1c,0x00,0x00,
0x00,
/* U+708e */
0x00,0x00,0x0a,0x00,0x00,0x00,0x02,0x80,0xb0,0x01,0xd0,0x00,0xb8,0x0b,0x00,0x3c,0x00,0x1e,0x00,0xf0,0x0b,0x40,0x03,0xd0,
0x0e,0x01,0xe0,0x00,0x74,0x02,0xe0,0x18,0x00,0x01,0x00,0x7f,0xe4,0x00,0x00,0x00,0x1f,0x5b,0xe4,0x00,0x00,0x1b,0xd0,0x1b,
0xe4,0x01,0x6f,0xe0,0x00,0x0b,0xe0,0x2f,0xe4,0x05,0x00,0x1b,0x81,0x40,0x00,0xb0,0x00,0x10,0x00,0x28,0x0f,0x00,0x28,0x00,
0x0b,0x40,0xe0,0x07,0x80,0x01,0xe0,0x1f,0x00,0xf0,0x00,0x3c,0x03,0xf8,0x2d,0x00,0x07,0x40,0xba,0xd1,0x80,0x00,0x10,0x2f,
0x0f,0x40,0x00,0x00,0x1b,0x80,0x7e,0x40,0x00,0x1b,0xe0,0x00,0xbe,0x40,0x6f,0xe4,0x00,0x01,0xbf,0x97,0xe4,0x00,0x00,0x01,
0x6d,0x10,0x00,0x00,0x00,0x00,0x00,
/* U+70b9 */
0x00,0x00,0x09,0x00,0x00,0x00,0x00,0x01,0xd0,0x00,0x00,0x00,0x00,0x1e,0x55,0x55,0x40,0x00,0x01,0xff,0xff,0xf8,0x00,0x00,
0x1e,0x55,0x55,0x40,0x00,0x01,0xd0,0x00,0x00,0x00,0x00,0x1d,0x00,0x00,0x00,0x1a,0xaa,0xea,0xaa,0x80,0x02,0xff,0xff,0xff,
0xfc,0x00,0x2c,0x00,0x00,0x02,0xc0,0x02,0xc0,0x00,0x00,0x2c,0x00,0x2c,0x00,0x00,0x02,0xc0,0x02,0xc0,0x00,0x00,0x2c,0x00,
0x2d,0x55,0x55,0x56,0xc0,0x02,0xff,0xff,0xff,0xfc,0x00,0x00,0x00,0x00,0x00,0x00,0x02,0x00,0x00,0x00,0x14,0x00,0x74,0x38,
0x0e,0x02,0xd0,0x0e,0x03,0x80,0xb0,0x0f,0x02,0xd0,0x2c,0x07,0x40,0x78,0x78,0x01,0xd0,0x38,0x02,0xdb,0x00,0x1e,0x02,0xc0,
0x0e,0x00,0x00,0x40,0x14,0x00,0x40,
/* U+70c8 */
0x00,0x00,0x00,0x00,0x01,0x42,0xaa,0xaa,0xa4,0x00,0x74,0x3f,0xff,0xff,0x4e,0x07,0x40,0x07,0x40,0x00,0xe0,0x74,0x00,0xf0,
0x00,0x0e,0x07,0x40,0x1e,0x55,0x50,0xe0,0x74,0x03,0xff,0xfd,0x0e,0x07,0x40,0xf4,0x02,0xc0,0xe0,0x74,0x2f,0x40,0x38,0x0e,
0x07,0x4b,0xbd,0x0b,0x40,0xe0,0x74,0x60,0xb9,0xe0,0x0e,0x07,0x40,0x02,0xfc,0x00,0xe0,0x74,0x00,0x1f,0x40,0x00,0x07,0x40,
0x0b,0xd0,0x00,0x00,0x74,0x1b,0xe0,0x00,0x02,0xaf,0x43,0xe4,0x00,0x00,0x2f,0xe0,0x10,0x00,0x00,0x50,0x04,0x00,0x34,0x38,
0x0e,0x02,0xd0,0x0b,0x43,0xc0,0xb0,0x1f,0x01,0xe0,0x2d,0x07,0x80,0x78,0x3c,0x01,0xd0,0x3c,0x02,0xd7,0x40,0x0e,0x02,0xd0,
0x1d,
/* U+70df */
0x00,0x40,0x00,0x00,0x00,0x00,0x34,0x0a,0xaa,0xaa,0xa0,0x0d,0x03,0xff,0xff,0xfc,0x03,0x40,0xd0,0x00,0x0b,0x00,0xd2,0x74,
0x0a,0x02,0xc9,0x36,0xdd,0x02,0x80,0xb3,0x4f,0xd3,0x40,0xa0,0x2d,0xd3,0xd0,0xd5,0x79,0x4b,0x70,0xe0,0x35,0xff,0xf6,0xdc,
0x34,0x0d,0x07,0x80,0xbb,0x1d,0x03,0x41,0xd0,0x2e,0x87,0x40,0xd0,0xbc,0x0b,0x51,0xd0,0x34,0x2f,0x82,0xc0,0x74,0x0d,0x0e,
0x74,0xb0,0x2f,0x03,0x4b,0x4e,0x2c,0x0f,0xe0,0xd7,0x81,0xdb,0x03,0x9d,0x36,0xc0,0x3a,0xc1,0xd2,0xdd,0x50,0x04,0xb0,0xf0,
0x23,0x40,0x00,0x2c,0x74,0x00,0xea,0xaa,0xaf,0x78,0x00,0x3f,0xff,0xff,0xdd,0x00,0x0d,0x00,0x00,0xb0,0x00,0x01,0x40,0x00,
0x14,
/* U+70e6 */
0x00,0x50,0x00,0x00,0x00,0x00,0x0e,0x01,0xaa,0xaa,0xa9,0x00,0xe0,0x2f,0xff,0xff,0xe0,0x0e,0x00,0x00,0xb4,0x00,0x00,0xe1,
0xc0,0x0b,0x00,0x02,0x4e,0x78,0x55,0xf5,0x54,0x38,0xff,0x0b,0xff,0xff,0x87,0x4f,0x80,0xb5,0x55,0x78,0x74,0xf0,0x0b,0x01,
0x03,0x8b,0x0e,0x00,0xb0,0x74,0x38,0xb0,0xe0,0x0b,0x07,0x43,0x8a,0x0e,0x00,0xb0,0x74,0x38,0x01,0xd0,0x0b,0x07,0x43,0x80,
0x1e,0x00,0xb0,0xb0,0x38,0x02,0xf4,0x0b,0x0b,0x03,0x80,0x2e,0xd0,0xb0,0xb0,0x38,0x03,0x8b,0x4b,0x1e,0x03,0x80,0x74,0x3c,
0x02,0xd6,0x00,0x0f,0x01,0x80,0x78,0xb8,0x02,0xd0,0x00,0x2f,0x01,0xf4,0x78,0x00,0x2f,0x80,0x07,0xd7,0x00,0x0b,0x90,0x00,
0x1e,0x00,0x00,0x10,0x00,0x00,0x40,
/* U+70fd */
0x01,0x40,0x00,0xa0,0x00,0x00,0x2c,0x00,0x1e,0x00,0x00,0x02,0xc0,0x03,0xff,0xff,0x00,0x2c,0x00,0xb9,0x56,0xf0,0x02,0xc1,
0x3f,0x80,0x2d,0x07,0x2c,0xbb,0x5f,0x4b,0x40,0x72,0xed,0x10,0x7f,0xd0,0x0a,0x2f,0x40,0x1b,0xfe,0x40,0xa2,0xc0,0x6f,0xe5,
0xbf,0xae,0x2c,0x1f,0x90,0x50,0x6e,0xd2,0xc0,0x40,0x0e,0x00,0x09,0x2c,0x02,0xaa,0xfa,0xa8,0x02,0xc0,0x2a,0xaf,0xaa,0x80,
0x3c,0x00,0x00,0xe0,0x00,0x03,0xe0,0x05,0x5f,0x55,0x00,0x7b,0x81,0xff,0xff,0xf4,0x0b,0x1e,0x00,0x0e,0x00,0x00,0xe0,0xa0,
0x00,0xe0,0x00,0x1d,0x00,0xaa,0xaf,0xaa,0xa3,0xc0,0x0a,0xaa,0xfa,0xaa,0xb4,0x00,0x00,0x0e,0x00,0x0a,0x00,0x00,0x00,0xe0,
0x00,0x00,0x00,0x00,0x05,0x00,0x00,
/* U+7109 */
0x2f,0xff,0xff,0xff,0xff,0x82,0xaa,0xaa,0xea,0xaa,0xa8,0x00,0x00,0x1d,0x00,0x00,0x00,0x1d,0x01,0xea,0xaa,0x40,0x01,0xd0,
0x1f,0xaa,0xa4,0x00,0x1d,0x01,0xd0,0x00,0x00,0x6a,0xea,0xae,0xaa,0xaa,0x9b,0xff,0xff,0xff,0xff,0xfe,0x00,0xb0,0x00,0x00,
0x00,0x00,0x0b,0x55,0x55,0x55,0x50,0x00,0xff,0xff,0xff,0xff,0x40,0x1e,0x00,0x00,0x00,0x00,0x01,0xd5,0x55,0x55,0x55,0x00,
0x2f,0xff,0xff,0xff,0xf8,0x01,0x55,0x55,0x55,0x57,0x80,0x00,0x00,0x10,0x90,0x38,0x07,0x4a,0x0b,0x0b,0x03,0x80,0xb0,0xb0,
0x74,0x74,0x38,0x1e,0x07,0x47,0x82,0x47,0x43,0xc0,0x74,0x28,0x41,0xb4,0x78,0x02,0x40,0x0b,0xfe,0x00,0x00,0x00,0x00,0x15,
0x00,
/* U+7126 */
0x00,0x60,0x06,0x00,0x00,0x00,0x0b,0x00,0xb4,0x00,0x00,0x01,0xe0,0x03,0x80,0x00,0x00,0x2f,0xaa,0xbe,0xaa,0xa0,0x03,0xea,
0xab,0xea,0xaa,0x00,0xbc,0x00,0x38,0x00,0x00,0x1f,0xc0,0x03,0x80,0x00,0x07,0xff,0xff,0xff,0xff,0x80,0xf7,0xea,0xab,0xea,
0xa8,0x05,0x3c,0x00,0x38,0x00,0x00,0x03,0xc0,0x03,0xc0,0x00,0x00,0x3f,0xff,0xff,0xff,0xc0,0x03,0xd5,0x57,0xd5,0x54,0x00,
0x3c,0x00,0x38,0x00,0x00,0x03,0xd5,0x57,0xd5,0x55,0x00,0x3f,0xff,0xff,0xff,0xf0,0x01,0x55,0x55,0x55,0x55,0x00,0x60,0x14,
0x05,0x01,0x80,0x0b,0x03,0x80,0xe0,0x2d,0x01,0xd0,0x2c,0x0b,0x40,0xf4,0x3c,0x02,0xd0,0x78,0x07,0x87,0x40,0x1e,0x02,0xc0,
0x2d,0x10,0x00,0x40,0x10,0x00,0x00,
/* U+714c */
0x00,0x50,0x00,0x09,0x00,0x00,0x0e,0x00,0x01,0xe0,0x00,0x00,0xe0,0x1a,0xae,0xaa,0x40,0x0e,0x01,0xff,0xff,0xf4,0x00,0xe1,
0x1d,0x00,0x03,0x43,0x4e,0x79,0xd5,0x55,0x74,0x34,0xee,0x1f,0xff,0xff,0x43,0x4f,0x81,0xd5,0x55,0x74,0x70,0xe0,0x1d,0x00,
0x03,0x47,0x0e,0x01,0xff,0xff,0xf4,0xa0,0xe0,0x1a,0xaa,0xaa,0x4a,0x1d,0x00,0x00,0x00,0x00,0x51,0xd0,0x2a,0xaa,0xaa,0x90,
0x1d,0x07,0xff,0xff,0xfd,0x02,0xf0,0x00,0x0e,0x00,0x00,0x2f,0x80,0x00,0xe0,0x00,0x03,0x9d,0x1a,0xaf,0xaa,0x40,0x74,0xb5,
0xaa,0xfa,0xa8,0x0f,0x03,0x40,0x0e,0x00,0x01,0xe0,0x10,0x00,0xe0,0x00,0x3c,0x00,0xaa,0xaf,0xaa,0xa7,0x40,0x0f,0xff,0xff,
0xff,
/* U+7167 */
0x6a,0xa8,0x6a,0xaa,0xa9,0x2f,0xff,0x5f,0xff,0xff,0x8b,0x01,0xd0,0x0e,0x00,0xe2,0xc0,0x74,0x07,0x40,0x38,0xb0,0x1d,0x07,
0x80,0x1d,0x2c,0x07,0x4b,0xd0,0x5b,0x4b,0x56,0xdb,0x80,0x7f,0x82,0xff,0xf5,0x40,0x05,0x00,0xb5,0x6d,0x1a,0xaa,0xa8,0x2c,
0x07,0x4f,0xff,0xff,0x4b,0x01,0xd3,0xc0,0x01,0xd2,0xc0,0x74,0xf0,0x00,0x74,0xb0,0x1d,0x3c,0x00,0x1d,0x2f,0xff,0x4f,0xaa,
0xaf,0x46,0xaa,0x92,0xaa,0xaa,0x90,0x00,0x00,0x00,0x00,0x40,0x2c,0x09,0x02,0x80,0xb0,0x0e,0x03,0x80,0xb0,0x1e,0x07,0x40,
0xb0,0x1d,0x02,0xd2,0xc0,0x2c,0x03,0x80,0x3c,0xe0,0x07,0x40,0xb0,0x07,0x50,0x00,0x40,0x14,0x00,0x40,
/* U+7184 */
0x00,0x40,0x00,0x18,0x00,0x00,0x1d,0x00,0x03,0xc0,0x00,0x01,0xd0,0x1f,0xff,0xfe,0x00,0x1d,0x01,0xea,0xaa,0xf0,0x01,0xd1,
0x1d,0x00,0x0b,0x02,0x1d,0xb1,0xd5,0x55,0xb0,0x71,0xed,0x1f,0xff,0xff,0x07,0x1f,0x41,0xd0,0x00,0xb0,0xb1,0xd0,0x1d,0x00,
0x0b,0x0a,0x1c,0x01,0xff,0xff,0xf0,0xa1,0xc0,0x1d,0x55,0x5b,0x0a,0x2c,0x01,0xd0,0x00,0xb0,0x02,0xc0,0x1e,0xaa,0xaf,0x00,
0x2c,0x01,0xaa,0xaa,0xa0,0x03,0xd0,0x00,0x00,0x00,0x00,0x3f,0x42,0x1c,0xa0,0x10,0x07,0x6c,0x75,0xc7,0x47,0x40,0xb0,0xeb,
0x1c,0x28,0x28,0x0e,0x0a,0xe1,0xc0,0x19,0xd2,0xd0,0x1d,0x1c,0x02,0xca,0x78,0x01,0xc1,0xe5,0x78,0x5b,0x00,0x00,0x0b,0xfe,
0x40,
/* U+719f */
0x00,0x50,0x00,0x09,0x00,0x00,0x0b,0x40,0x00,0xe0,0x00,0xff,0xff,0xfc,0x0e,0x00,0x05,0x55,0x55,0x40,0xe0,0x00,0x1a,0xaa,
0x92,0xff,0xfd,0x01,0xea,0xae,0x1a,0xea,0xd0,0x1d,0x00,0xe0,0x0e,0x1d,0x01,0xff,0xfe,0x01,0xd1,0xd0,0x05,0x55,0x52,0x5d,
0x1d,0x02,0xaa,0xa9,0x2f,0xc1,0xd0,0x2a,0xab,0xd0,0xbc,0x1d,0x00,0x01,0xe0,0x07,0xd1,0xd0,0x00,0x7d,0xa4,0xbf,0x0d,0x7f,
0xff,0xea,0x1e,0x78,0xd7,0x54,0x38,0x03,0xc2,0x8b,0xe0,0x07,0x80,0xf4,0x00,0x7d,0x0b,0xf4,0x0d,0x00,0x00,0x00,0x14,0x00,
0x05,0x02,0x80,0x07,0x43,0x80,0xf0,0x2d,0x01,0xe0,0x2c,0x0b,0x40,0xf0,0x7c,0x02,0xd0,0x78,0x07,0x8b,0x40,0x1d,0x03,0xc0,
0x2d,0x00,0x00,0x40,0x14,0x00,0x40,
/* U+7231 */
0x05,0x55,0x56,0xaa,0xff,0x07,0xff,0xff,0xff,0xea,0x40,0x55,0x55,0x50,0x06,0x00,0x03,0xc0,0x74,0x03,0xc0,0x00,0xb4,0x0e,
0x01,0xd0,0x0a,0xae,0xab,0xea,0xfa,0xa3,0xff,0xff,0xff,0xff,0xfc,0xf0,0x05,0x00,0x00,0x0b,0x3c,0x02,0xc0,0x00,0x02,0xc5,
0xaa,0xfa,0xaa,0xaa,0x50,0x3f,0xff,0xff,0xff,0xc0,0x00,0x2d,0x00,0x00,0x00,0x00,0x0f,0x00,0x00,0x00,0x00,0x0b,0xff,0xff,
0xfd,0x00,0x03,0xf9,0x55,0x5f,0x00,0x02,0xdb,0x80,0x1e,0x00,0x01,0xe0,0x7d,0x1e,0x00,0x01,0xf0,0x02,0xfe,0x00,0x01,0xf4,
0x01,0xbf,0xa4,0x01,0xf4,0x6b,0xf8,0x6f,0xe9,0x24,0x2f,0x90,0x00,0xaf,0x80,0x01,0x00,0x00,0x00,0x00,
/* U+7248 */
0x00,0x05,0x00,0x00,0x00,0x41,0xd0,0xe0,0x00,0x56,0xfc,0x1d,0x0e,0x0b,0xff,0xfa,0x41,0xd0,0xe0,0xb9,0x50,0x00,0x1d,0x0e,
0x0b,0x00,0x00,0x01,0xd0,0xe0,0xb0,0x00,0x00,0x1d,0x0e,0x0b,0x00,0x00,0x01,0xff,0xfc,0xba,0xaa,0xa8,0x1e,0xaa,0x8b,0xff,
0xff,0xc1,0xd0,0x00,0xb3,0x80,0x38,0x1d,0x00,0x0b,0x28,0x07,0x41,0xd0,0x00,0xb2,0xc0,0x74,0x1f,0xff,0x0b,0x1d,0x0b,0x01,
0xea,0xf0,0xa0,0xe1,0xe0,0x2c,0x0b,0x0e,0x0b,0x6c,0x02,0xc0,0xb0,0xe0,0x3b,0x80,0x2c,0x0b,0x0d,0x02,0xf0,0x03,0x80,0xb1,
0xd0,0x2f,0x00,0x78,0x0b,0x2c,0x0b,0xfc,0x0b,0x40,0xb3,0x82,0xe1,0xe4,0xe0,0x0b,0x75,0xf8,0x0b,0xd5,0x00,0xb3,0x2d,0x00,
0x1e,0x00,0x05,0x00,0x00,0x00,0x00,
/* U+724c */
0x00,0x04,0x00,0x0a,0x00,0x01,0xc1,0xd0,0x00,0xe0,0x00,0x1d,0x1d,0x05,0x6e,0x55,0x41,0xd1,0xd0,0xff,0xff,0xf8,0x1d,0x1d,
0x0d,0x0b,0x03,0x81,0xd1,0xd0,0xd0,0x70,0x38,0x1d,0x1d,0x0d,0x0b,0x43,0x81,0xff,0xf8,0xff,0xff,0xf8,0x1e,0xaa,0x4e,0x5b,
0x57,0x81,0xd0,0x00,0xd0,0xb0,0x38,0x2c,0x00,0x0d,0x0e,0x03,0x82,0xc0,0x00,0xff,0xff,0xf8,0x2f,0xfe,0x0a,0xbe,0xaa,0x42,
0xea,0xe0,0x07,0x85,0x00,0x2c,0x0e,0x02,0xe0,0xe0,0x02,0x80,0xe0,0x74,0x0e,0x00,0x38,0x0e,0x7f,0xff,0xff,0xe3,0x80,0xe6,
0xaa,0xaf,0xaa,0x74,0x0e,0x00,0x00,0xe0,0x0b,0x00,0xe0,0x00,0x0e,0x00,0xe0,0x0e,0x00,0x00,0xe0,0x0d,0x00,0xe0,0x00,0x0e,
0x00,0x40,0x00,0x00,0x00,0x50,0x00,
/* U+7259 */
0x2a,0xaa,0xaa,0xaa,0xa9,0x1f,0xff,0xff,0xff,0xff,0x40,0x00,0x00,0x02,0xd0,0x00,0x19,0x00,0x00,0xb4,0x00,0x0b,0x00,0x00,
0x2d,0x00,0x02,0xc0,0x00,0x0b,0x40,0x00,0xe0,0x00,0x02,0xd0,0x00,0x38,0x00,0x00,0xb4,0x00,0x1e,0xaa,0xaa,0xbe,0xaa,0x4b,
0xff,0xff,0xff,0xff,0xd0,0x00,0x00,0x7a,0xd0,0x00,0x00,0x00,0x3c,0xb4,0x00,0x00,0x00,0x2d,0x2d,0x00,0x00,0x00,0x2d,0x0b,
0x40,0x00,0x00,0x3d,0x02,0xd0,0x00,0x00,0x7d,0x00,0xb4,0x00,0x00,0xb8,0x00,0x2d,0x00,0x02,0xf8,0x00,0x0b,0x40,0x0b,0xe4,
0x00,0x02,0xd0,0x03,0x90,0x00,0x95,0xf0,0x00,0x40,0x00,0x3f,0xf8,0x00,0x00,
/* U+725b */
0x00,0x00,0x06,0x40,0x00,0x00,0x06,0x00,0x74,0x00,0x00,0x00,0xb0,0x07,0x40,0x00,0x00,0x1e,0x00,0x74,0x00,0x00,0x02,0xd0,
0x07,0x40,0x00,0x00,0x3e,0xaa,0xba,0xaa,0xa4,0x0b,0xff,0xff,0xff,0xff,0x41,0xe0,0x00,0x74,0x00,0x00,0x2d,0x00,0x07,0x40,
0x00,0x0b,0x80,0x00,0x74,0x00,0x00,0x70,0x00,0x07,0x40,0x00,0x00,0x00,0x00,0x74,0x00,0x00,0x00,0x00,0x07,0x40,0x00,0x07,
0xff,0xff,0xff,0xff,0xfe,0x7f,0xff,0xff,0xff,0xff,0xe0,0x00,0x00,0x74,0x00,0x00,0x00,0x00,0x07,0x40,0x00,0x00,0x00,0x00,
0x74,0x00,0x00,0x00,0x00,0x07,0x40,0x00,0x00,0x00,0x00,0x74,0x00,0x00,0x00,0x00,0x07,0x40,0x00,0x00,0x00,0x00,0x74,0x00,
0x00,0x00,0x00,0x01,0x00,0x00,0x00,
/* U+725f */
0x00,0x00,0x90,0x00,0x00,0x00,0x00,0x2d,0x00,0x80,0x00,0x00,0x0b,0x80,0x1e,0x00,0x00,0x02,0xe0,0x00,0x7c,0x00,0x01,0xf4,
0x00,0x01,0xf0,0x00,0x7e,0x6a,0xaf,0xff,0xc0,0x0b,0xff,0xfa,0xa9,0x5f,0x00,0x05,0x00,0x50,0x00,0xb0,0x00,0xb4,0x0b,0x00,
0x00,0x00,0x0f,0x00,0xb0,0x00,0x00,0x01,0xea,0xaf,0xaa,0xa9,0x00,0x3f,0xff,0xff,0xff,0xe0,0x0b,0x40,0x0b,0x00,0x00,0x01,
0xe0,0x00,0xb0,0x00,0x00,0x08,0x00,0x0b,0x00,0x00,0x06,0xaa,0xaa,0xfa,0xaa,0xa9,0x7f,0xff,0xff,0xff,0xff,0xd0,0x00,0x00,
0xb4,0x00,0x00,0x00,0x00,0x0b,0x00,0x00,0x00,0x00,0x00,0xb0,0x00,0x00,0x00,0x00,0x0b,0x00,0x00,0x00,0x00,0x00,0xb0,0x00,
0x00,0x00,0x00,0x05,0x00,0x00,0x00,
/* U+7261 */
0x00,0x28,0x00,0x02,0x40,0x00,0x03,0xc0,0x00,0x38,0x00,0x19,0x3c,0x00,0x03,0x80,0x01,0xd3,0xc0,0x00,0x38,0x00,0x2c,0x3c,
0x00,0x03,0x80,0x02,0xeb,0xe9,0x00,0x38,0x00,0x2f,0xff,0xd0,0x03,0x80,0x03,0x83,0xc0,0x6a,0xbe,0xa8,0x74,0x3c,0x0b,0xff,
0xff,0xdb,0x43,0xc0,0x00,0x78,0x00,0x60,0x3c,0x00,0x03,0x80,0x00,0x03,0xc0,0x00,0x38,0x00,0x00,0x3d,0x90,0x03,0x80,0x00,
0x17,0xfd,0x00,0x38,0x00,0x6f,0xfd,0x00,0x03,0x80,0x07,0x97,0xc0,0x00,0x38,0x00,0x00,0x3c,0x00,0x03,0x80,0x00,0x03,0xc0,
0x00,0x38,0x00,0x00,0x3c,0x00,0x03,0x80,0x00,0x03,0xc0,0x00,0x78,0x00,0x00,0x3c,0x2f,0xff,0xff,0xf0,0x03,0xc1,0xaa,0xaa,
0xaa,0x00,0x14,0x00,0x00,0x00,0x00,
/* U+7267 */
0x00,0x18,0x00,0x64,0x00,0x00,0x02,0xc0,0x0b,0x40,0x00,0x2c,0x2c,0x00,0xb0,0x00,0x02,0xc2,0xc0,0x0e,0x00,0x00,0x2c,0x2c,
0x01,0xfa,0xaa,0x92,0xeb,0xe9,0x2f,0xff,0xfd,0x3f,0xff,0xd3,0x80,0x1d,0x03,0x42,0xc0,0xb8,0x02,0xc0,0x74,0x2c,0x1f,0xc0,
0x2c,0x0b,0x02,0xc2,0xdd,0x02,0xc0,0xe0,0x2c,0x38,0xe0,0x38,0x01,0x02,0xc1,0x07,0x07,0x80,0x00,0x2c,0x50,0x38,0xb0,0x00,
0x07,0xfe,0x02,0xde,0x00,0x6b,0xfe,0x40,0x0f,0xd0,0x0b,0xe7,0xc0,0x00,0xbc,0x00,0x40,0x2c,0x00,0x0b,0xc0,0x00,0x02,0xc0,
0x02,0xef,0x00,0x00,0x2c,0x00,0xb8,0x78,0x00,0x02,0xc0,0x6e,0x01,0xf4,0x00,0x2c,0x2f,0x80,0x07,0xe0,0x02,0xc7,0x80,0x00,
0x1e,0x00,0x14,0x00,0x00,0x00,0x00,
/* U+7279 */
0x00,0x64,0x00,0x06,0x40,0x00,0x07,0x40,0x00,0x74,0x00,0x18,0x74,0x00,0x07,0x40,0x03,0x87,0x40,0xbf,0xff,0xf8,0x38,0x74,
0x06,0xab,0xaa,0x43,0xeb,0xa4,0x00,0x74,0x00,0x3f,0xff,0x40,0x07,0x40,0x07,0x47,0x42,0xaa,0xba,0xaa,0xb0,0x74,0x3f,0xff,
0xff,0xfe,0x07,0x40,0x00,0x00,0x00,0x50,0x74,0x00,0x00,0x18,0x00,0x07,0x40,0x55,0x56,0xd4,0x00,0x7a,0x9f,0xff,0xff,0xe0,
0x1b,0xf4,0x55,0x56,0xd5,0x6f,0xf8,0x01,0x00,0x2c,0x0b,0x97,0x40,0xb4,0x02,0xc0,0x00,0x74,0x03,0xc0,0x2c,0x00,0x07,0x40,
0x1e,0x02,0xc0,0x00,0x74,0x00,0xa0,0x2c,0x00,0x07,0x40,0x00,0x02,0xc0,0x00,0x74,0x00,0x05,0x7c,0x00,0x07,0x40,0x00,0xff,
0x80,0x00,0x10,0x00,0x05,0x40,0x00,
/* U+7281 */
0x00,0x00,0x54,0x00,0x06,0x42,0xaf,0xff,0xe0,0x90,0x74,0x1a,0xae,0x40,0x0e,0x07,0x40,0x01,0xd0,0x00,0xe0,0x74,0x3f,0xff,
0xff,0x0e,0x07,0x41,0x57,0xe5,0x50,0xe0,0x74,0x00,0xbf,0x40,0x0e,0x07,0x40,0x79,0xef,0x80,0xe0,0x74,0x2e,0x1d,0x2e,0x00,
0x07,0x47,0x81,0xd0,0x40,0x1a,0xf0,0x10,0x14,0x02,0x80,0xa9,0x00,0x07,0x80,0x3c,0x00,0x00,0x00,0xb9,0x57,0xd5,0x55,0x00,
0x1f,0xff,0xff,0xff,0xf0,0x03,0xd0,0x03,0xc0,0x00,0x00,0xb4,0x00,0x3c,0x00,0x00,0x01,0x00,0x03,0xc0,0x00,0x02,0xff,0xff,
0xff,0xff,0xfe,0x2a,0xaa,0xab,0xea,0xaa,0x90,0x00,0x00,0x3c,0x00,0x00,0x00,0x00,0x03,0xc0,0x00,0x00,0x00,0x00,0x3c,0x00,
0x00,0x00,0x00,0x01,0x40,0x00,0x00,
/* U+728d */
0x00,0x90,0x00,0x00,0x40,0x00,0x1d,0x00,0x00,0x0d,0x00,0x25,0xd2,0xaa,0x16,0xe5,0x43,0x5d,0x1a,0xf2,0xbf,0xbc,0x35,0xd0,
0x0e,0x00,0xd2,0xc7,0xae,0x82,0xd0,0x1d,0x2c,0x7f,0xfc,0x38,0xbf,0xff,0xfb,0x1d,0x0b,0x41,0x5d,0x6c,0xa1,0xd0,0xf0,0x00,
0xd2,0xce,0x1d,0x1f,0xf2,0xaf,0xbc,0x51,0xd0,0x5b,0x1a,0xea,0x40,0x1d,0x00,0x70,0x0d,0x00,0x01,0xed,0x4a,0x15,0xe5,0x40,
0x2f,0xac,0xa3,0xff,0xf8,0x6f,0xd1,0xde,0x00,0xd0,0x0b,0x5d,0x0e,0xd1,0x5e,0x54,0x01,0xd0,0xbc,0xbf,0xff,0xd0,0x1d,0x07,
0x80,0x1d,0x00,0x01,0xd0,0x7d,0x00,0xd0,0x00,0x1d,0x1e,0xb9,0x09,0x00,0x01,0xd3,0xc1,0xfe,0xaa,0x90,0x1d,0x74,0x01,0xab,
0xfe,0x00,0x40,0x00,0x00,0x00,0x00,
/* U+72b9 */
0x00,0x00,0x00,0x60,0x00,0x02,0x80,0x60,0x0b,0x0a,0x00,0x2d,0x0f,0x00,0xb0,0x78,0x00,0xf6,0xd0,0x0b,0x01,0xe0,0x07,0xf4,
0x00,0xb0,0x06,0x00,0x2e,0x00,0x0b,0x00,0x00,0x1f,0xf0,0xaa,0xfa,0xaa,0x9b,0xdb,0x0b,0xff,0xff,0xfd,0x60,0x74,0x00,0xb3,
0x80,0x00,0x03,0x80,0x0e,0x38,0x00,0x00,0xb8,0x00,0xe3,0x80,0x00,0x1f,0x80,0x1d,0x38,0x00,0x03,0xec,0x01,0xd3,0x80,0x01,
0xf2,0xc0,0x2c,0x38,0x00,0x7d,0x2c,0x03,0x83,0x80,0x0b,0x42,0xc0,0x74,0x38,0x00,0x10,0x2c,0x0b,0x03,0x80,0x90,0x02,0xc1,
0xe0,0x38,0x0a,0x00,0x38,0x2d,0x03,0x80,0xe0,0x03,0x87,0x80,0x3c,0x0e,0x15,0xb5,0xf0,0x02,0xea,0xd2,0xfe,0x1d,0x00,0x1b,
0xf8,
/* U+72ec */
0x00,0x00,0x00,0x09,0x00,0x01,0x80,0x74,0x00,0xe0,0x00,0x2e,0x0f,0x00,0x0e,0x00,0x00,0xba,0xd0,0x00,0xe0,0x00,0x02,0xf8,
0x2a,0xaf,0xaa,0x40,0x6f,0x03,0xff,0xff,0xf8,0x2f,0xf4,0x38,0x0e,0x03,0x87,0xd7,0x43,0x80,0xe0,0x38,0x20,0x38,0x38,0x0e,
0x03,0x80,0x03,0xc3,0x80,0xe0,0x38,0x00,0x7c,0x38,0x0e,0x03,0x80,0x1f,0xc3,0x80,0xe0,0x38,0x07,0xdd,0x3e,0xaf,0xab,0x81,
0xf5,0xd3,0xff,0xff,0xf8,0x7d,0x1d,0x00,0x0e,0x00,0x07,0x01,0xd0,0x00,0xe0,0x90,0x00,0x1d,0x00,0x0e,0x0b,0x00,0x01,0xd0,
0x00,0xe0,0x74,0x00,0x2c,0x00,0x0e,0x03,0x80,0x03,0xc0,0x01,0xea,0xfc,0x15,0xb8,0xbf,0xff,0xfa,0xd1,0xfe,0x0b,0xa9,0x50,
0x1d,0x00,0x00,0x00,0x00,0x00,0x40,
/* U+72ee */
0x00,0x00,0x05,0x00,0x00,0x02,0x07,0x40,0xe6,0xaa,0xaa,0x78,0xb0,0x0e,0x7f,0xff,0xe2,0xed,0x14,0xe0,0x0b,0x00,0x0f,0x83,
0x8e,0x00,0xb0,0x00,0xf4,0x38,0xe1,0x5b,0x54,0x7f,0x83,0x8e,0x3f,0xff,0xdf,0x68,0x38,0xe3,0x8b,0x1d,0x41,0xc3,0x8e,0x38,
0xb1,0xd0,0x1d,0x38,0xe3,0x8b,0x1d,0x02,0xd3,0x8e,0x38,0xb1,0xd0,0x7d,0x38,0xe3,0x8b,0x1d,0x0e,0xd3,0x8e,0x38,0xb1,0xd2,
0xce,0x38,0xe3,0x8b,0x1d,0xb0,0xe3,0x8e,0x38,0xb1,0xd5,0x0e,0x38,0xd3,0x8b,0x1d,0x00,0xe0,0x1d,0x38,0xb1,0xd0,0x0e,0x02,
0xc3,0x8b,0x1d,0x00,0xe0,0x38,0x38,0xbf,0xc0,0x1d,0x0b,0x41,0x4b,0x50,0x6b,0xc1,0xe0,0x00,0xb0,0x03,0xe4,0x2c,0x00,0x0b,
0x00,0x00,0x00,0x00,0x00,0x10,0x00,
/* U+7307 */
0x00,0x00,0x00,0x14,0x00,0x02,0x80,0x90,0x03,0x95,0x50,0x2d,0x2d,0x00,0x3f,0xff,0x40,0xf7,0x80,0x03,0xd5,0x50,0x07,0xf0,
0x00,0x38,0x00,0x00,0x7d,0x07,0xff,0xff,0xfd,0x1f,0xd0,0x75,0x7d,0x56,0xc7,0xde,0x07,0x42,0x80,0x28,0x60,0xb0,0x75,0x7e,
0xb6,0x40,0x07,0x07,0xff,0xe5,0x14,0x00,0xb4,0x74,0x28,0x03,0x80,0x2f,0x47,0x42,0xea,0xb4,0x07,0xb4,0x70,0x0a,0xa9,0x01,
0xe3,0x47,0x00,0x00,0x00,0x78,0x38,0xb0,0xbf,0xf4,0x07,0x03,0x4a,0x0b,0x5b,0x40,0x00,0x34,0xa0,0xa0,0x74,0x00,0x07,0x4e,
0x0e,0x07,0x45,0x00,0x75,0xd0,0xd0,0x74,0x70,0x0b,0x2c,0x2c,0x07,0x4a,0x16,0xf3,0x87,0x80,0x39,0xe2,0xf9,0x70,0xb0,0x02,
0xf9,
/* U+7317 */
0x00,0x00,0x00,0x05,0x00,0x02,0x80,0xa0,0x00,0xb0,0x00,0x2d,0x2e,0x6a,0xaf,0xaa,0x80,0xf7,0x87,0xff,0xff,0xfc,0x07,0xf0,
0x00,0x2d,0x00,0x00,0x7d,0x00,0x07,0xf9,0x00,0x2f,0xe0,0x06,0xe1,0xf9,0x0b,0x8b,0x07,0xf4,0x01,0xf8,0x50,0x74,0x24,0x00,
0x02,0x40,0x07,0x46,0xaa,0xaa,0xa9,0x00,0xb8,0xff,0xff,0xff,0xe0,0x2f,0x80,0x00,0x00,0xe0,0x07,0xb8,0x00,0x00,0x0e,0x02,
0xe3,0x82,0xff,0xe0,0xe0,0xb8,0x2c,0x2d,0x5e,0x0e,0x06,0x03,0x82,0xc0,0xa0,0xe0,0x00,0x38,0x2c,0x0a,0x0e,0x00,0x03,0x82,
0xea,0xe0,0xe0,0x00,0x38,0x2a,0xaa,0x0e,0x00,0x07,0x40,0x00,0x00,0xe0,0x16,0xf0,0x00,0x01,0x1e,0x02,0xf9,0x00,0x00,0x3f,
0xd0,0x00,0x00,0x00,0x01,0x50,0x00,
/* U+732e */
0x00,0x09,0x00,0x00,0x90,0x00,0x01,0xd0,0x00,0x1d,0x10,0x00,0x1d,0x00,0x01,0xdb,0x0f,0xff,0xff,0xf4,0x1d,0x38,0xaa,0xbe,
0xaa,0x01,0xd1,0xd0,0x03,0x80,0x00,0x1d,0x09,0x00,0x38,0x00,0x01,0xd0,0x03,0xff,0xff,0xdb,0xff,0xfd,0x39,0x55,0x5d,0x56,
0xe5,0x53,0x44,0x14,0xd0,0x2e,0x00,0x35,0xc2,0x8d,0x02,0xf0,0x03,0x49,0x34,0xd0,0x3f,0x00,0x35,0xfb,0x8d,0x03,0xb4,0x03,
0x5b,0xe8,0xd0,0x76,0x80,0x34,0x2c,0x0d,0x07,0x28,0x03,0x56,0xd4,0xd0,0xa1,0xc0,0x37,0xff,0xdd,0x1d,0x0d,0x03,0x42,0xc0,
0xd2,0xd0,0xb0,0x34,0x2c,0x0d,0x38,0x07,0x43,0x42,0xc0,0xdb,0x40,0x2c,0x34,0x2c,0x6d,0xe0,0x01,0xe3,0x41,0x8f,0x9c,0x00,
0x0a,
/* U+7384 */
0x00,0x00,0x18,0x00,0x00,0x00,0x00,0x01,0xd0,0x00,0x00,0x00,0x00,0x0e,0x00,0x00,0x05,0x55,0x55,0xf9,0x55,0x55,0xbf,0xff,
0xff,0xff,0xff,0xe1,0x55,0x5f,0x55,0x55,0x54,0x00,0x02,0xd0,0x00,0x00,0x00,0x00,0x78,0x00,0x2d,0x00,0x00,0x1e,0x00,0x07,
0x80,0x00,0x03,0xc0,0x01,0xf0,0x00,0x00,0xf4,0x00,0x7c,0x00,0x00,0x7d,0x55,0xaf,0x40,0x00,0x0f,0xff,0xff,0xd0,0x00,0x00,
0x55,0x40,0xf4,0x04,0x00,0x00,0x00,0x3d,0x01,0xe0,0x00,0x00,0x0f,0x40,0x0f,0x00,0x00,0x07,0xd0,0x00,0x78,0x00,0x01,0xf4,
0x00,0x02,0xd0,0x00,0xbc,0x00,0x05,0x6e,0x00,0x7e,0x5a,0xbf,0xff,0xf0,0x0f,0xff,0xff,0xa5,0x47,0x80,0x65,0x50,0x00,0x00,
0x38,0x00,0x00,0x00,0x00,0x01,0x00,
/* U+7389 */
0x15,0x55,0x55,0x55,0x55,0x43,0xff,0xff,0xff,0xff,0xfc,0x15,0x55,0x5f,0x55,0x55,0x40,0x00,0x00,0xf0,0x00,0x00,0x00,0x00,
0x0f,0x00,0x00,0x00,0x00,0x00,0xf0,0x00,0x00,0x00,0x00,0x0f,0x00,0x00,0x00,0x00,0x00,0xf0,0x00,0x00,0x00,0x00,0x0f,0x00,
0x00,0x00,0xff,0xff,0xff,0xff,0xf0,0x06,0xaa,0xaf,0xaa,0xa9,0x00,0x00,0x00,0xf0,0x00,0x00,0x00,0x00,0x0f,0x02,0xc0,0x00,
0x00,0x00,0xf0,0x1e,0x00,0x00,0x00,0x0f,0x00,0xb4,0x00,0x00,0x00,0xf0,0x02,0xc0,0x00,0x00,0x0f,0x00,0x1e,0x00,0x00,0x00,
0xf0,0x00,0x40,0x15,0x55,0x5f,0x55,0x55,0x4b,0xff,0xff,0xff,0xff,0xfe,0x55,0x55,0x55,0x55,0x55,0x50,
/* U+738b */
0x15,0x55,0x55,0x55,0x55,0x42,0xff,0xff,0xff,0xff,0xf8,0x05,0x55,0x5f,0x55,0x55,0x00,0x00,0x00,0xf0,0x00,0x00,0x00,0x00,
0x0f,0x00,0x00,0x00,0x00,0x00,0xf0,0x00,0x00,0x00,0x00,0x0f,0x00,0x00,0x00,0x00,0x00,0xf0,0x00,0x00,0x00,0x00,0x0f,0x00,
0x00,0x00,0x7f,0xff,0xff,0xff,0xd0,0x06,0xaa,0xaf,0xaa,0xa9,0x00,0x00,0x00,0xf0,0x00,0x00,0x00,0x00,0x0f,0x00,0x00,0x00,
0x00,0x00,0xf0,0x00,0x00,0x00,0x00,0x0f,0x00,0x00,0x00,0x00,0x00,0xf0,0x00,0x00,0x00,0x00,0x0f,0x00,0x00,0x00,0x00,0x00,
0xf0,0x00,0x00,0x55,0x55,0x5f,0x55,0x55,0x57,0xff,0xff,0xff,0xff,0xfd,0x15,0x55,0x55,0x55,0x55,0x40,
/* U+739b */
0x00,0x00,0x1a,0xaa,0xa9,0x2f,0xff,0xe7,0xff,0xff,0x86,0xbe,0xa4,0x00,0x00,0xe0,0x0b,0x40,0x01,0x00,0x74,0x02,0xd0,0x02,
0xc0,0x1d,0x00,0xb4,0x00,0xb0,0x07,0x40,0x2d,0x00,0x38,0x02,0xc0,0x0b,0x40,0x0e,0x00,0xb0,0x6b,0xea,0x07,0x40,0x38,0x1f,
0xff,0xc1,0xd0,0x0e,0x00,0x2d,0x00,0xbf,0xff,0xfc,0x0b,0x40,0x1a,0xaa,0xab,0x02,0xd0,0x00,0x00,0x01,0xc0,0xb4,0x00,0x00,
0x00,0x70,0x2d,0x05,0x55,0x55,0x2c,0x0b,0xae,0xbf,0xff,0x8b,0x6b,0xfa,0x40,0x00,0x02,0xef,0x90,0x00,0x00,0x00,0xa0,0x00,
0x00,0x00,0x00,0x78,0x00,0x00,0x00,0x66,0xbd,0x00,0x00,0x00,0x1f,0xfd,0x00,
/* U+73af */
0x00,0x00,0x15,0x55,0x55,0x4a,0xaa,0xa3,0xff,0xff,0xfd,0xbf,0xff,0x15,0x57,0x95,0x40,0x2c,0x00,0x00,0x74,0x00,0x02,0xc0,
0x00,0x0b,0x00,0x00,0x2c,0x00,0x01,0xf0,0x00,0x02,0xc0,0x00,0x2e,0x00,0x00,0x2c,0x00,0x07,0xe6,0x00,0x7f,0xfe,0x00,0xbe,
0x78,0x06,0xbe,0xa0,0x2d,0xe2,0xd0,0x02,0xc0,0x07,0x8e,0x0f,0x40,0x2c,0x01,0xf0,0xe0,0x78,0x02,0xc0,0x7d,0x0e,0x02,0xe0,
0x2c,0x0f,0x40,0xe0,0x0f,0x02,0xc1,0x50,0x0e,0x00,0x40,0x2e,0xf4,0x00,0xe0,0x00,0x6f,0xe9,0x00,0x0e,0x00,0x0b,0x90,0x00,
0x00,0xe0,0x00,0x00,0x00,0x00,0x0e,0x00,0x00,0x00,0x00,0x00,0xe0,0x00,0x00,0x00,0x00,0x0e,0x00,0x00,0x00,0x00,0x00,0x50,
0x00,
/* U+73b0 */
0x00,0x00,0x1a,0xaa,0xaa,0x0b,0xff,0xf2,0xff,0xff,0xf0,0xab,0xea,0x2c,0x00,0x0b,0x00,0x2c,0x02,0xc0,0x40,0xb0,0x02,0xc0,
0x2c,0x1d,0x0b,0x00,0x2c,0x02,0xc1,0xd0,0xb0,0x02,0xc0,0x2c,0x1d,0x0b,0x00,0x2c,0x02,0xc1,0xd0,0xb0,0x6b,0xea,0x2c,0x1d,
0x0b,0x07,0xff,0xe2,0xc1,0xd0,0xb0,0x02,0xc0,0x2c,0x1d,0x0b,0x00,0x2c,0x02,0xc1,0xd0,0xb0,0x02,0xc0,0x2c,0x2c,0x0b,0x00,
0x2c,0x01,0x82,0xd4,0x60,0x02,0xc2,0x00,0x3b,0x80,0x00,0x2e,0xf0,0x07,0x78,0x00,0x6f,0xe4,0x01,0xf3,0x80,0x5b,0x90,0x00,
0x7d,0x38,0x0b,0x00,0x00,0x1f,0x43,0xc0,0xb0,0x00,0x1f,0xd0,0x2e,0xae,0x00,0x03,0xe0,0x01,0xbf,0x90,0x00,0x10,0x00,0x00,
0x00,
/* U+73d9 */
0x00,0x00,0x01,0x40,0x10,0x00,0x00,0x00,0x74,0x07,0x40,0xff,0xfe,0x07,0x40,0x74,0x0a,0xbe,0x90,0x74,0x07,0x40,0x03,0x80,
0x07,0x40,0x74,0x00,0x38,0x05,0xb9,0x5b,0x94,0x03,0x80,0xff,0xff,0xff,0xd0,0x38,0x05,0x79,0x57,0x54,0x03,0x80,0x07,0x40,
0x74,0x06,0xbe,0x80,0x74,0x07,0x40,0x7f,0xfc,0x07,0x40,0x74,0x00,0x38,0x00,0x74,0x07,0x40,0x03,0x81,0x57,0x95,0x75,0x50,
0x38,0x3f,0xff,0xff,0xff,0x03,0x81,0x55,0x55,0x55,0x50,0x38,0x00,0x10,0x01,0x00,0x03,0xad,0x07,0x80,0xb4,0x06,0xff,0x90,
0xf0,0x03,0xc0,0xb9,0x00,0x2d,0x00,0x1f,0x00,0x00,0x0b,0x80,0x00,0x78,0x00,0x01,0xe0,0x00,0x02,0xd0,0x00,0x3c,0x00,0x00,
0x0e,
/* U+73e0 */
0x00,0x00,0x00,0x06,0x00,0x00,0x00,0x00,0x64,0xb0,0x00,0xbf,0xff,0x0b,0x0b,0x00,0x0a,0xbe,0xa0,0xe0,0xb0,0x00,0x03,0xc0,
0x1f,0xaf,0xaa,0x80,0x3c,0x02,0xff,0xff,0xf8,0x03,0xc0,0x78,0x0b,0x00,0x00,0x3c,0x0b,0x40,0xb0,0x00,0x03,0xc0,0x10,0x0b,
0x00,0x06,0xbe,0x91,0x55,0xb5,0x54,0x7f,0xfd,0xbf,0xff,0xff,0xe0,0x3c,0x05,0x57,0xfe,0x55,0x03,0xc0,0x00,0x7b,0xa0,0x00,
0x3c,0x00,0x0d,0xb7,0x40,0x03,0xc0,0x02,0xcb,0x28,0x00,0x3c,0x10,0x34,0xb1,0xd0,0x03,0xef,0x0f,0x0b,0x0b,0x46,0xbf,0x93,
0xc0,0xb0,0x3c,0xba,0x40,0xf4,0x0b,0x01,0xe4,0x00,0x1d,0x00,0xb0,0x06,0x00,0x00,0x00,0x0b,0x00,0x00,0x00,0x00,0x00,0xb0,
0x00,0x00,0x00,0x00,0x05,0x00,0x00,
/* U+73ed */
0x00,0x00,0x01,0x90,0x00,0x00,0x00,0x00,0x1d,0x00,0x00,0xbf,0xfd,0x01,0xdf,0xff,0xe6,0xbe,0x90,0x1d,0x57,0x95,0x03,0x80,
0x61,0xd0,0x38,0x00,0x38,0x0b,0x1d,0x03,0x80,0x03,0x80,0xb1,0xd0,0x38,0x00,0x38,0x0b,0x1d,0x03,0x80,0x03,0x80,0xb1,0xd0,
0x38,0x01,0x79,0x4a,0x1d,0x03,0x80,0x7f,0xfc,0xe1,0xd6,0xbe,0x95,0x7d,0x5e,0x1d,0xbf,0xfd,0x03,0x81,0xc1,0xc0,0x38,0x00,
0x38,0x18,0x2c,0x03,0x80,0x03,0x80,0x02,0xc0,0x38,0x00,0x38,0x00,0x38,0x03,0x80,0x03,0x81,0x07,0x40,0x38,0x00,0x39,0xe0,
0xb0,0x03,0x80,0x07,0xf9,0x1e,0x00,0x38,0x0b,0xe4,0x07,0xc0,0x07,0x80,0xa0,0x01,0xf4,0x2f,0xff,0xf0,0x00,0x2d,0x01,0xaa,
0xa9,
/* U+73f2 */
0x00,0x00,0x2a,0xaa,0xaa,0x8b,0xff,0xf2,0xff,0xff,0xfd,0xab,0xea,0x28,0x00,0x01,0xd0,0x2c,0x02,0x83,0x80,0x1d,0x02,0xc0,
0x14,0x78,0x01,0x40,0x2c,0x01,0x5b,0x95,0x54,0x02,0xc0,0x2f,0xff,0xff,0xd0,0x2c,0x00,0x1d,0x00,0x00,0x6b,0xe9,0x03,0xc2,
0x40,0x07,0xff,0xe0,0x74,0x74,0x00,0x02,0xc0,0x0f,0x07,0x40,0x00,0x2c,0x01,0xfa,0xbe,0xa8,0x02,0xc0,0x0a,0xaf,0xea,0x80,
0x2c,0x00,0x00,0x74,0x00,0x02,0xc0,0x00,0x07,0x40,0x00,0x2d,0xb1,0x55,0xb9,0x55,0x07,0xfe,0x7f,0xff,0xff,0xeb,0xf9,0x01,
0x55,0x79,0x54,0xa4,0x00,0x00,0x07,0x40,0x00,0x00,0x00,0x00,0x74,0x00,0x00,0x00,0x00,0x07,0x40,0x00,0x00,0x00,0x00,0x14,
0x00,
/* U+7405 */
0x00,0x00,0x00,0x24,0x00,0x00,0x00,0x00,0x02,0xc0,0x00,0xbf,0xff,0x1a,0xae,0xaa,0x06,0xbe,0xa2,0xff,0xff,0xf4,0x02,0xc0,
0x2c,0x00,0x0b,0x40,0x2c,0x02,0xc0,0x00,0x74,0x02,0xc0,0x2d,0x55,0x5b,0x40,0x2c,0x02,0xff,0xff,0xf4,0x02,0xc0,0x2d,0x55,
0x5b,0x46,0xbe,0xa2,0xc0,0x00,0x74,0x7f,0xfe,0x2d,0x55,0x5b,0x40,0x2c,0x02,0xff,0xff,0xf4,0x02,0xc0,0x2d,0x5f,0x55,0x00,
0x2c,0x02,0xc0,0xb4,0x04,0x02,0xc0,0x2c,0x07,0x82,0xd0,0x2c,0x62,0xc0,0x3c,0xb8,0x02,0xff,0x2c,0x01,0xfd,0x06,0xfe,0x42,
0xc0,0x0b,0x40,0xb9,0x00,0x2c,0x00,0x3d,0x00,0x00,0x02,0xc6,0xe0,0xf8,0x00,0x00,0x7f,0xf9,0x02,0xe0,0x00,0x07,0xe4,0x00,
0x0a,
/* U+7406 */
0x00,0x00,0x2a,0xaa,0xaa,0x4b,0xff,0xf3,0xff,0xff,0xf8,0xab,0xea,0x38,0x0e,0x03,0x80,0x3c,0x03,0x80,0xe0,0x38,0x03,0xc0,
0x38,0x0e,0x03,0x80,0x3c,0x03,0xff,0xff,0xf8,0x03,0xc0,0x3e,0xaf,0xab,0x80,0x3c,0x03,0x80,0xe0,0x38,0x6b,0xe9,0x38,0x0e,
0x03,0x87,0xff,0xe3,0x80,0xe0,0x38,0x03,0xc0,0x3f,0xff,0xff,0x80,0x3c,0x01,0x55,0xf5,0x54,0x03,0xc0,0x00,0x0e,0x00,0x00,
0x3c,0x00,0x00,0xe0,0x00,0x03,0xc5,0x6a,0xaf,0xaa,0x80,0x3e,0xe7,0xff,0xff,0xfc,0x6f,0xe4,0x00,0x0e,0x00,0x0b,0x90,0x00,
0x00,0xe0,0x00,0x00,0x00,0x00,0x0e,0x00,0x00,0x00,0x1f,0xff,0xff,0xff,0x00,0x01,0xaa,0xaa,0xaa,0xa0,
/* U+740a */
0x00,0x00,0x55,0x54,0xaa,0x9f,0xff,0xdf,0xff,0xcf,0xfe,0xab,0xa8,0x00,0xa0,0xd0,0xd0,0x74,0x07,0x4a,0x0d,0x1c,0x07,0x40,
0x70,0xa0,0xd2,0xc0,0x74,0x0b,0x0a,0x0d,0x28,0x07,0x40,0xa0,0xa0,0xd3,0x40,0x74,0x0e,0x0a,0x0d,0x74,0x6b,0xa4,0xfa,0xf9,
0xd7,0x07,0xff,0x9f,0xff,0xdd,0x74,0x07,0x40,0x03,0xe0,0xd2,0x80,0x74,0x00,0xaa,0x0d,0x1c,0x07,0x40,0x0d,0xa0,0xd0,0xd0,
0x74,0x01,0xca,0x0d,0x0e,0x07,0x40,0x38,0xa0,0xd0,0xa0,0x7a,0xdb,0x0a,0x0d,0x0e,0x6b,0xfa,0xd0,0xa0,0xe6,0xdb,0x90,0x78,
0x0a,0x0f,0xf8,0x40,0x07,0x00,0xa0,0xd0,0x00,0x00,0x00,0x5e,0x0d,0x00,0x00,0x00,0x1f,0xd0,0xd0,0x00,0x00,0x00,0x00,0x04,
0x00,
/* U+743c */
0x00,0x00,0x00,0x18,0x00,0x00,0x00,0x00,0x01,0xd0,0x00,0xbf,0xfd,0x00,0x0e,0x00,0x06,0xbe,0x9f,0xff,0xff,0xff,0x03,0x80,
0x55,0x55,0x55,0x50,0x38,0x00,0x00,0x00,0x00,0x03,0x80,0x05,0x55,0x55,0x00,0x38,0x01,0xff,0xff,0xf4,0x03,0x80,0x1e,0x55,
0x57,0x46,0xbe,0x81,0xd0,0x00,0x74,0x7f,0xfd,0x1d,0x00,0x07,0x40,0x38,0x01,0xd0,0x00,0x74,0x03,0x80,0x1f,0xff,0xff,0x40,
0x38,0x00,0x55,0xf5,0x50,0x03,0x80,0x00,0x0b,0x00,0x00,0x38,0x10,0x60,0xb1,0xd0,0x03,0xee,0x0e,0x0b,0x0f,0x06,0xff,0x92,
0xd0,0xb0,0x78,0xb9,0x00,0x78,0x0b,0x02,0xc0,0x00,0x1e,0x00,0xb0,0x0e,0x00,0x02,0xc1,0x5f,0x00,0xa0,0x00,0x00,0x2f,0xd0,
0x00,0x00,0x00,0x00,0x50,0x00,0x00,
/* U+745e */
0x00,0x00,0x00,0x09,0x00,0x00,0x00,0x01,0x80,0xe0,0x24,0xbf,0xfe,0x2c,0x0e,0x03,0x86,0xbe,0x92,0xc0,0xe0,0x38,0x02,0xc0,
0x2c,0x0e,0x03,0x80,0x2c,0x02,0xff,0xff,0xf8,0x02,0xc0,0x1a,0xaa,0xaa,0x40,0x2c,0x00,0x00,0x00,0x00,0x02,0xc0,0x55,0x55,
0x55,0x56,0xbe,0x9f,0xff,0xff,0xfe,0x7f,0xfd,0x00,0x1e,0x00,0x00,0x2c,0x00,0x02,0xc0,0x00,0x02,0xc0,0x2a,0xbe,0xaa,0x80,
0x2c,0x03,0xff,0xff,0xfc,0x02,0xc0,0x34,0x70,0xd1,0xc0,0x2c,0x03,0x47,0x0d,0x1c,0x02,0xda,0x34,0x70,0xd1,0xc0,0x7f,0xd3,
0x47,0x0d,0x1c,0xbf,0x90,0x34,0x70,0xd1,0xc6,0x40,0x03,0x47,0x0d,0x1c,0x00,0x00,0x34,0x70,0xd6,0xc0,0x00,0x03,0x47,0x09,
0xbc,0x00,0x00,0x10,0x00,0x01,0x00,
/* U+7476 */
0x00,0x00,0x00,0x00,0x01,0x00,0x00,0x01,0x55,0xab,0xf8,0x55,0x54,0xbf,0xff,0xa5,0x0b,0xff,0xd1,0x50,0x00,0x14,0x57,0xd5,
0x14,0x28,0x03,0x80,0x38,0x03,0xc2,0xc0,0x70,0x03,0x80,0x1d,0x0e,0x0e,0x00,0x38,0x00,0xe0,0xa1,0xd0,0x03,0x80,0x0a,0x00,
0x08,0x05,0x7d,0x41,0xe0,0x00,0x00,0x7f,0xfd,0x2f,0xff,0xff,0x41,0x79,0x47,0x96,0xe5,0x50,0x03,0x80,0xb0,0x1d,0x00,0x00,
0x38,0x00,0x01,0xd0,0x00,0x03,0x80,0xaa,0xaf,0xaa,0x90,0x38,0x0a,0xab,0xfa,0xa9,0x03,0x85,0x00,0x1d,0x00,0x00,0x3f,0xd3,
0x41,0xd0,0x74,0xbf,0xe4,0x38,0x1d,0x07,0x4a,0x50,0x03,0x95,0xe5,0x74,0x00,0x00,0x3f,0xff,0xff,0x40,0x00,0x01,0x55,0x55,
0xb4,0x00,0x00,0x00,0x00,0x01,0x00,
/* U+74a7 */
0x00,0x00,0x00,0x06,0x00,0x00,0xaa,0xa9,0x00,0x74,0x00,0x0e,0xaa,0xe2,0xff,0xff,0x80,0xd0,0x0a,0x1b,0xaa,0xe4,0x0e,0x55,
0xe0,0x38,0x1c,0x01,0xff,0xfe,0x16,0xd6,0x94,0x1d,0x00,0x03,0xff,0xff,0xd1,0xda,0xaa,0x00,0x38,0x00,0x39,0xe5,0xb0,0x03,
0x80,0x07,0x5c,0x07,0x1f,0xff,0xf8,0xa1,0xea,0xf0,0x57,0x95,0x00,0x1a,0xa9,0x00,0x38,0x00,0x00,0x00,0x00,0x00,0x00,0x02,
0xff,0xff,0xff,0xff,0xf8,0x15,0x55,0x5f,0x55,0x55,0x40,0x00,0x00,0xf0,0x00,0x00,0x06,0xaa,0xaf,0xaa,0xa9,0x00,0x6a,0xaa,
0xfa,0xaa,0x90,0x00,0x00,0x0f,0x01,0x80,0x00,0x00,0x00,0xf0,0x1d,0x00,0x7f,0xff,0xff,0xff,0xff,0xd6,0xaa,0xaa,0xaa,0xaa,
0xa9,
/* U+74dc */
0x00,0x00,0x00,0x05,0xad,0x00,0x06,0xaa,0xbf,0xff,0xd0,0x01,0xff,0xff,0xa5,0xd0,0x00,0x1d,0x01,0xd0,0x0d,0x00,0x01,0xd0,
0x1d,0x00,0xe0,0x00,0x1d,0x01,0xd0,0x0e,0x00,0x01,0xd0,0x1d,0x00,0xe0,0x00,0x1d,0x01,0xd0,0x0a,0x00,0x01,0xd0,0x1d,0x00,
0xb0,0x00,0x1d,0x01,0xd0,0x07,0x00,0x01,0xd0,0x1d,0x00,0x74,0x00,0x2d,0x01,0xd0,0x03,0x40,0x02,0xc0,0x1d,0x00,0x38,0x00,
0x3c,0x01,0xd2,0x82,0xc0,0x03,0x80,0x1d,0x1d,0x1d,0x00,0x74,0x01,0xd0,0xe0,0xe0,0x0b,0x00,0x1d,0x0b,0x0b,0x01,0xe0,0x01,
0xd1,0xf4,0x78,0x2d,0x00,0x2f,0xfb,0x82,0xc7,0x80,0x03,0xf8,0x2c,0x1e,0x70,0x00,0x14,0x01,0x80,0x90,
/* U+74e6 */
0x2a,0xaa,0xaa,0xaa,0xaa,0x87,0xff,0xff,0xff,0xff,0xfd,0x00,0x2d,0x00,0x00,0x00,0x00,0x02,0xc0,0x00,0x00,0x00,0x00,0x2c,
0x00,0x00,0x00,0x00,0x02,0xc0,0x00,0x00,0x00,0x00,0x3f,0xff,0xff,0xc0,0x00,0x03,0xea,0xaa,0xb8,0x00,0x00,0x74,0x00,0x03,
0x80,0x00,0x07,0x41,0x00,0x38,0x00,0x00,0xb0,0xb4,0x03,0x80,0x00,0x0b,0x07,0xc0,0x38,0x00,0x00,0xe0,0x1e,0x03,0x40,0x00,
0x0e,0x00,0xb4,0x74,0x00,0x01,0xd0,0x07,0x87,0x40,0x50,0x1d,0x00,0x10,0x74,0x0b,0x02,0xc0,0x00,0x07,0x40,0xa0,0x38,0x01,
0x50,0x74,0x0e,0x0b,0x9a,0xfe,0x0b,0x41,0xd1,0xff,0xfa,0x40,0x7e,0xbd,0x09,0x50,0x00,0x02,0xfe,0x40,
/* U+74ee */
0x00,0x05,0x00,0x04,0x00,0x00,0x01,0xf0,0x01,0xf4,0x00,0x00,0x7d,0x00,0x07,0xd0,0x00,0x2f,0x42,0x40,0x0f,0x90,0x2f,0x80,
0xb8,0x14,0x2f,0x8b,0xd0,0x2e,0x03,0xd0,0x6e,0x10,0x0b,0x40,0x0f,0x40,0x40,0x0b,0xe6,0xaa,0xfd,0x00,0x00,0xff,0xfe,0xaa,
0xf0,0x00,0x00,0x00,0x00,0x06,0x00,0x15,0x55,0x55,0x55,0x55,0x47,0xff,0xff,0xff,0xff,0xfd,0x55,0x6d,0x55,0x55,0x55,0x50,
0x03,0xc0,0x00,0x00,0x00,0x00,0x3e,0xaa,0xaa,0x80,0x00,0x07,0xea,0xaa,0xbc,0x00,0x00,0xb0,0x00,0x02,0xc0,0x00,0x0f,0x2e,
0x90,0x2c,0x04,0x01,0xe1,0x6b,0xd2,0xc0,0xa0,0x2d,0x00,0x04,0x2c,0x0e,0x07,0xea,0xbc,0x02,0xd6,0xd0,0xbf,0xea,0x40,0x1f,
0xf8,0x01,0x00,0x00,0x00,0x14,0x00,
/* U+74ef */
0xaa,0xaa,0x5a,0xaa,0xaa,0x7f,0xff,0xe7,0xff,0xff,0xde,0x00,0x00,0x2c,0x00,0x03,0x80,0x00,0x0b,0x00,0x00,0xe0,0x02,0x82,
0xc0,0x00,0x3a,0x80,0xe0,0xba,0xa9,0x0e,0xb4,0x74,0x2e,0xab,0x43,0x8e,0x2c,0x0e,0x00,0xd0,0xe1,0xde,0x03,0x80,0x74,0x38,
0x2f,0x40,0xe0,0x1d,0x0e,0x07,0xc0,0x3b,0x07,0x43,0x80,0xf0,0x1d,0xe1,0xd0,0xe0,0xbe,0x07,0x5d,0x70,0x38,0x7a,0xc1,0xc3,
0xac,0x0e,0x3c,0x38,0xb0,0x6b,0x03,0xad,0x0a,0x2c,0x02,0xc7,0xea,0x00,0x0a,0x00,0xb1,0xf8,0x00,0x03,0x81,0x28,0x6e,0x00,
0x00,0xe6,0xda,0x2b,0xff,0xfe,0xbf,0xd2,0xee,0xaa,0xaa,0x69,0x40,0x7f,0x00,
/* U+7518 */
0x00,0x60,0x00,0x00,0x90,0x00,0x0b,0x00,0x00,0x0e,0x00,0x00,0xb0,0x00,0x00,0xe0,0x00,0x0b,0x00,0x00,0x0e,0x00,0xaa,0xfa,
0xaa,0xaa,0xfa,0xab,0xff,0xff,0xff,0xff,0xfe,0x00,0xb0,0x00,0x00,0xe0,0x00,0x0b,0x00,0x00,0x0e,0x00,0x00,0xb0,0x00,0x00,
0xe0,0x00,0x0b,0x00,0x00,0x0e,0x00,0x00,0xb0,0x00,0x00,0xe0,0x00,0x0b,0x55,0x55,0x5e,0x00,0x00,0xbf,0xff,0xff,0xe0,0x00,
0x0b,0x55,0x55,0x5e,0x00,0x00,0xb0,0x00,0x00,0xe0,0x00,0x0b,0x00,0x00,0x0e,0x00,0x00,0xb0,0x00,0x00,0xe0,0x00,0x0b,0x00,
0x00,0x0e,0x00,0x00,0xb0,0x00,0x00,0xe0,0x00,0x0b,0xaa,0xaa,0xae,0x00,0x00,0xbf,0xff,0xff,0xe0,0x00,0x0b,0x00,0x00,0x0e,
0x00,0x00,0x50,0x00,0x00,0x50,0x00,
/* U+751f */
0x00,0x00,0x05,0x00,0x00,0x00,0x0a,0x40,0x74,0x00,0x00,0x00,0xf0,0x07,0x40,0x00,0x00,0x1e,0x00,0x74,0x00,0x00,0x02,0xe0,
0x0b,0x40,0x00,0x00,0x3f,0xff,0xff,0xff,0xf4,0x07,0xea,0xab,0xaa,0xaa,0x00,0xb4,0x00,0x74,0x00,0x00,0x2e,0x00,0x07,0x40,
0x00,0x07,0xd0,0x00,0x74,0x00,0x00,0xb4,0x00,0x07,0x40,0x00,0x06,0x00,0x00,0x74,0x00,0x00,0x01,0xff,0xff,0xff,0xfe,0x00,
0x1a,0xaa,0xfa,0xaa,0xa0,0x00,0x00,0x07,0x40,0x00,0x00,0x00,0x00,0x74,0x00,0x00,0x00,0x00,0x07,0x40,0x00,0x00,0x00,0x00,
0x74,0x00,0x00,0x00,0x00,0x07,0x40,0x00,0x00,0x00,0x00,0xb4,0x00,0x00,0x7f,0xff,0xff,0xff,0xff,0xe6,0xaa,0xaa,0xaa,0xaa,
0xa9,
/* U+7528 */
0x06,0xaa,0xaa,0xaa,0xaa,0x42,0xff,0xff,0xff,0xff,0xd0,0xb0,0x00,0xb0,0x00,0xb4,0x2c,0x00,0x2c,0x00,0x1d,0x0b,0x00,0x0b,
0x00,0x07,0x42,0xc0,0x02,0xc0,0x01,0xd0,0xbf,0xff,0xff,0xff,0xf4,0x2e,0xaa,0xbe,0xaa,0xbd,0x0b,0x00,0x0b,0x00,0x07,0x42,
0xc0,0x02,0xc0,0x01,0xd0,0xb0,0x00,0xb0,0x00,0x74,0x2c,0x00,0x2c,0x00,0x2d,0x0b,0xff,0xff,0xff,0xff,0x43,0xea,0xab,0xea,
0xaa,0xd0,0xe0,0x00,0xb0,0x00,0x74,0x38,0x00,0x2c,0x00,0x1d,0x1d,0x00,0x0b,0x00,0x07,0x4b,0x40,0x02,0xc0,0x01,0xd7,0x80,
0x00,0xb0,0x00,0xb6,0xd0,0x00,0x2c,0x1a,0xfc,0x60,0x00,0x06,0x03,0xf9,0x00,
/* U+7529 */
0x06,0xaa,0xaa,0xaa,0xa8,0x00,0x7f,0xff,0xff,0xff,0xc0,0x07,0x40,0x1d,0x00,0x2c,0x00,0x74,0x01,0xd0,0x02,0xc0,0x07,0x40,
0x1d,0x00,0x2c,0x00,0x7a,0xaa,0xfa,0xab,0xc0,0x07,0xff,0xff,0xff,0xfc,0x00,0x74,0x01,0xd0,0x02,0xc0,0x07,0x40,0x1d,0x00,
0x2c,0x00,0x74,0x01,0xd0,0x02,0xc0,0x07,0xea,0xbf,0xaa,0xbc,0x00,0x7e,0xab,0xfa,0xab,0xc0,0x0b,0x40,0x1d,0x00,0x2c,0x00,
0xb0,0x01,0xd0,0x02,0xc0,0x0b,0x00,0x1d,0x05,0x78,0x00,0xe0,0x01,0xd0,0xff,0x40,0x1e,0x00,0x1d,0x05,0x40,0x52,0xd0,0x01,
0xd0,0x00,0x0b,0x78,0x00,0x1e,0x00,0x00,0xfb,0x40,0x00,0xfe,0xaa,0xbe,0x60,0x00,0x06,0xff,0xfe,0x80,
/* U+7530 */
0x7f,0xff,0xff,0xff,0xfd,0x7a,0xaa,0xbe,0xaa,0xad,0x78,0x00,0x38,0x00,0x1d,0x78,0x00,0x38,0x00,0x1d,0x78,0x00,0x38,0x00,
0x1d,0x78,0x00,0x38,0x00,0x1d,0x78,0x00,0x38,0x00,0x1d,0x78,0x00,0x38,0x00,0x1d,0x7e,0xaa,0xbe,0xaa,0xbd,0x7e,0xaa,0xbe,
0xaa,0xbd,0x78,0x00,0x38,0x00,0x1d,0x78,0x00,0x38,0x00,0x1d,0x78,0x00,0x38,0x00,0x1d,0x78,0x00,0x38,0x00,0x1d,0x78,0x00,
0x38,0x00,0x1d,0x78,0x00,0x38,0x00,0x1d,0x79,0x55,0x7d,0x55,0x6d,0x7f,0xff,0xff,0xff,0xfd,0x79,0x55,0x55,0x55,0x6d,0x78,
0x00,0x00,0x00,0x1d,
/* U+7533 */
0x00,0x00,0x60,0x00,0x00,0x00,0x0f,0x00,0x00,0x00,0x00,0xf0,0x00,0x00,0x00,0x0f,0x00,0x00,0xbf,0xff,0xff,0xff,0xeb,0xaa,
0xaf,0xaa,0xae,0xb0,0x00,0xf0,0x00,0xeb,0x00,0x0f,0x00,0x0e,0xb0,0x00,0xf0,0x00,0xeb,0xaa,0xaf,0xaa,0xae,0xba,0xaa,0xfa,
0xaa,0xeb,0x00,0x0f,0x00,0x0e,0xb0,0x00,0xf0,0x00,0xeb,0x00,0x0f,0x00,0x0e,0xba,0xaa,0xfa,0xaa,0xeb,0xff,0xff,0xff,0xfe,
0xb4,0x00,0xf0,0x01,0xe6,0x00,0x0f,0x00,0x05,0x00,0x00,0xf0,0x00,0x00,0x00,0x0f,0x00,0x00,0x00,0x00,0xf0,0x00,0x00,0x00,
0x0f,0x00,0x00,0x00,0x00,0x50,0x00,0x00,
/* U+7535 */
0x00,0x00,0x90,0x00,0x00,0x00,0x01,0xd0,0x00,0x00,0x00,0x01,0xd0,0x00,0x00,0x55,0x55,0xe5,0x55,0x40,0xff,0xff,0xff,0xff,
0xd0,0xf5,0x56,0xe5,0x56,0xd0,0xe0,0x01,0xd0,0x01,0xd0,0xe0,0x01,0xd0,0x01,0xd0,0xf0,0x01,0xe0,0x02,0xd0,0xff,0xff,0xff,
0xff,0xd0,0xf5,0x56,0xe5,0x56,0xd0,0xe0,0x01,0xd0,0x01,0xd0,0xe0,0x01,0xd0,0x01,0xd0,0xe0,0x01,0xd0,0x01,0xd0,0xff,0xff,
0xff,0xff,0xd0,0xfa,0xaa,0xfa,0xaa,0x90,0xe0,0x01,0xd0,0x00,0x00,0xa0,0x01,0xd0,0x00,0x09,0x00,0x01,0xe0,0x00,0x0b,0x00,
0x00,0xe0,0x00,0x0e,0x00,0x00,0xba,0xaa,0xbe,0x00,0x00,0x6f,0xff,0xf8,
/* U+7538 */
0x00,0x18,0x00,0x00,0x00,0x00,0x0f,0x00,0x00,0x00,0x00,0x07,0x80,0x00,0x00,0x00,0x03,0xfa,0xaa,0xaa,0xa9,0x01,0xff,0xff,
0xff,0xff,0x80,0xf0,0x00,0x00,0x00,0xe0,0xf4,0x00,0x00,0x00,0x38,0xb9,0x55,0x55,0x50,0x1e,0xb9,0xff,0xff,0xfc,0x07,0x68,
0x75,0x6d,0x5b,0x01,0xd0,0x1d,0x07,0x01,0xc0,0x74,0x07,0x41,0xc0,0x70,0x1d,0x01,0xea,0xba,0xac,0x07,0x40,0x7f,0xff,0xff,
0x01,0xd0,0x1d,0x07,0x01,0xc0,0x74,0x07,0x41,0xc0,0x70,0x1d,0x01,0xd0,0x70,0x1c,0x07,0x40,0x7f,0xff,0xff,0x01,0xd0,0x1a,
0xaa,0xaa,0x80,0xb0,0x00,0x00,0x00,0x00,0x3c,0x00,0x00,0x00,0x15,0x6e,0x00,0x00,0x00,0x07,0xfe,0x00,0x00,0x00,0x00,0x50,
0x00,
/* U+754c */
0x02,0xaa,0xaa,0xaa,0xa9,0x00,0x7f,0xff,0xff,0xff,0xd0,0x07,0x40,0x0f,0x00,0x1d,0x00,0x74,0x00,0xf0,0x01,0xd0,0x07,0xaa,
0xaf,0xaa,0xad,0x00,0x7e,0xaa,0xfa,0xab,0xd0,0x07,0x40,0x0f,0x00,0x1d,0x00,0x74,0x00,0xf0,0x01,0xd0,0x07,0xaa,0xaf,0xaa,
0xad,0x00,0x7f,0xff,0xff,0xff,0xd0,0x00,0x0b,0x40,0x1e,0x00,0x00,0x02,0xe0,0x00,0xb8,0x00,0x02,0xfa,0x40,0x0b,0xf4,0x06,
0xf8,0x74,0x00,0xe7,0xf4,0xf9,0x07,0x40,0x0e,0x07,0xf5,0x00,0xb0,0x00,0xe0,0x05,0x00,0x0f,0x00,0x0e,0x00,0x00,0x02,0xd0,
0x00,0xe0,0x00,0x00,0xb8,0x00,0x0e,0x00,0x00,0x7e,0x00,0x00,0xe0,0x00,0x0f,0x40,0x00,0x0e,0x00,0x00,0x40,0x00,0x00,0x50,
0x00,
/* U+7559 */
0x00,0x00,0x50,0x00,0x00,0x00,0x16,0xfc,0xaa,0xaa,0x91,0xff,0xe4,0x3f,0xff,0xf8,0xb9,0x40,0x00,0xb4,0x1e,0x2d,0x02,0x40,
0x2c,0x03,0x8b,0x40,0xf0,0x0e,0x01,0xd2,0xd0,0x2d,0x07,0x80,0x74,0xb4,0x1b,0x82,0xd0,0x1d,0x2d,0xbf,0xf1,0xe0,0x0b,0x1f,
0xfd,0x2d,0xf0,0xbf,0x83,0x90,0x07,0x54,0x1a,0x40,0x05,0x55,0x55,0x55,0x50,0x07,0xff,0xff,0xff,0xfd,0x01,0xe5,0x56,0xd5,
0x5b,0x40,0x74,0x00,0xb0,0x01,0xd0,0x1e,0x55,0x6d,0x55,0x74,0x07,0xff,0xff,0xff,0xfd,0x01,0xe5,0x56,0xd5,0x5b,0x40,0x74,
0x00,0xb0,0x01,0xd0,0x1e,0x55,0x6d,0x55,0x74,0x07,0xff,0xff,0xff,0xfd,0x01,0xe5,0x55,0x55,0x5b,0x40,0x10,0x00,0x00,0x00,
0x50,
/* U+7565 */
0x00,0x00,0x00,0x50,0x00,0x00,0x00,0x00,0xb4,0x00,0x0f,0xff,0xe0,0x3d,0x55,0x43,0xaf,0xbc,0x2f,0xff,0xf4,0xd2,0x8b,0x1f,
0x55,0x7c,0x34,0xa2,0xdf,0xd0,0x2e,0x0d,0x28,0xbf,0x6d,0x1f,0x03,0x4a,0x2d,0x42,0xdf,0x40,0xd2,0x8b,0x00,0x3f,0x40,0x38,
0xe2,0xc0,0x1f,0xe0,0x0f,0xff,0xf0,0x6e,0x6f,0x43,0x9e,0x6d,0xbd,0x01,0xfd,0xd2,0x8b,0xf8,0x00,0x07,0xb4,0xa2,0xd6,0xaa,
0xaa,0x0d,0x28,0xb0,0xff,0xff,0xd3,0x4a,0x2c,0x38,0x00,0x74,0xd2,0x8b,0x0e,0x00,0x1d,0x39,0xe6,0xc3,0x80,0x07,0x4f,0xff,
0xf0,0xe0,0x01,0xd3,0x95,0x6c,0x39,0x55,0xb4,0x40,0x05,0x0f,0xff,0xfd,0x00,0x00,0x03,0x95,0x5b,0x40,0x00,0x00,0x40,0x00,
0x40,
/* U+756a */
0x00,0x00,0x00,0x00,0x04,0x00,0x55,0x55,0x6a,0xbf,0xe0,0x1f,0xff,0xff,0xfa,0x94,0x00,0x55,0x50,0xe0,0x05,0x00,0x00,0x70,
0x0e,0x00,0xe0,0x00,0x03,0x80,0xe0,0x2c,0x00,0x15,0x6e,0x5f,0x5b,0x95,0x43,0xff,0xff,0xff,0xff,0xfc,0x00,0x06,0xdf,0x79,
0x00,0x00,0x01,0xf4,0xe0,0xb8,0x00,0x01,0xb8,0x0e,0x01,0xf9,0x06,0xf9,0x00,0x50,0x01,0xfe,0xba,0xaa,0xaa,0xaa,0xa5,0xa0,
0x2e,0xaa,0xfa,0xaf,0x80,0x02,0xc0,0x0e,0x00,0x38,0x00,0x2c,0x00,0xe0,0x03,0x80,0x02,0xff,0xff,0xff,0xf8,0x00,0x2e,0xaa,
0xfa,0xab,0x80,0x02,0xc0,0x0e,0x00,0x38,0x00,0x2d,0x55,0xe5,0x57,0x80,0x02,0xff,0xff,0xff,0xf8,0x00,0x2d,0x55,0x55,0x57,
0x80,0x01,0x40,0x00,0x00,0x14,0x00,
/* U+7574 */
0x00,0x00,0x00,0x18,0x00,0x00,0x00,0x00,0x01,0xd0,0x00,0x7f,0xff,0x5a,0xae,0xaa,0x97,0x9e,0xb5,0xff,0xff,0xfe,0x74,0xd3,
0x40,0x1d,0x00,0x07,0x4d,0x34,0x01,0xc0,0x00,0x74,0xd3,0x4f,0xff,0xff,0xc7,0x4d,0x34,0x57,0xd5,0x54,0x74,0xd3,0x40,0x38,
0x00,0x07,0xff,0xf5,0xab,0xaa,0xaa,0x7a,0xeb,0x6f,0xff,0xff,0xf7,0x4d,0x34,0x0b,0x00,0xe0,0x74,0xd3,0x40,0xe0,0x0e,0x07,
0x4d,0x34,0x2e,0xaa,0xfa,0x74,0xd3,0x43,0xff,0xff,0xe7,0x4d,0x34,0x74,0x00,0xe0,0x7a,0xeb,0x4f,0x28,0x0e,0x07,0xff,0xf6,
0xd1,0xe0,0xe0,0x74,0x00,0x78,0x07,0x4e,0x01,0x00,0x0f,0x00,0x10,0xe0,0x00,0x02,0xd0,0x01,0x6d,0x00,0x00,0x18,0x00,0x3f,
0xc0,
/* U+7586 */
0x6a,0xa8,0x6a,0xaa,0xaa,0x97,0xff,0xd5,0x55,0x55,0x54,0x00,0x1d,0x05,0x55,0x55,0x00,0x01,0xd1,0xea,0xfa,0xf4,0x15,0x6d,
0x1d,0x0e,0x07,0x43,0xff,0xd1,0xff,0xff,0xf4,0x39,0x54,0x1d,0x0e,0x07,0x47,0x40,0x01,0xea,0xfa,0xb4,0x79,0x54,0x1a,0xaa,
0xaa,0x07,0xff,0xd5,0x55,0x55,0x55,0x00,0x1d,0xbf,0xff,0xff,0xe0,0xd1,0xd0,0x00,0x00,0x00,0x6e,0x5d,0x2f,0xff,0xff,0x46,
0xe9,0xd2,0xd5,0xe5,0x74,0x0d,0x1d,0x2d,0x5e,0x57,0x40,0xe9,0xc2,0xea,0xfa,0xb4,0xbf,0x9c,0x2c,0x0e,0x03,0x45,0x42,0xc2,
0xff,0xff,0xf4,0x00,0x3c,0x15,0x55,0x55,0x01,0x5b,0x46,0xaa,0xaa,0xa9,0x3f,0xe0,0xaa,0xaa,0xaa,0xa1,0x50,0x00,0x00,0x00,
0x00,
/* U+758f */
0x00,0x00,0x00,0x09,0x00,0x01,0x55,0x54,0x00,0xe0,0x00,0x7f,0xff,0x85,0x5b,0x55,0x40,0x00,0xb6,0xff,0xff,0xfc,0x00,0x1e,
0x15,0xb9,0x55,0x40,0x03,0xc0,0x0b,0x02,0x40,0x00,0x74,0x01,0xd0,0x3c,0x00,0x0b,0x00,0x38,0x01,0xe0,0x28,0xb0,0x0b,0x5a,
0xff,0x42,0x8b,0x01,0xff,0xea,0x7c,0x28,0xba,0x85,0x00,0x01,0xc2,0x8b,0xf8,0x10,0x51,0x40,0x28,0xb0,0x07,0x4e,0x1c,0x02,
0x8b,0x00,0x70,0xe1,0xc0,0x28,0xb0,0x0b,0x0e,0x1c,0x02,0x8b,0x00,0xb0,0xe1,0xc0,0x28,0xb0,0x0e,0x0e,0x1c,0x02,0x8b,0x54,
0xe0,0xe1,0xc7,0x28,0xbf,0xad,0x0e,0x1c,0x77,0xff,0x97,0xc0,0xe1,0xc7,0xfe,0x40,0xb4,0x0e,0x1e,0xb4,0x00,0x0e,0x00,0xe0,
0xbd,
/* U+767b */
0x00,0x00,0x00,0x40,0x00,0x00,0x6a,0xaa,0x5d,0x0a,0x00,0x07,0xff,0xf8,0xe2,0xe0,0x00,0x00,0x0b,0x07,0xf8,0x00,0x1e,0x02,
0xd0,0x2e,0x02,0xc0,0xb8,0x78,0x00,0xf4,0xf4,0x01,0xff,0x40,0x07,0xfd,0x00,0x0b,0xff,0xff,0xff,0x80,0x07,0xe1,0x55,0x55,
0x2e,0x46,0xf8,0x00,0x00,0x00,0xbe,0x78,0x6a,0xaa,0xaa,0x91,0xe0,0x0b,0xff,0xff,0xfe,0x00,0x00,0xb0,0x00,0x00,0xe0,0x00,
0x0b,0x00,0x00,0x0e,0x00,0x00,0xb5,0x55,0x55,0xe0,0x00,0x0b,0xff,0xff,0xfe,0x00,0x00,0x55,0x55,0x55,0x50,0x00,0x02,0xc0,
0x00,0x38,0x00,0x00,0x1e,0x00,0x0b,0x40,0x00,0x00,0x74,0x01,0xe0,0x00,0x7f,0xff,0xff,0xff,0xff,0xd6,0xaa,0xaa,0xaa,0xaa,
0xa9,
/* U+767d */
0x00,0x01,0x90,0x00,0x00,0x00,0x2c,0x00,0x00,0x00,0x03,0x80,0x00,0x00,0x00,0x78,0x00,0x00,0x6a,0xaf,0xea,0xaa,0x97,0xff,
0xff,0xff,0xfd,0x74,0x00,0x00,0x01,0xd7,0x40,0x00,0x00,0x1d,0x74,0x00,0x00,0x01,0xd7,0x40,0x00,0x00,0x1d,0x74,0x00,0x00,
0x01,0xd7,0xaa,0xaa,0xaa,0xad,0x7f,0xff,0xff,0xff,0xd7,0x40,0x00,0x00,0x1d,0x74,0x00,0x00,0x01,0xd7,0x40,0x00,0x00,0x1d,
0x74,0x00,0x00,0x01,0xd7,0x40,0x00,0x00,0x1d,0x79,0x55,0x55,0x56,0xd7,0xff,0xff,0xff,0xfd,0x79,0x55,0x55,0x56,0xd7,0x40,
0x00,0x00,0x1d,0x10,0x00,0x00,0x00,0x40,
/* U+767e */
0x6a,0xaa,0xaa,0xaa,0xaa,0xab,0xff,0xff,0xff,0xff,0xfe,0x00,0x00,0x1e,0x00,0x00,0x00,0x00,0x01,0xd0,0x00,0x00,0x00,0x00,
0x2c,0x00,0x00,0x00,0x00,0x03,0xc0,0x00,0x00,0x03,0xff,0xff,0xff,0xfd,0x00,0x3e,0xaa,0xaa,0xaa,0xd0,0x03,0x80,0x00,0x00,
0x2d,0x00,0x38,0x00,0x00,0x02,0xd0,0x03,0x80,0x00,0x00,0x2d,0x00,0x38,0x00,0x00,0x02,0xd0,0x03,0xea,0xaa,0xaa,0xbd,0x00,
0x3f,0xff,0xff,0xff,0xd0,0x03,0x80,0x00,0x00,0x2d,0x00,0x38,0x00,0x00,0x02,0xd0,0x03,0x80,0x00,0x00,0x2d,0x00,0x38,0x00,
0x00,0x02,0xd0,0x03,0x95,0x55,0x55,0x6d,0x00,0x3f,0xff,0xff,0xff,0xd0,0x03,0x95,0x55,0x55,0x6d,0x00,0x14,0x00,0x00,0x01,
0x40,
/* U+7687 */
0x00,0x00,0x19,0x00,0x00,0x00,0x00,0x03,0xc0,0x00,0x00,0x01,0x55,0xb9,0x55,0x54,0x00,0x2f,0xff,0xff,0xff,0x80,0x02,0xd0,
0x00,0x00,0x38,0x00,0x2c,0x00,0x00,0x03,0x80,0x02,0xff,0xff,0xff,0xf8,0x00,0x2d,0x55,0x55,0x57,0x80,0x02,0xc0,0x00,0x00,
0x38,0x00,0x2e,0xaa,0xaa,0xab,0x80,0x01,0xaa,0xaa,0xaa,0xa4,0x00,0x00,0x00,0x00,0x00,0x00,0x1a,0xaa,0xaa,0xaa,0xaa,0x42,
0xff,0xff,0xff,0xff,0xf8,0x00,0x00,0x0f,0x00,0x00,0x00,0x00,0x00,0xf0,0x00,0x00,0x02,0xaa,0xaf,0xaa,0xa8,0x00,0x3f,0xff,
0xff,0xff,0xc0,0x00,0x00,0x0f,0x00,0x00,0x00,0x00,0x00,0xf0,0x00,0x00,0xbf,0xff,0xff,0xff,0xff,0xe6,0xaa,0xaa,0xaa,0xaa,
0xa9,
/* U+768b */
0x00,0x00,0x09,0x00,0x00,0x00,0x00,0x02,0xd0,0x00,0x00,0x01,0x55,0x7d,0x55,0x54,0x00,0x2f,0xff,0xff,0xff,0x80,0x02,0xc0,
0x00,0x00,0x38,0x00,0x2e,0x55,0x55,0x57,0x80,0x02,0xff,0xff,0xff,0xf8,0x00,0x2c,0x00,0x00,0x03,0x80,0x02,0xe5,0x55,0x55,
0x78,0x00,0x2f,0xff,0xff,0xff,0x80,0x00,0x00,0x3c,0x00,0x00,0x01,0x55,0x5b,0x95,0x55,0x54,0x7f,0xff,0xff,0xff,0xff,0xd0,
0x00,0xb8,0x02,0xd0,0x00,0x00,0x2e,0x0a,0x0b,0x80,0x00,0x1f,0x80,0xf0,0x1f,0x40,0x2f,0x90,0x0f,0x00,0x6f,0x8b,0x9b,0xff,
0xff,0xfe,0x6e,0x50,0x6a,0xaf,0xaa,0x90,0x40,0x00,0x00,0xf0,0x00,0x00,0x00,0x00,0x0f,0x00,0x00,0x00,0x00,0x00,0xf0,0x00,
0x00,0x00,0x00,0x05,0x00,0x00,0x00,
/* U+76ae */
0x00,0x00,0x02,0x40,0x00,0x00,0x00,0x00,0x38,0x00,0x00,0x00,0x00,0x03,0x80,0x00,0x00,0x2a,0xaa,0xbe,0xaa,0xa8,0x07,0xff,
0xff,0xff,0xff,0x80,0x74,0x00,0x38,0x00,0x74,0x07,0x40,0x03,0x80,0x0b,0x00,0x74,0x00,0x38,0x00,0xe0,0x07,0x40,0x03,0x80,
0x00,0x00,0x7a,0xaa,0xbe,0xaa,0x80,0x07,0xff,0xff,0xff,0xfc,0x00,0x74,0xb0,0x00,0x07,0x80,0x0b,0x47,0x80,0x00,0xf0,0x00,
0xb0,0x2d,0x00,0x1d,0x00,0x0b,0x00,0xf0,0x07,0x80,0x00,0xe0,0x07,0xd1,0xf0,0x00,0x0e,0x00,0x1f,0xbc,0x00,0x02,0xd0,0x00,
0x7f,0x40,0x00,0x3c,0x00,0x1f,0xfe,0x00,0x07,0x40,0x1f,0x91,0xbe,0x40,0xf0,0x6f,0xd0,0x01,0xbf,0x9a,0x1f,0x90,0x00,0x00,
0xbe,0x00,0x40,0x00,0x00,0x00,0x40,
/* U+76c2 */
0x06,0xaa,0xaa,0xaa,0xa9,0x00,0x7f,0xff,0xff,0xff,0xd0,0x00,0x00,0x0b,0x00,0x00,0x00,0x00,0x00,0xb0,0x00,0x00,0x00,0x00,
0x0b,0x00,0x00,0x02,0xaa,0xaa,0xfe,0xaa,0xa8,0x2a,0xaa,0xaf,0xaa,0xaa,0x80,0x00,0x00,0xb0,0x00,0x00,0x00,0x00,0x0b,0x00,
0x00,0x00,0x00,0x00,0xb0,0x00,0x00,0x00,0x0a,0xae,0x00,0x00,0x00,0x00,0xbf,0x90,0x00,0x00,0x00,0x00,0x00,0x00,0x00,0x00,
0x2a,0xaa,0xaa,0xaa,0x80,0x07,0xeb,0xfa,0xfe,0xbd,0x00,0x74,0x1d,0x07,0x41,0xd0,0x07,0x41,0xd0,0x74,0x1d,0x00,0x74,0x1d,
0x07,0x41,0xd0,0x07,0x81,0xd0,0x74,0x2d,0x0b,0xff,0xff,0xff,0xff,0xff,0x6a,0xaa,0xaa,0xaa,0xaa,0x90,
/* U+76c8 */
0x1a,0xaa,0xaa,0xaa,0x80,0x02,0xff,0xff,0xff,0xfc,0x00,0x00,0x38,0x00,0x02,0xc0,0x00,0x07,0x40,0x00,0x38,0x00,0x00,0x79,
0x55,0x53,0xea,0x40,0x0b,0xff,0xfd,0x7f,0xf4,0x00,0xe0,0x02,0xd0,0x07,0x40,0x1d,0x60,0x78,0x00,0x74,0x03,0xcb,0xef,0x00,
0x0b,0x00,0xb4,0x1f,0xe0,0x00,0xb0,0x2e,0x1b,0xef,0x81,0x6e,0x07,0x87,0xf4,0x2e,0x3f,0xd0,0x60,0x24,0x00,0x41,0x50,0x00,
0x15,0x55,0x55,0x55,0x40,0x07,0xff,0xff,0xff,0xfd,0x00,0x79,0x5d,0x5b,0x56,0xd0,0x07,0x41,0xd0,0x74,0x1d,0x00,0x74,0x1d,
0x07,0x41,0xd0,0x07,0x41,0xd0,0x74,0x1d,0x0b,0xff,0xff,0xff,0xff,0xfe,0xaa,0xaa,0xaa,0xaa,0xaa,0xa0,
/* U+76ca */
0x00,0x10,0x00,0x00,0x80,0x00,0x0b,0x80,0x00,0x2d,0x00,0x00,0x2d,0x00,0x07,0x80,0x00,0x00,0xf4,0x00,0xf0,0x00,0x15,0x5b,
0x55,0x6e,0x55,0x43,0xff,0xff,0xff,0xff,0xfc,0x15,0x55,0x55,0x55,0x55,0x40,0x00,0x20,0x00,0x80,0x00,0x00,0x1f,0x40,0x1f,
0x80,0x00,0x0b,0xd0,0x00,0x2f,0x40,0x0b,0xe0,0x00,0x00,0x6e,0x07,0xf4,0x00,0x00,0x00,0xbd,0x75,0xaa,0xaa,0xaa,0xa5,0xd0,
0x1f,0xff,0xff,0xff,0x80,0x01,0xd0,0xe0,0x70,0x38,0x00,0x1d,0x0e,0x07,0x03,0x80,0x01,0xd0,0xe0,0x70,0x38,0x00,0x1d,0x0e,
0x07,0x03,0x80,0x01,0xd0,0xe0,0x70,0x38,0x00,0x1d,0x0e,0x07,0x03,0x80,0xbf,0xff,0xff,0xff,0xff,0xe6,0xaa,0xaa,0xaa,0xaa,
0xa9,
/* U+76d0 */
0x00,0x14,0x00,0x14,0x00,0x00,0x02,0xc0,0x03,0xc0,0x00,0x00,0x2c,0x00,0x3c,0x00,0x00,0x02,0xc0,0x03,0xc0,0x00,0x15,0x7d,
0x54,0x3c,0x00,0x02,0xff,0xff,0xc3,0xe4,0x00,0x00,0x2c,0x00,0x3f,0xe0,0x00,0x02,0xc0,0x03,0xc7,0xe0,0x00,0x2c,0x00,0x3c,
0x0b,0xd0,0x02,0xc5,0x93,0xc0,0x19,0x05,0xbf,0xfd,0x3c,0x00,0x03,0xfe,0x94,0x03,0xc0,0x00,0x14,0x00,0x00,0x28,0x00,0x00,
0x2a,0xaa,0xaa,0xaa,0x80,0x03,0xff,0xff,0xff,0xfd,0x00,0x38,0x1d,0x07,0x41,0xd0,0x03,0x41,0xd0,0x74,0x1d,0x00,0x34,0x1d,
0x07,0x41,0xd0,0x03,0x41,0xd0,0x74,0x1d,0x00,0x34,0x1d,0x07,0x41,0xd0,0xbf,0xff,0xff,0xff,0xff,0xe6,0xaa,0xaa,0xaa,0xaa,
0xa9,
/* U+76d1 */
0x00,0x06,0x40,0x24,0x00,0x00,0x90,0x74,0x07,0x40,0x00,0x1d,0x07,0x40,0xb4,0x00,0x01,0xd0,0x74,0x0f,0xaa,0xa9,0x1d,0x07,
0x41,0xff,0xff,0xd1,0xd0,0x74,0x2d,0x00,0x00,0x1d,0x07,0x47,0x80,0x00,0x01,0xd0,0x74,0xf4,0x38,0x00,0x1d,0x07,0x5e,0x02,
0xd0,0x01,0xd0,0x74,0x40,0x0f,0x00,0x1d,0x07,0x40,0x00,0x78,0x00,0x40,0x74,0x00,0x02,0x40,0x00,0x01,0x00,0x00,0x00,0x00,
0x2a,0xaa,0xaa,0xaa,0x80,0x07,0xff,0xff,0xff,0xfd,0x00,0x74,0x1d,0x07,0x41,0xd0,0x07,0x41,0xd0,0x74,0x1d,0x00,0x74,0x1d,
0x07,0x41,0xd0,0x07,0x41,0xd0,0x74,0x1d,0x00,0x74,0x1d,0x07,0x41,0xd0,0xff,0xff,0xff,0xff,0xff,0xea,0xaa,0xaa,0xaa,0xaa,
0xaa,
/* U+76d6 */
0x00,0x09,0x00,0x06,0x00,0x00,0x00,0xf0,0x00,0xf0,0x00,0x00,0x07,0x40,0x1d,0x00,0x01,0xff,0xff,0xff,0xff,0xf4,0x1a,0xaa,
0xaf,0xaa,0xaa,0x40,0x00,0x00,0xf0,0x00,0x00,0x00,0x00,0x0f,0x00,0x00,0x00,0x7f,0xff,0xff,0xff,0xd0,0x01,0x55,0x5f,0x55,
0x54,0x00,0x00,0x00,0xf0,0x00,0x00,0x6a,0xaa,0xaf,0xaa,0xaa,0x97,0xff,0xff,0xff,0xff,0xfd,0x00,0x00,0x00,0x00,0x00,0x00,
0x00,0x00,0x00,0x00,0x00,0x03,0xff,0xff,0xff,0xfc,0x00,0x3e,0xae,0xab,0xab,0xc0,0x03,0x80,0xd0,0x70,0x2c,0x00,0x38,0x0d,
0x07,0x02,0xc0,0x03,0x80,0xd0,0x70,0x2c,0x00,0x38,0x0d,0x07,0x02,0xc0,0xbf,0xff,0xff,0xff,0xff,0xe6,0xaa,0xaa,0xaa,0xaa,
0xa9,
/* U+76d8 */
0x00,0x00,0x09,0x00,0x00,0x00,0x00,0x02,0xd0,0x00,0x00,0x00,0x7f,0xff,0xff,0xf0,0x00,0x07,0x95,0x55,0x5b,0x00,0x00,0x74,
0x28,0x00,0xb0,0x00,0x07,0x41,0xf4,0x0b,0x00,0x00,0x74,0x02,0xc0,0xb0,0x02,0xab,0xaa,0xaa,0xaf,0xa8,0x3f,0xff,0xff,0xff,
0xff,0xd0,0x0b,0x01,0x00,0x0b,0x00,0x01,0xe0,0xb8,0x00,0xb0,0x00,0x2d,0x02,0xf4,0x0b,0x00,0x0b,0x80,0x07,0x8a,0xf0,0x00,
0xa0,0x00,0x00,0xa9,0x00,0x01,0x55,0x55,0x55,0x54,0x00,0x7f,0xff,0xff,0xff,0xd0,0x07,0x96,0xe5,0xb9,0x6d,0x00,0x74,0x1d,
0x07,0x41,0xd0,0x07,0x41,0xd0,0x74,0x1d,0x00,0x74,0x1d,0x07,0x41,0xd0,0xaf,0xeb,0xfa,0xfe,0xbf,0xaa,0xaa,0xaa,0xaa,0xaa,
0xaa,
/* U+76df */
0x0a,0xaa,0x83,0xff,0xfe,0x00,0xfa,0xbc,0x3d,0x55,0xe0,0x0e,0x02,0xc3,0x80,0x0e,0x00,0xe0,0x2c,0x3e,0xaa,0xe0,0x0e,0x56,
0xc3,0xff,0xfe,0x00,0xff,0xfc,0x38,0x00,0xe0,0x0e,0x02,0xc3,0x80,0x0e,0x00,0xe0,0x2c,0x3f,0xff,0xe0,0x0e,0x02,0xc7,0x95,
0x5e,0x00,0xfa,0xbc,0x74,0x00,0xe0,0x0a,0xaa,0x8f,0x00,0x0e,0x00,0x00,0x02,0xd0,0x1f,0xd0,0x00,0x00,0x18,0x00,0x94,0x00,
0x2a,0xaa,0xaa,0xaa,0x80,0x07,0xff,0xff,0xff,0xfd,0x00,0x74,0x1d,0x07,0x41,0xd0,0x07,0x41,0xd0,0x74,0x1d,0x00,0x74,0x1d,
0x07,0x41,0xd0,0x07,0x41,0xd0,0x74,0x1d,0x0a,0xfe,0xbf,0xaf,0xeb,0xfa,0xaa,0xaa,0xaa,0xaa,0xaa,0xa0,
/* U+76f1 */
0x55,0x54,0x6a,0xaa,0xaa,0x3f,0xff,0x2f,0xff,0xff,0xde,0x56,0xc0,0x01,0xe0,0x03,0x80,0xb0,0x00,0x78,0x00,0xe0,0x2c,0x00,
0x1e,0x00,0x38,0x0b,0x00,0x07,0x80,0x0f,0xff,0xc0,0x01,0xe0,0x03,0x95,0xb0,0x00,0x78,0x00,0xe0,0x2c,0xaa,0xbf,0xaa,0xb8,
0x0b,0x2a,0xaf,0xea,0xae,0x02,0xc0,0x01,0xe0,0x03,0xff,0xf0,0x00,0x78,0x00,0xfa,0xbc,0x00,0x1e,0x00,0x38,0x0b,0x00,0x07,
0x80,0x0e,0x02,0xc0,0x01,0xe0,0x03,0x80,0xb0,0x00,0x78,0x00,0xfa,0xbc,0x00,0x1e,0x00,0x3f,0xff,0x00,0x07,0x80,0x0e,0x02,
0xc0,0x01,0xe0,0x03,0x80,0xa0,0x55,0xb4,0x00,0x50,0x00,0x1f,0xf8,0x00,0x00,0x00,0x01,0x50,0x00,0x00,
/* U+76f4 */
0x00,0x00,0x06,0x00,0x00,0x00,0x00,0x00,0xb0,0x00,0x00,0x15,0x55,0x5f,0x55,0x55,0x47,0xff,0xff,0xff,0xff,0xfd,0x15,0x55,
0x5e,0x55,0x55,0x40,0x00,0x01,0xd0,0x00,0x00,0x00,0xaa,0xbe,0xaa,0xa0,0x00,0x1f,0xaa,0xaa,0xaf,0x00,0x01,0xe0,0x00,0x00,
0xb0,0x00,0x1e,0x00,0x00,0x0b,0x00,0x01,0xff,0xff,0xff,0xf0,0x00,0x1e,0x55,0x55,0x5b,0x00,0x01,0xe0,0x00,0x00,0xb0,0x00,
0x1f,0xaa,0xaa,0xaf,0x00,0x01,0xfa,0xaa,0xaa,0xf0,0x00,0x1e,0x00,0x00,0x0b,0x00,0x01,0xe5,0x55,0x55,0xb0,0x00,0x1f,0xff,
0xff,0xff,0x00,0x01,0xe0,0x00,0x00,0xb0,0x00,0x1e,0x00,0x00,0x0b,0x00,0x6a,0xfa,0xaa,0xaa,0xfa,0x9b,0xff,0xff,0xff,0xff,
0xfe,
/* U+76f8 */
0x00,0x90,0x00,0x00,0x00,0x00,0x74,0x01,0x55,0x55,0x50,0x1d,0x01,0xff,0xff,0xfc,0x07,0x40,0x79,0x55,0x5f,0x01,0xd0,0x1d,
0x00,0x02,0xef,0xff,0xd7,0x40,0x00,0xb6,0xbf,0xa5,0xd0,0x00,0x2c,0x0b,0x40,0x79,0x55,0x5f,0x03,0xe0,0x1f,0xff,0xff,0xc1,
0xfe,0x07,0x55,0x55,0xb0,0xbe,0xe1,0xd0,0x00,0x2c,0x37,0x5d,0x74,0x00,0x0b,0x29,0xd2,0x5d,0x00,0x02,0xdc,0x74,0x07,0xaa,
0xaa,0xfe,0x1d,0x01,0xff,0xff,0xfe,0x07,0x40,0x74,0x00,0x0b,0x01,0xd0,0x1d,0x00,0x02,0xc0,0x74,0x07,0x40,0x00,0xb0,0x1d,
0x01,0xd0,0x00,0x2c,0x07,0x40,0x7a,0xaa,0xaf,0x01,0xd0,0x1f,0xff,0xff,0xc0,0x74,0x07,0x40,0x00,0xb0,0x05,0x00,0x40,0x00,
0x14,
/* U+7701 */
0x00,0x00,0x09,0x00,0x00,0x00,0x00,0x00,0xe0,0x24,0x00,0x00,0x28,0x0e,0x07,0xd0,0x00,0x0b,0x80,0xe0,0x0b,0x80,0x02,0xe0,
0x0e,0x00,0x7e,0x01,0xf8,0x00,0xe0,0x6e,0xbc,0x2d,0x00,0x05,0x6f,0x41,0xe0,0x00,0x01,0xbf,0x40,0x04,0x00,0x06,0xfe,0x40,
0x00,0x01,0x6b,0xff,0x95,0x55,0x40,0xbf,0xff,0xff,0xff,0xfc,0x01,0x4b,0x00,0x00,0x02,0xc0,0x00,0xb0,0x00,0x00,0x2c,0x00,
0x0b,0xff,0xff,0xff,0xc0,0x00,0xb5,0x55,0x55,0x6c,0x00,0x0b,0x00,0x00,0x02,0xc0,0x00,0xba,0xaa,0xaa,0xbc,0x00,0x0b,0xaa,
0xaa,0xab,0xc0,0x00,0xb0,0x00,0x00,0x2c,0x00,0x0b,0x55,0x55,0x56,0xc0,0x00,0xbf,0xff,0xff,0xfc,0x00,0x0b,0x55,0x55,0x56,
0xc0,0x00,0x50,0x00,0x00,0x14,0x00,
/* U+7709 */
0x06,0xaa,0xaa,0xaa,0xaa,0x41,0xff,0xff,0xff,0xff,0xd0,0x74,0x00,0x74,0x00,0x74,0x1d,0x00,0x1d,0x00,0x1d,0x07,0x40,0x07,
0x80,0x07,0x41,0xff,0xff,0xff,0xff,0xd0,0x79,0x55,0x55,0x55,0x54,0x1d,0x00,0x00,0x00,0x00,0x07,0x42,0xaa,0xaa,0xa9,0x01,
0xd1,0xff,0xff,0xff,0x80,0x74,0x74,0x00,0x00,0xe0,0x2c,0x1d,0x00,0x00,0x38,0x0b,0x07,0xff,0xff,0xfe,0x02,0xc1,0xe5,0x55,
0x57,0x80,0xf0,0x74,0x00,0x00,0xe0,0x38,0x1e,0xaa,0xaa,0xb8,0x1d,0x07,0xea,0xaa,0xae,0x0b,0x01,0xd0,0x00,0x03,0x83,0x80,
0x74,0x00,0x00,0xe1,0xd0,0x1f,0xff,0xff,0xf8,0x20,0x07,0x95,0x55,0x5e,0x00,0x00,0x50,0x00,0x01,0x40,
/* U+7719 */
0x00,0x00,0x00,0x10,0x00,0x15,0x55,0x00,0x2d,0x00,0x0f,0xff,0xc0,0x0f,0x00,0x03,0x95,0xb0,0x07,0x42,0x40,0xe0,0x2c,0x03,
0xc0,0xf0,0x38,0x0b,0x02,0xd0,0x1d,0x0e,0x02,0xc1,0xe0,0x02,0xc3,0xff,0xf0,0xf0,0x15,0xb8,0xe5,0x6c,0xbf,0xff,0xff,0x38,
0x0b,0x2a,0xa5,0x41,0xee,0x02,0xc0,0x00,0x00,0x27,0x80,0xb0,0x00,0x00,0x00,0xff,0xfc,0x1f,0xff,0xfd,0x3e,0xab,0x07,0xaa,
0xab,0x4e,0x02,0xc1,0xd0,0x01,0xd3,0x80,0xb0,0x74,0x00,0x74,0xe0,0x2c,0x1d,0x00,0x1d,0x3e,0xab,0x07,0x40,0x07,0x4f,0xff,
0xc1,0xd0,0x01,0xd3,0x80,0xb0,0x7e,0xaa,0xf4,0xe0,0x18,0x1f,0xff,0xfd,0x14,0x00,0x07,0x40,0x07,0x40,0x00,0x01,0x40,0x00,
0x40,
/* U+771f */
0x00,0x00,0x06,0x40,0x00,0x00,0x00,0x00,0xb4,0x00,0x00,0x2f,0xff,0xff,0xff,0xff,0x81,0xaa,0xaa,0xfa,0xaa,0xa4,0x00,0x00,
0x0e,0x00,0x00,0x00,0x0a,0xaa,0xfa,0xaa,0x40,0x00,0xfa,0xaa,0xaa,0xb4,0x00,0x0e,0x00,0x00,0x07,0x40,0x00,0xff,0xff,0xff,
0xf4,0x00,0x0e,0x55,0x55,0x5b,0x40,0x00,0xe0,0x00,0x00,0x74,0x00,0x0f,0xff,0xff,0xff,0x40,0x00,0xe5,0x55,0x55,0x74,0x00,
0x0e,0x55,0x55,0x57,0x40,0x00,0xff,0xff,0xff,0xf4,0x00,0x0e,0x00,0x00,0x07,0x40,0x55,0xe5,0x55,0x55,0xb9,0x5b,0xff,0xff,
0xff,0xff,0xfe,0x00,0x06,0x00,0x0e,0x00,0x00,0x06,0xe4,0x00,0xbe,0x00,0x1b,0xf4,0x00,0x00,0x7e,0x42,0xe4,0x00,0x00,0x00,
0x7c,0x10,0x00,0x00,0x00,0x00,0x40,
/* U+7762 */
0x00,0x00,0x05,0x05,0x00,0x15,0x55,0x03,0xc3,0xc0,0x0f,0xff,0x41,0xe0,0xb4,0x03,0x81,0xd0,0xb4,0x1e,0x00,0xe0,0x34,0x3d,
0x57,0x95,0x78,0x0d,0x1f,0xff,0xff,0xee,0x07,0x4b,0xc0,0x78,0x03,0xff,0xd7,0xf0,0x1e,0x00,0xe5,0xb6,0xfc,0x07,0x80,0x38,
0x0e,0xdb,0xaa,0xea,0x8e,0x03,0x52,0xff,0xff,0xf3,0x80,0xd0,0xb0,0x1e,0x00,0xfa,0xb4,0x2c,0x07,0x80,0x3f,0xfd,0x0b,0x01,
0xe0,0x0e,0x03,0x42,0xea,0xbe,0xa3,0x80,0xd0,0xbf,0xff,0xfc,0xe0,0x34,0x2c,0x07,0x80,0x38,0x0d,0x0b,0x01,0xe0,0x0f,0xff,
0x42,0xc0,0x78,0x03,0xaa,0xd0,0xba,0xae,0xa9,0xe0,0x34,0x2f,0xff,0xff,0xa4,0x04,0x0b,0x00,0x00,0x00,0x00,0x01,0x40,0x00,
0x00,
/* U+77f3 */
0x15,0x55,0x55,0x55,0x55,0x4b,0xff,0xff,0xff,0xff,0xfe,0x55,0x55,0xf9,0x55,0x55,0x50,0x00,0x0e,0x00,0x00,0x00,0x00,0x01,
0xd0,0x00,0x00,0x00,0x00,0x38,0x00,0x00,0x00,0x00,0x0b,0x40,0x00,0x00,0x00,0x01,0xe0,0x00,0x00,0x00,0x00,0x2d,0x00,0x00,
0x00,0x00,0x0b,0xff,0xff,0xff,0xe0,0x01,0xff,0xaa,0xaa,0xae,0x00,0x7c,0xf0,0x00,0x00,0xe0,0x2f,0x0f,0x00,0x00,0x0e,0x0b,
0xc0,0xf0,0x00,0x00,0xe0,0xb0,0x0f,0x00,0x00,0x0e,0x00,0x00,0xf0,0x00,0x00,0xe0,0x00,0x0f,0x00,0x00,0x0e,0x00,0x00,0xf0,
0x00,0x00,0xe0,0x00,0x0f,0xff,0xff,0xfe,0x00,0x00,0xff,0xff,0xff,0xe0,0x00,0x0f,0x00,0x00,0x0e,0x00,
/* U+77ff */
0x00,0x00,0x00,0x06,0x00,0x01,0x55,0x54,0x00,0xb4,0x00,0x7f,0xff,0x80,0x03,0x80,0x01,0x7d,0x54,0x55,0x6d,0x55,0x03,0x80,
0x0b,0xff,0xff,0xe0,0x74,0x00,0xb5,0x55,0x55,0x07,0x40,0x0b,0x00,0x00,0x00,0xb0,0x00,0xb0,0x00,0x00,0x0e,0x00,0x0b,0x00,
0x00,0x01,0xff,0xf0,0xb0,0x00,0x00,0x3f,0x5b,0x0b,0x00,0x00,0x07,0xf0,0xb0,0xf0,0x00,0x00,0xfb,0x0b,0x0e,0x00,0x00,0x09,
0xb0,0xb0,0xe0,0x00,0x00,0x0b,0x0b,0x1d,0x00,0x00,0x00,0xb0,0xb1,0xd0,0x00,0x00,0x0b,0x0b,0x1d,0x00,0x00,0x00,0xb0,0xb2,
0xc0,0x00,0x00,0x0b,0xaf,0x78,0x00,0x00,0x00,0xbf,0xeb,0x40,0x00,0x00,0x0b,0x00,0xe0,0x00,0x00,0x00,0x60,0x1d,0x00,0x00,
0x00,0x00,0x00,0x40,0x00,0x00,0x00,
/* U+7800 */
0x15,0x55,0x0a,0xaa,0xa9,0x07,0xff,0xf9,0xff,0xff,0xd0,0x17,0xd5,0x40,0x00,0xb8,0x00,0x38,0x00,0x00,0x2e,0x00,0x07,0x40,
0x00,0x1f,0x40,0x00,0xb0,0x00,0x0b,0xd0,0x00,0x0b,0x00,0x07,0xe0,0x00,0x00,0xe5,0x51,0xfd,0x55,0x54,0x2f,0xff,0x1f,0xff,
0xff,0xd3,0xf5,0xb0,0x0b,0x4b,0x2d,0xbf,0x0b,0x00,0xe0,0xe1,0xde,0xb0,0xb0,0x1d,0x1d,0x2c,0x9b,0x0b,0x03,0x82,0xc2,0xc0,
0xb0,0xb0,0xf4,0x38,0x2c,0x0b,0x0b,0x3d,0x07,0x42,0xc0,0xb0,0xb2,0x40,0xf0,0x2c,0x0b,0x0b,0x00,0x3d,0x02,0x80,0xb5,0xb0,
0x0b,0x40,0x38,0x0b,0xff,0x07,0xd0,0x07,0x80,0xb4,0x01,0xf4,0x6a,0xf0,0x06,0x00,0x04,0x03,0xf9,0x00,
/* U+7801 */
0x15,0x55,0x4a,0xaa,0xaa,0x07,0xff,0xf9,0xff,0xff,0xf0,0x56,0xd5,0x40,0x00,0x0a,0x00,0x38,0x00,0x14,0x00,0xe0,0x03,0x80,
0x02,0xc0,0x0e,0x00,0x74,0x00,0x38,0x01,0xd0,0x0b,0x00,0x03,0x80,0x1d,0x00,0xe5,0x50,0x74,0x02,0xc0,0x1f,0xff,0x07,0x40,
0x2c,0x03,0xf5,0xb0,0xb0,0x03,0xc0,0x7f,0x0b,0x0b,0xff,0xff,0xdf,0xb0,0xb0,0x55,0x55,0x6d,0x9b,0x0b,0x00,0x00,0x01,0xd0,
0xb0,0xb0,0x00,0x00,0x1d,0x0b,0x0b,0x15,0x55,0x51,0xd0,0xb0,0xb2,0xff,0xff,0x1d,0x0b,0x0b,0x00,0x00,0x01,0xc0,0xba,0xf0,
0x00,0x00,0x2c,0x0b,0xaf,0x00,0x00,0x03,0xc0,0xb0,0xb0,0x00,0x56,0xf8,0x06,0x00,0x00,0x0f,0xfe,0x00,0x00,0x00,0x00,0x54,
0x00,
/* U+7814 */
0x15,0x55,0x45,0x55,0x55,0x47,0xff,0xfc,0xff,0xff,0xfd,0x16,0xd5,0x45,0xf5,0x6d,0x40,0x2c,0x00,0x0e,0x01,0xd0,0x03,0x80,
0x00,0xe0,0x1d,0x00,0x74,0x00,0x0e,0x01,0xd0,0x0b,0x00,0x00,0xe0,0x1d,0x00,0xe5,0x50,0x0e,0x01,0xd0,0x2f,0xff,0x00,0xe0,
0x2d,0x03,0xf5,0xb2,0xff,0xff,0xff,0xbf,0x0b,0x1a,0xfa,0xae,0xae,0xb0,0xb0,0x0e,0x01,0xd0,0x8b,0x0b,0x00,0xe0,0x1d,0x00,
0xb0,0xb0,0x1d,0x01,0xd0,0x0b,0x0b,0x01,0xd0,0x1d,0x00,0xb0,0xb0,0x2c,0x01,0xd0,0x0b,0x0b,0x03,0x80,0x1d,0x00,0xbf,0xf0,
0xb4,0x01,0xd0,0x0b,0xaa,0x1e,0x00,0x1d,0x00,0xb0,0x07,0xd0,0x01,0xd0,0x06,0x00,0x74,0x00,0x1d,0x00,0x00,0x01,0x00,0x00,
0x40,
/* U+781a */
0x55,0x55,0x4a,0xaa,0xaa,0x0b,0xff,0xf8,0xff,0xff,0xf0,0x56,0xd5,0x4e,0x00,0x0b,0x00,0x38,0x00,0xe0,0x50,0xb0,0x03,0x80,
0x0e,0x0b,0x0b,0x00,0x74,0x00,0xe0,0xb0,0xb0,0x0b,0x00,0x0e,0x0b,0x0b,0x00,0xe5,0x50,0xe0,0xb0,0xb0,0x1f,0xff,0x0e,0x0b,
0x0b,0x03,0xf5,0xb0,0xe0,0xb0,0xb0,0xbf,0x07,0x0e,0x0e,0x0b,0x0f,0xb0,0x70,0xe0,0xe0,0xb0,0x9b,0x07,0x0e,0x0e,0x0b,0x00,
0xb0,0x70,0x51,0xe4,0x60,0x0b,0x07,0x00,0x2e,0xc0,0x00,0xb0,0x70,0x03,0xac,0x00,0x0b,0x07,0x00,0xb6,0xc0,0x50,0xba,0xf0,
0x2e,0x2c,0x0b,0x0b,0xaa,0x0b,0x82,0xc0,0xb0,0xb0,0x0b,0xe0,0x1f,0xae,0x05,0x01,0xe4,0x00,0xbf,0x90,0x00,0x04,0x00,0x00,
0x00,
/* U+7855 */
0x15,0x55,0x4a,0xaa,0xaa,0x97,0xff,0xfd,0xff,0xff,0xfe,0x16,0xd5,0x40,0x03,0x80,0x00,0x2c,0x00,0x00,0x74,0x00,0x03,0x80,
0x01,0x5b,0x95,0x40,0x74,0x00,0x3f,0xff,0xfc,0x0b,0x00,0x03,0x95,0x56,0xc0,0xf5,0x50,0x38,0x14,0x2c,0x1f,0xff,0x43,0x83,
0x82,0xc3,0xf9,0xb4,0x38,0x38,0x2c,0x7f,0x47,0x43,0x83,0x82,0xcf,0xb4,0x74,0x38,0x38,0x2c,0x97,0x47,0x43,0x83,0x82,0xc0,
0x74,0x74,0x38,0x74,0x2c,0x07,0x47,0x43,0x87,0x42,0xc0,0x74,0x74,0x34,0xb0,0x2c,0x07,0x47,0x40,0x0e,0x20,0x00,0x7a,0xb4,
0x02,0xd7,0xd0,0x07,0xff,0x41,0xf8,0x1f,0x40,0x74,0x01,0xbd,0x00,0x7d,0x06,0x00,0x2e,0x40,0x01,0xe0,0x00,0x00,0x40,0x00,
0x04,
/* U+785a */
0x15,0x55,0x00,0x05,0xaf,0x07,0xff,0xf9,0xff,0xfe,0x90,0x16,0xd5,0x4a,0xad,0x00,0x00,0x38,0x00,0x02,0xc0,0x00,0x03,0x80,
0x00,0x38,0x00,0x00,0x74,0x03,0xff,0xff,0xfd,0x0b,0x00,0x2a,0xfa,0xfa,0x90,0xe5,0x40,0x0e,0x07,0x40,0x1f,0xff,0x02,0xd0,
0x2c,0x03,0xf5,0xb0,0x74,0x00,0xe0,0x7f,0x0b,0x2f,0x40,0x1b,0xdf,0xb0,0xbb,0x9d,0x07,0x5f,0x9b,0x0b,0x61,0xd0,0x74,0x10,
0xb0,0xb0,0x1d,0x07,0x40,0x0b,0x0b,0x02,0xd0,0x74,0x00,0xb0,0xb0,0x3c,0x07,0x40,0x0b,0x0b,0x03,0x80,0x74,0x00,0xb5,0xb0,
0xb4,0x07,0x40,0x0b,0xff,0x1f,0x00,0x74,0x00,0xb5,0x52,0xd0,0x07,0x40,0x06,0x00,0x38,0x00,0x74,0x00,0x00,0x00,0x00,0x01,
0x00,
/* U+786c */
0x15,0x55,0x1a,0xaa,0xaa,0x97,0xff,0xf6,0xff,0xff,0xfe,0x17,0xd5,0x40,0x07,0x40,0x00,0x38,0x00,0x00,0x74,0x00,0x07,0x40,
0x0f,0xff,0xff,0xc0,0xb0,0x00,0xea,0xba,0xbc,0x0a,0x00,0x0e,0x07,0x42,0xc0,0xe5,0x50,0xe0,0x74,0x2c,0x2f,0xff,0x0f,0xff,
0xff,0xc3,0xf5,0xb0,0xe5,0xb9,0x6c,0xbf,0x0b,0x0e,0x07,0x42,0xce,0xb0,0xb0,0xe0,0x74,0x2c,0x8b,0x0b,0x0f,0xff,0xff,0xc0,
0xb0,0xb0,0x55,0xb9,0x54,0x0b,0x0b,0x05,0x0b,0x00,0x00,0xb0,0xb0,0xb4,0xe0,0x00,0x0b,0x0b,0x02,0xed,0x00,0x00,0xbf,0xf0,
0x0b,0xc0,0x00,0x0b,0xaa,0x02,0xff,0x90,0x00,0xb0,0x02,0xf8,0x2f,0xa5,0x05,0x00,0xb9,0x00,0x2b,0xf0,0x00,0x01,0x00,0x00,
0x05,
/* U+786e */
0x00,0x00,0x00,0x50,0x00,0x05,0x55,0x40,0x78,0x00,0x07,0xff,0xf8,0x2f,0xff,0xd0,0x5f,0x55,0x1e,0xaa,0xf0,0x03,0x80,0x1e,
0x00,0xb4,0x01,0xd0,0x1f,0x00,0x78,0x00,0x74,0x0f,0xff,0xff,0xfc,0x2c,0x01,0x7e,0xae,0xab,0x0e,0x00,0x0e,0x07,0x42,0xcb,
0xff,0xc3,0x81,0xd0,0xb3,0xf5,0xb0,0xe5,0xb9,0x6d,0xf8,0x2c,0x3f,0xff,0xff,0xfe,0x0b,0x0e,0x07,0x42,0xe6,0x82,0xc3,0x81,
0xd0,0xb0,0xa0,0xb0,0xe0,0x74,0x2c,0x28,0x2c,0x3f,0xff,0xff,0x0a,0x0b,0x1e,0xab,0xab,0xc2,0x82,0xc7,0x41,0xd0,0xb0,0xba,
0xf2,0xc0,0x74,0x2c,0x2e,0xa8,0xe0,0x1d,0x0b,0x0a,0x00,0xb4,0x07,0x57,0xc1,0x80,0x28,0x01,0xdb,0xe0,
/* U+788c */
0x15,0x55,0x4a,0xaa,0xa8,0x0b,0xff,0xf8,0xbf,0xff,0xc0,0x57,0xd5,0x40,0x00,0x1c,0x00,0x38,0x00,0x00,0x01,0xc0,0x07,0x40,
0x02,0xaa,0xbc,0x00,0xb0,0x00,0x2a,0xab,0xc0,0x0b,0x00,0x00,0x00,0x1c,0x00,0xe5,0x50,0x00,0x02,0xd0,0x2f,0xff,0x3f,0xff,
0xff,0xd3,0xf5,0xb1,0x55,0xb5,0x54,0xbe,0x0b,0x00,0x0b,0x01,0x4e,0xe0,0xb2,0x80,0xb0,0x3c,0x8e,0x0b,0x1f,0x0f,0x8b,0x40,
0xe0,0xb0,0x36,0xff,0xd0,0x0e,0x0b,0x00,0xbb,0x74,0x00,0xe0,0xb0,0x2d,0xb2,0xd0,0x0e,0x0b,0x0b,0x4b,0x0f,0x40,0xf5,0xf2,
0xe0,0xb0,0x7d,0x0f,0xff,0x34,0x0b,0x01,0xe0,0xe0,0xb0,0x05,0xf0,0x01,0x09,0x05,0x00,0xfe,0x00,0x00,0x00,0x00,0x05,0x40,
0x00,
/* U+7891 */
0x00,0x00,0x00,0x0a,0x00,0x01,0x55,0x50,0x00,0xe0,0x00,0x7f,0xff,0x85,0x6e,0x55,0x41,0x6d,0x54,0xff,0xff,0xf8,0x03,0x80,
0x0e,0x0b,0x43,0x80,0x38,0x00,0xd0,0x70,0x38,0x07,0x40,0x0e,0x0b,0x43,0x80,0xb0,0x00,0xff,0xff,0xf8,0x0e,0x00,0x0e,0x5b,
0x57,0x81,0xff,0xf0,0xd0,0xb0,0x38,0x3f,0x5b,0x0d,0x0b,0x03,0x87,0xf0,0x70,0xff,0xff,0xf8,0xfb,0x07,0x0a,0xbe,0xaa,0x49,
0xb0,0x70,0x07,0x85,0x00,0x0b,0x07,0x02,0xe0,0xf0,0x00,0xb0,0x70,0x78,0x0f,0x00,0x0b,0x07,0x3f,0xff,0xff,0xe0,0xb0,0x72,
0xaa,0xaf,0xaa,0x0b,0xab,0x00,0x00,0xf0,0x00,0xbf,0xf0,0x00,0x0f,0x00,0x0b,0x0b,0x00,0x00,0xf0,0x00,0x60,0x50,0x00,0x0f,
0x00,0x00,0x00,0x00,0x00,0x50,0x00,
/* U+789a */
0x00,0x00,0x00,0x09,0x00,0x01,0x55,0x54,0x00,0xb0,0x00,0x7f,0xff,0x85,0x5b,0x55,0x45,0x6d,0x54,0xff,0xff,0xfd,0x03,0x80,
0x05,0x55,0x55,0x40,0x38,0x00,0x14,0x00,0x60,0x07,0x40,0x02,0xc0,0x0e,0x00,0xb0,0x00,0x1e,0x01,0xd0,0x0f,0x55,0x00,0xb0,
0x3c,0x01,0xff,0xf5,0xab,0xab,0xe9,0x3f,0x5b,0x6f,0xff,0xff,0xe7,0xf0,0x74,0x00,0x00,0x00,0xfb,0x07,0x40,0x00,0x00,0x0d,
0x70,0x74,0x2a,0xaa,0xa4,0x07,0x07,0x43,0xff,0xff,0x40,0x70,0x74,0x38,0x00,0x74,0x07,0x07,0x43,0x80,0x07,0x40,0x70,0x74,
0x38,0x00,0x74,0x07,0xab,0x43,0x80,0x07,0x40,0x7f,0xf4,0x3e,0xaa,0xb4,0x07,0x07,0x43,0xff,0xff,0x40,0x60,0x10,0x38,0x00,
0x74,0x00,0x00,0x01,0x00,0x01,0x00,
/* U+78a7 */
0x00,0x00,0x00,0x02,0x40,0x01,0x55,0x55,0x00,0x74,0x00,0x2f,0xff,0xf2,0xff,0xff,0x40,0x03,0x80,0x2e,0xaa,0xb4,0x00,0x38,
0x02,0xc0,0x07,0x41,0xaf,0xe9,0x2d,0x55,0x74,0x0a,0xba,0x92,0xff,0xff,0x40,0x03,0x80,0x2c,0x00,0x74,0x00,0x39,0x66,0xc0,
0x07,0x42,0xbf,0xff,0x6e,0xaa,0xb4,0x2a,0xa5,0x01,0xaa,0xaa,0x40,0x00,0x00,0x00,0x00,0x00,0x7f,0xff,0xff,0xff,0xff,0xe6,
0xaa,0xbe,0xaa,0xaa,0xa9,0x00,0x0b,0x40,0x00,0x00,0x00,0x02,0xf5,0x55,0x55,0x50,0x01,0xbf,0xff,0xff,0xfd,0x00,0xbf,0xc0,
0x00,0x01,0xd0,0xbe,0x2c,0x00,0x00,0x1d,0x06,0x42,0xd5,0x55,0x55,0xd0,0x00,0x2f,0xff,0xff,0xfd,0x00,0x02,0xd5,0x55,0x55,
0xd0,0x00,0x04,0x00,0x00,0x04,0x00,
/* U+78b1 */
0x00,0x00,0x00,0x00,0x50,0x01,0x55,0x40,0x00,0x0d,0x60,0x7f,0xfe,0x00,0x00,0xd3,0x41,0xb9,0x51,0x55,0x5e,0x68,0x07,0x00,
0xbf,0xff,0xff,0xe0,0xb0,0x0b,0x55,0x5e,0x55,0x0e,0x00,0xb0,0x00,0xe0,0x00,0xd0,0x0b,0x2a,0x8e,0x04,0x1d,0x00,0xb3,0xfc,
0xe1,0xc2,0xff,0xcb,0x00,0x0e,0x2c,0x3e,0x6c,0xb0,0x54,0xe2,0x8b,0xe1,0xcb,0x3f,0xda,0x34,0xee,0x1c,0xb3,0x4d,0xa7,0x4d,
0xe1,0xcb,0x34,0xda,0xb0,0x0e,0x1c,0xb3,0x4d,0xbe,0x00,0xe1,0xca,0x34,0xdb,0xc0,0x0e,0x1c,0xa3,0xad,0x78,0x60,0xe1,0xce,
0x2a,0x87,0x47,0x0f,0xbc,0xd0,0x00,0xf8,0xa0,0xfa,0x9d,0x00,0x2e,0xca,0x0e,0x02,0xc0,0x0f,0x1e,0xd0,0x90,0x28,0x00,0x80,
0x78,
/* U+78be */
0x15,0x55,0x0a,0xaa,0xaa,0x87,0xff,0xf5,0xff,0xff,0xf8,0x17,0x95,0x1d,0x00,0x03,0x80,0x74,0x01,0xd0,0x00,0x38,0x07,0x40,
0x1e,0x55,0x57,0x80,0xb0,0x01,0xff,0xff,0xf8,0x0e,0x00,0x1d,0x1d,0x1d,0x00,0xe5,0x41,0xd1,0xc1,0xc0,0x2f,0xfe,0x1e,0x6e,
0x6e,0x43,0xf5,0xe1,0xff,0xff,0xfd,0xbf,0x0e,0x1d,0x1c,0x1c,0x0f,0xb0,0xe1,0xd1,0xc1,0xc0,0x9b,0x0e,0x2e,0x6e,0x6d,0x50,
0xb0,0xe2,0xff,0xff,0xfd,0x0b,0x0e,0x2c,0xb1,0xd0,0x00,0xb0,0xe2,0x87,0x0e,0x1c,0x0b,0x0e,0x38,0x70,0x7b,0x80,0xba,0xe7,
0x47,0x02,0xe0,0x0b,0xfe,0xb0,0xb1,0x9f,0x00,0xb0,0x1e,0x0f,0xfc,0x7d,0x06,0x00,0x80,0xe9,0x01,0xa0,
/* U+78c1 */
0x00,0x00,0x01,0x00,0x09,0x01,0x55,0x50,0x78,0x01,0xd0,0x7f,0xfe,0x02,0xc0,0x3c,0x05,0xb9,0x50,0x1d,0x07,0x40,0x07,0x40,
0xbf,0xff,0xff,0xf0,0xb0,0x06,0xaa,0xaa,0xaa,0x0b,0x00,0x03,0x40,0x18,0x00,0xe0,0x00,0x74,0x02,0xc0,0x0e,0x54,0x0b,0x00,
0x38,0x02,0xff,0xd0,0xd1,0x47,0x45,0x3e,0x5d,0x1c,0x38,0xb0,0xeb,0xe0,0xd3,0x87,0x4d,0x1d,0xee,0x0d,0x75,0xb2,0xc6,0x89,
0xe0,0xdf,0xfe,0x3f,0xf4,0x0e,0x0d,0x56,0xc1,0x5b,0x00,0xe0,0xd0,0x38,0x00,0xd0,0x0e,0x0d,0x0b,0x00,0x2c,0x00,0xe0,0xd0,
0xea,0x03,0x68,0x0e,0xad,0x2c,0x70,0xb1,0xc0,0xff,0xdb,0xab,0x6e,0x6d,0x0e,0x1d,0xbf,0xb6,0xfe,0xe0,0x90,0x40,0x02,0x80,
0x0a,
/* U+78d0 */
0x00,0x18,0x00,0x00,0x00,0x00,0x02,0x80,0x06,0xaa,0x80,0x0b,0xff,0xe0,0xba,0xb8,0x00,0xe6,0x5a,0x0a,0x02,0x80,0x0e,0x34,
0xa2,0xd0,0x2e,0x80,0xe1,0x8a,0x74,0x00,0x69,0xaf,0xae,0xe2,0xaa,0xaa,0x06,0xea,0xae,0x2f,0xaa,0xf0,0x1d,0x30,0xa0,0x74,
0x2d,0x02,0xc2,0x8a,0x01,0xeb,0x40,0x38,0x04,0xa0,0x6f,0xf9,0x0b,0x00,0xfe,0x7f,0x96,0xfd,0x10,0x05,0x41,0x40,0x01,0x47,
0xff,0xff,0xff,0xff,0xfd,0x6a,0xab,0xea,0xaa,0xaa,0x90,0x01,0xf0,0x00,0x00,0x00,0x00,0x7e,0xaa,0xaa,0xa8,0x00,0x2f,0xea,
0xaa,0xab,0xc0,0x2f,0xb8,0x00,0x00,0x2c,0x0b,0x83,0x80,0x00,0x02,0xc0,0x10,0x3f,0xff,0xff,0xfc,0x00,0x03,0xea,0xaa,0xaa,
0xc0,0x00,0x14,0x00,0x00,0x14,0x00,
/* U+78e8 */
0x00,0x00,0x06,0x00,0x00,0x00,0x00,0x00,0x74,0x00,0x00,0x0a,0xaa,0xab,0xea,0xaa,0x90,0xfa,0xaf,0xaa,0xaf,0xa9,0x0e,0x01,
0xd0,0x00,0xd0,0x00,0xe1,0x5e,0x51,0x5e,0x54,0x0e,0x7f,0xfe,0x7f,0xff,0x80,0xe0,0x7d,0x00,0xae,0xc0,0x0e,0x0e,0xf8,0x1d,
0xda,0x00,0xe7,0x9d,0xa7,0x8d,0x38,0x0e,0xe1,0xd0,0xa0,0xd0,0xd1,0xd4,0x08,0x00,0x09,0x00,0x1d,0x55,0x55,0x55,0x55,0x41,
0xdb,0xff,0xff,0xff,0xfd,0x1d,0x00,0xb4,0x00,0x00,0x02,0xc0,0x2d,0x00,0x00,0x00,0x2c,0x0b,0xff,0xff,0xfe,0x03,0x87,0xfd,
0x55,0x55,0xe0,0x75,0xf7,0x80,0x00,0x0e,0x0b,0x04,0x38,0x00,0x00,0xe0,0xf0,0x03,0xff,0xff,0xfe,0x0a,0x00,0x3d,0x55,0x55,
0xe0,0x00,0x01,0x40,0x00,0x05,0x00,
/* U+78f4 */
0x15,0x55,0x1a,0xa6,0x8b,0x07,0xff,0xf1,0xff,0x9e,0xd0,0x5b,0x95,0x00,0x70,0xf4,0x50,0x74,0x02,0x4a,0x0b,0x1e,0x0b,0x00,
0x2e,0xd0,0x3b,0x80,0xb0,0x00,0xb8,0x01,0xf0,0x0e,0x00,0x0b,0xaa,0xaf,0x40,0xe5,0x43,0xdb,0xff,0x6d,0x2f,0xfe,0xb4,0x00,
0x00,0xa3,0xe5,0xe1,0x00,0x00,0x00,0x7e,0x0e,0x0b,0xff,0xff,0x0f,0xe0,0xe0,0xf5,0x55,0xb0,0x9e,0x0e,0x0e,0x00,0x0b,0x00,
0xe0,0xe0,0xe0,0x00,0xb0,0x0e,0x0e,0x0f,0xaa,0xaf,0x00,0xe0,0xe0,0xaa,0xaa,0xa0,0x0e,0x0e,0x01,0x40,0x18,0x00,0xea,0xe0,
0x2c,0x03,0xc0,0x0f,0xfe,0x00,0xe0,0x74,0x00,0xe0,0xe3,0xff,0xff,0xfd,0x09,0x05,0x2a,0xaa,0xaa,0x90,
/* U+793a */
0x01,0x55,0x55,0x55,0x54,0x00,0x3f,0xff,0xff,0xff,0xc0,0x01,0x55,0x55,0x55,0x54,0x00,0x00,0x00,0x00,0x00,0x00,0x00,0x00,
0x00,0x00,0x00,0x00,0x00,0x00,0x00,0x00,0x00,0x15,0x55,0x55,0x55,0x55,0x47,0xff,0xff,0xff,0xff,0xfd,0x2a,0xaa,0xaf,0xaa,
0xaa,0x80,0x00,0x00,0xb0,0x00,0x00,0x00,0x00,0x0b,0x00,0x00,0x00,0x0a,0x00,0xb0,0x1d,0x00,0x00,0xe0,0x0b,0x00,0xb0,0x00,
0x1d,0x00,0xb0,0x07,0x40,0x03,0xc0,0x0b,0x00,0x2c,0x00,0x78,0x00,0xb0,0x00,0xe0,0x0f,0x00,0x0b,0x00,0x0b,0x02,0xe0,0x00,
0xb0,0x00,0x78,0x7c,0x00,0x0f,0x00,0x02,0xc6,0x40,0x66,0xe0,0x00,0x18,0x00,0x07,0xfd,0x00,0x00,0x00,
/* U+793c */
0x00,0x90,0x00,0x50,0x00,0x00,0x0f,0x00,0x07,0x40,0x00,0x00,0xb4,0x00,0x74,0x00,0x01,0x57,0x95,0x07,0x40,0x00,0x7f,0xff,
0xf4,0x74,0x00,0x01,0x55,0x5f,0x07,0x40,0x00,0x00,0x01,0xe0,0x74,0x00,0x00,0x00,0x3c,0x07,0x40,0x00,0x00,0x0b,0x40,0x74,
0x00,0x00,0x02,0xd0,0x07,0x40,0x00,0x00,0xfd,0x00,0x74,0x00,0x00,0x7f,0xf8,0x07,0x40,0x00,0x2f,0x7a,0xf4,0x74,0x00,0x0b,
0x87,0x87,0xc7,0x40,0x00,0x90,0x78,0x04,0x74,0x00,0x00,0x07,0x80,0x07,0x40,0x04,0x00,0x78,0x00,0x74,0x00,0xa0,0x07,0x80,
0x07,0x40,0x0e,0x00,0x78,0x00,0x74,0x00,0xe0,0x07,0x80,0x07,0x40,0x1e,0x00,0x78,0x00,0x3e,0xab,0xd0,0x07,0x80,0x02,0xff,
0xf8,0x00,0x14,0x00,0x00,0x00,0x00,
/* U+793e */
0x01,0x40,0x00,0x05,0x00,0x00,0x2c,0x00,0x00,0xf0,0x00,0x01,0xd0,0x00,0x0f,0x00,0x01,0x5e,0x50,0x00,0xf0,0x00,0x7f,0xff,
0x40,0x0f,0x00,0x05,0x55,0xb4,0x00,0xf0,0x00,0x00,0x0e,0x00,0x0f,0x00,0x00,0x01,0xd1,0x55,0xf5,0x54,0x00,0x78,0x7f,0xff,
0xff,0xd0,0x0f,0x01,0x55,0xf5,0x54,0x02,0xe0,0x00,0x0f,0x00,0x00,0xbf,0x80,0x00,0xf0,0x00,0x2e,0xef,0x40,0x0f,0x00,0x0b,
0x5d,0x7c,0x00,0xf0,0x00,0x91,0xd0,0x40,0x0f,0x00,0x00,0x1d,0x00,0x00,0xf0,0x00,0x01,0xd0,0x00,0x0f,0x00,0x00,0x1d,0x00,
0x00,0xf0,0x00,0x01,0xd0,0x00,0x0f,0x00,0x00,0x1d,0x00,0x00,0xf0,0x00,0x01,0xd0,0xff,0xff,0xff,0xf0,0x1d,0x0a,0xaa,0xaa,
0xaa,0x00,0x40,0x00,0x00,0x00,0x00,
/* U+7941 */
0x00,0x90,0x00,0x00,0x00,0x00,0x0f,0x00,0x05,0x55,0x54,0x00,0x74,0x00,0xff,0xff,0xd1,0x57,0x95,0x0f,0x55,0x7c,0x7f,0xff,
0xf4,0xf0,0x07,0x82,0xaa,0xaf,0x4f,0x00,0xb0,0x00,0x01,0xe0,0xf0,0x0e,0x00,0x00,0x3c,0x0f,0x02,0xd0,0x00,0x0b,0x40,0xf0,
0x38,0x00,0x02,0xe0,0x0f,0x0b,0x40,0x01,0xfd,0x00,0xf0,0x74,0x00,0x7f,0xf8,0x0f,0x02,0xc0,0x2f,0xba,0xf4,0xf0,0x0e,0x0f,
0x87,0x87,0xcf,0x00,0x74,0xa0,0x78,0x14,0xf0,0x03,0x80,0x07,0x80,0x0f,0x00,0x2c,0x00,0x78,0x00,0xf0,0x02,0xc0,0x07,0x80,
0x0f,0x00,0x3c,0x00,0x78,0x00,0xf2,0xaf,0x40,0x07,0x80,0x0f,0x1e,0x90,0x00,0x78,0x00,0xf0,0x00,0x00,0x07,0x80,0x0f,0x00,
0x00,0x00,0x14,0x00,0x50,0x00,0x00,
/* U+795d */
0x01,0x80,0x00,0x00,0x00,0x00,0x2c,0x00,0xaa,0xaa,0xa0,0x01,0xe0,0x0f,0xff,0xff,0x01,0x5e,0x50,0xe0,0x00,0xb0,0x7f,0xff,
0x4e,0x00,0x0b,0x05,0x55,0xb4,0xe0,0x00,0xb0,0x00,0x0e,0x0e,0x00,0x0b,0x00,0x02,0xd0,0xe0,0x00,0xb0,0x00,0x78,0x0e,0x00,
0x0b,0x00,0x0f,0x00,0xe5,0x55,0xb0,0x02,0xe0,0x0f,0xff,0xff,0x00,0xbf,0xd0,0x5f,0x5e,0x50,0x2e,0xef,0x40,0xe0,0xe0,0x0b,
0x9d,0x3c,0x0e,0x0e,0x00,0x91,0xd0,0x41,0xe0,0xe0,0x00,0x1d,0x00,0x2d,0x0e,0x00,0x01,0xd0,0x03,0xc0,0xe0,0x50,0x1d,0x00,
0xb8,0x0e,0x0b,0x01,0xd0,0x1f,0x00,0xe0,0xb0,0x1d,0x03,0xd0,0x0e,0x0a,0x01,0xd0,0xf8,0x00,0xfa,0xe0,0x1d,0x1e,0x00,0x07,
0xf8,0x00,0x50,0x00,0x00,0x00,0x00,
/* U+795e */
0x02,0x40,0x00,0x0a,0x00,0x00,0xf0,0x00,0x03,0xc0,0x00,0x1d,0x00,0x00,0xf0,0x00,0x57,0x94,0x00,0x3c,0x00,0x7f,0xff,0x3f,
0xff,0xff,0xd5,0x57,0x8f,0xab,0xea,0xf0,0x01,0xd3,0x80,0xf0,0x2c,0x00,0xf0,0xe0,0x3c,0x0b,0x00,0xb4,0x38,0x0f,0x02,0xc0,
0x78,0x0f,0xff,0xff,0xf0,0x7d,0x03,0xea,0xfa,0xbc,0x7f,0xd0,0xe0,0x3c,0x0b,0x7e,0xee,0x38,0x0f,0x02,0xfd,0xb6,0xde,0x03,
0xc0,0xb9,0x2d,0x13,0xff,0xff,0xfc,0x0b,0x40,0xfa,0xbe,0xaf,0x02,0xd0,0x28,0x0f,0x02,0x80,0xb4,0x00,0x03,0xc0,0x00,0x2d,
0x00,0x00,0xf0,0x00,0x0b,0x40,0x00,0x3c,0x00,0x02,0xd0,0x00,0x0f,0x00,0x00,0xb4,0x00,0x03,0xc0,0x00,0x14,0x00,0x00,0x50,
0x00,
/* U+7965 */
0x02,0x40,0x01,0x00,0x09,0x00,0x3c,0x00,0xb4,0x01,0xd0,0x01,0xd0,0x03,0x80,0x3c,0x01,0x5e,0x50,0x1d,0x07,0x40,0xbf,0xff,
0x00,0x90,0xb0,0x05,0x55,0xe7,0xff,0xff,0xfd,0x00,0x1d,0x2a,0xaf,0xaa,0x80,0x03,0xc0,0x00,0xb0,0x00,0x00,0xb4,0x00,0x0b,
0x00,0x00,0x1e,0x00,0x00,0xb0,0x00,0x07,0xe0,0x2f,0xff,0xff,0x81,0xff,0x81,0xaa,0xfa,0xa4,0x3e,0xdf,0x40,0x0b,0x00,0x0f,
0x5d,0x30,0x00,0xb0,0x00,0x91,0xd0,0x00,0x0b,0x00,0x00,0x1d,0x0a,0xaa,0xfa,0xaa,0x01,0xd0,0xaa,0xaf,0xaa,0xa0,0x1d,0x00,
0x00,0xb0,0x00,0x01,0xd0,0x00,0x0b,0x00,0x00,0x1d,0x00,0x00,0xb0,0x00,0x01,0xd0,0x00,0x0b,0x00,0x00,0x1d,0x00,0x00,0xb0,
0x00,0x01,0x40,0x00,0x05,0x00,0x00,
/* U+7968 */
0x6a,0xaa,0xaa,0xaa,0xaa,0x9b,0xff,0xff,0xff,0xff,0xfe,0x00,0x01,0xd0,0x74,0x00,0x00,0x55,0x6d,0x57,0x95,0x50,0x0f,0xff,
0xff,0xff,0xff,0x00,0xe5,0x6d,0x57,0x95,0xb0,0x0e,0x01,0xd0,0x74,0x0b,0x00,0xf5,0x6d,0x57,0x95,0xb0,0x0f,0xff,0xff,0xff,
0xff,0x00,0x00,0x00,0x00,0x00,0x00,0x00,0x00,0x00,0x00,0x00,0x00,0x3f,0xff,0xff,0xff,0xc0,0x01,0x55,0x55,0x55,0x54,0x00,
0x00,0x00,0x00,0x00,0x00,0x7f,0xff,0xff,0xff,0xff,0xd2,0xaa,0xaa,0xba,0xaa,0xa8,0x00,0x04,0x0b,0x01,0x40,0x00,0x07,0xd0,
0xb0,0x3e,0x00,0x02,0xf4,0x0b,0x00,0xbd,0x02,0xf8,0x05,0xb0,0x00,0xb8,0x29,0x01,0xfe,0x00,0x02,0x80,0x00,0x05,0x00,0x00,
0x00,
/* U+7984 */
0x02,0x40,0x00,0x00,0x00,0x00,0x38,0x01,0xaa,0xaa,0x90,0x02,0xc0,0x1f,0xff,0xfd,0x01,0x5d,0x50,0x00,0x01,0xd0,0x7f,0xff,
0x00,0x00,0x1d,0x05,0x55,0xe0,0xff,0xff,0xc0,0x00,0x1d,0x0a,0xaa,0xbc,0x00,0x03,0xc0,0x00,0x02,0xc0,0x00,0xb4,0x55,0x55,
0x7d,0x50,0x1e,0x0b,0xff,0xff,0xfe,0x07,0xd0,0x55,0x5e,0x55,0x51,0xff,0x40,0x00,0xe0,0x10,0x7f,0xee,0x38,0x0f,0x07,0x8f,
0x6c,0xa2,0xe1,0xf8,0xf0,0x92,0xc0,0x06,0x7e,0xfc,0x00,0x2c,0x00,0x1e,0xeb,0x40,0x02,0xc0,0x07,0x8e,0x2d,0x00,0x2c,0x02,
0xe0,0xe0,0xf4,0x02,0xc1,0xf8,0x0e,0x03,0xe0,0x2c,0x1d,0x00,0xe0,0x0b,0x02,0xc0,0x41,0x5e,0x00,0x10,0x2c,0x00,0x2f,0xd0,
0x00,0x01,0x40,0x00,0x50,0x00,0x00,
/* U+7985 */
0x02,0x40,0x01,0x00,0x09,0x00,0x3c,0x00,0xb4,0x02,0xd0,0x01,0xd0,0x03,0xc0,0x38,0x01,0x5e,0x50,0x1d,0x0b,0x40,0x7f,0xff,
0x2a,0xaa,0xfa,0x85,0x55,0xe2,0xea,0xfa,0xb8,0x00,0x1d,0x28,0x0e,0x02,0x80,0x03,0xc2,0x80,0xe0,0x28,0x00,0xb4,0x2e,0xaf,
0xab,0x80,0x1e,0x02,0xea,0xfa,0xb8,0x07,0xd0,0x28,0x0e,0x02,0x80,0xff,0x42,0x80,0xe0,0x28,0x3f,0xee,0x2e,0xaf,0xab,0x8f,
0x6d,0xb2,0xaa,0xfa,0xa8,0x92,0xd1,0x00,0x0e,0x00,0x00,0x2d,0x00,0x00,0xe0,0x00,0x02,0xd0,0xff,0xff,0xff,0xe0,0x2d,0x0a,
0xaa,0xfa,0xaa,0x02,0xd0,0x00,0x0e,0x00,0x00,0x2d,0x00,0x00,0xe0,0x00,0x02,0xd0,0x00,0x0e,0x00,0x00,0x2d,0x00,0x00,0xe0,
0x00,0x01,0x40,0x00,0x05,0x00,0x00,
/* U+798f */
0x02,0x40,0x00,0x00,0x00,0x00,0x38,0x06,0xaa,0xaa,0xa9,0x02,0xd0,0x7f,0xff,0xff,0xe1,0x5e,0x50,0x00,0x00,0x00,0x7f,0xff,
0x05,0x55,0x55,0x05,0x55,0xe0,0xff,0xff,0xf4,0x00,0x2d,0x0e,0x00,0x07,0x40,0x03,0xc0,0xe0,0x00,0x74,0x00,0xb4,0x0e,0xaa,
0xab,0x40,0x1e,0x00,0xff,0xff,0xf0,0x07,0xd0,0x00,0x00,0x00,0x01,0xff,0x41,0x55,0x55,0x54,0x7f,0xed,0x3f,0xff,0xff,0xdf,
0x6c,0xb7,0x40,0xb0,0x1d,0x92,0xc1,0x34,0x0b,0x01,0xd0,0x2c,0x03,0x95,0xb5,0x6d,0x02,0xc0,0x3f,0xff,0xff,0xd0,0x2c,0x03,
0x95,0xb5,0x5d,0x02,0xc0,0x34,0x0b,0x01,0xd0,0x2c,0x03,0x80,0xb0,0x1d,0x02,0xc0,0x3f,0xff,0xff,0xd0,0x2c,0x03,0x95,0x55,
0x6d,0x01,0x40,0x14,0x00,0x00,0x40,
/* U+79b9 */
0x00,0x00,0x00,0x00,0x14,0x15,0x55,0x5a,0xaf,0xfc,0x7f,0xff,0xff,0xea,0x54,0x15,0x50,0x3c,0x00,0x00,0x00,0x00,0x3c,0x00,
0x00,0x0f,0xff,0xff,0xff,0xf0,0x0e,0x55,0x7d,0x55,0xb0,0x0e,0x00,0x3c,0x00,0xb0,0x0e,0x00,0x3c,0x00,0xb0,0x0f,0xff,0xff,
0xff,0xf0,0x05,0x55,0x7d,0x55,0x50,0x00,0x00,0x3c,0x00,0x00,0x6a,0xaa,0xbe,0xaa,0xa9,0xbf,0xff,0xff,0xff,0xfe,0xb0,0x00,
0x3c,0x00,0x0e,0xb0,0x00,0x3c,0x38,0x0e,0xb0,0x00,0x3c,0x1d,0x0e,0xb0,0x15,0x7e,0xfe,0x0e,0xb0,0xbf,0xfa,0x9b,0x0e,0xb0,
0x55,0x00,0x02,0x0e,0xb0,0x00,0x00,0x01,0x1e,0xb0,0x00,0x00,0x03,0xfd,0x50,0x00,0x00,0x01,0x50,
/* U+79ba */
0x0a,0xaa,0xaa,0xaa,0xa0,0x0f,0xff,0xff,0xff,0xf0,0x0e,0x00,0x38,0x00,0xb0,0x0e,0x00,0x38,0x00,0xb0,0x0f,0xaa,0xbe,0xaa,
0xf0,0x0f,0xaa,0xbe,0xaa,0xf0,0x0e,0x00,0x38,0x00,0xb0,0x0e,0x00,0x38,0x00,0xb0,0x0f,0xff,0xff,0xff,0xf0,0x05,0x55,0x7d,
0x55,0x50,0x00,0x00,0x38,0x00,0x00,0x15,0x55,0x7d,0x55,0x54,0xbf,0xff,0xff,0xff,0xfe,0xb5,0x55,0x7d,0x55,0x5e,0xb0,0x00,
0x38,0x34,0x0e,0xb0,0x00,0x38,0x2c,0x0e,0xb0,0x00,0x7e,0xbd,0x0e,0xb1,0xff,0xff,0xae,0x0e,0xb1,0xa9,0x40,0x06,0x0e,0xb0,
0x00,0x00,0x05,0x6d,0xb0,0x00,0x00,0x0b,0xfc,0x50,0x00,0x00,0x01,0x50,
/* U+79bb */
0x00,0x00,0x19,0x00,0x00,0x00,0x00,0x00,0xf0,0x00,0x00,0x6a,0xaa,0xaf,0xaa,0xaa,0x96,0xaa,0xaa,0xaa,0xaa,0xa9,0x00,0x01,
0x00,0x18,0x00,0x00,0x2c,0x7e,0x07,0x83,0x80,0x02,0xc0,0x7f,0xe0,0x38,0x00,0x2c,0x06,0xfe,0x03,0x80,0x02,0xc7,0xe4,0x7d,
0x38,0x00,0x2c,0x64,0x00,0x93,0x80,0x02,0xff,0xff,0xff,0xf8,0x00,0x1a,0xab,0xea,0xaa,0x40,0x00,0x00,0x38,0x00,0x00,0x00,
0xaa,0xab,0xea,0xaa,0xa0,0x0f,0xaa,0xfa,0xbe,0xaf,0x00,0xe0,0x1d,0x03,0x40,0xb0,0x0e,0x02,0xc0,0x2c,0x0b,0x00,0xe0,0x74,
0x05,0xe0,0xb0,0x0e,0x1f,0xaf,0xff,0x4b,0x00,0xe0,0xfa,0x94,0x38,0xb0,0x0e,0x00,0x00,0x00,0x5b,0x00,0xe0,0x00,0x00,0x0f,
0xe0,0x05,0x00,0x00,0x00,0x54,0x00,
/* U+79be */
0x00,0x00,0x00,0x15,0xbd,0x00,0xaa,0xab,0xff,0xff,0x90,0x0f,0xff,0xff,0xa5,0x00,0x00,0x00,0x00,0xe0,0x00,0x00,0x00,0x00,
0x0e,0x00,0x00,0x00,0x00,0x00,0xe0,0x00,0x00,0x00,0x00,0x0e,0x00,0x00,0x02,0xaa,0xaa,0xfa,0xaa,0xa8,0x7f,0xff,0xff,0xff,
0xff,0xd0,0x00,0x0b,0xfd,0x00,0x00,0x00,0x01,0xee,0xb0,0x00,0x00,0x00,0x3c,0xe7,0x80,0x00,0x00,0x0b,0x4e,0x2e,0x00,0x00,
0x02,0xe0,0xe0,0xb4,0x00,0x00,0xb8,0x0e,0x03,0xe0,0x00,0x2e,0x00,0xe0,0x0b,0x80,0x1f,0x80,0x0e,0x00,0x2f,0x4b,0xe0,0x00,
0xe0,0x00,0xbd,0xb4,0x00,0x0e,0x00,0x01,0xd0,0x00,0x00,0xe0,0x00,0x00,0x00,0x00,0x0e,0x00,0x00,0x00,0x00,0x00,0x50,0x00,
0x00,
/* U+79c0 */
0x00,0x00,0x00,0x00,0x50,0x00,0x15,0x55,0xab,0xff,0x80,0x03,0xff,0xff,0xea,0x50,0x00,0x15,0x40,0xb0,0x00,0x00,0x00,0x00,
0x0b,0x00,0x00,0x03,0xff,0xff,0xff,0xff,0xfc,0x2a,0xaa,0xff,0xfe,0xaa,0x80,0x00,0x3c,0xb2,0xd0,0x00,0x00,0x1f,0x0b,0x0b,
0x80,0x00,0x2f,0x80,0xb0,0x1f,0x90,0x6f,0xd0,0x0b,0x00,0x2f,0xd3,0x90,0x00,0x00,0x00,0x2d,0x00,0xff,0xff,0xff,0x40,0x00,
0x0a,0xbe,0xaa,0xf0,0x00,0x00,0x02,0xc0,0x0e,0x00,0x00,0x00,0x38,0x00,0xfa,0xa0,0x00,0x07,0x40,0x1f,0xfe,0x00,0x01,0xe0,
0x00,0x00,0xe0,0x00,0x7d,0x00,0x00,0x0e,0x00,0x1f,0x40,0x00,0x01,0xd0,0x2f,0xc0,0x00,0x15,0x7c,0x03,0xd0,0x00,0x03,0xff,
0x40,0x00,0x00,0x00,0x15,0x00,0x00,
/* U+79c9 */
0x00,0x00,0x00,0x05,0x68,0x00,0x2a,0xab,0xff,0xff,0x90,0x02,0xaa,0xaf,0x54,0x00,0x00,0x00,0x00,0xf0,0x00,0x00,0x2a,0xaa,
0xaf,0xaa,0xaa,0x83,0xff,0xff,0xff,0xff,0xfc,0x00,0x00,0x0f,0x00,0x00,0x00,0x15,0x55,0xf5,0x55,0x40,0x03,0xff,0xff,0xff,
0xf8,0x00,0x00,0x00,0xf0,0x02,0x80,0x00,0x00,0x0f,0x00,0x2c,0x0b,0xff,0xff,0xff,0xff,0xfe,0x55,0x55,0x5f,0x55,0x7d,0x50,
0x00,0x00,0xf0,0x02,0x80,0x02,0xaa,0xaf,0xaa,0xb8,0x00,0x2a,0xaf,0xff,0xaa,0x80,0x00,0x01,0xdf,0x74,0x00,0x00,0x00,0xb8,
0xf1,0xe0,0x00,0x00,0x6d,0x0f,0x07,0xd0,0x00,0x6f,0x40,0xf0,0x0b,0xd0,0x3f,0x80,0x0f,0x00,0x1f,0xd2,0x80,0x00,0xf0,0x00,
0x18,0x00,0x00,0x05,0x00,0x00,0x00,
/* U+79d1 */
0x00,0x00,0x40,0x00,0x09,0x00,0x16,0xbc,0x00,0x00,0xe0,0x7f,0xfe,0x81,0xd0,0x0e,0x02,0x9b,0x40,0x1f,0x80,0xe0,0x00,0xb4,
0x00,0x2e,0x0e,0x00,0x0b,0x40,0x00,0xb8,0xe0,0x00,0xb4,0x00,0x01,0x0e,0x07,0xff,0xfd,0x14,0x00,0xe0,0x6a,0xfa,0x97,0xd0,
0x0e,0x00,0x1f,0x40,0x1f,0x40,0xe0,0x02,0xfd,0x00,0x3e,0x0e,0x00,0x3b,0xb4,0x00,0xa0,0xe0,0x0a,0xb6,0xd0,0x00,0x0e,0x01,
0xdb,0x4b,0x00,0x00,0xe5,0x78,0xb4,0x10,0x16,0xbf,0xff,0x0b,0x40,0xbf,0xff,0xe5,0x90,0xb4,0x0a,0x94,0x0e,0x00,0x0b,0x40,
0x00,0x00,0xe0,0x00,0xb4,0x00,0x00,0x0e,0x00,0x0b,0x40,0x00,0x00,0xe0,0x00,0xb4,0x00,0x00,0x0e,0x00,0x0b,0x40,0x00,0x00,
0xe0,0x00,0x50,0x00,0x00,0x05,0x00,
/* U+79d2 */
0x00,0x00,0x00,0x09,0x00,0x00,0x06,0xb8,0x00,0xe0,0x00,0x6f,0xfe,0x40,0x0e,0x00,0x07,0xae,0x00,0x00,0xe1,0x40,0x00,0xe0,
0x07,0x4e,0x2c,0x00,0x0e,0x00,0xb0,0xe0,0xe0,0x15,0xe5,0x0f,0x0e,0x0b,0x4b,0xff,0xf8,0xe0,0xe0,0x38,0x56,0xe5,0x6d,0x0e,
0x01,0xd0,0x2e,0x03,0xc0,0xe0,0x0f,0x03,0xe0,0x78,0x0e,0x00,0x50,0x7f,0x8b,0x00,0xe0,0x34,0x0d,0xea,0x10,0x0e,0x0b,0x42,
0x8e,0x38,0x00,0xe0,0xe0,0x74,0xe1,0xc0,0x00,0x2d,0x0e,0x0e,0x00,0x00,0x0b,0x80,0x80,0xe0,0x00,0x02,0xe0,0x00,0x0e,0x00,
0x00,0xb8,0x00,0x00,0xe0,0x00,0x7e,0x00,0x00,0x0e,0x00,0x6f,0x40,0x00,0x00,0xe1,0xbf,0x80,0x00,0x00,0x0e,0x1f,0x40,0x00,
0x00,0x00,0x40,0x40,0x00,0x00,0x00,
/* U+79e6 */
0x00,0x00,0x06,0x00,0x00,0x00,0x00,0x00,0xf0,0x00,0x00,0x0f,0xff,0xff,0xff,0xff,0x00,0xaa,0xaa,0xea,0xaa,0x90,0x00,0x00,
0x2c,0x00,0x00,0x00,0x2a,0xab,0xea,0xaa,0x80,0x02,0xaa,0xfa,0xaa,0xa8,0x00,0x00,0x1e,0x00,0x00,0x00,0x2a,0xab,0xea,0xaa,
0xaa,0x82,0xaa,0xfa,0xaa,0xfa,0xa8,0x00,0x2d,0x00,0x03,0x80,0x00,0x0b,0x40,0x16,0x9e,0x00,0x07,0xdb,0xff,0xf8,0x7e,0x07,
0xe4,0x65,0xb0,0x00,0xbe,0xb4,0x00,0x0b,0x00,0x00,0xa0,0x1a,0xaa,0xfa,0xaa,0x80,0x01,0xaa,0xbf,0xaa,0xa8,0x00,0x00,0x0b,
0xf0,0x00,0x00,0x00,0x07,0xdb,0x29,0x00,0x00,0x06,0xe0,0xb1,0xbe,0x40,0x0b,0xe4,0x0b,0x00,0x7f,0x40,0xa4,0x00,0xb0,0x00,
0x50,0x00,0x00,0x05,0x00,0x00,0x00,
/* U+79ed */
0x00,0x00,0x00,0x02,0x40,0x00,0x06,0xf8,0x00,0x74,0x00,0x7f,0xfe,0x40,0x07,0x46,0xc6,0xae,0x00,0x05,0xbf,0xf8,0x00,0xe0,
0x0b,0xff,0xe4,0x00,0x0e,0x00,0xb5,0x74,0x00,0x00,0xe0,0x0e,0x07,0x40,0x0b,0xff,0xf4,0xe0,0x74,0x00,0x6a,0xfa,0x4e,0x07,
0x40,0x00,0x2e,0x01,0xd0,0x74,0x00,0x03,0xf4,0x1e,0xab,0xaa,0x90,0x7f,0xd1,0xff,0xff,0xfd,0x0e,0xeb,0x00,0x3b,0x41,0xd2,
0xce,0x3c,0x0b,0x74,0x1d,0x78,0xe1,0x80,0xd7,0x41,0xdf,0x0e,0x00,0x2c,0x74,0x1d,0x90,0xe0,0x07,0x87,0x41,0xd4,0x0e,0x01,
0xf0,0x75,0x7c,0x00,0xe0,0x7c,0x07,0x6f,0x40,0x0e,0x0f,0x40,0x74,0x00,0x00,0xe0,0x90,0x07,0x40,0x00,0x0e,0x00,0x00,0x74,
0x00,0x00,0x50,0x00,0x01,0x00,0x00,
/* U+79ef */
0x00,0x6b,0x41,0x55,0x55,0x06,0xff,0xe4,0xff,0xff,0xf4,0x7a,0xe0,0x0f,0x55,0x5b,0x40,0x0e,0x00,0xf0,0x00,0x74,0x00,0xe0,
0x0f,0x00,0x07,0x40,0x0e,0x00,0xf0,0x00,0x74,0x7f,0xff,0x8f,0x00,0x07,0x46,0xaf,0xa4,0xf0,0x00,0x74,0x01,0xe0,0x0f,0x00,
0x07,0x40,0x2f,0x40,0xf0,0x00,0x74,0x07,0xfd,0x0f,0xaa,0xab,0x40,0xae,0x70,0xff,0xff,0xf4,0x1d,0xe2,0xc0,0x00,0x00,0x03,
0x8e,0x18,0x04,0x01,0x00,0xb0,0xe0,0x01,0xe0,0x38,0x0d,0x0e,0x00,0x2c,0x02,0xd0,0x40,0xe0,0x07,0x80,0x0f,0x00,0x0e,0x00,
0xb4,0x00,0x78,0x00,0xe0,0x1e,0x00,0x02,0xd0,0x0e,0x03,0xc0,0x00,0x1e,0x00,0xe0,0x74,0x00,0x00,0xb0,0x05,0x01,0x00,0x00,
0x00,
/* U+79f0 */
0x00,0x00,0x00,0x60,0x00,0x00,0x05,0xb8,0x0f,0x00,0x00,0x7f,0xfe,0x81,0xe0,0x00,0x07,0xae,0x00,0x2e,0x55,0x54,0x00,0xe0,
0x03,0xff,0xff,0xd0,0x0e,0x00,0x79,0x55,0x6c,0x00,0xe0,0x0f,0x00,0x02,0xcb,0xff,0xfa,0xd0,0x60,0x38,0x6a,0xea,0x68,0x0b,
0x07,0x40,0x2e,0x00,0x00,0xb0,0x10,0x03,0xf4,0x00,0x0b,0x00,0x00,0x7f,0xd0,0x74,0xb1,0xd0,0x0e,0xeb,0x47,0x4b,0x0e,0x02,
0xce,0x2c,0xb0,0xb0,0xb0,0x78,0xe0,0x4e,0x0b,0x03,0x4f,0x0e,0x01,0xd0,0xb0,0x28,0xd0,0xe0,0x3c,0x0b,0x02,0xc4,0x0e,0x07,
0x80,0xb0,0x1e,0x00,0xe0,0xb0,0x0b,0x00,0xf0,0x0e,0x01,0x00,0xb0,0x05,0x00,0xe0,0x01,0x5f,0x00,0x00,0x0e,0x00,0x1f,0xe0,
0x00,0x00,0x50,0x00,0x50,0x00,0x00,
/* U+7a37 */
0x00,0x6f,0x1a,0xaa,0xaa,0x46,0xff,0xe2,0xea,0xfa,0xb4,0x7a,0xe0,0x2c,0x0e,0x07,0x40,0x0e,0x02,0xc0,0xe0,0x74,0x00,0xe0,
0x2f,0xff,0xff,0x40,0x0e,0x02,0xd5,0xe5,0x74,0x7f,0xff,0x6c,0x0e,0x07,0x46,0xae,0xa2,0xea,0xfa,0xb4,0x01,0xe0,0x1a,0xaa,
0xaa,0x40,0x3f,0x00,0x28,0x02,0x40,0x07,0xf8,0x1f,0x44,0x2e,0x00,0xae,0xab,0x82,0xc0,0x7e,0x1d,0xe7,0xe0,0xb4,0x00,0x93,
0x8e,0x20,0x2f,0xff,0xd0,0xb0,0xe0,0x1f,0x95,0x6c,0x0d,0x0e,0x0b,0xbc,0x07,0x80,0x40,0xe0,0x90,0xf1,0xe0,0x00,0x0e,0x00,
0x03,0xf8,0x00,0x00,0xe0,0x01,0xbf,0x90,0x00,0x0e,0x06,0xbe,0x5b,0xe9,0x00,0xe0,0xf9,0x00,0x1a,0xe0,0x05,0x04,0x00,0x00,
0x00,
/* U+7a3b */
0x00,0x04,0x00,0x00,0x01,0x40,0x5b,0xe0,0x00,0x5a,0xfc,0xbf,0xe9,0x7f,0xff,0xf9,0x46,0x6c,0x02,0xa5,0x50,0x00,0x02,0xc0,
0x00,0x18,0x00,0xd0,0x2c,0x07,0x41,0xd0,0x2d,0x02,0xc0,0x2c,0x0e,0x03,0x8b,0xff,0xf1,0xd0,0xb0,0xb0,0x6b,0xea,0x0a,0x01,
0x05,0x00,0x3c,0x00,0x1a,0x00,0x00,0x07,0xe0,0x2f,0xf4,0xff,0xd0,0xbe,0x83,0xd4,0x0a,0xad,0x0e,0xde,0x38,0x00,0x01,0xd2,
0xac,0x73,0x80,0x00,0x1d,0x72,0xc1,0x39,0x50,0x56,0xde,0x2c,0x03,0xff,0x4f,0xfd,0x82,0xc0,0x39,0x50,0x56,0xd0,0x2c,0x03,
0x80,0x00,0x1d,0x02,0xc0,0x38,0x00,0x01,0xd0,0x2c,0x03,0x95,0x55,0x6d,0x02,0xc0,0x3f,0xff,0xff,0xd0,0x2c,0x03,0x95,0x55,
0x6d,0x01,0x40,0x14,0x00,0x00,0x40,
/* U+7a46 */
0x00,0x01,0x00,0x18,0x00,0x00,0x1b,0xe0,0x02,0xc0,0x00,0x7f,0xf9,0x2f,0xff,0xff,0x46,0xad,0x02,0xd5,0x55,0xb4,0x01,0xd0,
0x28,0x00,0x07,0x40,0x1d,0x02,0xff,0xff,0xf4,0x01,0xd0,0x2d,0x55,0x57,0x4b,0xff,0xf2,0x95,0x55,0x74,0x6b,0xea,0x2f,0xff,
0xff,0x40,0x3d,0x00,0x55,0xe5,0x50,0x07,0xf0,0x07,0x4e,0x2d,0x00,0xbe,0x86,0xe0,0xe5,0xb8,0x0d,0xdf,0xf4,0x0f,0xe1,0xe2,
0x9d,0x64,0x06,0xe4,0x05,0x71,0xd0,0x6f,0xe4,0x1e,0x0e,0x1d,0x0b,0x90,0x1f,0x80,0x81,0xd0,0x00,0x6f,0x91,0xd0,0x1d,0x06,
0xbf,0x90,0xb8,0x01,0xd0,0x7a,0x40,0xbd,0x00,0x1d,0x00,0x01,0xbe,0x00,0x01,0xd0,0x5a,0xf9,0x00,0x00,0x1d,0x0f,0xe4,0x00,
0x00,0x00,0x40,0x40,0x00,0x00,0x00,
/* U+7a57 */
0x00,0x01,0x00,0x09,0x00,0x00,0x1b,0xe0,0x00,0xe0,0x00,0xbf,0xf9,0x7f,0xff,0xff,0xd6,0xad,0x06,0xaa,0xfa,0xa9,0x01,0xd0,
0x00,0x0e,0x00,0x00,0x1d,0x01,0xff,0xff,0xf4,0x01,0xd0,0x1d,0x5e,0x5b,0x4b,0xff,0xf1,0xd5,0xe5,0xb4,0x6a,0xea,0x1f,0xff,
0xff,0x40,0x2d,0x01,0xc0,0xe0,0x74,0x07,0xf0,0x1e,0xaf,0xab,0x40,0xbf,0x81,0xaa,0xfa,0xa0,0x0e,0xde,0x00,0x0e,0x07,0x42,
0x9d,0x76,0xaa,0xff,0xf8,0x75,0xd2,0x7e,0xaa,0x55,0xde,0x1d,0x00,0x04,0x50,0x04,0xd1,0xd0,0x25,0xcb,0x07,0x44,0x1d,0x07,
0x1c,0x2c,0x28,0x01,0xd0,0xa1,0xc0,0x55,0xd0,0x1d,0x0d,0x1c,0x02,0x8a,0x01,0xd1,0xc1,0xea,0xb8,0x60,0x1d,0x04,0x0b,0xfe,
0x00,0x00,0x40,0x00,0x00,0x00,0x00,
/* U+7a74 */
0x00,0x00,0x19,0x00,0x00,0x00,0x00,0x01,0xe0,0x00,0x00,0x00,0x00,0x0e,0x00,0x00,0x01,0xaa,0xaa,0xfa,0xaa,0xa4,0x2f,0xff,
0xff,0xff,0xff,0x82,0xc0,0x00,0x00,0x00,0x38,0x2c,0x00,0x00,0x00,0x03,0x82,0xc0,0x00,0x00,0x00,0x38,0x2c,0x03,0x80,0x1c,
0x03,0x80,0x00,0x78,0x01,0xd0,0x00,0x00,0x0b,0x40,0x0e,0x00,0x00,0x00,0xb0,0x00,0xb0,0x00,0x00,0x1e,0x00,0x07,0x40,0x00,
0x02,0xd0,0x00,0x38,0x00,0x00,0x38,0x00,0x02,0xc0,0x00,0x0b,0x40,0x00,0x1e,0x00,0x01,0xf0,0x00,0x00,0xb4,0x00,0x2d,0x00,
0x00,0x07,0x80,0x0b,0x80,0x00,0x00,0x2d,0x01,0xf0,0x00,0x00,0x00,0xf4,0x7c,0x00,0x00,0x00,0x07,0xd2,0x40,0x00,0x00,0x00,
0x18,
/* U+7a7a */
0x00,0x00,0x19,0x00,0x00,0x00,0x00,0x01,0xe0,0x00,0x00,0x15,0x55,0x5f,0x55,0x55,0x47,0xff,0xff,0xff,0xff,0xfd,0x79,0x55,
0x55,0x55,0x56,0xd7,0x80,0x00,0x00,0x00,0x2d,0x78,0x01,0x80,0x74,0x02,0xd2,0x40,0xbc,0x07,0xe0,0x18,0x00,0x7e,0x00,0x07,
0xd0,0x00,0x7f,0x40,0x00,0x0b,0xd0,0x1f,0x40,0x00,0x00,0x1e,0x00,0x40,0x00,0x00,0x00,0x10,0x01,0x55,0x55,0x55,0x54,0x00,
0x7f,0xff,0xff,0xff,0xd0,0x01,0x55,0x5f,0x55,0x54,0x00,0x00,0x00,0xf0,0x00,0x00,0x00,0x00,0x0f,0x00,0x00,0x00,0x00,0x00,
0xf0,0x00,0x00,0x00,0x00,0x0f,0x00,0x00,0x00,0x00,0x00,0xf0,0x00,0x00,0x7f,0xff,0xff,0xff,0xff,0xd2,0xaa,0xaa,0xaa,0xaa,
0xa8,
/* U+7a81 */
0x00,0x00,0x18,0x00,0x00,0x00,0x00,0x01,0xd0,0x00,0x00,0x2a,0xaa,0xaf,0xaa,0xaa,0x83,0xff,0xff,0xff,0xff,0xfc,0x38,0x00,
0x00,0x00,0x02,0xc3,0x80,0x09,0x06,0x00,0x2c,0x38,0x07,0xe0,0x7d,0x01,0x80,0x02,0xf4,0x01,0xb9,0x00,0x06,0xf8,0x00,0x01,
0xb8,0x02,0xf9,0x01,0xe0,0x41,0xf4,0x29,0x00,0x1d,0x1e,0x07,0x40,0x00,0x02,0xd0,0xb4,0x00,0x00,0x00,0x2c,0x02,0x80,0x07,
0xff,0xff,0xff,0xff,0xfd,0x6a,0xaa,0xff,0xea,0xaa,0x90,0x00,0x0f,0x2c,0x00,0x00,0x00,0x02,0xd0,0xe0,0x00,0x00,0x00,0xbc,
0x07,0xd0,0x00,0x00,0x2f,0x40,0x1f,0x40,0x00,0x1f,0xd0,0x00,0x6f,0x40,0x2f,0xe0,0x00,0x00,0x7f,0x97,0xe4,0x00,0x00,0x00,
0x6e,0x10,0x00,0x00,0x00,0x00,0x00,
/* U+7acb */
0x00,0x00,0x18,0x00,0x00,0x00,0x00,0x02,0xd0,0x00,0x00,0x00,0x00,0x1e,0x00,0x00,0x00,0x00,0x00,0xf0,0x00,0x00,0x2a,0xaa,
0xaf,0xaa,0xaa,0x83,0xff,0xff,0xff,0xff,0xfc,0x00,0x00,0x00,0x00,0x00,0x00,0x01,0x00,0x00,0x09,0x00,0x00,0xb4,0x00,0x01,
0xe0,0x00,0x07,0x80,0x00,0x2d,0x00,0x00,0x3c,0x00,0x03,0xc0,0x00,0x02,0xd0,0x00,0x78,0x00,0x00,0x1e,0x00,0x07,0x40,0x00,
0x01,0xf0,0x00,0xb4,0x00,0x00,0x0f,0x00,0x0f,0x00,0x00,0x00,0xb4,0x01,0xd0,0x00,0x00,0x07,0x80,0x3c,0x00,0x00,0x00,0x78,
0x07,0x80,0x00,0x00,0x01,0x40,0xb4,0x00,0x0a,0xaa,0xaa,0xaf,0xaa,0xaa,0xbf,0xff,0xff,0xff,0xff,0xf0,
/* U+7ad9 */
0x01,0x40,0x00,0x09,0x00,0x00,0x2d,0x00,0x00,0xe0,0x00,0x01,0xd0,0x00,0x0e,0x00,0x00,0x0e,0x00,0x00,0xe0,0x00,0x6a,0xfa,
0x90,0x0f,0x55,0x5b,0xff,0xfe,0x00,0xff,0xfe,0x00,0x00,0x00,0x0e,0x55,0x51,0x40,0x24,0x00,0xe0,0x00,0x38,0x03,0x80,0x0e,
0x00,0x02,0xc0,0x74,0x00,0xe0,0x00,0x2c,0x07,0x40,0x0e,0x00,0x01,0xd0,0xb4,0xbf,0xff,0xf8,0x1d,0x0b,0x0b,0x95,0x5b,0x80,
0xe0,0xf0,0xb0,0x00,0x38,0x0e,0x0e,0x0b,0x00,0x03,0x80,0xb1,0xd0,0xb0,0x00,0x38,0x0b,0x1d,0x0b,0x00,0x03,0x80,0x12,0xd9,
0xb0,0x00,0x38,0x05,0xbf,0xdb,0x00,0x03,0x8b,0xfe,0x50,0xbf,0xff,0xf8,0x64,0x00,0x0b,0xaa,0xab,0x80,0x00,0x00,0xb0,0x00,
0x38,0x00,0x00,0x01,0x00,0x01,0x00,
/* U+7ade */
0x00,0x00,0x19,0x00,0x00,0x00,0x00,0x00,0xe0,0x00,0x00,0x0a,0xaa,0xaf,0xaa,0xaa,0x00,0xab,0xfa,0xaa,0xfe,0xa0,0x00,0x0e,
0x00,0x0b,0x00,0x00,0x00,0xb0,0x00,0xe0,0x00,0x15,0x5b,0x95,0x6e,0x55,0x47,0xff,0xff,0xff,0xff,0xfd,0x00,0x00,0x00,0x00,
0x00,0x00,0x00,0x00,0x00,0x00,0x00,0x01,0xff,0xff,0xff,0xf4,0x00,0x1e,0xaa,0xaa,0xab,0x40,0x01,0xd0,0x00,0x00,0x74,0x00,
0x1d,0x00,0x00,0x07,0x40,0x01,0xd0,0x00,0x00,0x74,0x00,0x1f,0xff,0xff,0xff,0x40,0x00,0x56,0xe5,0xb9,0x50,0x00,0x00,0x2d,
0x07,0x40,0x09,0x00,0x07,0x80,0x74,0x00,0xe0,0x02,0xf0,0x07,0x40,0x0e,0x1a,0xf8,0x00,0x7e,0xab,0xdb,0xf9,0x00,0x02,0xbf,
0xe4,0x14,0x00,0x00,0x00,0x00,0x00,
/* U+7ae0 */
0x00,0x00,0x19,0x00,0x00,0x00,0x00,0x01,0xe0,0x00,0x00,0x0f,0xff,0xff,0xff,0xff,0x00,0xaa,0xea,0xaa,0xba,0xa0,0x00,0x0e,
0x00,0x0b,0x00,0x01,0x55,0xb5,0x55,0xe5,0x54,0x7f,0xff,0xff,0xff,0xff,0xd1,0x55,0x55,0x55,0x55,0x54,0x00,0x55,0x55,0x55,
0x50,0x00,0x2f,0xff,0xff,0xff,0x80,0x02,0xd5,0x55,0x55,0x78,0x00,0x2d,0x55,0x55,0x57,0x80,0x02,0xff,0xff,0xff,0xf8,0x00,
0x2d,0x00,0x00,0x07,0x80,0x02,0xd5,0x55,0x55,0x78,0x00,0x2f,0xff,0xff,0xff,0x80,0x00,0x00,0x0f,0x00,0x00,0x01,0x55,0x55,
0xf5,0x55,0x54,0xbf,0xff,0xff,0xff,0xff,0xe5,0x55,0x55,0xf5,0x55,0x55,0x00,0x00,0x0f,0x00,0x00,0x00,0x00,0x00,0xf0,0x00,
0x00,0x00,0x00,0x05,0x00,0x00,0x00,
/* U+7aef */
0x01,0x00,0x00,0x09,0x00,0x00,0xb0,0x01,0x80,0xe0,0x24,0x07,0x40,0x2c,0x0e,0x03,0x80,0x38,0x02,0xc0,0xe0,0x38,0xab,0xe9,
0x2c,0x0e,0x03,0x8f,0xff,0xe2,0xff,0xff,0xf8,0x00,0x00,0x1a,0xaa,0xaa,0x41,0x02,0x80,0x00,0x00,0x00,0x74,0x28,0x55,0x55,
0x55,0x57,0x43,0x8f,0xff,0xff,0xfe,0x34,0x38,0x00,0x1d,0x00,0x03,0x83,0x80,0x02,0xc0,0x00,0x28,0x74,0x2a,0xbe,0xaa,0x82,
0xc7,0x43,0xff,0xff,0xfc,0x1c,0x70,0x34,0x70,0xd1,0xc1,0xdb,0x03,0x47,0x0d,0x1c,0x0d,0xa0,0x34,0x70,0xd1,0xc0,0x0a,0x53,
0x47,0x0d,0x1c,0x06,0xfe,0x34,0x70,0xd1,0xcf,0xf9,0x03,0x47,0x0d,0x1c,0xa4,0x00,0x34,0x70,0xd6,0xc0,0x00,0x03,0x47,0x0d,
0xb8,0x00,0x00,0x10,0x00,0x01,0x00,
/* U+7af9 */
0x00,0xa0,0x00,0x19,0x00,0x00,0x0e,0x00,0x02,0xc0,0x00,0x01,0xd0,0x00,0x38,0x00,0x00,0x3c,0x00,0x0b,0x40,0x00,0x07,0x80,
0x00,0xf0,0x00,0x00,0xbf,0xff,0x1f,0xff,0xff,0x1f,0xba,0xa3,0xea,0xfa,0xa3,0xc7,0x40,0xb4,0x0b,0x40,0xb4,0x74,0x1e,0x00,
0xb4,0x0a,0x07,0x41,0xd0,0x0b,0x40,0x00,0x74,0x00,0x00,0xb4,0x00,0x07,0x40,0x00,0x0b,0x40,0x00,0x74,0x00,0x00,0xb4,0x00,
0x07,0x40,0x00,0x0b,0x40,0x00,0x74,0x00,0x00,0xb4,0x00,0x07,0x40,0x00,0x0b,0x40,0x00,0x74,0x00,0x00,0xb4,0x00,0x07,0x40,
0x00,0x0b,0x40,0x00,0x74,0x00,0x00,0xb4,0x00,0x07,0x40,0x00,0x0b,0x40,0x00,0x74,0x00,0x15,0xb0,0x00,0x07,0x40,0x03,0xfe,
0x00,0x00,0x10,0x00,0x15,0x40,0x00,
/* U+7b26 */
0x01,0x80,0x00,0x28,0x00,0x00,0x3c,0x00,0x03,0x80,0x00,0x07,0x95,0x54,0x79,0x55,0x40,0xbf,0xff,0x8b,0xff,0xfd,0x1e,0x5e,
0x55,0xe5,0xf5,0x43,0xc0,0xb0,0x3c,0x07,0x40,0xb4,0x07,0x47,0x80,0x38,0x01,0x07,0x40,0x10,0x01,0x00,0x00,0xb0,0x00,0x00,
0x38,0x00,0x1e,0x00,0x00,0x03,0x80,0x03,0xd2,0xaa,0xaa,0xba,0x90,0xbd,0x3f,0xff,0xff,0xfe,0x2f,0xd0,0x00,0x00,0x78,0x07,
0xad,0x01,0x40,0x03,0x80,0xb2,0xd0,0x3c,0x00,0x38,0x04,0x2d,0x01,0xe0,0x03,0x80,0x02,0xd0,0x07,0x80,0x38,0x00,0x2d,0x00,
0x2d,0x03,0x80,0x02,0xd0,0x00,0x80,0x38,0x00,0x2d,0x00,0x00,0x07,0x80,0x02,0xd0,0x00,0x55,0xb4,0x00,0x2d,0x00,0x07,0xfe,
0x00,0x00,0x40,0x00,0x15,0x00,0x00,
/* U+7b49 */
0x01,0x40,0x00,0x24,0x00,0x00,0x38,0x00,0x07,0x40,0x00,0x0b,0xff,0xf8,0xbf,0xff,0xc0,0xfb,0xea,0x5e,0xbe,0xa8,0x2d,0x2d,
0x03,0xc1,0xd0,0x07,0x80,0xe0,0x14,0x0b,0x00,0x10,0x04,0x0f,0x00,0x10,0x00,0x2a,0xaa,0xfa,0xaa,0x40,0x03,0xff,0xff,0xff,
0xfc,0x00,0x00,0x00,0xf0,0x00,0x00,0x00,0x00,0x0f,0x00,0x00,0x06,0xaa,0xaa,0xfa,0xaa,0xa9,0xaa,0xaa,0xaa,0xab,0xea,0xa0,
0x00,0x00,0x00,0x2c,0x00,0x00,0x00,0x00,0x02,0xc0,0x01,0xff,0xff,0xff,0xff,0xf8,0x1a,0xaa,0xaa,0xab,0xea,0x40,0x01,0x00,
0x00,0x2c,0x00,0x00,0x7c,0x00,0x02,0xc0,0x00,0x01,0xe0,0x00,0x2c,0x00,0x00,0x0b,0x41,0x47,0xc0,0x00,0x00,0x10,0x2f,0xf8,
0x00,0x00,0x00,0x01,0x55,0x00,0x00,
/* U+7b54 */
0x02,0x80,0x00,0x28,0x00,0x00,0x38,0x00,0x03,0x80,0x00,0x07,0xaa,0xa8,0x7a,0xaa,0x90,0xff,0xff,0xcf,0xff,0xfe,0x2d,0x0e,
0x02,0xd0,0xb0,0x07,0x80,0x74,0x28,0x07,0x80,0x70,0x02,0x4a,0x00,0x28,0x00,0x00,0x07,0xfd,0x00,0x00,0x00,0x02,0xe0,0xb8,
0x00,0x00,0x01,0xf4,0x01,0xf4,0x00,0x01,0xfd,0x00,0x07,0xf4,0x02,0xfe,0xff,0xff,0xfb,0xf8,0xbd,0x1a,0xaa,0xaa,0x46,0xe1,
0x00,0x00,0x00,0x00,0x05,0x00,0x55,0x55,0x55,0x50,0x00,0x1f,0xff,0xff,0xff,0x40,0x01,0xe5,0x55,0x55,0xb4,0x00,0x1d,0x00,
0x00,0x07,0x40,0x01,0xd0,0x00,0x00,0x74,0x00,0x1e,0x55,0x55,0x5b,0x40,0x01,0xff,0xff,0xff,0xf4,0x00,0x1e,0x55,0x55,0x5b,
0x40,0x00,0x50,0x00,0x00,0x50,0x00,
/* U+7b56 */
0x02,0x80,0x00,0x24,0x00,0x00,0x38,0x00,0x07,0x80,0x00,0x0b,0xaa,0xa4,0xba,0xaa,0x91,0xff,0xff,0x9f,0xff,0xfd,0x3c,0x3c,
0x02,0xd1,0xd0,0x07,0x41,0xe0,0x28,0x0f,0x00,0x10,0x09,0x0f,0x00,0x60,0x05,0x55,0x55,0xf5,0x55,0x55,0xbf,0xff,0xff,0xff,
0xff,0xe0,0x00,0x00,0xf0,0x00,0x00,0x00,0x00,0x0f,0x00,0x00,0x00,0x7f,0xff,0xff,0xff,0xe0,0x07,0xaa,0xaf,0xaa,0xae,0x00,
0x74,0x00,0xf0,0x00,0xe0,0x07,0x40,0x0f,0x00,0x0e,0x00,0x74,0x07,0xfd,0x01,0xe0,0x07,0x41,0xff,0xb4,0xfd,0x00,0x10,0xb8,
0xf2,0xe5,0x00,0x00,0x7d,0x0f,0x07,0xe4,0x00,0x7f,0x40,0xf0,0x0b,0xe4,0x7f,0x40,0x0f,0x00,0x0b,0xe2,0x80,0x00,0xf0,0x00,
0x09,0x00,0x00,0x05,0x00,0x00,0x00,
/* U+7b60 */
0x01,0x40,0x00,0x14,0x00,0x00,0x3c,0x00,0x03,0x80,0x00,0x07,0xea,0xa8,0xba,0xaa,0xa0,0xff,0xff,0x8f,0xff,0xfe,0x2d,0x0e,
0x02,0xd0,0xb4,0x07,0x80,0x74,0x78,0x03,0x80,0x21,0x82,0x41,0xe0,0x18,0x00,0x1d,0x00,0x2d,0x00,0x00,0x01,0xd0,0x03,0xff,
0xff,0x80,0x1d,0x00,0xb5,0x55,0x78,0x6a,0xea,0x2d,0x00,0x03,0x86,0xbf,0xab,0x44,0x00,0x38,0x01,0xd0,0x51,0xe0,0x03,0x80,
0x1d,0x00,0x07,0xd0,0x38,0x01,0xd0,0x00,0x0e,0x03,0x80,0x1d,0x00,0x00,0x04,0x38,0x01,0xd0,0x00,0x06,0xd3,0x80,0x1d,0x68,
0x06,0xf8,0x38,0x06,0xff,0x8b,0xf8,0x03,0x8b,0xf9,0x40,0xa4,0x00,0x74,0x64,0x00,0x00,0x05,0x6f,0x00,0x00,0x00,0x00,0xbf,
0x90,0x00,0x00,0x00,0x01,0x40,0x00,
/* U+7b80 */
0x01,0x40,0x00,0x14,0x00,0x00,0x38,0x00,0x03,0xc0,0x00,0x0b,0xff,0xf8,0x7f,0xff,0xe1,0xfa,0xea,0x8f,0xaf,0xa9,0x3d,0x0e,
0x02,0xd0,0xb4,0x07,0x40,0x74,0x28,0x03,0x80,0x11,0x81,0x00,0x00,0x10,0x00,0x1f,0x02,0xff,0xff,0xf4,0x00,0x78,0x1a,0xaa,
0xab,0x40,0x51,0x40,0x00,0x00,0x74,0x0e,0x01,0x55,0x54,0x07,0x40,0xe0,0x7f,0xff,0xd0,0x74,0x0e,0x07,0x40,0x1d,0x07,0x40,
0xe0,0x74,0x01,0xd0,0x74,0x0e,0x07,0x95,0x6d,0x07,0x40,0xe0,0x7f,0xff,0xd0,0x74,0x0e,0x07,0x40,0x1d,0x07,0x40,0xe0,0x74,
0x01,0xd0,0x74,0x0e,0x07,0xaa,0xad,0x07,0x40,0xe0,0x6a,0xaa,0x90,0x74,0x0e,0x00,0x00,0x00,0x5b,0x00,0xe0,0x00,0x00,0x1f,
0xe0,0x05,0x00,0x00,0x00,0x50,0x00,
/* U+7b90 */
0x01,0x80,0x00,0x18,0x00,0x00,0x3d,0x55,0x43,0xd5,0x55,0x0b,0xff,0xf8,0xbf,0xff,0xe2,0xd0,0xb0,0x1e,0x07,0x40,0x78,0x07,
0x46,0x80,0x38,0x00,0x00,0x10,0xf0,0x01,0x40,0x1f,0xff,0xff,0xff,0xff,0x40,0x55,0x55,0xf5,0x55,0x50,0x06,0xaa,0xaf,0xaa,
0xa9,0x00,0x6a,0xaa,0xfa,0xaa,0x90,0x00,0x00,0x0f,0x00,0x00,0x07,0xff,0xff,0xff,0xff,0xfd,0x15,0x55,0x55,0x55,0x55,0x40,
0x1a,0xaa,0xaa,0xaa,0x80,0x02,0xea,0xaa,0xaa,0xb8,0x00,0x2d,0x55,0x55,0x57,0x80,0x02,0xff,0xff,0xff,0xf8,0x00,0x2c,0x00,
0x00,0x03,0x80,0x02,0xff,0xff,0xff,0xf8,0x00,0x2d,0x55,0x55,0x57,0x80,0x02,0xc0,0x00,0x00,0x78,0x00,0x2c,0x00,0x00,0xff,
0x40,0x01,0x40,0x00,0x05,0x40,0x00,
/* U+7ba1 */
0x02,0x40,0x00,0x18,0x00,0x00,0x78,0x00,0x03,0xc0,0x00,0x0b,0xff,0xf8,0x7f,0xff,0xe1,0xfb,0xea,0x8f,0xae,0xa9,0x7c,0x1d,
0x02,0xd0,0xf0,0x07,0x40,0xb1,0xa8,0x07,0x40,0x00,0x00,0x0f,0x00,0x00,0x07,0xff,0xff,0xff,0xff,0xfd,0x79,0x55,0x55,0x55,
0x56,0xd7,0x80,0x00,0x00,0x00,0x2d,0x78,0xff,0xff,0xff,0xf2,0xd1,0x0f,0x55,0x55,0x5f,0x04,0x00,0xf0,0x00,0x00,0xb0,0x00,
0x0f,0xaa,0xaa,0xaf,0x00,0x00,0xfa,0xaa,0xaa,0x90,0x00,0x0f,0x00,0x00,0x00,0x00,0x00,0xfa,0xaa,0xaa,0xa8,0x00,0x0f,0xaa,
0xaa,0xab,0xc0,0x00,0xf0,0x00,0x00,0x2c,0x00,0x0f,0x00,0x00,0x02,0xc0,0x00,0xff,0xff,0xff,0xfc,0x00,0x0f,0x55,0x55,0x57,
0xc0,0x00,0x50,0x00,0x00,0x14,0x00,
/* U+7bad */
0x02,0x80,0x00,0x28,0x00,0x00,0x78,0x00,0x07,0x80,0x00,0x0b,0xff,0xf8,0xbf,0xff,0xe1,0xea,0xea,0x5e,0xaf,0xa9,0x7c,0x0e,
0x03,0xc0,0xb4,0x07,0x40,0xb4,0x24,0x52,0x40,0x00,0x1d,0x00,0x0f,0x00,0x01,0x55,0xf5,0x55,0xe5,0x54,0xbf,0xff,0xff,0xff,
0xff,0xe5,0x55,0x55,0x55,0x55,0x55,0x00,0x00,0x00,0x00,0x05,0x00,0xff,0xff,0xd0,0x50,0xb0,0x0f,0x55,0x6d,0x0e,0x0b,0x00,
0xe0,0x01,0xd0,0xe0,0xb0,0x0f,0xaa,0xbd,0x0e,0x0b,0x00,0xfa,0xaa,0xd0,0xe0,0xb0,0x0e,0x00,0x1d,0x0e,0x0b,0x00,0xfa,0xab,
0xd0,0xe0,0xb0,0x0f,0xaa,0xad,0x09,0x0b,0x00,0xe0,0x01,0xd0,0x00,0xb0,0x0e,0x00,0x2c,0x01,0x5e,0x00,0xe0,0x2f,0x80,0x2f,
0xd0,0x05,0x01,0x50,0x01,0x50,0x00,
/* U+7c73 */
0x00,0x00,0x0a,0x00,0x00,0x00,0x00,0x00,0xf0,0x00,0x00,0x02,0x80,0x0f,0x00,0x2c,0x00,0x2d,0x00,0xf0,0x03,0xc0,0x00,0xe0,
0x0f,0x00,0xb4,0x00,0x0b,0x40,0xf0,0x1e,0x00,0x00,0x3c,0x0f,0x03,0xc0,0x00,0x02,0x80,0xf0,0x74,0x00,0x00,0x00,0x0f,0x00,
0x00,0x06,0xaa,0xaa,0xfa,0xaa,0xa9,0x7f,0xff,0xff,0xff,0xff,0xd0,0x00,0x0a,0xfa,0x00,0x00,0x00,0x01,0xdf,0x34,0x00,0x00,
0x00,0x38,0xf2,0xd0,0x00,0x00,0x0f,0x0f,0x0b,0x00,0x00,0x02,0xc0,0xf0,0x3d,0x00,0x01,0xf4,0x0f,0x01,0xf4,0x00,0x7d,0x00,
0xf0,0x03,0xe0,0x2f,0x40,0x0f,0x00,0x0f,0xdf,0x80,0x00,0xf0,0x00,0x2e,0x50,0x00,0x0f,0x00,0x00,0x40,0x00,0x00,0xf0,0x00,
0x00,0x00,0x00,0x05,0x00,0x00,0x00,
/* U+7c7b */
0x00,0x00,0x0a,0x00,0x00,0x00,0x0e,0x00,0xf0,0x0b,0x00,0x00,0xb0,0x0f,0x01,0xd0,0x00,0x03,0x80,0xf0,0x3c,0x00,0x00,0x14,
0x0f,0x01,0x40,0x03,0xff,0xff,0xff,0xff,0xfc,0x2a,0xaa,0xff,0xaa,0xaa,0x80,0x00,0x1d,0xf9,0x00,0x00,0x00,0x0b,0x4f,0xbe,
0x40,0x00,0x0b,0xd0,0xf0,0x7e,0x40,0x1b,0xe0,0x0f,0x00,0x6f,0x42,0xe0,0x00,0x50,0x00,0x74,0x00,0x00,0x0f,0x00,0x00,0x00,
0x00,0x00,0xe0,0x00,0x00,0x6a,0xaa,0xbf,0xaa,0xaa,0x96,0xaa,0xab,0xfe,0xaa,0xa9,0x00,0x00,0xbb,0xd0,0x00,0x00,0x00,0x1e,
0x1f,0x40,0x00,0x00,0x0b,0xc0,0x7e,0x00,0x00,0x1b,0xe0,0x00,0xbe,0x40,0x6f,0xf4,0x00,0x01,0xbf,0x87,0xe4,0x00,0x00,0x01,
0xbd,0x10,0x00,0x00,0x00,0x00,0x40,
/* U+7cbe */
0x00,0x90,0x00,0x06,0x40,0x00,0x1d,0x00,0x00,0x74,0x00,0x51,0xd2,0x5f,0xff,0xff,0xd7,0x1d,0x34,0x55,0xb9,0x54,0x71,0xd3,
0x40,0x07,0x40,0x03,0x5d,0x70,0xbf,0xff,0xf8,0x25,0xda,0x05,0x5b,0x95,0x41,0x5d,0x50,0x00,0x74,0x00,0x01,0xd0,0x3f,0xff,
0xff,0xfb,0xff,0xf5,0x55,0x55,0x55,0x56,0xe5,0x00,0x00,0x00,0x00,0x2e,0x00,0xbf,0xff,0xf8,0x07,0xf4,0x0b,0x55,0x57,0x80,
0xbe,0xd0,0xb0,0x00,0x38,0x1d,0xd7,0x4b,0xff,0xff,0x83,0x9d,0x28,0xb5,0x55,0xb8,0xb1,0xd1,0x4b,0x00,0x03,0x8d,0x1d,0x00,
0xba,0xaa,0xb8,0x41,0xd0,0x0b,0xaa,0xab,0x80,0x1d,0x00,0xb0,0x00,0x38,0x01,0xd0,0x0b,0x00,0x17,0x80,0x1d,0x00,0xb0,0x07,
0xf4,0x00,0x40,0x05,0x00,0x14,0x00,
/* U+7cfb */
0x00,0x00,0x00,0x00,0x04,0x00,0x00,0x00,0x15,0xaf,0xe0,0x0b,0xff,0xff,0xff,0xa5,0x00,0xaa,0xab,0xd4,0x00,0x00,0x00,0x01,
0xf0,0x02,0x40,0x00,0x00,0x7c,0x00,0xb8,0x00,0x00,0x1e,0x00,0x3d,0x00,0x00,0x1f,0xea,0xbf,0x40,0x00,0x01,0xfa,0xaf,0xc0,
0x00,0x00,0x00,0x02,0xe0,0x28,0x00,0x00,0x01,0xf4,0x01,0xd0,0x00,0x01,0xb8,0x00,0x0b,0x40,0x01,0xbe,0x5a,0xaf,0xfc,0x00,
0x7f,0xff,0xfe,0xa5,0xe0,0x01,0x54,0x0b,0x00,0x0b,0x40,0x00,0x40,0xb0,0x10,0x20,0x00,0x2d,0x0b,0x07,0x80,0x00,0x0b,0x80,
0xb0,0x1f,0x40,0x06,0xe0,0x0b,0x00,0x7d,0x01,0xf8,0x00,0xb0,0x00,0xf4,0x7d,0x01,0x5f,0x00,0x03,0xd1,0x00,0x2f,0xe0,0x00,
0x08,0x00,0x01,0x54,0x00,0x00,0x00,
/* U+7d22 */
0x00,0x00,0x0a,0x00,0x00,0x00,0x00,0x03,0xc0,0x00,0x00,0xaa,0xaa,0xfa,0xaa,0xa0,0x3f,0xff,0xff,0xff,0xfc,0x00,0x00,0x0f,
0x00,0x00,0x00,0x00,0x03,0xc0,0x00,0x03,0xff,0xff,0xff,0xff,0xfc,0xf5,0x55,0xa5,0x55,0x5f,0x38,0x00,0xb8,0x00,0x02,0xce,
0x01,0xb4,0x02,0x40,0xb1,0x41,0xe0,0x07,0xe0,0x14,0x02,0xff,0xff,0x90,0x00,0x00,0x15,0x6f,0x42,0x80,0x00,0x00,0x7d,0x00,
0x78,0x00,0x16,0xf5,0x55,0x6f,0x80,0x0f,0xff,0xff,0xea,0xb4,0x01,0x54,0x0b,0x00,0x0a,0x00,0x02,0x42,0xc1,0x40,0x00,0x07,
0xe0,0xb0,0xf9,0x00,0x1b,0xd0,0x2c,0x06,0xe4,0x7f,0x40,0x4f,0x00,0x1b,0xc9,0x00,0x7f,0x80,0x00,0x60,0x00,0x05,0x40,0x00,
0x00,
/* U+7d2b */
0x00,0x09,0x00,0x60,0x00,0x00,0x03,0x80,0x2c,0x00,0x40,0xe0,0xe5,0x4b,0x5a,0xf4,0x38,0x3f,0xf6,0xff,0xa4,0x0e,0x0e,0x00,
0xb4,0x00,0x03,0x83,0x80,0x2c,0x00,0x50,0xe0,0xe0,0x4b,0x00,0x2c,0x39,0x7f,0xf5,0xe5,0x6e,0xbf,0xfe,0x98,0x2f,0xff,0x6a,
0x54,0x0b,0x40,0x54,0x00,0x00,0x1f,0x40,0x64,0x00,0x00,0x7d,0x00,0xb9,0x00,0x01,0xfe,0xbf,0xf4,0x00,0x00,0x69,0x5b,0xd0,
0x38,0x00,0x00,0x6e,0x40,0x07,0x80,0x16,0xf9,0x5a,0xaa,0xf8,0x0f,0xff,0xff,0xaa,0x5b,0x80,0x00,0x02,0xc0,0x00,0xa0,0x01,
0xe0,0xb0,0xe4,0x00,0x1b,0xf4,0x2c,0x2f,0xe4,0x7f,0x91,0x5f,0x00,0x7f,0x99,0x00,0x7f,0x40,0x01,0xa0,0x00,0x05,0x00,0x00,
0x00,
/* U+7da6 */
0x00,0x28,0x00,0x02,0x80,0x01,0x57,0xd5,0x55,0x7d,0x54,0x3f,0xff,0xff,0xff,0xff,0xc1,0x57,0xd5,0x55,0x7d,0x54,0x00,0x3d,
0x55,0x57,0x80,0x00,0x03,0xff,0xff,0xf8,0x00,0x00,0x3c,0x00,0x03,0x80,0x00,0x03,0xea,0xaa,0xb8,0x00,0x00,0x3d,0x55,0x57,
0x80,0x01,0x57,0xd5,0x55,0x7d,0x54,0x7f,0xff,0xff,0xff,0xff,0xd0,0x07,0x96,0x90,0x6d,0x00,0x01,0xe0,0xb4,0x04,0xb8,0x01,
0xf8,0x78,0x17,0x82,0xf9,0xb9,0x2f,0xff,0xd1,0x02,0xe5,0x00,0x1b,0xe0,0x2d,0x00,0x00,0x1b,0x95,0x5a,0xf4,0x00,0x1f,0xff,
0xfe,0xaa,0xd0,0x00,0x55,0x0b,0x04,0x0a,0x00,0x01,0xf0,0xb0,0xf8,0x00,0x06,0xf8,0x0b,0x02,0xf9,0x01,0xf4,0x0f,0xe0,0x01,
0xf4,0x04,0x00,0x54,0x00,0x01,0x00,
/* U+7e41 */
0x01,0x40,0x00,0x05,0x00,0x00,0x78,0x00,0x00,0xe0,0x00,0x0b,0xff,0xfe,0x2d,0x55,0x52,0xd5,0x55,0x43,0xff,0xfe,0xba,0xaa,
0xa4,0xb8,0x0b,0x01,0xe6,0x57,0xae,0xc0,0xe0,0x0d,0x29,0x35,0x4e,0x1d,0x0b,0xea,0xab,0xe0,0x7b,0x80,0x5d,0x64,0x79,0x02,
0xf0,0x01,0xc1,0x97,0x40,0xbf,0xd0,0x2f,0xff,0xfd,0xbe,0x1b,0xd0,0x00,0x0b,0x09,0x00,0x1a,0x00,0x0b,0x90,0x1a,0x00,0x00,
0x1b,0x95,0x5b,0x80,0x00,0x01,0xaa,0xbf,0x81,0x80,0x00,0x00,0x6e,0x40,0x1f,0x40,0x05,0xbe,0x55,0x6a,0xbe,0x00,0xff,0xea,
0xfa,0x95,0xb8,0x00,0x04,0x0b,0x01,0x01,0x40,0x07,0xd0,0xb0,0xbe,0x40,0x1b,0xe0,0x0b,0x01,0xbf,0x87,0x90,0x1f,0xe0,0x00,
0x6c,0x00,0x00,0x54,0x00,0x00,0x00,
/* U+7ea2 */
0x00,0x50,0x00,0x00,0x00,0x00,0x0b,0x00,0x00,0x00,0x00,0x01,0xe0,0x1f,0xff,0xff,0xd0,0x2d,0x01,0xaa,0xba,0xa9,0x03,0x80,
0x00,0x07,0x40,0x00,0xb4,0x28,0x00,0x74,0x00,0x1e,0x07,0x80,0x07,0x40,0x02,0xc0,0xb0,0x00,0x74,0x00,0xba,0xbd,0x00,0x07,
0x40,0x0b,0xfb,0xc0,0x00,0x74,0x00,0x00,0xb4,0x00,0x07,0x40,0x00,0x1e,0x00,0x00,0x74,0x00,0x03,0xc0,0x00,0x07,0x40,0x00,
0xb4,0x18,0x00,0x74,0x00,0x2e,0xbf,0x80,0x07,0x40,0x07,0xfe,0x50,0x00,0x74,0x00,0x25,0x00,0x00,0x07,0x40,0x00,0x00,0x00,
0x00,0x74,0x00,0x00,0x1b,0x40,0x07,0x40,0x01,0xaf,0xe5,0x55,0xb9,0x55,0xbf,0x90,0x3f,0xff,0xff,0xf5,0x00,0x01,0x55,0x55,
0x55,
/* U+7eb3 */
0x00,0x40,0x00,0x06,0x00,0x00,0x74,0x00,0x02,0xc0,0x00,0x2c,0x00,0x00,0xb0,0x00,0x0e,0x00,0x00,0x2c,0x00,0x07,0x40,0x2a,
0xaf,0xaa,0x83,0x81,0x5f,0xff,0xff,0xf1,0xd0,0xe3,0x40,0xe0,0x2c,0xe0,0xb4,0xd0,0x38,0x0b,0xba,0xf8,0x34,0x0e,0x02,0xee,
0xbd,0x0d,0x07,0xc0,0xb0,0x0e,0x03,0x42,0xf4,0x2c,0x0b,0x00,0xd0,0xeb,0x0b,0x07,0x40,0x34,0x75,0xd2,0xc3,0x81,0x4d,0x3c,
0x2c,0xb2,0xeb,0xe3,0x6e,0x07,0x6d,0xfe,0x40,0xdf,0x00,0xeb,0x14,0x00,0x35,0x40,0x12,0xc0,0x00,0x4d,0x00,0x00,0xb0,0x06,
0xf3,0x40,0x00,0x2d,0xaf,0xe4,0xd0,0x00,0x0b,0xbe,0x40,0x34,0x00,0x17,0xd0,0x00,0x0d,0x00,0x1f,0xe0,0x00,0x01,0x40,0x01,
0x40,
/* U+7ebf */
0x00,0x90,0x00,0x60,0x50,0x00,0x1e,0x00,0x0b,0x4f,0x40,0x02,0xd0,0x00,0xb4,0x7c,0x00,0x38,0x00,0x0b,0x41,0xd0,0x07,0x40,
0x00,0xb4,0x05,0x00,0xf0,0x50,0x0b,0xaf,0xf4,0x1d,0x0b,0x7f,0xff,0xa5,0x03,0x81,0xd2,0x9b,0x40,0x00,0xba,0xfc,0x00,0x74,
0x00,0x0b,0xeb,0x40,0x07,0x40,0x58,0x00,0xe0,0x01,0xbe,0xff,0xc0,0x2d,0x07,0xff,0xfa,0x50,0x07,0x80,0x69,0x78,0x01,0x00,
0xe0,0x64,0x02,0xc0,0xb4,0x2e,0xff,0x40,0x2d,0x2e,0x07,0xe9,0x00,0x01,0xd7,0xc0,0x10,0x00,0x00,0x0f,0xf0,0x40,0x00,0x00,
0x00,0xbc,0x0a,0x00,0x1b,0x80,0x6f,0x80,0xe5,0xbf,0xe4,0x6f,0xad,0x1d,0xbe,0x90,0x6f,0x90,0xbb,0xc5,0x00,0x03,0x90,0x02,
0xf4,
/* U+7ec6 */
0x01,0x40,0x00,0x00,0x00,0x00,0xb0,0x00,0x00,0x00,0x00,0x38,0x06,0xaa,0xaa,0xa8,0x1d,0x01,0xff,0xff,0xff,0x0b,0x00,0x74,
0x0e,0x01,0xc3,0x82,0x5d,0x03,0x80,0x72,0xc1,0xd7,0x40,0xe0,0x1c,0xe0,0xe1,0xd0,0x38,0x07,0xba,0xf4,0x74,0x0e,0x01,0xee,
0xb8,0x1d,0x03,0x80,0x70,0x1d,0x07,0x55,0xe5,0x6c,0x0e,0x01,0xff,0xff,0xff,0x0b,0x40,0x75,0x5e,0x56,0xc7,0x81,0x5d,0x03,
0x80,0x73,0xef,0xd7,0x40,0xe0,0x1d,0xfa,0x41,0xd0,0x38,0x07,0x10,0x00,0x74,0x0e,0x01,0xc0,0x00,0x5d,0x03,0x80,0x70,0x06,
0xe7,0x40,0xe0,0x1d,0xbf,0xe1,0xff,0xff,0xff,0xba,0x40,0x7a,0xaa,0xab,0xd0,0x00,0x1d,0x00,0x00,0x70,0x00,0x01,0x00,0x00,
0x04,
/* U+7ec7 */
0x00,0x50,0x00,0x00,0x00,0x00,0x0f,0x00,0x55,0x55,0x50,0x01,0xe0,0x1f,0xff,0xff,0x80,0x2c,0x01,0xe5,0x55,0xb8,0x07,0x80,
0x1e,0x00,0x03,0x80,0xb0,0x25,0xe0,0x00,0x38,0x1e,0x07,0x5e,0x00,0x03,0x82,0xc0,0xf1,0xe0,0x00,0x38,0xba,0xbd,0x1e,0x00,
0x03,0x8b,0xff,0x81,0xe0,0x00,0x38,0x50,0xb0,0x1e,0x00,0x03,0x80,0x1d,0x01,0xea,0xaa,0xb8,0x03,0x80,0x1f,0xff,0xff,0x80,
0xf1,0x64,0x00,0x00,0x00,0x2e,0xfe,0x40,0x40,0x10,0x07,0xf9,0x00,0x2d,0x03,0x80,0x10,0x00,0x03,0x80,0x2d,0x00,0x00,0x14,
0xb4,0x00,0xf0,0x00,0x6f,0x5f,0x00,0x07,0x86,0xff,0xe2,0xd0,0x00,0x2c,0xbe,0x40,0xb8,0x00,0x01,0xe4,0x00,0x0b,0x00,0x00,
0x0a,
/* U+7ecd */
0x00,0x90,0x00,0x00,0x00,0x00,0x38,0x0a,0xaa,0xaa,0xa0,0x2d,0x07,0xff,0xff,0xfc,0x0f,0x00,0x01,0xe0,0x0b,0x07,0x40,0x00,
0x74,0x02,0xc3,0xc1,0x90,0x2c,0x00,0xb1,0xd0,0xb4,0x1e,0x00,0x28,0xe0,0x78,0x0f,0x00,0x0e,0xba,0xfc,0x0f,0x40,0x07,0xaf,
0xad,0x1f,0x40,0xab,0xd0,0x0f,0x0b,0x40,0x1a,0x90,0x0b,0x40,0x00,0x00,0x00,0x07,0x80,0x0a,0xaa,0xaa,0x43,0xc1,0x93,0xff,
0xff,0xe2,0xeb,0xf4,0xe0,0x00,0x39,0xff,0x90,0x38,0x00,0x0e,0x14,0x00,0x0e,0x00,0x03,0x80,0x00,0x13,0x80,0x00,0xe0,0x05,
0xb8,0xe0,0x00,0x39,0xaf,0xf9,0x39,0x55,0x5e,0xbe,0x50,0x0f,0xff,0xff,0x90,0x00,0x03,0x95,0x55,0xe0,0x00,0x00,0x50,0x00,
0x14,
/* U+7ecf */
0x00,0x40,0x00,0x00,0x00,0x00,0x1e,0x01,0xaa,0xaa,0x90,0x02,0xd0,0x3f,0xff,0xfd,0x00,0x38,0x00,0x00,0x07,0xc0,0x07,0x40,
0x00,0x00,0xb4,0x00,0xf0,0x20,0x00,0x1e,0x00,0x1d,0x0b,0x40,0x07,0xc0,0x03,0x81,0xe0,0x02,0xfe,0x00,0xba,0xfc,0x01,0xf8,
0x7d,0x0b,0xab,0x41,0xbd,0x01,0xf8,0x00,0xf0,0xbe,0x00,0x02,0xe0,0x2d,0x01,0x00,0x00,0x08,0x07,0x80,0x00,0x00,0x00,0x00,
0xe1,0x62,0xff,0xff,0xf8,0x7e,0xfe,0x1a,0xaf,0xaa,0x47,0xf9,0x00,0x00,0xe0,0x00,0x10,0x00,0x00,0x0e,0x00,0x00,0x00,0x60,
0x00,0xe0,0x00,0x00,0x7f,0x00,0x0e,0x00,0x06,0xbe,0x40,0x00,0xf0,0x00,0xbe,0x40,0xbf,0xff,0xff,0xe4,0x00,0x06,0xaa,0xaa,
0xa9,
/* U+7ed3 */
0x00,0x50,0x00,0x06,0x00,0x00,0x0e,0x00,0x00,0xb0,0x00,0x01,0xd0,0x00,0x0b,0x00,0x00,0x2c,0x06,0xaa,0xfa,0xaa,0x07,0x40,
0x7f,0xff,0xff,0xe0,0xb0,0x24,0x00,0xb0,0x00,0x1d,0x07,0x40,0x0b,0x00,0x02,0xc0,0xe0,0x00,0xb0,0x00,0xba,0xfd,0x15,0x5b,
0x55,0x47,0xeb,0x82,0xff,0xff,0xfc,0x00,0xb0,0x15,0x55,0x55,0x40,0x1d,0x00,0x00,0x00,0x00,0x03,0x80,0x05,0x55,0x55,0x00,
0xf0,0x68,0xff,0xff,0xf4,0x2e,0xff,0x4f,0x55,0x57,0x43,0xf9,0x40,0xf0,0x00,0x74,0x10,0x00,0x0f,0x00,0x07,0x40,0x00,0x04,
0xf0,0x00,0x74,0x00,0x1b,0xcf,0x00,0x07,0x45,0xbf,0xe4,0xf5,0x55,0xb4,0xbe,0x90,0x0f,0xff,0xff,0x45,0x00,0x00,0xf5,0x55,
0x74,0x00,0x00,0x05,0x00,0x01,0x00,
/* U+7edb */
0x00,0x40,0x00,0x64,0x00,0x00,0x2d,0x00,0x0b,0x00,0x00,0x03,0xc0,0x01,0xfa,0xaa,0x00,0x74,0x00,0x7e,0xaa,0xf0,0x0b,0x00,
0x1f,0xc0,0x1d,0x00,0xe0,0x57,0xde,0x07,0x80,0x2c,0x0e,0x20,0x79,0xe0,0x03,0x42,0xc0,0x01,0xfc,0x00,0xba,0xf8,0x01,0xbe,
0xf9,0x0b,0xaf,0x06,0xfd,0x06,0xfe,0x01,0xd0,0x79,0x02,0x41,0xa0,0x38,0x00,0x00,0x74,0x00,0x0b,0x40,0x2f,0xff,0xff,0xc1,
0xd1,0xa1,0xaa,0xba,0xa8,0x7f,0xfd,0x09,0x07,0x40,0x07,0xe9,0x01,0xd0,0x74,0x00,0x00,0x00,0x2c,0x07,0x40,0x00,0x00,0x13,
0xff,0xff,0xfe,0x00,0x6e,0x2a,0xab,0xaa,0x96,0xff,0x90,0x00,0x74,0x00,0xbe,0x40,0x00,0x07,0x40,0x04,0x00,0x00,0x00,0x74,
0x00,0x00,0x00,0x00,0x01,0x00,0x00,
/* U+7edc */
0x00,0x50,0x00,0x50,0x00,0x00,0x0e,0x00,0x0f,0x00,0x00,0x01,0xd0,0x02,0xe5,0x55,0x00,0x3c,0x00,0x3f,0xff,0xf0,0x07,0x40,
0x0b,0x40,0x1e,0x00,0xb0,0x52,0xf8,0x02,0xc0,0x1d,0x0b,0xb9,0xe0,0xb4,0x02,0xc1,0xd6,0x0b,0x6e,0x00,0xbe,0xfc,0x00,0x2f,
0x80,0x07,0xab,0x40,0x07,0xf9,0x00,0x00,0xe0,0x06,0xf6,0xf8,0x00,0x2d,0x06,0xf8,0x02,0xf9,0x07,0x80,0xf9,0x00,0x06,0xe0,
0xe1,0x64,0xaa,0xaa,0xa0,0x2e,0xfe,0x0f,0xff,0xff,0x03,0xf9,0x00,0xe0,0x00,0xb0,0x10,0x00,0x0e,0x00,0x0b,0x00,0x00,0x04,
0xe0,0x00,0xb0,0x00,0x1b,0x8e,0x00,0x0b,0x05,0xbf,0xe4,0xf5,0x55,0xb0,0x7e,0x90,0x0f,0xff,0xff,0x05,0x00,0x00,0xe5,0x55,
0xb0,0x00,0x00,0x05,0x00,0x05,0x00,
/* U+7edf */
0x00,0x50,0x00,0x28,0x00,0x00,0x0e,0x00,0x02,0xd0,0x00,0x02,0xd0,0x00,0x1e,0x00,0x00,0x3c,0x0f,0xff,0xff,0xfd,0x07,0x40,
0xaa,0xfa,0xaa,0x80,0xb0,0x50,0x1d,0x05,0x00,0x1d,0x0b,0x03,0x80,0xb4,0x03,0x81,0xd0,0xb4,0x02,0xc0,0xbb,0xfc,0x1e,0x05,
0xae,0x0b,0xab,0x47,0xff,0xff,0xf4,0x00,0xe0,0x2a,0x54,0x03,0xc0,0x2c,0x00,0x00,0x04,0x14,0x07,0x40,0x03,0x81,0xd0,0x01,
0xe1,0xb4,0x74,0x1d,0x00,0x7e,0xfe,0x07,0x41,0xd0,0x07,0xe9,0x00,0x74,0x1d,0x00,0x10,0x00,0x0b,0x01,0xd0,0x50,0x00,0x64,
0xe0,0x1d,0x0b,0x01,0xbf,0x2d,0x01,0xd0,0xb6,0xfe,0x47,0x80,0x1d,0x0b,0x79,0x02,0xf4,0x00,0xfa,0xe0,0x00,0x2c,0x00,0x0b,
0xf9,
/* U+7ee5 */
0x01,0x40,0x00,0x00,0x00,0x40,0x2d,0x00,0x55,0x5a,0xfd,0x03,0xc0,0xff,0xff,0xfa,0x40,0x78,0x05,0x55,0x40,0x00,0x0b,0x00,
0x10,0x1c,0x01,0xc0,0xe0,0x93,0x81,0xd0,0x28,0x1d,0x0e,0x2c,0x0e,0x07,0x42,0x82,0xd0,0xd0,0x70,0xb0,0xba,0xf8,0x09,0x01,
0x0a,0x07,0xef,0x40,0x0b,0x00,0x00,0x00,0xe0,0x00,0xe0,0x00,0x00,0x2c,0x1f,0xff,0xff,0xff,0x07,0x41,0xab,0xea,0xbe,0xa0,
0xe1,0x50,0x74,0x02,0xc0,0x2e,0xfe,0x0e,0x00,0x38,0x03,0xf9,0x01,0xe0,0x0b,0x40,0x10,0x00,0x1b,0xe1,0xe0,0x00,0x00,0x50,
0x1b,0xfc,0x00,0x01,0x7e,0x00,0x2f,0xe0,0x06,0xff,0x40,0x1f,0x9b,0xe0,0xfa,0x41,0xaf,0xd0,0x1f,0xd4,0x00,0x2f,0x90,0x00,
0x1d,0x00,0x01,0x40,0x00,0x00,0x00,
/* U+7ee7 */
0x00,0x80,0x00,0x00,0x40,0x00,0x1e,0x03,0x80,0x1d,0x00,0x02,0xc0,0x38,0x81,0xd0,0xd0,0x38,0x03,0x8e,0x1d,0x1c,0x07,0x40,
0x38,0xb1,0xd2,0x80,0xe0,0x53,0x87,0x5d,0x34,0x1d,0x0b,0x38,0x25,0xd6,0x03,0x81,0xd3,0x80,0x1d,0x00,0xbb,0xfc,0x38,0xff,
0xff,0xdb,0xab,0x43,0x8a,0xbf,0xa9,0x00,0xe0,0x38,0x07,0xe0,0x00,0x2c,0x03,0x80,0xaf,0x80,0x07,0x40,0x38,0x1d,0xed,0x00,
0xe0,0x63,0x82,0x9d,0x74,0x2e,0xfe,0x38,0xb1,0xd2,0xd7,0xf9,0x03,0x9d,0x1d,0x09,0x10,0x00,0x39,0x81,0xd0,0x00,0x00,0x13,
0x80,0x1d,0x00,0x00,0x6f,0x38,0x00,0x90,0x06,0xbf,0x93,0x80,0x00,0x00,0xbe,0x40,0x3f,0xff,0xff,0xf5,0x00,0x02,0xaa,0xaa,
0xaa,
/* U+7ee9 */
0x00,0x40,0x00,0x06,0x00,0x00,0x1e,0x01,0x55,0xb5,0x54,0x02,0xd0,0x3f,0xff,0xff,0xd0,0x38,0x00,0x00,0xb0,0x00,0x07,0x40,
0x05,0x5b,0x55,0x40,0xb0,0x51,0xff,0xff,0xf8,0x1d,0x0b,0x00,0x0b,0x00,0x02,0x81,0xe5,0x55,0xb5,0x55,0xba,0xfc,0x7f,0xff,
0xff,0xe7,0xeb,0x40,0x00,0x00,0x00,0x00,0xe0,0x05,0x55,0x55,0x00,0x2d,0x00,0xff,0xff,0xf4,0x07,0x80,0x0e,0x55,0x57,0x40,
0xf0,0x60,0xe0,0x60,0x74,0x2e,0xbf,0x0e,0x0b,0x07,0x47,0xe9,0x00,0xe0,0xb0,0x74,0x10,0x00,0x0e,0x0e,0x07,0x40,0x00,0x00,
0xe1,0xd0,0x74,0x00,0x1b,0x45,0x7c,0x91,0x05,0xbf,0xe0,0x1f,0x5f,0x90,0xbe,0x90,0x2f,0x80,0x1b,0x95,0x00,0x0f,0xd0,0x00,
0x1e,0x00,0x00,0x50,0x00,0x00,0x00,
/* U+7eed */
0x00,0x40,0x00,0x0a,0x00,0x00,0x1d,0x00,0x00,0xf0,0x00,0x02,0xc0,0x2f,0xff,0xff,0xc0,0x38,0x01,0x55,0xf5,0x54,0x0b,0x40,
0x00,0x0f,0x00,0x00,0xe0,0x51,0x55,0xf5,0x54,0x1d,0x0e,0x7f,0xff,0xff,0xd3,0x82,0xd1,0x55,0x55,0x6c,0xbf,0xf8,0x0a,0x02,
0x43,0x86,0x9f,0x00,0x7d,0x38,0x78,0x01,0xd0,0x10,0xb7,0x8b,0x40,0x38,0x0b,0x80,0x38,0x00,0x0b,0x00,0x1f,0x43,0x80,0x02,
0xd6,0xd0,0x20,0x74,0x00,0x7f,0xe8,0xaa,0xab,0xaa,0xa6,0x90,0x0b,0xff,0xff,0xff,0x00,0x00,0x00,0x0f,0x00,0x00,0x00,0x50,
0x01,0xf4,0x00,0x01,0xbe,0x00,0x7e,0xe4,0x07,0xfe,0x40,0x2f,0x46,0xe0,0xa9,0x00,0x6f,0x80,0x07,0xd0,0x00,0x0b,0x90,0x00,
0x1e,0x00,0x00,0x10,0x00,0x00,0x00,
/* U+7ef4 */
0x00,0x80,0x01,0x41,0x40,0x00,0x1e,0x00,0x3c,0x2c,0x00,0x02,0xc0,0x07,0x81,0xd0,0x00,0x38,0x00,0xb4,0x0e,0x00,0x07,0x40,
0x0f,0xaa,0xfa,0x90,0xf0,0xa1,0xff,0xff,0xfe,0x1d,0x0e,0x2f,0x00,0xe0,0x02,0x82,0xd7,0xf0,0x0e,0x00,0xbf,0xf8,0xff,0x00,
0xe0,0x07,0xab,0x5d,0xfa,0xaf,0xa8,0x00,0xe1,0x8f,0xff,0xff,0xd0,0x2c,0x00,0xf0,0x0e,0x00,0x07,0x40,0x0f,0x00,0xe0,0x00,
0xe1,0xb0,0xf0,0x0e,0x00,0x2e,0xfe,0x0f,0xaa,0xfa,0x83,0xf9,0x00,0xff,0xff,0xfc,0x10,0x00,0x0f,0x00,0xe0,0x00,0x00,0x00,
0xf0,0x0e,0x00,0x00,0x1b,0x4f,0x00,0xe0,0x06,0xbf,0xe0,0xfa,0xaf,0xaa,0xbe,0x90,0x0f,0xff,0xff,0xf5,0x00,0x00,0xf0,0x00,
0x00,0x00,0x00,0x05,0x00,0x00,0x00,
/* U+7ef5 */
0x00,0x40,0x00,0x09,0x00,0x00,0x74,0x00,0x07,0x40,0x00,0x2c,0x01,0x56,0xe5,0x54,0x0e,0x00,0xbf,0xff,0xfd,0x07,0x40,0x2c,
0x00,0x07,0x43,0x82,0x4b,0x00,0x01,0xd1,0xd1,0xe2,0xff,0xff,0xf4,0xa0,0xb0,0xb5,0x55,0x6d,0xba,0xf8,0x2c,0x00,0x07,0x5f,
0xbc,0x0b,0xaa,0xaa,0xd0,0x1e,0x01,0xff,0xff,0xf4,0x0b,0x00,0x00,0x38,0x00,0x07,0x40,0x00,0x0e,0x00,0x03,0x86,0x5f,0xff,
0xff,0xf2,0xef,0xd7,0xaa,0xfa,0xad,0xfe,0x41,0xd0,0x38,0x0b,0x10,0x00,0x74,0x0e,0x02,0xc0,0x00,0x5d,0x03,0x80,0xb0,0x06,
0xe7,0x40,0xe0,0x2d,0xbf,0xe5,0xd0,0x38,0xae,0xbe,0x40,0x74,0x0e,0x2e,0x50,0x00,0x00,0x03,0x80,0x00,0x00,0x00,0x00,0x50,
0x00,
/* U+7eff */
0x00,0x40,0x00,0x00,0x00,0x00,0x1d,0x01,0xaa,0xaa,0x90,0x03,0xc0,0x2f,0xff,0xfe,0x00,0x78,0x00,0x00,0x00,0xd0,0x0b,0x00,
0x00,0x00,0x1d,0x00,0xe0,0x60,0xff,0xff,0xd0,0x2c,0x0e,0x0a,0xaa,0xac,0x07,0x46,0xd0,0x00,0x02,0xc0,0xbf,0xf8,0x55,0x55,
0x7d,0x5a,0x9f,0x0b,0xff,0xff,0xfe,0x01,0xd0,0x55,0x5e,0x55,0x40,0x38,0x00,0x00,0xd0,0x14,0x0b,0x00,0xb4,0x0f,0x07,0x82,
0xd6,0xd7,0xe2,0xf9,0xf0,0xbf,0xf9,0x0a,0xbe,0xfc,0x06,0x90,0x00,0x1e,0xdb,0x40,0x00,0x00,0x07,0x8d,0x3d,0x00,0x00,0x42,
0xe0,0xd1,0xf4,0x05,0xbd,0xf8,0x0d,0x07,0xdb,0xf9,0x2d,0x00,0xd0,0x1f,0xa4,0x00,0x01,0x6d,0x00,0x10,0x00,0x00,0x2f,0xc0,
0x00,0x00,0x00,0x01,0x50,0x00,0x00,
/* U+7f19 */
0x00,0x40,0x00,0x00,0x00,0x00,0x1d,0x06,0xaa,0xaa,0xa8,0x03,0xc0,0xbf,0xff,0xff,0xc0,0x78,0x00,0x0e,0x1d,0x00,0x0b,0x00,
0x70,0xe1,0xd1,0xc0,0xe0,0x97,0x4e,0x1d,0x38,0x1d,0x1e,0x28,0xe1,0xd7,0x43,0x82,0xc1,0x8e,0x1d,0x60,0xba,0xf4,0x55,0xe5,
0xe5,0x5b,0xaf,0x1f,0xff,0xff,0xff,0x01,0xd0,0x55,0x55,0x55,0x50,0x38,0x00,0x00,0x00,0x00,0x07,0x40,0x2f,0xff,0xff,0x01,
0xe1,0xa2,0xea,0xaa,0xb0,0x7e,0xfd,0x2c,0x00,0x0b,0x07,0xe9,0x02,0xc0,0x00,0xb0,0x10,0x00,0x2f,0xff,0xff,0x00,0x00,0x12,
0xd5,0x55,0xb0,0x00,0x6f,0x2c,0x00,0x0b,0x06,0xff,0x92,0xd0,0x00,0xb0,0xfe,0x40,0x2f,0xff,0xff,0x04,0x00,0x02,0xd5,0x55,
0xb0,0x00,0x00,0x14,0x00,0x05,0x00,
/* U+7f51 */
0x6a,0xaa,0xaa,0xaa,0xa9,0xbf,0xff,0xff,0xff,0xfe,0xb0,0x00,0x00,0x00,0x0e,0xb0,0x00,0x40,0x00,0x0e,0xb0,0x02,0xc0,0x07,
0x4e,0xb0,0x03,0x80,0x0b,0x0e,0xb7,0x43,0x88,0x0e,0x0e,0xb6,0xd7,0x4e,0x0d,0x0e,0xb0,0xfb,0x07,0x9d,0x0e,0xb0,0x7f,0x02,
0xfc,0x0e,0xb0,0x1e,0x00,0xf8,0x0e,0xb0,0x1f,0x40,0x78,0x0e,0xb0,0x2f,0xc0,0xbd,0x0e,0xb0,0x79,0xe0,0xeb,0x0e,0xb0,0xb0,
0xb6,0xd7,0x8e,0xb1,0xe0,0x27,0x82,0xde,0xb2,0xc0,0x0b,0x40,0x9e,0xb7,0x80,0x1e,0x00,0x0e,0xb1,0x00,0x08,0x00,0x0e,0xb0,
0x00,0x00,0x01,0x6d,0xb0,0x00,0x00,0x07,0xfc,0x50,0x00,0x00,0x01,0x50,
/* U+7f55 */
0x1a,0xaa,0xaa,0xaa,0xaa,0x42,0xff,0xff,0xff,0xff,0xf8,0x2c,0x00,0x00,0x00,0x03,0x82,0xc0,0x18,0x06,0x00,0x38,0x28,0x0b,
0xd0,0x7e,0x02,0x40,0x1b,0xe0,0x00,0x7e,0x00,0x0b,0xe4,0x00,0x00,0x7e,0x00,0xa0,0x00,0x00,0x00,0x90,0x01,0x55,0x55,0x55,
0x54,0x00,0x3f,0xff,0xff,0xff,0xc0,0x01,0x55,0x5f,0x55,0x54,0x00,0x00,0x00,0xb0,0x00,0x00,0x00,0x00,0x0b,0x00,0x00,0x01,
0x55,0x55,0xb5,0x55,0x54,0xbf,0xff,0xff,0xff,0xff,0xe5,0x55,0x55,0xf5,0x55,0x55,0x00,0x00,0x0b,0x00,0x00,0x00,0x00,0x00,
0xb0,0x00,0x00,0x00,0x00,0x0b,0x00,0x00,0x00,0x00,0x00,0xb0,0x00,0x00,0x00,0x00,0x0b,0x00,0x00,0x00,0x00,0x00,0x50,0x00,
0x00,
/* U+7f57 */
0x0a,0xaa,0xaa,0xaa,0xaa,0x47,0xff,0xff,0xff,0xff,0xd1,0xd0,0x2c,0x03,0x80,0x74,0x74,0x0b,0x00,0xe0,0x1d,0x1d,0x02,0xc0,
0x38,0x07,0x47,0x95,0xb5,0x5e,0x56,0xd1,0xff,0xff,0xff,0xff,0xf4,0x15,0x57,0x55,0x55,0x54,0x00,0x02,0xd0,0x00,0x00,0x00,
0x01,0xe0,0x00,0x00,0x00,0x01,0xff,0xff,0xff,0x80,0x01,0xf9,0x55,0x56,0xe0,0x01,0xf4,0x00,0x00,0xb0,0x06,0xf4,0x40,0x00,
0x74,0x07,0xe0,0x7d,0x00,0x7c,0x00,0x40,0x06,0xe0,0x7d,0x00,0x00,0x00,0x2f,0xbc,0x00,0x00,0x00,0x02,0xf8,0x00,0x00,0x00,
0x1b,0xe4,0x00,0x00,0x5a,0xff,0x90,0x00,0x00,0x3f,0xe9,0x00,0x00,0x00,0x05,0x00,0x00,0x00,0x00,0x00,
/* U+7f58 */
0x0a,0xaa,0xaa,0xaa,0xaa,0x00,0xfa,0xbe,0xab,0xea,0xf0,0x0e,0x01,0xc0,0x38,0x0b,0x00,0xe0,0x1c,0x03,0x80,0xb0,0x0f,0x56,
0xd5,0x79,0x5b,0x00,0xff,0xff,0xff,0xff,0xf0,0x05,0x55,0x55,0x55,0x55,0x00,0x00,0x00,0x00,0x00,0x00,0x6a,0xaa,0xaa,0xaa,
0xaa,0x97,0xff,0xff,0xff,0xff,0xfd,0x00,0x00,0x0b,0x40,0x00,0x00,0x00,0x02,0xf0,0x00,0x00,0x00,0x00,0xbf,0x05,0x00,0x00,
0x00,0x7e,0xf0,0xf8,0x00,0x00,0x2f,0x4f,0x02,0xf4,0x00,0x1f,0x80,0xf0,0x07,0xd0,0x2f,0x90,0x0f,0x00,0x1f,0x87,0x90,0x00,
0xf0,0x00,0x3d,0x00,0x00,0x0f,0x00,0x00,0x40,0x00,0x00,0xf0,0x00,0x00,0x00,0x00,0x0f,0x00,0x00,0x00,0x00,0x00,0x50,0x00,
0x00,
/* U+7f6e */
0x06,0xaa,0xaa,0xaa,0xa9,0x00,0xba,0xae,0xab,0xaa,0xe0,0x0b,0x01,0xc0,0x34,0x0e,0x00,0xb5,0x6d,0x57,0x95,0xe0,0x0a,0xaa,
0xaf,0xaa,0xaa,0x00,0x00,0x00,0xf0,0x00,0x00,0x6a,0xaa,0xaf,0xaa,0xaa,0x92,0xaa,0xaa,0xea,0xaa,0xa8,0x00,0x00,0x1d,0x00,
0x00,0x00,0x1f,0xff,0xff,0xff,0x40,0x01,0xd0,0x00,0x00,0x74,0x00,0x1e,0x55,0x55,0x5b,0x40,0x01,0xea,0xaa,0xaa,0xb4,0x00,
0x1d,0x00,0x00,0x07,0x40,0x01,0xfa,0xaa,0xaa,0xf4,0x00,0x1e,0x55,0x55,0x5b,0x40,0x01,0xe5,0x55,0x55,0xb4,0x00,0x1f,0xff,
0xff,0xff,0x40,0x01,0xd0,0x00,0x00,0x74,0x06,0xae,0xaa,0xaa,0xab,0xa9,0xbf,0xff,0xff,0xff,0xff,0xe0,
/* U+7f8a */
0x00,0x04,0x00,0x01,0x40,0x00,0x02,0xd0,0x00,0x78,0x00,0x00,0x0e,0x00,0x0b,0x00,0x00,0x00,0x74,0x01,0xe0,0x00,0x05,0x57,
0x95,0x6d,0x55,0x00,0xff,0xff,0xff,0xff,0xf4,0x05,0x55,0x5f,0x55,0x55,0x00,0x00,0x00,0xf0,0x00,0x00,0x00,0x00,0x0f,0x00,
0x00,0x00,0x15,0x55,0xf5,0x55,0x40,0x03,0xff,0xff,0xff,0xfc,0x00,0x15,0x55,0xf5,0x55,0x40,0x00,0x00,0x0f,0x00,0x00,0x00,
0x00,0x00,0xf0,0x00,0x00,0x00,0x00,0x0f,0x00,0x00,0x0b,0xff,0xff,0xff,0xff,0xfe,0xaa,0xaa,0xaf,0xaa,0xaa,0x90,0x00,0x00,
0xf0,0x00,0x00,0x00,0x00,0x0f,0x00,0x00,0x00,0x00,0x00,0xf0,0x00,0x00,0x00,0x00,0x0f,0x00,0x00,0x00,0x00,0x00,0xf0,0x00,
0x00,0x00,0x00,0x05,0x00,0x00,0x00,
/* U+7f8c */
0x00,0x04,0x00,0x05,0x00,0x00,0x01,0xe0,0x00,0xf0,0x00,0x00,0x0b,0x40,0x1d,0x00,0x01,0x55,0x79,0x57,0xd5,0x54,0x3f,0xff,
0xff,0xff,0xff,0xc1,0x55,0x55,0xe5,0x55,0x54,0x00,0x00,0x1d,0x00,0x00,0x00,0x00,0x01,0xe0,0x00,0x00,0x0f,0xff,0xff,0xff,
0xff,0x00,0x55,0x56,0xe5,0x55,0x50,0x00,0x00,0x2d,0x00,0x00,0x00,0x00,0x02,0xc0,0x00,0x00,0xbf,0xff,0xff,0xff,0xff,0xe6,
0xaa,0xab,0xaf,0xaa,0xa9,0x00,0x00,0xb4,0xb0,0x00,0x00,0x00,0x0e,0x0b,0x00,0x00,0x00,0x02,0xd0,0xb0,0x00,0x40,0x00,0xb8,
0x0b,0x00,0x0e,0x00,0x2e,0x00,0xb0,0x00,0xe0,0x2f,0x80,0x0b,0x00,0x1d,0x2f,0xd0,0x00,0x7a,0xab,0xc3,0xd0,0x00,0x02,0xff,
0xe4,0x10,0x00,0x00,0x00,0x00,0x00,
/* U+7f8e */
0x00,0x09,0x00,0x06,0x00,0x00,0x00,0xf0,0x00,0xf0,0x00,0x05,0x5b,0x55,0x5e,0x55,0x02,0xff,0xff,0xff,0xff,0xf8,0x15,0x55,
0x5f,0x55,0x55,0x40,0x00,0x00,0xf0,0x00,0x00,0x01,0x55,0x5f,0x55,0x54,0x00,0x7f,0xff,0xff,0xff,0xd0,0x01,0x55,0x5f,0x55,
0x54,0x00,0x00,0x00,0xf0,0x00,0x00,0x55,0x55,0x5f,0x55,0x55,0x57,0xff,0xff,0xff,0xff,0xfd,0x00,0x00,0x05,0x00,0x00,0x00,
0x00,0x00,0xf0,0x00,0x00,0x15,0x55,0x5e,0x55,0x55,0x43,0xff,0xff,0xff,0xff,0xfc,0x15,0x55,0xbf,0xd5,0x55,0x40,0x00,0x0f,
0x5e,0x00,0x00,0x00,0x07,0xd0,0xbd,0x00,0x00,0x07,0xf4,0x01,0xf9,0x00,0x6b,0xf9,0x00,0x02,0xfe,0x9b,0xf4,0x00,0x00,0x01,
0xbe,0x50,0x00,0x00,0x00,0x00,0x40,
/* U+7fc1 */
0x00,0x01,0x00,0x04,0x00,0x00,0x00,0xf4,0x00,0xf4,0x00,0x00,0x7d,0x00,0x07,0xd0,0x00,0x1f,0x41,0x40,0x1f,0x80,0x1f,0xd0,
0x78,0x14,0x2f,0x4b,0xe0,0x1e,0x03,0xd0,0x7e,0x20,0x07,0x80,0x0f,0x40,0x90,0x06,0xe5,0x55,0xbc,0x00,0x00,0xff,0xff,0xfe,
0xe0,0x00,0x05,0x55,0x00,0x0b,0x40,0x00,0x00,0x00,0x00,0x00,0x02,0xaa,0xaa,0x2a,0xaa,0xa0,0x2a,0xaa,0xf2,0xaa,0xaf,0x40,
0x40,0x0b,0x05,0x00,0x74,0x0e,0x00,0xb0,0xf0,0x07,0x40,0x78,0x0f,0x07,0x80,0xb4,0x01,0x87,0xf0,0x1c,0x7f,0x40,0x06,0xef,
0x00,0x6e,0xb4,0x07,0xe4,0xb0,0x6f,0x47,0x47,0xf4,0x0b,0x3f,0x40,0x74,0x24,0x15,0xe2,0x41,0x5b,0x00,0x03,0xfd,0x00,0x3f,
0xe0,0x00,0x15,0x00,0x01,0x50,0x00,
/* U+7fd4 */
0x00,0x04,0x00,0x00,0x00,0x1d,0x03,0x8a,0xa9,0x6a,0xa2,0xc1,0xd3,0xff,0x9f,0xfc,0x74,0xb0,0x00,0xe0,0x0b,0x04,0x38,0x00,
0x38,0x02,0xda,0xaf,0x80,0x0e,0x10,0xba,0xbf,0xa6,0x43,0x9c,0x2c,0x0b,0x00,0xb0,0xe3,0x4b,0x02,0xc0,0x1d,0x38,0xb2,0xc5,
0xb5,0x42,0xce,0x1d,0xb7,0xff,0xe0,0x53,0x81,0x2c,0x5b,0x54,0x00,0xe0,0x0b,0x02,0xc0,0x00,0xb8,0x07,0xc0,0xb0,0x00,0xbe,
0x07,0xfb,0xff,0xf0,0xb7,0x87,0xae,0xaf,0xa8,0xb4,0xe7,0x8b,0x07,0x40,0xb4,0x3f,0x82,0xc2,0xc0,0x74,0x0e,0x40,0xb0,0xf0,
0x00,0x03,0x80,0x2c,0x78,0x00,0x00,0xe0,0x0b,0x3c,0x00,0x05,0xb4,0x57,0x9d,0x00,0x03,0xfc,0x3f,0xd1,0x00,0x00,0x54,0x05,
0x40,
/* U+7fe0 */
0x1a,0xaa,0xa1,0xaa,0xaa,0x01,0xaa,0xaf,0x1a,0xaa,0xf0,0x02,0x40,0x70,0x24,0x0b,0x00,0x6e,0x47,0x06,0xe0,0xb0,0x00,0x74,
0xb0,0x06,0x5f,0x00,0x16,0xff,0x01,0xbf,0xf0,0x1f,0xe9,0xb4,0xbe,0x4b,0x00,0x90,0x06,0xe0,0x00,0x50,0x1a,0xaa,0xaf,0xaa,
0xaa,0x43,0xff,0xff,0xff,0xff,0xfc,0x00,0x0a,0x00,0x07,0x40,0x00,0x02,0xd0,0x00,0xf0,0x00,0x00,0xbe,0x00,0x2f,0x80,0x00,
0x2e,0x7e,0x0b,0xaf,0x80,0x0f,0x40,0xb1,0xd0,0x2f,0x00,0x50,0x00,0xa0,0x00,0x50,0x6a,0xaa,0xaf,0xaa,0xaa,0x97,0xff,0xff,
0xff,0xff,0xfd,0x00,0x00,0x0b,0x00,0x00,0x00,0x00,0x00,0xb0,0x00,0x00,0x00,0x00,0x0b,0x00,0x00,0x00,0x00,0x00,0xa0,0x00,
0x00,
/* U+7ffb */
0x00,0x00,0x50,0x00,0x00,0x01,0x5a,0xbf,0x15,0x51,0x54,0x3f,0xfe,0x42,0xfe,0x7f,0xd0,0x03,0x81,0x00,0xa0,0x1d,0x18,0x38,
0x70,0x0a,0x01,0xd0,0xd3,0x8a,0x14,0xa6,0x1d,0x1a,0x79,0xd2,0x8a,0x71,0xd7,0xff,0xff,0x98,0xa3,0x5d,0x16,0xb9,0x54,0xca,
0x29,0xd0,0x73,0x98,0x0d,0xa1,0x9d,0x1d,0x39,0xf4,0x9a,0x15,0xdb,0x42,0x42,0xd0,0xa0,0x1d,0x6a,0xaa,0xa4,0x1e,0x07,0xd2,
0xfb,0xef,0x07,0xe0,0xfd,0x2c,0x38,0x70,0xfa,0x2d,0xd2,0xc3,0x87,0x7c,0xa7,0x5d,0x2f,0xff,0xf7,0x4a,0x11,0xd2,0xd7,0x9b,
0x00,0xa0,0x1d,0x2c,0x38,0x70,0x0a,0x01,0xd2,0xc3,0x87,0x00,0xa0,0x1d,0x2f,0xff,0xf0,0xae,0x1a,0xd2,0xd5,0x5b,0x0f,0xd2,
0xf8,0x04,0x00,0x10,0x00,0x00,0x00,
/* U+7ffc */
0x2f,0xff,0xf2,0xff,0xff,0x01,0x95,0x5b,0x1a,0x55,0xb0,0x0b,0x90,0xb0,0xbe,0x4b,0x00,0x07,0x6f,0x00,0x6a,0xf0,0x1a,0xfe,
0xf1,0xbf,0xab,0x02,0xa4,0x0b,0x19,0x40,0xb0,0x01,0x55,0x55,0x55,0x54,0x00,0x2e,0xaa,0xfa,0xab,0x80,0x02,0xc0,0x0b,0x00,
0x38,0x00,0x2f,0xff,0xff,0xff,0x80,0x02,0xc0,0x0b,0x00,0x38,0x00,0x2e,0xaa,0xfa,0xab,0x80,0x01,0xab,0xaa,0xae,0xa4,0x00,
0x00,0xb0,0x00,0xe0,0x00,0x0f,0xff,0xff,0xff,0xff,0x00,0x00,0xb0,0x00,0xe0,0x00,0x15,0x5b,0x55,0x5e,0x55,0x47,0xff,0xff,
0xff,0xff,0xfd,0x00,0x06,0x80,0x29,0x00,0x00,0x5b,0xe4,0x01,0xbe,0x90,0x2f,0x90,0x00,0x00,0x6f,0x81,0x40,0x00,0x00,0x00,
0x14,
/* U+8000 */
0x01,0x40,0x00,0x00,0x00,0x00,0x2c,0x02,0xaa,0x9f,0xfc,0x92,0xc2,0x6a,0xb9,0xaa,0xcd,0x2c,0x71,0x03,0x84,0x1c,0xa2,0xca,
0x2d,0x38,0xb5,0xc7,0x2c,0xa0,0x63,0x81,0x6c,0x36,0xcd,0x02,0xf8,0x6f,0xc2,0x2c,0x82,0xf7,0x9e,0x5c,0x02,0xc0,0x34,0x28,
0x41,0xca,0xbe,0xa4,0x60,0x38,0x00,0xaf,0xbe,0x4b,0x57,0xd5,0x40,0xd3,0x41,0xff,0xff,0xfd,0x1d,0x34,0x2e,0x01,0xc0,0x01,
0xd3,0x4b,0xe5,0x6d,0x50,0x1d,0x35,0xdf,0xff,0xff,0x81,0xc3,0x44,0xe0,0x1d,0x00,0x2c,0x34,0x0e,0x02,0xd0,0x02,0x83,0x40,
0xff,0xff,0xf8,0x38,0x35,0x8e,0x02,0xd0,0x07,0x47,0xf4,0xe0,0x1c,0x00,0xb0,0xb8,0x0f,0xff,0xff,0xed,0x01,0x00,0xf5,0x55,
0x55,0x40,0x00,0x05,0x00,0x00,0x00,
/* U+8001 */
0x00,0x00,0x24,0x00,0x00,0x00,0x00,0x07,0x80,0x00,0x00,0x00,0x00,0x78,0x00,0x02,0x40,0xaa,0xab,0xea,0xa4,0xb4,0x0b,0xff,
0xff,0xff,0x6d,0x00,0x00,0x07,0x80,0x0b,0x80,0x00,0x00,0x78,0x02,0xe0,0x00,0x00,0x07,0x80,0xb8,0x00,0x6a,0xaa,0xbe,0xaf,
0xea,0xab,0xff,0xff,0xff,0xff,0xfe,0x00,0x00,0x0b,0xd0,0x00,0x00,0x00,0x07,0xe0,0x00,0x00,0x00,0x07,0xe4,0x00,0x00,0x00,
0x06,0xf4,0x00,0x01,0xa0,0x1b,0xfe,0x00,0x5b,0xff,0x0b,0xe4,0xfb,0xff,0xe9,0x00,0x50,0x0f,0xe9,0x50,0x00,0x00,0x00,0xe0,
0x00,0x00,0x18,0x00,0x0e,0x00,0x00,0x02,0xc0,0x00,0xe0,0x00,0x00,0x38,0x00,0x0b,0xaa,0xaa,0xaf,0x40,0x00,0x6f,0xff,0xff,
0xe0,
/* U+8003 */
0x00,0x00,0x28,0x00,0x00,0x00,0x00,0x03,0xc0,0x00,0x60,0x01,0x55,0x7d,0x55,0x1e,0x00,0x7f,0xff,0xff,0xf7,0x80,0x01,0x55,
0x7d,0x56,0xf0,0x00,0x00,0x03,0xc0,0x7c,0x00,0x00,0x00,0x3c,0x1f,0x00,0x03,0xff,0xff,0xff,0xff,0xfd,0x2a,0xaa,0xaf,0xea,
0xaa,0x90,0x00,0x06,0xf4,0x00,0x00,0x00,0x02,0xf8,0x00,0x00,0x00,0x06,0xff,0xff,0xff,0xf0,0x1b,0xff,0xaa,0xaa,0xaa,0x0b,
0xf8,0xb0,0x00,0x00,0x00,0xa4,0x0e,0x00,0x00,0x00,0x00,0x01,0xff,0xff,0xff,0x80,0x00,0x1a,0xaa,0xaa,0xb8,0x00,0x00,0x00,
0x00,0x03,0x80,0x00,0x00,0x00,0x00,0x38,0x00,0x00,0x00,0x00,0x07,0x40,0x00,0x00,0x02,0xaa,0xf0,0x00,0x00,0x00,0x2f,0xf9,
0x00,
/* U+8006 */
0x00,0x00,0x60,0x00,0x00,0x00,0x00,0x0b,0x00,0x01,0xe0,0x03,0xff,0xff,0xfd,0x78,0x00,0x15,0x5b,0x55,0xae,0x00,0x00,0x00,
0xb0,0x1f,0x40,0x07,0xff,0xff,0xff,0xff,0xfd,0x6a,0xaa,0xaf,0xea,0xaa,0x90,0x00,0x6f,0x90,0x05,0x40,0x01,0xaf,0x96,0xbf,
0xe8,0x06,0xfe,0xff,0xa9,0x40,0x50,0xb9,0x0b,0x00,0x00,0x0e,0x00,0x00,0x7a,0xaa,0xab,0xd0,0x00,0x01,0xaa,0xaa,0xa4,0x00,
0x00,0x00,0x00,0x00,0x00,0x01,0xff,0xff,0xff,0xf4,0x00,0x1d,0x55,0x55,0x57,0x40,0x01,0xd0,0x00,0x00,0x74,0x00,0x1f,0xff,
0xff,0xff,0x40,0x01,0xe5,0x55,0x55,0x74,0x00,0x1d,0x00,0x00,0x07,0x40,0x01,0xff,0xff,0xff,0xf4,0x00,0x1e,0x55,0x55,0x5b,
0x40,0x01,0x40,0x00,0x00,0x14,0x00,
/* U+800c */
0xbf,0xff,0xff,0xff,0xff,0xe6,0xaa,0xaa,0xfa,0xaa,0xa9,0x00,0x00,0x1e,0x00,0x00,0x00,0x00,0x02,0xd0,0x00,0x00,0x00,0x00,
0x3c,0x00,0x00,0x00,0xff,0xff,0xff,0xff,0xf4,0x0f,0xab,0xea,0xbe,0xaf,0x40,0xe0,0x2c,0x03,0x80,0x74,0x0e,0x02,0xc0,0x38,
0x07,0x40,0xe0,0x2c,0x03,0x80,0x74,0x0e,0x02,0xc0,0x38,0x07,0x40,0xe0,0x2c,0x03,0x80,0x74,0x0e,0x02,0xc0,0x38,0x07,0x40,
0xe0,0x2c,0x03,0x80,0x74,0x0e,0x02,0xc0,0x38,0x07,0x40,0xe0,0x2c,0x03,0x80,0x74,0x0e,0x02,0xc0,0x38,0x07,0x40,0xe0,0x2c,
0x03,0x80,0x74,0x0e,0x02,0xc0,0x39,0x5f,0x00,0xe0,0x18,0x02,0x5f,0xe0,0x05,0x00,0x00,0x00,0x50,0x00,
/* U+8012 */
0x00,0x00,0x05,0x00,0x00,0x00,0x00,0x00,0xf0,0x00,0x00,0x00,0x00,0x0f,0x00,0x00,0x01,0xff,0xff,0xff,0xff,0xf4,0x1a,0xaa,
0xaf,0xaa,0xaa,0x00,0x00,0x00,0xf0,0x00,0x00,0x00,0x00,0x0f,0x00,0x00,0x00,0x2a,0xaa,0xfa,0xaa,0x80,0x02,0xff,0xff,0xff,
0xf8,0x00,0x00,0x00,0xf0,0x00,0x00,0x00,0x00,0x0f,0x00,0x00,0x01,0x55,0x55,0xf5,0x55,0x54,0x7f,0xff,0xff,0xff,0xff,0xd0,
0x00,0x0b,0xfe,0x00,0x00,0x00,0x01,0xdf,0x74,0x00,0x00,0x00,0x78,0xf2,0xd0,0x00,0x00,0x1e,0x0f,0x0b,0x40,0x00,0x0b,0x80,
0xf0,0x2e,0x00,0x07,0xe0,0x0f,0x00,0xbd,0x06,0xf4,0x00,0xf0,0x01,0xf9,0xb8,0x00,0x0f,0x00,0x02,0xe0,0x00,0x00,0xf0,0x00,
0x04,0x00,0x00,0x05,0x00,0x00,0x00,
/* U+803f */
0x00,0x00,0x00,0x02,0x40,0x0a,0xaa,0xaa,0x40,0x38,0x00,0xff,0xff,0xf4,0x03,0x80,0x01,0xd0,0x38,0x00,0x38,0x00,0x1d,0x03,
0x81,0x83,0x80,0xd1,0xd0,0x38,0x2c,0x38,0x1d,0x1e,0xab,0x82,0xc3,0x82,0xc1,0xff,0xf8,0x38,0x38,0x2c,0x1d,0x03,0x87,0x43,
0x83,0x81,0xd0,0x38,0xb4,0x38,0x74,0x1d,0x03,0x8b,0x07,0x8f,0x01,0xe5,0x78,0xa0,0x78,0x90,0x1f,0xff,0x80,0x0b,0xc0,0x01,
0xd0,0x38,0x00,0xed,0x00,0x1d,0x03,0x80,0x1d,0xe0,0x01,0xd0,0x38,0x02,0xcb,0x40,0x1d,0x07,0xf4,0x78,0x78,0x02,0xef,0xfe,
0x0b,0x42,0xd0,0xff,0x97,0x81,0xe0,0x0f,0x05,0x00,0x38,0x7c,0x00,0x78,0x00,0x03,0x8f,0x40,0x02,0xe0,0x00,0x39,0xd0,0x00,
0x0a,0x00,0x01,0x44,0x00,0x00,0x00,
/* U+8042 */
0x6a,0xaa,0xaa,0xaa,0xaa,0x82,0xaf,0xaa,0xaa,0xae,0xa8,0x00,0xb0,0x00,0x01,0xd0,0x00,0x0b,0xaa,0xaa,0xad,0x00,0x00,0xb5,
0x55,0x56,0xd0,0x00,0x0b,0x00,0x00,0x1d,0x00,0x00,0xbf,0xff,0xff,0xd0,0x00,0x0b,0x55,0x55,0x5d,0x00,0x00,0xb0,0x55,0x56,
0xea,0x87,0xff,0xff,0xff,0xff,0xa8,0x15,0x55,0x00,0x01,0xd0,0x00,0x00,0x00,0x00,0x04,0x00,0x7f,0xff,0xe3,0xff,0xff,0x41,
0x55,0x6d,0x1e,0x55,0xb4,0x09,0x02,0xc0,0xb0,0x0f,0x01,0xf4,0x78,0x03,0x82,0xd0,0x02,0xef,0x00,0x1e,0x78,0x00,0x0b,0xd0,
0x00,0x7f,0x00,0x02,0xff,0x40,0x1b,0xf9,0x02,0xf8,0x3d,0x1f,0xe6,0xf9,0xb9,0x00,0x97,0xe0,0x06,0xe1,0x00,0x00,0x10,0x00,
0x04,
/* U+804a */
0x00,0x00,0x00,0x14,0x00,0x06,0xaa,0xa4,0x0b,0x80,0x00,0xbf,0xff,0x9b,0xe0,0xff,0xd2,0xc0,0xd2,0xe0,0x0e,0xad,0x2c,0x0d,
0x2c,0x10,0xe1,0xd2,0xc0,0xd2,0xc3,0x4e,0x1d,0x2d,0x6d,0x2c,0x34,0xe1,0xd2,0xff,0xd2,0xc3,0x4e,0x1d,0x2c,0x1d,0x2c,0x34,
0xe1,0xd2,0xc0,0xd2,0xc3,0x4e,0x1d,0x2c,0x0d,0x2c,0x34,0xe1,0xd2,0xd6,0xd2,0xc3,0x4e,0x1d,0x2f,0xfd,0x2c,0x34,0xe1,0xd2,
0xc1,0xd2,0xcb,0x4e,0x1d,0x2c,0x0d,0x2f,0xf4,0xe1,0xd2,0xc0,0xd3,0xe7,0x0e,0x1d,0x2c,0x1f,0x50,0xb0,0xe1,0xc2,0xef,0xe0,
0x0e,0x0e,0xfc,0xfe,0x9d,0x01,0xd0,0xe5,0x05,0x00,0xd0,0x78,0x0e,0x00,0x00,0x0d,0x2f,0x00,0xe0,0x00,0x00,0xd7,0x80,0x0e,
0x00,0x00,0x04,0x10,0x00,0x40,0x00,
/* U+8054 */
0x00,0x00,0x00,0x40,0x04,0x0a,0xaa,0xa9,0x2c,0x00,0xe0,0xff,0xff,0xe1,0xe0,0x2d,0x01,0xd0,0xb0,0x0b,0x43,0xc0,0x1d,0x0b,
0x00,0x34,0x74,0x01,0xd0,0xb0,0x55,0x5f,0x54,0x1e,0x5b,0x0f,0xff,0xff,0xd1,0xff,0xf0,0x55,0x79,0x54,0x1d,0x0b,0x00,0x07,
0x40,0x01,0xd0,0xb0,0x00,0x74,0x00,0x1d,0x0b,0x00,0x07,0x40,0x01,0xe5,0xb1,0xaa,0xba,0xa9,0x1f,0xff,0x1f,0xff,0xff,0xe1,
0xd0,0xb0,0x00,0xfc,0x00,0x1d,0x0b,0x00,0x1e,0xd0,0x01,0xd0,0xb1,0x02,0xda,0x00,0x1d,0x0b,0xe0,0x38,0x74,0x02,0xef,0xf9,
0x07,0x42,0xc0,0xbf,0x9b,0x01,0xf0,0x1e,0x05,0x00,0xb0,0x7d,0x00,0x78,0x00,0x0b,0x1f,0x40,0x02,0xd0,0x00,0xb2,0xd0,0x00,
0x0a,0x00,0x06,0x04,0x00,0x00,0x00,
/* U+8083 */
0x00,0x00,0x05,0x00,0x00,0x00,0x00,0x00,0xe0,0x00,0x00,0x02,0xff,0xff,0xff,0xf8,0x00,0x1a,0xaa,0xfa,0xab,0x80,0x00,0x00,
0x0e,0x00,0x38,0x05,0x55,0x55,0xf5,0x57,0xd5,0xbf,0xff,0xff,0xff,0xff,0xe0,0x00,0x00,0xe0,0x03,0x80,0x00,0x00,0x0e,0x00,
0x38,0x00,0x2f,0xff,0xff,0xff,0x80,0x01,0xaa,0xaf,0xaa,0xa4,0x00,0x10,0x00,0xe0,0x00,0x40,0x03,0x40,0x0e,0x04,0x0e,0x00,
0x34,0x74,0xe2,0xc0,0xe0,0x07,0x47,0x0e,0x1d,0x0e,0x00,0x74,0xb0,0xe0,0xd0,0xe0,0x0b,0x4a,0x0e,0x0a,0x0e,0x00,0xb0,0xe0,
0xe0,0xb0,0xe0,0x0e,0x1d,0x0e,0x07,0x0e,0x02,0xd2,0x80,0xe0,0x74,0xe0,0x78,0x04,0x0e,0x01,0x0e,0x0b,0x40,0x00,0xe0,0x00,
0xe0,0x10,0x00,0x05,0x00,0x05,0x00,
/* U+8087 */
0x00,0x28,0x00,0x28,0x00,0x00,0x02,0xc0,0x03,0x80,0x00,0x1f,0xff,0xf4,0xbf,0xff,0xd1,0xe5,0x5b,0x5e,0x55,0xe4,0x1d,0x00,
0x77,0xf8,0x38,0x01,0xea,0xab,0x51,0xef,0x00,0x2e,0xaa,0xa4,0x1b,0xe4,0x03,0x80,0x00,0x0f,0x96,0xfe,0xb4,0x00,0x0f,0x40,
0x01,0x9a,0x1a,0xaa,0xfa,0xaa,0x80,0x00,0x55,0x5f,0x55,0x78,0x00,0x55,0x55,0xf5,0x57,0x94,0x2f,0xff,0xff,0xff,0xff,0xc0,
0x00,0x00,0xf0,0x03,0x80,0x01,0xaa,0xaf,0xaa,0xb8,0x00,0x15,0x55,0xf5,0x55,0x40,0x01,0x55,0x5f,0x55,0x54,0x00,0xbf,0xff,
0xff,0xff,0xe0,0x00,0x00,0x0f,0x00,0x00,0x06,0xaa,0xaa,0xfa,0xaa,0xa9,0x2a,0xaa,0xaf,0xaa,0xaa,0x80,0x00,0x00,0xf0,0x00,
0x00,0x00,0x00,0x05,0x00,0x00,0x00,
/* U+80a5 */
0x1a,0xaa,0x01,0x55,0x55,0x01,0xff,0xf4,0xff,0xff,0xf8,0x1d,0x07,0x4e,0x5b,0x97,0x81,0xd0,0x74,0xe0,0x70,0x38,0x1d,0x07,
0x4e,0x07,0x03,0x81,0xd0,0x74,0xe0,0x70,0x38,0x1f,0xff,0x4e,0x07,0x03,0x81,0xea,0xb4,0xe0,0x70,0x38,0x1d,0x07,0x4e,0x07,
0x03,0x81,0xd0,0x74,0xe5,0xb5,0x78,0x1d,0x07,0x4f,0xff,0xff,0x81,0xd5,0x74,0xe5,0x55,0x54,0x1f,0xff,0x4e,0x00,0x00,0x01,
0xd5,0xb4,0xe0,0x00,0x00,0x2c,0x07,0x4e,0x00,0x00,0x02,0xc0,0x74,0xe0,0x00,0x09,0x28,0x07,0x4e,0x00,0x00,0xe3,0x80,0x74,
0xe0,0x00,0x0e,0x74,0x07,0x4e,0x00,0x01,0xdb,0x05,0xb0,0xbe,0xaa,0xfc,0x60,0xfe,0x06,0xff,0xfe,0x40,0x05,0x00,0x00,0x00,
0x00,
/* U+80dc */
0x00,0x00,0x00,0x02,0x40,0x01,0xaa,0xa0,0x10,0x38,0x00,0x2f,0xff,0x07,0x43,0x80,0x02,0xc0,0xb0,0x74,0x38,0x00,0x2c,0x0b,
0x0b,0x03,0x80,0x02,0xc0,0xb0,0xbf,0xff,0xfd,0x2c,0x0b,0x0e,0xab,0xaa,0x82,0xff,0xf1,0xd0,0x38,0x00,0x2e,0xaf,0x3c,0x03,
0x80,0x02,0xc0,0xb7,0x40,0x38,0x00,0x2c,0x0b,0x20,0x03,0x80,0x02,0xc0,0xb0,0x00,0x38,0x00,0x2d,0x5b,0x0a,0xab,0xaa,0x82,
0xff,0xf0,0xff,0xff,0xfc,0x2d,0x5b,0x00,0x03,0x80,0x02,0xc0,0xb0,0x00,0x38,0x00,0x38,0x0b,0x00,0x03,0x80,0x03,0x80,0xb0,
0x00,0x38,0x00,0x74,0x0b,0x00,0x03,0x80,0x07,0x40,0xb0,0x00,0x38,0x00,0xb0,0x0b,0x3f,0xff,0xff,0xfa,0x0f,0xe2,0xaa,0xaa,
0xaa,0x00,0x54,0x00,0x00,0x00,0x00,
/* U+80e1 */
0x00,0x10,0x00,0x00,0x00,0x00,0x1d,0x00,0x2a,0xaa,0xa0,0x07,0x40,0x0b,0xff,0xfc,0x01,0xd0,0x02,0xc0,0x0b,0x00,0x74,0x00,
0xb0,0x02,0xda,0xae,0xa9,0x2c,0x00,0xbb,0xff,0xff,0x8b,0x00,0x2c,0x01,0xd0,0x02,0xff,0xff,0x00,0x74,0x00,0xba,0xab,0xc0,
0x1d,0x00,0x2c,0x00,0xb0,0x07,0x40,0x0b,0x00,0x2c,0x01,0xe0,0x02,0xc0,0x0b,0x2f,0xff,0xf0,0xb0,0x02,0xcb,0x95,0x7c,0x3f,
0xff,0xf2,0xc0,0x0b,0x0f,0x55,0x6c,0xb0,0x02,0xc7,0x80,0x0b,0x2c,0x00,0xb1,0xd0,0x02,0xcb,0x00,0x2c,0xb0,0x00,0xb2,0xd5,
0x5f,0x3c,0x00,0x2c,0xbf,0xff,0xde,0x00,0x0b,0x2d,0x55,0x5f,0x00,0x57,0xcb,0x00,0x03,0x40,0x3f,0xe0,0x00,0x00,0x00,0x01,
0x40,
/* U+80f6 */
0x00,0x00,0x00,0x18,0x00,0x01,0xaa,0x90,0x02,0xd0,0x00,0x2f,0xfe,0x00,0x0e,0x00,0x02,0xc0,0xe1,0xaa,0xfa,0xa9,0x2c,0x0e,
0x3f,0xff,0xff,0xd2,0xc0,0xe0,0x14,0x01,0x40,0x2c,0x0e,0x01,0x80,0x34,0x02,0xff,0xe0,0x2c,0x02,0xd0,0x2e,0xae,0x07,0x80,
0x0f,0x02,0xc0,0xe0,0xf0,0x00,0x78,0x2c,0x0e,0x2e,0x40,0x16,0xd2,0xc0,0xe7,0xac,0x03,0x8e,0x2d,0x5e,0x21,0xd0,0x74,0x42,
0xff,0xe0,0x0e,0x0b,0x40,0x2d,0x5e,0x00,0xb4,0xf0,0x03,0x80,0xe0,0x03,0xed,0x00,0x38,0x0e,0x00,0x1f,0x80,0x03,0x80,0xe0,
0x00,0xf8,0x00,0x74,0x0e,0x00,0x7f,0xf4,0x0b,0x40,0xe0,0x1f,0x4b,0xe0,0xb0,0x1d,0x2f,0xd0,0x1f,0xea,0x1f,0xc7,0xd0,0x00,
0x1e,0x00,0x50,0x10,0x00,0x00,0x00,
/* U+8102 */
0x00,0x00,0x06,0x00,0x00,0x01,0xaa,0xa4,0xb0,0x00,0x60,0x1f,0xff,0x8b,0x01,0xbf,0x81,0xd0,0x38,0xbb,0xfe,0x40,0x1d,0x03,
0x8b,0xe5,0x00,0x41,0xd0,0x38,0xb0,0x00,0x0e,0x1d,0x03,0x8b,0x40,0x01,0xd1,0xff,0xf8,0x7e,0xaa,0xbd,0x1e,0xab,0x82,0xff,
0xfe,0x41,0xd0,0x38,0x00,0x00,0x00,0x1d,0x03,0x80,0x00,0x00,0x01,0xd0,0x38,0x7f,0xff,0xf8,0x1d,0x57,0x87,0xaa,0xab,0xc1,
0xff,0xf8,0x74,0x00,0x2c,0x1d,0x57,0x87,0x40,0x02,0xc2,0xc0,0x38,0x7a,0xaa,0xbc,0x2c,0x03,0x87,0xff,0xff,0xc2,0x80,0x38,
0x74,0x00,0x2c,0x38,0x03,0x87,0x40,0x02,0xc7,0x40,0x38,0x79,0x55,0x7c,0xb0,0x5b,0x47,0xff,0xff,0xca,0x0b,0xf0,0x79,0x55,
0x7c,0x00,0x54,0x01,0x00,0x01,0x40,
/* U+8131 */
0x00,0x00,0x01,0x00,0x04,0x01,0xaa,0xa0,0xb4,0x02,0xd0,0x2f,0xff,0x03,0xc0,0x38,0x02,0xc0,0xb0,0x1e,0x07,0x40,0x2c,0x0b,
0x00,0x90,0xf0,0x02,0xc0,0xb0,0xaa,0xae,0xa4,0x2c,0x0b,0x1f,0xff,0xff,0x42,0xff,0xf1,0xd0,0x00,0x74,0x2e,0xaf,0x1d,0x00,
0x07,0x42,0xc0,0xb1,0xd0,0x00,0x74,0x2c,0x0b,0x1d,0x00,0x07,0x42,0xc0,0xb1,0xe5,0x55,0xb4,0x2d,0x5b,0x1f,0xff,0xff,0x42,
0xff,0xf0,0x0b,0x0e,0x00,0x2d,0x5b,0x00,0xa0,0xe0,0x02,0xc0,0xb0,0x0e,0x0e,0x00,0x38,0x0b,0x01,0xd0,0xe0,0x03,0x80,0xb0,
0x2c,0x0e,0x07,0x78,0x0b,0x07,0x80,0xe0,0x7b,0x40,0xb0,0xb4,0x0e,0x0b,0xf0,0x5f,0x3d,0x00,0xfa,0xea,0x0f,0xe3,0x40,0x07,
0xf9,0x00,0x50,0x00,0x00,0x00,0x00,
/* U+814a */
0x00,0x00,0x00,0x50,0x14,0x01,0xaa,0xa0,0x1d,0x03,0x80,0x2f,0xff,0x01,0xd0,0x38,0x02,0xc0,0xb2,0xbf,0xab,0xe9,0x2c,0x0b,
0x2a,0xfa,0xbe,0x92,0xc0,0xb0,0x1d,0x03,0x80,0x2c,0x0b,0x01,0xd0,0x38,0x02,0xff,0xf1,0x5e,0x57,0x95,0x2e,0xaf,0x7f,0xff,
0xff,0xe2,0xc0,0xb1,0x55,0x55,0x55,0x2c,0x0b,0x00,0x00,0x00,0x02,0xc0,0xb0,0xbf,0xff,0xf0,0x2d,0x5f,0x0b,0xaa,0xaf,0x42,
0xff,0xf0,0xb0,0x00,0x74,0x2d,0x5b,0x0b,0x00,0x07,0x42,0x80,0xb0,0xba,0xaa,0xb4,0x38,0x0b,0x0b,0xff,0xff,0x43,0x80,0xb0,
0xb0,0x00,0x74,0x74,0x0b,0x0b,0x00,0x07,0x47,0x40,0xb0,0xb5,0x55,0xb4,0xb0,0x4f,0x0b,0xff,0xff,0x4a,0x0b,0xe0,0xb0,0x00,
0xb4,0x00,0x54,0x05,0x00,0x01,0x00,
/* U+817e */
0x00,0x00,0x00,0x09,0x00,0x01,0xaa,0x91,0xd0,0xe0,0xe0,0x2f,0xfd,0x0a,0x1d,0x1d,0x02,0xc1,0xd1,0xb6,0xe6,0xd4,0x2c,0x1d,
0x3f,0xff,0xff,0xc2,0xc1,0xd0,0x07,0x80,0x00,0x2c,0x1d,0x00,0xb4,0x00,0x02,0xff,0xdb,0xff,0xff,0xfe,0x2e,0xad,0x6b,0xea,
0xba,0x92,0xc1,0xd0,0xb4,0x03,0x80,0x2c,0x1d,0x7e,0x55,0x5f,0x42,0xc1,0xef,0xbf,0xff,0xaf,0x2d,0x5e,0x91,0x55,0x78,0x62,
0xff,0xd0,0x38,0x07,0x40,0x2d,0x5d,0x07,0x40,0x74,0x03,0x81,0xd0,0xbf,0xff,0xf8,0x38,0x1d,0x05,0x55,0x57,0x83,0x81,0xd0,
0x00,0x00,0x38,0x74,0x1d,0x7f,0xff,0xc3,0x87,0x41,0xd5,0x55,0x54,0x74,0xb0,0x6d,0x00,0x00,0x1b,0x46,0x1f,0xc0,0x00,0x2f,
0xe0,0x00,0x50,0x00,0x00,0x50,0x00,
/* U+81ea */
0x00,0x09,0x00,0x00,0x00,0x1e,0x00,0x00,0x00,0x2d,0x00,0x00,0xaa,0xbe,0xaa,0xaa,0xff,0xff,0xff,0xff,0xe0,0x00,0x00,0x0b,
0xe0,0x00,0x00,0x0b,0xe0,0x00,0x00,0x0b,0xfa,0xaa,0xaa,0xaf,0xff,0xff,0xff,0xff,0xe0,0x00,0x00,0x0b,0xe0,0x00,0x00,0x0b,
0xe0,0x00,0x00,0x0b,0xe5,0x55,0x55,0x5b,0xff,0xff,0xff,0xff,0xe5,0x55,0x55,0x5b,0xe0,0x00,0x00,0x0b,0xe0,0x00,0x00,0x0b,
0xe0,0x00,0x00,0x0b,0xfa,0xaa,0xaa,0xaf,0xff,0xff,0xff,0xff,0xe0,0x00,0x00,0x0b,0x50,0x00,0x00,0x05,
/* U+81f3 */
0x15,0x55,0x55,0x55,0x55,0x43,0xff,0xff,0xff,0xff,0xfc,0x15,0x56,0xe5,0x55,0x55,0x40,0x00,0x78,0x00,0x10,0x00,0x00,0x0f,
0x00,0x0f,0x40,0x00,0x02,0xd0,0x00,0x7c,0x00,0x00,0xb4,0x00,0x01,0xf0,0x00,0x7d,0x15,0xab,0xff,0x80,0x0f,0xff,0xff,0xa9,
0x6d,0x00,0xa9,0x54,0x00,0x00,0xf0,0x00,0x00,0x0a,0x00,0x05,0x00,0x00,0x00,0xf0,0x00,0x00,0x00,0x00,0x0f,0x00,0x00,0x00,
0xbf,0xff,0xff,0xff,0xe0,0x0a,0xaa,0xaf,0xaa,0xaa,0x00,0x00,0x00,0xf0,0x00,0x00,0x00,0x00,0x0f,0x00,0x00,0x00,0x00,0x00,
0xf0,0x00,0x00,0x15,0x55,0x5f,0x55,0x55,0x4b,0xff,0xff,0xff,0xff,0xfe,0x55,0x55,0x55,0x55,0x55,0x50,
/* U+8206 */
0x00,0x00,0x14,0x00,0x00,0x00,0x1b,0x42,0xc0,0x05,0x50,0x1f,0xe6,0xbe,0xa9,0xff,0x41,0xd0,0x7f,0xff,0xd5,0xb4,0x1d,0x00,
0xb0,0x00,0x07,0x41,0xd0,0x1d,0x64,0x00,0x74,0x1f,0xa2,0xc7,0x40,0xaf,0x41,0xfa,0x79,0xb9,0x4a,0xf4,0x1d,0x07,0xff,0xfc,
0x07,0x41,0xd0,0x00,0x74,0x00,0x74,0x1e,0x50,0x07,0x40,0x5b,0x41,0xff,0x6a,0xba,0x9f,0xf4,0x1d,0x56,0xaf,0xe9,0x5b,0x41,
0xd0,0x00,0x74,0x00,0x74,0x1d,0x00,0x07,0x40,0x07,0x4a,0xea,0xaa,0xba,0xaa,0xba,0xff,0xff,0xff,0xff,0xff,0xf0,0x00,0x20,
0x00,0x80,0x00,0x00,0x2f,0x40,0x1f,0x90,0x00,0x2f,0x80,0x00,0x1f,0x90,0x6f,0x90,0x00,0x00,0x1f,0xd7,0x90,0x00,0x00,0x00,
0x1d,
/* U+8212 */
0x00,0x24,0x00,0x00,0x00,0x00,0x0b,0xd0,0x1a,0xaa,0xa4,0x02,0xef,0x42,0xff,0xff,0x80,0x78,0x3d,0x00,0x00,0xb0,0x1e,0x00,
0xf4,0x10,0x2d,0x07,0xd0,0x07,0x87,0x8b,0x40,0xbf,0xff,0xd0,0x2f,0xe0,0x04,0x5b,0x94,0x00,0xbc,0x00,0x00,0x74,0x00,0x02,
0xe0,0x01,0x57,0x55,0x7f,0xff,0xfe,0x3f,0xff,0xf5,0x57,0xd6,0xd1,0x57,0x95,0x00,0x2c,0x3c,0x00,0x74,0x00,0x02,0xcb,0x40,
0x07,0x40,0x00,0x2c,0xe0,0x1f,0xff,0xe0,0x02,0xc0,0x01,0xe5,0x5e,0x00,0x2c,0x00,0x1d,0x00,0xe0,0x02,0xc0,0x01,0xd0,0x0e,
0x00,0x2c,0x00,0x1d,0x00,0xe0,0x02,0xc0,0x01,0xff,0xfe,0x00,0x2c,0x00,0x1e,0xaa,0xe0,0x57,0x80,0x01,0xd0,0x0a,0x0f,0xf4,
0x00,
/* U+821e */
0x00,0x24,0x00,0x00,0x00,0x00,0x0b,0x40,0x00,0x00,0x00,0x02,0xff,0xff,0xff,0xff,0x41,0xff,0x5b,0x5b,0x5b,0x94,0x1d,0xb0,
0xb0,0xb0,0xb0,0x00,0x0b,0x0b,0x0b,0x0b,0x00,0x2f,0xff,0xff,0xff,0xff,0xc1,0xab,0xab,0xab,0xab,0xa8,0x00,0xb0,0xb0,0xb0,
0xb0,0x00,0x0b,0x0b,0x0b,0x0b,0x00,0xbf,0xff,0xff,0xff,0xff,0xe6,0xaa,0xaa,0xaa,0xaa,0xa9,0x00,0x74,0x00,0x00,0x90,0x00,
0x0f,0x55,0x15,0x6e,0x54,0x02,0xff,0xfa,0xff,0xff,0x80,0xf4,0x0b,0x44,0x0e,0x00,0x3d,0x50,0xe1,0xc0,0xe0,0x01,0x4b,0xad,
0x2c,0x1e,0x00,0x00,0x2f,0x43,0xff,0xff,0xd0,0x0b,0xd0,0x15,0x5e,0x54,0x1b,0xe0,0x00,0x00,0xe0,0x03,0xe4,0x00,0x00,0x0e,
0x00,0x10,0x00,0x00,0x00,0x90,0x00,
/* U+821f */
0x00,0x00,0x09,0x00,0x00,0x00,0x00,0x00,0xe0,0x00,0x00,0x00,0x00,0x1d,0x00,0x00,0x00,0x0b,0xff,0xff,0xff,0x00,0x00,0xba,
0xaa,0xaa,0xf0,0x00,0x0b,0x01,0x00,0x0b,0x00,0x00,0xb0,0x3c,0x00,0xb0,0x00,0x0b,0x01,0xf0,0x0b,0x00,0x00,0xb0,0x07,0x80,
0xb0,0x00,0x0b,0x00,0x1c,0x0b,0x00,0x00,0xb0,0x00,0x00,0xb0,0x0f,0xff,0xff,0xff,0xff,0xff,0xaa,0xfa,0xaa,0xaa,0xfa,0xa0,
0x0e,0x00,0x00,0x0b,0x00,0x01,0xe0,0x74,0x00,0xb0,0x00,0x1e,0x02,0xd0,0x0b,0x00,0x02,0xd0,0x0b,0x40,0xb0,0x00,0x3c,0x00,
0x3c,0x0b,0x00,0x07,0x80,0x01,0xd0,0xb0,0x00,0xf0,0x00,0x00,0x0b,0x00,0x2e,0x00,0x00,0x6a,0xf0,0x02,0x80,0x00,0x03,0xfd,
0x00,
/* U+8239 */
0x00,0x28,0x00,0x00,0x00,0x00,0x03,0x80,0x05,0x55,0x40,0x00,0x74,0x00,0xff,0xfd,0x01,0xff,0xfd,0x0e,0x56,0xd0,0x1e,0x56,
0xd0,0xe0,0x1d,0x01,0xd0,0x1d,0x1e,0x01,0xd0,0x1d,0xa1,0xd1,0xd0,0x1d,0x01,0xd7,0x1d,0x3d,0x01,0xd0,0x1d,0x35,0xd7,0x80,
0x1e,0x51,0xd1,0x5d,0xf4,0x00,0xff,0x1d,0x01,0xd5,0x00,0x01,0x5f,0xff,0xfd,0x00,0x00,0x00,0x6e,0x56,0xd2,0xff,0xff,0x41,
0xc0,0x1d,0x2e,0xaa,0xb4,0x2c,0xa1,0xd2,0xc0,0x07,0x42,0xcb,0x1d,0x2c,0x00,0x74,0x2c,0x75,0xd2,0xc0,0x07,0x43,0x83,0x9d,
0x2c,0x00,0x74,0x78,0x15,0xd2,0xc0,0x07,0x4b,0x40,0x1d,0x2e,0xaa,0xb4,0xf0,0x16,0xc2,0xff,0xff,0x4a,0x02,0xf8,0x2c,0x00,
0x74,0x00,0x04,0x01,0x40,0x01,0x00,
/* U+826f */
0x00,0x01,0x80,0x00,0x00,0x00,0x01,0xd0,0x00,0x00,0x00,0x01,0xe0,0x00,0x00,0x3f,0xff,0xff,0xff,0xc0,0x39,0x55,0x55,0x57,
0xc0,0x38,0x00,0x00,0x02,0xc0,0x38,0x00,0x00,0x02,0xc0,0x3f,0xff,0xff,0xff,0xc0,0x3a,0xaa,0xaa,0xab,0xc0,0x38,0x00,0x00,
0x02,0xc0,0x38,0x00,0x00,0x02,0xc0,0x3e,0xaa,0xaa,0xab,0xc0,0x3e,0xab,0xea,0xaa,0x80,0x38,0x02,0xd0,0x00,0x40,0x38,0x00,
0xf0,0x02,0xe0,0x38,0x00,0x78,0x1b,0x80,0x38,0x00,0x2e,0xbe,0x00,0x38,0x00,0x0b,0xe0,0x00,0x38,0x01,0x42,0xf4,0x00,0x38,
0x6f,0xc0,0x7f,0x40,0x7f,0xfe,0x40,0x0b,0xf9,0x7e,0x50,0x00,0x00,0x6e,
/* U+8272 */
0x00,0x01,0x80,0x00,0x00,0x00,0x00,0x78,0x00,0x00,0x00,0x00,0x1f,0x95,0x55,0x40,0x00,0x03,0xff,0xff,0xf8,0x00,0x01,0xf5,
0x55,0x5f,0x40,0x00,0x7d,0x00,0x02,0xd0,0x00,0x2f,0x40,0x00,0xb8,0x00,0x0b,0xfa,0xaa,0xaf,0xaa,0xa0,0x23,0xff,0xff,0xff,
0xfe,0x00,0x3c,0x00,0x74,0x00,0xe0,0x03,0xc0,0x07,0x40,0x0e,0x00,0x3c,0x00,0x74,0x00,0xe0,0x03,0xc0,0x07,0x40,0x0e,0x00,
0x3e,0xaa,0xfe,0xaa,0xe0,0x03,0xea,0xaa,0xaa,0xaa,0x00,0x3c,0x00,0x00,0x00,0x00,0x03,0xc0,0x00,0x00,0x00,0x40,0x3c,0x00,
0x00,0x00,0x1e,0x03,0xc0,0x00,0x00,0x01,0xd0,0x3c,0x00,0x00,0x00,0x2c,0x02,0xea,0xaa,0xaa,0xaf,0x80,0x1b,0xff,0xff,0xff,
0xe0,
/* U+8282 */
0x00,0x0a,0x00,0x0a,0x00,0x00,0x00,0xf0,0x00,0xf0,0x00,0x15,0x5f,0x55,0x5f,0x55,0x47,0xff,0xff,0xff,0xff,0xfd,0x55,0x5f,
0x55,0x5f,0x55,0x50,0x00,0xf0,0x00,0xf0,0x00,0x00,0x0a,0x00,0x0a,0x00,0x00,0x00,0x00,0x00,0x00,0x00,0x1f,0xff,0xff,0xff,
0xfd,0x01,0xaa,0xab,0xaa,0xaa,0xd0,0x00,0x00,0xb4,0x00,0x1d,0x00,0x00,0x0b,0x40,0x01,0xd0,0x00,0x00,0xb4,0x00,0x1d,0x00,
0x00,0x0b,0x40,0x01,0xd0,0x00,0x00,0xb4,0x00,0x1d,0x00,0x00,0x0b,0x40,0x02,0xc0,0x00,0x00,0xb4,0x15,0x7c,0x00,0x00,0x0b,
0x42,0xff,0x80,0x00,0x00,0xb4,0x15,0x50,0x00,0x00,0x0b,0x40,0x00,0x00,0x00,0x00,0xb4,0x00,0x00,0x00,0x00,0x0b,0x40,0x00,
0x00,0x00,0x00,0x50,0x00,0x00,0x00,
/* U+8292 */
0x00,0x0a,0x00,0x0a,0x00,0x00,0x00,0xf0,0x00,0xf0,0x00,0x00,0x0f,0x00,0x0f,0x00,0x0b,0xff,0xff,0xff,0xff,0xfe,0x6a,0xaf,
0xaa,0xaf,0xaa,0x90,0x00,0xf0,0x00,0xf0,0x00,0x00,0x0f,0x04,0x0f,0x00,0x00,0x00,0x01,0xe0,0x00,0x00,0x00,0x00,0x0b,0x00,
0x00,0x00,0x00,0x00,0x74,0x00,0x00,0x7f,0xff,0xff,0xff,0xff,0xd6,0xaf,0xaa,0xaa,0xaa,0xa9,0x00,0xe0,0x00,0x00,0x00,0x00,
0x0e,0x00,0x00,0x00,0x00,0x00,0xe0,0x00,0x00,0x00,0x00,0x0e,0x00,0x00,0x00,0x00,0x00,0xe0,0x00,0x00,0x00,0x00,0x0e,0x00,
0x00,0x00,0x00,0x00,0xe0,0x00,0x00,0x00,0x00,0x0e,0x55,0x55,0x55,0x50,0x00,0xff,0xff,0xff,0xff,0x00,0x05,0x55,0x55,0x55,
0x50,
/* U+8297 */
0x00,0x05,0x00,0x05,0x00,0x00,0x00,0xf0,0x00,0xf0,0x00,0x55,0x5f,0x55,0x5f,0x55,0x57,0xff,0xff,0xff,0xff,0xfd,0x00,0x0f,
0x00,0x0f,0x00,0x00,0x00,0xf0,0x50,0xf0,0x00,0x00,0x05,0x2e,0x05,0x00,0x00,0x00,0x0b,0x40,0x04,0x00,0x00,0x06,0xd0,0x07,
0xd0,0x00,0x02,0xe0,0x01,0xf4,0x00,0x01,0xfe,0xaa,0xf8,0x00,0x00,0x1f,0xfa,0xfe,0x01,0x40,0x00,0x00,0x2f,0x40,0x3c,0x00,
0x00,0x1f,0x80,0x07,0x80,0x00,0x1f,0x90,0x56,0xf0,0x00,0x1f,0xfb,0xff,0xfe,0x00,0x01,0xfa,0xa5,0x5b,0x80,0x00,0x00,0x00,
0x07,0xe0,0x00,0x00,0x00,0x07,0xf4,0x00,0x00,0x00,0x6f,0xf8,0x00,0x00,0x1a,0xff,0xe4,0x00,0x00,0x02,0xfa,0x40,0x00,0x00,
0x00,
/* U+8299 */
0x00,0x0a,0x00,0x09,0x00,0x00,0x00,0xf0,0x00,0xf0,0x00,0x55,0x5f,0x55,0x5f,0x55,0x57,0xff,0xff,0xff,0xff,0xfd,0x00,0x0f,
0x00,0x0f,0x00,0x00,0x00,0xf0,0x50,0xf0,0x00,0x00,0x00,0x0f,0x00,0x00,0x00,0x00,0x00,0xf0,0x00,0x00,0x0b,0xff,0xff,0xff,
0xfe,0x00,0x6a,0xaa,0xfa,0xaa,0x90,0x00,0x00,0x0e,0x00,0x00,0x00,0x00,0x00,0xe0,0x00,0x00,0x15,0x55,0x5e,0x55,0x55,0x47,
0xff,0xff,0xff,0xff,0xfd,0x15,0x55,0x7f,0x95,0x55,0x40,0x00,0x07,0x6c,0x00,0x00,0x00,0x00,0xf0,0xf0,0x00,0x00,0x00,0x3d,
0x07,0xd0,0x00,0x00,0x1f,0x40,0x1f,0x40,0x00,0x1b,0xd0,0x00,0x2f,0x40,0x6f,0xe0,0x00,0x00,0x7f,0x97,0x90,0x00,0x00,0x00,
0x6e,0x10,0x00,0x00,0x00,0x00,0x00,
/* U+829c */
0x00,0x0a,0x00,0x0a,0x00,0x00,0x00,0xe0,0x00,0xb0,0x00,0x6a,0xaf,0xaa,0xaf,0xaa,0x97,0xff,0xff,0xff,0xff,0xfd,0x00,0x0e,
0x00,0x0b,0x00,0x00,0x00,0xe0,0x00,0xb0,0x00,0x00,0x00,0x00,0x00,0x00,0x00,0xbf,0xff,0xff,0xff,0xf0,0x0a,0xaa,0xaf,0xaa,
0xaa,0x00,0x00,0x01,0xd0,0x00,0x00,0x00,0x00,0x1d,0x00,0x00,0x00,0x00,0x02,0xd0,0x00,0x00,0x2a,0xaa,0xbe,0xaa,0xaa,0x83,
0xff,0xff,0xff,0xff,0xfc,0x00,0x00,0x78,0xe0,0x00,0x00,0x00,0x0f,0x0e,0x00,0x00,0x00,0x02,0xe0,0xe0,0x00,0x00,0x00,0xb8,
0x0e,0x00,0x0e,0x00,0x2e,0x00,0xe0,0x00,0xe0,0x1f,0x80,0x0e,0x00,0x1d,0x1f,0xd0,0x00,0xba,0xab,0xc7,0xd0,0x00,0x06,0xff,
0xe4,0x10,0x00,0x00,0x00,0x00,0x00,
/* U+829d */
0x00,0x09,0x00,0x0a,0x00,0x00,0x00,0xe0,0x00,0xf0,0x00,0x15,0x5f,0x55,0x5f,0x55,0x47,0xff,0xff,0xff,0xff,0xfd,0x15,0x5e,
0x55,0x5f,0x55,0x40,0x00,0xe0,0x40,0xf0,0x00,0x00,0x0e,0x1e,0x0a,0x00,0x00,0x00,0x00,0xf0,0x00,0x00,0x01,0x55,0x5b,0x55,
0x54,0x00,0xbf,0xff,0xff,0xff,0xc0,0x05,0x55,0x55,0x55,0xf8,0x00,0x00,0x00,0x00,0x2e,0x00,0x00,0x00,0x00,0x0b,0xc0,0x00,
0x00,0x00,0x02,0xe0,0x00,0x00,0x00,0x01,0xb8,0x00,0x00,0x00,0x00,0xbe,0x00,0x00,0x00,0x00,0xbe,0x40,0x00,0x00,0x0a,0xbf,
0x40,0x00,0x00,0x07,0xff,0x40,0x00,0x00,0x00,0xf5,0xb9,0x00,0x00,0x00,0x2d,0x01,0xfe,0xaa,0xaa,0xa3,0x80,0x01,0xaf,0xff,
0xfe,
/* U+82a6 */
0x00,0x09,0x00,0x06,0x00,0x00,0x00,0xe0,0x00,0xb0,0x00,0x6a,0xaf,0xaa,0xaf,0xaa,0x9b,0xff,0xff,0xff,0xff,0xfe,0x00,0x0e,
0x00,0x0b,0x00,0x00,0x00,0xe0,0x50,0xb0,0x00,0x00,0x05,0x0b,0x05,0x00,0x00,0x15,0x55,0xb9,0x55,0x50,0x03,0xff,0xff,0xff,
0xff,0x00,0x38,0x00,0x00,0x00,0xf0,0x03,0x80,0x00,0x00,0x0b,0x00,0x38,0x00,0x00,0x00,0xb0,0x03,0x95,0x55,0x55,0x5f,0x00,
0x3f,0xff,0xff,0xff,0xf0,0x03,0x95,0x55,0x55,0x55,0x00,0x74,0x00,0x00,0x00,0x00,0x07,0x40,0x00,0x00,0x00,0x00,0xb0,0x00,
0x00,0x00,0x00,0x0f,0x00,0x00,0x00,0x00,0x02,0xd0,0x00,0x00,0x00,0x00,0x78,0x00,0x00,0x00,0x00,0x07,0x40,0x00,0x00,0x00,
0x00,0x10,0x00,0x00,0x00,0x00,0x00,
/* U+82ac */
0x00,0x09,0x00,0x05,0x00,0x00,0x00,0xe0,0x00,0xe0,0x00,0x6a,0xaf,0xaa,0xaf,0xaa,0x97,0xff,0xff,0xff,0xff,0xfd,0x00,0x0e,
0x00,0x0e,0x00,0x00,0x00,0x90,0x00,0x90,0x00,0x00,0x01,0x00,0x18,0x00,0x00,0x00,0x78,0x02,0xd0,0x00,0x00,0x1f,0x00,0x0f,
0x40,0x00,0x07,0xd0,0x00,0x7c,0x00,0x01,0xf4,0x00,0x01,0xf4,0x01,0xbd,0x00,0x00,0x07,0xd0,0xbe,0xaa,0xaa,0xaa,0xaf,0x97,
0x4f,0xff,0xff,0xfd,0x2e,0x00,0x00,0xb0,0x01,0xd0,0x40,0x00,0x1e,0x00,0x1d,0x00,0x00,0x02,0xd0,0x02,0xd0,0x00,0x00,0x78,
0x00,0x2c,0x00,0x00,0x1f,0x00,0x02,0xc0,0x00,0x0b,0x80,0x00,0x78,0x00,0x0b,0xe0,0x0a,0x6f,0x40,0x02,0xe4,0x00,0xff,0xe0,
0x00,0x04,0x00,0x00,0x00,0x00,0x00,
/* U+82ae */
0x00,0x0a,0x00,0x06,0x00,0x00,0x00,0xf0,0x00,0xb0,0x00,0x6a,0xaf,0xaa,0xaf,0xaa,0x97,0xff,0xff,0xff,0xff,0xfd,0x00,0x0f,
0x00,0x0b,0x00,0x00,0x00,0xf0,0x50,0xb0,0x00,0x00,0x05,0x0b,0x05,0x00,0x00,0x00,0x00,0xb0,0x00,0x00,0x0a,0xaa,0xaf,0xaa,
0xaa,0x00,0xff,0xff,0xff,0xff,0xf4,0x0e,0x00,0x0e,0x00,0x0b,0x40,0xe0,0x01,0xd0,0x00,0xb4,0x0e,0x00,0x2f,0x40,0x0b,0x40,
0xe0,0x07,0xbd,0x00,0xb4,0x0e,0x00,0xf0,0xb8,0x0b,0x40,0xe0,0x7d,0x02,0xe0,0xb4,0x0e,0x2f,0x40,0x07,0xcb,0x40,0xe7,0xd0,
0x00,0x18,0xb4,0x0e,0x10,0x00,0x00,0x0b,0x40,0xe0,0x00,0x00,0x00,0xb0,0x0e,0x00,0x00,0x05,0x5f,0x00,0xe0,0x00,0x00,0xff,
0xd0,0x05,0x00,0x00,0x01,0x50,0x00,
/* U+82b1 */
0x00,0x09,0x00,0x06,0x00,0x00,0x00,0xe0,0x00,0xb4,0x00,0x15,0x6e,0x55,0x5b,0x95,0x47,0xff,0xff,0xff,0xff,0xfd,0x15,0x5e,
0x55,0x5b,0x55,0x40,0x00,0xe0,0x00,0xb4,0x00,0x00,0x05,0x00,0x01,0x00,0x00,0x01,0xe0,0x1e,0x00,0x00,0x00,0x2d,0x01,0xe0,
0x02,0x40,0x07,0x80,0x1e,0x00,0xb8,0x00,0xf4,0x01,0xe0,0x2e,0x00,0x2f,0x00,0x1e,0x1f,0x80,0x0b,0xf0,0x01,0xeb,0xd0,0x02,
0xef,0x00,0x1f,0xe0,0x00,0xb8,0xf0,0x07,0xf4,0x00,0x0a,0x0f,0x0b,0xfe,0x00,0x00,0x00,0xf0,0xf5,0xe0,0x00,0x50,0x0f,0x00,
0x1e,0x00,0x0e,0x00,0xf0,0x01,0xe0,0x00,0xe0,0x0f,0x00,0x1e,0x00,0x1d,0x00,0xf0,0x00,0xfa,0xab,0xc0,0x0f,0x00,0x07,0xff,
0xf4,0x00,0x50,0x00,0x00,0x00,0x00,
/* U+82b7 */
0x00,0x0a,0x00,0x0a,0x00,0x00,0x00,0xf0,0x00,0xf0,0x00,0x55,0x5f,0x55,0x5f,0x55,0x5b,0xff,0xff,0xff,0xff,0xfe,0x15,0x5f,
0x55,0x5f,0x55,0x40,0x00,0xf0,0x00,0xf0,0x00,0x00,0x0a,0x01,0x4a,0x00,0x00,0x00,0x00,0x38,0x00,0x00,0x00,0x00,0x03,0x80,
0x00,0x00,0x05,0x00,0x38,0x00,0x00,0x00,0xf0,0x03,0x80,0x00,0x00,0x0f,0x00,0x39,0x55,0x50,0x00,0xf0,0x03,0xff,0xff,0x00,
0x0f,0x00,0x39,0x55,0x50,0x00,0xf0,0x03,0x80,0x00,0x00,0x0f,0x00,0x38,0x00,0x00,0x00,0xf0,0x03,0x80,0x00,0x00,0x0f,0x00,
0x38,0x00,0x00,0x00,0xf0,0x03,0x80,0x00,0x00,0x0f,0x00,0x78,0x00,0x00,0xbf,0xff,0xff,0xff,0xff,0xe6,0xaa,0xaa,0xaa,0xaa,
0xa9,
/* U+82cd */
0x00,0x09,0x00,0x06,0x00,0x00,0x00,0xf0,0x00,0xf0,0x00,0x6a,0xaf,0xaa,0xaf,0xaa,0x9b,0xff,0xff,0xff,0xff,0xfe,0x00,0x0f,
0x00,0x0f,0x00,0x00,0x00,0xf1,0xa0,0xf0,0x00,0x00,0x05,0x7f,0xc5,0x00,0x00,0x00,0x1f,0x5f,0x40,0x00,0x00,0x0b,0xc0,0x7d,
0x00,0x00,0x06,0xe0,0x00,0xbd,0x00,0x06,0xf4,0x00,0x01,0xf9,0x06,0xfe,0xaa,0xaa,0xa6,0xfd,0xb9,0x7f,0xff,0xff,0x42,0xd0,
0x07,0x40,0x00,0x74,0x00,0x00,0x74,0x00,0x07,0x40,0x00,0x07,0x40,0x00,0x74,0x00,0x00,0x74,0x02,0xaf,0x00,0x00,0x07,0x40,
0x2f,0xe0,0x60,0x00,0x74,0x00,0x00,0x0b,0x00,0x07,0x40,0x00,0x00,0xb0,0x00,0x3e,0x55,0x55,0xae,0x00,0x02,0xff,0xff,0xff,
0x80,
/* U+82cf */
0x00,0x09,0x00,0x05,0x00,0x00,0x00,0xe0,0x00,0xe0,0x00,0x00,0x0e,0x00,0x0e,0x00,0x07,0xff,0xff,0xff,0xff,0xfd,0x6a,0xaf,
0xaa,0xaf,0xaa,0x90,0x00,0xe0,0x00,0xe0,0x00,0x00,0x0a,0x14,0x0a,0x00,0x00,0x00,0x03,0x80,0x00,0x00,0x01,0x55,0x7d,0x55,
0x40,0x00,0xbf,0xff,0xff,0xfd,0x00,0x05,0x55,0xb9,0x56,0xd0,0x00,0x00,0x07,0x80,0x1d,0x00,0x01,0x40,0x74,0x01,0xd8,0x00,
0x38,0x0b,0x40,0x1d,0xe0,0x0b,0x40,0xf0,0x02,0xdb,0x41,0xe0,0x1e,0x00,0x2c,0x3c,0x7d,0x02,0xd0,0x02,0xc1,0xd7,0x40,0xb8,
0x00,0x3c,0x0b,0x00,0x2f,0x00,0x03,0x80,0x50,0x1b,0xc0,0x00,0xb4,0x00,0x0b,0xe0,0x0a,0xbf,0x00,0x01,0xf4,0x00,0xff,0x90,
0x00,0x04,0x00,0x00,0x00,0x00,0x00,
/* U+82d1 */
0x00,0x06,0x00,0x09,0x00,0x00,0x00,0xb0,0x00,0xe0,0x00,0x55,0x5f,0x55,0x5f,0x55,0x5b,0xff,0xff,0xff,0xff,0xfe,0x15,0x5b,
0x55,0x5e,0x55,0x40,0x00,0xb0,0x00,0xe0,0x00,0x00,0xb5,0x00,0x05,0x00,0x00,0x0e,0x00,0x00,0x00,0x00,0x01,0xfa,0xa8,0xff,
0xff,0x00,0x3f,0xff,0xcf,0xaa,0xf0,0x07,0x80,0x38,0xe0,0x0b,0x01,0xf0,0x07,0x4e,0x00,0xb0,0x3d,0x00,0xb0,0xe0,0x0b,0x0b,
0x5e,0x0f,0x0e,0x00,0xb0,0x10,0xbe,0xd0,0xe1,0xae,0x00,0x01,0xfc,0x0e,0x1f,0x90,0x00,0x0b,0x40,0xe0,0x00,0x00,0x01,0xe0,
0x0e,0x00,0x0e,0x00,0x7c,0x00,0xe0,0x00,0xe0,0x2f,0x00,0x0e,0x00,0x1d,0x1f,0xc0,0x00,0xba,0xab,0xd2,0xe0,0x00,0x06,0xff,
0xf8,0x04,0x00,0x00,0x00,0x00,0x00,
/* U+82e5 */
0x00,0x09,0x00,0x05,0x00,0x00,0x00,0xe0,0x00,0xb0,0x00,0x15,0x5e,0x55,0x5f,0x55,0x47,0xff,0xff,0xff,0xff,0xfd,0x15,0x5e,
0x55,0x5f,0x55,0x40,0x00,0xe0,0x00,0xb0,0x00,0x00,0x09,0x2c,0x05,0x00,0x00,0x00,0x07,0x80,0x00,0x00,0x15,0x55,0xb5,0x55,
0x55,0x4b,0xff,0xff,0xff,0xff,0xfe,0x15,0x57,0xd5,0x55,0x55,0x40,0x00,0xb4,0x00,0x00,0x00,0x00,0x2e,0x00,0x00,0x00,0x00,
0x0b,0xea,0xaa,0xaa,0x80,0x07,0xff,0xff,0xff,0xfc,0x06,0xf5,0xc0,0x00,0x02,0xc0,0xf8,0x1c,0x00,0x00,0x2c,0x05,0x01,0xc0,
0x00,0x02,0xc0,0x00,0x1c,0x00,0x00,0x2c,0x00,0x01,0xea,0xaa,0xab,0xc0,0x00,0x1e,0xaa,0xaa,0xbc,0x00,0x01,0xc0,0x00,0x02,
0xc0,0x00,0x04,0x00,0x00,0x00,0x00,
/* U+82f1 */
0x00,0x0a,0x00,0x0a,0x00,0x00,0x00,0xf0,0x00,0xf0,0x00,0x55,0x5f,0x55,0x5f,0x55,0x5b,0xff,0xff,0xff,0xff,0xfe,0x00,0x0f,
0x00,0x0f,0x00,0x00,0x00,0xf0,0x50,0xf0,0x00,0x00,0x05,0x0f,0x05,0x00,0x00,0x00,0x00,0xf0,0x00,0x00,0x02,0xff,0xff,0xff,
0xf8,0x00,0x2e,0xaa,0xfa,0xab,0x80,0x02,0xc0,0x0f,0x00,0x38,0x00,0x2c,0x00,0xe0,0x03,0x80,0x02,0xc0,0x1e,0x00,0x38,0x00,
0x2c,0x01,0xe0,0x03,0x80,0xbf,0xff,0xff,0xff,0xff,0xe6,0xaa,0xab,0xee,0xaa,0xa9,0x00,0x00,0xb4,0xe0,0x00,0x00,0x00,0x1e,
0x07,0x80,0x00,0x00,0x0b,0x80,0x1e,0x40,0x00,0x07,0xe0,0x00,0x7e,0x40,0x1b,0xf4,0x00,0x00,0xbe,0x47,0xe4,0x00,0x00,0x01,
0xbe,0x10,0x00,0x00,0x00,0x00,0x40,
/* U+8302 */
0x00,0x09,0x00,0x05,0x00,0x00,0x00,0xe0,0x00,0xf0,0x00,0x6a,0xaf,0xaa,0xaf,0xaa,0x97,0xff,0xff,0xff,0xff,0xfd,0x00,0x0e,
0x00,0x0f,0x00,0x00,0x00,0xe0,0x24,0xf2,0x40,0x00,0x00,0x07,0x40,0x2d,0x00,0x00,0x00,0x78,0x00,0xb0,0x02,0xaa,0xab,0xaa,
0xaa,0x40,0x7f,0xff,0xff,0xff,0xfc,0x07,0x80,0x03,0x80,0x00,0x00,0x74,0x00,0x3c,0x00,0x40,0x07,0x40,0x02,0xc0,0x2d,0x00,
0x74,0x00,0x1d,0x0b,0x80,0x0b,0x40,0x01,0xe2,0xf0,0x00,0xb0,0x00,0x0f,0x7d,0x00,0x0f,0x00,0x00,0xbf,0x00,0x00,0xe0,0x00,
0x1b,0xc0,0x09,0x2d,0x00,0x0b,0xed,0x01,0xe7,0xc0,0x1b,0xe0,0xb4,0x2c,0xb4,0x0f,0xe0,0x03,0xeb,0x8a,0x00,0x50,0x00,0x0b,
0xe0,0x00,0x00,0x00,0x00,0x04,0x00,
/* U+8303 */
0x00,0x0a,0x00,0x0a,0x00,0x00,0x00,0xf0,0x00,0xf0,0x00,0x55,0x5f,0x55,0x5f,0x55,0x5b,0xff,0xff,0xff,0xff,0xfe,0x00,0x0f,
0x00,0x0f,0x00,0x00,0x00,0xf0,0x00,0xf0,0x00,0x02,0x05,0x00,0x05,0x00,0x00,0x7d,0x02,0xaa,0xaa,0x90,0x01,0xf4,0x3e,0xaa,
0xbd,0x00,0x02,0xc3,0xc0,0x01,0xd0,0x14,0x04,0x3c,0x00,0x1d,0x02,0xe0,0x03,0xc0,0x01,0xd0,0x0b,0x80,0x3c,0x00,0x1d,0x00,
0x1e,0x03,0xc0,0x01,0xd0,0x00,0x40,0x3c,0x0b,0xfd,0x00,0x01,0x03,0xc0,0x6a,0x40,0x00,0xb0,0x3c,0x00,0x00,0x40,0x1e,0x03,
0xc0,0x00,0x1d,0x02,0xd0,0x3c,0x00,0x02,0xd0,0x78,0x03,0xc0,0x00,0x2c,0x0f,0x00,0x2f,0xaa,0xaf,0x82,0xd0,0x01,0xbf,0xff,
0xe4,0x04,0x00,0x00,0x00,0x00,0x00,
/* U+8304 */
0x00,0x05,0x00,0x05,0x00,0x00,0x00,0xf0,0x00,0xf0,0x00,0x55,0x5f,0x55,0x5f,0x55,0x5b,0xff,0xff,0xff,0xff,0xfe,0x15,0x5f,
0x55,0x5f,0x55,0x40,0x00,0xe0,0x00,0xf0,0x00,0x00,0xb0,0x00,0x05,0x00,0x00,0x0b,0x00,0x00,0x00,0x00,0x00,0xb0,0x00,0x7f,
0xff,0x83,0xff,0xff,0xc7,0xaa,0xb8,0x15,0xf5,0x7c,0x74,0x03,0x80,0x0e,0x03,0xc7,0x40,0x38,0x00,0xe0,0x38,0x74,0x03,0x80,
0x0e,0x03,0x87,0x40,0x38,0x01,0xd0,0x38,0x74,0x03,0x80,0x2d,0x03,0x87,0x40,0x38,0x03,0xc0,0x38,0x74,0x03,0x80,0x78,0x03,
0x87,0x40,0x38,0x0b,0x00,0x74,0x74,0x07,0x81,0xe0,0x0b,0x47,0xff,0xf8,0x7c,0x16,0xf0,0x7a,0xab,0x8b,0x42,0xfd,0x07,0x40,
0x38,0x10,0x00,0x00,0x00,0x00,0x00,
/* U+8305 */
0x00,0x09,0x00,0x06,0x00,0x00,0x00,0xe0,0x00,0xb0,0x00,0x6a,0xaf,0xaa,0xaf,0xaa,0x96,0xaa,0xfa,0xaa,0xfa,0xa9,0x00,0x0e,
0x00,0x0b,0x00,0x00,0x00,0x50,0x00,0x50,0x00,0x02,0xaa,0xaa,0xaa,0xa0,0x00,0x2a,0xaa,0xaa,0xbe,0x00,0x00,0x01,0x00,0x07,
0x80,0x00,0x00,0xb9,0x02,0xd0,0x00,0x00,0x01,0xf5,0xf4,0x00,0x01,0x55,0x56,0xfd,0x55,0x54,0x7f,0xff,0xff,0xff,0xff,0xc1,
0x55,0x57,0xbd,0x55,0xb8,0x00,0x00,0xf3,0x80,0x1e,0x00,0x00,0x7d,0x38,0x07,0x80,0x00,0x1f,0x43,0x81,0xf0,0x00,0x1b,0xd0,
0x38,0x18,0x00,0x1b,0xe0,0x03,0x80,0x00,0x07,0xe4,0x00,0x38,0x00,0x00,0x24,0x01,0x07,0x80,0x00,0x00,0x00,0x3f,0xf4,0x00,
0x00,0x00,0x01,0x54,0x00,0x00,0x00,
/* U+830c */
0x00,0x09,0x00,0x06,0x00,0x00,0x00,0xe0,0x00,0xb4,0x00,0x6a,0xaf,0xaa,0xab,0xaa,0x97,0xff,0xff,0xff,0xff,0xfd,0x00,0x0e,
0x00,0x0b,0x40,0x00,0x00,0xd0,0x00,0x74,0x00,0x00,0x10,0x00,0x00,0x00,0x00,0x07,0x80,0x01,0xd0,0x00,0x00,0xb4,0x00,0x1d,
0x00,0x00,0x1e,0x00,0x01,0xd0,0x00,0x02,0xd0,0x00,0x1d,0x00,0x00,0xbd,0x2a,0xab,0xea,0xa9,0x1f,0xd3,0xff,0xff,0xff,0xe7,
0xdd,0x00,0x01,0xd0,0x00,0xb1,0xd0,0x00,0x1d,0x00,0x05,0x1d,0x00,0x01,0xd0,0x00,0x01,0xd0,0x00,0x1d,0x00,0x00,0x1d,0x00,
0x01,0xd0,0x00,0x01,0xd0,0x00,0x1d,0x00,0x00,0x1d,0x00,0x01,0xd0,0x00,0x01,0xd1,0xff,0xff,0xff,0xc0,0x1d,0x0a,0xaa,0xaa,
0xa8,0x00,0x40,0x00,0x00,0x00,0x00,
/* U+832b */
0x00,0x05,0x00,0x05,0x00,0x00,0x00,0xe0,0x00,0xb0,0x00,0x6a,0xaf,0xaa,0xaf,0xaa,0x97,0xff,0xff,0xff,0xff,0xfd,0x00,0x0e,
0x00,0x0b,0x00,0x00,0x00,0xe0,0x00,0xb0,0x00,0x34,0x00,0x00,0x18,0x00,0x06,0xf4,0x00,0x02,0xd0,0x00,0x07,0xd0,0x00,0x1e,
0x00,0x00,0x04,0xaa,0xaa,0xfa,0xaa,0x00,0x0b,0xff,0xff,0xff,0xeb,0x40,0x03,0x80,0x00,0x00,0x7e,0x40,0x38,0x00,0x00,0x00,
0x7c,0x03,0x80,0x00,0x00,0x00,0x40,0x38,0x00,0x00,0x00,0x01,0x03,0x80,0x00,0x00,0x00,0x78,0x38,0x00,0x00,0x00,0x1f,0x03,
0x80,0x00,0x00,0x03,0xd0,0x38,0x00,0x00,0x00,0xf4,0x03,0x80,0x00,0x00,0x3d,0x00,0x3f,0xff,0xff,0xc7,0x40,0x02,0xaa,0xaa,
0xa8,
/* U+8336 */
0x00,0x09,0x00,0x06,0x00,0x00,0x00,0xe0,0x00,0xb4,0x00,0x6a,0xaf,0xaa,0xaf,0xaa,0x97,0xff,0xff,0xff,0xff,0xfd,0x00,0x0e,
0x00,0x0b,0x40,0x00,0x00,0xe0,0xa0,0xb4,0x00,0x00,0x00,0x7f,0x80,0x00,0x00,0x00,0x1f,0x5f,0x40,0x00,0x00,0x0b,0x80,0x7e,
0x00,0x00,0x0b,0xe0,0x00,0xbd,0x00,0x0b,0xf4,0x0a,0x01,0xfe,0x0b,0xe4,0x00,0xf0,0x01,0xfe,0x64,0x00,0x0f,0x00,0x01,0x90,
0x1f,0xff,0xff,0xff,0x00,0x00,0xaa,0xaf,0xaa,0xa0,0x00,0x00,0x00,0xf0,0x00,0x00,0x00,0x1e,0x0f,0x0a,0x00,0x00,0x07,0xd0,
0xf0,0x7d,0x00,0x06,0xf4,0x0f,0x00,0xb8,0x03,0xf8,0x00,0xf0,0x01,0xf4,0x28,0x01,0x1e,0x00,0x07,0x80,0x00,0x2f,0xd0,0x00,
0x00,0x00,0x01,0x50,0x00,0x00,0x00,
/* U+8346 */
0x01,0x80,0x24,0x00,0x01,0x40,0xb0,0x1d,0x00,0x00,0xf6,0xae,0xab,0xa9,0x14,0x3e,0xff,0xff,0xff,0x8e,0x0f,0x02,0xd0,0x78,
0x03,0x83,0xc0,0xb0,0x1d,0x00,0xe0,0xf0,0x00,0x00,0x00,0x38,0x3c,0xaa,0xaa,0xaa,0x0e,0x0f,0x2b,0xfa,0xfe,0x83,0x83,0xc0,
0x74,0x0e,0x00,0xe0,0xf0,0x1d,0x03,0x80,0x38,0x3c,0x07,0x40,0xe0,0x0e,0x0f,0x01,0xd0,0x38,0x03,0x83,0xef,0xff,0xff,0xf8,
0xe0,0xf6,0xae,0xab,0xe9,0x38,0x3c,0x0b,0x00,0xe0,0x0e,0x0f,0x03,0xc0,0x38,0x03,0x83,0xc0,0xe0,0x0e,0x00,0x40,0xf0,0x74,
0x03,0x80,0x00,0x3c,0x7c,0x00,0xe0,0x00,0x0f,0x3d,0x00,0x38,0x05,0x5b,0x9d,0x00,0x0e,0x01,0xff,0xd1,0x00,0x01,0x00,0x15,
0x40,
/* U+8349 */
0x00,0x09,0x00,0x06,0x00,0x00,0x00,0xe0,0x00,0xb0,0x00,0x6a,0xaf,0xaa,0xaf,0xaa,0x96,0xaa,0xfa,0xaa,0xfa,0xa9,0x00,0x0e,
0x00,0x0b,0x00,0x00,0x00,0xa0,0x00,0xa0,0x00,0x01,0xaa,0xaa,0xaa,0xa4,0x00,0x2e,0xaa,0xaa,0xab,0x80,0x02,0xc0,0x00,0x00,
0x38,0x00,0x2d,0x00,0x00,0x07,0x80,0x02,0xff,0xff,0xff,0xf8,0x00,0x2d,0x55,0x55,0x57,0x80,0x02,0xc0,0x00,0x00,0x38,0x00,
0x2e,0x55,0x55,0x5b,0x80,0x02,0xff,0xff,0xff,0xf8,0x00,0x00,0x00,0xe0,0x00,0x00,0x00,0x00,0x0e,0x00,0x00,0x0b,0xff,0xff,
0xff,0xff,0xfd,0x6a,0xaa,0xaf,0xaa,0xaa,0x90,0x00,0x00,0xe0,0x00,0x00,0x00,0x00,0x0e,0x00,0x00,0x00,0x00,0x00,0xe0,0x00,
0x00,0x00,0x00,0x05,0x00,0x00,0x00,
/* U+8354 */
0x00,0x0a,0x00,0x06,0x00,0x00,0x00,0xb0,0x00,0xb0,0x00,0x7f,0xff,0xff,0xff,0xff,0xd1,0x55,0xf5,0x55,0xb9,0x55,0x00,0x0b,
0x01,0x0b,0x00,0x00,0x00,0x10,0xb0,0x10,0x00,0x01,0x55,0x5b,0x55,0x54,0x00,0x3f,0xff,0xff,0xff,0xd0,0x00,0x00,0x2d,0x00,
0x1d,0x00,0x00,0x0b,0x80,0x01,0xc0,0x00,0x6b,0xd0,0x15,0x7c,0x00,0xbf,0x90,0x03,0xfe,0x40,0x01,0x40,0x00,0x01,0x00,0x00,
0x0b,0x00,0x00,0x74,0x00,0x15,0xb5,0x50,0x5b,0x55,0x43,0xff,0xff,0x9f,0xff,0xfd,0x15,0xe5,0x78,0x5b,0x56,0xc0,0x2c,0x03,
0x80,0xe0,0x1c,0x03,0x80,0x34,0x2c,0x02,0xc0,0xb4,0x07,0x47,0x80,0x2c,0x7d,0x15,0xf2,0xe0,0x5b,0x8b,0x41,0xfd,0x28,0x0b,
0xe0,
/* U+8363 */
0x00,0x05,0x00,0x05,0x00,0x00,0x00,0xb0,0x00,0xf0,0x00,0x15,0x5f,0x55,0x5f,0x55,0x47,0xff,0xff,0xff,0xff,0xfd,0x15,0x5f,
0x55,0x5f,0x55,0x40,0x00,0xb0,0x00,0xf0,0x00,0x00,0x00,0x00,0x00,0x00,0x02,0xaa,0xaa,0xaa,0xaa,0xa8,0x2e,0xaa,0xaa,0xaa,
0xab,0x82,0xc0,0x00,0x00,0x00,0x38,0x2c,0x00,0x0f,0x00,0x03,0x81,0x40,0x00,0xf0,0x00,0x14,0x1a,0xaa,0xaf,0xaa,0xaa,0x41,
0xff,0xff,0xff,0xff,0xf4,0x00,0x00,0xaf,0xb0,0x00,0x00,0x00,0x2c,0xf3,0x80,0x00,0x00,0x0b,0x4f,0x1e,0x00,0x00,0x07,0xd0,
0xf0,0x7d,0x00,0x02,0xf4,0x0f,0x00,0xf8,0x01,0xf8,0x00,0xf0,0x02,0xf4,0xb9,0x00,0x0f,0x00,0x07,0xe5,0x00,0x00,0xf0,0x00,
0x08,0x00,0x00,0x05,0x00,0x00,0x00,
/* U+8365 */
0x00,0x05,0x00,0x05,0x00,0x00,0x00,0xf0,0x00,0xb0,0x00,0x55,0x5f,0x55,0x5f,0x55,0x57,0xff,0xff,0xff,0xff,0xfd,0x15,0x5f,
0x55,0x5f,0x55,0x40,0x00,0xf0,0x00,0xb0,0x00,0x00,0x05,0x00,0x05,0x00,0x02,0xff,0xff,0xff,0xff,0xf8,0x3e,0xaa,0xaa,0xaa,
0xab,0xc3,0x80,0x00,0x10,0x00,0x2c,0x38,0x00,0x0b,0x00,0x02,0xc1,0x40,0x00,0xb0,0x00,0x54,0x15,0x55,0x4b,0x40,0x7d,0x02,
0xff,0xf8,0xbc,0x1f,0x40,0x05,0x5b,0x4b,0xeb,0x80,0x00,0x00,0xf0,0xb7,0xe0,0x00,0x00,0x2d,0x0b,0x2e,0x00,0x00,0x0b,0x80,
0xb0,0x7d,0x00,0x07,0xe0,0x0b,0x01,0xf8,0x02,0xf8,0x00,0xb0,0x02,0xf8,0x7d,0x01,0x5f,0x00,0x06,0xd1,0x00,0x3f,0xe0,0x00,
0x04,0x00,0x01,0x50,0x00,0x00,0x00,
/* U+836b */
0x00,0x0a,0x00,0x06,0x00,0x00,0x00,0xf0,0x00,0xf0,0x00,0x7f,0xff,0xff,0xff,0xff,0xd6,0xaa,0xfa,0xaa,0xfa,0xa9,0x00,0x0f,
0x00,0x0f,0x00,0x00,0x00,0x50,0x00,0x50,0x00,0x1a,0xaa,0x81,0xaa,0xaa,0x41,0xff,0xfc,0x2f,0xff,0xf4,0x1d,0x03,0x82,0xc0,
0x07,0x41,0xd0,0x74,0x2c,0x00,0x74,0x1d,0x0e,0x02,0xd5,0x5b,0x41,0xd1,0xd0,0x2f,0xff,0xf4,0x1d,0x2d,0x02,0xd5,0x5b,0x41,
0xd0,0xb0,0x2c,0x00,0x74,0x1d,0x03,0x82,0xc0,0x07,0x41,0xd0,0x2c,0x3f,0xff,0xf4,0x1d,0x02,0xc7,0xea,0xab,0x41,0xd5,0xb8,
0x74,0x00,0x74,0x1d,0x7e,0x4f,0x00,0x07,0x41,0xd1,0x02,0xe0,0x00,0x74,0x1d,0x00,0x7c,0x01,0x5f,0x01,0xd0,0x07,0x40,0x2f,
0xe0,0x04,0x00,0x10,0x00,0x00,0x00,
/* U+8377 */
0x00,0x09,0x00,0x06,0x00,0x00,0x00,0xe0,0x00,0x70,0x00,0x6a,0xaf,0xaa,0xaf,0xaa,0x96,0xab,0xfa,0xaa,0xfe,0xa9,0x00,0x0e,
0x00,0x07,0x00,0x00,0x05,0x90,0x00,0x70,0x00,0x00,0xf0,0x00,0x00,0x00,0x00,0x1e,0x3f,0xff,0xff,0xfd,0x03,0xc2,0xaa,0xaa,
0xbf,0x90,0x7c,0x00,0x00,0x01,0xd0,0x1f,0xc0,0x00,0x00,0x1d,0x03,0xfc,0x1a,0xaa,0x81,0xd0,0xb7,0xc1,0xfa,0xbc,0x1d,0x0a,
0x3c,0x1d,0x02,0xc1,0xd0,0x43,0xc1,0xd0,0x2c,0x1d,0x00,0x3c,0x1d,0x02,0xc1,0xd0,0x03,0xc1,0xea,0xbc,0x1d,0x00,0x3c,0x1f,
0xff,0xc1,0xd0,0x03,0xc0,0x00,0x00,0x1d,0x00,0x3c,0x00,0x00,0x01,0xd0,0x03,0xc0,0x00,0x15,0x6c,0x00,0x3c,0x00,0x03,0xff,
0x80,0x01,0x40,0x00,0x05,0x40,0x00,
/* U+8386 */
0x00,0x09,0x00,0x06,0x00,0x00,0x00,0xe0,0x00,0xb0,0x00,0xbf,0xff,0xff,0xff,0xff,0xe5,0x55,0xe5,0x55,0xb5,0x55,0x00,0x0e,
0x05,0x0b,0x00,0x00,0x00,0x40,0xf0,0x07,0x40,0x2a,0xaa,0xaf,0xaa,0xbe,0x83,0xff,0xff,0xff,0xff,0xfc,0x00,0x00,0x0f,0x00,
0x00,0x00,0x15,0x55,0xf5,0x55,0x40,0x07,0xff,0xff,0xff,0xfd,0x00,0x79,0x55,0xf5,0x56,0xd0,0x07,0x40,0x0f,0x00,0x1d,0x00,
0x7a,0xaa,0xfa,0xaa,0xd0,0x07,0xaa,0xaf,0xaa,0xad,0x00,0x74,0x00,0xf0,0x01,0xd0,0x07,0x95,0x5f,0x55,0x6d,0x00,0x7f,0xff,
0xff,0xff,0xd0,0x07,0x40,0x0f,0x00,0x1d,0x00,0x74,0x00,0xf0,0x01,0xd0,0x07,0x40,0x0f,0x01,0x6d,0x00,0x74,0x00,0xf0,0x3f,
0xc0,0x01,0x00,0x05,0x01,0x50,0x00,
/* U+838e */
0x00,0x09,0x00,0x0a,0x00,0x00,0x00,0xe0,0x00,0xf0,0x00,0x6a,0xaf,0xaa,0xaf,0xaa,0x96,0xaa,0xfa,0xaa,0xfa,0xa9,0x00,0x0e,
0x00,0x0f,0x00,0x00,0x40,0xa0,0x00,0xa0,0x00,0x1e,0x00,0x00,0x24,0x00,0x00,0xbd,0x01,0x03,0x87,0x40,0x01,0xf4,0x38,0x38,
0x3c,0x00,0x01,0x07,0x43,0x81,0xe0,0xb4,0x00,0xb0,0x38,0x0b,0x42,0xe0,0x0e,0x03,0x80,0x3c,0x0b,0xc2,0xd0,0x38,0x01,0xe0,
0x18,0x3c,0x03,0x80,0x44,0x00,0x0b,0x40,0x38,0x1e,0x00,0x18,0x60,0x02,0x83,0xc0,0x02,0xc0,0x00,0x00,0xb4,0x00,0x78,0x00,
0x00,0x3e,0x00,0x0b,0x00,0x00,0x1f,0x40,0x00,0xe0,0x00,0x6f,0xd0,0x00,0x2d,0x05,0xbf,0x90,0x00,0x03,0x80,0xfe,0x90,0x00,
0x00,0x14,0x05,0x00,0x00,0x00,0x00,
/* U+8392 */
0x00,0x09,0x00,0x06,0x00,0x00,0x00,0xf0,0x00,0xf0,0x00,0x6a,0xaf,0xaa,0xaf,0xaa,0x96,0xaa,0xfa,0xaa,0xfa,0xa9,0x00,0x0f,
0x00,0x0f,0x00,0x00,0x00,0x50,0x00,0x50,0x00,0x00,0xaa,0xaa,0xaa,0xa0,0x00,0x0f,0xff,0xff,0xff,0x00,0x00,0xe0,0x00,0x00,
0xb0,0x00,0x0e,0x00,0x00,0x0b,0x00,0x00,0xe0,0x00,0x00,0xb0,0x00,0x0f,0xff,0xff,0xff,0x00,0x00,0x55,0x55,0x55,0x50,0x00,
0x00,0x00,0x00,0x00,0x00,0x06,0xaa,0xaa,0xaa,0xaa,0x00,0xbf,0xff,0xff,0xff,0xe0,0x0b,0x00,0x00,0x00,0x0e,0x00,0xb0,0x00,
0x00,0x00,0xe0,0x0b,0x00,0x00,0x00,0x0e,0x00,0xb5,0x55,0x55,0x55,0xe0,0x0b,0xff,0xff,0xff,0xfe,0x00,0xb5,0x55,0x55,0x55,
0xe0,0x05,0x00,0x00,0x00,0x05,0x00,
/* U+8398 */
0x00,0x09,0x00,0x05,0x00,0x00,0x00,0xf0,0x00,0xe0,0x00,0x6a,0xaf,0xaa,0xaf,0xaa,0x96,0xaa,0xfa,0xaa,0xfa,0xa9,0x00,0x0f,
0x04,0x0e,0x00,0x00,0x00,0x51,0xd0,0x50,0x00,0x05,0x55,0x5f,0x55,0x55,0x01,0xff,0xff,0xff,0xff,0xf4,0x05,0x55,0x55,0x55,
0x55,0x00,0x02,0x80,0x00,0x38,0x00,0x00,0x2d,0x00,0x07,0x40,0x00,0x00,0xe0,0x00,0xf0,0x00,0x6a,0xaf,0xea,0xbf,0xaa,0x96,
0xaa,0xaa,0xfa,0xaa,0xa9,0x00,0x00,0x0f,0x00,0x00,0x00,0x00,0x00,0xf0,0x00,0x00,0x0a,0xaa,0xaf,0xaa,0xaa,0x40,0xff,0xff,
0xff,0xff,0xf4,0x00,0x00,0x0f,0x00,0x00,0x00,0x00,0x00,0xf0,0x00,0x00,0x00,0x00,0x0f,0x00,0x00,0x00,0x00,0x00,0xf0,0x00,
0x00,0x00,0x00,0x05,0x00,0x00,0x00,
/* U+839e */
0x00,0x0a,0x00,0x0a,0x00,0x00,0x00,0xe0,0x00,0xb0,0x00,0x6a,0xaf,0xaa,0xaf,0xaa,0x96,0xaa,0xfa,0xaa,0xfa,0xa9,0x00,0x0e,
0x00,0x0b,0x00,0x00,0x00,0xa0,0xe0,0xa0,0x00,0x00,0x00,0x0b,0x00,0x00,0x02,0xff,0xff,0xff,0xff,0xf8,0x2e,0xaa,0xaa,0xaa,
0xab,0xc2,0xc0,0x00,0x00,0x00,0x2c,0x2c,0x15,0x55,0x55,0x52,0xc2,0x87,0xff,0xff,0xfd,0x28,0x00,0x00,0x00,0x00,0x00,0x00,
0x00,0x00,0x00,0x00,0x00,0x1f,0xff,0xff,0xff,0xff,0x41,0xaa,0xbf,0xab,0xea,0xa4,0x00,0x02,0xc0,0x74,0x00,0x00,0x00,0x78,
0x07,0x40,0x04,0x00,0x0f,0x40,0x74,0x00,0xe0,0x07,0xe0,0x07,0x40,0x1d,0x1b,0xf4,0x00,0x3e,0xab,0xc2,0xf8,0x00,0x02,0xff,
0xf4,0x04,0x00,0x00,0x00,0x00,0x00,
/* U+83ab */
0x00,0x05,0x00,0x05,0x00,0x00,0x00,0xb0,0x00,0xf0,0x00,0x6a,0xaf,0xaa,0xaf,0xaa,0x97,0xff,0xff,0xff,0xff,0xfd,0x00,0x0b,
0x00,0x0f,0x00,0x00,0x00,0x50,0x00,0x50,0x00,0x02,0xff,0xff,0xff,0xf8,0x00,0x3e,0xaa,0xaa,0xab,0x80,0x03,0x80,0x00,0x00,
0x38,0x00,0x3e,0xaa,0xaa,0xab,0x80,0x03,0xea,0xaa,0xaa,0xb8,0x00,0x38,0x00,0x00,0x03,0x80,0x03,0xea,0xaa,0xaa,0xb8,0x00,
0x2f,0xff,0xff,0xff,0x80,0x00,0x00,0x0e,0x00,0x00,0x05,0x55,0x56,0xe5,0x55,0x55,0x7f,0xff,0xff,0xff,0xff,0xe1,0x55,0x5f,
0x6e,0x55,0x54,0x00,0x07,0xd0,0x7d,0x00,0x00,0x06,0xf4,0x01,0xf9,0x00,0x5b,0xf9,0x00,0x01,0xff,0x9b,0xe4,0x00,0x00,0x01,
0xbe,0x50,0x00,0x00,0x00,0x00,0x40,
/* U+83b1 */
0x00,0x09,0x00,0x06,0x00,0x00,0x00,0xf0,0x00,0xf0,0x00,0x6a,0xaf,0xaa,0xaf,0xaa,0x9a,0xaa,0xfa,0xaa,0xfa,0xaa,0x00,0x0f,
0x00,0x0f,0x00,0x00,0x00,0xa0,0xa0,0xa0,0x00,0x00,0x00,0x0f,0x00,0x00,0x01,0xaa,0xaa,0xfa,0xaa,0xa4,0x1f,0xff,0xff,0xff,
0xff,0x40,0x04,0x00,0xf0,0x05,0x00,0x00,0xe0,0x0f,0x00,0xf0,0x00,0x07,0x80,0xf0,0x2d,0x00,0x00,0x2c,0x0f,0x03,0x80,0x06,
0xaa,0xea,0xfa,0xfa,0xa9,0x7f,0xff,0xff,0xff,0xff,0xd0,0x00,0x1d,0xf7,0x40,0x00,0x00,0x07,0x8f,0x2d,0x00,0x00,0x02,0xe0,
0xf0,0xb8,0x00,0x01,0xf8,0x0f,0x01,0xf4,0x01,0xfd,0x00,0xf0,0x02,0xf4,0xfd,0x00,0x0f,0x00,0x07,0xf5,0x00,0x00,0xf0,0x00,
0x09,0x00,0x00,0x05,0x00,0x00,0x00,
/* U+83b2 */
0x00,0x0a,0x00,0x06,0x00,0x00,0x00,0xf0,0x00,0xf0,0x00,0x6a,0xaf,0xaa,0xaf,0xaa,0x96,0xaa,0xfa,0xaa,0xfa,0xa9,0x00,0x0f,
0x00,0x0f,0x00,0x00,0x00,0x50,0x28,0x50,0x00,0x1d,0x00,0x03,0x80,0x00,0x00,0xb8,0x2f,0xff,0xff,0xf8,0x02,0xe1,0xaf,0xaa,
0xaa,0x40,0x09,0x02,0xc1,0x40,0x00,0x00,0x00,0xb4,0x2c,0x00,0x01,0x54,0x1f,0x96,0xe5,0x50,0x3f,0xd0,0xff,0xff,0xff,0x01,
0x5d,0x00,0x02,0xc0,0x00,0x01,0xd0,0x00,0x2c,0x00,0x00,0x1d,0x2f,0xff,0xff,0xfd,0x01,0xd2,0xaa,0xae,0xaa,0x80,0x1d,0x00,
0x02,0xc0,0x00,0x02,0xe0,0x00,0x2c,0x00,0x00,0xbf,0x90,0x01,0x40,0x00,0x2e,0x1f,0xea,0xaa,0xaa,0xa3,0x80,0x1b,0xff,0xff,
0xfe,
/* U+83b7 */
0x00,0x0a,0x00,0x0a,0x00,0x00,0x00,0xf0,0x00,0xf0,0x00,0x6a,0xaf,0xaa,0xaf,0xaa,0x96,0xaa,0xfa,0xaa,0xfa,0xa9,0x00,0x0f,
0x00,0x0f,0x00,0x00,0x00,0x90,0x00,0x60,0x00,0x08,0x06,0x00,0x0a,0x28,0x01,0xf0,0xf4,0x00,0xe1,0xe0,0x07,0xfd,0x00,0x0e,
0x07,0x80,0x1f,0x40,0x00,0xe0,0x10,0x0b,0xf4,0x2a,0xaf,0xaa,0x87,0xe3,0x83,0xff,0xff,0xfd,0x64,0x2c,0x00,0x1f,0x00,0x00,
0x02,0xd0,0x01,0xf8,0x00,0x00,0xbe,0x00,0x2e,0xc0,0x00,0x7d,0xe0,0x07,0x9d,0x00,0x2e,0x0e,0x00,0xb0,0xa0,0x03,0x40,0xa0,
0x1e,0x07,0x40,0x00,0x0e,0x03,0xc0,0x3d,0x00,0x00,0xe0,0xb4,0x00,0xf4,0x05,0x6d,0x2d,0x00,0x03,0xd0,0xbf,0x87,0x40,0x00,
0x1d,0x01,0x40,0x00,0x00,0x00,0x00,
/* U+83cf */
0x00,0x0a,0x00,0x0a,0x00,0x00,0x00,0xf0,0x00,0xb0,0x00,0x7f,0xff,0xff,0xff,0xff,0xd6,0xaa,0xfa,0xaa,0xfa,0xa9,0x00,0x0f,
0x00,0x0b,0x00,0x01,0x00,0x90,0x00,0x60,0x00,0x7d,0x01,0x55,0x55,0x55,0x41,0xf8,0xbf,0xff,0xff,0xfe,0x02,0xe5,0x55,0x55,
0x5e,0x50,0x04,0x00,0x00,0x01,0xd0,0x78,0x00,0x55,0x54,0x1d,0x02,0xe0,0x0f,0xff,0xc1,0xd0,0x07,0xc0,0xe5,0x6c,0x1d,0x00,
0x18,0x0d,0x02,0xc1,0xd0,0x00,0x00,0xd0,0x2c,0x1d,0x00,0x0d,0x0d,0x02,0xc1,0xd0,0x01,0xd0,0xe5,0x7c,0x1d,0x00,0x3c,0x0f,
0xff,0xc1,0xd0,0x07,0x40,0x00,0x00,0x1d,0x00,0xf0,0x00,0x00,0x01,0xd0,0x2d,0x00,0x00,0x05,0x6d,0x03,0x80,0x00,0x00,0xff,
0x80,
/* U+840d */
0x00,0x09,0x00,0x06,0x00,0x00,0x00,0xe0,0x00,0xb0,0x00,0x7f,0xff,0xff,0xff,0xff,0xd6,0xaa,0xfa,0xaa,0xfa,0xa9,0x00,0x0e,
0x00,0x0b,0x00,0x00,0x40,0x50,0x00,0x50,0x00,0x2e,0x01,0xaa,0xaa,0xaa,0x40,0xb8,0x1f,0xff,0xff,0xf8,0x01,0xe0,0x00,0x2c,
0x00,0x00,0x04,0x05,0x02,0xc0,0x60,0x24,0x00,0xf0,0x2c,0x0b,0x02,0xe0,0x07,0x42,0xc1,0xd0,0x07,0xd0,0x2c,0x2c,0x3c,0x00,
0x08,0x01,0x82,0xc2,0x40,0x00,0x00,0x00,0x2c,0x00,0x00,0x09,0x7f,0xff,0xff,0xfe,0x01,0xd6,0xaa,0xbe,0xaa,0x90,0x38,0x00,
0x02,0xc0,0x00,0x07,0x40,0x00,0x2c,0x00,0x00,0xe0,0x00,0x02,0xc0,0x00,0x2d,0x00,0x00,0x2c,0x00,0x03,0x80,0x00,0x02,0xc0,
0x00,0x00,0x00,0x00,0x14,0x00,0x00,
/* U+841d */
0x00,0x0a,0x00,0x0a,0x00,0x00,0x00,0xf0,0x00,0xf0,0x00,0x7f,0xff,0xff,0xff,0xff,0xd6,0xaa,0xfa,0xaa,0xfa,0xa9,0x00,0x0f,
0x00,0x0f,0x00,0x00,0x00,0x00,0x00,0x00,0x00,0x0b,0xff,0xff,0xff,0xff,0x00,0xb5,0x6e,0x57,0x95,0xf0,0x0b,0x01,0xd0,0x34,
0x0b,0x00,0xb0,0x1d,0x03,0x40,0xb0,0x0b,0xff,0xff,0xff,0xff,0x00,0x6a,0xaa,0xaa,0xaa,0x90,0x00,0x02,0xd0,0x00,0x00,0x00,
0x00,0xbe,0xaa,0xaa,0x40,0x00,0x7f,0xff,0xff,0xf8,0x00,0x2f,0x40,0x00,0x0b,0x00,0x1f,0x82,0x00,0x02,0xd0,0x00,0x90,0x7d,
0x01,0xb8,0x00,0x00,0x01,0xf5,0xbd,0x00,0x00,0x00,0x07,0xfe,0x00,0x00,0x05,0x6b,0xf9,0x00,0x00,0x03,0xff,0xa4,0x00,0x00,
0x00,0x15,0x00,0x00,0x00,0x00,0x00,
/* U+8425 */
0x00,0x09,0x00,0x06,0x00,0x00,0x00,0xe0,0x00,0xb0,0x00,0x7f,0xff,0xff,0xff,0xff,0xd6,0xaa,0xfa,0xaa,0xfa,0xa9,0x00,0x0e,
0x00,0x0b,0x00,0x00,0x00,0x00,0x00,0x00,0x00,0x2f,0xff,0xff,0xff,0xff,0x82,0xd5,0x55,0x55,0x55,0x78,0x2c,0x00,0x00,0x00,
0x03,0x82,0xc2,0xff,0xff,0xfc,0x38,0x18,0x3d,0x55,0x56,0xc1,0x40,0x03,0x80,0x00,0x2c,0x00,0x00,0x39,0x55,0x56,0xc0,0x00,
0x03,0xff,0xff,0xfc,0x00,0x00,0x00,0x00,0x00,0x00,0x00,0x15,0x55,0x55,0x55,0x40,0x03,0xff,0xff,0xff,0xfd,0x00,0x38,0x00,
0x00,0x01,0xd0,0x03,0x80,0x00,0x00,0x1d,0x00,0x38,0x00,0x00,0x01,0xd0,0x03,0xff,0xff,0xff,0xfd,0x00,0x39,0x55,0x55,0x56,
0xd0,0x01,0x40,0x00,0x00,0x04,0x00,
/* U+8427 */
0x00,0x09,0x00,0x06,0x00,0x01,0x55,0xe5,0x55,0xb5,0x54,0x7f,0xff,0xff,0xff,0xff,0xd1,0x55,0xf5,0x55,0xf5,0x54,0x00,0x0a,
0x05,0x0a,0x00,0x00,0x15,0x55,0xe5,0x55,0x40,0x03,0xff,0xff,0xff,0xfc,0x00,0x00,0x00,0xe0,0x02,0xc0,0x15,0x55,0x5e,0x55,
0x6d,0x4b,0xff,0xff,0xff,0xff,0xfe,0x15,0x55,0x5e,0x55,0x6d,0x40,0x00,0x00,0xe0,0x02,0xc0,0x07,0xff,0xff,0xff,0xfc,0x00,
0x15,0x55,0xe5,0x55,0x40,0x02,0x40,0x0e,0x00,0x19,0x00,0x34,0x34,0xe2,0xc1,0xd0,0x07,0x47,0x0e,0x1c,0x1d,0x00,0xb0,0x70,
0xe0,0xd1,0xd0,0x0b,0x0a,0x0e,0x0a,0x1d,0x01,0xe0,0xd0,0xe0,0x71,0xd0,0x3c,0x2c,0x0e,0x07,0x5d,0x07,0x40,0x40,0xe0,0x01,
0xd0,0x10,0x00,0x00,0x00,0x04,0x00,
/* U+8428 */
0x00,0x09,0x00,0x06,0x00,0x00,0x00,0xf0,0x00,0xf0,0x00,0x7f,0xff,0xff,0xff,0xff,0xd6,0xaa,0xfa,0xaa,0xfa,0xa9,0x00,0x0f,
0x00,0x0a,0x00,0x00,0x00,0x00,0x00,0xa0,0x00,0x15,0x55,0x40,0x0b,0x40,0x01,0xff,0xf5,0xff,0xff,0xfd,0x1d,0x5b,0x1a,0xaa,
0xaa,0x81,0xd0,0xe0,0x18,0x00,0x90,0x1d,0x2c,0x01,0xd0,0x2d,0x01,0xd3,0x80,0x0b,0x03,0x80,0x1d,0x38,0x1f,0xff,0xff,0xe1,
0xd1,0xe1,0xea,0xaa,0xa9,0x1d,0x0b,0x1d,0x00,0x00,0x01,0xd0,0x75,0xd0,0x00,0x00,0x1d,0x5f,0x2c,0x00,0x00,0x01,0xdb,0xe2,
0xc0,0x00,0x00,0x1d,0x00,0x38,0x00,0x00,0x01,0xd0,0x07,0x80,0x00,0x00,0x1d,0x00,0xf0,0x00,0x00,0x01,0xd0,0x1d,0x00,0x00,
0x00,0x14,0x00,0x40,0x00,0x00,0x00,
/* U+845b */
0x00,0x0a,0x00,0x0a,0x00,0x01,0x55,0xf5,0x55,0xf5,0x54,0x7f,0xff,0xff,0xff,0xff,0xd1,0x55,0xf5,0x55,0xb5,0x54,0x00,0x5e,
0x55,0x5b,0x50,0x00,0x1f,0xff,0xff,0xff,0x40,0x01,0xd0,0x00,0x00,0x74,0x00,0x1d,0x55,0x55,0x57,0x40,0x01,0xff,0xff,0xff,
0xf4,0x00,0x1d,0x00,0x00,0x07,0x40,0x01,0xe5,0x55,0x55,0xb4,0x00,0x1f,0xff,0xff,0xff,0x40,0x00,0x1e,0x00,0x00,0x00,0x00,
0x07,0xff,0xff,0xff,0xf4,0x02,0xea,0xab,0xea,0xab,0x41,0xf8,0x00,0xb4,0x00,0x74,0xbe,0xd0,0x6f,0xe0,0x07,0x42,0x1d,0x2e,
0x07,0xe0,0x74,0x01,0xd7,0x40,0x0b,0x0b,0x00,0x1d,0x55,0x55,0x00,0xb0,0x01,0xff,0xff,0xf8,0x2e,0x00,0x00,0x00,0x00,0xff,
0xc0,0x00,0x00,0x00,0x05,0x50,0x00,
/* U+846b */
0x00,0x09,0x00,0x06,0x00,0x00,0x00,0xe0,0x00,0xb0,0x00,0x7f,0xff,0xff,0xff,0xff,0xd6,0xaa,0xfa,0xaa,0xfa,0xa9,0x00,0x0e,
0x00,0x0b,0x00,0x00,0x01,0x90,0x00,0x50,0x00,0x00,0x38,0x00,0xaa,0xaa,0x40,0x03,0x80,0x0f,0xff,0xf8,0x2a,0xba,0xa4,0xe0,
0x03,0x87,0xff,0xff,0xce,0x00,0x38,0x00,0x78,0x00,0xe0,0x07,0x80,0x03,0x80,0x0f,0xff,0xf8,0x00,0x38,0x00,0xe5,0x57,0x81,
0xab,0xe9,0x0e,0x00,0x38,0x1e,0xaa,0xe1,0xe0,0x03,0x81,0xd0,0x0e,0x1f,0xaa,0xb8,0x1d,0x00,0xe1,0xea,0xab,0x81,0xd0,0x0e,
0x2c,0x00,0x38,0x1d,0x00,0xe3,0x80,0x03,0x81,0xff,0xfe,0xb4,0x00,0x38,0x1e,0xaa,0x9f,0x00,0x5b,0x81,0xd0,0x01,0xd0,0x1f,
0xf4,0x04,0x00,0x00,0x00,0x50,0x00,
/* U+8497 */
0x00,0x09,0x00,0x06,0x00,0x00,0x00,0xf0,0x00,0xf0,0x00,0x7f,0xff,0xff,0xff,0xff,0xd6,0xaa,0xfa,0xaa,0xfa,0xa9,0x00,0x0f,
0x00,0x0f,0x00,0x00,0x00,0x90,0x05,0x50,0x00,0x2d,0x00,0x00,0xb0,0x00,0x01,0xf8,0x1f,0xff,0xff,0xe0,0x02,0xe1,0xe5,0x55,
0x6e,0x00,0x04,0x1d,0x00,0x00,0xe0,0x24,0x01,0xea,0xaa,0xae,0x07,0xd0,0x1e,0xaa,0xaa,0xe0,0x0b,0x81,0xd0,0x00,0x0e,0x00,
0x18,0x1e,0xaa,0xaa,0xe0,0x00,0x01,0xea,0xbe,0xa9,0x00,0x09,0x1d,0x02,0xc0,0x18,0x01,0xd1,0xd0,0x1e,0x1b,0xd0,0x3c,0x1d,
0x00,0xbf,0xd0,0x0b,0x41,0xd0,0x02,0xf0,0x00,0xf0,0x1d,0x16,0x4b,0xd0,0x2d,0x03,0xff,0xf4,0x1f,0xe3,0xc0,0x3a,0x50,0x00,
0x1e,0x04,0x00,0x00,0x00,0x00,0x00,
/* U+8499 */
0x00,0x0a,0x00,0x0a,0x00,0x00,0x00,0xf0,0x00,0xf0,0x00,0x7f,0xff,0xff,0xff,0xff,0xd1,0x55,0xf5,0x55,0xf5,0x54,0x00,0x0f,
0x00,0x0f,0x00,0x02,0xff,0xff,0xff,0xff,0xf8,0x2d,0x55,0x55,0x55,0x57,0x82,0xc1,0x55,0x55,0x54,0x38,0x2c,0x7f,0xff,0xff,
0xd3,0x81,0x40,0x00,0x00,0x00,0x14,0x2a,0xaa,0xaa,0xaa,0xaa,0x87,0xff,0xff,0xff,0xff,0xfd,0x00,0x02,0xfe,0x00,0x05,0x00,
0x1a,0xe4,0xb8,0x02,0xe0,0x1f,0xe4,0x2f,0xc2,0xf4,0x00,0x40,0x6f,0x4e,0xf8,0x00,0x01,0xbf,0x42,0xfb,0x80,0x02,0xfe,0x41,
0xff,0x1e,0x00,0x19,0x01,0xf4,0xa0,0xb8,0x00,0x06,0xf8,0x0e,0x02,0xf4,0x1b,0xf8,0x01,0xe0,0x07,0xd2,0xe4,0x07,0xfc,0x00,
0x18,0x00,0x00,0x25,0x00,0x00,0x00,
/* U+84b2 */
0x00,0x09,0x00,0x06,0x00,0x00,0x00,0xf0,0x00,0xf0,0x00,0x7f,0xff,0xff,0xff,0xff,0xd6,0xaa,0xfa,0xaa,0xfa,0xa9,0x00,0x0f,
0x00,0x0b,0x14,0x01,0x80,0x50,0x02,0x42,0xd0,0x2e,0x00,0x00,0x78,0x0a,0x00,0x78,0xff,0xff,0xff,0xfe,0x01,0x85,0x55,0x79,
0x55,0x51,0x00,0x00,0x03,0x80,0x00,0x78,0x02,0xff,0xff,0xff,0x42,0xe0,0x3e,0xab,0xaa,0xb4,0x07,0x83,0x80,0x38,0x07,0x40,
0x10,0x3d,0x5b,0x95,0xb4,0x00,0x03,0xff,0xff,0xff,0x40,0x28,0x38,0x03,0x80,0x74,0x03,0x83,0x95,0x79,0x57,0x40,0x74,0x3f,
0xff,0xff,0xf4,0x0f,0x03,0x80,0x78,0x07,0x41,0xd0,0x38,0x03,0x80,0x74,0x2c,0x03,0x80,0x38,0x5b,0x43,0x80,0x38,0x03,0x8f,
0xf0,0x00,0x01,0x40,0x00,0x10,0x00,
/* U+84b8 */
0x00,0x09,0x00,0x06,0x00,0x01,0x55,0xe5,0x55,0xb5,0x54,0x7f,0xff,0xff,0xff,0xff,0xd1,0x55,0xe5,0x55,0xb5,0x54,0x00,0x09,
0x00,0x06,0x00,0x00,0x1a,0xaa,0xaa,0xa4,0x00,0x01,0xff,0xff,0xff,0x40,0x00,0x00,0x00,0x06,0xd0,0x10,0x15,0x55,0x42,0xf4,
0x0b,0x83,0xff,0xf8,0x3a,0x82,0xe0,0x15,0x5b,0x43,0x8e,0xf8,0x00,0x02,0xd0,0x38,0x7c,0x00,0x01,0xf4,0x07,0x81,0xf4,0x01,
0xbd,0x0b,0xf4,0x06,0xe4,0x7e,0x00,0x69,0x00,0x07,0xd2,0x05,0x55,0x55,0x55,0x04,0x00,0xff,0xff,0xff,0xf0,0x00,0x05,0x55,
0x55,0x55,0x00,0x06,0x01,0x40,0x60,0x1e,0x00,0xf0,0x2c,0x07,0x80,0xb4,0x2d,0x01,0xd0,0x3c,0x07,0x87,0x80,0x0e,0x01,0xd0,
0x2d,0x10,0x00,0x50,0x04,0x00,0x00,
/* U+84c9 */
0x00,0x09,0x00,0x06,0x00,0x00,0x00,0xe0,0x00,0xb0,0x00,0x7f,0xff,0xff,0xff,0xff,0xd6,0xaa,0xfa,0xaa,0xfa,0xa9,0x00,0x0e,
0x19,0x0b,0x00,0x00,0x00,0x50,0xe0,0x10,0x00,0x2f,0xff,0xff,0xff,0xff,0x82,0xea,0xaa,0xaa,0xaa,0xb8,0x2c,0x01,0x40,0x10,
0x03,0x82,0xc1,0xb8,0x03,0xe4,0x38,0x05,0xbd,0x05,0x06,0xe5,0x01,0xfd,0x07,0xfd,0x06,0xf4,0x19,0x06,0xe5,0xf9,0x06,0x40,
0x06,0xf4,0x01,0xf8,0x00,0x06,0xf8,0x00,0x02,0xf9,0x03,0xff,0xaa,0xaa,0xaf,0xf8,0x28,0xba,0xaa,0xaa,0xf2,0x80,0x0b,0x00,
0x00,0x0b,0x00,0x00,0xb0,0x00,0x00,0xb0,0x00,0x0b,0x55,0x55,0x5f,0x00,0x00,0xbf,0xff,0xff,0xf0,0x00,0x0b,0x55,0x55,0x5f,
0x00,0x00,0x50,0x00,0x00,0x10,0x00,
/* U+84dd */
0x00,0x09,0x00,0x06,0x00,0x00,0x00,0xf0,0x00,0xf0,0x00,0x7f,0xff,0xff,0xff,0xff,0xd6,0xaa,0xfa,0xaa,0xfa,0xa9,0x00,0x0f,
0x00,0x0f,0x00,0x00,0x00,0x50,0x00,0x50,0x00,0x00,0x07,0x40,0x74,0x00,0x00,0xe0,0x74,0x0b,0x55,0x54,0x0e,0x07,0x41,0xff,
0xff,0x80,0xe0,0x74,0x7d,0x55,0x54,0x0e,0x07,0x4f,0x42,0x00,0x00,0xe0,0x75,0xd0,0x7e,0x00,0x0e,0x07,0x40,0x00,0xbc,0x00,
0x00,0x60,0x00,0x01,0x40,0x01,0x55,0x55,0x55,0x54,0x00,0x3f,0xff,0xff,0xff,0xc0,0x03,0x81,0xd0,0xb4,0x2c,0x00,0x38,0x1d,
0x07,0x42,0xc0,0x03,0x81,0xd0,0x74,0x2c,0x00,0x38,0x1d,0x07,0x42,0xc0,0xab,0xeb,0xfa,0xfe,0xbe,0xaa,0xaa,0xaa,0xaa,0xaa,
0xaa,
/* U+84df */
0x00,0x0a,0x00,0x0a,0x00,0x00,0x00,0xf0,0x00,0xf0,0x00,0x7f,0xff,0xff,0xff,0xff,0xd6,0xaa,0xfa,0xaa,0xfa,0xa9,0x00,0x0f,
0x00,0x0f,0x00,0x00,0x19,0xa0,0x00,0xa0,0x00,0x02,0xd5,0x50,0x00,0x07,0x40,0x7f,0xff,0x00,0x50,0x74,0x1f,0x55,0xe0,0x0b,
0x07,0x47,0xd0,0x2c,0x00,0xb0,0x74,0xbf,0xff,0xfe,0x0b,0x07,0x45,0xe5,0xe5,0xf0,0xb0,0x74,0x0d,0x0e,0x0b,0x0b,0x07,0x40,
0xea,0xea,0xf0,0xb0,0x74,0x0e,0xaf,0xaf,0x0b,0x07,0x40,0xd0,0xe0,0xb0,0xb0,0x74,0x0e,0x5e,0x5b,0x0b,0x07,0x40,0xff,0xff,
0xf0,0xb0,0x74,0x00,0x00,0x00,0x0a,0x07,0x40,0x00,0x01,0x54,0x00,0x74,0x6b,0xff,0xff,0x81,0x5b,0x03,0xaa,0x95,0x40,0x7f,
0xe0,0x00,0x00,0x00,0x01,0x50,0x00,
/* U+84e5 */
0x00,0x05,0x00,0x05,0x00,0x00,0x00,0xb0,0x00,0xf0,0x00,0x6a,0xaf,0xaa,0xaf,0xaa,0x97,0xff,0xff,0xff,0xff,0xfd,0x00,0x0b,
0x00,0x0f,0x00,0x00,0x00,0x50,0x00,0x50,0x00,0x2a,0xaa,0xaa,0xaa,0xaa,0x83,0xff,0xff,0xff,0xff,0xfc,0x3c,0x00,0x1a,0x40,
0x03,0xc3,0xc0,0x0b,0xfd,0x00,0x3c,0x28,0x07,0xe0,0xb9,0x02,0x80,0x06,0xf4,0x01,0xf9,0x00,0x1b,0xf9,0x55,0x57,0xfe,0x4b,
0xe5,0xff,0xff,0xf5,0xbe,0x10,0x00,0x0f,0x00,0x00,0x40,0x00,0x00,0xf0,0x00,0x00,0x07,0xff,0xff,0xff,0xfd,0x00,0x6a,0xaa,
0xfa,0xaa,0x90,0x00,0x60,0x0f,0x01,0x90,0x00,0x03,0x80,0xf0,0x2c,0x00,0x2a,0xbe,0xaf,0xab,0xea,0x82,0xaa,0xaa,0xaa,0xaa,
0xa8,
/* U+84ec */
0x00,0x09,0x00,0x06,0x00,0x00,0x00,0xe0,0x00,0xb0,0x00,0x7f,0xff,0xff,0xff,0xff,0xd5,0x55,0xf5,0x55,0xf5,0x55,0x00,0x0e,
0x06,0x0b,0x00,0x00,0x40,0x41,0xe5,0x55,0x50,0x1e,0x00,0x7f,0xff,0xfe,0x00,0x7c,0x2f,0x90,0x0b,0x80,0x01,0xe7,0x47,0xeb,
0xd0,0x00,0x04,0x01,0x6f,0xfe,0x54,0x00,0x02,0xfe,0x55,0xaf,0xe2,0xa9,0x14,0x02,0xc0,0x04,0x3f,0xd0,0xaa,0xbe,0xaa,0x40,
0x1d,0x05,0x56,0xd5,0x50,0x01,0xd0,0x15,0x6d,0x55,0x00,0x1d,0x02,0xab,0xea,0xa0,0x01,0xd0,0x00,0x2c,0x00,0x00,0x1d,0x1f,
0xff,0xff,0xf8,0x02,0xe0,0x55,0x6d,0x55,0x40,0xbf,0x80,0x02,0xc0,0x00,0x2d,0x1f,0xa5,0x55,0x55,0x53,0x80,0x2f,0xff,0xff,
0xfe,0x10,0x00,0x00,0x05,0x55,0x40,
/* U+851a */
0x00,0x0a,0x00,0x0a,0x00,0x00,0x00,0xf0,0x00,0xf0,0x00,0xbf,0xff,0xff,0xff,0xff,0xe6,0xaa,0xfa,0xaa,0xfa,0xa9,0x00,0x0f,
0x00,0x0f,0x00,0x00,0x00,0x50,0x00,0x60,0x90,0x0f,0xff,0xff,0x00,0x0e,0x00,0xe5,0x55,0xb0,0x00,0xe0,0x0d,0x00,0x0b,0x00,
0x1e,0x00,0xfa,0xaa,0xf3,0xff,0xfe,0x0e,0xaa,0xaa,0x15,0x6e,0x50,0xd0,0x00,0x00,0x00,0xe0,0x0d,0x7f,0xfd,0x28,0x0e,0x01,
0xd1,0x55,0x42,0xc0,0xe0,0x1d,0x55,0x55,0x0e,0x0e,0x01,0xdf,0xff,0xf0,0xb0,0xe0,0x1c,0x02,0xc0,0x07,0x4e,0x02,0xc6,0x2c,
0x90,0x10,0xe0,0x38,0xa2,0xcb,0x00,0x0e,0x07,0x5d,0x2c,0x74,0x00,0xe0,0xb2,0x97,0xc2,0x85,0x6d,0x06,0x01,0xf4,0x00,0xbf,
0x80,0x00,0x00,0x00,0x01,0x40,0x00,
/* U+8521 */
0x00,0x09,0x00,0x06,0x00,0x01,0x55,0xf5,0x55,0xf5,0x54,0x7f,0xff,0xff,0xff,0xff,0xd1,0x55,0xf5,0x55,0xf5,0x54,0x00,0x2a,
0x00,0x0a,0x00,0x00,0x0b,0x40,0x0e,0x55,0x50,0x01,0xff,0xf8,0xbf,0xff,0x00,0x7d,0x07,0x47,0x81,0xe0,0x2f,0xb4,0xb0,0x2d,
0x2c,0x07,0xe1,0xed,0x00,0xbb,0x40,0x17,0x8b,0x40,0x03,0xe0,0x00,0x1f,0xfa,0xaa,0xaf,0x90,0x07,0xe7,0xff,0xff,0x9f,0x9b,
0xf4,0x00,0x00,0x00,0x1e,0x64,0x00,0x00,0x00,0x00,0x01,0xff,0xff,0xff,0xff,0xf8,0x0a,0xaa,0xab,0xaa,0xaa,0x40,0x02,0x40,
0x74,0x14,0x00,0x00,0xb8,0x07,0x42,0xe0,0x00,0x6e,0x00,0x74,0x07,0xd0,0x2f,0x40,0x4b,0x40,0x0b,0x82,0x80,0x1f,0xf0,0x00,
0x28,0x00,0x00,0x54,0x00,0x00,0x00,
/* U+853a */
0x00,0x09,0x00,0x09,0x00,0x01,0x55,0xf5,0x55,0xe5,0x54,0x7f,0xff,0xff,0xff,0xff,0xd1,0x55,0xf5,0x55,0xf5,0x54,0x00,0x0a,
0x00,0x09,0x00,0x00,0x2c,0x02,0xaa,0xaa,0xa0,0x01,0xe0,0x7f,0xff,0xff,0x00,0x07,0x40,0x00,0x00,0xb0,0x0d,0x12,0x87,0x40,
0x0b,0x00,0xe0,0x39,0x6d,0x54,0xb0,0x0e,0x07,0xff,0xff,0x4b,0x00,0xe0,0xf0,0x2c,0x00,0xb0,0x0e,0x2f,0x56,0xd5,0x0b,0x00,
0xe7,0xfa,0xbe,0xa0,0xb0,0x0e,0x67,0x02,0xc0,0x0b,0x00,0xe0,0x7a,0xae,0xa0,0xb0,0x0e,0x07,0xab,0xea,0x0b,0x00,0xe0,0x70,
0x2c,0x00,0xb0,0x0e,0x07,0xab,0xea,0x4b,0x00,0xe0,0x6a,0xaa,0xa4,0xb0,0x0e,0x00,0x00,0x00,0x1f,0x00,0xe0,0x00,0x00,0x2f,
0xd0,0x05,0x00,0x00,0x00,0x50,0x00,
/* U+8549 */
0x00,0x0a,0x00,0x0a,0x00,0x00,0x00,0xf0,0x00,0xf0,0x00,0x7f,0xff,0xff,0xff,0xff,0xd6,0xaa,0xfa,0xaa,0xfa,0xa9,0x00,0x0a,
0x05,0x0f,0x00,0x00,0x0b,0x40,0x78,0x00,0x00,0x00,0xfa,0xab,0xea,0xaa,0x40,0x2f,0xff,0xff,0xff,0xf4,0x07,0xd0,0x01,0xd0,
0x00,0x01,0xfe,0x55,0x6e,0x55,0x50,0x7e,0xff,0xff,0xff,0xfe,0x0b,0x5d,0x00,0x1d,0x00,0x00,0x11,0xe5,0x55,0xe5,0x55,0x00,
0x1f,0xff,0xff,0xff,0xe0,0x01,0xd0,0x01,0xd0,0x00,0x00,0x1d,0x55,0x5e,0x55,0x54,0x01,0xff,0xff,0xff,0xff,0xc0,0x05,0x55,
0x55,0x55,0x54,0x02,0x81,0x80,0x60,0x1d,0x00,0xb4,0x1d,0x07,0x40,0xf4,0x1e,0x01,0xe0,0x38,0x07,0xc3,0xc0,0x0f,0x02,0xd0,
0x1e,0x00,0x00,0x50,0x04,0x00,0x40,
/* U+8572 */
0x00,0x0a,0x00,0x0a,0x00,0x00,0x00,0xf0,0x00,0xf0,0x00,0x7f,0xff,0xff,0xff,0xff,0xd6,0xaa,0xfa,0xaa,0xfa,0xa9,0x00,0x0f,
0x00,0x0f,0x00,0x00,0x60,0x56,0x00,0x50,0x10,0x07,0x40,0xe0,0x01,0x6f,0x80,0x2c,0x1d,0x03,0xff,0x90,0x1b,0xeb,0xe8,0x39,
0x00,0x02,0xea,0xea,0xc3,0x80,0x00,0x2c,0x1c,0x1c,0x38,0x00,0x02,0xea,0xea,0xc3,0xea,0xa9,0x2e,0xbe,0xac,0x3f,0xff,0xd2,
0xc1,0xc1,0xc3,0x82,0xc0,0x2e,0xae,0xac,0x38,0x2c,0x01,0xab,0xea,0x87,0x42,0xc0,0x00,0x1c,0x00,0x74,0x2c,0x06,0xaa,0xea,
0x9b,0x02,0xc0,0xbf,0xff,0xfe,0xf0,0x2c,0x00,0x02,0xc0,0x1d,0x02,0xc0,0x00,0x1c,0x03,0xc0,0x2c,0x00,0x01,0xc0,0x34,0x02,
0xc0,0x00,0x14,0x00,0x00,0x14,0x00,
/* U+8574 */
0x00,0x0a,0x00,0x0a,0x00,0x00,0x00,0xf0,0x00,0xf0,0x00,0x6a,0xaf,0xaa,0xaf,0xaa,0x9b,0xff,0xff,0xff,0xff,0xfe,0x00,0x0f,
0x00,0x0f,0x00,0x00,0x00,0xa0,0x00,0x50,0x00,0x00,0xe0,0x06,0xaa,0xa9,0x00,0x2d,0x00,0xba,0xaa,0xe0,0x07,0x81,0x0b,0x00,
0x0e,0x00,0xf0,0x78,0xba,0xaa,0xe0,0x1d,0x0b,0x0b,0x55,0x5e,0x07,0xef,0xd0,0xb0,0x00,0xe0,0x7a,0xb8,0x0b,0xff,0xfe,0x00,
0x0e,0x00,0x55,0x55,0x40,0x02,0x80,0x05,0x55,0x55,0x00,0xb5,0xb1,0xff,0xff,0xf4,0x3f,0xfa,0x1d,0x75,0xd7,0x42,0x94,0x01,
0xc3,0x5c,0x34,0x00,0x01,0x1c,0x35,0xc3,0x40,0x5a,0xf1,0xc3,0x5c,0x34,0xbf,0xe9,0xae,0xba,0xeb,0xaa,0x50,0x0a,0xaa,0xaa,
0xaa,
/* U+859b */
0x00,0x09,0x00,0x06,0x00,0x00,0x00,0xf0,0x00,0xf0,0x00,0xbf,0xff,0xff,0xff,0xff,0xe5,0x55,0xf5,0x55,0xf5,0x55,0x00,0x0e,
0x00,0x0a,0x00,0x00,0x0b,0x40,0x00,0x60,0x00,0x15,0xf5,0x41,0x5b,0x55,0x42,0xff,0xfc,0x7f,0xff,0xfc,0x2d,0x56,0xc5,0x55,
0x55,0x42,0xc0,0x2c,0x09,0x00,0xd0,0x2c,0x02,0xc0,0xb0,0x1d,0x02,0xea,0xbc,0x07,0x43,0x80,0x2e,0xaa,0x8a,0xbe,0xba,0x92,
0xc0,0x00,0xff,0xff,0xfe,0x2d,0x55,0x40,0x03,0x80,0x02,0xff,0xfd,0x00,0x38,0x00,0x2d,0x55,0xd1,0x57,0x95,0x42,0xc0,0x1d,
0x7f,0xff,0xfc,0x2c,0x01,0xd1,0x57,0x95,0x42,0xea,0xad,0x00,0x38,0x00,0x2f,0xff,0xd0,0x03,0x80,0x02,0xc0,0x1d,0x00,0x38,
0x00,0x14,0x00,0x40,0x01,0x40,0x00,
/* U+85c1 */
0x00,0x0a,0x00,0x0a,0x00,0x06,0xaa,0xfa,0xaa,0xfa,0xa9,0x6a,0xaf,0xaa,0xaf,0xaa,0x90,0x00,0xe0,0x90,0xb0,0x00,0x15,0x55,
0x5f,0x55,0x55,0x42,0xaa,0xaa,0xaa,0xaa,0xa8,0x00,0x55,0x55,0x55,0x50,0x00,0x0f,0xaa,0xaa,0xaf,0x00,0x00,0xe0,0x00,0x00,
0xb0,0x00,0x0f,0xff,0xff,0xff,0x00,0x00,0x00,0x00,0x00,0x00,0x01,0xff,0xff,0xff,0xff,0xf8,0x1d,0x00,0x00,0x00,0x03,0x81,
0xd0,0xff,0xff,0xf0,0x38,0x1d,0x0d,0x00,0x07,0x07,0x81,0xd0,0xff,0xff,0xf7,0xf4,0x04,0x00,0x0f,0x00,0x14,0x02,0xaa,0xaa,
0xfa,0xaa,0xa8,0x2a,0xaa,0xff,0xfa,0xaa,0x80,0x01,0xb9,0xf6,0xe4,0x00,0x1a,0xf9,0x0f,0x06,0xfe,0x83,0xe4,0x00,0xf0,0x01,
0xac,0x00,0x00,0x05,0x00,0x00,0x00,
/* U+85cf */
0x00,0x0a,0x00,0x0a,0x00,0x00,0x00,0xf0,0x00,0xf0,0x00,0x7f,0xff,0xff,0xff,0xff,0xd5,0x55,0xf5,0x55,0xf5,0x55,0x00,0x0f,
0x00,0x0f,0x46,0x02,0x40,0x00,0x00,0x1c,0x74,0x38,0x7f,0xff,0xff,0xff,0xe3,0x87,0xaa,0xaa,0xae,0xa9,0x38,0x74,0x00,0x01,
0xd0,0x03,0xeb,0x5f,0xff,0x9d,0x24,0x2a,0xb5,0xd7,0x95,0xd3,0x40,0x07,0x5c,0x34,0x0d,0x34,0x00,0x75,0xeb,0xa4,0xd7,0x0a,
0xaf,0x5e,0xab,0x4e,0xb0,0xae,0xb5,0xc0,0x34,0xae,0x02,0x87,0x5d,0x57,0x4b,0xd0,0x28,0x71,0xff,0xf4,0x7c,0x03,0x4b,0x1c,
0x34,0x07,0x85,0x34,0xb1,0xc3,0x40,0xf8,0x7b,0x0e,0x1e,0xba,0x6e,0xca,0x91,0xd1,0xaa,0xaf,0x4f,0xd0,0x1c,0x00,0x00,0xd0,
0x3c,
/* U+85e4 */
0x00,0x05,0x00,0x06,0x00,0x01,0x55,0xf5,0x55,0xb5,0x54,0x7f,0xff,0xff,0xff,0xff,0xd1,0x55,0xf5,0x55,0xb5,0x54,0x00,0x0a,
0x00,0x06,0x00,0x01,0x55,0x50,0x60,0xb0,0xa0,0x2f,0xfe,0x07,0x0a,0x1d,0x02,0xc0,0xe1,0x79,0xe6,0xd4,0x2c,0x0e,0x3f,0xff,
0xff,0xc2,0xc0,0xe0,0x02,0xc0,0x00,0x2f,0xfe,0x55,0x79,0x55,0x42,0xd5,0xeb,0xff,0xff,0xfd,0x2c,0x0e,0x02,0xd0,0x78,0x02,
0xc0,0xe0,0xb4,0x91,0xd0,0x2e,0xae,0x2d,0x0e,0x0b,0x82,0xff,0xef,0xe0,0xe0,0xfe,0x2c,0x0e,0x47,0x4e,0x6c,0x52,0x80,0xe0,
0x16,0xff,0x00,0x38,0x0e,0x02,0xee,0x78,0x07,0x40,0xe2,0xf4,0xe0,0xb4,0xb0,0x5d,0xb8,0x1e,0x02,0xda,0x1f,0xd0,0x0f,0xd0,
0x04,0x00,0x50,0x00,0x50,0x00,0x00,
/* U+864e */
0x00,0x00,0x18,0x00,0x00,0x00,0x00,0x02,0xd5,0x55,0x50,0x00,0x00,0x2f,0xff,0xfe,0x00,0x00,0x02,0xd0,0x00,0x00,0x01,0x55,
0x6d,0x55,0x55,0x40,0xbf,0xff,0xff,0xff,0xfc,0x0b,0x55,0x79,0x55,0x57,0x80,0xb0,0x03,0x80,0x04,0x74,0x0b,0x00,0x7e,0xbf,
0xc6,0x00,0xb2,0xff,0xea,0x54,0x50,0x0b,0x15,0x78,0x00,0x0b,0x00,0xb0,0x02,0xd5,0x55,0xf0,0x0b,0x00,0x1b,0xff,0xfd,0x00,
0xf0,0x00,0x00,0x00,0x00,0x0e,0x00,0xaa,0xaa,0x00,0x00,0xe0,0x0f,0xff,0xf4,0x00,0x1d,0x00,0xd0,0x0b,0x40,0x02,0xd0,0x1d,
0x00,0x74,0x04,0x3c,0x02,0xc0,0x07,0x40,0xe7,0x40,0xb8,0x00,0x74,0x0e,0xb0,0x6e,0x00,0x07,0x96,0xda,0x1f,0x80,0x00,0x2f,
0xf8,0x00,0x40,0x00,0x00,0x00,0x00,
/* U+865e */
0x00,0x00,0x28,0x00,0x00,0x00,0x00,0x02,0xea,0xaa,0xa0,0x00,0x00,0x2e,0xaa,0xaa,0x00,0x55,0x57,0xd5,0x55,0x54,0x0f,0xff,
0xff,0xff,0xff,0x80,0xe0,0x03,0x80,0x04,0x38,0x0e,0x15,0xbe,0xff,0xc7,0x40,0xe3,0xab,0xd5,0x40,0x50,0x0e,0x00,0x2e,0xaa,
0xae,0x00,0xe0,0x00,0x6a,0xaa,0x40,0x0e,0x06,0xaa,0xaa,0xa8,0x00,0xe0,0xba,0xaa,0xaa,0xc0,0x0e,0x0b,0x00,0x00,0x1c,0x00,
0xe0,0xbf,0xff,0xff,0xc0,0x0d,0x00,0x00,0x00,0x00,0x01,0xd1,0xff,0xff,0xff,0xf0,0x1d,0x05,0x55,0xe5,0x55,0x02,0xc5,0x55,
0x6e,0x55,0x54,0x38,0x6a,0xab,0xfa,0xaa,0x97,0x40,0x00,0xbb,0x80,0x00,0xb0,0x01,0xbe,0x0b,0xa4,0x06,0x1f,0xfe,0x40,0x1b,
0xfe,0x00,0x54,0x00,0x00,0x01,0x50,
/* U+8679 */
0x00,0xa0,0x00,0x00,0x00,0x00,0x0f,0x00,0x00,0x00,0x00,0x00,0xf0,0x03,0xff,0xff,0xe0,0x0f,0x00,0x1a,0xae,0xa9,0x15,0xf5,
0x40,0x02,0xc0,0x07,0xff,0xfd,0x00,0x2c,0x00,0x74,0xa1,0xd0,0x02,0xc0,0x07,0x4a,0x1d,0x00,0x2c,0x00,0x74,0xa1,0xd0,0x02,
0xc0,0x07,0x4a,0x1d,0x00,0x2c,0x00,0x74,0xa1,0xd0,0x02,0xc0,0x07,0x4a,0x1d,0x00,0x2c,0x00,0x75,0xe5,0xd0,0x02,0xc0,0x07,
0xff,0xfd,0x00,0x2c,0x00,0x15,0xe5,0x40,0x02,0xc0,0x00,0x0e,0x04,0x00,0x2c,0x00,0x00,0xe2,0xc0,0x02,0xc0,0x00,0x0e,0x1c,
0x00,0x2c,0x00,0x00,0xe6,0xd0,0x02,0xc0,0x00,0x5f,0xfe,0x00,0x2d,0x00,0xff,0xe4,0xab,0xff,0xff,0xfa,0x40,0x0b,0x55,0x55,
0x55,
/* U+868c */
0x00,0x90,0x00,0x02,0x40,0x00,0x0e,0x00,0x00,0x38,0x00,0x00,0xe0,0x00,0x03,0x80,0x00,0x0e,0x00,0xaa,0xbe,0xa9,0x16,0xe5,
0x4f,0xff,0xff,0xe7,0xff,0xfc,0x00,0x38,0x00,0x74,0xe2,0xc0,0x03,0x80,0x07,0x4e,0x2c,0x00,0x38,0x00,0x74,0xe2,0xc1,0x57,
0x95,0x47,0x4e,0x2c,0x7f,0xff,0xfc,0x74,0xe2,0xc1,0x57,0x95,0x47,0x4e,0x2c,0x00,0x38,0x00,0x75,0xe6,0xc0,0x03,0x80,0x07,
0xff,0xfc,0x00,0x38,0x00,0x15,0xe5,0x4a,0xab,0xea,0xa0,0x0e,0x15,0xff,0xff,0xff,0x00,0xe2,0x80,0x03,0x80,0x00,0x0e,0x1d,
0x00,0x38,0x00,0x00,0xe6,0xd0,0x03,0x80,0x01,0x6f,0xfe,0x00,0x38,0x00,0xff,0x90,0x70,0x03,0x80,0x05,0x40,0x07,0x40,0x38,
0x00,0x00,0x00,0x00,0x01,0x40,0x00,
/* U+86df */
0x00,0x90,0x00,0x09,0x00,0x00,0x0e,0x00,0x00,0xf0,0x00,0x00,0xe0,0x00,0x07,0x40,0x00,0x0e,0x00,0xaa,0xbe,0xa9,0x15,0xf5,
0x4f,0xff,0xff,0xe3,0xff,0xfc,0x00,0x00,0x00,0x34,0xe2,0xc0,0x60,0x28,0x03,0x4e,0x2c,0x0e,0x02,0xd0,0x34,0xe2,0xc1,0xd0,
0x0f,0x03,0x4e,0x2c,0x3c,0x00,0x78,0x34,0xe2,0xcb,0x40,0x16,0xd3,0x4e,0x2d,0xee,0x02,0xce,0x39,0xe6,0xc8,0xb0,0x38,0x43,
0xff,0xfc,0x07,0x47,0x40,0x15,0xe5,0x40,0x38,0xb0,0x00,0x0e,0x00,0x01,0xde,0x00,0x00,0xe3,0x80,0x0f,0xd0,0x00,0x0e,0x28,
0x00,0xbc,0x00,0x00,0xe6,0xc0,0x2f,0xf4,0x01,0x6f,0xfd,0x0b,0x87,0xd0,0xff,0xa4,0xeb,0xe0,0x1f,0xda,0x40,0x06,0xe4,0x00,
0x2e,0x00,0x00,0x04,0x00,0x00,0x10,
/* U+8700 */
0x0a,0xaa,0xaa,0xaa,0xaa,0x03,0xea,0xfe,0xaf,0xab,0xc0,0xe0,0x1d,0x07,0x40,0xb0,0x38,0x07,0x41,0xd0,0x2c,0x0f,0xaa,0xea,
0xba,0xaf,0x02,0xff,0xff,0xff,0xff,0xc0,0x07,0xc0,0x00,0x00,0x00,0x03,0xe5,0x55,0x55,0x55,0x02,0xff,0xff,0xff,0xff,0x87,
0xd0,0x1d,0x00,0x01,0xeb,0x80,0x07,0x40,0x00,0x75,0x8f,0xff,0xff,0xfc,0x1d,0x03,0xd5,0xb9,0x5b,0x07,0x40,0xe0,0x1d,0x02,
0xc1,0xd0,0x3e,0xab,0xaa,0xb0,0x74,0x0a,0xab,0xfa,0xfc,0x1d,0x00,0x00,0x74,0x0d,0x07,0x00,0x00,0x1e,0xab,0xc2,0xc1,0xbf,
0xff,0xfa,0xb4,0xf0,0x3a,0xa5,0x40,0x05,0xb4,0x00,0x00,0x00,0x1f,0xf8,0x00,0x00,0x00,0x01,0x50,0x00,
/* U+878d */
0x00,0x00,0x00,0x00,0x90,0x06,0xaa,0xaa,0x90,0x1d,0x00,0xbf,0xff,0xfe,0x01,0xd0,0x00,0x00,0x00,0x00,0x1d,0x00,0x0a,0xaa,
0xa4,0x55,0xe5,0x41,0xfa,0xaf,0x4b,0xff,0xfc,0x1d,0x00,0x74,0xb1,0xd2,0xc1,0xd0,0x07,0x4b,0x0d,0x2c,0x1e,0xaa,0xb4,0xb0,
0xd2,0xc1,0xaa,0xaa,0x4b,0x0d,0x2c,0x00,0x00,0x00,0xb0,0xd2,0xc7,0xff,0xff,0xdb,0x0d,0x2c,0x79,0x55,0x6d,0xb5,0xe6,0xc7,
0x54,0x25,0xdb,0xff,0xfc,0x75,0xc3,0x5d,0x15,0xe5,0x47,0x4d,0x71,0xd0,0x1d,0x00,0x76,0xae,0x9d,0x01,0xd3,0x47,0x6b,0xe9,
0xd0,0x1d,0x28,0x74,0x28,0x1d,0x01,0xd1,0xc7,0x42,0x81,0xd0,0x1e,0xbd,0x74,0x28,0x6d,0xaf,0xfa,0xe7,0x42,0x9f,0xca,0x94,
0x0a,0x10,0x00,0x50,0x00,0x00,0x00,
/* U+8821 */
0x00,0x09,0x00,0x00,0x00,0x00,0x01,0xfa,0xaa,0xaa,0x00,0x00,0x39,0x55,0x56,0xd0,0x00,0x0b,0xaa,0xaa,0xbc,0x00,0x00,0x55,
0x55,0x5b,0x40,0x06,0xaa,0xaa,0xaa,0xfa,0xa9,0x55,0x56,0xff,0x95,0x6d,0x40,0x16,0xe4,0xb8,0x0b,0xd0,0x2e,0x91,0xb9,0xeb,
0xe0,0x00,0x06,0xf4,0x6f,0xb8,0x00,0x0b,0x94,0x6e,0xb0,0xb4,0x00,0x05,0xb9,0x0b,0x02,0xf8,0x1b,0xe9,0x16,0xf0,0x06,0xd1,
0x91,0x41,0xe9,0x18,0x00,0x05,0x79,0x50,0x56,0xd5,0x02,0xff,0xff,0x4f,0xff,0xf8,0x2c,0x38,0x74,0xd2,0xc3,0x82,0xd7,0x9b,
0x4e,0x6d,0x78,0x1a,0xbe,0xa0,0xab,0xea,0x40,0x03,0x8a,0x00,0x2c,0x34,0x55,0xbf,0xf1,0x56,0xef,0x8b,0xfa,0x57,0x6f,0xa9,
0x5d,0x00,0x00,0x14,0x00,0x00,0x40,
/* U+884c */
0x00,0x10,0x00,0x00,0x00,0x00,0x07,0x80,0x00,0x00,0x00,0x00,0xf4,0x2f,0xff,0xff,0x80,0x2d,0x02,0xaa,0xaa,0xa4,0x0b,0x80,
0x00,0x00,0x00,0x02,0xe0,0x00,0x00,0x00,0x00,0xb8,0x09,0x00,0x00,0x00,0x0a,0x01,0xe0,0x00,0x00,0x00,0x00,0x7c,0x7f,0xff,
0xff,0xe0,0x0b,0x46,0xaa,0xaf,0xaa,0x02,0xe0,0x00,0x00,0xf0,0x00,0xfd,0x00,0x00,0x0f,0x00,0x7e,0xd0,0x00,0x00,0xf0,0x0b,
0x5d,0x00,0x00,0x0f,0x00,0x51,0xd0,0x00,0x00,0xf0,0x00,0x1d,0x00,0x00,0x0f,0x00,0x01,0xd0,0x00,0x00,0xf0,0x00,0x1d,0x00,
0x00,0x0f,0x00,0x01,0xd0,0x00,0x00,0xf0,0x00,0x1d,0x00,0x00,0x0f,0x00,0x01,0xd0,0x00,0x55,0xe0,0x00,0x1d,0x00,0x0f,0xfd,
0x00,0x00,0x50,0x00,0x55,0x00,0x00,
/* U+8857 */
0x00,0x80,0x04,0x00,0x00,0x00,0x2d,0x01,0xd0,0x00,0x00,0x03,0x80,0x1d,0x01,0xff,0xe0,0xb0,0x01,0xe0,0x1a,0xa9,0x1e,0x07,
0xff,0xf8,0x00,0x07,0x80,0x56,0xe5,0x40,0x00,0xe0,0x50,0x1d,0x00,0x00,0x08,0x0b,0x01,0xd0,0x15,0x55,0x01,0xd5,0x5e,0x56,
0xff,0xf0,0x38,0xff,0xff,0xe5,0xf5,0x0b,0x45,0x55,0x54,0x0e,0x02,0xf0,0x01,0xd0,0x00,0xe0,0x7f,0x00,0x1d,0x00,0x0e,0x0e,
0x70,0x6a,0xea,0x40,0xe0,0x47,0x0b,0xff,0xfc,0x0e,0x00,0x70,0x01,0xd0,0x00,0xe0,0x07,0x00,0x1d,0x00,0x0e,0x00,0x70,0x01,
0xd0,0x50,0xe0,0x07,0x00,0x1e,0xbe,0x0e,0x00,0x71,0xff,0xfa,0x40,0xe0,0x07,0x0a,0x50,0x01,0x5e,0x00,0x70,0x00,0x00,0x3f,
0xd0,0x01,0x00,0x00,0x01,0x50,0x00,
/* U+8861 */
0x00,0x40,0x28,0x00,0x00,0x00,0x1d,0x07,0x80,0x00,0x00,0x03,0x80,0xff,0xf4,0xbf,0xe0,0xb4,0x3d,0x5f,0x06,0xa9,0x1e,0x0f,
0x41,0xd0,0x00,0x07,0x81,0xfa,0xbe,0x90,0x00,0xe0,0x0b,0xaf,0xad,0x00,0x08,0x0e,0x70,0xa1,0xd0,0x00,0x01,0xd7,0x0a,0x1d,
0xff,0xf0,0x38,0x7f,0xff,0xda,0xfa,0x0b,0x47,0x5e,0x5d,0x07,0x42,0xf4,0x70,0xa1,0xd0,0x74,0xbf,0x47,0x5e,0x5d,0x07,0x4e,
0x74,0x7f,0xff,0xd0,0x74,0x47,0x40,0x0e,0x00,0x07,0x40,0x74,0x55,0xe5,0x50,0x74,0x07,0x5f,0xff,0xff,0x47,0x40,0x74,0x56,
0xd5,0x50,0x74,0x07,0x40,0x7f,0x40,0x07,0x40,0x74,0x0f,0x6e,0x00,0x74,0x07,0x47,0xd0,0x7d,0x1b,0x00,0x74,0xe4,0x00,0x8b,
0xe0,0x05,0x04,0x00,0x00,0x14,0x00,
/* U+8862 */
0x00,0x40,0x00,0x00,0x00,0x00,0x2c,0xff,0x5f,0xe0,0x00,0x07,0x8d,0x75,0x9a,0x7f,0xe0,0xb0,0xeb,0x5e,0xa5,0x55,0x1d,0x0e,
0x75,0xda,0x00,0x07,0x80,0xe7,0x5d,0xa0,0x00,0xe0,0x0e,0xb5,0xea,0x00,0x08,0x0d,0xd3,0x58,0x60,0x00,0x02,0xcf,0xf5,0xfe,
0xbf,0xf0,0x38,0x14,0x10,0x06,0xba,0x0b,0x42,0xc3,0x40,0x07,0x42,0xf0,0x7e,0xbe,0xa0,0x74,0x7f,0x0b,0xab,0xea,0x07,0x4e,
0x72,0xf4,0x28,0x00,0x74,0x47,0xbb,0xab,0xe9,0x07,0x40,0x7a,0x7a,0xbe,0x90,0x74,0x07,0x07,0x42,0x80,0x07,0x40,0x70,0x7e,
0xbe,0xa0,0x74,0x07,0x07,0x97,0xd5,0x07,0x40,0x70,0x74,0x28,0x00,0x74,0x07,0x07,0xff,0xff,0x4b,0x40,0x70,0x79,0x55,0x57,
0xf0,0x05,0x01,0x00,0x00,0x14,0x00,
/* U+8868 */
0x00,0x00,0x05,0x00,0x00,0x00,0x00,0x00,0xf0,0x00,0x00,0x1a,0xaa,0xaf,0xaa,0xaa,0x42,0xff,0xff,0xff,0xff,0xf8,0x00,0x00,
0x0f,0x00,0x00,0x00,0x00,0x00,0xf0,0x00,0x00,0x02,0xaa,0xaf,0xaa,0xa8,0x00,0x3f,0xff,0xff,0xff,0xc0,0x00,0x00,0x0f,0x00,
0x00,0x00,0x00,0x00,0xf0,0x00,0x00,0x6a,0xaa,0xaf,0xaa,0xaa,0x96,0xaa,0xaf,0xbe,0xaa,0xa9,0x00,0x02,0xd2,0xc0,0x00,0x00,
0x00,0xb4,0x0e,0x00,0x90,0x00,0x6e,0x00,0xb4,0x2e,0x00,0x6f,0xc0,0x03,0x9f,0x40,0x6f,0xac,0x00,0x1f,0x80,0x0b,0x82,0xc0,
0x00,0xb8,0x00,0x00,0x2c,0x01,0x42,0xe0,0x00,0x02,0xc6,0xf8,0x0b,0xd0,0x00,0x7f,0xf9,0x00,0x1f,0x90,0x07,0xe4,0x00,0x00,
0x2d,0x00,0x10,0x00,0x00,0x00,0x00,
/* U+8881 */
0x00,0x00,0x0a,0x00,0x00,0x00,0x00,0x00,0xf0,0x00,0x00,0x07,0xff,0xff,0xff,0xfd,0x00,0x6a,0xaa,0xfa,0xaa,0x90,0x00,0x00,
0x0f,0x00,0x00,0x01,0x55,0x55,0xf5,0x55,0x54,0x7f,0xff,0xff,0xff,0xff,0xd0,0x00,0x00,0x00,0x00,0x00,0x01,0x55,0x55,0x55,
0x50,0x00,0x1f,0xff,0xff,0xff,0x40,0x01,0xd0,0x00,0x00,0x74,0x00,0x1d,0x00,0x00,0x07,0x40,0x01,0xd0,0x00,0x00,0x74,0x00,
0x1f,0xff,0xff,0xff,0x40,0x01,0x56,0xeb,0x95,0x54,0x00,0x01,0xb4,0x2d,0x01,0xd0,0x01,0xbd,0x00,0xb4,0x7d,0x06,0xff,0x80,
0x03,0xef,0x40,0xb9,0x38,0x00,0x0f,0xc0,0x01,0x03,0x81,0xb4,0x2f,0x90,0x00,0x3e,0xfe,0x40,0x7f,0x90,0x07,0xf9,0x00,0x00,
0x7e,0x00,0x10,0x00,0x00,0x00,0x40,
/* U+88d5 */
0x06,0x00,0x00,0x00,0x00,0x00,0xb0,0x00,0x0d,0x0b,0x00,0x07,0x40,0x03,0xd0,0x7d,0x00,0x38,0x00,0xb8,0x01,0xf4,0xbf,0xfc,
0x2e,0x00,0x07,0xc6,0xab,0xc7,0x80,0x60,0x1d,0x00,0x38,0x10,0x1f,0x40,0x00,0x07,0x40,0x03,0xad,0x00,0x00,0xf0,0x00,0xb0,
0xb0,0x00,0x1d,0x00,0x2d,0x07,0x80,0x07,0x8b,0x0b,0x80,0x1f,0x40,0xfe,0xd7,0xe0,0x00,0x7d,0x3f,0xf8,0xf4,0x00,0x01,0xfb,
0x7a,0xd5,0x7f,0xff,0xe1,0xd3,0x8f,0x07,0x95,0x5e,0x04,0x38,0x60,0x70,0x00,0xe0,0x03,0x80,0x07,0x00,0x0e,0x00,0x38,0x00,
0x70,0x00,0xe0,0x03,0x80,0x07,0x00,0x0e,0x00,0x38,0x00,0x75,0x55,0xe0,0x03,0x80,0x07,0xff,0xfe,0x00,0x38,0x00,0x75,0x55,
0xe0,0x01,0x40,0x05,0x00,0x05,0x00,
/* U+8944 */
0x00,0x00,0x19,0x00,0x00,0x00,0x00,0x00,0xe0,0x00,0x00,0x3f,0xff,0xff,0xff,0xff,0xc1,0x55,0x55,0x55,0x55,0x54,0x01,0x55,
0x50,0x55,0x54,0x00,0x3a,0xaf,0x0f,0xaa,0xc0,0x03,0x40,0xb0,0xe0,0x1c,0x00,0x3f,0xff,0x0f,0xff,0xc0,0x00,0x0e,0x00,0x0b,
0x00,0x00,0xaa,0xfa,0xaa,0xfa,0xa4,0x1a,0xaf,0xaa,0xaf,0xaa,0x40,0x00,0xe0,0x00,0xb0,0x00,0x06,0xaf,0xaa,0xaf,0xa9,0x00,
0x55,0xf5,0x55,0xf5,0x50,0x00,0x0e,0x00,0x0b,0x00,0x03,0xff,0xff,0xff,0xff,0xfc,0x00,0x06,0xe5,0xb4,0x1b,0x40,0x02,0xf4,
0x03,0x82,0xe0,0x1b,0xfc,0x00,0x1f,0xf4,0x0b,0xe7,0xc1,0xb4,0x7e,0x40,0x10,0x3e,0xfe,0x00,0xbf,0x90,0x07,0xe5,0x00,0x00,
0xbe,0x00,0x10,0x00,0x00,0x00,0x40,
/* U+897f */
0x6a,0xaa,0xaa,0xaa,0xaa,0x9b,0xff,0xff,0xff,0xff,0xfe,0x00,0x02,0xd0,0x78,0x00,0x00,0x00,0x2c,0x07,0x40,0x00,0x00,0x02,
0xc0,0x74,0x00,0x00,0x55,0x6d,0x57,0x95,0x50,0x1f,0xff,0xff,0xff,0xff,0x41,0xe5,0x6d,0x5b,0x95,0xb4,0x1d,0x02,0xc0,0x74,
0x07,0x41,0xd0,0x2c,0x07,0x40,0x74,0x1d,0x03,0xc0,0x74,0x07,0x41,0xd0,0x78,0x07,0x40,0x74,0x1d,0x0b,0x40,0x78,0x07,0x41,
0xd1,0xe0,0x03,0xff,0xf4,0x1d,0xbc,0x00,0x1a,0xaf,0x41,0xdb,0x00,0x00,0x00,0x74,0x1d,0x00,0x00,0x00,0x07,0x41,0xd0,0x00,
0x00,0x00,0x74,0x1e,0x55,0x55,0x55,0x5b,0x41,0xff,0xff,0xff,0xff,0xf4,0x1e,0x55,0x55,0x55,0x5b,0x40,0x40,0x00,0x00,0x00,
0x10,
/* U+8981 */
0x6a,0xaa,0xaa,0xaa,0xaa,0x9b,0xff,0xff,0xff,0xff,0xfe,0x00,0x02,0xc0,0x38,0x00,0x00,0x00,0x2c,0x03,0x80,0x00,0x0f,0xff,
0xff,0xff,0xff,0x00,0xea,0xae,0xab,0xaa,0xb0,0x0e,0x02,0xc0,0x38,0x0b,0x00,0xe0,0x2c,0x03,0x80,0xb0,0x0e,0x56,0xd5,0x79,
0x5b,0x00,0xff,0xff,0xff,0xff,0xf0,0x00,0x01,0xf0,0x00,0x00,0x00,0x00,0x2d,0x00,0x00,0x00,0xaa,0xab,0xea,0xaa,0xaa,0xaa,
0xaa,0xfa,0xaa,0xbe,0xaa,0x00,0x1e,0x00,0x07,0x40,0x00,0x03,0xd0,0x00,0xf0,0x00,0x00,0x6f,0xe5,0x7c,0x00,0x00,0x00,0x06,
0xff,0x80,0x00,0x00,0x01,0xaf,0xbf,0x90,0x01,0x6b,0xfe,0x40,0x6f,0xe4,0x3f,0xe9,0x00,0x00,0x1b,0xd1,0x40,0x00,0x00,0x00,
0x14,
/* U+8983 */
0x6a,0xaa,0xaa,0xaa,0xaa,0x96,0xaa,0xbe,0xab,0xea,0xa9,0x00,0x01,0xc0,0x34,0x00,0x00,0xff,0xff,0xff,0xff,0xf0,0x0e,0x56,
0xd5,0x79,0x5b,0x00,0xe0,0x1c,0x03,0x40,0xb0,0x0e,0xaa,0xea,0xba,0xab,0x00,0xaa,0xaa,0xaa,0xaa,0xa0,0x00,0x00,0x00,0x00,
0x00,0x00,0x3f,0xff,0xff,0xff,0xc0,0x03,0x95,0x55,0x55,0x6c,0x00,0x39,0x55,0x55,0x56,0xc0,0x03,0xff,0xff,0xff,0xfc,0x00,
0x38,0x00,0x00,0x02,0xc0,0x03,0xea,0xaa,0xaa,0xbc,0x00,0x2a,0xaa,0xfa,0xaa,0x80,0x00,0x00,0x0b,0x00,0x00,0x0b,0xff,0xff,
0xff,0xff,0xfe,0x6a,0xaa,0xaf,0xaa,0xaa,0x90,0x00,0x00,0xb0,0x00,0x00,0x00,0x00,0x0b,0x00,0x00,0x00,0x00,0x00,0x50,0x00,
0x00,
/* U+89c2 */
0x00,0x00,0x0a,0xaa,0xaa,0x06,0xaa,0xa0,0xff,0xff,0xf0,0x7f,0xff,0x0e,0x00,0x0b,0x00,0x00,0xb0,0xe0,0x50,0xb0,0x00,0x0b,
0x0e,0x0e,0x0b,0x02,0x00,0xe0,0xe0,0xe0,0xb0,0x78,0x0e,0x0e,0x0e,0x0b,0x02,0xe1,0xe0,0xe0,0xe0,0xb0,0x0b,0x5d,0x0e,0x0e,
0x0b,0x00,0x3e,0xc0,0xe0,0xe0,0xb0,0x01,0xf8,0x0e,0x0e,0x0b,0x00,0x0b,0x80,0xe1,0xd0,0xb0,0x00,0xbc,0x0e,0x1d,0x0b,0x00,
0x0f,0xe0,0x92,0xd4,0x60,0x02,0xdb,0x40,0x3a,0xc0,0x00,0x78,0x3c,0x07,0x6c,0x00,0x0b,0x41,0x81,0xf2,0xc0,0x62,0xe0,0x00,
0x3d,0x2c,0x0b,0x78,0x00,0x1f,0x42,0xc0,0xba,0x00,0x1b,0xd0,0x2e,0xae,0x00,0x02,0xe0,0x00,0xbf,0x80,
/* U+89c9 */
0x00,0x00,0x50,0x00,0x40,0x02,0x80,0x3c,0x00,0x78,0x00,0xb4,0x0b,0x40,0x3c,0x00,0x1e,0x00,0xf0,0x2d,0x00,0x02,0xd0,0x14,
0x1e,0x00,0x3f,0xff,0xff,0xff,0xff,0xcf,0xaa,0xaa,0xaa,0xaa,0xf3,0x80,0x00,0x00,0x00,0x2c,0xe0,0x00,0x00,0x00,0x0b,0x28,
0x7f,0xff,0xff,0xd2,0x80,0x1e,0xaa,0xaa,0xb4,0x00,0x07,0x40,0x00,0x1d,0x00,0x01,0xd0,0x24,0x07,0x40,0x00,0x74,0x1d,0x01,
0xd0,0x00,0x1d,0x07,0x40,0x74,0x00,0x07,0x41,0xe9,0x1d,0x00,0x01,0xd0,0xb7,0x47,0x40,0x00,0x60,0x7d,0xd0,0x90,0x90,0x00,
0x3d,0x74,0x00,0x74,0x00,0xbd,0x1d,0x00,0x1d,0x1a,0xf9,0x03,0xea,0xaf,0x3f,0xe4,0x00,0x7f,0xfe,0x45,0x00,0x00,0x00,0x00,
0x00,
/* U+89d2 */
0x00,0x02,0x80,0x00,0x00,0x00,0x07,0x80,0x00,0x00,0x00,0x1f,0xaa,0xaa,0x80,0x00,0x3f,0xff,0xff,0xc0,0x01,0xf4,0x00,0x1f,
0x40,0x07,0xd0,0x00,0x78,0x00,0x2f,0xea,0xaa,0xfa,0xaa,0xbb,0xff,0xff,0xff,0xff,0x12,0xc0,0x07,0x40,0x0b,0x02,0xc0,0x07,
0x40,0x0b,0x02,0xc0,0x07,0x40,0x0b,0x02,0xff,0xff,0xff,0xff,0x02,0xea,0xab,0xaa,0xab,0x03,0xc0,0x07,0x40,0x0b,0x03,0x80,
0x07,0x40,0x0b,0x03,0xea,0xab,0xaa,0xaf,0x07,0xff,0xff,0xff,0xff,0x07,0x40,0x07,0x40,0x0b,0x0f,0x00,0x07,0x40,0x0b,0x1e,
0x00,0x07,0x40,0x0b,0x3c,0x00,0x07,0x45,0x5f,0x78,0x00,0x07,0x4b,0xfe,0x10,0x00,0x00,0x01,0x50,
/* U+89e3 */
0x01,0x80,0x00,0x00,0x00,0x00,0x3c,0x00,0x05,0x55,0x54,0x07,0xea,0x83,0xff,0xff,0xc0,0xba,0xb8,0x15,0xf5,0x6c,0x2d,0x07,
0x40,0x1d,0x02,0xc7,0x80,0xe0,0x02,0xc0,0x2c,0xbf,0xff,0xf0,0x78,0x03,0x82,0xeb,0xab,0x6e,0x0e,0xf4,0x2c,0x34,0x75,0x80,
0x69,0x02,0xc3,0x47,0x41,0x05,0x00,0x2d,0x79,0xb4,0x74,0xe0,0x02,0xff,0xff,0x4b,0x5f,0x54,0x2c,0x38,0x74,0xff,0xff,0xd2,
0xc3,0x47,0x6d,0x5f,0x54,0x2c,0x34,0x77,0x40,0xe0,0x02,0xeb,0xef,0x40,0x0e,0x00,0x2e,0xba,0xb6,0xaa,0xfa,0xa3,0x83,0x47,
0x6a,0xaf,0xaa,0x34,0x34,0x74,0x00,0xe0,0x07,0x43,0x47,0x40,0x0e,0x00,0xb0,0x39,0xb0,0x00,0xe0,0x0a,0x03,0xbe,0x00,0x0e,
0x00,0x00,0x01,0x00,0x00,0x50,0x00,
/* U+8a00 */
0x00,0x00,0x18,0x00,0x00,0x00,0x00,0x01,0xe0,0x00,0x00,0x00,0x00,0x0f,0x00,0x00,0x06,0xaa,0xaa,0xba,0xaa,0xa9,0xbf,0xff,
0xff,0xff,0xff,0xe0,0x00,0x00,0x00,0x00,0x00,0x00,0x00,0x00,0x00,0x00,0x00,0x2f,0xff,0xff,0xff,0x80,0x01,0xaa,0xaa,0xaa,
0xa4,0x00,0x00,0x00,0x00,0x00,0x00,0x00,0x55,0x55,0x55,0x50,0x00,0x2f,0xff,0xff,0xff,0x80,0x01,0x55,0x55,0x55,0x54,0x00,
0x00,0x00,0x00,0x00,0x00,0x01,0x55,0x55,0x55,0x54,0x00,0x3f,0xff,0xff,0xff,0xc0,0x03,0x95,0x55,0x55,0x6c,0x00,0x38,0x00,
0x00,0x02,0xc0,0x03,0x80,0x00,0x00,0x2c,0x00,0x39,0x55,0x55,0x56,0xc0,0x03,0xff,0xff,0xff,0xfc,0x00,0x39,0x55,0x55,0x56,
0xc0,0x01,0x40,0x00,0x00,0x14,0x00,
/* U+8ba1 */
0x00,0x00,0x00,0x0a,0x00,0x00,0xe0,0x00,0x00,0xf0,0x00,0x07,0xc0,0x00,0x0f,0x00,0x00,0x1f,0x40,0x00,0xf0,0x00,0x00,0x78,
0x00,0x0f,0x00,0x00,0x01,0x00,0x00,0xf0,0x00,0x00,0x00,0x00,0x0f,0x00,0x05,0x54,0x05,0x55,0xf5,0x55,0xff,0xd1,0xff,0xff,
0xff,0xf5,0x6d,0x05,0x55,0xf5,0x55,0x01,0xd0,0x00,0x0f,0x00,0x00,0x1d,0x00,0x00,0xf0,0x00,0x01,0xd0,0x00,0x0f,0x00,0x00,
0x1d,0x00,0x00,0xf0,0x00,0x01,0xd0,0x00,0x0f,0x00,0x00,0x1d,0x00,0x00,0xf0,0x00,0x01,0xd2,0x40,0x0f,0x00,0x00,0x1d,0xb4,
0x00,0xf0,0x00,0x01,0xfe,0x00,0x0f,0x00,0x00,0x2f,0x40,0x00,0xf0,0x00,0x02,0xc0,0x00,0x0f,0x00,0x00,0x10,0x00,0x00,0xf0,
0x00,0x00,0x00,0x00,0x05,0x00,0x00,
/* U+8ba4 */
0x00,0x00,0x00,0x05,0x00,0x00,0xe0,0x00,0x00,0xe0,0x00,0x07,0xc0,0x00,0x0e,0x00,0x00,0x1f,0x40,0x00,0xe0,0x00,0x00,0x78,
0x00,0x0e,0x00,0x00,0x01,0x00,0x00,0xe0,0x00,0x00,0x00,0x00,0x1e,0x00,0x05,0x54,0x00,0x01,0xf0,0x00,0xff,0xd0,0x00,0x1f,
0x40,0x05,0x6d,0x00,0x02,0xf4,0x00,0x01,0xd0,0x00,0x2e,0x80,0x00,0x1d,0x00,0x03,0xdc,0x00,0x01,0xd0,0x00,0x78,0xd0,0x00,
0x1d,0x00,0x0b,0x4b,0x00,0x01,0xd0,0x00,0xf0,0x74,0x00,0x1d,0x00,0x1e,0x03,0x80,0x01,0xd2,0x43,0xd0,0x1d,0x00,0x1d,0xb4,
0xb8,0x00,0xf0,0x01,0xfd,0x1f,0x00,0x07,0x80,0x2f,0x07,0xd0,0x00,0x2d,0x02,0x81,0xf4,0x00,0x00,0xf0,0x00,0x0d,0x00,0x00,
0x06,
/* U+8ba9 */
0x00,0x00,0x00,0x18,0x00,0x00,0x38,0x00,0x00,0xb0,0x00,0x00,0x7c,0x00,0x02,0xc0,0x00,0x00,0x7d,0x00,0x0b,0x00,0x00,0x00,
0x78,0x00,0x2c,0x00,0x00,0x00,0x40,0x00,0xb0,0x00,0x00,0x00,0x00,0x02,0xc0,0x00,0x15,0x50,0x00,0x0b,0x00,0x00,0xff,0xd0,
0x00,0x2f,0xff,0xd1,0x5b,0x40,0x00,0xba,0xaa,0x40,0x1d,0x00,0x02,0xc0,0x00,0x00,0x74,0x00,0x0b,0x00,0x00,0x01,0xd0,0x00,
0x2c,0x00,0x00,0x07,0x40,0x00,0xb0,0x00,0x00,0x1d,0x00,0x02,0xc0,0x00,0x00,0x74,0x00,0x0b,0x00,0x00,0x01,0xd2,0x00,0x2c,
0x00,0x00,0x07,0x6d,0x00,0xb0,0x00,0x00,0x1f,0xe0,0x02,0xc0,0x00,0x00,0xbd,0x00,0x0b,0x00,0x00,0x02,0xd0,0xff,0xff,0xff,
0xf4,0x04,0x02,0xaa,0xaa,0xaa,0x80,
/* U+8bb0 */
0x0e,0x00,0x15,0x55,0x55,0x00,0x7c,0x03,0xff,0xff,0xf4,0x01,0xf4,0x15,0x55,0x5b,0x40,0x07,0x80,0x00,0x00,0x74,0x00,0x10,
0x00,0x00,0x07,0x40,0x00,0x00,0x00,0x00,0x74,0x55,0x40,0x00,0x00,0x07,0x4f,0xfd,0x00,0x00,0x00,0xb4,0x56,0xd0,0x0f,0xff,
0xff,0x40,0x1d,0x00,0xf5,0x55,0x50,0x01,0xd0,0x0e,0x00,0x00,0x00,0x1d,0x00,0xe0,0x00,0x00,0x01,0xd0,0x0e,0x00,0x00,0x00,
0x1d,0x00,0xe0,0x00,0x00,0x01,0xd0,0x0e,0x00,0x00,0x60,0x1d,0x14,0xe0,0x00,0x0b,0x01,0xdb,0x8e,0x00,0x00,0xb0,0x1e,0xe0,
0xe0,0x00,0x0e,0x02,0xf4,0x0f,0x40,0x02,0xe0,0x2d,0x00,0xbf,0xff,0xfc,0x00,0x00,0x01,0xaa,0xa9,0x00,
/* U+8bb7 */
0x00,0x00,0x00,0x0a,0x00,0x02,0x80,0x00,0x03,0x80,0x00,0x7c,0x00,0x00,0xe0,0x00,0x07,0xd0,0x00,0x38,0x00,0x00,0x78,0x6a,
0xaf,0xaa,0x80,0x04,0x1f,0xff,0xff,0xf0,0x00,0x07,0x01,0xe0,0x2d,0x55,0x01,0xc0,0x74,0x0b,0xff,0xc0,0x70,0x1d,0x02,0xd5,
0xb0,0x1c,0x0b,0x80,0xb0,0x2c,0x07,0x03,0xf4,0x2c,0x0b,0x01,0xc1,0xeb,0x0b,0x02,0xc0,0x70,0xb1,0xd2,0xc0,0xb0,0x1c,0x38,
0x3c,0xb0,0x2c,0x07,0x2c,0x07,0x6c,0x0b,0x01,0xde,0x00,0xeb,0x02,0xc5,0x76,0x00,0x12,0xc0,0xb7,0x9c,0x00,0x00,0xb0,0x2f,
0x87,0x00,0x00,0x2c,0x0f,0x81,0xc0,0x00,0x0b,0x03,0x80,0x70,0x00,0x57,0xc0,0x40,0x1c,0x00,0x2f,0xe0,0x00,0x05,0x00,0x01,
0x40,
/* U+8bb8 */
0x00,0x00,0x06,0x40,0x00,0x00,0xe0,0x00,0xb4,0x00,0x00,0x0b,0x80,0x0f,0x00,0x00,0x00,0x1f,0x01,0xf5,0x55,0x54,0x00,0x78,
0x2f,0xff,0xff,0xd0,0x01,0x07,0x95,0xb5,0x54,0x00,0x00,0xf0,0x0b,0x40,0x05,0x54,0x2d,0x00,0xb4,0x00,0xff,0xc3,0x80,0x0b,
0x40,0x05,0x6c,0x10,0x00,0xb4,0x00,0x02,0xc0,0x00,0x0b,0x40,0x00,0x2c,0x2f,0xff,0xff,0xff,0x02,0xc1,0xaa,0xaf,0xaa,0xa0,
0x2c,0x00,0x00,0xb4,0x00,0x02,0xc0,0x00,0x0b,0x40,0x00,0x2c,0x00,0x00,0xb4,0x00,0x02,0xc2,0x00,0x0b,0x40,0x00,0x2d,0xb4,
0x00,0xb4,0x00,0x02,0xfd,0x00,0x0b,0x40,0x00,0x2f,0x40,0x00,0xb4,0x00,0x02,0x80,0x00,0x0b,0x40,0x00,0x00,0x00,0x00,0xb4,
0x00,0x00,0x00,0x00,0x05,0x00,0x00,
/* U+8bbe */
0x0a,0x00,0x06,0xaa,0xa4,0x00,0xb8,0x00,0xbf,0xff,0x80,0x02,0xe0,0x0b,0x00,0x78,0x00,0x0b,0x40,0xb0,0x07,0x80,0x00,0x10,
0x0f,0x00,0x78,0x00,0x00,0x01,0xe0,0x07,0x80,0x55,0x40,0xbc,0x00,0x3e,0x9f,0xfc,0x1f,0x00,0x01,0xfe,0x56,0xc0,0x40,0x00,
0x00,0x00,0x2c,0x01,0x55,0x55,0x50,0x02,0xc0,0x7f,0xff,0xff,0x00,0x2c,0x01,0xe5,0x55,0xf0,0x02,0xc0,0x07,0x40,0x1d,0x00,
0x2c,0x00,0x38,0x03,0xc0,0x02,0xc0,0x01,0xe0,0xb4,0x00,0x2c,0x20,0x0b,0x6e,0x00,0x02,0xdb,0x40,0x2f,0x80,0x00,0x2f,0xd0,
0x07,0xfd,0x00,0x03,0xf4,0x07,0xf5,0xf9,0x00,0x38,0x1b,0xf8,0x02,0xf9,0x01,0x02,0xf4,0x00,0x06,0xf0,0x00,0x04,0x00,0x00,
0x01,
/* U+8bc1 */
0x0e,0x00,0x55,0x55,0x55,0x50,0x7c,0x0b,0xff,0xff,0xfe,0x01,0xf0,0x55,0x57,0x95,0x40,0x07,0x80,0x00,0x38,0x00,0x00,0x10,
0x00,0x03,0x80,0x00,0x00,0x00,0x00,0x38,0x00,0x55,0x40,0x09,0x03,0x80,0x0f,0xfd,0x00,0xe0,0x38,0x00,0x56,0xd0,0x0e,0x03,
0x80,0x00,0x1d,0x00,0xe0,0x3f,0xfd,0x01,0xd0,0x0e,0x03,0xea,0x90,0x1d,0x00,0xe0,0x38,0x00,0x01,0xd0,0x0e,0x03,0x80,0x00,
0x1d,0x00,0xe0,0x38,0x00,0x01,0xd0,0x0e,0x03,0x80,0x00,0x1d,0x60,0xe0,0x38,0x00,0x01,0xdf,0x0e,0x03,0x80,0x00,0x1f,0xd0,
0xe0,0x38,0x00,0x02,0xe0,0x1e,0x07,0x80,0x00,0x28,0x2f,0xff,0xff,0xff,0x00,0x01,0xaa,0xaa,0xaa,0xa0,
/* U+8bcf */
0x0e,0x00,0x6a,0xaa,0xaa,0x81,0xe0,0x1f,0xff,0xff,0xf0,0x1f,0x00,0x03,0x80,0x2c,0x01,0xe0,0x01,0xd0,0x0b,0x00,0x10,0x00,
0xb0,0x02,0xc0,0x00,0x00,0x78,0x00,0xb5,0x54,0x00,0x2c,0x00,0x2b,0xff,0x40,0x2d,0x00,0x0e,0x56,0xd0,0x7d,0x01,0xaf,0x40,
0x74,0x3d,0x00,0x6e,0x40,0x1d,0x04,0x00,0x00,0x00,0x07,0x40,0x2a,0xaa,0xa9,0x01,0xd0,0x0f,0xff,0xff,0x80,0x74,0x03,0x80,
0x00,0xe0,0x1d,0x00,0xe0,0x00,0x38,0x07,0x48,0x38,0x00,0x0e,0x01,0xdb,0x4e,0x00,0x03,0x80,0x7f,0x43,0x80,0x00,0xe0,0x2f,
0x40,0xe5,0x55,0x78,0x0a,0x00,0x3f,0xff,0xfe,0x01,0x00,0x0e,0x55,0x57,0x80,0x00,0x01,0x40,0x00,0x50,
/* U+8bd5 */
0x00,0x00,0x00,0x02,0x44,0x00,0xe0,0x00,0x00,0x39,0xe0,0x0b,0x80,0x00,0x03,0x87,0x40,0x1e,0x00,0x00,0x38,0x28,0x00,0x74,
0x55,0x57,0x95,0x40,0x01,0x2f,0xff,0xff,0xfd,0x00,0x01,0x55,0x57,0xd5,0x55,0x54,0x00,0x00,0x38,0x00,0xff,0xc0,0x00,0x02,
0xc0,0x05,0x6c,0x00,0x00,0x2c,0x00,0x02,0xc0,0xbf,0xf6,0xc0,0x00,0x2c,0x0a,0xfa,0x6c,0x00,0x02,0xc0,0x0b,0x02,0xc0,0x00,
0x2c,0x00,0xb0,0x1d,0x00,0x02,0xc0,0x0b,0x01,0xd0,0x00,0x2c,0x00,0xb0,0x0d,0x00,0x02,0xc5,0x0b,0x00,0xe0,0x60,0x2d,0xe0,
0xb0,0x4b,0x0b,0x02,0xf8,0x1b,0xfc,0x74,0xa0,0x3e,0x0f,0xf9,0x43,0x8d,0x03,0x80,0x50,0x00,0x2f,0xc0,0x10,0x00,0x00,0x00,
0xb4,
/* U+8bed */
0x0a,0x00,0xaa,0xaa,0xaa,0x90,0x7c,0x0b,0xff,0xff,0xfd,0x01,0xf4,0x00,0x78,0x00,0x00,0x07,0x80,0x07,0x40,0x00,0x00,0x00,
0x15,0xb5,0x55,0x00,0x00,0x07,0xff,0xff,0xe0,0x55,0x40,0x15,0xe5,0x5e,0x0f,0xfd,0x00,0x1d,0x00,0xe0,0x56,0xd0,0x02,0xd0,
0x0e,0x00,0x1d,0x1a,0xbe,0xaa,0xfa,0x01,0xd1,0xff,0xff,0xff,0xf0,0x1d,0x00,0x00,0x00,0x00,0x01,0xd0,0x00,0x00,0x00,0x00,
0x1d,0x02,0xff,0xff,0xf4,0x01,0xd0,0x2e,0xaa,0xab,0x40,0x1d,0x22,0xc0,0x00,0x74,0x01,0xdb,0x2c,0x00,0x07,0x40,0x1f,0xd2,
0xc0,0x00,0x74,0x02,0xf4,0x2d,0x55,0x57,0x40,0x28,0x02,0xff,0xff,0xf4,0x01,0x00,0x2d,0x55,0x57,0x40,0x00,0x01,0x40,0x00,
0x14,
/* U+8bf7 */
0x00,0x00,0x00,0x09,0x00,0x00,0xe0,0x00,0x01,0xd0,0x00,0x07,0xc0,0xff,0xff,0xff,0xd0,0x1f,0x45,0x56,0xe5,0x54,0x00,0x78,
0x00,0x1d,0x00,0x00,0x01,0x03,0xff,0xff,0xf4,0x00,0x00,0x15,0x6e,0x55,0x45,0x54,0x00,0x01,0xd0,0x00,0xff,0xc2,0xff,0xff,
0xff,0xf5,0x6c,0x15,0x55,0x55,0x55,0x02,0xc0,0x00,0x00,0x00,0x00,0x2c,0x03,0xff,0xff,0xf0,0x02,0xc0,0x3d,0x55,0x5b,0x00,
0x2c,0x03,0x80,0x00,0xb0,0x02,0xc0,0x3f,0xff,0xff,0x00,0x2c,0x03,0xd5,0x55,0xb0,0x02,0xc5,0x38,0x00,0x0b,0x00,0x2d,0xe3,
0xea,0xaa,0xf0,0x02,0xfd,0x3e,0xaa,0xab,0x00,0x3e,0x03,0x80,0x00,0xb0,0x03,0x80,0x38,0x00,0x5b,0x00,0x10,0x03,0x80,0x0f,
0xe0,0x00,0x00,0x14,0x00,0x50,0x00,
/* U+8bf8 */
0x00,0x00,0x00,0x64,0x00,0x00,0xe0,0x00,0x07,0x40,0x00,0x07,0xc0,0x00,0x74,0x01,0xd0,0x1f,0x46,0xaf,0xea,0x38,0x00,0x78,
0x6a,0xba,0xab,0x00,0x01,0x00,0x07,0x41,0xd0,0x00,0x00,0x00,0x74,0x78,0x05,0x54,0x15,0x57,0x5f,0x55,0xff,0xc3,0xff,0xff,
0xff,0xf5,0x6c,0x15,0x56,0xf5,0x55,0x02,0xc0,0x00,0xb8,0x00,0x00,0x2c,0x00,0x7f,0x55,0x50,0x02,0xc0,0xbf,0xff,0xff,0x00,
0x2c,0x3f,0xe5,0x55,0xb0,0x02,0xc1,0x4e,0x00,0x0b,0x00,0x2c,0x00,0xe5,0x55,0xb0,0x02,0xc5,0x0f,0xff,0xff,0x00,0x2d,0xe0,
0xe5,0x55,0xb0,0x02,0xfc,0x0e,0x00,0x0b,0x00,0x2e,0x00,0xe5,0x55,0xb0,0x03,0x80,0x0f,0xff,0xff,0x00,0x10,0x00,0xe5,0x55,
0xb0,0x00,0x00,0x05,0x00,0x05,0x00,
/* U+8bfa */
0x00,0x00,0x02,0x40,0x24,0x00,0xa0,0x00,0x38,0x03,0x80,0x07,0xc0,0x57,0x95,0x79,0x50,0x1f,0x5f,0xff,0xff,0xfe,0x00,0x78,
0x57,0x95,0x79,0x50,0x01,0x00,0x38,0x03,0x80,0x00,0x00,0x02,0x4e,0x24,0x05,0x54,0x00,0x01,0xd0,0x00,0xff,0xc1,0xaa,0xae,
0xaa,0xa5,0x6c,0x2f,0xff,0xff,0xff,0x02,0xc0,0x00,0xb4,0x00,0x00,0x2c,0x00,0x1e,0x00,0x00,0x02,0xc0,0x03,0xc0,0x00,0x00,
0x2c,0x01,0xfa,0xaa,0xa4,0x02,0xc0,0x7f,0xff,0xff,0x40,0x2c,0x1f,0x78,0x00,0x74,0x02,0xc4,0x83,0x80,0x07,0x40,0x2d,0xd0,
0x38,0x00,0x74,0x02,0xfc,0x03,0x80,0x07,0x40,0x3e,0x00,0x3e,0xaa,0xb4,0x03,0x80,0x03,0xea,0xaf,0x40,0x10,0x00,0x38,0x00,
0x74,0x00,0x00,0x01,0x00,0x01,0x00,
/* U+8c03 */
0x0a,0x00,0xaa,0xaa,0xaa,0x82,0xe0,0x3f,0xff,0xff,0xf0,0x1e,0x0e,0x00,0x00,0x2c,0x01,0xd3,0x80,0x74,0x0b,0x00,0x10,0xe1,
0x5e,0x52,0xc0,0x00,0x38,0xff,0xfd,0xb5,0x54,0x0e,0x01,0xd0,0x2f,0xff,0x03,0x80,0x74,0x0b,0x56,0xc0,0xe6,0xae,0xa6,0xc0,
0xb0,0x39,0xff,0xfd,0xb0,0x2c,0x0e,0x00,0x00,0x2c,0x0b,0x03,0x85,0x55,0x4b,0x02,0xc0,0xe2,0xff,0xe2,0xc0,0xb0,0x38,0xb0,
0x28,0xb0,0x2c,0x0e,0x2c,0x0a,0x2c,0x0b,0x23,0x4b,0x02,0x8b,0x02,0xed,0xd2,0xea,0xe2,0xc0,0xbd,0x74,0x6a,0xa8,0xb0,0x3d,
0x3c,0x00,0x00,0x2c,0x09,0x1d,0x00,0x01,0x5f,0x00,0x07,0x00,0x00,0xbf,0x80,0x00,0x00,0x00,0x05,0x00,
/* U+8c0a */
0x00,0x00,0x00,0x64,0x00,0x00,0xa0,0x00,0x03,0x80,0x00,0x0b,0x80,0x00,0x2d,0x00,0x00,0x1e,0x1f,0xff,0xff,0xfd,0x00,0x75,
0xea,0xaa,0xaa,0xd0,0x00,0x1d,0x00,0x00,0x1d,0x00,0x01,0xd0,0x00,0x01,0xd5,0x54,0x19,0xff,0xff,0xd9,0xff,0xc0,0x1e,0xaa,
0xad,0x05,0x6c,0x01,0xd0,0x01,0xd0,0x02,0xc0,0x1d,0x00,0x1d,0x00,0x2c,0x01,0xea,0xaa,0xd0,0x02,0xc0,0x1f,0xff,0xfd,0x00,
0x2c,0x01,0xd0,0x01,0xd0,0x02,0xc0,0x1d,0x00,0x1d,0x00,0x2c,0x01,0xe5,0x56,0xd0,0x02,0xc6,0x1f,0xff,0xfd,0x00,0x2d,0xf1,
0xe0,0x01,0xd0,0x02,0xfd,0x1d,0x00,0x1d,0x00,0x3e,0x01,0xd0,0x01,0xd0,0x03,0x82,0xff,0xff,0xff,0xf0,0x00,0x2a,0xaa,0xaa,
0xaa,
/* U+8c0b */
0x00,0x00,0x06,0x00,0x19,0x00,0xe0,0x00,0xb0,0x01,0xd0,0x0b,0x80,0x5f,0x55,0x6e,0x50,0x1f,0x1f,0xff,0xff,0xfe,0x00,0x78,
0x0b,0x00,0x1d,0x00,0x01,0x00,0xb0,0x01,0xd0,0x00,0x00,0x0b,0xaa,0xbd,0x06,0xa4,0x00,0xba,0xaa,0xd0,0xff,0xc0,0x0b,0x00,
0x1d,0x00,0x2c,0x00,0xb0,0x01,0xd0,0x02,0xc0,0x0b,0xff,0xfd,0x00,0x2c,0x00,0x55,0xe5,0x40,0x02,0xc0,0x00,0x0e,0x00,0x00,
0x2c,0x15,0x55,0xe5,0x55,0x02,0xc1,0xff,0xff,0xff,0xf0,0x2c,0x00,0x1e,0xee,0x00,0x02,0xc8,0x02,0xce,0x74,0x00,0x2d,0xd0,
0x74,0xe2,0xc0,0x02,0xf8,0x2e,0x0e,0x0f,0x40,0x3e,0x1f,0x40,0xe0,0x2e,0x03,0x41,0xd0,0x0e,0x00,0xa0,0x10,0x00,0x00,0xe0,
0x00,0x00,0x00,0x00,0x05,0x00,0x00,
/* U+8c1f */
0x00,0x00,0x02,0x80,0x60,0x00,0xe0,0x00,0x28,0x07,0x00,0x0b,0x80,0xab,0xea,0xba,0x90,0x1f,0x0f,0xff,0xff,0xfe,0x00,0x78,
0x02,0x80,0x70,0x00,0x01,0x00,0x28,0x06,0x00,0x00,0x00,0x2a,0xaa,0xaa,0x45,0x54,0x03,0xea,0xaa,0xf4,0xff,0xc0,0x34,0x00,
0x03,0x45,0x6c,0x03,0xaa,0xaa,0xb4,0x02,0xc0,0x3e,0xaa,0xab,0x40,0x2c,0x03,0x40,0x00,0x34,0x02,0xc0,0x3a,0xaa,0xab,0x40,
0x2c,0x02,0xaa,0xea,0xa4,0x02,0xc0,0x00,0x1d,0x00,0x00,0x2c,0x05,0x56,0xe5,0x55,0x02,0xc5,0xff,0xff,0xff,0xe0,0x2d,0xc5,
0x57,0xf5,0x54,0x02,0xf8,0x01,0xf2,0xd0,0x00,0x3e,0x00,0x7d,0x0b,0x80,0x03,0x80,0xbf,0x40,0x2f,0x80,0x10,0x2f,0x40,0x00,
0x2f,0x00,0x00,0x40,0x00,0x00,0x50,
/* U+8c22 */
0x00,0x00,0x0a,0x00,0x02,0x40,0xe0,0x00,0xe0,0x00,0x74,0x0b,0x80,0x6e,0x54,0x07,0x40,0x2e,0x1f,0xff,0x80,0x74,0x00,0xb5,
0xd0,0x38,0x07,0x40,0x01,0x1d,0x03,0xaf,0xff,0x00,0x01,0xff,0xf9,0xab,0xa5,0x54,0x1e,0x57,0x80,0x74,0xff,0xc1,0xd0,0x38,
0x07,0x45,0x7c,0x1e,0xab,0xa4,0x74,0x03,0xc1,0xea,0xba,0xc7,0x40,0x3c,0x1d,0x03,0x9d,0x74,0x03,0xc1,0xe5,0x78,0xe7,0x40,
0x3c,0xbf,0xff,0x87,0x74,0x03,0xc5,0x56,0xf8,0x37,0x40,0x3c,0x00,0x77,0x80,0x74,0x03,0xc4,0x0a,0x38,0x07,0x40,0x3e,0xc2,
0xd3,0x80,0x74,0x03,0xf8,0xb8,0x38,0x07,0x40,0x3d,0x2e,0x03,0x80,0x74,0x03,0x47,0x40,0x74,0x47,0x40,0x00,0x10,0xbf,0x0b,
0xf0,0x00,0x00,0x01,0x40,0x54,0x00,
/* U+8c26 */
0x00,0x00,0x05,0x00,0x60,0x00,0xe0,0x00,0xb4,0x0b,0x00,0x0b,0x80,0x03,0x80,0xe0,0x00,0x1e,0x1f,0xff,0xff,0xfd,0x00,0x79,
0xab,0xeb,0xea,0x90,0x01,0x00,0x2c,0x38,0x00,0x00,0x00,0x56,0xd7,0x95,0x45,0x54,0x07,0xff,0xff,0xf4,0xff,0xc0,0x02,0xc3,
0x83,0x45,0x7c,0x00,0x2c,0x38,0x34,0x02,0xc2,0xff,0xff,0xff,0xf0,0x2c,0x15,0x6d,0x79,0xb9,0x02,0xc0,0x02,0xc3,0x83,0x40,
0x2c,0x05,0x6d,0x79,0xb4,0x02,0xc0,0xbf,0xff,0xff,0x40,0x2c,0x00,0x7c,0x3e,0x00,0x02,0xc4,0x0f,0xc3,0xf4,0x00,0x2d,0xd2,
0xec,0x3a,0xc0,0x02,0xf8,0xb6,0xc3,0x8b,0x40,0x3e,0x2e,0x2c,0x38,0x2d,0x03,0x87,0x42,0xc3,0x80,0xa0,0x10,0x10,0x2c,0x38,
0x00,0x00,0x00,0x01,0x41,0x40,0x00,
/* U+8c2f */
0x00,0x00,0x06,0x0a,0x00,0x00,0xe0,0x00,0xe0,0xb0,0x00,0x0b,0x80,0x1d,0x07,0x40,0x00,0x1f,0x03,0xff,0xff,0xfc,0x00,0x78,
0x7e,0xab,0xea,0x80,0x01,0x0f,0x80,0x38,0x00,0x00,0x02,0xf8,0x03,0x80,0x05,0x54,0x77,0xff,0xff,0xf4,0xff,0xca,0x3d,0x57,
0x95,0x05,0x6c,0x03,0x80,0x38,0x00,0x02,0xc0,0x39,0x57,0x95,0x00,0x2c,0x03,0xff,0xff,0xf4,0x02,0xc0,0x39,0x57,0x95,0x00,
0x2c,0x03,0x80,0x38,0x00,0x02,0xc0,0x3d,0x57,0xd5,0x40,0x2c,0x03,0xff,0xff,0xfd,0x02,0xc5,0x00,0x00,0x00,0x00,0x2d,0xd1,
0x00,0x14,0x64,0x02,0xf8,0x74,0xd2,0xc3,0x80,0x3e,0x0b,0x0a,0x1d,0x2c,0x03,0x80,0xe0,0xb0,0xe0,0xe0,0x10,0x1d,0x07,0x4b,
0x0a,0x00,0x00,0x40,0x10,0x50,0x00,
/* U+8c31 */
0x00,0x00,0x05,0x00,0x14,0x00,0xe0,0x00,0xb0,0x03,0x80,0x0b,0x80,0x03,0x80,0xb4,0x00,0x1e,0x1f,0xff,0xff,0xfd,0x00,0x75,
0xaa,0xea,0xea,0x80,0x01,0x05,0x0d,0x1d,0x18,0x00,0x00,0xb0,0xd1,0xd3,0x85,0x54,0x03,0x4d,0x1d,0x70,0xff,0xc0,0x14,0xd1,
0xd5,0x05,0x7c,0x2a,0xae,0xae,0xaa,0x02,0xc3,0xff,0xff,0xff,0xe0,0x2c,0x00,0x00,0x00,0x00,0x02,0xc0,0x15,0x55,0x55,0x00,
0x2c,0x03,0xff,0xff,0xf0,0x02,0xc0,0x38,0x00,0x0b,0x00,0x2c,0x03,0x80,0x00,0x70,0x02,0xc5,0x3e,0xaa,0xab,0x00,0x2d,0xe3,
0xea,0xaa,0xf0,0x02,0xfc,0x38,0x00,0x07,0x00,0x3e,0x03,0x80,0x00,0x70,0x03,0x80,0x3f,0xff,0xff,0x00,0x10,0x03,0x95,0x55,
0xb0,0x00,0x00,0x14,0x00,0x05,0x00,
/* U+8c37 */
0x00,0x03,0x40,0x38,0x00,0x00,0x01,0xf4,0x02,0xf4,0x00,0x00,0x7d,0x00,0x07,0xd0,0x00,0x2f,0x40,0x00,0x0b,0x80,0x1f,0x80,
0x0a,0x00,0x2e,0x02,0xd0,0x02,0xf8,0x00,0xb4,0x00,0x00,0xfa,0xe0,0x01,0x00,0x00,0x7d,0x0b,0xd0,0x00,0x00,0x2f,0x40,0x1f,
0x80,0x00,0x2f,0x80,0x00,0x6f,0x40,0x2f,0xd0,0x00,0x00,0x7f,0x8b,0xd5,0x55,0x55,0x55,0x7e,0x10,0xff,0xff,0xff,0xf0,0x40,
0x0e,0x55,0x55,0x5b,0x00,0x00,0xe0,0x00,0x00,0xb0,0x00,0x0e,0x00,0x00,0x0b,0x00,0x00,0xe0,0x00,0x00,0xb0,0x00,0x0e,0x00,
0x00,0x0b,0x00,0x00,0xe5,0x55,0x55,0xb0,0x00,0x0f,0xff,0xff,0xff,0x00,0x00,0xe5,0x55,0x55,0xb0,0x00,0x05,0x00,0x00,0x05,
0x00,
/* U+8c61 */
0x00,0x01,0x90,0x00,0x00,0x00,0x00,0x7d,0x00,0x00,0x00,0x00,0x2f,0xff,0xff,0x40,0x00,0x1b,0x95,0x56,0xe0,0x00,0x1b,0xd0,
0x00,0x78,0x00,0x07,0xff,0xff,0xff,0xff,0xf4,0x27,0xea,0xab,0xea,0xab,0x40,0x38,0x00,0x74,0x00,0x74,0x03,0x80,0x0f,0x00,
0x07,0x40,0x3f,0xff,0xff,0xff,0xf4,0x01,0x56,0xfe,0x55,0x55,0x00,0x01,0xbe,0xe0,0x00,0x60,0x06,0xfd,0x0b,0x80,0x2f,0x42,
0xf9,0x02,0xfd,0x6f,0x80,0x04,0x02,0xf4,0xff,0xc0,0x00,0x06,0xf8,0x0f,0x5e,0x00,0x1f,0xe4,0x07,0xf4,0xb4,0x01,0xe4,0x07,
0xe3,0x83,0xd0,0x00,0x1b,0xe4,0x38,0x1f,0x40,0x5b,0xe4,0x07,0x80,0x7e,0x2f,0x90,0x05,0xf4,0x00,0xe1,0x80,0x07,0xfd,0x00,
0x00,0x00,0x00,0x15,0x00,0x00,0x00,
/* U+8c6b */
0x00,0x00,0x00,0x60,0x00,0x06,0xaa,0xa0,0x0e,0x00,0x00,0xbf,0xff,0x02,0xff,0xf4,0x00,0x01,0xe0,0xb9,0x5b,0x40,0x04,0x2c,
0x2e,0x02,0xd0,0x02,0xdb,0x4b,0xea,0xbe,0xa4,0x0f,0xe0,0xae,0xab,0xab,0x80,0x7c,0x01,0xd0,0xb0,0x38,0x56,0xd5,0x1d,0x0e,
0x03,0x8f,0xff,0xf9,0xff,0xff,0xf8,0x57,0xdb,0x45,0xb9,0x55,0x40,0x38,0xb0,0x2f,0xc0,0x10,0x03,0x9e,0x2f,0x8e,0x0b,0x80,
0x3a,0xc3,0x91,0xf7,0xe0,0x03,0x84,0x01,0xbb,0xfc,0x00,0x38,0x01,0xb9,0x38,0xe0,0x03,0x81,0xfd,0x0b,0xcb,0x00,0x38,0x09,
0x07,0xec,0x34,0x03,0x80,0x06,0xe2,0xc2,0xc0,0x38,0x07,0xf4,0x2c,0x0e,0x17,0x87,0xe4,0x57,0x80,0x77,0xf4,0x24,0x07,0xf4,
0x01,0x00,0x00,0x00,0x14,0x00,0x00,
/* U+8c79 */
0x00,0x01,0x00,0x64,0x00,0x00,0x07,0xe0,0x2d,0x00,0x00,0x6f,0xd0,0x0f,0x00,0x02,0xfe,0x40,0x03,0x80,0x00,0x64,0x10,0x91,
0xff,0xff,0xc0,0x1d,0xb4,0xfa,0xaa,0xf2,0x82,0xf8,0x74,0x00,0x2c,0x79,0xb8,0x3c,0x00,0x0b,0x0b,0xf8,0x2d,0x00,0x02,0xdb,
0xeb,0x4e,0x00,0x00,0xb3,0x80,0xe1,0x4a,0x00,0x2c,0x01,0xfd,0x02,0xd0,0x0b,0x02,0xe3,0xc0,0x3c,0x02,0xcb,0xe0,0xb0,0x07,
0x80,0xbb,0x90,0xbd,0x00,0xb4,0x2c,0x40,0xbb,0x40,0x1d,0x0f,0x01,0xf4,0xe0,0x00,0x03,0xc7,0xf4,0x38,0x00,0x00,0xeb,0xd0,
0x0e,0x00,0x00,0x38,0x80,0x07,0x80,0x00,0x1e,0x00,0x5b,0xc0,0x09,0x6f,0x00,0x7f,0x90,0x03,0xfe,0x40,0x04,0x00,0x00,0x00,
0x00,
/* U+8d1d */
0x02,0xaa,0xaa,0xaa,0x80,0x03,0xff,0xff,0xff,0xc0,0x03,0xc0,0x00,0x02,0xc0,0x03,0xc0,0x00,0x02,0xc0,0x03,0xc0,0x3c,0x02,
0xc0,0x03,0xc0,0x3c,0x02,0xc0,0x03,0xc0,0x3c,0x02,0xc0,0x03,0xc0,0x3c,0x02,0xc0,0x03,0xc0,0x3c,0x02,0xc0,0x03,0xc0,0x3c,
0x02,0xc0,0x03,0xc0,0x38,0x02,0xc0,0x03,0xc0,0x38,0x02,0xc0,0x03,0xc0,0x74,0x02,0xc0,0x03,0xc0,0xb4,0x02,0xc0,0x02,0x80,
0xf0,0x02,0x80,0x00,0x02,0xd1,0x40,0x00,0x00,0x07,0x82,0xf4,0x00,0x00,0x2f,0x40,0x7e,0x00,0x01,0xf8,0x00,0x07,0xe0,0x6f,
0xe0,0x00,0x00,0xbd,0x79,0x00,0x00,0x00,0x1d,
/* U+8d1e */
0x00,0x00,0xa0,0x00,0x00,0x00,0x00,0xb0,0x00,0x00,0x00,0x00,0xbf,0xff,0xfc,0x00,0x00,0xba,0xaa,0xa8,0x00,0x00,0xb0,0x00,
0x00,0x00,0x00,0xb0,0x00,0x00,0x06,0xaa,0xfa,0xaa,0x90,0x0b,0xff,0xff,0xff,0xe0,0x0b,0x40,0x00,0x01,0xe0,0x0b,0x40,0x14,
0x01,0xe0,0x0b,0x40,0x38,0x01,0xe0,0x0b,0x40,0x38,0x01,0xe0,0x0b,0x40,0x38,0x01,0xe0,0x0b,0x40,0x38,0x01,0xe0,0x0b,0x40,
0x74,0x01,0xe0,0x0b,0x40,0x74,0x01,0xe0,0x0b,0x40,0xf0,0x01,0xe0,0x00,0x02,0xd2,0xe0,0x00,0x00,0x0b,0x80,0xbd,0x00,0x00,
0x7e,0x00,0x1b,0xd0,0x1b,0xf4,0x00,0x01,0xf8,0xbe,0x40,0x00,0x00,0x2e,0x10,0x00,0x00,0x00,0x04,
/* U+8d21 */
0x06,0xaa,0xaa,0xaa,0xa9,0x00,0xbf,0xff,0xff,0xff,0xe0,0x00,0x00,0x0f,0x00,0x00,0x00,0x00,0x00,0xf0,0x00,0x00,0x00,0x00,
0x0f,0x00,0x00,0x07,0xff,0xff,0xff,0xff,0xfd,0x6a,0xaa,0xaa,0xaa,0xaa,0x90,0x00,0x00,0x00,0x00,0x00,0x00,0x55,0x55,0x55,
0x54,0x00,0x1f,0xff,0xff,0xff,0x80,0x01,0xd5,0x55,0x55,0x78,0x00,0x1d,0x00,0x50,0x03,0x80,0x01,0xd0,0x0b,0x00,0x38,0x00,
0x1d,0x00,0xe0,0x03,0x80,0x01,0xd0,0x0e,0x00,0x38,0x00,0x1d,0x01,0xd0,0x03,0x80,0x01,0x90,0x3c,0x50,0x24,0x00,0x00,0x0b,
0x8b,0xe4,0x00,0x00,0x06,0xe0,0x1b,0xf4,0x01,0x6b,0xf8,0x00,0x07,0xf4,0x3f,0xe4,0x00,0x00,0x07,0xd1,0x00,0x00,0x00,0x00,
0x04,
/* U+8d24 */
0x00,0x24,0x00,0x00,0x00,0x04,0x0e,0x0a,0xaa,0xaa,0x4b,0x03,0x83,0xff,0xff,0xd2,0xc0,0xe0,0x28,0x00,0xb0,0xb0,0x38,0x07,
0x40,0xb4,0x2c,0x0e,0x00,0xb8,0xb8,0x0b,0x03,0x80,0x07,0xf4,0x02,0xc0,0xe0,0x1b,0xff,0x90,0xb0,0x38,0x7f,0x91,0xbf,0x40,
0x0e,0x09,0x00,0x05,0x90,0x00,0x00,0x00,0x00,0x00,0x2f,0xff,0xff,0xff,0x80,0x0b,0xaa,0xaa,0xaa,0xe0,0x02,0xc0,0x00,0x00,
0x38,0x00,0xb0,0x02,0xc0,0x0e,0x00,0x2c,0x00,0xe0,0x03,0x80,0x0b,0x00,0x74,0x00,0xe0,0x02,0xc0,0x7c,0x00,0x38,0x00,0x50,
0x7c,0x39,0x05,0x00,0x01,0xfd,0x0b,0xf9,0x00,0x6b,0xf8,0x00,0x1b,0xf9,0x3f,0x90,0x00,0x00,0x1b,0xd5,0x00,0x00,0x00,0x00,
0x10,
/* U+8d25 */
0x00,0x00,0x00,0x18,0x00,0x02,0xaa,0xaa,0x02,0xc0,0x00,0x3f,0xff,0xe0,0x3c,0x00,0x03,0x80,0x0a,0x03,0x80,0x00,0x38,0x10,
0xa0,0x7f,0xff,0xe3,0x87,0x4a,0x0b,0xaa,0xf9,0x38,0x74,0xa0,0xf0,0x0b,0x03,0x87,0x4a,0x1f,0x00,0xb0,0x38,0x74,0xa3,0xf4,
0x0e,0x03,0x87,0x4a,0x7b,0x40,0xe0,0x38,0x74,0xa7,0x28,0x0d,0x03,0x87,0x4a,0x02,0xc1,0xd0,0x38,0x70,0xa0,0x1d,0x2c,0x03,
0x87,0x0a,0x00,0xf3,0x80,0x38,0xb0,0xa0,0x07,0xb4,0x03,0x8b,0x0a,0x00,0x3f,0x00,0x14,0xe0,0x50,0x02,0xe0,0x00,0x1d,0x50,
0x00,0x7f,0x40,0x03,0xcb,0x40,0x0f,0x7d,0x00,0xb4,0x2d,0x07,0xd1,0xf4,0x7e,0x00,0xf1,0xf4,0x07,0xe7,0x40,0x07,0x2d,0x00,
0x1e,
/* U+8d35 */
0x00,0x00,0x05,0x00,0x00,0x00,0x00,0x00,0xf0,0x00,0x00,0x03,0xff,0xff,0xff,0xfc,0x00,0x3d,0x55,0xf5,0x57,0xc0,0x03,0x80,
0x0f,0x00,0x2c,0x00,0x3e,0xaa,0xfa,0xab,0xc0,0x02,0xaa,0xaf,0xaa,0xa8,0x00,0x00,0x00,0xf0,0x00,0x00,0x6a,0xaa,0xaf,0xaa,
0xaa,0x9a,0xaa,0xaa,0xaa,0xaa,0xaa,0x00,0x00,0x00,0x00,0x00,0x00,0x1a,0xaa,0xaa,0xaa,0x40,0x01,0xff,0xff,0xff,0xf8,0x00,
0x1d,0x00,0x00,0x03,0x80,0x01,0xd0,0x0a,0x00,0x38,0x00,0x1d,0x00,0xe0,0x03,0x80,0x01,0xd0,0x0e,0x00,0x38,0x00,0x1d,0x02,
0xd0,0x03,0x80,0x01,0x40,0x78,0xa4,0x10,0x00,0x00,0x2f,0x4b,0xf9,0x00,0x15,0xaf,0xd0,0x06,0xfe,0x47,0xfe,0x90,0x00,0x01,
0xbd,0x14,0x00,0x00,0x00,0x00,0x40,
/* U+8d39 */
0x00,0x06,0x01,0x90,0x00,0x15,0x5b,0x96,0xe5,0x54,0x3f,0xff,0xff,0xff,0xf8,0x00,0x07,0x41,0xd0,0x38,0x15,0x5b,0x96,0xe5,
0x78,0x2f,0xff,0xff,0xff,0xf8,0x2c,0x0b,0x01,0xd0,0x00,0x3e,0xaf,0xaa,0xea,0xa9,0x2a,0xbf,0xaa,0xfa,0xae,0x00,0x7c,0x01,
0xd0,0x0e,0x06,0xf4,0x01,0xd1,0xad,0xbf,0x80,0x00,0x51,0x94,0x6b,0xff,0xff,0xff,0xe0,0x07,0xaa,0xaa,0xaa,0xf0,0x07,0x40,
0x14,0x00,0xb0,0x07,0x40,0x3c,0x00,0xb0,0x07,0x40,0x38,0x00,0xb0,0x07,0x40,0x74,0x00,0xb0,0x06,0x40,0xf1,0x40,0xa0,0x00,
0x07,0xd2,0xf9,0x00,0x15,0xbf,0x40,0x1b,0xe4,0xbf,0xe4,0x00,0x00,0x7e,0x54,0x00,0x00,0x00,0x05,
/* U+8d3a */
0x00,0x60,0x00,0x00,0x00,0x00,0x2c,0x00,0x05,0x55,0x43,0xff,0xff,0x87,0xff,0xf4,0xab,0xea,0xe1,0xe5,0x5d,0x00,0xe0,0x38,
0x74,0x07,0x40,0xb4,0x0e,0x1d,0x01,0xd0,0x38,0x03,0x87,0x40,0x74,0x7d,0x02,0xd1,0xfa,0xad,0x7d,0x0f,0xf0,0x2a,0xaa,0x49,
0x01,0x50,0x00,0x00,0x00,0x0a,0xaa,0xaa,0xaa,0x40,0x03,0xff,0xff,0xff,0xe0,0x00,0xe0,0x00,0x00,0x38,0x00,0x38,0x01,0x90,
0x0e,0x00,0x0e,0x00,0xb0,0x03,0x80,0x03,0x80,0x2c,0x00,0xe0,0x00,0xe0,0x0e,0x00,0x38,0x00,0x38,0x0b,0x40,0x0a,0x00,0x00,
0x07,0xc7,0x90,0x00,0x00,0x07,0xd0,0xbf,0x40,0x05,0xaf,0xd0,0x01,0xbe,0x43,0xfe,0x40,0x00,0x06,0xe0,0x40,0x00,0x00,0x00,
0x10,
/* U+8d3e */
0x6a,0xaa,0xaa,0xaa,0xaa,0x9b,0xff,0xff,0xff,0xff,0xfe,0x00,0x02,0xc0,0x38,0x00,0x00,0x55,0x6d,0x57,0x95,0x50,0x0f,0xff,
0xff,0xff,0xff,0x00,0xe0,0x2d,0x07,0x80,0xb0,0x0e,0x02,0xc0,0x38,0x0b,0x00,0xea,0xae,0xab,0xaa,0xf0,0x0f,0xff,0xff,0xff,
0xff,0x00,0x00,0x00,0x00,0x00,0x00,0x01,0xaa,0xaa,0xaa,0xa4,0x00,0x2f,0xff,0xff,0xff,0x80,0x02,0xc0,0x00,0x00,0x38,0x00,
0x2c,0x00,0xb0,0x03,0x80,0x02,0xc0,0x0e,0x00,0x38,0x00,0x2c,0x01,0xd0,0x03,0x80,0x02,0xc0,0x7c,0x00,0x38,0x00,0x14,0x1f,
0x1e,0x41,0x40,0x00,0x1f,0xd1,0xbf,0x90,0x01,0xbf,0xe0,0x00,0x6f,0xe4,0x3f,0x90,0x00,0x00,0x1b,0xd1,0x00,0x00,0x00,0x00,
0x04,
/* U+8d44 */
0x00,0x00,0x60,0x00,0x00,0x29,0x00,0x3c,0x00,0x00,0x07,0xf4,0x2f,0xff,0xff,0xd0,0x19,0x2e,0xab,0xaa,0xb4,0x00,0x1e,0x02,
0xd0,0x3c,0x00,0x12,0x00,0xf4,0x1e,0x00,0x7c,0x00,0xbb,0x41,0x00,0x7d,0x01,0xf8,0xb9,0x00,0xb8,0x1b,0xf4,0x07,0xe5,0x28,
0x0b,0x90,0x00,0x1b,0xd0,0x01,0x00,0x00,0x00,0x10,0x2f,0xff,0xff,0xff,0x80,0x0b,0xaa,0xaa,0xaa,0xe0,0x02,0xc0,0x05,0x00,
0x38,0x00,0xb0,0x03,0xc0,0x0e,0x00,0x2c,0x00,0xe0,0x03,0x80,0x0b,0x00,0x74,0x00,0xe0,0x02,0xc0,0x2d,0x00,0x38,0x00,0x50,
0x1e,0x29,0x04,0x00,0x00,0x2f,0x0b,0xf9,0x00,0x56,0xfe,0x00,0x1b,0xf8,0x3f,0xe9,0x00,0x00,0x1b,0x85,0x00,0x00,0x00,0x00,
0x40,
/* U+8d49 */
0x00,0x00,0x0a,0x00,0x00,0x00,0x55,0x55,0xf5,0x55,0x50,0x0f,0xff,0xff,0xff,0xff,0x00,0x56,0x55,0xf5,0x59,0x50,0x00,0x74,
0x0f,0x01,0xd0,0x00,0x02,0xc0,0xf0,0x38,0x00,0x2f,0xff,0xff,0xff,0xff,0x81,0xaa,0xae,0xfb,0xaa,0xa4,0x00,0x0b,0x4f,0x1e,
0x40,0x00,0x1b,0x90,0xf0,0x6e,0x50,0x6f,0xd0,0x05,0x00,0x6f,0xeb,0x9a,0xaa,0xaa,0xaa,0x9a,0x00,0xfa,0xaa,0xaa,0xb8,0x00,
0x0e,0x00,0x10,0x07,0x80,0x00,0xe0,0x0b,0x00,0x78,0x00,0x0e,0x00,0xe0,0x07,0x80,0x00,0xe0,0x0e,0x00,0x78,0x00,0x0e,0x02,
0xd0,0x07,0x80,0x00,0x50,0x78,0xa4,0x00,0x00,0x00,0x2f,0x0b,0xf9,0x00,0x15,0xaf,0xd0,0x06,0xfe,0x43,0xfe,0x90,0x00,0x01,
0xbc,0x14,0x00,0x00,0x00,0x01,0x40,
/* U+8d5b */
0x00,0x00,0x19,0x00,0x00,0x01,0x55,0x55,0xf5,0x55,0x54,0x2f,0xff,0xff,0xff,0xff,0x82,0xd5,0x6d,0x57,0x95,0x78,0x2c,0x56,
0xd5,0x79,0x53,0x81,0x8f,0xff,0xff,0xff,0x24,0x00,0x02,0xc0,0x38,0x00,0x00,0x06,0xbe,0xab,0xe9,0x00,0x00,0x6b,0xea,0xbe,
0x90,0x00,0x00,0x2c,0x03,0x80,0x00,0x3f,0xff,0xff,0xff,0xff,0xd1,0x56,0xe5,0x55,0xb9,0x54,0x00,0xb8,0x00,0x02,0xe0,0x01,
0xbf,0xff,0xff,0xff,0xe4,0x79,0x79,0x55,0x55,0xe6,0xd1,0x07,0x40,0x90,0x0e,0x04,0x00,0x74,0x1d,0x00,0xe0,0x00,0x07,0x41,
0xd0,0x0e,0x00,0x00,0x64,0x3c,0x50,0x90,0x00,0x00,0x0b,0x4f,0xd0,0x00,0x00,0x5b,0xe0,0x1b,0xe4,0x00,0xbf,0xe4,0x00,0x07,
0xe0,0x05,0x40,0x00,0x00,0x04,0x00,
/* U+8d5e */
0x01,0x18,0x00,0x51,0x80,0x00,0xb2,0xc0,0x0a,0x1c,0x00,0x0f,0xbe,0xa1,0xfb,0xfa,0x43,0xea,0xea,0x3e,0xae,0xa4,0x20,0x2c,
0x02,0x01,0xc0,0x02,0xab,0xea,0x6a,0xbe,0xa8,0x2b,0xef,0xa2,0xae,0xfa,0x80,0x38,0xa0,0x02,0xcb,0x04,0x07,0x4a,0x24,0x78,
0xb0,0xd0,0xf0,0xfe,0x6f,0x07,0xad,0x7d,0x0a,0x41,0x80,0x1a,0x42,0x15,0x55,0x55,0x55,0x40,0x02,0xff,0xff,0xff,0xf8,0x00,
0x2c,0x00,0x00,0x03,0x80,0x02,0xc0,0x06,0x00,0x38,0x00,0x2c,0x00,0xb0,0x03,0x80,0x02,0xc0,0x1e,0x00,0x38,0x00,0x2c,0x03,
0xd0,0x03,0x80,0x01,0x81,0xf4,0xa4,0x14,0x00,0x01,0xbd,0x1b,0xf9,0x00,0x1a,0xfe,0x40,0x06,0xfe,0x43,0xf9,0x00,0x00,0x01,
0xbd,0x14,0x00,0x00,0x00,0x00,0x40,
/* U+8d63 */
0x00,0x90,0x00,0x09,0x00,0x00,0x0e,0x00,0x03,0xd5,0x50,0x7f,0xff,0xe0,0xbf,0xff,0x86,0xfa,0xba,0x7e,0x41,0xe0,0x0b,0x07,
0x02,0x2e,0xb8,0x00,0x74,0xa0,0x01,0xbf,0x50,0xbf,0xff,0xf7,0xf9,0x1b,0xe5,0x55,0x55,0x29,0x55,0x69,0x00,0x00,0x00,0xab,
0xea,0x03,0xff,0xfd,0x00,0x38,0x00,0x39,0x55,0xd6,0xab,0xea,0x93,0x95,0x5d,0x6a,0xaa,0xa9,0x3f,0xff,0xd0,0x00,0x00,0x03,
0x80,0x1d,0x1f,0xff,0xf4,0x39,0x56,0xd1,0xd5,0x57,0x43,0xff,0xfd,0x1c,0x24,0x34,0x00,0xb0,0x01,0xc3,0x83,0x40,0x0b,0x40,
0x1c,0x34,0x34,0xbf,0xff,0xf5,0xc7,0x43,0x45,0x5b,0x55,0x01,0xe3,0x80,0x00,0xb0,0x01,0xbc,0x1f,0x80,0x0b,0x00,0xfe,0x00,
0x2e,0x00,0x50,0x05,0x00,0x00,0x10,
/* U+8d64 */
0x00,0x00,0x0a,0x00,0x00,0x00,0x00,0x00,0xf0,0x00,0x00,0x00,0x00,0x0f,0x00,0x00,0x00,0xaa,0xaa,0xfa,0xaa,0xa0,0x0b,0xff,
0xff,0xff,0xff,0x00,0x00,0x00,0xf0,0x00,0x00,0x00,0x00,0x0f,0x00,0x00,0x00,0x00,0x00,0xf0,0x00,0x00,0x7f,0xff,0xff,0xff,
0xff,0xd6,0xaa,0xbf,0xab,0xea,0xa9,0x00,0x01,0xd0,0x38,0x00,0x00,0x14,0x1d,0x03,0x81,0x00,0x02,0xc1,0xd0,0x38,0x78,0x00,
0x78,0x2c,0x03,0x82,0xc0,0x0b,0x02,0xc0,0x38,0x0e,0x01,0xe0,0x38,0x03,0x80,0xb0,0x78,0x07,0x40,0x38,0x03,0x87,0x01,0xf0,
0x03,0x80,0x2c,0x00,0x3d,0x00,0x38,0x01,0x80,0x1b,0x40,0x03,0x80,0x00,0x07,0xd0,0x15,0xb8,0x00,0x00,0xb4,0x02,0xff,0x40,
0x00,0x00,0x00,0x05,0x40,0x00,0x00,
/* U+8d6b */
0x00,0x14,0x00,0x00,0x40,0x00,0x03,0x80,0x00,0x1d,0x00,0x00,0x38,0x00,0x01,0xd0,0x02,0xab,0xea,0x0b,0xff,0xfc,0x2a,0xbe,
0xa0,0xaa,0xea,0x80,0x03,0x80,0x00,0x1d,0x00,0x00,0x38,0x00,0x01,0xd0,0x05,0x57,0x95,0x45,0x6e,0x55,0x7f,0xff,0xf9,0xff,
0xff,0xf1,0x5d,0x75,0x05,0xe6,0x95,0x01,0xd7,0x50,0x0a,0x28,0x01,0x5d,0x77,0x14,0xa2,0xa4,0x29,0xd7,0x75,0xce,0x2a,0x83,
0x5c,0x76,0xa8,0xd2,0xac,0x35,0xc7,0x5f,0x8d,0x29,0xdb,0x2c,0x74,0x75,0xd2,0x8d,0xe3,0x87,0x4b,0x2c,0x28,0xa4,0x34,0x74,
0xd2,0x82,0x8b,0x0b,0x07,0x44,0x74,0x28,0x60,0xe0,0x74,0x0b,0x02,0x80,0x3c,0x07,0x42,0xd0,0x38,0x07,0x47,0xe0,0x78,0x3f,
0x40,0x00,0x14,0x00,0x01,0x40,0x00,
/* U+8d75 */
0x00,0x24,0x00,0x00,0x00,0x00,0x03,0x80,0x00,0x00,0x34,0x00,0x38,0x00,0x40,0x07,0x41,0x57,0x95,0x2d,0x00,0xb0,0x3f,0xff,
0xf4,0xf0,0x0e,0x00,0x03,0x80,0x07,0x81,0xd0,0x00,0x38,0x00,0x2d,0x2c,0x00,0x03,0x80,0x00,0xf7,0x80,0x55,0x79,0x54,0x07,
0xf4,0x0b,0xff,0xff,0xd0,0x1f,0x00,0x55,0x6d,0x54,0x01,0xf0,0x00,0x01,0xd0,0x00,0x3f,0x80,0x1d,0x1d,0x00,0x0b,0x6d,0x01,
0xd1,0xd5,0x41,0xe0,0xe0,0x1c,0x1f,0xf8,0x3c,0x07,0x42,0xc1,0xd5,0x0f,0x40,0x3c,0x2d,0x1d,0x02,0xd0,0x01,0xe3,0xf1,0xd0,
0x74,0x00,0x09,0x7b,0xad,0x01,0x00,0x00,0x0b,0x1f,0xd0,0x00,0x00,0x00,0xe0,0x2f,0xfa,0xaa,0xaa,0xad,0x00,0x5a,0xbf,0xff,
0xfe,
/* U+8d77 */
0x00,0x28,0x00,0x00,0x00,0x00,0x03,0x80,0x00,0x00,0x00,0x00,0x38,0x01,0xff,0xff,0x41,0x57,0xd5,0x4a,0xaa,0xb4,0x3f,0xff,
0xf8,0x00,0x07,0x40,0x03,0xc0,0x00,0x00,0x74,0x00,0x38,0x00,0x00,0x07,0x40,0x03,0x80,0x00,0x00,0x74,0x15,0x7d,0x54,0xbf,
0xff,0x47,0xff,0xff,0xcb,0xaa,0xa4,0x15,0x6d,0x54,0xb0,0x00,0x00,0x01,0xd0,0x0b,0x00,0x00,0x1d,0x1d,0x00,0xb0,0x00,0x01,
0xd1,0xe5,0x4b,0x00,0x0d,0x1d,0x1f,0xf8,0xb0,0x01,0xd2,0xc1,0xd5,0x0b,0x00,0x2d,0x2d,0x1d,0x00,0xba,0xab,0xc3,0xf5,0xd0,
0x06,0xff,0xf4,0x7a,0xed,0x00,0x00,0x00,0x0b,0x4f,0xd0,0x00,0x00,0x00,0xf0,0x2f,0xfa,0xaa,0xaa,0xaa,0x00,0x1a,0xaf,0xff,
0xfe,
/* U+8d85 */
0x00,0x64,0x00,0x00,0x00,0x00,0x07,0x40,0x15,0x55,0x54,0x00,0x74,0x07,0xff,0xff,0xc1,0x5b,0x95,0x01,0xe0,0x2c,0x3f,0xff,
0xf0,0x1d,0x02,0xc0,0x07,0x40,0x02,0xc0,0x28,0x00,0x74,0x00,0x78,0x03,0x80,0x07,0x40,0x0f,0x40,0x38,0x15,0xb9,0x57,0xd0,
0x5b,0x47,0xff,0xff,0x74,0x0f,0xe0,0x15,0x7d,0x50,0x00,0x00,0x00,0x03,0x80,0x1a,0xaa,0xa4,0x1d,0x38,0x02,0xff,0xff,0x81,
0xd3,0xd5,0x2c,0x00,0x38,0x1c,0x3f,0xf2,0xc0,0x03,0x82,0xc3,0xd5,0x2c,0x00,0x38,0x2e,0x38,0x02,0xc0,0x03,0x83,0xf7,0x80,
0x2e,0xaa,0xb8,0x76,0xf8,0x02,0xff,0xff,0x87,0x0b,0xd0,0x00,0x00,0x00,0xb0,0x2f,0xfe,0xaa,0xaa,0xaa,0x00,0x1a,0xaf,0xff,
0xfe,
/* U+8d8a */
0x00,0x64,0x00,0x02,0x44,0x00,0x07,0x40,0x00,0x38,0xe0,0x00,0x74,0x00,0x02,0x83,0x81,0x5b,0x95,0x00,0x28,0x18,0x3f,0xff,
0xe7,0xff,0xff,0xe0,0x07,0x40,0x7a,0xbe,0xa9,0x00,0x74,0x07,0x42,0xc0,0x00,0x07,0x40,0x74,0x2c,0x14,0x6a,0xba,0xa7,0x42,
0xc2,0xcb,0xff,0xff,0x74,0x1d,0x38,0x00,0x38,0x07,0x41,0xd7,0x40,0x43,0x80,0x74,0x0e,0xb0,0x1d,0x38,0x07,0x40,0xfd,0x01,
0xc3,0xe9,0x74,0x4b,0xc0,0x2c,0x3e,0x97,0x6c,0x78,0x52,0xc3,0x80,0x7f,0x5f,0x87,0x2e,0x38,0x0b,0x47,0xed,0xa3,0xf7,0x80,
0x00,0xf4,0xbd,0x76,0xf8,0x00,0x1d,0x02,0x8b,0x0f,0x90,0x00,0x00,0x00,0xe0,0x2f,0xfa,0xaa,0xaa,0xa9,0x00,0x5a,0xff,0xff,
0xfe,
/* U+8db3 */
0x00,0xaa,0xaa,0xaa,0xa8,0x00,0x1f,0xff,0xff,0xff,0xc0,0x01,0xe0,0x00,0x00,0x3c,0x00,0x1e,0x00,0x00,0x03,0xc0,0x01,0xe0,
0x00,0x00,0x3c,0x00,0x1e,0x00,0x00,0x03,0xc0,0x01,0xe0,0x00,0x00,0x3c,0x00,0x1f,0xff,0xff,0xff,0xc0,0x00,0x55,0x5b,0x95,
0x54,0x00,0x00,0x00,0x74,0x00,0x00,0x00,0x64,0x07,0x40,0x00,0x00,0x0b,0x40,0x74,0x00,0x00,0x00,0xf0,0x07,0xaa,0xaa,0x00,
0x1e,0x00,0x7f,0xff,0xf4,0x02,0xe0,0x07,0x40,0x00,0x00,0x3f,0x40,0x74,0x00,0x00,0x07,0xac,0x07,0x40,0x00,0x00,0xf0,0xf4,
0x74,0x00,0x00,0x2e,0x07,0xeb,0x40,0x00,0x07,0xc0,0x0b,0xfe,0xaa,0xa9,0x74,0x00,0x06,0xaf,0xff,0xd1,0x00,0x00,0x00,0x00,
0x00,
/* U+8def */
0x00,0x00,0x00,0x24,0x00,0x02,0xaa,0xa4,0x07,0x40,0x00,0x2f,0xff,0x80,0xfa,0xaa,0x02,0xc0,0x38,0x1f,0xff,0xf0,0x2c,0x03,
0x87,0xc0,0x1e,0x02,0xc0,0x39,0xfe,0x03,0xc0,0x2c,0x03,0xbd,0xb4,0xb8,0x02,0xea,0xb9,0x43,0xee,0x00,0x2f,0xff,0x80,0x1f,
0xc0,0x00,0x07,0x40,0x02,0xfd,0x00,0x00,0x74,0x01,0xf9,0xf8,0x01,0x47,0x41,0xfd,0x02,0xf9,0x28,0x75,0x7d,0x00,0x06,0xf2,
0x87,0xf9,0x6a,0xaa,0xa0,0x28,0x75,0x47,0xff,0xff,0x02,0x87,0x40,0x74,0x00,0xb0,0x28,0x74,0x07,0x40,0x0b,0x02,0x87,0x40,
0x74,0x00,0xb0,0x28,0x76,0xd7,0x40,0x0b,0x02,0xdb,0xf8,0x79,0x55,0xb0,0xbf,0xe4,0x07,0xff,0xff,0x0b,0x90,0x00,0x79,0x55,
0xb0,0x00,0x00,0x01,0x00,0x05,0x00,
/* U+8f66 */
0x00,0x00,0x90,0x00,0x00,0x00,0x00,0x1d,0x00,0x00,0x00,0x00,0x03,0xc0,0x00,0x00,0x01,0xaa,0xbe,0xaa,0xaa,0xa4,0x3f,0xff,
0xff,0xff,0xff,0xc0,0x01,0xe0,0x00,0x00,0x00,0x00,0x3c,0x00,0x00,0x00,0x00,0x0b,0x40,0xb0,0x00,0x00,0x01,0xe0,0x0b,0x40,
0x00,0x00,0x3c,0x00,0xb4,0x00,0x00,0x0b,0x95,0x5b,0x95,0x55,0x00,0xbf,0xff,0xff,0xff,0xe0,0x01,0x55,0x5b,0x55,0x54,0x00,
0x00,0x00,0xb4,0x00,0x00,0x00,0x00,0x0b,0x40,0x00,0x01,0x55,0x55,0xb5,0x55,0x54,0x7f,0xff,0xff,0xff,0xff,0xd1,0x55,0x55,
0xb5,0x55,0x54,0x00,0x00,0x0b,0x40,0x00,0x00,0x00,0x00,0xb4,0x00,0x00,0x00,0x00,0x0b,0x40,0x00,0x00,0x00,0x00,0xb4,0x00,
0x00,0x00,0x00,0x06,0x00,0x00,0x00,
/* U+8f6e */
0x01,0x80,0x00,0x06,0x40,0x00,0x2c,0x00,0x00,0xf8,0x00,0x03,0x80,0x00,0x2e,0xd0,0x05,0x79,0x55,0x07,0x8b,0x00,0xff,0xff,
0xd0,0xb0,0x78,0x05,0xb5,0x54,0x2d,0x02,0xd0,0x0e,0x00,0x0b,0x80,0x0f,0x41,0xd3,0x82,0xe0,0x00,0x3d,0x2c,0x38,0x78,0x00,
0x00,0xf3,0x83,0x81,0x19,0x00,0x01,0x79,0x79,0x41,0xd0,0x09,0x07,0xff,0xfd,0x1d,0x07,0xe0,0x15,0x79,0x41,0xd6,0xf4,0x00,
0x03,0x80,0x1e,0xf8,0x00,0x00,0x38,0x11,0xf8,0x00,0x00,0x07,0xef,0x1d,0x00,0x00,0xaf,0xff,0x91,0xd0,0x00,0x9b,0xab,0x80,
0x1d,0x00,0x1d,0x00,0x38,0x01,0xd0,0x01,0xd0,0x03,0x80,0x1d,0x00,0x2c,0x00,0x38,0x00,0xfa,0xab,0x80,0x03,0x80,0x07,0xff,
0xf4,0x00,0x14,0x00,0x00,0x00,0x00,
/* U+8f7d */
0x00,0x06,0x00,0x19,0x10,0x00,0x00,0xb0,0x01,0xd7,0x80,0x1a,0xaf,0xaa,0x5d,0x2d,0x01,0xff,0xff,0xf5,0xd0,0xf4,0x00,0x0b,
0x00,0x1d,0x02,0x40,0x00,0xb0,0x01,0xd0,0x00,0x7f,0xff,0xff,0xff,0xff,0xd6,0xaa,0xaa,0xaa,0xfa,0xa9,0x00,0x24,0x00,0x0e,
0x00,0x00,0x07,0x40,0x00,0xe0,0x60,0x2f,0xff,0xff,0x8b,0x0b,0x01,0xae,0xaa,0xa4,0xb0,0xe0,0x02,0xc1,0x40,0x07,0x1d,0x00,
0x74,0x38,0x00,0x76,0xc0,0x0f,0x9b,0x95,0x03,0xb8,0x00,0xbf,0xff,0xf4,0x2f,0x00,0x00,0x03,0x80,0x02,0xe0,0x40,0x00,0x38,
0x54,0x3d,0x0a,0x1a,0xaf,0xff,0x4f,0xf0,0xe2,0xfe,0xb9,0x42,0xd7,0x4d,0x00,0x03,0x81,0xf8,0x2f,0xc0,0x00,0x38,0x2d,0x00,
0xb8,0x00,0x01,0x40,0x00,0x00,0x00,
/* U+8f89 */
0x00,0x50,0x00,0x00,0x00,0x00,0x0d,0x00,0xaa,0xaa,0xa9,0x50,0xd1,0x8f,0xff,0xff,0xda,0x0d,0x28,0xe0,0x00,0x1d,0x70,0xd3,
0x4e,0x1d,0x01,0xd3,0x4d,0x70,0x52,0xc0,0x05,0x28,0xd7,0x05,0x7d,0x55,0x41,0x4d,0x50,0xbf,0xff,0xfd,0x00,0xd0,0x00,0xb4,
0x00,0x0b,0xff,0xfc,0x1e,0x18,0x00,0x6b,0xbe,0x82,0xc2,0xc0,0x00,0xb2,0xc0,0x78,0x2c,0x00,0x0b,0x2c,0x0b,0xab,0xea,0x80,
0xa2,0xc0,0x6a,0xbe,0xa8,0x0e,0x2c,0x00,0x02,0xc0,0x00,0xe2,0xc0,0x00,0x2c,0x00,0x1d,0x2c,0x05,0x56,0xd5,0x52,0xc2,0xc1,
0xff,0xff,0xff,0x38,0x2d,0xd5,0x56,0xd5,0x5b,0x03,0xf4,0x00,0x2c,0x00,0xe0,0x34,0x00,0x02,0xc0,0x09,0x00,0x00,0x00,0x2c,
0x00,0x00,0x00,0x00,0x01,0x40,0x00,
/* U+8f93 */
0x01,0x40,0x00,0x06,0x00,0x00,0x38,0x00,0x01,0xf8,0x00,0x03,0x40,0x00,0x79,0xe0,0x05,0x75,0x50,0x1e,0x0b,0x80,0xbf,0xff,
0x47,0x80,0x2e,0x05,0xe5,0x56,0xf5,0x55,0xb8,0x0d,0x00,0xb9,0xff,0xf6,0xf1,0xc7,0x0a,0x05,0x55,0x06,0x28,0xb0,0x00,0x00,
0x00,0x43,0x4b,0x02,0xaa,0x80,0x2c,0x79,0xb5,0x2e,0xac,0xa2,0xc7,0xff,0xf6,0xc1,0xca,0x2c,0x15,0xb5,0x2c,0x1c,0xa2,0xc0,
0x0b,0x02,0xff,0xca,0x2c,0x00,0xb0,0x2d,0x6c,0xa2,0xc0,0x0b,0xb6,0xc1,0xca,0x2c,0xaf,0xfe,0x6d,0x6c,0xa2,0xcf,0xab,0x02,
0xff,0xca,0x2c,0x00,0xb0,0x2c,0x1c,0x52,0xc0,0x0b,0x02,0xc1,0xc0,0x2c,0x00,0xb0,0x2c,0x6c,0x17,0x80,0x0b,0x02,0xcf,0x83,
0xf4,0x00,0x50,0x14,0x40,0x14,0x00,
/* U+8f9b */
0x00,0x00,0x18,0x00,0x00,0x00,0x00,0x01,0xd0,0x00,0x00,0x00,0x00,0x0f,0x00,0x00,0x01,0xff,0xff,0xff,0xff,0xf4,0x0a,0xaa,
0xaa,0xaa,0xaa,0x00,0x02,0x40,0x00,0x19,0x00,0x00,0x3c,0x00,0x03,0xc0,0x00,0x01,0xe0,0x00,0x78,0x00,0x00,0x0b,0x00,0x0b,
0x00,0x01,0x55,0x55,0x55,0xe5,0x54,0x7f,0xff,0xff,0xff,0xff,0xd5,0x55,0x55,0xf5,0x55,0x55,0x00,0x00,0x0f,0x00,0x00,0x00,
0x00,0x00,0xf0,0x00,0x00,0x00,0x00,0x0f,0x00,0x00,0x01,0xff,0xff,0xff,0xff,0xf4,0x0a,0xaa,0xaf,0xaa,0xaa,0x00,0x00,0x00,
0xf0,0x00,0x00,0x00,0x00,0x0f,0x00,0x00,0x00,0x00,0x00,0xf0,0x00,0x00,0x00,0x00,0x0f,0x00,0x00,0x00,0x00,0x00,0xf0,0x00,
0x00,0x00,0x00,0x05,0x00,0x00,0x00,
/* U+8fb0 */
0x06,0xaa,0xaa,0xaa,0xaa,0x80,0x7f,0xff,0xff,0xff,0xfc,0x07,0x40,0x00,0x00,0x00,0x00,0x74,0x00,0x00,0x00,0x00,0x07,0x45,
0x55,0x55,0x54,0x00,0x74,0xbf,0xff,0xff,0xd0,0x07,0x41,0x55,0x55,0x54,0x00,0x74,0x00,0x00,0x00,0x00,0x07,0x40,0x00,0x00,
0x00,0x00,0xbf,0xff,0xff,0xff,0xfd,0x0b,0xab,0xea,0xba,0xaa,0x90,0xb0,0x38,0x07,0x00,0x10,0x0b,0x03,0x80,0x34,0x0b,0x40,
0xe0,0x38,0x02,0xc2,0xd0,0x0e,0x03,0x80,0x1e,0xf4,0x01,0xd0,0x38,0x00,0xb8,0x00,0x2d,0x03,0x80,0x03,0xd0,0x03,0x80,0x38,
0x06,0x0f,0x40,0x74,0x03,0x9b,0xf0,0x2e,0x0b,0x00,0xbf,0xe4,0x00,0xbe,0xa0,0x06,0x90,0x00,0x01,0xe0,
/* U+8fb9 */
0x00,0x00,0x00,0x90,0x00,0x02,0x80,0x00,0x0f,0x00,0x00,0x2e,0x00,0x00,0xf0,0x00,0x00,0x7c,0x00,0x0f,0x00,0x00,0x01,0xe1,
0xaa,0xfa,0xaa,0x80,0x04,0x1f,0xff,0xff,0xf8,0x00,0x00,0x00,0xe0,0x03,0x80,0x00,0x00,0x0e,0x00,0x38,0x55,0x40,0x01,0xd0,
0x03,0x8b,0xfd,0x00,0x1d,0x00,0x38,0x56,0xd0,0x02,0xc0,0x03,0x80,0x1d,0x00,0x38,0x00,0x38,0x01,0xd0,0x07,0x40,0x07,0x40,
0x1d,0x00,0xf0,0x00,0x74,0x01,0xd0,0x2d,0x00,0x0b,0x00,0x1d,0x07,0xc0,0x01,0xf0,0x01,0xd1,0xf0,0x0a,0xbd,0x00,0x1d,0x2c,
0x00,0xbe,0x40,0x07,0xf4,0x00,0x00,0x00,0x01,0xe6,0xe0,0x00,0x00,0x00,0x3c,0x0b,0xfa,0xaa,0xaa,0xa7,0x40,0x1a,0xbf,0xff,
0xfe,0x10,0x00,0x00,0x00,0x00,0x00,
/* U+8fbd */
0x28,0x00,0xaa,0xaa,0xaa,0x42,0xe0,0x0f,0xff,0xff,0xf8,0x07,0xc0,0x00,0x00,0x1f,0x00,0x1e,0x00,0x00,0x0b,0x80,0x00,0x40,
0x00,0x02,0xe0,0x00,0x00,0x00,0x00,0xf8,0x00,0x00,0x00,0x00,0x1e,0x00,0x05,0x54,0x00,0x01,0xe0,0x00,0xbf,0xd0,0x00,0x1e,
0x00,0x05,0x6d,0x00,0x01,0xe0,0x00,0x01,0xd0,0x00,0x1e,0x00,0x00,0x1d,0x00,0x01,0xe0,0x00,0x01,0xd0,0x00,0x1e,0x00,0x00,
0x1d,0x00,0x01,0xe0,0x00,0x01,0xd0,0x00,0x1e,0x00,0x00,0x1d,0x00,0x56,0xd0,0x00,0x01,0xd0,0x0f,0xf8,0x00,0x00,0x7f,0x40,
0x54,0x00,0x00,0x1e,0x6e,0x00,0x00,0x00,0x03,0xc0,0xbf,0xaa,0xaa,0xaa,0x74,0x01,0xab,0xff,0xff,0xe1,0x00,0x00,0x00,0x00,
0x00,
/* U+8fbe */
0x00,0x00,0x00,0x28,0x00,0x02,0x80,0x00,0x03,0xc0,0x00,0x2e,0x00,0x00,0x38,0x00,0x00,0x7c,0x00,0x03,0x80,0x00,0x01,0xe0,
0x00,0x38,0x00,0x00,0x05,0x05,0x57,0x95,0x54,0x00,0x02,0xff,0xff,0xff,0x80,0x00,0x15,0x5b,0x95,0x54,0x55,0x40,0x00,0xb0,
0x00,0x0b,0xfd,0x00,0x0f,0x40,0x00,0x56,0xd0,0x01,0xfd,0x00,0x00,0x1d,0x00,0x2d,0xb4,0x00,0x01,0xd0,0x03,0x82,0xd0,0x00,
0x1d,0x00,0xb0,0x0f,0x40,0x01,0xd0,0x2e,0x00,0x3d,0x00,0x1d,0x07,0x80,0x01,0xf0,0x01,0xd2,0xe0,0x00,0x07,0xc0,0x1d,0x28,
0x00,0x00,0x18,0x07,0xf4,0x00,0x00,0x00,0x01,0xe6,0xe0,0x00,0x00,0x00,0x3c,0x0b,0xfa,0xaa,0xaa,0xa7,0x40,0x1a,0xbf,0xff,
0xfe,0x10,0x00,0x00,0x00,0x00,0x00,
/* U+8fc1 */
0x28,0x00,0x00,0x05,0xbe,0x02,0xe0,0x0a,0xbf,0xfe,0x90,0x07,0xc0,0xfe,0xad,0x00,0x00,0x1e,0x00,0x02,0xc0,0x00,0x00,0x40,
0x00,0x2c,0x00,0x00,0x00,0x00,0x02,0xc0,0x00,0x00,0x00,0x00,0x2c,0x00,0x05,0x54,0x15,0x56,0xd5,0x55,0xbf,0xd3,0xff,0xff,
0xff,0xd5,0x6d,0x00,0x02,0xd0,0x00,0x01,0xd0,0x00,0x2c,0x00,0x00,0x1d,0x00,0x02,0xc0,0x00,0x01,0xd0,0x00,0x2c,0x00,0x00,
0x1d,0x00,0x02,0xc0,0x00,0x01,0xd0,0x00,0x2c,0x00,0x00,0x1d,0x00,0x02,0xc0,0x00,0x01,0xd0,0x00,0x2c,0x00,0x00,0x7f,0x40,
0x02,0xc0,0x00,0x1e,0x6e,0x00,0x00,0x00,0x03,0xc0,0xbf,0xaa,0xaa,0xaa,0x74,0x01,0xab,0xff,0xff,0xe1,0x00,0x00,0x00,0x00,
0x00,
/* U+8fc8 */
0x28,0x00,0x55,0x55,0x55,0x42,0xe0,0x2f,0xff,0xff,0xfe,0x07,0xc1,0x57,0xd5,0x55,0x50,0x1e,0x00,0x2c,0x00,0x00,0x00,0x40,
0x02,0xc0,0x00,0x00,0x00,0x00,0x3c,0x00,0x00,0x00,0x00,0x03,0xff,0xff,0x05,0x54,0x00,0x3e,0xaa,0xf0,0xbf,0xd0,0x07,0x40,
0x0b,0x05,0x6d,0x00,0x74,0x00,0xb0,0x01,0xd0,0x0b,0x00,0x0b,0x00,0x1d,0x00,0xe0,0x00,0xa0,0x01,0xd0,0x1d,0x00,0x0e,0x00,
0x1d,0x03,0xc0,0x00,0xe0,0x01,0xd0,0x74,0x00,0x0e,0x00,0x1d,0x1e,0x00,0x56,0xd0,0x01,0xd1,0xc0,0x0f,0xf8,0x00,0x7f,0x40,
0x00,0x54,0x00,0x1e,0x6e,0x00,0x00,0x00,0x03,0xc0,0xbf,0xaa,0xaa,0xaa,0x74,0x01,0xab,0xff,0xff,0xe1,0x00,0x00,0x00,0x00,
0x00,
/* U+8fce */
0x00,0x00,0x00,0x40,0x00,0x02,0x80,0x00,0x7d,0x00,0x00,0x1f,0x00,0xbf,0x4b,0xff,0xc0,0x7d,0x0e,0x40,0xb5,0x6c,0x01,0xe0,
0xd0,0x0b,0x02,0xc0,0x04,0x0d,0x00,0xb0,0x2c,0x00,0x00,0xd0,0x0b,0x02,0xc0,0x00,0x0d,0x00,0xb0,0x2c,0x55,0x40,0xd0,0x0b,
0x02,0xcb,0xfd,0x0d,0x00,0xb0,0x2c,0x55,0xd0,0xd0,0x0b,0x02,0xc0,0x1d,0x0d,0x00,0xb0,0x2c,0x01,0xd0,0xd0,0x0b,0x02,0xc0,
0x1d,0x0d,0x00,0xb0,0x2c,0x01,0xd0,0xd1,0x9b,0x02,0xc0,0x1d,0x2f,0xfd,0xb3,0xf8,0x01,0xd1,0xf9,0x0b,0x19,0x00,0x1d,0x00,
0x00,0xb0,0x00,0x07,0xf4,0x00,0x0b,0x00,0x01,0xe6,0xe0,0x00,0x50,0x00,0x3c,0x0b,0xea,0xaa,0xaa,0xa7,0x40,0x1a,0xbf,0xff,
0xfe,0x10,0x00,0x00,0x00,0x00,0x00,
/* U+8fd0 */
0x38,0x00,0x15,0x55,0x55,0x01,0xf0,0x07,0xff,0xff,0xe0,0x07,0xd0,0x15,0x55,0x55,0x00,0x1e,0x00,0x00,0x00,0x00,0x00,0x40,
0x00,0x00,0x00,0x00,0x00,0x00,0x00,0x00,0x00,0x00,0x02,0xaa,0xaa,0xaa,0x91,0x54,0x2f,0xff,0xff,0xfd,0xbf,0xe0,0x00,0xe0,
0x00,0x01,0x5e,0x00,0x1d,0x01,0x00,0x00,0xe0,0x02,0xc0,0x74,0x00,0x0e,0x00,0x78,0x03,0x80,0x00,0xe0,0x0b,0x00,0x1d,0x00,
0x0e,0x01,0xd0,0x00,0xe0,0x00,0xe0,0x3c,0x16,0xbf,0x00,0x0e,0x0b,0xff,0xfa,0x78,0x01,0xe0,0xaa,0x54,0x02,0xc0,0x7f,0x40,
0x00,0x00,0x14,0x1f,0x6e,0x00,0x00,0x00,0x03,0xc0,0xbe,0xaa,0xaa,0xaa,0x74,0x01,0xaf,0xff,0xff,0xe1,0x00,0x00,0x00,0x00,
0x00,
/* U+8fd1 */
0x00,0x00,0x00,0x00,0x04,0x02,0x80,0x00,0x55,0xaf,0xe0,0x1f,0x00,0x3f,0xff,0xa5,0x00,0x7c,0x03,0xd4,0x00,0x00,0x01,0xe0,
0x38,0x00,0x00,0x00,0x05,0x03,0x80,0x00,0x00,0x00,0x00,0x38,0x00,0x00,0x00,0x00,0x03,0xff,0xff,0xfd,0x15,0x40,0x3e,0xab,
0xea,0x9b,0xfe,0x03,0x80,0x2c,0x00,0x15,0xe0,0x74,0x02,0xc0,0x00,0x0e,0x07,0x40,0x2c,0x00,0x00,0xe0,0x70,0x02,0xc0,0x00,
0x0e,0x0b,0x00,0x2c,0x00,0x00,0xe0,0xe0,0x02,0xc0,0x00,0x0e,0x2d,0x00,0x2c,0x00,0x00,0xe3,0x80,0x02,0xc0,0x00,0x1e,0x24,
0x00,0x2c,0x00,0x07,0xf4,0x00,0x02,0xc0,0x01,0xf6,0xe0,0x00,0x00,0x00,0x3c,0x0b,0xea,0xaa,0xaa,0xa7,0x40,0x1a,0xff,0xff,
0xfe,
/* U+8fdb */
0x00,0x00,0x06,0x40,0x90,0x02,0x80,0x00,0x74,0x0e,0x00,0x1f,0x00,0x07,0x40,0xe0,0x00,0x7d,0x00,0x74,0x0e,0x00,0x01,0xf0,
0xaf,0xea,0xfa,0x80,0x05,0x0a,0xfe,0xaf,0xa8,0x00,0x00,0x07,0x40,0xe0,0x00,0x00,0x00,0x74,0x0e,0x00,0x15,0x40,0x07,0x40,
0xe0,0x0b,0xfe,0x00,0x70,0x0e,0x00,0x15,0xe1,0x5b,0x95,0xf5,0x50,0x0e,0x3f,0xff,0xff,0xfe,0x00,0xe1,0x5e,0x55,0xe5,0x40,
0x0e,0x01,0xd0,0x0e,0x00,0x00,0xe0,0x2c,0x00,0xe0,0x00,0x0e,0x07,0x80,0x0e,0x00,0x00,0xe1,0xf0,0x00,0xe0,0x00,0x1e,0x2c,
0x00,0x0e,0x00,0x07,0xf4,0x40,0x00,0xe0,0x01,0xf6,0xe0,0x00,0x00,0x00,0x3c,0x0b,0xea,0xaa,0xaa,0xa7,0x40,0x1a,0xff,0xff,
0xfe,
/* U+8fdc */
0x28,0x00,0x15,0x55,0x55,0x01,0xf0,0x03,0xff,0xff,0xf0,0x07,0xd0,0x15,0x55,0x55,0x00,0x1f,0x00,0x00,0x00,0x00,0x00,0x50,
0x00,0x00,0x00,0x00,0x00,0x00,0x00,0x00,0x00,0x00,0x01,0xff,0xff,0xff,0xc1,0x54,0x1a,0xbe,0xae,0xa8,0xbf,0xe0,0x02,0x81,
0xd0,0x01,0x5e,0x00,0x38,0x1d,0x00,0x00,0xe0,0x03,0x81,0xd0,0x00,0x0e,0x00,0x74,0x1d,0x00,0x00,0xe0,0x0b,0x41,0xd0,0x00,
0x0e,0x01,0xe0,0x1d,0x0d,0x00,0xe0,0x2d,0x01,0xd1,0xd0,0x0e,0x0f,0x80,0x1e,0x2d,0x01,0xe2,0xd0,0x00,0xff,0xc0,0x7f,0x44,
0x00,0x01,0x50,0x1f,0x6e,0x00,0x00,0x00,0x03,0xc0,0xbe,0xaa,0xaa,0xaa,0x74,0x01,0xaf,0xff,0xff,0xe0,
/* U+8fde */
0x00,0x00,0x00,0x90,0x00,0x02,0x80,0x00,0x1d,0x00,0x00,0x1f,0x00,0x03,0xc0,0x00,0x00,0x7d,0x3f,0xff,0xff,0xfd,0x01,0xf1,
0x5f,0x55,0x55,0x40,0x05,0x01,0xe0,0x00,0x00,0x00,0x00,0x2c,0x1d,0x00,0x00,0x00,0x07,0x41,0xd0,0x00,0x15,0x40,0xf5,0x6d,
0x55,0x0b,0xfe,0x0f,0xff,0xff,0xf8,0x15,0xe0,0x55,0x6e,0x55,0x40,0x0e,0x00,0x01,0xd0,0x00,0x00,0xe0,0x00,0x1d,0x00,0x00,
0x0e,0x2a,0xab,0xfa,0xa9,0x00,0xe3,0xff,0xff,0xff,0xd0,0x0e,0x00,0x01,0xd0,0x00,0x00,0xe0,0x00,0x1d,0x00,0x00,0x1e,0x00,
0x01,0xd0,0x00,0x07,0xf4,0x00,0x1d,0x00,0x01,0xf6,0xe0,0x00,0x40,0x00,0x3c,0x0b,0xea,0xaa,0xaa,0xa7,0x40,0x1a,0xff,0xff,
0xfe,
/* U+8fe6 */
0x00,0x00,0x14,0x00,0x00,0x03,0x80,0x02,0xc0,0x00,0x00,0x2e,0x00,0x2c,0x00,0x55,0x40,0xb8,0x16,0xd5,0x1f,0xfd,0x02,0xd3,
0xff,0xf5,0xd1,0xd0,0x04,0x16,0xd7,0x5d,0x1d,0x00,0x00,0x28,0x35,0xd1,0xd0,0x00,0x03,0x87,0x5d,0x1d,0x55,0x40,0x38,0x75,
0xd1,0xdb,0xfc,0x03,0x87,0x5d,0x1d,0x56,0xc0,0x74,0x75,0xd1,0xd0,0x2c,0x07,0x47,0x5d,0x1d,0x02,0xc0,0xb0,0x75,0xd1,0xd0,
0x2c,0x0e,0x07,0x5d,0x1d,0x02,0xc1,0xd0,0x75,0xd1,0xd0,0x2c,0x2c,0x0b,0x1d,0x1d,0x02,0xc3,0x80,0xf1,0xe6,0xd0,0x2c,0x74,
0xfd,0x1f,0xfd,0x0b,0xe1,0x05,0x00,0x55,0x42,0xe7,0xd0,0x00,0x00,0x00,0x78,0x1f,0xea,0xaa,0xaa,0xab,0x00,0x1a,0xff,0xff,
0xfe,0x10,0x00,0x00,0x00,0x00,0x00,
/* U+8fea */
0x00,0x00,0x00,0x18,0x00,0x02,0x80,0x00,0x02,0xc0,0x00,0x1f,0x00,0x00,0x2c,0x00,0x00,0x7d,0x00,0x02,0xc0,0x00,0x01,0xf0,
0x6a,0xae,0xaa,0x40,0x05,0x0f,0xff,0xff,0xf8,0x00,0x00,0xe0,0x2d,0x07,0x80,0x00,0x0e,0x02,0xc0,0x38,0x55,0x40,0xe0,0x2c,
0x03,0x8b,0xfd,0x0e,0x02,0xc0,0x38,0x55,0xd0,0xff,0xff,0xff,0x80,0x1d,0x0f,0xab,0xea,0xb8,0x01,0xd0,0xe0,0x2c,0x03,0x80,
0x1d,0x0e,0x02,0xc0,0x38,0x01,0xd0,0xe0,0x2c,0x03,0x80,0x1d,0x0e,0x02,0xd0,0x78,0x01,0xd0,0xff,0xff,0xff,0x80,0x1d,0x06,
0xaa,0xaa,0xa4,0x07,0xf4,0x00,0x00,0x00,0x01,0xe6,0xe0,0x00,0x00,0x00,0x3c,0x0b,0xea,0xaa,0xaa,0xa7,0x40,0x1a,0xff,0xff,
0xfe,0x10,0x00,0x00,0x00,0x00,0x00,
/* U+8fed */
0x00,0x00,0x00,0x09,0x00,0x02,0xd0,0x00,0xa0,0xe0,0x00,0x1f,0x40,0x0e,0x0e,0x00,0x00,0x7d,0x02,0xd0,0xe0,0x00,0x01,0xe0,
0x3e,0xaf,0xaa,0x40,0x04,0x0b,0xff,0xff,0xf4,0x00,0x01,0xe0,0x0e,0x00,0x00,0x00,0x2c,0x01,0xd0,0x00,0x15,0x40,0x40,0x1d,
0x00,0x0b,0xfe,0x00,0x01,0xd0,0x00,0x15,0xe2,0xff,0xff,0xff,0xd0,0x0e,0x1a,0xab,0xea,0xa9,0x00,0xe0,0x00,0x78,0x00,0x00,
0x0e,0x00,0x0b,0xf4,0x00,0x00,0xe0,0x02,0xe7,0xd0,0x00,0x0e,0x00,0x7c,0x0b,0x80,0x00,0xe0,0x2f,0x00,0x2e,0x00,0x1e,0x1f,
0x90,0x00,0x7c,0x07,0xf4,0xd0,0x00,0x01,0x81,0xf6,0xe0,0x00,0x00,0x00,0x3c,0x0b,0xea,0xaa,0xaa,0xa7,0x40,0x1a,0xff,0xff,
0xfe,0x10,0x00,0x00,0x00,0x00,0x00,
/* U+8ff7 */
0x00,0x00,0x00,0x05,0x00,0x02,0x80,0x01,0x01,0xd0,0x24,0x2e,0x00,0xb0,0x1d,0x07,0x40,0x78,0x07,0x81,0xd0,0xf0,0x01,0xe0,
0x2c,0x1d,0x1d,0x00,0x04,0x00,0xe1,0xd2,0xc0,0x00,0x00,0x05,0x1d,0x14,0x00,0x00,0x00,0x01,0xd0,0x00,0x15,0x41,0xff,0xff,
0xff,0xdb,0xfe,0x15,0x5b,0xe5,0x54,0x15,0xe0,0x00,0xbd,0x00,0x00,0x0e,0x00,0x1e,0xf8,0x00,0x00,0xe0,0x07,0x9e,0xe4,0x00,
0x0e,0x01,0xe1,0xd7,0xd0,0x00,0xe0,0xbc,0x1d,0x0b,0x80,0x0e,0x3e,0x01,0xd0,0x1e,0x00,0xe3,0x80,0x1d,0x00,0x40,0x1e,0x00,
0x01,0xd0,0x00,0x07,0xf4,0x00,0x1d,0x00,0x01,0xf6,0xe0,0x00,0x00,0x00,0x3c,0x0b,0xea,0xaa,0xaa,0xa7,0x40,0x1a,0xff,0xff,
0xfe,
/* U+9009 */
0x00,0x00,0x04,0x09,0x00,0x02,0x80,0x01,0xd0,0xe0,0x00,0x1e,0x00,0x2c,0x0e,0x00,0x00,0x7c,0x07,0xea,0xfa,0xa4,0x01,0xe0,
0xbf,0xff,0xff,0x40,0x05,0x1e,0x00,0xe0,0x00,0x00,0x02,0xd0,0x0e,0x00,0x00,0x00,0x04,0x00,0xe0,0x00,0x55,0x41,0xaa,0xae,
0xaa,0x8b,0xfd,0x1f,0xff,0xff,0xfd,0x56,0xd0,0x02,0xd2,0xd0,0x00,0x1d,0x00,0x2c,0x1d,0x00,0x01,0xd0,0x03,0x81,0xd0,0x00,
0x1d,0x00,0x38,0x1d,0x00,0x01,0xd0,0x0b,0x41,0xd0,0x90,0x1d,0x01,0xe0,0x1d,0x0e,0x01,0xd0,0x7d,0x01,0xd1,0xd0,0x1d,0x2f,
0x40,0x1f,0xbd,0x07,0xf5,0x80,0x00,0x6a,0x41,0xe6,0xd0,0x00,0x00,0x00,0x3c,0x0b,0xea,0xaa,0xaa,0xa7,0x40,0x1a,0xff,0xff,
0xfe,0x10,0x00,0x00,0x00,0x00,0x00,
/* U+900a */
0x00,0x00,0x00,0x00,0x50,0x02,0x80,0x6a,0xa8,0x0b,0x00,0x2e,0x0b,0xff,0xc0,0xb0,0x00,0xb8,0x00,0x78,0x0b,0x00,0x02,0xd0,
0x1e,0x00,0xb0,0x00,0x04,0x03,0xc0,0x4b,0x20,0x00,0x00,0x74,0x1c,0xb3,0x40,0x00,0x07,0x42,0xcb,0x38,0x55,0x40,0x74,0x28,
0xb2,0xcb,0xf8,0x07,0xf3,0x8b,0x1c,0x57,0x8b,0xfe,0x34,0xb1,0xd0,0x28,0xab,0x47,0x0b,0x0d,0x02,0x80,0x74,0xb0,0xb0,0xe0,
0x28,0x07,0x4e,0x0b,0x0a,0x02,0x80,0x74,0x90,0xb0,0x60,0x28,0x07,0x40,0x0b,0x00,0x02,0x80,0x74,0x00,0xb0,0x00,0x3c,0x6b,
0x40,0x5f,0x00,0x0b,0xe7,0xe0,0x0f,0xd0,0x02,0xd7,0xd0,0x00,0x00,0x00,0x78,0x1f,0xea,0xaa,0xaa,0xa7,0x00,0x1a,0xff,0xff,
0xfe,
/* U+901a */
0x28,0x02,0xaa,0xaa,0xaa,0x41,0xf0,0x1a,0xaa,0xaa,0xf4,0x07,0xd0,0x02,0x40,0x78,0x00,0x1f,0x00,0x2e,0x6d,0x00,0x00,0x50,
0x00,0x6f,0x00,0x00,0x00,0x0f,0xff,0xff,0xf8,0x00,0x00,0xe5,0x6e,0x57,0x85,0x54,0x0d,0x02,0xc0,0x38,0xbf,0xd0,0xe5,0x6d,
0x57,0x85,0x6d,0x0f,0xff,0xff,0xf8,0x01,0xd0,0xe0,0x2d,0x03,0x80,0x1d,0x0d,0x02,0xc0,0x38,0x01,0xd0,0xfa,0xbf,0xab,0x80,
0x1d,0x0e,0xaa,0xea,0xb8,0x01,0xd0,0xd0,0x2c,0x03,0x80,0x1d,0x0d,0x02,0xc0,0x38,0x01,0xd0,0xd0,0x2c,0x6f,0x40,0x7f,0x49,
0x01,0x86,0x90,0x1e,0x6d,0x00,0x00,0x00,0x03,0xc0,0xbe,0xaa,0xaa,0xaa,0x74,0x01,0xaf,0xff,0xff,0xe1,0x00,0x00,0x00,0x00,
0x00,
/* U+9042 */
0x00,0x00,0x05,0x00,0x14,0x02,0x80,0x00,0xb0,0x03,0x80,0x1f,0x00,0x07,0x80,0xb4,0x00,0x7d,0x15,0x7d,0x5f,0x54,0x01,0xf1,
0xff,0xff,0xff,0xd0,0x05,0x00,0x06,0xe0,0x00,0x00,0x00,0x01,0xf4,0x00,0x00,0x00,0x01,0xff,0x80,0x28,0x55,0x41,0xfd,0x2c,
0x0b,0x8b,0xfe,0x19,0x02,0xe7,0xe0,0x55,0xe0,0x01,0xfb,0xe4,0x00,0x0e,0x01,0xf8,0x3d,0x00,0x00,0xe1,0xf9,0x1f,0xf8,0x00,
0x0e,0x09,0x07,0xed,0xf4,0x00,0xe0,0x06,0xe2,0xc3,0xd0,0x0e,0x06,0xf4,0x2c,0x0a,0x00,0xe2,0xf4,0x03,0xc0,0x00,0x0e,0x04,
0x15,0xf4,0x00,0x07,0xf4,0x01,0xfe,0x00,0x01,0xf6,0xe0,0x04,0x00,0x00,0x3c,0x0b,0xea,0xaa,0xaa,0xa7,0x40,0x1a,0xff,0xff,
0xfe,0x10,0x00,0x00,0x00,0x00,0x00,
/* U+9053 */
0x00,0x00,0x05,0x00,0x24,0x02,0x80,0x00,0xf0,0x0b,0x40,0x1f,0x00,0x07,0x40,0xe0,0x00,0x7d,0x3f,0xff,0xff,0xfe,0x01,0xf2,
0xaa,0xbe,0xaa,0x90,0x05,0x00,0x07,0x80,0x00,0x00,0x00,0x55,0xb9,0x55,0x00,0x00,0x07,0xff,0xff,0xf0,0x55,0x40,0x74,0x00,
0x0b,0x0b,0xfd,0x07,0x40,0x00,0xb0,0x55,0xd0,0x7f,0xff,0xff,0x00,0x1d,0x07,0x95,0x55,0xb0,0x01,0xd0,0x74,0x00,0x0b,0x00,
0x1d,0x07,0xaa,0xaa,0xf0,0x01,0xd0,0x7a,0xaa,0xaf,0x00,0x1d,0x07,0x40,0x00,0xb0,0x01,0xd0,0x75,0x55,0x5b,0x00,0x1d,0x07,
0xff,0xff,0xf0,0x07,0xf4,0x15,0x55,0x54,0x01,0xe6,0xe0,0x00,0x00,0x00,0x3c,0x0b,0xea,0xaa,0xaa,0xa7,0x40,0x1a,0xff,0xff,
0xfe,
/* U+9065 */
0x00,0x00,0x00,0x00,0x56,0x02,0x80,0x2a,0xab,0xff,0xf4,0x2e,0x02,0xea,0xa9,0x51,0x00,0x78,0x04,0x06,0x00,0x74,0x01,0xe1,
0xe0,0x74,0x0e,0x00,0x04,0x0b,0x42,0xc1,0xd0,0x00,0x00,0x34,0x04,0x18,0x00,0x00,0x07,0x95,0x55,0x50,0x55,0x40,0xff,0xff,
0xff,0x0b,0xfd,0x1e,0x02,0xd0,0x00,0x56,0xd1,0x80,0x2c,0x00,0x00,0x1d,0x2a,0xaa,0xea,0xa9,0x01,0xd3,0xff,0xff,0xff,0xe0,
0x1d,0x00,0x02,0xc0,0x00,0x01,0xd0,0xa0,0x2c,0x07,0x40,0x1d,0x0b,0x02,0xc0,0x74,0x01,0xd0,0xb0,0x2d,0x0b,0x40,0x1d,0x0b,
0xff,0xff,0xf4,0x07,0xf4,0x55,0x55,0x55,0x01,0xe7,0xd0,0x00,0x00,0x00,0x3c,0x0b,0xea,0xaa,0xaa,0xa7,0x40,0x1a,0xff,0xff,
0xfe,
/* U+9075 */
0x00,0x00,0x05,0x00,0x90,0x02,0x80,0x00,0xb0,0x1d,0x00,0x1e,0x07,0xff,0xff,0xff,0xc0,0x78,0x6a,0xae,0xba,0xa8,0x01,0xe0,
0x56,0xd7,0x55,0x00,0x04,0x1f,0xff,0xff,0xf4,0x00,0x01,0xc2,0x87,0x47,0x40,0x00,0x1c,0x74,0x3a,0xb4,0x55,0x41,0xdd,0x01,
0x6b,0x4b,0xfd,0x1e,0x55,0x55,0xb4,0x56,0xd1,0xea,0xaa,0xab,0x40,0x1d,0x1d,0x00,0x00,0x74,0x01,0xd1,0xff,0xff,0xff,0x40,
0x1d,0x00,0x00,0x07,0x40,0x01,0xd6,0xaa,0xaa,0xba,0x90,0x1d,0x6b,0xaa,0xab,0xe9,0x01,0xd0,0x38,0x00,0x74,0x00,0x2d,0x01,
0xf4,0x4b,0x40,0x0b,0xf4,0x02,0x0f,0xf0,0x01,0xe7,0xd0,0x00,0x50,0x00,0x78,0x0b,0xea,0xaa,0xaa,0xa7,0x00,0x1a,0xff,0xff,
0xfe,
/* U+9091 */
0x0a,0xaa,0xaa,0xaa,0x00,0x0f,0xff,0xff,0xff,0x00,0x0e,0x00,0x00,0x0b,0x00,0x0e,0x00,0x00,0x0b,0x00,0x0e,0x55,0x55,0x5f,
0x00,0x0f,0xff,0xff,0xff,0x00,0x05,0x55,0x55,0x55,0x00,0x00,0x00,0x00,0x00,0x00,0x6a,0xaa,0xaa,0xaa,0x90,0x7f,0xff,0xff,
0xff,0xe0,0x74,0x00,0xb0,0x00,0xe0,0x74,0x00,0xb0,0x00,0xe0,0x74,0x00,0xb0,0x00,0xe0,0x7e,0xaa,0xfa,0xab,0xe0,0x7e,0xaa,
0xaa,0xaa,0x90,0x74,0x00,0x00,0x00,0x00,0x74,0x00,0x00,0x00,0x09,0x74,0x00,0x00,0x00,0x0e,0x74,0x00,0x00,0x00,0x1d,0x3e,
0xaa,0xaa,0xaa,0xbc,0x2f,0xff,0xff,0xff,0xf4,
/* U+9093 */
0x15,0x55,0x40,0x6a,0xaa,0x87,0xff,0xfe,0x0b,0xff,0xfc,0x15,0x55,0xe0,0xb0,0x07,0x80,0x00,0x0e,0x0b,0x00,0x74,0x00,0x01,
0xd0,0xb0,0x0f,0x02,0x40,0x1d,0x0b,0x01,0xd0,0x3d,0x02,0xd0,0xb0,0x2c,0x01,0xf0,0x2c,0x0b,0x03,0x80,0x07,0x83,0x80,0xb0,
0xb4,0x00,0x2e,0x74,0x0b,0x07,0x80,0x00,0xbf,0x00,0xb0,0x1d,0x00,0x03,0xe0,0x0b,0x00,0xb4,0x00,0x2f,0x00,0xb0,0x03,0x80,
0x07,0xf8,0x0b,0x00,0x2c,0x00,0xf6,0xd0,0xb0,0x02,0xd0,0x2d,0x0f,0x0b,0x00,0x2c,0x07,0x80,0x74,0xb1,0x5b,0x81,0xf0,0x01,
0x0b,0x1f,0xe0,0x7c,0x00,0x00,0xb0,0x50,0x0b,0x00,0x00,0x0b,0x00,0x00,0x00,0x00,0x00,0xb0,0x00,0x00,0x00,0x00,0x05,0x00,
0x00,
/* U+9095 */
0x05,0x00,0x14,0x01,0x40,0x2e,0x00,0xb8,0x07,0xd0,0xb8,0x02,0xd0,0x1f,0x00,0xf4,0x07,0xd0,0x2e,0x00,0x2d,0x00,0xb8,0x0b,
0x80,0x0a,0x00,0x24,0x01,0x90,0x2f,0xff,0xff,0xff,0x40,0x2d,0x55,0x55,0x5b,0x40,0x2c,0x00,0x00,0x07,0x40,0x2e,0xaa,0xaa,
0xab,0x40,0x2a,0xaa,0xaa,0xaa,0x40,0x00,0x00,0x00,0x00,0x00,0xbf,0xff,0xff,0xff,0xe0,0xfa,0xaa,0xfa,0xaa,0xe0,0xe0,0x00,
0xb0,0x00,0xe0,0xe0,0x00,0xb0,0x00,0xe0,0xff,0xff,0xff,0xff,0xe0,0xfa,0xaa,0xaa,0xaa,0x90,0xe0,0x00,0x00,0x00,0x09,0xf0,
0x00,0x00,0x00,0x0e,0xba,0xaa,0xaa,0xaa,0xbd,0x6f,0xff,0xff,0xff,0xf8,
/* U+9097 */
0x2a,0xaa,0xa4,0x2a,0xaa,0x83,0xff,0xff,0x87,0xff,0xfc,0x15,0x79,0x50,0x78,0x03,0x80,0x03,0x80,0x07,0x40,0x74,0x00,0x38,
0x00,0x74,0x0b,0x00,0x03,0x80,0x07,0x40,0xe0,0x00,0x38,0x00,0x74,0x1d,0x00,0x03,0x80,0x07,0x42,0xc0,0x00,0x38,0x00,0x74,
0x38,0x0a,0xab,0xea,0x97,0x42,0xc0,0xbf,0xff,0xfe,0x74,0x0e,0x00,0x03,0x80,0x07,0x40,0x74,0x00,0x38,0x00,0x74,0x03,0x80,
0x03,0x80,0x07,0x40,0x2c,0x00,0x38,0x00,0x74,0x01,0xd0,0x03,0x80,0x07,0x40,0x1d,0x00,0x38,0x00,0x74,0x5b,0xc0,0x03,0x80,
0x07,0x4b,0xe4,0x00,0x38,0x00,0x74,0x00,0x00,0x03,0x80,0x07,0x40,0x00,0x00,0x38,0x00,0x74,0x00,0x00,0x01,0x40,0x01,0x40,
0x00,
/* U+909b */
0x00,0x00,0x00,0x6a,0xaa,0x8a,0xaa,0xaa,0x87,0xff,0xfc,0xbf,0xff,0xf8,0x74,0x03,0xc0,0x07,0x40,0x07,0x40,0x74,0x00,0x74,
0x00,0x74,0x0b,0x00,0x07,0x40,0x07,0x40,0xe0,0x00,0x74,0x00,0x74,0x1d,0x00,0x07,0x40,0x07,0x42,0xc0,0x00,0x74,0x00,0x74,
0x78,0x00,0x07,0x40,0x07,0x43,0x80,0x00,0x74,0x00,0x74,0x1d,0x00,0x07,0x40,0x07,0x40,0x74,0x00,0x74,0x00,0x74,0x03,0x80,
0x07,0x41,0xe7,0x40,0x2c,0x00,0x7a,0xf9,0x74,0x01,0xd0,0x6b,0xe4,0x07,0x40,0x2d,0xbf,0x90,0x00,0x74,0x5b,0xca,0x40,0x00,
0x07,0x4f,0xe4,0x00,0x00,0x00,0x74,0x40,0x00,0x00,0x00,0x07,0x40,0x00,0x00,0x00,0x00,0x74,0x00,0x00,0x00,0x00,0x01,0x00,
0x00,
/* U+90a1 */
0x00,0x64,0x00,0x00,0x00,0x00,0x07,0x80,0x01,0xaa,0xa8,0x00,0x38,0x00,0x2f,0xff,0xc0,0x02,0xc0,0x02,0xd5,0x7c,0xbf,0xff,
0xfe,0x2c,0x07,0x86,0xbe,0xaa,0xa2,0xc0,0xb4,0x02,0xc0,0x00,0x2c,0x0e,0x00,0x2c,0x00,0x02,0xc1,0xd0,0x02,0xc0,0x00,0x2c,
0x2c,0x00,0x2d,0x55,0x42,0xc3,0x80,0x03,0xff,0xfc,0x2c,0x3c,0x00,0x3d,0x56,0xc2,0xc1,0xe0,0x03,0x80,0x2c,0x2c,0x07,0x40,
0x78,0x02,0xc2,0xc0,0x38,0x07,0x40,0x2c,0x2c,0x02,0xc0,0xb0,0x02,0xc2,0xc0,0x1d,0x0f,0x00,0x2c,0x2c,0x01,0xd1,0xe0,0x02,
0x82,0xc5,0x7c,0x2d,0x00,0x38,0x2c,0xbf,0x43,0xc0,0x07,0x82,0xc5,0x40,0xb4,0x15,0xf0,0x2c,0x00,0x0a,0x03,0xfd,0x02,0xc0,
0x00,0x00,0x01,0x00,0x14,0x00,0x00,
/* U+90a2 */
0x15,0x55,0x55,0x1a,0xaa,0x87,0xff,0xff,0xe2,0xff,0xfc,0x17,0x95,0xf5,0x2d,0x03,0xc0,0x38,0x0e,0x02,0xd0,0x78,0x03,0x80,
0xe0,0x2d,0x0b,0x00,0x38,0x0e,0x02,0xd0,0xe0,0x03,0x80,0xe0,0x2d,0x1d,0x00,0x38,0x0e,0x02,0xd2,0xc0,0x03,0x80,0xf0,0x2d,
0x38,0x0b,0xff,0xff,0xf6,0xd2,0xd0,0x6b,0xea,0xfa,0x6d,0x0e,0x00,0x38,0x0e,0x02,0xd0,0x74,0x03,0x80,0xe0,0x2d,0x02,0xc0,
0x78,0x0e,0x02,0xd0,0x2c,0x07,0x40,0xe0,0x2d,0x01,0xd0,0xb4,0x0e,0x02,0xd0,0x1d,0x0b,0x00,0xe0,0x2d,0x5b,0xc1,0xe0,0x0e,
0x02,0xd7,0xf4,0x2d,0x00,0xe0,0x2d,0x00,0x07,0xc0,0x0e,0x02,0xd0,0x00,0xb4,0x00,0xe0,0x2d,0x00,0x01,0x00,0x05,0x00,0x40,
0x00,
/* U+90a3 */
0x2a,0xaa,0xa4,0x1a,0xaa,0x87,0xff,0xff,0xc2,0xff,0xfd,0x00,0xe0,0x2c,0x2c,0x02,0xc0,0x0e,0x02,0xc2,0xc0,0x38,0x00,0xe0,
0x2c,0x2c,0x07,0x40,0x0e,0x02,0xc2,0xc0,0xb0,0x7f,0xff,0xfc,0x2c,0x0e,0x01,0x5f,0x57,0xc2,0xc2,0xd0,0x00,0xe0,0x2c,0x2c,
0x38,0x00,0x0e,0x02,0xc2,0xc2,0xd0,0x00,0xe0,0x3c,0x2c,0x0e,0x06,0xaf,0xab,0x82,0xc0,0x78,0x7f,0xff,0xf8,0x2c,0x02,0xc0,
0x2c,0x03,0x82,0xc0,0x1d,0x03,0x80,0x38,0x2c,0x01,0xd0,0x78,0x03,0x82,0xc0,0x1d,0x0b,0x40,0x38,0x2c,0x5b,0xc0,0xf0,0x07,
0x82,0xcb,0xe4,0x2d,0x00,0xb4,0x2c,0x10,0x0b,0x82,0xaf,0x02,0xc0,0x00,0x60,0x3f,0x90,0x2c,0x00,0x00,0x00,0x00,0x01,0x40,
0x00,
/* U+90ae */
0x00,0x60,0x00,0x00,0x00,0x00,0x2c,0x00,0x05,0x55,0x40,0x0b,0x00,0x0b,0xff,0xf1,0x56,0xd5,0x42,0xd5,0x6c,0xff,0xff,0xf4,
0xb0,0x0e,0x39,0x6d,0x5d,0x2c,0x07,0x4e,0x0b,0x07,0x4b,0x02,0xc3,0x82,0xc1,0xd2,0xc0,0xe0,0xe0,0xb0,0x74,0xb0,0x74,0x38,
0x2c,0x1d,0x2c,0x2c,0x0e,0x0b,0x07,0x4b,0x0b,0x03,0xff,0xff,0xd2,0xc0,0xe0,0xe5,0xb5,0x74,0xb0,0x1d,0x38,0x2c,0x1d,0x2c,
0x03,0x8e,0x0b,0x07,0x4b,0x00,0xb3,0x82,0xc1,0xd2,0xc0,0x1d,0xe0,0xb0,0x74,0xb0,0x07,0x78,0x2c,0x1d,0x2c,0x57,0xcf,0xaf,
0xab,0x4b,0x1f,0xd3,0xea,0xab,0xd2,0xc0,0x00,0xe0,0x00,0x74,0xb0,0x00,0x14,0x00,0x04,0x2c,0x00,0x00,0x00,0x00,0x05,0x00,
0x00,
/* U+90af */
0x05,0x00,0x10,0x00,0x00,0x00,0xb0,0x07,0x41,0xaa,0xa4,0x0b,0x00,0x74,0x2f,0xff,0xc0,0xb0,0x07,0x42,0xd0,0x38,0xaf,0xaa,
0xbe,0x6c,0x07,0x4f,0xff,0xff,0xf6,0xc0,0xb0,0x0b,0x00,0x74,0x2c,0x0e,0x00,0xb0,0x07,0x42,0xc1,0xd0,0x0b,0x00,0x74,0x2c,
0x2c,0x00,0xb0,0x07,0x42,0xc3,0xc0,0x0b,0x00,0x74,0x2c,0x2c,0x00,0xb5,0x57,0x42,0xc0,0xe0,0x0b,0xff,0xf4,0x2c,0x07,0x40,
0xb5,0x5b,0x42,0xc0,0x2c,0x0b,0x00,0x74,0x2c,0x01,0xd0,0xb0,0x07,0x42,0xc0,0x0d,0x0b,0x00,0x74,0x2c,0x01,0xd0,0xb0,0x07,
0x42,0xc5,0x6d,0x0b,0x00,0x74,0x2c,0xbf,0x40,0xba,0xab,0x42,0xc1,0x40,0x0b,0xff,0xf4,0x2c,0x00,0x00,0xb0,0x07,0x42,0xc0,
0x00,0x05,0x00,0x10,0x14,0x00,0x00,
/* U+90b1 */
0x00,0x00,0x14,0x00,0x00,0x00,0x00,0x6f,0xc2,0xaa,0xa8,0x1b,0xff,0xe0,0x3f,0xff,0xd1,0xfa,0x50,0x03,0x80,0x3c,0x1d,0x00,
0x00,0x38,0x07,0x81,0xd0,0x00,0x03,0x80,0xb0,0x1d,0x00,0x00,0x38,0x0e,0x01,0xd0,0x00,0x03,0x81,0xd0,0x1f,0xff,0xfe,0x38,
0x2c,0x01,0xea,0xae,0x93,0x87,0x80,0x1d,0x01,0xd0,0x38,0x3c,0x01,0xd0,0x1d,0x03,0x81,0xe0,0x1d,0x01,0xd0,0x38,0x07,0x41,
0xd0,0x1d,0x03,0x80,0x38,0x1d,0x01,0xd0,0x38,0x02,0xc1,0xd0,0x1d,0x03,0x80,0x1d,0x1d,0x01,0xd0,0x38,0x01,0xd1,0xd0,0x1e,
0xa3,0x85,0x7c,0x1e,0x6b,0xfe,0x38,0xbf,0x4f,0xff,0xa5,0x03,0x85,0x40,0xa9,0x00,0x00,0x38,0x00,0x00,0x00,0x00,0x03,0x80,
0x00,0x00,0x00,0x00,0x14,0x00,0x00,
/* U+90b3 */
0x6a,0xaa,0xaa,0x45,0x55,0x47,0xff,0xff,0xf5,0xff,0xfc,0x00,0x0b,0x00,0x1d,0x03,0x80,0x01,0xe0,0x01,0xd0,0x34,0x00,0x2d,
0x00,0x1d,0x07,0x00,0x03,0xc0,0x01,0xd0,0xb0,0x00,0xbd,0x90,0x1d,0x0e,0x00,0x0f,0xcb,0x01,0xd2,0xd0,0x02,0xec,0x38,0x1d,
0x3c,0x00,0xba,0xc2,0xd1,0xd2,0xd0,0x1f,0x2c,0x0e,0x1d,0x0e,0x07,0xd2,0xc0,0x75,0xd0,0x74,0xf4,0x2c,0x03,0x9d,0x02,0x85,
0x02,0xc0,0x01,0xd0,0x2c,0x00,0x2c,0x00,0x1d,0x01,0xd0,0x02,0xc0,0x01,0xd0,0x1d,0x00,0x18,0x16,0x5d,0x57,0xc0,0x01,0x6f,
0xf5,0xdb,0xe4,0x6b,0xff,0x94,0x1d,0x10,0x07,0xe9,0x40,0x01,0xd0,0x00,0x00,0x00,0x00,0x1d,0x00,0x00,0x00,0x00,0x00,0x40,
0x00,
/* U+90b5 */
0x15,0x55,0x54,0x2a,0xaa,0x87,0xff,0xff,0xc3,0xff,0xfc,0x01,0xe0,0x2c,0x38,0x03,0x80,0x1d,0x02,0xc3,0x80,0x74,0x01,0xd0,
0x2c,0x38,0x0b,0x00,0x3c,0x02,0xc3,0x80,0xe0,0x07,0x40,0x2c,0x38,0x1d,0x01,0xf0,0x03,0x83,0x83,0xc0,0x7d,0x0a,0xf4,0x38,
0x78,0x0b,0x40,0x69,0x03,0x82,0xc0,0x00,0x00,0x00,0x38,0x0e,0x01,0xaa,0xaa,0x83,0x80,0x74,0x1f,0xff,0xf8,0x38,0x03,0x81,
0xd0,0x03,0x83,0x80,0x2c,0x1d,0x00,0x38,0x38,0x01,0xd1,0xd0,0x03,0x83,0x80,0x2d,0x1d,0x00,0x38,0x38,0xab,0xc1,0xd0,0x03,
0x83,0x8f,0xe0,0x1f,0xaa,0xb8,0x38,0x00,0x01,0xfa,0xab,0x83,0x80,0x00,0x1d,0x00,0x38,0x38,0x00,0x00,0x40,0x00,0x01,0x40,
0x00,
/* U+90b9 */
0x00,0x60,0x00,0x00,0x00,0x00,0x0f,0x00,0x01,0xaa,0xa8,0x02,0xd0,0x00,0x2f,0xff,0xc0,0x7f,0xff,0x82,0xd0,0x3c,0x0f,0xaa,
0xb4,0x2d,0x07,0x83,0xd0,0x0f,0x02,0xd0,0x74,0xb4,0x02,0xd0,0x2d,0x0b,0x05,0x00,0x7c,0x02,0xd1,0xe0,0x00,0x0b,0x40,0x2d,
0x2d,0x03,0xff,0xff,0xd2,0xd3,0xc0,0x15,0x55,0x6d,0x2d,0x2c,0x00,0x00,0x01,0xd2,0xd0,0xe0,0x00,0x00,0x1d,0x2d,0x07,0x40,
0x00,0x01,0xd2,0xd0,0x38,0x1f,0xff,0xfd,0x2d,0x02,0xc1,0xaa,0xaa,0xd2,0xd0,0x1d,0x00,0x00,0x1d,0x2d,0x01,0xd0,0x00,0x01,
0xd2,0xd5,0x7c,0x00,0x00,0x1d,0x2d,0xbf,0x42,0xaa,0xaa,0xd2,0xd1,0x40,0x3f,0xff,0xfd,0x2d,0x00,0x00,0x00,0x01,0xd2,0xd0,
0x00,0x00,0x00,0x14,0x14,0x00,0x00,
/* U+90ba */
0x00,0xe1,0xd0,0x0a,0xaa,0x80,0x0e,0x1d,0x00,0xff,0xfc,0x00,0xe1,0xd0,0x0e,0x03,0x80,0x0e,0x1d,0x00,0xe0,0x74,0x00,0xe1,
0xd1,0x4e,0x0b,0x0a,0x0e,0x1d,0x2c,0xe0,0xe0,0x70,0xe1,0xd2,0x8e,0x1d,0x07,0x4e,0x1d,0x34,0xe2,0xc0,0x34,0xe1,0xd7,0x4e,
0x3c,0x03,0x8e,0x1d,0x70,0xe2,0xd0,0x2c,0xe1,0xda,0x0e,0x0e,0x01,0xce,0x1d,0xd0,0xe0,0x74,0x1d,0xe1,0xdd,0x0e,0x03,0x80,
0xde,0x1e,0xc0,0xe0,0x2c,0x09,0xe1,0xd4,0x0e,0x01,0xd0,0x0e,0x1d,0x00,0xe0,0x2d,0x00,0xe1,0xd0,0x0e,0x5b,0xc0,0x0e,0x2e,
0xb4,0xe7,0xe4,0x16,0xff,0xfa,0x4e,0x00,0x0b,0xfe,0x94,0x00,0xe0,0x00,0x54,0x00,0x00,0x0e,0x00,0x00,0x00,0x00,0x00,0x50,
0x00,
/* U+90bb */
0x00,0x04,0x00,0x00,0x00,0x00,0x02,0xe0,0x02,0xaa,0xa8,0x00,0x7b,0x80,0x3f,0xff,0xc0,0x1e,0x1e,0x03,0x80,0x38,0x02,0xc0,
0x74,0x38,0x07,0x40,0xb4,0x02,0xd3,0x80,0xb0,0x2e,0x60,0x0b,0x38,0x0e,0x07,0x87,0xc0,0x03,0x81,0xd0,0xe0,0x1f,0x40,0x38,
0x2c,0x04,0x00,0x74,0x03,0x87,0x80,0x00,0x00,0x00,0x38,0x2c,0x02,0xff,0xff,0xc3,0x80,0xe0,0x1a,0xaa,0xbc,0x38,0x07,0x40,
0x00,0x07,0x43,0x80,0x28,0x00,0x00,0xa0,0x38,0x01,0xc0,0x10,0x1d,0x03,0x80,0x1d,0x0b,0x87,0x80,0x38,0x01,0xd0,0x1f,0xf0,
0x03,0x89,0xbc,0x00,0x7e,0x00,0x38,0xbe,0x40,0x00,0xb8,0x03,0x80,0x00,0x00,0x02,0xe0,0x38,0x00,0x00,0x00,0x09,0x03,0x80,
0x00,0x00,0x00,0x00,0x14,0x00,0x00,
/* U+90c1 */
0x00,0x19,0x00,0x00,0x00,0x00,0x02,0xd0,0x01,0xaa,0xa8,0x00,0x2c,0x00,0x2f,0xff,0xd7,0xff,0xff,0xf6,0xc0,0x2c,0x6a,0xfa,
0xaa,0x6c,0x03,0x80,0x0f,0x00,0x02,0xc0,0x74,0x01,0xd0,0x00,0x2c,0x0b,0x00,0x3d,0x55,0x42,0xc0,0xe0,0x07,0xff,0xfd,0x2c,
0x2c,0x01,0xf9,0x56,0xd2,0xc3,0xc0,0x3f,0x80,0x1d,0x2c,0x2d,0x0b,0x78,0x01,0xd2,0xc0,0xe0,0x93,0xff,0xfd,0x2c,0x07,0x40,
0x39,0x56,0xd2,0xc0,0x2c,0x03,0x80,0x1d,0x2c,0x02,0xc0,0x39,0x55,0xd2,0xc0,0x1d,0x03,0xff,0xfd,0x2c,0x01,0xd0,0x39,0x56,
0xd2,0xc5,0xbc,0x03,0x80,0x1d,0x2c,0x7f,0x40,0x38,0x01,0xd2,0xc0,0x00,0x03,0x81,0x6d,0x2c,0x00,0x00,0x38,0x3f,0x82,0xc0,
0x00,0x01,0x40,0x50,0x14,0x00,0x00,
/* U+90ca */
0x00,0x64,0x00,0x00,0x00,0x00,0x03,0x80,0x01,0xaa,0xa8,0x00,0x2c,0x00,0x1f,0xff,0xcb,0xff,0xff,0xf5,0xd0,0x2c,0x6a,0xaa,
0xaa,0x5d,0x03,0x80,0x04,0x04,0x01,0xd0,0x74,0x01,0xd1,0xe0,0x1d,0x0a,0x00,0x3c,0x0b,0x81,0xd1,0xd0,0x0b,0x40,0x2e,0x1d,
0x2c,0x01,0xe0,0x00,0xb5,0xd3,0x80,0x78,0x00,0x52,0x1d,0x2c,0x0b,0x10,0x0b,0x01,0xd0,0xe0,0x07,0x81,0xe0,0x1d,0x07,0x40,
0x2f,0x2c,0x01,0xd0,0x38,0x00,0x7f,0x80,0x1d,0x02,0xc0,0x01,0xf4,0x01,0xd0,0x1d,0x00,0x2f,0xd0,0x1d,0x01,0xd0,0x0b,0x9f,
0x41,0xd5,0x7c,0x02,0xe0,0x7d,0x1d,0xbf,0x41,0xf8,0x01,0xd1,0xd5,0x40,0xbd,0x00,0x04,0x1d,0x00,0x0a,0x00,0x00,0x01,0xd0,
0x00,0x00,0x00,0x00,0x14,0x00,0x00,
/* U+90ce */
0x00,0x64,0x00,0x00,0x00,0x00,0x07,0x80,0x02,0xaa,0xa8,0x05,0x7d,0x50,0x3f,0xff,0xd2,0xff,0xff,0x43,0x95,0x7c,0x2d,0x55,
0x74,0x38,0x07,0x82,0xd0,0x07,0x43,0x80,0xb4,0x2d,0x00,0x74,0x38,0x0e,0x02,0xea,0xab,0x43,0x81,0xd0,0x2f,0xff,0xf4,0x38,
0x2c,0x02,0xd0,0x07,0x43,0x83,0x80,0x2d,0x00,0x74,0x38,0x2c,0x02,0xd5,0x57,0x43,0x81,0xe0,0x2f,0xff,0xf4,0x38,0x07,0x42,
0xe5,0x55,0x43,0x80,0x38,0x2d,0x00,0x00,0x38,0x02,0xc2,0xd0,0x2c,0x03,0x80,0x1d,0x2d,0x01,0xd0,0x38,0x02,0xd2,0xd0,0x0f,
0x03,0x89,0xbc,0x2d,0x16,0xf4,0x38,0xfe,0x42,0xef,0xfb,0x83,0x85,0x00,0x7f,0xa4,0x2c,0x38,0x00,0x02,0x40,0x01,0x43,0x80,
0x00,0x00,0x00,0x00,0x14,0x00,0x00,
/* U+90cf */
0x00,0x18,0x00,0x00,0x00,0x00,0x01,0xc0,0x01,0xaa,0xa4,0x00,0x1c,0x00,0x2f,0xff,0xc2,0xab,0xfa,0xa2,0xc0,0x38,0x2a,0xbe,
0xaa,0x2c,0x07,0x40,0x01,0xc0,0x02,0xc0,0xb0,0x24,0x1c,0x09,0x2c,0x0e,0x02,0x81,0xc1,0xc2,0xc1,0xd0,0x1c,0x1c,0x28,0x2c,
0x2c,0x00,0xd2,0xc3,0x82,0xc3,0x80,0x09,0x2c,0x24,0x2c,0x2c,0x01,0x56,0xd5,0x52,0xc0,0xe0,0xbf,0xff,0xff,0x2c,0x07,0x45,
0x57,0x95,0x52,0xc0,0x38,0x00,0x78,0x00,0x2c,0x02,0xc0,0x0b,0xe0,0x02,0xc0,0x1d,0x01,0xeb,0x80,0x2c,0x02,0xc0,0x2d,0x1f,
0x42,0xc5,0xbc,0x07,0x80,0x3e,0x2c,0xbe,0x41,0xf4,0x00,0xa2,0xc1,0x00,0x7d,0x00,0x00,0x2c,0x00,0x0b,0x40,0x00,0x02,0xc0,
0x00,0x00,0x00,0x00,0x14,0x00,0x00,
/* U+90d1 */
0x04,0x00,0x10,0x00,0x00,0x01,0xe0,0x07,0x81,0xaa,0xa8,0x0b,0x40,0xb4,0x2f,0xff,0xc0,0x38,0x1e,0x02,0xc0,0x3c,0x01,0xc2,
0xd0,0x2c,0x07,0x81,0x59,0x7d,0x52,0xc0,0xb0,0x3f,0xff,0xfe,0x2c,0x0e,0x00,0x02,0xd0,0x02,0xc1,0xd0,0x00,0x1c,0x00,0x2c,
0x2c,0x00,0x01,0xc0,0x02,0xc3,0x80,0x00,0x2c,0x00,0x2c,0x2c,0x06,0xab,0xea,0xa2,0xc0,0xe0,0x7f,0xff,0xff,0x6c,0x07,0x40,
0x03,0x80,0x02,0xc0,0x38,0x00,0x74,0x00,0x2c,0x02,0xc0,0x0b,0xd0,0x02,0xc0,0x1d,0x00,0xeb,0x40,0x2c,0x01,0xd0,0x2d,0x2e,
0x02,0xc5,0x7c,0x07,0x80,0xb8,0x2c,0xff,0x41,0xf0,0x02,0xe2,0xc5,0x40,0x7d,0x00,0x08,0x2c,0x00,0x0a,0x00,0x00,0x02,0xc0,
0x00,0x00,0x00,0x00,0x14,0x00,0x00,
/* U+90d3 */
0x6a,0xaa,0xaa,0x1a,0xaa,0x87,0xff,0xff,0xf2,0xff,0xfc,0x74,0x00,0x0b,0x2d,0x03,0xc7,0x43,0x80,0xb2,0xd0,0x78,0x10,0x74,
0x05,0x2d,0x0b,0x41,0x5b,0x55,0x52,0xd0,0xb0,0x3f,0xff,0xfe,0x2d,0x1e,0x01,0x6d,0x55,0x42,0xd2,0xc0,0x07,0x86,0x00,0x2d,
0x38,0x00,0xf0,0xb0,0x02,0xd2,0xc0,0x1d,0x0b,0x00,0x2d,0x0e,0x03,0xea,0xfa,0x92,0xd0,0x74,0x2a,0xaf,0xe9,0x2d,0x03,0x80,
0x00,0xb0,0x02,0xd0,0x2c,0x00,0x0b,0x00,0x2d,0x01,0xd0,0x00,0xb5,0xa2,0xd0,0x1d,0x1a,0xbf,0xfe,0x2d,0x56,0xc7,0xfe,0xf5,
0x02,0xdb,0xf8,0x10,0x0b,0x00,0x2d,0x54,0x00,0x00,0xb0,0x02,0xd0,0x00,0x00,0x0b,0x00,0x2d,0x00,0x00,0x00,0x50,0x01,0x40,
0x00,
/* U+90e7 */
0x0a,0xaa,0xa8,0x1a,0xaa,0x80,0xfa,0xab,0xc1,0xff,0xfc,0x0e,0x00,0x2c,0x1d,0x03,0xc0,0xe0,0x02,0xc1,0xd0,0x38,0x0f,0xaa,
0xbc,0x1d,0x07,0x40,0xaa,0xaa,0x81,0xd0,0xb0,0x00,0x00,0x00,0x1d,0x1e,0x01,0xaa,0xaa,0x91,0xd2,0xd0,0x2f,0xff,0xfe,0x1d,
0x3c,0x02,0xc0,0x00,0xe1,0xd2,0xd0,0x2c,0x09,0x0e,0x1d,0x0f,0x02,0xc1,0xd0,0xe1,0xd0,0x78,0x2c,0x1d,0x0e,0x1d,0x02,0xc2,
0xc1,0xd0,0xe1,0xd0,0x1d,0x2c,0x2c,0x0e,0x1d,0x01,0xd2,0xc2,0xc0,0xe1,0xd0,0x1d,0x2c,0x78,0x09,0x1d,0x56,0xd0,0x0b,0x14,
0x01,0xd7,0xf4,0x07,0xd2,0xe4,0x1d,0x14,0x06,0xf4,0x07,0xe1,0xd0,0x00,0xb9,0x00,0x0b,0x5d,0x00,0x00,0x00,0x00,0x10,0x40,
0x00,
/* U+90e8 */
0x00,0x24,0x00,0x00,0x00,0x00,0x03,0x80,0x01,0xaa,0xa8,0x15,0x6d,0x55,0x2f,0xff,0xd7,0xff,0xff,0xf2,0xc0,0x3c,0x15,0x55,
0x55,0x2c,0x03,0x80,0x50,0x02,0x82,0xc0,0x74,0x0b,0x00,0x78,0x2c,0x0b,0x00,0x74,0x0b,0x42,0xc1,0xe0,0x03,0x80,0xe0,0x2c,
0x2d,0x0a,0xbe,0xae,0xa6,0xc3,0xc0,0xbf,0xff,0xff,0x6c,0x1d,0x00,0x00,0x00,0x02,0xc0,0xb0,0x00,0x00,0x00,0x2c,0x07,0x81,
0xaa,0xaa,0x82,0xc0,0x2c,0x1f,0xaa,0xbc,0x2c,0x01,0xd1,0xd0,0x02,0xc2,0xc0,0x1e,0x1d,0x00,0x2c,0x2c,0x01,0xd1,0xd0,0x02,
0xc2,0xc5,0xbc,0x1d,0x00,0x2c,0x2c,0xbf,0x41,0xea,0xab,0xc2,0xc1,0x00,0x1f,0xff,0xfc,0x2c,0x00,0x01,0xd0,0x02,0xc2,0xc0,
0x00,0x04,0x00,0x04,0x14,0x00,0x00,
/* U+90eb */
0x00,0x19,0x00,0x00,0x00,0x00,0x02,0xd0,0x00,0xaa,0xa8,0x15,0x7d,0x55,0x1f,0xff,0xc1,0xff,0xff,0xe1,0xd0,0x38,0x1d,0x1d,
0x0e,0x1d,0x07,0x41,0xc0,0xd0,0xe1,0xd0,0xb0,0x1d,0x1d,0x0e,0x1d,0x0e,0x01,0xff,0xff,0xe1,0xd1,0xd0,0x1d,0x5e,0x5e,0x1d,
0x2c,0x01,0xc1,0xd0,0xe1,0xd3,0x80,0x1c,0x2c,0x0e,0x1d,0x2c,0x01,0xff,0xff,0xe1,0xd0,0xe0,0x1a,0xba,0xa9,0x1d,0x07,0x40,
0x1e,0x14,0x01,0xd0,0x38,0x0b,0xc2,0xc0,0x1d,0x02,0xc1,0xd0,0x2c,0x01,0xd0,0x1d,0xbf,0xff,0xff,0x9d,0x01,0xd6,0xaa,0xbe,
0xa5,0xd6,0xbc,0x00,0x02,0xc0,0x1d,0x7e,0x40,0x00,0x2c,0x01,0xd0,0x00,0x00,0x02,0xc0,0x1d,0x00,0x00,0x00,0x2c,0x01,0xd0,
0x00,0x00,0x01,0x40,0x04,0x00,0x00,
/* U+90ed */
0x00,0x24,0x00,0x00,0x00,0x00,0x02,0xc0,0x01,0xaa,0xa8,0xbf,0xff,0xff,0x5f,0xff,0xc6,0xaa,0xaa,0xa5,0xd0,0x38,0x00,0x00,
0x00,0x1d,0x07,0x41,0xaa,0xaa,0x81,0xd0,0xb0,0x1f,0xaa,0xbc,0x1d,0x0e,0x01,0xd0,0x02,0xc1,0xd1,0xd0,0x1d,0x00,0x2c,0x1d,
0x2c,0x01,0xff,0xff,0xc1,0xd3,0x80,0x05,0x55,0x54,0x1d,0x2c,0x00,0x00,0x00,0x01,0xd0,0xe0,0x3f,0xff,0xfd,0x1d,0x07,0x41,
0x55,0x5f,0x81,0xd0,0x38,0x00,0x07,0xd0,0x1d,0x02,0xc0,0x00,0xe0,0x11,0xd0,0x1d,0x15,0x6f,0xff,0x5d,0x01,0xdb,0xff,0xfa,
0x51,0xd5,0x7c,0x55,0x0e,0x00,0x1d,0xbf,0x40,0x00,0xe0,0x01,0xd1,0x40,0x01,0x5e,0x00,0x1d,0x00,0x00,0x2f,0xd0,0x01,0xd0,
0x00,0x00,0x50,0x00,0x04,0x00,0x00,
/* U+90ef */
0x00,0x09,0x00,0x00,0x00,0x00,0x51,0xe0,0x24,0xaa,0xa8,0x0b,0x1e,0x0b,0x4f,0xff,0xd1,0xe1,0xd0,0xe0,0xe0,0x2c,0x2c,0x1d,
0x2d,0x0e,0x03,0x87,0x82,0xc2,0x80,0xe0,0x74,0x10,0x3e,0x40,0x0e,0x0b,0x00,0x0b,0xae,0x00,0xe0,0xe0,0x02,0xe0,0x7d,0x0e,
0x1d,0x02,0xf8,0x00,0xf4,0xe2,0xc0,0x7d,0x0e,0x02,0x0e,0x1d,0x01,0x00,0xe0,0x00,0xe0,0xb0,0x06,0x0e,0x06,0x4e,0x07,0x40,
0xe1,0xd0,0xb0,0xe0,0x2c,0x1d,0x1d,0x1e,0x0e,0x02,0xc3,0xc2,0xc2,0xc0,0xe0,0x1d,0x34,0x3d,0x04,0x0e,0x01,0xd0,0x07,0xf8,
0x00,0xe1,0xbc,0x01,0xf2,0xe0,0x0e,0x3f,0x40,0x7d,0x07,0xd0,0xe0,0x00,0x7f,0x40,0x0f,0x4e,0x00,0x07,0x80,0x00,0x20,0xe0,
0x00,0x00,0x00,0x00,0x09,0x00,0x00,
/* U+90f4 */
0x02,0x40,0x09,0x00,0x00,0x00,0x38,0x00,0xe0,0x2a,0xa9,0x03,0x80,0x0e,0x03,0xff,0xd0,0x38,0x00,0xe0,0x38,0x1d,0x03,0x80,
0x0e,0x03,0x82,0xc7,0xff,0x9f,0xfe,0x38,0x38,0x6b,0xe9,0xaf,0xa3,0x87,0x40,0x38,0x01,0xe0,0x38,0xb0,0x07,0xc0,0x2e,0x03,
0x8a,0x00,0xbe,0x03,0xf4,0x38,0xe0,0x0f,0xb4,0x7f,0xc3,0x8e,0x01,0xb9,0xd6,0xea,0x38,0x74,0x37,0x8c,0x9e,0x77,0x83,0x8b,
0x38,0x1c,0xe2,0x78,0x1d,0xd3,0x82,0x8e,0x03,0x81,0xd8,0x38,0x74,0xe0,0x38,0x0e,0x03,0x8b,0x0e,0x03,0x80,0xe0,0x38,0x50,
0xe0,0x39,0x6e,0x03,0x80,0x0e,0x03,0xaf,0x80,0x38,0x00,0xe0,0x38,0x40,0x03,0x80,0x0e,0x03,0x80,0x00,0x38,0x00,0xe0,0x38,
0x00,0x01,0x40,0x05,0x01,0x40,0x00,
/* U+90f8 */
0x01,0x00,0x14,0x00,0x00,0x00,0x74,0x03,0xc0,0xaa,0xa8,0x03,0xc0,0x74,0x0f,0xff,0xd0,0x1d,0x0f,0x00,0xe0,0x2c,0x1a,0xea,
0xfa,0x0e,0x03,0x81,0xff,0xff,0xf4,0xe0,0x74,0x1c,0x0e,0x07,0x4e,0x0b,0x01,0xc0,0xe0,0x74,0xe0,0xe0,0x1e,0xaf,0xab,0x4e,
0x1d,0x01,0xff,0xff,0xf4,0xe3,0xc0,0x1c,0x0e,0x07,0x4e,0x2d,0x01,0xc0,0xe0,0x74,0xe0,0xf0,0x1e,0xaf,0xab,0x4e,0x07,0x41,
0xff,0xff,0xf4,0xe0,0x2c,0x00,0x0e,0x00,0x0e,0x02,0xc0,0x00,0xe0,0x00,0xe0,0x1d,0x6a,0xaf,0xaa,0x8e,0x01,0xd6,0xaa,0xfa,
0xa8,0xe5,0x7c,0x00,0x0e,0x00,0x0e,0x7f,0x40,0x00,0xe0,0x00,0xe1,0x40,0x00,0x0e,0x00,0x0e,0x00,0x00,0x00,0xe0,0x00,0xe0,
0x00,0x00,0x05,0x00,0x05,0x00,0x00,
/* U+90fd */
0x00,0x24,0x00,0x00,0x00,0x00,0x03,0x80,0x01,0xaa,0xa8,0x00,0x38,0x07,0x6f,0xff,0xd1,0xab,0xe9,0xb2,0xd0,0x2c,0x1a,0xbe,
0x9d,0x2c,0x03,0x80,0x03,0x82,0xc2,0xc0,0x74,0x00,0x38,0x74,0x2c,0x0b,0x01,0x57,0x9f,0x52,0xc0,0xe0,0x7f,0xff,0xff,0x6c,
0x2d,0x05,0x56,0xf5,0x52,0xc3,0xc0,0x00,0x7d,0x00,0x2c,0x2d,0x00,0x2f,0x55,0x42,0xc0,0xe0,0x1f,0xff,0xfd,0x2c,0x07,0x4f,
0xf9,0x56,0xd2,0xc0,0x2c,0x57,0x40,0x1d,0x2c,0x02,0xc0,0x79,0x56,0xd2,0xc0,0x1d,0x07,0xff,0xfd,0x2c,0x01,0xd0,0x79,0x56,
0xd2,0xc5,0xbc,0x07,0x40,0x1d,0x2c,0xbe,0x40,0x79,0x56,0xd2,0xc0,0x00,0x07,0xff,0xfd,0x2c,0x00,0x00,0x79,0x56,0xd2,0xc0,
0x00,0x01,0x40,0x04,0x14,0x00,0x00,
/* U+90fe */
0xaa,0xaa,0xaa,0x2a,0xaa,0x7e,0xaa,0xaa,0x8f,0xab,0xde,0x00,0x00,0x03,0x80,0xb3,0x8a,0xaa,0xa0,0xe0,0x2c,0xe2,0xd5,0x6c,
0x38,0x0e,0x38,0xa0,0x07,0x0e,0x07,0x4e,0x2f,0xff,0xc3,0x82,0xc3,0x8a,0x00,0x70,0xe0,0xe0,0xe2,0xd5,0x6c,0x38,0x74,0x38,
0xbf,0xff,0x0e,0x1d,0x0e,0x01,0xd0,0x03,0x82,0xc3,0x9a,0xfa,0xa0,0xe0,0x38,0xe6,0xfa,0xbc,0x38,0x0b,0x38,0x28,0x1d,0x0e,
0x01,0xde,0x1f,0x9e,0x03,0x80,0x3b,0x80,0x7f,0x40,0xe0,0x0e,0xe1,0xbe,0xb9,0x39,0xab,0x78,0xe4,0x06,0x4e,0x7f,0x4e,0x00,
0x00,0x03,0x80,0x03,0xff,0xff,0xf8,0xe0,0x00,0xaa,0xaa,0xaa,0x38,0x00,0x00,0x00,0x00,0x05,0x00,0x00,
/* U+9102 */
0x2a,0xa2,0xaa,0x0a,0xaa,0x83,0xae,0x2e,0xb1,0xff,0xfc,0x34,0xa2,0x87,0x1d,0x03,0x83,0x4a,0x28,0x71,0xd0,0x74,0x39,0xa2,
0x9b,0x1d,0x0b,0x03,0xfe,0x2f,0xf1,0xd0,0xe0,0x00,0x00,0x00,0x1d,0x1d,0x01,0x55,0x55,0x51,0xd2,0xc0,0x2f,0xff,0xfe,0x1d,
0x3c,0x00,0x00,0x00,0x01,0xd2,0xd0,0x00,0x00,0x00,0x1d,0x0e,0x0b,0xff,0xff,0xf9,0xd0,0x74,0x57,0xd5,0x55,0x5d,0x03,0xc0,
0x38,0x00,0x01,0xd0,0x2c,0x07,0x95,0x55,0x1d,0x01,0xd0,0xbf,0xff,0xd1,0xd0,0x1d,0x00,0x00,0x1d,0x1d,0x16,0xd0,0x00,0x01,
0xd1,0xd7,0xf8,0x00,0x00,0x2c,0x1d,0x14,0x00,0x01,0x5b,0xc1,0xd0,0x00,0x00,0x2f,0xf4,0x1d,0x00,0x00,0x00,0x40,0x00,0x40,
0x00,
/* U+9104 */
0x6a,0xaa,0xaa,0x5a,0xaa,0x8b,0xff,0xff,0xf5,0xff,0xfc,0x00,0xe2,0x80,0x1c,0x03,0xc0,0x0e,0x28,0x01,0xc0,0x78,0x15,0xe7,
0xd5,0x1c,0x0b,0x03,0xff,0xff,0xf1,0xc0,0xe0,0x38,0xa2,0x8b,0x1c,0x1d,0x03,0x8a,0x28,0xb1,0xc2,0xc0,0x38,0xa2,0x8b,0x1c,
0x38,0x03,0x8a,0x28,0xb1,0xc2,0xc0,0x3f,0xff,0xff,0x1c,0x0e,0x01,0x55,0x55,0x51,0xc0,0x74,0x00,0x1d,0x00,0x1c,0x03,0x80,
0x01,0xd0,0x01,0xc0,0x2c,0x3f,0xff,0xff,0x1c,0x01,0xd1,0x56,0xe5,0x51,0xc0,0x1d,0x00,0x1d,0x00,0x1c,0x57,0xc0,0x01,0xd0,
0x55,0xc7,0xf4,0x05,0x6f,0xff,0x5c,0x10,0x0b,0xff,0xe9,0x41,0xc0,0x00,0x65,0x00,0x00,0x1c,0x00,0x00,0x00,0x00,0x01,0x40,
0x00,
/* U+911e */
0x01,0x40,0x50,0x00,0x00,0x00,0x38,0x07,0x00,0xaa,0xa8,0xbf,0xff,0xff,0x5f,0xff,0xd6,0xba,0xab,0xa5,0xd0,0x2c,0x03,0x80,
0x70,0x1d,0x07,0x80,0x3f,0xff,0x01,0xd0,0xb0,0x01,0x6e,0x50,0x1d,0x0e,0x01,0x56,0xe5,0x51,0xd1,0xd0,0x2f,0xff,0xfe,0x1d,
0x2c,0x02,0x81,0xd0,0xa1,0xd3,0x80,0x29,0x5d,0x5a,0x1d,0x2c,0x02,0xff,0xff,0xe1,0xd0,0xe0,0x00,0x1d,0x00,0x1d,0x07,0x42,
0xaa,0xea,0xa1,0xd0,0x38,0x7f,0xff,0xff,0x5d,0x02,0xc0,0x01,0xd0,0x01,0xd0,0x1d,0x1a,0xae,0xa9,0x1d,0x01,0xd2,0xab,0xfa,
0x91,0xd5,0x6c,0x00,0x1d,0x00,0x1d,0x7f,0x40,0x05,0xe6,0xb5,0xd1,0x40,0xbf,0xff,0xfe,0x5d,0x00,0x06,0x55,0x40,0x01,0xd0,
0x00,0x00,0x00,0x00,0x04,0x00,0x00,
/* U+9120 */
0x2a,0xaa,0xaa,0x4a,0xaa,0x82,0xaa,0xfa,0xa4,0xbf,0xfc,0x00,0x0e,0x00,0x0a,0x02,0xcb,0xff,0xff,0xfc,0xa0,0x34,0xb5,0x5e,
0x56,0xca,0x07,0x0b,0x54,0xe1,0x6c,0xa0,0xa0,0x1f,0xce,0x7e,0x0a,0x0d,0x00,0x00,0xe0,0x00,0xa1,0xc0,0x1f,0xce,0xbe,0x0a,
0x2c,0x00,0x54,0x91,0x50,0xa1,0xd0,0x15,0x55,0x55,0x4a,0x0a,0x02,0xff,0xff,0xf4,0xa0,0x34,0x00,0x00,0x00,0x0a,0x02,0xca,
0xaa,0xaa,0xa9,0xa0,0x1d,0x6b,0xea,0xaa,0x9a,0x00,0xd0,0x38,0x00,0x00,0xa0,0x1d,0x07,0xea,0xa9,0x0a,0x16,0xc0,0x6a,0xaa,
0xe0,0xa3,0xe4,0x00,0x00,0x1d,0x0a,0x00,0x00,0x00,0x02,0xd0,0xa0,0x00,0x00,0x2f,0xf8,0x0a,0x00,0x00,0x00,0x55,0x00,0x50,
0x00,
/* U+9122 */
0x6a,0xaa,0xaa,0x4a,0xaa,0x97,0xff,0xff,0xf4,0xff,0xfd,0x00,0x0e,0x00,0x0e,0x02,0xc0,0xa0,0xe5,0x40,0xe0,0x38,0x0e,0x0f,
0xfe,0x0e,0x07,0x40,0xe0,0xe5,0x40,0xe0,0xb0,0x0e,0x0e,0x00,0x0e,0x0e,0x0b,0xff,0xff,0xf8,0xe1,0xd0,0x6b,0xaa,0xaa,0x4e,
0x2c,0x00,0x74,0x00,0x00,0xe2,0xd0,0x07,0xea,0xaa,0x0e,0x0e,0x00,0xba,0xaa,0x90,0xe0,0x74,0x0e,0x00,0x00,0x0e,0x02,0xc1,
0xfa,0xaa,0xa4,0xe0,0x1d,0x1a,0xaa,0xab,0x8e,0x01,0xd0,0x00,0x44,0x38,0xe0,0x1d,0x2a,0x9c,0x93,0x8e,0x56,0xd3,0x5c,0xda,
0x34,0xe7,0xf8,0x71,0xca,0x63,0x4e,0x14,0x0a,0x1c,0x54,0xb4,0xe0,0x00,0x90,0x40,0xfe,0x0e,0x00,0x00,0x00,0x05,0x40,0x50,
0x00,
/* U+912f */
0x02,0x40,0x24,0x00,0x00,0x00,0x2c,0x07,0x40,0xaa,0xa8,0x16,0xe5,0xb5,0x5f,0xff,0xc3,0xff,0xff,0xf5,0xe0,0x3c,0x00,0x0e,
0x00,0x1d,0x07,0x81,0x56,0xe5,0x51,0xd0,0xb4,0x1f,0xff,0xfe,0x1d,0x0f,0x00,0x00,0xe0,0x01,0xd1,0xd0,0x2a,0xae,0xaa,0x5d,
0x2c,0x07,0xff,0xff,0xf9,0xd3,0x80,0x05,0x0e,0x04,0x1d,0x2d,0x00,0xa0,0xe2,0xc1,0xd0,0xe0,0x5b,0x5e,0x79,0x5d,0x07,0x47,
0xff,0xff,0xfd,0xd0,0x38,0x00,0x00,0x00,0x1d,0x02,0xc0,0x55,0x55,0x51,0xd0,0x1d,0x1f,0xff,0xfe,0x1d,0x01,0xd1,0xd0,0x00,
0xe1,0xd5,0x7c,0x1d,0x00,0x0e,0x1d,0xbf,0x41,0xd0,0x00,0xe1,0xd1,0x40,0x1f,0xff,0xfe,0x1d,0x00,0x01,0xe5,0x55,0xe1,0xd0,
0x00,0x04,0x00,0x05,0x05,0x00,0x00,
/* U+9131 */
0x00,0x00,0x01,0x00,0x00,0x01,0x55,0x6b,0xf8,0x6a,0xa9,0x3f,0xff,0xa5,0x0b,0xff,0xe1,0x40,0xb0,0x50,0xb0,0x1d,0x06,0x0b,
0x0b,0x0b,0x02,0xc0,0x74,0xb1,0xd0,0xb0,0x38,0x17,0x9b,0x6d,0x4b,0x07,0x47,0xff,0xff,0xfd,0xb0,0xb0,0x00,0xab,0x00,0x0b,
0x0e,0x00,0x2c,0xb3,0x80,0xb1,0xd0,0x1f,0x4b,0x1f,0x8b,0x0e,0x0b,0x80,0x60,0x2d,0xb0,0xb4,0xaa,0xaa,0xaa,0x4b,0x03,0x80,
0xfa,0xfa,0xf4,0xb0,0x1d,0x0d,0x0b,0x07,0x4b,0x00,0xe0,0xd0,0xb0,0x74,0xb0,0x0e,0x0f,0xff,0xff,0x4b,0x00,0xe0,0xea,0xba,
0xb4,0xb2,0x6e,0x0d,0x0b,0x07,0x4b,0x2f,0x80,0xe5,0xb5,0x74,0xb0,0x00,0x0f,0xff,0xff,0x4b,0x00,0x00,0xe5,0x55,0x74,0xb0,
0x00,0x04,0x00,0x01,0x05,0x00,0x00,
/* U+9149 */
0x15,0x55,0x55,0x55,0x55,0x47,0xff,0xff,0xff,0xff,0xfd,0x00,0x01,0xe0,0x74,0x00,0x00,0x00,0x0e,0x07,0x40,0x00,0x00,0x00,
0xe0,0x74,0x00,0x00,0xbf,0xff,0xff,0xff,0xe0,0x0b,0xaa,0xea,0xba,0xae,0x00,0xb0,0x1d,0x07,0x40,0xe0,0x0b,0x02,0xc0,0x74,
0x0e,0x00,0xb0,0x38,0x07,0x40,0xe0,0x0b,0x0b,0x40,0x39,0x5e,0x00,0xb2,0xe0,0x02,0xff,0xe0,0x0b,0x18,0x00,0x00,0x0e,0x00,
0xb0,0x00,0x00,0x00,0xe0,0x0b,0xaa,0xaa,0xaa,0xae,0x00,0xba,0xaa,0xaa,0xaa,0xe0,0x0b,0x00,0x00,0x00,0x0e,0x00,0xb0,0x00,
0x00,0x00,0xe0,0x0b,0xaa,0xaa,0xaa,0xae,0x00,0xbf,0xff,0xff,0xff,0xe0,0x0b,0x00,0x00,0x00,0x0e,0x00,0x50,0x00,0x00,0x00,
0x50,
/* U+914d */
0x6a,0xaa,0xa8,0xaa,0xaa,0x4b,0xff,0xff,0xdf,0xff,0xf8,0x02,0xcb,0x00,0x00,0x07,0x80,0x2c,0x70,0x00,0x00,0x38,0x16,0xdb,
0x50,0x00,0x03,0x87,0xff,0xff,0x80,0x00,0x38,0x7a,0xda,0x78,0x00,0x03,0x87,0x5c,0xa2,0x80,0x00,0x38,0x75,0xca,0x28,0x6a,
0xab,0x87,0x58,0xa2,0x8b,0xff,0xf8,0x76,0x8a,0x28,0xb0,0x00,0x07,0x74,0x7f,0x8b,0x00,0x00,0x7b,0x01,0x78,0xb0,0x00,0x07,
0x50,0x02,0x8b,0x00,0x00,0x7a,0xaa,0xb8,0xb0,0x00,0x47,0xff,0xff,0x8b,0x00,0x0f,0x74,0x00,0x28,0xb0,0x00,0xe7,0x40,0x02,
0x8b,0x00,0x0e,0x7a,0xaa,0xb8,0xb0,0x01,0xd7,0xff,0xff,0x87,0xea,0xbc,0x74,0x00,0x28,0x2f,0xfe,0x41,0x00,0x01,0x40,0x00,
0x00,
/* U+9152 */
0x38,0x06,0xaa,0xaa,0xaa,0x92,0xe0,0xbf,0xff,0xff,0xfe,0x07,0xd0,0x03,0x82,0xc0,0x00,0x1e,0x00,0x38,0x2c,0x00,0x00,0x40,
0x03,0x82,0xc0,0x01,0x00,0x3f,0xff,0xff,0xfc,0xb4,0x03,0xd7,0xd6,0xd6,0xc7,0xe0,0x38,0x28,0x28,0x1c,0x0b,0x83,0x83,0x82,
0x81,0xc0,0x28,0x38,0x34,0x28,0x1c,0x00,0x03,0x87,0x42,0xd2,0xc0,0x00,0x39,0xe0,0x1f,0xfc,0x01,0xd3,0xa8,0x00,0x16,0xc0,
0x2c,0x38,0x00,0x00,0x1c,0x03,0x83,0xd5,0x55,0x56,0xc0,0xb4,0x3f,0xff,0xff,0xfc,0x0e,0x03,0x95,0x55,0x56,0xc1,0xd0,0x38,
0x00,0x00,0x1c,0x3c,0x03,0xd5,0x55,0x56,0xc7,0x80,0x3f,0xff,0xff,0xfc,0x70,0x03,0x95,0x55,0x56,0xc0,0x00,0x14,0x00,0x00,
0x04,
/* U+91b4 */
0x00,0x00,0x00,0x14,0x60,0x06,0xaa,0xa9,0x02,0x87,0x00,0xbf,0xff,0xd7,0xff,0xff,0x80,0x35,0xc0,0xb6,0xdb,0x6c,0x03,0x5c,
0x0b,0x18,0x61,0xc1,0x76,0xd4,0xbf,0xff,0xfc,0x7f,0xff,0xdb,0x6d,0xa6,0xc7,0x65,0x9d,0xb1,0x86,0x1c,0x76,0x59,0xdb,0xff,
0xff,0xc7,0x65,0x9d,0x55,0x55,0x54,0x76,0x19,0xd5,0x55,0x55,0x47,0x71,0x9d,0xff,0xff,0xfd,0x7a,0x1e,0xd0,0x00,0x00,0x07,
0xd0,0x5d,0x2a,0xaa,0xa4,0x74,0x01,0xd3,0xea,0xab,0x47,0x95,0x6d,0x34,0x00,0x34,0x7f,0xff,0xd3,0x95,0x57,0x47,0x40,0x1d,
0x3f,0xff,0xf4,0x74,0x01,0xd0,0xb0,0x1d,0x07,0xaa,0xad,0x07,0x42,0xc0,0x7f,0xff,0xda,0xbe,0xbe,0xa7,0x40,0x1d,0xaa,0xaa,
0xa9,0x10,0x00,0x00,0x00,0x00,0x00,
/* U+91cc */
0x06,0xaa,0xaa,0xaa,0xa9,0x00,0x7f,0xff,0xff,0xff,0xd0,0x07,0x40,0x0f,0x00,0x1d,0x00,0x74,0x00,0xf0,0x01,0xd0,0x07,0x40,
0x0f,0x00,0x1d,0x00,0x7f,0xff,0xff,0xff,0xd0,0x07,0xaa,0xaf,0xaa,0xad,0x00,0x74,0x00,0xf0,0x01,0xd0,0x07,0x40,0x0f,0x00,
0x1d,0x00,0x74,0x00,0xf0,0x01,0xd0,0x07,0xff,0xff,0xff,0xfd,0x00,0x55,0x55,0xf5,0x55,0x50,0x00,0x00,0x0f,0x00,0x00,0x00,
0x00,0x00,0xf0,0x00,0x00,0x1a,0xaa,0xaf,0xaa,0xaa,0x42,0xff,0xff,0xff,0xff,0xf8,0x00,0x00,0x0f,0x00,0x00,0x00,0x00,0x00,
0xf0,0x00,0x00,0x00,0x00,0x0f,0x00,0x00,0x0b,0xff,0xff,0xff,0xff,0xfe,0x6a,0xaa,0xaa,0xaa,0xaa,0x90,
/* U+91cd */
0x00,0x00,0x00,0x00,0x54,0x00,0x56,0xaa,0xaf,0xff,0xc0,0x0b,0xfe,0xaf,0x95,0x40,0x00,0x00,0x00,0xf0,0x00,0x00,0x2a,0xaa,
0xaf,0xaa,0xaa,0x87,0xff,0xff,0xff,0xff,0xfd,0x00,0x00,0x0f,0x00,0x00,0x00,0x6a,0xaa,0xfa,0xaa,0x80,0x07,0xff,0xff,0xff,
0xfd,0x00,0x74,0x00,0xf0,0x01,0xd0,0x07,0x95,0x5f,0x55,0x6d,0x00,0x7f,0xff,0xff,0xff,0xd0,0x07,0x40,0x0f,0x00,0x1d,0x00,
0x74,0x00,0xf0,0x01,0xd0,0x07,0xff,0xff,0xff,0xfd,0x00,0x15,0x55,0xf5,0x55,0x40,0x00,0x00,0x0f,0x00,0x00,0x01,0xff,0xff,
0xff,0xff,0xf4,0x15,0x55,0x5f,0x55,0x55,0x40,0x00,0x00,0xf0,0x00,0x00,0x6a,0xaa,0xaf,0xaa,0xaa,0x96,0xaa,0xaa,0xaa,0xaa,
0xa9,
/* U+91ce */
0x2a,0xaa,0xa1,0xaa,0xaa,0x83,0xff,0xff,0x2f,0xff,0xfc,0x38,0x74,0x70,0x00,0x07,0x83,0x87,0x47,0x01,0x80,0xf0,0x38,0x74,
0x70,0x2d,0x3d,0x03,0xff,0xff,0x00,0xfb,0x40,0x39,0xb9,0xb0,0x03,0xd0,0x03,0x87,0x47,0x15,0x6e,0x54,0x38,0x74,0x72,0xff,
0xff,0xe3,0xeb,0xaf,0x15,0x6d,0x6d,0x2a,0xfe,0xa0,0x02,0xc3,0xc0,0x07,0x40,0x00,0x2c,0x78,0x00,0x74,0x00,0x02,0xcf,0x01,
0x5b,0x95,0x40,0x2c,0x50,0x7f,0xff,0xf8,0x02,0xc0,0x01,0x5b,0x95,0x00,0x2c,0x00,0x00,0x74,0x00,0x02,0xc0,0x00,0x07,0x40,
0x00,0x2c,0x00,0x01,0xba,0xbc,0x02,0xc0,0x0b,0xff,0xfa,0x45,0x7c,0x00,0xa9,0x50,0x01,0xff,0x40,0x00,0x00,0x00,0x05,0x40,
0x00,
/* U+91cf */
0x01,0x55,0x55,0x55,0x54,0x00,0x2e,0xaa,0xaa,0xab,0xc0,0x02,0xc0,0x00,0x00,0x2c,0x00,0x2e,0xaa,0xaa,0xab,0xc0,0x02,0xd5,
0x55,0x55,0x7c,0x00,0x2d,0x55,0x55,0x57,0xc0,0x02,0xaa,0xaa,0xaa,0xa8,0x00,0x00,0x00,0x00,0x00,0x00,0xbf,0xff,0xff,0xff,
0xff,0xe5,0x55,0x55,0x55,0x55,0x55,0x06,0xaa,0xaa,0xaa,0xa9,0x00,0x7a,0xaa,0xfa,0xaa,0xd0,0x07,0x40,0x0f,0x00,0x1d,0x00,
0x7f,0xff,0xff,0xff,0xd0,0x07,0x40,0x0f,0x00,0x1d,0x00,0x7a,0xaa,0xfa,0xaa,0xd0,0x06,0xaa,0xaf,0xaa,0xa9,0x00,0x00,0x00,
0xf0,0x00,0x00,0x0f,0xff,0xff,0xff,0xff,0x00,0x00,0x00,0xf0,0x00,0x00,0x6a,0xaa,0xaf,0xaa,0xaa,0x9a,0xaa,0xaa,0xaa,0xaa,
0xaa,
/* U+91d1 */
0x00,0x00,0x05,0x00,0x00,0x00,0x00,0x02,0xf8,0x00,0x00,0x00,0x00,0xba,0xe0,0x00,0x00,0x00,0x3d,0x0b,0x80,0x00,0x00,0x1f,
0x40,0x2f,0x40,0x00,0x1b,0x80,0x00,0x7e,0x00,0x0b,0xe0,0x00,0x00,0xbd,0x07,0xfb,0xff,0xff,0xfe,0xfd,0x74,0x6a,0xaf,0xaa,
0x91,0xd0,0x00,0x00,0xf0,0x00,0x00,0x00,0x00,0x0f,0x00,0x00,0x00,0x00,0x00,0xf0,0x00,0x00,0x1f,0xff,0xff,0xff,0xff,0x41,
0xaa,0xaa,0xfa,0xaa,0xa4,0x00,0x00,0x0f,0x00,0x00,0x00,0x05,0x00,0xf0,0x06,0x00,0x00,0xf0,0x0f,0x00,0xf0,0x00,0x07,0x40,
0xf0,0x1d,0x00,0x00,0x38,0x0f,0x02,0xc0,0x00,0x02,0xd0,0xf0,0x78,0x00,0x7f,0xff,0xff,0xff,0xff,0xd6,0xaa,0xaa,0xaa,0xaa,
0xa9,
/* U+949f */
0x01,0x40,0x00,0x06,0x40,0x00,0xe0,0x00,0x01,0xd0,0x00,0x74,0x00,0x00,0x74,0x00,0x2f,0xfe,0x00,0x1d,0x00,0x0f,0xaa,0x45,
0x5b,0x95,0x4b,0x40,0x03,0xff,0xff,0xf3,0x80,0x00,0xe5,0xb9,0x6e,0xd0,0x00,0x38,0x1d,0x07,0xab,0xff,0x4e,0x07,0x41,0xc1,
0x7d,0x43,0x81,0xd0,0x70,0x0e,0x00,0xe0,0x74,0x1c,0x03,0x80,0x38,0x1d,0x07,0x6a,0xfa,0x4e,0x5b,0x96,0xdf,0xff,0xe3,0xff,
0xff,0xf0,0x0e,0x00,0xe5,0xb9,0x6c,0x03,0x80,0x24,0x1d,0x06,0x00,0xe0,0x00,0x07,0x40,0x00,0x38,0x00,0x01,0xd0,0x00,0x0e,
0x09,0x00,0x74,0x00,0x03,0xaf,0x40,0x1d,0x00,0x02,0xf9,0x00,0x07,0x40,0x00,0x24,0x00,0x01,0xd0,0x00,0x00,0x00,0x00,0x10,
0x00,
/* U+94a2 */
0x01,0x00,0x00,0x00,0x00,0x01,0xd0,0x0a,0xaa,0xaa,0xa0,0xb0,0x02,0xff,0xff,0xfc,0x3f,0xfc,0xb0,0x00,0x0b,0x1e,0xaa,0x2c,
0x00,0x12,0xcb,0x00,0x0b,0x60,0x2c,0xb7,0x80,0x02,0xdd,0x0b,0x2e,0xc0,0x00,0xb3,0xc3,0x8b,0xaf,0xfd,0x2c,0x75,0xd2,0xc1,
0xba,0x4b,0x0b,0xb0,0xb0,0x1d,0x02,0xc0,0xf8,0x2c,0x07,0x40,0xb0,0x2d,0x0b,0x2a,0xea,0x6c,0x0f,0x82,0xdf,0xff,0xdb,0x0b,
0xb4,0xb0,0x1d,0x02,0xc7,0xce,0x2c,0x07,0x40,0xb2,0xd1,0xdb,0x01,0xd0,0x2d,0xe0,0x3a,0xc0,0x74,0x0b,0x70,0x04,0xb0,0x1d,
0x26,0xc0,0x00,0x2c,0x07,0xbd,0xb0,0x00,0x0b,0x03,0xf4,0x2c,0x00,0x57,0xc0,0x50,0x0b,0x00,0x1f,0xd0,0x00,0x01,0x40,0x01,
0x40,
/* U+94a6 */
0x01,0x40,0x00,0x60,0x00,0x00,0x3c,0x00,0x07,0x40,0x00,0x07,0x80,0x00,0xb0,0x00,0x00,0xbf,0xfd,0x0f,0x00,0x00,0x0f,0xaa,
0x90,0xff,0xff,0xd1,0xd0,0x00,0x1e,0xaa,0xbd,0x3c,0x00,0x03,0xc0,0x02,0xcb,0x55,0x54,0x78,0x60,0x38,0xa7,0xff,0x8f,0x07,
0x47,0x40,0x1b,0x55,0xd0,0xb0,0xb4,0x00,0xb0,0x00,0x0b,0x0b,0x00,0x0b,0x00,0x00,0xb0,0x00,0x2a,0xba,0x90,0x0b,0x40,0x07,
0xff,0xfe,0x00,0xf8,0x00,0x00,0xb4,0x00,0x1f,0xd0,0x00,0x0b,0x00,0x02,0xde,0x00,0x00,0xb0,0x00,0x38,0xb0,0x00,0x0b,0x00,
0x0b,0x43,0x80,0x00,0xb0,0x91,0xe0,0x1e,0x00,0x0b,0xbd,0x7d,0x00,0xb8,0x00,0xfd,0x2f,0x00,0x02,0xe0,0x05,0x02,0x80,0x00,
0x0e,
/* U+94ae */
0x01,0x40,0x00,0x00,0x00,0x00,0x38,0x00,0xaa,0xaa,0xa4,0x07,0x40,0x0f,0xff,0xff,0x80,0xbf,0xf8,0x03,0x80,0x38,0x0f,0xaa,
0x40,0x38,0x03,0x82,0xd0,0x00,0x03,0x80,0x38,0x38,0x00,0x00,0x38,0x07,0x8b,0x40,0x00,0x07,0x40,0x74,0xab,0xff,0x40,0x74,
0x07,0x40,0x6f,0xa0,0x07,0x40,0x74,0x00,0xe0,0x1a,0xfe,0xaf,0x40,0x0e,0x01,0xff,0xff,0xf4,0x6a,0xfa,0x80,0xb0,0x07,0x47,
0xff,0xfc,0x0b,0x00,0xb4,0x00,0xe0,0x00,0xe0,0x0b,0x00,0x0e,0x00,0x0e,0x00,0xb0,0x00,0xe0,0x00,0xe0,0x0b,0x00,0x0e,0x00,
0x0e,0x00,0xb0,0x00,0xe1,0x81,0xd0,0x0b,0x00,0x0e,0xb8,0x1d,0x00,0xb0,0x02,0xf9,0x7f,0xff,0xff,0xf0,0x08,0x06,0xaa,0xaa,
0xaa,
/* U+94b1 */
0x01,0x40,0x00,0x28,0x10,0x00,0x38,0x00,0x03,0xcb,0x40,0x07,0x40,0x00,0x3c,0x2d,0x00,0xbf,0xf8,0x03,0xc0,0xe0,0x0f,0xaa,
0x80,0x3c,0x01,0x42,0xd0,0x00,0x03,0xeb,0xf8,0x38,0x00,0x1b,0xff,0xe9,0x4b,0x55,0x51,0xeb,0xc0,0x00,0xa7,0xff,0x00,0x2c,
0x00,0x00,0x5f,0x50,0x02,0xc0,0x58,0x00,0xe0,0x00,0x2e,0xbf,0xd0,0x0e,0x01,0xbf,0xfe,0x50,0x6a,0xfa,0x9e,0xad,0x01,0x07,
0xff,0xfc,0x01,0xe0,0x74,0x00,0xe0,0x00,0x0e,0x1e,0x00,0x0e,0x00,0x00,0xb7,0xc0,0x00,0xe0,0x00,0x07,0xf0,0x00,0x0e,0x05,
0x00,0x7d,0x0a,0x00,0xe2,0xe0,0x1f,0xd0,0xb0,0x0f,0xf8,0x1b,0x9f,0x0e,0x01,0xf9,0x1f,0xd0,0x7f,0xd0,0x08,0x07,0xd0,0x01,
0xb8,0x00,0x00,0x10,0x00,0x00,0x00,
/* U+94c1 */
0x01,0x40,0x00,0x02,0x40,0x00,0x74,0x00,0x00,0x74,0x00,0x0b,0x40,0x02,0xc7,0x40,0x00,0xff,0xf4,0x38,0x74,0x00,0x1f,0xaa,
0x47,0x97,0x95,0x42,0xc0,0x00,0xbf,0xff,0xf8,0x78,0x00,0x0f,0x5b,0x95,0x4b,0x40,0x01,0xd0,0x74,0x00,0xab,0xff,0x2c,0x07,
0x40,0x00,0x6e,0x91,0x80,0x74,0x00,0x00,0xe0,0x00,0x07,0x40,0x00,0x0e,0x02,0xff,0xff,0xfe,0x2a,0xea,0x5a,0xaf,0xea,0x97,
0xff,0xf8,0x00,0xfc,0x00,0x01,0xe0,0x00,0x0f,0xd0,0x00,0x0e,0x00,0x01,0xde,0x00,0x00,0xe0,0x00,0x2c,0x70,0x00,0x0e,0x00,
0x0b,0x83,0x80,0x00,0xe1,0x81,0xf0,0x2d,0x00,0x1e,0xbc,0x7d,0x00,0xb4,0x02,0xf9,0x2f,0x40,0x02,0xe0,0x14,0x03,0xd0,0x00,
0x0a,0x00,0x00,0x10,0x00,0x00,0x00,
/* U+94c3 */
0x01,0x40,0x00,0x0a,0x00,0x00,0x78,0x00,0x01,0xf8,0x00,0x0b,0x40,0x00,0x3e,0xd0,0x00,0xbf,0xf4,0x07,0x4e,0x00,0x0f,0xaa,
0x40,0xe0,0x74,0x02,0xd0,0x00,0x3c,0x02,0xd0,0x38,0x00,0x0f,0x54,0x0f,0x4b,0x55,0x43,0xd2,0xe0,0x3d,0xab,0xfe,0xb4,0x0b,
0x80,0xf0,0x5e,0x51,0x00,0x28,0x01,0x00,0xe0,0x00,0x00,0x00,0x00,0x0e,0x00,0xff,0xff,0xf4,0x6a,0xfa,0x4a,0xaa,0xaf,0x47,
0xff,0xf8,0x00,0x01,0xe0,0x00,0xe0,0x00,0x00,0x3c,0x00,0x0e,0x00,0x24,0x0b,0x40,0x00,0xe0,0x07,0xd2,0xd0,0x00,0x0e,0x00,
0x1f,0xb8,0x00,0x00,0xe1,0x80,0x2f,0x40,0x00,0x0e,0xbc,0x00,0x7d,0x00,0x02,0xf9,0x00,0x01,0xf4,0x00,0x08,0x00,0x00,0x07,
0xc0,0x00,0x00,0x00,0x00,0x14,0x00,
/* U+94c5 */
0x01,0x40,0x00,0x00,0x00,0x00,0x38,0x00,0x1a,0xaa,0x80,0x07,0x40,0x01,0xff,0xfc,0x00,0xbf,0xf8,0x1d,0x02,0xc0,0x0f,0xaa,
0x81,0xd0,0x2c,0x02,0xd0,0x00,0x1d,0x02,0xc0,0x38,0x00,0x02,0xc0,0x2c,0x0b,0x40,0x00,0x38,0x02,0xc0,0xab,0xff,0x4b,0x40,
0x1e,0x50,0x6f,0xa7,0xe0,0x00,0xff,0x00,0xe0,0x18,0x00,0x00,0x50,0x0e,0x00,0x00,0x00,0x00,0x15,0xf5,0x47,0xff,0xff,0x87,
0xff,0xfd,0x7a,0xaa,0xb8,0x00,0xf0,0x07,0x40,0x03,0x80,0x0e,0x00,0x74,0x00,0x38,0x00,0xe0,0x07,0x40,0x03,0x80,0x0e,0x00,
0x74,0x00,0x38,0x00,0xe0,0x97,0x40,0x03,0x80,0x0f,0xbd,0x7a,0xaa,0xb8,0x01,0xf9,0x07,0xff,0xff,0x80,0x09,0x00,0x74,0x00,
0x38,0x00,0x00,0x01,0x00,0x01,0x00,
/* U+94dc */
0x05,0x00,0x00,0x00,0x00,0x02,0xd0,0x0a,0xaa,0xaa,0xa0,0xb0,0x03,0xff,0xff,0xfc,0x3f,0xfc,0xe0,0x00,0x0b,0x1e,0xaa,0x38,
0x00,0x02,0xcb,0x00,0x0e,0x15,0x54,0xb7,0x80,0x03,0x9f,0xff,0x6e,0xc0,0x00,0xe0,0x00,0x0b,0xab,0xfd,0x38,0x00,0x02,0xc1,
0xba,0x4e,0x15,0x54,0xb0,0x1d,0x03,0x8b,0xfe,0x2c,0x07,0x40,0xe2,0x82,0x8b,0x2a,0xe9,0x38,0xa0,0xa2,0xdf,0xff,0xce,0x28,
0x28,0xb0,0x1d,0x03,0x8a,0x0a,0x2c,0x07,0x40,0xe2,0x82,0x8b,0x01,0xd0,0x38,0xbf,0xe2,0xc0,0x74,0x0e,0x1a,0xa4,0xb0,0x1d,
0x23,0x80,0x00,0x2c,0x07,0xbd,0xe0,0x00,0x0b,0x03,0xf8,0x38,0x00,0x56,0xc0,0x50,0x0e,0x00,0x2f,0xe0,0x00,0x01,0x40,0x01,
0x40,
/* U+94f6 */
0x01,0x40,0x00,0x00,0x00,0x00,0x78,0x00,0xaa,0xaa,0xa0,0x0b,0x40,0x0f,0xff,0xff,0x40,0xbf,0xf8,0xe0,0x00,0x74,0x0f,0xaa,
0x8e,0x00,0x07,0x42,0xd0,0x00,0xf5,0x55,0xb4,0x38,0x00,0x0f,0xff,0xff,0x4b,0x55,0x50,0xf5,0x55,0x74,0xa7,0xff,0x4e,0x00,
0x07,0x40,0x5e,0x50,0xe0,0x00,0x74,0x00,0xe0,0x0f,0xff,0xff,0x40,0x0e,0x00,0xfa,0xba,0xa0,0x6a,0xfa,0x8e,0x07,0x40,0x07,
0xff,0xfc,0xe0,0x38,0x1d,0x00,0xe0,0x0e,0x02,0xc7,0xd0,0x0e,0x00,0xe0,0x1e,0xf4,0x00,0xe0,0x0e,0x00,0xf8,0x00,0x0e,0x00,
0xe0,0x07,0x80,0x00,0xe0,0x4e,0x01,0x2d,0x00,0x0e,0xb8,0xe6,0xf4,0xb4,0x02,0xfe,0x1f,0xf9,0x02,0xe0,0x09,0x00,0xe4,0x00,
0x0a,
/* U+950b */
0x05,0x00,0x00,0x64,0x00,0x00,0xb0,0x00,0x0f,0x00,0x00,0x0f,0x00,0x02,0xff,0xff,0x41,0xff,0xe0,0xb9,0x55,0xb4,0x1e,0xaa,
0x2f,0xc0,0x1e,0x03,0xc0,0x07,0x8b,0x47,0x80,0x78,0x00,0x10,0x2e,0xe0,0x0b,0x40,0x00,0x06,0xfe,0x40,0xbf,0xff,0x1b,0xf5,
0xbf,0xe1,0xae,0x93,0xe4,0x60,0x6b,0x01,0xd0,0x00,0x07,0x40,0x00,0x1d,0x01,0xaa,0xba,0xa8,0x6a,0xea,0x5f,0xff,0xff,0xdb,
0xff,0xf8,0x00,0x74,0x00,0x01,0xd0,0x01,0x5b,0x55,0x00,0x1d,0x00,0xbf,0xff,0xf8,0x01,0xd0,0x05,0x5b,0x55,0x40,0x1d,0x00,
0x00,0x74,0x00,0x01,0xd0,0x2a,0xab,0xaa,0xa0,0x1e,0xb7,0xff,0xff,0xfe,0x03,0xf9,0x00,0x07,0x40,0x00,0x14,0x00,0x00,0x74,
0x00,0x00,0x00,0x00,0x06,0x00,0x00,
/* U+9519 */
0x01,0x40,0x00,0x90,0x28,0x00,0x78,0x00,0x0e,0x02,0x80,0x0b,0x40,0x00,0xe0,0x28,0x00,0xff,0xf9,0xff,0xff,0xfe,0x1f,0xaa,
0x5a,0xfa,0xbe,0x92,0xc0,0x00,0x0e,0x02,0x80,0x78,0x00,0x00,0xe0,0x28,0x0b,0x00,0x01,0x5e,0x57,0xd5,0xab,0xff,0x7f,0xff,
0xff,0xf0,0x6e,0xa1,0x55,0x55,0x55,0x00,0xe0,0x00,0x00,0x00,0x00,0x0e,0x00,0x6a,0xaa,0xa4,0x6a,0xea,0x87,0xaa,0xab,0x47,
0xff,0xfc,0x74,0x00,0x34,0x00,0xe0,0x07,0x40,0x03,0x40,0x0e,0x00,0x7a,0xaa,0xb4,0x00,0xe0,0x07,0xff,0xff,0x40,0x0e,0x00,
0x74,0x00,0x34,0x00,0xe1,0x97,0x40,0x03,0x40,0x1e,0xbd,0x75,0x55,0x74,0x02,0xf9,0x07,0xff,0xff,0x40,0x18,0x00,0x75,0x55,
0x74,0x00,0x00,0x05,0x00,0x01,0x40,
/* U+9521 */
0x01,0x40,0x00,0x00,0x00,0x00,0x78,0x00,0xaa,0xaa,0xa4,0x07,0x40,0x0f,0xaa,0xaf,0x40,0xbf,0xf8,0xe0,0x00,0x74,0x0f,0xaa,
0x4e,0x55,0x57,0x42,0xd0,0x00,0xff,0xff,0xf4,0x38,0x00,0x0e,0x00,0x07,0x4b,0x55,0x50,0xe0,0x00,0x74,0xab,0xfe,0x0f,0xff,
0xff,0x40,0x5e,0x50,0xaf,0xaa,0xa4,0x00,0xd0,0x02,0xd0,0x00,0x00,0x0d,0x00,0x7e,0xaa,0xa9,0x6a,0xea,0x5f,0xff,0xff,0xd7,
0xff,0xfb,0x83,0x87,0x1d,0x01,0xd0,0x10,0xb0,0xe1,0xd0,0x0d,0x00,0x1d,0x1d,0x1d,0x00,0xd0,0x0b,0x83,0x81,0xd0,0x0d,0x03,
0xd0,0xb0,0x1c,0x00,0xd1,0x54,0x2d,0x02,0xc0,0x1e,0xb4,0x0b,0x80,0x3c,0x02,0xf9,0x07,0xe0,0x5b,0x80,0x18,0x00,0xe4,0x1f,
0xf0,0x00,0x00,0x00,0x00,0x54,0x00,
/* U+9526 */
0x06,0x00,0x00,0x06,0x00,0x02,0xd0,0x00,0x02,0xc0,0x00,0xf0,0x00,0x6a,0xea,0xa4,0x3f,0xfd,0x2f,0xff,0xfe,0x1e,0xaa,0x4b,
0x00,0x03,0x8b,0x00,0x02,0xc0,0x00,0xe7,0x80,0x00,0xbf,0xff,0xfa,0xd0,0x00,0x2d,0x55,0x5e,0xbf,0xff,0x0b,0x00,0x03,0x86,
0xba,0x42,0xd5,0x56,0xe0,0x1e,0x00,0xbf,0xff,0xf8,0x07,0x80,0x00,0x1c,0x00,0x6a,0xea,0x40,0x0b,0x40,0x1f,0xff,0xe7,0xff,
0xff,0xf0,0x1e,0x01,0xea,0xba,0xac,0x07,0x80,0x74,0x1c,0x07,0x01,0xe0,0x1d,0x07,0x01,0xc0,0x78,0x07,0x41,0xc0,0x70,0x1e,
0x15,0xd0,0x70,0x2c,0x07,0xbe,0x74,0x1c,0xaf,0x02,0xf9,0x1d,0x07,0x2e,0x40,0x50,0x00,0x01,0xc0,0x00,0x00,0x00,0x00,0x50,
0x00,
/* U+952e */
0x09,0x00,0x00,0x00,0x40,0x00,0xe0,0x00,0x00,0x1d,0x00,0x1d,0x00,0x55,0x1a,0xea,0x41,0xff,0xdf,0xf5,0xae,0xb8,0x2e,0xa8,
0x0b,0x01,0xd3,0x83,0x80,0x00,0xe1,0x5d,0x79,0x74,0x00,0x2c,0x7f,0xff,0xeb,0x00,0x03,0x80,0x1d,0x38,0xff,0xfc,0xb0,0x01,
0xd3,0x81,0xbe,0x4f,0xa6,0xff,0xf8,0x02,0xc0,0xab,0x56,0xe5,0x40,0x2c,0x00,0x70,0x1d,0x00,0x6b,0xe9,0x47,0x2a,0xea,0x87,
0xff,0xec,0xb2,0xae,0xa8,0x02,0xc1,0xdb,0x01,0xd0,0x00,0x2c,0x0e,0xe5,0x6e,0x55,0x02,0xc0,0x7d,0xbf,0xff,0xd0,0x2c,0x03,
0xc0,0x1d,0x00,0x02,0xc9,0x3e,0x01,0xd0,0x00,0x2f,0xdb,0xbd,0x04,0x00,0x07,0xe1,0xe1,0xff,0xaa,0xa0,0x10,0x1c,0x01,0xaf,
0xff,
/* U+9547 */
0x01,0x40,0x00,0x06,0x00,0x00,0x74,0x00,0x00,0xb0,0x00,0x0b,0x40,0x2f,0xff,0xff,0xd0,0xff,0xf2,0xaa,0xfa,0xa9,0x1f,0xaa,
0x00,0x0b,0x00,0x02,0xc0,0x00,0x6a,0xba,0xa0,0x78,0x00,0x0b,0xaa,0xaf,0x4b,0x40,0x00,0xb0,0x00,0x74,0xab,0xff,0x0b,0xaa,
0xaf,0x40,0x6e,0x90,0xb5,0x55,0xb4,0x01,0xd0,0x0b,0x40,0x0b,0x40,0x1d,0x00,0xbf,0xff,0xf4,0x6a,0xea,0x4b,0x00,0x07,0x47,
0xff,0xf8,0xb9,0x55,0xb4,0x01,0xd0,0x0b,0xaa,0xab,0x40,0x1d,0x00,0xb0,0x00,0x74,0x01,0xd0,0x6f,0xaa,0xab,0xa0,0x1d,0x07,
0xff,0xff,0xfe,0x01,0xd1,0x00,0x90,0x60,0x00,0x1e,0xf0,0x7d,0x07,0xd0,0x02,0xf8,0x2f,0x40,0x07,0x90,0x14,0x0b,0x80,0x00,
0x1e,
/* U+955c */
0x02,0x40,0x00,0x18,0x00,0x00,0x74,0x00,0x01,0xd0,0x00,0x0b,0x00,0x2a,0xaf,0xaa,0x80,0xff,0xf2,0xbe,0xab,0xe4,0x1e,0xaa,
0x02,0xc0,0x34,0x02,0xc0,0x00,0x1d,0x07,0x00,0x78,0x00,0x6a,0xfa,0xfa,0x9b,0x00,0x06,0xaa,0xaa,0xa9,0xab,0xfe,0x00,0x00,
0x00,0x00,0x6e,0x90,0xff,0xff,0xe0,0x01,0xd0,0x0e,0xaa,0xaf,0x00,0x1d,0x00,0xe0,0x00,0xb0,0x6a,0xea,0x0f,0xaa,0xaf,0x07,
0xff,0xf4,0xea,0xaa,0xf0,0x01,0xd0,0x0e,0x00,0x0b,0x00,0x1d,0x00,0xfa,0xaa,0xf0,0x01,0xd0,0x0a,0xfa,0xea,0x00,0x1d,0x00,
0x1d,0x0d,0x00,0x01,0xd2,0x02,0xd0,0xd0,0x70,0x2e,0xf0,0x78,0x0d,0x0b,0x03,0xe4,0x6e,0x00,0xe5,0xe0,0x14,0x1f,0x40,0x0b,
0xfd,0x00,0x00,0x40,0x00,0x00,0x00,
/* U+9576 */
0x05,0x00,0x00,0x18,0x00,0x00,0xb0,0x00,0x01,0xd0,0x00,0x0e,0x00,0xbf,0xff,0xff,0xd1,0xff,0xd6,0xaa,0xaa,0xa9,0x1e,0xa9,
0x15,0x50,0x55,0x03,0xc0,0x03,0xeb,0x5e,0xb8,0x74,0x00,0x34,0x35,0xc3,0x8b,0x00,0x03,0xeb,0x5e,0xb8,0xaf,0xfc,0x16,0xd0,
0xb5,0x40,0xbe,0x41,0x6d,0x5b,0x94,0x02,0xc0,0x6b,0xea,0xfa,0x80,0x2c,0x00,0x1c,0x07,0x40,0x6b,0xe9,0x2f,0xff,0xff,0x87,
0xff,0xe0,0x6d,0x57,0x50,0x02,0xc0,0x56,0xe5,0xb9,0x50,0x2c,0x0a,0xaf,0xbe,0xa9,0x02,0xc0,0x01,0xe1,0xc0,0x40,0x2c,0x01,
0xf8,0x0a,0x78,0x02,0xc1,0xfb,0x40,0x3e,0x00,0x2e,0xd4,0x34,0x52,0xe0,0x07,0xf4,0x07,0xbe,0x07,0xd0,0x24,0x00,0x79,0x00,
0x0a,
/* U+957f */
0x00,0x14,0x00,0x00,0x00,0x00,0x02,0xc0,0x00,0x03,0x80,0x00,0x2c,0x00,0x01,0xf4,0x00,0x02,0xc0,0x00,0x7d,0x00,0x00,0x2c,
0x00,0x6f,0x40,0x00,0x02,0xc0,0x6f,0x80,0x00,0x00,0x2c,0x1f,0x80,0x00,0x00,0x02,0xc0,0x40,0x00,0x00,0x00,0x2c,0x00,0x00,
0x00,0x01,0x56,0xd5,0x55,0x55,0x55,0xbf,0xff,0xff,0xff,0xff,0xe5,0x56,0xd5,0x5f,0x55,0x55,0x00,0x2c,0x00,0xb0,0x00,0x00,
0x02,0xc0,0x07,0x80,0x00,0x00,0x2c,0x00,0x2c,0x00,0x00,0x02,0xc0,0x01,0xe0,0x00,0x00,0x2c,0x00,0x0b,0x80,0x00,0x02,0xc0,
0x00,0x2e,0x00,0x00,0x2c,0x01,0x40,0xb8,0x00,0x02,0xc6,0xf8,0x02,0xf4,0x00,0x3f,0xf9,0x40,0x07,0xe0,0x03,0xe4,0x00,0x00,
0x09,
/* U+95e8 */
0x06,0x00,0x00,0x00,0x00,0x07,0x80,0x15,0x55,0x55,0x02,0xd0,0x7f,0xff,0xfe,0x00,0xf0,0x15,0x55,0x5e,0x60,0x78,0x00,0x00,
0x0e,0xb0,0x00,0x00,0x00,0x0e,0xb0,0x00,0x00,0x00,0x0e,0xb0,0x00,0x00,0x00,0x0e,0xb0,0x00,0x00,0x00,0x0e,0xb0,0x00,0x00,
0x00,0x0e,0xb0,0x00,0x00,0x00,0x0e,0xb0,0x00,0x00,0x00,0x0e,0xb0,0x00,0x00,0x00,0x0e,0xb0,0x00,0x00,0x00,0x0e,0xb0,0x00,
0x00,0x00,0x0e,0xb0,0x00,0x00,0x00,0x0e,0xb0,0x00,0x00,0x00,0x0e,0xb0,0x00,0x00,0x00,0x0e,0xb0,0x00,0x00,0x00,0x0e,0xb0,
0x00,0x00,0x00,0x1e,0xb0,0x00,0x00,0x01,0x6d,0xb0,0x00,0x00,0x03,0xf8,0x50,0x00,0x00,0x01,0x40,
/* U+95ed */
0x06,0x00,0x00,0x00,0x00,0x07,0x80,0x15,0x55,0x55,0x02,0xd0,0x7f,0xff,0xfe,0x00,0xf4,0x15,0x55,0x5e,0x60,0x74,0x01,0x00,
0x0e,0xb0,0x00,0x03,0x80,0x0e,0xb0,0x00,0x03,0x80,0x0e,0xb0,0x00,0x03,0x80,0x0e,0xb0,0xaa,0xab,0xea,0x0e,0xb0,0xff,0xff,
0xff,0x0e,0xb0,0x00,0x0b,0x80,0x0e,0xb0,0x00,0x1f,0x80,0x0e,0xb0,0x00,0x77,0x80,0x0e,0xb0,0x00,0xe3,0x80,0x0e,0xb0,0x07,
0x83,0x80,0x0e,0xb0,0x1e,0x03,0x80,0x0e,0xb1,0xf8,0x03,0x80,0x0e,0xb2,0xd0,0x03,0x80,0x0e,0xb0,0x00,0x03,0x80,0x0e,0xb0,
0x00,0xaf,0x40,0x0e,0xb0,0x00,0xa9,0x01,0x6d,0xb0,0x00,0x00,0x03,0xf8,0x50,0x00,0x00,0x01,0x40,
/* U+95ee */
0x06,0x00,0x00,0x00,0x00,0x07,0x80,0x15,0x55,0x54,0x02,0xd0,0x7f,0xff,0xfe,0x00,0xf0,0x15,0x55,0x5e,0x60,0x78,0x00,0x00,
0x0e,0xb0,0x00,0x00,0x00,0x0e,0xb0,0x00,0x00,0x00,0x0e,0xb0,0x05,0x55,0x50,0x0e,0xb0,0x1f,0xff,0xf4,0x0e,0xb0,0x1e,0x55,
0xb4,0x0e,0xb0,0x1d,0x00,0x74,0x0e,0xb0,0x1d,0x00,0x74,0x0e,0xb0,0x1d,0x00,0x74,0x0e,0xb0,0x1d,0x00,0x74,0x0e,0xb0,0x1d,
0x00,0x74,0x0e,0xb0,0x1f,0xaa,0xf4,0x0e,0xb0,0x1f,0xff,0xf4,0x0e,0xb0,0x00,0x00,0x00,0x0e,0xb0,0x00,0x00,0x00,0x0e,0xb0,
0x00,0x00,0x00,0x0e,0xb0,0x00,0x00,0x05,0x6d,0xb0,0x00,0x00,0x0b,0xf8,0x50,0x00,0x00,0x01,0x40,
/* U+95f2 */
0x06,0x00,0x00,0x00,0x00,0x07,0x80,0x15,0x55,0x55,0x02,0xd0,0x7f,0xff,0xfe,0x00,0xf0,0x00,0x00,0x0e,0x60,0x50,0x14,0x00,
0x0e,0xb0,0x00,0x2c,0x00,0x0e,0xb0,0x00,0x2c,0x00,0x0e,0xb0,0x00,0x2c,0x00,0x0e,0xb0,0xaa,0xbe,0xa9,0x0e,0xb0,0xbf,0xff,
0xfe,0x0e,0xb0,0x00,0xbc,0x00,0x0e,0xb0,0x01,0xfe,0x00,0x0e,0xb0,0x02,0xaf,0x80,0x0e,0xb0,0x07,0x2d,0xe0,0x0e,0xb0,0x1e,
0x2c,0x78,0x0e,0xb0,0x78,0x2c,0x1e,0x0e,0xb2,0xf0,0x2c,0x07,0x4e,0xb1,0xc0,0x2c,0x01,0x0e,0xb0,0x00,0x2c,0x00,0x0e,0xb0,
0x00,0x2c,0x00,0x0e,0xb0,0x00,0x2c,0x01,0x6d,0xb0,0x00,0x00,0x03,0xf8,0x50,0x00,0x00,0x01,0x40,
/* U+95f4 */
0x06,0x00,0x00,0x00,0x00,0x07,0x80,0x55,0x55,0x55,0x02,0xd0,0x7f,0xff,0xfe,0x00,0xf0,0x15,0x55,0x5e,0x60,0x74,0x00,0x00,
0x0e,0xb0,0x00,0x00,0x00,0x0e,0xb0,0x00,0x00,0x00,0x0e,0xb0,0x2f,0xff,0xf4,0x0e,0xb0,0x2d,0x55,0xb4,0x0e,0xb0,0x2c,0x00,
0x34,0x0e,0xb0,0x2c,0x00,0x34,0x0e,0xb0,0x2d,0x55,0x74,0x0e,0xb0,0x2f,0xff,0xf4,0x0e,0xb0,0x2d,0x55,0x74,0x0e,0xb0,0x2c,
0x00,0x34,0x0e,0xb0,0x2c,0x00,0x34,0x0e,0xb0,0x2d,0x55,0xb4,0x0e,0xb0,0x2f,0xff,0xf4,0x0e,0xb0,0x00,0x00,0x00,0x0e,0xb0,
0x00,0x00,0x00,0x1e,0xb0,0x00,0x00,0x01,0x6d,0xb0,0x00,0x00,0x03,0xf8,0x50,0x00,0x00,0x01,0x40,
/* U+95f5 */
0x06,0x00,0x00,0x00,0x00,0x07,0x80,0x15,0x55,0x55,0x02,0xd0,0x7f,0xff,0xfe,0x00,0xf0,0x15,0x55,0x5e,0x60,0x78,0x50,0x00,
0x0e,0xb0,0x00,0xb4,0x00,0x0e,0xb0,0x00,0x78,0x00,0x0e,0xb0,0x55,0x7d,0x55,0x0e,0xb0,0xff,0xff,0xff,0x4e,0xb0,0x55,0x55,
0xb5,0x0e,0xb0,0x04,0x00,0xe0,0x0e,0xb0,0x2d,0x01,0xd0,0x0e,0xb0,0x0b,0x82,0x80,0x0e,0xb0,0x02,0xe7,0x40,0x0e,0xb0,0x00,
0xbf,0x00,0x0e,0xb0,0x00,0x2f,0x40,0x0e,0xb0,0x00,0xbb,0xd0,0x0e,0xb0,0x02,0xd1,0xf4,0x0e,0xb0,0x6f,0x40,0x7d,0x0e,0xb1,
0xf9,0x00,0x18,0x0e,0xb0,0x90,0x00,0x01,0x6d,0xb0,0x00,0x00,0x03,0xf8,0x50,0x00,0x00,0x01,0x40,
/* U+95fb */
0x06,0x00,0x00,0x00,0x00,0x07,0x80,0x15,0x55,0x55,0x02,0xe0,0x7f,0xff,0xfe,0x00,0xf4,0x00,0x00,0x0e,0x60,0x60,0x00,0x00,
0x0e,0xb0,0x00,0x00,0x00,0x0e,0xb0,0xff,0xff,0xff,0x0e,0xb0,0xae,0xaa,0xb9,0x0e,0xb0,0x1c,0x00,0xb0,0x0e,0xb0,0x1d,0x55,
0xb0,0x0e,0xb0,0x1f,0xff,0xf0,0x0e,0xb0,0x1d,0x00,0xb0,0x0e,0xb0,0x1c,0x00,0xb0,0x0e,0xb0,0x1e,0xaa,0xf0,0x0e,0xb0,0x1e,
0xaa,0xf0,0x0e,0xb0,0x1c,0x00,0xb0,0x0e,0xb0,0x1c,0x01,0xba,0x0e,0xb1,0xaf,0xff,0xfe,0x0e,0xb1,0xfa,0x95,0xb0,0x0e,0xb0,
0x00,0x00,0xb0,0x0e,0xb0,0x00,0x00,0xb1,0x6d,0xb0,0x00,0x00,0x11,0xf8,0x50,0x00,0x00,0x00,0x40,
/* U+95fd */
0x06,0x00,0x00,0x00,0x00,0x07,0x80,0x15,0x55,0x55,0x02,0xd0,0x7f,0xff,0xfe,0x00,0xf4,0x15,0x55,0x5e,0x60,0x78,0x00,0x00,
0x0e,0xb0,0x00,0x28,0x00,0x0e,0xb0,0x00,0x38,0x00,0x0e,0xb0,0x2a,0xbe,0xa8,0x0e,0xb0,0x7f,0xff,0xfc,0x0e,0xb0,0x74,0x38,
0x1c,0x0e,0xb0,0x74,0x38,0x1c,0x0e,0xb0,0x74,0x38,0x1c,0x0e,0xb0,0x7a,0xbe,0xac,0x0e,0xb0,0x6a,0xbe,0xa8,0x0e,0xb0,0x00,
0x38,0x14,0x0e,0xb0,0x00,0x38,0x28,0x0e,0xb0,0x00,0x38,0x6c,0x0e,0xb0,0x5a,0xbf,0xfe,0x0e,0xb1,0xff,0xe9,0x47,0x0e,0xb0,
0x40,0x00,0x01,0x1e,0xb0,0x00,0x00,0x01,0x6d,0xb0,0x00,0x00,0x03,0xf8,0x50,0x00,0x00,0x01,0x40,
/* U+9601 */
0x06,0x00,0x00,0x00,0x00,0x07,0x80,0x15,0x55,0x55,0x02,0xd0,0x7f,0xff,0xfe,0x00,0xf0,0x15,0x55,0x5e,0xb0,0x60,0x40,0x00,
0x0e,0xb0,0x02,0xc0,0x00,0x0e,0xb0,0x07,0xea,0xa8,0x0e,0xb0,0x1f,0xaa,0xf8,0x0e,0xb0,0x7e,0x00,0xe0,0x0e,0xb0,0xf7,0x87,
0xc0,0x0e,0xb0,0x91,0xff,0x00,0x0e,0xb0,0x01,0xff,0x90,0x0e,0xb0,0x6f,0x92,0xfe,0x4e,0xb2,0xf9,0x00,0x1b,0x8e,0xb1,0x5a,
0xaa,0xa4,0x0e,0xb0,0x0f,0xaa,0xf4,0x0e,0xb0,0x0d,0x00,0x74,0x0e,0xb0,0x0d,0x00,0x74,0x0e,0xb0,0x0d,0x00,0x74,0x0e,0xb0,
0x0e,0xaa,0xb4,0x0e,0xb0,0x0a,0xaa,0xa5,0x6d,0xb0,0x00,0x00,0x01,0xfc,0x50,0x00,0x00,0x00,0x50,
/* U+9606 */
0x06,0x00,0x00,0x00,0x00,0x07,0x80,0x15,0x55,0x55,0x02,0xd0,0x7f,0xff,0xfe,0x00,0xf4,0x15,0x55,0x5e,0x60,0x64,0x10,0x00,
0x0e,0xb0,0x00,0x74,0x00,0x0e,0xb0,0x15,0x7d,0x54,0x0e,0xb0,0x3f,0xff,0xfc,0x0e,0xb0,0x38,0x00,0x2c,0x0e,0xb0,0x39,0x55,
0x6c,0x0e,0xb0,0x3f,0xff,0xfc,0x0e,0xb0,0x38,0x00,0x2c,0x0e,0xb0,0x39,0x55,0x6c,0x0e,0xb0,0x3f,0xff,0xfc,0x0e,0xb0,0x38,
0x14,0x00,0x0e,0xb0,0x38,0x38,0x0b,0x4e,0xb0,0x38,0x1f,0x6e,0x0e,0xb0,0x38,0x07,0xf4,0x0e,0xb0,0x38,0x68,0xf4,0x0e,0xb0,
0x7e,0xf8,0x3d,0x0e,0xb0,0x7e,0x40,0x1d,0x6e,0xb0,0x00,0x00,0x03,0xfd,0x50,0x00,0x00,0x01,0x50,
/* U+960e */
0x06,0x00,0x00,0x00,0x00,0x07,0x80,0x15,0x55,0x55,0x02,0xe0,0x7f,0xff,0xfe,0x00,0xb4,0x00,0x00,0x0e,0x60,0x64,0xa0,0x00,
0x0e,0xb0,0x02,0xd0,0x00,0x0e,0xb0,0x03,0xfa,0xa8,0x0e,0xb0,0x0f,0xaa,0xb8,0x0e,0xb0,0x7d,0x00,0xf0,0x0e,0xb1,0xe0,0x03,
0xc0,0x0e,0xb0,0x81,0x81,0x40,0x0e,0xb0,0x6b,0xd2,0xa9,0x0e,0xb0,0xb9,0x02,0xae,0x0e,0xb0,0xb0,0x00,0x0e,0x0e,0xb0,0xb5,
0x41,0x5e,0x0e,0xb0,0xbf,0xd7,0xfe,0x0e,0xb0,0xb0,0x00,0x0e,0x0e,0xb0,0xb0,0x00,0x0e,0x0e,0xb0,0xbf,0xff,0xfe,0x0e,0xb0,
0x6a,0xaa,0xa9,0x0e,0xb0,0x00,0x00,0x00,0x6d,0xb0,0x00,0x00,0x01,0xfc,0x50,0x00,0x00,0x00,0x40,
/* U+961c */
0x00,0x00,0x64,0x00,0x00,0x00,0x00,0x0b,0x00,0x00,0x00,0x01,0xaa,0xfa,0xaa,0x90,0x00,0x1f,0xaa,0xaa,0xae,0x00,0x01,0xd0,
0x00,0x00,0xe0,0x00,0x1d,0x00,0x00,0x0e,0x00,0x01,0xff,0xff,0xff,0xe0,0x00,0x1e,0x55,0x55,0x55,0x00,0x01,0xd0,0x00,0x00,
0x00,0x00,0x1e,0xaa,0xaa,0xaa,0x40,0x01,0xea,0xaa,0xaa,0xb8,0x00,0x1d,0x00,0x00,0x03,0x80,0x01,0xd0,0x00,0x00,0x38,0x00,
0x1f,0xff,0xff,0xff,0x80,0x01,0xaa,0xaf,0xaa,0xa4,0x00,0x00,0x00,0xf0,0x00,0x00,0x15,0x55,0x5f,0x55,0x55,0x4b,0xff,0xff,
0xff,0xff,0xfe,0x55,0x55,0x5f,0x55,0x55,0x50,0x00,0x00,0xf0,0x00,0x00,0x00,0x00,0x0f,0x00,0x00,0x00,0x00,0x00,0xf0,0x00,
0x00,0x00,0x00,0x05,0x00,0x00,0x00,
/* U+9621 */
0xaa,0xa9,0x00,0x00,0x69,0x3f,0xff,0x80,0x56,0xff,0x4e,0x01,0xd7,0xff,0xe9,0x03,0x80,0xb1,0xa9,0xb0,0x00,0xe0,0x74,0x00,
0x2c,0x00,0x38,0x2c,0x00,0x0b,0x00,0x0e,0x0e,0x00,0x02,0xc0,0x03,0x87,0x40,0x00,0xb0,0x00,0xe2,0xc0,0x00,0x2c,0x00,0x38,
0x78,0x6a,0xaf,0xaa,0xae,0x0b,0x1f,0xff,0xff,0xff,0x80,0xe0,0x00,0xb0,0x00,0xe0,0x2c,0x00,0x2c,0x00,0x38,0x0b,0x40,0x0b,
0x00,0x0e,0x01,0xd0,0x02,0xc0,0x03,0x85,0xf4,0x00,0xb0,0x00,0xe7,0xf8,0x00,0x2c,0x00,0x38,0x50,0x00,0x0b,0x00,0x0e,0x00,
0x00,0x02,0xc0,0x03,0x80,0x00,0x00,0xb0,0x00,0xe0,0x00,0x00,0x2c,0x00,0x14,0x00,0x00,0x05,0x00,0x00,
/* U+9632 */
0x00,0x00,0x00,0x24,0x00,0x2a,0xaa,0x40,0x0e,0x00,0x0f,0xff,0xd0,0x02,0xc0,0x03,0x80,0xb0,0x00,0x74,0x00,0xe0,0x39,0xff,
0xff,0xff,0xb8,0x1d,0x6a,0xfa,0xaa,0x9e,0x0b,0x00,0x38,0x00,0x03,0x83,0x80,0x0e,0x00,0x00,0xe1,0xd0,0x03,0x80,0x00,0x38,
0xf0,0x00,0xe5,0x55,0x0e,0x1d,0x00,0x7f,0xff,0xd3,0x83,0xc0,0x2e,0x55,0xb4,0xe0,0x74,0x0b,0x00,0x1d,0x38,0x0e,0x03,0xc0,
0x07,0x4e,0x02,0xc0,0xe0,0x01,0xd3,0x80,0xb4,0x74,0x00,0x74,0xe5,0x7c,0x2c,0x00,0x1d,0x39,0xfd,0x1e,0x00,0x07,0x0e,0x14,
0x0f,0x00,0x02,0xc3,0x80,0x0b,0x80,0x00,0xf0,0xe0,0x07,0x80,0x1a,0xf4,0x38,0x02,0xc0,0x0b,0xf8,0x05,0x00,0x00,0x00,0x00,
0x00,
/* U+9633 */
0xaa,0xaa,0x15,0x55,0x55,0xff,0xfe,0x2f,0xff,0xff,0xe0,0x0e,0x2d,0x55,0x5b,0xe0,0x2c,0x2c,0x00,0x0b,0xe0,0x38,0x2c,0x00,
0x0b,0xe0,0x74,0x2c,0x00,0x0b,0xe0,0xb0,0x2c,0x00,0x0b,0xe0,0xe0,0x2c,0x00,0x0b,0xe1,0xd0,0x2c,0x00,0x0b,0xe1,0xe0,0x2e,
0xaa,0xaf,0xe0,0x74,0x2f,0xff,0xff,0xe0,0x2c,0x2c,0x00,0x0b,0xe0,0x1d,0x2c,0x00,0x0b,0xe0,0x1d,0x2c,0x00,0x0b,0xe0,0x1e,
0x2c,0x00,0x0b,0xe1,0x6d,0x2c,0x00,0x0b,0xe3,0xf8,0x2c,0x00,0x0b,0xe1,0x40,0x2d,0x55,0x5b,0xe0,0x00,0x2f,0xff,0xff,0xe0,
0x00,0x2d,0x55,0x5b,0xe0,0x00,0x2c,0x00,0x0b,0x50,0x00,0x14,0x00,0x05,
/* U+9634 */
0xaa,0xaa,0x0a,0xaa,0xa9,0xff,0xff,0x1f,0xff,0xfe,0xe0,0x0e,0x1d,0x00,0x0e,0xe0,0x1d,0x1d,0x00,0x0e,0xe0,0x2c,0x1d,0x00,
0x0e,0xe0,0x38,0x1d,0x00,0x0e,0xe0,0x74,0x1f,0xaa,0xae,0xe0,0xb0,0x1f,0xaa,0xae,0xe0,0xe0,0x1d,0x00,0x0e,0xe0,0xb0,0x1d,
0x00,0x0e,0xe0,0x78,0x1d,0x00,0x0e,0xe0,0x2c,0x1d,0x00,0x0e,0xe0,0x1d,0x1f,0xff,0xfe,0xe0,0x1d,0x2e,0xaa,0xae,0xe0,0x1e,
0x2c,0x00,0x0e,0xe1,0x6d,0x38,0x00,0x0e,0xe7,0xf8,0x78,0x00,0x0e,0xe1,0x40,0xb4,0x00,0x0e,0xe0,0x00,0xf0,0x00,0x0e,0xe0,
0x02,0xd0,0x05,0x6e,0xe0,0x02,0xc0,0x07,0xfc,0x50,0x00,0x40,0x01,0x40,
/* U+9635 */
0x00,0x00,0x00,0x50,0x00,0x15,0x54,0x00,0x78,0x00,0x0f,0xff,0x40,0x2d,0x00,0x03,0x96,0xd1,0x5f,0x55,0x54,0xe0,0xb1,0xff,
0xff,0xff,0x78,0x38,0x56,0xd5,0x55,0x4e,0x1d,0x00,0xe0,0x00,0x03,0x8b,0x00,0x74,0x74,0x00,0xe3,0x80,0x3c,0x1d,0x00,0x39,
0xd0,0x1d,0x07,0x40,0x0e,0x38,0x0f,0xaa,0xea,0x93,0x87,0x42,0xff,0xff,0xf8,0xe0,0xe0,0x00,0x1d,0x00,0x38,0x2c,0x00,0x07,
0x40,0x0e,0x07,0x40,0x01,0xd0,0x03,0x81,0xd6,0xaa,0xfe,0xaa,0xe5,0xb5,0xaa,0xbf,0xaa,0xba,0xf8,0x00,0x07,0x40,0x0e,0x10,
0x00,0x01,0xd0,0x03,0x80,0x00,0x00,0x74,0x00,0xe0,0x00,0x00,0x1d,0x00,0x38,0x00,0x00,0x07,0x40,0x05,0x00,0x00,0x00,0x40,
0x00,
/* U+963f */
0xaa,0xa8,0x55,0x55,0x55,0x7f,0xff,0x3f,0xff,0xff,0xee,0x03,0x85,0x55,0x56,0xe7,0x81,0xd0,0x00,0x00,0xb0,0xe0,0xb0,0x00,
0x00,0x2c,0x38,0x38,0x00,0x00,0x0b,0x0e,0x1d,0x07,0xff,0x82,0xc3,0x8b,0x02,0xea,0xe0,0xb0,0xe3,0x80,0xb0,0x28,0x2c,0x38,
0xb0,0x2c,0x0a,0x0b,0x0e,0x0e,0x0b,0x02,0x82,0xc3,0x82,0xc2,0xc0,0xa0,0xb0,0xe0,0x74,0xb0,0x28,0x2c,0x38,0x0e,0x2e,0xae,
0x0b,0x0e,0x03,0x87,0xff,0x82,0xc3,0x96,0xe0,0x00,0x00,0xb0,0xe7,0xf4,0x00,0x00,0x2c,0x38,0x50,0x00,0x00,0x0b,0x0e,0x00,
0x00,0x00,0x02,0xc3,0x80,0x00,0x00,0x55,0xf0,0xe0,0x00,0x00,0x2f,0xf8,0x14,0x00,0x00,0x01,0x50,0x00,
/* U+9640 */
0x00,0x00,0x00,0x60,0x00,0x2a,0xaa,0x00,0x1d,0x00,0x0f,0xff,0xc0,0x03,0x80,0x03,0x80,0xe2,0xaa,0xfa,0xa9,0xe0,0x74,0xff,
0xff,0xff,0x78,0x2c,0x38,0x00,0x01,0xde,0x0e,0x0e,0x00,0x00,0x77,0x87,0x43,0x94,0x00,0x1d,0xe2,0xc0,0x6d,0x00,0x01,0x38,
0xf0,0x07,0x40,0x06,0x0e,0x1d,0x01,0xd0,0x0b,0xc3,0x82,0xc0,0x74,0x6f,0x80,0xe0,0x78,0x1e,0xbe,0x00,0x38,0x0e,0x07,0xe4,
0x00,0x0e,0x02,0xc1,0xd0,0x00,0x03,0x80,0xb4,0x74,0x00,0x00,0xe5,0x7c,0x1d,0x00,0x06,0x39,0xfd,0x07,0x40,0x02,0xce,0x14,
0x01,0xd0,0x00,0xb3,0x80,0x00,0x74,0x00,0x3c,0xe0,0x00,0x0f,0xaa,0xbd,0x38,0x00,0x01,0xff,0xfe,0x05,0x00,0x00,0x00,0x00,
0x00,
/* U+9642 */
0x00,0x00,0x00,0x18,0x00,0x2a,0xa9,0x00,0x0b,0x00,0x0f,0xff,0x80,0x02,0xc0,0x03,0x80,0xe2,0xaa,0xfa,0xa9,0xe0,0x74,0xff,
0xff,0xff,0x78,0x2c,0x34,0x0b,0x01,0xce,0x0e,0x0d,0x02,0xc0,0xe3,0x87,0x43,0x40,0xb0,0x38,0xe2,0xc0,0xd0,0x2c,0x00,0x38,
0xe0,0x39,0x5b,0x55,0x0e,0x2c,0x0f,0xff,0xff,0xd3,0x87,0x47,0xad,0x55,0xb0,0xe0,0xb1,0xd7,0x40,0x38,0x38,0x1d,0xb0,0xe0,
0x1d,0x0e,0x07,0x6c,0x1d,0x0b,0x03,0x81,0xdb,0x02,0xc7,0x40,0xe5,0xb3,0x80,0x7b,0x80,0x3a,0xf9,0xd0,0x07,0xd0,0x0e,0x10,
0xf0,0x07,0xfd,0x03,0x80,0x78,0x0b,0xd7,0xe0,0xe0,0x2c,0x1f,0x80,0x2f,0x78,0x0a,0x2f,0x40,0x01,0xe5,0x00,0x01,0x00,0x00,
0x00,
/* U+9644 */
0x00,0x00,0x09,0x00,0x14,0x2a,0xa9,0x07,0x80,0x0e,0x0f,0xff,0x82,0xd0,0x03,0x83,0x81,0xd0,0xf0,0x00,0xe0,0xe0,0xb0,0x78,
0x00,0x38,0x38,0x38,0x2d,0x55,0x5f,0x5e,0x1d,0x0f,0x5f,0xff,0xff,0x8b,0x0b,0xd1,0x55,0xf5,0xe3,0x83,0xf4,0x00,0x38,0x39,
0xd2,0xed,0x00,0x0e,0x0e,0x3c,0xeb,0x49,0x03,0x83,0x87,0x62,0xd3,0xc0,0xe0,0xe0,0xe0,0xb4,0x74,0x38,0x38,0x2c,0x2d,0x0e,
0x0e,0x0e,0x07,0x4b,0x42,0xd3,0x83,0x81,0xd2,0xd0,0x38,0xe0,0xe5,0xb0,0xb4,0x04,0x38,0x3a,0xf8,0x2d,0x00,0x0e,0x0e,0x50,
0x0b,0x40,0x03,0x83,0x80,0x02,0xd0,0x00,0xe0,0xe0,0x00,0xb4,0x05,0xb8,0x38,0x00,0x2d,0x03,0xfd,0x05,0x00,0x05,0x00,0x54,
0x00,
/* U+9646 */
0x00,0x00,0x00,0x14,0x00,0x2a,0xa9,0x00,0x0e,0x00,0x0f,0xff,0x80,0x03,0x80,0x03,0x81,0xd0,0x00,0xe0,0x00,0xe0,0xb0,0xff,
0xff,0xff,0x38,0x38,0x2a,0xaf,0xaa,0x8e,0x1d,0x00,0x03,0x80,0x03,0x8b,0x00,0x00,0xe0,0x00,0xe3,0x80,0x00,0x38,0x00,0x39,
0xd0,0x55,0x6f,0x55,0x5e,0x38,0x3f,0xff,0xff,0xff,0x87,0x40,0x01,0xe0,0x00,0xe0,0xe0,0x00,0x38,0x00,0x38,0x2c,0x24,0x0e,
0x02,0x4e,0x07,0x4e,0x03,0x80,0xe3,0x81,0xd3,0x80,0xe0,0x38,0xe1,0xb4,0xe0,0x38,0x0e,0x3a,0xf8,0x38,0x0e,0x03,0x8e,0x14,
0x0e,0x03,0x80,0xe3,0x80,0x03,0x95,0xe5,0x78,0xe0,0x00,0xff,0xff,0xfe,0x38,0x00,0x15,0x55,0x57,0x85,0x00,0x00,0x00,0x00,
0x50,
/* U+9647 */
0x00,0x00,0x06,0x01,0x00,0x2a,0xaa,0x41,0xd1,0xd0,0x0f,0xff,0xd0,0x74,0x2e,0x03,0x80,0xb0,0x1d,0x02,0xe0,0xe0,0x38,0x07,
0x40,0x28,0x38,0x1d,0x56,0xd5,0x55,0x4e,0x0b,0x2f,0xff,0xff,0xf7,0x83,0x85,0x6d,0x79,0x54,0xe1,0xd0,0x0b,0x0e,0x00,0x38,
0xb0,0x03,0x83,0x81,0x8e,0x1d,0x00,0xe0,0xe0,0xe3,0x82,0xc0,0x38,0x38,0x74,0xe0,0x74,0x1d,0x0e,0x38,0x38,0x0e,0x0b,0x03,
0xad,0x0e,0x02,0xc3,0x80,0xfe,0x03,0x80,0xb1,0xe0,0x3e,0x00,0xe0,0x7c,0xb4,0x1f,0x00,0x39,0xfd,0x78,0x2f,0x80,0x7e,0x14,
0x2d,0x7e,0xe0,0x2f,0x80,0x1e,0x1d,0x38,0x0b,0xe0,0x1f,0x00,0x0b,0xab,0xb8,0x07,0x40,0x01,0xbf,0x85,0x00,0x00,0x00,0x00,
0x00,
/* U+9648 */
0x00,0x00,0x00,0x50,0x00,0x2a,0xa9,0x00,0x38,0x00,0x0f,0xff,0x80,0x1d,0x00,0x03,0x81,0xd6,0xab,0xaa,0xa9,0xe0,0xb2,0xff,
0xff,0xff,0x78,0x38,0x01,0xd0,0x00,0x0e,0x1d,0x00,0xb0,0x00,0x03,0x87,0x00,0x74,0x50,0x00,0xe2,0xc0,0x2c,0x38,0x00,0x38,
0xe0,0x1d,0x0e,0x00,0x0e,0x2c,0x0f,0x03,0x80,0x03,0x87,0x87,0xff,0xff,0xf8,0xe0,0xb0,0xaa,0xbe,0xaa,0x38,0x1d,0x00,0x0e,
0x00,0x0e,0x07,0x81,0x43,0x82,0x03,0x81,0xe0,0xe0,0xe1,0xe0,0xe5,0xf4,0xb4,0x38,0x2c,0x39,0xf8,0x78,0x0e,0x07,0x8e,0x10,
0x3c,0x03,0x80,0xb3,0x80,0x2d,0x00,0xe0,0x1e,0xe0,0x0e,0x05,0x78,0x02,0xb8,0x00,0x03,0xfd,0x00,0x05,0x00,0x00,0x54,0x00,
0x00,
/* U+9649 */
0xaa,0xa8,0x6a,0xaa,0xa4,0x3f,0xff,0x2f,0xff,0xfd,0x0e,0x03,0x81,0x55,0x5f,0x03,0x81,0xd0,0x00,0x0b,0x40,0xe0,0xb0,0x00,
0x07,0x80,0x38,0x38,0x00,0x07,0xd0,0x0e,0x1d,0x00,0x07,0xf8,0x03,0x8b,0x00,0x0b,0xd7,0xd0,0xe3,0x80,0x2f,0x80,0x7d,0x38,
0xb4,0x7f,0x40,0x02,0xee,0x0e,0x19,0x00,0x00,0x27,0x82,0xd0,0x00,0x00,0x00,0xe0,0x74,0x6a,0xaa,0xa9,0x38,0x0e,0x1f,0xff,
0xff,0x8e,0x03,0xc0,0x02,0xc0,0x03,0x81,0xe0,0x00,0xb0,0x00,0xeb,0xf4,0x00,0x2c,0x00,0x39,0x50,0x00,0x0b,0x00,0x0e,0x00,
0x00,0x02,0xc0,0x03,0x80,0x0b,0xff,0xff,0xfe,0xe0,0x01,0xaa,0xaa,0xaa,0x94,0x00,0x00,0x00,0x00,0x00,
/* U+9655 */
0x00,0x00,0x00,0x14,0x00,0x2a,0xaa,0x00,0x0f,0x00,0x0f,0xff,0xc0,0x03,0xc0,0x03,0x80,0xe2,0xaa,0xfa,0xa8,0xe0,0x74,0xff,
0xff,0xff,0x78,0x2c,0x00,0x0f,0x00,0x0e,0x0e,0x06,0x03,0xc0,0xd3,0x87,0x41,0xd0,0xf0,0x74,0xe2,0xc0,0x38,0x3c,0x2c,0x38,
0xe0,0x0b,0x0f,0x0e,0x0e,0x2c,0x01,0x83,0xc6,0x43,0x83,0x81,0x55,0xf5,0x54,0xe0,0x75,0xff,0xff,0xff,0xb8,0x0d,0x55,0x6f,
0x95,0x5e,0x03,0x80,0x0a,0xb0,0x03,0x80,0xb0,0x07,0x5d,0x00,0xe5,0x78,0x02,0xc3,0xc0,0x39,0xfd,0x02,0xd0,0x74,0x0e,0x14,
0x01,0xe0,0x0b,0x43,0x80,0x02,0xe0,0x00,0xf4,0xe0,0x02,0xe0,0x00,0x1f,0x78,0x01,0xe0,0x00,0x01,0xe5,0x00,0x10,0x00,0x00,
0x00,
/* U+965f */
0x00,0x00,0x00,0x19,0x00,0x2a,0xaa,0x40,0x07,0x40,0x0f,0xff,0xd1,0x41,0xd0,0x03,0x80,0xb0,0xb0,0x7e,0xa9,0xe0,0x38,0x2c,
0x1f,0xaa,0x78,0x1d,0x0b,0x07,0x40,0x0e,0x0a,0x02,0xc1,0xd0,0x03,0x83,0x45,0xb5,0xb9,0x55,0xe2,0xc3,0xff,0xff,0xff,0xf8,
0xe0,0x55,0x55,0x55,0x5e,0x2d,0x00,0x01,0x80,0x03,0x83,0x80,0x20,0xb0,0x04,0xe0,0x74,0x1d,0x2c,0x07,0x78,0x0e,0x0f,0x0b,
0x03,0xce,0x02,0xc7,0x42,0xc2,0xd3,0x80,0xb7,0x80,0xb1,0xe0,0xe5,0x7d,0xc0,0x1a,0xe0,0x39,0xfd,0x00,0x02,0xf0,0x0e,0x14,
0x00,0x07,0xe0,0x03,0x80,0x00,0x1b,0xd0,0x00,0xe0,0x01,0xbf,0x80,0x00,0x38,0x00,0xf9,0x00,0x00,0x05,0x00,0x10,0x00,0x00,
0x00,
/* U+9675 */
0x00,0x00,0x00,0x24,0x00,0x15,0x55,0x00,0x0e,0x00,0x0f,0xff,0x85,0x57,0x95,0x43,0x81,0xd2,0xff,0xff,0xf4,0xe0,0xb0,0x00,
0x38,0x00,0x38,0x38,0x00,0x0e,0x00,0x0e,0x1d,0x1a,0xab,0xea,0xa7,0x8b,0x0b,0xff,0xff,0xfd,0xe3,0x80,0x09,0x00,0x90,0x38,
0xe0,0x0b,0x80,0x2d,0x0e,0x1d,0x07,0x86,0x02,0xd3,0x83,0xc7,0x83,0xc0,0x2d,0xe0,0x77,0x82,0xd0,0x02,0x78,0x1d,0x01,0xff,
0xfd,0x0e,0x03,0x80,0xfa,0xab,0x43,0x81,0xe1,0xfc,0x03,0xc0,0xe7,0xf5,0xfb,0x82,0xd0,0x39,0xa0,0x74,0x7a,0xe0,0x0e,0x00,
0x00,0x0b,0xe0,0x03,0x80,0x00,0x1b,0xfe,0x40,0xe0,0x01,0xbf,0x82,0xfa,0x78,0x01,0xf9,0x00,0x07,0xe5,0x00,0x10,0x00,0x00,
0x10,
/* U+9676 */
0x00,0x00,0x19,0x00,0x00,0xaa,0xa4,0x2c,0x00,0x00,0xff,0xf8,0x7d,0x55,0x55,0xe0,0x34,0xbf,0xff,0xff,0xe0,0x76,0xd0,0x00,
0x0b,0xe0,0xb7,0xa8,0x00,0x0b,0xe0,0xe2,0x38,0x00,0x0b,0xe1,0xd0,0xbf,0xff,0x8b,0xe2,0xc0,0xea,0xea,0x4b,0xe3,0x81,0xd1,
0xc0,0x0b,0xe2,0xc0,0x01,0xc0,0x0b,0xe1,0xe2,0xff,0xff,0xdb,0xe0,0xb1,0xaa,0xea,0x9b,0xe0,0x74,0x01,0xc0,0x0b,0xe0,0x75,
0xd1,0xc2,0x8b,0xe0,0x75,0xd1,0xc2,0x8b,0xe5,0xb1,0xd1,0xc2,0x8b,0xeb,0xe1,0xff,0xff,0x8a,0xe1,0x00,0xaa,0xaa,0x4e,0xe0,
0x00,0x00,0x00,0x1d,0xe0,0x00,0x00,0x05,0xbc,0xe0,0x00,0x00,0x0f,0xe4,0x50,0x00,0x00,0x01,0x00,
/* U+9685 */
0xaa,0xa4,0x6a,0xaa,0xa8,0x3f,0xfe,0x2e,0xaf,0xaf,0x4e,0x07,0x4b,0x03,0x81,0xd3,0x82,0xc2,0xc0,0xe0,0x74,0xe0,0xe0,0xba,
0xbe,0xbd,0x38,0x74,0x2e,0xaf,0xab,0x4e,0x2c,0x0b,0x03,0x81,0xd3,0x8e,0x02,0xc0,0xe0,0x74,0xe7,0x40,0xbf,0xff,0xfd,0x38,
0xe0,0x1a,0xae,0xaa,0x0e,0x1d,0x00,0x03,0x80,0x03,0x83,0x85,0x55,0xe5,0x54,0xe0,0xb2,0xff,0xff,0xff,0x78,0x1d,0xb0,0x0d,
0x11,0xde,0x07,0x6c,0x03,0x5c,0x77,0x97,0xdb,0x00,0xd3,0x1d,0xeb,0xe2,0xc6,0xbf,0xd7,0x79,0x40,0xb3,0xfa,0x69,0xde,0x00,
0x2c,0x00,0x05,0x77,0x80,0x0b,0x00,0x00,0x2c,0xe0,0x02,0xc0,0x00,0xfe,0x14,0x00,0x50,0x00,0x15,0x00,
/* U+9686 */
0x00,0x00,0x02,0x40,0x00,0x2a,0xa9,0x02,0xd0,0x00,0x0f,0xff,0x81,0xfa,0xaa,0x83,0x80,0xd1,0xfa,0xaa,0xe0,0xe0,0x71,0xfe,
0x00,0xf0,0x38,0x28,0xf1,0xe1,0xf4,0x0e,0x0d,0x10,0x1f,0xf0,0x03,0x87,0x00,0x1b,0xfe,0x40,0xe2,0x86,0xfe,0x41,0xff,0xb8,
0xe1,0xe4,0x00,0x01,0xae,0x2c,0x03,0xff,0xff,0x43,0x87,0x40,0x55,0xf5,0x50,0xe0,0xe0,0x74,0x38,0x00,0x38,0x2c,0x2e,0xaf,
0xaa,0x4e,0x07,0x5f,0xab,0xea,0x93,0x81,0xde,0x00,0xe0,0x00,0xe5,0xfb,0x55,0x79,0x54,0x3a,0xf8,0x1f,0xff,0xff,0x0e,0x10,
0x01,0x57,0x95,0x43,0x80,0x00,0x00,0xe0,0x00,0xe0,0x06,0xaa,0xbe,0xaa,0xb8,0x01,0xaa,0xaa,0xaa,0xa5,0x00,0x00,0x00,0x00,
0x00,
/* U+968f */
0x00,0x00,0x00,0x05,0x00,0x2a,0xa8,0x00,0x03,0x80,0x0f,0xff,0x74,0x15,0xe5,0x57,0x82,0x8e,0x1f,0xff,0xff,0xe0,0xe1,0xd1,
0x6d,0x55,0x78,0x74,0x28,0x0e,0x00,0x0e,0x1c,0x00,0x07,0x95,0x53,0x8a,0x00,0x02,0xff,0xfc,0xe3,0x8a,0x91,0xf0,0x0b,0x38,
0xe3,0xf8,0xfc,0x02,0xce,0x2c,0x0e,0xbb,0xaa,0xf3,0x83,0x43,0xa5,0xea,0xbc,0xe0,0xa0,0xe0,0x70,0x0b,0x38,0x2c,0x38,0x1d,
0x56,0xce,0x0b,0x0e,0x07,0xff,0xf3,0x97,0xc3,0x81,0xc0,0x2c,0xeb,0xd0,0xe0,0x70,0x0b,0x38,0x40,0x38,0x1c,0x1b,0x8e,0x00,
0x2e,0x07,0x0b,0x93,0x80,0x2e,0xf4,0x00,0x00,0xe0,0x2d,0x0b,0xea,0xaa,0xb8,0x0a,0x00,0x6f,0xff,0xe4,0x00,0x00,0x00,0x00,
0x00,
/* U+9690 */
0x00,0x00,0x02,0x40,0x00,0x2a,0xaa,0x02,0xd0,0x00,0x0f,0xff,0xc1,0xff,0xfe,0x03,0x80,0xe0,0xfa,0xab,0x40,0xe0,0x75,0xf4,
0x03,0x80,0x38,0x2d,0xf4,0x02,0xc0,0x0e,0x0e,0x7a,0xaa,0xfa,0x83,0x87,0x42,0xff,0xff,0xf4,0xe2,0xc0,0x00,0x00,0x1d,0x38,
0xe0,0x15,0x55,0x5b,0x4e,0x3c,0x0f,0xff,0xff,0xd3,0x87,0x41,0x55,0x55,0xb4,0xe0,0xe0,0x00,0x00,0x1d,0x38,0x2c,0xbf,0xff,
0xff,0x4e,0x07,0x5a,0xaa,0xaa,0x83,0x81,0xd0,0x14,0x90,0x10,0xe5,0xb6,0x8e,0x3c,0x1d,0x39,0xf8,0xe3,0x87,0x83,0x8e,0x14,
0x74,0xe0,0x55,0x77,0x80,0x2c,0x38,0x02,0x8e,0xe0,0x0e,0x0b,0x55,0xe1,0xb8,0x01,0x41,0xff,0xf4,0x05,0x00,0x00,0x05,0x50,
0x00,
/* U+96b0 */
0xaa,0xa4,0xaa,0xaa,0xa8,0x3f,0xfd,0x3a,0xaa,0xaf,0x0e,0x07,0x0d,0x00,0x02,0xc3,0x82,0x83,0xff,0xff,0xf0,0xe0,0xd0,0xe5,
0x55,0x6c,0x38,0x74,0x34,0x00,0x0b,0x0e,0x2c,0x0f,0xff,0xff,0xc3,0x8e,0x01,0x95,0x56,0x50,0xe7,0x40,0x74,0x02,0xc0,0x38,
0xe0,0x28,0x60,0xd2,0x8e,0x2c,0x2c,0x78,0xa1,0xd3,0x83,0x9f,0xf8,0x7f,0xe0,0xe0,0xa1,0x6d,0x05,0xb8,0x38,0x2c,0x2d,0xd0,
0xb2,0x8e,0x0b,0x6d,0x7c,0xba,0xf3,0x97,0xdf,0xeb,0x7e,0x9e,0xeb,0xd1,0x00,0x40,0x01,0x38,0x40,0xb2,0x83,0x47,0x4e,0x00,
0xb4,0x70,0xa0,0xe3,0x80,0x78,0x1d,0x1d,0x1d,0xe0,0x2c,0x03,0x83,0x82,0xd4,0x00,0x00,0x40,0x00,0x00,
/* U+96c1 */
0x0a,0xaa,0xaa,0xaa,0xaa,0x80,0xff,0xff,0xff,0xff,0xfd,0x0e,0x00,0x00,0x40,0x00,0x00,0xe0,0x1d,0x0e,0x1c,0x00,0x0e,0x02,
0xc2,0xd1,0xd0,0x00,0xe0,0x38,0x38,0x0e,0x00,0x0e,0x0b,0x47,0xaa,0xba,0x80,0xe0,0xe0,0xff,0xff,0xfc,0x0e,0x2e,0x2f,0x01,
0xd0,0x00,0xe7,0xe7,0xf0,0x1d,0x00,0x0e,0xee,0xfb,0x96,0xe5,0x41,0xd8,0xe9,0x7f,0xff,0xf8,0x1d,0x0e,0x07,0x01,0xd0,0x01,
0xd0,0xe0,0x70,0x1d,0x00,0x2c,0x0e,0x07,0x96,0xe5,0x42,0xc0,0xe0,0x7f,0xff,0xf8,0x3c,0x0e,0x07,0x01,0xd0,0x07,0x80,0xe0,
0x70,0x1d,0x00,0xb0,0x0e,0x07,0x55,0xd5,0x4e,0x00,0xe0,0x7f,0xff,0xfd,0x90,0x0e,0x07,0x55,0x55,0x40,0x00,0x50,0x50,0x00,
0x00,
/* U+96c4 */
0x00,0x50,0x00,0x41,0x80,0x00,0x0a,0x00,0x1d,0x2d,0x00,0x00,0xe0,0x02,0xc1,0xe0,0x00,0x0e,0x00,0x3c,0x0b,0x00,0x7f,0xff,
0xd3,0xea,0xba,0x96,0xae,0xa9,0x7f,0xff,0xfd,0x02,0xc0,0x0f,0x80,0xf0,0x00,0x38,0x01,0xf8,0x0a,0x00,0x07,0x40,0x3f,0x80,
0xa0,0x00,0xb0,0xd7,0x7e,0xaf,0xa8,0x0e,0x1d,0x23,0xff,0xff,0xc2,0xd2,0xc0,0x38,0x0a,0x00,0x38,0x38,0x03,0x80,0xa0,0x0b,
0x4b,0x00,0x38,0x0a,0x00,0xa0,0xe2,0x43,0xea,0xfa,0x80,0x1d,0x28,0x3e,0xaf,0xa8,0x03,0x82,0xc3,0x80,0xa0,0x00,0x74,0x1d,
0x38,0x0a,0x00,0x0e,0x16,0xe3,0x80,0xa0,0x02,0xff,0xee,0x3a,0xaf,0xa9,0x2a,0x50,0x73,0xff,0xff,0xe0,0x00,0x05,0x38,0x00,
0x00,0x00,0x00,0x01,0x40,0x00,0x00,
/* U+96c5 */
0x00,0x00,0x00,0x91,0x40,0x01,0x55,0x55,0x1e,0x2c,0x00,0x7f,0xff,0xd1,0xd1,0xd0,0x01,0x55,0xe4,0x2c,0x0e,0x00,0x1d,0x0e,
0x03,0xd5,0xf5,0x51,0xd0,0xe0,0x7f,0xff,0xfe,0x2c,0x0e,0x0b,0x80,0xb0,0x02,0xc0,0xe0,0xf8,0x0b,0x00,0x38,0x0e,0x1f,0x80,
0xb0,0x03,0xea,0xfb,0xfe,0xaf,0xa8,0x6a,0xff,0xf7,0xff,0xff,0xc0,0x0b,0xe2,0x38,0x0b,0x00,0x00,0xee,0x03,0x80,0xb0,0x00,
0x1c,0xe0,0x38,0x0b,0x00,0x03,0x8e,0x03,0xea,0xfa,0x80,0x74,0xe0,0x3e,0xaf,0xa8,0x0f,0x0e,0x03,0x80,0xb0,0x02,0xd0,0xe0,
0x38,0x0b,0x00,0xb8,0x0e,0x03,0x80,0xb0,0x0a,0x00,0xe0,0x3e,0xaf,0xa9,0x01,0x5e,0x03,0xff,0xff,0xf0,0x1f,0xd0,0x38,0x00,
0x00,0x00,0x50,0x01,0x40,0x00,0x00,
/* U+96c6 */
0x00,0x50,0x09,0x00,0x00,0x00,0x0f,0x00,0xb0,0x00,0x00,0x01,0xe5,0x5b,0x95,0x55,0x00,0x3f,0xff,0xff,0xff,0xf4,0x0b,0x80,
0x07,0x80,0x00,0x02,0xf9,0x55,0x79,0x55,0x40,0x7b,0xff,0xff,0xff,0xfd,0x0a,0x38,0x00,0x38,0x00,0x00,0x03,0x95,0x57,0x95,
0x54,0x00,0x3f,0xff,0xff,0xff,0xd0,0x03,0x80,0x03,0x80,0x00,0x00,0x39,0x55,0x79,0x55,0x54,0x03,0xff,0xff,0xff,0xff,0x80,
0x00,0x00,0x50,0x00,0x00,0x00,0x00,0x0b,0x00,0x00,0x07,0xff,0xff,0xff,0xff,0xfd,0x6a,0xaa,0xef,0xba,0xaa,0x90,0x00,0x78,
0xb2,0xd0,0x00,0x00,0x2e,0x0b,0x0b,0x90,0x00,0x6f,0x40,0xb0,0x1f,0xe0,0x7f,0x80,0x0b,0x00,0x1f,0xd2,0x40,0x00,0xb0,0x00,
0x18,0x00,0x00,0x05,0x00,0x00,0x00,
/* U+96cd */
0x00,0x00,0x18,0x00,0x00,0x00,0x00,0x01,0xe0,0x00,0x00,0x00,0x00,0x0f,0x40,0x00,0x07,0xff,0xff,0xff,0xff,0xfd,0x55,0x55,
0x55,0x55,0x55,0x50,0x09,0x00,0x0a,0x18,0x00,0x01,0xd0,0x01,0xd1,0xd0,0x00,0x38,0x1c,0x2d,0x0e,0x00,0x0b,0x43,0x83,0xff,
0xff,0xc1,0xd1,0xb0,0x7a,0xae,0xa8,0x3f,0xfd,0x0f,0x41,0xd0,0x01,0x57,0x82,0xf4,0x1d,0x00,0x00,0xe1,0xfb,0xff,0xff,0x40,
0x2c,0x2d,0x39,0x6e,0x50,0x0b,0x6b,0x83,0x41,0xd0,0x02,0xff,0xb4,0x38,0x1d,0x00,0x15,0x0b,0x03,0xff,0xff,0x40,0x01,0xe0,
0x39,0x6e,0x50,0x00,0x7c,0x03,0x41,0xd0,0x00,0x1f,0x40,0x38,0x1d,0x00,0x2f,0x80,0x03,0xff,0xff,0xd7,0x90,0x00,0x39,0x55,
0x55,0x10,0x00,0x02,0x40,0x00,0x00,
/* U+96e8 */
0x6a,0xaa,0xaa,0xaa,0xaa,0x9b,0xff,0xff,0xff,0xff,0xfe,0x00,0x00,0x0f,0x00,0x00,0x00,0x00,0x00,0xf0,0x00,0x00,0x00,0x00,
0x0f,0x00,0x00,0x02,0xff,0xff,0xff,0xff,0xf4,0x2e,0xaa,0xaf,0xaa,0xab,0x42,0xd0,0x00,0xf0,0x00,0x74,0x2d,0x00,0x0f,0x00,
0x07,0x42,0xd7,0x80,0xf3,0x90,0x74,0x2d,0x2f,0x4f,0x1f,0x87,0x42,0xd0,0x6c,0xf0,0x2d,0x74,0x2d,0x00,0x0f,0x00,0x47,0x42,
0xd1,0x00,0xf0,0x00,0x74,0x2d,0xb8,0x0f,0x39,0x07,0x42,0xd2,0xf4,0xf1,0xf4,0x74,0x2d,0x07,0x8f,0x02,0xd7,0x42,0xd0,0x00,
0xf0,0x04,0x74,0x2d,0x00,0x0f,0x00,0x07,0x42,0xd0,0x00,0xf0,0x15,0xb4,0x2d,0x00,0x0f,0x02,0xff,0x01,0x40,0x00,0x00,0x05,
0x40,
/* U+96ea */
0x2a,0xaa,0xaa,0xaa,0xa8,0x2a,0xaa,0xbe,0xaa,0xa8,0x00,0x00,0x3c,0x00,0x00,0xaa,0xaa,0xbe,0xaa,0xaa,0xfa,0xaa,0xbe,0xaa,
0xaf,0xe0,0x00,0x3c,0x00,0x0b,0xe2,0xaa,0x3c,0xaa,0x8b,0xe2,0xa9,0x3c,0x6a,0x8b,0x90,0x00,0x3c,0x00,0x06,0x03,0xff,0x3c,
0xff,0xd0,0x00,0x00,0x28,0x00,0x00,0x00,0x00,0x00,0x00,0x00,0x0f,0xff,0xff,0xff,0xf0,0x05,0x55,0x55,0x55,0xf0,0x00,0x00,
0x00,0x00,0xb0,0x06,0xaa,0xaa,0xaa,0xf0,0x07,0xff,0xff,0xff,0xf0,0x00,0x00,0x00,0x00,0xb0,0x00,0x00,0x00,0x00,0xb0,0x0f,
0xff,0xff,0xff,0xf0,0x0a,0xaa,0xaa,0xaa,0xf0,0x00,0x00,0x00,0x00,0x50,
/* U+96f6 */
0x0b,0xff,0xff,0xff,0xfe,0x00,0x6a,0xaa,0xfa,0xaa,0x90,0x00,0x00,0x0a,0x00,0x00,0x02,0xff,0xff,0xff,0xff,0xf8,0x2d,0x55,
0x5f,0x55,0x57,0x82,0xc5,0x54,0xa1,0x55,0x38,0x2c,0xaa,0x8a,0x2a,0xa3,0x81,0x40,0x00,0xa0,0x00,0x14,0x00,0xff,0xcf,0x3f,
0xf0,0x00,0x00,0x1b,0xfe,0x00,0x00,0x00,0x07,0xe0,0xb9,0x00,0x00,0x07,0xe1,0x41,0xf9,0x00,0x1b,0xe4,0x2e,0x01,0xbe,0x4b,
0xe0,0x00,0x78,0x01,0xbe,0x10,0xbf,0xff,0xff,0xd0,0x40,0x05,0x55,0x55,0xb8,0x00,0x00,0x00,0x00,0x2e,0x00,0x00,0x00,0xf9,
0x1f,0x40,0x00,0x00,0x06,0xff,0xd0,0x00,0x00,0x00,0x01,0xbf,0x40,0x00,0x00,0x00,0x00,0x7e,0x00,0x00,0x00,0x00,0x00,0x50,
0x00,
/* U+96f7 */
0x2a,0xaa,0xaa,0xaa,0xa8,0x2a,0xaa,0xbe,0xaa,0xa8,0x00,0x00,0x38,0x00,0x00,0xaa,0xaa,0xbe,0xaa,0xaa,0xea,0xaa,0xbe,0xaa,
0xab,0xe0,0x00,0x38,0x00,0x0b,0xe3,0xfe,0x38,0xbf,0xcb,0xd1,0x55,0x38,0x55,0x4b,0x01,0x55,0x38,0x55,0x40,0x02,0xaa,0x28,
0xaa,0x80,0x00,0x00,0x00,0x00,0x00,0x1a,0xaa,0xaa,0xaa,0xa4,0x2e,0xaa,0xbe,0xaa,0xb4,0x2c,0x00,0x38,0x00,0x74,0x2c,0x00,
0x38,0x00,0x74,0x2f,0xff,0xff,0xff,0xf4,0x2e,0xaa,0xbe,0xaa,0xb4,0x2c,0x00,0x38,0x00,0x74,0x2d,0x55,0x79,0x55,0x74,0x2f,
0xff,0xff,0xff,0xf4,0x2d,0x55,0x55,0x55,0x74,0x14,0x00,0x00,0x00,0x14,
/* U+96fe */
0x0b,0xff,0xff,0xff,0xfe,0x00,0x55,0x55,0xf5,0x55,0x50,0x15,0x55,0x5f,0x55,0x55,0x42,0xea,0xaa,0xfa,0xaa,0xb8,0x28,0x55,
0x4a,0x15,0x52,0x82,0x8a,0xa8,0xa2,0xaa,0x28,0x28,0x55,0x4a,0x15,0x51,0x40,0x0a,0xa8,0xa2,0xaa,0x00,0x00,0x1f,0x00,0x00,
0x00,0x00,0x07,0xff,0xff,0xff,0x00,0x06,0xf9,0x55,0x5b,0xd0,0x00,0xf5,0xb9,0x0b,0xd0,0x00,0x04,0x01,0xff,0xf4,0x00,0x01,
0x5a,0xfe,0x9b,0xfe,0xa5,0xbf,0xa5,0x05,0x01,0x6a,0xe1,0x00,0x01,0xd0,0x00,0x00,0x03,0xff,0xff,0xff,0xf8,0x00,0x15,0x5b,
0x95,0x57,0x80,0x00,0x06,0xe0,0x00,0x38,0x00,0x1b,0xf4,0x00,0x07,0x40,0x0f,0xe4,0x00,0x7f,0xe0,0x00,0x50,0x00,0x01,0x50,
0x00,
/* U+9700 */
0x0a,0xaa,0xaa,0xaa,0xaa,0x00,0xaa,0xaa,0xfa,0xaa,0xa0,0x00,0x00,0x0f,0x00,0x00,0x03,0xff,0xff,0xff,0xff,0xfc,0x3a,0xaa,
0xaf,0xaa,0xaa,0xc3,0x80,0x00,0xf0,0x00,0x2c,0x38,0xff,0xcf,0x3f,0xf2,0xc3,0x80,0x00,0xf0,0x00,0x2c,0x00,0xaa,0x8f,0x2a,
0xa0,0x00,0x05,0x54,0xa1,0x55,0x00,0x15,0x55,0x55,0x55,0x55,0x4b,0xff,0xff,0xff,0xff,0xfe,0x55,0x55,0x6e,0x55,0x55,0x50,
0x00,0x02,0xc0,0x00,0x00,0x0b,0xff,0xff,0xff,0xff,0x00,0xb9,0x6e,0x5b,0x95,0xb0,0x0b,0x01,0xd0,0x74,0x0b,0x00,0xb0,0x1d,
0x07,0x40,0xb0,0x0b,0x01,0xd0,0x74,0x0b,0x00,0xb0,0x1d,0x07,0x40,0xf0,0x0b,0x01,0xd0,0x74,0xfe,0x00,0x50,0x04,0x01,0x05,
0x40,
/* U+9704 */
0x15,0x55,0x55,0x55,0x54,0x3f,0xff,0xff,0xff,0xfc,0x00,0x00,0x3c,0x00,0x00,0xaa,0xaa,0xbe,0xaa,0xaa,0xea,0xaa,0xbe,0xaa,
0xab,0xe0,0x00,0x3c,0x00,0x0b,0xe3,0xfe,0x3c,0xbf,0xcb,0x50,0x00,0x3c,0x00,0x05,0x03,0xfe,0x00,0xbf,0xc0,0x01,0x40,0x28,
0x00,0x80,0x02,0xd0,0x28,0x03,0xc0,0x00,0xf0,0x28,0x0b,0x40,0x0a,0xaa,0xbe,0xab,0xa0,0x0f,0xaa,0xaa,0xaa,0xf4,0x0e,0x00,
0x00,0x00,0x74,0x0f,0xaa,0xaa,0xaa,0xf4,0x0e,0xaa,0xaa,0xaa,0xb4,0x0e,0x00,0x00,0x00,0x74,0x0f,0xff,0xff,0xff,0xf4,0x0e,
0x55,0x55,0x55,0xb4,0x0e,0x00,0x00,0x00,0xb0,0x0e,0x00,0x00,0x2f,0xe0,0x05,0x00,0x00,0x15,0x40,
/* U+970d */
0x0b,0xff,0xff,0xff,0xfe,0x01,0x55,0x57,0xd5,0x55,0x41,0x55,0x55,0xf5,0x55,0x54,0xff,0xff,0xff,0xff,0xff,0x38,0x00,0x0a,
0x00,0x02,0xce,0x2f,0xf2,0x8f,0xf8,0xb2,0x80,0x00,0xa0,0x00,0x28,0x02,0xaa,0x28,0xaa,0x80,0x00,0x55,0x41,0x55,0x50,0x00,
0x3c,0x00,0xf0,0x00,0x00,0x2f,0xff,0xff,0xff,0xf8,0x1f,0xaa,0xab,0xaa,0xa9,0x0f,0xc0,0x00,0xd0,0x00,0x0f,0xfa,0xaa,0xbe,
0xaa,0x8b,0x6e,0xaa,0xae,0xaa,0x91,0x4b,0x00,0x03,0x40,0x00,0x02,0xea,0xab,0xfa,0xaa,0x00,0xb5,0x55,0xb9,0x55,0x40,0x2c,
0x00,0x0d,0x00,0x00,0x0b,0xaa,0xab,0xea,0xaa,0x02,0xea,0xaa,0xaa,0xaa,0x80,0x50,0x00,0x00,0x00,0x00,
/* U+971e */
0x7f,0xff,0xff,0xff,0xfd,0x05,0x55,0x5f,0x55,0x55,0x05,0x55,0x57,0xd5,0x55,0x53,0xea,0xaa,0xfa,0xaa,0xbc,0xe0,0x00,0x28,
0x00,0x0b,0x38,0xff,0xca,0x3f,0xf2,0xc9,0x00,0x02,0x80,0x00,0x60,0x0f,0xf8,0xa2,0xff,0x00,0x00,0x00,0x00,0x00,0x00,0x0f,
0xff,0xf4,0xff,0xff,0x03,0x95,0x5d,0x15,0x56,0xc0,0xe0,0x03,0x40,0x00,0xb0,0x3e,0xaa,0xd3,0xff,0xfc,0x0e,0xaa,0xa4,0x55,
0x55,0x03,0x80,0x00,0x6a,0xaa,0x90,0xff,0xff,0x5f,0xaa,0xf4,0x39,0x55,0x41,0xd0,0x78,0x0e,0x55,0x50,0x2d,0xb8,0x03,0xff,
0xfd,0x02,0xf8,0x00,0xe0,0x00,0x1b,0xeb,0x94,0x38,0x00,0x2f,0x90,0x6f,0x85,0x00,0x01,0x00,0x00,0x50,
/* U+9738 */
0x1f,0xff,0xff,0xff,0xff,0x41,0x55,0x57,0xd5,0x55,0x41,0x55,0x55,0xf5,0x55,0x54,0xfa,0xaa,0xbe,0xaa,0xaf,0x38,0x55,0x4a,
0x15,0x52,0xce,0x2a,0xa2,0x8a,0xa8,0xb2,0x45,0x54,0xa1,0x55,0x18,0x02,0xaa,0x28,0xaa,0x80,0x02,0x00,0x50,0x00,0x00,0x1a,
0xea,0xbe,0x5f,0xff,0xd6,0xba,0xaf,0x97,0x55,0x74,0x1d,0x56,0x81,0xd0,0x1d,0x06,0xbe,0xa0,0x79,0x5b,0x40,0x0b,0x00,0x1f,
0xff,0xd1,0xff,0xff,0x87,0x00,0x74,0x70,0xb0,0xa1,0xc0,0x1d,0x1e,0xbe,0xb8,0xbf,0xff,0x41,0x5b,0x55,0x2d,0x56,0xd6,0xaa,
0xea,0x9d,0x00,0x75,0xaa,0xfa,0xab,0x00,0x2c,0x00,0x2c,0x02,0x80,0xfe,0x00,0x05,0x00,0x00,0x15,0x00,
/* U+9752 */
0x00,0x00,0x0a,0x00,0x00,0x00,0x00,0x00,0xf0,0x00,0x00,0x2f,0xff,0xff,0xff,0xff,0x81,0x55,0x55,0xf5,0x55,0x54,0x00,0x00,
0x0f,0x00,0x00,0x00,0xbf,0xff,0xff,0xff,0xe0,0x05,0x55,0x5f,0x55,0x55,0x00,0x00,0x00,0xf0,0x00,0x00,0xbf,0xff,0xff,0xff,
0xff,0xe6,0xaa,0xaa,0xaa,0xaa,0xa9,0x00,0x00,0x00,0x00,0x00,0x00,0x2f,0xff,0xff,0xff,0x80,0x02,0xd5,0x55,0x55,0x78,0x00,
0x2c,0x00,0x00,0x03,0x80,0x02,0xff,0xff,0xff,0xf8,0x00,0x2d,0x55,0x55,0x57,0x80,0x02,0xc0,0x00,0x00,0x38,0x00,0x2e,0xaa,
0xaa,0xab,0x80,0x02,0xea,0xaa,0xaa,0xb8,0x00,0x2c,0x00,0x00,0x03,0x80,0x02,0xc0,0x00,0x05,0x78,0x00,0x2c,0x00,0x01,0xff,
0x40,0x01,0x40,0x00,0x05,0x40,0x00,
/* U+9756 */
0x00,0x00,0x00,0x06,0x40,0x00,0x38,0x00,0x00,0x74,0x00,0x02,0xc0,0x2f,0xff,0xff,0xd0,0x1d,0x01,0x55,0xb9,0x54,0x6a,0xea,
0x40,0x07,0x40,0x0b,0xff,0xf8,0xff,0xff,0xf8,0x00,0x00,0x05,0x5b,0x95,0x41,0x40,0x90,0x00,0x74,0x00,0x38,0x0e,0x3f,0xff,
0xff,0xf2,0x80,0xe1,0x55,0x55,0x55,0x2c,0x1d,0x00,0x00,0x00,0x02,0xc1,0xd0,0xbf,0xff,0xf8,0x1c,0x2c,0x0b,0x55,0x57,0x81,
0xd2,0xc0,0xb0,0x00,0x38,0x0d,0x38,0x0b,0xff,0xff,0x80,0xd3,0x80,0xb5,0x55,0xb8,0x0e,0x34,0x0b,0x00,0x03,0x80,0x07,0x68,
0xba,0xaa,0xb8,0x05,0xbf,0x8b,0xaa,0xab,0x8b,0xfa,0x40,0xb0,0x00,0x38,0xa4,0x00,0x0b,0x00,0x1b,0x40,0x00,0x00,0xb0,0x07,
0xf0,0x00,0x00,0x05,0x00,0x14,0x00,
/* U+9759 */
0x00,0x60,0x00,0x09,0x00,0x00,0x0b,0x40,0x02,0xd5,0x40,0x7f,0xff,0xf0,0x7f,0xff,0x01,0x5b,0x55,0x1f,0x55,0xe0,0x00,0x74,
0x07,0xc0,0x3c,0x03,0xff,0xfd,0xb0,0x0b,0x40,0x15,0xb5,0x42,0xff,0xff,0x80,0x07,0x40,0x1a,0xba,0xb8,0xbf,0xff,0xf4,0x07,
0x43,0x86,0xaa,0xaa,0x00,0x74,0x38,0x00,0x00,0x06,0xab,0xab,0xe2,0xff,0xfd,0x7f,0xff,0xff,0x2d,0x56,0xd0,0x07,0x43,0x82,
0xc0,0x1d,0x00,0x74,0x38,0x2f,0xff,0xd1,0x57,0x97,0x82,0xd5,0x6d,0x3f,0xff,0xf8,0x2c,0x01,0xd1,0x5b,0x95,0x42,0xff,0xfd,
0x00,0x74,0x00,0x2d,0x56,0xd0,0x07,0x40,0x02,0xc0,0x1d,0x00,0x74,0x00,0x2c,0x06,0xd0,0x5b,0x40,0x02,0xc0,0xfc,0x0f,0xf0,
0x00,0x14,0x05,0x00,0x54,0x00,0x00,
/* U+9762 */
0x6a,0xaa,0xaa,0xaa,0xaa,0x9b,0xff,0xff,0xff,0xff,0xfe,0x00,0x00,0x0f,0x00,0x00,0x00,0x00,0x00,0xe0,0x00,0x00,0x00,0x00,
0x1d,0x00,0x00,0x01,0xff,0xff,0xff,0xff,0xf4,0x1e,0xab,0xaa,0xae,0xab,0x41,0xd0,0x74,0x01,0xd0,0x74,0x1d,0x07,0x40,0x1d,
0x07,0x41,0xd0,0x79,0x56,0xd0,0x74,0x1d,0x07,0xff,0xfd,0x07,0x41,0xd0,0x75,0x55,0xd0,0x74,0x1d,0x07,0x40,0x1d,0x07,0x41,
0xd0,0x74,0x01,0xd0,0x74,0x1d,0x07,0xff,0xfd,0x07,0x41,0xd0,0x7a,0xaa,0xd0,0x74,0x1d,0x07,0x40,0x1d,0x07,0x41,0xd0,0x74,
0x01,0xd0,0x74,0x1e,0x5b,0x55,0x5e,0x57,0x41,0xff,0xff,0xff,0xff,0xf4,0x1e,0x55,0x55,0x55,0x57,0x40,0x40,0x00,0x00,0x00,
0x14,
/* U+9769 */
0x00,0x19,0x00,0x06,0x40,0x00,0x01,0xd0,0x00,0x74,0x00,0x3f,0xff,0xff,0xff,0xff,0xc2,0xaa,0xea,0xaa,0xba,0xa8,0x00,0x1d,
0x00,0x07,0x40,0x00,0x01,0xd0,0x00,0x74,0x00,0x00,0x1f,0xff,0xff,0x40,0x00,0x00,0x55,0xf5,0x50,0x00,0x00,0x00,0x0b,0x00,
0x00,0x00,0x2a,0xaa,0xfa,0xaa,0x80,0x03,0xea,0xaf,0xaa,0xbc,0x00,0x38,0x00,0xb0,0x02,0xc0,0x03,0x80,0x0b,0x00,0x2c,0x00,
0x3e,0xaa,0xfa,0xab,0xc0,0x03,0xff,0xff,0xff,0xfc,0x00,0x00,0x00,0xb0,0x00,0x00,0x00,0x00,0x0b,0x00,0x00,0x0b,0xff,0xff,
0xff,0xff,0xfe,0x6a,0xaa,0xaf,0xaa,0xaa,0x90,0x00,0x00,0xb0,0x00,0x00,0x00,0x00,0x0b,0x00,0x00,0x00,0x00,0x00,0xb0,0x00,
0x00,0x00,0x00,0x05,0x00,0x00,0x00,
/* U+978d */
0x09,0x06,0x00,0x06,0x00,0x00,0xe0,0x74,0x00,0xb4,0x00,0x6f,0xab,0xa0,0x07,0x80,0x0a,0xfa,0xfe,0x6a,0xbe,0xa9,0x0e,0x07,
0x4b,0xaa,0xaa,0xd0,0xe0,0x74,0xb0,0x00,0x1d,0x0f,0xff,0x4b,0x06,0x01,0xd0,0x5b,0x50,0x70,0xb0,0x19,0x00,0xb0,0x00,0x0e,
0x00,0x03,0xff,0xfd,0x01,0xd0,0x00,0x39,0xb5,0xdb,0xff,0xff,0xf3,0x8b,0x1d,0xab,0xea,0xfa,0x38,0xb1,0xd0,0x74,0x0e,0x03,
0x9b,0x6d,0x0b,0x01,0xd0,0x3f,0xff,0xd0,0xe0,0x2c,0x00,0x0b,0x00,0x1f,0x43,0x80,0x00,0xb0,0x00,0x2e,0xb4,0x0b,0xff,0xff,
0x00,0x7e,0x00,0xaa,0xfa,0xa0,0x0b,0xf8,0x00,0x0b,0x00,0x07,0xe2,0xf0,0x00,0xb0,0x1b,0xf4,0x07,0xd0,0x0b,0x02,0xe4,0x00,
0x1e,0x00,0x50,0x00,0x00,0x00,0x00,
/* U+97e9 */
0x00,0x60,0x00,0x06,0x00,0x00,0x0b,0x00,0x00,0xb0,0x00,0x15,0xb5,0x50,0x0b,0x00,0x07,0xff,0xfe,0x55,0xb5,0x54,0x15,0xb5,
0x4f,0xff,0xff,0xd0,0x0b,0x00,0x55,0xb5,0x54,0x2a,0xfa,0x80,0x0b,0x00,0x02,0xea,0xbd,0x00,0xb0,0x00,0x2c,0x01,0xd3,0xff,
0xff,0x42,0xc0,0x1d,0x2a,0xfa,0xa4,0x2f,0xff,0xd0,0x0b,0x00,0x02,0xd5,0x6d,0x00,0xb0,0x00,0x2c,0x01,0xd1,0x5b,0x55,0x42,
0xea,0xad,0xbf,0xff,0xfd,0x2f,0xff,0xd5,0x5b,0x56,0xd0,0x0b,0x00,0x00,0xb0,0x1d,0x00,0xb0,0x00,0x0b,0x01,0xdb,0xff,0xff,
0x00,0xb0,0x1d,0x6a,0xfa,0xa0,0x0b,0x02,0xc0,0x0b,0x00,0x00,0xb7,0xf8,0x00,0xb0,0x00,0x0b,0x19,0x00,0x0b,0x00,0x00,0xb0,
0x00,0x00,0x50,0x00,0x05,0x00,0x00,
/* U+97f3 */
0x00,0x00,0x18,0x00,0x00,0x00,0x00,0x01,0xd0,0x00,0x00,0x05,0x55,0x5f,0x55,0x55,0x01,0xff,0xff,0xff,0xff,0xf4,0x05,0x6d,
0x55,0x57,0x95,0x00,0x01,0xd0,0x00,0x74,0x00,0x00,0x0e,0x00,0x0f,0x00,0x00,0x00,0xb0,0x01,0xd0,0x00,0x7f,0xff,0xff,0xff,
0xff,0xd6,0xaa,0xaa,0xaa,0xaa,0xa9,0x00,0x00,0x00,0x00,0x00,0x00,0x05,0x55,0x55,0x55,0x00,0x01,0xff,0xff,0xff,0xf4,0x00,
0x1e,0x55,0x55,0x57,0x40,0x01,0xd0,0x00,0x00,0x74,0x00,0x1e,0x55,0x55,0x57,0x40,0x01,0xff,0xff,0xff,0xf4,0x00,0x1e,0x55,
0x55,0x57,0x40,0x01,0xd0,0x00,0x00,0x74,0x00,0x1e,0x55,0x55,0x57,0x40,0x01,0xff,0xff,0xff,0xf4,0x00,0x1e,0x55,0x55,0x57,
0x40,0x00,0x40,0x00,0x00,0x14,0x00,
/* U+97f6 */
0x00,0x90,0x00,0x00,0x00,0x00,0x3c,0x00,0xaa,0xaa,0xa1,0x5b,0x55,0x3f,0xff,0xfd,0xff,0xff,0xc0,0x38,0x0b,0x1e,0x57,0x90,
0x0e,0x02,0xc3,0x81,0xd0,0x07,0x40,0xb0,0xb0,0x70,0x02,0xc0,0x2c,0x1c,0x2c,0x01,0xe0,0x0a,0x6b,0xaf,0xa0,0xf0,0x03,0xaf,
0xff,0xfd,0xb4,0x26,0xd0,0x00,0x00,0xb4,0x0f,0xe0,0x15,0x55,0x14,0x00,0x00,0x2f,0xff,0xd1,0xaa,0xaa,0x4b,0x55,0xb4,0x7f,
0xff,0xe2,0xc0,0x1d,0x1d,0x00,0x38,0xb5,0x57,0x47,0x40,0x0e,0x2f,0xff,0xd1,0xd0,0x03,0x8b,0x55,0x74,0x74,0x00,0xe2,0xc0,
0x1d,0x1d,0x00,0x38,0xb0,0x07,0x47,0x55,0x5e,0x2f,0xff,0xd1,0xff,0xff,0x8b,0x55,0xb4,0x75,0x55,0xe1,0x40,0x04,0x14,0x00,
0x14,
/* U+9875 */
0x6a,0xaa,0xaa,0xaa,0xaa,0x9b,0xff,0xff,0xff,0xff,0xfe,0x00,0x00,0x0e,0x00,0x00,0x00,0x00,0x01,0xe0,0x00,0x00,0x01,0x55,
0x6e,0x55,0x50,0x00,0x2f,0xff,0xff,0xff,0x40,0x02,0xd5,0x55,0x55,0xb4,0x00,0x2d,0x00,0x50,0x07,0x40,0x02,0xd0,0x0f,0x00,
0x74,0x00,0x2d,0x00,0xf0,0x07,0x40,0x02,0xd0,0x0f,0x00,0x74,0x00,0x2d,0x00,0xf0,0x07,0x40,0x02,0xd0,0x0e,0x00,0x74,0x00,
0x2d,0x01,0xe0,0x07,0x40,0x02,0xd0,0x2d,0x00,0x74,0x00,0x2d,0x03,0xc0,0x07,0x40,0x00,0x00,0xb4,0xa4,0x00,0x00,0x00,0x7e,
0x0b,0xe4,0x00,0x00,0x6f,0x40,0x1b,0xf4,0x01,0xbf,0x80,0x00,0x0b,0xf4,0x2e,0x40,0x00,0x00,0x0b,0x80,0x00,0x00,0x00,0x00,
0x10,
/* U+9876 */
0x6a,0xaa,0x5a,0xaa,0xaa,0x9b,0xff,0xf9,0xff,0xff,0xfe,0x00,0xe0,0x00,0x0b,0x40,0x00,0x0e,0x00,0x00,0xb4,0x00,0x00,0xe0,
0x05,0x5b,0x55,0x40,0x0e,0x00,0xbf,0xff,0xfc,0x00,0xe0,0x0b,0x55,0x57,0xc0,0x0e,0x00,0xb0,0x10,0x3c,0x00,0xe0,0x0b,0x07,
0x43,0xc0,0x0e,0x00,0xb0,0x74,0x3c,0x00,0xe0,0x0b,0x07,0x43,0xc0,0x0e,0x00,0xb0,0x74,0x3c,0x00,0xe0,0x0b,0x0b,0x43,0xc0,
0x0e,0x00,0xb0,0xb0,0x3c,0x00,0xe0,0x0b,0x0f,0x03,0xc0,0x0e,0x00,0xb1,0xe0,0x3c,0x00,0xe0,0x00,0x2d,0x20,0x00,0x0e,0x00,
0x0b,0x87,0xd0,0x00,0xe0,0x07,0xe0,0x1f,0x42,0x6e,0x07,0xf8,0x00,0x7d,0x3f,0x90,0xf8,0x00,0x01,0xd0,0x00,0x00,0x00,0x00,
0x04,
/* U+9879 */
0x00,0x00,0x6a,0xaa,0xaa,0xa5,0x55,0x57,0xff,0xff,0xff,0xbf,0xfe,0x00,0x0b,0x40,0x05,0x7d,0x50,0x00,0xb0,0x00,0x02,0xc0,
0x05,0x5f,0x55,0x40,0x2c,0x01,0xff,0xff,0xf8,0x02,0xc0,0x1e,0x55,0x57,0x80,0x2c,0x01,0xd0,0x10,0x38,0x02,0xc0,0x1d,0x0b,
0x03,0x80,0x2c,0x01,0xd0,0xb0,0x38,0x02,0xc0,0x1d,0x0b,0x03,0x80,0x2c,0x01,0xd0,0xb0,0x38,0x02,0xc0,0x1d,0x0b,0x03,0x80,
0x2c,0x61,0xd0,0xe0,0x38,0x03,0xff,0x1d,0x0e,0x03,0x86,0xfe,0x41,0xd2,0xd0,0x38,0xb9,0x00,0x00,0x38,0x60,0x00,0x00,0x00,
0x1f,0x47,0xd0,0x00,0x00,0x07,0xd0,0x1f,0x40,0x00,0x1b,0xf4,0x00,0x7d,0x00,0x03,0xe4,0x00,0x01,0xf0,0x00,0x14,0x00,0x00,
0x04,
/* U+987a */
0x14,0x00,0x40,0x00,0x00,0x03,0x80,0x1d,0x6a,0xaa,0xaa,0x38,0x61,0xdb,0xff,0xff,0xe3,0x8b,0x1d,0x00,0x38,0x00,0x38,0xb1,
0xd0,0x03,0x80,0x03,0x8b,0x1d,0x15,0xb9,0x54,0x38,0xb1,0xd2,0xff,0xff,0xc3,0x8b,0x1d,0x2d,0x55,0x6c,0x38,0xb1,0xd2,0xc1,
0x42,0xc3,0x8b,0x1d,0x2c,0x3c,0x2c,0x38,0xb1,0xd2,0xc3,0xc2,0xc3,0x8b,0x1d,0x2c,0x3c,0x2c,0x38,0xb1,0xd2,0xc3,0x82,0xc3,
0x8b,0x1d,0x2c,0x38,0x2c,0x38,0xb1,0xd2,0xc3,0x82,0xc3,0x8b,0x1d,0x2c,0x38,0x2c,0x38,0xb1,0xd2,0xc7,0x42,0xc7,0x4b,0x1d,
0x00,0xb1,0x40,0x74,0xb1,0xd0,0x2e,0x3d,0x0b,0x06,0x1d,0x07,0xc0,0xf4,0xb0,0x01,0xd7,0xf0,0x03,0xda,0x00,0x0d,0x78,0x00,
0x0d,
/* U+988d */
0x04,0x00,0x00,0x00,0x00,0x01,0xc0,0x15,0x2a,0xaa,0xa9,0x1d,0x6f,0xe3,0xff,0xff,0xe1,0xff,0x90,0x00,0x2c,0x00,0x1e,0x40,
0x10,0x03,0xc0,0x01,0xc0,0x07,0x45,0x79,0x54,0x1d,0x00,0xb5,0xff,0xff,0xc0,0xff,0xff,0x1d,0x55,0x6c,0x05,0xaa,0x41,0xd0,
0x42,0xc0,0x02,0x80,0x1d,0x2c,0x2c,0x00,0x2c,0x11,0xd2,0xc2,0xc0,0x02,0xc7,0x9d,0x2c,0x2c,0x7f,0xfd,0xe1,0xd2,0xc2,0xc5,
0x6e,0xf8,0x1d,0x2c,0x2c,0x02,0xae,0x01,0xd2,0xc2,0xc0,0x36,0xf4,0x1d,0x38,0x2c,0x07,0x2d,0xe1,0xd3,0x82,0xc1,0xe2,0xc7,
0x80,0xb4,0x40,0x78,0x2c,0x18,0x1e,0x2d,0x0e,0x02,0xc0,0x07,0xd0,0xb4,0x41,0x78,0x06,0xf4,0x02,0xd0,0x3f,0x40,0xb8,0x00,
0x0a,
/* U+9891 */
0x00,0x24,0x00,0x00,0x00,0x00,0x03,0x80,0x6a,0xaa,0xaa,0x18,0x38,0x07,0xff,0xff,0xf2,0xc3,0xea,0x00,0x2c,0x00,0x2c,0x3f,
0xe0,0x03,0xc0,0x02,0xc3,0x80,0x15,0x7d,0x54,0x2c,0x38,0x02,0xff,0xff,0xc6,0xd7,0x95,0x2d,0x55,0x6c,0xff,0xff,0xf6,0xc1,
0x42,0xc5,0x55,0x55,0x2c,0x2c,0x2c,0x00,0x24,0x02,0xc2,0xc2,0xc0,0x43,0x82,0x2c,0x2c,0x2c,0x1d,0x38,0x72,0xc2,0xc2,0xc2,
0xc3,0x8b,0x2c,0x2c,0x2c,0x38,0x39,0xe2,0xc3,0x82,0xcb,0x43,0xac,0x2c,0x38,0x2c,0x60,0x2b,0x82,0xc7,0x42,0xc0,0x01,0xf0,
0x00,0xb1,0x40,0x00,0xbd,0x00,0x2e,0x2d,0x00,0x6f,0x00,0x0b,0x80,0xb4,0x7f,0x80,0x0b,0xe0,0x02,0xd7,0x80,0x00,0xf4,0x00,
0x0e,0x00,0x00,0x04,0x00,0x00,0x00,
/* U+9897 */
0x2a,0xaa,0xa2,0xaa,0xaa,0x93,0xff,0xff,0x3f,0xff,0xfe,0x38,0x74,0x70,0x02,0xc0,0x03,0x87,0x47,0x00,0x2c,0x00,0x3e,0xba,
0xf0,0x57,0xd5,0x43,0xeb,0xef,0x0f,0xff,0xfc,0x38,0x74,0x70,0xe5,0x56,0xc3,0x87,0x47,0x0d,0x04,0x2c,0x3f,0xff,0xf0,0xd1,
0xc2,0xc2,0xab,0xaa,0x0d,0x1c,0x2c,0x00,0x74,0x00,0xd1,0xc2,0xc1,0x57,0x95,0x4d,0x1c,0x2c,0xbf,0xff,0xfc,0xd2,0xc2,0xc5,
0x6f,0x95,0x4d,0x2c,0x2c,0x02,0xf8,0x00,0xd2,0x82,0xc0,0x37,0xf4,0x0d,0x38,0x2c,0x0a,0x76,0xe0,0x0b,0x54,0x02,0xd7,0x47,
0x81,0xe3,0xd0,0xb4,0x74,0x14,0x7c,0x0f,0x4a,0x07,0x40,0x7f,0x00,0x3d,0x00,0x74,0x0f,0x40,0x00,0xe0,0x01,0x00,0x40,0x00,
0x04,
/* U+9898 */
0x1a,0xaa,0xa2,0xaa,0xaa,0x91,0xfa,0xae,0x3f,0xff,0xfd,0x1d,0x00,0xe0,0x02,0xc0,0x01,0xd0,0x0e,0x00,0x2c,0x00,0x1f,0xff,
0xe1,0xff,0xff,0x81,0xd5,0x5e,0x1e,0x55,0x78,0x1d,0x00,0xe1,0xd1,0x83,0x81,0xea,0xae,0x1d,0x2c,0x38,0x1a,0xaa,0xa1,0xd2,
0xc3,0x80,0x00,0x00,0x1d,0x2c,0x38,0x6a,0xaa,0xa5,0xd2,0xc3,0x87,0xff,0xff,0x9d,0x28,0x38,0x00,0x28,0x01,0xd3,0x83,0x80,
0xd2,0x80,0x09,0x74,0x14,0x1d,0x2e,0xa0,0x0b,0x38,0x01,0xd2,0xff,0x02,0xe1,0xf0,0x2f,0x68,0x02,0xf8,0x07,0xd3,0xaf,0x80,
0x2d,0x00,0x1d,0x74,0xfd,0x00,0x00,0x00,0x0b,0x02,0xff,0xaa,0xaa,0xaa,0xd0,0x01,0xab,0xff,0xff,0xf0,
/* U+989d */
0x00,0xa0,0x00,0x00,0x00,0x00,0x0b,0x00,0x1a,0xaa,0xaa,0x15,0x79,0x55,0xff,0xff,0xf7,0xff,0xff,0x80,0x0e,0x00,0x75,0x55,
0x78,0x01,0xd0,0x07,0x1d,0x02,0x85,0x6d,0x54,0x62,0xd5,0x64,0xff,0xff,0xd0,0x7f,0xfe,0x0e,0x00,0x1d,0x0f,0x02,0xd0,0xe0,
0x41,0xd3,0xf4,0x74,0x0e,0x1d,0x1d,0xb5,0xfe,0x00,0xe1,0xd1,0xd1,0x07,0xe0,0x0e,0x1d,0x1d,0x02,0xe7,0xd0,0xe1,0xd1,0xd6,
0xf4,0x0b,0x8e,0x1d,0x1d,0xb9,0x00,0x18,0xe1,0xc1,0xd0,0xff,0xfe,0x0e,0x1c,0x1d,0x0e,0x55,0xe0,0xe2,0xc1,0xc0,0xe0,0x0e,
0x00,0x38,0x40,0x0e,0x00,0xe0,0x0b,0x2d,0x00,0xe5,0x5e,0x02,0xe0,0xb8,0x0f,0xff,0xe1,0xf8,0x02,0xd0,0xe0,0x0e,0x3d,0x00,
0x0b,0x04,0x00,0x41,0x00,0x00,0x00,
/* U+98ce */
0x02,0xaa,0xaa,0xaa,0xa4,0x00,0x7f,0xff,0xff,0xff,0x40,0x07,0x80,0x00,0x00,0x74,0x00,0x78,0x00,0x00,0x07,0x40,0x07,0x80,
0x00,0x28,0x74,0x00,0x78,0xa0,0x07,0x47,0x40,0x07,0x8b,0x40,0xb0,0x74,0x00,0x78,0x3c,0x0e,0x07,0x40,0x07,0x81,0xf2,0xd0,
0x74,0x00,0x78,0x0b,0xbc,0x07,0x40,0x07,0x40,0x2f,0x40,0x74,0x00,0x74,0x01,0xf4,0x07,0x40,0x0b,0x40,0x2f,0x80,0x74,0x00,
0xb0,0x0b,0xad,0x07,0x40,0x0b,0x02,0xe0,0xf0,0x74,0x00,0xf0,0xbc,0x07,0x87,0x40,0x1e,0x2f,0x40,0x2d,0x38,0xa2,0xd3,0xc0,
0x01,0xd3,0x8b,0x38,0x10,0x00,0x00,0x2c,0xeb,0x40,0x00,0x00,0x01,0xfd,0x70,0x00,0x00,0x00,0x0b,0xc0,
/* U+9976 */
0x02,0x40,0x00,0xa0,0x00,0x00,0x78,0x00,0x0e,0x00,0x00,0x07,0x40,0x00,0xb5,0x6a,0x80,0xb0,0x02,0xbf,0xff,0xe8,0x0f,0xaa,
0x6a,0xb9,0x00,0x00,0xff,0xf8,0x03,0xc1,0xd0,0x2d,0x0b,0x40,0x1d,0xb8,0x03,0xc1,0xe0,0x00,0xfe,0x04,0xb4,0x2c,0x00,0x6f,
0x80,0xef,0x18,0x41,0xbf,0x6e,0x6c,0x52,0xc0,0x2e,0x40,0x7f,0x40,0x2c,0x00,0x00,0x00,0x50,0x02,0xc0,0x15,0x55,0x55,0x50,
0x2c,0x07,0xff,0xff,0xfe,0x02,0xc0,0x15,0xb5,0xe5,0x40,0x2c,0x00,0x0e,0x0e,0x00,0x02,0xc0,0x00,0xe0,0xe0,0x00,0x2c,0x00,
0x1d,0x0e,0x05,0x02,0xc7,0x02,0xc0,0xe0,0xa0,0x2e,0xe0,0xb8,0x0e,0x0e,0x03,0xe4,0x7e,0x00,0xfa,0xe0,0x24,0x0f,0x40,0x07,
0xf8,0x00,0x00,0x40,0x00,0x00,0x00,
/* U+9986 */
0x01,0x00,0x00,0x18,0x00,0x00,0x74,0x00,0x01,0xd0,0x00,0x0b,0x40,0x00,0x1e,0x00,0x00,0xf0,0x03,0xff,0xff,0xfd,0x0f,0xa9,
0x39,0x55,0x56,0xd1,0xff,0xf3,0x40,0x00,0x1d,0x2d,0x1e,0x39,0x55,0x56,0xd7,0x82,0xc1,0xbf,0xff,0xe4,0xb4,0x38,0x0b,0x00,
0x0e,0x0e,0x28,0x00,0xb0,0x00,0xe0,0x52,0xc0,0x0b,0x00,0x0e,0x00,0x2c,0x00,0xba,0xaa,0xe0,0x02,0xc0,0x0b,0xaa,0xaa,0x00,
0x2c,0x00,0xb0,0x00,0x00,0x02,0xc0,0x0b,0x00,0x00,0x00,0x2c,0x00,0xbf,0xff,0xf4,0x02,0xc0,0x0b,0x55,0x5b,0x40,0x2c,0x10,
0xb0,0x00,0x74,0x02,0xc7,0x0b,0x00,0x07,0x40,0x2e,0xe0,0xb5,0x55,0x74,0x03,0xe0,0x0b,0xff,0xff,0x40,0x24,0x00,0xb5,0x55,
0x74,0x00,0x00,0x05,0x00,0x01,0x00,
/* U+9996 */
0x00,0x08,0x00,0x02,0x40,0x00,0x01,0xd0,0x00,0xb4,0x00,0x00,0x0e,0x00,0x0f,0x00,0x05,0x55,0xb9,0x56,0xe5,0x55,0xbf,0xff,
0xff,0xff,0xff,0xe1,0x55,0x55,0xe5,0x55,0x54,0x00,0x00,0x1e,0x00,0x00,0x00,0x15,0x56,0xe5,0x55,0x40,0x03,0xff,0xff,0xff,
0xfc,0x00,0x39,0x55,0x55,0x56,0xc0,0x03,0x80,0x00,0x00,0x2c,0x00,0x39,0x55,0x55,0x56,0xc0,0x03,0xff,0xff,0xff,0xfc,0x00,
0x39,0x55,0x55,0x56,0xc0,0x03,0x80,0x00,0x00,0x2c,0x00,0x39,0x55,0x55,0x56,0xc0,0x03,0xff,0xff,0xff,0xfc,0x00,0x39,0x55,
0x55,0x56,0xc0,0x03,0x80,0x00,0x00,0x2c,0x00,0x38,0x00,0x00,0x02,0xc0,0x03,0xff,0xff,0xff,0xfc,0x00,0x3d,0x55,0x55,0x57,
0xc0,0x01,0x40,0x00,0x00,0x14,0x00,
/* U+9999 */
0x00,0x00,0x00,0x00,0x54,0x00,0x15,0x55,0xaa,0xff,0xd0,0x07,0xff,0xff,0xea,0x50,0x00,0x15,0x00,0xb0,0x00,0x00,0x00,0x00,
0x0b,0x00,0x00,0x06,0xaa,0xaa,0xfa,0xaa,0xa9,0x7f,0xff,0xff,0xff,0xff,0xd0,0x00,0x0a,0xbb,0x40,0x00,0x00,0x07,0xcb,0x2e,
0x00,0x00,0x06,0xe0,0xb0,0xb9,0x00,0x06,0xf4,0x0b,0x01,0xf9,0x07,0xf9,0x00,0xb0,0x02,0xfd,0x78,0xbf,0xff,0xff,0xf5,0xd0,
0x0b,0x55,0x55,0x5b,0x40,0x00,0xb0,0x00,0x00,0xb4,0x00,0x0b,0x55,0x55,0x5b,0x40,0x00,0xbf,0xff,0xff,0xf4,0x00,0x0b,0x55,
0x55,0x5b,0x40,0x00,0xb0,0x00,0x00,0xb4,0x00,0x0b,0x55,0x55,0x5b,0x40,0x00,0xbf,0xff,0xff,0xf4,0x00,0x0b,0x00,0x00,0x0b,
0x40,0x00,0x50,0x00,0x00,0x50,0x00,
/* U+9a6c */
0x06,0xaa,0xaa,0xaa,0x90,0x01,0xff,0xff,0xff,0xf4,0x00,0x00,0x00,0x00,0x2d,0x00,0x00,0x10,0x00,0x0b,0x00,0x00,0x2d,0x00,
0x02,0xc0,0x00,0x0b,0x00,0x00,0xf0,0x00,0x03,0xc0,0x00,0x38,0x00,0x00,0xe0,0x00,0x1e,0x00,0x00,0x78,0x00,0x07,0x40,0x00,
0x2e,0x55,0x56,0xe5,0x50,0x0b,0xff,0xff,0xff,0xfc,0x01,0x55,0x55,0x55,0x5b,0x00,0x00,0x00,0x00,0x02,0xc0,0x00,0x00,0x00,
0x00,0xf2,0xaa,0xaa,0xaa,0x90,0x39,0xff,0xff,0xff,0xf8,0x0e,0x00,0x00,0x00,0x00,0x07,0x80,0x00,0x00,0x00,0x01,0xd0,0x00,
0x00,0x00,0x00,0xf0,0x00,0x00,0x01,0xaa,0xf8,0x00,0x00,0x00,0x7f,0xe4,0x00,
/* U+9a7b */
0x00,0x00,0x00,0x01,0x40,0x00,0x6a,0xaa,0x00,0x1e,0x00,0x02,0xff,0xfc,0x00,0x2c,0x00,0x00,0x00,0xb0,0x00,0x74,0x00,0x01,
0x03,0x82,0xaa,0xea,0xa4,0x1d,0x0e,0x1f,0xff,0xff,0xe0,0x74,0x38,0x00,0x0e,0x00,0x02,0xc1,0xd0,0x00,0x38,0x00,0x0b,0x07,
0x40,0x00,0xe0,0x00,0x28,0x1d,0x00,0x03,0x80,0x00,0xe0,0xb0,0x00,0x0e,0x00,0x03,0xab,0xe8,0x15,0x79,0x54,0x1f,0xff,0xe2,
0xff,0xff,0xf4,0x00,0x03,0x85,0x57,0x95,0x40,0x00,0x0e,0x00,0x0e,0x00,0x00,0x1a,0x38,0x00,0x38,0x00,0x6f,0xf8,0xe0,0x00,
0xe0,0x00,0xe4,0x03,0x80,0x03,0x80,0x00,0x00,0x0e,0x00,0x0e,0x00,0x00,0x00,0x74,0x00,0x78,0x00,0x01,0x5b,0xcb,0xff,0xff,
0xfc,0x07,0xf9,0x1a,0xaa,0xaa,0xa0,
/* U+9a7f */
0x1a,0xaa,0x82,0xaa,0xaa,0x90,0xbf,0xff,0x0f,0xff,0xff,0x40,0x00,0x2c,0x0b,0x00,0x2c,0x00,0x40,0xe0,0x1e,0x01,0xe0,0x07,
0x43,0x80,0x2d,0x1e,0x00,0x1d,0x0e,0x00,0x2e,0xe0,0x00,0xb0,0x74,0x00,0x7f,0x40,0x02,0xc1,0xd0,0x6f,0xef,0x94,0x0a,0x07,
0x4f,0xf4,0x0b,0xfc,0x38,0x2c,0x14,0x02,0x40,0x50,0xea,0xf9,0x00,0x1d,0x00,0x07,0xff,0xf8,0x55,0xb9,0x54,0x00,0x00,0xe1,
0xff,0xff,0xe0,0x00,0x03,0x80,0x07,0x40,0x00,0x06,0x8e,0x00,0x1d,0x00,0x1b,0xfe,0x38,0x00,0x74,0x00,0x39,0x00,0xe7,0xff,
0xff,0xfc,0x00,0x03,0x55,0x5b,0x95,0x50,0x00,0x1d,0x00,0x1d,0x00,0x00,0x56,0xf0,0x00,0x74,0x00,0x00,0xfe,0x40,0x01,0xd0,
0x00,0x00,0x00,0x00,0x01,0x00,0x00,
/* U+9a85 */
0x00,0x00,0x00,0x18,0x60,0x00,0x6a,0xa9,0x00,0xe1,0xd0,0x02,0xff,0xf8,0x0b,0x47,0x47,0x40,0x00,0xe0,0x38,0x1d,0xbd,0x01,
0x03,0x82,0xe0,0x7f,0x80,0x1d,0x1d,0x1f,0x82,0xf4,0x00,0x70,0x74,0xfe,0x7f,0x40,0x02,0xc1,0xd7,0x39,0xad,0x0a,0x0a,0x0b,
0x14,0xe0,0x74,0x2c,0x38,0x2c,0x03,0x81,0xd0,0xe0,0xe0,0xa0,0x0e,0x03,0xef,0x47,0xab,0xe4,0x38,0x06,0xa4,0x1f,0xff,0xe0,
0x00,0x90,0x00,0x00,0x03,0x80,0x07,0x80,0x00,0x00,0x0e,0x00,0x1e,0x00,0x00,0x5a,0x3a,0xff,0xff,0xff,0x7f,0xf4,0xd6,0xaa,
0xea,0xa8,0xa4,0x03,0x40,0x07,0x80,0x00,0x00,0x1d,0x00,0x1e,0x00,0x00,0x00,0x74,0x00,0x78,0x00,0x01,0x5b,0xc0,0x01,0xe0,
0x00,0x07,0xf9,0x00,0x07,0x80,0x00,0x00,0x00,0x00,0x05,0x00,0x00,
/* U+9a8c */
0x00,0x00,0x00,0x06,0x00,0x06,0xaa,0x90,0x01,0xf8,0x00,0xbf,0xfe,0x00,0x2e,0xc0,0x00,0x00,0xe0,0x07,0x4e,0x00,0x04,0x0e,
0x00,0xf0,0xb4,0x01,0xc0,0xd0,0x2d,0x03,0xd0,0x2c,0x1d,0x0b,0x40,0x1f,0x42,0x81,0xd2,0xea,0xaa,0xbd,0x38,0x2c,0xb9,0xff,
0xf9,0xf3,0x82,0xc6,0x00,0x00,0x06,0x34,0x28,0x00,0x14,0x01,0x47,0xab,0xe1,0x92,0xc0,0x38,0x7f,0xff,0x5e,0x1d,0x07,0x40,
0x00,0x74,0xf0,0xe0,0xb0,0x00,0x07,0x4b,0x4b,0x0b,0x00,0x19,0x70,0x74,0xb0,0xe0,0xbf,0x97,0x03,0x87,0x5d,0x0e,0x40,0x70,
0x2c,0x12,0xc0,0x00,0x0b,0x00,0x00,0x38,0x00,0x00,0xb0,0x00,0x07,0x80,0x05,0x6e,0x3f,0xff,0xff,0xf0,0x7f,0x82,0xaa,0xaa,
0xaa,
/* U+9ab0 */
0x1f,0xff,0xd0,0x6a,0xa9,0x01,0xea,0xad,0x07,0xeb,0xd0,0x1c,0x01,0xd0,0x70,0x1d,0x01,0xea,0x1d,0x0b,0x01,0xd0,0x1e,0xb1,
0xd0,0xb0,0x1d,0x01,0xc7,0x1d,0x0e,0x01,0xd0,0x6d,0xb6,0xe2,0xd0,0x0f,0x97,0xff,0xff,0xb4,0x00,0x6e,0x70,0x00,0x35,0x00,
0x00,0x07,0x00,0x07,0x55,0x55,0x50,0x6f,0xff,0xd3,0xff,0xff,0x40,0xe5,0x6c,0x1b,0x55,0xb4,0x0e,0x02,0xc0,0x74,0x0b,0x00,
0xff,0xfc,0x03,0x81,0xe0,0x0e,0x56,0xc0,0x2d,0x3c,0x00,0xe0,0x2c,0x00,0xfb,0x40,0x0f,0xab,0xc0,0x07,0xe0,0x00,0xea,0xbc,
0x00,0xbf,0x40,0x0e,0x02,0xc0,0x7e,0x7d,0x00,0xe0,0x2c,0x7f,0x40,0xfd,0x0e,0x3f,0x8f,0x40,0x01,0xf0,0x41,0x40,0x40,0x00,
0x01,
/* U+9ad8 */
0x00,0x00,0x19,0x00,0x00,0x00,0x00,0x01,0xe0,0x00,0x00,0x6a,0xaa,0xaf,0xaa,0xaa,0x9b,0xff,0xff,0xff,0xff,0xfe,0x00,0x00,
0x00,0x00,0x00,0x00,0x05,0x55,0x55,0x55,0x00,0x00,0xbf,0xff,0xff,0xe0,0x00,0x0b,0x00,0x00,0x0e,0x00,0x00,0xb0,0x00,0x00,
0xe0,0x00,0x0b,0xff,0xff,0xfe,0x00,0x00,0x15,0x55,0x55,0x40,0x00,0x55,0x55,0x55,0x55,0x50,0x1f,0xff,0xff,0xff,0xff,0x41,
0xd0,0x00,0x00,0x00,0x74,0x1d,0x05,0x55,0x55,0x07,0x41,0xd0,0xbf,0xff,0xe0,0x74,0x1d,0x0b,0x00,0x0a,0x07,0x41,0xd0,0xb0,
0x00,0xa0,0x74,0x1d,0x0b,0xaa,0xae,0x07,0x41,0xd0,0x55,0x55,0x50,0x74,0x1d,0x00,0x00,0x00,0x5b,0x41,0xd0,0x00,0x00,0x1f,
0xe0,0x04,0x00,0x00,0x00,0x50,0x00,
/* U+9b4f */
0x00,0x00,0x00,0x09,0x00,0x01,0x56,0xbc,0x01,0xd0,0x00,0x3f,0xfa,0x45,0x6d,0x55,0x00,0x4b,0x00,0xbf,0xff,0xf4,0x15,0xb5,
0x4b,0x5b,0x57,0x47,0xff,0xfe,0xb0,0x70,0x74,0x16,0xf5,0x4b,0x07,0x07,0x40,0x3f,0x80,0xbf,0xff,0xf4,0x1e,0x7b,0x4b,0xab,
0xab,0x47,0x87,0x2d,0xb0,0xb0,0x74,0xa0,0x60,0x4b,0x0a,0x07,0x40,0x0e,0x00,0xba,0xfa,0xb4,0x01,0xd0,0x0a,0xaf,0xaa,0x47,
0xff,0xfc,0x01,0xd0,0x50,0x1b,0x96,0xc0,0x2f,0x8a,0x00,0xe0,0x38,0x03,0xb8,0xdc,0x2e,0x0b,0x40,0xb3,0x98,0x91,0xf9,0xe0,
0x0e,0x3a,0xba,0x01,0xfd,0x02,0xd3,0x94,0x10,0x1f,0xf4,0x78,0x38,0x07,0x1f,0x87,0x9e,0x02,0xe6,0xe7,0x90,0x03,0xc0,0x1f,
0xf9,0x10,0x00,0x04,0x00,0x00,0x00,
/* U+9c7c */
0x00,0x01,0x40,0x00,0x00,0x00,0x00,0x7c,0x00,0x00,0x00,0x00,0x0f,0x95,0x55,0x40,0x00,0x03,0xff,0xff,0xf8,0x00,0x00,0xb8,
0x00,0x1f,0x00,0x00,0x7e,0x00,0x03,0xc0,0x00,0x1f,0x95,0x55,0xf9,0x54,0x07,0xef,0xff,0xff,0xff,0xc0,0x21,0xe5,0x5b,0x55,
0x6c,0x00,0x1d,0x00,0xb4,0x02,0xc0,0x01,0xd0,0x0b,0x40,0x2c,0x00,0x1f,0xff,0xff,0xff,0xc0,0x01,0xea,0xab,0xaa,0xbc,0x00,
0x1d,0x00,0xb4,0x02,0xc0,0x01,0xd0,0x0b,0x40,0x2c,0x00,0x1e,0xaa,0xfa,0xab,0xc0,0x01,0xff,0xff,0xff,0xfc,0x00,0x00,0x00,
0x00,0x00,0x00,0x00,0x00,0x00,0x00,0x00,0x01,0x55,0x55,0x55,0x55,0x54,0x3f,0xff,0xff,0xff,0xff,0xd1,0x55,0x55,0x55,0x55,
0x54,
/* U+9c81 */
0x00,0x06,0x40,0x00,0x00,0x00,0x01,0xf9,0x55,0x54,0x00,0x00,0x7f,0xff,0xff,0x40,0x00,0x2e,0x00,0x01,0xe0,0x00,0x2f,0xea,
0xaa,0xbe,0xa8,0x0b,0xbe,0xaa,0xfa,0xaa,0xd0,0x13,0x80,0x0b,0x00,0x1d,0x00,0x3f,0xff,0xff,0xff,0xd0,0x03,0x95,0x5b,0x55,
0x5d,0x00,0x39,0x55,0xb5,0x55,0xd0,0x03,0xff,0xff,0xff,0xfd,0x00,0x00,0x00,0x00,0x00,0x00,0xaa,0xaa,0xaa,0xaa,0xaa,0xa6,
0xaa,0xaa,0xaa,0xaa,0xa9,0x00,0x00,0x00,0x00,0x00,0x00,0x1f,0xff,0xff,0xff,0x40,0x01,0xd5,0x55,0x55,0x74,0x00,0x1e,0x55,
0x55,0x57,0x40,0x01,0xfa,0xaa,0xaa,0xf4,0x00,0x1d,0x00,0x00,0x03,0x40,0x01,0xea,0xaa,0xaa,0xb4,0x00,0x1e,0xaa,0xaa,0xab,
0x40,0x00,0x40,0x00,0x00,0x14,0x00,
/* U+9c85 */
0x00,0x90,0x00,0x19,0x08,0x00,0x07,0x80,0x00,0x74,0x74,0x00,0x2e,0xa8,0x01,0xd0,0xb4,0x01,0xff,0xf4,0x07,0x40,0xe0,0x0f,
0x02,0x82,0xbe,0xaa,0xa4,0xb4,0x1d,0x0f,0xff,0xff,0xe7,0x95,0xf5,0x01,0xd0,0x00,0x07,0xff,0xfd,0x0b,0x00,0x00,0x0e,0x6d,
0x74,0x2c,0x00,0x00,0x38,0xa1,0xd0,0xba,0xaa,0x80,0xe2,0x87,0x43,0xfa,0xae,0x03,0xef,0xad,0x0f,0x80,0x34,0x0e,0xae,0xb4,
0x7f,0x01,0xd0,0x38,0xa1,0xd1,0xdd,0x0b,0x00,0xe2,0x87,0x4b,0x28,0x38,0x03,0x9b,0x6d,0x28,0x36,0xc0,0x0f,0xff,0xf4,0xe0,
0xbe,0x00,0x00,0x00,0x0b,0x41,0xf0,0x00,0x00,0x01,0x78,0x1f,0xe0,0x00,0x5a,0xfe,0xd1,0xf6,0xf4,0x2f,0xfe,0xae,0x2f,0x42,
0xf4,0x55,0x00,0x30,0xe0,0x01,0xe0,0x00,0x00,0x01,0x00,0x00,0x00,
/* U+9ca4 */
0x02,0x40,0x00,0x00,0x00,0x00,0x74,0x00,0x6a,0xaa,0xa4,0x0b,0xaa,0x07,0xff,0xff,0x81,0xff,0xf0,0x74,0x34,0x38,0x38,0x0e,
0x07,0x43,0x43,0x8b,0x42,0xd0,0x74,0x34,0x38,0xe5,0x79,0x47,0xef,0xeb,0x87,0xff,0xfc,0x7a,0xba,0xb8,0x39,0xa6,0xc7,0x43,
0x43,0x83,0x8a,0x1c,0x74,0x34,0x38,0x38,0xa1,0xc7,0x47,0x83,0x83,0xef,0xbc,0x7f,0xff,0xf8,0x3a,0xba,0xc1,0x57,0x95,0x43,
0x8a,0x1c,0x00,0x34,0x00,0x38,0xa1,0xc0,0x03,0x40,0x03,0x9a,0x6c,0x6a,0xbe,0xa8,0x3f,0xff,0xc7,0xff,0xff,0xc0,0x00,0x00,
0x00,0x34,0x00,0x00,0x00,0x40,0x03,0x40,0x00,0x5a,0xfd,0x00,0x38,0x00,0xbf,0xf9,0x5f,0xff,0xff,0xf6,0x50,0x01,0xaa,0xaa,
0xaa,
/* U+9e20 */
0x05,0x00,0x00,0x28,0x00,0x00,0xb0,0x00,0x03,0xc0,0x00,0x0b,0x00,0x01,0xb9,0x55,0x00,0xb0,0x00,0x7f,0xff,0xf0,0x0b,0x00,
0x07,0x44,0x0e,0x07,0xff,0xe0,0x75,0x80,0xe0,0x6f,0xae,0x07,0x4e,0x0e,0x00,0xb0,0xa0,0x74,0x74,0xe0,0x0b,0x0a,0x07,0x41,
0x0d,0x00,0xb0,0xa0,0x74,0x1b,0xd0,0x0b,0x0a,0x07,0x41,0xf4,0x00,0xb0,0xa0,0x74,0x00,0x00,0x0b,0x0a,0x07,0xff,0xff,0xd0,
0xf0,0xa0,0x6a,0xaa,0xad,0x0e,0x0a,0x00,0x00,0x01,0xd0,0xe0,0xa3,0x00,0x00,0x1d,0x1d,0x0b,0xfa,0xaa,0xa1,0xd2,0xc0,0xbc,
0xaa,0xaa,0x1c,0x3c,0x1f,0x40,0x00,0x02,0xc7,0x80,0xd0,0x00,0x00,0x2c,0xb0,0x00,0x00,0x01,0x5b,0x8e,0x00,0x00,0x00,0x1f,
0xe0,0x00,0x00,0x00,0x00,0x50,0x00,
/* U+9e21 */
0x00,0x00,0x00,0x18,0x00,0x00,0x00,0x00,0x03,0xc0,0x00,0x15,0x55,0x46,0xba,0xaa,0x07,0xff,0xf4,0x7f,0xff,0xf0,0x00,0x07,
0x47,0x40,0x0b,0x00,0x00,0x74,0x75,0x80,0xa0,0x00,0x07,0x07,0x4e,0x0e,0x03,0x40,0xb0,0x74,0x74,0xe0,0x3c,0x0b,0x07,0x41,
0x1d,0x01,0xe0,0xe0,0x74,0x2b,0xc0,0x0b,0x5d,0x07,0x42,0xe4,0x00,0x3e,0xc0,0x74,0x00,0x00,0x01,0xfc,0x07,0xff,0xff,0xd0,
0x0b,0x80,0x6a,0xaa,0xad,0x00,0xbc,0x00,0x00,0x01,0xd0,0x1f,0xe0,0x00,0x00,0x1d,0x02,0xdb,0x1a,0xaa,0xa1,0xd0,0x78,0x79,
0xff,0xfe,0x1d,0x0f,0x02,0xd0,0x00,0x01,0xc2,0xd0,0x08,0x00,0x00,0x2c,0xb4,0x00,0x00,0x01,0x5b,0x86,0x00,0x00,0x00,0x3f,
0xe0,0x00,0x00,0x00,0x01,0x50,0x00,
/* U+9e23 */
0x00,0x00,0x00,0xa0,0x00,0x00,0x00,0x00,0x78,0x00,0x0a,0xaa,0x81,0x6e,0x55,0x43,0xff,0xe0,0xbf,0xff,0xe0,0xe0,0x38,0x2c,
0x00,0x38,0x38,0x0e,0x0b,0x28,0x0e,0x0e,0x03,0x82,0xc7,0x43,0x43,0x80,0xe0,0xb0,0xb1,0xd0,0xe0,0x38,0x2c,0x04,0x74,0x38,
0x0e,0x0b,0x02,0xbc,0x0e,0x03,0x82,0xc0,0xb9,0x03,0x80,0xe0,0xb0,0x00,0x00,0xe0,0x38,0x2f,0xff,0xff,0x78,0x0e,0x06,0xaa,
0xaa,0xde,0x03,0x80,0x00,0x00,0x77,0x80,0xe0,0x00,0x00,0x1d,0xe5,0x78,0xaa,0xaa,0x87,0x3f,0xfe,0x2a,0xaa,0xa2,0xcf,0x57,
0x80,0x00,0x00,0xb3,0x80,0xe0,0x00,0x00,0x38,0x90,0x00,0x00,0x05,0x6d,0x00,0x00,0x00,0x02,0xfe,0x00,0x00,0x00,0x00,0x10,
0x00,
/* U+9e2d */
0x00,0x00,0x00,0x19,0x00,0x01,0x55,0x54,0x02,0xc0,0x00,0x7f,0xff,0xd1,0x7d,0x55,0x07,0x4a,0x0d,0x3f,0xff,0xf0,0x74,0xa0,
0xd3,0x80,0x0b,0x07,0x4a,0x0d,0x34,0x90,0xb0,0x74,0xa0,0xd3,0x4b,0x4b,0x07,0xff,0xfd,0x34,0x28,0xa0,0x7a,0xba,0xd3,0x40,
0x0e,0x07,0x4a,0x0d,0x34,0x1b,0xd0,0x74,0xa0,0xd3,0x41,0xe4,0x07,0x4a,0x0d,0x34,0x00,0x00,0x75,0xb5,0xd3,0xff,0xff,0xd7,
0xff,0xfd,0x2a,0xaa,0xad,0x74,0xb1,0xd0,0x00,0x01,0xd1,0x0b,0x04,0x00,0x00,0x1d,0x00,0xb0,0x1a,0xaa,0xa5,0xd0,0x0b,0x01,
0xaa,0xaa,0x5d,0x00,0xb0,0x00,0x00,0x01,0xc0,0x0b,0x00,0x00,0x00,0x2c,0x00,0xb0,0x00,0x00,0x5b,0x80,0x0b,0x00,0x00,0x1f,
0xe0,0x00,0x50,0x00,0x00,0x50,0x00,
/* U+9e64 */
0x00,0x18,0x00,0x06,0x00,0x00,0x02,0xc0,0x00,0xb0,0x00,0x15,0x7d,0x54,0x5e,0x55,0x07,0xff,0xff,0x8f,0xff,0xf4,0x75,0xb5,
0x78,0xf5,0x5b,0x47,0x5e,0x02,0x8e,0x60,0x74,0x62,0xce,0x14,0xe7,0x47,0x00,0x38,0xa0,0x0e,0x1d,0xb0,0x0b,0xab,0xa4,0xe0,
0x4b,0x02,0xff,0xff,0x8e,0x06,0xe0,0x7e,0x0b,0x00,0xe0,0xf8,0x0f,0xe0,0xb0,0x0e,0x00,0x00,0x4f,0xff,0xf8,0xff,0xff,0xd0,
0xfa,0xba,0x4a,0xaa,0xae,0x0e,0x0b,0x00,0x00,0x00,0xe0,0xe5,0xb5,0x00,0x00,0x0d,0x0f,0xff,0xfa,0xaa,0xa5,0xd0,0xe5,0xb5,
0x2a,0xaa,0x5d,0x0e,0x0b,0x00,0x00,0x01,0xd0,0xf5,0xb5,0x40,0x00,0x1c,0x0f,0xff,0xfd,0x00,0x5b,0xc0,0xe0,0x00,0x00,0x1f,
0xf4,0x05,0x00,0x00,0x00,0x50,0x00,
/* U+9e70 */
0x00,0x00,0x0a,0x00,0x00,0x00,0x55,0x55,0xb9,0x55,0x54,0x0f,0xff,0xff,0xff,0xff,0xd0,0xe0,0xa0,0xd0,0x74,0x00,0x0e,0x0d,
0x2e,0xab,0xea,0x80,0xe2,0xd7,0xd5,0x79,0x54,0x0e,0x7d,0xfe,0xab,0xea,0x00,0xee,0xe9,0xc0,0x74,0x00,0x0e,0x5d,0x1e,0xaf,
0xea,0x00,0xe1,0xd1,0xc0,0x74,0x00,0x0e,0x1d,0x6f,0xff,0xff,0x81,0xd0,0x0e,0x00,0x00,0x00,0x1d,0x0b,0xff,0xff,0xf8,0x01,
0xd0,0xb0,0x90,0x03,0x80,0x1d,0x0b,0x0b,0x4a,0xb4,0x01,0xc0,0xb0,0x24,0x54,0x00,0x2c,0x0b,0xaa,0xaa,0xaa,0x83,0x80,0x55,
0x55,0x55,0x78,0x78,0x55,0x55,0x55,0x43,0x87,0x4a,0xaa,0xaa,0xa8,0x38,0xb0,0x00,0x00,0x00,0x0b,0x46,0x00,0x00,0x00,0x7f,
0xe0,0x00,0x00,0x00,0x01,0x50,0x00,
/* U+9e7f */
0x00,0x00,0x0a,0x00,0x00,0x00,0x00,0x00,0xb4,0x00,0x00,0x0a,0xaa,0xab,0xaa,0xaa,0x90,0xff,0xff,0xff,0xff,0xfe,0x0e,0x02,
0xd0,0x2c,0x00,0x00,0xe0,0x1c,0x02,0xc0,0x00,0x0f,0xaa,0xea,0xbe,0xaa,0x40,0xff,0xff,0xff,0xff,0xf4,0x0e,0x01,0xc0,0x2c,
0x07,0x40,0xe0,0x1c,0x02,0xc0,0x74,0x0e,0x02,0xd0,0x2c,0x07,0x41,0xff,0xff,0xff,0xff,0xf4,0x1e,0x55,0x55,0x55,0x55,0x41,
0xd2,0x80,0x01,0x80,0x00,0x1c,0x28,0x00,0x1d,0x01,0x82,0xc2,0xea,0xa5,0xda,0xfd,0x2c,0x2e,0xaa,0x5f,0xf9,0x03,0x82,0x80,
0x01,0xd0,0x00,0x74,0x28,0x00,0x1d,0x00,0xab,0x02,0x81,0xa5,0xd0,0x0e,0xe0,0x3e,0xfe,0x5e,0xaa,0xd9,0x03,0xe5,0x00,0xbf,
0xf8,
/* U+9e92 */
0x00,0x28,0x00,0x14,0x02,0x40,0x02,0xc0,0x03,0x80,0x74,0x2a,0xae,0xa8,0x38,0x07,0x43,0xff,0xff,0xdb,0xea,0xbd,0x38,0xa3,
0x40,0xbe,0xaf,0xe3,0x8a,0x34,0x03,0x80,0x74,0x3d,0xe7,0x94,0x38,0x07,0x43,0xff,0xff,0xd3,0xea,0xb4,0x38,0xa3,0x4d,0x3f,
0xff,0x43,0x8a,0x34,0xd3,0x80,0x74,0x39,0xa7,0x9d,0x38,0x07,0x43,0xff,0xff,0xd3,0xea,0xb4,0x38,0x00,0x00,0x3f,0xff,0x43,
0x9c,0x2c,0x03,0x80,0x74,0x35,0xc2,0xc0,0x38,0x07,0x43,0x5e,0xae,0x87,0xd5,0xb9,0x75,0xe6,0xe5,0xff,0xff,0xf7,0x5c,0x2c,
0x00,0x51,0x90,0xb1,0xc2,0xc0,0x1e,0x1e,0x0a,0x1c,0x2c,0x47,0xc0,0xb8,0xe2,0xeb,0xed,0xf0,0x02,0xdd,0x3e,0x79,0x1d,0x00,
0x0b,
/* U+9e93 */
0x00,0x24,0x00,0x02,0x40,0x00,0x03,0x80,0x00,0x38,0x00,0x7f,0xff,0xf5,0xff,0xff,0xe1,0x5f,0x95,0x05,0xff,0x55,0x02,0xbe,
0x00,0x2b,0xad,0x01,0xe3,0xae,0x2e,0x28,0xb8,0xb4,0x38,0x67,0x42,0x81,0xe1,0x01,0x40,0xf0,0x14,0x00,0x0a,0xaa,0xab,0xaa,
0xaa,0x80,0xff,0xff,0xff,0xff,0xfc,0x0e,0x01,0xc0,0x2c,0x00,0x00,0xfa,0xae,0xab,0xea,0xa4,0x0f,0xab,0xea,0xbe,0xab,0x40,
0xe0,0x1c,0x02,0xc0,0x74,0x0e,0xaa,0xea,0xbe,0xab,0x41,0xfb,0xea,0xab,0xea,0xa4,0x1d,0x38,0x00,0x38,0x01,0x41,0xd3,0xea,
0xa3,0x9b,0xfc,0x2c,0x3e,0xaa,0x3f,0xa5,0x07,0x83,0x80,0x03,0x80,0x0a,0xb4,0x39,0xab,0x39,0x55,0xea,0x03,0xfe,0x92,0xff,
0xfd,0x10,0x10,0x00,0x01,0x55,0x00,
/* U+9e9f */
0x00,0x60,0x00,0x01,0x80,0x00,0x03,0x40,0x1c,0x2c,0x28,0x2a,0xbe,0xa4,0xe2,0xc7,0x43,0xae,0xfa,0x46,0x2c,0x50,0x35,0xca,
0x02,0xaa,0xea,0x93,0x5c,0xa0,0x3f,0xff,0xfe,0x3f,0xff,0xf0,0x1e,0xe8,0x03,0xae,0xeb,0x07,0x6c,0xa4,0x35,0xca,0x76,0xd2,
0xc2,0xe3,0x5c,0xa7,0x60,0x2c,0x05,0x3a,0xda,0x70,0x41,0x82,0x43,0xff,0xff,0x1d,0x00,0x38,0x34,0x00,0x01,0xfe,0xbf,0xe7,
0x64,0x70,0x29,0xa5,0x79,0x72,0x87,0x03,0x4a,0x63,0x87,0x2f,0x7e,0xb4,0xd6,0x38,0x72,0x97,0x5e,0xed,0xa3,0x8b,0x24,0x70,
0x87,0xca,0x79,0xa2,0x47,0x00,0x74,0xff,0xfe,0x25,0x76,0x0e,0x00,0x38,0xd3,0xf7,0xe2,0xd0,0x03,0x88,0x24,0x50,0x74,0x00,
0x38,0x00,0x00,0x00,0x00,0x01,0x40,
/* U+9ea6 */
0x00,0x00,0x0a,0x00,0x00,0x00,0x00,0x00,0xf0,0x00,0x00,0x0a,0xaa,0xaf,0xaa,0xaa,0x01,0xff,0xff,0xff,0xff,0xf4,0x00,0x00,
0x0f,0x00,0x00,0x00,0x00,0x00,0xf0,0x00,0x00,0x03,0xff,0xff,0xff,0xfc,0x00,0x2a,0xaa,0xfa,0xaa,0x80,0x00,0x00,0x0f,0x00,
0x00,0x05,0x55,0x55,0xf5,0x55,0x55,0xbf,0xff,0xff,0xff,0xff,0xe0,0x00,0x7c,0x00,0x00,0x00,0x00,0x0f,0x40,0x00,0x00,0x00,
0x02,0xff,0xff,0xff,0x40,0x01,0xfe,0xaa,0xaa,0xf0,0x00,0xbe,0xf4,0x00,0x7c,0x00,0x2f,0x43,0xe0,0x2f,0x00,0x00,0x80,0x0b,
0xdf,0x80,0x00,0x00,0x00,0x2f,0xe0,0x00,0x00,0x00,0x6f,0xef,0xe4,0x00,0x16,0xff,0x90,0x1b,0xfe,0x53,0xfa,0x40,0x00,0x06,
0xfd,0x14,0x00,0x00,0x00,0x00,0x40,
/* U+9ebb */
0x00,0x00,0x0a,0x00,0x00,0x00,0x00,0x00,0xb4,0x00,0x00,0x1a,0xaa,0xaf,0xea,0xaa,0x91,0xff,0xff,0xff,0xff,0xfd,0x1d,0x00,
0x00,0x00,0x00,0x01,0xd0,0x1d,0x00,0x0e,0x00,0x1d,0x01,0xd0,0x00,0xe0,0x01,0xd0,0x1d,0x00,0x0e,0x00,0x1d,0xbf,0xfe,0x7f,
0xff,0xc1,0xd6,0xbe,0xa6,0xbf,0xa8,0x1d,0x03,0xe0,0x03,0xf4,0x01,0xd0,0x7f,0x40,0x7f,0x80,0x1d,0x0b,0xec,0x0a,0xec,0x01,
0xd0,0xdd,0xa0,0xde,0x90,0x2c,0x1d,0xd7,0x68,0xe7,0x02,0xc3,0x9d,0x17,0x4e,0x34,0x2c,0x75,0xd0,0xb0,0xe2,0xc3,0x8e,0x1d,
0x2d,0x0e,0x0e,0x7a,0xc1,0xd2,0x80,0xe0,0xb7,0x44,0x1d,0x00,0x0e,0x01,0xb0,0x01,0xd0,0x00,0xe0,0x0a,0x00,0x1d,0x00,0x0e,
0x00,0x00,0x00,0x40,0x00,0x50,0x00,
/* U+9ec4 */
0x00,0x06,0x40,0x18,0x00,0x00,0x00,0x74,0x01,0xd0,0x00,0x0a,0xab,0xaa,0xae,0xaa,0x41,0xff,0xff,0xff,0xff,0xf4,0x00,0x07,
0x40,0x1d,0x00,0x00,0x00,0x74,0x01,0xd0,0x00,0xaa,0xaf,0xea,0xbf,0xaa,0xa6,0xaa,0xaa,0xfa,0xaa,0xa9,0x00,0x00,0x0f,0x00,
0x00,0x00,0x15,0x55,0xf5,0x55,0x40,0x03,0xff,0xff,0xff,0xfc,0x00,0x38,0x00,0xf0,0x02,0xc0,0x03,0x80,0x0f,0x00,0x2c,0x00,
0x3f,0xff,0xff,0xff,0xc0,0x03,0xd5,0x5f,0x55,0x7c,0x00,0x38,0x00,0xf0,0x02,0xc0,0x03,0xea,0xaf,0xaa,0xbc,0x00,0x3f,0xff,
0xff,0xff,0xc0,0x00,0x06,0x00,0x19,0x00,0x00,0x07,0xf4,0x02,0xfe,0x00,0x1b,0xf4,0x00,0x01,0xbe,0x47,0xe4,0x00,0x00,0x00,
0xbd,0x10,0x00,0x00,0x00,0x00,0x40,
/* U+9ece */
0x00,0x00,0x50,0x10,0x00,0x01,0xaa,0xff,0x0b,0x00,0x00,0x1a,0xbd,0x00,0xf5,0x55,0x40,0x03,0x80,0x1f,0xff,0xf8,0x2a,0xbe,
0xa2,0xc2,0xc3,0x82,0xab,0xea,0x74,0x38,0x38,0x00,0xfd,0x06,0x0b,0x03,0x80,0x7b,0xfd,0x01,0xe0,0x34,0x2e,0x38,0xb0,0x78,
0x07,0x47,0x83,0x81,0xa6,0x0f,0xf0,0x10,0x28,0x7a,0xd0,0x64,0x00,0x00,0x2e,0x0b,0x80,0x00,0x00,0x2f,0x41,0x1f,0x80,0x00,
0x6f,0x80,0xb0,0x2f,0x90,0x6f,0xbc,0x0b,0x03,0xef,0xd7,0x80,0xf0,0xb0,0xf4,0x19,0x00,0x02,0x0b,0x05,0x00,0x00,0x00,0x1c,
0xb1,0x80,0x00,0x00,0x1f,0x8b,0x1f,0x80,0x00,0x6f,0x80,0xb0,0x1f,0x90,0x1f,0x80,0x5f,0x00,0x1f,0x40,0x40,0x1f,0xe0,0x00,
0x10,0x00,0x00,0x50,0x00,0x00,0x00,
/* U+9ed1 */
0x06,0xaa,0xaa,0xaa,0xa9,0x00,0xbf,0xff,0xff,0xff,0xe0,0x0b,0x04,0x0a,0x01,0x0e,0x00,0xb1,0xd0,0xa0,0xb0,0xe0,0x0b,0x0b,
0x0a,0x0e,0x0e,0x00,0xb0,0x74,0xa2,0xc0,0xe0,0x0b,0x01,0x0a,0x04,0x0e,0x00,0xbf,0xff,0xff,0xff,0xe0,0x06,0xaa,0xaf,0xaa,
0xa9,0x00,0x00,0x00,0xf0,0x00,0x00,0x05,0x55,0x5f,0x55,0x55,0x00,0xff,0xff,0xff,0xff,0xf0,0x00,0x00,0x0f,0x00,0x00,0x00,
0x00,0x00,0xf0,0x00,0x00,0x7f,0xff,0xff,0xff,0xff,0xd6,0xaa,0xaa,0xaa,0xaa,0xa9,0x01,0x00,0x00,0x00,0x04,0x00,0x74,0x38,
0x0e,0x02,0xc0,0x0e,0x02,0xc0,0xb4,0x1f,0x01,0xd0,0x1d,0x03,0x80,0x78,0x38,0x00,0xe0,0x2c,0x02,0xc0,0x00,0x04,0x00,0x00,
0x00,
/* U+9ed4 */
0x00,0x00,0x00,0x01,0x40,0x02,0xaa,0xaa,0x00,0x7c,0x00,0x7a,0xba,0xb0,0x0a,0xe0,0x07,0x47,0x07,0x01,0xd7,0x40,0x76,0x73,
0x70,0x28,0x28,0x07,0x77,0x77,0x07,0x41,0xd0,0x77,0x76,0x71,0xe0,0x0b,0x47,0x57,0x57,0x7c,0x70,0x3c,0x79,0xb5,0xbb,0x43,
0x81,0xf7,0xff,0xff,0xa0,0x1e,0x06,0x00,0x70,0x00,0x00,0x50,0x01,0x5b,0x55,0x00,0x00,0x00,0x3f,0xff,0xf3,0xff,0xff,0x80,
0x07,0x00,0x2a,0xaa,0xb8,0x00,0x74,0x50,0x00,0x0b,0x06,0xff,0xff,0x40,0x00,0xe0,0x6a,0x95,0x40,0x00,0x2d,0x01,0x00,0x52,
0x00,0x03,0x80,0x35,0xca,0x38,0x00,0xb4,0x07,0x1c,0x72,0xc0,0x2d,0x00,0xb1,0xd7,0x5c,0x0b,0x40,0x0a,0x1d,0x20,0x01,0xd0,
0x00,
/* U+9ed8 */
0x00,0x00,0x00,0x01,0x80,0x06,0xaa,0xaa,0x80,0x2c,0x50,0x7a,0xba,0xad,0x02,0xcb,0x07,0x02,0x81,0xd0,0x2c,0x38,0x76,0x28,
0x9d,0x02,0xc1,0xd7,0x32,0x99,0xd0,0x2c,0x04,0x72,0x6a,0x5d,0x02,0xd0,0x07,0x06,0x91,0xdb,0xff,0xfd,0x7a,0xba,0xad,0x6b,
0xea,0x96,0xab,0xea,0x80,0x2d,0x00,0x00,0x38,0x00,0x03,0xe0,0x01,0x57,0x95,0x40,0x7e,0x00,0x7f,0xff,0xfc,0x07,0xb0,0x00,
0x03,0x80,0x00,0xb7,0x40,0x00,0x38,0x00,0x0b,0x28,0x06,0xab,0xff,0xd0,0xe1,0xc0,0x6a,0xa9,0x54,0x1d,0x1d,0x01,0x00,0x11,
0x43,0xc0,0xe0,0x35,0xc7,0x28,0x78,0x07,0x47,0x4d,0x75,0xcb,0x00,0x2c,0xb0,0xd3,0x8e,0xe0,0x01,0xea,0x0d,0x24,0x5c,0x00,
0x0a,0x50,0x40,0x00,0x00,0x00,0x00,
/* U+9edf */
0x00,0x00,0x00,0x01,0x80,0x02,0xaa,0xaa,0x40,0x78,0x00,0x7a,0xba,0xb4,0x0f,0xaa,0x47,0x43,0x43,0x42,0xff,0xf8,0x76,0x36,
0x75,0xf4,0x07,0x47,0x73,0x73,0x6d,0x01,0xe0,0x76,0x77,0x34,0x4d,0x3d,0x07,0x57,0x53,0x40,0x7f,0x40,0x7a,0xba,0xb4,0x07,
0xd0,0x02,0xaf,0xea,0x47,0xf5,0x40,0x00,0x74,0x02,0xf8,0x78,0x01,0x57,0x95,0x14,0x0f,0x40,0x3f,0xff,0xf4,0x02,0xff,0xe0,
0x07,0x40,0x02,0xf9,0x5e,0x00,0x74,0x55,0xfd,0x01,0xd6,0xbf,0xff,0x9d,0x10,0x38,0x6a,0xa5,0x50,0x0b,0x4b,0x41,0x04,0x53,
0x00,0x3e,0xd0,0x75,0xca,0x38,0x01,0xf8,0x07,0x1c,0x72,0xc0,0xbd,0x00,0xb1,0xd7,0x45,0xbe,0x00,0x0a,0x0d,0x20,0x3e,0x40,
0x00,0x10,0x00,0x01,0x00,0x00,0x00,
/* U+9f0e */
0x00,0x1f,0xff,0xff,0x80,0x01,0x07,0x55,0x55,0xe0,0x52,0xc1,0xc0,0x00,0x38,0x38,0xb0,0x7f,0xff,0xfe,0x0e,0x2c,0x1d,0x00,
0x07,0x83,0x8b,0x07,0x55,0x55,0xe0,0xe2,0xc1,0xff,0xff,0xf8,0x38,0xb0,0x70,0x00,0x0e,0x0e,0x2c,0x1e,0x55,0x5b,0x83,0x8b,
0x07,0xff,0xff,0xe0,0xe2,0xc0,0x00,0x00,0x00,0x38,0xba,0xaa,0x41,0xaa,0xae,0x2f,0xff,0xd0,0x7f,0xff,0x80,0x00,0x74,0x1d,
0x00,0x00,0x00,0x1d,0x07,0x40,0x02,0xff,0xff,0x41,0xff,0xff,0x6b,0xaa,0xd0,0x7a,0xab,0xc2,0xc0,0x74,0x1d,0x00,0xb0,0xe0,
0x1d,0x07,0x40,0x2c,0xf4,0x07,0x41,0xd0,0x0b,0xb4,0x01,0xd0,0x74,0x02,0xc4,0x00,0x10,0x14,0x00,0x50,
/* U+9f13 */
0x00,0x24,0x00,0x01,0x80,0x00,0x03,0x80,0x00,0x2c,0x00,0x6a,0xba,0xa4,0x02,0xc0,0x0b,0xff,0xff,0x80,0x2d,0x00,0x00,0x78,
0x02,0xff,0xff,0xd0,0x03,0x80,0x1a,0xae,0xa9,0x2a,0xba,0xa4,0x02,0xc0,0x03,0xff,0xff,0x40,0x2c,0x00,0x00,0x00,0x00,0x02,
0xc0,0x00,0x55,0x55,0x1a,0xae,0xa8,0x1f,0xff,0xe2,0xff,0xff,0xc1,0xd5,0x5e,0x07,0x40,0x38,0x1d,0x00,0xe0,0x38,0x07,0x41,
0xd5,0x5e,0x02,0xc0,0xb0,0x1f,0xff,0xe0,0x1d,0x1e,0x00,0x55,0x55,0x00,0xb2,0xc0,0x09,0x01,0xd0,0x07,0xf4,0x00,0xb0,0x2c,
0x00,0x2f,0x00,0x07,0x47,0x40,0x0b,0xf8,0x00,0x25,0xbb,0x86,0xe2,0xe4,0xaf,0xff,0xa6,0xf8,0x0b,0xeb,0xa5,0x40,0x79,0x00,
0x1e,0x00,0x00,0x01,0x00,0x00,0x00,
/* U+9f20 */
0x00,0x05,0x00,0x00,0x00,0x1a,0xaf,0xd1,0xaa,0xa9,0x0b,0xe9,0x40,0x6a,0xab,0x42,0xc0,0x00,0x00,0x01,0xd0,0xb5,0x55,0x01,
0x55,0xb4,0x2f,0xff,0xc1,0xff,0xfd,0x0b,0x40,0x00,0x00,0x07,0x42,0xc0,0x00,0x00,0x01,0xd0,0xbf,0xff,0xff,0xff,0xf4,0x1a,
0xaa,0xaa,0xaa,0xa9,0x01,0x00,0x01,0x00,0x04,0x02,0xd4,0x02,0xc4,0x07,0x40,0xb7,0xe4,0xb7,0xe5,0xd0,0x2d,0x1b,0x6c,0x6f,
0x74,0x0b,0x40,0x4b,0x00,0x0d,0x02,0xd9,0x02,0xc9,0x03,0x80,0xb6,0xf8,0xb6,0xf4,0xe0,0x2d,0x07,0x2c,0x1a,0x38,0x6b,0x40,
0x0b,0x00,0x0e,0x1e,0xd1,0x42,0xc1,0x52,0xca,0xbb,0xf0,0xfb,0xf8,0x3b,0x7e,0x90,0x3f,0x90,0x07,0xc0,0x00,0x04,0x00,0x00,
0x00,
/* U+9f50 */
0x00,0x00,0x18,0x00,0x00,0x00,0x00,0x02,0xd0,0x00,0x00,0x15,0x55,0x5e,0x55,0x55,0x43,0xff,0xff,0xff,0xff,0xfc,0x15,0xb9,
0x55,0x57,0xe5,0x40,0x02,0xd0,0x00,0xb4,0x00,0x00,0x0f,0x40,0x2e,0x00,0x00,0x00,0x2e,0x1b,0x40,0x00,0x00,0x00,0xbf,0xd0,
0x00,0x00,0x00,0x5b,0xfe,0x40,0x00,0x15,0xbf,0x91,0xbf,0xa9,0x5b,0xfe,0x40,0x00,0x6b,0xfe,0x54,0x04,0x00,0x01,0x00,0x50,
0x02,0xc0,0x00,0x38,0x00,0x00,0x2c,0x00,0x03,0x80,0x00,0x02,0xc0,0x00,0x38,0x00,0x00,0x38,0x00,0x03,0x80,0x00,0x07,0x80,
0x00,0x38,0x00,0x00,0xb4,0x00,0x03,0x80,0x00,0x2e,0x00,0x00,0x38,0x00,0x2f,0x80,0x00,0x03,0x80,0x03,0xd0,0x00,0x00,0x38,
0x00,0x00,0x00,0x00,0x01,0x40,0x00,
/* U+9f99 */
0x00,0x01,0x80,0x04,0x00,0x00,0x00,0x2c,0x01,0xf4,0x00,0x00,0x02,0xc0,0x07,0xd0,0x00,0x00,0x2c,0x00,0x0b,0x80,0x00,0x02,
0xc0,0x00,0x24,0x05,0x55,0x7d,0x55,0x55,0x55,0x7f,0xff,0xff,0xff,0xff,0xe1,0x55,0x7d,0x5e,0x55,0x55,0x00,0x03,0x80,0xe0,
0x00,0x00,0x00,0x74,0x0e,0x00,0x80,0x00,0x07,0x40,0xe0,0x2d,0x00,0x00,0xb0,0x0e,0x07,0x80,0x00,0x0f,0x00,0xe0,0xb4,0x00,
0x01,0xe0,0x0e,0x2d,0x00,0x00,0x3d,0x00,0xeb,0x80,0x00,0x07,0x80,0x0f,0xe0,0x00,0x00,0xf4,0x01,0xf8,0x00,0x90,0x2e,0x00,
0xbe,0x00,0x1d,0x0b,0xc0,0xbf,0xe0,0x01,0xd2,0xf4,0x3f,0x5e,0x00,0x1d,0xbd,0x01,0x40,0xfa,0xab,0xcb,0x40,0x00,0x07,0xff,
0xe4,
/* U+ff0c */
0x64,0xfc,0xbd,0x1c,0x28,0xa0,0x40,
};
static const lv_font_fmt_txt_glyph_dsc_t glyphs[]={
{0,0,0,0,0,0},
{.bitmap_index=0,.adv_w=107,.box_w=0,.box_h=0,.ofs_x=0,.ofs_y=0},
{.bitmap_index=0,.adv_w=99,.box_w=4,.box_h=17,.ofs_x=1,.ofs_y=0},
{.bitmap_index=17,.adv_w=164,.box_w=6,.box_h=6,.ofs_x=2,.ofs_y=11},
{.bitmap_index=26,.adv_w=214,.box_w=13,.box_h=17,.ofs_x=0,.ofs_y=0},
{.bitmap_index=82,.adv_w=214,.box_w=13,.box_h=22,.ofs_x=0,.ofs_y=-3},
{.bitmap_index=154,.adv_w=384,.box_w=20,.box_h=19,.ofs_x=2,.ofs_y=-1},
{.bitmap_index=249,.adv_w=242,.box_w=14,.box_h=18,.ofs_x=1,.ofs_y=-1},
{.bitmap_index=312,.adv_w=107,.box_w=2,.box_h=6,.ofs_x=2,.ofs_y=11},
{.bitmap_index=315,.adv_w=99,.box_w=6,.box_h=23,.ofs_x=1,.ofs_y=-5},
{.bitmap_index=350,.adv_w=99,.box_w=5,.box_h=23,.ofs_x=0,.ofs_y=-5},
{.bitmap_index=379,.adv_w=135,.box_w=8,.box_h=7,.ofs_x=0,.ofs_y=10},
{.bitmap_index=393,.adv_w=230,.box_w=13,.box_h=12,.ofs_x=1,.ofs_y=0},
{.bitmap_index=432,.adv_w=107,.box_w=3,.box_h=7,.ofs_x=2,.ofs_y=-4},
{.bitmap_index=438,.adv_w=149,.box_w=7,.box_h=3,.ofs_x=1,.ofs_y=5},
{.bitmap_index=444,.adv_w=107,.box_w=3,.box_h=3,.ofs_x=2,.ofs_y=0},
{.bitmap_index=447,.adv_w=128,.box_w=9,.box_h=19,.ofs_x=0,.ofs_y=-1},
{.bitmap_index=490,.adv_w=214,.box_w=12,.box_h=18,.ofs_x=1,.ofs_y=-1},
{.bitmap_index=544,.adv_w=214,.box_w=7,.box_h=17,.ofs_x=2,.ofs_y=0},
{.bitmap_index=574,.adv_w=214,.box_w=12,.box_h=17,.ofs_x=0,.ofs_y=0},
{.bitmap_index=625,.adv_w=214,.box_w=11,.box_h=18,.ofs_x=1,.ofs_y=-1},
{.bitmap_index=675,.adv_w=214,.box_w=13,.box_h=17,.ofs_x=0,.ofs_y=0},
{.bitmap_index=731,.adv_w=214,.box_w=12,.box_h=18,.ofs_x=1,.ofs_y=-1},
{.bitmap_index=785,.adv_w=214,.box_w=12,.box_h=18,.ofs_x=1,.ofs_y=-1},
{.bitmap_index=839,.adv_w=214,.box_w=12,.box_h=17,.ofs_x=1,.ofs_y=0},
{.bitmap_index=890,.adv_w=214,.box_w=12,.box_h=18,.ofs_x=1,.ofs_y=-1},
{.bitmap_index=944,.adv_w=214,.box_w=12,.box_h=18,.ofs_x=1,.ofs_y=-1},
{.bitmap_index=998,.adv_w=107,.box_w=3,.box_h=13,.ofs_x=2,.ofs_y=0},
{.bitmap_index=1008,.adv_w=107,.box_w=3,.box_h=17,.ofs_x=2,.ofs_y=-4},
{.bitmap_index=1021,.adv_w=230,.box_w=13,.box_h=12,.ofs_x=1,.ofs_y=0},
{.bitmap_index=1060,.adv_w=230,.box_w=13,.box_h=7,.ofs_x=1,.ofs_y=3},
{.bitmap_index=1083,.adv_w=230,.box_w=13,.box_h=12,.ofs_x=1,.ofs_y=0},
{.bitmap_index=1122,.adv_w=214,.box_w=11,.box_h=18,.ofs_x=1,.ofs_y=0},
{.bitmap_index=1172,.adv_w=307,.box_w=17,.box_h=19,.ofs_x=1,.ofs_y=-1},
{.bitmap_index=1253,.adv_w=249,.box_w=16,.box_h=17,.ofs_x=0,.ofs_y=0},
{.bitmap_index=1321,.adv_w=263,.box_w=14,.box_h=17,.ofs_x=2,.ofs_y=0},
{.bitmap_index=1381,.adv_w=277,.box_w=15,.box_h=19,.ofs_x=1,.ofs_y=-1},
{.bitmap_index=1453,.adv_w=270,.box_w=14,.box_h=17,.ofs_x=2,.ofs_y=0},
{.bitmap_index=1513,.adv_w=235,.box_w=12,.box_h=17,.ofs_x=2,.ofs_y=0},
{.bitmap_index=1564,.adv_w=220,.box_w=11,.box_h=17,.ofs_x=2,.ofs_y=0},
{.bitmap_index=1611,.adv_w=291,.box_w=16,.box_h=19,.ofs_x=1,.ofs_y=-1},
{.bitmap_index=1687,.adv_w=277,.box_w=14,.box_h=17,.ofs_x=2,.ofs_y=0},
{.bitmap_index=1747,.adv_w=99,.box_w=3,.box_h=17,.ofs_x=2,.ofs_y=0},
{.bitmap_index=1760,.adv_w=199,.box_w=11,.box_h=18,.ofs_x=0,.ofs_y=-1},
{.bitmap_index=1810,.adv_w=256,.box_w=14,.box_h=17,.ofs_x=2,.ofs_y=0},
{.bitmap_index=1870,.adv_w=214,.box_w=12,.box_h=17,.ofs_x=2,.ofs_y=0},
{.bitmap_index=1921,.adv_w=334,.box_w=17,.box_h=17,.ofs_x=2,.ofs_y=0},
{.bitmap_index=1994,.adv_w=277,.box_w=14,.box_h=17,.ofs_x=2,.ofs_y=0},
{.bitmap_index=2054,.adv_w=292,.box_w=17,.box_h=19,.ofs_x=1,.ofs_y=-1},
{.bitmap_index=2135,.adv_w=249,.box_w=13,.box_h=17,.ofs_x=2,.ofs_y=0},
{.bitmap_index=2191,.adv_w=292,.box_w=17,.box_h=20,.ofs_x=1,.ofs_y=-2},
{.bitmap_index=2276,.adv_w=263,.box_w=14,.box_h=17,.ofs_x=2,.ofs_y=0},
{.bitmap_index=2336,.adv_w=249,.box_w=14,.box_h=19,.ofs_x=1,.ofs_y=-1},
{.bitmap_index=2403,.adv_w=220,.box_w=14,.box_h=17,.ofs_x=0,.ofs_y=0},
{.bitmap_index=2463,.adv_w=277,.box_w=15,.box_h=18,.ofs_x=1,.ofs_y=-1},
{.bitmap_index=2531,.adv_w=235,.box_w=15,.box_h=17,.ofs_x=0,.ofs_y=0},
{.bitmap_index=2595,.adv_w=356,.box_w=22,.box_h=17,.ofs_x=0,.ofs_y=0},
{.bitmap_index=2689,.adv_w=235,.box_w=15,.box_h=17,.ofs_x=0,.ofs_y=0},
{.bitmap_index=2753,.adv_w=249,.box_w=15,.box_h=17,.ofs_x=0,.ofs_y=0},
{.bitmap_index=2817,.adv_w=235,.box_w=14,.box_h=17,.ofs_x=0,.ofs_y=0},
{.bitmap_index=2877,.adv_w=99,.box_w=6,.box_h=23,.ofs_x=1,.ofs_y=-5},
{.bitmap_index=2912,.adv_w=128,.box_w=8,.box_h=19,.ofs_x=0,.ofs_y=-1},
{.bitmap_index=2950,.adv_w=99,.box_w=5,.box_h=23,.ofs_x=0,.ofs_y=-5},
{.bitmap_index=2979,.adv_w=230,.box_w=12,.box_h=11,.ofs_x=1,.ofs_y=6},
{.bitmap_index=3012,.adv_w=192,.box_w=12,.box_h=2,.ofs_x=0,.ofs_y=-3},
{.bitmap_index=3018,.adv_w=85,.box_w=5,.box_h=5,.ofs_x=-1,.ofs_y=14},
{.bitmap_index=3025,.adv_w=206,.box_w=12,.box_h=14,.ofs_x=1,.ofs_y=-1},
{.bitmap_index=3067,.adv_w=228,.box_w=13,.box_h=18,.ofs_x=1,.ofs_y=-1},
{.bitmap_index=3126,.adv_w=206,.box_w=11,.box_h=14,.ofs_x=1,.ofs_y=-1},
{.bitmap_index=3165,.adv_w=228,.box_w=12,.box_h=18,.ofs_x=1,.ofs_y=-1},
{.bitmap_index=3219,.adv_w=206,.box_w=12,.box_h=14,.ofs_x=1,.ofs_y=-1},
{.bitmap_index=3261,.adv_w=114,.box_w=7,.box_h=18,.ofs_x=0,.ofs_y=0},
{.bitmap_index=3293,.adv_w=220,.box_w=12,.box_h=18,.ofs_x=1,.ofs_y=-5},
{.bitmap_index=3347,.adv_w=214,.box_w=11,.box_h=17,.ofs_x=1,.ofs_y=0},
{.bitmap_index=3394,.adv_w=85,.box_w=3,.box_h=17,.ofs_x=1,.ofs_y=0},
{.bitmap_index=3407,.adv_w=85,.box_w=5,.box_h=22,.ofs_x=-1,.ofs_y=-5},
{.bitmap_index=3435,.adv_w=199,.box_w=11,.box_h=17,.ofs_x=1,.ofs_y=0},
{.bitmap_index=3482,.adv_w=85,.box_w=3,.box_h=17,.ofs_x=1,.ofs_y=0},
{.bitmap_index=3495,.adv_w=328,.box_w=18,.box_h=13,.ofs_x=1,.ofs_y=0},
{.bitmap_index=3554,.adv_w=214,.box_w=11,.box_h=13,.ofs_x=1,.ofs_y=0},
{.bitmap_index=3590,.adv_w=220,.box_w=12,.box_h=14,.ofs_x=1,.ofs_y=-1},
{.bitmap_index=3632,.adv_w=228,.box_w=13,.box_h=18,.ofs_x=1,.ofs_y=-5},
{.bitmap_index=3691,.adv_w=228,.box_w=12,.box_h=18,.ofs_x=1,.ofs_y=-5},
{.bitmap_index=3745,.adv_w=128,.box_w=7,.box_h=13,.ofs_x=1,.ofs_y=0},
{.bitmap_index=3768,.adv_w=192,.box_w=11,.box_h=14,.ofs_x=1,.ofs_y=-1},
{.bitmap_index=3807,.adv_w=121,.box_w=7,.box_h=16,.ofs_x=0,.ofs_y=0},
{.bitmap_index=3835,.adv_w=214,.box_w=11,.box_h=14,.ofs_x=1,.ofs_y=-1},
{.bitmap_index=3874,.adv_w=192,.box_w=12,.box_h=13,.ofs_x=0,.ofs_y=0},
{.bitmap_index=3913,.adv_w=291,.box_w=18,.box_h=13,.ofs_x=0,.ofs_y=0},
{.bitmap_index=3972,.adv_w=199,.box_w=12,.box_h=13,.ofs_x=0,.ofs_y=0},
{.bitmap_index=4011,.adv_w=192,.box_w=12,.box_h=18,.ofs_x=0,.ofs_y=-5},
{.bitmap_index=4065,.adv_w=184,.box_w=11,.box_h=13,.ofs_x=0,.ofs_y=0},
{.bitmap_index=4101,.adv_w=128,.box_w=7,.box_h=23,.ofs_x=1,.ofs_y=-5},
{.bitmap_index=4142,.adv_w=85,.box_w=2,.box_h=24,.ofs_x=2,.ofs_y=-5},
{.bitmap_index=4154,.adv_w=128,.box_w=7,.box_h=23,.ofs_x=0,.ofs_y=-5},
{.bitmap_index=4195,.adv_w=230,.box_w=12,.box_h=4,.ofs_x=1,.ofs_y=6},
{.bitmap_index=4207,.adv_w=107,.box_w=3,.box_h=3,.ofs_x=2,.ofs_y=6},
{.bitmap_index=4210,.adv_w=230,.box_w=11,.box_h=12,.ofs_x=2,.ofs_y=0},
{.bitmap_index=4243,.adv_w=384,.box_w=20,.box_h=3,.ofs_x=2,.ofs_y=0},
{.bitmap_index=4258,.adv_w=384,.box_w=22,.box_h=2,.ofs_x=1,.ofs_y=8},
{.bitmap_index=4269,.adv_w=384,.box_w=22,.box_h=21,.ofs_x=1,.ofs_y=-3},
{.bitmap_index=4385,.adv_w=384,.box_w=22,.box_h=22,.ofs_x=1,.ofs_y=-2},
{.bitmap_index=4506,.adv_w=384,.box_w=22,.box_h=20,.ofs_x=1,.ofs_y=-2},
{.bitmap_index=4616,.adv_w=384,.box_w=22,.box_h=23,.ofs_x=1,.ofs_y=-3},
{.bitmap_index=4743,.adv_w=384,.box_w=22,.box_h=19,.ofs_x=1,.ofs_y=-1},
{.bitmap_index=4848,.adv_w=384,.box_w=22,.box_h=22,.ofs_x=1,.ofs_y=-2},
{.bitmap_index=4969,.adv_w=384,.box_w=22,.box_h=22,.ofs_x=1,.ofs_y=-3},
{.bitmap_index=5090,.adv_w=384,.box_w=22,.box_h=22,.ofs_x=1,.ofs_y=-3},
{.bitmap_index=5211,.adv_w=384,.box_w=21,.box_h=22,.ofs_x=1,.ofs_y=-2},
{.bitmap_index=5327,.adv_w=384,.box_w=22,.box_h=21,.ofs_x=1,.ofs_y=-2},
{.bitmap_index=5443,.adv_w=384,.box_w=22,.box_h=21,.ofs_x=1,.ofs_y=-2},
{.bitmap_index=5559,.adv_w=384,.box_w=22,.box_h=22,.ofs_x=1,.ofs_y=-2},
{.bitmap_index=5680,.adv_w=384,.box_w=22,.box_h=22,.ofs_x=1,.ofs_y=-2},
{.bitmap_index=5801,.adv_w=384,.box_w=22,.box_h=23,.ofs_x=1,.ofs_y=-3},
{.bitmap_index=5928,.adv_w=384,.box_w=22,.box_h=22,.ofs_x=1,.ofs_y=-3},
{.bitmap_index=6049,.adv_w=384,.box_w=22,.box_h=23,.ofs_x=1,.ofs_y=-3},
{.bitmap_index=6176,.adv_w=384,.box_w=20,.box_h=23,.ofs_x=2,.ofs_y=-3},
{.bitmap_index=6291,.adv_w=384,.box_w=22,.box_h=23,.ofs_x=1,.ofs_y=-3},
{.bitmap_index=6418,.adv_w=384,.box_w=21,.box_h=23,.ofs_x=2,.ofs_y=-3},
{.bitmap_index=6539,.adv_w=384,.box_w=22,.box_h=21,.ofs_x=1,.ofs_y=-2},
{.bitmap_index=6655,.adv_w=384,.box_w=21,.box_h=23,.ofs_x=1,.ofs_y=-3},
{.bitmap_index=6776,.adv_w=384,.box_w=22,.box_h=22,.ofs_x=1,.ofs_y=-2},
{.bitmap_index=6897,.adv_w=384,.box_w=22,.box_h=22,.ofs_x=1,.ofs_y=-3},
{.bitmap_index=7018,.adv_w=384,.box_w=21,.box_h=21,.ofs_x=1,.ofs_y=-2},
{.bitmap_index=7129,.adv_w=384,.box_w=22,.box_h=22,.ofs_x=1,.ofs_y=-2},
{.bitmap_index=7250,.adv_w=384,.box_w=22,.box_h=23,.ofs_x=1,.ofs_y=-3},
{.bitmap_index=7377,.adv_w=384,.box_w=22,.box_h=22,.ofs_x=1,.ofs_y=-2},
{.bitmap_index=7498,.adv_w=384,.box_w=20,.box_h=23,.ofs_x=1,.ofs_y=-3},
{.bitmap_index=7613,.adv_w=384,.box_w=21,.box_h=23,.ofs_x=1,.ofs_y=-3},
{.bitmap_index=7734,.adv_w=384,.box_w=22,.box_h=22,.ofs_x=1,.ofs_y=-2},
{.bitmap_index=7855,.adv_w=384,.box_w=19,.box_h=21,.ofs_x=2,.ofs_y=-3},
{.bitmap_index=7955,.adv_w=384,.box_w=18,.box_h=23,.ofs_x=3,.ofs_y=-3},
{.bitmap_index=8059,.adv_w=384,.box_w=22,.box_h=23,.ofs_x=1,.ofs_y=-3},
{.bitmap_index=8186,.adv_w=384,.box_w=22,.box_h=23,.ofs_x=1,.ofs_y=-3},
{.bitmap_index=8313,.adv_w=384,.box_w=22,.box_h=23,.ofs_x=1,.ofs_y=-3},
{.bitmap_index=8440,.adv_w=384,.box_w=22,.box_h=17,.ofs_x=1,.ofs_y=0},
{.bitmap_index=8534,.adv_w=384,.box_w=22,.box_h=21,.ofs_x=1,.ofs_y=-2},
{.bitmap_index=8650,.adv_w=384,.box_w=22,.box_h=22,.ofs_x=1,.ofs_y=-3},
{.bitmap_index=8771,.adv_w=384,.box_w=22,.box_h=21,.ofs_x=1,.ofs_y=-2},
{.bitmap_index=8887,.adv_w=384,.box_w=22,.box_h=21,.ofs_x=1,.ofs_y=-2},
{.bitmap_index=9003,.adv_w=384,.box_w=22,.box_h=23,.ofs_x=1,.ofs_y=-3},
{.bitmap_index=9130,.adv_w=384,.box_w=22,.box_h=21,.ofs_x=1,.ofs_y=-2},
{.bitmap_index=9246,.adv_w=384,.box_w=22,.box_h=23,.ofs_x=1,.ofs_y=-3},
{.bitmap_index=9373,.adv_w=384,.box_w=22,.box_h=23,.ofs_x=1,.ofs_y=-3},
{.bitmap_index=9500,.adv_w=384,.box_w=22,.box_h=23,.ofs_x=1,.ofs_y=-3},
{.bitmap_index=9627,.adv_w=384,.box_w=20,.box_h=23,.ofs_x=2,.ofs_y=-3},
{.bitmap_index=9742,.adv_w=384,.box_w=22,.box_h=23,.ofs_x=1,.ofs_y=-3},
{.bitmap_index=9869,.adv_w=384,.box_w=22,.box_h=22,.ofs_x=1,.ofs_y=-2},
{.bitmap_index=9990,.adv_w=384,.box_w=22,.box_h=23,.ofs_x=1,.ofs_y=-3},
{.bitmap_index=10117,.adv_w=384,.box_w=22,.box_h=23,.ofs_x=1,.ofs_y=-3},
{.bitmap_index=10244,.adv_w=384,.box_w=22,.box_h=23,.ofs_x=1,.ofs_y=-3},
{.bitmap_index=10371,.adv_w=384,.box_w=22,.box_h=23,.ofs_x=1,.ofs_y=-3},
{.bitmap_index=10498,.adv_w=384,.box_w=22,.box_h=22,.ofs_x=1,.ofs_y=-2},
{.bitmap_index=10619,.adv_w=384,.box_w=22,.box_h=22,.ofs_x=1,.ofs_y=-2},
{.bitmap_index=10740,.adv_w=384,.box_w=22,.box_h=22,.ofs_x=1,.ofs_y=-2},
{.bitmap_index=10861,.adv_w=384,.box_w=22,.box_h=23,.ofs_x=1,.ofs_y=-3},
{.bitmap_index=10988,.adv_w=384,.box_w=21,.box_h=23,.ofs_x=1,.ofs_y=-3},
{.bitmap_index=11109,.adv_w=384,.box_w=22,.box_h=23,.ofs_x=1,.ofs_y=-3},
{.bitmap_index=11236,.adv_w=384,.box_w=22,.box_h=22,.ofs_x=1,.ofs_y=-2},
{.bitmap_index=11357,.adv_w=384,.box_w=22,.box_h=23,.ofs_x=1,.ofs_y=-3},
{.bitmap_index=11484,.adv_w=384,.box_w=21,.box_h=23,.ofs_x=1,.ofs_y=-3},
{.bitmap_index=11605,.adv_w=384,.box_w=21,.box_h=23,.ofs_x=1,.ofs_y=-3},
{.bitmap_index=11726,.adv_w=384,.box_w=22,.box_h=23,.ofs_x=1,.ofs_y=-3},
{.bitmap_index=11853,.adv_w=384,.box_w=22,.box_h=23,.ofs_x=1,.ofs_y=-3},
{.bitmap_index=11980,.adv_w=384,.box_w=22,.box_h=23,.ofs_x=1,.ofs_y=-3},
{.bitmap_index=12107,.adv_w=384,.box_w=22,.box_h=23,.ofs_x=1,.ofs_y=-3},
{.bitmap_index=12234,.adv_w=384,.box_w=22,.box_h=23,.ofs_x=1,.ofs_y=-3},
{.bitmap_index=12361,.adv_w=384,.box_w=22,.box_h=23,.ofs_x=1,.ofs_y=-3},
{.bitmap_index=12488,.adv_w=384,.box_w=22,.box_h=22,.ofs_x=1,.ofs_y=-2},
{.bitmap_index=12609,.adv_w=384,.box_w=22,.box_h=23,.ofs_x=1,.ofs_y=-3},
{.bitmap_index=12736,.adv_w=384,.box_w=22,.box_h=23,.ofs_x=1,.ofs_y=-3},
{.bitmap_index=12863,.adv_w=384,.box_w=22,.box_h=23,.ofs_x=1,.ofs_y=-3},
{.bitmap_index=12990,.adv_w=384,.box_w=21,.box_h=23,.ofs_x=1,.ofs_y=-3},
{.bitmap_index=13111,.adv_w=384,.box_w=21,.box_h=23,.ofs_x=1,.ofs_y=-3},
{.bitmap_index=13232,.adv_w=384,.box_w=22,.box_h=23,.ofs_x=1,.ofs_y=-3},
{.bitmap_index=13359,.adv_w=384,.box_w=22,.box_h=23,.ofs_x=1,.ofs_y=-3},
{.bitmap_index=13486,.adv_w=384,.box_w=22,.box_h=23,.ofs_x=1,.ofs_y=-3},
{.bitmap_index=13613,.adv_w=384,.box_w=22,.box_h=22,.ofs_x=1,.ofs_y=-2},
{.bitmap_index=13734,.adv_w=384,.box_w=22,.box_h=23,.ofs_x=1,.ofs_y=-3},
{.bitmap_index=13861,.adv_w=384,.box_w=22,.box_h=23,.ofs_x=1,.ofs_y=-3},
{.bitmap_index=13988,.adv_w=384,.box_w=22,.box_h=23,.ofs_x=1,.ofs_y=-3},
{.bitmap_index=14115,.adv_w=384,.box_w=22,.box_h=23,.ofs_x=1,.ofs_y=-3},
{.bitmap_index=14242,.adv_w=384,.box_w=22,.box_h=23,.ofs_x=1,.ofs_y=-3},
{.bitmap_index=14369,.adv_w=384,.box_w=22,.box_h=23,.ofs_x=1,.ofs_y=-3},
{.bitmap_index=14496,.adv_w=384,.box_w=22,.box_h=23,.ofs_x=1,.ofs_y=-3},
{.bitmap_index=14623,.adv_w=384,.box_w=22,.box_h=23,.ofs_x=1,.ofs_y=-3},
{.bitmap_index=14750,.adv_w=384,.box_w=21,.box_h=23,.ofs_x=1,.ofs_y=-3},
{.bitmap_index=14871,.adv_w=384,.box_w=22,.box_h=23,.ofs_x=1,.ofs_y=-3},
{.bitmap_index=14998,.adv_w=384,.box_w=21,.box_h=23,.ofs_x=1,.ofs_y=-3},
{.bitmap_index=15119,.adv_w=384,.box_w=22,.box_h=23,.ofs_x=1,.ofs_y=-3},
{.bitmap_index=15246,.adv_w=384,.box_w=22,.box_h=23,.ofs_x=1,.ofs_y=-3},
{.bitmap_index=15373,.adv_w=384,.box_w=22,.box_h=21,.ofs_x=1,.ofs_y=-2},
{.bitmap_index=15489,.adv_w=384,.box_w=22,.box_h=22,.ofs_x=1,.ofs_y=-3},
{.bitmap_index=15610,.adv_w=384,.box_w=21,.box_h=22,.ofs_x=2,.ofs_y=-2},
{.bitmap_index=15726,.adv_w=384,.box_w=22,.box_h=23,.ofs_x=1,.ofs_y=-3},
{.bitmap_index=15853,.adv_w=384,.box_w=22,.box_h=22,.ofs_x=1,.ofs_y=-2},
{.bitmap_index=15974,.adv_w=384,.box_w=22,.box_h=23,.ofs_x=1,.ofs_y=-3},
{.bitmap_index=16101,.adv_w=384,.box_w=21,.box_h=22,.ofs_x=2,.ofs_y=-2},
{.bitmap_index=16217,.adv_w=384,.box_w=22,.box_h=23,.ofs_x=1,.ofs_y=-3},
{.bitmap_index=16344,.adv_w=384,.box_w=22,.box_h=22,.ofs_x=1,.ofs_y=-2},
{.bitmap_index=16465,.adv_w=384,.box_w=22,.box_h=22,.ofs_x=1,.ofs_y=-2},
{.bitmap_index=16586,.adv_w=384,.box_w=22,.box_h=21,.ofs_x=1,.ofs_y=-2},
{.bitmap_index=16702,.adv_w=384,.box_w=22,.box_h=23,.ofs_x=1,.ofs_y=-3},
{.bitmap_index=16829,.adv_w=384,.box_w=22,.box_h=22,.ofs_x=1,.ofs_y=-2},
{.bitmap_index=16950,.adv_w=384,.box_w=22,.box_h=22,.ofs_x=1,.ofs_y=-2},
{.bitmap_index=17071,.adv_w=384,.box_w=22,.box_h=22,.ofs_x=1,.ofs_y=-2},
{.bitmap_index=17192,.adv_w=384,.box_w=22,.box_h=23,.ofs_x=1,.ofs_y=-3},
{.bitmap_index=17319,.adv_w=384,.box_w=22,.box_h=22,.ofs_x=1,.ofs_y=-2},
{.bitmap_index=17440,.adv_w=384,.box_w=22,.box_h=23,.ofs_x=1,.ofs_y=-3},
{.bitmap_index=17567,.adv_w=384,.box_w=22,.box_h=22,.ofs_x=1,.ofs_y=-2},
{.bitmap_index=17688,.adv_w=384,.box_w=22,.box_h=23,.ofs_x=1,.ofs_y=-3},
{.bitmap_index=17815,.adv_w=384,.box_w=20,.box_h=23,.ofs_x=2,.ofs_y=-3},
{.bitmap_index=17930,.adv_w=384,.box_w=20,.box_h=22,.ofs_x=2,.ofs_y=-3},
{.bitmap_index=18040,.adv_w=384,.box_w=22,.box_h=21,.ofs_x=1,.ofs_y=-2},
{.bitmap_index=18156,.adv_w=384,.box_w=22,.box_h=22,.ofs_x=1,.ofs_y=-3},
{.bitmap_index=18277,.adv_w=384,.box_w=21,.box_h=22,.ofs_x=2,.ofs_y=-3},
{.bitmap_index=18393,.adv_w=384,.box_w=22,.box_h=22,.ofs_x=1,.ofs_y=-3},
{.bitmap_index=18514,.adv_w=384,.box_w=22,.box_h=22,.ofs_x=1,.ofs_y=-2},
{.bitmap_index=18635,.adv_w=384,.box_w=22,.box_h=21,.ofs_x=1,.ofs_y=-2},
{.bitmap_index=18751,.adv_w=384,.box_w=21,.box_h=23,.ofs_x=1,.ofs_y=-3},
{.bitmap_index=18872,.adv_w=384,.box_w=22,.box_h=23,.ofs_x=1,.ofs_y=-3},
{.bitmap_index=18999,.adv_w=384,.box_w=22,.box_h=23,.ofs_x=1,.ofs_y=-3},
{.bitmap_index=19126,.adv_w=384,.box_w=22,.box_h=23,.ofs_x=1,.ofs_y=-3},
{.bitmap_index=19253,.adv_w=384,.box_w=22,.box_h=23,.ofs_x=1,.ofs_y=-3},
{.bitmap_index=19380,.adv_w=384,.box_w=22,.box_h=23,.ofs_x=1,.ofs_y=-3},
{.bitmap_index=19507,.adv_w=384,.box_w=22,.box_h=21,.ofs_x=1,.ofs_y=-2},
{.bitmap_index=19623,.adv_w=384,.box_w=22,.box_h=23,.ofs_x=1,.ofs_y=-3},
{.bitmap_index=19750,.adv_w=384,.box_w=22,.box_h=22,.ofs_x=1,.ofs_y=-2},
{.bitmap_index=19871,.adv_w=384,.box_w=22,.box_h=21,.ofs_x=1,.ofs_y=-2},
{.bitmap_index=19987,.adv_w=384,.box_w=22,.box_h=23,.ofs_x=1,.ofs_y=-3},
{.bitmap_index=20114,.adv_w=384,.box_w=19,.box_h=20,.ofs_x=2,.ofs_y=-2},
{.bitmap_index=20209,.adv_w=384,.box_w=22,.box_h=23,.ofs_x=1,.ofs_y=-3},
{.bitmap_index=20336,.adv_w=384,.box_w=22,.box_h=23,.ofs_x=1,.ofs_y=-3},
{.bitmap_index=20463,.adv_w=384,.box_w=21,.box_h=23,.ofs_x=1,.ofs_y=-3},
{.bitmap_index=20584,.adv_w=384,.box_w=20,.box_h=23,.ofs_x=2,.ofs_y=-3},
{.bitmap_index=20699,.adv_w=384,.box_w=21,.box_h=23,.ofs_x=1,.ofs_y=-3},
{.bitmap_index=20820,.adv_w=384,.box_w=21,.box_h=23,.ofs_x=1,.ofs_y=-3},
{.bitmap_index=20941,.adv_w=384,.box_w=21,.box_h=23,.ofs_x=1,.ofs_y=-3},
{.bitmap_index=21062,.adv_w=384,.box_w=22,.box_h=23,.ofs_x=1,.ofs_y=-3},
{.bitmap_index=21189,.adv_w=384,.box_w=21,.box_h=23,.ofs_x=1,.ofs_y=-3},
{.bitmap_index=21310,.adv_w=384,.box_w=19,.box_h=23,.ofs_x=2,.ofs_y=-3},
{.bitmap_index=21420,.adv_w=384,.box_w=21,.box_h=22,.ofs_x=1,.ofs_y=-2},
{.bitmap_index=21536,.adv_w=384,.box_w=22,.box_h=23,.ofs_x=1,.ofs_y=-3},
{.bitmap_index=21663,.adv_w=384,.box_w=21,.box_h=22,.ofs_x=1,.ofs_y=-2},
{.bitmap_index=21779,.adv_w=384,.box_w=22,.box_h=23,.ofs_x=1,.ofs_y=-3},
{.bitmap_index=21906,.adv_w=384,.box_w=22,.box_h=22,.ofs_x=1,.ofs_y=-2},
{.bitmap_index=22027,.adv_w=384,.box_w=21,.box_h=23,.ofs_x=1,.ofs_y=-3},
{.bitmap_index=22148,.adv_w=384,.box_w=21,.box_h=22,.ofs_x=1,.ofs_y=-2},
{.bitmap_index=22264,.adv_w=384,.box_w=22,.box_h=22,.ofs_x=1,.ofs_y=-2},
{.bitmap_index=22385,.adv_w=384,.box_w=21,.box_h=22,.ofs_x=1,.ofs_y=-2},
{.bitmap_index=22501,.adv_w=384,.box_w=21,.box_h=23,.ofs_x=1,.ofs_y=-3},
{.bitmap_index=22622,.adv_w=384,.box_w=21,.box_h=22,.ofs_x=1,.ofs_y=-2},
{.bitmap_index=22738,.adv_w=384,.box_w=21,.box_h=23,.ofs_x=1,.ofs_y=-3},
{.bitmap_index=22859,.adv_w=384,.box_w=20,.box_h=23,.ofs_x=2,.ofs_y=-3},
{.bitmap_index=22974,.adv_w=384,.box_w=22,.box_h=22,.ofs_x=1,.ofs_y=-2},
{.bitmap_index=23095,.adv_w=384,.box_w=22,.box_h=23,.ofs_x=1,.ofs_y=-3},
{.bitmap_index=23222,.adv_w=384,.box_w=22,.box_h=23,.ofs_x=1,.ofs_y=-3},
{.bitmap_index=23349,.adv_w=384,.box_w=21,.box_h=21,.ofs_x=2,.ofs_y=-2},
{.bitmap_index=23460,.adv_w=384,.box_w=22,.box_h=23,.ofs_x=1,.ofs_y=-3},
{.bitmap_index=23587,.adv_w=384,.box_w=22,.box_h=22,.ofs_x=1,.ofs_y=-3},
{.bitmap_index=23708,.adv_w=384,.box_w=22,.box_h=23,.ofs_x=1,.ofs_y=-3},
{.bitmap_index=23835,.adv_w=384,.box_w=22,.box_h=23,.ofs_x=1,.ofs_y=-3},
{.bitmap_index=23962,.adv_w=384,.box_w=22,.box_h=23,.ofs_x=1,.ofs_y=-3},
{.bitmap_index=24089,.adv_w=384,.box_w=22,.box_h=23,.ofs_x=1,.ofs_y=-3},
{.bitmap_index=24216,.adv_w=384,.box_w=22,.box_h=23,.ofs_x=1,.ofs_y=-3},
{.bitmap_index=24343,.adv_w=384,.box_w=22,.box_h=23,.ofs_x=1,.ofs_y=-3},
{.bitmap_index=24470,.adv_w=384,.box_w=22,.box_h=23,.ofs_x=1,.ofs_y=-3},
{.bitmap_index=24597,.adv_w=384,.box_w=21,.box_h=23,.ofs_x=2,.ofs_y=-3},
{.bitmap_index=24718,.adv_w=384,.box_w=22,.box_h=21,.ofs_x=1,.ofs_y=-2},
{.bitmap_index=24834,.adv_w=384,.box_w=20,.box_h=23,.ofs_x=2,.ofs_y=-3},
{.bitmap_index=24949,.adv_w=384,.box_w=21,.box_h=22,.ofs_x=1,.ofs_y=-3},
{.bitmap_index=25065,.adv_w=384,.box_w=21,.box_h=21,.ofs_x=1,.ofs_y=-2},
{.bitmap_index=25176,.adv_w=384,.box_w=22,.box_h=21,.ofs_x=1,.ofs_y=-2},
{.bitmap_index=25292,.adv_w=384,.box_w=22,.box_h=22,.ofs_x=1,.ofs_y=-3},
{.bitmap_index=25413,.adv_w=384,.box_w=22,.box_h=22,.ofs_x=1,.ofs_y=-3},
{.bitmap_index=25534,.adv_w=384,.box_w=22,.box_h=22,.ofs_x=1,.ofs_y=-3},
{.bitmap_index=25655,.adv_w=384,.box_w=22,.box_h=22,.ofs_x=1,.ofs_y=-3},
{.bitmap_index=25776,.adv_w=384,.box_w=22,.box_h=22,.ofs_x=1,.ofs_y=-2},
{.bitmap_index=25897,.adv_w=384,.box_w=22,.box_h=21,.ofs_x=1,.ofs_y=-2},
{.bitmap_index=26013,.adv_w=384,.box_w=22,.box_h=23,.ofs_x=1,.ofs_y=-3},
{.bitmap_index=26140,.adv_w=384,.box_w=22,.box_h=23,.ofs_x=1,.ofs_y=-3},
{.bitmap_index=26267,.adv_w=384,.box_w=22,.box_h=22,.ofs_x=1,.ofs_y=-3},
{.bitmap_index=26388,.adv_w=384,.box_w=22,.box_h=23,.ofs_x=1,.ofs_y=-3},
{.bitmap_index=26515,.adv_w=384,.box_w=22,.box_h=23,.ofs_x=1,.ofs_y=-3},
{.bitmap_index=26642,.adv_w=384,.box_w=22,.box_h=21,.ofs_x=1,.ofs_y=-2},
{.bitmap_index=26758,.adv_w=384,.box_w=18,.box_h=19,.ofs_x=3,.ofs_y=-2},
{.bitmap_index=26844,.adv_w=384,.box_w=22,.box_h=23,.ofs_x=1,.ofs_y=-3},
{.bitmap_index=26971,.adv_w=384,.box_w=21,.box_h=23,.ofs_x=1,.ofs_y=-3},
{.bitmap_index=27092,.adv_w=384,.box_w=20,.box_h=22,.ofs_x=1,.ofs_y=-3},
{.bitmap_index=27202,.adv_w=384,.box_w=22,.box_h=22,.ofs_x=1,.ofs_y=-3},
{.bitmap_index=27323,.adv_w=384,.box_w=21,.box_h=23,.ofs_x=2,.ofs_y=-3},
{.bitmap_index=27444,.adv_w=384,.box_w=22,.box_h=23,.ofs_x=1,.ofs_y=-3},
{.bitmap_index=27571,.adv_w=384,.box_w=21,.box_h=23,.ofs_x=2,.ofs_y=-3},
{.bitmap_index=27692,.adv_w=384,.box_w=22,.box_h=23,.ofs_x=1,.ofs_y=-3},
{.bitmap_index=27819,.adv_w=384,.box_w=22,.box_h=23,.ofs_x=1,.ofs_y=-3},
{.bitmap_index=27946,.adv_w=384,.box_w=20,.box_h=22,.ofs_x=2,.ofs_y=-3},
{.bitmap_index=28056,.adv_w=384,.box_w=20,.box_h=23,.ofs_x=1,.ofs_y=-3},
{.bitmap_index=28171,.adv_w=384,.box_w=22,.box_h=23,.ofs_x=1,.ofs_y=-3},
{.bitmap_index=28298,.adv_w=384,.box_w=21,.box_h=22,.ofs_x=2,.ofs_y=-2},
{.bitmap_index=28414,.adv_w=384,.box_w=20,.box_h=23,.ofs_x=2,.ofs_y=-3},
{.bitmap_index=28529,.adv_w=384,.box_w=18,.box_h=22,.ofs_x=3,.ofs_y=-3},
{.bitmap_index=28628,.adv_w=384,.box_w=22,.box_h=22,.ofs_x=1,.ofs_y=-3},
{.bitmap_index=28749,.adv_w=384,.box_w=22,.box_h=23,.ofs_x=1,.ofs_y=-3},
{.bitmap_index=28876,.adv_w=384,.box_w=21,.box_h=22,.ofs_x=2,.ofs_y=-3},
{.bitmap_index=28992,.adv_w=384,.box_w=21,.box_h=23,.ofs_x=1,.ofs_y=-3},
{.bitmap_index=29113,.adv_w=384,.box_w=21,.box_h=22,.ofs_x=2,.ofs_y=-3},
{.bitmap_index=29229,.adv_w=384,.box_w=22,.box_h=22,.ofs_x=1,.ofs_y=-3},
{.bitmap_index=29350,.adv_w=384,.box_w=22,.box_h=21,.ofs_x=1,.ofs_y=-2},
{.bitmap_index=29466,.adv_w=384,.box_w=20,.box_h=22,.ofs_x=2,.ofs_y=-3},
{.bitmap_index=29576,.adv_w=384,.box_w=21,.box_h=22,.ofs_x=1,.ofs_y=-3},
{.bitmap_index=29692,.adv_w=384,.box_w=21,.box_h=23,.ofs_x=2,.ofs_y=-3},
{.bitmap_index=29813,.adv_w=384,.box_w=21,.box_h=23,.ofs_x=1,.ofs_y=-3},
{.bitmap_index=29934,.adv_w=384,.box_w=22,.box_h=23,.ofs_x=1,.ofs_y=-3},
{.bitmap_index=30061,.adv_w=384,.box_w=21,.box_h=23,.ofs_x=2,.ofs_y=-3},
{.bitmap_index=30182,.adv_w=384,.box_w=21,.box_h=23,.ofs_x=2,.ofs_y=-3},
{.bitmap_index=30303,.adv_w=384,.box_w=22,.box_h=23,.ofs_x=1,.ofs_y=-3},
{.bitmap_index=30430,.adv_w=384,.box_w=22,.box_h=23,.ofs_x=1,.ofs_y=-3},
{.bitmap_index=30557,.adv_w=384,.box_w=21,.box_h=23,.ofs_x=2,.ofs_y=-3},
{.bitmap_index=30678,.adv_w=384,.box_w=22,.box_h=23,.ofs_x=1,.ofs_y=-3},
{.bitmap_index=30805,.adv_w=384,.box_w=21,.box_h=23,.ofs_x=1,.ofs_y=-3},
{.bitmap_index=30926,.adv_w=384,.box_w=22,.box_h=23,.ofs_x=1,.ofs_y=-3},
{.bitmap_index=31053,.adv_w=384,.box_w=22,.box_h=23,.ofs_x=1,.ofs_y=-3},
{.bitmap_index=31180,.adv_w=384,.box_w=21,.box_h=22,.ofs_x=2,.ofs_y=-3},
{.bitmap_index=31296,.adv_w=384,.box_w=21,.box_h=23,.ofs_x=2,.ofs_y=-3},
{.bitmap_index=31417,.adv_w=384,.box_w=22,.box_h=22,.ofs_x=1,.ofs_y=-3},
{.bitmap_index=31538,.adv_w=384,.box_w=21,.box_h=23,.ofs_x=2,.ofs_y=-3},
{.bitmap_index=31659,.adv_w=384,.box_w=22,.box_h=23,.ofs_x=1,.ofs_y=-3},
{.bitmap_index=31786,.adv_w=384,.box_w=20,.box_h=20,.ofs_x=2,.ofs_y=-2},
{.bitmap_index=31886,.adv_w=384,.box_w=20,.box_h=21,.ofs_x=2,.ofs_y=-2},
{.bitmap_index=31991,.adv_w=384,.box_w=20,.box_h=22,.ofs_x=2,.ofs_y=-3},
{.bitmap_index=32101,.adv_w=384,.box_w=20,.box_h=22,.ofs_x=2,.ofs_y=-3},
{.bitmap_index=32211,.adv_w=384,.box_w=20,.box_h=22,.ofs_x=2,.ofs_y=-3},
{.bitmap_index=32321,.adv_w=384,.box_w=20,.box_h=22,.ofs_x=2,.ofs_y=-3},
{.bitmap_index=32431,.adv_w=384,.box_w=20,.box_h=22,.ofs_x=2,.ofs_y=-3},
{.bitmap_index=32541,.adv_w=384,.box_w=20,.box_h=22,.ofs_x=2,.ofs_y=-3},
{.bitmap_index=32651,.adv_w=384,.box_w=20,.box_h=22,.ofs_x=2,.ofs_y=-3},
{.bitmap_index=32761,.adv_w=384,.box_w=22,.box_h=22,.ofs_x=1,.ofs_y=-2},
{.bitmap_index=32882,.adv_w=384,.box_w=22,.box_h=21,.ofs_x=1,.ofs_y=-2},
{.bitmap_index=32998,.adv_w=384,.box_w=22,.box_h=23,.ofs_x=1,.ofs_y=-3},
{.bitmap_index=33125,.adv_w=384,.box_w=22,.box_h=23,.ofs_x=1,.ofs_y=-3},
{.bitmap_index=33252,.adv_w=384,.box_w=22,.box_h=22,.ofs_x=1,.ofs_y=-2},
{.bitmap_index=33373,.adv_w=384,.box_w=21,.box_h=23,.ofs_x=1,.ofs_y=-3},
{.bitmap_index=33494,.adv_w=384,.box_w=21,.box_h=21,.ofs_x=1,.ofs_y=-2},
{.bitmap_index=33605,.adv_w=384,.box_w=22,.box_h=22,.ofs_x=1,.ofs_y=-2},
{.bitmap_index=33726,.adv_w=384,.box_w=22,.box_h=23,.ofs_x=1,.ofs_y=-3},
{.bitmap_index=33853,.adv_w=384,.box_w=22,.box_h=22,.ofs_x=1,.ofs_y=-2},
{.bitmap_index=33974,.adv_w=384,.box_w=22,.box_h=23,.ofs_x=1,.ofs_y=-3},
{.bitmap_index=34101,.adv_w=384,.box_w=22,.box_h=22,.ofs_x=1,.ofs_y=-2},
{.bitmap_index=34222,.adv_w=384,.box_w=22,.box_h=23,.ofs_x=1,.ofs_y=-3},
{.bitmap_index=34349,.adv_w=384,.box_w=22,.box_h=23,.ofs_x=1,.ofs_y=-3},
{.bitmap_index=34476,.adv_w=384,.box_w=21,.box_h=23,.ofs_x=1,.ofs_y=-3},
{.bitmap_index=34597,.adv_w=384,.box_w=22,.box_h=23,.ofs_x=1,.ofs_y=-3},
{.bitmap_index=34724,.adv_w=384,.box_w=22,.box_h=22,.ofs_x=1,.ofs_y=-2},
{.bitmap_index=34845,.adv_w=384,.box_w=22,.box_h=22,.ofs_x=1,.ofs_y=-2},
{.bitmap_index=34966,.adv_w=384,.box_w=22,.box_h=22,.ofs_x=1,.ofs_y=-2},
{.bitmap_index=35087,.adv_w=384,.box_w=22,.box_h=21,.ofs_x=1,.ofs_y=-2},
{.bitmap_index=35203,.adv_w=384,.box_w=22,.box_h=22,.ofs_x=1,.ofs_y=-2},
{.bitmap_index=35324,.adv_w=384,.box_w=21,.box_h=23,.ofs_x=1,.ofs_y=-3},
{.bitmap_index=35445,.adv_w=384,.box_w=22,.box_h=22,.ofs_x=1,.ofs_y=-2},
{.bitmap_index=35566,.adv_w=384,.box_w=22,.box_h=23,.ofs_x=1,.ofs_y=-3},
{.bitmap_index=35693,.adv_w=384,.box_w=22,.box_h=23,.ofs_x=1,.ofs_y=-3},
{.bitmap_index=35820,.adv_w=384,.box_w=22,.box_h=22,.ofs_x=1,.ofs_y=-2},
{.bitmap_index=35941,.adv_w=384,.box_w=22,.box_h=22,.ofs_x=1,.ofs_y=-2},
{.bitmap_index=36062,.adv_w=384,.box_w=22,.box_h=23,.ofs_x=1,.ofs_y=-3},
{.bitmap_index=36189,.adv_w=384,.box_w=22,.box_h=22,.ofs_x=1,.ofs_y=-2},
{.bitmap_index=36310,.adv_w=384,.box_w=22,.box_h=22,.ofs_x=1,.ofs_y=-2},
{.bitmap_index=36431,.adv_w=384,.box_w=22,.box_h=23,.ofs_x=1,.ofs_y=-3},
{.bitmap_index=36558,.adv_w=384,.box_w=22,.box_h=23,.ofs_x=1,.ofs_y=-3},
{.bitmap_index=36685,.adv_w=384,.box_w=22,.box_h=22,.ofs_x=1,.ofs_y=-2},
{.bitmap_index=36806,.adv_w=384,.box_w=22,.box_h=21,.ofs_x=1,.ofs_y=-2},
{.bitmap_index=36922,.adv_w=384,.box_w=21,.box_h=23,.ofs_x=1,.ofs_y=-3},
{.bitmap_index=37043,.adv_w=384,.box_w=22,.box_h=21,.ofs_x=1,.ofs_y=-2},
{.bitmap_index=37159,.adv_w=384,.box_w=22,.box_h=22,.ofs_x=1,.ofs_y=-2},
{.bitmap_index=37280,.adv_w=384,.box_w=22,.box_h=23,.ofs_x=1,.ofs_y=-3},
{.bitmap_index=37407,.adv_w=384,.box_w=22,.box_h=23,.ofs_x=1,.ofs_y=-3},
{.bitmap_index=37534,.adv_w=384,.box_w=22,.box_h=22,.ofs_x=1,.ofs_y=-2},
{.bitmap_index=37655,.adv_w=384,.box_w=22,.box_h=23,.ofs_x=1,.ofs_y=-3},
{.bitmap_index=37782,.adv_w=384,.box_w=22,.box_h=23,.ofs_x=1,.ofs_y=-3},
{.bitmap_index=37909,.adv_w=384,.box_w=22,.box_h=21,.ofs_x=1,.ofs_y=-2},
{.bitmap_index=38025,.adv_w=384,.box_w=22,.box_h=23,.ofs_x=1,.ofs_y=-3},
{.bitmap_index=38152,.adv_w=384,.box_w=20,.box_h=22,.ofs_x=2,.ofs_y=-2},
{.bitmap_index=38262,.adv_w=384,.box_w=22,.box_h=23,.ofs_x=1,.ofs_y=-3},
{.bitmap_index=38389,.adv_w=384,.box_w=22,.box_h=22,.ofs_x=1,.ofs_y=-3},
{.bitmap_index=38510,.adv_w=384,.box_w=22,.box_h=22,.ofs_x=1,.ofs_y=-2},
{.bitmap_index=38631,.adv_w=384,.box_w=22,.box_h=23,.ofs_x=1,.ofs_y=-3},
{.bitmap_index=38758,.adv_w=384,.box_w=22,.box_h=22,.ofs_x=1,.ofs_y=-2},
{.bitmap_index=38879,.adv_w=384,.box_w=22,.box_h=23,.ofs_x=1,.ofs_y=-3},
{.bitmap_index=39006,.adv_w=384,.box_w=22,.box_h=23,.ofs_x=1,.ofs_y=-3},
{.bitmap_index=39133,.adv_w=384,.box_w=22,.box_h=22,.ofs_x=1,.ofs_y=-2},
{.bitmap_index=39254,.adv_w=384,.box_w=22,.box_h=23,.ofs_x=1,.ofs_y=-3},
{.bitmap_index=39381,.adv_w=384,.box_w=22,.box_h=23,.ofs_x=1,.ofs_y=-3},
{.bitmap_index=39508,.adv_w=384,.box_w=22,.box_h=23,.ofs_x=1,.ofs_y=-3},
{.bitmap_index=39635,.adv_w=384,.box_w=22,.box_h=22,.ofs_x=1,.ofs_y=-2},
{.bitmap_index=39756,.adv_w=384,.box_w=22,.box_h=23,.ofs_x=1,.ofs_y=-3},
{.bitmap_index=39883,.adv_w=384,.box_w=21,.box_h=22,.ofs_x=1,.ofs_y=-2},
{.bitmap_index=39999,.adv_w=384,.box_w=22,.box_h=23,.ofs_x=1,.ofs_y=-3},
{.bitmap_index=40126,.adv_w=384,.box_w=22,.box_h=23,.ofs_x=1,.ofs_y=-3},
{.bitmap_index=40253,.adv_w=384,.box_w=22,.box_h=23,.ofs_x=1,.ofs_y=-3},
{.bitmap_index=40380,.adv_w=384,.box_w=22,.box_h=23,.ofs_x=1,.ofs_y=-3},
{.bitmap_index=40507,.adv_w=384,.box_w=22,.box_h=23,.ofs_x=1,.ofs_y=-3},
{.bitmap_index=40634,.adv_w=384,.box_w=22,.box_h=23,.ofs_x=1,.ofs_y=-3},
{.bitmap_index=40761,.adv_w=384,.box_w=22,.box_h=22,.ofs_x=1,.ofs_y=-2},
{.bitmap_index=40882,.adv_w=384,.box_w=22,.box_h=23,.ofs_x=1,.ofs_y=-3},
{.bitmap_index=41009,.adv_w=384,.box_w=22,.box_h=23,.ofs_x=1,.ofs_y=-3},
{.bitmap_index=41136,.adv_w=384,.box_w=22,.box_h=23,.ofs_x=1,.ofs_y=-3},
{.bitmap_index=41263,.adv_w=384,.box_w=22,.box_h=23,.ofs_x=1,.ofs_y=-3},
{.bitmap_index=41390,.adv_w=384,.box_w=22,.box_h=22,.ofs_x=1,.ofs_y=-3},
{.bitmap_index=41511,.adv_w=384,.box_w=22,.box_h=23,.ofs_x=1,.ofs_y=-3},
{.bitmap_index=41638,.adv_w=384,.box_w=22,.box_h=23,.ofs_x=1,.ofs_y=-3},
{.bitmap_index=41765,.adv_w=384,.box_w=22,.box_h=22,.ofs_x=1,.ofs_y=-2},
{.bitmap_index=41886,.adv_w=384,.box_w=22,.box_h=23,.ofs_x=1,.ofs_y=-3},
{.bitmap_index=42013,.adv_w=384,.box_w=22,.box_h=23,.ofs_x=1,.ofs_y=-3},
{.bitmap_index=42140,.adv_w=384,.box_w=22,.box_h=21,.ofs_x=1,.ofs_y=-2},
{.bitmap_index=42256,.adv_w=384,.box_w=22,.box_h=23,.ofs_x=1,.ofs_y=-3},
{.bitmap_index=42383,.adv_w=384,.box_w=22,.box_h=22,.ofs_x=1,.ofs_y=-2},
{.bitmap_index=42504,.adv_w=384,.box_w=22,.box_h=23,.ofs_x=1,.ofs_y=-3},
{.bitmap_index=42631,.adv_w=384,.box_w=22,.box_h=23,.ofs_x=1,.ofs_y=-3},
{.bitmap_index=42758,.adv_w=384,.box_w=21,.box_h=23,.ofs_x=1,.ofs_y=-3},
{.bitmap_index=42879,.adv_w=384,.box_w=22,.box_h=23,.ofs_x=1,.ofs_y=-3},
{.bitmap_index=43006,.adv_w=384,.box_w=20,.box_h=23,.ofs_x=2,.ofs_y=-3},
{.bitmap_index=43121,.adv_w=384,.box_w=20,.box_h=23,.ofs_x=2,.ofs_y=-3},
{.bitmap_index=43236,.adv_w=384,.box_w=22,.box_h=22,.ofs_x=1,.ofs_y=-2},
{.bitmap_index=43357,.adv_w=384,.box_w=22,.box_h=22,.ofs_x=1,.ofs_y=-2},
{.bitmap_index=43478,.adv_w=384,.box_w=22,.box_h=22,.ofs_x=1,.ofs_y=-2},
{.bitmap_index=43599,.adv_w=384,.box_w=20,.box_h=22,.ofs_x=2,.ofs_y=-2},
{.bitmap_index=43709,.adv_w=384,.box_w=20,.box_h=23,.ofs_x=2,.ofs_y=-3},
{.bitmap_index=43824,.adv_w=384,.box_w=20,.box_h=22,.ofs_x=2,.ofs_y=-2},
{.bitmap_index=43934,.adv_w=384,.box_w=20,.box_h=23,.ofs_x=2,.ofs_y=-3},
{.bitmap_index=44049,.adv_w=384,.box_w=21,.box_h=23,.ofs_x=2,.ofs_y=-3},
{.bitmap_index=44170,.adv_w=384,.box_w=22,.box_h=23,.ofs_x=1,.ofs_y=-3},
{.bitmap_index=44297,.adv_w=384,.box_w=22,.box_h=23,.ofs_x=1,.ofs_y=-3},
{.bitmap_index=44424,.adv_w=384,.box_w=22,.box_h=23,.ofs_x=1,.ofs_y=-3},
{.bitmap_index=44551,.adv_w=384,.box_w=21,.box_h=23,.ofs_x=1,.ofs_y=-3},
{.bitmap_index=44672,.adv_w=384,.box_w=22,.box_h=23,.ofs_x=1,.ofs_y=-3},
{.bitmap_index=44799,.adv_w=384,.box_w=20,.box_h=23,.ofs_x=2,.ofs_y=-3},
{.bitmap_index=44914,.adv_w=384,.box_w=22,.box_h=23,.ofs_x=1,.ofs_y=-3},
{.bitmap_index=45041,.adv_w=384,.box_w=22,.box_h=23,.ofs_x=1,.ofs_y=-3},
{.bitmap_index=45168,.adv_w=384,.box_w=22,.box_h=23,.ofs_x=1,.ofs_y=-3},
{.bitmap_index=45295,.adv_w=384,.box_w=22,.box_h=23,.ofs_x=1,.ofs_y=-3},
{.bitmap_index=45422,.adv_w=384,.box_w=22,.box_h=23,.ofs_x=1,.ofs_y=-3},
{.bitmap_index=45549,.adv_w=384,.box_w=22,.box_h=22,.ofs_x=1,.ofs_y=-3},
{.bitmap_index=45670,.adv_w=384,.box_w=22,.box_h=23,.ofs_x=1,.ofs_y=-3},
{.bitmap_index=45797,.adv_w=384,.box_w=22,.box_h=23,.ofs_x=1,.ofs_y=-3},
{.bitmap_index=45924,.adv_w=384,.box_w=22,.box_h=23,.ofs_x=1,.ofs_y=-3},
{.bitmap_index=46051,.adv_w=384,.box_w=22,.box_h=23,.ofs_x=1,.ofs_y=-3},
{.bitmap_index=46178,.adv_w=384,.box_w=22,.box_h=23,.ofs_x=1,.ofs_y=-3},
{.bitmap_index=46305,.adv_w=384,.box_w=22,.box_h=22,.ofs_x=1,.ofs_y=-2},
{.bitmap_index=46426,.adv_w=384,.box_w=20,.box_h=23,.ofs_x=2,.ofs_y=-3},
{.bitmap_index=46541,.adv_w=384,.box_w=22,.box_h=23,.ofs_x=1,.ofs_y=-3},
{.bitmap_index=46668,.adv_w=384,.box_w=20,.box_h=23,.ofs_x=2,.ofs_y=-3},
{.bitmap_index=46783,.adv_w=384,.box_w=22,.box_h=23,.ofs_x=1,.ofs_y=-3},
{.bitmap_index=46910,.adv_w=384,.box_w=22,.box_h=23,.ofs_x=1,.ofs_y=-3},
{.bitmap_index=47037,.adv_w=384,.box_w=21,.box_h=21,.ofs_x=1,.ofs_y=-2},
{.bitmap_index=47148,.adv_w=384,.box_w=22,.box_h=21,.ofs_x=1,.ofs_y=-2},
{.bitmap_index=47264,.adv_w=384,.box_w=22,.box_h=22,.ofs_x=1,.ofs_y=-3},
{.bitmap_index=47385,.adv_w=384,.box_w=22,.box_h=22,.ofs_x=1,.ofs_y=-3},
{.bitmap_index=47506,.adv_w=384,.box_w=22,.box_h=22,.ofs_x=1,.ofs_y=-2},
{.bitmap_index=47627,.adv_w=384,.box_w=20,.box_h=22,.ofs_x=2,.ofs_y=-2},
{.bitmap_index=47737,.adv_w=384,.box_w=22,.box_h=22,.ofs_x=1,.ofs_y=-2},
{.bitmap_index=47858,.adv_w=384,.box_w=22,.box_h=23,.ofs_x=1,.ofs_y=-3},
{.bitmap_index=47985,.adv_w=384,.box_w=22,.box_h=23,.ofs_x=1,.ofs_y=-3},
{.bitmap_index=48112,.adv_w=384,.box_w=22,.box_h=22,.ofs_x=1,.ofs_y=-3},
{.bitmap_index=48233,.adv_w=384,.box_w=18,.box_h=23,.ofs_x=3,.ofs_y=-3},
{.bitmap_index=48337,.adv_w=384,.box_w=22,.box_h=22,.ofs_x=1,.ofs_y=-2},
{.bitmap_index=48458,.adv_w=384,.box_w=19,.box_h=23,.ofs_x=3,.ofs_y=-3},
{.bitmap_index=48568,.adv_w=384,.box_w=22,.box_h=23,.ofs_x=1,.ofs_y=-3},
{.bitmap_index=48695,.adv_w=384,.box_w=22,.box_h=23,.ofs_x=1,.ofs_y=-3},
{.bitmap_index=48822,.adv_w=384,.box_w=21,.box_h=23,.ofs_x=1,.ofs_y=-3},
{.bitmap_index=48943,.adv_w=384,.box_w=22,.box_h=22,.ofs_x=1,.ofs_y=-2},
{.bitmap_index=49064,.adv_w=384,.box_w=22,.box_h=23,.ofs_x=1,.ofs_y=-3},
{.bitmap_index=49191,.adv_w=384,.box_w=22,.box_h=23,.ofs_x=1,.ofs_y=-3},
{.bitmap_index=49318,.adv_w=384,.box_w=22,.box_h=22,.ofs_x=1,.ofs_y=-2},
{.bitmap_index=49439,.adv_w=384,.box_w=22,.box_h=23,.ofs_x=1,.ofs_y=-3},
{.bitmap_index=49566,.adv_w=384,.box_w=22,.box_h=23,.ofs_x=1,.ofs_y=-3},
{.bitmap_index=49693,.adv_w=384,.box_w=21,.box_h=23,.ofs_x=1,.ofs_y=-3},
{.bitmap_index=49814,.adv_w=384,.box_w=22,.box_h=23,.ofs_x=1,.ofs_y=-3},
{.bitmap_index=49941,.adv_w=384,.box_w=22,.box_h=22,.ofs_x=1,.ofs_y=-2},
{.bitmap_index=50062,.adv_w=384,.box_w=22,.box_h=23,.ofs_x=1,.ofs_y=-3},
{.bitmap_index=50189,.adv_w=384,.box_w=22,.box_h=23,.ofs_x=1,.ofs_y=-3},
{.bitmap_index=50316,.adv_w=384,.box_w=22,.box_h=23,.ofs_x=1,.ofs_y=-3},
{.bitmap_index=50443,.adv_w=384,.box_w=22,.box_h=22,.ofs_x=1,.ofs_y=-2},
{.bitmap_index=50564,.adv_w=384,.box_w=22,.box_h=22,.ofs_x=1,.ofs_y=-2},
{.bitmap_index=50685,.adv_w=384,.box_w=22,.box_h=23,.ofs_x=1,.ofs_y=-3},
{.bitmap_index=50812,.adv_w=384,.box_w=22,.box_h=22,.ofs_x=1,.ofs_y=-2},
{.bitmap_index=50933,.adv_w=384,.box_w=22,.box_h=23,.ofs_x=1,.ofs_y=-3},
{.bitmap_index=51060,.adv_w=384,.box_w=22,.box_h=22,.ofs_x=1,.ofs_y=-2},
{.bitmap_index=51181,.adv_w=384,.box_w=22,.box_h=23,.ofs_x=1,.ofs_y=-3},
{.bitmap_index=51308,.adv_w=384,.box_w=20,.box_h=23,.ofs_x=2,.ofs_y=-3},
{.bitmap_index=51423,.adv_w=384,.box_w=22,.box_h=23,.ofs_x=1,.ofs_y=-3},
{.bitmap_index=51550,.adv_w=384,.box_w=20,.box_h=23,.ofs_x=1,.ofs_y=-3},
{.bitmap_index=51665,.adv_w=384,.box_w=21,.box_h=23,.ofs_x=1,.ofs_y=-3},
{.bitmap_index=51786,.adv_w=384,.box_w=21,.box_h=23,.ofs_x=2,.ofs_y=-3},
{.bitmap_index=51907,.adv_w=384,.box_w=22,.box_h=19,.ofs_x=1,.ofs_y=-1},
{.bitmap_index=52012,.adv_w=384,.box_w=22,.box_h=22,.ofs_x=1,.ofs_y=-2},
{.bitmap_index=52133,.adv_w=384,.box_w=22,.box_h=21,.ofs_x=1,.ofs_y=-3},
{.bitmap_index=52249,.adv_w=384,.box_w=20,.box_h=21,.ofs_x=3,.ofs_y=-2},
{.bitmap_index=52354,.adv_w=384,.box_w=22,.box_h=21,.ofs_x=1,.ofs_y=-2},
{.bitmap_index=52470,.adv_w=384,.box_w=22,.box_h=21,.ofs_x=1,.ofs_y=-2},
{.bitmap_index=52586,.adv_w=384,.box_w=21,.box_h=21,.ofs_x=2,.ofs_y=-2},
{.bitmap_index=52697,.adv_w=384,.box_w=20,.box_h=21,.ofs_x=3,.ofs_y=-2},
{.bitmap_index=52802,.adv_w=384,.box_w=20,.box_h=23,.ofs_x=2,.ofs_y=-3},
{.bitmap_index=52917,.adv_w=384,.box_w=22,.box_h=23,.ofs_x=1,.ofs_y=-3},
{.bitmap_index=53044,.adv_w=384,.box_w=22,.box_h=23,.ofs_x=1,.ofs_y=-3},
{.bitmap_index=53171,.adv_w=384,.box_w=21,.box_h=23,.ofs_x=2,.ofs_y=-3},
{.bitmap_index=53292,.adv_w=384,.box_w=20,.box_h=23,.ofs_x=2,.ofs_y=-3},
{.bitmap_index=53407,.adv_w=384,.box_w=22,.box_h=22,.ofs_x=1,.ofs_y=-3},
{.bitmap_index=53528,.adv_w=384,.box_w=22,.box_h=22,.ofs_x=1,.ofs_y=-3},
{.bitmap_index=53649,.adv_w=384,.box_w=22,.box_h=23,.ofs_x=1,.ofs_y=-3},
{.bitmap_index=53776,.adv_w=384,.box_w=22,.box_h=23,.ofs_x=1,.ofs_y=-3},
{.bitmap_index=53903,.adv_w=384,.box_w=22,.box_h=22,.ofs_x=1,.ofs_y=-2},
{.bitmap_index=54024,.adv_w=384,.box_w=22,.box_h=23,.ofs_x=1,.ofs_y=-3},
{.bitmap_index=54151,.adv_w=384,.box_w=22,.box_h=22,.ofs_x=1,.ofs_y=-2},
{.bitmap_index=54272,.adv_w=384,.box_w=22,.box_h=23,.ofs_x=1,.ofs_y=-3},
{.bitmap_index=54399,.adv_w=384,.box_w=22,.box_h=22,.ofs_x=1,.ofs_y=-2},
{.bitmap_index=54520,.adv_w=384,.box_w=22,.box_h=22,.ofs_x=1,.ofs_y=-2},
{.bitmap_index=54641,.adv_w=384,.box_w=22,.box_h=23,.ofs_x=1,.ofs_y=-3},
{.bitmap_index=54768,.adv_w=384,.box_w=22,.box_h=23,.ofs_x=1,.ofs_y=-3},
{.bitmap_index=54895,.adv_w=384,.box_w=22,.box_h=23,.ofs_x=1,.ofs_y=-3},
{.bitmap_index=55022,.adv_w=384,.box_w=22,.box_h=23,.ofs_x=1,.ofs_y=-3},
{.bitmap_index=55149,.adv_w=384,.box_w=22,.box_h=23,.ofs_x=1,.ofs_y=-3},
{.bitmap_index=55276,.adv_w=384,.box_w=22,.box_h=23,.ofs_x=1,.ofs_y=-3},
{.bitmap_index=55403,.adv_w=384,.box_w=22,.box_h=23,.ofs_x=1,.ofs_y=-3},
{.bitmap_index=55530,.adv_w=384,.box_w=22,.box_h=22,.ofs_x=1,.ofs_y=-2},
{.bitmap_index=55651,.adv_w=384,.box_w=22,.box_h=22,.ofs_x=1,.ofs_y=-2},
{.bitmap_index=55772,.adv_w=384,.box_w=22,.box_h=21,.ofs_x=1,.ofs_y=-2},
{.bitmap_index=55888,.adv_w=384,.box_w=22,.box_h=23,.ofs_x=1,.ofs_y=-3},
{.bitmap_index=56015,.adv_w=384,.box_w=22,.box_h=23,.ofs_x=1,.ofs_y=-3},
{.bitmap_index=56142,.adv_w=384,.box_w=17,.box_h=22,.ofs_x=4,.ofs_y=-3},
{.bitmap_index=56236,.adv_w=384,.box_w=22,.box_h=23,.ofs_x=1,.ofs_y=-3},
{.bitmap_index=56363,.adv_w=384,.box_w=22,.box_h=23,.ofs_x=1,.ofs_y=-3},
{.bitmap_index=56490,.adv_w=384,.box_w=22,.box_h=22,.ofs_x=1,.ofs_y=-3},
{.bitmap_index=56611,.adv_w=384,.box_w=20,.box_h=22,.ofs_x=2,.ofs_y=-2},
{.bitmap_index=56721,.adv_w=384,.box_w=19,.box_h=23,.ofs_x=2,.ofs_y=-3},
{.bitmap_index=56831,.adv_w=384,.box_w=22,.box_h=23,.ofs_x=1,.ofs_y=-3},
{.bitmap_index=56958,.adv_w=384,.box_w=22,.box_h=23,.ofs_x=1,.ofs_y=-3},
{.bitmap_index=57085,.adv_w=384,.box_w=22,.box_h=23,.ofs_x=1,.ofs_y=-3},
{.bitmap_index=57212,.adv_w=384,.box_w=22,.box_h=23,.ofs_x=1,.ofs_y=-3},
{.bitmap_index=57339,.adv_w=384,.box_w=22,.box_h=22,.ofs_x=1,.ofs_y=-2},
{.bitmap_index=57460,.adv_w=384,.box_w=22,.box_h=23,.ofs_x=1,.ofs_y=-3},
{.bitmap_index=57587,.adv_w=384,.box_w=23,.box_h=23,.ofs_x=1,.ofs_y=-3},
{.bitmap_index=57720,.adv_w=384,.box_w=22,.box_h=23,.ofs_x=1,.ofs_y=-3},
{.bitmap_index=57847,.adv_w=384,.box_w=22,.box_h=23,.ofs_x=1,.ofs_y=-3},
{.bitmap_index=57974,.adv_w=384,.box_w=22,.box_h=23,.ofs_x=1,.ofs_y=-3},
{.bitmap_index=58101,.adv_w=384,.box_w=22,.box_h=23,.ofs_x=1,.ofs_y=-3},
{.bitmap_index=58228,.adv_w=384,.box_w=22,.box_h=23,.ofs_x=1,.ofs_y=-3},
{.bitmap_index=58355,.adv_w=384,.box_w=22,.box_h=23,.ofs_x=1,.ofs_y=-3},
{.bitmap_index=58482,.adv_w=384,.box_w=22,.box_h=23,.ofs_x=1,.ofs_y=-3},
{.bitmap_index=58609,.adv_w=384,.box_w=22,.box_h=23,.ofs_x=1,.ofs_y=-3},
{.bitmap_index=58736,.adv_w=384,.box_w=22,.box_h=22,.ofs_x=1,.ofs_y=-2},
{.bitmap_index=58857,.adv_w=384,.box_w=22,.box_h=22,.ofs_x=1,.ofs_y=-2},
{.bitmap_index=58978,.adv_w=384,.box_w=22,.box_h=23,.ofs_x=1,.ofs_y=-3},
{.bitmap_index=59105,.adv_w=384,.box_w=22,.box_h=22,.ofs_x=1,.ofs_y=-2},
{.bitmap_index=59226,.adv_w=384,.box_w=22,.box_h=23,.ofs_x=1,.ofs_y=-3},
{.bitmap_index=59353,.adv_w=384,.box_w=22,.box_h=23,.ofs_x=1,.ofs_y=-3},
{.bitmap_index=59480,.adv_w=384,.box_w=22,.box_h=22,.ofs_x=1,.ofs_y=-2},
{.bitmap_index=59601,.adv_w=384,.box_w=22,.box_h=21,.ofs_x=1,.ofs_y=-2},
{.bitmap_index=59717,.adv_w=384,.box_w=22,.box_h=23,.ofs_x=1,.ofs_y=-3},
{.bitmap_index=59844,.adv_w=384,.box_w=22,.box_h=21,.ofs_x=1,.ofs_y=-2},
{.bitmap_index=59960,.adv_w=384,.box_w=22,.box_h=23,.ofs_x=1,.ofs_y=-3},
{.bitmap_index=60087,.adv_w=384,.box_w=22,.box_h=22,.ofs_x=1,.ofs_y=-2},
{.bitmap_index=60208,.adv_w=384,.box_w=22,.box_h=23,.ofs_x=1,.ofs_y=-3},
{.bitmap_index=60335,.adv_w=384,.box_w=22,.box_h=23,.ofs_x=1,.ofs_y=-3},
{.bitmap_index=60462,.adv_w=384,.box_w=22,.box_h=22,.ofs_x=1,.ofs_y=-2},
{.bitmap_index=60583,.adv_w=384,.box_w=22,.box_h=22,.ofs_x=1,.ofs_y=-2},
{.bitmap_index=60704,.adv_w=384,.box_w=22,.box_h=22,.ofs_x=1,.ofs_y=-2},
{.bitmap_index=60825,.adv_w=384,.box_w=22,.box_h=22,.ofs_x=1,.ofs_y=-2},
{.bitmap_index=60946,.adv_w=384,.box_w=21,.box_h=22,.ofs_x=2,.ofs_y=-2},
{.bitmap_index=61062,.adv_w=384,.box_w=22,.box_h=22,.ofs_x=1,.ofs_y=-2},
{.bitmap_index=61183,.adv_w=384,.box_w=22,.box_h=23,.ofs_x=1,.ofs_y=-3},
{.bitmap_index=61310,.adv_w=384,.box_w=22,.box_h=22,.ofs_x=1,.ofs_y=-2},
{.bitmap_index=61431,.adv_w=384,.box_w=22,.box_h=23,.ofs_x=1,.ofs_y=-3},
{.bitmap_index=61558,.adv_w=384,.box_w=22,.box_h=23,.ofs_x=1,.ofs_y=-3},
{.bitmap_index=61685,.adv_w=384,.box_w=22,.box_h=23,.ofs_x=1,.ofs_y=-3},
{.bitmap_index=61812,.adv_w=384,.box_w=22,.box_h=23,.ofs_x=1,.ofs_y=-3},
{.bitmap_index=61939,.adv_w=384,.box_w=21,.box_h=22,.ofs_x=1,.ofs_y=-2},
{.bitmap_index=62055,.adv_w=384,.box_w=21,.box_h=22,.ofs_x=1,.ofs_y=-2},
{.bitmap_index=62171,.adv_w=384,.box_w=22,.box_h=23,.ofs_x=1,.ofs_y=-3},
{.bitmap_index=62298,.adv_w=384,.box_w=22,.box_h=23,.ofs_x=1,.ofs_y=-3},
{.bitmap_index=62425,.adv_w=384,.box_w=22,.box_h=22,.ofs_x=1,.ofs_y=-3},
{.bitmap_index=62546,.adv_w=384,.box_w=22,.box_h=23,.ofs_x=1,.ofs_y=-3},
{.bitmap_index=62673,.adv_w=384,.box_w=22,.box_h=23,.ofs_x=1,.ofs_y=-3},
{.bitmap_index=62800,.adv_w=384,.box_w=21,.box_h=22,.ofs_x=1,.ofs_y=-2},
{.bitmap_index=62916,.adv_w=384,.box_w=22,.box_h=23,.ofs_x=1,.ofs_y=-3},
{.bitmap_index=63043,.adv_w=384,.box_w=21,.box_h=23,.ofs_x=1,.ofs_y=-3},
{.bitmap_index=63164,.adv_w=384,.box_w=22,.box_h=22,.ofs_x=1,.ofs_y=-3},
{.bitmap_index=63285,.adv_w=384,.box_w=22,.box_h=23,.ofs_x=1,.ofs_y=-3},
{.bitmap_index=63412,.adv_w=384,.box_w=22,.box_h=23,.ofs_x=1,.ofs_y=-3},
{.bitmap_index=63539,.adv_w=384,.box_w=22,.box_h=22,.ofs_x=1,.ofs_y=-2},
{.bitmap_index=63660,.adv_w=384,.box_w=22,.box_h=23,.ofs_x=1,.ofs_y=-3},
{.bitmap_index=63787,.adv_w=384,.box_w=22,.box_h=23,.ofs_x=1,.ofs_y=-3},
{.bitmap_index=63914,.adv_w=384,.box_w=22,.box_h=23,.ofs_x=1,.ofs_y=-3},
{.bitmap_index=64041,.adv_w=384,.box_w=22,.box_h=22,.ofs_x=1,.ofs_y=-2},
{.bitmap_index=64162,.adv_w=384,.box_w=22,.box_h=23,.ofs_x=1,.ofs_y=-3},
{.bitmap_index=64289,.adv_w=384,.box_w=22,.box_h=23,.ofs_x=1,.ofs_y=-3},
{.bitmap_index=64416,.adv_w=384,.box_w=22,.box_h=23,.ofs_x=1,.ofs_y=-3},
{.bitmap_index=64543,.adv_w=384,.box_w=22,.box_h=23,.ofs_x=1,.ofs_y=-3},
{.bitmap_index=64670,.adv_w=384,.box_w=22,.box_h=23,.ofs_x=1,.ofs_y=-3},
{.bitmap_index=64797,.adv_w=384,.box_w=22,.box_h=23,.ofs_x=1,.ofs_y=-3},
{.bitmap_index=64924,.adv_w=384,.box_w=22,.box_h=23,.ofs_x=1,.ofs_y=-3},
{.bitmap_index=65051,.adv_w=384,.box_w=22,.box_h=22,.ofs_x=1,.ofs_y=-2},
{.bitmap_index=65172,.adv_w=384,.box_w=22,.box_h=23,.ofs_x=1,.ofs_y=-3},
{.bitmap_index=65299,.adv_w=384,.box_w=22,.box_h=23,.ofs_x=1,.ofs_y=-3},
{.bitmap_index=65426,.adv_w=384,.box_w=21,.box_h=23,.ofs_x=1,.ofs_y=-3},
{.bitmap_index=65547,.adv_w=384,.box_w=22,.box_h=23,.ofs_x=1,.ofs_y=-3},
{.bitmap_index=65674,.adv_w=384,.box_w=22,.box_h=23,.ofs_x=1,.ofs_y=-3},
{.bitmap_index=65801,.adv_w=384,.box_w=22,.box_h=23,.ofs_x=1,.ofs_y=-3},
{.bitmap_index=65928,.adv_w=384,.box_w=22,.box_h=22,.ofs_x=1,.ofs_y=-2},
{.bitmap_index=66049,.adv_w=384,.box_w=22,.box_h=22,.ofs_x=1,.ofs_y=-2},
{.bitmap_index=66170,.adv_w=384,.box_w=22,.box_h=22,.ofs_x=1,.ofs_y=-2},
{.bitmap_index=66291,.adv_w=384,.box_w=22,.box_h=22,.ofs_x=1,.ofs_y=-2},
{.bitmap_index=66412,.adv_w=384,.box_w=22,.box_h=23,.ofs_x=1,.ofs_y=-3},
{.bitmap_index=66539,.adv_w=384,.box_w=22,.box_h=23,.ofs_x=1,.ofs_y=-3},
{.bitmap_index=66666,.adv_w=384,.box_w=22,.box_h=23,.ofs_x=1,.ofs_y=-3},
{.bitmap_index=66793,.adv_w=384,.box_w=22,.box_h=23,.ofs_x=1,.ofs_y=-3},
{.bitmap_index=66920,.adv_w=384,.box_w=22,.box_h=22,.ofs_x=1,.ofs_y=-2},
{.bitmap_index=67041,.adv_w=384,.box_w=22,.box_h=22,.ofs_x=1,.ofs_y=-2},
{.bitmap_index=67162,.adv_w=384,.box_w=22,.box_h=23,.ofs_x=1,.ofs_y=-3},
{.bitmap_index=67289,.adv_w=384,.box_w=22,.box_h=23,.ofs_x=1,.ofs_y=-3},
{.bitmap_index=67416,.adv_w=384,.box_w=22,.box_h=23,.ofs_x=1,.ofs_y=-3},
{.bitmap_index=67543,.adv_w=384,.box_w=22,.box_h=23,.ofs_x=1,.ofs_y=-3},
{.bitmap_index=67670,.adv_w=384,.box_w=22,.box_h=23,.ofs_x=1,.ofs_y=-3},
{.bitmap_index=67797,.adv_w=384,.box_w=22,.box_h=23,.ofs_x=1,.ofs_y=-3},
{.bitmap_index=67924,.adv_w=384,.box_w=22,.box_h=23,.ofs_x=1,.ofs_y=-3},
{.bitmap_index=68051,.adv_w=384,.box_w=22,.box_h=23,.ofs_x=1,.ofs_y=-3},
{.bitmap_index=68178,.adv_w=384,.box_w=22,.box_h=23,.ofs_x=1,.ofs_y=-3},
{.bitmap_index=68305,.adv_w=384,.box_w=22,.box_h=23,.ofs_x=1,.ofs_y=-3},
{.bitmap_index=68432,.adv_w=384,.box_w=22,.box_h=23,.ofs_x=1,.ofs_y=-3},
{.bitmap_index=68559,.adv_w=384,.box_w=22,.box_h=21,.ofs_x=1,.ofs_y=-2},
{.bitmap_index=68675,.adv_w=384,.box_w=16,.box_h=22,.ofs_x=4,.ofs_y=-3},
{.bitmap_index=68763,.adv_w=384,.box_w=22,.box_h=21,.ofs_x=1,.ofs_y=-2},
{.bitmap_index=68879,.adv_w=384,.box_w=19,.box_h=23,.ofs_x=3,.ofs_y=-3},
{.bitmap_index=68989,.adv_w=384,.box_w=20,.box_h=23,.ofs_x=1,.ofs_y=-3},
{.bitmap_index=69104,.adv_w=384,.box_w=21,.box_h=22,.ofs_x=2,.ofs_y=-2},
{.bitmap_index=69220,.adv_w=384,.box_w=21,.box_h=21,.ofs_x=2,.ofs_y=-2},
{.bitmap_index=69331,.adv_w=384,.box_w=20,.box_h=22,.ofs_x=2,.ofs_y=-3},
{.bitmap_index=69441,.adv_w=384,.box_w=20,.box_h=21,.ofs_x=3,.ofs_y=-2},
{.bitmap_index=69546,.adv_w=384,.box_w=18,.box_h=22,.ofs_x=3,.ofs_y=-3},
{.bitmap_index=69645,.adv_w=384,.box_w=20,.box_h=22,.ofs_x=2,.ofs_y=-3},
{.bitmap_index=69755,.adv_w=384,.box_w=19,.box_h=21,.ofs_x=2,.ofs_y=-2},
{.bitmap_index=69855,.adv_w=384,.box_w=22,.box_h=23,.ofs_x=1,.ofs_y=-3},
{.bitmap_index=69982,.adv_w=384,.box_w=21,.box_h=21,.ofs_x=2,.ofs_y=-2},
{.bitmap_index=70093,.adv_w=384,.box_w=22,.box_h=23,.ofs_x=1,.ofs_y=-3},
{.bitmap_index=70220,.adv_w=384,.box_w=20,.box_h=22,.ofs_x=2,.ofs_y=-3},
{.bitmap_index=70330,.adv_w=384,.box_w=22,.box_h=21,.ofs_x=1,.ofs_y=-2},
{.bitmap_index=70446,.adv_w=384,.box_w=22,.box_h=21,.ofs_x=1,.ofs_y=-2},
{.bitmap_index=70562,.adv_w=384,.box_w=22,.box_h=22,.ofs_x=1,.ofs_y=-3},
{.bitmap_index=70683,.adv_w=384,.box_w=22,.box_h=22,.ofs_x=1,.ofs_y=-3},
{.bitmap_index=70804,.adv_w=384,.box_w=22,.box_h=22,.ofs_x=1,.ofs_y=-3},
{.bitmap_index=70925,.adv_w=384,.box_w=21,.box_h=22,.ofs_x=2,.ofs_y=-3},
{.bitmap_index=71041,.adv_w=384,.box_w=22,.box_h=23,.ofs_x=1,.ofs_y=-3},
{.bitmap_index=71168,.adv_w=384,.box_w=22,.box_h=22,.ofs_x=1,.ofs_y=-3},
{.bitmap_index=71289,.adv_w=384,.box_w=21,.box_h=23,.ofs_x=2,.ofs_y=-3},
{.bitmap_index=71410,.adv_w=384,.box_w=22,.box_h=23,.ofs_x=1,.ofs_y=-3},
{.bitmap_index=71537,.adv_w=384,.box_w=21,.box_h=23,.ofs_x=2,.ofs_y=-3},
{.bitmap_index=71658,.adv_w=384,.box_w=22,.box_h=21,.ofs_x=1,.ofs_y=-2},
{.bitmap_index=71774,.adv_w=384,.box_w=21,.box_h=22,.ofs_x=2,.ofs_y=-3},
{.bitmap_index=71890,.adv_w=384,.box_w=20,.box_h=23,.ofs_x=2,.ofs_y=-3},
{.bitmap_index=72005,.adv_w=384,.box_w=22,.box_h=22,.ofs_x=1,.ofs_y=-3},
{.bitmap_index=72126,.adv_w=384,.box_w=22,.box_h=23,.ofs_x=1,.ofs_y=-3},
{.bitmap_index=72253,.adv_w=384,.box_w=22,.box_h=22,.ofs_x=1,.ofs_y=-3},
{.bitmap_index=72374,.adv_w=384,.box_w=18,.box_h=23,.ofs_x=3,.ofs_y=-3},
{.bitmap_index=72478,.adv_w=384,.box_w=22,.box_h=22,.ofs_x=1,.ofs_y=-3},
{.bitmap_index=72599,.adv_w=384,.box_w=17,.box_h=22,.ofs_x=3,.ofs_y=-3},
{.bitmap_index=72693,.adv_w=384,.box_w=22,.box_h=23,.ofs_x=1,.ofs_y=-3},
{.bitmap_index=72820,.adv_w=384,.box_w=22,.box_h=22,.ofs_x=1,.ofs_y=-3},
{.bitmap_index=72941,.adv_w=384,.box_w=21,.box_h=23,.ofs_x=1,.ofs_y=-3},
{.bitmap_index=73062,.adv_w=384,.box_w=21,.box_h=23,.ofs_x=1,.ofs_y=-3},
{.bitmap_index=73183,.adv_w=384,.box_w=20,.box_h=23,.ofs_x=2,.ofs_y=-3},
{.bitmap_index=73298,.adv_w=384,.box_w=22,.box_h=22,.ofs_x=1,.ofs_y=-2},
{.bitmap_index=73419,.adv_w=384,.box_w=21,.box_h=23,.ofs_x=1,.ofs_y=-3},
{.bitmap_index=73540,.adv_w=384,.box_w=22,.box_h=23,.ofs_x=1,.ofs_y=-3},
{.bitmap_index=73667,.adv_w=384,.box_w=22,.box_h=23,.ofs_x=1,.ofs_y=-3},
{.bitmap_index=73794,.adv_w=384,.box_w=22,.box_h=23,.ofs_x=1,.ofs_y=-3},
{.bitmap_index=73921,.adv_w=384,.box_w=22,.box_h=23,.ofs_x=1,.ofs_y=-3},
{.bitmap_index=74048,.adv_w=384,.box_w=22,.box_h=23,.ofs_x=1,.ofs_y=-3},
{.bitmap_index=74175,.adv_w=384,.box_w=22,.box_h=23,.ofs_x=1,.ofs_y=-3},
{.bitmap_index=74302,.adv_w=384,.box_w=22,.box_h=23,.ofs_x=1,.ofs_y=-3},
{.bitmap_index=74429,.adv_w=384,.box_w=22,.box_h=23,.ofs_x=1,.ofs_y=-3},
{.bitmap_index=74556,.adv_w=384,.box_w=22,.box_h=23,.ofs_x=1,.ofs_y=-3},
{.bitmap_index=74683,.adv_w=384,.box_w=22,.box_h=23,.ofs_x=1,.ofs_y=-3},
{.bitmap_index=74810,.adv_w=384,.box_w=22,.box_h=23,.ofs_x=1,.ofs_y=-3},
{.bitmap_index=74937,.adv_w=384,.box_w=22,.box_h=23,.ofs_x=1,.ofs_y=-3},
{.bitmap_index=75064,.adv_w=384,.box_w=22,.box_h=23,.ofs_x=1,.ofs_y=-3},
{.bitmap_index=75191,.adv_w=384,.box_w=21,.box_h=23,.ofs_x=1,.ofs_y=-3},
{.bitmap_index=75312,.adv_w=384,.box_w=22,.box_h=23,.ofs_x=1,.ofs_y=-3},
{.bitmap_index=75439,.adv_w=384,.box_w=22,.box_h=23,.ofs_x=1,.ofs_y=-3},
{.bitmap_index=75566,.adv_w=384,.box_w=22,.box_h=23,.ofs_x=1,.ofs_y=-3},
{.bitmap_index=75693,.adv_w=384,.box_w=22,.box_h=23,.ofs_x=1,.ofs_y=-3},
{.bitmap_index=75820,.adv_w=384,.box_w=22,.box_h=22,.ofs_x=1,.ofs_y=-3},
{.bitmap_index=75941,.adv_w=384,.box_w=22,.box_h=23,.ofs_x=1,.ofs_y=-3},
{.bitmap_index=76068,.adv_w=384,.box_w=22,.box_h=23,.ofs_x=1,.ofs_y=-3},
{.bitmap_index=76195,.adv_w=384,.box_w=22,.box_h=22,.ofs_x=1,.ofs_y=-2},
{.bitmap_index=76316,.adv_w=384,.box_w=22,.box_h=23,.ofs_x=1,.ofs_y=-3},
{.bitmap_index=76443,.adv_w=384,.box_w=21,.box_h=23,.ofs_x=1,.ofs_y=-3},
{.bitmap_index=76564,.adv_w=384,.box_w=22,.box_h=22,.ofs_x=1,.ofs_y=-3},
{.bitmap_index=76685,.adv_w=384,.box_w=22,.box_h=23,.ofs_x=1,.ofs_y=-3},
{.bitmap_index=76812,.adv_w=384,.box_w=22,.box_h=23,.ofs_x=1,.ofs_y=-3},
{.bitmap_index=76939,.adv_w=384,.box_w=22,.box_h=22,.ofs_x=1,.ofs_y=-2},
{.bitmap_index=77060,.adv_w=384,.box_w=22,.box_h=23,.ofs_x=1,.ofs_y=-3},
{.bitmap_index=77187,.adv_w=384,.box_w=22,.box_h=23,.ofs_x=1,.ofs_y=-3},
{.bitmap_index=77314,.adv_w=384,.box_w=21,.box_h=23,.ofs_x=1,.ofs_y=-3},
{.bitmap_index=77435,.adv_w=384,.box_w=22,.box_h=22,.ofs_x=1,.ofs_y=-2},
{.bitmap_index=77556,.adv_w=384,.box_w=22,.box_h=23,.ofs_x=1,.ofs_y=-3},
{.bitmap_index=77683,.adv_w=384,.box_w=22,.box_h=23,.ofs_x=1,.ofs_y=-3},
{.bitmap_index=77810,.adv_w=384,.box_w=22,.box_h=23,.ofs_x=1,.ofs_y=-3},
{.bitmap_index=77937,.adv_w=384,.box_w=22,.box_h=22,.ofs_x=1,.ofs_y=-3},
{.bitmap_index=78058,.adv_w=384,.box_w=22,.box_h=23,.ofs_x=1,.ofs_y=-3},
{.bitmap_index=78185,.adv_w=384,.box_w=22,.box_h=23,.ofs_x=1,.ofs_y=-3},
{.bitmap_index=78312,.adv_w=384,.box_w=22,.box_h=23,.ofs_x=1,.ofs_y=-3},
{.bitmap_index=78439,.adv_w=384,.box_w=22,.box_h=23,.ofs_x=1,.ofs_y=-3},
{.bitmap_index=78566,.adv_w=384,.box_w=22,.box_h=23,.ofs_x=1,.ofs_y=-3},
{.bitmap_index=78693,.adv_w=384,.box_w=22,.box_h=23,.ofs_x=1,.ofs_y=-3},
{.bitmap_index=78820,.adv_w=384,.box_w=22,.box_h=23,.ofs_x=1,.ofs_y=-3},
{.bitmap_index=78947,.adv_w=384,.box_w=22,.box_h=23,.ofs_x=1,.ofs_y=-3},
{.bitmap_index=79074,.adv_w=384,.box_w=21,.box_h=23,.ofs_x=1,.ofs_y=-3},
{.bitmap_index=79195,.adv_w=384,.box_w=22,.box_h=22,.ofs_x=1,.ofs_y=-3},
{.bitmap_index=79316,.adv_w=384,.box_w=22,.box_h=23,.ofs_x=1,.ofs_y=-3},
{.bitmap_index=79443,.adv_w=384,.box_w=22,.box_h=23,.ofs_x=1,.ofs_y=-3},
{.bitmap_index=79570,.adv_w=384,.box_w=22,.box_h=23,.ofs_x=1,.ofs_y=-3},
{.bitmap_index=79697,.adv_w=384,.box_w=22,.box_h=22,.ofs_x=1,.ofs_y=-3},
{.bitmap_index=79818,.adv_w=384,.box_w=22,.box_h=23,.ofs_x=1,.ofs_y=-3},
{.bitmap_index=79945,.adv_w=384,.box_w=22,.box_h=23,.ofs_x=1,.ofs_y=-3},
{.bitmap_index=80072,.adv_w=384,.box_w=22,.box_h=23,.ofs_x=1,.ofs_y=-3},
{.bitmap_index=80199,.adv_w=384,.box_w=22,.box_h=23,.ofs_x=1,.ofs_y=-3},
{.bitmap_index=80326,.adv_w=384,.box_w=22,.box_h=23,.ofs_x=1,.ofs_y=-3},
{.bitmap_index=80453,.adv_w=384,.box_w=22,.box_h=23,.ofs_x=1,.ofs_y=-3},
{.bitmap_index=80580,.adv_w=384,.box_w=21,.box_h=23,.ofs_x=1,.ofs_y=-3},
{.bitmap_index=80701,.adv_w=384,.box_w=22,.box_h=23,.ofs_x=1,.ofs_y=-3},
{.bitmap_index=80828,.adv_w=384,.box_w=22,.box_h=23,.ofs_x=1,.ofs_y=-3},
{.bitmap_index=80955,.adv_w=384,.box_w=22,.box_h=23,.ofs_x=1,.ofs_y=-3},
{.bitmap_index=81082,.adv_w=384,.box_w=22,.box_h=23,.ofs_x=1,.ofs_y=-3},
{.bitmap_index=81209,.adv_w=384,.box_w=22,.box_h=23,.ofs_x=1,.ofs_y=-3},
{.bitmap_index=81336,.adv_w=384,.box_w=22,.box_h=23,.ofs_x=1,.ofs_y=-3},
{.bitmap_index=81463,.adv_w=384,.box_w=22,.box_h=23,.ofs_x=1,.ofs_y=-3},
{.bitmap_index=81590,.adv_w=384,.box_w=22,.box_h=23,.ofs_x=1,.ofs_y=-3},
{.bitmap_index=81717,.adv_w=384,.box_w=22,.box_h=23,.ofs_x=1,.ofs_y=-3},
{.bitmap_index=81844,.adv_w=384,.box_w=22,.box_h=23,.ofs_x=1,.ofs_y=-3},
{.bitmap_index=81971,.adv_w=384,.box_w=22,.box_h=23,.ofs_x=1,.ofs_y=-3},
{.bitmap_index=82098,.adv_w=384,.box_w=22,.box_h=23,.ofs_x=1,.ofs_y=-3},
{.bitmap_index=82225,.adv_w=384,.box_w=22,.box_h=23,.ofs_x=1,.ofs_y=-3},
{.bitmap_index=82352,.adv_w=384,.box_w=22,.box_h=23,.ofs_x=1,.ofs_y=-3},
{.bitmap_index=82479,.adv_w=384,.box_w=22,.box_h=23,.ofs_x=1,.ofs_y=-3},
{.bitmap_index=82606,.adv_w=384,.box_w=22,.box_h=23,.ofs_x=1,.ofs_y=-3},
{.bitmap_index=82733,.adv_w=384,.box_w=22,.box_h=23,.ofs_x=1,.ofs_y=-3},
{.bitmap_index=82860,.adv_w=384,.box_w=22,.box_h=21,.ofs_x=1,.ofs_y=-2},
{.bitmap_index=82976,.adv_w=384,.box_w=22,.box_h=23,.ofs_x=1,.ofs_y=-3},
{.bitmap_index=83103,.adv_w=384,.box_w=22,.box_h=22,.ofs_x=1,.ofs_y=-2},
{.bitmap_index=83224,.adv_w=384,.box_w=22,.box_h=23,.ofs_x=1,.ofs_y=-3},
{.bitmap_index=83351,.adv_w=384,.box_w=21,.box_h=22,.ofs_x=2,.ofs_y=-2},
{.bitmap_index=83467,.adv_w=384,.box_w=22,.box_h=23,.ofs_x=1,.ofs_y=-3},
{.bitmap_index=83594,.adv_w=384,.box_w=20,.box_h=21,.ofs_x=3,.ofs_y=-2},
{.bitmap_index=83699,.adv_w=384,.box_w=20,.box_h=21,.ofs_x=3,.ofs_y=-2},
{.bitmap_index=83804,.adv_w=384,.box_w=22,.box_h=23,.ofs_x=1,.ofs_y=-3},
{.bitmap_index=83931,.adv_w=384,.box_w=22,.box_h=23,.ofs_x=1,.ofs_y=-3},
{.bitmap_index=84058,.adv_w=384,.box_w=22,.box_h=23,.ofs_x=1,.ofs_y=-3},
{.bitmap_index=84185,.adv_w=384,.box_w=22,.box_h=22,.ofs_x=1,.ofs_y=-3},
{.bitmap_index=84306,.adv_w=384,.box_w=22,.box_h=21,.ofs_x=1,.ofs_y=-2},
{.bitmap_index=84422,.adv_w=384,.box_w=22,.box_h=21,.ofs_x=1,.ofs_y=-2},
{.bitmap_index=84538,.adv_w=384,.box_w=21,.box_h=23,.ofs_x=1,.ofs_y=-3},
{.bitmap_index=84659,.adv_w=384,.box_w=22,.box_h=23,.ofs_x=1,.ofs_y=-3},
{.bitmap_index=84786,.adv_w=384,.box_w=22,.box_h=21,.ofs_x=1,.ofs_y=-2},
{.bitmap_index=84902,.adv_w=384,.box_w=22,.box_h=22,.ofs_x=1,.ofs_y=-2},
{.bitmap_index=85023,.adv_w=384,.box_w=21,.box_h=21,.ofs_x=1,.ofs_y=-2},
{.bitmap_index=85134,.adv_w=384,.box_w=21,.box_h=22,.ofs_x=1,.ofs_y=-3},
{.bitmap_index=85250,.adv_w=384,.box_w=22,.box_h=21,.ofs_x=1,.ofs_y=-2},
{.bitmap_index=85366,.adv_w=384,.box_w=22,.box_h=23,.ofs_x=1,.ofs_y=-3},
{.bitmap_index=85493,.adv_w=384,.box_w=22,.box_h=23,.ofs_x=1,.ofs_y=-3},
{.bitmap_index=85620,.adv_w=384,.box_w=22,.box_h=22,.ofs_x=1,.ofs_y=-2},
{.bitmap_index=85741,.adv_w=384,.box_w=22,.box_h=23,.ofs_x=1,.ofs_y=-3},
{.bitmap_index=85868,.adv_w=384,.box_w=22,.box_h=23,.ofs_x=1,.ofs_y=-3},
{.bitmap_index=85995,.adv_w=384,.box_w=22,.box_h=22,.ofs_x=1,.ofs_y=-3},
{.bitmap_index=86116,.adv_w=384,.box_w=22,.box_h=22,.ofs_x=1,.ofs_y=-2},
{.bitmap_index=86237,.adv_w=384,.box_w=22,.box_h=23,.ofs_x=1,.ofs_y=-3},
{.bitmap_index=86364,.adv_w=384,.box_w=22,.box_h=23,.ofs_x=1,.ofs_y=-3},
{.bitmap_index=86491,.adv_w=384,.box_w=22,.box_h=22,.ofs_x=1,.ofs_y=-2},
{.bitmap_index=86612,.adv_w=384,.box_w=22,.box_h=23,.ofs_x=1,.ofs_y=-3},
{.bitmap_index=86739,.adv_w=384,.box_w=21,.box_h=23,.ofs_x=1,.ofs_y=-3},
{.bitmap_index=86860,.adv_w=384,.box_w=22,.box_h=22,.ofs_x=1,.ofs_y=-3},
{.bitmap_index=86981,.adv_w=384,.box_w=22,.box_h=22,.ofs_x=1,.ofs_y=-2},
{.bitmap_index=87102,.adv_w=384,.box_w=22,.box_h=23,.ofs_x=1,.ofs_y=-3},
{.bitmap_index=87229,.adv_w=384,.box_w=22,.box_h=22,.ofs_x=1,.ofs_y=-3},
{.bitmap_index=87350,.adv_w=384,.box_w=21,.box_h=23,.ofs_x=1,.ofs_y=-3},
{.bitmap_index=87471,.adv_w=384,.box_w=22,.box_h=23,.ofs_x=1,.ofs_y=-3},
{.bitmap_index=87598,.adv_w=384,.box_w=22,.box_h=23,.ofs_x=1,.ofs_y=-3},
{.bitmap_index=87725,.adv_w=384,.box_w=22,.box_h=23,.ofs_x=1,.ofs_y=-3},
{.bitmap_index=87852,.adv_w=384,.box_w=22,.box_h=22,.ofs_x=1,.ofs_y=-3},
{.bitmap_index=87973,.adv_w=384,.box_w=22,.box_h=23,.ofs_x=1,.ofs_y=-3},
{.bitmap_index=88100,.adv_w=384,.box_w=20,.box_h=23,.ofs_x=1,.ofs_y=-3},
{.bitmap_index=88215,.adv_w=384,.box_w=22,.box_h=22,.ofs_x=1,.ofs_y=-2},
{.bitmap_index=88336,.adv_w=384,.box_w=22,.box_h=23,.ofs_x=1,.ofs_y=-3},
{.bitmap_index=88463,.adv_w=384,.box_w=21,.box_h=21,.ofs_x=1,.ofs_y=-2},
{.bitmap_index=88574,.adv_w=384,.box_w=22,.box_h=23,.ofs_x=1,.ofs_y=-3},
{.bitmap_index=88701,.adv_w=384,.box_w=22,.box_h=23,.ofs_x=1,.ofs_y=-3},
{.bitmap_index=88828,.adv_w=384,.box_w=22,.box_h=22,.ofs_x=1,.ofs_y=-2},
{.bitmap_index=88949,.adv_w=384,.box_w=22,.box_h=22,.ofs_x=1,.ofs_y=-3},
{.bitmap_index=89070,.adv_w=384,.box_w=22,.box_h=21,.ofs_x=1,.ofs_y=-2},
{.bitmap_index=89186,.adv_w=384,.box_w=22,.box_h=23,.ofs_x=1,.ofs_y=-3},
{.bitmap_index=89313,.adv_w=384,.box_w=22,.box_h=23,.ofs_x=1,.ofs_y=-3},
{.bitmap_index=89440,.adv_w=384,.box_w=21,.box_h=22,.ofs_x=1,.ofs_y=-3},
{.bitmap_index=89556,.adv_w=384,.box_w=22,.box_h=23,.ofs_x=1,.ofs_y=-3},
{.bitmap_index=89683,.adv_w=384,.box_w=22,.box_h=23,.ofs_x=1,.ofs_y=-3},
{.bitmap_index=89810,.adv_w=384,.box_w=22,.box_h=23,.ofs_x=1,.ofs_y=-3},
{.bitmap_index=89937,.adv_w=384,.box_w=22,.box_h=22,.ofs_x=1,.ofs_y=-3},
{.bitmap_index=90058,.adv_w=384,.box_w=21,.box_h=23,.ofs_x=1,.ofs_y=-3},
{.bitmap_index=90179,.adv_w=384,.box_w=22,.box_h=22,.ofs_x=1,.ofs_y=-2},
{.bitmap_index=90300,.adv_w=384,.box_w=22,.box_h=22,.ofs_x=1,.ofs_y=-2},
{.bitmap_index=90421,.adv_w=384,.box_w=22,.box_h=23,.ofs_x=1,.ofs_y=-3},
{.bitmap_index=90548,.adv_w=384,.box_w=22,.box_h=23,.ofs_x=1,.ofs_y=-3},
{.bitmap_index=90675,.adv_w=384,.box_w=21,.box_h=23,.ofs_x=1,.ofs_y=-3},
{.bitmap_index=90796,.adv_w=384,.box_w=22,.box_h=23,.ofs_x=1,.ofs_y=-3},
{.bitmap_index=90923,.adv_w=384,.box_w=21,.box_h=23,.ofs_x=1,.ofs_y=-3},
{.bitmap_index=91044,.adv_w=384,.box_w=22,.box_h=22,.ofs_x=1,.ofs_y=-3},
{.bitmap_index=91165,.adv_w=384,.box_w=22,.box_h=22,.ofs_x=1,.ofs_y=-3},
{.bitmap_index=91286,.adv_w=384,.box_w=22,.box_h=23,.ofs_x=1,.ofs_y=-3},
{.bitmap_index=91413,.adv_w=384,.box_w=22,.box_h=22,.ofs_x=1,.ofs_y=-2},
{.bitmap_index=91534,.adv_w=384,.box_w=22,.box_h=23,.ofs_x=1,.ofs_y=-3},
{.bitmap_index=91661,.adv_w=384,.box_w=22,.box_h=23,.ofs_x=1,.ofs_y=-3},
{.bitmap_index=91788,.adv_w=384,.box_w=22,.box_h=23,.ofs_x=1,.ofs_y=-3},
{.bitmap_index=91915,.adv_w=384,.box_w=22,.box_h=22,.ofs_x=1,.ofs_y=-2},
{.bitmap_index=92036,.adv_w=384,.box_w=22,.box_h=22,.ofs_x=1,.ofs_y=-2},
{.bitmap_index=92157,.adv_w=384,.box_w=22,.box_h=23,.ofs_x=1,.ofs_y=-3},
{.bitmap_index=92284,.adv_w=384,.box_w=22,.box_h=23,.ofs_x=1,.ofs_y=-3},
{.bitmap_index=92411,.adv_w=384,.box_w=22,.box_h=23,.ofs_x=1,.ofs_y=-3},
{.bitmap_index=92538,.adv_w=384,.box_w=22,.box_h=23,.ofs_x=1,.ofs_y=-3},
{.bitmap_index=92665,.adv_w=384,.box_w=22,.box_h=22,.ofs_x=1,.ofs_y=-2},
{.bitmap_index=92786,.adv_w=384,.box_w=21,.box_h=22,.ofs_x=1,.ofs_y=-3},
{.bitmap_index=92902,.adv_w=384,.box_w=21,.box_h=23,.ofs_x=1,.ofs_y=-3},
{.bitmap_index=93023,.adv_w=384,.box_w=21,.box_h=23,.ofs_x=1,.ofs_y=-3},
{.bitmap_index=93144,.adv_w=384,.box_w=22,.box_h=23,.ofs_x=1,.ofs_y=-3},
{.bitmap_index=93271,.adv_w=384,.box_w=22,.box_h=21,.ofs_x=1,.ofs_y=-2},
{.bitmap_index=93387,.adv_w=384,.box_w=22,.box_h=22,.ofs_x=1,.ofs_y=-3},
{.bitmap_index=93508,.adv_w=384,.box_w=22,.box_h=21,.ofs_x=1,.ofs_y=-2},
{.bitmap_index=93624,.adv_w=384,.box_w=22,.box_h=22,.ofs_x=1,.ofs_y=-2},
{.bitmap_index=93745,.adv_w=384,.box_w=21,.box_h=23,.ofs_x=1,.ofs_y=-3},
{.bitmap_index=93866,.adv_w=384,.box_w=22,.box_h=23,.ofs_x=1,.ofs_y=-3},
{.bitmap_index=93993,.adv_w=384,.box_w=22,.box_h=23,.ofs_x=1,.ofs_y=-3},
{.bitmap_index=94120,.adv_w=384,.box_w=22,.box_h=23,.ofs_x=1,.ofs_y=-3},
{.bitmap_index=94247,.adv_w=384,.box_w=22,.box_h=23,.ofs_x=1,.ofs_y=-3},
{.bitmap_index=94374,.adv_w=384,.box_w=22,.box_h=23,.ofs_x=1,.ofs_y=-3},
{.bitmap_index=94501,.adv_w=384,.box_w=22,.box_h=22,.ofs_x=1,.ofs_y=-3},
{.bitmap_index=94622,.adv_w=384,.box_w=22,.box_h=23,.ofs_x=1,.ofs_y=-3},
{.bitmap_index=94749,.adv_w=384,.box_w=22,.box_h=23,.ofs_x=1,.ofs_y=-3},
{.bitmap_index=94876,.adv_w=384,.box_w=22,.box_h=22,.ofs_x=1,.ofs_y=-3},
{.bitmap_index=94997,.adv_w=384,.box_w=22,.box_h=21,.ofs_x=1,.ofs_y=-2},
{.bitmap_index=95113,.adv_w=384,.box_w=22,.box_h=23,.ofs_x=1,.ofs_y=-3},
{.bitmap_index=95240,.adv_w=384,.box_w=22,.box_h=22,.ofs_x=1,.ofs_y=-3},
{.bitmap_index=95361,.adv_w=384,.box_w=22,.box_h=23,.ofs_x=1,.ofs_y=-3},
{.bitmap_index=95488,.adv_w=384,.box_w=22,.box_h=21,.ofs_x=1,.ofs_y=-2},
{.bitmap_index=95604,.adv_w=384,.box_w=21,.box_h=22,.ofs_x=1,.ofs_y=-3},
{.bitmap_index=95720,.adv_w=384,.box_w=22,.box_h=22,.ofs_x=1,.ofs_y=-2},
{.bitmap_index=95841,.adv_w=384,.box_w=22,.box_h=22,.ofs_x=1,.ofs_y=-2},
{.bitmap_index=95962,.adv_w=384,.box_w=21,.box_h=22,.ofs_x=1,.ofs_y=-3},
{.bitmap_index=96078,.adv_w=384,.box_w=21,.box_h=22,.ofs_x=1,.ofs_y=-3},
{.bitmap_index=96194,.adv_w=384,.box_w=21,.box_h=23,.ofs_x=1,.ofs_y=-3},
{.bitmap_index=96315,.adv_w=384,.box_w=22,.box_h=22,.ofs_x=1,.ofs_y=-2},
{.bitmap_index=96436,.adv_w=384,.box_w=22,.box_h=22,.ofs_x=1,.ofs_y=-2},
{.bitmap_index=96557,.adv_w=384,.box_w=22,.box_h=23,.ofs_x=1,.ofs_y=-3},
{.bitmap_index=96684,.adv_w=384,.box_w=22,.box_h=21,.ofs_x=1,.ofs_y=-2},
{.bitmap_index=96800,.adv_w=384,.box_w=22,.box_h=23,.ofs_x=1,.ofs_y=-3},
{.bitmap_index=96927,.adv_w=384,.box_w=22,.box_h=22,.ofs_x=1,.ofs_y=-3},
{.bitmap_index=97048,.adv_w=384,.box_w=22,.box_h=22,.ofs_x=1,.ofs_y=-3},
{.bitmap_index=97169,.adv_w=384,.box_w=22,.box_h=23,.ofs_x=1,.ofs_y=-3},
{.bitmap_index=97296,.adv_w=384,.box_w=22,.box_h=23,.ofs_x=1,.ofs_y=-3},
{.bitmap_index=97423,.adv_w=384,.box_w=22,.box_h=22,.ofs_x=1,.ofs_y=-2},
{.bitmap_index=97544,.adv_w=384,.box_w=21,.box_h=22,.ofs_x=2,.ofs_y=-3},
{.bitmap_index=97660,.adv_w=384,.box_w=22,.box_h=23,.ofs_x=1,.ofs_y=-3},
{.bitmap_index=97787,.adv_w=384,.box_w=22,.box_h=23,.ofs_x=1,.ofs_y=-3},
{.bitmap_index=97914,.adv_w=384,.box_w=22,.box_h=23,.ofs_x=1,.ofs_y=-3},
{.bitmap_index=98041,.adv_w=384,.box_w=22,.box_h=23,.ofs_x=1,.ofs_y=-3},
{.bitmap_index=98168,.adv_w=384,.box_w=22,.box_h=23,.ofs_x=1,.ofs_y=-3},
{.bitmap_index=98295,.adv_w=384,.box_w=22,.box_h=23,.ofs_x=1,.ofs_y=-3},
{.bitmap_index=98422,.adv_w=384,.box_w=22,.box_h=22,.ofs_x=1,.ofs_y=-2},
{.bitmap_index=98543,.adv_w=384,.box_w=22,.box_h=23,.ofs_x=1,.ofs_y=-3},
{.bitmap_index=98670,.adv_w=384,.box_w=22,.box_h=22,.ofs_x=1,.ofs_y=-3},
{.bitmap_index=98791,.adv_w=384,.box_w=22,.box_h=23,.ofs_x=1,.ofs_y=-3},
{.bitmap_index=98918,.adv_w=384,.box_w=22,.box_h=23,.ofs_x=1,.ofs_y=-3},
{.bitmap_index=99045,.adv_w=384,.box_w=22,.box_h=23,.ofs_x=1,.ofs_y=-3},
{.bitmap_index=99172,.adv_w=384,.box_w=22,.box_h=23,.ofs_x=1,.ofs_y=-3},
{.bitmap_index=99299,.adv_w=384,.box_w=22,.box_h=23,.ofs_x=1,.ofs_y=-3},
{.bitmap_index=99426,.adv_w=384,.box_w=22,.box_h=23,.ofs_x=1,.ofs_y=-3},
{.bitmap_index=99553,.adv_w=384,.box_w=22,.box_h=23,.ofs_x=1,.ofs_y=-3},
{.bitmap_index=99680,.adv_w=384,.box_w=22,.box_h=22,.ofs_x=1,.ofs_y=-3},
{.bitmap_index=99801,.adv_w=384,.box_w=22,.box_h=23,.ofs_x=1,.ofs_y=-3},
{.bitmap_index=99928,.adv_w=384,.box_w=22,.box_h=22,.ofs_x=1,.ofs_y=-2},
{.bitmap_index=100049,.adv_w=384,.box_w=22,.box_h=21,.ofs_x=1,.ofs_y=-2},
{.bitmap_index=100165,.adv_w=384,.box_w=21,.box_h=23,.ofs_x=1,.ofs_y=-3},
{.bitmap_index=100286,.adv_w=384,.box_w=22,.box_h=22,.ofs_x=1,.ofs_y=-2},
{.bitmap_index=100407,.adv_w=384,.box_w=22,.box_h=22,.ofs_x=1,.ofs_y=-2},
{.bitmap_index=100528,.adv_w=384,.box_w=22,.box_h=23,.ofs_x=1,.ofs_y=-3},
{.bitmap_index=100655,.adv_w=384,.box_w=22,.box_h=23,.ofs_x=1,.ofs_y=-3},
{.bitmap_index=100782,.adv_w=384,.box_w=22,.box_h=23,.ofs_x=1,.ofs_y=-3},
{.bitmap_index=100909,.adv_w=384,.box_w=22,.box_h=23,.ofs_x=1,.ofs_y=-3},
{.bitmap_index=101036,.adv_w=384,.box_w=22,.box_h=23,.ofs_x=1,.ofs_y=-3},
{.bitmap_index=101163,.adv_w=384,.box_w=22,.box_h=23,.ofs_x=1,.ofs_y=-3},
{.bitmap_index=101290,.adv_w=384,.box_w=22,.box_h=23,.ofs_x=1,.ofs_y=-3},
{.bitmap_index=101417,.adv_w=384,.box_w=22,.box_h=22,.ofs_x=1,.ofs_y=-3},
{.bitmap_index=101538,.adv_w=384,.box_w=22,.box_h=23,.ofs_x=1,.ofs_y=-3},
{.bitmap_index=101665,.adv_w=384,.box_w=21,.box_h=22,.ofs_x=2,.ofs_y=-3},
{.bitmap_index=101781,.adv_w=384,.box_w=22,.box_h=22,.ofs_x=1,.ofs_y=-2},
{.bitmap_index=101902,.adv_w=384,.box_w=22,.box_h=23,.ofs_x=1,.ofs_y=-3},
{.bitmap_index=102029,.adv_w=384,.box_w=22,.box_h=23,.ofs_x=1,.ofs_y=-3},
{.bitmap_index=102156,.adv_w=384,.box_w=22,.box_h=22,.ofs_x=1,.ofs_y=-2},
{.bitmap_index=102277,.adv_w=384,.box_w=21,.box_h=23,.ofs_x=1,.ofs_y=-3},
{.bitmap_index=102398,.adv_w=384,.box_w=22,.box_h=23,.ofs_x=1,.ofs_y=-3},
{.bitmap_index=102525,.adv_w=384,.box_w=22,.box_h=23,.ofs_x=1,.ofs_y=-3},
{.bitmap_index=102652,.adv_w=384,.box_w=22,.box_h=22,.ofs_x=1,.ofs_y=-3},
{.bitmap_index=102773,.adv_w=384,.box_w=22,.box_h=23,.ofs_x=1,.ofs_y=-3},
{.bitmap_index=102900,.adv_w=384,.box_w=22,.box_h=22,.ofs_x=1,.ofs_y=-2},
{.bitmap_index=103021,.adv_w=384,.box_w=21,.box_h=22,.ofs_x=2,.ofs_y=-3},
{.bitmap_index=103137,.adv_w=384,.box_w=22,.box_h=22,.ofs_x=1,.ofs_y=-2},
{.bitmap_index=103258,.adv_w=384,.box_w=22,.box_h=23,.ofs_x=1,.ofs_y=-3},
{.bitmap_index=103385,.adv_w=384,.box_w=21,.box_h=22,.ofs_x=1,.ofs_y=-3},
{.bitmap_index=103501,.adv_w=384,.box_w=22,.box_h=23,.ofs_x=1,.ofs_y=-3},
{.bitmap_index=103628,.adv_w=384,.box_w=22,.box_h=23,.ofs_x=1,.ofs_y=-3},
{.bitmap_index=103755,.adv_w=384,.box_w=21,.box_h=21,.ofs_x=2,.ofs_y=-2},
{.bitmap_index=103866,.adv_w=384,.box_w=22,.box_h=23,.ofs_x=1,.ofs_y=-3},
{.bitmap_index=103993,.adv_w=384,.box_w=22,.box_h=23,.ofs_x=1,.ofs_y=-3},
{.bitmap_index=104120,.adv_w=384,.box_w=22,.box_h=23,.ofs_x=1,.ofs_y=-3},
{.bitmap_index=104247,.adv_w=384,.box_w=22,.box_h=23,.ofs_x=1,.ofs_y=-3},
{.bitmap_index=104374,.adv_w=384,.box_w=22,.box_h=23,.ofs_x=1,.ofs_y=-3},
{.bitmap_index=104501,.adv_w=384,.box_w=22,.box_h=23,.ofs_x=1,.ofs_y=-3},
{.bitmap_index=104628,.adv_w=384,.box_w=22,.box_h=23,.ofs_x=1,.ofs_y=-3},
{.bitmap_index=104755,.adv_w=384,.box_w=22,.box_h=22,.ofs_x=1,.ofs_y=-2},
{.bitmap_index=104876,.adv_w=384,.box_w=22,.box_h=23,.ofs_x=1,.ofs_y=-3},
{.bitmap_index=105003,.adv_w=384,.box_w=22,.box_h=23,.ofs_x=1,.ofs_y=-3},
{.bitmap_index=105130,.adv_w=384,.box_w=22,.box_h=22,.ofs_x=1,.ofs_y=-2},
{.bitmap_index=105251,.adv_w=384,.box_w=22,.box_h=23,.ofs_x=1,.ofs_y=-3},
{.bitmap_index=105378,.adv_w=384,.box_w=22,.box_h=22,.ofs_x=1,.ofs_y=-2},
{.bitmap_index=105499,.adv_w=384,.box_w=22,.box_h=23,.ofs_x=1,.ofs_y=-3},
{.bitmap_index=105626,.adv_w=384,.box_w=22,.box_h=21,.ofs_x=1,.ofs_y=-2},
{.bitmap_index=105742,.adv_w=384,.box_w=22,.box_h=21,.ofs_x=1,.ofs_y=-2},
{.bitmap_index=105858,.adv_w=384,.box_w=21,.box_h=21,.ofs_x=1,.ofs_y=-2},
{.bitmap_index=105969,.adv_w=384,.box_w=22,.box_h=22,.ofs_x=1,.ofs_y=-3},
{.bitmap_index=106090,.adv_w=384,.box_w=22,.box_h=22,.ofs_x=1,.ofs_y=-3},
{.bitmap_index=106211,.adv_w=384,.box_w=22,.box_h=22,.ofs_x=1,.ofs_y=-2},
{.bitmap_index=106332,.adv_w=384,.box_w=22,.box_h=23,.ofs_x=1,.ofs_y=-3},
{.bitmap_index=106459,.adv_w=384,.box_w=22,.box_h=22,.ofs_x=1,.ofs_y=-2},
{.bitmap_index=106580,.adv_w=384,.box_w=22,.box_h=22,.ofs_x=1,.ofs_y=-3},
{.bitmap_index=106701,.adv_w=384,.box_w=22,.box_h=22,.ofs_x=1,.ofs_y=-2},
{.bitmap_index=106822,.adv_w=384,.box_w=22,.box_h=21,.ofs_x=1,.ofs_y=-2},
{.bitmap_index=106938,.adv_w=384,.box_w=22,.box_h=22,.ofs_x=1,.ofs_y=-3},
{.bitmap_index=107059,.adv_w=384,.box_w=22,.box_h=23,.ofs_x=1,.ofs_y=-3},
{.bitmap_index=107186,.adv_w=384,.box_w=22,.box_h=23,.ofs_x=1,.ofs_y=-3},
{.bitmap_index=107313,.adv_w=384,.box_w=22,.box_h=23,.ofs_x=1,.ofs_y=-3},
{.bitmap_index=107440,.adv_w=384,.box_w=22,.box_h=22,.ofs_x=1,.ofs_y=-2},
{.bitmap_index=107561,.adv_w=384,.box_w=22,.box_h=21,.ofs_x=1,.ofs_y=-2},
{.bitmap_index=107677,.adv_w=384,.box_w=22,.box_h=21,.ofs_x=1,.ofs_y=-2},
{.bitmap_index=107793,.adv_w=384,.box_w=22,.box_h=23,.ofs_x=1,.ofs_y=-3},
{.bitmap_index=107920,.adv_w=384,.box_w=21,.box_h=21,.ofs_x=2,.ofs_y=-2},
{.bitmap_index=108031,.adv_w=384,.box_w=22,.box_h=23,.ofs_x=1,.ofs_y=-3},
{.bitmap_index=108158,.adv_w=384,.box_w=22,.box_h=22,.ofs_x=1,.ofs_y=-2},
{.bitmap_index=108279,.adv_w=384,.box_w=21,.box_h=21,.ofs_x=1,.ofs_y=-2},
{.bitmap_index=108390,.adv_w=384,.box_w=22,.box_h=21,.ofs_x=1,.ofs_y=-2},
{.bitmap_index=108506,.adv_w=384,.box_w=20,.box_h=20,.ofs_x=2,.ofs_y=-2},
{.bitmap_index=108606,.adv_w=384,.box_w=18,.box_h=23,.ofs_x=3,.ofs_y=-3},
{.bitmap_index=108710,.adv_w=384,.box_w=20,.box_h=22,.ofs_x=3,.ofs_y=-2},
{.bitmap_index=108820,.adv_w=384,.box_w=21,.box_h=23,.ofs_x=1,.ofs_y=-3},
{.bitmap_index=108941,.adv_w=384,.box_w=22,.box_h=22,.ofs_x=1,.ofs_y=-3},
{.bitmap_index=109062,.adv_w=384,.box_w=21,.box_h=23,.ofs_x=1,.ofs_y=-3},
{.bitmap_index=109183,.adv_w=384,.box_w=21,.box_h=23,.ofs_x=2,.ofs_y=-3},
{.bitmap_index=109304,.adv_w=384,.box_w=22,.box_h=23,.ofs_x=1,.ofs_y=-3},
{.bitmap_index=109431,.adv_w=384,.box_w=22,.box_h=22,.ofs_x=1,.ofs_y=-2},
{.bitmap_index=109552,.adv_w=384,.box_w=22,.box_h=22,.ofs_x=1,.ofs_y=-3},
{.bitmap_index=109673,.adv_w=384,.box_w=22,.box_h=22,.ofs_x=1,.ofs_y=-2},
{.bitmap_index=109794,.adv_w=384,.box_w=22,.box_h=22,.ofs_x=1,.ofs_y=-2},
{.bitmap_index=109915,.adv_w=384,.box_w=18,.box_h=23,.ofs_x=3,.ofs_y=-3},
{.bitmap_index=110019,.adv_w=384,.box_w=22,.box_h=22,.ofs_x=1,.ofs_y=-3},
{.bitmap_index=110140,.adv_w=384,.box_w=22,.box_h=22,.ofs_x=1,.ofs_y=-2},
{.bitmap_index=110261,.adv_w=384,.box_w=22,.box_h=23,.ofs_x=1,.ofs_y=-3},
{.bitmap_index=110388,.adv_w=384,.box_w=22,.box_h=23,.ofs_x=1,.ofs_y=-3},
{.bitmap_index=110515,.adv_w=384,.box_w=22,.box_h=21,.ofs_x=1,.ofs_y=-2},
{.bitmap_index=110631,.adv_w=384,.box_w=22,.box_h=21,.ofs_x=1,.ofs_y=-2},
{.bitmap_index=110747,.adv_w=384,.box_w=22,.box_h=22,.ofs_x=1,.ofs_y=-2},
{.bitmap_index=110868,.adv_w=384,.box_w=22,.box_h=22,.ofs_x=1,.ofs_y=-2},
{.bitmap_index=110989,.adv_w=384,.box_w=22,.box_h=22,.ofs_x=1,.ofs_y=-2},
{.bitmap_index=111110,.adv_w=384,.box_w=22,.box_h=22,.ofs_x=1,.ofs_y=-2},
{.bitmap_index=111231,.adv_w=384,.box_w=22,.box_h=22,.ofs_x=1,.ofs_y=-2},
{.bitmap_index=111352,.adv_w=384,.box_w=22,.box_h=21,.ofs_x=1,.ofs_y=-2},
{.bitmap_index=111468,.adv_w=384,.box_w=21,.box_h=22,.ofs_x=2,.ofs_y=-3},
{.bitmap_index=111584,.adv_w=384,.box_w=22,.box_h=22,.ofs_x=1,.ofs_y=-2},
{.bitmap_index=111705,.adv_w=384,.box_w=21,.box_h=23,.ofs_x=1,.ofs_y=-3},
{.bitmap_index=111826,.adv_w=384,.box_w=22,.box_h=23,.ofs_x=1,.ofs_y=-3},
{.bitmap_index=111953,.adv_w=384,.box_w=21,.box_h=22,.ofs_x=1,.ofs_y=-3},
{.bitmap_index=112069,.adv_w=384,.box_w=21,.box_h=23,.ofs_x=2,.ofs_y=-3},
{.bitmap_index=112190,.adv_w=384,.box_w=22,.box_h=23,.ofs_x=1,.ofs_y=-3},
{.bitmap_index=112317,.adv_w=384,.box_w=21,.box_h=23,.ofs_x=2,.ofs_y=-3},
{.bitmap_index=112438,.adv_w=384,.box_w=22,.box_h=21,.ofs_x=1,.ofs_y=-2},
{.bitmap_index=112554,.adv_w=384,.box_w=22,.box_h=23,.ofs_x=1,.ofs_y=-3},
{.bitmap_index=112681,.adv_w=384,.box_w=22,.box_h=21,.ofs_x=1,.ofs_y=-2},
{.bitmap_index=112797,.adv_w=384,.box_w=22,.box_h=22,.ofs_x=1,.ofs_y=-3},
{.bitmap_index=112918,.adv_w=384,.box_w=22,.box_h=22,.ofs_x=1,.ofs_y=-3},
{.bitmap_index=113039,.adv_w=384,.box_w=22,.box_h=22,.ofs_x=1,.ofs_y=-3},
{.bitmap_index=113160,.adv_w=384,.box_w=22,.box_h=22,.ofs_x=1,.ofs_y=-3},
{.bitmap_index=113281,.adv_w=384,.box_w=22,.box_h=22,.ofs_x=1,.ofs_y=-3},
{.bitmap_index=113402,.adv_w=384,.box_w=22,.box_h=22,.ofs_x=1,.ofs_y=-3},
{.bitmap_index=113523,.adv_w=384,.box_w=21,.box_h=22,.ofs_x=1,.ofs_y=-2},
{.bitmap_index=113639,.adv_w=384,.box_w=22,.box_h=22,.ofs_x=1,.ofs_y=-3},
{.bitmap_index=113760,.adv_w=384,.box_w=22,.box_h=23,.ofs_x=1,.ofs_y=-3},
{.bitmap_index=113887,.adv_w=384,.box_w=22,.box_h=23,.ofs_x=1,.ofs_y=-3},
{.bitmap_index=114014,.adv_w=384,.box_w=22,.box_h=23,.ofs_x=1,.ofs_y=-3},
{.bitmap_index=114141,.adv_w=384,.box_w=22,.box_h=22,.ofs_x=1,.ofs_y=-2},
{.bitmap_index=114262,.adv_w=384,.box_w=22,.box_h=21,.ofs_x=1,.ofs_y=-2},
{.bitmap_index=114378,.adv_w=384,.box_w=22,.box_h=22,.ofs_x=1,.ofs_y=-2},
{.bitmap_index=114499,.adv_w=384,.box_w=22,.box_h=23,.ofs_x=1,.ofs_y=-3},
{.bitmap_index=114626,.adv_w=384,.box_w=22,.box_h=23,.ofs_x=1,.ofs_y=-3},
{.bitmap_index=114753,.adv_w=384,.box_w=22,.box_h=21,.ofs_x=1,.ofs_y=-2},
{.bitmap_index=114869,.adv_w=384,.box_w=22,.box_h=21,.ofs_x=1,.ofs_y=-2},
{.bitmap_index=114985,.adv_w=384,.box_w=22,.box_h=23,.ofs_x=1,.ofs_y=-3},
{.bitmap_index=115112,.adv_w=384,.box_w=22,.box_h=23,.ofs_x=1,.ofs_y=-3},
{.bitmap_index=115239,.adv_w=384,.box_w=22,.box_h=23,.ofs_x=1,.ofs_y=-3},
{.bitmap_index=115366,.adv_w=384,.box_w=22,.box_h=23,.ofs_x=1,.ofs_y=-3},
{.bitmap_index=115493,.adv_w=384,.box_w=21,.box_h=23,.ofs_x=1,.ofs_y=-3},
{.bitmap_index=115614,.adv_w=384,.box_w=22,.box_h=23,.ofs_x=1,.ofs_y=-3},
{.bitmap_index=115741,.adv_w=384,.box_w=22,.box_h=22,.ofs_x=1,.ofs_y=-3},
{.bitmap_index=115862,.adv_w=384,.box_w=22,.box_h=23,.ofs_x=1,.ofs_y=-3},
{.bitmap_index=115989,.adv_w=384,.box_w=22,.box_h=23,.ofs_x=1,.ofs_y=-3},
{.bitmap_index=116116,.adv_w=384,.box_w=22,.box_h=23,.ofs_x=1,.ofs_y=-3},
{.bitmap_index=116243,.adv_w=384,.box_w=20,.box_h=23,.ofs_x=2,.ofs_y=-3},
{.bitmap_index=116358,.adv_w=384,.box_w=20,.box_h=22,.ofs_x=2,.ofs_y=-3},
{.bitmap_index=116468,.adv_w=384,.box_w=22,.box_h=23,.ofs_x=1,.ofs_y=-3},
{.bitmap_index=116595,.adv_w=384,.box_w=22,.box_h=22,.ofs_x=1,.ofs_y=-3},
{.bitmap_index=116716,.adv_w=384,.box_w=22,.box_h=23,.ofs_x=1,.ofs_y=-3},
{.bitmap_index=116843,.adv_w=384,.box_w=22,.box_h=23,.ofs_x=1,.ofs_y=-3},
{.bitmap_index=116970,.adv_w=384,.box_w=22,.box_h=23,.ofs_x=1,.ofs_y=-3},
{.bitmap_index=117097,.adv_w=384,.box_w=22,.box_h=23,.ofs_x=1,.ofs_y=-3},
{.bitmap_index=117224,.adv_w=384,.box_w=22,.box_h=23,.ofs_x=1,.ofs_y=-3},
{.bitmap_index=117351,.adv_w=384,.box_w=22,.box_h=23,.ofs_x=1,.ofs_y=-3},
{.bitmap_index=117478,.adv_w=384,.box_w=22,.box_h=22,.ofs_x=1,.ofs_y=-3},
{.bitmap_index=117599,.adv_w=384,.box_w=22,.box_h=23,.ofs_x=1,.ofs_y=-3},
{.bitmap_index=117726,.adv_w=384,.box_w=22,.box_h=22,.ofs_x=1,.ofs_y=-3},
{.bitmap_index=117847,.adv_w=384,.box_w=22,.box_h=23,.ofs_x=1,.ofs_y=-3},
{.bitmap_index=117974,.adv_w=384,.box_w=22,.box_h=23,.ofs_x=1,.ofs_y=-3},
{.bitmap_index=118101,.adv_w=384,.box_w=22,.box_h=23,.ofs_x=1,.ofs_y=-3},
{.bitmap_index=118228,.adv_w=384,.box_w=22,.box_h=22,.ofs_x=1,.ofs_y=-2},
{.bitmap_index=118349,.adv_w=384,.box_w=22,.box_h=22,.ofs_x=1,.ofs_y=-2},
{.bitmap_index=118470,.adv_w=384,.box_w=22,.box_h=23,.ofs_x=1,.ofs_y=-3},
{.bitmap_index=118597,.adv_w=384,.box_w=22,.box_h=21,.ofs_x=1,.ofs_y=-1},
{.bitmap_index=118713,.adv_w=384,.box_w=22,.box_h=23,.ofs_x=1,.ofs_y=-3},
{.bitmap_index=118840,.adv_w=384,.box_w=22,.box_h=23,.ofs_x=1,.ofs_y=-3},
{.bitmap_index=118967,.adv_w=384,.box_w=22,.box_h=23,.ofs_x=1,.ofs_y=-3},
{.bitmap_index=119094,.adv_w=384,.box_w=22,.box_h=23,.ofs_x=1,.ofs_y=-3},
{.bitmap_index=119221,.adv_w=384,.box_w=22,.box_h=23,.ofs_x=1,.ofs_y=-3},
{.bitmap_index=119348,.adv_w=384,.box_w=22,.box_h=23,.ofs_x=1,.ofs_y=-3},
{.bitmap_index=119475,.adv_w=384,.box_w=22,.box_h=23,.ofs_x=1,.ofs_y=-3},
{.bitmap_index=119602,.adv_w=384,.box_w=22,.box_h=23,.ofs_x=1,.ofs_y=-3},
{.bitmap_index=119729,.adv_w=384,.box_w=22,.box_h=23,.ofs_x=1,.ofs_y=-3},
{.bitmap_index=119856,.adv_w=384,.box_w=22,.box_h=23,.ofs_x=1,.ofs_y=-3},
{.bitmap_index=119983,.adv_w=384,.box_w=22,.box_h=23,.ofs_x=1,.ofs_y=-3},
{.bitmap_index=120110,.adv_w=384,.box_w=22,.box_h=23,.ofs_x=1,.ofs_y=-3},
{.bitmap_index=120237,.adv_w=384,.box_w=22,.box_h=23,.ofs_x=1,.ofs_y=-3},
{.bitmap_index=120364,.adv_w=384,.box_w=22,.box_h=23,.ofs_x=1,.ofs_y=-3},
{.bitmap_index=120491,.adv_w=384,.box_w=22,.box_h=23,.ofs_x=1,.ofs_y=-3},
{.bitmap_index=120618,.adv_w=384,.box_w=22,.box_h=23,.ofs_x=1,.ofs_y=-3},
{.bitmap_index=120745,.adv_w=384,.box_w=22,.box_h=23,.ofs_x=1,.ofs_y=-3},
{.bitmap_index=120872,.adv_w=384,.box_w=22,.box_h=23,.ofs_x=1,.ofs_y=-3},
{.bitmap_index=120999,.adv_w=384,.box_w=21,.box_h=23,.ofs_x=1,.ofs_y=-3},
{.bitmap_index=121120,.adv_w=384,.box_w=21,.box_h=23,.ofs_x=1,.ofs_y=-3},
{.bitmap_index=121241,.adv_w=384,.box_w=22,.box_h=23,.ofs_x=1,.ofs_y=-3},
{.bitmap_index=121368,.adv_w=384,.box_w=22,.box_h=23,.ofs_x=1,.ofs_y=-3},
{.bitmap_index=121495,.adv_w=384,.box_w=22,.box_h=22,.ofs_x=1,.ofs_y=-2},
{.bitmap_index=121616,.adv_w=384,.box_w=21,.box_h=23,.ofs_x=1,.ofs_y=-3},
{.bitmap_index=121737,.adv_w=384,.box_w=22,.box_h=22,.ofs_x=1,.ofs_y=-2},
{.bitmap_index=121858,.adv_w=384,.box_w=21,.box_h=23,.ofs_x=1,.ofs_y=-3},
{.bitmap_index=121979,.adv_w=384,.box_w=22,.box_h=22,.ofs_x=1,.ofs_y=-2},
{.bitmap_index=122100,.adv_w=384,.box_w=21,.box_h=23,.ofs_x=1,.ofs_y=-3},
{.bitmap_index=122221,.adv_w=384,.box_w=22,.box_h=22,.ofs_x=1,.ofs_y=-2},
{.bitmap_index=122342,.adv_w=384,.box_w=22,.box_h=23,.ofs_x=1,.ofs_y=-3},
{.bitmap_index=122469,.adv_w=384,.box_w=22,.box_h=23,.ofs_x=1,.ofs_y=-3},
{.bitmap_index=122596,.adv_w=384,.box_w=22,.box_h=23,.ofs_x=1,.ofs_y=-3},
{.bitmap_index=122723,.adv_w=384,.box_w=22,.box_h=22,.ofs_x=1,.ofs_y=-2},
{.bitmap_index=122844,.adv_w=384,.box_w=22,.box_h=23,.ofs_x=1,.ofs_y=-3},
{.bitmap_index=122971,.adv_w=384,.box_w=22,.box_h=22,.ofs_x=1,.ofs_y=-2},
{.bitmap_index=123092,.adv_w=384,.box_w=22,.box_h=23,.ofs_x=1,.ofs_y=-3},
{.bitmap_index=123219,.adv_w=384,.box_w=22,.box_h=23,.ofs_x=1,.ofs_y=-3},
{.bitmap_index=123346,.adv_w=384,.box_w=22,.box_h=23,.ofs_x=1,.ofs_y=-3},
{.bitmap_index=123473,.adv_w=384,.box_w=21,.box_h=23,.ofs_x=1,.ofs_y=-3},
{.bitmap_index=123594,.adv_w=384,.box_w=22,.box_h=23,.ofs_x=1,.ofs_y=-3},
{.bitmap_index=123721,.adv_w=384,.box_w=22,.box_h=23,.ofs_x=1,.ofs_y=-3},
{.bitmap_index=123848,.adv_w=384,.box_w=20,.box_h=22,.ofs_x=2,.ofs_y=-3},
{.bitmap_index=123958,.adv_w=384,.box_w=22,.box_h=22,.ofs_x=1,.ofs_y=-3},
{.bitmap_index=124079,.adv_w=384,.box_w=21,.box_h=22,.ofs_x=1,.ofs_y=-3},
{.bitmap_index=124195,.adv_w=384,.box_w=22,.box_h=22,.ofs_x=1,.ofs_y=-3},
{.bitmap_index=124316,.adv_w=384,.box_w=22,.box_h=21,.ofs_x=1,.ofs_y=-2},
{.bitmap_index=124432,.adv_w=384,.box_w=22,.box_h=23,.ofs_x=1,.ofs_y=-3},
{.bitmap_index=124559,.adv_w=384,.box_w=22,.box_h=23,.ofs_x=1,.ofs_y=-3},
{.bitmap_index=124686,.adv_w=384,.box_w=22,.box_h=23,.ofs_x=1,.ofs_y=-3},
{.bitmap_index=124813,.adv_w=384,.box_w=22,.box_h=23,.ofs_x=1,.ofs_y=-3},
{.bitmap_index=124940,.adv_w=384,.box_w=21,.box_h=23,.ofs_x=1,.ofs_y=-3},
{.bitmap_index=125061,.adv_w=384,.box_w=22,.box_h=22,.ofs_x=1,.ofs_y=-3},
{.bitmap_index=125182,.adv_w=384,.box_w=22,.box_h=23,.ofs_x=1,.ofs_y=-3},
{.bitmap_index=125309,.adv_w=384,.box_w=22,.box_h=22,.ofs_x=1,.ofs_y=-3},
{.bitmap_index=125430,.adv_w=384,.box_w=22,.box_h=23,.ofs_x=1,.ofs_y=-3},
{.bitmap_index=125557,.adv_w=384,.box_w=22,.box_h=22,.ofs_x=1,.ofs_y=-2},
{.bitmap_index=125678,.adv_w=384,.box_w=22,.box_h=22,.ofs_x=1,.ofs_y=-2},
{.bitmap_index=125799,.adv_w=384,.box_w=22,.box_h=23,.ofs_x=1,.ofs_y=-3},
{.bitmap_index=125926,.adv_w=384,.box_w=22,.box_h=21,.ofs_x=1,.ofs_y=-3},
{.bitmap_index=126042,.adv_w=384,.box_w=22,.box_h=23,.ofs_x=1,.ofs_y=-3},
{.bitmap_index=126169,.adv_w=384,.box_w=22,.box_h=23,.ofs_x=1,.ofs_y=-3},
{.bitmap_index=126296,.adv_w=384,.box_w=22,.box_h=22,.ofs_x=1,.ofs_y=-3},
{.bitmap_index=126417,.adv_w=384,.box_w=22,.box_h=23,.ofs_x=1,.ofs_y=-3},
{.bitmap_index=126544,.adv_w=384,.box_w=22,.box_h=23,.ofs_x=1,.ofs_y=-3},
{.bitmap_index=126671,.adv_w=384,.box_w=22,.box_h=23,.ofs_x=1,.ofs_y=-3},
{.bitmap_index=126798,.adv_w=384,.box_w=22,.box_h=23,.ofs_x=1,.ofs_y=-3},
{.bitmap_index=126925,.adv_w=384,.box_w=22,.box_h=22,.ofs_x=1,.ofs_y=-3},
{.bitmap_index=127046,.adv_w=384,.box_w=22,.box_h=23,.ofs_x=1,.ofs_y=-3},
{.bitmap_index=127173,.adv_w=384,.box_w=21,.box_h=23,.ofs_x=1,.ofs_y=-3},
{.bitmap_index=127294,.adv_w=384,.box_w=22,.box_h=23,.ofs_x=1,.ofs_y=-3},
{.bitmap_index=127421,.adv_w=384,.box_w=22,.box_h=23,.ofs_x=1,.ofs_y=-3},
{.bitmap_index=127548,.adv_w=384,.box_w=22,.box_h=23,.ofs_x=1,.ofs_y=-3},
{.bitmap_index=127675,.adv_w=384,.box_w=22,.box_h=23,.ofs_x=1,.ofs_y=-3},
{.bitmap_index=127802,.adv_w=384,.box_w=22,.box_h=23,.ofs_x=1,.ofs_y=-3},
{.bitmap_index=127929,.adv_w=384,.box_w=16,.box_h=23,.ofs_x=4,.ofs_y=-3},
{.bitmap_index=128021,.adv_w=384,.box_w=22,.box_h=21,.ofs_x=1,.ofs_y=-2},
{.bitmap_index=128137,.adv_w=384,.box_w=22,.box_h=22,.ofs_x=1,.ofs_y=-2},
{.bitmap_index=128258,.adv_w=384,.box_w=22,.box_h=22,.ofs_x=1,.ofs_y=-2},
{.bitmap_index=128379,.adv_w=384,.box_w=22,.box_h=23,.ofs_x=1,.ofs_y=-3},
{.bitmap_index=128506,.adv_w=384,.box_w=22,.box_h=22,.ofs_x=1,.ofs_y=-2},
{.bitmap_index=128627,.adv_w=384,.box_w=22,.box_h=23,.ofs_x=1,.ofs_y=-3},
{.bitmap_index=128754,.adv_w=384,.box_w=20,.box_h=22,.ofs_x=3,.ofs_y=-2},
{.bitmap_index=128864,.adv_w=384,.box_w=22,.box_h=22,.ofs_x=1,.ofs_y=-2},
{.bitmap_index=128985,.adv_w=384,.box_w=22,.box_h=23,.ofs_x=1,.ofs_y=-3},
{.bitmap_index=129112,.adv_w=384,.box_w=22,.box_h=22,.ofs_x=1,.ofs_y=-2},
{.bitmap_index=129233,.adv_w=384,.box_w=22,.box_h=22,.ofs_x=1,.ofs_y=-2},
{.bitmap_index=129354,.adv_w=384,.box_w=22,.box_h=23,.ofs_x=1,.ofs_y=-3},
{.bitmap_index=129481,.adv_w=384,.box_w=22,.box_h=23,.ofs_x=1,.ofs_y=-3},
{.bitmap_index=129608,.adv_w=384,.box_w=22,.box_h=22,.ofs_x=1,.ofs_y=-2},
{.bitmap_index=129729,.adv_w=384,.box_w=22,.box_h=23,.ofs_x=1,.ofs_y=-3},
{.bitmap_index=129856,.adv_w=384,.box_w=22,.box_h=23,.ofs_x=1,.ofs_y=-3},
{.bitmap_index=129983,.adv_w=384,.box_w=22,.box_h=23,.ofs_x=1,.ofs_y=-3},
{.bitmap_index=130110,.adv_w=384,.box_w=22,.box_h=23,.ofs_x=1,.ofs_y=-3},
{.bitmap_index=130237,.adv_w=384,.box_w=22,.box_h=22,.ofs_x=1,.ofs_y=-2},
{.bitmap_index=130358,.adv_w=384,.box_w=22,.box_h=22,.ofs_x=1,.ofs_y=-2},
{.bitmap_index=130479,.adv_w=384,.box_w=22,.box_h=23,.ofs_x=1,.ofs_y=-3},
{.bitmap_index=130606,.adv_w=384,.box_w=22,.box_h=23,.ofs_x=1,.ofs_y=-3},
{.bitmap_index=130733,.adv_w=384,.box_w=22,.box_h=23,.ofs_x=1,.ofs_y=-3},
{.bitmap_index=130860,.adv_w=384,.box_w=22,.box_h=23,.ofs_x=1,.ofs_y=-3},
{.bitmap_index=130987,.adv_w=384,.box_w=22,.box_h=23,.ofs_x=1,.ofs_y=-3},
{.bitmap_index=131114,.adv_w=384,.box_w=22,.box_h=23,.ofs_x=1,.ofs_y=-3},
{.bitmap_index=131241,.adv_w=384,.box_w=22,.box_h=23,.ofs_x=1,.ofs_y=-3},
{.bitmap_index=131368,.adv_w=384,.box_w=22,.box_h=23,.ofs_x=1,.ofs_y=-3},
{.bitmap_index=131495,.adv_w=384,.box_w=22,.box_h=23,.ofs_x=1,.ofs_y=-3},
{.bitmap_index=131622,.adv_w=384,.box_w=22,.box_h=22,.ofs_x=1,.ofs_y=-2},
{.bitmap_index=131743,.adv_w=384,.box_w=22,.box_h=23,.ofs_x=1,.ofs_y=-3},
{.bitmap_index=131870,.adv_w=384,.box_w=21,.box_h=23,.ofs_x=1,.ofs_y=-3},
{.bitmap_index=131991,.adv_w=384,.box_w=22,.box_h=23,.ofs_x=1,.ofs_y=-3},
{.bitmap_index=132118,.adv_w=384,.box_w=22,.box_h=22,.ofs_x=1,.ofs_y=-2},
{.bitmap_index=132239,.adv_w=384,.box_w=22,.box_h=23,.ofs_x=1,.ofs_y=-3},
{.bitmap_index=132366,.adv_w=384,.box_w=22,.box_h=23,.ofs_x=1,.ofs_y=-3},
{.bitmap_index=132493,.adv_w=384,.box_w=22,.box_h=23,.ofs_x=1,.ofs_y=-3},
{.bitmap_index=132620,.adv_w=384,.box_w=22,.box_h=23,.ofs_x=1,.ofs_y=-3},
{.bitmap_index=132747,.adv_w=384,.box_w=22,.box_h=23,.ofs_x=1,.ofs_y=-3},
{.bitmap_index=132874,.adv_w=384,.box_w=22,.box_h=23,.ofs_x=1,.ofs_y=-3},
{.bitmap_index=133001,.adv_w=384,.box_w=22,.box_h=23,.ofs_x=1,.ofs_y=-3},
{.bitmap_index=133128,.adv_w=384,.box_w=22,.box_h=23,.ofs_x=1,.ofs_y=-3},
{.bitmap_index=133255,.adv_w=384,.box_w=22,.box_h=23,.ofs_x=1,.ofs_y=-3},
{.bitmap_index=133382,.adv_w=384,.box_w=22,.box_h=23,.ofs_x=1,.ofs_y=-3},
{.bitmap_index=133509,.adv_w=384,.box_w=22,.box_h=23,.ofs_x=1,.ofs_y=-3},
{.bitmap_index=133636,.adv_w=384,.box_w=22,.box_h=22,.ofs_x=1,.ofs_y=-2},
{.bitmap_index=133757,.adv_w=384,.box_w=22,.box_h=23,.ofs_x=1,.ofs_y=-3},
{.bitmap_index=133884,.adv_w=384,.box_w=22,.box_h=22,.ofs_x=1,.ofs_y=-2},
{.bitmap_index=134005,.adv_w=384,.box_w=22,.box_h=23,.ofs_x=1,.ofs_y=-3},
{.bitmap_index=134132,.adv_w=384,.box_w=22,.box_h=23,.ofs_x=1,.ofs_y=-3},
{.bitmap_index=134259,.adv_w=384,.box_w=22,.box_h=23,.ofs_x=1,.ofs_y=-3},
{.bitmap_index=134386,.adv_w=384,.box_w=22,.box_h=23,.ofs_x=1,.ofs_y=-3},
{.bitmap_index=134513,.adv_w=384,.box_w=22,.box_h=23,.ofs_x=1,.ofs_y=-3},
{.bitmap_index=134640,.adv_w=384,.box_w=22,.box_h=23,.ofs_x=1,.ofs_y=-3},
{.bitmap_index=134767,.adv_w=384,.box_w=22,.box_h=23,.ofs_x=1,.ofs_y=-3},
{.bitmap_index=134894,.adv_w=384,.box_w=22,.box_h=23,.ofs_x=1,.ofs_y=-3},
{.bitmap_index=135021,.adv_w=384,.box_w=22,.box_h=23,.ofs_x=1,.ofs_y=-3},
{.bitmap_index=135148,.adv_w=384,.box_w=22,.box_h=23,.ofs_x=1,.ofs_y=-3},
{.bitmap_index=135275,.adv_w=384,.box_w=22,.box_h=23,.ofs_x=1,.ofs_y=-3},
{.bitmap_index=135402,.adv_w=384,.box_w=22,.box_h=23,.ofs_x=1,.ofs_y=-3},
{.bitmap_index=135529,.adv_w=384,.box_w=22,.box_h=22,.ofs_x=1,.ofs_y=-2},
{.bitmap_index=135650,.adv_w=384,.box_w=22,.box_h=23,.ofs_x=1,.ofs_y=-3},
{.bitmap_index=135777,.adv_w=384,.box_w=22,.box_h=22,.ofs_x=1,.ofs_y=-2},
{.bitmap_index=135898,.adv_w=384,.box_w=22,.box_h=23,.ofs_x=1,.ofs_y=-3},
{.bitmap_index=136025,.adv_w=384,.box_w=22,.box_h=23,.ofs_x=1,.ofs_y=-3},
{.bitmap_index=136152,.adv_w=384,.box_w=22,.box_h=23,.ofs_x=1,.ofs_y=-3},
{.bitmap_index=136279,.adv_w=384,.box_w=22,.box_h=23,.ofs_x=1,.ofs_y=-3},
{.bitmap_index=136406,.adv_w=384,.box_w=22,.box_h=23,.ofs_x=1,.ofs_y=-3},
{.bitmap_index=136533,.adv_w=384,.box_w=22,.box_h=23,.ofs_x=1,.ofs_y=-3},
{.bitmap_index=136660,.adv_w=384,.box_w=22,.box_h=22,.ofs_x=1,.ofs_y=-2},
{.bitmap_index=136781,.adv_w=384,.box_w=22,.box_h=23,.ofs_x=1,.ofs_y=-3},
{.bitmap_index=136908,.adv_w=384,.box_w=22,.box_h=23,.ofs_x=1,.ofs_y=-3},
{.bitmap_index=137035,.adv_w=384,.box_w=22,.box_h=22,.ofs_x=1,.ofs_y=-2},
{.bitmap_index=137156,.adv_w=384,.box_w=22,.box_h=23,.ofs_x=1,.ofs_y=-3},
{.bitmap_index=137283,.adv_w=384,.box_w=22,.box_h=23,.ofs_x=1,.ofs_y=-3},
{.bitmap_index=137410,.adv_w=384,.box_w=22,.box_h=23,.ofs_x=1,.ofs_y=-3},
{.bitmap_index=137537,.adv_w=384,.box_w=22,.box_h=22,.ofs_x=1,.ofs_y=-2},
{.bitmap_index=137658,.adv_w=384,.box_w=22,.box_h=23,.ofs_x=1,.ofs_y=-3},
{.bitmap_index=137785,.adv_w=384,.box_w=22,.box_h=23,.ofs_x=1,.ofs_y=-3},
{.bitmap_index=137912,.adv_w=384,.box_w=21,.box_h=22,.ofs_x=1,.ofs_y=-3},
{.bitmap_index=138028,.adv_w=384,.box_w=22,.box_h=23,.ofs_x=1,.ofs_y=-3},
{.bitmap_index=138155,.adv_w=384,.box_w=22,.box_h=23,.ofs_x=1,.ofs_y=-3},
{.bitmap_index=138282,.adv_w=384,.box_w=22,.box_h=23,.ofs_x=1,.ofs_y=-3},
{.bitmap_index=138409,.adv_w=384,.box_w=22,.box_h=23,.ofs_x=1,.ofs_y=-3},
{.bitmap_index=138536,.adv_w=384,.box_w=22,.box_h=23,.ofs_x=1,.ofs_y=-3},
{.bitmap_index=138663,.adv_w=384,.box_w=22,.box_h=23,.ofs_x=1,.ofs_y=-3},
{.bitmap_index=138790,.adv_w=384,.box_w=22,.box_h=23,.ofs_x=1,.ofs_y=-3},
{.bitmap_index=138917,.adv_w=384,.box_w=22,.box_h=23,.ofs_x=1,.ofs_y=-3},
{.bitmap_index=139044,.adv_w=384,.box_w=22,.box_h=23,.ofs_x=1,.ofs_y=-3},
{.bitmap_index=139171,.adv_w=384,.box_w=22,.box_h=23,.ofs_x=1,.ofs_y=-3},
{.bitmap_index=139298,.adv_w=384,.box_w=22,.box_h=22,.ofs_x=1,.ofs_y=-3},
{.bitmap_index=139419,.adv_w=384,.box_w=22,.box_h=22,.ofs_x=1,.ofs_y=-3},
{.bitmap_index=139540,.adv_w=384,.box_w=22,.box_h=22,.ofs_x=1,.ofs_y=-3},
{.bitmap_index=139661,.adv_w=384,.box_w=22,.box_h=21,.ofs_x=1,.ofs_y=-2},
{.bitmap_index=139777,.adv_w=384,.box_w=21,.box_h=23,.ofs_x=2,.ofs_y=-3},
{.bitmap_index=139898,.adv_w=384,.box_w=20,.box_h=23,.ofs_x=1,.ofs_y=-3},
{.bitmap_index=140013,.adv_w=384,.box_w=22,.box_h=23,.ofs_x=1,.ofs_y=-3},
{.bitmap_index=140140,.adv_w=384,.box_w=22,.box_h=23,.ofs_x=1,.ofs_y=-3},
{.bitmap_index=140267,.adv_w=384,.box_w=22,.box_h=23,.ofs_x=1,.ofs_y=-3},
{.bitmap_index=140394,.adv_w=384,.box_w=22,.box_h=22,.ofs_x=1,.ofs_y=-2},
{.bitmap_index=140515,.adv_w=384,.box_w=23,.box_h=22,.ofs_x=1,.ofs_y=-2},
{.bitmap_index=140642,.adv_w=384,.box_w=22,.box_h=21,.ofs_x=1,.ofs_y=-2},
{.bitmap_index=140758,.adv_w=384,.box_w=21,.box_h=23,.ofs_x=1,.ofs_y=-3},
{.bitmap_index=140879,.adv_w=384,.box_w=22,.box_h=23,.ofs_x=1,.ofs_y=-3},
{.bitmap_index=141006,.adv_w=384,.box_w=22,.box_h=22,.ofs_x=1,.ofs_y=-3},
{.bitmap_index=141127,.adv_w=384,.box_w=22,.box_h=21,.ofs_x=1,.ofs_y=-2},
{.bitmap_index=141243,.adv_w=384,.box_w=21,.box_h=22,.ofs_x=1,.ofs_y=-3},
{.bitmap_index=141359,.adv_w=384,.box_w=22,.box_h=22,.ofs_x=1,.ofs_y=-2},
{.bitmap_index=141480,.adv_w=384,.box_w=22,.box_h=22,.ofs_x=1,.ofs_y=-3},
{.bitmap_index=141601,.adv_w=384,.box_w=22,.box_h=23,.ofs_x=1,.ofs_y=-3},
{.bitmap_index=141728,.adv_w=384,.box_w=22,.box_h=23,.ofs_x=1,.ofs_y=-3},
{.bitmap_index=141855,.adv_w=384,.box_w=22,.box_h=23,.ofs_x=1,.ofs_y=-3},
{.bitmap_index=141982,.adv_w=384,.box_w=21,.box_h=22,.ofs_x=1,.ofs_y=-3},
{.bitmap_index=142098,.adv_w=384,.box_w=22,.box_h=22,.ofs_x=1,.ofs_y=-2},
{.bitmap_index=142219,.adv_w=384,.box_w=22,.box_h=23,.ofs_x=1,.ofs_y=-3},
{.bitmap_index=142346,.adv_w=384,.box_w=22,.box_h=23,.ofs_x=1,.ofs_y=-3},
{.bitmap_index=142473,.adv_w=384,.box_w=22,.box_h=23,.ofs_x=1,.ofs_y=-3},
{.bitmap_index=142600,.adv_w=384,.box_w=22,.box_h=23,.ofs_x=1,.ofs_y=-3},
{.bitmap_index=142727,.adv_w=384,.box_w=22,.box_h=23,.ofs_x=1,.ofs_y=-3},
{.bitmap_index=142854,.adv_w=384,.box_w=22,.box_h=23,.ofs_x=1,.ofs_y=-3},
{.bitmap_index=142981,.adv_w=384,.box_w=22,.box_h=22,.ofs_x=1,.ofs_y=-3},
{.bitmap_index=143102,.adv_w=384,.box_w=22,.box_h=23,.ofs_x=1,.ofs_y=-3},
{.bitmap_index=143229,.adv_w=384,.box_w=22,.box_h=23,.ofs_x=1,.ofs_y=-3},
{.bitmap_index=143356,.adv_w=384,.box_w=21,.box_h=23,.ofs_x=1,.ofs_y=-3},
{.bitmap_index=143477,.adv_w=384,.box_w=20,.box_h=21,.ofs_x=2,.ofs_y=-2},
{.bitmap_index=143582,.adv_w=384,.box_w=20,.box_h=23,.ofs_x=2,.ofs_y=-3},
{.bitmap_index=143697,.adv_w=384,.box_w=22,.box_h=22,.ofs_x=1,.ofs_y=-3},
{.bitmap_index=143818,.adv_w=384,.box_w=21,.box_h=23,.ofs_x=2,.ofs_y=-3},
{.bitmap_index=143939,.adv_w=384,.box_w=22,.box_h=22,.ofs_x=1,.ofs_y=-2},
{.bitmap_index=144060,.adv_w=384,.box_w=22,.box_h=23,.ofs_x=1,.ofs_y=-3},
{.bitmap_index=144187,.adv_w=384,.box_w=20,.box_h=23,.ofs_x=2,.ofs_y=-3},
{.bitmap_index=144302,.adv_w=384,.box_w=21,.box_h=23,.ofs_x=1,.ofs_y=-3},
{.bitmap_index=144423,.adv_w=384,.box_w=22,.box_h=22,.ofs_x=1,.ofs_y=-3},
{.bitmap_index=144544,.adv_w=384,.box_w=21,.box_h=23,.ofs_x=2,.ofs_y=-3},
{.bitmap_index=144665,.adv_w=384,.box_w=22,.box_h=23,.ofs_x=1,.ofs_y=-3},
{.bitmap_index=144792,.adv_w=384,.box_w=22,.box_h=23,.ofs_x=1,.ofs_y=-3},
{.bitmap_index=144919,.adv_w=384,.box_w=22,.box_h=23,.ofs_x=1,.ofs_y=-3},
{.bitmap_index=145046,.adv_w=384,.box_w=22,.box_h=23,.ofs_x=1,.ofs_y=-3},
{.bitmap_index=145173,.adv_w=384,.box_w=22,.box_h=23,.ofs_x=1,.ofs_y=-3},
{.bitmap_index=145300,.adv_w=384,.box_w=22,.box_h=23,.ofs_x=1,.ofs_y=-3},
{.bitmap_index=145427,.adv_w=384,.box_w=22,.box_h=22,.ofs_x=1,.ofs_y=-2},
{.bitmap_index=145548,.adv_w=384,.box_w=22,.box_h=22,.ofs_x=1,.ofs_y=-2},
{.bitmap_index=145669,.adv_w=384,.box_w=22,.box_h=22,.ofs_x=1,.ofs_y=-2},
{.bitmap_index=145790,.adv_w=384,.box_w=22,.box_h=22,.ofs_x=1,.ofs_y=-2},
{.bitmap_index=145911,.adv_w=384,.box_w=22,.box_h=22,.ofs_x=1,.ofs_y=-3},
{.bitmap_index=146032,.adv_w=384,.box_w=22,.box_h=23,.ofs_x=1,.ofs_y=-3},
{.bitmap_index=146159,.adv_w=384,.box_w=22,.box_h=23,.ofs_x=1,.ofs_y=-3},
{.bitmap_index=146286,.adv_w=384,.box_w=22,.box_h=23,.ofs_x=1,.ofs_y=-3},
{.bitmap_index=146413,.adv_w=384,.box_w=22,.box_h=23,.ofs_x=1,.ofs_y=-3},
{.bitmap_index=146540,.adv_w=384,.box_w=22,.box_h=23,.ofs_x=1,.ofs_y=-3},
{.bitmap_index=146667,.adv_w=384,.box_w=22,.box_h=23,.ofs_x=1,.ofs_y=-3},
{.bitmap_index=146794,.adv_w=384,.box_w=22,.box_h=23,.ofs_x=1,.ofs_y=-3},
{.bitmap_index=146921,.adv_w=384,.box_w=22,.box_h=21,.ofs_x=1,.ofs_y=-2},
{.bitmap_index=147037,.adv_w=384,.box_w=22,.box_h=23,.ofs_x=1,.ofs_y=-3},
{.bitmap_index=147164,.adv_w=384,.box_w=22,.box_h=22,.ofs_x=1,.ofs_y=-3},
{.bitmap_index=147285,.adv_w=384,.box_w=22,.box_h=23,.ofs_x=1,.ofs_y=-3},
{.bitmap_index=147412,.adv_w=384,.box_w=22,.box_h=22,.ofs_x=1,.ofs_y=-3},
{.bitmap_index=147533,.adv_w=384,.box_w=22,.box_h=22,.ofs_x=1,.ofs_y=-3},
{.bitmap_index=147654,.adv_w=384,.box_w=22,.box_h=23,.ofs_x=1,.ofs_y=-3},
{.bitmap_index=147781,.adv_w=384,.box_w=22,.box_h=22,.ofs_x=1,.ofs_y=-3},
{.bitmap_index=147902,.adv_w=384,.box_w=22,.box_h=22,.ofs_x=1,.ofs_y=-2},
{.bitmap_index=148023,.adv_w=384,.box_w=22,.box_h=22,.ofs_x=1,.ofs_y=-2},
{.bitmap_index=148144,.adv_w=384,.box_w=22,.box_h=21,.ofs_x=1,.ofs_y=-2},
{.bitmap_index=148260,.adv_w=384,.box_w=22,.box_h=22,.ofs_x=1,.ofs_y=-2},
{.bitmap_index=148381,.adv_w=384,.box_w=22,.box_h=23,.ofs_x=1,.ofs_y=-3},
{.bitmap_index=148508,.adv_w=384,.box_w=22,.box_h=23,.ofs_x=1,.ofs_y=-3},
{.bitmap_index=148635,.adv_w=384,.box_w=22,.box_h=23,.ofs_x=1,.ofs_y=-3},
{.bitmap_index=148762,.adv_w=384,.box_w=22,.box_h=22,.ofs_x=1,.ofs_y=-2},
{.bitmap_index=148883,.adv_w=384,.box_w=22,.box_h=23,.ofs_x=1,.ofs_y=-3},
{.bitmap_index=149010,.adv_w=384,.box_w=22,.box_h=22,.ofs_x=1,.ofs_y=-2},
{.bitmap_index=149131,.adv_w=384,.box_w=22,.box_h=22,.ofs_x=1,.ofs_y=-3},
{.bitmap_index=149252,.adv_w=384,.box_w=22,.box_h=23,.ofs_x=1,.ofs_y=-3},
{.bitmap_index=149379,.adv_w=384,.box_w=22,.box_h=22,.ofs_x=1,.ofs_y=-2},
{.bitmap_index=149500,.adv_w=384,.box_w=22,.box_h=22,.ofs_x=1,.ofs_y=-2},
{.bitmap_index=149621,.adv_w=384,.box_w=22,.box_h=22,.ofs_x=1,.ofs_y=-2},
{.bitmap_index=149742,.adv_w=384,.box_w=20,.box_h=21,.ofs_x=3,.ofs_y=-2},
{.bitmap_index=149847,.adv_w=384,.box_w=22,.box_h=22,.ofs_x=1,.ofs_y=-3},
{.bitmap_index=149968,.adv_w=384,.box_w=20,.box_h=22,.ofs_x=3,.ofs_y=-2},
{.bitmap_index=150078,.adv_w=384,.box_w=22,.box_h=22,.ofs_x=1,.ofs_y=-3},
{.bitmap_index=150199,.adv_w=384,.box_w=22,.box_h=22,.ofs_x=1,.ofs_y=-3},
{.bitmap_index=150320,.adv_w=384,.box_w=22,.box_h=23,.ofs_x=1,.ofs_y=-3},
{.bitmap_index=150447,.adv_w=384,.box_w=22,.box_h=22,.ofs_x=1,.ofs_y=-3},
{.bitmap_index=150568,.adv_w=384,.box_w=22,.box_h=22,.ofs_x=1,.ofs_y=-3},
{.bitmap_index=150689,.adv_w=384,.box_w=21,.box_h=23,.ofs_x=2,.ofs_y=-3},
{.bitmap_index=150810,.adv_w=384,.box_w=22,.box_h=23,.ofs_x=1,.ofs_y=-3},
{.bitmap_index=150937,.adv_w=384,.box_w=22,.box_h=23,.ofs_x=1,.ofs_y=-3},
{.bitmap_index=151064,.adv_w=384,.box_w=22,.box_h=22,.ofs_x=1,.ofs_y=-3},
{.bitmap_index=151185,.adv_w=384,.box_w=22,.box_h=22,.ofs_x=1,.ofs_y=-3},
{.bitmap_index=151306,.adv_w=384,.box_w=22,.box_h=23,.ofs_x=1,.ofs_y=-3},
{.bitmap_index=151433,.adv_w=384,.box_w=22,.box_h=22,.ofs_x=1,.ofs_y=-3},
{.bitmap_index=151554,.adv_w=384,.box_w=22,.box_h=23,.ofs_x=1,.ofs_y=-3},
{.bitmap_index=151681,.adv_w=384,.box_w=22,.box_h=23,.ofs_x=1,.ofs_y=-3},
{.bitmap_index=151808,.adv_w=384,.box_w=22,.box_h=23,.ofs_x=1,.ofs_y=-3},
{.bitmap_index=151935,.adv_w=384,.box_w=22,.box_h=23,.ofs_x=1,.ofs_y=-3},
{.bitmap_index=152062,.adv_w=384,.box_w=22,.box_h=23,.ofs_x=1,.ofs_y=-3},
{.bitmap_index=152189,.adv_w=384,.box_w=22,.box_h=23,.ofs_x=1,.ofs_y=-3},
{.bitmap_index=152316,.adv_w=384,.box_w=22,.box_h=22,.ofs_x=1,.ofs_y=-3},
{.bitmap_index=152437,.adv_w=384,.box_w=22,.box_h=22,.ofs_x=1,.ofs_y=-3},
{.bitmap_index=152558,.adv_w=384,.box_w=22,.box_h=23,.ofs_x=1,.ofs_y=-3},
{.bitmap_index=152685,.adv_w=384,.box_w=22,.box_h=23,.ofs_x=1,.ofs_y=-3},
{.bitmap_index=152812,.adv_w=384,.box_w=22,.box_h=23,.ofs_x=1,.ofs_y=-3},
{.bitmap_index=152939,.adv_w=384,.box_w=22,.box_h=23,.ofs_x=1,.ofs_y=-3},
{.bitmap_index=153066,.adv_w=384,.box_w=22,.box_h=23,.ofs_x=1,.ofs_y=-3},
{.bitmap_index=153193,.adv_w=384,.box_w=22,.box_h=23,.ofs_x=1,.ofs_y=-3},
{.bitmap_index=153320,.adv_w=384,.box_w=22,.box_h=23,.ofs_x=1,.ofs_y=-3},
{.bitmap_index=153447,.adv_w=384,.box_w=21,.box_h=22,.ofs_x=2,.ofs_y=-3},
{.bitmap_index=153563,.adv_w=384,.box_w=22,.box_h=22,.ofs_x=1,.ofs_y=-3},
{.bitmap_index=153684,.adv_w=384,.box_w=22,.box_h=22,.ofs_x=1,.ofs_y=-3},
{.bitmap_index=153805,.adv_w=384,.box_w=22,.box_h=23,.ofs_x=1,.ofs_y=-3},
{.bitmap_index=153932,.adv_w=384,.box_w=22,.box_h=22,.ofs_x=1,.ofs_y=-3},
{.bitmap_index=154053,.adv_w=384,.box_w=22,.box_h=22,.ofs_x=1,.ofs_y=-3},
{.bitmap_index=154174,.adv_w=384,.box_w=22,.box_h=23,.ofs_x=1,.ofs_y=-3},
{.bitmap_index=154301,.adv_w=384,.box_w=22,.box_h=23,.ofs_x=1,.ofs_y=-3},
{.bitmap_index=154428,.adv_w=384,.box_w=22,.box_h=22,.ofs_x=1,.ofs_y=-3},
{.bitmap_index=154549,.adv_w=384,.box_w=22,.box_h=22,.ofs_x=1,.ofs_y=-3},
{.bitmap_index=154670,.adv_w=384,.box_w=22,.box_h=22,.ofs_x=1,.ofs_y=-3},
{.bitmap_index=154791,.adv_w=384,.box_w=22,.box_h=23,.ofs_x=1,.ofs_y=-3},
{.bitmap_index=154918,.adv_w=384,.box_w=22,.box_h=21,.ofs_x=1,.ofs_y=-2},
{.bitmap_index=155034,.adv_w=384,.box_w=22,.box_h=22,.ofs_x=1,.ofs_y=-2},
{.bitmap_index=155155,.adv_w=384,.box_w=22,.box_h=22,.ofs_x=1,.ofs_y=-3},
{.bitmap_index=155276,.adv_w=384,.box_w=22,.box_h=22,.ofs_x=1,.ofs_y=-2},
{.bitmap_index=155397,.adv_w=384,.box_w=22,.box_h=22,.ofs_x=1,.ofs_y=-2},
{.bitmap_index=155518,.adv_w=384,.box_w=21,.box_h=23,.ofs_x=1,.ofs_y=-3},
{.bitmap_index=155639,.adv_w=384,.box_w=21,.box_h=23,.ofs_x=1,.ofs_y=-3},
{.bitmap_index=155760,.adv_w=384,.box_w=22,.box_h=22,.ofs_x=1,.ofs_y=-2},
{.bitmap_index=155881,.adv_w=384,.box_w=22,.box_h=22,.ofs_x=1,.ofs_y=-2},
{.bitmap_index=156002,.adv_w=384,.box_w=22,.box_h=23,.ofs_x=1,.ofs_y=-3},
{.bitmap_index=156129,.adv_w=384,.box_w=22,.box_h=23,.ofs_x=1,.ofs_y=-3},
{.bitmap_index=156256,.adv_w=384,.box_w=22,.box_h=23,.ofs_x=1,.ofs_y=-3},
{.bitmap_index=156383,.adv_w=384,.box_w=22,.box_h=23,.ofs_x=1,.ofs_y=-3},
{.bitmap_index=156510,.adv_w=384,.box_w=21,.box_h=23,.ofs_x=1,.ofs_y=-3},
{.bitmap_index=156631,.adv_w=384,.box_w=22,.box_h=22,.ofs_x=1,.ofs_y=-2},
{.bitmap_index=156752,.adv_w=384,.box_w=22,.box_h=23,.ofs_x=1,.ofs_y=-3},
{.bitmap_index=156879,.adv_w=384,.box_w=22,.box_h=23,.ofs_x=1,.ofs_y=-3},
{.bitmap_index=157006,.adv_w=384,.box_w=22,.box_h=23,.ofs_x=1,.ofs_y=-3},
{.bitmap_index=157133,.adv_w=384,.box_w=21,.box_h=23,.ofs_x=1,.ofs_y=-3},
{.bitmap_index=157254,.adv_w=384,.box_w=22,.box_h=22,.ofs_x=1,.ofs_y=-2},
{.bitmap_index=157375,.adv_w=384,.box_w=22,.box_h=22,.ofs_x=1,.ofs_y=-2},
{.bitmap_index=157496,.adv_w=384,.box_w=22,.box_h=23,.ofs_x=1,.ofs_y=-3},
{.bitmap_index=157623,.adv_w=384,.box_w=22,.box_h=22,.ofs_x=1,.ofs_y=-2},
{.bitmap_index=157744,.adv_w=384,.box_w=22,.box_h=22,.ofs_x=1,.ofs_y=-2},
{.bitmap_index=157865,.adv_w=384,.box_w=20,.box_h=23,.ofs_x=2,.ofs_y=-3},
{.bitmap_index=157980,.adv_w=384,.box_w=20,.box_h=23,.ofs_x=2,.ofs_y=-3},
{.bitmap_index=158095,.adv_w=384,.box_w=20,.box_h=23,.ofs_x=2,.ofs_y=-3},
{.bitmap_index=158210,.adv_w=384,.box_w=20,.box_h=23,.ofs_x=2,.ofs_y=-3},
{.bitmap_index=158325,.adv_w=384,.box_w=20,.box_h=23,.ofs_x=2,.ofs_y=-3},
{.bitmap_index=158440,.adv_w=384,.box_w=20,.box_h=23,.ofs_x=2,.ofs_y=-3},
{.bitmap_index=158555,.adv_w=384,.box_w=20,.box_h=23,.ofs_x=2,.ofs_y=-3},
{.bitmap_index=158670,.adv_w=384,.box_w=20,.box_h=23,.ofs_x=2,.ofs_y=-3},
{.bitmap_index=158785,.adv_w=384,.box_w=20,.box_h=23,.ofs_x=2,.ofs_y=-3},
{.bitmap_index=158900,.adv_w=384,.box_w=20,.box_h=23,.ofs_x=2,.ofs_y=-3},
{.bitmap_index=159015,.adv_w=384,.box_w=20,.box_h=23,.ofs_x=2,.ofs_y=-3},
{.bitmap_index=159130,.adv_w=384,.box_w=22,.box_h=23,.ofs_x=1,.ofs_y=-3},
{.bitmap_index=159257,.adv_w=384,.box_w=21,.box_h=22,.ofs_x=2,.ofs_y=-3},
{.bitmap_index=159373,.adv_w=384,.box_w=21,.box_h=23,.ofs_x=2,.ofs_y=-3},
{.bitmap_index=159494,.adv_w=384,.box_w=20,.box_h=22,.ofs_x=2,.ofs_y=-3},
{.bitmap_index=159604,.adv_w=384,.box_w=20,.box_h=22,.ofs_x=2,.ofs_y=-3},
{.bitmap_index=159714,.adv_w=384,.box_w=21,.box_h=23,.ofs_x=2,.ofs_y=-3},
{.bitmap_index=159835,.adv_w=384,.box_w=21,.box_h=22,.ofs_x=2,.ofs_y=-3},
{.bitmap_index=159951,.adv_w=384,.box_w=21,.box_h=23,.ofs_x=2,.ofs_y=-3},
{.bitmap_index=160072,.adv_w=384,.box_w=21,.box_h=23,.ofs_x=2,.ofs_y=-3},
{.bitmap_index=160193,.adv_w=384,.box_w=21,.box_h=23,.ofs_x=2,.ofs_y=-3},
{.bitmap_index=160314,.adv_w=384,.box_w=21,.box_h=23,.ofs_x=2,.ofs_y=-3},
{.bitmap_index=160435,.adv_w=384,.box_w=21,.box_h=23,.ofs_x=2,.ofs_y=-3},
{.bitmap_index=160556,.adv_w=384,.box_w=21,.box_h=23,.ofs_x=2,.ofs_y=-3},
{.bitmap_index=160677,.adv_w=384,.box_w=21,.box_h=22,.ofs_x=2,.ofs_y=-3},
{.bitmap_index=160793,.adv_w=384,.box_w=21,.box_h=23,.ofs_x=2,.ofs_y=-3},
{.bitmap_index=160914,.adv_w=384,.box_w=21,.box_h=23,.ofs_x=2,.ofs_y=-3},
{.bitmap_index=161035,.adv_w=384,.box_w=21,.box_h=23,.ofs_x=2,.ofs_y=-3},
{.bitmap_index=161156,.adv_w=384,.box_w=20,.box_h=23,.ofs_x=2,.ofs_y=-3},
{.bitmap_index=161271,.adv_w=384,.box_w=21,.box_h=22,.ofs_x=2,.ofs_y=-3},
{.bitmap_index=161387,.adv_w=384,.box_w=21,.box_h=23,.ofs_x=2,.ofs_y=-3},
{.bitmap_index=161508,.adv_w=384,.box_w=21,.box_h=23,.ofs_x=2,.ofs_y=-3},
{.bitmap_index=161629,.adv_w=384,.box_w=21,.box_h=23,.ofs_x=2,.ofs_y=-3},
{.bitmap_index=161750,.adv_w=384,.box_w=21,.box_h=22,.ofs_x=2,.ofs_y=-3},
{.bitmap_index=161866,.adv_w=384,.box_w=22,.box_h=22,.ofs_x=1,.ofs_y=-3},
{.bitmap_index=161987,.adv_w=384,.box_w=22,.box_h=23,.ofs_x=1,.ofs_y=-3},
{.bitmap_index=162114,.adv_w=384,.box_w=22,.box_h=23,.ofs_x=1,.ofs_y=-3},
{.bitmap_index=162241,.adv_w=384,.box_w=22,.box_h=23,.ofs_x=1,.ofs_y=-3},
{.bitmap_index=162368,.adv_w=384,.box_w=22,.box_h=23,.ofs_x=1,.ofs_y=-3},
{.bitmap_index=162495,.adv_w=384,.box_w=22,.box_h=22,.ofs_x=1,.ofs_y=-3},
{.bitmap_index=162616,.adv_w=384,.box_w=20,.box_h=22,.ofs_x=2,.ofs_y=-3},
{.bitmap_index=162726,.adv_w=384,.box_w=22,.box_h=22,.ofs_x=1,.ofs_y=-3},
{.bitmap_index=162847,.adv_w=384,.box_w=20,.box_h=22,.ofs_x=2,.ofs_y=-3},
{.bitmap_index=162957,.adv_w=384,.box_w=22,.box_h=22,.ofs_x=1,.ofs_y=-3},
{.bitmap_index=163078,.adv_w=384,.box_w=22,.box_h=22,.ofs_x=1,.ofs_y=-3},
{.bitmap_index=163199,.adv_w=384,.box_w=20,.box_h=23,.ofs_x=2,.ofs_y=-3},
{.bitmap_index=163314,.adv_w=384,.box_w=21,.box_h=22,.ofs_x=1,.ofs_y=-3},
{.bitmap_index=163430,.adv_w=384,.box_w=21,.box_h=22,.ofs_x=2,.ofs_y=-3},
{.bitmap_index=163546,.adv_w=384,.box_w=21,.box_h=22,.ofs_x=1,.ofs_y=-3},
{.bitmap_index=163662,.adv_w=384,.box_w=22,.box_h=23,.ofs_x=1,.ofs_y=-3},
{.bitmap_index=163789,.adv_w=384,.box_w=22,.box_h=23,.ofs_x=1,.ofs_y=-3},
{.bitmap_index=163916,.adv_w=384,.box_w=22,.box_h=23,.ofs_x=1,.ofs_y=-3},
{.bitmap_index=164043,.adv_w=384,.box_w=22,.box_h=22,.ofs_x=1,.ofs_y=-3},
{.bitmap_index=164164,.adv_w=384,.box_w=22,.box_h=23,.ofs_x=1,.ofs_y=-3},
{.bitmap_index=164291,.adv_w=384,.box_w=22,.box_h=23,.ofs_x=1,.ofs_y=-3},
{.bitmap_index=164418,.adv_w=384,.box_w=22,.box_h=23,.ofs_x=1,.ofs_y=-3},
{.bitmap_index=164545,.adv_w=384,.box_w=22,.box_h=23,.ofs_x=1,.ofs_y=-3},
{.bitmap_index=164672,.adv_w=384,.box_w=21,.box_h=23,.ofs_x=1,.ofs_y=-3},
{.bitmap_index=164793,.adv_w=384,.box_w=22,.box_h=22,.ofs_x=1,.ofs_y=-3},
{.bitmap_index=164914,.adv_w=384,.box_w=22,.box_h=22,.ofs_x=1,.ofs_y=-3},
{.bitmap_index=165035,.adv_w=384,.box_w=22,.box_h=22,.ofs_x=1,.ofs_y=-3},
{.bitmap_index=165156,.adv_w=384,.box_w=22,.box_h=22,.ofs_x=1,.ofs_y=-2},
{.bitmap_index=165277,.adv_w=384,.box_w=22,.box_h=22,.ofs_x=1,.ofs_y=-2},
{.bitmap_index=165398,.adv_w=384,.box_w=22,.box_h=23,.ofs_x=1,.ofs_y=-3},
{.bitmap_index=165525,.adv_w=384,.box_w=22,.box_h=22,.ofs_x=1,.ofs_y=-3},
{.bitmap_index=165646,.adv_w=384,.box_w=22,.box_h=21,.ofs_x=1,.ofs_y=-2},
{.bitmap_index=165762,.adv_w=384,.box_w=22,.box_h=23,.ofs_x=1,.ofs_y=-3},
{.bitmap_index=165889,.adv_w=384,.box_w=22,.box_h=21,.ofs_x=1,.ofs_y=-2},
{.bitmap_index=166005,.adv_w=384,.box_w=22,.box_h=23,.ofs_x=1,.ofs_y=-3},
{.bitmap_index=166132,.adv_w=384,.box_w=22,.box_h=23,.ofs_x=1,.ofs_y=-3},
{.bitmap_index=166259,.adv_w=384,.box_w=22,.box_h=23,.ofs_x=1,.ofs_y=-3},
{.bitmap_index=166386,.adv_w=384,.box_w=22,.box_h=23,.ofs_x=1,.ofs_y=-3},
{.bitmap_index=166513,.adv_w=384,.box_w=21,.box_h=21,.ofs_x=1,.ofs_y=-2},
{.bitmap_index=166624,.adv_w=384,.box_w=23,.box_h=22,.ofs_x=0,.ofs_y=-2},
{.bitmap_index=166751,.adv_w=384,.box_w=23,.box_h=22,.ofs_x=0,.ofs_y=-3},
{.bitmap_index=166878,.adv_w=384,.box_w=23,.box_h=23,.ofs_x=0,.ofs_y=-3},
{.bitmap_index=167011,.adv_w=384,.box_w=22,.box_h=22,.ofs_x=1,.ofs_y=-2},
{.bitmap_index=167132,.adv_w=384,.box_w=22,.box_h=22,.ofs_x=1,.ofs_y=-3},
{.bitmap_index=167253,.adv_w=384,.box_w=22,.box_h=23,.ofs_x=1,.ofs_y=-3},
{.bitmap_index=167380,.adv_w=384,.box_w=22,.box_h=23,.ofs_x=1,.ofs_y=-3},
{.bitmap_index=167507,.adv_w=384,.box_w=22,.box_h=22,.ofs_x=1,.ofs_y=-2},
{.bitmap_index=167628,.adv_w=384,.box_w=22,.box_h=23,.ofs_x=1,.ofs_y=-3},
{.bitmap_index=167755,.adv_w=384,.box_w=23,.box_h=23,.ofs_x=0,.ofs_y=-3},
{.bitmap_index=167888,.adv_w=384,.box_w=22,.box_h=22,.ofs_x=1,.ofs_y=-2},
{.bitmap_index=168009,.adv_w=384,.box_w=22,.box_h=23,.ofs_x=1,.ofs_y=-3},
{.bitmap_index=168136,.adv_w=384,.box_w=22,.box_h=23,.ofs_x=1,.ofs_y=-3},
{.bitmap_index=168263,.adv_w=384,.box_w=21,.box_h=23,.ofs_x=2,.ofs_y=-3},
{.bitmap_index=168384,.adv_w=384,.box_w=22,.box_h=23,.ofs_x=1,.ofs_y=-3},
{.bitmap_index=168511,.adv_w=384,.box_w=22,.box_h=23,.ofs_x=1,.ofs_y=-3},
{.bitmap_index=168638,.adv_w=384,.box_w=22,.box_h=23,.ofs_x=1,.ofs_y=-3},
{.bitmap_index=168765,.adv_w=384,.box_w=22,.box_h=22,.ofs_x=1,.ofs_y=-2},
{.bitmap_index=168886,.adv_w=384,.box_w=22,.box_h=22,.ofs_x=1,.ofs_y=-2},
{.bitmap_index=169007,.adv_w=384,.box_w=22,.box_h=23,.ofs_x=1,.ofs_y=-3},
{.bitmap_index=169134,.adv_w=384,.box_w=22,.box_h=23,.ofs_x=1,.ofs_y=-3},
{.bitmap_index=169261,.adv_w=384,.box_w=22,.box_h=23,.ofs_x=1,.ofs_y=-3},
{.bitmap_index=169388,.adv_w=384,.box_w=22,.box_h=23,.ofs_x=1,.ofs_y=-3},
{.bitmap_index=169515,.adv_w=384,.box_w=22,.box_h=23,.ofs_x=1,.ofs_y=-3},
{.bitmap_index=169642,.adv_w=384,.box_w=22,.box_h=23,.ofs_x=1,.ofs_y=-3},
{.bitmap_index=169769,.adv_w=384,.box_w=22,.box_h=22,.ofs_x=1,.ofs_y=-3},
{.bitmap_index=169890,.adv_w=384,.box_w=22,.box_h=22,.ofs_x=1,.ofs_y=-2},
{.bitmap_index=170011,.adv_w=384,.box_w=22,.box_h=23,.ofs_x=1,.ofs_y=-3},
{.bitmap_index=170138,.adv_w=384,.box_w=22,.box_h=23,.ofs_x=1,.ofs_y=-3},
{.bitmap_index=170265,.adv_w=384,.box_w=21,.box_h=22,.ofs_x=1,.ofs_y=-3},
{.bitmap_index=170381,.adv_w=384,.box_w=22,.box_h=23,.ofs_x=1,.ofs_y=-3},
{.bitmap_index=170508,.adv_w=384,.box_w=21,.box_h=23,.ofs_x=2,.ofs_y=-3},
{.bitmap_index=170629,.adv_w=384,.box_w=22,.box_h=23,.ofs_x=1,.ofs_y=-3},
{.bitmap_index=170756,.adv_w=384,.box_w=22,.box_h=22,.ofs_x=1,.ofs_y=-2},
{.bitmap_index=170877,.adv_w=384,.box_w=4,.box_h=7,.ofs_x=3,.ofs_y=-4}};
static const uint16_t unicode[]={0,1,2,3,4,5,6,7,8,9,10,11,12,13,14,15,16,17,18,19,20,21,22,23,24,25,26,27,28,29,30,31,32,33,34,35,36,37,38,39,40,41,42,43,44,45,46,47,48,49,50,51,52,53,54,55,56,57,58,59,60,61,62,63,64,65,66,67,68,69,70,71,72,73,74,75,76,77,78,79,80,81,82,83,84,85,86,87,88,89,90,91,92,93,94,151,183,8198,19936,19937,19939,19943,19944,19945,19946,19947,19949,19950,19956,19960,19962,19963,19964,19972,19978,19981,19984,19988,19993,19994,19995,19997,20003,20005,20009,20011,20012,20016,20029,20032,20033,20038,20051,20062,20076,20078,20081,20082,20084,20085,20090,20100,20104,20108,20109,20110,20115,20128,20129,20134,20139,20142,20145,20147,20150,20153,20163,20164,20170,20172,20178,20182,20187,20189,20202,20205,20209,20218,20223,20224,20230,20239,20253,20269,20271,20275,20281,20283,20284,20307,20349,20367,20413,20417,20430,20466,20515,20527,20540,20715,20767,20771,20773,20776,20777,20779,20790,20794,20805,20808,20811,20812,20813,20816,20817,20819,20820,20821,20822,20832,20837,20840,20844,20845,20853,20859,20860,20864,20882,20886,20887,20902,20905,20908,20932,20941,20943,20944,20955,20960,20966,20967,20985,20986,21001,21008,21014,21037,21041,21115,21117,21119,21120,21121,21128,21129,21155,21161,21168,21170,21188,21215,21216,21221,21238,21239,21274,21281,21283,21294,21299,21301,21303,21306,21313,21314,21319,21323,21328,21331,21346,21350,21375,21378,21382,21407,21419,21420,21421,21425,21430,21432,21433,21440,21443,21444,21445,21452,21455,21456,21459,21462,21480,21481,21484,21485,21486,21488,21489,21493,21499,21515,21516,21519,21524,21534,21544,21560,21576,21596,21612,21656,21672,21677,21744,21798,21856,21860,21863,21884,21993,21998,22036,22088,22102,22186,22203,22206,22210,22221,22228,22234,22237,22238,22248,22271,22275,22280,22281,22288,22291,22298,22304,22306,22314,22318,22331,22333,22337,22340,22346,22363,22386,22403,22406,22411,22439,22446,22452,22464,22490,22498,22502,22529,22544,22580,22584,22590,22629,22654,22664,22689,22724,22736,22742,22759,22765,22767,22774,22778,22791,22793,22794,22798,22801,22804,22807,22809,22823,22824,22825,22830,22877,22882,22883,22955,22961,22964,22970,22972,23009,23012,23130,23154,23241,23344,23352,23353,23354,23356,23357,23359,23393,23399,23401,23404,23407,23413,23415,23416,23418,23419,23420,23421,23425,23427,23435,23446,23449,23453,23454,23455,23462,23468,23474,23487,23496,23513,23514,23515,23519,23521,23524,23526,23529,23535,23540,23542,23546,23556,23559,23580,23582,23589,23599,23631,23633,23647,23664,23665,23668,23671,23674,23675,23682,23689,23691,23693,23697,23699,23703,23704,23716,23730,23737,23745,23752,23754,23760,23771,23778,23779,23782,23783,23798,23850,23881,23981,23997,23998,24002,24005,24006,24007,24008,24009,24011,24018,24020,24033,24034,24035,24040,24088,24146,24147,24148,24159,24164,24166,24176,24179,24180,24181,24183,24188,24198,24213,24215,24233,24234,24278,24282,24288,24299,24303,24307,24320,24325,24346,24370,24371,24381,24390,24393,24396,24397,24400,24417,24421,24432,24434,24439,24458,24462,24471,24477,24483,24503,24505,24512,24539,24544,24562,24573,24626,24649,24653,24655,24656,24703,24768,24787,24831,24872,25064,25072,25078,25108,25119,25131,25134,25144,25163,25164,25174,25182,25183,25210,25257,25264,25270,25275,25276,25289,25297,25309,25313,25319,25321,25359,25410,25422,25447,25462,25477,25479,25482,25495,25519,25520,25549,25741,25824,25880,25881,25886,25887,25893,25896,25903,25910,25926,25936,25940,25959,25975,25997,25999,26000,26009,26013,26021,26028,26031,26039,26048,26053,26054,26055,26060,26070,26074,26082,26086,26092,26094,26099,26100,26111,26117,26125,26127,26142,26147,26155,26159,26166,26190,26191,26196,26210,26231,26248,26297,26322,26324,26329,26332,26334,26336,26344,26345,26349,26352,26356,26359,26363,26365,26376,26378,26379,26380,26381,26402,26403,26414,26415,26417,26428,26430,26437,26440,26445,26462,26465,26487,26492,26493,26494,26499,26518,26543,26548,26552,26558,26565,26575,26577,26579,26580,26599,26609,26614,26615,26625,26634,26649,26652,26654,26658,26659,26664,26672,26673,26675,26693,26694,26721,26725,26739,26758,26759,26760,26784,26793,26816,26819,26833,26861,26866,26938,26942,26972,26982,26997,27056,27114,27135,27137,27146,27393,27449,27459,27461,27462,27543,27572,27573,27631,27633,27636,27668,27672,27680,27687,27689,27701,27709,27711,27712,27716,27720,27722,27734,27742,27745,27746,27747,27749,27752,27760,27769,27770,27771,27775,27777,27783,27789,27795,27801,27803,27805,27806,27807,27817,27818,27820,27829,27831,27842,27856,27864,27869,27870,27883,27899,27902,27909,27914,27918,27921,27922,27932,27937,27944,27945,27947,27950,27951,27953,27956,27961,27962,27968,27974,27977,27978,27982,27991,28002,28009,28030,28031,28033,28038,28039,28042,28047,28053,28063,28064,28068,28069,28071,28086,28094,28110,28113,28115,28133,28140,28145,28157,28160,28161,28169,28173,28175,28184,28196,28214,28216,28219,28223,28254,28255,28262,28272,28295,28298,28321,28331,28337,28341,28353,28358,28360,28361,28372,28404,28416,28431,28435,28446,28461,28472,28476,28478,28482,28493,28494,28508,28516,28540,28551,28563,28578,28585,28606,28608,28622,28653,28716,28734,28751,28757,28777,28782,28825,28840,28863,28870,28893,28905,28934,28972,28999,29028,29055,29201,29224,29228,29241,29243,29247,29249,29255,29273,29281,29293,29337,29388,29390,29415,29431,29454,29540,29545,29547,29563,29583,29584,29625,29632,29645,29650,29669,29670,29674,29724,29758,29782,29831,29884,29894,29902,29903,29944,29951,29960,29961,29968,29971,29973,29976,29996,30009,30021,30026,30036,30054,30063,30299,30301,30302,30311,30315,30350,30370,30376,30378,30384,30385,30390,30392,30399,30417,30420,30424,30433,30441,30457,30463,30530,30675,30687,30688,30689,30708,30714,30773,30778,30796,30798,30828,30833,30842,30855,30865,30878,30881,30896,30920,30932,31002,31004,31006,31009,31037,31038,31045,31048,31076,31077,31087,31129,31130,31131,31134,31136,31145,31153,31154,31174,31181,31183,31184,31255,31259,31270,31287,31316,31322,31329,31403,31417,31422,31424,31439,31449,31494,31529,31540,31542,31552,31584,31600,31617,31629,31827,31835,31902,31963,32002,32011,32134,32289,32386,32403,32415,32422,32423,32429,32431,32435,32443,32444,32447,32453,32455,32457,32461,32468,32469,32479,32505,32561,32565,32567,32568,32590,32618,32620,32622,32673,32692,32704,32731,32732,32736,32737,32739,32742,32748,32754,32799,32802,32810,32820,32867,32871,32901,32956,32961,32982,32994,33041,33066,33118,33226,33235,33254,33266,33278,33279,33305,33359,33362,33378,33394,33399,33401,33404,33405,33414,33420,33422,33425,33431,33453,33455,33457,33477,33489,33506,33507,33508,33509,33516,33547,33558,33574,33577,33588,33603,33605,33611,33623,33638,33646,33650,33656,33662,33675,33681,33682,33687,33711,33773,33789,33797,33799,33800,33851,33867,33911,33913,33938,33944,33961,33981,33983,33989,33996,34042,34049,34074,34089,34130,34132,34171,34209,34223,34244,34350,34366,34393,34412,34495,34528,34669,34817,34860,34871,34881,34882,34888,34913,34997,35108,35167,35169,35171,35234,35241,35250,35267,35296,35713,35716,35721,35728,35735,35736,35742,35745,35759,35765,35789,35799,35800,35802,35811,35818,35819,35839,35842,35846,35855,35857,35863,35905,35915,35929,36093,36094,36097,36100,36101,36117,36121,36122,36126,36132,36137,36155,36158,36163,36164,36171,36181,36183,36197,36202,36243,36303,36678,36686,36701,36713,36723,36731,36752,36761,36765,36766,36769,36776,36782,36784,36785,36795,36796,36798,36806,36810,36813,36823,36841,36842,36858,36898,36915,36933,36949,36977,36979,36981,36983,36987,36993,36994,36995,37006,37007,37009,37011,37013,37017,37018,37019,37025,37034,37038,37039,37041,37043,37063,37064,37067,37069,37071,37076,37080,37085,37086,37090,37092,37118,37120,37122,37135,37137,37161,37165,37170,37268,37292,37293,37294,37295,37297,38015,38018,38022,38030,38033,38049,38051,38053,38076,38102,38123,38137,38145,38150,38158,38183,38204,38230,38239,38344,38349,38350,38354,38356,38357,38363,38365,38369,38374,38382,38396,38401,38418,38419,38420,38421,38431,38432,38434,38436,38438,38439,38440,38441,38453,38463,38485,38486,38501,38502,38511,38512,38544,38561,38564,38565,38566,38573,38600,38602,38614,38615,38622,38624,38628,38637,38654,38680,38706,38710,38713,38722,38729,38765,38857,38867,38870,38997,38998,39001,39002,39021,39025,39031,39032,39037,39086,39254,39270,39286,39289,39500,39515,39519,39525,39532,39568,39608,39727,40028,40033,40037,40068,40448,40449,40451,40461,40516,40528,40543,40562,40563,40575,40582,40603,40612,40622,40625,40628,40632,40639,40686,40691,40704,40752,40825,65260};
static const lv_font_fmt_txt_cmap_t cmaps[]={{.range_start=32,.range_length=65261,.glyph_id_start=1,.unicode_list=unicode,.list_length=1460,.type=LV_FONT_FMT_TXT_CMAP_SPARSE_TINY}};
static const lv_font_fmt_txt_dsc_t dsc={.glyph_bitmap=bitmap,.glyph_dsc=glyphs,.cmaps=cmaps,.cmap_num=1,.bpp=2};
const lv_font_t font_location_24={.get_glyph_dsc=lv_font_get_glyph_dsc_fmt_txt,.get_glyph_bitmap=lv_font_get_bitmap_fmt_txt,.line_height=30,.base_line=6,.dsc=&dsc};